#VRML V2.0 utf8
# 3D model generated by easyeda2kicad.py (https://github.com/uPesy/easyeda2kicad.py)

Shape{
    appearance Appearance {
        material  Material 	{
            diffuseColor 0.8313725490196079 0.6705882352941176 0.12941176470588237
            specularColor 0.6666666666666666 0.5372549019607843 0.10196078431372549
            ambientIntensity 0.2
            transparency 0
            shininess 0.5
        }
    }
    geometry IndexedFaceSet {
        ccw TRUE
        solid FALSE
        coord DEF co Coordinate {
            point [
                0.57 0.9583 1.3161, 0.8711 0.9583 1.2775, 0.57 0.3677 1.3161, 0.8711 0.3677 1.2775, 0.58 0.9583 1.3942, 0.58 0.3677 1.3942, 0.8811 0.9583 1.3556, 0.8811 0.3677 1.3556, 0.9019 0.3677 1.351, 0.9019 0.9583 1.351, 0.9215 0.3677 1.3428, 0.9215 0.9583 1.3428, 0.9394 0.3677 1.3312, 0.9394 0.9583 1.3312, 0.9548 0.3677 1.3165, 0.9548 0.9583 1.3165, 0.9674 0.3677 1.2993, 0.9674 0.9583 1.2993, 0.9766 0.3677 1.2802, 0.9766 0.9583 1.2802, 0.9823 0.3677 1.2597, 0.9823 0.9583 1.2597, 0.9843 0.3677 1.2385, 0.9843 0.9583 1.2385, 0.9843 0.9583 0.7874, 0.9843 0.3677 0.7874, 0.9055 0.9583 0.7874, 0.9055 0.3677 0.7874, 0.9055 0.9583 1.2385, 0.9055 0.3677 1.2385, 0.9044 0.9583 1.2479, 0.9044 0.3677 1.2479, 0.901 0.9583 1.2567, 0.901 0.3677 1.2567, 0.8957 0.9583 1.2645, 0.8957 0.3677 1.2645, 0.8886 0.9583 1.2708, 0.8886 0.3677 1.2708, 0.8803 0.9583 1.2752, 0.8803 0.3677 1.2752, 0.57 -0.2228 1.3161, 0.8711 -0.2228 1.2775, 0.57 -0.8134 1.3161, 0.8711 -0.8134 1.2775, 0.58 -0.2228 1.3942, 0.58 -0.8134 1.3942, 0.8811 -0.2228 1.3556, 0.8811 -0.8134 1.3556, 0.9019 -0.8134 1.351, 0.9019 -0.2228 1.351, 0.9215 -0.8134 1.3428, 0.9215 -0.2228 1.3428, 0.9394 -0.8134 1.3312, 0.9394 -0.2228 1.3312, 0.9548 -0.8134 1.3165, 0.9548 -0.2228 1.3165, 0.9674 -0.8134 1.2993, 0.9674 -0.2228 1.2993, 0.9766 -0.8134 1.2802, 0.9766 -0.2228 1.2802, 0.9823 -0.8134 1.2597, 0.9823 -0.2228 1.2597, 0.9843 -0.8134 1.2385, 0.9843 -0.2228 1.2385, 0.9843 -0.2228 0.7874, 0.9843 -0.8134 0.7874, 0.9055 -0.2228 0.7874, 0.9055 -0.8134 0.7874, 0.9055 -0.2228 1.2385, 0.9055 -0.8134 1.2385, 0.9044 -0.2228 1.2479, 0.9044 -0.8134 1.2479, 0.901 -0.2228 1.2567, 0.901 -0.8134 1.2567, 0.8957 -0.2228 1.2645, 0.8957 -0.8134 1.2645, 0.8886 -0.2228 1.2708, 0.8886 -0.8134 1.2708, 0.8803 -0.2228 1.2752, 0.8803 -0.8134 1.2752, 1.009 0.3677 1.5948, 1.009 0.9583 1.5948, 0.1399 0.3677 1.7808, 0.1399 0.9583 1.7808, -0.3341 0.2349 1.8823, -0.3341 0.8255 1.8823, -0.6862 0.1409 1.8771, -0.6862 0.7314 1.8771, 0.1234 0.3677 1.7038, 0.1234 0.9583 1.7038, 0.9925 0.3677 1.5178, 0.9925 0.9583 1.5178, 1.0343 0.3677 1.5863, 1.0343 0.9583 1.5863, 1.0571 0.3677 1.5723, 1.0571 0.9583 1.5723, 1.0761 0.3677 1.5536, 1.0761 0.9583 1.5536, 1.0904 0.3677 1.531, 1.0904 0.9583 1.531, 1.0993 0.3677 1.5058, 1.0993 0.9583 1.5058, 1.1024 0.3677 1.4793, 1.1024 0.9583 1.4793, 1.1024 0.9583 1.378, 1.1024 0.3677 1.378, 1.0236 0.9583 1.378, 1.0236 0.3677 1.378, 1.0236 0.9583 1.4793, 1.0236 0.3677 1.4793, 1.0226 0.9583 1.4881, 1.0226 0.3677 1.4881, 1.0196 0.9583 1.4965, 1.0196 0.3677 1.4965, 1.0149 0.9583 1.5041, 1.0149 0.3677 1.5041, 1.0085 0.9583 1.5103, 1.0085 0.3677 1.5103, 1.0009 0.9583 1.515, 1.0009 0.3677 1.515, -0.3459 0.2307 1.8996, -0.3714 0.2223 1.9286, -0.4015 0.2128 1.9534, -0.4356 0.2025 1.9731, -0.4731 0.1917 1.987, -0.5125 0.1807 1.9943, -0.5534 0.1697 1.9948, -0.5943 0.1591 1.988, -0.6341 0.1493 1.974, -0.6697 0.1409 1.9541, -0.6697 0.7314 1.9541, -0.4015 0.8033 1.9534, -0.3714 0.8128 1.9286, -0.3459 0.8213 1.8996, -0.5125 0.7712 1.9943, -0.4731 0.7822 1.987, -0.4356 0.7931 1.9731, -0.6341 0.7398 1.974, -0.5943 0.7497 1.988, -0.5534 0.7603 1.9948, 0.57 2.1394 1.3161, 0.8711 2.1394 1.2775, 0.57 1.5488 1.3161, 0.8711 1.5488 1.2775, 0.58 2.1394 1.3942, 0.58 1.5488 1.3942, 0.8811 2.1394 1.3556, 0.8811 1.5488 1.3556, 0.9019 1.5488 1.351, 0.9019 2.1394 1.351, 0.9215 1.5488 1.3428, 0.9215 2.1394 1.3428, 0.9394 1.5488 1.3312, 0.9394 2.1394 1.3312, 0.9548 1.5488 1.3165, 0.9548 2.1394 1.3165, 0.9674 1.5488 1.2993, 0.9674 2.1394 1.2993, 0.9766 1.5488 1.2802, 0.9766 2.1394 1.2802, 0.9823 1.5488 1.2597, 0.9823 2.1394 1.2597, 0.9843 1.5488 1.2385, 0.9843 2.1394 1.2385, 0.9843 2.1394 0.7874, 0.9843 1.5488 0.7874, 0.9055 2.1394 0.7874, 0.9055 1.5488 0.7874, 0.9055 2.1394 1.2385, 0.9055 1.5488 1.2385, 0.9044 2.1394 1.2479, 0.9044 1.5488 1.2479, 0.901 2.1394 1.2567, 0.901 1.5488 1.2567, 0.8957 2.1394 1.2645, 0.8957 1.5488 1.2645, 0.8886 2.1394 1.2708, 0.8886 1.5488 1.2708, 0.8803 2.1394 1.2752, 0.8803 1.5488 1.2752, 1.009 -0.8134 1.5948, 1.009 -0.2228 1.5948, 0.1399 -0.8134 1.7808, 0.1399 -0.2228 1.7808, -0.3341 -0.9462 1.8823, -0.3341 -0.3556 1.8823, -0.6862 -1.0402 1.8771, -0.6862 -0.4497 1.8771, 0.1234 -0.8134 1.7038, 0.1234 -0.2228 1.7038, 0.9925 -0.8134 1.5178, 0.9925 -0.2228 1.5178, 1.0343 -0.8134 1.5863, 1.0343 -0.2228 1.5863, 1.0571 -0.8134 1.5723, 1.0571 -0.2228 1.5723, 1.0761 -0.8134 1.5536, 1.0761 -0.2228 1.5536, 1.0904 -0.8134 1.531, 1.0904 -0.2228 1.531, 1.0993 -0.8134 1.5058, 1.0993 -0.2228 1.5058, 1.1024 -0.8134 1.4793, 1.1024 -0.2228 1.4793, 1.1024 -0.2228 1.378, 1.1024 -0.8134 1.378, 1.0236 -0.2228 1.378, 1.0236 -0.8134 1.378, 1.0236 -0.2228 1.4793, 1.0236 -0.8134 1.4793, 1.0226 -0.2228 1.4881, 1.0226 -0.8134 1.4881, 1.0196 -0.2228 1.4965, 1.0196 -0.8134 1.4965, 1.0149 -0.2228 1.5041, 1.0149 -0.8134 1.5041, 1.0085 -0.2228 1.5103, 1.0085 -0.8134 1.5103, 1.0009 -0.2228 1.515, 1.0009 -0.8134 1.515, -0.3459 -0.9504 1.8996, -0.3714 -0.9588 1.9286, -0.4015 -0.9683 1.9534, -0.4356 -0.9786 1.9731, -0.4731 -0.9894 1.987, -0.5125 -1.0004 1.9943, -0.5534 -1.0114 1.9948, -0.5943 -1.022 1.988, -0.6341 -1.0318 1.974, -0.6697 -1.0402 1.9541, -0.6697 -0.4497 1.9541, -0.4015 -0.3778 1.9534, -0.3714 -0.3683 1.9286, -0.3459 -0.3598 1.8996, -0.5125 -0.4099 1.9943, -0.4731 -0.3989 1.987, -0.4356 -0.388 1.9731, -0.6341 -0.4413 1.974, -0.5943 -0.4314 1.988, -0.5534 -0.4208 1.9948, -0.5534 -0.4208 1.9948
            ]
        }
        coordIndex [
            0,1,2,-1,2,1,3,-1,4,0,5,-1,5,0,2,-1,6,4,7,-1,7,4,5,-1,6,7,8,-1,6,8,9,-1,9,8,10,-1,9,10,11,-1,11,10,12,-1,11,12,13,-1,13,12,14,-1,13,14,15,-1,15,14,16,-1,15,16,17,-1,17,16,18,-1,17,18,19,-1,19,18,20,-1,19,20,21,-1,21,20,22,-1,21,22,23,-1,24,23,25,-1,25,23,22,-1,26,24,27,-1,27,24,25,-1,28,26,29,-1,29,26,27,-1,28,29,30,-1,30,29,31,-1,30,31,32,-1,32,31,33,-1,32,33,34,-1,34,33,35,-1,34,35,36,-1,36,35,37,-1,36,37,38,-1,38,37,39,-1,38,39,1,-1,1,39,3,-1,38,11,36,-1,36,11,13,-1,36,13,34,-1,34,13,15,-1,34,15,32,-1,24,26,23,-1,23,26,28,-1,23,28,21,-1,21,28,30,-1,21,30,19,-1,19,30,32,-1,19,32,17,-1,17,32,15,-1,0,4,1,-1,1,4,6,-1,1,6,38,-1,38,6,9,-1,38,9,11,-1,31,18,33,-1,33,18,16,-1,33,16,35,-1,35,16,14,-1,35,14,37,-1,5,2,7,-1,7,2,3,-1,7,3,8,-1,8,3,39,-1,8,39,10,-1,10,39,37,-1,10,37,12,-1,12,37,14,-1,27,25,29,-1,29,25,22,-1,29,22,31,-1,31,22,20,-1,31,20,18,-1,40,41,42,-1,42,41,43,-1,44,40,45,-1,45,40,42,-1,46,44,47,-1,47,44,45,-1,46,47,48,-1,46,48,49,-1,49,48,50,-1,49,50,51,-1,51,50,52,-1,51,52,53,-1,53,52,54,-1,53,54,55,-1,55,54,56,-1,55,56,57,-1,57,56,58,-1,57,58,59,-1,59,58,60,-1,59,60,61,-1,61,60,62,-1,61,62,63,-1,64,63,65,-1,65,63,62,-1,66,64,67,-1,67,64,65,-1,68,66,69,-1,69,66,67,-1,68,69,70,-1,70,69,71,-1,70,71,72,-1,72,71,73,-1,72,73,74,-1,74,73,75,-1,74,75,76,-1,76,75,77,-1,76,77,78,-1,78,77,79,-1,78,79,41,-1,41,79,43,-1,78,51,76,-1,76,51,53,-1,76,53,74,-1,74,53,55,-1,74,55,72,-1,64,66,63,-1,63,66,68,-1,63,68,61,-1,61,68,70,-1,61,70,59,-1,59,70,72,-1,59,72,57,-1,57,72,55,-1,40,44,41,-1,41,44,46,-1,41,46,78,-1,78,46,49,-1,78,49,51,-1,71,58,73,-1,73,58,56,-1,73,56,75,-1,75,56,54,-1,75,54,77,-1,45,42,47,-1,47,42,43,-1,47,43,48,-1,48,43,79,-1,48,79,50,-1,50,79,77,-1,50,77,52,-1,52,77,54,-1,67,65,69,-1,69,65,62,-1,69,62,71,-1,71,62,60,-1,71,60,58,-1,80,81,82,-1,82,81,83,-1,82,83,84,-1,84,83,85,-1,86,87,88,-1,88,87,89,-1,88,89,90,-1,90,89,91,-1,81,80,92,-1,81,92,93,-1,93,92,94,-1,93,94,95,-1,95,94,96,-1,95,96,97,-1,97,96,98,-1,97,98,99,-1,99,98,100,-1,99,100,101,-1,101,100,102,-1,101,102,103,-1,104,103,105,-1,105,103,102,-1,106,104,107,-1,107,104,105,-1,108,106,109,-1,109,106,107,-1,108,109,110,-1,110,109,111,-1,110,111,112,-1,112,111,113,-1,112,113,114,-1,114,113,115,-1,114,115,116,-1,116,115,117,-1,116,117,118,-1,118,117,119,-1,118,119,91,-1,91,119,90,-1,89,83,91,-1,91,83,81,-1,91,81,118,-1,118,81,93,-1,118,93,116,-1,116,93,95,-1,116,95,114,-1,114,95,97,-1,114,97,112,-1,112,97,99,-1,112,99,110,-1,110,99,101,-1,110,101,108,-1,108,101,103,-1,108,103,106,-1,106,103,104,-1,107,105,109,-1,109,105,102,-1,109,102,111,-1,111,102,100,-1,111,100,113,-1,113,100,98,-1,113,98,115,-1,115,98,96,-1,115,96,117,-1,117,96,94,-1,117,94,119,-1,119,94,92,-1,119,92,90,-1,90,92,80,-1,90,80,88,-1,88,80,82,-1,120,86,84,-1,84,86,88,-1,84,88,82,-1,120,121,86,-1,86,121,122,-1,86,122,123,-1,123,124,86,-1,86,124,125,-1,86,125,126,-1,126,127,86,-1,86,127,128,-1,86,128,129,-1,87,86,130,-1,130,86,129,-1,83,89,85,-1,85,89,87,-1,131,132,87,-1,87,132,133,-1,87,133,85,-1,134,135,87,-1,87,135,136,-1,87,136,131,-1,87,130,137,-1,137,138,87,-1,87,138,139,-1,87,139,134,-1,130,129,128,-1,130,128,137,-1,137,128,127,-1,137,127,138,-1,138,127,126,-1,138,126,139,-1,139,126,125,-1,139,125,134,-1,134,125,124,-1,134,124,135,-1,135,124,123,-1,135,123,136,-1,136,123,122,-1,136,122,131,-1,131,122,121,-1,131,121,132,-1,132,121,120,-1,132,120,133,-1,133,120,84,-1,133,84,85,-1,140,141,142,-1,142,141,143,-1,144,140,145,-1,145,140,142,-1,146,144,147,-1,147,144,145,-1,146,147,148,-1,146,148,149,-1,149,148,150,-1,149,150,151,-1,151,150,152,-1,151,152,153,-1,153,152,154,-1,153,154,155,-1,155,154,156,-1,155,156,157,-1,157,156,158,-1,157,158,159,-1,159,158,160,-1,159,160,161,-1,161,160,162,-1,161,162,163,-1,164,163,165,-1,165,163,162,-1,166,164,167,-1,167,164,165,-1,168,166,169,-1,169,166,167,-1,168,169,170,-1,170,169,171,-1,170,171,172,-1,172,171,173,-1,172,173,174,-1,174,173,175,-1,174,175,176,-1,176,175,177,-1,176,177,178,-1,178,177,179,-1,178,179,141,-1,141,179,143,-1,178,151,176,-1,176,151,153,-1,176,153,174,-1,174,153,155,-1,174,155,172,-1,164,166,163,-1,163,166,168,-1,163,168,161,-1,161,168,170,-1,161,170,159,-1,159,170,172,-1,159,172,157,-1,157,172,155,-1,140,144,141,-1,141,144,146,-1,141,146,178,-1,178,146,149,-1,178,149,151,-1,171,158,173,-1,173,158,156,-1,173,156,175,-1,175,156,154,-1,175,154,177,-1,145,142,147,-1,147,142,143,-1,147,143,148,-1,148,143,179,-1,148,179,150,-1,150,179,177,-1,150,177,152,-1,152,177,154,-1,167,165,169,-1,169,165,162,-1,169,162,171,-1,171,162,160,-1,171,160,158,-1,180,181,182,-1,182,181,183,-1,182,183,184,-1,184,183,185,-1,186,187,188,-1,188,187,189,-1,188,189,190,-1,190,189,191,-1,181,180,192,-1,181,192,193,-1,193,192,194,-1,193,194,195,-1,195,194,196,-1,195,196,197,-1,197,196,198,-1,197,198,199,-1,199,198,200,-1,199,200,201,-1,201,200,202,-1,201,202,203,-1,204,203,205,-1,205,203,202,-1,206,204,207,-1,207,204,205,-1,208,206,209,-1,209,206,207,-1,208,209,210,-1,210,209,211,-1,210,211,212,-1,212,211,213,-1,212,213,214,-1,214,213,215,-1,214,215,216,-1,216,215,217,-1,216,217,218,-1,218,217,219,-1,218,219,191,-1,191,219,190,-1,189,183,191,-1,191,183,181,-1,191,181,218,-1,218,181,193,-1,218,193,216,-1,216,193,195,-1,216,195,214,-1,214,195,197,-1,214,197,212,-1,212,197,199,-1,212,199,210,-1,210,199,201,-1,210,201,208,-1,208,201,203,-1,208,203,206,-1,206,203,204,-1,207,205,209,-1,209,205,202,-1,209,202,211,-1,211,202,200,-1,211,200,213,-1,213,200,198,-1,213,198,215,-1,215,198,196,-1,215,196,217,-1,217,196,194,-1,217,194,219,-1,219,194,192,-1,219,192,190,-1,190,192,180,-1,190,180,188,-1,188,180,182,-1,220,186,184,-1,184,186,188,-1,184,188,182,-1,220,221,186,-1,186,221,222,-1,186,222,223,-1,223,224,186,-1,186,224,225,-1,186,225,226,-1,226,227,186,-1,186,227,228,-1,186,228,229,-1,187,186,230,-1,230,186,229,-1,183,189,185,-1,185,189,187,-1,231,232,187,-1,187,232,233,-1,187,233,185,-1,234,235,187,-1,187,235,236,-1,187,236,231,-1,187,230,237,-1,237,238,187,-1,187,238,239,-1,187,239,234,-1,230,229,228,-1,230,228,237,-1,237,228,227,-1,237,227,238,-1,238,227,226,-1,238,226,239,-1,239,226,225,-1,239,225,234,-1,234,225,224,-1,234,224,235,-1,235,224,223,-1,235,223,236,-1,236,223,222,-1,236,222,231,-1,231,222,221,-1,231,221,232,-1,232,221,220,-1,232,220,233,-1,233,220,184,-1,233,184,185,-1,
        ]
    }
}
Shape{
    appearance Appearance {
        material  Material 	{
            diffuseColor 0.5019607843137255 0.5019607843137255 0.5019607843137255
            specularColor 0.25098039215686274 0.25098039215686274 0.25098039215686274
            ambientIntensity 0.2
            transparency 0
            shininess 0.5
        }
    }
    geometry IndexedFaceSet {
        ccw TRUE
        solid FALSE
        coord DEF co Coordinate {
            point [
                -0.1967 -0.3868 0.0, -0.2059 -0.4032 0.0, -0.2059 -0.3532 0.0, -1.0236 -1.3238 0.0, -1.0236 -1.4173 0.0, -1.1811 -1.4173 0.0, -0.886 -1.9245 0.0, -0.886 -1.3238 0.0, -0.2234 -0.7001 0.0, -0.2234 -2.6181 0.0, -1.1811 -2.6181 0.0, -1.0236 -1.9245 0.0, -1.1811 -1.8504 0.0, -1.0236 -1.8504 0.0, -1.1811 -0.9843 0.0, -1.0236 -0.9843 0.0, -1.0236 -1.0566 0.0, -0.886 -0.7001 0.0, -0.886 -1.0566 0.0, 1.0236 -1.1024 0.0, 1.1811 -1.1024 0.0, 1.0236 -1.2144 0.0, 1.1811 -2.6181 0.0, 0.88 -1.2144 0.0, 0.2795 -2.6181 0.0, 0.88 -0.7001 0.0, 1.1811 -0.5525 0.0, 1.1811 -0.6693 0.0, 1.0236 -0.6693 0.0, 1.1811 0.1575 0.0, 1.0236 0.1575 0.0, 1.1811 0.5819 0.0, 1.0236 0.2828 0.0, 0.2795 0.5819 0.0, 1.0236 -0.2756 0.0, 1.1811 -0.2756 0.0, 1.0236 -0.3264 0.0, 1.1811 -0.3532 0.0, 0.88 -0.3264 0.0, 0.2795 -0.3532 0.0, 0.88 0.2828 0.0, 1.1811 1.3386 0.0, 1.0236 1.3386 0.0, 1.1811 1.6535 0.0, 1.0236 1.4282 0.0, 1.1811 2.2638 0.0, 1.1811 2.0866 0.0, 1.0236 2.0866 0.0, 1.0236 0.9055 0.0, 1.1811 0.9055 0.0, 1.0236 0.8147 0.0, 0.88 0.8147 0.0, 0.88 1.4282 0.0, 1.0236 2.1876 0.0, 0.88 2.1876 0.0, 0.2795 2.2638 0.0, 0.88 1.5698 0.0, -0.451 2.6181 0.0, -0.2234 2.6181 0.0, -0.2234 2.2638 0.0, -1.1811 1.2992 0.0, -1.0236 1.2992 0.0, -1.0236 1.241 0.0, -0.886 0.5819 0.0, -0.886 0.6492 0.0, -0.2234 0.5819 0.0, -0.886 1.241 0.0, -0.886 1.8021 0.0, -1.0236 0.5906 0.0, -1.1811 0.5906 0.0, -1.0236 0.6492 0.0, -1.1811 0.7677 0.0, -1.0496 0.7677 0.0, -1.0496 1.2008 0.0, -1.1811 1.2008 0.0, -1.1811 2.4213 0.0, -1.1811 2.6181 0.0, -1.0496 2.4213 0.0, -1.0496 2.2638 0.0, -1.0496 1.9882 0.0, -1.1811 1.9882 0.0, -1.0236 1.8021 0.0, -1.1811 1.7323 0.0, -1.0236 1.7323 0.0, -1.1811 0.1575 0.0, -1.0236 0.1575 0.0, -1.1811 -0.0197 0.0, -1.0236 0.1147 0.0, -1.0496 -0.0197 0.0, -0.886 0.1147 0.0, -1.0496 -0.3532 0.0, -1.0236 -0.4619 0.0, -1.0236 -0.5512 0.0, -1.0496 -0.4528 0.0, -1.1811 -0.5512 0.0, -1.1811 -0.4528 0.0, -0.2234 -0.5525 0.0, -0.2318 -0.376 0.0, -0.2234 -0.3532 0.0, -0.2318 -0.3544 0.0, -0.3327 -0.3544 0.0, -0.3063 -0.376 0.0, -0.3063 -0.5513 0.0, -0.3327 -0.5513 0.0, -0.886 -0.5525 0.0, -0.886 -0.4619 0.0, 0.1978 -0.5482 0.0, 0.2346 -0.5525 0.0, 0.1694 -0.5513 0.0, 0.0946 -0.5525 0.0, 0.1138 -0.5513 0.0, 0.1138 -0.3544 0.0, 0.0946 -0.3532 0.0, 0.1674 -0.3544 0.0, 0.2346 -0.3532 0.0, 0.1917 -0.3565 0.0, 0.2144 -0.3633 0.0, 0.2425 -0.5256 0.0, 0.2564 -0.5102 0.0, 0.2795 -0.5525 0.0, 0.2656 -0.4932 0.0, 0.2624 -0.4084 0.0, 0.2512 -0.3908 0.0, 0.235 -0.3752 0.0, 0.2346 -0.375 0.0, 0.2209 -0.5401 0.0, 0.2346 -0.531 0.0, 0.2423 -0.5258 0.0, 0.2708 -0.4738 0.0, 0.2723 -0.4553 0.0, 0.2695 -0.429 0.0, -0.0686 -0.3862 0.0, -0.0686 -0.3646 0.0, -0.0494 -0.3532 0.0, -0.0896 -0.356 0.0, -0.0975 -0.5525 0.0, -0.0914 -0.552 0.0, -0.0494 -0.5525 0.0, -0.0686 -0.5459 0.0, -0.0686 -0.5195 0.0, -0.0908 -0.529 0.0, -0.0721 -0.3843 0.0, -0.1147 -0.5321 0.0, -0.1341 -0.5299 0.0, -0.1488 -0.5246 0.0, -0.1624 -0.5155 0.0, -0.1743 -0.5023 0.0, -0.1886 -0.4507 0.0, -0.1866 -0.4294 0.0, -0.1813 -0.4125 0.0, -0.1375 -0.3757 0.0, -0.1191 -0.3736 0.0, -0.1518 -0.381 0.0, -0.1639 -0.3891 0.0, -0.1732 -0.3989 0.0, -0.093 -0.3765 0.0, -0.1825 -0.4871 0.0, -0.1877 -0.4661 0.0, -0.1149 -0.5537 0.0, -0.0494 -0.7001 0.0, -0.1296 -0.5525 0.0, -0.2059 -0.7001 0.0, -0.2047 -0.4994 0.0, -0.1931 -0.5178 0.0, -0.2059 -0.5525 0.0, -0.1753 -0.5349 0.0, -0.1566 -0.5457 0.0, -0.1347 -0.5521 0.0, -0.2072 -0.4055 0.0, -0.2131 -0.4263 0.0, -0.215 -0.4491 0.0, -0.2122 -0.4771 0.0, -0.2059 -0.4956 0.0, -0.147 -0.3545 0.0, -0.1661 -0.3611 0.0, -0.1819 -0.3712 0.0, -0.1095 -0.3532 0.0, -0.1174 -0.3521 0.0, -0.0494 0.5819 0.0, -0.1343 -0.3532 0.0, -0.2059 0.5819 0.0, -0.1228 -0.352 0.0, -0.1705 -0.9449 0.0, -0.1901 -0.9924 0.0, -0.0494 -2.6181 0.0, -0.2059 -2.6181 0.0, -0.0509 -1.2335 0.0, -0.1392 -0.9041 0.0, -0.1969 -1.0433 0.0, -0.1901 -1.0943 0.0, -0.1705 -1.1417 0.0, 0.0 -0.8465 0.0, -0.0494 -0.853 0.0, -0.0509 -0.8532 0.0, -0.0984 -0.8728 0.0, -0.1392 -1.1825 0.0, -0.0984 -1.2138 0.0, 0.0509 -0.8532 0.0, 0.0946 -0.7001 0.0, 0.0946 -0.8713 0.0, 0.0946 -2.6181 0.0, 0.0946 -1.2154 0.0, 0.2346 -2.6181 0.0, 0.0984 -1.2138 0.0, 0.0984 -0.8728 0.0, 0.2346 -0.7001 0.0, 0.1392 -0.9041 0.0, 0.1392 -1.1825 0.0, 0.1705 -1.1417 0.0, 0.1901 -1.0943 0.0, 0.1969 -1.0433 0.0, 0.1901 -0.9924 0.0, 0.1705 -0.9449 0.0, -0.0494 -1.2337 0.0, 0.0 -1.2402 0.0, 0.0509 -1.2335 0.0, -0.0494 2.2638 0.0, -0.0494 1.9029 0.0, -0.2059 2.2638 0.0, -0.0509 1.9027 0.0, -0.0509 1.5225 0.0, -0.0984 1.8831 0.0, -0.1392 1.8518 0.0, -0.1705 1.811 0.0, -0.1705 1.6142 0.0, -0.1392 1.5734 0.0, -0.0984 1.5421 0.0, -0.1901 1.7635 0.0, -0.1969 1.7126 0.0, -0.1901 1.6616 0.0, 0.0946 2.2638 0.0, 0.0509 1.9027 0.0, -0.0 1.9094 0.0, 0.1392 1.5734 0.0, 0.1705 1.6142 0.0, 0.2346 0.5819 0.0, 0.1901 1.6616 0.0, 0.0946 0.5819 0.0, 0.0946 1.5406 0.0, 0.0984 1.5421 0.0, 0.1705 1.811 0.0, 0.2346 2.2638 0.0, 0.1901 1.7635 0.0, 0.1969 1.7126 0.0, 0.1392 1.8518 0.0, 0.0984 1.8831 0.0, 0.0946 1.8846 0.0, -0.0494 1.5223 0.0, -0.0 1.5157 0.0, 0.0509 1.5225 0.0, -0.2059 2.6181 0.0, -0.0494 2.6181 0.0, 0.0946 2.6181 0.0, 0.2346 2.6181 0.0, 1.1811 2.6181 0.0, 0.451 2.6181 0.0, 0.2795 2.6181 0.0, 1.0236 1.6535 0.0, 1.0236 1.5698 0.0, 0.0658 -0.4432 0.0, -0.0038 -0.4432 0.0, -0.0038 -0.376 0.0, 0.0754 -0.376 0.0, 0.0754 -0.3544 0.0, -0.0302 -0.3544 0.0, -0.0302 -0.5513 0.0, 0.0706 -0.5513 0.0, 0.0706 -0.5297 0.0, -0.0038 -0.5297 0.0, -0.0038 -0.4648 0.0, 0.0658 -0.4648 0.0, 0.3155 -0.3544 0.0, 0.2867 -0.3544 0.0, 0.4355 -0.3544 0.0, 0.4156 -0.4096 0.0, 0.3343 -0.4096 0.0, 0.3611 -0.5513 0.0, 0.3875 -0.5513 0.0, 0.4643 -0.3544 0.0, 1.0236 -0.6053 0.0, 0.88 -0.6053 0.0, 0.2795 -0.7001 0.0, -0.7048 1.9828 1.0583, -0.7048 1.9828 0.9102, -0.7048 3.0906 0.9102, -0.7048 0.8017 1.0583, -0.7048 0.8017 0.9102, -0.7048 1.1676 0.9102, 0.674 -2.6181 0.7653, 0.6808 -1.8962 0.7874, 0.6808 -1.081 0.7874, 0.7048 -1.8898 0.9102, 0.7048 -2.6181 0.9102, 0.7048 -1.8898 1.0583, -0.1969 -2.1314 1.665, -0.1473 -2.1181 1.6774, -0.1473 -2.6181 1.6774, 0.0 -2.0786 1.6929, 0.0 -2.6181 1.6929, 0.1473 -2.0392 1.6774, 0.1473 -2.6181 1.6774, 0.2882 -2.0014 1.6316, 0.2882 -2.6181 1.6316, 0.4165 -1.967 1.5576, 0.4165 -2.6181 1.5576, 0.5266 -1.9375 1.4584, 0.5266 -2.6181 1.4584, 0.6137 -1.9142 1.3386, 0.6137 -2.6181 1.3386, 0.674 -1.898 1.2032, 0.674 -2.6181 1.2032, 0.7048 -2.6181 1.0583, -0.674 3.0906 0.7653, -0.6808 1.9893 0.7874, -0.6808 1.1741 0.7874, -0.6808 0.8081 0.7874, -0.6808 -1.1881 0.7874, -0.674 -2.6181 0.7653, -0.6808 -0.373 0.7874, -0.6808 -0.007 0.7874, -0.7048 -0.3794 0.9102, -0.7048 -0.0135 0.9102, -0.7048 -0.3794 1.0583, -0.2882 -2.1314 1.6316, -0.2882 -2.6181 1.6316, -0.4165 -2.1314 1.5576, -0.4165 -2.6181 1.5576, -0.5266 -2.1314 1.4584, -0.5266 -2.6181 1.4584, -0.6137 -2.1314 1.3386, -0.6137 -2.6181 1.3386, -0.674 -2.1314 1.2032, -0.674 -2.6181 1.2032, -0.7048 -2.1314 1.0583, -0.7048 -2.6181 1.0583, -0.7048 -2.1314 0.9102, -0.7048 -2.6181 0.9102, -0.6808 -2.1314 0.7874, -0.6808 -1.3708 0.7874, -0.7048 -1.3708 0.9102, -0.7048 -1.1946 0.9102, -0.7048 -1.3708 1.0583, -0.7048 -1.1946 1.0583, -0.674 -1.1863 1.2032, -0.674 -1.3708 1.2032, -0.6137 -1.1702 1.3386, -0.6137 -1.3708 1.3386, -0.5266 -1.1468 1.4584, -0.5266 -1.3708 1.4584, -0.4165 -1.1173 1.5576, -0.4165 -1.3708 1.5576, -0.4006 -1.3708 1.5688, -0.2882 -1.083 1.6316, -0.2882 -1.3407 1.6316, -0.1473 -1.0452 1.6774, -0.1473 -1.3029 1.6774, 0.0 -1.0057 1.6929, 0.0 -1.2635 1.6929, 0.1473 -0.9662 1.6774, 0.1473 -1.224 1.6774, 0.2882 -0.9285 1.6316, 0.2882 -1.1862 1.6316, 0.4006 -0.8984 1.5688, 0.4165 -1.1518 1.5576, 0.4165 -0.8984 1.5576, 0.5266 -0.8984 1.4584, 0.5266 -1.1223 1.4584, 0.6137 -0.8984 1.3386, 0.6137 -1.099 1.3386, 0.674 -0.8984 1.2032, 0.674 -1.0829 1.2032, 0.7048 -0.8984 1.0583, 0.7048 -1.0746 1.0583, 0.7048 -1.0746 0.9102, 0.7048 -0.8984 0.9102, 0.6808 -0.8984 0.7874, 0.1473 0.2149 1.6774, 0.0 -0.1905 1.6929, -0.0 0.1754 1.6929, -0.1473 -0.23 1.6774, -0.1473 0.1359 1.6774, -0.2882 -0.2678 1.6316, -0.2882 0.0981 1.6316, -0.4165 -0.3022 1.5576, -0.4165 0.0638 1.5576, -0.5266 -0.3317 1.4584, -0.5266 0.0343 1.4584, -0.6137 -0.355 1.3386, -0.6137 0.0109 1.3386, -0.674 -0.3711 1.2032, -0.674 -0.0052 1.2032, -0.7048 -0.0135 1.0583, 0.2882 -0.1378 1.6316, 0.1969 -0.1378 1.665, 0.1473 -0.1511 1.6774, 0.2882 0.2526 1.6316, 0.4006 0.2827 1.5688, 0.4165 -0.1378 1.5576, 0.4165 0.2827 1.5576, 0.5266 -0.1378 1.4584, 0.5266 0.2827 1.4584, 0.6137 -0.1378 1.3386, 0.6137 0.2827 1.3386, 0.674 -0.1378 1.2032, 0.674 0.2827 1.2032, 0.7048 -0.1378 1.0583, 0.7048 0.2827 1.0583, 0.7048 -0.1378 0.9102, 0.7048 0.2827 0.9102, 0.6808 -0.1378 0.7874, 0.6808 0.2827 0.7874, 0.674 3.0906 0.7653, 0.6808 1.0433 0.7874, 0.1473 1.396 1.6774, -0.0 0.9906 1.6929, -0.0 1.3565 1.6929, -0.1473 0.9511 1.6774, -0.1473 1.317 1.6774, -0.2882 0.9133 1.6316, -0.2882 1.2793 1.6316, -0.4165 0.8789 1.5576, -0.4165 1.2449 1.5576, -0.5266 0.8494 1.4584, -0.5266 1.2154 1.4584, -0.6137 0.8261 1.3386, -0.6137 1.192 1.3386, -0.674 0.81 1.2032, -0.674 1.1759 1.2032, -0.7048 1.1676 1.0583, 0.2882 1.0433 1.6316, 0.1969 1.0433 1.665, 0.1473 1.03 1.6774, -0.7048 3.0906 1.0583, -0.674 3.0906 1.2032, -0.674 1.9911 1.2032, -0.6137 3.0906 1.3386, -0.6137 2.0072 1.3386, -0.5266 3.0906 1.4584, -0.5266 2.0306 1.4584, -0.4165 3.0906 1.5576, -0.4165 2.0601 1.5576, -0.2882 3.0906 1.6316, -0.2882 2.0944 1.6316, -0.1473 3.0906 1.6774, -0.1473 2.1322 1.6774, -0.0 3.0906 1.6929, -0.0 2.1717 1.6929, 0.1473 3.0906 1.6774, 0.1473 2.2111 1.6774, 0.2882 1.4337 1.6316, 0.4006 1.4638 1.5688, 0.4165 1.0433 1.5576, 0.4165 1.4638 1.5576, 0.5266 1.0433 1.4584, 0.5266 1.4638 1.4584, 0.6137 1.0433 1.3386, 0.6137 1.4638 1.3386, 0.674 1.0433 1.2032, 0.674 1.4638 1.2032, 0.7048 1.0433 1.0583, 0.7048 1.4638 1.0583, 0.7048 1.0433 0.9102, 0.7048 1.4638 0.9102, 0.6808 1.4638 0.7874, 0.6808 2.2244 0.7874, 0.7048 3.0906 0.9102, 0.7048 2.2244 0.9102, 0.7048 3.0906 1.0583, 0.7048 2.2244 1.0583, 0.674 3.0906 1.2032, 0.674 2.2244 1.2032, 0.6137 3.0906 1.3386, 0.6137 2.2244 1.3386, 0.5266 3.0906 1.4584, 0.5266 2.2244 1.4584, 0.4165 3.0906 1.5576, 0.4165 2.2244 1.5576, 0.2882 3.0906 1.6316, 0.2882 2.2244 1.6316, 0.1969 2.2244 1.665, 0.6137 -2.6181 0.6299, 0.6137 3.0906 0.6299, 0.5266 -2.6181 0.5101, 0.5266 3.0906 0.5101, 0.4165 -2.6181 0.4109, 0.4165 3.0906 0.4109, 0.2882 -2.6181 0.3369, 0.2882 3.0906 0.3369, 0.1473 -2.6181 0.2911, 0.1473 3.0906 0.2911, 0.0 -2.6181 0.2756, -0.0 3.0906 0.2756, -0.1473 -2.6181 0.2911, -0.1473 3.0906 0.2911, -0.2882 -2.6181 0.3369, -0.2882 3.0906 0.3369, -0.4165 -2.6181 0.4109, -0.4165 3.0906 0.4109, -0.5266 -2.6181 0.5101, -0.5266 3.0906 0.5101, -0.6137 -2.6181 0.6299, -0.6137 3.0906 0.6299, -0.6802 2.6181 1.8266, -1.1811 2.6181 1.9685, -0.528 2.6181 1.9294, -0.451 2.6181 1.9685, -0.8127 2.6181 1.6995, -0.9219 2.6181 1.5519, -1.0046 2.6181 1.3879, -0.8705 2.6181 0.3405, -0.9668 2.6181 0.4968, -1.0352 2.6181 0.6672, -1.0584 2.6181 1.2123, -1.0817 2.6181 1.0302, -1.0739 2.6181 0.8467, -0.7491 2.6181 0.2026, -0.6063 2.6181 0.0872, -1.1811 -1.8504 0.0709, -1.1811 -0.9843 0.0709, -1.1811 1.2992 0.0709, -1.1811 -1.4173 0.0709, -1.1811 -0.4528 1.0, -1.1811 -0.5512 0.0709, -1.1811 -2.6181 1.9685, -1.1811 -2.1314 1.9685, -1.1811 -2.1314 0.7874, -1.1811 2.4213 1.0, -1.1811 1.2008 1.0, -1.1811 1.9882 1.0, -1.1811 1.7323 0.0709, -1.1811 -1.3708 1.9685, -1.1811 0.7677 1.0, -1.1811 0.5906 0.0709, -1.1811 0.1575 0.0709, -1.1811 -0.0197 1.0, -1.1811 -1.3708 0.7874, 1.1811 -2.6181 1.9685, 1.1811 2.6181 1.9685, 1.1811 -0.8984 0.7874, 1.1811 -0.8984 1.9685, 1.1811 1.3386 0.0709, 1.1811 0.9055 0.0709, 1.1811 1.6535 0.0709, 1.1811 2.0866 0.0709, 1.1811 2.2244 0.7874, 1.1811 1.4638 1.9685, 1.1811 1.0433 1.9685, 1.1811 1.4638 0.7874, 1.1811 1.0433 0.7874, 1.1811 2.2244 1.9685, 1.1811 0.2827 1.9685, 1.1811 -0.1378 1.9685, 1.1811 0.2827 0.7874, 1.1811 -0.1378 0.7874, 1.1811 -0.6693 0.0709, 1.1811 -1.1024 0.0709, 1.1811 0.1575 0.0709, 1.1811 -0.2756 0.0709, 0.7491 2.6181 0.2026, 0.6063 2.6181 0.0872, 0.8705 2.6181 0.3405, 0.9668 2.6181 0.4968, 1.0352 2.6181 0.6672, 1.0046 2.6181 1.3879, 0.9219 2.6181 1.5519, 0.8127 2.6181 1.6995, 0.6802 2.6181 1.8266, 0.528 2.6181 1.9294, 0.451 2.6181 1.9685, 1.0739 2.6181 0.8467, 1.0817 2.6181 1.0302, 1.0584 2.6181 1.2123, -0.7874 1.9607 1.9685, -0.7874 1.1455 1.9685, -0.1969 -2.1314 1.9685, 0.7874 -1.8676 1.9685, 0.7874 -1.0525 1.9685, 0.1969 2.2244 1.9685, 0.4006 -0.8984 1.9685, -0.4006 -1.3708 1.9685, -0.7874 -1.2167 1.9685, -0.7874 -0.4015 1.9685, 0.1969 1.0433 1.9685, 0.4006 1.4638 1.9685, -0.7874 0.7796 1.9685, 0.1969 -0.1378 1.9685, 0.4006 0.2827 1.9685, -0.7874 -0.0356 1.9685, 0.446 2.6181 -0.0023, 0.2728 2.6181 -0.0635, 0.0918 2.6181 -0.0945, -0.0918 2.6181 -0.0945, -0.2728 2.6181 -0.0635, -0.446 2.6181 -0.0023, 0.528 3.0118 1.9294, 0.6802 3.0118 1.8266, 0.8127 3.0118 1.6995, 0.9219 3.0118 1.5519, 1.0046 3.0118 1.3879, 1.0584 3.0118 1.2123, 1.0817 3.0118 1.0302, 1.0739 3.0118 0.8467, 1.0352 3.0118 0.6672, 0.9668 3.0118 0.4968, 0.8705 3.0118 0.3405, 0.7491 3.0118 0.2026, 0.6063 3.0118 0.0872, 0.446 3.0118 -0.0023, 0.2728 3.0118 -0.0635, 0.0918 3.0118 -0.0945, -0.0 3.0118 -0.0984, -0.0918 3.0118 -0.0945, -0.2728 3.0118 -0.0635, -0.446 3.0118 -0.0023, -0.6063 3.0118 0.0872, -0.7491 3.0118 0.2026, -0.8705 3.0118 0.3405, -0.9668 3.0118 0.4968, -1.0352 3.0118 0.6672, -1.0739 3.0118 0.8467, -1.0817 3.0118 1.0302, -1.0584 3.0118 1.2123, -1.0046 3.0118 1.3879, -0.9219 3.0118 1.5519, -0.8127 3.0118 1.6995, -0.6802 3.0118 1.8266, -0.528 3.0118 1.9294, -0.3607 3.0118 2.0051, -0.3607 2.6181 2.0051, -0.183 2.6181 2.0514, -0.183 3.0118 2.0514, -0.0 2.6181 2.0669, -0.0 3.0118 2.0669, 0.183 2.6181 2.0514, 0.183 3.0118 2.0514, 0.3607 2.6181 2.0051, 0.3607 3.0118 2.0051, -0.4896 3.0906 1.8607, -0.3345 3.0906 1.9308, -0.1697 3.0906 1.9737, -0.0 3.0906 1.9882, 0.1697 3.0906 1.9737, -0.9814 3.0906 1.1958, -0.9315 3.0906 1.3586, -0.8549 3.0906 1.5106, -0.7536 3.0906 1.6475, -0.6307 3.0906 1.7654, -0.8072 3.0906 0.3873, -0.8964 3.0906 0.5323, -0.9599 3.0906 0.6903, -0.9958 3.0906 0.8567, -1.003 3.0906 1.0269, 0.9814 3.0906 1.1958, 1.003 3.0906 1.0269, 0.9958 3.0906 0.8567, 0.9599 3.0906 0.6903, 0.3345 3.0906 1.9308, 0.4896 3.0906 1.8607, 0.6307 3.0906 1.7654, 0.7536 3.0906 1.6475, 0.8549 3.0906 1.5106, 0.9315 3.0906 1.3586, -0.0851 3.0906 -0.0161, -0.253 3.0906 0.0127, -0.4135 3.0906 0.0694, -0.5622 3.0906 0.1525, -0.6947 3.0906 0.2595, 0.0851 3.0906 -0.0161, -0.0 3.0906 -0.0197, 0.8964 3.0906 0.5323, 0.8072 3.0906 0.3873, 0.6947 3.0906 0.2595, 0.5622 3.0906 0.1525, 0.4135 3.0906 0.0694, 0.253 3.0906 0.0127, -0.7874 -0.0356 0.7874, -0.7874 0.7796 0.7874, -0.7874 -1.2167 0.7874, -0.7874 -0.4015 0.7874, 0.7874 -1.0525 0.7874, 0.7874 -1.8676 0.7874, -0.7874 1.1455 0.7874, -0.7874 1.9607 0.7874, 1.0236 2.0866 0.0709, 1.0236 1.6535 0.0709, -1.0236 -1.8504 0.0709, -1.0236 -1.4173 0.0709, -1.0236 0.5906 0.0709, -1.0236 0.1575 0.0709, -1.0236 -0.9843 0.0709, -1.0236 -0.5512 0.0709, 1.0236 -0.6693 0.0709, 1.0236 -1.1024 0.0709, 1.0236 0.1575 0.0709, 1.0236 -0.2756 0.0709, -1.0236 1.2992 0.0709, -1.0236 1.7323 0.0709, 1.0236 0.9055 0.0709, 1.0236 1.3386 0.0709, -1.0496 -0.4528 1.0, -1.0496 -0.0197 1.0, -1.0496 0.7677 1.0, -1.0496 1.2008 1.0, -1.0496 1.9882 1.0, -1.0496 2.4213 1.0, -1.0496 2.4213 1.0
            ]
        }
        coordIndex [
            0,1,2,-1,3,4,5,-1,6,7,8,-1,9,10,11,-1,11,10,12,-1,11,12,13,-1,14,15,16,-1,17,8,18,-1,18,8,7,-1,18,7,16,-1,16,7,3,-1,16,3,14,-1,14,3,5,-1,19,20,21,-1,21,20,22,-1,21,22,23,-1,23,22,24,-1,23,24,25,-1,26,27,28,-1,29,30,31,-1,31,30,32,-1,31,32,33,-1,34,35,36,-1,36,35,37,-1,36,37,38,-1,38,37,39,-1,38,39,40,-1,41,42,43,-1,43,42,44,-1,45,46,47,-1,48,49,50,-1,50,49,31,-1,50,31,51,-1,51,31,33,-1,51,33,52,-1,47,53,45,-1,45,53,54,-1,45,54,55,-1,55,54,56,-1,57,58,59,-1,60,61,62,-1,63,64,65,-1,65,64,66,-1,65,66,59,-1,59,66,67,-1,68,69,70,-1,70,69,71,-1,70,71,64,-1,64,71,72,-1,64,72,66,-1,66,72,73,-1,66,73,62,-1,62,73,74,-1,62,74,60,-1,75,76,77,-1,77,76,57,-1,77,57,78,-1,78,57,59,-1,78,59,79,-1,79,59,67,-1,79,67,80,-1,80,67,81,-1,80,81,82,-1,82,81,83,-1,84,85,86,-1,86,85,87,-1,86,87,88,-1,88,87,89,-1,88,89,90,-1,91,92,93,-1,93,92,94,-1,93,94,95,-1,96,97,98,-1,98,97,99,-1,98,99,100,-1,101,97,102,-1,102,97,96,-1,102,96,103,-1,103,96,104,-1,103,104,100,-1,100,104,105,-1,63,65,89,-1,89,65,98,-1,89,98,90,-1,90,98,100,-1,90,100,93,-1,93,100,105,-1,93,105,91,-1,106,107,108,-1,108,107,109,-1,108,109,110,-1,111,112,113,-1,113,112,114,-1,113,114,115,-1,115,114,116,-1,117,118,119,-1,119,118,120,-1,121,122,39,-1,39,122,123,-1,39,123,114,-1,114,123,124,-1,114,124,116,-1,106,125,107,-1,107,125,126,-1,107,126,119,-1,119,126,127,-1,119,127,117,-1,120,128,119,-1,119,128,129,-1,119,129,39,-1,39,129,130,-1,39,130,121,-1,131,132,133,-1,133,132,134,-1,135,136,137,-1,137,136,138,-1,137,138,139,-1,131,140,141,-1,141,140,142,-1,141,142,143,-1,143,144,141,-1,141,144,145,-1,141,145,146,-1,147,148,141,-1,141,148,149,-1,150,151,152,-1,152,151,153,-1,149,154,141,-1,141,154,153,-1,141,153,155,-1,155,153,151,-1,146,156,141,-1,141,156,157,-1,141,157,147,-1,158,159,160,-1,160,159,161,-1,162,163,164,-1,163,165,164,-1,164,165,166,-1,164,166,167,-1,1,168,98,-1,168,169,98,-1,98,169,170,-1,98,170,96,-1,96,170,171,-1,96,171,164,-1,164,171,172,-1,164,172,162,-1,173,174,2,-1,2,174,175,-1,2,175,0,-1,176,177,178,-1,173,2,179,-1,179,2,180,-1,179,180,181,-1,182,183,161,-1,184,185,186,-1,182,161,187,-1,188,189,185,-1,185,189,190,-1,191,192,159,-1,159,192,193,-1,159,193,161,-1,161,193,194,-1,161,194,187,-1,190,195,185,-1,185,195,196,-1,185,196,186,-1,191,159,197,-1,197,159,198,-1,197,198,199,-1,200,201,202,-1,202,201,203,-1,199,198,204,-1,204,198,205,-1,204,205,206,-1,203,207,202,-1,202,207,208,-1,202,208,209,-1,210,211,205,-1,205,211,212,-1,205,212,206,-1,186,213,184,-1,184,213,214,-1,184,214,200,-1,200,214,215,-1,200,215,201,-1,216,217,218,-1,218,217,219,-1,220,178,180,-1,180,178,177,-1,180,177,181,-1,219,221,218,-1,218,221,222,-1,218,222,223,-1,224,225,180,-1,180,225,226,-1,180,226,220,-1,223,227,218,-1,218,227,228,-1,218,228,180,-1,180,228,229,-1,180,229,224,-1,230,231,216,-1,216,231,232,-1,216,232,217,-1,233,234,235,-1,235,234,236,-1,237,238,235,-1,235,238,239,-1,235,239,233,-1,240,241,242,-1,242,241,243,-1,240,244,241,-1,241,244,245,-1,241,245,230,-1,230,245,246,-1,230,246,231,-1,220,247,178,-1,178,247,248,-1,178,248,237,-1,237,248,249,-1,237,249,238,-1,218,250,216,-1,216,250,251,-1,216,251,230,-1,230,251,252,-1,230,252,241,-1,241,252,253,-1,241,253,55,-1,254,45,255,-1,255,45,55,-1,255,55,256,-1,256,55,253,-1,257,43,258,-1,258,43,44,-1,258,44,56,-1,56,44,52,-1,56,52,55,-1,55,52,33,-1,55,33,241,-1,241,33,235,-1,241,235,243,-1,243,235,236,-1,1,98,2,-1,2,98,65,-1,2,65,180,-1,180,65,59,-1,180,59,218,-1,218,59,58,-1,218,58,250,-1,32,40,33,-1,33,40,39,-1,33,39,235,-1,235,39,114,-1,235,114,237,-1,237,114,112,-1,237,112,178,-1,178,112,133,-1,178,133,176,-1,176,133,134,-1,259,260,261,-1,262,112,109,-1,109,112,111,-1,109,111,110,-1,262,263,112,-1,112,263,264,-1,112,264,133,-1,133,264,137,-1,133,137,131,-1,131,137,139,-1,131,139,140,-1,264,265,137,-1,137,265,266,-1,137,266,109,-1,109,266,267,-1,268,269,267,-1,267,269,270,-1,267,270,109,-1,109,270,259,-1,109,259,262,-1,262,259,261,-1,271,272,39,-1,273,274,275,-1,39,272,119,-1,119,272,276,-1,119,276,277,-1,275,271,273,-1,273,271,39,-1,273,39,278,-1,278,39,37,-1,278,37,277,-1,277,37,26,-1,277,26,119,-1,167,160,164,-1,164,160,161,-1,164,161,96,-1,96,161,8,-1,96,8,104,-1,104,8,17,-1,28,279,26,-1,26,279,280,-1,26,280,119,-1,119,280,281,-1,119,281,107,-1,107,281,205,-1,107,205,109,-1,109,205,198,-1,109,198,137,-1,137,198,159,-1,137,159,135,-1,135,159,158,-1,183,188,161,-1,161,188,185,-1,161,185,8,-1,8,185,9,-1,8,9,6,-1,6,9,11,-1,280,25,281,-1,281,25,24,-1,281,24,205,-1,205,24,202,-1,205,202,210,-1,210,202,209,-1,282,283,284,-1,285,286,287,-1,288,289,290,-1,289,288,291,-1,291,288,292,-1,291,292,293,-1,294,295,296,-1,296,295,297,-1,296,297,298,-1,298,297,299,-1,298,299,300,-1,300,299,301,-1,300,301,302,-1,302,301,303,-1,302,303,304,-1,304,303,305,-1,304,305,306,-1,306,305,307,-1,306,307,308,-1,308,307,309,-1,308,309,310,-1,310,309,293,-1,310,293,311,-1,311,293,292,-1,284,283,312,-1,312,283,313,-1,312,313,314,-1,287,286,314,-1,314,286,315,-1,314,315,312,-1,316,317,318,-1,318,317,319,-1,318,319,320,-1,320,319,321,-1,320,321,322,-1,294,296,323,-1,323,296,324,-1,323,324,325,-1,325,324,326,-1,325,326,327,-1,327,326,328,-1,327,328,329,-1,329,328,330,-1,329,330,331,-1,331,330,332,-1,331,332,333,-1,333,332,334,-1,333,334,335,-1,335,334,336,-1,335,336,337,-1,337,336,317,-1,337,317,338,-1,338,317,316,-1,338,316,339,-1,339,316,340,-1,339,340,341,-1,340,342,341,-1,341,342,343,-1,341,343,344,-1,344,343,345,-1,344,345,346,-1,346,345,347,-1,346,347,348,-1,348,347,349,-1,348,349,350,-1,350,349,351,-1,351,349,352,-1,351,352,353,-1,353,352,354,-1,353,354,355,-1,355,354,356,-1,355,356,357,-1,357,356,358,-1,357,358,359,-1,359,358,360,-1,359,360,361,-1,361,360,362,-1,361,362,363,-1,362,364,363,-1,363,364,365,-1,363,365,366,-1,366,365,367,-1,366,367,368,-1,368,367,369,-1,368,369,370,-1,370,369,371,-1,370,371,372,-1,372,371,373,-1,373,371,374,-1,373,374,290,-1,290,374,375,-1,290,375,288,-1,376,377,378,-1,378,377,379,-1,378,379,380,-1,380,379,381,-1,380,381,382,-1,382,381,383,-1,382,383,384,-1,384,383,385,-1,384,385,386,-1,386,385,387,-1,386,387,388,-1,388,387,389,-1,388,389,390,-1,390,389,322,-1,390,322,391,-1,391,322,321,-1,392,393,376,-1,376,393,394,-1,376,394,377,-1,376,395,392,-1,392,395,396,-1,392,396,397,-1,397,396,398,-1,397,398,399,-1,399,398,400,-1,399,400,401,-1,401,400,402,-1,401,402,403,-1,403,402,404,-1,403,404,405,-1,405,404,406,-1,405,406,407,-1,407,406,408,-1,407,408,409,-1,409,408,410,-1,409,410,411,-1,411,410,412,-1,413,414,415,-1,415,414,416,-1,415,416,417,-1,417,416,418,-1,417,418,419,-1,419,418,420,-1,419,420,421,-1,421,420,422,-1,421,422,423,-1,423,422,424,-1,423,424,425,-1,425,424,426,-1,425,426,427,-1,427,426,285,-1,427,285,428,-1,428,285,287,-1,429,430,413,-1,413,430,431,-1,413,431,414,-1,284,432,282,-1,282,432,433,-1,282,433,434,-1,434,433,435,-1,434,435,436,-1,436,435,437,-1,436,437,438,-1,438,437,439,-1,438,439,440,-1,440,439,441,-1,440,441,442,-1,442,441,443,-1,442,443,444,-1,444,443,445,-1,444,445,446,-1,446,445,447,-1,446,447,448,-1,413,449,429,-1,429,449,450,-1,429,450,451,-1,451,450,452,-1,451,452,453,-1,453,452,454,-1,453,454,455,-1,455,454,456,-1,455,456,457,-1,457,456,458,-1,457,458,459,-1,459,458,460,-1,459,460,461,-1,461,460,462,-1,461,462,412,-1,412,462,463,-1,412,463,411,-1,411,463,464,-1,411,464,465,-1,465,464,466,-1,465,466,467,-1,467,466,468,-1,467,468,469,-1,469,468,470,-1,469,470,471,-1,471,470,472,-1,471,472,473,-1,473,472,474,-1,473,474,475,-1,475,474,476,-1,475,476,477,-1,477,476,478,-1,477,478,447,-1,447,478,479,-1,447,479,448,-1,375,409,288,-1,288,409,411,-1,288,411,480,-1,480,411,481,-1,480,481,482,-1,482,481,483,-1,482,483,484,-1,484,483,485,-1,484,485,486,-1,486,485,487,-1,486,487,488,-1,488,487,489,-1,488,489,490,-1,490,489,491,-1,490,491,492,-1,492,491,493,-1,492,493,494,-1,494,493,495,-1,494,495,496,-1,496,495,497,-1,496,497,498,-1,498,497,499,-1,498,499,500,-1,500,499,501,-1,500,501,317,-1,317,501,312,-1,317,312,319,-1,319,312,315,-1,502,503,504,-1,504,503,505,-1,502,506,503,-1,503,506,507,-1,503,507,508,-1,509,76,510,-1,510,76,511,-1,508,512,503,-1,503,512,513,-1,503,513,76,-1,76,513,514,-1,76,514,511,-1,509,515,76,-1,76,515,516,-1,76,516,57,-1,517,12,10,-1,518,14,5,-1,519,60,74,-1,5,520,518,-1,518,520,521,-1,518,521,522,-1,522,521,95,-1,522,95,94,-1,523,524,525,-1,76,75,526,-1,74,527,519,-1,519,527,528,-1,519,528,529,-1,529,528,80,-1,529,80,82,-1,76,526,503,-1,503,526,528,-1,503,528,530,-1,530,528,527,-1,530,527,531,-1,531,71,532,-1,532,71,69,-1,84,86,533,-1,533,86,534,-1,10,523,517,-1,517,523,525,-1,517,525,520,-1,520,525,535,-1,520,535,521,-1,521,535,530,-1,521,530,534,-1,534,530,531,-1,534,531,533,-1,533,531,532,-1,288,480,22,-1,10,498,500,-1,523,332,330,-1,330,328,523,-1,523,328,326,-1,523,326,324,-1,324,296,523,-1,523,296,298,-1,523,298,536,-1,536,298,300,-1,536,300,302,-1,302,304,536,-1,536,304,306,-1,536,306,308,-1,308,310,536,-1,536,310,311,-1,536,311,22,-1,22,311,292,-1,22,292,288,-1,500,317,10,-1,10,317,336,-1,10,336,523,-1,523,336,334,-1,523,334,332,-1,480,482,22,-1,22,482,484,-1,22,484,24,-1,24,484,486,-1,24,486,202,-1,202,486,488,-1,202,488,200,-1,200,488,490,-1,200,490,184,-1,184,490,185,-1,185,490,492,-1,185,492,9,-1,9,492,494,-1,9,494,10,-1,10,494,496,-1,10,496,498,-1,45,254,537,-1,538,539,536,-1,540,41,43,-1,31,49,541,-1,542,543,544,-1,545,546,547,-1,547,546,548,-1,46,45,543,-1,543,45,537,-1,543,537,544,-1,544,537,549,-1,550,551,552,-1,552,551,553,-1,554,27,26,-1,22,20,555,-1,556,548,557,-1,557,548,552,-1,556,29,548,-1,548,29,31,-1,548,31,547,-1,547,31,541,-1,547,541,544,-1,544,541,540,-1,544,540,542,-1,542,540,43,-1,536,22,538,-1,538,22,555,-1,538,555,553,-1,553,555,554,-1,553,554,552,-1,552,554,26,-1,552,26,557,-1,557,26,37,-1,557,37,35,-1,558,254,559,-1,559,254,255,-1,558,560,254,-1,254,560,561,-1,254,561,562,-1,563,564,537,-1,537,564,565,-1,565,566,537,-1,537,566,567,-1,537,567,568,-1,562,569,254,-1,254,569,570,-1,254,570,537,-1,537,570,571,-1,537,571,563,-1,572,503,573,-1,573,503,530,-1,524,523,574,-1,574,523,536,-1,574,536,575,-1,575,536,576,-1,549,537,577,-1,577,537,568,-1,577,568,572,-1,572,568,505,-1,572,505,503,-1,536,539,576,-1,576,539,578,-1,576,578,579,-1,579,578,580,-1,579,580,530,-1,530,580,581,-1,546,545,582,-1,582,545,583,-1,582,583,584,-1,551,550,585,-1,585,550,586,-1,585,586,581,-1,581,586,587,-1,581,587,530,-1,530,587,584,-1,530,584,573,-1,573,584,583,-1,588,255,256,-1,588,256,589,-1,589,256,253,-1,589,253,590,-1,590,253,252,-1,590,252,591,-1,591,252,251,-1,591,251,592,-1,251,250,592,-1,592,250,58,-1,592,58,593,-1,593,58,57,-1,594,566,595,-1,595,566,565,-1,595,565,596,-1,596,565,564,-1,596,564,597,-1,597,564,563,-1,597,563,598,-1,598,563,571,-1,598,571,599,-1,599,571,570,-1,599,570,600,-1,600,570,569,-1,600,569,601,-1,601,569,562,-1,601,562,602,-1,602,562,561,-1,602,561,603,-1,603,561,560,-1,603,560,604,-1,604,560,558,-1,604,558,605,-1,605,558,559,-1,605,559,606,-1,606,559,255,-1,606,255,607,-1,255,588,607,-1,607,588,589,-1,607,589,608,-1,608,589,590,-1,608,590,609,-1,609,590,610,-1,610,590,591,-1,610,591,611,-1,611,591,592,-1,611,592,612,-1,612,592,593,-1,612,593,613,-1,613,593,57,-1,613,57,614,-1,57,516,614,-1,614,516,515,-1,614,515,615,-1,615,515,509,-1,615,509,616,-1,616,509,510,-1,616,510,617,-1,617,510,511,-1,617,511,618,-1,618,511,514,-1,618,514,619,-1,619,514,513,-1,619,513,620,-1,620,513,512,-1,620,512,621,-1,621,512,508,-1,621,508,622,-1,622,508,507,-1,622,507,623,-1,623,507,506,-1,623,506,624,-1,624,506,502,-1,624,502,625,-1,625,502,504,-1,625,504,626,-1,626,504,505,-1,626,505,627,-1,505,628,627,-1,627,628,629,-1,627,629,630,-1,630,629,631,-1,630,631,632,-1,632,631,633,-1,632,633,634,-1,634,633,635,-1,634,635,636,-1,636,635,568,-1,636,568,594,-1,594,568,567,-1,594,567,566,-1,439,637,441,-1,441,637,638,-1,441,638,443,-1,443,638,639,-1,443,639,445,-1,445,639,640,-1,445,640,447,-1,447,640,641,-1,447,641,477,-1,432,642,433,-1,433,642,643,-1,433,643,435,-1,435,643,644,-1,435,644,437,-1,437,644,645,-1,437,645,439,-1,439,645,646,-1,439,646,637,-1,499,647,501,-1,501,647,648,-1,501,648,312,-1,312,648,649,-1,312,649,284,-1,284,649,650,-1,284,650,432,-1,432,650,651,-1,432,651,642,-1,469,652,467,-1,467,652,653,-1,467,653,465,-1,465,653,654,-1,465,654,411,-1,411,654,655,-1,411,655,481,-1,641,656,477,-1,477,656,657,-1,477,657,475,-1,475,657,658,-1,475,658,473,-1,473,658,659,-1,473,659,471,-1,471,659,660,-1,471,660,469,-1,469,660,661,-1,469,661,652,-1,491,662,493,-1,493,662,663,-1,493,663,495,-1,495,663,664,-1,495,664,497,-1,497,664,665,-1,497,665,499,-1,499,665,666,-1,499,666,647,-1,489,667,491,-1,491,667,668,-1,491,668,662,-1,655,669,481,-1,481,669,670,-1,481,670,483,-1,483,670,671,-1,483,671,485,-1,485,671,672,-1,485,672,487,-1,487,672,673,-1,487,673,489,-1,489,673,674,-1,489,674,667,-1,635,633,631,-1,505,568,628,-1,628,568,635,-1,628,635,629,-1,629,635,631,-1,662,668,610,-1,610,668,609,-1,668,667,609,-1,609,667,674,-1,609,674,608,-1,608,674,673,-1,608,673,607,-1,607,673,672,-1,607,672,606,-1,606,672,671,-1,606,671,605,-1,605,671,670,-1,605,670,604,-1,604,670,669,-1,604,669,603,-1,603,669,655,-1,603,655,602,-1,602,655,654,-1,602,654,601,-1,601,654,653,-1,601,653,600,-1,600,653,652,-1,600,652,599,-1,599,652,661,-1,599,661,598,-1,598,661,660,-1,598,660,597,-1,597,660,659,-1,597,659,596,-1,596,659,658,-1,596,658,595,-1,595,658,657,-1,595,657,594,-1,594,657,656,-1,594,656,636,-1,636,656,641,-1,636,641,634,-1,634,641,640,-1,634,640,632,-1,632,640,639,-1,632,639,630,-1,630,639,638,-1,630,638,627,-1,627,638,637,-1,627,637,626,-1,626,637,646,-1,626,646,625,-1,625,646,645,-1,625,645,624,-1,624,645,644,-1,624,644,623,-1,623,644,643,-1,623,643,622,-1,622,643,642,-1,622,642,621,-1,621,642,651,-1,621,651,620,-1,620,651,650,-1,620,650,619,-1,619,650,649,-1,619,649,618,-1,618,649,648,-1,618,648,617,-1,617,648,647,-1,617,647,616,-1,616,647,666,-1,616,666,615,-1,615,666,665,-1,615,665,614,-1,614,665,664,-1,614,664,613,-1,613,664,663,-1,613,663,612,-1,612,663,662,-1,612,662,611,-1,611,662,610,-1,396,586,398,-1,398,586,550,-1,398,550,400,-1,400,550,402,-1,410,408,552,-1,552,408,406,-1,552,406,550,-1,550,406,404,-1,550,404,402,-1,388,390,587,-1,587,390,391,-1,587,391,675,-1,675,391,321,-1,675,321,319,-1,382,384,587,-1,587,384,386,-1,587,386,388,-1,586,396,395,-1,395,376,586,-1,586,376,378,-1,586,378,587,-1,587,378,380,-1,587,380,382,-1,431,430,582,-1,315,286,676,-1,676,286,285,-1,676,285,584,-1,584,285,426,-1,426,424,584,-1,584,424,422,-1,584,422,420,-1,420,418,584,-1,584,418,416,-1,584,416,582,-1,582,416,414,-1,582,414,431,-1,461,412,548,-1,546,451,453,-1,451,546,429,-1,429,546,582,-1,429,582,430,-1,453,455,546,-1,546,455,457,-1,546,457,548,-1,548,457,459,-1,548,459,461,-1,552,548,410,-1,410,548,412,-1,676,675,315,-1,315,675,319,-1,675,676,587,-1,587,676,584,-1,362,578,364,-1,364,578,539,-1,364,539,365,-1,365,539,367,-1,375,374,538,-1,538,374,371,-1,538,371,539,-1,539,371,369,-1,539,369,367,-1,345,343,580,-1,580,343,342,-1,580,342,677,-1,677,342,340,-1,677,340,316,-1,352,349,580,-1,580,349,347,-1,580,347,345,-1,578,362,360,-1,360,358,578,-1,578,358,356,-1,578,356,580,-1,580,356,354,-1,580,354,352,-1,394,393,585,-1,318,320,678,-1,678,320,322,-1,678,322,581,-1,581,322,389,-1,389,387,581,-1,581,387,385,-1,581,385,383,-1,383,381,581,-1,581,381,379,-1,581,379,585,-1,585,379,377,-1,585,377,394,-1,407,409,553,-1,397,399,551,-1,397,551,392,-1,392,551,585,-1,392,585,393,-1,399,401,551,-1,551,401,403,-1,551,403,553,-1,553,403,405,-1,553,405,407,-1,538,553,375,-1,375,553,409,-1,678,677,318,-1,318,677,316,-1,677,678,580,-1,580,678,581,-1,335,337,525,-1,325,327,524,-1,325,524,323,-1,323,524,574,-1,323,574,294,-1,327,329,524,-1,524,329,331,-1,524,331,525,-1,525,331,333,-1,525,333,335,-1,338,339,535,-1,535,339,341,-1,535,341,530,-1,530,341,344,-1,530,344,346,-1,351,579,350,-1,350,579,530,-1,350,530,348,-1,348,530,346,-1,368,370,576,-1,576,370,372,-1,576,372,679,-1,679,372,373,-1,679,373,290,-1,361,363,576,-1,576,363,366,-1,576,366,368,-1,579,351,353,-1,353,355,579,-1,579,355,357,-1,579,357,576,-1,576,357,359,-1,576,359,361,-1,295,294,574,-1,289,291,680,-1,680,291,293,-1,680,293,575,-1,575,293,309,-1,309,307,575,-1,575,307,305,-1,575,305,303,-1,303,301,575,-1,575,301,299,-1,575,299,574,-1,574,299,297,-1,574,297,295,-1,680,679,289,-1,289,679,290,-1,535,525,338,-1,338,525,337,-1,679,680,576,-1,576,680,575,-1,450,583,452,-1,452,583,545,-1,452,545,454,-1,454,545,456,-1,463,462,547,-1,547,462,460,-1,547,460,545,-1,545,460,458,-1,545,458,456,-1,425,427,573,-1,573,427,428,-1,573,428,681,-1,681,428,287,-1,681,287,314,-1,419,421,573,-1,573,421,423,-1,573,423,425,-1,583,450,449,-1,449,413,583,-1,583,413,415,-1,583,415,573,-1,573,415,417,-1,573,417,419,-1,448,479,577,-1,313,283,682,-1,682,283,282,-1,682,282,572,-1,572,282,434,-1,434,436,572,-1,572,436,438,-1,572,438,440,-1,440,442,572,-1,572,442,444,-1,572,444,577,-1,577,444,446,-1,577,446,448,-1,466,464,544,-1,476,474,549,-1,476,549,478,-1,478,549,577,-1,478,577,479,-1,474,472,549,-1,549,472,470,-1,549,470,544,-1,544,470,468,-1,544,468,466,-1,547,544,463,-1,463,544,464,-1,682,681,313,-1,313,681,314,-1,681,682,573,-1,573,682,572,-1,683,543,684,-1,684,543,542,-1,684,542,257,-1,257,542,43,-1,47,46,683,-1,683,46,543,-1,685,517,686,-1,686,517,520,-1,13,12,685,-1,685,12,517,-1,686,520,4,-1,4,520,5,-1,687,688,532,-1,532,688,533,-1,687,532,68,-1,68,532,69,-1,85,84,688,-1,688,84,533,-1,689,518,690,-1,690,518,522,-1,15,14,689,-1,689,14,518,-1,690,522,92,-1,92,522,94,-1,691,554,692,-1,692,554,555,-1,692,555,19,-1,19,555,20,-1,28,27,691,-1,691,27,554,-1,693,556,694,-1,694,556,557,-1,694,557,34,-1,34,557,35,-1,30,29,693,-1,693,29,556,-1,695,519,696,-1,696,519,529,-1,61,60,695,-1,695,60,519,-1,696,529,83,-1,83,529,82,-1,697,698,541,-1,541,698,540,-1,42,41,698,-1,698,41,540,-1,697,541,48,-1,48,541,49,-1,521,699,95,-1,95,699,93,-1,93,699,90,-1,90,699,700,-1,90,700,88,-1,700,534,88,-1,88,534,86,-1,534,700,521,-1,521,700,699,-1,531,701,71,-1,71,701,72,-1,701,702,72,-1,72,702,73,-1,702,527,73,-1,73,527,74,-1,527,702,531,-1,531,702,701,-1,528,703,80,-1,80,703,79,-1,79,703,78,-1,78,703,704,-1,78,704,77,-1,704,526,77,-1,77,526,75,-1,704,703,526,-1,526,703,528,-1,
        ]
    }
}
Shape{
    appearance Appearance {
        material  Material 	{
            diffuseColor 0.0 0.0 0.0
            specularColor 0.0 0.0 0.0
            ambientIntensity 0.2
            transparency 0
            shininess 0.5
        }
    }
    geometry IndexedFaceSet {
        ccw TRUE
        solid FALSE
        coord DEF co Coordinate {
            point [
                0.3875 -0.5513 0.0004, 0.4643 -0.3544 0.0004, 0.3875 -0.5513 0.0, 0.4643 -0.3544 0.0, 0.4355 -0.3544 0.0004, 0.4355 -0.3544 0.0, 0.4156 -0.4096 0.0004, 0.4156 -0.4096 0.0, 0.3343 -0.4096 0.0004, 0.3343 -0.4096 0.0, 0.3155 -0.3544 0.0004, 0.3155 -0.3544 0.0, 0.2867 -0.3544 0.0004, 0.2867 -0.3544 0.0, 0.3611 -0.5513 0.0004, 0.3611 -0.5513 0.0, 0.3409 -0.4312 0.0004, 0.3703 -0.5135 0.0004, 0.3722 -0.5203 0.0004, 0.3734 -0.5273 0.0004, 0.3741 -0.5273 0.0004, 0.3754 -0.5203 0.0004, 0.4068 -0.4312 0.0004, 0.3771 -0.5135 0.0004, 0.3409 -0.4312 0.0, 0.4068 -0.4312 0.0, 0.3703 -0.5135 -0.0, 0.3722 -0.5203 0.0, 0.3734 -0.5273 0.0, 0.3741 -0.5273 0.0, 0.3754 -0.5203 0.0, 0.3771 -0.5135 0.0, 0.1674 -0.3544 0.0004, 0.1138 -0.3544 0.0004, 0.1674 -0.3544 0.0, 0.1138 -0.3544 0.0, 0.1138 -0.5513 0.0004, 0.1138 -0.5513 0.0, 0.1694 -0.5513 0.0004, 0.1694 -0.5513 0.0, 0.2723 -0.4553 0.0004, 0.2723 -0.4553 0.0, 0.2708 -0.4738 0.0, 0.2708 -0.4738 0.0004, 0.2656 -0.4932 0.0, 0.2656 -0.4932 0.0004, 0.2564 -0.5102 0.0, 0.2564 -0.5102 0.0004, 0.2425 -0.5256 0.0, 0.2425 -0.5256 0.0004, 0.2423 -0.5258 0.0, 0.2423 -0.5258 0.0004, 0.2346 -0.531 0.0, 0.2209 -0.5401 0.0004, 0.2209 -0.5401 0.0, 0.1978 -0.5482 0.0, 0.1978 -0.5482 0.0004, 0.2144 -0.3633 0.0, 0.1917 -0.3565 0.0004, 0.1917 -0.3565 0.0, 0.2346 -0.375 0.0, 0.235 -0.3752 0.0004, 0.2144 -0.3633 0.0004, 0.235 -0.3752 0.0, 0.2512 -0.3908 0.0, 0.2512 -0.3908 0.0004, 0.2624 -0.4084 0.0, 0.2624 -0.4084 0.0004, 0.2695 -0.429 0.0, 0.2695 -0.429 0.0004, 0.2328 -0.5021 0.0004, 0.2232 -0.5122 0.0004, 0.2088 -0.5215 0.0004, 0.1926 -0.5272 0.0004, 0.1693 -0.5297 0.0004, 0.1402 -0.5297 0.0004, 0.1402 -0.376 0.0004, 0.1682 -0.376 0.0004, 0.189 -0.378 0.0004, 0.2055 -0.3831 0.0004, 0.2189 -0.3911 0.0004, 0.23 -0.402 0.0004, 0.2383 -0.4156 0.0004, 0.2441 -0.4341 0.0004, 0.2459 -0.4548 0.0004, 0.2442 -0.4743 0.0004, 0.2396 -0.4899 0.0004, 0.1693 -0.5297 0.0, 0.1402 -0.5297 0.0, 0.1926 -0.5272 0.0, 0.2088 -0.5215 -0.0, 0.2232 -0.5122 0.0, 0.2328 -0.5021 -0.0, 0.2396 -0.4899 0.0, 0.2442 -0.4743 -0.0, 0.2459 -0.4548 0.0, 0.2441 -0.4341 0.0, 0.2383 -0.4156 0.0, 0.23 -0.402 0.0, 0.2189 -0.3911 0.0, 0.2055 -0.3831 -0.0, 0.189 -0.378 0.0, 0.1682 -0.376 0.0, 0.1402 -0.376 0.0, 0.0754 -0.376 0.0004, 0.0754 -0.3544 0.0004, 0.0754 -0.376 0.0, 0.0754 -0.3544 0.0, -0.0302 -0.3544 0.0004, -0.0302 -0.3544 0.0, -0.0302 -0.5513 0.0004, -0.0302 -0.5513 0.0, 0.0706 -0.5513 0.0004, 0.0706 -0.5513 0.0, 0.0706 -0.5297 0.0004, 0.0706 -0.5297 0.0, -0.0038 -0.5297 0.0004, -0.0038 -0.5297 0.0, -0.0038 -0.4648 0.0004, -0.0038 -0.4648 0.0, 0.0658 -0.4648 0.0004, 0.0658 -0.4648 0.0, 0.0658 -0.4432 0.0004, 0.0658 -0.4432 0.0, -0.0038 -0.4432 0.0004, -0.0038 -0.4432 0.0, -0.0038 -0.376 0.0004, -0.0038 -0.376 0.0, -0.0686 -0.3862 0.0004, -0.0686 -0.3646 0.0004, -0.0686 -0.3862 0.0, -0.0686 -0.3646 0.0, -0.0896 -0.356 0.0004, -0.1228 -0.352 0.0004, -0.1228 -0.352 0.0, -0.1174 -0.3521 0.0, -0.1174 -0.3521 0.0004, -0.1095 -0.3532 0.0, -0.0896 -0.356 0.0, -0.215 -0.4491 0.0004, -0.215 -0.4491 0.0, -0.2131 -0.4263 0.0, -0.2131 -0.4263 0.0004, -0.2072 -0.4055 0.0, -0.2072 -0.4055 0.0004, -0.2059 -0.4032 0.0, -0.1967 -0.3868 0.0004, -0.1967 -0.3868 0.0, -0.1819 -0.3712 0.0, -0.1819 -0.3712 0.0004, -0.1661 -0.3611 0.0, -0.1661 -0.3611 0.0004, -0.147 -0.3545 0.0, -0.147 -0.3545 0.0004, -0.1343 -0.3532 0.0, -0.2122 -0.4771 0.0004, -0.1347 -0.5521 0.0004, -0.1149 -0.5537 0.0004, -0.1296 -0.5525 0.0, -0.1149 -0.5537 0.0, -0.1347 -0.5521 0.0, -0.1566 -0.5457 0.0, -0.1566 -0.5457 0.0004, -0.1753 -0.5349 0.0, -0.1753 -0.5349 0.0004, -0.1931 -0.5178 0.0, -0.1931 -0.5178 0.0004, -0.2047 -0.4994 0.0, -0.2047 -0.4994 0.0004, -0.2059 -0.4956 0.0, -0.2122 -0.4771 0.0, -0.0975 -0.5525 0.0, -0.0914 -0.552 0.0004, -0.0914 -0.552 0.0, -0.0686 -0.5459 0.0004, -0.0686 -0.5459 0.0, -0.0686 -0.5195 0.0004, -0.0686 -0.5195 0.0, -0.1147 -0.5321 0.0004, -0.1147 -0.5321 0.0, -0.0908 -0.529 0.0, -0.0908 -0.529 0.0004, -0.1886 -0.4507 0.0004, -0.1886 -0.4507 0.0, -0.1877 -0.4661 0.0, -0.1877 -0.4661 0.0004, -0.1825 -0.4871 0.0, -0.1825 -0.4871 0.0004, -0.1743 -0.5023 0.0, -0.1743 -0.5023 0.0004, -0.1624 -0.5155 0.0, -0.1624 -0.5155 0.0004, -0.1488 -0.5246 0.0, -0.1488 -0.5246 0.0004, -0.1341 -0.5299 0.0, -0.1341 -0.5299 0.0004, -0.1191 -0.3736 0.0004, -0.1191 -0.3736 0.0, -0.1375 -0.3757 0.0, -0.1375 -0.3757 0.0004, -0.1518 -0.381 0.0, -0.1518 -0.381 0.0004, -0.1639 -0.3891 0.0, -0.1639 -0.3891 0.0004, -0.1732 -0.3989 0.0, -0.1732 -0.3989 0.0004, -0.1813 -0.4125 0.0, -0.1813 -0.4125 0.0004, -0.1866 -0.4294 0.0, -0.1866 -0.4294 0.0004, -0.0721 -0.3843 0.0, -0.0721 -0.3843 0.0004, -0.093 -0.3765 0.0, -0.093 -0.3765 0.0004, -0.2318 -0.376 0.0004, -0.2318 -0.3544 0.0004, -0.2318 -0.376 0.0, -0.2318 -0.3544 0.0, -0.3327 -0.3544 0.0004, -0.3327 -0.3544 0.0, -0.3327 -0.5513 0.0004, -0.3327 -0.5513 0.0, -0.3063 -0.5513 0.0004, -0.3063 -0.5513 0.0, -0.3063 -0.376 0.0004, -0.3063 -0.376 0.0, -0.3063 -0.376 0.0
            ]
        }
        coordIndex [
            0,1,2,-1,2,1,3,-1,1,4,3,-1,3,4,5,-1,4,6,5,-1,5,6,7,-1,6,8,7,-1,7,8,9,-1,8,10,9,-1,9,10,11,-1,10,12,11,-1,11,12,13,-1,12,14,13,-1,13,14,15,-1,14,0,15,-1,15,0,2,-1,16,17,14,-1,12,10,8,-1,17,18,14,-1,14,18,19,-1,14,19,0,-1,0,19,20,-1,0,20,21,-1,14,12,16,-1,16,12,8,-1,16,8,22,-1,22,8,6,-1,21,23,0,-1,0,23,22,-1,0,22,1,-1,1,22,6,-1,1,6,4,-1,16,22,24,-1,24,22,25,-1,17,16,26,-1,26,16,24,-1,17,26,27,-1,17,27,18,-1,18,27,28,-1,18,28,19,-1,20,19,29,-1,29,19,28,-1,20,29,30,-1,20,30,21,-1,21,30,31,-1,21,31,23,-1,22,23,25,-1,25,23,31,-1,32,33,34,-1,34,33,35,-1,33,36,35,-1,35,36,37,-1,36,38,37,-1,37,38,39,-1,40,41,42,-1,40,42,43,-1,43,42,44,-1,43,44,45,-1,45,44,46,-1,45,46,47,-1,47,46,48,-1,47,48,49,-1,49,48,50,-1,49,50,51,-1,51,50,52,-1,51,52,53,-1,52,54,53,-1,53,54,55,-1,53,55,56,-1,56,55,39,-1,56,39,38,-1,57,58,59,-1,59,58,32,-1,59,32,34,-1,60,61,57,-1,57,61,62,-1,57,62,58,-1,60,63,61,-1,61,63,64,-1,61,64,65,-1,65,64,66,-1,65,66,67,-1,67,66,68,-1,67,68,69,-1,69,68,41,-1,69,41,40,-1,45,47,70,-1,70,47,49,-1,70,49,71,-1,71,49,51,-1,71,51,72,-1,72,51,53,-1,72,53,73,-1,73,53,56,-1,73,56,74,-1,74,56,38,-1,74,38,75,-1,75,38,36,-1,75,36,76,-1,76,36,33,-1,76,33,77,-1,77,33,32,-1,77,32,78,-1,78,32,58,-1,78,58,79,-1,79,58,62,-1,79,62,80,-1,80,62,61,-1,80,61,81,-1,81,61,65,-1,81,65,82,-1,82,65,67,-1,82,67,83,-1,83,67,69,-1,83,69,84,-1,84,69,40,-1,84,40,85,-1,85,40,43,-1,85,43,86,-1,86,43,45,-1,86,45,70,-1,74,75,87,-1,87,75,88,-1,74,87,89,-1,74,89,73,-1,73,89,90,-1,73,90,72,-1,72,90,91,-1,72,91,71,-1,71,91,92,-1,71,92,70,-1,70,92,93,-1,70,93,86,-1,86,93,94,-1,86,94,85,-1,85,94,95,-1,85,95,84,-1,84,95,96,-1,84,96,83,-1,83,96,97,-1,83,97,82,-1,82,97,98,-1,82,98,81,-1,81,98,99,-1,81,99,80,-1,80,99,100,-1,80,100,79,-1,79,100,101,-1,79,101,78,-1,78,101,102,-1,78,102,77,-1,76,77,103,-1,103,77,102,-1,75,76,88,-1,88,76,103,-1,104,105,106,-1,106,105,107,-1,105,108,107,-1,107,108,109,-1,108,110,109,-1,109,110,111,-1,110,112,111,-1,111,112,113,-1,112,114,113,-1,113,114,115,-1,114,116,115,-1,115,116,117,-1,116,118,117,-1,117,118,119,-1,118,120,119,-1,119,120,121,-1,120,122,121,-1,121,122,123,-1,122,124,123,-1,123,124,125,-1,124,126,125,-1,125,126,127,-1,126,104,127,-1,127,104,106,-1,114,112,116,-1,116,112,110,-1,116,110,118,-1,105,104,108,-1,108,104,126,-1,108,126,124,-1,122,120,124,-1,124,120,118,-1,124,118,108,-1,108,118,110,-1,128,129,130,-1,130,129,131,-1,131,129,132,-1,133,134,135,-1,133,135,136,-1,136,135,137,-1,136,137,132,-1,132,137,138,-1,132,138,131,-1,139,140,141,-1,139,141,142,-1,142,141,143,-1,142,143,144,-1,144,143,145,-1,144,145,146,-1,145,147,146,-1,146,147,148,-1,146,148,149,-1,149,148,150,-1,149,150,151,-1,151,150,152,-1,151,152,153,-1,153,152,154,-1,153,154,133,-1,133,154,134,-1,140,139,155,-1,156,157,158,-1,158,157,159,-1,158,160,156,-1,156,160,161,-1,156,161,162,-1,162,161,163,-1,162,163,164,-1,164,163,165,-1,164,165,166,-1,166,165,167,-1,166,167,168,-1,168,167,169,-1,168,169,155,-1,155,169,170,-1,155,170,140,-1,159,157,171,-1,171,157,172,-1,171,172,173,-1,173,172,174,-1,173,174,175,-1,174,176,175,-1,175,176,177,-1,178,179,180,-1,178,180,181,-1,181,180,177,-1,181,177,176,-1,182,183,184,-1,182,184,185,-1,185,184,186,-1,185,186,187,-1,187,186,188,-1,187,188,189,-1,189,188,190,-1,189,190,191,-1,191,190,192,-1,191,192,193,-1,193,192,194,-1,193,194,195,-1,195,194,179,-1,195,179,178,-1,196,197,198,-1,196,198,199,-1,199,198,200,-1,199,200,201,-1,201,200,202,-1,201,202,203,-1,203,202,204,-1,203,204,205,-1,205,204,206,-1,205,206,207,-1,207,206,208,-1,207,208,209,-1,209,208,183,-1,209,183,182,-1,128,130,210,-1,128,210,211,-1,211,210,212,-1,211,212,213,-1,213,212,197,-1,213,197,196,-1,199,133,196,-1,196,133,136,-1,196,136,213,-1,213,136,132,-1,213,132,211,-1,211,132,129,-1,211,129,128,-1,176,174,181,-1,181,174,172,-1,181,172,178,-1,178,172,157,-1,178,157,195,-1,195,157,156,-1,195,156,193,-1,193,156,162,-1,193,162,191,-1,191,162,164,-1,191,164,189,-1,189,164,166,-1,189,166,187,-1,187,166,168,-1,187,168,185,-1,185,168,155,-1,185,155,182,-1,182,155,139,-1,182,139,209,-1,209,139,142,-1,209,142,207,-1,207,142,144,-1,207,144,205,-1,205,144,146,-1,205,146,203,-1,203,146,149,-1,203,149,201,-1,201,149,151,-1,201,151,199,-1,199,151,153,-1,199,153,133,-1,214,215,216,-1,216,215,217,-1,215,218,217,-1,217,218,219,-1,218,220,219,-1,219,220,221,-1,220,222,221,-1,221,222,223,-1,222,224,223,-1,223,224,225,-1,224,214,225,-1,225,214,216,-1,222,220,224,-1,224,220,218,-1,224,218,214,-1,214,218,215,-1,
        ]
    }
}
Shape{
    appearance Appearance {
        material  Material 	{
            diffuseColor 0.5019607843137255 0.5019607843137255 0.5019607843137255
            specularColor 0.25098039215686274 0.25098039215686274 0.25098039215686274
            ambientIntensity 0.2
            transparency 0
            shininess 0.5
        }
    }
    geometry IndexedFaceSet {
        ccw TRUE
        solid FALSE
        coord DEF co Coordinate {
            point [
                0.3409 -0.4312 0.0, 0.4068 -0.4312 0.0, 0.3703 -0.5135 -0.0, 0.3771 -0.5135 0.0, 0.3722 -0.5203 0.0, 0.3754 -0.5203 0.0, 0.3734 -0.5273 0.0, 0.3741 -0.5273 0.0, 0.1402 -0.5297 0.0, 0.1402 -0.376 0.0, 0.1693 -0.5297 0.0, 0.1682 -0.376 0.0, 0.189 -0.378 0.0, 0.2459 -0.4548 0.0, 0.2442 -0.4743 -0.0, 0.2396 -0.4899 0.0, 0.1926 -0.5272 0.0, 0.2055 -0.3831 -0.0, 0.2189 -0.3911 0.0, 0.23 -0.402 0.0, 0.2383 -0.4156 0.0, 0.2441 -0.4341 0.0, 0.2328 -0.5021 -0.0, 0.2232 -0.5122 0.0, 0.2088 -0.5215 -0.0, 0.0 -0.8465 -0.1575, 0.0509 -0.8532 0.0, 0.0509 -0.8532 -0.1575, 0.0946 -0.8713 0.0, 0.0984 -0.8728 -0.1575, 0.0984 -0.8728 0.0, 0.1392 -0.9041 0.0, 0.1392 -0.9041 -0.1575, 0.1705 -0.9449 0.0, 0.1705 -0.9449 -0.1575, 0.1901 -0.9924 0.0, 0.1901 -0.9924 -0.1575, 0.1969 -1.0433 0.0, 0.1969 -1.0433 -0.1575, 0.1901 -1.0943 0.0, 0.1901 -1.0943 -0.1575, 0.1705 -1.1417 0.0, 0.1705 -1.1417 -0.1575, 0.1392 -1.1825 0.0, 0.1392 -1.1825 -0.1575, 0.0984 -1.2138 0.0, 0.0984 -1.2138 -0.1575, 0.0946 -1.2154 0.0, 0.0509 -1.2335 -0.1575, 0.0509 -1.2335 0.0, 0.0 -1.2402 0.0, 0.0 -1.2402 -0.1575, -0.0494 -1.2337 0.0, -0.0509 -1.2335 -0.1575, -0.0509 -1.2335 0.0, -0.0984 -1.2138 0.0, -0.0984 -1.2138 -0.1575, -0.1392 -1.1825 0.0, -0.1392 -1.1825 -0.1575, -0.1705 -1.1417 0.0, -0.1705 -1.1417 -0.1575, -0.1901 -1.0943 0.0, -0.1901 -1.0943 -0.1575, -0.1969 -1.0433 0.0, -0.1969 -1.0433 -0.1575, -0.1901 -0.9924 0.0, -0.1901 -0.9924 -0.1575, -0.1705 -0.9449 0.0, -0.1705 -0.9449 -0.1575, -0.1392 -0.9041 0.0, -0.1392 -0.9041 -0.1575, -0.0984 -0.8728 0.0, -0.0984 -0.8728 -0.1575, -0.0509 -0.8532 0.0, -0.0509 -0.8532 -0.1575, -0.0494 -0.853 0.0, 0.0 -0.8465 0.0, 0.1364 -0.9646 -0.1969, 0.1521 -1.0025 -0.1969, 0.0 -1.0433 -0.1969, 0.1575 -1.0433 -0.1969, 0.1521 -1.0841 -0.1969, 0.0408 -0.8912 -0.1969, 0.0787 -0.9069 -0.1969, 0.1114 -0.932 -0.1969, -0.0787 -0.9069 -0.1969, -0.0408 -0.8912 -0.1969, 0.0 -0.8858 -0.1969, -0.1521 -1.0025 -0.1969, -0.1364 -0.9646 -0.1969, -0.1114 -0.932 -0.1969, -0.1364 -1.122 -0.1969, -0.1521 -1.0841 -0.1969, -0.1575 -1.0433 -0.1969, -0.0408 -1.1954 -0.1969, -0.0787 -1.1797 -0.1969, -0.1114 -1.1547 -0.1969, 0.0787 -1.1797 -0.1969, 0.0408 -1.1954 -0.1969, 0.0 -1.2008 -0.1969, 0.1364 -1.122 -0.1969, 0.1114 -1.1547 -0.1969, -0.0 1.9094 -0.1575, 0.0509 1.9027 0.0, 0.0509 1.9027 -0.1575, 0.0946 1.8846 0.0, 0.0984 1.8831 -0.1575, 0.0984 1.8831 0.0, 0.1392 1.8518 0.0, 0.1392 1.8518 -0.1575, 0.1705 1.811 0.0, 0.1705 1.811 -0.1575, 0.1901 1.7635 0.0, 0.1901 1.7635 -0.1575, 0.1969 1.7126 0.0, 0.1969 1.7126 -0.1575, 0.1901 1.6616 0.0, 0.1901 1.6616 -0.1575, 0.1705 1.6142 0.0, 0.1705 1.6142 -0.1575, 0.1392 1.5734 0.0, 0.1392 1.5734 -0.1575, 0.0984 1.5421 0.0, 0.0984 1.5421 -0.1575, 0.0946 1.5406 0.0, 0.0509 1.5225 -0.1575, 0.0509 1.5225 0.0, -0.0 1.5157 0.0, -0.0 1.5157 -0.1575, -0.0494 1.5223 0.0, -0.0509 1.5225 -0.1575, -0.0509 1.5225 0.0, -0.0984 1.5421 0.0, -0.0984 1.5421 -0.1575, -0.1392 1.5734 0.0, -0.1392 1.5734 -0.1575, -0.1705 1.6142 0.0, -0.1705 1.6142 -0.1575, -0.1901 1.6616 0.0, -0.1901 1.6616 -0.1575, -0.1969 1.7126 0.0, -0.1969 1.7126 -0.1575, -0.1901 1.7635 0.0, -0.1901 1.7635 -0.1575, -0.1705 1.811 0.0, -0.1705 1.811 -0.1575, -0.1392 1.8518 0.0, -0.1392 1.8518 -0.1575, -0.0984 1.8831 0.0, -0.0984 1.8831 -0.1575, -0.0509 1.9027 0.0, -0.0509 1.9027 -0.1575, -0.0494 1.9029 0.0, -0.0 1.9094 0.0, 0.1364 1.7913 -0.1969, 0.1521 1.7534 -0.1969, -0.0 1.7126 -0.1969, 0.1575 1.7126 -0.1969, 0.1521 1.6718 -0.1969, 0.0408 1.8647 -0.1969, 0.0787 1.849 -0.1969, 0.1114 1.824 -0.1969, -0.0787 1.849 -0.1969, -0.0408 1.8647 -0.1969, -0.0 1.8701 -0.1969, -0.1521 1.7534 -0.1969, -0.1364 1.7913 -0.1969, -0.1114 1.824 -0.1969, -0.1364 1.6339 -0.1969, -0.1521 1.6718 -0.1969, -0.1575 1.7126 -0.1969, -0.0408 1.5605 -0.1969, -0.0787 1.5762 -0.1969, -0.1114 1.6012 -0.1969, 0.0787 1.5762 -0.1969, 0.0408 1.5605 -0.1969, -0.0 1.5551 -0.1969, 0.1364 1.6339 -0.1969, 0.1114 1.6012 -0.1969, 0.162 1.6692 -0.1955, 0.1452 1.6288 -0.1955, 0.1186 1.594 -0.1955, 0.0838 1.5674 -0.1955, 0.0434 1.5506 -0.1955, -0.0 1.5449 -0.1955, -0.0434 1.5506 -0.1955, -0.0838 1.5674 -0.1955, -0.1186 1.594 -0.1955, -0.1452 1.6288 -0.1955, -0.162 1.6692 -0.1955, -0.1677 1.7126 -0.1955, -0.162 1.756 -0.1955, -0.1452 1.7964 -0.1955, -0.1186 1.8312 -0.1955, -0.0838 1.8578 -0.1955, -0.0434 1.8746 -0.1955, -0.0 1.8803 -0.1955, 0.0434 1.8746 -0.1955, 0.0838 1.8578 -0.1955, 0.1186 1.8312 -0.1955, 0.1452 1.7964 -0.1955, 0.162 1.756 -0.1955, 0.1677 1.7126 -0.1955, 0.1711 1.6667 -0.1916, 0.1534 1.624 -0.1916, 0.1253 1.5873 -0.1916, 0.0886 1.5592 -0.1916, 0.0459 1.5415 -0.1916, -0.0 1.5354 -0.1916, -0.0459 1.5415 -0.1916, -0.0886 1.5592 -0.1916, -0.1253 1.5873 -0.1916, -0.1534 1.624 -0.1916, -0.1711 1.6667 -0.1916, -0.1772 1.7126 -0.1916, -0.1711 1.7585 -0.1916, -0.1534 1.8012 -0.1916, -0.1253 1.8379 -0.1916, -0.0886 1.866 -0.1916, -0.0459 1.8837 -0.1916, -0.0 1.8898 -0.1916, 0.0459 1.8837 -0.1916, 0.0886 1.866 -0.1916, 0.1253 1.8379 -0.1916, 0.1534 1.8012 -0.1916, 0.1711 1.7585 -0.1916, 0.1772 1.7126 -0.1916, 0.179 1.6646 -0.1853, 0.1605 1.6199 -0.1853, 0.131 1.5816 -0.1853, 0.0927 1.5521 -0.1853, 0.048 1.5336 -0.1853, -0.0 1.5273 -0.1853, -0.048 1.5336 -0.1853, -0.0927 1.5521 -0.1853, -0.131 1.5816 -0.1853, -0.1605 1.6199 -0.1853, -0.179 1.6646 -0.1853, -0.1853 1.7126 -0.1853, -0.179 1.7606 -0.1853, -0.1605 1.8053 -0.1853, -0.131 1.8436 -0.1853, -0.0927 1.8731 -0.1853, -0.048 1.8916 -0.1853, -0.0 1.8979 -0.1853, 0.048 1.8916 -0.1853, 0.0927 1.8731 -0.1853, 0.131 1.8436 -0.1853, 0.1605 1.8053 -0.1853, 0.179 1.7606 -0.1853, 0.1853 1.7126 -0.1853, 0.185 1.663 -0.1772, 0.1659 1.6168 -0.1772, 0.1355 1.5771 -0.1772, 0.0958 1.5467 -0.1772, 0.0496 1.5276 -0.1772, -0.0 1.521 -0.1772, -0.0496 1.5276 -0.1772, -0.0958 1.5467 -0.1772, -0.1355 1.5771 -0.1772, -0.1659 1.6168 -0.1772, -0.185 1.663 -0.1772, -0.1916 1.7126 -0.1772, -0.185 1.7622 -0.1772, -0.1659 1.8084 -0.1772, -0.1355 1.8481 -0.1772, -0.0958 1.8785 -0.1772, -0.0496 1.8976 -0.1772, -0.0 1.9042 -0.1772, 0.0496 1.8976 -0.1772, 0.0958 1.8785 -0.1772, 0.1355 1.8481 -0.1772, 0.1659 1.8084 -0.1772, 0.185 1.7622 -0.1772, 0.1916 1.7126 -0.1772, 0.1888 1.662 -0.1677, 0.1693 1.6148 -0.1677, 0.1382 1.5744 -0.1677, 0.0978 1.5433 -0.1677, 0.0506 1.5238 -0.1677, -0.0 1.5171 -0.1677, -0.0506 1.5238 -0.1677, -0.0978 1.5433 -0.1677, -0.1382 1.5744 -0.1677, -0.1693 1.6148 -0.1677, -0.1888 1.662 -0.1677, -0.1955 1.7126 -0.1677, -0.1888 1.7632 -0.1677, -0.1693 1.8104 -0.1677, -0.1382 1.8508 -0.1677, -0.0978 1.8819 -0.1677, -0.0506 1.9014 -0.1677, -0.0 1.9081 -0.1677, 0.0506 1.9014 -0.1677, 0.0978 1.8819 -0.1677, 0.1382 1.8508 -0.1677, 0.1693 1.8104 -0.1677, 0.1888 1.7632 -0.1677, 0.1955 1.7126 -0.1677, 0.162 -1.0867 -0.1955, 0.1452 -1.1271 -0.1955, 0.1186 -1.1619 -0.1955, 0.0838 -1.1885 -0.1955, 0.0434 -1.2053 -0.1955, 0.0 -1.211 -0.1955, -0.0434 -1.2053 -0.1955, -0.0838 -1.1885 -0.1955, -0.1186 -1.1619 -0.1955, -0.1452 -1.1271 -0.1955, -0.162 -1.0867 -0.1955, -0.1677 -1.0433 -0.1955, -0.162 -0.9999 -0.1955, -0.1452 -0.9595 -0.1955, -0.1186 -0.9247 -0.1955, -0.0838 -0.8981 -0.1955, -0.0434 -0.8814 -0.1955, 0.0 -0.8756 -0.1955, 0.0434 -0.8814 -0.1955, 0.0838 -0.8981 -0.1955, 0.1186 -0.9247 -0.1955, 0.1452 -0.9595 -0.1955, 0.162 -0.9999 -0.1955, 0.1677 -1.0433 -0.1955, 0.1711 -1.0892 -0.1916, 0.1534 -1.1319 -0.1916, 0.1253 -1.1686 -0.1916, 0.0886 -1.1967 -0.1916, 0.0459 -1.2144 -0.1916, 0.0 -1.2205 -0.1916, -0.0459 -1.2144 -0.1916, -0.0886 -1.1967 -0.1916, -0.1253 -1.1686 -0.1916, -0.1534 -1.1319 -0.1916, -0.1711 -1.0892 -0.1916, -0.1772 -1.0433 -0.1916, -0.1711 -0.9975 -0.1916, -0.1534 -0.9547 -0.1916, -0.1253 -0.918 -0.1916, -0.0886 -0.8899 -0.1916, -0.0459 -0.8722 -0.1916, 0.0 -0.8661 -0.1916, 0.0459 -0.8722 -0.1916, 0.0886 -0.8899 -0.1916, 0.1253 -0.918 -0.1916, 0.1534 -0.9547 -0.1916, 0.1711 -0.9975 -0.1916, 0.1772 -1.0433 -0.1916, 0.179 -1.0913 -0.1853, 0.1605 -1.136 -0.1853, 0.131 -1.1743 -0.1853, 0.0927 -1.2038 -0.1853, 0.048 -1.2223 -0.1853, 0.0 -1.2286 -0.1853, -0.048 -1.2223 -0.1853, -0.0927 -1.2038 -0.1853, -0.131 -1.1743 -0.1853, -0.1605 -1.136 -0.1853, -0.179 -1.0913 -0.1853, -0.1853 -1.0433 -0.1853, -0.179 -0.9953 -0.1853, -0.1605 -0.9506 -0.1853, -0.131 -0.9123 -0.1853, -0.0927 -0.8828 -0.1853, -0.048 -0.8643 -0.1853, 0.0 -0.858 -0.1853, 0.048 -0.8643 -0.1853, 0.0927 -0.8828 -0.1853, 0.131 -0.9123 -0.1853, 0.1605 -0.9506 -0.1853, 0.179 -0.9953 -0.1853, 0.1853 -1.0433 -0.1853, 0.185 -1.0929 -0.1772, 0.1659 -1.1391 -0.1772, 0.1355 -1.1788 -0.1772, 0.0958 -1.2092 -0.1772, 0.0496 -1.2284 -0.1772, 0.0 -1.2349 -0.1772, -0.0496 -1.2284 -0.1772, -0.0958 -1.2092 -0.1772, -0.1355 -1.1788 -0.1772, -0.1659 -1.1391 -0.1772, -0.185 -1.0929 -0.1772, -0.1916 -1.0433 -0.1772, -0.185 -0.9937 -0.1772, -0.1659 -0.9475 -0.1772, -0.1355 -0.9078 -0.1772, -0.0958 -0.8774 -0.1772, -0.0496 -0.8583 -0.1772, 0.0 -0.8517 -0.1772, 0.0496 -0.8583 -0.1772, 0.0958 -0.8774 -0.1772, 0.1355 -0.9078 -0.1772, 0.1659 -0.9475 -0.1772, 0.185 -0.9937 -0.1772, 0.1916 -1.0433 -0.1772, 0.1888 -1.0939 -0.1677, 0.1693 -1.1411 -0.1677, 0.1382 -1.1816 -0.1677, 0.0978 -1.2126 -0.1677, 0.0506 -1.2322 -0.1677, 0.0 -1.2388 -0.1677, -0.0506 -1.2322 -0.1677, -0.0978 -1.2126 -0.1677, -0.1382 -1.1816 -0.1677, -0.1693 -1.1411 -0.1677, -0.1888 -1.0939 -0.1677, -0.1955 -1.0433 -0.1677, -0.1888 -0.9927 -0.1677, -0.1693 -0.9456 -0.1677, -0.1382 -0.9051 -0.1677, -0.0978 -0.874 -0.1677, -0.0506 -0.8545 -0.1677, 0.0 -0.8478 -0.1677, 0.0506 -0.8545 -0.1677, 0.0978 -0.874 -0.1677, 0.1382 -0.9051 -0.1677, 0.1693 -0.9456 -0.1677, 0.1888 -0.9927 -0.1677, 0.1955 -1.0433 -0.1677, 1.0236 1.4282 0.0, 1.0236 1.3386 0.0, 1.0236 1.3386 0.0709, 1.0236 0.9055 0.0, 1.0236 0.8147 0.0, 1.0236 0.9055 0.0709, 1.0236 0.8147 0.3937, 1.0236 1.4282 0.3937, 0.88 1.4282 0.3937, 0.88 1.4282 0.0, 0.88 0.8147 0.3937, 0.88 0.8147 0.0, -1.0236 1.241 0.0, -1.0236 1.2992 0.0, -1.0236 1.2992 0.0709, -1.0236 1.7323 0.0, -1.0236 1.8021 0.0, -1.0236 1.7323 0.0709, -1.0236 1.8021 0.3937, -1.0236 1.241 0.3937, -0.886 1.241 0.3937, -0.886 1.241 0.0, -0.886 1.8021 0.3937, -0.886 1.8021 0.0, 1.0236 -0.2756 0.0, 1.0236 -0.3264 0.0, 1.0236 -0.2756 0.0709, 1.0236 -0.3264 0.3937, 1.0236 0.1575 0.0709, 1.0236 0.2828 0.3937, 1.0236 0.1575 0.0, 1.0236 0.2828 0.0, 0.88 0.2828 0.3937, 0.88 0.2828 0.0, 0.88 -0.3264 0.3937, 0.88 -0.3264 0.0, 1.0236 -0.6053 0.0, 1.0236 -0.6693 0.0, 1.0236 -0.6693 0.0709, 1.0236 -1.1024 0.0, 1.0236 -1.2144 0.0, 1.0236 -1.1024 0.0709, 1.0236 -1.2144 0.3937, 1.0236 -0.6053 0.3937, 0.88 -0.6053 0.3937, 0.88 -0.6053 0.0, 0.88 -0.7001 0.0, 0.88 -1.2144 0.3937, 0.88 -1.2144 0.0, -1.0236 -1.0566 0.0, -1.0236 -0.9843 0.0, -1.0236 -0.9843 0.0709, -1.0236 -0.5512 0.0, -1.0236 -0.4619 0.0, -1.0236 -0.5512 0.0709, -1.0236 -0.4619 0.3937, -1.0236 -1.0566 0.3937, -0.886 -1.0566 0.3937, -0.886 -1.0566 0.0, -0.886 -0.7001 0.0, -0.886 -0.4619 0.3937, -0.886 -0.5525 0.0, -0.886 -0.4619 0.0, -1.0236 0.1147 0.0, -1.0236 0.1575 0.0, -1.0236 0.1575 0.0709, -1.0236 0.5906 0.0, -1.0236 0.6492 0.0, -1.0236 0.5906 0.0709, -1.0236 0.6492 0.3937, -1.0236 0.1147 0.3937, -0.886 0.1147 0.3937, -0.886 0.1147 0.0, -0.886 0.5819 0.0, -0.886 0.6492 0.3937, -0.886 0.6492 0.0, -1.0236 -1.9245 0.0, -1.0236 -1.8504 0.0, -1.0236 -1.8504 0.0709, -1.0236 -1.4173 0.0, -1.0236 -1.3238 0.0, -1.0236 -1.4173 0.0709, -1.0236 -1.3238 0.3937, -1.0236 -1.9245 0.3937, -0.886 -1.9245 0.3937, -0.886 -1.9245 0.0, -0.886 -1.3238 0.3937, -0.886 -1.3238 0.0, 1.0236 2.1876 0.0, 1.0236 2.0866 0.0, 1.0236 2.0866 0.0709, 1.0236 1.6535 0.0, 1.0236 1.5698 0.0, 1.0236 1.6535 0.0709, 1.0236 1.5698 0.3937, 1.0236 2.1876 0.3937, 0.88 2.1876 0.3937, 0.88 2.1876 0.0, 0.88 1.5698 0.3937, 0.88 1.5698 0.0, 0.88 1.5698 0.0
            ]
        }
        coordIndex [
            0,1,2,-1,2,1,3,-1,2,3,4,-1,4,3,5,-1,4,5,6,-1,6,5,7,-1,8,9,10,-1,10,9,11,-1,10,11,12,-1,13,14,10,-1,10,14,15,-1,10,15,16,-1,12,17,10,-1,10,17,18,-1,10,18,19,-1,19,20,10,-1,10,20,21,-1,10,21,13,-1,22,23,15,-1,15,23,24,-1,15,24,16,-1,25,26,27,-1,27,26,28,-1,27,28,29,-1,28,30,29,-1,29,30,31,-1,29,31,32,-1,32,31,33,-1,32,33,34,-1,34,33,35,-1,34,35,36,-1,36,35,37,-1,36,37,38,-1,38,37,39,-1,38,39,40,-1,40,39,41,-1,40,41,42,-1,42,41,43,-1,42,43,44,-1,44,43,45,-1,44,45,46,-1,46,45,47,-1,46,47,48,-1,47,49,48,-1,48,49,50,-1,48,50,51,-1,51,50,52,-1,51,52,53,-1,52,54,53,-1,53,54,55,-1,53,55,56,-1,56,55,57,-1,56,57,58,-1,58,57,59,-1,58,59,60,-1,60,59,61,-1,60,61,62,-1,62,61,63,-1,62,63,64,-1,64,63,65,-1,64,65,66,-1,66,65,67,-1,66,67,68,-1,68,67,69,-1,68,69,70,-1,70,69,71,-1,70,71,72,-1,72,71,73,-1,72,73,74,-1,74,73,75,-1,74,75,25,-1,25,75,76,-1,25,76,26,-1,77,78,79,-1,79,78,80,-1,79,80,81,-1,82,83,79,-1,79,83,84,-1,79,84,77,-1,85,86,79,-1,79,86,87,-1,79,87,82,-1,88,89,79,-1,79,89,90,-1,79,90,85,-1,91,92,79,-1,79,92,93,-1,79,93,88,-1,94,95,79,-1,79,95,96,-1,79,96,91,-1,97,98,79,-1,79,98,99,-1,79,99,94,-1,81,100,79,-1,79,100,101,-1,79,101,97,-1,102,103,104,-1,104,103,105,-1,104,105,106,-1,105,107,106,-1,106,107,108,-1,106,108,109,-1,109,108,110,-1,109,110,111,-1,111,110,112,-1,111,112,113,-1,113,112,114,-1,113,114,115,-1,115,114,116,-1,115,116,117,-1,117,116,118,-1,117,118,119,-1,119,118,120,-1,119,120,121,-1,121,120,122,-1,121,122,123,-1,123,122,124,-1,123,124,125,-1,124,126,125,-1,125,126,127,-1,125,127,128,-1,128,127,129,-1,128,129,130,-1,129,131,130,-1,130,131,132,-1,130,132,133,-1,133,132,134,-1,133,134,135,-1,135,134,136,-1,135,136,137,-1,137,136,138,-1,137,138,139,-1,139,138,140,-1,139,140,141,-1,141,140,142,-1,141,142,143,-1,143,142,144,-1,143,144,145,-1,145,144,146,-1,145,146,147,-1,147,146,148,-1,147,148,149,-1,149,148,150,-1,149,150,151,-1,151,150,152,-1,151,152,102,-1,102,152,153,-1,102,153,103,-1,154,155,156,-1,156,155,157,-1,156,157,158,-1,159,160,156,-1,156,160,161,-1,156,161,154,-1,162,163,156,-1,156,163,164,-1,156,164,159,-1,165,166,156,-1,156,166,167,-1,156,167,162,-1,168,169,156,-1,156,169,170,-1,156,170,165,-1,171,172,156,-1,156,172,173,-1,156,173,168,-1,174,175,156,-1,156,175,176,-1,156,176,171,-1,158,177,156,-1,156,177,178,-1,156,178,174,-1,157,179,158,-1,158,179,180,-1,158,180,177,-1,177,180,181,-1,177,181,178,-1,178,181,182,-1,178,182,174,-1,174,182,183,-1,174,183,175,-1,175,183,184,-1,175,184,176,-1,176,184,185,-1,176,185,171,-1,171,185,186,-1,171,186,172,-1,172,186,187,-1,172,187,173,-1,173,187,188,-1,173,188,168,-1,168,188,189,-1,168,189,169,-1,169,189,190,-1,169,190,170,-1,170,190,191,-1,170,191,165,-1,165,191,192,-1,165,192,166,-1,166,192,193,-1,166,193,167,-1,167,193,194,-1,167,194,162,-1,162,194,195,-1,162,195,163,-1,163,195,196,-1,163,196,164,-1,164,196,197,-1,164,197,159,-1,159,197,198,-1,159,198,160,-1,160,198,199,-1,160,199,161,-1,161,199,200,-1,161,200,154,-1,154,200,201,-1,154,201,155,-1,155,201,202,-1,155,202,157,-1,157,202,179,-1,202,203,179,-1,179,203,204,-1,179,204,180,-1,180,204,205,-1,180,205,181,-1,181,205,206,-1,181,206,182,-1,182,206,207,-1,182,207,183,-1,183,207,208,-1,183,208,184,-1,184,208,209,-1,184,209,185,-1,185,209,210,-1,185,210,186,-1,186,210,211,-1,186,211,187,-1,187,211,212,-1,187,212,188,-1,188,212,213,-1,188,213,189,-1,189,213,214,-1,189,214,190,-1,190,214,215,-1,190,215,191,-1,191,215,216,-1,191,216,192,-1,192,216,217,-1,192,217,193,-1,193,217,218,-1,193,218,194,-1,194,218,219,-1,194,219,195,-1,195,219,220,-1,195,220,196,-1,196,220,221,-1,196,221,197,-1,197,221,222,-1,197,222,198,-1,198,222,223,-1,198,223,199,-1,199,223,224,-1,199,224,200,-1,200,224,225,-1,200,225,201,-1,201,225,226,-1,201,226,202,-1,202,226,203,-1,226,227,203,-1,203,227,228,-1,203,228,204,-1,204,228,229,-1,204,229,205,-1,205,229,230,-1,205,230,206,-1,206,230,231,-1,206,231,207,-1,207,231,232,-1,207,232,208,-1,208,232,233,-1,208,233,209,-1,209,233,234,-1,209,234,210,-1,210,234,235,-1,210,235,211,-1,211,235,236,-1,211,236,212,-1,212,236,237,-1,212,237,213,-1,213,237,238,-1,213,238,214,-1,214,238,239,-1,214,239,215,-1,215,239,240,-1,215,240,216,-1,216,240,241,-1,216,241,217,-1,217,241,242,-1,217,242,218,-1,218,242,243,-1,218,243,219,-1,219,243,244,-1,219,244,220,-1,220,244,245,-1,220,245,221,-1,221,245,246,-1,221,246,222,-1,222,246,247,-1,222,247,223,-1,223,247,248,-1,223,248,224,-1,224,248,249,-1,224,249,225,-1,225,249,250,-1,225,250,226,-1,226,250,227,-1,250,251,227,-1,227,251,252,-1,227,252,228,-1,228,252,253,-1,228,253,229,-1,229,253,254,-1,229,254,230,-1,230,254,255,-1,230,255,231,-1,231,255,256,-1,231,256,232,-1,232,256,257,-1,232,257,233,-1,233,257,258,-1,233,258,234,-1,234,258,259,-1,234,259,235,-1,235,259,260,-1,235,260,236,-1,236,260,261,-1,236,261,237,-1,237,261,262,-1,237,262,238,-1,238,262,263,-1,238,263,239,-1,239,263,264,-1,239,264,240,-1,240,264,265,-1,240,265,241,-1,241,265,266,-1,241,266,242,-1,242,266,267,-1,242,267,243,-1,243,267,268,-1,243,268,244,-1,244,268,269,-1,244,269,245,-1,245,269,270,-1,245,270,246,-1,246,270,271,-1,246,271,247,-1,247,271,272,-1,247,272,248,-1,248,272,273,-1,248,273,249,-1,249,273,274,-1,249,274,250,-1,250,274,251,-1,274,275,251,-1,251,275,276,-1,251,276,252,-1,252,276,277,-1,252,277,253,-1,253,277,278,-1,253,278,254,-1,254,278,279,-1,254,279,255,-1,255,279,280,-1,255,280,256,-1,256,280,281,-1,256,281,257,-1,257,281,282,-1,257,282,258,-1,258,282,283,-1,258,283,259,-1,259,283,284,-1,259,284,260,-1,260,284,285,-1,260,285,261,-1,261,285,286,-1,261,286,262,-1,262,286,287,-1,262,287,263,-1,263,287,288,-1,263,288,264,-1,264,288,289,-1,264,289,265,-1,265,289,290,-1,265,290,266,-1,266,290,291,-1,266,291,267,-1,267,291,292,-1,267,292,268,-1,268,292,293,-1,268,293,269,-1,269,293,294,-1,269,294,270,-1,270,294,295,-1,270,295,271,-1,271,295,296,-1,271,296,272,-1,272,296,297,-1,272,297,273,-1,273,297,298,-1,273,298,274,-1,274,298,275,-1,298,117,275,-1,275,117,119,-1,275,119,276,-1,276,119,121,-1,276,121,277,-1,277,121,123,-1,277,123,278,-1,278,123,125,-1,278,125,279,-1,279,125,128,-1,279,128,280,-1,280,128,130,-1,280,130,281,-1,281,130,133,-1,281,133,282,-1,282,133,135,-1,282,135,283,-1,283,135,137,-1,283,137,284,-1,284,137,139,-1,284,139,285,-1,285,139,141,-1,285,141,286,-1,286,141,143,-1,286,143,287,-1,287,143,145,-1,287,145,288,-1,288,145,147,-1,288,147,289,-1,289,147,149,-1,289,149,290,-1,290,149,151,-1,290,151,291,-1,291,151,102,-1,291,102,292,-1,292,102,104,-1,292,104,293,-1,293,104,106,-1,293,106,294,-1,294,106,109,-1,294,109,295,-1,295,109,111,-1,295,111,296,-1,296,111,113,-1,296,113,297,-1,297,113,115,-1,297,115,298,-1,298,115,117,-1,80,299,81,-1,81,299,300,-1,81,300,100,-1,100,300,301,-1,100,301,101,-1,101,301,302,-1,101,302,97,-1,97,302,303,-1,97,303,98,-1,98,303,304,-1,98,304,99,-1,99,304,305,-1,99,305,94,-1,94,305,306,-1,94,306,95,-1,95,306,307,-1,95,307,96,-1,96,307,308,-1,96,308,91,-1,91,308,309,-1,91,309,92,-1,92,309,310,-1,92,310,93,-1,93,310,311,-1,93,311,88,-1,88,311,312,-1,88,312,89,-1,89,312,313,-1,89,313,90,-1,90,313,314,-1,90,314,85,-1,85,314,315,-1,85,315,86,-1,86,315,316,-1,86,316,87,-1,87,316,317,-1,87,317,82,-1,82,317,318,-1,82,318,83,-1,83,318,319,-1,83,319,84,-1,84,319,320,-1,84,320,77,-1,77,320,321,-1,77,321,78,-1,78,321,322,-1,78,322,80,-1,80,322,299,-1,322,323,299,-1,299,323,324,-1,299,324,300,-1,300,324,325,-1,300,325,301,-1,301,325,326,-1,301,326,302,-1,302,326,327,-1,302,327,303,-1,303,327,328,-1,303,328,304,-1,304,328,329,-1,304,329,305,-1,305,329,330,-1,305,330,306,-1,306,330,331,-1,306,331,307,-1,307,331,332,-1,307,332,308,-1,308,332,333,-1,308,333,309,-1,309,333,334,-1,309,334,310,-1,310,334,335,-1,310,335,311,-1,311,335,336,-1,311,336,312,-1,312,336,337,-1,312,337,313,-1,313,337,338,-1,313,338,314,-1,314,338,339,-1,314,339,315,-1,315,339,340,-1,315,340,316,-1,316,340,341,-1,316,341,317,-1,317,341,342,-1,317,342,318,-1,318,342,343,-1,318,343,319,-1,319,343,344,-1,319,344,320,-1,320,344,345,-1,320,345,321,-1,321,345,346,-1,321,346,322,-1,322,346,323,-1,346,347,323,-1,323,347,348,-1,323,348,324,-1,324,348,349,-1,324,349,325,-1,325,349,350,-1,325,350,326,-1,326,350,351,-1,326,351,327,-1,327,351,352,-1,327,352,328,-1,328,352,353,-1,328,353,329,-1,329,353,354,-1,329,354,330,-1,330,354,355,-1,330,355,331,-1,331,355,356,-1,331,356,332,-1,332,356,357,-1,332,357,333,-1,333,357,358,-1,333,358,334,-1,334,358,359,-1,334,359,335,-1,335,359,360,-1,335,360,336,-1,336,360,361,-1,336,361,337,-1,337,361,362,-1,337,362,338,-1,338,362,363,-1,338,363,339,-1,339,363,364,-1,339,364,340,-1,340,364,365,-1,340,365,341,-1,341,365,366,-1,341,366,342,-1,342,366,367,-1,342,367,343,-1,343,367,368,-1,343,368,344,-1,344,368,369,-1,344,369,345,-1,345,369,370,-1,345,370,346,-1,346,370,347,-1,370,371,347,-1,347,371,372,-1,347,372,348,-1,348,372,373,-1,348,373,349,-1,349,373,374,-1,349,374,350,-1,350,374,375,-1,350,375,351,-1,351,375,376,-1,351,376,352,-1,352,376,377,-1,352,377,353,-1,353,377,378,-1,353,378,354,-1,354,378,379,-1,354,379,355,-1,355,379,380,-1,355,380,356,-1,356,380,381,-1,356,381,357,-1,357,381,382,-1,357,382,358,-1,358,382,383,-1,358,383,359,-1,359,383,384,-1,359,384,360,-1,360,384,385,-1,360,385,361,-1,361,385,386,-1,361,386,362,-1,362,386,387,-1,362,387,363,-1,363,387,388,-1,363,388,364,-1,364,388,389,-1,364,389,365,-1,365,389,390,-1,365,390,366,-1,366,390,391,-1,366,391,367,-1,367,391,392,-1,367,392,368,-1,368,392,393,-1,368,393,369,-1,369,393,394,-1,369,394,370,-1,370,394,371,-1,394,395,371,-1,371,395,396,-1,371,396,372,-1,372,396,397,-1,372,397,373,-1,373,397,398,-1,373,398,374,-1,374,398,399,-1,374,399,375,-1,375,399,400,-1,375,400,376,-1,376,400,401,-1,376,401,377,-1,377,401,402,-1,377,402,378,-1,378,402,403,-1,378,403,379,-1,379,403,404,-1,379,404,380,-1,380,404,405,-1,380,405,381,-1,381,405,406,-1,381,406,382,-1,382,406,407,-1,382,407,383,-1,383,407,408,-1,383,408,384,-1,384,408,409,-1,384,409,385,-1,385,409,410,-1,385,410,386,-1,386,410,411,-1,386,411,387,-1,387,411,412,-1,387,412,388,-1,388,412,413,-1,388,413,389,-1,389,413,414,-1,389,414,390,-1,390,414,415,-1,390,415,391,-1,391,415,416,-1,391,416,392,-1,392,416,417,-1,392,417,393,-1,393,417,418,-1,393,418,394,-1,394,418,395,-1,418,40,395,-1,395,40,42,-1,395,42,396,-1,396,42,44,-1,396,44,397,-1,397,44,46,-1,397,46,398,-1,398,46,48,-1,398,48,399,-1,399,48,51,-1,399,51,400,-1,400,51,53,-1,400,53,401,-1,401,53,56,-1,401,56,402,-1,402,56,58,-1,402,58,403,-1,403,58,60,-1,403,60,404,-1,404,60,62,-1,404,62,405,-1,405,62,64,-1,405,64,406,-1,406,64,66,-1,406,66,407,-1,407,66,68,-1,407,68,408,-1,408,68,70,-1,408,70,409,-1,409,70,72,-1,409,72,410,-1,410,72,74,-1,410,74,411,-1,411,74,25,-1,411,25,412,-1,412,25,27,-1,412,27,413,-1,413,27,29,-1,413,29,414,-1,414,29,32,-1,414,32,415,-1,415,32,34,-1,415,34,416,-1,416,34,36,-1,416,36,417,-1,417,36,38,-1,417,38,418,-1,418,38,40,-1,419,420,421,-1,422,423,424,-1,424,423,425,-1,424,425,421,-1,421,425,426,-1,421,426,419,-1,426,427,419,-1,419,427,428,-1,427,429,428,-1,428,429,430,-1,429,425,430,-1,430,425,423,-1,429,427,425,-1,425,427,426,-1,431,432,433,-1,434,435,436,-1,436,435,437,-1,436,437,433,-1,433,437,438,-1,433,438,431,-1,438,439,431,-1,431,439,440,-1,439,441,440,-1,440,441,442,-1,441,437,442,-1,442,437,435,-1,441,439,437,-1,437,439,438,-1,443,444,445,-1,445,444,446,-1,445,446,447,-1,447,446,448,-1,447,448,449,-1,449,448,450,-1,448,451,450,-1,450,451,452,-1,451,453,452,-1,452,453,454,-1,453,446,454,-1,454,446,444,-1,453,451,446,-1,446,451,448,-1,455,456,457,-1,458,459,460,-1,460,459,461,-1,460,461,457,-1,457,461,462,-1,457,462,455,-1,462,463,455,-1,455,463,464,-1,464,463,465,-1,465,463,466,-1,465,466,467,-1,466,461,467,-1,467,461,459,-1,466,463,461,-1,461,463,462,-1,468,469,470,-1,471,472,473,-1,473,472,474,-1,473,474,470,-1,470,474,475,-1,470,475,468,-1,475,476,468,-1,468,476,477,-1,477,476,478,-1,478,476,479,-1,478,479,480,-1,480,479,481,-1,479,474,481,-1,481,474,472,-1,479,476,474,-1,474,476,475,-1,482,483,484,-1,485,486,487,-1,487,486,488,-1,487,488,484,-1,484,488,489,-1,484,489,482,-1,489,490,482,-1,482,490,491,-1,491,490,492,-1,492,490,493,-1,492,493,494,-1,493,488,494,-1,494,488,486,-1,493,490,488,-1,488,490,489,-1,495,496,497,-1,498,499,500,-1,500,499,501,-1,500,501,497,-1,497,501,502,-1,497,502,495,-1,502,503,495,-1,495,503,504,-1,503,505,504,-1,504,505,506,-1,505,501,506,-1,506,501,499,-1,505,503,501,-1,501,503,502,-1,507,508,509,-1,510,511,512,-1,512,511,513,-1,512,513,509,-1,509,513,514,-1,509,514,507,-1,514,515,507,-1,507,515,516,-1,515,517,516,-1,516,517,518,-1,517,513,518,-1,518,513,511,-1,517,515,513,-1,513,515,514,-1,
        ]
    }
}
Shape{
    appearance Appearance {
        material  Material 	{
            diffuseColor 0.8313725490196079 0.6705882352941176 0.12941176470588237
            specularColor 0.6666666666666666 0.5372549019607843 0.10196078431372549
            ambientIntensity 0.2
            transparency 0
            shininess 0.5
        }
    }
    geometry IndexedFaceSet {
        ccw TRUE
        solid FALSE
        coord DEF co Coordinate {
            point [
                -1.009 -1.4558 1.5948, -1.009 -2.0464 1.5948, -0.1399 -1.4558 1.7808, -0.1399 -2.0464 1.7808, 0.3341 -1.323 1.8823, 0.3341 -1.9135 1.8823, 0.6862 -1.2289 1.8771, 0.6862 -1.8195 1.8771, -0.1234 -1.4558 1.7038, -0.1234 -2.0464 1.7038, -0.9925 -1.4558 1.5178, -0.9925 -2.0464 1.5178, -1.0343 -1.4558 1.5863, -1.0343 -2.0464 1.5863, -1.0571 -1.4558 1.5723, -1.0571 -2.0464 1.5723, -1.0761 -1.4558 1.5536, -1.0761 -2.0464 1.5536, -1.0904 -1.4558 1.531, -1.0904 -2.0464 1.531, -1.0993 -1.4558 1.5058, -1.0993 -2.0464 1.5058, -1.1024 -1.4558 1.4793, -1.1024 -2.0464 1.4793, -1.1024 -2.0464 1.378, -1.1024 -1.4558 1.378, -1.0236 -2.0464 1.378, -1.0236 -1.4558 1.378, -1.0236 -2.0464 1.4793, -1.0236 -1.4558 1.4793, -1.0226 -2.0464 1.4881, -1.0226 -1.4558 1.4881, -1.0196 -2.0464 1.4965, -1.0196 -1.4558 1.4965, -1.0149 -2.0464 1.5041, -1.0149 -1.4558 1.5041, -1.0085 -2.0464 1.5103, -1.0085 -1.4558 1.5103, -1.0009 -2.0464 1.515, -1.0009 -1.4558 1.515, 0.3459 -1.3188 1.8996, 0.3714 -1.3103 1.9286, 0.4015 -1.3009 1.9534, 0.4356 -1.2906 1.9731, 0.4731 -1.2797 1.987, 0.5125 -1.2687 1.9943, 0.5534 -1.2578 1.9948, 0.5943 -1.2472 1.988, 0.6341 -1.2373 1.974, 0.6697 -1.2289 1.9541, 0.6697 -1.8195 1.9541, 0.4015 -1.8914 1.9534, 0.3714 -1.9009 1.9286, 0.3459 -1.9094 1.8996, 0.5125 -1.8593 1.9943, 0.4731 -1.8703 1.987, 0.4356 -1.8811 1.9731, 0.6341 -1.8279 1.974, 0.5943 -1.8378 1.988, 0.5534 -1.8483 1.9948, 1.009 1.5488 1.5948, 1.009 2.1394 1.5948, 0.1399 1.5488 1.7808, 0.1399 2.1394 1.7808, -0.3341 1.416 1.8823, -0.3341 2.0066 1.8823, -0.6862 1.322 1.8771, -0.6862 1.9125 1.8771, 0.1234 1.5488 1.7038, 0.1234 2.1394 1.7038, 0.9925 1.5488 1.5178, 0.9925 2.1394 1.5178, 1.0343 1.5488 1.5863, 1.0343 2.1394 1.5863, 1.0571 1.5488 1.5723, 1.0571 2.1394 1.5723, 1.0761 1.5488 1.5536, 1.0761 2.1394 1.5536, 1.0904 1.5488 1.531, 1.0904 2.1394 1.531, 1.0993 1.5488 1.5058, 1.0993 2.1394 1.5058, 1.1024 1.5488 1.4793, 1.1024 2.1394 1.4793, 1.1024 2.1394 1.378, 1.1024 1.5488 1.378, 1.0236 2.1394 1.378, 1.0236 1.5488 1.378, 1.0236 2.1394 1.4793, 1.0236 1.5488 1.4793, 1.0226 2.1394 1.4881, 1.0226 1.5488 1.4881, 1.0196 2.1394 1.4965, 1.0196 1.5488 1.4965, 1.0149 2.1394 1.5041, 1.0149 1.5488 1.5041, 1.0085 2.1394 1.5103, 1.0085 1.5488 1.5103, 1.0009 2.1394 1.515, 1.0009 1.5488 1.515, -0.3459 1.4119 1.8996, -0.3714 1.4034 1.9286, -0.4015 1.3939 1.9534, -0.4356 1.3836 1.9731, -0.4731 1.3728 1.987, -0.5125 1.3618 1.9943, -0.5534 1.3508 1.9948, -0.5943 1.3402 1.988, -0.6341 1.3304 1.974, -0.6697 1.322 1.9541, -0.6697 1.9125 1.9541, -0.4015 1.9844 1.9534, -0.3714 1.9939 1.9286, -0.3459 2.0024 1.8996, -0.5125 1.9523 1.9943, -0.4731 1.9633 1.987, -0.4356 1.9742 1.9731, -0.6341 1.9209 1.974, -0.5943 1.9308 1.988, -0.5534 1.9414 1.9948, -0.57 -2.0464 1.3161, -0.8711 -2.0464 1.2775, -0.57 -1.4558 1.3161, -0.8711 -1.4558 1.2775, -0.58 -2.0464 1.3942, -0.58 -1.4558 1.3942, -0.8811 -2.0464 1.3556, -0.8811 -1.4558 1.3556, -0.9019 -1.4558 1.351, -0.9019 -2.0464 1.351, -0.9215 -1.4558 1.3428, -0.9215 -2.0464 1.3428, -0.9394 -1.4558 1.3312, -0.9394 -2.0464 1.3312, -0.9548 -1.4558 1.3165, -0.9548 -2.0464 1.3165, -0.9674 -1.4558 1.2993, -0.9674 -2.0464 1.2993, -0.9766 -1.4558 1.2802, -0.9766 -2.0464 1.2802, -0.9823 -1.4558 1.2597, -0.9823 -2.0464 1.2597, -0.9843 -1.4558 1.2385, -0.9843 -2.0464 1.2385, -0.9843 -2.0464 0.7874, -0.9843 -1.4558 0.7874, -0.9055 -2.0464 0.7874, -0.9055 -1.4558 0.7874, -0.9055 -2.0464 1.2385, -0.9055 -1.4558 1.2385, -0.9044 -2.0464 1.2479, -0.9044 -1.4558 1.2479, -0.901 -2.0464 1.2567, -0.901 -1.4558 1.2567, -0.8957 -2.0464 1.2645, -0.8957 -1.4558 1.2645, -0.8886 -2.0464 1.2708, -0.8886 -1.4558 1.2708, -0.8803 -2.0464 1.2752, -0.8803 -1.4558 1.2752, 1.5551 2.0748 -0.0079, 1.5551 2.1339 -0.0079, 1.5551 2.0748 0.0709, 1.5551 2.1339 0.0709, 1.0236 2.1732 -0.0079, 1.0236 1.7795 -0.0079, 1.0236 2.1732 0.0709, 1.0236 1.7795 0.0709, 1.5157 2.1732 -0.0079, 1.5157 2.1732 0.0709, 1.5259 2.1719 0.0709, 1.5259 2.1719 -0.0079, 1.5354 2.168 0.0709, 1.5354 2.168 -0.0079, 1.5436 2.1617 0.0709, 1.5436 2.1617 -0.0079, 1.5498 2.1535 0.0709, 1.5498 2.1535 -0.0079, 1.5538 2.144 0.0709, 1.5538 2.144 -0.0079, 1.5551 1.878 0.0709, 1.5551 1.8189 0.0709, 1.5551 1.878 -0.0079, 1.5551 1.8189 -0.0079, 1.5538 1.8087 0.0709, 1.5538 1.8087 -0.0079, 1.5498 1.7992 0.0709, 1.5498 1.7992 -0.0079, 1.5436 1.7911 0.0709, 1.5436 1.7911 -0.0079, 1.5354 1.7848 0.0709, 1.5354 1.7848 -0.0079, 1.5259 1.7809 0.0709, 1.5259 1.7809 -0.0079, 1.5157 1.7795 0.0709, 1.5157 1.7795 -0.0079, 1.5215 1.8839 -0.0079, 1.538 1.8794 -0.0079, 1.538 2.0733 -0.0079, 1.4919 1.901 -0.0079, 1.5059 1.8911 -0.0079, 1.4797 2.0396 -0.0079, 1.4699 2.0256 -0.0079, 1.4626 2.01 -0.0079, 1.4626 1.9427 -0.0079, 1.4699 1.9272 -0.0079, 1.4797 1.9131 -0.0079, 1.5215 2.0689 -0.0079, 1.5059 2.0616 -0.0079, 1.4919 2.0518 -0.0079, 1.4582 1.9935 -0.0079, 1.4567 1.9764 -0.0079, 1.4582 1.9593 -0.0079, 1.538 1.8794 0.0709, 1.5215 1.8839 0.0709, 1.5059 1.8911 0.0709, 1.5215 2.0689 0.0709, 1.538 2.0733 0.0709, 1.4919 1.901 0.0709, 1.4797 1.9131 0.0709, 1.4699 1.9272 0.0709, 1.4626 2.01 0.0709, 1.4699 2.0256 0.0709, 1.4582 1.9935 0.0709, 1.4626 1.9427 0.0709, 1.4582 1.9593 0.0709, 1.4567 1.9764 0.0709, 1.4797 2.0396 0.0709, 1.4919 2.0518 0.0709, 1.5059 2.0616 0.0709, 1.5551 1.2205 -0.0079, 1.5551 1.2795 -0.0079, 1.5551 1.2205 0.0709, 1.5551 1.2795 0.0709, 1.0236 1.3189 -0.0079, 1.0236 0.9252 -0.0079, 1.0236 1.3189 0.0709, 1.0236 0.9252 0.0709, 1.5157 1.3189 -0.0079, 1.5157 1.3189 0.0709, 1.5259 1.3176 0.0709, 1.5259 1.3176 -0.0079, 1.5354 1.3136 0.0709, 1.5354 1.3136 -0.0079, 1.5436 1.3074 0.0709, 1.5436 1.3074 -0.0079, 1.5498 1.2992 0.0709, 1.5498 1.2992 -0.0079, 1.5538 1.2897 0.0709, 1.5538 1.2897 -0.0079, 1.5551 1.0236 0.0709, 1.5551 0.9646 0.0709, 1.5551 1.0236 -0.0079, 1.5551 0.9646 -0.0079, 1.5538 0.9544 0.0709, 1.5538 0.9544 -0.0079, 1.5498 0.9449 0.0709, 1.5498 0.9449 -0.0079, 1.5436 0.9367 0.0709, 1.5436 0.9367 -0.0079, 1.5354 0.9305 0.0709, 1.5354 0.9305 -0.0079, 1.5259 0.9265 0.0709, 1.5259 0.9265 -0.0079, 1.5157 0.9252 0.0709, 1.5157 0.9252 -0.0079, 1.4919 1.1974 -0.0079, 1.5059 1.2073 -0.0079, 1.5215 1.2145 -0.0079, 1.5215 1.0296 -0.0079, 1.538 1.0251 -0.0079, 1.538 1.219 -0.0079, 1.4797 1.1853 -0.0079, 1.4699 1.1713 -0.0079, 1.4626 1.1557 -0.0079, 1.4626 1.0884 -0.0079, 1.4699 1.0728 -0.0079, 1.4582 1.1391 -0.0079, 1.4567 1.122 -0.0079, 1.4582 1.105 -0.0079, 1.4797 1.0588 -0.0079, 1.4919 1.0466 -0.0079, 1.5059 1.0368 -0.0079, 1.5215 1.2145 0.0709, 1.538 1.219 0.0709, 1.538 1.0251 0.0709, 1.4626 1.1557 0.0709, 1.4699 1.1713 0.0709, 1.4582 1.1391 0.0709, 1.4797 1.1853 0.0709, 1.4919 1.1974 0.0709, 1.5059 1.2073 0.0709, 1.4797 1.0588 0.0709, 1.4699 1.0728 0.0709, 1.5215 1.0296 0.0709, 1.5059 1.0368 0.0709, 1.4919 1.0466 0.0709, 1.4626 1.0884 0.0709, 1.4582 1.105 0.0709, 1.4567 1.122 0.0709, 1.5551 0.1181 -0.0079, 1.5551 0.1772 -0.0079, 1.5551 0.1181 0.0709, 1.5551 0.1772 0.0709, 1.0236 0.2165 -0.0079, 1.0236 -0.1772 -0.0079, 1.0236 0.2165 0.0709, 1.0236 -0.1772 0.0709, 1.5157 0.2165 -0.0079, 1.5157 0.2165 0.0709, 1.5259 0.2152 0.0709, 1.5259 0.2152 -0.0079, 1.5354 0.2113 0.0709, 1.5354 0.2113 -0.0079, 1.5436 0.205 0.0709, 1.5436 0.205 -0.0079, 1.5498 0.1969 0.0709, 1.5498 0.1969 -0.0079, 1.5538 0.1874 0.0709, 1.5538 0.1874 -0.0079, 1.5551 -0.0787 0.0709, 1.5551 -0.1378 0.0709, 1.5551 -0.0787 -0.0079, 1.5551 -0.1378 -0.0079, 1.5538 -0.148 0.0709, 1.5538 -0.148 -0.0079, 1.5498 -0.1575 0.0709, 1.5498 -0.1575 -0.0079, 1.5436 -0.1656 0.0709, 1.5436 -0.1656 -0.0079, 1.5354 -0.1719 0.0709, 1.5354 -0.1719 -0.0079, 1.5259 -0.1758 0.0709, 1.5259 -0.1758 -0.0079, 1.5157 -0.1772 0.0709, 1.5157 -0.1772 -0.0079, 1.4699 0.0689 -0.0079, 1.4626 0.0533 -0.0079, 1.4797 0.083 -0.0079, 1.538 0.1166 -0.0079, 1.5215 0.1122 -0.0079, 1.5059 0.1049 -0.0079, 1.4919 0.0951 -0.0079, 1.4626 -0.014 -0.0079, 1.4699 -0.0295 -0.0079, 1.4582 0.0368 -0.0079, 1.4567 0.0197 -0.0079, 1.4582 0.0026 -0.0079, 1.4797 -0.0436 -0.0079, 1.4919 -0.0557 -0.0079, 1.5059 -0.0656 -0.0079, 1.5215 -0.0728 -0.0079, 1.538 -0.0772 -0.0079, 1.4582 0.0368 0.0709, 1.4626 0.0533 0.0709, 1.4699 0.0689 0.0709, 1.4797 -0.0436 0.0709, 1.4699 -0.0295 0.0709, 1.4797 0.083 0.0709, 1.4919 0.0951 0.0709, 1.5059 0.1049 0.0709, 1.5215 0.1122 0.0709, 1.538 0.1166 0.0709, 1.538 -0.0772 0.0709, 1.5215 -0.0728 0.0709, 1.5059 -0.0656 0.0709, 1.4919 -0.0557 0.0709, 1.4626 -0.014 0.0709, 1.4582 0.0026 0.0709, 1.4567 0.0197 0.0709, 1.5551 -0.7677 -0.0079, 1.5551 -0.7087 -0.0079, 1.5551 -0.7677 0.0709, 1.5551 -0.7087 0.0709, 1.0236 -0.6693 -0.0079, 1.0236 -1.063 -0.0079, 1.0236 -0.6693 0.0709, 1.0236 -1.063 0.0709, 1.5157 -0.6693 -0.0079, 1.5157 -0.6693 0.0709, 1.5259 -0.6706 0.0709, 1.5259 -0.6706 -0.0079, 1.5354 -0.6746 0.0709, 1.5354 -0.6746 -0.0079, 1.5436 -0.6808 0.0709, 1.5436 -0.6808 -0.0079, 1.5498 -0.689 0.0709, 1.5498 -0.689 -0.0079, 1.5538 -0.6985 0.0709, 1.5538 -0.6985 -0.0079, 1.5551 -0.9646 0.0709, 1.5551 -1.0236 0.0709, 1.5551 -0.9646 -0.0079, 1.5551 -1.0236 -0.0079, 1.5538 -1.0338 0.0709, 1.5538 -1.0338 -0.0079, 1.5498 -1.0433 0.0709, 1.5498 -1.0433 -0.0079, 1.5436 -1.0515 0.0709, 1.5436 -1.0515 -0.0079, 1.5354 -1.0577 0.0709, 1.5354 -1.0577 -0.0079, 1.5259 -1.0617 0.0709, 1.5259 -1.0617 -0.0079, 1.5157 -1.063 0.0709, 1.5157 -1.063 -0.0079, 1.5215 -0.9586 -0.0079, 1.538 -0.9631 -0.0079, 1.4919 -0.7907 -0.0079, 1.5059 -0.7809 -0.0079, 1.5215 -0.7737 -0.0079, 1.538 -0.7692 -0.0079, 1.4797 -0.8029 -0.0079, 1.4699 -0.8169 -0.0079, 1.4626 -0.8325 -0.0079, 1.4919 -0.9415 -0.0079, 1.5059 -0.9514 -0.0079, 1.4582 -0.8491 -0.0079, 1.4567 -0.8661 -0.0079, 1.4582 -0.8832 -0.0079, 1.4626 -0.8998 -0.0079, 1.4699 -0.9154 -0.0079, 1.4797 -0.9294 -0.0079, 1.538 -0.9631 0.0709, 1.4626 -0.8325 0.0709, 1.4699 -0.8169 0.0709, 1.5215 -0.7737 0.0709, 1.538 -0.7692 0.0709, 1.4582 -0.8491 0.0709, 1.4797 -0.8029 0.0709, 1.4919 -0.7907 0.0709, 1.5059 -0.7809 0.0709, 1.5215 -0.9586 0.0709, 1.5059 -0.9514 0.0709, 1.4919 -0.9415 0.0709, 1.4797 -0.9294 0.0709, 1.4699 -0.9154 0.0709, 1.4626 -0.8998 0.0709, 1.4582 -0.8832 0.0709, 1.4567 -0.8661 0.0709, -1.5551 1.4764 -0.0079, -1.5551 1.4173 -0.0079, -1.5551 1.4764 0.0709, -1.5551 1.4173 0.0709, -1.0236 1.378 -0.0079, -1.0236 1.7717 -0.0079, -1.0236 1.378 0.0709, -1.0236 1.7717 0.0709, -1.5157 1.378 -0.0079, -1.5157 1.378 0.0709, -1.5259 1.3793 0.0709, -1.5259 1.3793 -0.0079, -1.5354 1.3832 0.0709, -1.5354 1.3832 -0.0079, -1.5436 1.3895 0.0709, -1.5436 1.3895 -0.0079, -1.5498 1.3976 0.0709, -1.5498 1.3976 -0.0079, -1.5538 1.4071 0.0709, -1.5538 1.4071 -0.0079, -1.5551 1.6732 0.0709, -1.5551 1.7323 0.0709, -1.5551 1.6732 -0.0079, -1.5551 1.7323 -0.0079, -1.5538 1.7425 0.0709, -1.5538 1.7425 -0.0079, -1.5498 1.752 0.0709, -1.5498 1.752 -0.0079, -1.5436 1.7601 0.0709, -1.5436 1.7601 -0.0079, -1.5354 1.7664 0.0709, -1.5354 1.7664 -0.0079, -1.5259 1.7703 0.0709, -1.5259 1.7703 -0.0079, -1.5157 1.7717 0.0709, -1.5157 1.7717 -0.0079, -1.5215 1.6673 -0.0079, -1.538 1.6717 -0.0079, -1.538 1.4779 -0.0079, -1.4699 1.5256 -0.0079, -1.4626 1.5411 -0.0079, -1.4919 1.6502 -0.0079, -1.5059 1.66 -0.0079, -1.4797 1.5115 -0.0079, -1.4626 1.6085 -0.0079, -1.4699 1.624 -0.0079, -1.4797 1.6381 -0.0079, -1.5215 1.4823 -0.0079, -1.5059 1.4896 -0.0079, -1.4919 1.4994 -0.0079, -1.4582 1.5577 -0.0079, -1.4567 1.5748 -0.0079, -1.4582 1.5919 -0.0079, -1.538 1.6717 0.0709, -1.5215 1.6673 0.0709, -1.5059 1.66 0.0709, -1.5215 1.4823 0.0709, -1.538 1.4779 0.0709, -1.4919 1.6502 0.0709, -1.4797 1.6381 0.0709, -1.4699 1.624 0.0709, -1.4582 1.5577 0.0709, -1.4626 1.5411 0.0709, -1.4699 1.5256 0.0709, -1.4797 1.5115 0.0709, -1.4919 1.4994 0.0709, -1.5059 1.4896 0.0709, -1.4626 1.6085 0.0709, -1.4582 1.5919 0.0709, -1.4567 1.5748 0.0709, -1.5551 0.2559 -0.0079, -1.5551 0.1969 -0.0079, -1.5551 0.2559 0.0709, -1.5551 0.1969 0.0709, -1.0496 0.1575 -0.0079, -1.0496 0.5512 -0.0079, -1.0496 0.1575 0.0709, -1.0496 0.5512 0.0709, -1.5157 0.1575 -0.0079, -1.5157 0.1575 0.0709, -1.5259 0.1588 0.0709, -1.5259 0.1588 -0.0079, -1.5354 0.1628 0.0709, -1.5354 0.1628 -0.0079, -1.5436 0.169 0.0709, -1.5436 0.169 -0.0079, -1.5498 0.1772 0.0709, -1.5498 0.1772 -0.0079, -1.5538 0.1867 0.0709, -1.5538 0.1867 -0.0079, -1.5551 0.4528 0.0709, -1.5551 0.5118 0.0709, -1.5551 0.4528 -0.0079, -1.5551 0.5118 -0.0079, -1.5538 0.522 0.0709, -1.5538 0.522 -0.0079, -1.5498 0.5315 0.0709, -1.5498 0.5315 -0.0079, -1.5436 0.5396 0.0709, -1.5436 0.5396 -0.0079, -1.5354 0.5459 0.0709, -1.5354 0.5459 -0.0079, -1.5259 0.5498 0.0709, -1.5259 0.5498 -0.0079, -1.5157 0.5512 0.0709, -1.5157 0.5512 -0.0079, -1.4699 0.3051 -0.0079, -1.4626 0.3207 -0.0079, -1.4797 0.2911 -0.0079, -1.538 0.2574 -0.0079, -1.5215 0.2618 -0.0079, -1.5059 0.2691 -0.0079, -1.4919 0.2789 -0.0079, -1.4582 0.3372 -0.0079, -1.4567 0.3543 -0.0079, -1.5215 0.4468 -0.0079, -1.538 0.4513 -0.0079, -1.4582 0.3714 -0.0079, -1.4626 0.388 -0.0079, -1.4699 0.4035 -0.0079, -1.4797 0.4176 -0.0079, -1.4919 0.4297 -0.0079, -1.5059 0.4396 -0.0079, -1.4582 0.3372 0.0709, -1.4626 0.3207 0.0709, -1.4699 0.3051 0.0709, -1.4582 0.3714 0.0709, -1.4567 0.3543 0.0709, -1.4797 0.2911 0.0709, -1.4919 0.2789 0.0709, -1.5059 0.2691 0.0709, -1.5215 0.2618 0.0709, -1.538 0.2574 0.0709, -1.4797 0.4176 0.0709, -1.4699 0.4035 0.0709, -1.4626 0.388 0.0709, -1.538 0.4513 0.0709, -1.5215 0.4468 0.0709, -1.5059 0.4396 0.0709, -1.4919 0.4297 0.0709, -1.5551 -0.8465 -0.0079, -1.5551 -0.9055 -0.0079, -1.5551 -0.8465 0.0709, -1.5551 -0.9055 0.0709, -1.0236 -0.9449 -0.0079, -1.0236 -0.5512 -0.0079, -1.0236 -0.9449 0.0709, -1.0236 -0.5512 0.0709, -1.5157 -0.9449 -0.0079, -1.5157 -0.9449 0.0709, -1.5259 -0.9435 0.0709, -1.5259 -0.9435 -0.0079, -1.5354 -0.9396 0.0709, -1.5354 -0.9396 -0.0079, -1.5436 -0.9334 0.0709, -1.5436 -0.9334 -0.0079, -1.5498 -0.9252 0.0709, -1.5498 -0.9252 -0.0079, -1.5538 -0.9157 0.0709, -1.5538 -0.9157 -0.0079, -1.5551 -0.6496 0.0709, -1.5551 -0.5906 0.0709, -1.5551 -0.6496 -0.0079, -1.5551 -0.5906 -0.0079, -1.5538 -0.5804 0.0709, -1.5538 -0.5804 -0.0079, -1.5498 -0.5709 0.0709, -1.5498 -0.5709 -0.0079, -1.5436 -0.5627 0.0709, -1.5436 -0.5627 -0.0079, -1.5354 -0.5565 0.0709, -1.5354 -0.5565 -0.0079, -1.5259 -0.5525 0.0709, -1.5259 -0.5525 -0.0079, -1.5157 -0.5512 0.0709, -1.5157 -0.5512 -0.0079, -1.538 -0.845 -0.0079, -1.5215 -0.6555 -0.0079, -1.538 -0.6511 -0.0079, -1.4626 -0.7817 -0.0079, -1.4699 -0.7972 -0.0079, -1.4797 -0.8113 -0.0079, -1.5215 -0.8405 -0.0079, -1.5059 -0.8333 -0.0079, -1.4919 -0.8234 -0.0079, -1.4582 -0.7651 -0.0079, -1.4567 -0.748 -0.0079, -1.4582 -0.7309 -0.0079, -1.4626 -0.7144 -0.0079, -1.4699 -0.6988 -0.0079, -1.4797 -0.6848 -0.0079, -1.4919 -0.6726 -0.0079, -1.5059 -0.6628 -0.0079, -1.4582 -0.7651 0.0709, -1.4626 -0.7817 0.0709, -1.4699 -0.7972 0.0709, -1.538 -0.6511 0.0709, -1.4797 -0.8113 0.0709, -1.4919 -0.8234 0.0709, -1.5059 -0.8333 0.0709, -1.5215 -0.8405 0.0709, -1.538 -0.845 0.0709, -1.4582 -0.7309 0.0709, -1.4567 -0.748 0.0709, -1.5215 -0.6555 0.0709, -1.5059 -0.6628 0.0709, -1.4919 -0.6726 0.0709, -1.4797 -0.6848 0.0709, -1.4699 -0.6988 0.0709, -1.4626 -0.7144 0.0709, -1.5551 -1.7323 -0.0079, -1.5551 -1.7913 -0.0079, -1.5551 -1.7323 0.0709, -1.5551 -1.7913 0.0709, -1.0236 -1.8307 -0.0079, -1.0236 -1.437 -0.0079, -1.0236 -1.8307 0.0709, -1.0236 -1.437 0.0709, -1.5157 -1.8307 -0.0079, -1.5157 -1.8307 0.0709, -1.5259 -1.8294 0.0709, -1.5259 -1.8294 -0.0079, -1.5354 -1.8254 0.0709, -1.5354 -1.8254 -0.0079, -1.5436 -1.8192 0.0709, -1.5436 -1.8192 -0.0079, -1.5498 -1.811 0.0709, -1.5498 -1.811 -0.0079, -1.5538 -1.8015 0.0709, -1.5538 -1.8015 -0.0079, -1.5551 -1.5354 0.0709, -1.5551 -1.4764 0.0709, -1.5551 -1.5354 -0.0079, -1.5551 -1.4764 -0.0079, -1.5538 -1.4662 0.0709, -1.5538 -1.4662 -0.0079, -1.5498 -1.4567 0.0709, -1.5498 -1.4567 -0.0079, -1.5436 -1.4485 0.0709, -1.5436 -1.4485 -0.0079, -1.5354 -1.4423 0.0709, -1.5354 -1.4423 -0.0079, -1.5259 -1.4383 0.0709, -1.5259 -1.4383 -0.0079, -1.5157 -1.437 0.0709, -1.5157 -1.437 -0.0079, -1.4626 -1.6002 -0.0079, -1.4699 -1.5846 -0.0079, -1.5215 -1.5414 -0.0079, -1.538 -1.5369 -0.0079, -1.4797 -1.6971 -0.0079, -1.4699 -1.6831 -0.0079, -1.4626 -1.6675 -0.0079, -1.538 -1.7308 -0.0079, -1.4582 -1.6509 -0.0079, -1.4567 -1.6339 -0.0079, -1.4582 -1.6168 -0.0079, -1.5215 -1.7263 -0.0079, -1.5059 -1.7191 -0.0079, -1.4919 -1.7093 -0.0079, -1.4797 -1.5706 -0.0079, -1.4919 -1.5585 -0.0079, -1.5059 -1.5486 -0.0079, -1.5215 -1.7263 0.0709, -1.538 -1.7308 0.0709, -1.4797 -1.5706 0.0709, -1.4699 -1.5846 0.0709, -1.4699 -1.6831 0.0709, -1.4626 -1.6675 0.0709, -1.4582 -1.6509 0.0709, -1.538 -1.5369 0.0709, -1.4626 -1.6002 0.0709, -1.4582 -1.6168 0.0709, -1.4567 -1.6339 0.0709, -1.5215 -1.5414 0.0709, -1.5059 -1.5486 0.0709, -1.4919 -1.5585 0.0709, -1.4797 -1.6971 0.0709, -1.4919 -1.7093 0.0709, -1.5059 -1.7191 0.0709, -1.5059 -1.7191 0.0709
            ]
        }
        coordIndex [
            0,1,2,-1,2,1,3,-1,2,3,4,-1,4,3,5,-1,6,7,8,-1,8,7,9,-1,8,9,10,-1,10,9,11,-1,1,0,12,-1,1,12,13,-1,13,12,14,-1,13,14,15,-1,15,14,16,-1,15,16,17,-1,17,16,18,-1,17,18,19,-1,19,18,20,-1,19,20,21,-1,21,20,22,-1,21,22,23,-1,24,23,25,-1,25,23,22,-1,26,24,27,-1,27,24,25,-1,28,26,29,-1,29,26,27,-1,28,29,30,-1,30,29,31,-1,30,31,32,-1,32,31,33,-1,32,33,34,-1,34,33,35,-1,34,35,36,-1,36,35,37,-1,36,37,38,-1,38,37,39,-1,38,39,11,-1,11,39,10,-1,9,3,11,-1,11,3,1,-1,11,1,38,-1,38,1,13,-1,38,13,36,-1,36,13,15,-1,36,15,34,-1,34,15,17,-1,34,17,32,-1,32,17,19,-1,32,19,30,-1,30,19,21,-1,30,21,28,-1,28,21,23,-1,28,23,26,-1,26,23,24,-1,27,25,29,-1,29,25,22,-1,29,22,31,-1,31,22,20,-1,31,20,33,-1,33,20,18,-1,33,18,35,-1,35,18,16,-1,35,16,37,-1,37,16,14,-1,37,14,39,-1,39,14,12,-1,39,12,10,-1,10,12,0,-1,10,0,8,-1,8,0,2,-1,40,6,4,-1,4,6,8,-1,4,8,2,-1,40,41,6,-1,6,41,42,-1,6,42,43,-1,43,44,6,-1,6,44,45,-1,6,45,46,-1,46,47,6,-1,6,47,48,-1,6,48,49,-1,7,6,50,-1,50,6,49,-1,3,9,5,-1,5,9,7,-1,51,52,7,-1,7,52,53,-1,7,53,5,-1,54,55,7,-1,7,55,56,-1,7,56,51,-1,7,50,57,-1,57,58,7,-1,7,58,59,-1,7,59,54,-1,50,49,48,-1,50,48,57,-1,57,48,47,-1,57,47,58,-1,58,47,46,-1,58,46,59,-1,59,46,45,-1,59,45,54,-1,54,45,44,-1,54,44,55,-1,55,44,43,-1,55,43,56,-1,56,43,42,-1,56,42,51,-1,51,42,41,-1,51,41,52,-1,52,41,40,-1,52,40,53,-1,53,40,4,-1,53,4,5,-1,60,61,62,-1,62,61,63,-1,62,63,64,-1,64,63,65,-1,66,67,68,-1,68,67,69,-1,68,69,70,-1,70,69,71,-1,61,60,72,-1,61,72,73,-1,73,72,74,-1,73,74,75,-1,75,74,76,-1,75,76,77,-1,77,76,78,-1,77,78,79,-1,79,78,80,-1,79,80,81,-1,81,80,82,-1,81,82,83,-1,84,83,85,-1,85,83,82,-1,86,84,87,-1,87,84,85,-1,88,86,89,-1,89,86,87,-1,88,89,90,-1,90,89,91,-1,90,91,92,-1,92,91,93,-1,92,93,94,-1,94,93,95,-1,94,95,96,-1,96,95,97,-1,96,97,98,-1,98,97,99,-1,98,99,71,-1,71,99,70,-1,69,63,71,-1,71,63,61,-1,71,61,98,-1,98,61,73,-1,98,73,96,-1,96,73,75,-1,96,75,94,-1,94,75,77,-1,94,77,92,-1,92,77,79,-1,92,79,90,-1,90,79,81,-1,90,81,88,-1,88,81,83,-1,88,83,86,-1,86,83,84,-1,87,85,89,-1,89,85,82,-1,89,82,91,-1,91,82,80,-1,91,80,93,-1,93,80,78,-1,93,78,95,-1,95,78,76,-1,95,76,97,-1,97,76,74,-1,97,74,99,-1,99,74,72,-1,99,72,70,-1,70,72,60,-1,70,60,68,-1,68,60,62,-1,100,66,64,-1,64,66,68,-1,64,68,62,-1,100,101,66,-1,66,101,102,-1,66,102,103,-1,103,104,66,-1,66,104,105,-1,66,105,106,-1,106,107,66,-1,66,107,108,-1,66,108,109,-1,67,66,110,-1,110,66,109,-1,63,69,65,-1,65,69,67,-1,111,112,67,-1,67,112,113,-1,67,113,65,-1,114,115,67,-1,67,115,116,-1,67,116,111,-1,67,110,117,-1,117,118,67,-1,67,118,119,-1,67,119,114,-1,110,109,108,-1,110,108,117,-1,117,108,107,-1,117,107,118,-1,118,107,106,-1,118,106,119,-1,119,106,105,-1,119,105,114,-1,114,105,104,-1,114,104,115,-1,115,104,103,-1,115,103,116,-1,116,103,102,-1,116,102,111,-1,111,102,101,-1,111,101,112,-1,112,101,100,-1,112,100,113,-1,113,100,64,-1,113,64,65,-1,120,121,122,-1,122,121,123,-1,124,120,125,-1,125,120,122,-1,126,124,127,-1,127,124,125,-1,126,127,128,-1,126,128,129,-1,129,128,130,-1,129,130,131,-1,131,130,132,-1,131,132,133,-1,133,132,134,-1,133,134,135,-1,135,134,136,-1,135,136,137,-1,137,136,138,-1,137,138,139,-1,139,138,140,-1,139,140,141,-1,141,140,142,-1,141,142,143,-1,144,143,145,-1,145,143,142,-1,146,144,147,-1,147,144,145,-1,148,146,149,-1,149,146,147,-1,148,149,150,-1,150,149,151,-1,150,151,152,-1,152,151,153,-1,152,153,154,-1,154,153,155,-1,154,155,156,-1,156,155,157,-1,156,157,158,-1,158,157,159,-1,158,159,121,-1,121,159,123,-1,158,131,156,-1,156,131,133,-1,156,133,154,-1,154,133,135,-1,154,135,152,-1,144,146,143,-1,143,146,148,-1,143,148,141,-1,141,148,150,-1,141,150,139,-1,139,150,152,-1,139,152,137,-1,137,152,135,-1,120,124,121,-1,121,124,126,-1,121,126,158,-1,158,126,129,-1,158,129,131,-1,151,138,153,-1,153,138,136,-1,153,136,155,-1,155,136,134,-1,155,134,157,-1,125,122,127,-1,127,122,123,-1,127,123,128,-1,128,123,159,-1,128,159,130,-1,130,159,157,-1,130,157,132,-1,132,157,134,-1,147,145,149,-1,149,145,142,-1,149,142,151,-1,151,142,140,-1,151,140,138,-1,160,161,162,-1,162,161,163,-1,164,165,166,-1,166,165,167,-1,168,164,169,-1,169,164,166,-1,168,169,170,-1,168,170,171,-1,171,170,172,-1,171,172,173,-1,173,172,174,-1,173,174,175,-1,175,174,176,-1,175,176,177,-1,177,176,178,-1,177,178,179,-1,179,178,163,-1,179,163,161,-1,180,181,182,-1,182,181,183,-1,183,181,184,-1,183,184,185,-1,185,184,186,-1,185,186,187,-1,187,186,188,-1,187,188,189,-1,189,188,190,-1,189,190,191,-1,191,190,192,-1,191,192,193,-1,193,192,194,-1,193,194,195,-1,165,195,167,-1,167,195,194,-1,196,197,195,-1,197,182,195,-1,195,182,183,-1,195,183,193,-1,185,187,189,-1,161,160,198,-1,165,199,195,-1,195,199,200,-1,195,200,196,-1,185,189,183,-1,183,189,191,-1,183,191,193,-1,198,168,161,-1,161,168,171,-1,161,171,173,-1,201,202,164,-1,164,202,203,-1,204,205,165,-1,165,205,206,-1,165,206,199,-1,173,175,161,-1,161,175,177,-1,161,177,179,-1,198,207,168,-1,168,207,208,-1,168,208,164,-1,164,208,209,-1,164,209,201,-1,203,210,164,-1,164,210,211,-1,164,211,165,-1,165,211,212,-1,165,212,204,-1,180,213,181,-1,181,213,194,-1,181,194,192,-1,213,214,194,-1,194,214,215,-1,194,215,167,-1,186,184,188,-1,188,184,181,-1,188,181,190,-1,190,181,192,-1,216,217,169,-1,215,218,167,-1,167,218,219,-1,167,219,220,-1,221,222,166,-1,221,166,223,-1,178,176,163,-1,163,176,174,-1,163,174,172,-1,217,162,169,-1,169,162,163,-1,169,163,170,-1,170,163,172,-1,220,224,167,-1,167,224,225,-1,167,225,166,-1,166,225,226,-1,166,226,223,-1,222,227,166,-1,166,227,228,-1,166,228,169,-1,169,228,229,-1,169,229,216,-1,180,182,213,-1,213,182,197,-1,213,197,214,-1,214,197,196,-1,214,196,215,-1,215,196,200,-1,215,200,218,-1,218,200,199,-1,218,199,219,-1,219,199,206,-1,219,206,220,-1,220,206,205,-1,220,205,224,-1,224,205,204,-1,224,204,225,-1,225,204,212,-1,225,212,226,-1,226,212,211,-1,226,211,223,-1,223,211,210,-1,223,210,221,-1,221,210,203,-1,221,203,222,-1,222,203,202,-1,222,202,227,-1,227,202,201,-1,227,201,228,-1,228,201,209,-1,228,209,229,-1,229,209,208,-1,229,208,216,-1,216,208,207,-1,216,207,217,-1,217,207,198,-1,217,198,162,-1,162,198,160,-1,230,231,232,-1,232,231,233,-1,234,235,236,-1,236,235,237,-1,238,234,239,-1,239,234,236,-1,238,239,240,-1,238,240,241,-1,241,240,242,-1,241,242,243,-1,243,242,244,-1,243,244,245,-1,245,244,246,-1,245,246,247,-1,247,246,248,-1,247,248,249,-1,249,248,233,-1,249,233,231,-1,250,251,252,-1,252,251,253,-1,253,251,254,-1,253,254,255,-1,255,254,256,-1,255,256,257,-1,257,256,258,-1,257,258,259,-1,259,258,260,-1,259,260,261,-1,261,260,262,-1,261,262,263,-1,263,262,264,-1,263,264,265,-1,235,265,237,-1,237,265,264,-1,249,231,238,-1,266,234,267,-1,267,234,238,-1,267,238,268,-1,265,269,270,-1,268,238,271,-1,271,238,231,-1,271,231,230,-1,266,272,234,-1,234,272,273,-1,234,273,274,-1,241,243,245,-1,241,245,238,-1,238,245,247,-1,238,247,249,-1,235,275,276,-1,261,253,259,-1,259,253,255,-1,259,255,257,-1,274,277,234,-1,234,277,278,-1,234,278,235,-1,235,278,279,-1,235,279,275,-1,276,280,235,-1,235,280,281,-1,235,281,265,-1,265,281,282,-1,265,282,269,-1,270,252,265,-1,265,252,253,-1,265,253,263,-1,263,253,261,-1,239,283,284,-1,251,250,285,-1,286,287,236,-1,286,236,288,-1,287,289,236,-1,236,289,290,-1,236,290,239,-1,239,290,291,-1,239,291,283,-1,284,232,239,-1,239,232,233,-1,239,233,248,-1,292,293,237,-1,256,254,258,-1,258,254,251,-1,258,251,260,-1,285,294,264,-1,264,294,295,-1,264,295,237,-1,237,295,296,-1,237,296,292,-1,248,246,239,-1,239,246,244,-1,239,244,240,-1,240,244,242,-1,285,264,251,-1,251,264,262,-1,251,262,260,-1,293,297,237,-1,237,297,298,-1,237,298,236,-1,236,298,299,-1,236,299,288,-1,250,252,285,-1,285,252,270,-1,285,270,294,-1,294,270,269,-1,294,269,295,-1,295,269,282,-1,295,282,296,-1,296,282,281,-1,296,281,292,-1,292,281,280,-1,292,280,293,-1,293,280,276,-1,293,276,297,-1,297,276,275,-1,297,275,298,-1,298,275,279,-1,298,279,299,-1,299,279,278,-1,299,278,288,-1,288,278,277,-1,288,277,286,-1,286,277,274,-1,286,274,287,-1,287,274,273,-1,287,273,289,-1,289,273,272,-1,289,272,290,-1,290,272,266,-1,290,266,291,-1,291,266,267,-1,291,267,283,-1,283,267,268,-1,283,268,284,-1,284,268,271,-1,284,271,232,-1,232,271,230,-1,300,301,302,-1,302,301,303,-1,304,305,306,-1,306,305,307,-1,308,304,309,-1,309,304,306,-1,308,309,310,-1,308,310,311,-1,311,310,312,-1,311,312,313,-1,313,312,314,-1,313,314,315,-1,315,314,316,-1,315,316,317,-1,317,316,318,-1,317,318,319,-1,319,318,303,-1,319,303,301,-1,320,321,322,-1,322,321,323,-1,323,321,324,-1,323,324,325,-1,325,324,326,-1,325,326,327,-1,327,326,328,-1,327,328,329,-1,329,328,330,-1,329,330,331,-1,331,330,332,-1,331,332,333,-1,333,332,334,-1,333,334,335,-1,305,335,307,-1,307,335,334,-1,336,337,304,-1,336,304,338,-1,339,340,308,-1,308,340,341,-1,308,341,304,-1,304,341,342,-1,304,342,338,-1,305,343,344,-1,337,345,304,-1,304,345,346,-1,304,346,305,-1,305,346,347,-1,305,347,343,-1,344,348,305,-1,305,348,349,-1,305,349,335,-1,335,349,350,-1,350,351,335,-1,335,351,352,-1,335,352,322,-1,300,339,301,-1,301,339,308,-1,301,308,319,-1,319,308,317,-1,311,313,308,-1,308,313,315,-1,308,315,317,-1,331,325,329,-1,329,325,327,-1,322,323,335,-1,335,323,325,-1,335,325,333,-1,333,325,331,-1,353,354,306,-1,306,354,355,-1,307,356,357,-1,355,358,306,-1,306,358,359,-1,306,359,309,-1,309,359,360,-1,360,361,309,-1,309,361,362,-1,309,362,302,-1,363,364,334,-1,334,364,365,-1,334,365,307,-1,307,365,366,-1,307,366,356,-1,357,367,307,-1,307,367,368,-1,307,368,306,-1,306,368,369,-1,306,369,353,-1,302,303,309,-1,309,303,318,-1,309,318,316,-1,320,363,321,-1,321,363,334,-1,321,334,324,-1,324,334,332,-1,332,330,324,-1,324,330,328,-1,324,328,326,-1,316,314,309,-1,309,314,312,-1,309,312,310,-1,320,322,363,-1,363,322,352,-1,363,352,364,-1,364,352,351,-1,364,351,365,-1,365,351,350,-1,365,350,366,-1,366,350,349,-1,366,349,356,-1,356,349,348,-1,356,348,357,-1,357,348,344,-1,357,344,367,-1,367,344,343,-1,367,343,368,-1,368,343,347,-1,368,347,369,-1,369,347,346,-1,369,346,353,-1,353,346,345,-1,353,345,354,-1,354,345,337,-1,354,337,355,-1,355,337,336,-1,355,336,358,-1,358,336,338,-1,358,338,359,-1,359,338,342,-1,359,342,360,-1,360,342,341,-1,360,341,361,-1,361,341,340,-1,361,340,362,-1,362,340,339,-1,362,339,302,-1,302,339,300,-1,370,371,372,-1,372,371,373,-1,374,375,376,-1,376,375,377,-1,378,374,379,-1,379,374,376,-1,378,379,380,-1,378,380,381,-1,381,380,382,-1,381,382,383,-1,383,382,384,-1,383,384,385,-1,385,384,386,-1,385,386,387,-1,387,386,388,-1,387,388,389,-1,389,388,373,-1,389,373,371,-1,390,391,392,-1,392,391,393,-1,393,391,394,-1,393,394,395,-1,395,394,396,-1,395,396,397,-1,397,396,398,-1,397,398,399,-1,399,398,400,-1,399,400,401,-1,401,400,402,-1,401,402,403,-1,403,402,404,-1,403,404,405,-1,375,405,377,-1,377,405,404,-1,405,406,407,-1,389,371,378,-1,408,374,409,-1,409,374,378,-1,409,378,410,-1,383,385,387,-1,410,378,411,-1,411,378,371,-1,411,371,370,-1,408,412,374,-1,374,412,413,-1,374,413,414,-1,407,392,405,-1,405,392,393,-1,405,393,403,-1,393,395,397,-1,389,378,387,-1,387,378,381,-1,387,381,383,-1,375,415,405,-1,405,415,416,-1,405,416,406,-1,397,399,393,-1,393,399,401,-1,393,401,403,-1,414,417,374,-1,374,417,418,-1,374,418,375,-1,375,418,419,-1,375,419,420,-1,420,421,375,-1,375,421,422,-1,375,422,415,-1,391,390,423,-1,424,425,376,-1,426,427,379,-1,379,427,372,-1,424,376,428,-1,425,429,376,-1,376,429,430,-1,376,430,379,-1,379,430,431,-1,379,431,426,-1,423,404,391,-1,391,404,402,-1,391,402,400,-1,423,432,404,-1,404,432,433,-1,404,433,377,-1,372,373,379,-1,379,373,388,-1,379,388,386,-1,400,398,391,-1,391,398,396,-1,391,396,394,-1,433,434,377,-1,377,434,435,-1,377,435,436,-1,384,382,386,-1,386,382,380,-1,386,380,379,-1,436,437,377,-1,377,437,438,-1,377,438,376,-1,376,438,439,-1,376,439,428,-1,390,392,423,-1,423,392,407,-1,423,407,432,-1,432,407,406,-1,432,406,433,-1,433,406,416,-1,433,416,434,-1,434,416,415,-1,434,415,435,-1,435,415,422,-1,435,422,436,-1,436,422,421,-1,436,421,437,-1,437,421,420,-1,437,420,438,-1,438,420,419,-1,438,419,439,-1,439,419,418,-1,439,418,428,-1,428,418,417,-1,428,417,424,-1,424,417,414,-1,424,414,425,-1,425,414,413,-1,425,413,429,-1,429,413,412,-1,429,412,430,-1,430,412,408,-1,430,408,431,-1,431,408,409,-1,431,409,426,-1,426,409,410,-1,426,410,427,-1,427,410,411,-1,427,411,372,-1,372,411,370,-1,440,441,442,-1,442,441,443,-1,444,445,446,-1,446,445,447,-1,448,444,449,-1,449,444,446,-1,448,449,450,-1,448,450,451,-1,451,450,452,-1,451,452,453,-1,453,452,454,-1,453,454,455,-1,455,454,456,-1,455,456,457,-1,457,456,458,-1,457,458,459,-1,459,458,443,-1,459,443,441,-1,460,461,462,-1,462,461,463,-1,463,461,464,-1,463,464,465,-1,465,464,466,-1,465,466,467,-1,467,466,468,-1,467,468,469,-1,469,468,470,-1,469,470,471,-1,471,470,472,-1,471,472,473,-1,473,472,474,-1,473,474,475,-1,445,475,447,-1,447,475,474,-1,476,477,475,-1,475,477,462,-1,475,462,463,-1,467,469,471,-1,441,440,478,-1,463,465,475,-1,475,465,467,-1,475,467,473,-1,473,467,471,-1,479,480,444,-1,445,481,475,-1,475,481,482,-1,475,482,476,-1,479,444,483,-1,484,485,445,-1,445,485,486,-1,445,486,481,-1,478,448,441,-1,441,448,451,-1,441,451,453,-1,478,487,448,-1,448,487,488,-1,448,488,444,-1,444,488,489,-1,444,489,483,-1,453,455,441,-1,441,455,457,-1,441,457,459,-1,480,490,444,-1,444,490,491,-1,444,491,445,-1,445,491,492,-1,445,492,484,-1,470,468,466,-1,460,493,461,-1,461,493,474,-1,461,474,464,-1,464,474,466,-1,466,474,472,-1,466,472,470,-1,493,494,474,-1,474,494,495,-1,474,495,447,-1,449,496,497,-1,495,498,447,-1,447,498,499,-1,447,499,500,-1,501,502,446,-1,446,502,503,-1,497,442,449,-1,449,442,443,-1,449,443,450,-1,503,504,446,-1,446,504,505,-1,446,505,449,-1,449,505,506,-1,449,506,496,-1,443,458,456,-1,500,507,447,-1,447,507,508,-1,447,508,446,-1,446,508,509,-1,446,509,501,-1,456,454,443,-1,443,454,452,-1,443,452,450,-1,460,462,493,-1,493,462,477,-1,493,477,494,-1,494,477,476,-1,494,476,495,-1,495,476,482,-1,495,482,498,-1,498,482,481,-1,498,481,499,-1,499,481,486,-1,499,486,500,-1,500,486,485,-1,500,485,507,-1,507,485,484,-1,507,484,508,-1,508,484,492,-1,508,492,509,-1,509,492,491,-1,509,491,501,-1,501,491,490,-1,501,490,502,-1,502,490,480,-1,502,480,503,-1,503,480,479,-1,503,479,504,-1,504,479,483,-1,504,483,505,-1,505,483,489,-1,505,489,506,-1,506,489,488,-1,506,488,496,-1,496,488,487,-1,496,487,497,-1,497,487,478,-1,497,478,442,-1,442,478,440,-1,510,511,512,-1,512,511,513,-1,514,515,516,-1,516,515,517,-1,518,514,519,-1,519,514,516,-1,518,519,520,-1,518,520,521,-1,521,520,522,-1,521,522,523,-1,523,522,524,-1,523,524,525,-1,525,524,526,-1,525,526,527,-1,527,526,528,-1,527,528,529,-1,529,528,513,-1,529,513,511,-1,530,531,532,-1,532,531,533,-1,533,531,534,-1,533,534,535,-1,535,534,536,-1,535,536,537,-1,537,536,538,-1,537,538,539,-1,539,538,540,-1,539,540,541,-1,541,540,542,-1,541,542,543,-1,543,542,544,-1,543,544,545,-1,515,545,517,-1,517,545,544,-1,546,547,514,-1,546,514,548,-1,549,550,518,-1,518,550,551,-1,518,551,514,-1,514,551,552,-1,514,552,548,-1,547,553,514,-1,514,553,554,-1,514,554,515,-1,555,556,545,-1,545,556,532,-1,527,518,525,-1,525,518,521,-1,525,521,523,-1,554,557,515,-1,515,557,558,-1,515,558,559,-1,510,549,511,-1,511,549,518,-1,511,518,529,-1,529,518,527,-1,559,560,515,-1,515,560,561,-1,515,561,545,-1,545,561,562,-1,545,562,555,-1,532,533,545,-1,545,533,535,-1,545,535,537,-1,537,539,545,-1,545,539,541,-1,545,541,543,-1,563,564,516,-1,516,564,565,-1,517,566,516,-1,516,566,567,-1,516,567,563,-1,565,568,516,-1,516,568,569,-1,516,569,519,-1,519,569,570,-1,519,570,571,-1,571,572,519,-1,519,572,512,-1,519,512,513,-1,573,574,517,-1,517,574,575,-1,517,575,566,-1,530,576,531,-1,531,576,544,-1,531,544,534,-1,534,544,536,-1,576,577,544,-1,544,577,578,-1,544,578,517,-1,517,578,579,-1,517,579,573,-1,524,513,526,-1,526,513,528,-1,524,522,513,-1,513,522,520,-1,513,520,519,-1,542,540,544,-1,544,540,538,-1,544,538,536,-1,530,532,576,-1,576,532,556,-1,576,556,577,-1,577,556,555,-1,577,555,578,-1,578,555,562,-1,578,562,579,-1,579,562,561,-1,579,561,573,-1,573,561,560,-1,573,560,574,-1,574,560,559,-1,574,559,575,-1,575,559,558,-1,575,558,566,-1,566,558,557,-1,566,557,567,-1,567,557,554,-1,567,554,563,-1,563,554,553,-1,563,553,564,-1,564,553,547,-1,564,547,565,-1,565,547,546,-1,565,546,568,-1,568,546,548,-1,568,548,569,-1,569,548,552,-1,569,552,570,-1,570,552,551,-1,570,551,571,-1,571,551,550,-1,571,550,572,-1,572,550,549,-1,572,549,512,-1,512,549,510,-1,580,581,582,-1,582,581,583,-1,584,585,586,-1,586,585,587,-1,588,584,589,-1,589,584,586,-1,588,589,590,-1,588,590,591,-1,591,590,592,-1,591,592,593,-1,593,592,594,-1,593,594,595,-1,595,594,596,-1,595,596,597,-1,597,596,598,-1,597,598,599,-1,599,598,583,-1,599,583,581,-1,600,601,602,-1,602,601,603,-1,603,601,604,-1,603,604,605,-1,605,604,606,-1,605,606,607,-1,607,606,608,-1,607,608,609,-1,609,608,610,-1,609,610,611,-1,611,610,612,-1,611,612,613,-1,613,612,614,-1,613,614,615,-1,585,615,587,-1,587,615,614,-1,581,580,616,-1,615,617,618,-1,619,584,620,-1,620,584,621,-1,616,622,588,-1,588,622,623,-1,588,623,584,-1,584,623,624,-1,584,624,621,-1,618,602,615,-1,615,602,603,-1,615,603,605,-1,593,595,581,-1,581,595,597,-1,581,597,599,-1,619,625,584,-1,584,625,626,-1,584,626,585,-1,616,588,581,-1,581,588,591,-1,581,591,593,-1,626,627,585,-1,585,627,628,-1,585,628,629,-1,629,630,585,-1,585,630,631,-1,585,631,615,-1,615,631,632,-1,615,632,617,-1,605,607,615,-1,615,607,609,-1,615,609,613,-1,613,609,611,-1,633,634,586,-1,586,634,635,-1,600,636,601,-1,601,636,614,-1,601,614,604,-1,635,637,586,-1,586,637,638,-1,586,638,589,-1,589,638,639,-1,589,639,640,-1,640,641,589,-1,589,641,582,-1,589,582,583,-1,612,610,608,-1,587,642,586,-1,586,642,643,-1,586,643,633,-1,612,608,614,-1,614,608,606,-1,614,606,604,-1,636,644,614,-1,614,644,645,-1,614,645,587,-1,587,645,646,-1,587,646,647,-1,647,648,587,-1,587,648,649,-1,587,649,642,-1,594,583,596,-1,596,583,598,-1,594,592,583,-1,583,592,590,-1,583,590,589,-1,600,602,636,-1,636,602,618,-1,636,618,644,-1,644,618,617,-1,644,617,645,-1,645,617,632,-1,645,632,646,-1,646,632,631,-1,646,631,647,-1,647,631,630,-1,647,630,648,-1,648,630,629,-1,648,629,649,-1,649,629,628,-1,649,628,642,-1,642,628,627,-1,642,627,643,-1,643,627,626,-1,643,626,633,-1,633,626,625,-1,633,625,634,-1,634,625,619,-1,634,619,635,-1,635,619,620,-1,635,620,637,-1,637,620,621,-1,637,621,638,-1,638,621,624,-1,638,624,639,-1,639,624,623,-1,639,623,640,-1,640,623,622,-1,640,622,641,-1,641,622,616,-1,641,616,582,-1,582,616,580,-1,650,651,652,-1,652,651,653,-1,654,655,656,-1,656,655,657,-1,658,654,659,-1,659,654,656,-1,658,659,660,-1,658,660,661,-1,661,660,662,-1,661,662,663,-1,663,662,664,-1,663,664,665,-1,665,664,666,-1,665,666,667,-1,667,666,668,-1,667,668,669,-1,669,668,653,-1,669,653,651,-1,670,671,672,-1,672,671,673,-1,673,671,674,-1,673,674,675,-1,675,674,676,-1,675,676,677,-1,677,676,678,-1,677,678,679,-1,679,678,680,-1,679,680,681,-1,681,680,682,-1,681,682,683,-1,683,682,684,-1,683,684,685,-1,655,685,657,-1,657,685,684,-1,655,686,687,-1,688,689,685,-1,667,658,665,-1,665,658,661,-1,665,661,663,-1,690,691,654,-1,654,691,692,-1,650,693,651,-1,651,693,658,-1,651,658,669,-1,669,658,667,-1,692,694,654,-1,654,694,695,-1,654,695,655,-1,655,695,696,-1,655,696,686,-1,689,672,685,-1,685,672,673,-1,685,673,683,-1,675,677,679,-1,693,697,658,-1,658,697,698,-1,658,698,654,-1,654,698,699,-1,654,699,690,-1,687,700,655,-1,655,700,701,-1,655,701,685,-1,685,701,702,-1,685,702,688,-1,675,679,673,-1,673,679,681,-1,673,681,683,-1,703,704,659,-1,659,704,652,-1,659,652,653,-1,657,705,706,-1,707,656,708,-1,708,656,709,-1,659,664,660,-1,660,664,662,-1,670,710,671,-1,671,710,684,-1,671,684,682,-1,706,711,657,-1,657,711,712,-1,657,712,656,-1,656,712,713,-1,656,713,709,-1,653,668,659,-1,659,668,666,-1,659,666,664,-1,676,674,678,-1,678,674,671,-1,678,671,680,-1,680,671,682,-1,710,714,684,-1,684,714,715,-1,684,715,657,-1,657,715,716,-1,657,716,705,-1,707,717,656,-1,656,717,718,-1,656,718,659,-1,659,718,719,-1,659,719,703,-1,670,672,710,-1,710,672,689,-1,710,689,714,-1,714,689,688,-1,714,688,715,-1,715,688,702,-1,715,702,716,-1,716,702,701,-1,716,701,705,-1,705,701,700,-1,705,700,706,-1,706,700,687,-1,706,687,711,-1,711,687,686,-1,711,686,712,-1,712,686,696,-1,712,696,713,-1,713,696,695,-1,713,695,709,-1,709,695,694,-1,709,694,708,-1,708,694,692,-1,708,692,707,-1,707,692,691,-1,707,691,717,-1,717,691,690,-1,717,690,718,-1,718,690,699,-1,718,699,719,-1,719,699,698,-1,719,698,703,-1,703,698,697,-1,703,697,704,-1,704,697,693,-1,704,693,652,-1,652,693,650,-1,
        ]
    }
}