#VRML V2.0 utf8
# 3D model generated by easyeda2kicad.py (https://github.com/uPesy/easyeda2kicad.py)

Shape{
    appearance Appearance {
        material  Material 	{
            diffuseColor 0.25098039215686274 0.25098039215686274 0.25098039215686274
            specularColor 0.12549019607843137 0.12549019607843137 0.12549019607843137
            ambientIntensity 0.2
            transparency 0
            shininess 0.5
        }
    }
    geometry IndexedFaceSet {
        ccw TRUE
        solid FALSE
        coord DEF co Coordinate {
            point [
                0.0034 -0.5906 0.1301, 0.0057 -0.5906 0.1301, 0.0057 -0.5906 0.178, 0.109 -0.5906 0.1154, 1.811 -0.5906 0.1154, 1.811 -0.5906 0.1301, 0.0856 -0.5906 0.1675, 0.0973 -0.5906 0.1675, 0.0973 -0.5906 0.178, 0.0973 -0.5906 0.0669, 0.109 -0.5906 0.0669, -0.0995 -0.5906 0.2304, -0.0938 -0.5906 0.2266, -0.0322 -0.5906 0.2266, -0.0877 -0.5906 0.2225, -0.079 -0.5906 0.2124, -0.0735 -0.5906 0.2017, -0.0723 -0.5906 0.2013, -0.0644 -0.5906 0.1974, -0.1236 -0.5906 0.2362, -0.1127 -0.5906 0.2351, -0.0322 -0.5906 0.2894, -0.1366 -0.5906 0.2346, -1.0133 -0.5906 0.2894, -0.1488 -0.5906 0.2299, -0.1542 -0.5906 0.2266, -1.0133 -0.5906 0.2266, -0.1552 -0.5906 0.2259, -1.0133 -0.5906 0.178, -0.2149 -0.5906 0.178, -0.2137 -0.5906 0.1846, -0.2095 -0.5906 0.1941, -0.2032 -0.5906 0.2022, -0.1833 -0.5906 0.2136, -0.1729 -0.5906 0.2149, -0.1614 -0.5906 0.2206, -0.1698 -0.5906 0.2147, -0.1668 -0.5906 0.2143, -0.2014 -0.5906 0.2039, -0.193 -0.5906 0.2098, -0.1963 -0.5906 0.1364, -0.2045 -0.5906 0.1434, -1.0133 -0.5906 0.1301, -0.2105 -0.5906 0.152, -0.1868 -0.5906 0.1318, -0.1831 -0.5906 0.1301, -0.1834 -0.5906 0.1308, -0.2143 -0.5906 0.1618, -0.2156 -0.5906 0.1722, -0.2155 -0.5906 0.1747, -1.0133 -0.5906 0.1154, -0.1693 -0.5906 0.1154, -0.1725 -0.5906 0.1169, -0.1775 -0.5906 0.121, -0.1812 -0.5906 0.1259, -0.0787 -0.5906 0.0669, -0.152 -0.5906 0.1137, -0.1584 -0.5906 0.1129, -1.0236 -0.5906 0.0669, -1.0133 -0.5906 0.0669, -0.8661 -0.5906 0.0669, -0.2362 -0.5906 0.0669, -0.1603 -0.5906 0.1129, -0.1665 -0.5906 0.1141, -0.3937 -0.5906 0.0669, -0.5512 -0.5906 0.0669, -0.7087 -0.5906 0.0669, -0.1337 -0.5906 0.1301, -0.1337 -0.5906 0.1299, -0.0322 -0.5906 0.1154, -0.1369 -0.5906 0.124, -0.1409 -0.5906 0.1196, -0.1461 -0.5906 0.1159, -0.1475 -0.5906 0.1154, -0.0573 -0.5906 0.1914, -0.0519 -0.5906 0.1839, -0.0322 -0.5906 0.178, -0.0495 -0.5906 0.178, -0.0486 -0.5906 0.1758, -0.1 -0.5906 0.1456, -0.0982 -0.5906 0.1464, -0.0951 -0.5906 0.1614, -0.1386 -0.5906 0.1569, -0.1033 -0.5906 0.1753, -0.1425 -0.5906 0.1606, -0.148 -0.5906 0.1637, -0.1017 -0.5906 0.1445, -0.0639 -0.5906 0.1689, -0.065 -0.5906 0.174, -0.0671 -0.5906 0.178, -0.1983 -0.5906 0.178, -0.0474 -0.5906 0.1672, -0.0486 -0.5906 0.1578, -0.0322 -0.5906 0.1301, -0.0519 -0.5906 0.1494, -0.0572 -0.5906 0.1421, -0.0962 -0.5906 0.1466, -0.0959 -0.5906 0.1466, -0.0951 -0.5906 0.1464, -0.1967 -0.5906 0.1621, -0.1936 -0.5906 0.1569, -0.1803 -0.5906 0.1541, -0.1889 -0.5906 0.152, -0.1832 -0.5906 0.1485, -0.1705 -0.5906 0.1628, -0.1759 -0.5906 0.1591, -0.199 -0.5906 0.1727, -0.1986 -0.5906 0.1685, -0.1647 -0.5906 0.1651, -0.1584 -0.5906 0.1659, -0.1543 -0.5906 0.1655, -0.0643 -0.5906 0.1361, -0.0724 -0.5906 0.1321, -0.0812 -0.5906 0.1303, -0.1044 -0.5906 0.1384, -0.1043 -0.5906 0.1395, -0.132 -0.5906 0.1419, -0.1038 -0.5906 0.1415, -0.1027 -0.5906 0.1433, -0.0967 -0.5906 0.1303, -0.0982 -0.5906 0.1305, -0.0999 -0.5906 0.1312, -0.1016 -0.5906 0.1324, -0.1023 -0.5906 0.133, -0.1034 -0.5906 0.1347, -0.1041 -0.5906 0.1365, -0.1322 -0.5906 0.1364, -0.132 -0.5906 0.1392, -0.0689 -0.5906 0.1532, -0.0661 -0.5906 0.1574, -0.0643 -0.5906 0.1621, -0.0638 -0.5906 0.1669, -0.0946 -0.5906 0.1463, -0.0827 -0.5906 0.1463, -0.079 -0.5906 0.147, -0.0742 -0.5906 0.1489, -0.0702 -0.5906 0.1519, -0.0922 -0.5906 0.2034, -0.0981 -0.5906 0.2105, -0.1586 -0.5906 0.1951, -0.0987 -0.5906 0.211, -0.1061 -0.5906 0.2161, -0.1546 -0.5906 0.2035, -0.1604 -0.5906 0.1961, -0.1663 -0.5906 0.1983, -0.0796 -0.5906 0.1869, -0.0843 -0.5906 0.1875, -0.0864 -0.5906 0.1875, -0.0881 -0.5906 0.1949, -0.0674 -0.5906 0.1786, -0.0708 -0.5906 0.1824, -0.075 -0.5906 0.1852, -0.182 -0.5906 0.1973, -0.1878 -0.5906 0.1942, -0.1755 -0.5906 0.1989, -0.1923 -0.5906 0.1902, -0.1959 -0.5906 0.185, -0.1487 -0.5906 0.2105, -0.1144 -0.5906 0.2193, -0.1417 -0.5906 0.2157, -0.1233 -0.5906 0.2204, -0.1331 -0.5906 0.2192, -0.1726 -0.5906 0.1991, -0.1982 -0.5906 0.1791, 0.1226 -0.5906 0.1993, 0.109 -0.5906 0.1993, 0.1264 -0.5906 0.1892, 0.109 -0.5906 0.178, 0.1317 -0.5906 0.1892, 0.1176 -0.5906 0.2263, 1.811 -0.5906 0.178, 1.811 -0.5906 0.2266, 0.109 -0.5906 0.2266, 0.1125 -0.5906 0.2263, 0.109 -0.5906 0.2173, 0.0983 -0.5906 0.1892, 0.1036 -0.5906 0.1892, 0.1072 -0.5906 0.1993, 0.0583 -0.5906 0.222, 0.0626 -0.5906 0.2266, 0.0583 -0.5906 0.2263, 0.054 -0.5906 0.2266, 0.054 -0.5906 0.2263, 0.044 -0.5906 0.2059, 0.044 -0.5906 0.1934, 0.054 -0.5906 0.2059, 0.054 -0.5906 0.1934, 0.0572 -0.5906 0.2059, 0.0591 -0.5906 0.1934, 0.0572 -0.5906 0.2101, 0.044 -0.5906 0.222, 0.044 -0.5906 0.2101, 0.054 -0.5906 0.222, 0.054 -0.5906 0.2101, 0.0392 -0.5906 0.2263, 0.037 -0.5906 0.2266, 0.0392 -0.5906 0.1892, 0.037 -0.5906 0.178, 0.054 -0.5906 0.1892, 0.054 -0.5906 0.178, 0.0591 -0.5906 0.1892, 0.0626 -0.5906 0.178, 0.015 -0.5906 0.1896, 0.0116 -0.5906 0.1913, 0.0318 -0.5906 0.2254, 0.0281 -0.5906 0.2265, 0.0268 -0.5906 0.2266, 0.0222 -0.5906 0.1928, 0.0237 -0.5906 0.1929, 0.0318 -0.5906 0.2204, 0.028 -0.5906 0.1936, 0.0318 -0.5906 0.1953, 0.0318 -0.5906 0.1907, 0.0313 -0.5906 0.1905, 0.0088 -0.5906 0.1936, 0.0081 -0.5906 0.1944, 0.006 -0.5906 0.1976, 0.0126 -0.5906 0.2181, 0.0108 -0.5906 0.2155, 0.0096 -0.5906 0.2123, 0.0277 -0.5906 0.222, 0.023 -0.5906 0.2226, 0.0214 -0.5906 0.2225, 0.0182 -0.5906 0.2218, 0.009 -0.5906 0.2073, 0.009 -0.5906 0.207, 0.0096 -0.5906 0.2024, 0.0136 -0.5906 0.1959, 0.016 -0.5906 0.1942, 0.0187 -0.5906 0.1932, 0.0274 -0.5906 0.1892, 0.0215 -0.5906 0.1886, 0.019 -0.5906 0.1887, 0.0153 -0.5906 0.2205, 0.0129 -0.5906 0.2185, 0.0108 -0.5906 0.1994, 0.0127 -0.5906 0.1967, 0.0233 -0.5906 0.2269, 0.037 -0.5906 0.2894, 0.023 -0.5906 0.2269, 0.0057 -0.5906 0.2894, 0.0202 -0.5906 0.2266, 0.0057 -0.5906 0.2266, 0.0066 -0.5906 0.2178, 0.0094 -0.5906 0.2214, 0.0104 -0.5906 0.2224, 0.014 -0.5906 0.2249, 0.0179 -0.5906 0.2263, 0.0034 -0.5906 0.2266, 0.0049 -0.5906 0.2137, 0.0057 -0.5906 0.2156, 0.0057 -0.5906 0.1986, 0.0046 -0.5906 0.2016, 0.0034 -0.5906 0.178, 0.004 -0.5906 0.207, 0.0041 -0.5906 0.2088, 1.811 -0.5906 0.3425, 1.4449 -0.5906 0.3425, 1.811 -0.5906 0.2894, 1.4449 -0.5906 0.3228, 0.109 -0.5906 0.2894, 0.109 -0.5906 0.3228, 0.0973 -0.5906 0.2894, 0.0973 -0.5906 0.3228, 0.0831 -0.5906 0.2894, 0.0831 -0.5906 0.3228, 0.0626 -0.5906 0.2894, 0.0626 -0.5906 0.3228, 0.054 -0.5906 0.2894, 0.054 -0.5906 0.3228, 0.037 -0.5906 0.3228, 0.0057 -0.5906 0.3228, 0.0034 -0.5906 0.2894, 0.0034 -0.5906 0.3228, -0.0322 -0.5906 0.3228, -1.0133 -0.5906 0.3228, -1.4449 -0.5906 0.3228, 1.378 -0.5906 0.0354, 1.811 -0.5906 0.0354, 1.378 -0.5906 0.0669, 1.3337 -0.5906 0.0669, 0.3937 -0.5906 0.0669, 0.5512 -0.5906 0.0669, 0.7087 -0.5906 0.0669, 0.8661 -0.5906 0.0669, 1.0236 -0.5906 0.0669, 1.1811 -0.5906 0.0669, 0.0973 -0.5906 0.1154, 0.0831 -0.5906 0.1154, 0.0831 -0.5906 0.0669, 0.0787 -0.5906 0.0669, 0.0626 -0.5906 0.1154, 0.0626 -0.5906 0.0669, 0.054 -0.5906 0.0669, 0.054 -0.5906 0.1154, 0.037 -0.5906 0.0669, 0.037 -0.5906 0.1154, 0.0057 -0.5906 0.1154, 0.0057 -0.5906 0.0669, 0.0034 -0.5906 0.0669, 0.0034 -0.5906 0.1154, -0.0322 -0.5906 0.0669, -1.811 -0.5906 0.0354, -1.378 -0.5906 0.0354, -1.811 -0.5906 0.1154, -1.378 -0.5906 0.0669, 0.0973 -0.5906 0.2266, 0.0831 -0.5906 0.2266, 0.0831 -0.5906 0.2254, 0.0907 -0.5906 0.1944, 0.0899 -0.5906 0.1937, 0.0868 -0.5906 0.224, 0.0907 -0.5906 0.2214, 0.0921 -0.5906 0.22, 0.0962 -0.5906 0.2061, 0.0953 -0.5906 0.2017, 0.0936 -0.5906 0.1978, 0.0944 -0.5906 0.2167, 0.0957 -0.5906 0.2132, 0.0963 -0.5906 0.2082, 0.0862 -0.5906 0.1913, 0.0831 -0.5906 0.1902, 0.0831 -0.5906 0.178, 0.0819 -0.5906 0.1898, 0.0763 -0.5906 0.1892, 0.0661 -0.5906 0.1892, 0.0661 -0.5906 0.2263, 0.0767 -0.5906 0.2263, 0.0824 -0.5906 0.2256, 0.02 -0.5906 0.1307, 0.0182 -0.5906 0.1301, 0.0239 -0.5906 0.1304, 0.0092 -0.5906 0.143, 0.0099 -0.5906 0.1505, 0.0083 -0.5906 0.1417, 0.0076 -0.5906 0.1401, 0.0216 -0.5906 0.1318, 0.0081 -0.5906 0.1338, 0.0075 -0.5906 0.1354, 0.0099 -0.5906 0.155, 0.0108 -0.5906 0.1556, 0.0112 -0.5906 0.1308, 0.0129 -0.5906 0.1301, 0.013 -0.5906 0.1301, 0.0238 -0.5906 0.1566, 0.0356 -0.5906 0.1529, 0.0365 -0.5906 0.1541, 0.0106 -0.5906 0.1443, 0.0126 -0.5906 0.1453, 0.0129 -0.5906 0.1524, 0.0161 -0.5906 0.1461, 0.0202 -0.5906 0.1535, 0.0186 -0.5906 0.1537, 0.0158 -0.5906 0.1534, 0.0096 -0.5906 0.1319, 0.0091 -0.5906 0.1324, 0.0239 -0.5906 0.1345, 0.0238 -0.5906 0.1345, 0.0231 -0.5906 0.1334, 0.0143 -0.5906 0.1569, 0.019 -0.5906 0.1575, 0.0218 -0.5906 0.1572, 0.0073 -0.5906 0.1375, 0.0073 -0.5906 0.1381, 0.0253 -0.5906 0.1558, 0.0266 -0.5906 0.1546, 0.0351 -0.5906 0.1514, 0.0275 -0.5906 0.1531, 0.0282 -0.5906 0.1509, 0.0239 -0.5906 0.1472, 0.0238 -0.5906 0.1493, 0.0233 -0.5906 0.1509, 0.0228 -0.5906 0.1519, 0.037 -0.5906 0.1447, 0.0349 -0.5906 0.1361, 0.037 -0.5906 0.1447, 0.0367 -0.5906 0.135, 0.037 -0.5906 0.1349, 0.0362 -0.5906 0.1455, 0.0356 -0.5906 0.1465, 0.0286 -0.5906 0.1474, 0.0351 -0.5906 0.1479, 0.0349 -0.5906 0.1497, 0.0221 -0.5906 0.1526, 0.0212 -0.5906 0.1532, 0.0157 -0.5906 0.1298, 0.0181 -0.5906 0.13, 0.0349 -0.5906 0.1313, 0.0286 -0.5906 0.1304, 0.037 -0.5906 0.1306, 0.037 -0.5906 0.1301, 0.0382 -0.5906 0.1302, 0.039 -0.5906 0.1301, 0.045 -0.5906 0.1301, 0.0421 -0.5906 0.1298, 0.054 -0.5906 0.1301, 0.0459 -0.5906 0.1302, 0.0515 -0.5906 0.1563, 0.0515 -0.5906 0.1518, 0.0379 -0.5906 0.1554, 0.0393 -0.5906 0.1562, 0.0525 -0.5906 0.1357, 0.052 -0.5906 0.1343, 0.0511 -0.5906 0.133, 0.037 -0.5906 0.1546, 0.0418 -0.5906 0.1571, 0.0452 -0.5906 0.1575, 0.0478 -0.5906 0.1573, 0.0512 -0.5906 0.142, 0.0521 -0.5906 0.1407, 0.0526 -0.5906 0.1393, 0.0528 -0.5906 0.1376, 0.0498 -0.5906 0.1319, 0.0484 -0.5906 0.1311, 0.0448 -0.5906 0.1537, 0.0434 -0.5906 0.1536, 0.0397 -0.5906 0.1501, 0.0421 -0.5906 0.1533, 0.0411 -0.5906 0.1527, 0.0397 -0.5906 0.1495, 0.0399 -0.5906 0.1488, 0.0403 -0.5906 0.1482, 0.0407 -0.5906 0.1477, 0.0423 -0.5906 0.1467, 0.0478 -0.5906 0.1534, 0.0452 -0.5906 0.1454, 0.0504 -0.5906 0.1524, 0.047 -0.5906 0.1447, 0.0501 -0.5906 0.143, 0.0404 -0.5906 0.1521, 0.04 -0.5906 0.1515, 0.0398 -0.5906 0.1509, 0.0396 -0.5906 0.1339, 0.0419 -0.5906 0.142, 0.0392 -0.5906 0.1433, 0.0425 -0.5906 0.1336, 0.0427 -0.5906 0.1336, 0.045 -0.5906 0.1408, 0.0451 -0.5906 0.1338, 0.048 -0.5906 0.1371, 0.0479 -0.5906 0.1377, 0.0463 -0.5906 0.1343, 0.0467 -0.5906 0.1345, 0.0473 -0.5906 0.135, 0.0477 -0.5906 0.1356, 0.0479 -0.5906 0.1363, 0.0477 -0.5906 0.1384, 0.0474 -0.5906 0.1391, 0.0468 -0.5906 0.1397, 0.0758 -0.5906 0.1569, 0.0806 -0.5906 0.1569, 0.0831 -0.5906 0.1301, 0.0673 -0.5906 0.137, 0.0679 -0.5906 0.1348, 0.068 -0.5906 0.1348, 0.0626 -0.5906 0.1504, 0.0685 -0.5906 0.1369, 0.0682 -0.5906 0.1357, 0.0626 -0.5906 0.138, 0.0552 -0.5906 0.1569, 0.0604 -0.5906 0.1569, 0.0654 -0.5906 0.1301, 0.0656 -0.5906 0.1305, 0.0626 -0.5906 0.124, 0.0626 -0.5906 0.124, 0.0626 -0.5906 0.1301, 0.0635 -0.5906 0.1256, 0.0561 -0.5906 0.1224, 0.0561 -0.5906 0.1183, 0.0571 -0.5906 0.1221, 0.0588 -0.5906 0.1219, 0.0599 -0.5906 0.122, 0.0626 -0.5906 0.1188, 0.061 -0.5906 0.1181, 0.0591 -0.5906 0.1179, 0.0581 -0.5906 0.118, 0.0609 -0.5906 0.1224, 0.0618 -0.5906 0.123, 0.0686 -0.5906 0.1264, 0.0665 -0.5906 0.1223, 0.07 -0.5906 0.1301, 0.0648 -0.5906 0.1203, 0.0645 -0.5906 0.12, 0.0628 -0.5906 0.1188, 0.1055 -0.5906 0.1346, 0.1055 -0.5906 0.1304, 0.109 -0.5906 0.1301, 0.1047 -0.5906 0.1632, 0.0973 -0.5906 0.1301, 0.1047 -0.5906 0.1675, 0.0904 -0.5906 0.1471, 0.0904 -0.5906 0.1346, 0.0973 -0.5906 0.1471, 0.0973 -0.5906 0.1346, 0.1036 -0.5906 0.1471, 0.1036 -0.5906 0.1513, 0.0973 -0.5906 0.1513, 0.0973 -0.5906 0.1632, 0.0904 -0.5906 0.1513, 0.0904 -0.5906 0.1632, 0.0973 -0.5906 0.1304, 0.0856 -0.5906 0.1304, 0.1227 -0.5906 0.1304, 0.1125 -0.5906 0.1304, 0.1125 -0.5906 0.1675, 0.1589 -0.5906 0.1675, 0.164 -0.5906 0.1675, 0.1418 -0.5906 0.1429, 0.14 -0.5906 0.139, 0.1448 -0.5906 0.1304, 0.1371 -0.5906 0.1356, 0.1363 -0.5906 0.1349, 0.1385 -0.5906 0.1612, 0.1408 -0.5906 0.1579, 0.1371 -0.5906 0.1626, 0.1231 -0.5906 0.1675, 0.1288 -0.5906 0.1668, 0.1333 -0.5906 0.1652, 0.1421 -0.5906 0.1544, 0.1427 -0.5906 0.1494, 0.1426 -0.5906 0.1473, 0.1781 -0.5906 0.1304, 0.1728 -0.5906 0.1304, -0.0171 -0.5906 0.1304, -0.0171 -0.5906 0.1675, 0.002 -0.5906 0.1675, 0.002 -0.5906 0.1632, -0.0123 -0.5906 0.1632, -0.0123 -0.5906 0.1513, 0.001 -0.5906 0.1513, 0.0029 -0.5906 0.1304, 0.0029 -0.5906 0.1346, -0.0123 -0.5906 0.1471, -0.0123 -0.5906 0.1346, 0.001 -0.5906 0.1471, -0.0123 -0.5906 0.2263, -0.0123 -0.5906 0.1934, 0.0025 -0.5906 0.1934, 0.0025 -0.5906 0.1892, -0.0171 -0.5906 0.1892, -0.0171 -0.5906 0.2263, -1.4449 -0.5906 0.3425, -1.811 -0.5906 0.3425, -1.811 -0.5906 0.2894, -1.811 -0.5906 0.2266, -1.811 -0.5906 0.178, -1.811 -0.5906 0.1301, 0.1501 -0.5906 0.1304, 0.1691 -0.5906 0.1405, 0.1536 -0.5906 0.1405, 0.1283 -0.5906 0.131, 0.1327 -0.5906 0.1325, -1.065 0.1772 0.2913, -1.0236 0.1772 0.2913, -1.0236 0.1774 0.2851, -0.75 0.1772 0.2913, -0.7087 0.1772 0.2913, -0.7087 0.1774 0.2851, 0.0374 0.1772 0.2913, 0.0787 0.1772 0.2913, 0.0787 0.1774 0.2851, 0.3524 0.1772 0.2913, 0.3937 0.1772 0.2913, 0.3937 0.1774 0.2851, 0.6673 0.1772 0.2913, 0.7087 0.1772 0.2913, 0.7087 0.1774 0.2851, -1.3583 0.1772 0.2913, -1.3322 0.1772 0.2913, -1.3583 0.1774 0.2851, -1.3322 0.1774 0.2851, -1.3583 0.1822 0.147, -1.3322 0.1829 0.1277, -1.3603 0.1829 0.1293, -1.3583 0.1829 0.1277, -1.3583 0.1841 0.0945, -1.3751 0.1841 0.0945, -1.3738 0.184 0.0965, -1.3687 0.1837 0.1049, -1.3659 0.1834 0.1124, -1.3607 0.183 0.1261, -1.2894 0.1822 0.1481, -1.2894 0.1776 0.2789, -1.2303 0.1776 0.2789, -1.1811 0.1774 0.2851, -1.2303 0.1822 0.1481, -1.1811 0.1829 0.1277, -1.0728 0.1776 0.2789, -1.0728 0.1822 0.1481, -1.0236 0.1829 0.1277, -1.1319 0.1822 0.1481, -1.1319 0.1776 0.2789, -0.8661 0.1774 0.2851, -0.9154 0.1776 0.2789, -0.9744 0.1776 0.2789, -0.9154 0.1822 0.1481, -0.8661 0.1829 0.1277, -0.9744 0.1822 0.1481, -0.7579 0.1776 0.2789, -0.7579 0.1822 0.1481, -0.7087 0.1829 0.1277, -0.8169 0.1822 0.1481, -0.8169 0.1776 0.2789, -0.5512 0.1774 0.2851, -0.6004 0.1776 0.2789, -0.6594 0.1776 0.2789, -0.6004 0.1822 0.1481, -0.5512 0.1829 0.1277, -0.6594 0.1822 0.1481, -0.4429 0.1776 0.2789, -0.3937 0.1774 0.2851, -0.4429 0.1822 0.1481, -0.3937 0.1829 0.1277, -0.502 0.1822 0.1481, -0.502 0.1776 0.2789, -0.2854 0.1822 0.1481, -0.0787 0.1829 0.1277, -0.2854 0.1776 0.2789, -0.3445 0.1776 0.2789, -0.3445 0.1822 0.1481, 0.0295 0.1776 0.2789, 0.0295 0.1822 0.1481, 0.0787 0.1829 0.1277, -0.0295 0.1822 0.1481, -0.0295 0.1776 0.2789, -0.0787 0.1774 0.2851, 0.2362 0.1774 0.2851, 0.187 0.1776 0.2789, 0.128 0.1776 0.2789, 0.187 0.1822 0.1481, 0.2362 0.1829 0.1277, 0.128 0.1822 0.1481, 0.3445 0.1776 0.2789, 0.3445 0.1822 0.1481, 0.3937 0.1829 0.1277, 0.2854 0.1822 0.1481, 0.2854 0.1776 0.2789, 0.5512 0.1774 0.2851, 0.502 0.1776 0.2789, 0.4429 0.1776 0.2789, 0.502 0.1822 0.1481, 0.5512 0.1829 0.1277, 0.4429 0.1822 0.1481, 0.6594 0.1776 0.2789, 0.6594 0.1822 0.1481, 0.7087 0.1829 0.1277, 0.6004 0.1822 0.1481, 0.6004 0.1776 0.2789, 0.8661 0.1774 0.2851, 0.8169 0.1776 0.2789, 0.7579 0.1776 0.2789, 0.8169 0.1822 0.1481, 0.8661 0.1829 0.1277, 0.7579 0.1822 0.1481, 0.9744 0.1776 0.2789, 1.0236 0.1774 0.2851, 0.9744 0.1822 0.1481, 1.0236 0.1829 0.1277, 0.9154 0.1822 0.1481, 0.9154 0.1776 0.2789, 1.1319 0.1822 0.1481, 1.3583 0.1829 0.1277, 1.1319 0.1776 0.2789, 1.0728 0.1776 0.2789, 1.0728 0.1822 0.1481, 1.3583 0.1774 0.2851, 1.2894 0.1776 0.2789, 1.2303 0.1776 0.2789, 1.2894 0.1822 0.1481, 1.3583 0.1822 0.147, 1.2303 0.1822 0.1481, 1.3751 0.1841 0.0945, 1.3583 0.1841 0.0945, 1.3738 0.184 0.0965, 1.3687 0.1837 0.1049, 1.3603 0.1829 0.1293, 1.3607 0.183 0.1261, 1.3659 0.1834 0.1124, 0.9823 0.1772 0.2913, 1.0236 0.1772 0.2913, 1.065 0.1772 0.2913, 1.1398 0.1772 0.2913, 1.2224 0.1772 0.2913, 1.2972 0.1772 0.2913, 1.3583 0.1772 0.2913, 0.9075 0.1772 0.2913, 0.75 0.1772 0.2913, 0.8248 0.1772 0.2913, 0.8661 0.1772 0.2913, 0.5925 0.1772 0.2913, 0.435 0.1772 0.2913, 0.5098 0.1772 0.2913, 0.5512 0.1772 0.2913, 0.2776 0.1772 0.2913, 0.1201 0.1772 0.2913, 0.1949 0.1772 0.2913, 0.2362 0.1772 0.2913, -0.0374 0.1772 0.2913, -0.1949 0.1772 0.2913, -0.1201 0.1772 0.2913, -0.0787 0.1772 0.2913, -0.435 0.1772 0.2913, -0.3937 0.1772 0.2913, -0.3524 0.1772 0.2913, -0.2776 0.1772 0.2913, -0.187 0.1776 0.2789, -0.187 0.1822 0.1481, -0.128 0.1822 0.1481, -0.128 0.1776 0.2789, -0.5098 0.1772 0.2913, -0.6673 0.1772 0.2913, -0.5925 0.1772 0.2913, -0.5512 0.1772 0.2913, -0.8248 0.1772 0.2913, -0.9823 0.1772 0.2913, -0.9075 0.1772 0.2913, -0.8661 0.1772 0.2913, -1.1398 0.1772 0.2913, -1.2972 0.1772 0.2913, -1.2224 0.1772 0.2913, -1.1811 0.1772 0.2913, -1.1319 0.4647 0.0669, -1.2303 0.4647 0.0669, -1.1319 0.4963 0.0669, -1.2303 0.4963 0.0669, -1.0728 0.4963 0.0669, -1.0236 0.5434 0.0669, -1.0728 0.4647 0.0669, -1.0236 0.4449 0.0669, -1.378 0.4449 0.0669, -1.378 0.5434 0.0669, -1.2894 0.4963 0.0669, -1.2894 0.4647 0.0669, -0.9154 0.4647 0.0669, -0.8661 0.4449 0.0669, -0.9744 0.4647 0.0669, -0.9744 0.4963 0.0669, -0.9154 0.4963 0.0669, -0.8661 0.5434 0.0669, -0.7579 0.4647 0.0669, -0.7087 0.4449 0.0669, -0.8169 0.4647 0.0669, -0.8169 0.4963 0.0669, -0.7579 0.4963 0.0669, -0.7087 0.5434 0.0669, -0.6004 0.4647 0.0669, -0.5512 0.4449 0.0669, -0.6594 0.4647 0.0669, -0.6594 0.4963 0.0669, -0.6004 0.4963 0.0669, -0.5512 0.5434 0.0669, -0.4429 0.4647 0.0669, -0.3937 0.4449 0.0669, -0.502 0.4647 0.0669, -0.502 0.4963 0.0669, -0.4429 0.4963 0.0669, -0.3937 0.5434 0.0669, -0.2854 0.4647 0.0669, -0.2362 0.4449 0.0669, -0.3445 0.4647 0.0669, -0.3445 0.4963 0.0669, -0.2854 0.4963 0.0669, -0.2362 0.5434 0.0669, -0.128 0.4647 0.0669, -0.0787 0.4449 0.0669, -0.187 0.4647 0.0669, -0.187 0.4963 0.0669, -0.128 0.4963 0.0669, -0.0787 0.5434 0.0669, 0.0295 0.4647 0.0669, 0.0787 0.4449 0.0669, -0.0295 0.4647 0.0669, -0.0295 0.4963 0.0669, 0.0295 0.4963 0.0669, 0.0787 0.5434 0.0669, 0.2854 0.4647 0.0669, 0.187 0.4647 0.0669, 0.2854 0.4963 0.0669, 0.187 0.4963 0.0669, 0.3445 0.4963 0.0669, 0.3937 0.5434 0.0669, 0.3445 0.4647 0.0669, 0.3937 0.4449 0.0669, 0.128 0.4963 0.0669, 0.128 0.4647 0.0669, 0.502 0.4647 0.0669, 0.5512 0.4449 0.0669, 0.4429 0.4647 0.0669, 0.4429 0.4963 0.0669, 0.502 0.4963 0.0669, 0.5512 0.5434 0.0669, 0.6594 0.4647 0.0669, 0.7087 0.4449 0.0669, 0.6004 0.4647 0.0669, 0.6004 0.4963 0.0669, 0.6594 0.4963 0.0669, 0.7087 0.5434 0.0669, 0.8169 0.4647 0.0669, 0.8661 0.4449 0.0669, 0.7579 0.4647 0.0669, 0.7579 0.4963 0.0669, 0.8169 0.4963 0.0669, 0.8661 0.5434 0.0669, 0.9744 0.4647 0.0669, 1.0236 0.4449 0.0669, 0.9154 0.4647 0.0669, 0.9154 0.4963 0.0669, 0.9744 0.4963 0.0669, 1.0236 0.5434 0.0669, 1.1319 0.4647 0.0669, 1.1811 0.4449 0.0669, 1.0728 0.4647 0.0669, 1.0728 0.4963 0.0669, 1.1319 0.4963 0.0669, 1.1811 0.5434 0.0669, 1.3337 0.4449 0.0669, 1.2303 0.4647 0.0669, 1.2303 0.4963 0.0669, 1.2894 0.4963 0.0669, 1.3337 0.5434 0.0669, 1.2894 0.4647 0.0669, 1.378 0.4449 0.0669, 1.378 0.5434 0.0669, -1.378 0.5906 0.0669, -1.0236 0.5906 0.0669, -0.8661 0.5906 0.0669, -0.7087 0.5906 0.0669, -0.5512 0.5906 0.0669, -0.3937 0.5906 0.0669, -0.2362 0.5906 0.0669, -0.0787 0.5906 0.0669, 0.0787 0.5906 0.0669, 0.3937 0.5906 0.0669, 0.5512 0.5906 0.0669, 0.7087 0.5906 0.0669, 0.8661 0.5906 0.0669, 1.0236 0.5906 0.0669, 1.1811 0.5906 0.0669, 1.3337 0.5906 0.0669, 1.378 0.5906 0.0669, 1.065 -0.1772 0.2913, 1.0236 -0.1772 0.2913, 1.0236 -0.1774 0.2851, 0.75 -0.1772 0.2913, 0.7087 -0.1772 0.2913, 0.7087 -0.1774 0.2851, 0.435 -0.1772 0.2913, 0.3937 -0.1772 0.2913, 0.3937 -0.1774 0.2851, 0.1201 -0.1772 0.2913, 0.0787 -0.1772 0.2913, 0.0787 -0.1774 0.2851, -0.1949 -0.1772 0.2913, -0.2362 -0.1772 0.2913, -0.2362 -0.1774 0.2851, -0.5098 -0.1772 0.2913, -0.5512 -0.1772 0.2913, -0.5512 -0.1774 0.2851, -0.8248 -0.1772 0.2913, -0.8661 -0.1772 0.2913, -0.8661 -0.1774 0.2851, -1.3583 -0.1829 0.1277, -1.3603 -0.1829 0.1293, -1.3607 -0.183 0.1261, -1.2303 -0.1822 0.1481, -1.2894 -0.1822 0.1481, -1.2303 -0.1776 0.2789, -1.0236 -0.1774 0.2851, -1.3583 -0.1774 0.2851, -1.3751 -0.1841 0.0945, -1.3583 -0.1841 0.0945, -1.3738 -0.184 0.0965, -1.3687 -0.1837 0.1049, -1.3659 -0.1834 0.1124, -1.3583 -0.1822 0.147, -1.2894 -0.1776 0.2789, -1.0236 -0.1829 0.1277, -1.1319 -0.1822 0.1481, -1.1319 -0.1776 0.2789, -1.0728 -0.1776 0.2789, -1.0728 -0.1822 0.1481, -1.065 -0.1772 0.2913, -1.1398 -0.1772 0.2913, -1.2224 -0.1772 0.2913, -1.2972 -0.1772 0.2913, -1.3583 -0.1772 0.2913, 1.3583 -0.1772 0.2913, 1.3322 -0.1772 0.2913, 1.3583 -0.1774 0.2851, 1.3322 -0.1774 0.2851, 1.3583 -0.1822 0.147, 1.3322 -0.1829 0.1277, 1.3603 -0.1829 0.1293, 1.3583 -0.1829 0.1277, 1.3583 -0.1841 0.0945, 1.3751 -0.1841 0.0945, 1.3738 -0.184 0.0965, 1.3687 -0.1837 0.1049, 1.3659 -0.1834 0.1124, 1.3607 -0.183 0.1261, 1.2894 -0.1776 0.2789, 1.2303 -0.1776 0.2789, 1.1811 -0.1774 0.2851, 1.2303 -0.1822 0.1481, 1.1811 -0.1829 0.1277, 1.2894 -0.1822 0.1481, 1.0728 -0.1776 0.2789, 1.1319 -0.1776 0.2789, 0.9154 -0.1822 0.1481, 0.8661 -0.1829 0.1277, 0.9744 -0.1822 0.1481, 1.0236 -0.1829 0.1277, 0.9744 -0.1776 0.2789, 0.9154 -0.1776 0.2789, 0.8661 -0.1774 0.2851, 0.7579 -0.1776 0.2789, 0.8169 -0.1776 0.2789, 0.6004 -0.1776 0.2789, 0.5512 -0.1774 0.2851, 0.6004 -0.1822 0.1481, 0.5512 -0.1829 0.1277, 0.6594 -0.1822 0.1481, 0.7087 -0.1829 0.1277, 0.6594 -0.1776 0.2789, 0.3937 -0.1829 0.1277, 0.4429 -0.1822 0.1481, 0.502 -0.1822 0.1481, 0.502 -0.1776 0.2789, 0.4429 -0.1776 0.2789, 0.128 -0.1776 0.2789, 0.128 -0.1822 0.1481, 0.0787 -0.1829 0.1277, 0.187 -0.1822 0.1481, 0.2854 -0.1822 0.1481, 0.187 -0.1776 0.2789, 0.2854 -0.1776 0.2789, 0.3445 -0.1776 0.2789, 0.3445 -0.1822 0.1481, 0.0295 -0.1776 0.2789, -0.0295 -0.1776 0.2789, -0.0787 -0.1774 0.2851, -0.0295 -0.1822 0.1481, -0.0787 -0.1829 0.1277, 0.0295 -0.1822 0.1481, -0.2362 -0.1829 0.1277, -0.187 -0.1822 0.1481, -0.128 -0.1822 0.1481, -0.128 -0.1776 0.2789, -0.187 -0.1776 0.2789, -0.2854 -0.1776 0.2789, -0.3445 -0.1776 0.2789, -0.3937 -0.1774 0.2851, -0.3445 -0.1822 0.1481, -0.3937 -0.1829 0.1277, -0.2854 -0.1822 0.1481, -0.5512 -0.1829 0.1277, -0.502 -0.1822 0.1481, -0.4429 -0.1822 0.1481, -0.4429 -0.1776 0.2789, -0.502 -0.1776 0.2789, -0.6004 -0.1776 0.2789, -0.6594 -0.1776 0.2789, -0.7087 -0.1774 0.2851, -0.6594 -0.1822 0.1481, -0.7087 -0.1829 0.1277, -0.6004 -0.1822 0.1481, -0.8661 -0.1829 0.1277, -0.8169 -0.1822 0.1481, -0.7579 -0.1822 0.1481, -0.7579 -0.1776 0.2789, -0.8169 -0.1776 0.2789, -0.9154 -0.1776 0.2789, -0.9744 -0.1776 0.2789, -0.9744 -0.1822 0.1481, -0.9154 -0.1822 0.1481, -0.9075 -0.1772 0.2913, -0.9823 -0.1772 0.2913, -1.0236 -0.1772 0.2913, -0.75 -0.1772 0.2913, -0.5925 -0.1772 0.2913, -0.6673 -0.1772 0.2913, -0.7087 -0.1772 0.2913, -0.435 -0.1772 0.2913, -0.2776 -0.1772 0.2913, -0.3524 -0.1772 0.2913, -0.3937 -0.1772 0.2913, -0.1201 -0.1772 0.2913, 0.0374 -0.1772 0.2913, -0.0374 -0.1772 0.2913, -0.0787 -0.1772 0.2913, 0.3524 -0.1772 0.2913, 0.2776 -0.1772 0.2913, 0.1949 -0.1772 0.2913, 0.5098 -0.1772 0.2913, 0.6673 -0.1772 0.2913, 0.5925 -0.1772 0.2913, 0.5512 -0.1772 0.2913, 0.7579 -0.1822 0.1481, 0.8169 -0.1822 0.1481, 0.8248 -0.1772 0.2913, 0.9823 -0.1772 0.2913, 0.9075 -0.1772 0.2913, 0.8661 -0.1772 0.2913, 1.0728 -0.1822 0.1481, 1.1319 -0.1822 0.1481, 1.1398 -0.1772 0.2913, 1.2972 -0.1772 0.2913, 1.2224 -0.1772 0.2913, 1.1811 -0.1772 0.2913, 0.9154 -0.4647 0.0669, 0.8661 -0.4548 0.0669, 1.0236 -0.4548 0.0669, -1.2303 -0.4647 0.0669, -1.1319 -0.4647 0.0669, -1.2303 -0.4963 0.0669, -1.1319 -0.4963 0.0669, -1.0728 -0.4647 0.0669, -1.0236 -0.4548 0.0669, -1.0728 -0.4963 0.0669, -1.378 -0.4548 0.0669, -1.2894 -0.4647 0.0669, -1.2894 -0.4963 0.0669, -0.9154 -0.4963 0.0669, -0.9154 -0.4647 0.0669, -0.8661 -0.4548 0.0669, -0.9744 -0.4647 0.0669, -0.9744 -0.4963 0.0669, -0.7579 -0.4963 0.0669, -0.8169 -0.4963 0.0669, -0.8169 -0.4647 0.0669, -0.7579 -0.4647 0.0669, -0.7087 -0.4548 0.0669, -0.6004 -0.4963 0.0669, -0.6594 -0.4963 0.0669, -0.6594 -0.4647 0.0669, -0.6004 -0.4647 0.0669, -0.5512 -0.4548 0.0669, -0.4429 -0.4963 0.0669, -0.502 -0.4963 0.0669, -0.502 -0.4647 0.0669, -0.4429 -0.4647 0.0669, -0.3937 -0.4548 0.0669, -0.2362 -0.4548 0.0669, -0.2854 -0.4647 0.0669, -0.3445 -0.4647 0.0669, -0.2854 -0.4963 0.0669, -0.3445 -0.4963 0.0669, -0.128 -0.4963 0.0669, -0.187 -0.4963 0.0669, -0.187 -0.4647 0.0669, -0.128 -0.4647 0.0669, -0.0787 -0.4548 0.0669, 0.0295 -0.4963 0.0669, -0.0295 -0.4963 0.0669, -0.0295 -0.4647 0.0669, 0.0295 -0.4647 0.0669, 0.0787 -0.4548 0.0669, 0.187 -0.4647 0.0669, 0.2854 -0.4647 0.0669, 0.187 -0.4963 0.0669, 0.2854 -0.4963 0.0669, 0.128 -0.4963 0.0669, 0.3445 -0.4963 0.0669, 0.3937 -0.4548 0.0669, 0.3445 -0.4647 0.0669, 0.128 -0.4647 0.0669, 0.502 -0.4963 0.0669, 0.4429 -0.4963 0.0669, 0.4429 -0.4647 0.0669, 0.502 -0.4647 0.0669, 0.5512 -0.4548 0.0669, 0.7087 -0.4548 0.0669, 0.6594 -0.4647 0.0669, 0.6004 -0.4647 0.0669, 0.6594 -0.4963 0.0669, 0.6004 -0.4963 0.0669, 0.8169 -0.4963 0.0669, 0.7579 -0.4963 0.0669, 0.7579 -0.4647 0.0669, 0.8169 -0.4647 0.0669, 0.9154 -0.4963 0.0669, 0.9744 -0.4963 0.0669, 0.9744 -0.4647 0.0669, 1.1319 -0.4963 0.0669, 1.1319 -0.4647 0.0669, 1.1811 -0.4548 0.0669, 1.0728 -0.4647 0.0669, 1.0728 -0.4963 0.0669, 1.2303 -0.4647 0.0669, 1.2303 -0.4963 0.0669, 1.2894 -0.4963 0.0669, 1.2894 -0.4647 0.0669, 1.3337 -0.4548 0.0669, 1.378 -0.4548 0.0669, -1.378 -0.4449 0.0669, -1.0236 -0.4449 0.0669, -0.8661 -0.4449 0.0669, -0.7087 -0.4449 0.0669, -0.5512 -0.4449 0.0669, -0.3937 -0.4449 0.0669, -0.2362 -0.4449 0.0669, -0.0787 -0.4449 0.0669, 0.0787 -0.4449 0.0669, 0.3937 -0.4449 0.0669, 0.5512 -0.4449 0.0669, 0.7087 -0.4449 0.0669, 0.8661 -0.4449 0.0669, 1.0236 -0.4449 0.0669, 1.1811 -0.4449 0.0669, 1.3337 -0.4449 0.0669, 1.378 -0.4449 0.0669, 1.4173 -0.3382 0.2948, 1.4173 -0.3381 0.2928, 1.0423 -0.3381 0.2928, -0.7185 -0.3381 0.2907, -0.7579 -0.3381 0.2907, -0.69 -0.3381 0.2928, -0.4035 -0.3381 0.2907, -0.4429 -0.3381 0.2907, -0.375 -0.3381 0.2928, 0.3839 -0.3381 0.2907, 0.3445 -0.3381 0.2907, 0.4124 -0.3381 0.2928, 0.6988 -0.3381 0.2907, 0.6594 -0.3381 0.2907, 0.7274 -0.3381 0.2928, 1.0138 -0.3381 0.2907, 0.9744 -0.3381 0.2907, 1.0728 -0.3381 0.2907, 1.0728 -0.338 0.2833, 1.0709 -0.338 0.2833, 1.0423 -0.3356 0.129, 1.0709 -0.3372 0.23, 1.1713 -0.3381 0.2907, 1.1319 -0.3381 0.2907, 1.2303 -0.3381 0.2907, 1.2303 -0.338 0.2833, 1.2283 -0.338 0.2833, 1.2283 -0.3372 0.23, 1.2303 -0.3372 0.23, 1.2303 -0.337 0.2226, 1.1713 -0.337 0.2226, 1.2894 -0.3381 0.2907, 1.4173 -0.3356 0.129, 1.1319 -0.337 0.2226, 1.0728 -0.337 0.2226, 1.0728 -0.3372 0.23, 1.2894 -0.337 0.2226, 1.3287 -0.337 0.2226, 1.3287 -0.3381 0.2907, 0.8848 -0.3381 0.2928, 0.9154 -0.3381 0.2907, 0.9154 -0.338 0.2833, 0.9134 -0.3372 0.23, 0.9154 -0.3372 0.23, 0.9154 -0.337 0.2226, 1.0138 -0.337 0.2226, 0.9134 -0.338 0.2833, 0.8848 -0.3356 0.129, 0.9744 -0.337 0.2226, 0.7579 -0.3381 0.2907, 0.8169 -0.3381 0.2907, 0.7579 -0.338 0.2833, 0.7559 -0.338 0.2833, 0.7559 -0.3372 0.23, 0.7274 -0.3356 0.129, 0.7579 -0.337 0.2226, 0.8169 -0.337 0.2226, 0.8563 -0.337 0.2226, 0.8563 -0.3381 0.2907, 0.5699 -0.3381 0.2928, 0.6004 -0.3381 0.2907, 0.6004 -0.338 0.2833, 0.5984 -0.3372 0.23, 0.6004 -0.3372 0.23, 0.6004 -0.337 0.2226, 0.7579 -0.3372 0.23, 0.6988 -0.337 0.2226, 0.5984 -0.338 0.2833, 0.5699 -0.3356 0.129, 0.6594 -0.337 0.2226, 0.4429 -0.3381 0.2907, 0.502 -0.3381 0.2907, 0.4429 -0.338 0.2833, 0.4409 -0.338 0.2833, 0.4409 -0.3372 0.23, 0.4124 -0.3356 0.129, 0.4429 -0.337 0.2226, 0.502 -0.337 0.2226, 0.5413 -0.337 0.2226, 0.5413 -0.3381 0.2907, 0.2549 -0.3381 0.2928, 0.2854 -0.3381 0.2907, 0.2854 -0.338 0.2833, 0.2835 -0.3372 0.23, 0.2854 -0.3372 0.23, 0.2854 -0.337 0.2226, 0.4429 -0.3372 0.23, 0.3839 -0.337 0.2226, 0.2835 -0.338 0.2833, 0.2549 -0.3356 0.129, 0.3445 -0.337 0.2226, 0.128 -0.3381 0.2907, 0.0974 -0.3381 0.2928, 0.187 -0.3381 0.2907, 0.128 -0.338 0.2833, 0.126 -0.338 0.2833, 0.126 -0.3372 0.23, 0.0974 -0.3356 0.129, 0.128 -0.337 0.2226, 0.187 -0.337 0.2226, 0.2264 -0.337 0.2226, 0.2264 -0.3381 0.2907, -0.0295 -0.3381 0.2907, -0.0295 -0.338 0.2833, -0.0315 -0.338 0.2833, -0.06 -0.3381 0.2928, 0.0295 -0.3381 0.2907, 0.0689 -0.3381 0.2907, -0.0315 -0.3372 0.23, -0.0295 -0.3372 0.23, -0.0295 -0.337 0.2226, 0.128 -0.3372 0.23, 0.0689 -0.337 0.2226, -0.06 -0.3356 0.129, 0.0295 -0.337 0.2226, -0.2461 -0.3381 0.2907, -0.2854 -0.3381 0.2907, -0.3445 -0.3381 0.2907, -0.3445 -0.338 0.2833, -0.3465 -0.338 0.2833, -0.3465 -0.3372 0.23, -0.187 -0.3381 0.2907, -0.187 -0.338 0.2833, -0.189 -0.338 0.2833, -0.189 -0.3372 0.23, -0.187 -0.3372 0.23, -0.187 -0.337 0.2226, -0.2461 -0.337 0.2226, -0.128 -0.3381 0.2907, -0.2854 -0.337 0.2226, -0.375 -0.3356 0.129, -0.3445 -0.337 0.2226, -0.128 -0.337 0.2226, -0.0886 -0.337 0.2226, -0.0886 -0.3381 0.2907, -0.5325 -0.3381 0.2928, -0.502 -0.3381 0.2907, -0.502 -0.338 0.2833, -0.5039 -0.3372 0.23, -0.502 -0.3372 0.23, -0.502 -0.337 0.2226, -0.3445 -0.3372 0.23, -0.4035 -0.337 0.2226, -0.5039 -0.338 0.2833, -0.5325 -0.3356 0.129, -0.4429 -0.337 0.2226, -0.6594 -0.3381 0.2907, -0.6004 -0.3381 0.2907, -0.6594 -0.338 0.2833, -0.6614 -0.338 0.2833, -0.6614 -0.3372 0.23, -0.69 -0.3356 0.129, -0.6594 -0.337 0.2226, -0.6004 -0.337 0.2226, -0.561 -0.337 0.2226, -0.561 -0.3381 0.2907, -0.8474 -0.3381 0.2928, -0.8169 -0.3381 0.2907, -0.8169 -0.338 0.2833, -0.6594 -0.3372 0.23, -0.7185 -0.337 0.2226, -0.8189 -0.3372 0.23, -0.8169 -0.3372 0.23, -0.8169 -0.337 0.2226, -0.8189 -0.338 0.2833, -0.8474 -0.3356 0.129, -0.7579 -0.337 0.2226, -0.9154 -0.3381 0.2907, -1.0049 -0.3381 0.2928, -0.9744 -0.3381 0.2907, -0.9744 -0.338 0.2833, -0.9764 -0.3372 0.23, -0.9744 -0.3372 0.23, -0.9744 -0.337 0.2226, -0.9764 -0.338 0.2833, -1.0049 -0.3356 0.129, -0.9154 -0.337 0.2226, -0.876 -0.337 0.2226, -0.876 -0.3381 0.2907, -1.0728 -0.3381 0.2907, -1.1624 -0.3381 0.2928, -1.1319 -0.3381 0.2907, -1.1319 -0.338 0.2833, -1.1339 -0.3372 0.23, -1.1319 -0.3372 0.23, -1.1319 -0.337 0.2226, -1.1339 -0.338 0.2833, -1.1624 -0.3356 0.129, -1.0728 -0.337 0.2226, -1.0335 -0.337 0.2226, -1.0335 -0.3381 0.2907, -1.2303 -0.3381 0.2907, -1.3543 -0.3381 0.2928, -1.2894 -0.3381 0.2907, -1.2913 -0.338 0.2833, -1.2894 -0.338 0.2833, -1.2913 -0.3372 0.23, -1.2894 -0.3372 0.23, -1.2894 -0.337 0.2226, -1.3543 -0.3356 0.129, -1.2303 -0.337 0.2226, -1.1909 -0.337 0.2226, -1.1909 -0.3381 0.2907, -1.4173 -0.3356 0.129, -1.4173 -0.3381 0.2928, 1.0423 -0.3382 0.2948, 0.8848 -0.3382 0.2948, 0.7274 -0.3382 0.2948, 0.5699 -0.3382 0.2948, 0.4124 -0.3382 0.2948, 0.2549 -0.3382 0.2948, 0.0974 -0.3382 0.2948, -0.06 -0.3382 0.2948, -0.375 -0.3382 0.2948, -0.5325 -0.3382 0.2948, -0.69 -0.3382 0.2948, -0.8474 -0.3382 0.2948, -1.0049 -0.3382 0.2948, -1.1624 -0.3382 0.2948, -1.3543 -0.3382 0.2948, -1.4173 -0.3382 0.2948, -1.2913 -0.3322 0.243, -1.2894 -0.3322 0.243, -1.2913 -0.3307 0.2568, -1.2894 -0.3307 0.2568, -1.2913 -0.3327 0.2705, -1.2894 -0.3327 0.2705, -1.1339 -0.3322 0.243, -1.1319 -0.3322 0.243, -1.1339 -0.3307 0.2568, -1.1319 -0.3307 0.2568, -1.1339 -0.3327 0.2705, -1.1319 -0.3327 0.2705, -0.9764 -0.3322 0.243, -0.9744 -0.3322 0.243, -0.9764 -0.3307 0.2568, -0.9744 -0.3307 0.2568, -0.9764 -0.3327 0.2705, -0.9744 -0.3327 0.2705, -0.8189 -0.3322 0.243, -0.8169 -0.3322 0.243, -0.8189 -0.3307 0.2568, -0.8169 -0.3307 0.2568, -0.8189 -0.3327 0.2705, -0.8169 -0.3327 0.2705, -0.6614 -0.3322 0.243, -0.6594 -0.3322 0.243, -0.6614 -0.3307 0.2568, -0.6594 -0.3307 0.2568, -0.6614 -0.3327 0.2705, -0.6594 -0.3327 0.2705, -0.5039 -0.3322 0.243, -0.502 -0.3322 0.243, -0.5039 -0.3307 0.2568, -0.502 -0.3307 0.2568, -0.5039 -0.3327 0.2705, -0.502 -0.3327 0.2705, -0.3465 -0.3322 0.243, -0.3445 -0.3322 0.243, -0.3465 -0.3307 0.2568, -0.3445 -0.3307 0.2568, -0.3465 -0.3327 0.2705, -0.3445 -0.3327 0.2705, -0.189 -0.3322 0.243, -0.187 -0.3322 0.243, -0.189 -0.3307 0.2568, -0.187 -0.3307 0.2568, -0.189 -0.3327 0.2705, -0.187 -0.3327 0.2705, -0.0315 -0.3322 0.243, -0.0295 -0.3322 0.243, -0.0315 -0.3307 0.2568, -0.0295 -0.3307 0.2568, -0.0315 -0.3327 0.2705, -0.0295 -0.3327 0.2705, 0.126 -0.3322 0.243, 0.128 -0.3322 0.243, 0.126 -0.3307 0.2568, 0.128 -0.3307 0.2568, 0.126 -0.3327 0.2705, 0.128 -0.3327 0.2705, 0.2835 -0.3322 0.243, 0.2854 -0.3322 0.243, 0.2835 -0.3307 0.2568, 0.2854 -0.3307 0.2568, 0.2835 -0.3327 0.2705, 0.2854 -0.3327 0.2705, 0.4409 -0.3322 0.243, 0.4429 -0.3322 0.243, 0.4409 -0.3307 0.2568, 0.4429 -0.3307 0.2568, 0.4409 -0.3327 0.2705, 0.4429 -0.3327 0.2705, 0.5984 -0.3322 0.243, 0.6004 -0.3322 0.243, 0.5984 -0.3307 0.2568, 0.6004 -0.3307 0.2568, 0.5984 -0.3327 0.2705, 0.6004 -0.3327 0.2705, 0.7559 -0.3322 0.243, 0.7579 -0.3322 0.243, 0.7559 -0.3307 0.2568, 0.7579 -0.3307 0.2568, 0.7559 -0.3327 0.2705, 0.7579 -0.3327 0.2705, 0.9134 -0.3322 0.243, 0.9154 -0.3322 0.243, 0.9134 -0.3307 0.2568, 0.9154 -0.3307 0.2568, 0.9134 -0.3327 0.2705, 0.9154 -0.3327 0.2705, 1.0709 -0.3322 0.243, 1.0728 -0.3322 0.243, 1.0709 -0.3307 0.2568, 1.0728 -0.3307 0.2568, 1.0709 -0.3327 0.2705, 1.0728 -0.3327 0.2705, 1.2283 -0.3322 0.243, 1.2303 -0.3322 0.243, 1.2283 -0.3307 0.2568, 1.2303 -0.3307 0.2568, 1.2283 -0.3327 0.2705, 1.2303 -0.3327 0.2705, -1.4173 0.3382 0.2948, -1.4173 0.3381 0.2928, -1.0049 0.3381 0.2928, -1.1319 0.337 0.2226, -1.1909 0.3381 0.2907, -1.1909 0.337 0.2226, -1.0728 0.337 0.2226, -1.0049 0.3356 0.129, -1.0335 0.337 0.2226, -1.0335 0.3381 0.2907, -1.4173 0.3356 0.129, -1.2303 0.337 0.2226, -1.2894 0.337 0.2226, -1.2913 0.338 0.2833, -1.2913 0.3372 0.23, -1.2894 0.3372 0.23, -1.2303 0.3381 0.2907, -1.2894 0.3381 0.2907, -1.2894 0.338 0.2833, -1.1319 0.338 0.2833, -1.1319 0.3381 0.2907, -1.1339 0.338 0.2833, -1.1339 0.3372 0.23, -1.1319 0.3372 0.23, -1.0728 0.3381 0.2907, -0.9744 0.337 0.2226, -0.9154 0.337 0.2226, -0.8474 0.3356 0.129, -0.876 0.337 0.2226, -0.8474 0.3381 0.2928, -0.9744 0.3372 0.23, -0.9764 0.3372 0.23, -0.9764 0.338 0.2833, -0.9744 0.338 0.2833, -0.9744 0.3381 0.2907, -0.9154 0.3381 0.2907, -0.876 0.3381 0.2907, -0.8169 0.337 0.2226, -0.7579 0.337 0.2226, -0.69 0.3356 0.129, -0.7185 0.337 0.2226, -0.69 0.3381 0.2928, -0.8169 0.3372 0.23, -0.8189 0.3372 0.23, -0.8189 0.338 0.2833, -0.8169 0.338 0.2833, -0.8169 0.3381 0.2907, -0.7579 0.3381 0.2907, -0.7185 0.3381 0.2907, -0.6594 0.337 0.2226, -0.6004 0.337 0.2226, -0.5325 0.3356 0.129, -0.561 0.337 0.2226, -0.5325 0.3381 0.2928, -0.6594 0.3372 0.23, -0.6614 0.3372 0.23, -0.6614 0.338 0.2833, -0.6594 0.338 0.2833, -0.6594 0.3381 0.2907, -0.6004 0.3381 0.2907, -0.561 0.3381 0.2907, -0.502 0.337 0.2226, -0.4429 0.337 0.2226, -0.375 0.3356 0.129, -0.4035 0.337 0.2226, -0.375 0.3381 0.2928, -0.502 0.3372 0.23, -0.5039 0.3372 0.23, -0.5039 0.338 0.2833, -0.502 0.338 0.2833, -0.502 0.3381 0.2907, -0.4429 0.3381 0.2907, -0.4035 0.3381 0.2907, -0.3445 0.337 0.2226, -0.2854 0.337 0.2226, -0.2175 0.3356 0.129, -0.2461 0.337 0.2226, -0.2175 0.3381 0.2928, -0.3445 0.3372 0.23, -0.3465 0.3372 0.23, -0.3465 0.338 0.2833, -0.3445 0.338 0.2833, -0.3445 0.3381 0.2907, -0.2854 0.3381 0.2907, -0.2461 0.3381 0.2907, -0.187 0.337 0.2226, -0.128 0.337 0.2226, -0.06 0.3356 0.129, -0.0886 0.337 0.2226, -0.06 0.3381 0.2928, -0.187 0.3372 0.23, -0.189 0.3372 0.23, -0.189 0.338 0.2833, -0.187 0.338 0.2833, -0.187 0.3381 0.2907, -0.128 0.3381 0.2907, -0.0886 0.3381 0.2907, -0.0295 0.337 0.2226, 0.0295 0.337 0.2226, 0.0974 0.3356 0.129, 0.0689 0.337 0.2226, 0.0974 0.3381 0.2928, -0.0295 0.3372 0.23, -0.0315 0.3372 0.23, -0.0315 0.338 0.2833, -0.0295 0.338 0.2833, -0.0295 0.3381 0.2907, 0.0295 0.3381 0.2907, 0.0689 0.3381 0.2907, 0.2854 0.337 0.2226, 0.2264 0.3381 0.2907, 0.2264 0.337 0.2226, 0.3445 0.337 0.2226, 0.4124 0.3356 0.129, 0.3839 0.337 0.2226, 0.4124 0.3381 0.2928, 0.3839 0.3381 0.2907, 0.187 0.337 0.2226, 0.128 0.337 0.2226, 0.126 0.338 0.2833, 0.126 0.3372 0.23, 0.128 0.3372 0.23, 0.128 0.338 0.2833, 0.128 0.3381 0.2907, 0.187 0.3381 0.2907, 0.2854 0.338 0.2833, 0.2854 0.3381 0.2907, 0.2835 0.338 0.2833, 0.2835 0.3372 0.23, 0.2854 0.3372 0.23, 0.3445 0.3381 0.2907, 0.4429 0.337 0.2226, 0.502 0.337 0.2226, 0.5699 0.3356 0.129, 0.5413 0.337 0.2226, 0.5699 0.3381 0.2928, 0.4429 0.3372 0.23, 0.4409 0.3372 0.23, 0.4409 0.338 0.2833, 0.4429 0.338 0.2833, 0.4429 0.3381 0.2907, 0.502 0.3381 0.2907, 0.5413 0.3381 0.2907, 0.5984 0.338 0.2833, 0.6004 0.338 0.2833, 0.6004 0.3381 0.2907, 0.6004 0.337 0.2226, 0.6594 0.337 0.2226, 0.7274 0.3356 0.129, 0.6988 0.337 0.2226, 0.7274 0.3381 0.2928, 0.5984 0.3372 0.23, 0.6004 0.3372 0.23, 0.6594 0.3381 0.2907, 0.6988 0.3381 0.2907, 0.7559 0.338 0.2833, 0.7579 0.338 0.2833, 0.7579 0.3381 0.2907, 0.7579 0.337 0.2226, 0.8169 0.337 0.2226, 0.8848 0.3356 0.129, 0.8563 0.337 0.2226, 0.8848 0.3381 0.2928, 0.7559 0.3372 0.23, 0.7579 0.3372 0.23, 0.8169 0.3381 0.2907, 0.8563 0.3381 0.2907, 0.9134 0.338 0.2833, 0.9154 0.338 0.2833, 0.9154 0.3381 0.2907, 0.9154 0.337 0.2226, 0.9744 0.337 0.2226, 1.0423 0.3356 0.129, 1.0138 0.337 0.2226, 1.0423 0.3381 0.2928, 0.9134 0.3372 0.23, 0.9154 0.3372 0.23, 0.9744 0.3381 0.2907, 1.0138 0.3381 0.2907, 1.0728 0.337 0.2226, 1.1319 0.337 0.2226, 1.1998 0.3356 0.129, 1.1713 0.337 0.2226, 1.1998 0.3381 0.2928, 1.0728 0.3372 0.23, 1.0709 0.3372 0.23, 1.0709 0.338 0.2833, 1.0728 0.338 0.2833, 1.0728 0.3381 0.2907, 1.1319 0.3381 0.2907, 1.1713 0.3381 0.2907, 1.2303 0.337 0.2226, 1.2894 0.337 0.2226, 1.373 0.3356 0.129, 1.3287 0.337 0.2226, 1.3287 0.3381 0.2907, 1.2303 0.3372 0.23, 1.2283 0.3372 0.23, 1.2283 0.338 0.2833, 1.2303 0.338 0.2833, 1.2303 0.3381 0.2907, 1.2894 0.3381 0.2907, 1.373 0.3381 0.2928, 1.4173 0.3356 0.129, 1.4173 0.3381 0.2928, -1.0049 0.3382 0.2948, -0.8474 0.3382 0.2948, -0.69 0.3382 0.2948, -0.5325 0.3382 0.2948, -0.375 0.3382 0.2948, -0.2175 0.3382 0.2948, -0.06 0.3382 0.2948, 0.0974 0.3382 0.2948, 0.4124 0.3382 0.2948, 0.5699 0.3382 0.2948, 0.7274 0.3382 0.2948, 0.8848 0.3382 0.2948, 1.0423 0.3382 0.2948, 1.1998 0.3382 0.2948, 1.373 0.3382 0.2948, 1.4173 0.3382 0.2948, -1.2913 0.3327 0.2705, -1.2894 0.3327 0.2705, -1.2913 0.3307 0.2568, -1.2894 0.3307 0.2568, -1.2913 0.3322 0.243, -1.2894 0.3322 0.243, -1.1339 0.3327 0.2705, -1.1319 0.3327 0.2705, -1.1339 0.3307 0.2568, -1.1319 0.3307 0.2568, -1.1339 0.3322 0.243, -1.1319 0.3322 0.243, -0.9764 0.3327 0.2705, -0.9744 0.3327 0.2705, -0.9764 0.3307 0.2568, -0.9744 0.3307 0.2568, -0.9764 0.3322 0.243, -0.9744 0.3322 0.243, -0.8189 0.3327 0.2705, -0.8169 0.3327 0.2705, -0.8189 0.3307 0.2568, -0.8169 0.3307 0.2568, -0.8189 0.3322 0.243, -0.8169 0.3322 0.243, -0.6614 0.3327 0.2705, -0.6594 0.3327 0.2705, -0.6614 0.3307 0.2568, -0.6594 0.3307 0.2568, -0.6614 0.3322 0.243, -0.6594 0.3322 0.243, -0.5039 0.3327 0.2705, -0.502 0.3327 0.2705, -0.5039 0.3307 0.2568, -0.502 0.3307 0.2568, -0.5039 0.3322 0.243, -0.502 0.3322 0.243, -0.3465 0.3327 0.2705, -0.3445 0.3327 0.2705, -0.3465 0.3307 0.2568, -0.3445 0.3307 0.2568, -0.3465 0.3322 0.243, -0.3445 0.3322 0.243, -0.189 0.3327 0.2705, -0.187 0.3327 0.2705, -0.189 0.3307 0.2568, -0.187 0.3307 0.2568, -0.189 0.3322 0.243, -0.187 0.3322 0.243, -0.0315 0.3327 0.2705, -0.0295 0.3327 0.2705, -0.0315 0.3307 0.2568, -0.0295 0.3307 0.2568, -0.0315 0.3322 0.243, -0.0295 0.3322 0.243, 0.126 0.3327 0.2705, 0.128 0.3327 0.2705, 0.126 0.3307 0.2568, 0.128 0.3307 0.2568, 0.126 0.3322 0.243, 0.128 0.3322 0.243, 0.2835 0.3327 0.2705, 0.2854 0.3327 0.2705, 0.2835 0.3307 0.2568, 0.2854 0.3307 0.2568, 0.2835 0.3322 0.243, 0.2854 0.3322 0.243, 0.4409 0.3327 0.2705, 0.4429 0.3327 0.2705, 0.4409 0.3307 0.2568, 0.4429 0.3307 0.2568, 0.4409 0.3322 0.243, 0.4429 0.3322 0.243, 0.5984 0.3327 0.2705, 0.6004 0.3327 0.2705, 0.5984 0.3307 0.2568, 0.6004 0.3307 0.2568, 0.5984 0.3322 0.243, 0.6004 0.3322 0.243, 0.7559 0.3327 0.2705, 0.7579 0.3327 0.2705, 0.7559 0.3307 0.2568, 0.7579 0.3307 0.2568, 0.7559 0.3322 0.243, 0.7579 0.3322 0.243, 0.9134 0.3327 0.2705, 0.9154 0.3327 0.2705, 0.9134 0.3307 0.2568, 0.9154 0.3307 0.2568, 0.9134 0.3322 0.243, 0.9154 0.3322 0.243, 1.0709 0.3327 0.2705, 1.0728 0.3327 0.2705, 1.0709 0.3307 0.2568, 1.0728 0.3307 0.2568, 1.0709 0.3322 0.243, 1.0728 0.3322 0.243, 1.2283 0.3327 0.2705, 1.2303 0.3327 0.2705, 1.2283 0.3307 0.2568, 1.2303 0.3307 0.2568, 1.2283 0.3322 0.243, 1.2303 0.3322 0.243, 1.3583 0.1938 0.0945, -1.3583 0.1938 0.0945, 1.3583 0.1881 0.1048, -1.3583 0.1881 0.1048, 1.3583 0.1844 0.116, -1.3583 0.1844 0.116, 1.6729 -0.2113 0.0781, 1.6731 -0.2111 0.0782, -1.673 -0.2109 0.0781, 1.6819 -0.2005 0.0868, 1.6871 -0.1938 0.0945, 1.6417 -0.1938 0.0945, -1.6817 -0.2005 0.0866, -1.6417 -0.1938 0.0945, -1.6818 -0.2004 0.0867, -1.6871 -0.1938 0.0945, 1.6818 -0.2006 0.0866, 1.3583 -0.1938 0.0945, -1.3583 -0.1938 0.0945, -1.6798 -0.2029 0.0839, 1.6803 -0.2026 0.0844, -1.6728 -0.2111 0.0779, 1.6627 -0.2229 0.072, 1.6691 -0.2157 0.0749, -1.6555 -0.2306 0.0688, -1.651 -0.2355 0.0682, 1.6511 -0.2356 0.0682, -1.6689 -0.2156 0.0747, -1.6626 -0.2227 0.0719, 1.6622 -0.2234 0.0718, 1.6554 -0.2309 0.0688, -1.662 -0.2233 0.0717, -1.6502 -0.2365 0.0681, -1.6417 -0.2459 0.0669, 1.6417 -0.2459 0.0669, 1.6502 -0.2365 0.0681, -1.7441 -0.0984 0.3425, -1.7126 -0.0984 0.3425, -1.7441 -0.0984 0.2677, -1.6929 -0.0984 0.3228, -1.6929 -0.0984 0.2323, -1.7126 0.0984 0.3425, -1.7441 0.0984 0.3425, -1.6929 0.0984 0.3228, -1.7441 0.0984 0.2677, -1.6929 0.0984 0.2323, -1.4488 0.1063 0.0669, -1.6417 0.1063 0.0669, -1.4488 -0.1063 0.0669, -1.6417 -0.1063 0.0669, -1.6929 -0.1063 0.1457, -1.6912 -0.1063 0.1324, -1.6929 -0.1063 0.1181, -1.6861 -0.1063 0.1201, -1.6912 -0.1063 0.1049, -1.6779 -0.1063 0.1095, -1.3976 -0.1063 0.1457, -1.3976 -0.1063 0.1181, -1.3984 -0.1063 0.1371, -1.402 -0.1063 0.125, -1.4084 -0.1063 0.1142, -1.3994 -0.1063 0.1049, -1.4174 -0.1063 0.1053, -1.6417 -0.1063 0.0945, -1.655 -0.1063 0.0687, -1.655 -0.1063 0.0962, -1.6673 -0.1063 0.0738, -1.6673 -0.1063 0.1013, -1.6779 -0.1063 0.0819, -1.6861 -0.1063 0.0925, -1.4045 -0.1063 0.0925, -1.4126 -0.1063 0.0819, -1.4282 -0.1063 0.0988, -1.4232 -0.1063 0.0738, -1.4402 -0.1063 0.0952, -1.4356 -0.1063 0.0687, -1.4488 -0.1063 0.0945, -1.4449 -0.5709 0.3622, -1.4449 -0.4252 0.3622, -1.8307 -0.5709 0.3622, -1.7323 -0.4252 0.3622, -1.8307 -0.4252 0.3622, -1.6535 -0.3661 0.3031, -1.4449 -0.3661 0.3031, -1.6535 -0.3661 0.1181, -1.4449 -0.3661 0.1181, -1.6927 -0.3307 0.2677, -1.6929 -0.3268 0.2638, -1.6929 -0.3858 0.3228, -1.6594 -0.3657 0.3027, -1.6637 -0.3646 0.3016, -1.6665 -0.364 0.301, -1.6732 -0.3608 0.2979, -1.6734 -0.3608 0.2978, -1.6912 -0.3369 0.2739, -1.4449 -0.3858 0.3228, -1.6801 -0.3558 0.2928, -1.6813 -0.3545 0.2915, -1.6848 -0.3507 0.2877, -1.6873 -0.3463 0.2833, -1.69 -0.3417 0.2787, -1.8307 0.4252 0.3622, -1.8307 0.5709 0.3622, -1.8307 0.5709 0.0354, -1.8307 -0.5709 0.0354, -1.8307 -0.0984 0.2283, -1.8307 -0.1181 0.3622, -1.8307 -0.0984 0.3425, -1.8307 0.1181 0.3622, -1.8307 0.0984 0.3425, -1.8307 0.0984 0.2283, 1.6732 0.563 0.0157, 1.6732 0.5709 0.0157, 1.811 0.5709 0.0157, -1.6732 -0.563 0.0157, -1.6732 -0.5709 0.0157, -1.811 -0.5709 0.0157, 1.4741 0.3937 0.0157, 1.378 0.3937 0.0157, 1.4741 0.5315 0.0157, 1.378 0.5709 0.0157, 1.5236 0.5315 0.0157, 1.5551 0.5709 0.0157, 1.5551 0.563 0.0157, 1.7543 0.3937 0.0157, 1.7543 -0.3937 0.0157, 1.378 -0.3937 0.0157, 1.4741 -0.3937 0.0157, 1.378 -0.5709 0.0157, 1.4741 -0.5315 0.0157, 1.5551 -0.5709 0.0157, 1.5236 -0.5315 0.0157, 1.5551 -0.563 0.0157, 1.554 -0.5548 0.0157, 1.5394 -0.5357 0.0157, 1.5459 -0.5407 0.0157, 1.5509 -0.5472 0.0157, 1.811 -0.5709 0.0157, 1.6732 -0.5709 0.0157, 1.6732 -0.563 0.0157, 1.554 0.5548 0.0157, 1.5509 0.5472 0.0157, 1.5318 0.5326 0.0157, 1.5459 0.5407 0.0157, 1.5394 0.5357 0.0157, -1.5551 -0.5709 0.0157, -1.5236 -0.5315 0.0157, -1.378 -0.5709 0.0157, -1.4741 -0.5315 0.0157, -1.378 -0.3937 0.0157, -1.4741 -0.3937 0.0157, 1.5318 -0.5326 0.0157, 1.6774 -0.5472 0.0157, 1.6825 -0.5407 0.0157, 1.689 -0.5357 0.0157, 1.7543 -0.5315 0.0157, 1.7047 -0.5315 0.0157, 1.6966 -0.5326 0.0157, 1.6966 0.5326 0.0157, 1.689 0.5357 0.0157, -1.378 0.3937 0.0157, -1.4741 0.3937 0.0157, -1.378 0.5709 0.0157, -1.4741 0.5315 0.0157, -1.5551 0.5709 0.0157, -1.5236 0.5315 0.0157, -1.5551 0.563 0.0157, -1.554 0.5548 0.0157, -1.5551 -0.563 0.0157, -1.554 -0.5548 0.0157, -1.5318 -0.5326 0.0157, 1.7543 0.5315 0.0157, 1.7047 0.5315 0.0157, -1.811 0.5709 0.0157, -1.6732 0.5709 0.0157, -1.6732 0.563 0.0157, 1.6743 -0.5548 0.0157, 1.6825 0.5407 0.0157, 1.6774 0.5472 0.0157, 1.6743 0.5548 0.0157, -1.5318 0.5326 0.0157, -1.5394 0.5357 0.0157, -1.5459 0.5407 0.0157, -1.7543 0.3937 0.0157, -1.7543 -0.3937 0.0157, -1.5509 0.5472 0.0157, -1.5509 -0.5472 0.0157, -1.5459 -0.5407 0.0157, -1.5394 -0.5357 0.0157, -1.689 0.5357 0.0157, -1.6825 0.5407 0.0157, -1.6743 0.5548 0.0157, -1.6774 0.5472 0.0157, -1.7543 0.5315 0.0157, -1.7047 0.5315 0.0157, -1.6966 0.5326 0.0157, -1.7543 -0.5315 0.0157, -1.7047 -0.5315 0.0157, -1.6743 -0.5548 0.0157, -1.6966 -0.5326 0.0157, -1.689 -0.5357 0.0157, -1.6825 -0.5407 0.0157, -1.6774 -0.5472 0.0157, -1.4488 -0.1461 0.0945, -1.3837 -0.183 0.0945, -1.3906 -0.1821 0.0945, -1.3931 -0.1812 0.0945, -1.3963 -0.18 0.0945, -1.4032 -0.1774 0.0945, -1.4087 -0.1753 0.0945, -1.413 -0.1726 0.0945, -1.414 -0.172 0.0945, -1.4227 -0.1665 0.0945, -1.4318 -0.16 0.0945, -1.4334 -0.1587 0.0945, -1.4388 -0.1543 0.0945, -1.4278 -0.1633 0.0945, -1.4278 -0.1633 0.0945, -1.4405 -0.1529 0.0945, -1.4441 -0.1499 0.0945, 1.3583 -0.1844 0.116, -1.3583 -0.1844 0.116, 1.3583 -0.1881 0.1048, -1.3583 -0.1881 0.1048, -1.4174 -0.2762 0.0669, -1.4173 -0.2726 0.0669, 1.4174 -0.2761 0.0669, 1.4186 -0.2828 0.067, 1.4173 -0.2726 0.0669, 1.4302 -0.315 0.0669, 1.6417 -0.315 0.0669, 1.4235 -0.2999 0.067, 1.4206 -0.2933 0.067, -1.6417 -0.315 0.0669, -1.4302 -0.315 0.0669, -1.4235 -0.2998 0.0669, -1.4209 -0.2939 0.0669, -1.4187 -0.2828 0.0669, -1.6929 -0.1938 0.1457, -1.6929 -0.3268 0.1181, -1.6929 -0.1938 0.1181, -1.6929 0.1063 0.1181, -1.6929 0.1063 0.1457, -1.6929 0.1938 0.1457, -1.6929 0.1938 0.1181, -1.6929 0.3268 0.1181, -1.6929 0.3858 0.3228, -1.6929 0.3268 0.2638, -1.4449 -0.5899 0.3476, -1.4449 -0.5807 0.3596, -1.4449 -0.5848 0.3564, -1.4449 -0.5879 0.3524, -1.4449 -0.576 0.3615, 1.4449 -0.3661 0.3228, -1.4449 -0.3661 0.3228, 1.4449 -0.3858 0.3228, -1.4449 -0.3632 0.1285, -1.4449 -0.3469 0.0781, -1.4449 -0.3553 0.0867, -1.4449 -0.355 0.0923, -1.4449 -0.3618 0.0975, -1.4449 -0.3617 0.1134, -1.4449 -0.3654 0.1095, -1.7756 -0.0984 0.2677, -1.7756 -0.0984 0.3425, -1.811 -0.1508 0.3819, -1.811 -0.4252 0.3819, -1.752 -0.1508 0.3819, -1.752 -0.4252 0.3819, -1.83 -0.4252 0.3673, -1.8209 -0.4252 0.3793, -1.8249 -0.4252 0.3761, -1.8281 -0.4252 0.372, -1.8161 -0.4252 0.3812, -1.7427 -0.1286 0.3727, -1.83 -0.1232 0.3673, -1.8299 -0.1236 0.3676, -1.828 -0.1279 0.372, -1.8277 -0.1286 0.3727, -1.7756 0.0984 0.2677, -1.7475 -0.1347 0.3774, -1.7477 -0.1351 0.3776, -1.7501 -0.1402 0.38, -1.7508 -0.1427 0.3807, -1.7515 -0.1456 0.3815, -1.8246 -0.1332 0.3765, -1.8249 -0.1327 0.3761, -1.825 -0.1326 0.3761, -1.816 -0.1444 0.3809, -1.8174 -0.1427 0.3806, -1.8186 -0.1411 0.3804, -1.8207 -0.1384 0.379, -1.8231 -0.1352 0.3775, -1.378 -0.576 0.0164, -1.5551 -0.576 0.0164, -1.378 -0.5807 0.0184, -1.5551 -0.5807 0.0184, -1.378 -0.5848 0.0215, -1.5551 -0.5848 0.0215, -1.378 -0.5879 0.0256, -1.5551 -0.5879 0.0256, -1.378 -0.5899 0.0303, -1.5551 -0.5899 0.0303, -1.6732 -0.5899 0.0303, -1.6732 -0.5902 0.0315, -1.5551 -0.5902 0.0315, -1.811 -0.5899 0.0303, -1.811 -0.5879 0.0256, -1.6732 -0.5879 0.0256, -1.811 -0.5848 0.0215, -1.6732 -0.5848 0.0215, -1.811 -0.5807 0.0184, -1.6732 -0.5807 0.0184, -1.811 -0.576 0.0164, -1.6732 -0.576 0.0164, -1.83 0.5709 0.0303, -1.83 -0.5709 0.0303, -1.8281 0.5709 0.0256, -1.8281 -0.5709 0.0256, -1.8249 0.5709 0.0215, -1.8249 -0.5709 0.0215, -1.8209 0.5709 0.0184, -1.8209 -0.5709 0.0184, -1.8161 0.5709 0.0164, -1.8161 -0.5709 0.0164, -1.8161 -0.5897 0.3476, -1.8178 -0.5894 0.3493, -1.8208 -0.5877 0.3523, -1.8228 -0.5867 0.3543, -1.8248 -0.5847 0.3563, -1.8266 -0.5829 0.3581, -1.828 -0.5807 0.3595, -1.8288 -0.5794 0.3603, -1.83 -0.576 0.3615, -1.8307 -0.5723 0.3622, -1.8294 -0.576 0.0305, -1.8275 -0.576 0.0259, -1.8275 -0.5807 0.031, -1.8258 -0.5807 0.0269, -1.8245 -0.5848 0.0318, -1.8231 -0.5848 0.0285, -1.8205 -0.5879 0.0329, -1.8195 -0.5879 0.0305, -1.8159 -0.5899 0.0341, -1.8154 -0.5899 0.0329, -1.8245 -0.576 0.022, -1.8231 -0.5807 0.0234, -1.8209 -0.5848 0.0256, -1.818 -0.5879 0.0285, -1.8146 -0.5899 0.0318, -1.83 -0.576 0.0354, -1.8281 -0.5807 0.0354, -1.8249 -0.5848 0.0354, -1.8209 -0.5879 0.0354, -1.8161 -0.5899 0.0354, -1.8205 -0.576 0.019, -1.8159 -0.576 0.0171, -1.8195 -0.5807 0.0207, -1.8154 -0.5807 0.019, -1.818 -0.5848 0.0234, -1.8146 -0.5848 0.022, -1.8159 -0.5879 0.0269, -1.8136 -0.5879 0.0259, -1.8136 -0.5899 0.031, -1.8123 -0.5899 0.0305, -1.8186 -0.1411 0.3804, -1.825 -0.1326 0.3761, -1.8246 -0.1332 0.3765, -1.655 -0.1938 0.0962, -1.6673 -0.1938 0.1013, -1.6886 -0.1938 0.0975, -1.6779 -0.1938 0.1095, -1.6922 -0.1938 0.1095, -1.6861 -0.1938 0.1201, -1.6912 -0.1938 0.1324, -1.655 0.1063 0.0687, -1.6673 0.1063 0.0738, -1.6779 0.1063 0.0819, -1.6861 0.1063 0.0925, -1.6912 0.1063 0.1049, -1.6871 -0.3254 0.0944, -1.684 -0.3247 0.0899, -1.68 -0.3238 0.0841, -1.6819 -0.3242 0.0868, -1.673 -0.3221 0.078, -1.674 -0.3224 0.0788, -1.6777 -0.3233 0.0821, -1.6622 -0.3197 0.0715, -1.6613 -0.3194 0.071, -1.6594 -0.319 0.0701, -1.6517 -0.3172 0.0682, -1.6704 -0.3216 0.0757, -1.6481 -0.3164 0.0673, -1.6503 -0.3169 0.0678, -1.6917 -0.3265 0.1082, -1.6914 -0.3264 0.1058, -1.6887 -0.3258 0.0987, -1.6883 -0.3257 0.0976, -1.6919 -0.3265 0.1096, -1.3976 0.1378 0.2906, -1.3976 0.1429 0.1457, -1.3976 0.1063 0.1457, -1.3976 0.1063 0.1181, -1.3976 0.1378 0.2953, -1.3976 -0.1378 0.2953, -1.3976 -0.1378 0.2906, -1.3976 -0.1429 0.1457, -1.378 0.1654 0.315, -1.378 -0.1654 0.315, -1.2972 -0.1575 0.315, -1.2972 -0.1654 0.315, -1.2224 -0.1575 0.315, -0.9075 0.1575 0.315, -0.9823 0.1575 0.315, -1.1398 0.1575 0.315, -1.065 0.1575 0.315, -1.065 0.1654 0.315, -0.9823 0.1654 0.315, -1.065 -0.1575 0.315, -0.75 0.1575 0.315, -1.1398 -0.1575 0.315, -0.8248 0.1575 0.315, -1.2224 -0.1654 0.315, -1.1398 -0.1654 0.315, -0.9075 0.1654 0.315, -0.8248 0.1654 0.315, -1.2972 0.1654 0.315, -1.2972 0.1575 0.315, -1.2224 0.1575 0.315, -1.2224 0.1654 0.315, -1.1398 0.1654 0.315, -0.9075 -0.1575 0.315, -0.5925 0.1575 0.315, -0.9823 -0.1575 0.315, -0.6673 0.1575 0.315, -1.065 -0.1654 0.315, -0.9823 -0.1654 0.315, -0.75 0.1654 0.315, -0.6673 0.1654 0.315, -0.75 -0.1575 0.315, -0.435 0.1575 0.315, -0.8248 -0.1575 0.315, -0.5098 0.1575 0.315, -0.9075 -0.1654 0.315, -0.8248 -0.1654 0.315, -0.5925 0.1654 0.315, -0.5098 0.1654 0.315, -0.5925 -0.1575 0.315, -0.2776 0.1575 0.315, -0.6673 -0.1575 0.315, -0.3524 0.1575 0.315, -0.75 -0.1654 0.315, -0.6673 -0.1654 0.315, -0.435 0.1654 0.315, -0.3524 0.1654 0.315, -0.435 -0.1575 0.315, -0.1201 0.1575 0.315, -0.5098 -0.1575 0.315, -0.1949 0.1575 0.315, -0.5925 -0.1654 0.315, -0.5098 -0.1654 0.315, -0.2776 0.1654 0.315, -0.1949 0.1654 0.315, -0.2776 -0.1575 0.315, 0.0374 0.1575 0.315, -0.3524 -0.1575 0.315, -0.0374 0.1575 0.315, -0.435 -0.1654 0.315, -0.3524 -0.1654 0.315, -0.1201 0.1654 0.315, -0.0374 0.1654 0.315, -0.1201 -0.1575 0.315, 0.1949 0.1575 0.315, -0.1949 -0.1575 0.315, 0.1201 0.1575 0.315, -0.2776 -0.1654 0.315, -0.1949 -0.1654 0.315, 0.0374 0.1654 0.315, 0.1201 0.1654 0.315, 0.0374 -0.1575 0.315, 0.3524 0.1575 0.315, -0.0374 -0.1575 0.315, 0.2776 0.1575 0.315, -0.1201 -0.1654 0.315, -0.0374 -0.1654 0.315, 0.1949 0.1654 0.315, 0.2776 0.1654 0.315, 0.1949 -0.1575 0.315, 0.5098 0.1575 0.315, 0.1201 -0.1575 0.315, 0.435 0.1575 0.315, 0.0374 -0.1654 0.315, 0.1201 -0.1654 0.315, 0.3524 0.1654 0.315, 0.435 0.1654 0.315, 0.3524 -0.1575 0.315, 0.6673 0.1575 0.315, 0.2776 -0.1575 0.315, 0.5925 0.1575 0.315, 0.1949 -0.1654 0.315, 0.2776 -0.1654 0.315, 0.5098 0.1654 0.315, 0.5925 0.1654 0.315, 0.5098 -0.1575 0.315, 0.8248 0.1575 0.315, 0.435 -0.1575 0.315, 0.75 0.1575 0.315, 0.3524 -0.1654 0.315, 0.435 -0.1654 0.315, 0.6673 0.1654 0.315, 0.75 0.1654 0.315, 0.6673 -0.1575 0.315, 0.9823 0.1575 0.315, 0.5925 -0.1575 0.315, 0.9075 0.1575 0.315, 0.5098 -0.1654 0.315, 0.5925 -0.1654 0.315, 0.8248 0.1654 0.315, 0.9075 0.1654 0.315, 0.8248 -0.1575 0.315, 1.1398 0.1575 0.315, 0.75 -0.1575 0.315, 1.065 0.1575 0.315, 0.6673 -0.1654 0.315, 0.75 -0.1654 0.315, 0.9823 0.1654 0.315, 1.065 0.1654 0.315, 0.9823 -0.1575 0.315, 1.2972 0.1575 0.315, 0.9075 -0.1575 0.315, 1.2224 0.1575 0.315, 1.065 -0.1575 0.315, 1.1398 -0.1575 0.315, 1.378 0.1654 0.315, 0.8248 -0.1654 0.315, 0.9075 -0.1654 0.315, 1.1398 0.1654 0.315, 1.2224 0.1654 0.315, 0.9823 -0.1654 0.315, 1.065 -0.1654 0.315, 1.2972 0.1654 0.315, 1.2972 -0.1654 0.315, 1.378 -0.1654 0.315, 1.2972 -0.1575 0.315, 1.2224 -0.1575 0.315, 1.2224 -0.1654 0.315, 1.1398 -0.1654 0.315, -1.3583 -0.1772 0.3031, -1.2972 -0.1772 0.3031, -1.3693 -0.1755 0.309, -1.2972 -0.1756 0.3091, -1.2972 -0.1737 0.3115, -1.3589 -0.1772 0.3035, -1.2972 -0.1768 0.3062, -1.3686 -0.1758 0.3087, -1.3685 -0.1758 0.3086, -1.3638 -0.1765 0.3061, -1.2972 -0.1713 0.3134, -1.3765 -0.1727 0.3124, -1.3743 -0.1736 0.3114, -1.2972 -0.1684 0.3146, -1.3789 -0.1712 0.3132, -1.3779 -0.1718 0.3129, -1.3802 -0.1671 0.3148, -1.3819 -0.1684 0.3145, -1.3824 -0.1688 0.3145, -1.3825 -0.1688 0.3144, -1.3861 -0.1656 0.3132, -1.3957 0.1498 0.3037, -1.3957 -0.1498 0.3037, -1.3931 -0.1554 0.3073, -1.3961 0.148 0.3024, -1.3967 0.1437 0.2994, -1.3967 -0.1437 0.2994, -1.3959 0.1495 0.3034, -1.3961 -0.148 0.3024, -1.3959 -0.1495 0.3034, -1.3922 -0.1574 0.3086, -1.3922 0.1574 0.3086, -1.3931 0.1554 0.3073, -1.3914 -0.1591 0.3097, -1.3902 0.1606 0.3105, -1.3914 0.1591 0.3097, -1.3902 -0.1606 0.3105, -1.3865 -0.1652 0.313, -1.3865 0.1652 0.313, -1.3861 0.1656 0.3132, -1.3865 0.1652 0.313, -1.3865 -0.1652 0.313, -1.3802 0.1671 0.3148, -1.3819 0.1684 0.3145, -1.3824 0.1688 0.3145, -1.3825 0.1688 0.3144, -1.4173 -0.3346 0.1185, 1.4173 -0.3346 0.1185, 1.4173 -0.2825 0.0677, -1.4173 -0.2825 0.0677, 1.4173 -0.2886 0.0695, -1.4173 -0.2886 0.0695, 1.4173 -0.2974 0.072, -1.4173 -0.2974 0.072, 1.4173 -0.3036 0.0756, -1.4173 -0.3036 0.0756, 1.4173 -0.3107 0.0798, -1.4173 -0.3107 0.0798, 1.4173 -0.3165 0.0854, -1.4173 -0.3165 0.0854, 1.4173 -0.3218 0.0906, -1.4173 -0.3218 0.0906, 1.4173 -0.3264 0.0981, -1.4173 -0.3264 0.0981, 1.4173 -0.3299 0.1037, -1.4173 -0.3299 0.1037, 1.4173 -0.3328 0.113, -1.4173 -0.3328 0.113, -1.6535 -0.3659 0.1134, -1.433 -0.3202 0.0674, -1.6437 -0.3235 0.068, -1.4347 -0.3235 0.0677, -1.4352 -0.3244 0.0678, -1.6462 -0.3344 0.0712, -1.6464 -0.3355 0.0716, -1.4403 -0.3356 0.0714, -1.6446 -0.3274 0.0685, -1.644 -0.3249 0.0682, -1.6482 -0.3432 0.0759, -1.6489 -0.3462 0.078, -1.4447 -0.3464 0.0778, -1.6473 -0.3393 0.0731, -1.4428 -0.3416 0.0748, -1.4407 -0.3364 0.0717, -1.6492 -0.3473 0.0788, -1.6497 -0.3495 0.0803, -1.65 -0.351 0.0821, -1.6508 -0.3542 0.0859, -1.651 -0.355 0.0869, -1.6517 -0.358 0.0904, -1.6529 -0.3634 0.1016, -1.653 -0.3638 0.1033, -1.6521 -0.3598 0.0941, -1.6525 -0.3615 0.0976, -1.6526 -0.362 0.0987, -1.6532 -0.3648 0.1082, -1.6533 -0.3651 0.1096, -1.6535 -0.3659 0.1131, -1.6526 -0.3451 0.077, -1.6637 -0.3648 0.1181, -1.6607 -0.3652 0.1181, -1.6606 -0.3652 0.1124, -1.6732 -0.3609 0.1181, -1.6679 -0.3631 0.1181, -1.6678 -0.363 0.1119, -1.6876 -0.3465 0.1181, -1.6863 -0.3482 0.1181, -1.6861 -0.348 0.1116, -1.6884 -0.3289 0.0975, -1.6827 -0.3504 0.1051, -1.6851 -0.3472 0.1053, -1.6712 -0.3333 0.0782, -1.6728 -0.3313 0.0787, -1.6795 -0.3351 0.0858, -1.6718 -0.3259 0.077, -1.6498 -0.3192 0.0676, -1.6577 -0.3233 0.0697, -1.6539 -0.3271 0.0693, -1.6478 -0.3211 0.0675, -1.65 -0.3309 0.0697, -1.6595 -0.3214 0.0702, -1.6679 -0.3244 0.0743, -1.6834 -0.3459 0.0993, -1.6811 -0.3489 0.0991, -1.6813 -0.3443 0.0939, -1.6791 -0.3471 0.0936, -1.6739 -0.3426 0.0845, -1.6743 -0.3475 0.0887, -1.6717 -0.3449 0.0844, -1.6814 -0.3546 0.1181, -1.681 -0.3543 0.1115, -1.6801 -0.3533 0.1051, -1.6785 -0.3518 0.099, -1.6766 -0.3498 0.0936, -1.6742 -0.3293 0.0793, -1.681 -0.3325 0.0866, -1.6864 -0.3351 0.0957, -1.6876 -0.332 0.0965, -1.6823 -0.3299 0.0875, -1.6834 -0.3273 0.0885, -1.6768 -0.3253 0.0809, -1.6756 -0.3273 0.0801, -1.6901 -0.3369 0.1064, -1.6888 -0.3404 0.1059, -1.6695 -0.3353 0.0778, -1.6778 -0.3376 0.0852, -1.685 -0.3382 0.0949, -1.6871 -0.3395 0.1002, -1.6916 -0.3299 0.1075, -1.691 -0.3334 0.1069, -1.6925 -0.3303 0.1181, -1.692 -0.3339 0.1181, -1.6916 -0.337 0.1181, -1.6913 -0.3376 0.1181, -1.6911 -0.3374 0.1122, -1.6898 -0.3411 0.1181, -1.6898 -0.341 0.1119, -1.6871 -0.3439 0.1056, -1.6854 -0.3427 0.0997, -1.6833 -0.3413 0.0943, -1.6759 -0.3402 0.0848, -1.6567 -0.3555 0.0875, -1.6578 -0.3584 0.0918, -1.6588 -0.3608 0.0965, -1.6659 -0.3392 0.0775, -1.6646 -0.346 0.081, -1.6621 -0.3428 0.0778, -1.66 -0.3495 0.082, -1.6581 -0.346 0.0787, -1.6554 -0.3523 0.0836, -1.6541 -0.3488 0.0801, -1.6596 -0.3628 0.1016, -1.6602 -0.3643 0.1069, -1.6749 -0.3595 0.1181, -1.6748 -0.3594 0.1116, -1.674 -0.3583 0.1053, -1.6672 -0.362 0.1059, -1.6727 -0.3567 0.0993, -1.6662 -0.3604 0.1002, -1.671 -0.3545 0.0939, -1.665 -0.3582 0.0949, -1.6691 -0.352 0.0891, -1.6635 -0.3557 0.0901, -1.6669 -0.3491 0.0848, -1.6619 -0.3527 0.0858, -1.6459 -0.323 0.0676, -1.6512 -0.3411 0.0743, -1.6481 -0.3328 0.0702, -1.6541 -0.3386 0.0733, -1.6654 -0.3273 0.0733, -1.6627 -0.3303 0.0727, -1.6599 -0.3332 0.0725, -1.657 -0.336 0.0727, -1.398 -0.1433 0.1394, -1.3986 -0.1434 0.1371, -1.3989 -0.1435 0.1357, -1.4007 -0.1439 0.1283, -1.4018 -0.1441 0.1261, -1.4065 -0.1446 0.1169, -1.4023 -0.1441 0.1252, -1.4175 -0.1453 0.1055, -1.4167 -0.1452 0.1061, -1.415 -0.1452 0.1073, -1.413 -0.145 0.1095, -1.4087 -0.1447 0.1144, -1.4248 -0.1456 0.1005, -1.4208 -0.1454 0.1032, -1.4403 -0.146 0.0956, -1.4393 -0.146 0.0957, -1.436 -0.1459 0.0961, -1.4344 -0.1459 0.0968, -1.4297 -0.1457 0.0986, -1.4283 -0.1457 0.0991, -1.4443 -0.146 0.0951, -1.4356 0.1063 0.0687, -1.4232 0.1063 0.0738, -1.4126 0.1063 0.0819, -1.4045 0.1063 0.0925, -1.3994 0.1063 0.1049, -1.386 -0.1656 0.2911, -1.3849 -0.1668 0.2912, -1.3779 -0.1718 0.2912, -1.3765 -0.1727 0.3124, -1.3766 -0.1726 0.2913, -1.3686 -0.1758 0.3087, -1.3684 -0.1758 0.2913, -1.368 -0.1759 0.2913, -1.3865 -0.1652 0.313, -1.3895 -0.1618 0.2911, -1.3914 -0.1591 0.3097, -1.3921 -0.1573 0.291, -1.3943 -0.1536 0.2909, -1.3961 -0.1479 0.2908, -1.397 -0.1447 0.2908, -1.4062 -0.1482 0.1171, -1.3985 -0.1471 0.1357, -1.398 -0.1507 0.1357, -1.3967 -0.1501 0.1459, -1.4126 -0.1487 0.1093, -1.3854 -0.1812 0.1042, -1.365 -0.1813 0.147, -1.3667 -0.1822 0.1306, -1.3715 -0.1828 0.1148, -1.3793 -0.1833 0.1002, -1.4043 -0.1728 0.1017, -1.408 -0.1665 0.1052, -1.4122 -0.1667 0.1013, -1.4168 -0.1669 0.0979, -1.4391 -0.1531 0.0948, -1.4341 -0.153 0.096, -1.4292 -0.1529 0.0977, -1.4246 -0.1528 0.0999, -1.416 -0.1525 0.1055, -1.4202 -0.1526 0.1025, -1.3794 -0.1758 0.1468, -1.3861 -0.1707 0.1466, -1.3871 -0.1714 0.1343, -1.3909 -0.1644 0.1464, -1.3922 -0.1651 0.1351, -1.4057 -0.1518 0.1169, -1.4122 -0.1523 0.109, -1.405 -0.1555 0.1165, -1.4014 -0.1476 0.126, -1.4009 -0.1513 0.1259, -1.3971 -0.1544 0.1357, -1.4001 -0.1549 0.1257, -1.3958 -0.158 0.1356, -1.3989 -0.1586 0.1253, -1.3942 -0.1616 0.1353, -1.3963 -0.1531 0.146, -1.3945 -0.1573 0.1462, -1.393 -0.161 0.1463, -1.3924 -0.1626 0.1464, -1.3999 -0.1779 0.0974, -1.3912 -0.1775 0.108, -1.3783 -0.1807 0.1175, -1.3723 -0.1793 0.1469, -1.378 -0.177 0.1469, -1.3809 -0.1765 0.1332, -1.3685 -0.1809 0.147, -1.3739 -0.1801 0.1319, -1.3848 -0.177 0.1201, -1.3907 -0.1719 0.1224, -1.3965 -0.1724 0.1114, -1.3955 -0.1656 0.1241, -1.4008 -0.1661 0.114, -1.4025 -0.1627 0.1151, -1.4094 -0.1631 0.1065, -1.4106 -0.1595 0.1076, -1.4146 -0.1597 0.104, -1.4189 -0.1599 0.1009, -1.4235 -0.16 0.0981, -1.4284 -0.1602 0.0959, -1.3972 -0.1464 0.1458, -1.4116 -0.1559 0.1084, -1.4039 -0.1591 0.1159, -1.3974 -0.1622 0.1248, -1.6912 0.1063 0.1324, -1.6861 0.1063 0.1201, -1.6779 0.1063 0.1095, -1.6673 0.1063 0.1013, -1.655 0.1063 0.0962, -1.3984 0.1063 0.1371, -1.402 0.1063 0.125, -1.4084 0.1063 0.1142, -1.4174 0.1063 0.1053, -1.4282 0.1063 0.0988, -1.6417 0.1063 0.0945, -1.4488 0.1063 0.0945, -1.4402 0.1063 0.0952, -1.4449 0.4252 0.3622, -1.4449 0.5709 0.3622, -1.7323 0.4252 0.3622, -1.4449 0.3661 0.3031, -1.6535 0.3661 0.3031, -1.4449 0.3661 0.1181, -1.6535 0.3661 0.1181, -1.6665 0.364 0.301, -1.6732 0.3608 0.2979, -1.6734 0.3608 0.2978, -1.6637 0.3646 0.3016, -1.6594 0.3657 0.3027, -1.6912 0.3369 0.2739, -1.6927 0.3307 0.2677, -1.4449 0.3858 0.3228, -1.69 0.3417 0.2787, -1.6873 0.3463 0.2833, -1.6848 0.3507 0.2877, -1.6813 0.3545 0.2915, -1.6801 0.3558 0.2928, -1.811 0.5906 0.3425, -1.4449 0.5906 0.3425, -1.811 0.5906 0.0354, -1.4449 0.5906 0.3228, 1.4449 0.5906 0.3425, 1.811 0.5906 0.3425, 1.4449 0.5906 0.3228, 1.811 0.5906 0.0354, 1.378 0.5906 0.0354, -1.378 0.5906 0.0354, -1.6417 0.1938 0.0945, -1.3768 0.184 0.0945, -1.411 0.1742 0.0945, -1.4032 0.1774 0.0945, -1.3965 0.1801 0.0945, -1.3931 0.1815 0.0945, -1.3928 0.1816 0.0945, -1.3837 0.183 0.0945, -1.4488 0.1461 0.0945, -1.4447 0.1495 0.0945, -1.4406 0.153 0.0945, -1.4389 0.1544 0.0945, -1.4363 0.1566 0.0945, -1.432 0.1602 0.0945, -1.4315 0.1606 0.0945, -1.4275 0.1633 0.0945, -1.4228 0.1664 0.0945, -1.4141 0.1721 0.0945, -1.413 0.1729 0.0945, -1.6502 0.2365 0.0681, -1.6511 0.2356 0.0682, 1.651 0.2355 0.0682, -1.6729 0.2113 0.0781, -1.6731 0.2111 0.0782, 1.673 0.2109 0.0781, 1.6817 0.2005 0.0866, 1.6417 0.1938 0.0945, 1.6818 0.2004 0.0867, 1.6871 0.1938 0.0945, -1.6819 0.2005 0.0868, -1.6871 0.1938 0.0945, -1.6818 0.2006 0.0866, 1.6798 0.2029 0.0839, -1.6803 0.2026 0.0844, 1.6728 0.2111 0.0779, -1.6627 0.2229 0.072, -1.6691 0.2157 0.0749, 1.6555 0.2306 0.0688, 1.6689 0.2156 0.0747, 1.6626 0.2227 0.0719, -1.6622 0.2234 0.0718, -1.6554 0.2309 0.0688, 1.662 0.2233 0.0717, -1.6417 0.2459 0.0669, 1.6502 0.2365 0.0681, 1.6417 0.2459 0.0669, 1.6417 0.315 0.0669, 1.4302 0.315 0.0669, -1.4174 0.2761 0.0669, -1.4186 0.2828 0.067, -1.4302 0.315 0.0669, -1.6417 0.315 0.0669, -1.4235 0.2999 0.067, -1.4206 0.2933 0.067, 1.4235 0.2998 0.0669, 1.4209 0.2939 0.0669, 1.4187 0.2828 0.0669, 1.4174 0.2762 0.0669, 1.4173 0.2726 0.0669, -1.4173 0.2726 0.0669, -1.4449 0.5899 0.3476, -1.4449 0.5879 0.3524, -1.4449 0.5848 0.3564, -1.4449 0.576 0.3615, -1.4449 0.5807 0.3596, 1.4449 0.3858 0.3228, 1.4449 0.3661 0.3228, -1.4449 0.3661 0.3228, -1.4449 0.3469 0.0781, -1.4449 0.355 0.0923, -1.4449 0.3553 0.0867, -1.4449 0.3618 0.0975, -1.4449 0.3654 0.1095, -1.4449 0.3617 0.1134, -1.4449 0.3632 0.1285, -1.7756 0.0984 0.3425, -1.811 0.4252 0.3819, -1.811 0.1508 0.3819, -1.752 0.4252 0.3819, -1.752 0.1508 0.3819, -1.8281 0.4252 0.372, -1.8249 0.4252 0.3761, -1.8209 0.4252 0.3793, -1.83 0.4252 0.3673, -1.8161 0.4252 0.3812, -1.7427 0.1286 0.3727, -1.8277 0.1286 0.3727, -1.828 0.1279 0.372, -1.8299 0.1236 0.3676, -1.83 0.1232 0.3673, -1.7501 0.1402 0.38, -1.7477 0.1351 0.3776, -1.7475 0.1347 0.3774, -1.7515 0.1456 0.3815, -1.7508 0.1427 0.3807, -1.816 0.1444 0.3809, -1.8174 0.1427 0.3806, -1.8186 0.1411 0.3804, -1.8231 0.1352 0.3775, -1.8207 0.1384 0.379, -1.825 0.1326 0.3761, -1.8249 0.1327 0.3761, -1.8246 0.1332 0.3765, -1.5551 0.5899 0.0303, -1.5551 0.5902 0.0315, -1.6732 0.5902 0.0315, -1.811 0.5899 0.0303, -1.378 0.5899 0.0303, -1.378 0.5879 0.0256, -1.5551 0.5879 0.0256, -1.378 0.5848 0.0215, -1.5551 0.5848 0.0215, -1.378 0.5807 0.0184, -1.5551 0.5807 0.0184, -1.378 0.576 0.0164, -1.5551 0.576 0.0164, -1.6732 0.5899 0.0303, -1.6732 0.5879 0.0256, -1.811 0.5879 0.0256, -1.6732 0.5848 0.0215, -1.811 0.5848 0.0215, -1.6732 0.5807 0.0184, -1.811 0.5807 0.0184, -1.6732 0.576 0.0164, -1.811 0.576 0.0164, -1.8307 0.5723 0.3622, -1.83 0.576 0.3615, -1.8288 0.5794 0.3603, -1.828 0.5807 0.3595, -1.8248 0.5847 0.3563, -1.8266 0.5829 0.3581, -1.8161 0.5897 0.3476, -1.8178 0.5894 0.3493, -1.8208 0.5877 0.3523, -1.8228 0.5867 0.3543, -1.83 0.576 0.0354, -1.8294 0.576 0.0305, -1.8195 0.5879 0.0305, -1.8154 0.5899 0.0329, -1.8146 0.5899 0.0318, -1.8123 0.5899 0.0305, -1.8159 0.5899 0.0341, -1.8205 0.5879 0.0329, -1.8245 0.5848 0.0318, -1.8161 0.5899 0.0354, -1.818 0.5879 0.0285, -1.8136 0.5899 0.031, -1.8159 0.5879 0.0269, -1.8136 0.5879 0.0259, -1.8209 0.5879 0.0354, -1.8249 0.5848 0.0354, -1.8281 0.5807 0.0354, -1.8231 0.5848 0.0285, -1.8209 0.5848 0.0256, -1.818 0.5848 0.0234, -1.8146 0.5848 0.022, -1.8275 0.5807 0.031, -1.8258 0.5807 0.0269, -1.8231 0.5807 0.0234, -1.8195 0.5807 0.0207, -1.8154 0.5807 0.019, -1.8275 0.576 0.0259, -1.8245 0.576 0.022, -1.8205 0.576 0.019, -1.8159 0.576 0.0171, -1.8246 0.1332 0.3765, -1.825 0.1326 0.3761, -1.8186 0.1411 0.3804, -1.655 0.1938 0.0962, -1.6912 0.1938 0.1324, -1.6861 0.1938 0.1201, -1.6922 0.1938 0.1095, -1.6779 0.1938 0.1095, -1.6886 0.1938 0.0975, -1.6673 0.1938 0.1013, -1.6923 0.3266 0.1131, -1.6914 0.3264 0.1059, -1.6917 0.3265 0.1082, -1.6919 0.3265 0.1096, -1.6871 0.3254 0.0944, -1.6883 0.3257 0.0976, -1.6887 0.3258 0.0987, -1.6905 0.3262 0.1033, -1.6819 0.3242 0.0868, -1.684 0.3247 0.0899, -1.673 0.3222 0.0779, -1.674 0.3224 0.0788, -1.6777 0.3233 0.0821, -1.68 0.3238 0.0841, -1.6811 0.3241 0.0858, -1.6622 0.3197 0.0715, -1.6709 0.3217 0.0761, -1.6516 0.3172 0.0683, -1.6598 0.3191 0.0703, -1.6612 0.3195 0.071, -1.6502 0.3169 0.068, -1.6471 0.3162 0.0672, -1.2972 0.1772 0.3031, -1.3583 0.1772 0.3031, -1.3789 0.1712 0.3132, -1.3765 0.1727 0.3124, -1.3779 0.1718 0.3129, -1.2972 0.1713 0.3134, -1.3743 0.1736 0.3114, -1.3686 0.1758 0.3087, -1.3693 0.1755 0.309, -1.2972 0.1756 0.3091, -1.2972 0.1737 0.3115, -1.2972 0.1768 0.3062, -1.3589 0.1772 0.3035, -1.3638 0.1765 0.3061, -1.3685 0.1758 0.3086, -1.2972 0.1684 0.3146, 1.4173 0.3346 0.1185, -1.4173 0.2825 0.0677, 1.4173 0.2825 0.0677, -1.4173 0.2886 0.0695, 1.4173 0.2886 0.0695, -1.4173 0.2974 0.072, 1.4173 0.2974 0.072, -1.4173 0.3036 0.0756, 1.4173 0.3036 0.0756, -1.4173 0.3107 0.0798, 1.4173 0.3107 0.0798, -1.4173 0.3165 0.0854, 1.4173 0.3165 0.0854, -1.4173 0.3218 0.0906, 1.4173 0.3218 0.0906, -1.4173 0.3264 0.0981, 1.4173 0.3264 0.0981, -1.4173 0.3299 0.1037, 1.4173 0.3299 0.1037, -1.4173 0.3328 0.113, 1.4173 0.3328 0.113, -1.4173 0.3346 0.1185, -1.433 0.3203 0.0674, -1.6437 0.3235 0.068, -1.4347 0.3235 0.0677, -1.644 0.3249 0.0682, -1.4351 0.3243 0.0678, -1.6446 0.3275 0.0685, -1.6489 0.3462 0.0781, -1.6482 0.3432 0.0759, -1.4408 0.3365 0.0717, -1.6474 0.3394 0.0732, -1.4403 0.3356 0.0714, -1.6465 0.3355 0.0716, -1.6462 0.3344 0.0712, -1.6508 0.3541 0.0851, -1.6501 0.3511 0.082, -1.4428 0.3416 0.0748, -1.4447 0.3464 0.0778, -1.6492 0.3472 0.0788, -1.6498 0.3501 0.0809, -1.651 0.3552 0.0868, -1.6515 0.3572 0.0899, -1.6523 0.3609 0.0955, -1.6533 0.3651 0.1081, -1.6533 0.365 0.1074, -1.6526 0.362 0.0986, -1.6525 0.3616 0.0975, -1.6533 0.3652 0.1096, -1.6478 0.3211 0.0675, -1.6539 0.3271 0.0693, -1.6577 0.3233 0.0697, -1.6679 0.3244 0.0743, -1.6498 0.3192 0.0676, -1.6876 0.3465 0.1181, -1.6898 0.3411 0.1181, -1.6898 0.341 0.1119, -1.6916 0.337 0.1181, -1.692 0.3339 0.1181, -1.6919 0.3338 0.1124, -1.6732 0.3609 0.1181, -1.6749 0.3595 0.1181, -1.6748 0.3594 0.1116, -1.6557 0.3617 0.0975, -1.6771 0.3559 0.1051, -1.674 0.3583 0.1053, -1.6601 0.3444 0.0782, -1.6581 0.346 0.0787, -1.6619 0.3527 0.0858, -1.6526 0.3451 0.077, -1.65 0.3309 0.0697, -1.6459 0.323 0.0676, -1.6481 0.3328 0.0702, -1.6512 0.3411 0.0743, -1.6727 0.3567 0.0993, -1.6757 0.3544 0.0991, -1.671 0.3545 0.0939, -1.6739 0.3523 0.0936, -1.6694 0.3471 0.0845, -1.6743 0.3475 0.0887, -1.6717 0.3449 0.0844, -1.6814 0.3546 0.1181, -1.681 0.3543 0.1115, -1.6801 0.3533 0.1051, -1.6785 0.3518 0.099, -1.6766 0.3498 0.0936, -1.6561 0.3475 0.0793, -1.6593 0.3542 0.0866, -1.6619 0.3597 0.0957, -1.6541 0.3488 0.0801, -1.6521 0.35 0.0809, -1.6541 0.3566 0.0885, -1.6567 0.3555 0.0875, -1.6588 0.3608 0.0965, -1.6637 0.3633 0.1064, -1.6672 0.362 0.1059, -1.6621 0.3428 0.0778, -1.6644 0.351 0.0852, -1.665 0.3582 0.0949, -1.6662 0.3604 0.1002, -1.6567 0.3649 0.1075, -1.6602 0.3643 0.1069, -1.657 0.3657 0.1181, -1.6607 0.3652 0.1181, -1.6637 0.3648 0.1181, -1.6643 0.3645 0.1181, -1.6642 0.3643 0.1122, -1.6679 0.3631 0.1181, -1.6678 0.363 0.1119, -1.6706 0.3603 0.1056, -1.6695 0.3587 0.0997, -1.6681 0.3565 0.0943, -1.6669 0.3491 0.0848, -1.6791 0.3286 0.0836, -1.6876 0.332 0.0965, -1.6851 0.331 0.0918, -1.6823 0.3299 0.0875, -1.6659 0.3392 0.0775, -1.6728 0.3378 0.081, -1.6695 0.3353 0.0778, -1.6762 0.3333 0.082, -1.6728 0.3313 0.0787, -1.6756 0.3273 0.0801, -1.691 0.3334 0.1069, -1.6896 0.3328 0.1016, -1.6863 0.3482 0.1181, -1.6861 0.348 0.1116, -1.6851 0.3472 0.1053, -1.6888 0.3404 0.1059, -1.6834 0.3459 0.0993, -1.6871 0.3395 0.1002, -1.6813 0.3443 0.0939, -1.685 0.3382 0.0949, -1.6788 0.3423 0.0891, -1.6824 0.3367 0.0901, -1.6759 0.3402 0.0848, -1.6795 0.3351 0.0858, -1.6595 0.3214 0.0702, -1.6718 0.3259 0.077, -1.6541 0.3386 0.0733, -1.657 0.336 0.0727, -1.6599 0.3332 0.0725, -1.6627 0.3303 0.0727, -1.6654 0.3273 0.0733, -1.4403 0.146 0.0955, -1.4283 0.1458 0.0992, -1.4297 0.1458 0.0986, -1.4366 0.146 0.096, -1.4393 0.146 0.0957, -1.4249 0.1457 0.1005, -1.4209 0.1455 0.1033, -1.4129 0.1451 0.1094, -1.4095 0.1449 0.1131, -1.4143 0.1452 0.1079, -1.4176 0.1454 0.1056, -1.4041 0.1444 0.1216, -1.4066 0.1446 0.1172, -1.408 0.1448 0.1148, -1.4085 0.1448 0.1143, -1.3989 0.1435 0.1357, -1.4003 0.1438 0.1308, -1.4019 0.1441 0.1255, -1.4021 0.1442 0.1251, -1.398 0.1432 0.1406, -1.3983 0.1434 0.1378, -1.3985 0.1434 0.1371, -1.3849 0.1668 0.2912, -1.386 0.1656 0.2911, -1.397 0.1447 0.2908, -1.3961 0.1479 0.2908, -1.3943 0.1536 0.2909, -1.3865 0.1652 0.313, -1.3895 0.1618 0.2911, -1.3921 0.1573 0.291, -1.3914 0.1591 0.3097, -1.3766 0.1726 0.2913, -1.3686 0.1758 0.3087, -1.3684 0.1758 0.2913, -1.368 0.1759 0.2913, -1.3779 0.1718 0.2912, -1.3765 0.1727 0.3124, -1.4289 0.1565 0.097, -1.4292 0.1529 0.0977, -1.4202 0.1526 0.1025, -1.3963 0.1531 0.146, -1.3945 0.1573 0.1462, -1.3951 0.1578 0.1408, -1.4126 0.1487 0.1093, -1.4391 0.1531 0.0948, -1.4392 0.1495 0.0953, -1.3793 0.1833 0.1002, -1.3715 0.1828 0.1148, -1.3667 0.1822 0.1306, -1.365 0.1813 0.147, -1.3685 0.1809 0.147, -1.4284 0.1602 0.0959, -1.4189 0.1599 0.1009, -1.418 0.1634 0.0996, -1.4168 0.1669 0.0979, -1.408 0.1665 0.1052, -1.4043 0.1728 0.1017, -1.3999 0.1779 0.0974, -1.3854 0.1812 0.1042, -1.3912 0.1775 0.108, -1.3723 0.1793 0.1469, -1.3739 0.1801 0.1319, -1.378 0.177 0.1469, -1.3809 0.1765 0.1332, -1.3794 0.1758 0.1468, -1.3871 0.1714 0.1343, -1.3859 0.1709 0.1467, -1.4088 0.152 0.1128, -1.3965 0.1724 0.1114, -1.4042 0.1663 0.1094, -1.4008 0.1661 0.114, -1.4071 0.1593 0.1116, -1.4039 0.1591 0.1159, -1.4057 0.1518 0.1169, -1.3907 0.1719 0.1224, -1.3979 0.1659 0.119, -1.3955 0.1656 0.1241, -1.4012 0.1588 0.1205, -1.398 0.1507 0.1357, -1.3992 0.151 0.1308, -1.4009 0.1513 0.1259, -1.4031 0.1515 0.1213, -1.3967 0.1501 0.1459, -1.3972 0.1504 0.1408, -1.3914 0.1648 0.1407, -1.3958 0.158 0.1356, -1.3922 0.1651 0.1351, -1.3971 0.1583 0.1304, -1.3936 0.1654 0.1295, -1.3989 0.1586 0.1253, -1.3924 0.1626 0.1464, -1.3909 0.1644 0.1464, -1.3848 0.177 0.1201, -1.3783 0.1807 0.1175, -1.4205 0.149 0.1029, -1.4295 0.1493 0.0982, -1.4197 0.1563 0.1018, -1.4122 0.1523 0.109, -1.4116 0.1559 0.1084, -1.4094 0.1631 0.1065, -1.4106 0.1595 0.1076, -1.3861 0.1707 0.1466, 1.7126 -0.0984 0.3425, 1.7441 -0.0984 0.3425, 1.6929 -0.0984 0.3228, 1.7441 -0.0984 0.2677, 1.6929 -0.0984 0.2323, 1.7441 0.0984 0.3425, 1.7126 0.0984 0.3425, 1.7441 0.0984 0.2677, 1.6929 0.0984 0.3228, 1.6929 0.0984 0.2323, 1.6417 0.1063 0.0669, 1.4488 0.1063 0.0669, 1.6417 -0.1063 0.0669, 1.4488 -0.1063 0.0669, 1.6912 -0.1063 0.1324, 1.6929 -0.1063 0.1457, 1.6929 -0.1063 0.1181, 1.6861 -0.1063 0.1201, 1.6912 -0.1063 0.1049, 1.6779 -0.1063 0.1095, 1.6861 -0.1063 0.0925, 1.6673 -0.1063 0.1013, 1.6779 -0.1063 0.0819, 1.655 -0.1063 0.0962, 1.3976 -0.1063 0.1457, 1.3984 -0.1063 0.1371, 1.3976 -0.1063 0.1181, 1.402 -0.1063 0.125, 1.3994 -0.1063 0.1049, 1.4084 -0.1063 0.1142, 1.4045 -0.1063 0.0925, 1.4174 -0.1063 0.1053, 1.4126 -0.1063 0.0819, 1.4282 -0.1063 0.0988, 1.6673 -0.1063 0.0738, 1.655 -0.1063 0.0687, 1.6417 -0.1063 0.0945, 1.4488 -0.1063 0.0945, 1.4402 -0.1063 0.0952, 1.4356 -0.1063 0.0687, 1.4232 -0.1063 0.0738, 1.4449 -0.4252 0.3622, 1.4449 -0.5709 0.3622, 1.7323 -0.4252 0.3622, 1.8307 -0.5709 0.3622, 1.8307 -0.4252 0.3622, 1.4449 -0.3661 0.3031, 1.6535 -0.3661 0.3031, 1.4449 -0.3661 0.1181, 1.6535 -0.3661 0.1181, 1.6929 -0.3858 0.3228, 1.6665 -0.364 0.301, 1.6732 -0.3608 0.2979, 1.6734 -0.3608 0.2978, 1.6637 -0.3646 0.3016, 1.6594 -0.3657 0.3027, 1.6912 -0.3369 0.2739, 1.6927 -0.3307 0.2677, 1.6929 -0.3268 0.2638, 1.69 -0.3417 0.2787, 1.6873 -0.3463 0.2833, 1.6848 -0.3507 0.2877, 1.6813 -0.3545 0.2915, 1.6801 -0.3558 0.2928, 1.8307 -0.5709 0.0354, 1.8307 0.5709 0.0354, 1.8307 0.5709 0.3622, 1.8307 0.4252 0.3622, 1.8307 0.0984 0.2283, 1.8307 0.1181 0.3622, 1.8307 0.0984 0.3425, 1.8307 -0.1181 0.3622, 1.8307 -0.0984 0.3425, 1.8307 -0.0984 0.2283, 1.3768 -0.184 0.0945, 1.411 -0.1742 0.0945, 1.4032 -0.1774 0.0945, 1.3965 -0.1801 0.0945, 1.3931 -0.1815 0.0945, 1.3928 -0.1816 0.0945, 1.3837 -0.183 0.0945, 1.4488 -0.1461 0.0945, 1.4447 -0.1495 0.0945, 1.4406 -0.153 0.0945, 1.4389 -0.1544 0.0945, 1.4363 -0.1566 0.0945, 1.432 -0.1602 0.0945, 1.4315 -0.1606 0.0945, 1.4275 -0.1633 0.0945, 1.4228 -0.1664 0.0945, 1.4141 -0.1721 0.0945, 1.413 -0.1729 0.0945, 1.6929 -0.1938 0.1457, 1.6929 -0.1938 0.1181, 1.6929 -0.3268 0.1181, 1.6929 0.3268 0.1181, 1.6929 0.1938 0.1181, 1.6929 0.3268 0.2638, 1.6929 0.1938 0.1457, 1.6929 0.1063 0.1181, 1.6929 0.1063 0.1457, 1.6929 0.3858 0.3228, 1.4449 -0.5899 0.3476, 1.4449 -0.5879 0.3524, 1.4449 -0.5848 0.3564, 1.4449 -0.576 0.3615, 1.4449 -0.5807 0.3596, 1.4449 -0.3469 0.0781, 1.4449 -0.355 0.0923, 1.4449 -0.3553 0.0867, 1.4449 -0.3618 0.0975, 1.4449 -0.3654 0.1095, 1.4449 -0.3617 0.1134, 1.4449 -0.3632 0.1285, 1.7756 -0.0984 0.3425, 1.7756 -0.0984 0.2677, 1.811 -0.4252 0.3819, 1.811 -0.1508 0.3819, 1.752 -0.4252 0.3819, 1.752 -0.1508 0.3819, 1.8281 -0.4252 0.372, 1.8249 -0.4252 0.3761, 1.8209 -0.4252 0.3793, 1.83 -0.4252 0.3673, 1.8161 -0.4252 0.3812, 1.7427 -0.1286 0.3727, 1.8277 -0.1286 0.3727, 1.828 -0.1279 0.372, 1.8299 -0.1236 0.3676, 1.83 -0.1232 0.3673, 1.7756 0.0984 0.2677, 1.7501 -0.1402 0.38, 1.7477 -0.1351 0.3776, 1.7475 -0.1347 0.3774, 1.7515 -0.1456 0.3815, 1.7508 -0.1427 0.3807, 1.816 -0.1444 0.3809, 1.8174 -0.1427 0.3806, 1.8186 -0.1411 0.3804, 1.8231 -0.1352 0.3775, 1.8207 -0.1384 0.379, 1.825 -0.1326 0.3761, 1.8249 -0.1327 0.3761, 1.8246 -0.1332 0.3765, 1.5551 -0.5899 0.0303, 1.5551 -0.5902 0.0315, 1.6732 -0.5902 0.0315, 1.811 -0.5899 0.0303, 1.378 -0.5899 0.0303, 1.378 -0.5879 0.0256, 1.5551 -0.5879 0.0256, 1.378 -0.5848 0.0215, 1.5551 -0.5848 0.0215, 1.378 -0.5807 0.0184, 1.5551 -0.5807 0.0184, 1.378 -0.576 0.0164, 1.5551 -0.576 0.0164, 1.6732 -0.5899 0.0303, 1.6732 -0.5879 0.0256, 1.811 -0.5879 0.0256, 1.6732 -0.5848 0.0215, 1.811 -0.5848 0.0215, 1.6732 -0.5807 0.0184, 1.811 -0.5807 0.0184, 1.6732 -0.576 0.0164, 1.811 -0.576 0.0164, 1.8161 0.5709 0.0164, 1.8161 -0.5709 0.0164, 1.8209 0.5709 0.0184, 1.8209 -0.5709 0.0184, 1.8249 0.5709 0.0215, 1.8249 -0.5709 0.0215, 1.8281 0.5709 0.0256, 1.8281 -0.5709 0.0256, 1.83 0.5709 0.0303, 1.83 -0.5709 0.0303, 1.8307 -0.5723 0.3622, 1.83 -0.576 0.3615, 1.8288 -0.5794 0.3603, 1.828 -0.5807 0.3595, 1.8248 -0.5847 0.3563, 1.8266 -0.5829 0.3581, 1.8161 -0.5897 0.3476, 1.8178 -0.5894 0.3493, 1.8208 -0.5877 0.3523, 1.8228 -0.5867 0.3543, 1.83 -0.576 0.0354, 1.8294 -0.576 0.0305, 1.8195 -0.5879 0.0305, 1.8154 -0.5899 0.0329, 1.8146 -0.5899 0.0318, 1.8123 -0.5899 0.0305, 1.8159 -0.5899 0.0341, 1.8205 -0.5879 0.0329, 1.8245 -0.5848 0.0318, 1.8161 -0.5899 0.0354, 1.818 -0.5879 0.0285, 1.8136 -0.5899 0.031, 1.8159 -0.5879 0.0269, 1.8136 -0.5879 0.0259, 1.8209 -0.5879 0.0354, 1.8249 -0.5848 0.0354, 1.8281 -0.5807 0.0354, 1.8231 -0.5848 0.0285, 1.8209 -0.5848 0.0256, 1.818 -0.5848 0.0234, 1.8146 -0.5848 0.022, 1.8275 -0.5807 0.031, 1.8258 -0.5807 0.0269, 1.8231 -0.5807 0.0234, 1.8195 -0.5807 0.0207, 1.8154 -0.5807 0.019, 1.8275 -0.576 0.0259, 1.8245 -0.576 0.022, 1.8205 -0.576 0.019, 1.8159 -0.576 0.0171, 1.8246 -0.1332 0.3765, 1.825 -0.1326 0.3761, 1.8186 -0.1411 0.3804, 1.655 -0.1938 0.0962, 1.6912 -0.1938 0.1324, 1.6861 -0.1938 0.1201, 1.6922 -0.1938 0.1095, 1.6779 -0.1938 0.1095, 1.6886 -0.1938 0.0975, 1.6673 -0.1938 0.1013, 1.6912 0.1063 0.1049, 1.6861 0.1063 0.0925, 1.6779 0.1063 0.0819, 1.6673 0.1063 0.0738, 1.655 0.1063 0.0687, 1.6923 -0.3266 0.1131, 1.6883 -0.3257 0.0976, 1.6887 -0.3258 0.0987, 1.6914 -0.3264 0.1059, 1.6917 -0.3265 0.1082, 1.6919 -0.3265 0.1096, 1.6905 -0.3262 0.1033, 1.6819 -0.3242 0.0868, 1.684 -0.3247 0.0899, 1.6871 -0.3254 0.0944, 1.673 -0.3222 0.0779, 1.674 -0.3224 0.0788, 1.6777 -0.3233 0.0821, 1.68 -0.3238 0.0841, 1.6811 -0.3241 0.0858, 1.6622 -0.3197 0.0715, 1.6709 -0.3217 0.0761, 1.6612 -0.3195 0.071, 1.6598 -0.3191 0.0703, 1.6471 -0.3162 0.0672, 1.6502 -0.3169 0.068, 1.6516 -0.3172 0.0683, 1.3976 -0.1378 0.2906, 1.3976 -0.1429 0.1457, 1.3976 0.1063 0.1181, 1.3976 0.1063 0.1457, 1.3976 -0.1378 0.2953, 1.3976 0.1378 0.2953, 1.3976 0.1378 0.2906, 1.3976 0.1429 0.1457, 1.2972 -0.1772 0.3031, 1.3583 -0.1772 0.3031, 1.3789 -0.1712 0.3132, 1.3825 -0.1688 0.3144, 1.3819 -0.1684 0.3145, 1.3765 -0.1727 0.3124, 1.3779 -0.1718 0.3129, 1.2972 -0.1713 0.3134, 1.3743 -0.1736 0.3114, 1.3686 -0.1758 0.3087, 1.3693 -0.1755 0.309, 1.2972 -0.1756 0.3091, 1.2972 -0.1737 0.3115, 1.2972 -0.1768 0.3062, 1.3589 -0.1772 0.3035, 1.3638 -0.1765 0.3061, 1.3685 -0.1758 0.3086, 1.3802 -0.1671 0.3148, 1.2972 -0.1684 0.3146, 1.3966 0.1449 0.3003, 1.3961 0.148 0.3024, 1.3961 -0.148 0.3024, 1.3966 -0.1449 0.3003, 1.3948 -0.1518 0.305, 1.3959 -0.1495 0.3034, 1.3948 0.1518 0.305, 1.3959 0.1495 0.3034, 1.3918 0.1582 0.3091, 1.3918 -0.1582 0.3091, 1.3922 -0.1574 0.3086, 1.3922 0.1574 0.3086, 1.3914 -0.1591 0.3097, 1.3914 0.1591 0.3097, 1.3877 -0.1637 0.3122, 1.3877 0.1637 0.3122, 1.3865 -0.1652 0.313, 1.3865 0.1652 0.313, 1.3861 0.1656 0.3132, 1.383 -0.1683 0.3142, 1.383 0.1683 0.3142, 1.3825 0.1688 0.3144, 1.3819 0.1684 0.3145, 1.3802 0.1671 0.3148, 1.3861 -0.1656 0.3132, 1.433 -0.3203 0.0674, 1.6437 -0.3235 0.068, 1.4347 -0.3235 0.0677, 1.644 -0.3249 0.0682, 1.4351 -0.3243 0.0678, 1.6446 -0.3275 0.0685, 1.6489 -0.3462 0.0781, 1.6482 -0.3432 0.0759, 1.4408 -0.3365 0.0717, 1.6474 -0.3394 0.0732, 1.4403 -0.3356 0.0714, 1.6465 -0.3355 0.0716, 1.6462 -0.3344 0.0712, 1.6508 -0.3541 0.0851, 1.6501 -0.3511 0.082, 1.4428 -0.3416 0.0748, 1.4447 -0.3464 0.0778, 1.6492 -0.3472 0.0788, 1.6498 -0.3501 0.0809, 1.651 -0.3552 0.0868, 1.6515 -0.3572 0.0899, 1.6523 -0.3609 0.0955, 1.6533 -0.3651 0.1081, 1.6533 -0.365 0.1074, 1.6526 -0.362 0.0986, 1.6525 -0.3616 0.0975, 1.6533 -0.3652 0.1096, 1.6478 -0.3211 0.0675, 1.6539 -0.3271 0.0693, 1.6577 -0.3233 0.0697, 1.6679 -0.3244 0.0743, 1.6498 -0.3192 0.0676, 1.6876 -0.3465 0.1181, 1.6898 -0.3411 0.1181, 1.6898 -0.341 0.1119, 1.6916 -0.337 0.1181, 1.692 -0.3339 0.1181, 1.6919 -0.3338 0.1124, 1.6732 -0.3609 0.1181, 1.6749 -0.3595 0.1181, 1.6748 -0.3594 0.1116, 1.6557 -0.3617 0.0975, 1.6771 -0.3559 0.1051, 1.674 -0.3583 0.1053, 1.6601 -0.3444 0.0782, 1.6581 -0.346 0.0787, 1.6619 -0.3527 0.0858, 1.6526 -0.3451 0.077, 1.65 -0.3309 0.0697, 1.6459 -0.323 0.0676, 1.6481 -0.3328 0.0702, 1.6512 -0.3411 0.0743, 1.6727 -0.3567 0.0993, 1.6757 -0.3544 0.0991, 1.671 -0.3545 0.0939, 1.6739 -0.3523 0.0936, 1.6694 -0.3471 0.0845, 1.6743 -0.3475 0.0887, 1.6717 -0.3449 0.0844, 1.6814 -0.3546 0.1181, 1.681 -0.3543 0.1115, 1.6801 -0.3533 0.1051, 1.6785 -0.3518 0.099, 1.6766 -0.3498 0.0936, 1.6561 -0.3475 0.0793, 1.6593 -0.3542 0.0866, 1.6619 -0.3597 0.0957, 1.6541 -0.3488 0.0801, 1.6521 -0.35 0.0809, 1.6541 -0.3566 0.0885, 1.6567 -0.3555 0.0875, 1.6588 -0.3608 0.0965, 1.6637 -0.3633 0.1064, 1.6672 -0.362 0.1059, 1.6621 -0.3428 0.0778, 1.6644 -0.351 0.0852, 1.665 -0.3582 0.0949, 1.6662 -0.3604 0.1002, 1.6567 -0.3649 0.1075, 1.6602 -0.3643 0.1069, 1.657 -0.3657 0.1181, 1.6607 -0.3652 0.1181, 1.6637 -0.3648 0.1181, 1.6643 -0.3645 0.1181, 1.6642 -0.3643 0.1122, 1.6679 -0.3631 0.1181, 1.6678 -0.363 0.1119, 1.6706 -0.3603 0.1056, 1.6695 -0.3587 0.0997, 1.6681 -0.3565 0.0943, 1.6669 -0.3491 0.0848, 1.6791 -0.3286 0.0836, 1.6876 -0.332 0.0965, 1.6851 -0.331 0.0918, 1.6823 -0.3299 0.0875, 1.6659 -0.3392 0.0775, 1.6728 -0.3378 0.081, 1.6695 -0.3353 0.0778, 1.6762 -0.3333 0.082, 1.6728 -0.3313 0.0787, 1.6756 -0.3273 0.0801, 1.691 -0.3334 0.1069, 1.6896 -0.3328 0.1016, 1.6863 -0.3482 0.1181, 1.6861 -0.348 0.1116, 1.6851 -0.3472 0.1053, 1.6888 -0.3404 0.1059, 1.6834 -0.3459 0.0993, 1.6871 -0.3395 0.1002, 1.6813 -0.3443 0.0939, 1.685 -0.3382 0.0949, 1.6788 -0.3423 0.0891, 1.6824 -0.3367 0.0901, 1.6759 -0.3402 0.0848, 1.6795 -0.3351 0.0858, 1.6595 -0.3214 0.0702, 1.6718 -0.3259 0.077, 1.6541 -0.3386 0.0733, 1.657 -0.336 0.0727, 1.6599 -0.3332 0.0725, 1.6627 -0.3303 0.0727, 1.6654 -0.3273 0.0733, 1.4403 -0.146 0.0955, 1.4283 -0.1458 0.0992, 1.4297 -0.1458 0.0986, 1.4366 -0.146 0.096, 1.4393 -0.146 0.0957, 1.4249 -0.1457 0.1005, 1.4209 -0.1455 0.1033, 1.4129 -0.1451 0.1094, 1.4095 -0.1449 0.1131, 1.4143 -0.1452 0.1079, 1.4176 -0.1454 0.1056, 1.4041 -0.1444 0.1216, 1.4066 -0.1446 0.1172, 1.408 -0.1448 0.1148, 1.4085 -0.1448 0.1143, 1.3989 -0.1435 0.1357, 1.4003 -0.1438 0.1308, 1.4019 -0.1441 0.1255, 1.4021 -0.1442 0.1251, 1.398 -0.1432 0.1406, 1.3983 -0.1434 0.1378, 1.3985 -0.1434 0.1371, 1.3994 0.1063 0.1049, 1.4045 0.1063 0.0925, 1.4126 0.1063 0.0819, 1.4232 0.1063 0.0738, 1.4356 0.1063 0.0687, 1.3849 -0.1668 0.2912, 1.386 -0.1656 0.2911, 1.3914 -0.1591 0.3097, 1.3895 -0.1618 0.2911, 1.397 -0.1447 0.2908, 1.3961 -0.1479 0.2908, 1.3943 -0.1536 0.2909, 1.3865 -0.1652 0.313, 1.3921 -0.1573 0.291, 1.3766 -0.1726 0.2913, 1.3686 -0.1758 0.3087, 1.3684 -0.1758 0.2913, 1.368 -0.1759 0.2913, 1.3779 -0.1718 0.2912, 1.3765 -0.1727 0.3124, 1.4289 -0.1565 0.097, 1.4292 -0.1529 0.0977, 1.4202 -0.1526 0.1025, 1.3963 -0.1531 0.146, 1.3945 -0.1573 0.1462, 1.3951 -0.1578 0.1408, 1.4126 -0.1487 0.1093, 1.4391 -0.1531 0.0948, 1.4392 -0.1495 0.0953, 1.3793 -0.1833 0.1002, 1.3715 -0.1828 0.1148, 1.3667 -0.1822 0.1306, 1.365 -0.1813 0.147, 1.3685 -0.1809 0.147, 1.4284 -0.1602 0.0959, 1.4189 -0.1599 0.1009, 1.418 -0.1634 0.0996, 1.4168 -0.1669 0.0979, 1.408 -0.1665 0.1052, 1.4043 -0.1728 0.1017, 1.3999 -0.1779 0.0974, 1.3854 -0.1812 0.1042, 1.3912 -0.1775 0.108, 1.3723 -0.1793 0.1469, 1.3739 -0.1801 0.1319, 1.378 -0.177 0.1469, 1.3809 -0.1765 0.1332, 1.3794 -0.1758 0.1468, 1.3871 -0.1714 0.1343, 1.3859 -0.1709 0.1467, 1.4088 -0.152 0.1128, 1.3965 -0.1724 0.1114, 1.4042 -0.1663 0.1094, 1.4008 -0.1661 0.114, 1.4071 -0.1593 0.1116, 1.4039 -0.1591 0.1159, 1.4057 -0.1518 0.1169, 1.3907 -0.1719 0.1224, 1.3979 -0.1659 0.119, 1.3955 -0.1656 0.1241, 1.4012 -0.1588 0.1205, 1.398 -0.1507 0.1357, 1.3992 -0.151 0.1308, 1.4009 -0.1513 0.1259, 1.4031 -0.1515 0.1213, 1.3967 -0.1501 0.1459, 1.3972 -0.1504 0.1408, 1.3914 -0.1648 0.1407, 1.3958 -0.158 0.1356, 1.3922 -0.1651 0.1351, 1.3971 -0.1583 0.1304, 1.3936 -0.1654 0.1295, 1.3989 -0.1586 0.1253, 1.3924 -0.1626 0.1464, 1.3909 -0.1644 0.1464, 1.3848 -0.177 0.1201, 1.3783 -0.1807 0.1175, 1.4205 -0.149 0.1029, 1.4295 -0.1493 0.0982, 1.4197 -0.1563 0.1018, 1.4122 -0.1523 0.109, 1.4116 -0.1559 0.1084, 1.4094 -0.1631 0.1065, 1.4106 -0.1595 0.1076, 1.3861 -0.1707 0.1466, 1.6912 0.1063 0.1324, 1.6861 0.1063 0.1201, 1.6779 0.1063 0.1095, 1.3984 0.1063 0.1371, 1.402 0.1063 0.125, 1.4084 0.1063 0.1142, 1.4174 0.1063 0.1053, 1.6417 0.1063 0.0945, 1.655 0.1063 0.0962, 1.6673 0.1063 0.1013, 1.4282 0.1063 0.0988, 1.4402 0.1063 0.0952, 1.4488 0.1063 0.0945, 1.4449 0.5709 0.3622, 1.4449 0.4252 0.3622, 1.7323 0.4252 0.3622, 1.6535 0.3661 0.3031, 1.4449 0.3661 0.3031, 1.6535 0.3661 0.1181, 1.4449 0.3661 0.1181, 1.6927 0.3307 0.2677, 1.6594 0.3657 0.3027, 1.6637 0.3646 0.3016, 1.6665 0.364 0.301, 1.6732 0.3608 0.2979, 1.6734 0.3608 0.2978, 1.6912 0.3369 0.2739, 1.6801 0.3558 0.2928, 1.6813 0.3545 0.2915, 1.6848 0.3507 0.2877, 1.6873 0.3463 0.2833, 1.69 0.3417 0.2787, 1.4488 0.1461 0.0945, 1.3837 0.183 0.0945, 1.3906 0.1821 0.0945, 1.3931 0.1812 0.0945, 1.3963 0.18 0.0945, 1.4032 0.1774 0.0945, 1.4087 0.1753 0.0945, 1.413 0.1726 0.0945, 1.414 0.172 0.0945, 1.4227 0.1665 0.0945, 1.4318 0.16 0.0945, 1.4334 0.1587 0.0945, 1.4388 0.1543 0.0945, 1.4278 0.1633 0.0945, 1.4278 0.1633 0.0945, 1.4405 0.1529 0.0945, 1.4441 0.1499 0.0945, 1.4449 0.5899 0.3476, 1.4449 0.5807 0.3596, 1.4449 0.5848 0.3564, 1.4449 0.5879 0.3524, 1.4449 0.576 0.3615, 1.4449 0.3632 0.1285, 1.4449 0.3469 0.0781, 1.4449 0.3553 0.0867, 1.4449 0.355 0.0923, 1.4449 0.3618 0.0975, 1.4449 0.3617 0.1134, 1.4449 0.3654 0.1095, 1.7756 0.0984 0.3425, 1.811 0.1508 0.3819, 1.811 0.4252 0.3819, 1.752 0.1508 0.3819, 1.752 0.4252 0.3819, 1.83 0.4252 0.3673, 1.8209 0.4252 0.3793, 1.8249 0.4252 0.3761, 1.8281 0.4252 0.372, 1.8161 0.4252 0.3812, 1.7427 0.1286 0.3727, 1.83 0.1232 0.3673, 1.8299 0.1236 0.3676, 1.828 0.1279 0.372, 1.8277 0.1286 0.3727, 1.7475 0.1347 0.3774, 1.7477 0.1351 0.3776, 1.7501 0.1402 0.38, 1.7508 0.1427 0.3807, 1.7515 0.1456 0.3815, 1.8246 0.1332 0.3765, 1.8249 0.1327 0.3761, 1.825 0.1326 0.3761, 1.816 0.1444 0.3809, 1.8174 0.1427 0.3806, 1.8186 0.1411 0.3804, 1.8207 0.1384 0.379, 1.8231 0.1352 0.3775, 1.378 0.576 0.0164, 1.5551 0.576 0.0164, 1.378 0.5807 0.0184, 1.5551 0.5807 0.0184, 1.378 0.5848 0.0215, 1.5551 0.5848 0.0215, 1.378 0.5879 0.0256, 1.5551 0.5879 0.0256, 1.378 0.5899 0.0303, 1.5551 0.5899 0.0303, 1.6732 0.5899 0.0303, 1.6732 0.5902 0.0315, 1.5551 0.5902 0.0315, 1.811 0.5899 0.0303, 1.811 0.5879 0.0256, 1.6732 0.5879 0.0256, 1.811 0.5848 0.0215, 1.6732 0.5848 0.0215, 1.811 0.5807 0.0184, 1.6732 0.5807 0.0184, 1.811 0.576 0.0164, 1.6732 0.576 0.0164, 1.8161 0.5897 0.3476, 1.8178 0.5894 0.3493, 1.8208 0.5877 0.3523, 1.8228 0.5867 0.3543, 1.8248 0.5847 0.3563, 1.8266 0.5829 0.3581, 1.828 0.5807 0.3595, 1.8288 0.5794 0.3603, 1.83 0.576 0.3615, 1.8307 0.5723 0.3622, 1.8294 0.576 0.0305, 1.8275 0.576 0.0259, 1.8275 0.5807 0.031, 1.8258 0.5807 0.0269, 1.8245 0.5848 0.0318, 1.8231 0.5848 0.0285, 1.8205 0.5879 0.0329, 1.8195 0.5879 0.0305, 1.8159 0.5899 0.0341, 1.8154 0.5899 0.0329, 1.8245 0.576 0.022, 1.8231 0.5807 0.0234, 1.8209 0.5848 0.0256, 1.818 0.5879 0.0285, 1.8146 0.5899 0.0318, 1.83 0.576 0.0354, 1.8281 0.5807 0.0354, 1.8249 0.5848 0.0354, 1.8209 0.5879 0.0354, 1.8161 0.5899 0.0354, 1.8205 0.576 0.019, 1.8159 0.576 0.0171, 1.8195 0.5807 0.0207, 1.8154 0.5807 0.019, 1.818 0.5848 0.0234, 1.8146 0.5848 0.022, 1.8159 0.5879 0.0269, 1.8136 0.5879 0.0259, 1.8136 0.5899 0.031, 1.8123 0.5899 0.0305, 1.8186 0.1411 0.3804, 1.825 0.1326 0.3761, 1.8246 0.1332 0.3765, 1.655 0.1938 0.0962, 1.6673 0.1938 0.1013, 1.6886 0.1938 0.0975, 1.6779 0.1938 0.1095, 1.6922 0.1938 0.1095, 1.6861 0.1938 0.1201, 1.6912 0.1938 0.1324, 1.6819 0.3242 0.0868, 1.6871 0.3254 0.0944, 1.684 0.3247 0.0899, 1.68 0.3238 0.0841, 1.6777 0.3233 0.0821, 1.674 0.3224 0.0788, 1.673 0.3221 0.078, 1.6704 0.3216 0.0757, 1.6622 0.3197 0.0715, 1.6613 0.3194 0.071, 1.6517 0.3172 0.0682, 1.6594 0.319 0.0701, 1.6481 0.3164 0.0673, 1.6503 0.3169 0.0678, 1.6917 0.3265 0.1082, 1.6914 0.3264 0.1058, 1.6887 0.3258 0.0987, 1.6883 0.3257 0.0976, 1.6919 0.3265 0.1096, 1.3583 0.1772 0.3031, 1.2972 0.1772 0.3031, 1.3789 0.1712 0.3132, 1.2972 0.1713 0.3134, 1.2972 0.1684 0.3146, 1.3693 0.1755 0.309, 1.2972 0.1756 0.3091, 1.2972 0.1737 0.3115, 1.3589 0.1772 0.3035, 1.2972 0.1768 0.3062, 1.3686 0.1758 0.3087, 1.3685 0.1758 0.3086, 1.3638 0.1765 0.3061, 1.3779 0.1718 0.3129, 1.3765 0.1727 0.3124, 1.3743 0.1736 0.3114, 1.6535 0.3659 0.1134, 1.433 0.3202 0.0674, 1.6437 0.3235 0.068, 1.4347 0.3235 0.0677, 1.4352 0.3244 0.0678, 1.6462 0.3344 0.0712, 1.6464 0.3355 0.0716, 1.4403 0.3356 0.0714, 1.6446 0.3274 0.0685, 1.644 0.3249 0.0682, 1.6482 0.3432 0.0759, 1.6489 0.3462 0.078, 1.4447 0.3464 0.0778, 1.6473 0.3393 0.0731, 1.4428 0.3416 0.0748, 1.4407 0.3364 0.0717, 1.6492 0.3473 0.0788, 1.6497 0.3495 0.0803, 1.65 0.351 0.0821, 1.6508 0.3542 0.0859, 1.651 0.355 0.0869, 1.6517 0.358 0.0904, 1.6529 0.3634 0.1016, 1.653 0.3638 0.1033, 1.6521 0.3598 0.0941, 1.6525 0.3615 0.0976, 1.6526 0.362 0.0987, 1.6532 0.3648 0.1082, 1.6533 0.3651 0.1096, 1.6535 0.3659 0.1131, 1.6526 0.3451 0.077, 1.6637 0.3648 0.1181, 1.6607 0.3652 0.1181, 1.6606 0.3652 0.1124, 1.6732 0.3609 0.1181, 1.6679 0.3631 0.1181, 1.6678 0.363 0.1119, 1.6876 0.3465 0.1181, 1.6863 0.3482 0.1181, 1.6861 0.348 0.1116, 1.6884 0.3289 0.0975, 1.6827 0.3504 0.1051, 1.6851 0.3472 0.1053, 1.6712 0.3333 0.0782, 1.6728 0.3313 0.0787, 1.6795 0.3351 0.0858, 1.6718 0.3259 0.077, 1.6498 0.3192 0.0676, 1.6577 0.3233 0.0697, 1.6539 0.3271 0.0693, 1.6478 0.3211 0.0675, 1.65 0.3309 0.0697, 1.6595 0.3214 0.0702, 1.6679 0.3244 0.0743, 1.6834 0.3459 0.0993, 1.6811 0.3489 0.0991, 1.6813 0.3443 0.0939, 1.6791 0.3471 0.0936, 1.6739 0.3426 0.0845, 1.6743 0.3475 0.0887, 1.6717 0.3449 0.0844, 1.6814 0.3546 0.1181, 1.681 0.3543 0.1115, 1.6801 0.3533 0.1051, 1.6785 0.3518 0.099, 1.6766 0.3498 0.0936, 1.6742 0.3293 0.0793, 1.681 0.3325 0.0866, 1.6864 0.3351 0.0957, 1.6876 0.332 0.0965, 1.6823 0.3299 0.0875, 1.6834 0.3273 0.0885, 1.6768 0.3253 0.0809, 1.6756 0.3273 0.0801, 1.6901 0.3369 0.1064, 1.6888 0.3404 0.1059, 1.6695 0.3353 0.0778, 1.6778 0.3376 0.0852, 1.685 0.3382 0.0949, 1.6871 0.3395 0.1002, 1.6916 0.3299 0.1075, 1.691 0.3334 0.1069, 1.6925 0.3303 0.1181, 1.692 0.3339 0.1181, 1.6916 0.337 0.1181, 1.6913 0.3376 0.1181, 1.6911 0.3374 0.1122, 1.6898 0.3411 0.1181, 1.6898 0.341 0.1119, 1.6871 0.3439 0.1056, 1.6854 0.3427 0.0997, 1.6833 0.3413 0.0943, 1.6759 0.3402 0.0848, 1.6567 0.3555 0.0875, 1.6578 0.3584 0.0918, 1.6588 0.3608 0.0965, 1.6659 0.3392 0.0775, 1.6646 0.346 0.081, 1.6621 0.3428 0.0778, 1.66 0.3495 0.082, 1.6581 0.346 0.0787, 1.6554 0.3523 0.0836, 1.6541 0.3488 0.0801, 1.6596 0.3628 0.1016, 1.6602 0.3643 0.1069, 1.6749 0.3595 0.1181, 1.6748 0.3594 0.1116, 1.674 0.3583 0.1053, 1.6672 0.362 0.1059, 1.6727 0.3567 0.0993, 1.6662 0.3604 0.1002, 1.671 0.3545 0.0939, 1.665 0.3582 0.0949, 1.6691 0.352 0.0891, 1.6635 0.3557 0.0901, 1.6669 0.3491 0.0848, 1.6619 0.3527 0.0858, 1.6459 0.323 0.0676, 1.6512 0.3411 0.0743, 1.6481 0.3328 0.0702, 1.6541 0.3386 0.0733, 1.6654 0.3273 0.0733, 1.6627 0.3303 0.0727, 1.6599 0.3332 0.0725, 1.657 0.336 0.0727, 1.398 0.1433 0.1394, 1.3986 0.1434 0.1371, 1.3989 0.1435 0.1357, 1.4007 0.1439 0.1283, 1.4018 0.1441 0.1261, 1.4065 0.1446 0.1169, 1.4023 0.1441 0.1252, 1.4175 0.1453 0.1055, 1.4167 0.1452 0.1061, 1.415 0.1452 0.1073, 1.413 0.145 0.1095, 1.4087 0.1447 0.1144, 1.4248 0.1456 0.1005, 1.4208 0.1454 0.1032, 1.4403 0.146 0.0956, 1.4393 0.146 0.0957, 1.436 0.1459 0.0961, 1.4344 0.1459 0.0968, 1.4297 0.1457 0.0986, 1.4283 0.1457 0.0991, 1.4443 0.146 0.0951, 1.3943 0.1536 0.2909, 1.3921 0.1573 0.291, 1.3766 0.1726 0.2913, 1.3765 0.1727 0.3124, 1.3779 0.1718 0.2912, 1.3849 0.1668 0.2912, 1.3686 0.1758 0.3087, 1.3684 0.1758 0.2913, 1.368 0.1759 0.2913, 1.3895 0.1618 0.2911, 1.3914 0.1591 0.3097, 1.386 0.1656 0.2911, 1.3865 0.1652 0.313, 1.3961 0.1479 0.2908, 1.397 0.1447 0.2908, 1.4062 0.1482 0.1171, 1.3985 0.1471 0.1357, 1.398 0.1507 0.1357, 1.3967 0.1501 0.1459, 1.4126 0.1487 0.1093, 1.3854 0.1812 0.1042, 1.365 0.1813 0.147, 1.3667 0.1822 0.1306, 1.3715 0.1828 0.1148, 1.3793 0.1833 0.1002, 1.4043 0.1728 0.1017, 1.408 0.1665 0.1052, 1.4122 0.1667 0.1013, 1.4168 0.1669 0.0979, 1.4391 0.1531 0.0948, 1.4341 0.153 0.096, 1.4292 0.1529 0.0977, 1.4246 0.1528 0.0999, 1.416 0.1525 0.1055, 1.4202 0.1526 0.1025, 1.3794 0.1758 0.1468, 1.3861 0.1707 0.1466, 1.3871 0.1714 0.1343, 1.3909 0.1644 0.1464, 1.3922 0.1651 0.1351, 1.4057 0.1518 0.1169, 1.4122 0.1523 0.109, 1.405 0.1555 0.1165, 1.4014 0.1476 0.126, 1.4009 0.1513 0.1259, 1.3971 0.1544 0.1357, 1.4001 0.1549 0.1257, 1.3958 0.158 0.1356, 1.3989 0.1586 0.1253, 1.3942 0.1616 0.1353, 1.3963 0.1531 0.146, 1.3945 0.1573 0.1462, 1.393 0.161 0.1463, 1.3924 0.1626 0.1464, 1.3999 0.1779 0.0974, 1.3912 0.1775 0.108, 1.3783 0.1807 0.1175, 1.3723 0.1793 0.1469, 1.378 0.177 0.1469, 1.3809 0.1765 0.1332, 1.3685 0.1809 0.147, 1.3739 0.1801 0.1319, 1.3848 0.177 0.1201, 1.3907 0.1719 0.1224, 1.3965 0.1724 0.1114, 1.3955 0.1656 0.1241, 1.4008 0.1661 0.114, 1.4025 0.1627 0.1151, 1.4094 0.1631 0.1065, 1.4106 0.1595 0.1076, 1.4146 0.1597 0.104, 1.4189 0.1599 0.1009, 1.4235 0.16 0.0981, 1.4284 0.1602 0.0959, 1.3972 0.1464 0.1458, 1.4116 0.1559 0.1084, 1.4039 0.1591 0.1159, 1.3974 0.1622 0.1248, -1.2972 -0.1575 0.2913, -1.2224 -0.1575 0.2913, -1.2224 -0.1684 0.3146, -1.2224 -0.1772 0.3031, -1.2224 -0.1768 0.3062, -1.2224 -0.1756 0.3091, -1.2224 -0.1737 0.3115, -1.2224 -0.1713 0.3134, -1.1398 -0.1684 0.3146, -1.1398 -0.1713 0.3134, -1.1398 -0.1737 0.3115, -1.1398 -0.1756 0.3091, -1.1398 -0.1768 0.3062, -1.1398 -0.1772 0.3031, -1.2972 0.1575 0.2913, -1.2224 0.1575 0.2913, -1.2224 0.1772 0.3031, -1.2224 0.1684 0.3146, -1.2224 0.1713 0.3134, -1.2224 0.1737 0.3115, -1.2224 0.1756 0.3091, -1.2224 0.1768 0.3062, -1.1398 0.1772 0.3031, -1.1398 0.1768 0.3062, -1.1398 0.1756 0.3091, -1.1398 0.1737 0.3115, -1.1398 0.1713 0.3134, -1.1398 0.1684 0.3146, -1.1398 -0.1575 0.2913, -1.065 -0.1575 0.2913, -1.065 -0.1684 0.3146, -1.065 -0.1772 0.3031, -1.065 -0.1768 0.3062, -1.065 -0.1756 0.3091, -1.065 -0.1737 0.3115, -1.065 -0.1713 0.3134, -0.9823 -0.1684 0.3146, -0.9823 -0.1713 0.3134, -0.9823 -0.1737 0.3115, -0.9823 -0.1756 0.3091, -0.9823 -0.1768 0.3062, -0.9823 -0.1772 0.3031, -1.1398 0.1575 0.2913, -1.065 0.1575 0.2913, -1.065 0.1772 0.3031, -1.065 0.1684 0.3146, -1.065 0.1713 0.3134, -1.065 0.1737 0.3115, -1.065 0.1756 0.3091, -1.065 0.1768 0.3062, -0.9823 0.1772 0.3031, -0.9823 0.1768 0.3062, -0.9823 0.1756 0.3091, -0.9823 0.1737 0.3115, -0.9823 0.1713 0.3134, -0.9823 0.1684 0.3146, -0.9823 -0.1575 0.2913, -0.9075 -0.1575 0.2913, -0.9075 -0.1684 0.3146, -0.9075 -0.1772 0.3031, -0.9075 -0.1768 0.3062, -0.9075 -0.1756 0.3091, -0.9075 -0.1737 0.3115, -0.9075 -0.1713 0.3134, -0.8248 -0.1684 0.3146, -0.8248 -0.1713 0.3134, -0.8248 -0.1737 0.3115, -0.8248 -0.1756 0.3091, -0.8248 -0.1768 0.3062, -0.8248 -0.1772 0.3031, -0.9823 0.1575 0.2913, -0.9075 0.1575 0.2913, -0.9075 0.1772 0.3031, -0.9075 0.1684 0.3146, -0.9075 0.1713 0.3134, -0.9075 0.1737 0.3115, -0.9075 0.1756 0.3091, -0.9075 0.1768 0.3062, -0.8248 0.1772 0.3031, -0.8248 0.1768 0.3062, -0.8248 0.1756 0.3091, -0.8248 0.1737 0.3115, -0.8248 0.1713 0.3134, -0.8248 0.1684 0.3146, -0.8248 -0.1575 0.2913, -0.75 -0.1575 0.2913, -0.75 -0.1684 0.3146, -0.75 -0.1772 0.3031, -0.75 -0.1768 0.3062, -0.75 -0.1756 0.3091, -0.75 -0.1737 0.3115, -0.75 -0.1713 0.3134, -0.6673 -0.1684 0.3146, -0.6673 -0.1713 0.3134, -0.6673 -0.1737 0.3115, -0.6673 -0.1756 0.3091, -0.6673 -0.1768 0.3062, -0.6673 -0.1772 0.3031, -0.8248 0.1575 0.2913, -0.75 0.1575 0.2913, -0.75 0.1772 0.3031, -0.75 0.1684 0.3146, -0.75 0.1713 0.3134, -0.75 0.1737 0.3115, -0.75 0.1756 0.3091, -0.75 0.1768 0.3062, -0.6673 0.1772 0.3031, -0.6673 0.1768 0.3062, -0.6673 0.1756 0.3091, -0.6673 0.1737 0.3115, -0.6673 0.1713 0.3134, -0.6673 0.1684 0.3146, -0.6673 -0.1575 0.2913, -0.5925 -0.1575 0.2913, -0.5925 -0.1684 0.3146, -0.5925 -0.1772 0.3031, -0.5925 -0.1768 0.3062, -0.5925 -0.1756 0.3091, -0.5925 -0.1737 0.3115, -0.5925 -0.1713 0.3134, -0.5098 -0.1684 0.3146, -0.5098 -0.1713 0.3134, -0.5098 -0.1737 0.3115, -0.5098 -0.1756 0.3091, -0.5098 -0.1768 0.3062, -0.5098 -0.1772 0.3031, -0.6673 0.1575 0.2913, -0.5925 0.1575 0.2913, -0.5925 0.1772 0.3031, -0.5925 0.1684 0.3146, -0.5925 0.1713 0.3134, -0.5925 0.1737 0.3115, -0.5925 0.1756 0.3091, -0.5925 0.1768 0.3062, -0.5098 0.1772 0.3031, -0.5098 0.1768 0.3062, -0.5098 0.1756 0.3091, -0.5098 0.1737 0.3115, -0.5098 0.1713 0.3134, -0.5098 0.1684 0.3146, -0.5098 -0.1575 0.2913, -0.435 -0.1575 0.2913, -0.435 -0.1684 0.3146, -0.435 -0.1772 0.3031, -0.435 -0.1768 0.3062, -0.435 -0.1756 0.3091, -0.435 -0.1737 0.3115, -0.435 -0.1713 0.3134, -0.3524 -0.1684 0.3146, -0.3524 -0.1713 0.3134, -0.3524 -0.1737 0.3115, -0.3524 -0.1756 0.3091, -0.3524 -0.1768 0.3062, -0.3524 -0.1772 0.3031, -0.5098 0.1575 0.2913, -0.435 0.1575 0.2913, -0.435 0.1772 0.3031, -0.435 0.1684 0.3146, -0.435 0.1713 0.3134, -0.435 0.1737 0.3115, -0.435 0.1756 0.3091, -0.435 0.1768 0.3062, -0.3524 0.1772 0.3031, -0.3524 0.1768 0.3062, -0.3524 0.1756 0.3091, -0.3524 0.1737 0.3115, -0.3524 0.1713 0.3134, -0.3524 0.1684 0.3146, -0.3524 -0.1575 0.2913, -0.2776 -0.1575 0.2913, -0.2776 -0.1684 0.3146, -0.2776 -0.1772 0.3031, -0.2776 -0.1768 0.3062, -0.2776 -0.1756 0.3091, -0.2776 -0.1737 0.3115, -0.2776 -0.1713 0.3134, -0.1949 -0.1684 0.3146, -0.1949 -0.1713 0.3134, -0.1949 -0.1737 0.3115, -0.1949 -0.1756 0.3091, -0.1949 -0.1768 0.3062, -0.1949 -0.1772 0.3031, -0.3524 0.1575 0.2913, -0.2776 0.1575 0.2913, -0.2776 0.1772 0.3031, -0.2776 0.1684 0.3146, -0.2776 0.1713 0.3134, -0.2776 0.1737 0.3115, -0.2776 0.1756 0.3091, -0.2776 0.1768 0.3062, -0.1949 0.1772 0.3031, -0.1949 0.1768 0.3062, -0.1949 0.1756 0.3091, -0.1949 0.1737 0.3115, -0.1949 0.1713 0.3134, -0.1949 0.1684 0.3146, -0.1949 -0.1575 0.2913, -0.1201 -0.1575 0.2913, -0.1201 -0.1684 0.3146, -0.1201 -0.1772 0.3031, -0.1201 -0.1768 0.3062, -0.1201 -0.1756 0.3091, -0.1201 -0.1737 0.3115, -0.1201 -0.1713 0.3134, -0.0374 -0.1684 0.3146, -0.0374 -0.1713 0.3134, -0.0374 -0.1737 0.3115, -0.0374 -0.1756 0.3091, -0.0374 -0.1768 0.3062, -0.0374 -0.1772 0.3031, -0.1949 0.1575 0.2913, -0.1201 0.1575 0.2913, -0.1201 0.1772 0.3031, -0.1201 0.1684 0.3146, -0.1201 0.1713 0.3134, -0.1201 0.1737 0.3115, -0.1201 0.1756 0.3091, -0.1201 0.1768 0.3062, -0.0374 0.1772 0.3031, -0.0374 0.1768 0.3062, -0.0374 0.1756 0.3091, -0.0374 0.1737 0.3115, -0.0374 0.1713 0.3134, -0.0374 0.1684 0.3146, -0.0374 -0.1575 0.2913, 0.0374 -0.1575 0.2913, 0.0374 -0.1684 0.3146, 0.0374 -0.1772 0.3031, 0.0374 -0.1768 0.3062, 0.0374 -0.1756 0.3091, 0.0374 -0.1737 0.3115, 0.0374 -0.1713 0.3134, 0.1201 -0.1684 0.3146, 0.1201 -0.1713 0.3134, 0.1201 -0.1737 0.3115, 0.1201 -0.1756 0.3091, 0.1201 -0.1768 0.3062, 0.1201 -0.1772 0.3031, -0.0374 0.1575 0.2913, 0.0374 0.1575 0.2913, 0.0374 0.1772 0.3031, 0.0374 0.1684 0.3146, 0.0374 0.1713 0.3134, 0.0374 0.1737 0.3115, 0.0374 0.1756 0.3091, 0.0374 0.1768 0.3062, 0.1201 0.1772 0.3031, 0.1201 0.1768 0.3062, 0.1201 0.1756 0.3091, 0.1201 0.1737 0.3115, 0.1201 0.1713 0.3134, 0.1201 0.1684 0.3146, 0.1201 -0.1575 0.2913, 0.1949 -0.1575 0.2913, 0.1949 -0.1684 0.3146, 0.1949 -0.1772 0.3031, 0.1949 -0.1768 0.3062, 0.1949 -0.1756 0.3091, 0.1949 -0.1737 0.3115, 0.1949 -0.1713 0.3134, 0.2776 -0.1684 0.3146, 0.2776 -0.1713 0.3134, 0.2776 -0.1737 0.3115, 0.2776 -0.1756 0.3091, 0.2776 -0.1768 0.3062, 0.2776 -0.1772 0.3031, 0.1201 0.1575 0.2913, 0.1949 0.1575 0.2913, 0.1949 0.1772 0.3031, 0.1949 0.1684 0.3146, 0.1949 0.1713 0.3134, 0.1949 0.1737 0.3115, 0.1949 0.1756 0.3091, 0.1949 0.1768 0.3062, 0.2776 0.1772 0.3031, 0.2776 0.1768 0.3062, 0.2776 0.1756 0.3091, 0.2776 0.1737 0.3115, 0.2776 0.1713 0.3134, 0.2776 0.1684 0.3146, 0.2776 -0.1575 0.2913, 0.3524 -0.1575 0.2913, 0.3524 -0.1684 0.3146, 0.3524 -0.1772 0.3031, 0.3524 -0.1768 0.3062, 0.3524 -0.1756 0.3091, 0.3524 -0.1737 0.3115, 0.3524 -0.1713 0.3134, 0.435 -0.1684 0.3146, 0.435 -0.1713 0.3134, 0.435 -0.1737 0.3115, 0.435 -0.1756 0.3091, 0.435 -0.1768 0.3062, 0.435 -0.1772 0.3031, 0.2776 0.1575 0.2913, 0.3524 0.1575 0.2913, 0.3524 0.1772 0.3031, 0.3524 0.1684 0.3146, 0.3524 0.1713 0.3134, 0.3524 0.1737 0.3115, 0.3524 0.1756 0.3091, 0.3524 0.1768 0.3062, 0.435 0.1772 0.3031, 0.435 0.1768 0.3062, 0.435 0.1756 0.3091, 0.435 0.1737 0.3115, 0.435 0.1713 0.3134, 0.435 0.1684 0.3146, 0.435 -0.1575 0.2913, 0.5098 -0.1575 0.2913, 0.5098 -0.1684 0.3146, 0.5098 -0.1772 0.3031, 0.5098 -0.1768 0.3062, 0.5098 -0.1756 0.3091, 0.5098 -0.1737 0.3115, 0.5098 -0.1713 0.3134, 0.5925 -0.1684 0.3146, 0.5925 -0.1713 0.3134, 0.5925 -0.1737 0.3115, 0.5925 -0.1756 0.3091, 0.5925 -0.1768 0.3062, 0.5925 -0.1772 0.3031, 0.435 0.1575 0.2913, 0.5098 0.1575 0.2913, 0.5098 0.1772 0.3031, 0.5098 0.1684 0.3146, 0.5098 0.1713 0.3134, 0.5098 0.1737 0.3115, 0.5098 0.1756 0.3091, 0.5098 0.1768 0.3062, 0.5925 0.1772 0.3031, 0.5925 0.1768 0.3062, 0.5925 0.1756 0.3091, 0.5925 0.1737 0.3115, 0.5925 0.1713 0.3134, 0.5925 0.1684 0.3146, 0.5925 -0.1575 0.2913, 0.6673 -0.1575 0.2913, 0.6673 -0.1684 0.3146, 0.6673 -0.1772 0.3031, 0.6673 -0.1768 0.3062, 0.6673 -0.1756 0.3091, 0.6673 -0.1737 0.3115, 0.6673 -0.1713 0.3134, 0.75 -0.1684 0.3146, 0.75 -0.1713 0.3134, 0.75 -0.1737 0.3115, 0.75 -0.1756 0.3091, 0.75 -0.1768 0.3062, 0.75 -0.1772 0.3031, 0.5925 0.1575 0.2913, 0.6673 0.1575 0.2913, 0.6673 0.1772 0.3031, 0.6673 0.1684 0.3146, 0.6673 0.1713 0.3134, 0.6673 0.1737 0.3115, 0.6673 0.1756 0.3091, 0.6673 0.1768 0.3062, 0.75 0.1772 0.3031, 0.75 0.1768 0.3062, 0.75 0.1756 0.3091, 0.75 0.1737 0.3115, 0.75 0.1713 0.3134, 0.75 0.1684 0.3146, 0.75 -0.1575 0.2913, 0.8248 -0.1575 0.2913, 0.8248 -0.1684 0.3146, 0.8248 -0.1772 0.3031, 0.8248 -0.1768 0.3062, 0.8248 -0.1756 0.3091, 0.8248 -0.1737 0.3115, 0.8248 -0.1713 0.3134, 0.9075 -0.1684 0.3146, 0.9075 -0.1713 0.3134, 0.9075 -0.1737 0.3115, 0.9075 -0.1756 0.3091, 0.9075 -0.1768 0.3062, 0.9075 -0.1772 0.3031, 0.75 0.1575 0.2913, 0.8248 0.1575 0.2913, 0.8248 0.1772 0.3031, 0.8248 0.1684 0.3146, 0.8248 0.1713 0.3134, 0.8248 0.1737 0.3115, 0.8248 0.1756 0.3091, 0.8248 0.1768 0.3062, 0.9075 0.1772 0.3031, 0.9075 0.1768 0.3062, 0.9075 0.1756 0.3091, 0.9075 0.1737 0.3115, 0.9075 0.1713 0.3134, 0.9075 0.1684 0.3146, 0.9075 -0.1575 0.2913, 0.9823 -0.1575 0.2913, 0.9823 -0.1684 0.3146, 0.9823 -0.1772 0.3031, 0.9823 -0.1768 0.3062, 0.9823 -0.1756 0.3091, 0.9823 -0.1737 0.3115, 0.9823 -0.1713 0.3134, 1.065 -0.1684 0.3146, 1.065 -0.1713 0.3134, 1.065 -0.1737 0.3115, 1.065 -0.1756 0.3091, 1.065 -0.1768 0.3062, 1.065 -0.1772 0.3031, 0.9075 0.1575 0.2913, 0.9823 0.1575 0.2913, 0.9823 0.1772 0.3031, 0.9823 0.1684 0.3146, 0.9823 0.1713 0.3134, 0.9823 0.1737 0.3115, 0.9823 0.1756 0.3091, 0.9823 0.1768 0.3062, 1.065 0.1772 0.3031, 1.065 0.1768 0.3062, 1.065 0.1756 0.3091, 1.065 0.1737 0.3115, 1.065 0.1713 0.3134, 1.065 0.1684 0.3146, 1.065 -0.1575 0.2913, 1.1398 -0.1575 0.2913, 1.1398 -0.1684 0.3146, 1.1398 -0.1772 0.3031, 1.1398 -0.1768 0.3062, 1.1398 -0.1756 0.3091, 1.1398 -0.1737 0.3115, 1.1398 -0.1713 0.3134, 1.2224 -0.1684 0.3146, 1.2224 -0.1713 0.3134, 1.2224 -0.1737 0.3115, 1.2224 -0.1756 0.3091, 1.2224 -0.1768 0.3062, 1.2224 -0.1772 0.3031, 1.065 0.1575 0.2913, 1.1398 0.1575 0.2913, 1.1398 0.1772 0.3031, 1.1398 0.1684 0.3146, 1.1398 0.1713 0.3134, 1.1398 0.1737 0.3115, 1.1398 0.1756 0.3091, 1.1398 0.1768 0.3062, 1.2224 0.1772 0.3031, 1.2224 0.1768 0.3062, 1.2224 0.1756 0.3091, 1.2224 0.1737 0.3115, 1.2224 0.1713 0.3134, 1.2224 0.1684 0.3146, 1.2224 -0.1575 0.2913, 1.2972 -0.1575 0.2913, 1.2224 0.1575 0.2913, 1.2972 0.1575 0.2913, 1.2972 0.1575 0.2913
            ]
        }
        coordIndex [
            0,1,2,-1,3,4,5,-1,6,7,8,-1,9,10,3,-1,11,12,13,-1,13,12,14,-1,13,14,15,-1,15,16,13,-1,13,16,17,-1,13,17,18,-1,19,20,21,-1,19,21,22,-1,22,21,23,-1,22,23,24,-1,24,23,25,-1,25,23,26,-1,25,26,27,-1,26,28,29,-1,29,30,26,-1,26,30,31,-1,26,31,32,-1,26,33,27,-1,27,33,34,-1,27,34,35,-1,35,34,36,-1,35,36,37,-1,32,38,26,-1,26,38,39,-1,26,39,33,-1,40,41,42,-1,42,41,43,-1,40,42,44,-1,44,42,45,-1,44,45,46,-1,43,47,42,-1,42,47,48,-1,42,48,28,-1,28,48,49,-1,28,49,29,-1,50,51,42,-1,42,51,52,-1,52,53,42,-1,42,53,54,-1,42,54,45,-1,55,56,57,-1,58,59,50,-1,50,59,60,-1,55,57,61,-1,57,62,61,-1,61,62,63,-1,61,63,64,-1,64,63,51,-1,64,51,65,-1,65,51,50,-1,65,50,66,-1,66,50,60,-1,67,68,69,-1,69,68,70,-1,70,71,69,-1,69,71,72,-1,69,72,73,-1,18,74,13,-1,13,74,75,-1,13,75,76,-1,76,75,77,-1,76,77,78,-1,79,80,81,-1,82,83,84,-1,84,83,85,-1,79,81,86,-1,87,88,83,-1,83,88,89,-1,83,89,90,-1,91,92,93,-1,93,92,94,-1,93,94,95,-1,80,96,81,-1,81,96,97,-1,81,97,98,-1,99,100,101,-1,101,100,102,-1,101,102,103,-1,104,90,105,-1,105,90,106,-1,105,106,101,-1,101,106,107,-1,101,107,99,-1,104,108,90,-1,90,108,109,-1,90,109,83,-1,83,109,110,-1,83,110,85,-1,95,111,93,-1,93,111,112,-1,93,112,113,-1,114,115,116,-1,116,115,117,-1,116,117,81,-1,81,117,118,-1,81,118,86,-1,119,120,67,-1,120,121,67,-1,67,121,122,-1,67,122,123,-1,123,124,67,-1,67,124,125,-1,67,125,126,-1,126,125,114,-1,126,114,127,-1,127,114,116,-1,128,129,81,-1,81,129,130,-1,81,130,83,-1,83,130,131,-1,83,131,87,-1,98,132,81,-1,81,132,133,-1,81,133,134,-1,134,135,81,-1,81,135,136,-1,81,136,128,-1,137,138,139,-1,138,140,139,-1,139,140,141,-1,139,141,142,-1,89,139,90,-1,90,139,143,-1,90,143,144,-1,145,146,89,-1,89,146,147,-1,89,147,139,-1,139,147,148,-1,139,148,137,-1,149,150,89,-1,89,150,151,-1,89,151,145,-1,152,153,154,-1,154,153,155,-1,154,155,156,-1,142,141,157,-1,157,141,158,-1,157,158,159,-1,159,158,160,-1,159,160,161,-1,144,162,90,-1,90,162,154,-1,90,154,163,-1,163,154,156,-1,164,165,166,-1,166,165,167,-1,166,167,168,-1,169,168,170,-1,170,171,169,-1,169,171,172,-1,169,172,173,-1,173,172,174,-1,175,8,176,-1,176,8,167,-1,176,167,177,-1,177,167,165,-1,178,179,180,-1,180,179,181,-1,180,181,182,-1,183,184,185,-1,185,184,186,-1,185,186,187,-1,187,186,188,-1,187,188,189,-1,190,191,192,-1,192,191,193,-1,192,193,178,-1,182,181,194,-1,194,181,195,-1,194,195,196,-1,196,195,197,-1,196,197,198,-1,198,197,199,-1,198,199,200,-1,200,199,201,-1,200,201,188,-1,202,203,2,-1,204,195,205,-1,205,195,206,-1,207,208,209,-1,209,208,210,-1,209,210,211,-1,204,209,195,-1,195,209,211,-1,195,211,197,-1,197,211,212,-1,197,212,213,-1,203,214,2,-1,2,214,215,-1,2,215,216,-1,217,218,209,-1,209,218,219,-1,220,221,209,-1,209,221,222,-1,209,222,223,-1,219,224,209,-1,209,224,225,-1,209,225,226,-1,227,228,209,-1,209,228,229,-1,209,229,207,-1,213,230,197,-1,197,230,231,-1,197,231,2,-1,2,231,232,-1,2,232,202,-1,223,233,209,-1,209,233,234,-1,209,234,217,-1,226,235,209,-1,209,235,236,-1,209,236,227,-1,237,238,239,-1,239,238,240,-1,239,240,241,-1,242,243,244,-1,244,245,242,-1,242,245,246,-1,242,246,247,-1,248,249,242,-1,242,249,250,-1,242,250,243,-1,251,252,253,-1,253,252,254,-1,253,254,248,-1,248,254,255,-1,248,255,249,-1,256,257,258,-1,258,257,259,-1,258,259,260,-1,260,259,261,-1,260,261,262,-1,262,261,263,-1,262,263,264,-1,264,263,265,-1,264,265,266,-1,266,265,267,-1,266,267,268,-1,268,267,269,-1,268,269,238,-1,238,269,270,-1,238,270,240,-1,240,270,271,-1,240,271,272,-1,272,271,273,-1,272,273,21,-1,21,273,274,-1,21,274,23,-1,23,274,275,-1,23,275,276,-1,277,278,279,-1,279,278,4,-1,279,4,280,-1,10,281,3,-1,3,281,282,-1,3,282,283,-1,283,284,3,-1,3,284,285,-1,3,285,4,-1,4,285,286,-1,4,286,280,-1,287,288,289,-1,289,288,290,-1,290,288,291,-1,290,291,292,-1,292,291,293,-1,293,291,294,-1,293,294,295,-1,296,297,298,-1,298,297,299,-1,299,297,300,-1,299,300,301,-1,301,300,69,-1,301,69,55,-1,55,69,73,-1,55,73,56,-1,302,303,304,-1,304,303,305,-1,306,307,308,-1,8,309,310,-1,308,311,306,-1,306,311,312,-1,306,312,313,-1,314,315,8,-1,8,315,316,-1,8,316,309,-1,313,317,306,-1,306,317,318,-1,306,318,319,-1,174,172,175,-1,175,172,306,-1,175,306,8,-1,8,306,319,-1,8,319,314,-1,320,321,322,-1,322,321,323,-1,324,325,201,-1,201,325,179,-1,201,179,188,-1,188,179,178,-1,188,178,189,-1,189,178,193,-1,325,326,179,-1,179,326,327,-1,179,327,307,-1,307,327,328,-1,307,328,308,-1,329,330,331,-1,332,333,334,-1,334,333,335,-1,329,331,336,-1,1,337,338,-1,2,339,340,-1,341,1,342,-1,342,1,343,-1,344,345,346,-1,332,347,333,-1,333,347,348,-1,333,348,349,-1,349,348,350,-1,351,352,350,-1,350,352,353,-1,350,353,349,-1,341,354,1,-1,1,354,355,-1,1,355,337,-1,356,357,331,-1,331,357,358,-1,331,358,336,-1,340,359,2,-1,2,359,360,-1,2,360,361,-1,338,362,1,-1,1,362,363,-1,1,363,2,-1,2,363,335,-1,2,335,339,-1,339,335,333,-1,344,364,345,-1,345,364,365,-1,345,365,366,-1,366,365,367,-1,366,367,368,-1,369,370,350,-1,350,370,371,-1,350,371,372,-1,373,374,375,-1,375,374,376,-1,375,376,377,-1,378,379,380,-1,380,379,381,-1,380,381,368,-1,368,381,382,-1,368,382,366,-1,372,383,350,-1,350,383,384,-1,350,384,351,-1,385,297,386,-1,386,297,296,-1,386,296,330,-1,373,378,374,-1,374,378,380,-1,374,380,387,-1,387,380,388,-1,387,388,389,-1,389,388,390,-1,389,390,391,-1,391,390,392,-1,393,394,296,-1,394,392,296,-1,296,392,390,-1,296,390,330,-1,330,390,388,-1,330,388,331,-1,298,295,296,-1,296,295,294,-1,296,294,393,-1,393,294,395,-1,393,395,396,-1,397,398,395,-1,399,400,197,-1,401,402,395,-1,395,402,403,-1,361,344,2,-1,2,344,346,-1,2,346,197,-1,197,346,404,-1,197,404,399,-1,400,405,197,-1,197,405,406,-1,197,406,199,-1,199,406,407,-1,199,407,397,-1,408,409,398,-1,398,409,410,-1,398,410,395,-1,395,410,411,-1,395,411,401,-1,403,412,395,-1,395,412,413,-1,395,413,396,-1,414,415,416,-1,416,415,417,-1,416,417,418,-1,416,419,414,-1,414,419,420,-1,414,420,421,-1,421,422,414,-1,414,422,423,-1,414,423,424,-1,424,423,425,-1,424,425,426,-1,426,425,427,-1,426,427,398,-1,398,427,428,-1,398,428,408,-1,429,430,418,-1,418,430,431,-1,418,431,416,-1,432,433,377,-1,377,433,434,-1,377,434,375,-1,432,435,433,-1,433,435,436,-1,433,436,437,-1,437,436,438,-1,437,439,440,-1,438,441,437,-1,437,441,442,-1,437,442,443,-1,443,444,437,-1,437,444,445,-1,437,445,439,-1,440,446,437,-1,437,446,447,-1,437,447,448,-1,449,450,322,-1,322,450,451,-1,452,453,454,-1,323,324,322,-1,322,324,201,-1,322,201,449,-1,449,201,455,-1,449,455,456,-1,456,455,452,-1,456,452,457,-1,457,452,454,-1,458,459,395,-1,397,395,199,-1,199,395,459,-1,199,459,201,-1,201,459,460,-1,201,460,455,-1,461,462,458,-1,463,464,465,-1,465,464,466,-1,465,466,461,-1,461,458,465,-1,465,458,395,-1,465,395,467,-1,467,395,294,-1,467,294,468,-1,467,469,465,-1,465,469,470,-1,465,470,471,-1,472,473,291,-1,291,473,474,-1,291,474,294,-1,294,474,475,-1,294,475,468,-1,471,476,465,-1,465,476,477,-1,465,477,463,-1,478,479,288,-1,478,288,480,-1,479,481,288,-1,288,481,482,-1,288,482,291,-1,291,482,483,-1,291,483,472,-1,484,485,486,-1,487,484,167,-1,486,485,488,-1,8,7,167,-1,167,7,489,-1,167,489,487,-1,490,491,492,-1,492,491,493,-1,492,493,494,-1,494,493,484,-1,494,484,495,-1,495,484,487,-1,495,487,496,-1,496,487,497,-1,496,497,498,-1,498,497,499,-1,485,500,488,-1,488,500,501,-1,488,501,451,-1,451,501,6,-1,451,6,322,-1,322,6,8,-1,322,8,320,-1,320,8,310,-1,502,503,486,-1,484,486,167,-1,167,486,503,-1,167,503,504,-1,167,505,506,-1,507,508,509,-1,509,508,510,-1,509,510,511,-1,512,513,505,-1,512,505,514,-1,504,515,167,-1,167,515,516,-1,167,516,505,-1,505,516,517,-1,505,517,514,-1,513,518,505,-1,505,518,519,-1,505,519,509,-1,509,519,520,-1,509,520,507,-1,168,167,170,-1,170,167,506,-1,170,506,5,-1,5,506,521,-1,5,521,522,-1,450,480,451,-1,451,480,288,-1,451,288,488,-1,488,288,287,-1,488,287,486,-1,171,258,172,-1,172,258,260,-1,172,260,306,-1,306,260,262,-1,306,262,307,-1,307,262,264,-1,307,264,179,-1,179,264,266,-1,179,266,181,-1,181,266,268,-1,181,268,195,-1,195,268,238,-1,195,238,206,-1,206,238,237,-1,385,343,297,-1,297,343,1,-1,297,1,300,-1,300,1,0,-1,300,0,69,-1,69,0,93,-1,69,93,67,-1,67,93,113,-1,67,113,119,-1,523,524,76,-1,76,524,253,-1,253,524,525,-1,253,525,526,-1,527,528,526,-1,526,528,529,-1,78,91,76,-1,76,91,93,-1,76,93,523,-1,523,93,0,-1,523,0,530,-1,530,0,531,-1,532,533,534,-1,534,533,531,-1,216,251,2,-1,2,251,253,-1,2,253,0,-1,0,253,526,-1,0,526,531,-1,531,526,529,-1,531,529,534,-1,535,248,13,-1,535,536,248,-1,248,536,537,-1,248,537,253,-1,253,537,538,-1,253,538,76,-1,76,538,539,-1,76,539,13,-1,13,539,540,-1,13,540,535,-1,247,241,242,-1,242,241,240,-1,242,240,248,-1,248,240,272,-1,248,272,13,-1,13,272,21,-1,13,21,11,-1,11,21,20,-1,541,542,276,-1,276,542,543,-1,276,543,23,-1,23,543,544,-1,23,544,26,-1,26,544,545,-1,26,545,28,-1,28,545,546,-1,28,546,42,-1,42,546,304,-1,42,304,50,-1,50,304,305,-1,50,305,58,-1,509,522,547,-1,547,522,548,-1,547,548,549,-1,289,9,287,-1,287,9,3,-1,287,3,486,-1,486,3,5,-1,486,5,502,-1,502,5,522,-1,502,522,550,-1,550,522,509,-1,550,509,551,-1,551,509,511,-1,552,553,554,-1,555,556,557,-1,558,559,560,-1,561,562,563,-1,564,565,566,-1,567,568,569,-1,569,568,570,-1,569,570,571,-1,571,570,572,-1,571,572,573,-1,573,572,574,-1,575,576,577,-1,577,578,575,-1,575,578,579,-1,575,579,574,-1,574,579,580,-1,574,580,573,-1,581,572,582,-1,582,572,570,-1,582,570,583,-1,583,570,584,-1,583,584,585,-1,585,584,586,-1,585,586,581,-1,581,586,572,-1,587,554,588,-1,588,554,589,-1,588,589,590,-1,590,589,586,-1,590,586,591,-1,591,586,584,-1,592,593,594,-1,593,592,595,-1,595,592,596,-1,595,596,597,-1,597,596,589,-1,597,589,594,-1,594,589,554,-1,594,554,592,-1,598,557,599,-1,599,557,600,-1,599,600,601,-1,601,600,596,-1,601,596,602,-1,602,596,592,-1,603,604,605,-1,604,603,606,-1,606,603,607,-1,606,607,608,-1,608,607,600,-1,608,600,605,-1,605,600,557,-1,605,557,603,-1,609,610,611,-1,611,610,612,-1,611,612,613,-1,613,612,607,-1,613,607,614,-1,614,607,603,-1,615,616,612,-1,617,618,610,-1,610,618,612,-1,612,618,619,-1,612,619,615,-1,620,560,621,-1,621,560,622,-1,621,622,623,-1,623,622,616,-1,623,616,624,-1,624,616,625,-1,626,627,628,-1,627,626,629,-1,629,626,630,-1,629,630,631,-1,631,630,622,-1,631,622,628,-1,628,622,560,-1,628,560,626,-1,632,563,633,-1,633,563,634,-1,633,634,635,-1,635,634,630,-1,635,630,636,-1,636,630,626,-1,637,638,639,-1,638,637,640,-1,640,637,641,-1,640,641,642,-1,642,641,634,-1,642,634,639,-1,639,634,563,-1,639,563,637,-1,643,566,644,-1,644,566,645,-1,644,645,646,-1,646,645,641,-1,646,641,647,-1,647,641,637,-1,648,649,650,-1,649,648,651,-1,651,648,652,-1,651,652,653,-1,653,652,645,-1,653,645,650,-1,650,645,566,-1,650,566,648,-1,654,655,656,-1,656,655,657,-1,656,657,658,-1,658,657,652,-1,658,652,659,-1,659,652,648,-1,660,661,657,-1,662,663,655,-1,655,663,657,-1,657,663,664,-1,657,664,660,-1,665,666,667,-1,666,665,668,-1,665,669,668,-1,668,669,661,-1,668,661,670,-1,670,661,660,-1,670,660,667,-1,667,660,662,-1,667,662,665,-1,665,662,655,-1,671,672,673,-1,673,672,674,-1,669,675,661,-1,661,675,676,-1,661,676,672,-1,672,676,677,-1,672,677,674,-1,678,679,655,-1,655,679,680,-1,680,681,655,-1,655,681,682,-1,655,682,665,-1,665,682,683,-1,665,683,684,-1,654,659,655,-1,655,659,648,-1,655,648,678,-1,678,648,685,-1,565,686,566,-1,566,686,687,-1,566,687,648,-1,648,687,688,-1,648,688,685,-1,643,647,566,-1,566,647,637,-1,566,637,564,-1,564,637,689,-1,562,690,563,-1,563,690,691,-1,563,691,637,-1,637,691,692,-1,637,692,689,-1,632,636,563,-1,563,636,626,-1,563,626,561,-1,561,626,693,-1,559,694,560,-1,560,694,695,-1,560,695,626,-1,626,695,696,-1,626,696,693,-1,620,624,560,-1,560,624,625,-1,560,625,558,-1,558,625,697,-1,698,699,625,-1,625,699,700,-1,625,700,697,-1,701,702,610,-1,610,702,703,-1,610,703,704,-1,704,698,610,-1,610,698,625,-1,610,625,617,-1,617,625,705,-1,617,705,615,-1,615,705,706,-1,615,706,616,-1,616,706,707,-1,616,707,625,-1,625,707,708,-1,625,708,705,-1,609,614,610,-1,610,614,603,-1,610,603,701,-1,701,603,709,-1,556,710,557,-1,557,710,711,-1,557,711,603,-1,603,711,712,-1,603,712,709,-1,598,602,557,-1,557,602,592,-1,557,592,555,-1,555,592,713,-1,553,714,554,-1,554,714,715,-1,554,715,592,-1,592,715,716,-1,592,716,713,-1,587,591,554,-1,554,591,584,-1,554,584,552,-1,552,584,717,-1,568,718,570,-1,570,718,719,-1,570,719,584,-1,584,719,720,-1,584,720,717,-1,721,722,723,-1,723,722,724,-1,725,726,727,-1,727,726,728,-1,727,728,721,-1,721,728,729,-1,721,729,722,-1,725,723,726,-1,726,723,724,-1,726,724,730,-1,730,724,731,-1,730,731,729,-1,729,731,732,-1,729,732,722,-1,733,734,735,-1,735,734,728,-1,735,728,736,-1,736,728,726,-1,736,726,737,-1,737,726,738,-1,737,738,733,-1,733,738,734,-1,739,740,741,-1,741,740,734,-1,741,734,742,-1,742,734,738,-1,742,738,743,-1,743,738,744,-1,743,744,739,-1,739,744,740,-1,745,746,747,-1,747,746,740,-1,747,740,748,-1,748,740,744,-1,748,744,749,-1,749,744,750,-1,749,750,745,-1,745,750,746,-1,751,752,753,-1,753,752,746,-1,753,746,754,-1,754,746,750,-1,754,750,755,-1,755,750,756,-1,755,756,751,-1,751,756,752,-1,757,758,759,-1,759,758,752,-1,759,752,760,-1,760,752,756,-1,760,756,761,-1,761,756,762,-1,761,762,757,-1,757,762,758,-1,763,764,765,-1,765,764,758,-1,765,758,766,-1,766,758,762,-1,766,762,767,-1,767,762,768,-1,767,768,763,-1,763,768,764,-1,769,770,771,-1,771,770,764,-1,771,764,772,-1,772,764,768,-1,772,768,773,-1,773,768,774,-1,773,774,769,-1,769,774,770,-1,775,776,777,-1,777,776,778,-1,779,780,781,-1,781,780,782,-1,781,782,775,-1,775,782,770,-1,775,770,776,-1,779,777,780,-1,780,777,778,-1,780,778,774,-1,774,778,783,-1,774,783,770,-1,770,783,784,-1,770,784,776,-1,785,786,787,-1,787,786,782,-1,787,782,788,-1,788,782,780,-1,788,780,789,-1,789,780,790,-1,789,790,785,-1,785,790,786,-1,791,792,793,-1,793,792,786,-1,793,786,794,-1,794,786,790,-1,794,790,795,-1,795,790,796,-1,795,796,791,-1,791,796,792,-1,797,798,799,-1,799,798,792,-1,799,792,800,-1,800,792,796,-1,800,796,801,-1,801,796,802,-1,801,802,797,-1,797,802,798,-1,803,804,805,-1,805,804,798,-1,805,798,806,-1,806,798,802,-1,806,802,807,-1,807,802,808,-1,807,808,803,-1,803,808,804,-1,809,810,811,-1,811,810,804,-1,811,804,812,-1,812,804,808,-1,812,808,813,-1,813,808,814,-1,813,814,809,-1,809,814,810,-1,815,810,816,-1,816,810,817,-1,817,810,814,-1,817,814,818,-1,818,814,819,-1,818,819,820,-1,816,820,815,-1,815,820,819,-1,815,819,821,-1,821,819,822,-1,730,823,726,-1,726,823,824,-1,726,824,738,-1,738,824,825,-1,738,825,744,-1,744,825,826,-1,744,826,750,-1,750,826,827,-1,750,827,756,-1,756,827,828,-1,756,828,762,-1,762,828,829,-1,762,829,768,-1,768,829,830,-1,768,830,774,-1,774,830,831,-1,774,831,780,-1,780,831,832,-1,780,832,790,-1,790,832,833,-1,790,833,796,-1,796,833,834,-1,796,834,802,-1,802,834,835,-1,802,835,808,-1,808,835,836,-1,808,836,814,-1,814,836,837,-1,814,837,819,-1,819,837,838,-1,819,838,822,-1,822,838,839,-1,840,841,842,-1,843,844,845,-1,846,847,848,-1,849,850,851,-1,852,853,854,-1,855,856,857,-1,858,859,860,-1,861,862,863,-1,864,865,861,-1,866,867,868,-1,869,870,871,-1,871,870,872,-1,861,863,870,-1,870,863,873,-1,870,873,872,-1,862,861,874,-1,874,861,865,-1,874,865,868,-1,868,865,875,-1,868,875,866,-1,861,876,864,-1,864,876,877,-1,864,877,866,-1,866,877,878,-1,866,878,867,-1,867,878,879,-1,867,879,876,-1,876,879,880,-1,876,880,877,-1,881,882,867,-1,867,882,883,-1,867,883,868,-1,868,883,884,-1,868,884,885,-1,886,887,888,-1,888,887,889,-1,888,889,890,-1,890,889,891,-1,890,891,892,-1,892,891,893,-1,894,895,896,-1,896,897,894,-1,894,897,898,-1,894,898,893,-1,893,898,899,-1,893,899,892,-1,900,889,901,-1,901,889,902,-1,901,902,903,-1,903,902,904,-1,903,904,905,-1,905,904,891,-1,905,891,900,-1,900,891,889,-1,842,906,907,-1,908,909,910,-1,910,909,911,-1,910,911,912,-1,912,911,842,-1,912,842,913,-1,913,842,914,-1,913,914,908,-1,908,914,909,-1,845,915,916,-1,917,918,919,-1,919,918,920,-1,919,920,921,-1,921,920,922,-1,921,922,923,-1,923,922,845,-1,923,845,917,-1,917,845,918,-1,848,924,925,-1,925,924,926,-1,926,924,920,-1,926,920,927,-1,927,920,918,-1,927,918,928,-1,929,851,930,-1,930,851,931,-1,930,931,932,-1,931,924,932,-1,932,924,933,-1,932,933,934,-1,934,933,935,-1,929,934,851,-1,851,934,935,-1,851,935,848,-1,848,935,936,-1,848,936,924,-1,924,936,937,-1,924,937,933,-1,938,851,939,-1,939,851,940,-1,939,940,941,-1,941,940,942,-1,941,942,943,-1,943,942,931,-1,943,931,938,-1,938,931,851,-1,854,944,945,-1,945,944,946,-1,946,944,942,-1,946,942,947,-1,947,942,940,-1,947,940,948,-1,949,854,950,-1,950,854,951,-1,950,951,952,-1,952,951,953,-1,952,953,954,-1,954,953,944,-1,954,944,949,-1,949,944,854,-1,857,955,956,-1,956,955,957,-1,957,955,953,-1,957,953,958,-1,958,953,951,-1,958,951,959,-1,960,857,961,-1,961,857,962,-1,961,962,963,-1,963,962,964,-1,963,964,965,-1,965,964,955,-1,965,955,960,-1,960,955,857,-1,860,966,967,-1,967,966,968,-1,968,966,964,-1,968,964,969,-1,969,964,962,-1,969,962,970,-1,971,860,972,-1,972,860,867,-1,972,867,973,-1,973,867,876,-1,973,876,974,-1,974,876,966,-1,974,966,971,-1,971,966,860,-1,859,975,860,-1,860,975,976,-1,860,976,867,-1,867,976,977,-1,867,977,881,-1,967,970,860,-1,860,970,962,-1,860,962,858,-1,858,962,978,-1,856,979,857,-1,857,979,980,-1,857,980,962,-1,962,980,981,-1,962,981,978,-1,956,959,857,-1,857,959,951,-1,857,951,855,-1,855,951,982,-1,853,983,854,-1,854,983,984,-1,854,984,951,-1,951,984,985,-1,951,985,982,-1,945,948,854,-1,854,948,940,-1,854,940,852,-1,852,940,986,-1,850,987,851,-1,851,987,988,-1,851,988,940,-1,940,988,989,-1,940,989,986,-1,847,990,848,-1,848,990,991,-1,848,991,851,-1,851,991,992,-1,851,992,849,-1,925,928,848,-1,848,928,918,-1,848,918,846,-1,846,918,993,-1,844,994,845,-1,845,994,995,-1,845,995,918,-1,918,995,996,-1,918,996,993,-1,915,845,997,-1,997,845,922,-1,997,922,998,-1,998,922,909,-1,998,909,916,-1,916,909,914,-1,916,914,845,-1,845,914,999,-1,845,999,843,-1,841,1000,842,-1,842,1000,1001,-1,842,1001,914,-1,914,1001,1002,-1,914,1002,999,-1,906,842,1003,-1,1003,842,911,-1,1003,911,1004,-1,1004,911,904,-1,1004,904,907,-1,907,904,902,-1,907,902,842,-1,842,902,1005,-1,842,1005,840,-1,887,1006,889,-1,889,1006,1007,-1,889,1007,902,-1,902,1007,1008,-1,902,1008,1005,-1,1009,1010,1011,-1,1012,1013,1014,-1,1014,1013,1015,-1,1016,1017,1018,-1,1018,1017,58,-1,1018,58,1015,-1,1015,58,305,-1,1015,305,1014,-1,1016,1013,1017,-1,1017,1013,1012,-1,1017,1012,1019,-1,1019,1012,1020,-1,1019,1020,305,-1,305,1020,1021,-1,305,1021,1014,-1,1022,1023,1024,-1,1024,1023,1025,-1,1024,60,1022,-1,1022,60,59,-1,1022,59,1026,-1,1026,59,58,-1,1026,58,1025,-1,1025,58,1017,-1,1025,1017,1024,-1,1027,66,1028,-1,1028,66,60,-1,1028,60,1029,-1,1029,60,1024,-1,1029,1024,1030,-1,1030,1024,1031,-1,1030,1031,1027,-1,1027,1031,66,-1,1032,65,1033,-1,1033,65,66,-1,1033,66,1034,-1,1034,66,1031,-1,1034,1031,1035,-1,1035,1031,1036,-1,1035,1036,1032,-1,1032,1036,65,-1,1037,64,1038,-1,1038,64,65,-1,1038,65,1039,-1,1039,65,1036,-1,1039,1036,1040,-1,1040,1036,1041,-1,1040,1041,1037,-1,1037,1041,64,-1,1042,1043,1044,-1,1043,1042,1045,-1,1045,1042,61,-1,1045,61,1046,-1,1046,61,64,-1,1046,64,1044,-1,1044,64,1041,-1,1044,1041,1042,-1,1047,55,1048,-1,1048,55,61,-1,1048,61,1049,-1,1049,61,1042,-1,1049,1042,1050,-1,1050,1042,1051,-1,1050,1051,1047,-1,1047,1051,55,-1,292,293,1052,-1,1052,293,295,-1,1052,295,298,-1,298,299,1052,-1,1052,299,301,-1,1052,301,1053,-1,1053,301,55,-1,1053,55,1054,-1,1054,55,1051,-1,1054,1051,1055,-1,1055,1051,1056,-1,1055,1056,1052,-1,1052,1056,290,-1,1052,290,292,-1,1057,1058,1059,-1,1059,1058,1060,-1,10,9,1061,-1,1061,1059,10,-1,10,1059,1060,-1,10,1060,281,-1,281,1060,1062,-1,281,1062,1063,-1,1063,1062,1064,-1,9,289,1061,-1,1061,289,290,-1,1061,290,1065,-1,1065,290,1056,-1,1065,1056,1057,-1,1057,1056,1063,-1,1057,1063,1058,-1,1058,1063,1064,-1,1066,282,1067,-1,1067,282,281,-1,1067,281,1068,-1,1068,281,1063,-1,1068,1063,1069,-1,1069,1063,1070,-1,1069,1070,1066,-1,1066,1070,282,-1,1071,1072,1073,-1,1072,1071,1074,-1,1074,1071,283,-1,1074,283,1075,-1,1075,283,282,-1,1075,282,1073,-1,1073,282,1070,-1,1073,1070,1071,-1,1076,284,1077,-1,1077,284,283,-1,1077,283,1078,-1,1078,283,1071,-1,1078,1071,1079,-1,1079,1071,1010,-1,1079,1010,1076,-1,1076,1010,284,-1,1010,1009,284,-1,284,1009,1080,-1,284,1080,285,-1,285,1080,1081,-1,285,1081,1011,-1,1011,1081,1082,-1,1011,1082,1009,-1,1083,1084,1085,-1,1085,1084,1086,-1,1085,1086,1011,-1,1011,1086,285,-1,285,1086,1087,-1,285,1087,286,-1,1088,1089,286,-1,286,1089,280,-1,1090,1091,1092,-1,1092,1091,1088,-1,1092,1088,1085,-1,1085,1088,286,-1,1085,286,1083,-1,1083,286,1087,-1,1089,1090,280,-1,280,1090,1092,-1,280,1092,279,-1,279,1092,1093,-1,1019,1094,1017,-1,1017,1094,1095,-1,1017,1095,1024,-1,1024,1095,1096,-1,1024,1096,1031,-1,1031,1096,1097,-1,1031,1097,1036,-1,1036,1097,1098,-1,1036,1098,1041,-1,1041,1098,1099,-1,1041,1099,1042,-1,1042,1099,1100,-1,1042,1100,1051,-1,1051,1100,1101,-1,1051,1101,1056,-1,1056,1101,1102,-1,1056,1102,1063,-1,1063,1102,1103,-1,1063,1103,1070,-1,1070,1103,1104,-1,1070,1104,1071,-1,1071,1104,1105,-1,1071,1105,1010,-1,1010,1105,1106,-1,1010,1106,1011,-1,1011,1106,1107,-1,1011,1107,1085,-1,1085,1107,1108,-1,1085,1108,1092,-1,1092,1108,1109,-1,1092,1109,1093,-1,1093,1109,1110,-1,1111,1112,1113,-1,1114,1115,1116,-1,1117,1118,1119,-1,1120,1121,1122,-1,1123,1124,1125,-1,1126,1127,1113,-1,1128,1129,1113,-1,1113,1129,1130,-1,1131,1130,1132,-1,1112,1133,1113,-1,1113,1133,1134,-1,1113,1134,1128,-1,1135,1136,1137,-1,1138,1139,1140,-1,1138,1141,1137,-1,1137,1141,1133,-1,1137,1133,1135,-1,1135,1133,1112,-1,1135,1112,1142,-1,1138,1140,1141,-1,1141,1140,1143,-1,1141,1143,1144,-1,1144,1143,1131,-1,1144,1131,1145,-1,1145,1131,1132,-1,1145,1132,1146,-1,1140,1147,1143,-1,1143,1147,1148,-1,1143,1148,1112,-1,1112,1148,1149,-1,1112,1149,1142,-1,1113,1127,1150,-1,1150,1127,1151,-1,1150,1151,1152,-1,1153,1154,1155,-1,1130,1131,1113,-1,1113,1131,1156,-1,1113,1156,1126,-1,1152,1157,1150,-1,1150,1157,1153,-1,1150,1153,1158,-1,1158,1153,1155,-1,1158,1155,1131,-1,1131,1155,1159,-1,1131,1159,1156,-1,1160,1125,1161,-1,1161,1125,1150,-1,1160,1162,1125,-1,1125,1162,1163,-1,1125,1163,1164,-1,1158,1165,1166,-1,1166,1167,1158,-1,1158,1167,1168,-1,1158,1168,1150,-1,1150,1168,1169,-1,1150,1169,1161,-1,1125,1124,1170,-1,1170,1124,1171,-1,1170,1171,1172,-1,1173,1174,1175,-1,1176,1166,1164,-1,1164,1166,1165,-1,1164,1165,1125,-1,1125,1165,1177,-1,1125,1177,1123,-1,1172,1178,1170,-1,1170,1178,1173,-1,1170,1173,1179,-1,1179,1173,1175,-1,1179,1175,1165,-1,1165,1175,1180,-1,1165,1180,1177,-1,1181,1122,1182,-1,1182,1122,1170,-1,1181,1183,1122,-1,1122,1183,1184,-1,1122,1184,1185,-1,1179,1186,1187,-1,1187,1188,1179,-1,1179,1188,1189,-1,1179,1189,1170,-1,1170,1189,1190,-1,1170,1190,1182,-1,1122,1121,1191,-1,1191,1121,1192,-1,1191,1192,1193,-1,1194,1195,1196,-1,1197,1187,1185,-1,1185,1187,1186,-1,1185,1186,1122,-1,1122,1186,1198,-1,1122,1198,1120,-1,1193,1199,1191,-1,1191,1199,1194,-1,1191,1194,1200,-1,1200,1194,1196,-1,1200,1196,1186,-1,1186,1196,1201,-1,1186,1201,1198,-1,1202,1203,1204,-1,1204,1203,1191,-1,1202,1205,1203,-1,1203,1205,1206,-1,1203,1206,1207,-1,1200,1208,1209,-1,1209,1210,1200,-1,1200,1210,1211,-1,1200,1211,1191,-1,1191,1211,1212,-1,1191,1212,1204,-1,1213,1214,1215,-1,1213,1216,1217,-1,1217,1216,1203,-1,1217,1203,1218,-1,1219,1220,1221,-1,1222,1209,1207,-1,1207,1209,1208,-1,1207,1208,1203,-1,1203,1208,1223,-1,1203,1223,1218,-1,1213,1215,1216,-1,1216,1215,1219,-1,1216,1219,1224,-1,1224,1219,1221,-1,1224,1221,1208,-1,1208,1221,1225,-1,1208,1225,1223,-1,1216,1226,1119,-1,1119,1226,1227,-1,1119,1227,1228,-1,1228,1229,1119,-1,1119,1229,1230,-1,1119,1230,1231,-1,1232,1233,1234,-1,1235,1236,1237,-1,1235,1238,1234,-1,1234,1238,1226,-1,1234,1226,1232,-1,1232,1226,1216,-1,1232,1216,1239,-1,1235,1237,1238,-1,1238,1237,1224,-1,1238,1224,1240,-1,1240,1224,1241,-1,1240,1241,1242,-1,1237,1243,1224,-1,1224,1243,1244,-1,1224,1244,1216,-1,1216,1244,1245,-1,1216,1245,1239,-1,1119,1118,1246,-1,1246,1118,1247,-1,1246,1247,1248,-1,1249,1250,1251,-1,1252,1242,1231,-1,1231,1242,1241,-1,1231,1241,1119,-1,1119,1241,1253,-1,1119,1253,1117,-1,1248,1254,1246,-1,1246,1254,1249,-1,1246,1249,1255,-1,1255,1249,1251,-1,1255,1251,1241,-1,1241,1251,1256,-1,1241,1256,1253,-1,1257,1116,1258,-1,1258,1116,1246,-1,1257,1259,1116,-1,1116,1259,1260,-1,1116,1260,1261,-1,1255,1262,1263,-1,1263,1264,1255,-1,1255,1264,1265,-1,1255,1265,1246,-1,1246,1265,1266,-1,1246,1266,1258,-1,1116,1115,1267,-1,1267,1115,1268,-1,1267,1268,1269,-1,1270,1263,1261,-1,1261,1263,1262,-1,1261,1262,1116,-1,1116,1262,1271,-1,1116,1271,1114,-1,1272,1273,1274,-1,1269,1275,1267,-1,1267,1275,1272,-1,1267,1272,1276,-1,1276,1272,1274,-1,1276,1274,1262,-1,1262,1274,1277,-1,1262,1277,1271,-1,1267,1278,1279,-1,1279,1278,1280,-1,1279,1280,1281,-1,1282,1283,1284,-1,1281,1285,1279,-1,1279,1285,1282,-1,1279,1282,1286,-1,1286,1282,1284,-1,1286,1284,1276,-1,1284,1287,1276,-1,1276,1287,1288,-1,1276,1288,1267,-1,1267,1288,1289,-1,1267,1289,1278,-1,1279,1290,1291,-1,1291,1290,1292,-1,1291,1292,1293,-1,1294,1295,1296,-1,1293,1297,1291,-1,1291,1297,1294,-1,1291,1294,1298,-1,1298,1294,1296,-1,1298,1296,1286,-1,1296,1299,1286,-1,1286,1299,1300,-1,1286,1300,1279,-1,1279,1300,1301,-1,1279,1301,1290,-1,1291,1302,1303,-1,1303,1302,1304,-1,1303,1304,1305,-1,1305,1304,1306,-1,1307,1308,1309,-1,1305,1307,1310,-1,1310,1307,1309,-1,1310,1309,1298,-1,1309,1311,1298,-1,1298,1311,1312,-1,1298,1312,1291,-1,1291,1312,1313,-1,1291,1313,1302,-1,1305,1310,1303,-1,1303,1310,1314,-1,1303,1314,1315,-1,1111,1113,1316,-1,1316,1113,1150,-1,1316,1150,1317,-1,1317,1150,1125,-1,1317,1125,1318,-1,1318,1125,1170,-1,1318,1170,1319,-1,1319,1170,1122,-1,1319,1122,1320,-1,1320,1122,1191,-1,1320,1191,1321,-1,1321,1191,1203,-1,1321,1203,1322,-1,1322,1203,1216,-1,1322,1216,1323,-1,1323,1216,1119,-1,1323,1119,1324,-1,1324,1119,1246,-1,1324,1246,1325,-1,1325,1246,1116,-1,1325,1116,1326,-1,1326,1116,1267,-1,1326,1267,1327,-1,1327,1267,1279,-1,1327,1279,1328,-1,1328,1279,1291,-1,1328,1291,1329,-1,1329,1291,1303,-1,1329,1303,1330,-1,1330,1303,1315,-1,1330,1315,1331,-1,1308,1307,1332,-1,1308,1332,1333,-1,1333,1332,1334,-1,1333,1334,1335,-1,1335,1334,1336,-1,1335,1336,1337,-1,1337,1336,1305,-1,1337,1305,1306,-1,1295,1294,1338,-1,1295,1338,1339,-1,1339,1338,1340,-1,1339,1340,1341,-1,1341,1340,1342,-1,1341,1342,1343,-1,1343,1342,1297,-1,1343,1297,1293,-1,1283,1282,1344,-1,1283,1344,1345,-1,1345,1344,1346,-1,1345,1346,1347,-1,1347,1346,1348,-1,1347,1348,1349,-1,1349,1348,1285,-1,1349,1285,1281,-1,1273,1272,1350,-1,1273,1350,1351,-1,1351,1350,1352,-1,1351,1352,1353,-1,1353,1352,1354,-1,1353,1354,1355,-1,1355,1354,1275,-1,1355,1275,1269,-1,1270,1261,1356,-1,1270,1356,1357,-1,1357,1356,1358,-1,1357,1358,1359,-1,1359,1358,1360,-1,1359,1360,1361,-1,1361,1360,1260,-1,1361,1260,1259,-1,1250,1249,1362,-1,1250,1362,1363,-1,1363,1362,1364,-1,1363,1364,1365,-1,1365,1364,1366,-1,1365,1366,1367,-1,1367,1366,1254,-1,1367,1254,1248,-1,1252,1231,1368,-1,1252,1368,1369,-1,1369,1368,1370,-1,1369,1370,1371,-1,1371,1370,1372,-1,1371,1372,1373,-1,1373,1372,1230,-1,1373,1230,1229,-1,1236,1235,1374,-1,1236,1374,1375,-1,1375,1374,1376,-1,1375,1376,1377,-1,1377,1376,1378,-1,1377,1378,1379,-1,1379,1378,1234,-1,1379,1234,1233,-1,1220,1219,1380,-1,1220,1380,1381,-1,1381,1380,1382,-1,1381,1382,1383,-1,1383,1382,1384,-1,1383,1384,1385,-1,1385,1384,1215,-1,1385,1215,1214,-1,1222,1207,1386,-1,1222,1386,1387,-1,1387,1386,1388,-1,1387,1388,1389,-1,1389,1388,1390,-1,1389,1390,1391,-1,1391,1390,1206,-1,1391,1206,1205,-1,1195,1194,1392,-1,1195,1392,1393,-1,1393,1392,1394,-1,1393,1394,1395,-1,1395,1394,1396,-1,1395,1396,1397,-1,1397,1396,1199,-1,1397,1199,1193,-1,1197,1185,1398,-1,1197,1398,1399,-1,1399,1398,1400,-1,1399,1400,1401,-1,1401,1400,1402,-1,1401,1402,1403,-1,1403,1402,1184,-1,1403,1184,1183,-1,1174,1173,1404,-1,1174,1404,1405,-1,1405,1404,1406,-1,1405,1406,1407,-1,1407,1406,1408,-1,1407,1408,1409,-1,1409,1408,1178,-1,1409,1178,1172,-1,1176,1164,1410,-1,1176,1410,1411,-1,1411,1410,1412,-1,1411,1412,1413,-1,1413,1412,1414,-1,1413,1414,1415,-1,1415,1414,1163,-1,1415,1163,1162,-1,1154,1153,1416,-1,1154,1416,1417,-1,1417,1416,1418,-1,1417,1418,1419,-1,1419,1418,1420,-1,1419,1420,1421,-1,1421,1420,1157,-1,1421,1157,1152,-1,1146,1132,1422,-1,1146,1422,1423,-1,1423,1422,1424,-1,1423,1424,1425,-1,1425,1424,1426,-1,1425,1426,1427,-1,1427,1426,1130,-1,1427,1130,1129,-1,1139,1138,1428,-1,1139,1428,1429,-1,1429,1428,1430,-1,1429,1430,1431,-1,1431,1430,1432,-1,1431,1432,1433,-1,1433,1432,1137,-1,1433,1137,1136,-1,1434,1435,1436,-1,1437,1438,1439,-1,1440,1441,1442,-1,1442,1441,1436,-1,1442,1436,1443,-1,1440,1437,1441,-1,1441,1437,1439,-1,1441,1439,1444,-1,1444,1439,1445,-1,1444,1445,1446,-1,1447,1435,1448,-1,1448,1435,1444,-1,1448,1444,1449,-1,1449,1444,1446,-1,1450,1435,1451,-1,1451,1435,1447,-1,1451,1447,1452,-1,1453,1454,1455,-1,1455,1454,1438,-1,1455,1438,1456,-1,1456,1438,1437,-1,1456,1437,1457,-1,1450,1438,1435,-1,1435,1438,1454,-1,1435,1454,1436,-1,1436,1454,1458,-1,1436,1458,1443,-1,1459,1441,1460,-1,1460,1441,1461,-1,1460,1461,1462,-1,1462,1461,1463,-1,1459,1464,1441,-1,1441,1464,1465,-1,1441,1465,1436,-1,1436,1465,1466,-1,1436,1466,1467,-1,1467,1468,1436,-1,1436,1468,1469,-1,1436,1469,1463,-1,1463,1469,1470,-1,1463,1470,1462,-1,1471,1461,1472,-1,1472,1461,1473,-1,1472,1473,1474,-1,1474,1473,1475,-1,1471,1476,1461,-1,1461,1476,1477,-1,1461,1477,1463,-1,1463,1477,1478,-1,1463,1478,1479,-1,1479,1480,1463,-1,1463,1480,1481,-1,1463,1481,1475,-1,1475,1481,1482,-1,1475,1482,1474,-1,1483,1473,1484,-1,1484,1473,1485,-1,1484,1485,1486,-1,1486,1485,1487,-1,1483,1488,1473,-1,1473,1488,1489,-1,1473,1489,1475,-1,1475,1489,1490,-1,1475,1490,1491,-1,1491,1492,1475,-1,1475,1492,1493,-1,1475,1493,1487,-1,1487,1493,1494,-1,1487,1494,1486,-1,1495,1485,1496,-1,1496,1485,1497,-1,1496,1497,1498,-1,1498,1497,1499,-1,1495,1500,1485,-1,1485,1500,1501,-1,1485,1501,1487,-1,1487,1501,1502,-1,1487,1502,1503,-1,1503,1504,1487,-1,1487,1504,1505,-1,1487,1505,1499,-1,1499,1505,1506,-1,1499,1506,1498,-1,1507,1497,1508,-1,1508,1497,1509,-1,1508,1509,1510,-1,1510,1509,1511,-1,1507,1512,1497,-1,1497,1512,1513,-1,1497,1513,1499,-1,1499,1513,1514,-1,1499,1514,1515,-1,1515,1516,1499,-1,1499,1516,1517,-1,1499,1517,1511,-1,1511,1517,1518,-1,1511,1518,1510,-1,1519,1509,1520,-1,1520,1509,1521,-1,1520,1521,1522,-1,1522,1521,1523,-1,1519,1524,1509,-1,1509,1524,1525,-1,1509,1525,1511,-1,1511,1525,1526,-1,1511,1526,1527,-1,1527,1528,1511,-1,1511,1528,1529,-1,1511,1529,1523,-1,1523,1529,1530,-1,1523,1530,1522,-1,1531,1521,1532,-1,1532,1521,1533,-1,1532,1533,1534,-1,1534,1533,1535,-1,1531,1536,1521,-1,1521,1536,1537,-1,1521,1537,1523,-1,1523,1537,1538,-1,1523,1538,1539,-1,1539,1540,1523,-1,1523,1540,1541,-1,1523,1541,1535,-1,1535,1541,1542,-1,1535,1542,1534,-1,1543,1544,1545,-1,1546,1547,1548,-1,1548,1547,1549,-1,1548,1549,1550,-1,1546,1543,1547,-1,1547,1543,1545,-1,1547,1545,1533,-1,1533,1545,1551,-1,1533,1551,1552,-1,1553,1535,1554,-1,1554,1535,1533,-1,1554,1533,1555,-1,1555,1533,1552,-1,1553,1556,1535,-1,1535,1556,1557,-1,1535,1557,1558,-1,1559,1560,1561,-1,1561,1560,1544,-1,1561,1544,1562,-1,1562,1544,1543,-1,1562,1543,1563,-1,1558,1544,1535,-1,1535,1544,1560,-1,1535,1560,1549,-1,1549,1560,1564,-1,1549,1564,1550,-1,1565,1547,1566,-1,1566,1547,1567,-1,1566,1567,1568,-1,1568,1567,1569,-1,1565,1570,1547,-1,1547,1570,1571,-1,1547,1571,1549,-1,1549,1571,1572,-1,1549,1572,1573,-1,1573,1574,1549,-1,1549,1574,1575,-1,1549,1575,1569,-1,1569,1575,1576,-1,1569,1576,1568,-1,1577,1578,1579,-1,1580,1567,1581,-1,1581,1567,1582,-1,1581,1582,1583,-1,1583,1582,1584,-1,1577,1569,1585,-1,1585,1569,1567,-1,1585,1567,1586,-1,1586,1567,1580,-1,1577,1579,1569,-1,1569,1579,1587,-1,1569,1587,1584,-1,1584,1587,1588,-1,1584,1588,1583,-1,1589,1590,1591,-1,1592,1582,1593,-1,1593,1582,1594,-1,1593,1594,1595,-1,1595,1594,1596,-1,1589,1584,1597,-1,1597,1584,1582,-1,1597,1582,1598,-1,1598,1582,1592,-1,1589,1591,1584,-1,1584,1591,1599,-1,1584,1599,1596,-1,1596,1599,1600,-1,1596,1600,1595,-1,1601,1602,1603,-1,1604,1594,1605,-1,1605,1594,1606,-1,1605,1606,1607,-1,1607,1606,1608,-1,1601,1596,1609,-1,1609,1596,1594,-1,1609,1594,1610,-1,1610,1594,1604,-1,1601,1603,1596,-1,1596,1603,1611,-1,1596,1611,1608,-1,1608,1611,1612,-1,1608,1612,1607,-1,1613,1606,1614,-1,1614,1606,1615,-1,1614,1615,1616,-1,1616,1615,1617,-1,1613,1618,1606,-1,1606,1618,1619,-1,1606,1619,1608,-1,1608,1619,1620,-1,1608,1620,1621,-1,1621,1622,1608,-1,1608,1622,1623,-1,1608,1623,1617,-1,1617,1623,1624,-1,1617,1624,1616,-1,1625,1615,1626,-1,1626,1615,1627,-1,1626,1627,1628,-1,1628,1627,1629,-1,1625,1630,1615,-1,1615,1630,1631,-1,1615,1631,1617,-1,1617,1631,1632,-1,1617,1632,1633,-1,1633,1634,1617,-1,1617,1634,1635,-1,1617,1635,1636,-1,1636,1635,1629,-1,1629,1627,1636,-1,1636,1627,1637,-1,1636,1637,1638,-1,1434,1436,1639,-1,1639,1436,1463,-1,1639,1463,1640,-1,1640,1463,1475,-1,1640,1475,1641,-1,1641,1475,1487,-1,1641,1487,1642,-1,1642,1487,1499,-1,1642,1499,1643,-1,1643,1499,1511,-1,1643,1511,1644,-1,1644,1511,1523,-1,1644,1523,1645,-1,1645,1523,1535,-1,1645,1535,1646,-1,1646,1535,1549,-1,1646,1549,1647,-1,1647,1549,1569,-1,1647,1569,1648,-1,1648,1569,1584,-1,1648,1584,1649,-1,1649,1584,1596,-1,1649,1596,1650,-1,1650,1596,1608,-1,1650,1608,1651,-1,1651,1608,1617,-1,1651,1617,1652,-1,1652,1617,1636,-1,1652,1636,1653,-1,1653,1636,1638,-1,1653,1638,1654,-1,1452,1447,1655,-1,1452,1655,1656,-1,1656,1655,1657,-1,1656,1657,1658,-1,1658,1657,1659,-1,1658,1659,1660,-1,1660,1659,1448,-1,1660,1448,1449,-1,1453,1455,1661,-1,1453,1661,1662,-1,1662,1661,1663,-1,1662,1663,1664,-1,1664,1663,1665,-1,1664,1665,1666,-1,1666,1665,1456,-1,1666,1456,1457,-1,1467,1466,1667,-1,1467,1667,1668,-1,1668,1667,1669,-1,1668,1669,1670,-1,1670,1669,1671,-1,1670,1671,1672,-1,1672,1671,1465,-1,1672,1465,1464,-1,1479,1478,1673,-1,1479,1673,1674,-1,1674,1673,1675,-1,1674,1675,1676,-1,1676,1675,1677,-1,1676,1677,1678,-1,1678,1677,1477,-1,1678,1477,1476,-1,1491,1490,1679,-1,1491,1679,1680,-1,1680,1679,1681,-1,1680,1681,1682,-1,1682,1681,1683,-1,1682,1683,1684,-1,1684,1683,1489,-1,1684,1489,1488,-1,1503,1502,1685,-1,1503,1685,1686,-1,1686,1685,1687,-1,1686,1687,1688,-1,1688,1687,1689,-1,1688,1689,1690,-1,1690,1689,1501,-1,1690,1501,1500,-1,1515,1514,1691,-1,1515,1691,1692,-1,1692,1691,1693,-1,1692,1693,1694,-1,1694,1693,1695,-1,1694,1695,1696,-1,1696,1695,1513,-1,1696,1513,1512,-1,1527,1526,1697,-1,1527,1697,1698,-1,1698,1697,1699,-1,1698,1699,1700,-1,1700,1699,1701,-1,1700,1701,1702,-1,1702,1701,1525,-1,1702,1525,1524,-1,1539,1538,1703,-1,1539,1703,1704,-1,1704,1703,1705,-1,1704,1705,1706,-1,1706,1705,1707,-1,1706,1707,1708,-1,1708,1707,1537,-1,1708,1537,1536,-1,1556,1553,1709,-1,1556,1709,1710,-1,1710,1709,1711,-1,1710,1711,1712,-1,1712,1711,1713,-1,1712,1713,1714,-1,1714,1713,1554,-1,1714,1554,1555,-1,1559,1561,1715,-1,1559,1715,1716,-1,1716,1715,1717,-1,1716,1717,1718,-1,1718,1717,1719,-1,1718,1719,1720,-1,1720,1719,1562,-1,1720,1562,1563,-1,1573,1572,1721,-1,1573,1721,1722,-1,1722,1721,1723,-1,1722,1723,1724,-1,1724,1723,1725,-1,1724,1725,1726,-1,1726,1725,1571,-1,1726,1571,1570,-1,1578,1577,1727,-1,1578,1727,1728,-1,1728,1727,1729,-1,1728,1729,1730,-1,1730,1729,1731,-1,1730,1731,1732,-1,1732,1731,1585,-1,1732,1585,1586,-1,1590,1589,1733,-1,1590,1733,1734,-1,1734,1733,1735,-1,1734,1735,1736,-1,1736,1735,1737,-1,1736,1737,1738,-1,1738,1737,1597,-1,1738,1597,1598,-1,1602,1601,1739,-1,1602,1739,1740,-1,1740,1739,1741,-1,1740,1741,1742,-1,1742,1741,1743,-1,1742,1743,1744,-1,1744,1743,1609,-1,1744,1609,1610,-1,1621,1620,1745,-1,1621,1745,1746,-1,1746,1745,1747,-1,1746,1747,1748,-1,1748,1747,1749,-1,1748,1749,1750,-1,1750,1749,1619,-1,1750,1619,1618,-1,1633,1632,1751,-1,1633,1751,1752,-1,1752,1751,1753,-1,1752,1753,1754,-1,1754,1753,1755,-1,1754,1755,1756,-1,1756,1755,1631,-1,1756,1631,1630,-1,1757,1758,1759,-1,1759,1758,1760,-1,1759,1760,1761,-1,1761,1760,1762,-1,1762,574,572,-1,572,586,1762,-1,1762,586,589,-1,1762,589,596,-1,596,600,1762,-1,1762,600,607,-1,1762,607,1761,-1,1761,607,612,-1,612,616,1761,-1,1761,616,622,-1,1761,622,630,-1,630,634,1761,-1,1761,634,641,-1,1761,641,645,-1,645,652,1761,-1,1761,652,657,-1,1761,657,661,-1,1763,1764,1765,-1,1766,1767,1768,-1,1769,1770,1771,-1,1771,1770,1772,-1,1766,1768,1773,-1,1773,1768,1774,-1,1773,1774,1775,-1,1765,1764,1776,-1,1764,1777,1776,-1,1776,1777,1773,-1,1776,1773,1769,-1,1769,1773,1775,-1,1769,1775,1770,-1,1778,1779,1765,-1,1765,1779,1780,-1,1765,1780,1763,-1,1781,1782,1783,-1,1778,1784,1779,-1,1779,1784,1785,-1,1779,1785,1786,-1,1786,1785,1787,-1,1787,1785,1783,-1,1783,1785,1788,-1,1783,1788,1781,-1,1789,1790,1791,-1,1789,1791,1782,-1,1782,1791,1792,-1,1782,1792,1783,-1,1793,1794,1795,-1,1795,1794,1796,-1,1795,1796,1797,-1,1798,1799,1800,-1,1800,1799,1801,-1,1800,1801,1802,-1,1803,1804,1805,-1,1805,1804,1806,-1,1807,1808,1809,-1,1809,1808,1810,-1,1809,1810,1811,-1,1811,1810,1812,-1,1813,1814,1815,-1,1815,1814,1816,-1,1816,1814,1817,-1,1817,1814,1818,-1,1817,1818,1819,-1,1820,1821,1822,-1,1822,1821,1823,-1,1822,1823,1824,-1,1824,1823,1825,-1,1824,1825,1812,-1,1812,1825,1826,-1,1812,1826,1811,-1,1818,1827,1819,-1,1819,1827,1828,-1,1819,1828,1829,-1,1829,1828,1830,-1,1829,1830,1831,-1,1831,1830,1832,-1,1831,1832,1833,-1,1833,1832,1805,-1,1833,1805,1820,-1,1820,1805,1806,-1,1820,1806,1821,-1,1834,1835,1836,-1,1836,1835,1837,-1,1836,1837,1838,-1,1839,1840,1841,-1,1841,1840,1842,-1,1843,1844,1845,-1,1839,1846,1845,-1,1845,1846,1847,-1,1847,1848,1845,-1,1845,1848,1849,-1,1845,1849,1850,-1,1843,1845,1851,-1,1840,1839,1852,-1,1852,1839,1845,-1,1852,1845,1835,-1,1835,1845,1837,-1,1850,1853,1845,-1,1845,1853,1854,-1,1845,1854,1855,-1,1855,1856,1845,-1,1845,1856,1857,-1,1845,1857,1851,-1,1858,1859,1860,-1,1861,1836,1838,-1,1860,1861,1862,-1,1838,1863,1861,-1,1861,1863,1864,-1,1861,1864,1862,-1,1865,1858,1866,-1,1866,1858,1860,-1,1866,1860,1867,-1,1867,1860,1862,-1,1868,1869,1870,-1,1871,1872,1873,-1,1874,1875,1876,-1,1876,1875,1877,-1,1876,1877,1878,-1,1878,1877,1879,-1,1878,1879,1880,-1,1874,1881,1882,-1,1883,1884,1885,-1,1885,1884,1886,-1,1885,1886,1887,-1,1887,1886,1888,-1,1887,1888,1889,-1,1889,1888,1890,-1,1891,1892,1893,-1,1894,1895,1896,-1,1880,1897,1878,-1,1878,1897,1898,-1,1878,1898,1899,-1,1899,1898,1900,-1,1899,1900,1901,-1,1902,1903,1904,-1,1904,1903,1905,-1,1904,1905,1906,-1,1906,1905,1907,-1,1890,1888,1893,-1,1893,1888,1908,-1,1893,1908,1891,-1,1909,1910,1911,-1,1912,1894,1913,-1,1913,1894,1896,-1,1913,1896,1914,-1,1915,1916,1868,-1,1917,1918,1919,-1,1919,1918,1920,-1,1919,1920,1921,-1,1921,1920,1922,-1,1921,1922,1923,-1,1923,1922,1924,-1,1902,1925,1903,-1,1903,1925,1926,-1,1903,1926,1927,-1,1912,1882,1894,-1,1894,1882,1881,-1,1894,1881,1870,-1,1870,1881,1928,-1,1870,1928,1868,-1,1868,1928,1929,-1,1868,1929,1915,-1,1930,1931,1932,-1,1914,1896,1911,-1,1911,1896,1933,-1,1911,1933,1909,-1,1916,1934,1868,-1,1868,1934,1935,-1,1868,1935,1936,-1,1937,1938,1939,-1,1874,1882,1875,-1,1875,1882,1884,-1,1875,1884,1917,-1,1917,1884,1883,-1,1917,1883,1918,-1,1918,1883,1906,-1,1918,1906,1940,-1,1940,1906,1907,-1,1940,1907,1941,-1,1937,1939,1922,-1,1922,1939,1942,-1,1922,1942,1924,-1,1943,1944,1926,-1,1926,1944,1945,-1,1926,1945,1927,-1,1946,1932,1947,-1,1947,1932,1948,-1,1947,1948,1949,-1,1950,1930,1951,-1,1951,1930,1932,-1,1951,1932,1952,-1,1952,1932,1946,-1,1950,1940,1930,-1,1930,1940,1941,-1,1930,1941,1873,-1,1873,1941,1953,-1,1873,1953,1871,-1,1871,1953,1954,-1,1871,1954,1955,-1,1955,1954,1956,-1,1956,1957,1955,-1,1955,1957,1958,-1,1955,1958,1959,-1,1833,1820,1960,-1,1960,1820,1770,-1,1775,870,869,-1,869,1961,1775,-1,1775,1961,1962,-1,1775,1962,1770,-1,1770,1962,1963,-1,1963,1964,1770,-1,1770,1964,1965,-1,1770,1965,1966,-1,1966,1967,1770,-1,1770,1967,1968,-1,1770,1968,1969,-1,1970,1971,1770,-1,1770,1971,1972,-1,1969,1973,1770,-1,1770,1973,1974,-1,1770,1974,1970,-1,1972,1975,1770,-1,1770,1975,1976,-1,1770,1976,1960,-1,893,891,1977,-1,1977,891,904,-1,904,911,1977,-1,1977,911,909,-1,1977,909,922,-1,1978,920,924,-1,924,931,1978,-1,1978,931,942,-1,1978,942,944,-1,944,953,1978,-1,1978,953,955,-1,1978,955,964,-1,964,966,1978,-1,1978,966,876,-1,1978,876,861,-1,922,920,1977,-1,1977,920,1978,-1,1977,1978,1979,-1,1979,1978,1980,-1,1979,1980,1774,-1,1774,1980,1775,-1,1981,1982,1790,-1,1983,1984,1791,-1,1790,1982,1791,-1,1791,1982,1985,-1,1791,1985,1983,-1,1986,1987,1988,-1,1988,1987,1791,-1,1988,1791,1989,-1,1989,1791,1984,-1,1990,1991,1790,-1,1790,1991,1992,-1,1992,1993,1790,-1,1790,1993,1994,-1,1790,1994,1981,-1,1807,1802,1995,-1,1995,1802,1797,-1,1996,1997,1844,-1,1844,1997,1995,-1,1844,1995,1845,-1,1845,1995,1797,-1,1845,1797,1796,-1,1809,1998,1999,-1,2000,1802,1999,-1,1999,1802,1807,-1,1999,1807,1809,-1,2000,2001,2002,-1,1800,1802,2003,-1,2003,1802,2000,-1,2003,2000,2004,-1,2004,2000,2002,-1,1852,1835,276,-1,276,1835,1834,-1,276,1834,541,-1,541,1834,2005,-1,2006,2007,2008,-1,2005,1834,2008,-1,2008,1834,2009,-1,2008,2009,2006,-1,2010,2011,2012,-1,2012,2011,1852,-1,1852,276,275,-1,275,274,1852,-1,1852,274,273,-1,1852,273,2012,-1,2012,273,271,-1,2012,271,270,-1,270,269,2012,-1,2012,269,267,-1,2012,267,265,-1,265,263,2012,-1,2012,263,261,-1,2012,261,259,-1,1852,2011,1840,-1,1840,2011,2013,-1,2014,2015,2016,-1,2016,2015,2017,-1,2016,2017,2018,-1,2018,2017,2019,-1,2018,2019,2013,-1,2013,2019,1842,-1,2013,1842,1840,-1,1330,1331,2011,-1,1317,2010,1316,-1,1316,2010,1111,-1,1317,1318,2010,-1,2010,1318,1319,-1,2010,1319,1320,-1,1320,1321,2010,-1,2010,1321,1322,-1,2010,1322,2011,-1,2011,1322,1323,-1,2011,1323,1324,-1,1324,1325,2011,-1,2011,1325,1326,-1,2011,1326,1327,-1,1327,1328,2011,-1,2011,1328,1329,-1,2011,1329,1330,-1,1862,1864,2020,-1,2020,1864,2021,-1,2022,2023,2024,-1,2024,2023,2025,-1,1837,2025,1838,-1,1838,2025,2023,-1,1838,2023,2026,-1,2027,2028,2029,-1,2026,2023,2029,-1,2029,2023,2030,-1,2029,2030,2027,-1,1794,1793,2031,-1,2031,1793,2021,-1,2032,2033,2031,-1,2031,2033,2034,-1,2031,2034,2035,-1,2021,1864,2031,-1,2031,1864,1863,-1,2031,1863,2032,-1,2036,1867,2020,-1,2020,1867,1862,-1,1802,1801,1797,-1,1797,1801,1795,-1,1796,1794,1845,-1,1845,1794,2031,-1,1845,2031,2037,-1,2037,2038,1845,-1,1845,2038,2039,-1,1845,2039,2040,-1,2025,1837,2024,-1,2024,1837,1845,-1,2024,1845,2041,-1,2041,1845,2040,-1,2042,2043,2028,-1,2035,2034,2029,-1,1838,2026,1863,-1,1863,2026,2032,-1,2029,2034,2026,-1,2026,2034,2033,-1,2026,2033,2032,-1,2028,2043,2029,-1,2029,2043,2044,-1,2029,2044,2035,-1,2045,2046,2027,-1,2046,2047,2027,-1,2027,2047,2048,-1,2027,2048,2028,-1,2028,2048,2049,-1,2028,2049,2042,-1,2027,2030,2045,-1,2045,2030,2023,-1,2045,2023,2022,-1,1902,1904,2050,-1,1902,2050,2051,-1,2051,2050,2052,-1,2051,2052,2053,-1,2053,2052,2054,-1,2053,2054,2055,-1,2055,2054,2056,-1,2055,2056,2057,-1,2057,2056,2058,-1,2057,2058,2059,-1,2060,2061,302,-1,302,2061,2062,-1,2059,2058,2062,-1,2062,2058,303,-1,2062,303,302,-1,302,2063,2060,-1,2060,2063,2064,-1,2060,2064,2065,-1,2065,2064,2066,-1,2065,2066,2067,-1,2067,2066,2068,-1,2067,2068,2069,-1,2069,2068,2070,-1,2069,2070,2071,-1,2071,2070,1873,-1,2071,1873,1872,-1,1861,1860,2072,-1,1861,2072,2073,-1,2073,2072,2074,-1,2073,2074,2075,-1,2075,2074,2076,-1,2075,2076,2077,-1,2077,2076,2078,-1,2077,2078,2079,-1,2079,2078,2080,-1,2079,2080,2081,-1,2081,2080,1930,-1,2081,1930,1873,-1,541,2005,542,-1,542,2005,2082,-1,2082,2005,2083,-1,2083,2005,2008,-1,2083,2008,2084,-1,2084,2008,2085,-1,2085,2008,2007,-1,2085,2007,2086,-1,2086,2007,2087,-1,2087,2007,2006,-1,2087,2006,2088,-1,2088,2006,2089,-1,2089,2006,2009,-1,2089,2009,2090,-1,2090,2009,2091,-1,2091,2009,1834,-1,2091,1834,1836,-1,2073,2075,2092,-1,2092,2075,2093,-1,2092,2093,2094,-1,2094,2093,2095,-1,2094,2095,2096,-1,2096,2095,2097,-1,2096,2097,2098,-1,2098,2097,2099,-1,2098,2099,2100,-1,2100,2099,2101,-1,2100,2101,302,-1,2075,2077,2093,-1,2093,2077,2102,-1,2093,2102,2095,-1,2095,2102,2103,-1,2095,2103,2097,-1,2097,2103,2104,-1,2097,2104,2099,-1,2099,2104,2105,-1,2099,2105,2101,-1,2101,2105,2106,-1,2101,2106,302,-1,1861,2073,2107,-1,2107,2073,2092,-1,2107,2092,2108,-1,2108,2092,2094,-1,2108,2094,2109,-1,2109,2094,2096,-1,2109,2096,2110,-1,2110,2096,2098,-1,2110,2098,2111,-1,2111,2098,2100,-1,2111,2100,302,-1,2079,2081,2112,-1,2112,2081,2113,-1,2112,2113,2114,-1,2114,2113,2115,-1,2114,2115,2116,-1,2116,2115,2117,-1,2116,2117,2118,-1,2118,2117,2119,-1,2118,2119,2120,-1,2120,2119,2121,-1,2120,2121,302,-1,2081,1873,2113,-1,2113,1873,2070,-1,2113,2070,2115,-1,2115,2070,2068,-1,2115,2068,2117,-1,2117,2068,2066,-1,2117,2066,2119,-1,2119,2066,2064,-1,2119,2064,2121,-1,2121,2064,2063,-1,2121,2063,302,-1,2077,2079,2102,-1,2102,2079,2112,-1,2102,2112,2103,-1,2103,2112,2114,-1,2103,2114,2104,-1,2104,2114,2116,-1,2104,2116,2105,-1,2105,2116,2118,-1,2105,2118,2106,-1,2106,2118,2120,-1,2106,2120,302,-1,543,542,2082,-1,1836,1861,2091,-1,2091,1861,2107,-1,2091,2107,2090,-1,2090,2107,2089,-1,2089,2107,2108,-1,2089,2108,2088,-1,2109,2086,2108,-1,2108,2086,2087,-1,2108,2087,2088,-1,2110,2111,2082,-1,2082,2083,2110,-1,2110,2083,2084,-1,2110,2084,2109,-1,2109,2084,2085,-1,2109,2085,2086,-1,2111,302,304,-1,304,546,2111,-1,2111,546,545,-1,2111,545,2082,-1,2082,545,544,-1,2082,544,543,-1,2022,2024,2045,-1,2045,2024,2041,-1,2045,2041,2046,-1,2046,2041,2040,-1,2046,2040,2122,-1,2122,2040,2039,-1,2031,2035,2037,-1,2037,2035,2123,-1,2123,2043,2037,-1,2037,2043,2124,-1,2037,2124,2038,-1,2038,2124,2049,-1,2038,2049,2039,-1,2039,2049,2048,-1,2039,2048,2122,-1,1770,2125,1772,-1,1772,2125,2126,-1,1772,2126,2127,-1,2127,2126,2128,-1,2127,2128,2129,-1,2129,2128,2130,-1,2129,2130,1997,-1,1997,2130,2131,-1,1997,2131,1995,-1,1807,1995,1808,-1,1808,1995,2131,-1,1808,2131,1810,-1,1810,2131,2130,-1,1810,2130,1812,-1,1812,2130,2128,-1,1812,2128,1824,-1,1824,2128,2126,-1,1824,2126,1822,-1,1822,2126,2125,-1,1822,2125,1820,-1,1820,2125,1770,-1,1806,1804,1821,-1,1821,1804,2132,-1,1821,2132,1823,-1,1823,2132,2133,-1,1823,2133,1825,-1,1825,2133,2134,-1,1825,2134,1826,-1,1826,2134,2135,-1,1826,2135,1811,-1,1811,2135,2136,-1,1811,2136,1809,-1,1809,2136,1998,-1,2137,2138,2127,-1,2139,1769,2140,-1,2140,1769,1771,-1,2140,1771,2138,-1,2138,1771,1772,-1,2138,1772,2127,-1,2141,1778,2142,-1,2142,1778,1765,-1,2139,2143,1769,-1,1769,2143,2142,-1,1769,2142,1776,-1,1776,2142,1765,-1,1782,2144,2145,-1,2145,2146,1782,-1,1782,2146,2147,-1,1782,2147,1789,-1,1782,1781,2144,-1,2144,1781,1788,-1,2144,1788,2148,-1,2148,1788,1785,-1,2148,1785,2141,-1,2141,1785,1784,-1,2141,1784,1778,-1,1990,1790,2149,-1,2149,1790,1789,-1,2149,1789,2150,-1,2150,1789,2147,-1,2151,2152,2129,-1,2129,2152,2153,-1,2129,2153,2127,-1,2127,2153,2154,-1,2127,2154,2137,-1,2151,2129,2155,-1,2155,2129,1997,-1,2155,1997,1996,-1,2156,2157,2158,-1,2159,1814,2158,-1,2158,1814,1813,-1,2160,2156,2161,-1,2161,2156,2158,-1,2161,2158,2162,-1,2162,2158,1813,-1,2162,1813,2163,-1,2164,2165,2166,-1,2166,2165,2167,-1,2168,2169,2166,-1,2166,2169,2170,-1,2171,2166,2172,-1,2172,2166,2170,-1,2172,2170,2173,-1,2173,2170,2174,-1,2175,2176,2177,-1,2177,2176,2178,-1,2179,2180,2168,-1,2168,2180,2177,-1,2168,2177,2169,-1,2169,2177,2178,-1,2169,2178,2181,-1,2181,2178,2182,-1,2183,2164,2184,-1,2184,2164,2166,-1,2184,2166,2185,-1,2185,2166,2171,-1,2185,2171,2186,-1,2186,2171,2187,-1,2188,2189,2190,-1,2190,2189,2191,-1,2192,2193,2175,-1,2175,2193,2190,-1,2175,2190,2176,-1,2176,2190,2191,-1,2176,2191,2194,-1,2194,2191,2195,-1,2196,2197,2198,-1,2198,2197,2199,-1,2200,2201,2188,-1,2188,2201,2198,-1,2188,2198,2189,-1,2189,2198,2199,-1,2189,2199,2202,-1,2202,2199,2203,-1,2204,2205,2206,-1,2206,2205,2207,-1,2208,2209,2196,-1,2196,2209,2206,-1,2196,2206,2197,-1,2197,2206,2207,-1,2197,2207,2210,-1,2210,2207,2211,-1,2212,2213,2214,-1,2214,2213,2215,-1,2216,2217,2204,-1,2204,2217,2214,-1,2204,2214,2205,-1,2205,2214,2215,-1,2205,2215,2218,-1,2218,2215,2219,-1,2220,2221,2222,-1,2222,2221,2223,-1,2224,2225,2212,-1,2212,2225,2222,-1,2212,2222,2213,-1,2213,2222,2223,-1,2213,2223,2226,-1,2226,2223,2227,-1,2228,2229,2230,-1,2230,2229,2231,-1,2232,2233,2220,-1,2220,2233,2230,-1,2220,2230,2221,-1,2221,2230,2231,-1,2221,2231,2234,-1,2234,2231,2235,-1,2236,2237,2238,-1,2238,2237,2239,-1,2240,2241,2228,-1,2228,2241,2238,-1,2228,2238,2229,-1,2229,2238,2239,-1,2229,2239,2242,-1,2242,2239,2243,-1,2244,2245,2246,-1,2246,2245,2247,-1,2248,2249,2236,-1,2236,2249,2246,-1,2236,2246,2237,-1,2237,2246,2247,-1,2237,2247,2250,-1,2250,2247,2251,-1,2252,2253,2254,-1,2254,2253,2255,-1,2256,2257,2244,-1,2244,2257,2254,-1,2244,2254,2245,-1,2245,2254,2255,-1,2245,2255,2258,-1,2258,2255,2259,-1,2260,2261,2262,-1,2262,2261,2263,-1,2264,2265,2252,-1,2252,2265,2262,-1,2252,2262,2253,-1,2253,2262,2263,-1,2253,2263,2266,-1,2266,2263,2267,-1,2268,2269,2270,-1,2270,2269,2271,-1,2272,2273,2260,-1,2260,2273,2270,-1,2260,2270,2261,-1,2261,2270,2271,-1,2261,2271,2274,-1,2274,2271,2275,-1,2276,2277,2278,-1,2278,2277,2279,-1,2280,2281,2268,-1,2268,2281,2278,-1,2268,2278,2269,-1,2269,2278,2279,-1,2269,2279,2282,-1,2282,2279,2283,-1,2284,2285,2286,-1,2286,2285,2287,-1,2288,2289,2290,-1,2291,2292,2276,-1,2276,2292,2286,-1,2276,2286,2277,-1,2277,2286,2287,-1,2277,2287,2293,-1,2293,2287,2294,-1,2295,2296,2284,-1,2284,2296,2288,-1,2284,2288,2285,-1,2285,2288,2290,-1,2285,2290,2297,-1,2298,2299,2300,-1,2300,2299,2290,-1,2300,2290,2301,-1,2301,2290,2289,-1,2301,2289,2302,-1,2302,2289,2303,-1,885,884,2304,-1,2304,884,2305,-1,2306,2307,2308,-1,2304,2305,2309,-1,2309,2305,2310,-1,2306,2311,2307,-1,2307,2311,2312,-1,2307,2312,2310,-1,2310,2312,2313,-1,2310,2313,2309,-1,2314,2315,2308,-1,2308,2315,2316,-1,2308,2316,2306,-1,2317,2318,2314,-1,2314,2318,2319,-1,2314,2319,2315,-1,2317,2167,2165,-1,2165,2320,2317,-1,2317,2320,2321,-1,2317,2321,2318,-1,2318,2321,2322,-1,2318,2322,2323,-1,2324,2323,2322,-1,2325,2326,2327,-1,2328,2329,2330,-1,2330,2329,2160,-1,2330,2160,2161,-1,2328,2330,2331,-1,2331,2330,2332,-1,2331,2332,2325,-1,2325,2332,2333,-1,2325,2333,2326,-1,2334,2335,2327,-1,2327,2335,2336,-1,2327,2336,2325,-1,2337,2338,2334,-1,2334,2338,2339,-1,2334,2339,2335,-1,2337,2340,2338,-1,2338,2340,2341,-1,2338,2341,2342,-1,2324,2343,2344,-1,2342,2341,2344,-1,2344,2341,2345,-1,2344,2345,2324,-1,2320,2165,2164,-1,2346,2347,2322,-1,2322,2347,2348,-1,2322,2348,2324,-1,2324,2348,2349,-1,2324,2349,2343,-1,2346,2322,2164,-1,2164,2322,2321,-1,2164,2321,2320,-1,1314,1310,2350,-1,2350,1310,1298,-1,2350,1298,1286,-1,1286,1276,2350,-1,2350,1276,1262,-1,2350,1262,1255,-1,1241,1224,2351,-1,2351,1224,1208,-1,2351,1208,1200,-1,1200,1186,2351,-1,2351,1186,1179,-1,2351,1179,1165,-1,1165,1158,2351,-1,2351,1158,1131,-1,2351,1131,1143,-1,1985,1982,2352,-1,2352,1982,2353,-1,2352,2353,2354,-1,2354,2353,2355,-1,2354,2355,2356,-1,2356,2355,2357,-1,2356,2357,2358,-1,2358,2357,2359,-1,2358,2359,2360,-1,2360,2359,2361,-1,2360,2361,2362,-1,2362,2361,2363,-1,2362,2363,2364,-1,2364,2363,2365,-1,2364,2365,2366,-1,2366,2365,2367,-1,2366,2367,2368,-1,2368,2367,2369,-1,2368,2369,2370,-1,2370,2369,2371,-1,2370,2371,2351,-1,2351,2371,2350,-1,2351,2350,1241,-1,1241,2350,1255,-1,2372,1841,1842,-1,1991,1990,2373,-1,2373,1990,2374,-1,2373,2374,2375,-1,2375,2374,2376,-1,2377,2378,2379,-1,2377,2379,2380,-1,2376,2374,2379,-1,2379,2374,2381,-1,2379,2381,2380,-1,2382,2383,2384,-1,2382,2384,2385,-1,2385,2384,2386,-1,2385,2386,2378,-1,2378,2386,2387,-1,2378,2387,2379,-1,2388,2015,2383,-1,2383,2015,2014,-1,2383,2014,2384,-1,2388,2389,2015,-1,2015,2389,2390,-1,2015,2390,2391,-1,2391,2392,2015,-1,2015,2392,2393,-1,2015,2393,2017,-1,2394,2395,2019,-1,2393,2396,2017,-1,2017,2396,2397,-1,2017,2397,2019,-1,2019,2397,2398,-1,2019,2398,2394,-1,2395,2399,2019,-1,2019,2399,2400,-1,2019,2400,1842,-1,1842,2400,2401,-1,1842,2401,2372,-1,2389,2388,2402,-1,2403,2404,2405,-1,2406,2407,2408,-1,2409,2410,2411,-1,2154,2153,2412,-1,2413,2414,2411,-1,2415,2416,2417,-1,2141,2142,2418,-1,2419,2420,2421,-1,2419,1990,2149,-1,1990,2419,2422,-1,2422,2419,2421,-1,2422,2421,2423,-1,2420,2424,2425,-1,2425,2424,2144,-1,2425,2144,2148,-1,2149,2150,2419,-1,2419,2150,2147,-1,2419,2147,2420,-1,2420,2147,2146,-1,2420,2146,2424,-1,2424,2146,2145,-1,2424,2145,2144,-1,2414,2413,2426,-1,2426,2413,2427,-1,2426,2427,2428,-1,2428,2427,2429,-1,2428,2429,2430,-1,2430,2429,2431,-1,2430,2431,2432,-1,2410,2433,2411,-1,2411,2433,2434,-1,2411,2434,2413,-1,2413,2434,2435,-1,2413,2435,2427,-1,2427,2435,2436,-1,2427,2436,2429,-1,2429,2436,2437,-1,2429,2437,2431,-1,2418,2438,2416,-1,2416,2438,2439,-1,2416,2439,2417,-1,2417,2439,2440,-1,2441,2442,2412,-1,2412,2442,2443,-1,2143,2139,2444,-1,2444,2139,2443,-1,2444,2443,2445,-1,2445,2443,2442,-1,2440,2446,2447,-1,2448,2415,2449,-1,2449,2415,2417,-1,2449,2417,2450,-1,2450,2417,2440,-1,2450,2440,2451,-1,2451,2440,2447,-1,2441,2452,2453,-1,2453,2452,2454,-1,2453,2454,2455,-1,2441,2412,2452,-1,2452,2412,2153,-1,2452,2153,2152,-1,2455,2456,2446,-1,2456,2457,2458,-1,2458,2457,2459,-1,2458,2459,2460,-1,2139,2140,2443,-1,2443,2140,2138,-1,2443,2138,2412,-1,2412,2138,2137,-1,2412,2137,2154,-1,2459,2409,2460,-1,2460,2409,2411,-1,2460,2411,2461,-1,2461,2411,2414,-1,2461,2414,2462,-1,2462,2414,2426,-1,2462,2426,2463,-1,2463,2426,2428,-1,2463,2428,2464,-1,2464,2428,2430,-1,2465,2393,2392,-1,2393,2465,2396,-1,2396,2465,2466,-1,2396,2466,2397,-1,2397,2466,2467,-1,2397,2467,2398,-1,2468,2469,2470,-1,2470,2469,2471,-1,2470,2471,2472,-1,2472,2471,2473,-1,2472,2473,2474,-1,2474,2473,2391,-1,2474,2391,2390,-1,2456,2458,2446,-1,2446,2458,2460,-1,2446,2460,2447,-1,2447,2460,2461,-1,2447,2461,2451,-1,2451,2461,2462,-1,2451,2462,2450,-1,2450,2462,2463,-1,2450,2463,2449,-1,2449,2463,2464,-1,2449,2464,2448,-1,2448,2464,2430,-1,2448,2430,2468,-1,2468,2430,2432,-1,2468,2432,2469,-1,2398,2467,2394,-1,2394,2467,2475,-1,2394,2475,2395,-1,2395,2475,2399,-1,2399,2475,2476,-1,2399,2476,2400,-1,2400,2476,2405,-1,2400,2405,2401,-1,2404,1841,2405,-1,2405,1841,2372,-1,2405,2372,2401,-1,2477,2406,2478,-1,2478,2406,2408,-1,2478,2408,2479,-1,2479,2408,2480,-1,2479,2480,2481,-1,2481,2480,2482,-1,2481,2482,2483,-1,2483,2482,2484,-1,2483,2484,2485,-1,2485,2484,2486,-1,2485,2486,2487,-1,2487,2486,2488,-1,2407,2403,2408,-1,2408,2403,2405,-1,2408,2405,2480,-1,2480,2405,2476,-1,2480,2476,2482,-1,2482,2476,2475,-1,2482,2475,2484,-1,2484,2475,2467,-1,2484,2467,2486,-1,2486,2467,2466,-1,2486,2466,2488,-1,2488,2466,2465,-1,2380,2381,2489,-1,2489,2381,2374,-1,2489,2374,1990,-1,2383,2382,2490,-1,2490,2382,2385,-1,2490,2385,2491,-1,2491,2385,2378,-1,2388,2383,2402,-1,2402,2383,2490,-1,2402,2490,2492,-1,2492,2490,2491,-1,2492,2491,2423,-1,2425,2493,2420,-1,2420,2493,2494,-1,2420,2494,2421,-1,2421,2494,2495,-1,2421,2495,2423,-1,2423,2495,2496,-1,2423,2496,2492,-1,2378,2377,2491,-1,2491,2377,2380,-1,2491,2380,2423,-1,2423,2380,2489,-1,2423,2489,2422,-1,2422,2489,1990,-1,1996,2454,2155,-1,2155,2454,2452,-1,2155,2452,2151,-1,2151,2452,2152,-1,2455,2446,2453,-1,2453,2446,2440,-1,2453,2440,2441,-1,2441,2440,2439,-1,2441,2439,2442,-1,2442,2439,2438,-1,2442,2438,2445,-1,2445,2438,2418,-1,2445,2418,2444,-1,2444,2418,2142,-1,2444,2142,2143,-1,2433,2477,2434,-1,2434,2477,2478,-1,2434,2478,2435,-1,2435,2478,2479,-1,2435,2479,2436,-1,2436,2479,2481,-1,2436,2481,2437,-1,2437,2481,2483,-1,2437,2483,2431,-1,2431,2483,2485,-1,2431,2485,2432,-1,2432,2485,2487,-1,2432,2487,2469,-1,2469,2487,2488,-1,2469,2488,2471,-1,2471,2488,2465,-1,2471,2465,2473,-1,2473,2465,2392,-1,2473,2392,2391,-1,2390,2389,2474,-1,2474,2389,2402,-1,2474,2402,2472,-1,2472,2402,2492,-1,2472,2492,2470,-1,2470,2492,2496,-1,2470,2496,2468,-1,2468,2496,2495,-1,2468,2495,2448,-1,2448,2495,2494,-1,2448,2494,2415,-1,2415,2494,2493,-1,2415,2493,2416,-1,2416,2493,2425,-1,2416,2425,2418,-1,2418,2425,2148,-1,2418,2148,2141,-1,1839,1841,1846,-1,1846,1841,2404,-1,1846,2404,1847,-1,1847,2404,2403,-1,1847,2403,1848,-1,1848,2403,2407,-1,1848,2407,1849,-1,1849,2407,2406,-1,1849,2406,1850,-1,1850,2406,2477,-1,1856,1855,2433,-1,2433,1855,1854,-1,2433,1854,2477,-1,2477,1854,1853,-1,2477,1853,1850,-1,2457,1851,2459,-1,2459,1851,1857,-1,2459,1857,2409,-1,2409,1857,1856,-1,2409,1856,2410,-1,2410,1856,2433,-1,1996,1844,2454,-1,2454,1844,1843,-1,2454,1843,2455,-1,2455,1843,1851,-1,2455,1851,2456,-1,2456,1851,2457,-1,2018,2013,1314,-1,1982,1981,2353,-1,2353,1981,1994,-1,2353,1994,2355,-1,2355,1994,1993,-1,2355,1993,2357,-1,2357,1993,1992,-1,2357,1992,2359,-1,2359,1992,1991,-1,2359,1991,2361,-1,2361,1991,2373,-1,2361,2373,2363,-1,2363,2373,2375,-1,2363,2375,2365,-1,2375,2376,2365,-1,2365,2376,2379,-1,2365,2379,2387,-1,2387,2386,2365,-1,2365,2386,2384,-1,2365,2384,2367,-1,2367,2384,2014,-1,2367,2014,2369,-1,2369,2014,2016,-1,2369,2016,2371,-1,2371,2016,2018,-1,2371,2018,2350,-1,2350,2018,1314,-1,1314,2013,1315,-1,1315,2013,2011,-1,1315,2011,1331,-1,305,1904,1019,-1,1019,1904,1906,-1,1019,1906,1094,-1,305,303,1904,-1,1904,303,2058,-1,1904,2058,2056,-1,2054,2052,2056,-1,2056,2052,2050,-1,2056,2050,1904,-1,1110,1109,1883,-1,1883,1109,1108,-1,1883,1108,1107,-1,1107,1106,1883,-1,1883,1106,1105,-1,1883,1105,1104,-1,1104,1103,1883,-1,1883,1103,1102,-1,1883,1102,1906,-1,1906,1102,1101,-1,1906,1101,1100,-1,1100,1099,1906,-1,1906,1099,1098,-1,1906,1098,1097,-1,1097,1096,1906,-1,1906,1096,1095,-1,1906,1095,1094,-1,2163,1813,2497,-1,2497,1813,1815,-1,2497,1815,2498,-1,2498,1815,2499,-1,2499,1815,2500,-1,2500,1815,1816,-1,2500,1816,2501,-1,1817,2502,1816,-1,1816,2502,2503,-1,1816,2503,2501,-1,1819,2504,2505,-1,2505,2506,1819,-1,1819,2506,2507,-1,1819,2507,1817,-1,1817,2507,2508,-1,1817,2508,2502,-1,1829,2509,1819,-1,1819,2509,2510,-1,1819,2510,2504,-1,2511,2512,1831,-1,1831,2512,2513,-1,2513,2514,1831,-1,1831,2514,2515,-1,1831,2515,1829,-1,1829,2515,2516,-1,1829,2516,2509,-1,2511,1831,2517,-1,2517,1831,1833,-1,2517,1833,1960,-1,1803,1805,2518,-1,2518,1805,1832,-1,2518,1832,2519,-1,2519,1832,1830,-1,2519,1830,2520,-1,2520,1830,1828,-1,2520,1828,2521,-1,2521,1828,1827,-1,2521,1827,2522,-1,2522,1827,1818,-1,2522,1818,2159,-1,2159,1818,1814,-1,2324,2523,2524,-1,2323,2324,2318,-1,2318,2324,2524,-1,2318,2524,2319,-1,2319,2524,2525,-1,2319,2525,2526,-1,2526,2525,2527,-1,2526,2527,2316,-1,2316,2527,2306,-1,2306,2527,2528,-1,2528,2527,2529,-1,2528,2529,2312,-1,2312,2529,2530,-1,2312,2530,2313,-1,2313,2530,2309,-1,2309,2530,885,-1,2309,885,2304,-1,2324,2531,2523,-1,2523,2531,2341,-1,2523,2341,2532,-1,2341,2340,2532,-1,2532,2340,2533,-1,2532,2533,2534,-1,2534,2533,2334,-1,2534,2334,2535,-1,2535,2334,2327,-1,2327,2326,2535,-1,2535,2326,2333,-1,2535,2333,2536,-1,2536,2333,2332,-1,2536,2332,2537,-1,2537,2332,2330,-1,2537,2330,2162,-1,2162,2330,2161,-1,2503,2502,2538,-1,2539,2540,2541,-1,2508,2507,2542,-1,1964,1963,2543,-1,2544,2545,874,-1,874,2545,862,-1,872,873,2546,-1,2546,873,863,-1,869,871,1961,-1,1961,871,2547,-1,1961,2547,1962,-1,2548,2549,1967,-1,1967,2549,2550,-1,1967,2550,1968,-1,1968,2550,2551,-1,1968,2551,1969,-1,1975,1972,2552,-1,2552,1972,1971,-1,2552,1971,2553,-1,2553,1971,2554,-1,2555,2516,2554,-1,2554,2516,2515,-1,2554,2515,2553,-1,2506,2505,2556,-1,2556,2505,2504,-1,2556,2504,2557,-1,2557,2504,2510,-1,2557,2510,2555,-1,2555,2510,2509,-1,2555,2509,2516,-1,2515,2514,2553,-1,2553,2514,2513,-1,2553,2513,2552,-1,2552,2513,2512,-1,2552,2512,1975,-1,1975,2512,2511,-1,1975,2511,1976,-1,1976,2511,2517,-1,1976,2517,1960,-1,2558,2559,2560,-1,2560,2559,2561,-1,2560,2561,2562,-1,2502,2508,2538,-1,2538,2508,2542,-1,2538,2542,2563,-1,2563,2542,2564,-1,2563,2564,2565,-1,2539,2566,2540,-1,2540,2566,2567,-1,2540,2567,2568,-1,2568,2567,2569,-1,2568,2569,2570,-1,2570,2569,2571,-1,2570,2571,2572,-1,2501,2503,2566,-1,2566,2503,2538,-1,2566,2538,2567,-1,2567,2538,2563,-1,2567,2563,2569,-1,2569,2563,2565,-1,2569,2565,2571,-1,2541,2540,2573,-1,2573,2540,2568,-1,2573,2568,2574,-1,2574,2568,2570,-1,2574,2570,2575,-1,2575,2570,2572,-1,2575,2572,2576,-1,1967,1966,2548,-1,2548,1966,2577,-1,2548,2577,2578,-1,1963,1962,2543,-1,2543,1962,2547,-1,2543,2547,2546,-1,2546,2547,871,-1,2546,871,872,-1,1966,1965,2577,-1,2577,1965,1964,-1,2577,1964,2578,-1,2578,1964,2543,-1,2578,2543,2579,-1,2579,2543,2546,-1,2579,2546,2545,-1,2545,2546,863,-1,2545,863,862,-1,2580,2581,2582,-1,2583,2580,2584,-1,2584,2580,2582,-1,2584,2582,2585,-1,2585,2582,2586,-1,2585,2586,2587,-1,2587,2586,2588,-1,2587,2588,2589,-1,2589,2588,2590,-1,2589,2590,2591,-1,2591,2590,2592,-1,2591,2592,2593,-1,2544,2583,2545,-1,2545,2583,2584,-1,2545,2584,2579,-1,2579,2584,2585,-1,2579,2585,2578,-1,2578,2585,2587,-1,2578,2587,2548,-1,2548,2587,2589,-1,2548,2589,2549,-1,2549,2589,2591,-1,2549,2591,2550,-1,2550,2591,2593,-1,2550,2593,2551,-1,2551,2593,2594,-1,2551,2594,1969,-1,1969,2594,2595,-1,1969,2595,1973,-1,1973,2595,2596,-1,1973,2596,1974,-1,1974,2596,1970,-1,2541,2597,2539,-1,2539,2597,2163,-1,2539,2163,2497,-1,2497,2498,2539,-1,2539,2498,2499,-1,2539,2499,2566,-1,2566,2499,2500,-1,2566,2500,2501,-1,2507,2506,2542,-1,2542,2506,2556,-1,2542,2556,2564,-1,2564,2556,2598,-1,2564,2598,2565,-1,2565,2598,2599,-1,2565,2599,2571,-1,2571,2599,2600,-1,2571,2600,2572,-1,2572,2600,2562,-1,2572,2562,2576,-1,2576,2562,2561,-1,2581,2558,2582,-1,2582,2558,2560,-1,2582,2560,2586,-1,2586,2560,2562,-1,2586,2562,2588,-1,2588,2562,2600,-1,2588,2600,2590,-1,2590,2600,2599,-1,2590,2599,2592,-1,2592,2599,2598,-1,2592,2598,2593,-1,2593,2598,2556,-1,2593,2556,2594,-1,2594,2556,2557,-1,2594,2557,2595,-1,2595,2557,2555,-1,2595,2555,2596,-1,2596,2555,2554,-1,2596,2554,1970,-1,1970,2554,1971,-1,2537,2162,2163,-1,2163,2597,2537,-1,2537,2597,2541,-1,2537,2541,2536,-1,2536,2541,2573,-1,2536,2573,2535,-1,2573,2574,2535,-1,2535,2574,2575,-1,2535,2575,2534,-1,2534,2575,2576,-1,2534,2576,2532,-1,2532,2576,2561,-1,2532,2561,2523,-1,2523,2561,2559,-1,2523,2559,2524,-1,2524,2559,2558,-1,2524,2558,2525,-1,2525,2558,2581,-1,2525,2581,2527,-1,2527,2581,2580,-1,2527,2580,2529,-1,2529,2580,2583,-1,2529,2583,2530,-1,2530,2583,2544,-1,2544,874,2530,-1,2530,874,868,-1,2530,868,885,-1,1775,1980,870,-1,870,1980,1978,-1,870,1978,861,-1,2601,1999,1998,-1,2601,1998,2602,-1,2602,1998,2136,-1,2602,2136,2603,-1,2603,2136,2135,-1,2603,2135,2604,-1,2604,2135,2134,-1,2604,2134,2605,-1,2158,2606,2159,-1,2159,2606,2607,-1,2159,2607,2522,-1,2522,2607,2608,-1,2522,2608,2521,-1,2521,2608,2609,-1,2521,2609,2520,-1,2520,2609,2610,-1,2134,2133,2605,-1,2605,2133,2132,-1,2605,2132,2611,-1,2611,2132,1804,-1,2611,1804,2612,-1,2612,1804,1803,-1,2612,1803,2613,-1,2613,1803,2518,-1,2613,2518,2610,-1,2610,2518,2519,-1,2610,2519,2520,-1,2614,2615,2616,-1,2616,2615,1859,-1,2616,1859,1858,-1,2617,2618,2619,-1,2619,2618,2620,-1,2614,2616,2003,-1,2621,2003,2622,-1,2622,2003,2623,-1,2621,2624,2003,-1,2003,2624,2625,-1,2003,2625,2618,-1,2626,2003,2627,-1,2627,2003,2004,-1,2618,2617,2003,-1,2003,2617,2628,-1,2003,2628,2614,-1,2626,2629,2003,-1,2003,2629,2630,-1,2003,2630,2631,-1,2631,2632,2003,-1,2003,2632,2633,-1,2003,2633,2623,-1,2634,2635,2636,-1,2636,2635,2637,-1,2638,2639,2640,-1,2640,2639,2641,-1,2640,2641,839,-1,839,2641,2642,-1,839,838,2640,-1,2640,838,837,-1,2640,837,836,-1,836,835,2640,-1,2640,835,834,-1,2640,834,833,-1,833,832,2640,-1,2640,832,831,-1,2640,831,2637,-1,831,830,2637,-1,2637,830,829,-1,2637,829,828,-1,828,827,2637,-1,2637,827,826,-1,2637,826,825,-1,2643,2636,823,-1,823,2636,2637,-1,823,2637,824,-1,824,2637,825,-1,2644,2611,2612,-1,575,1758,576,-1,576,1758,2645,-1,2646,2647,2644,-1,2644,2647,2648,-1,2648,2649,2644,-1,2644,2649,2650,-1,2644,2650,1758,-1,1758,2650,2651,-1,1758,2651,2645,-1,2612,2652,2644,-1,2644,2652,2653,-1,2644,2653,2654,-1,2654,2655,2644,-1,2644,2655,2656,-1,2644,2656,2657,-1,2657,2658,2644,-1,2644,2658,2659,-1,2644,2659,2660,-1,2660,2661,2644,-1,2644,2661,2662,-1,2644,2662,2646,-1,2663,2664,2665,-1,2666,2667,2668,-1,2669,2670,2671,-1,2671,2670,2672,-1,2673,2674,2644,-1,2673,2644,2675,-1,2675,2644,1758,-1,2675,1758,1757,-1,2668,2667,2676,-1,2667,2677,2676,-1,2676,2677,2675,-1,2676,2675,2669,-1,2669,2675,1757,-1,2669,1757,2670,-1,2678,2679,2668,-1,2668,2679,2680,-1,2668,2680,2666,-1,2665,2664,2681,-1,2678,2682,2679,-1,2679,2682,2683,-1,2679,2683,2684,-1,2684,2683,2685,-1,2685,2683,2664,-1,2664,2683,2686,-1,2664,2686,2681,-1,2663,2665,2687,-1,2687,2665,2688,-1,2687,2688,2689,-1,2689,2690,2691,-1,2692,2693,2687,-1,2694,2695,2696,-1,2696,2695,2687,-1,2696,2687,2697,-1,2697,2687,2693,-1,2691,2698,2689,-1,2689,2698,2699,-1,2689,2699,2700,-1,2700,2701,2689,-1,2689,2701,2702,-1,2689,2702,2687,-1,2687,2702,2703,-1,2687,2703,2692,-1,2615,2614,2628,-1,2628,2637,2615,-1,2615,2637,2635,-1,2615,2635,2704,-1,2704,2705,2615,-1,2615,2705,2706,-1,2615,2706,2707,-1,2707,2706,2708,-1,2640,2637,2709,-1,2709,2637,2628,-1,2709,2628,2710,-1,2710,2628,2711,-1,2712,2713,2714,-1,2714,2713,2715,-1,2715,2713,2716,-1,2716,2713,2717,-1,2716,2717,2619,-1,2619,2717,2718,-1,2619,2718,2617,-1,2617,2718,2711,-1,2617,2711,2628,-1,2711,1434,1639,-1,1639,1640,2711,-1,2711,1640,1641,-1,2711,1641,1642,-1,1642,1643,2711,-1,2711,1643,1644,-1,2711,1644,2710,-1,2710,1650,1651,-1,1644,1645,2710,-1,2710,1645,1646,-1,2710,1646,1647,-1,1651,1652,2710,-1,2710,1652,1653,-1,2710,1653,1654,-1,1647,1648,2710,-1,2710,1648,1649,-1,2710,1649,1650,-1,1866,1867,2719,-1,2719,1867,2036,-1,2720,2721,2722,-1,2722,2721,2723,-1,2722,2616,2720,-1,2720,2616,1858,-1,2724,2725,2726,-1,1858,2727,2720,-1,2720,2727,2724,-1,2720,2724,2728,-1,2728,2724,2726,-1,1798,2729,1799,-1,1799,2729,2719,-1,2730,2731,2729,-1,2729,2731,2732,-1,1866,2719,1865,-1,1865,2719,2729,-1,1865,2729,2733,-1,2733,2729,2732,-1,2734,2735,2003,-1,1798,1800,2729,-1,2729,1800,2003,-1,2729,2003,2736,-1,2736,2003,2735,-1,2616,2722,2003,-1,2003,2722,2723,-1,2723,2737,2003,-1,2003,2737,2738,-1,2003,2738,2734,-1,2720,2728,2721,-1,2721,2728,2739,-1,2739,2728,2740,-1,2740,2728,2726,-1,2740,2726,2741,-1,2725,2742,2726,-1,2726,2742,2743,-1,2726,2743,2741,-1,2744,2745,2725,-1,2725,2745,2746,-1,2725,2746,2742,-1,2733,2732,2724,-1,2724,2732,2731,-1,2724,2731,2725,-1,2725,2731,2730,-1,2725,2730,2744,-1,2724,2727,2733,-1,2733,2727,1858,-1,2733,1858,1865,-1,2747,2748,2643,-1,2643,2748,2636,-1,2636,2748,2749,-1,2636,2749,2750,-1,2643,2751,2747,-1,2747,2751,2752,-1,2747,2752,2753,-1,2753,2752,2754,-1,2753,2754,2755,-1,2755,2754,2756,-1,2755,2756,2757,-1,2757,2756,2758,-1,2757,2758,2759,-1,2759,2758,1919,-1,2759,1919,1921,-1,2749,2760,2750,-1,2750,2760,2761,-1,2750,2761,2762,-1,2762,2761,2763,-1,2762,2763,2764,-1,2764,2763,2765,-1,2764,2765,2766,-1,2766,2765,2767,-1,2766,2767,2768,-1,2768,2767,1931,-1,2768,1931,1930,-1,1859,2615,2769,-1,2769,2615,2707,-1,2769,2707,2770,-1,2770,2707,2771,-1,2771,2707,2708,-1,2771,2708,2772,-1,2706,2773,2708,-1,2708,2773,2774,-1,2708,2774,2772,-1,2775,2776,2705,-1,2705,2776,2777,-1,2705,2777,2706,-1,2706,2777,2778,-1,2706,2778,2773,-1,2705,2704,2775,-1,2775,2704,2635,-1,2775,2635,2634,-1,1860,2779,2780,-1,2781,2782,2783,-1,2636,2750,2784,-1,2783,2782,2636,-1,2785,2636,2782,-1,2785,2782,2786,-1,2786,2782,2781,-1,2786,2781,2787,-1,2788,2636,2785,-1,2789,2790,2791,-1,2791,2790,2784,-1,2791,2784,2792,-1,2792,2784,2750,-1,2792,2750,2762,-1,2788,2785,2793,-1,2793,2785,2786,-1,2793,2786,2794,-1,2794,2786,2787,-1,2794,2787,2795,-1,2796,2789,2797,-1,2797,2789,2791,-1,2797,2791,2798,-1,2798,2791,2792,-1,2798,2792,2799,-1,2799,2792,2762,-1,2799,2762,2764,-1,2800,2796,2801,-1,2801,2796,2797,-1,2801,2797,2802,-1,2802,2797,2798,-1,2802,2798,2803,-1,2803,2798,2799,-1,2803,2799,2804,-1,2804,2799,2764,-1,2804,2764,2766,-1,2779,2800,2780,-1,2780,2800,2801,-1,2780,2801,2805,-1,2805,2801,2802,-1,2805,2802,2806,-1,2806,2802,2803,-1,2806,2803,2807,-1,2807,2803,2804,-1,2807,2804,2808,-1,2808,2804,2766,-1,2808,2766,2768,-1,1860,2780,2072,-1,2072,2780,2805,-1,2072,2805,2074,-1,2074,2805,2806,-1,2074,2806,2076,-1,2076,2806,2807,-1,2076,2807,2078,-1,2078,2807,2808,-1,2078,2808,2080,-1,2080,2808,2768,-1,2080,2768,1930,-1,2790,2636,2784,-1,2779,2795,2800,-1,2800,2795,2787,-1,2800,2787,2796,-1,2796,2787,2781,-1,2796,2781,2789,-1,2789,2781,2783,-1,2789,2783,2790,-1,2790,2783,2636,-1,2636,2788,2634,-1,2634,2788,2775,-1,2775,2788,2776,-1,2776,2788,2793,-1,2776,2793,2777,-1,2777,2793,2778,-1,2778,2793,2794,-1,2778,2794,2773,-1,2773,2794,2774,-1,2774,2794,2795,-1,2774,2795,2772,-1,2772,2795,2771,-1,2771,2795,2779,-1,2771,2779,2770,-1,2770,2779,2769,-1,2769,2779,1860,-1,2769,1860,1859,-1,2809,2745,2736,-1,2745,2810,2736,-1,2736,2810,2730,-1,2736,2730,2729,-1,2809,2736,2742,-1,2742,2736,2735,-1,2742,2735,2734,-1,2740,2811,2734,-1,2734,2811,2743,-1,2734,2743,2742,-1,2737,2723,2721,-1,2734,2738,2740,-1,2740,2738,2737,-1,2740,2737,2739,-1,2739,2737,2721,-1,2812,2644,2674,-1,2000,2813,2001,-1,2001,2813,2814,-1,2001,2814,2815,-1,2815,2814,2816,-1,2815,2816,2817,-1,2817,2816,2674,-1,2674,2816,2818,-1,2674,2818,2812,-1,2611,2644,2605,-1,2605,2644,2812,-1,2605,2812,2604,-1,2604,2812,2818,-1,2604,2818,2603,-1,2603,2818,2816,-1,2603,2816,2602,-1,2602,2816,2814,-1,2602,2814,2601,-1,2601,2814,2813,-1,2601,2813,1999,-1,1999,2813,2000,-1,2002,2001,2819,-1,2819,2001,2815,-1,2820,2821,2815,-1,2815,2821,2822,-1,2815,2822,2819,-1,2823,2824,2817,-1,2817,2824,2825,-1,2817,2825,2815,-1,2815,2825,2826,-1,2815,2826,2820,-1,2677,2667,2827,-1,2677,2827,2675,-1,2823,2817,2828,-1,2828,2817,2674,-1,2828,2674,2827,-1,2827,2674,2673,-1,2827,2673,2675,-1,2666,2829,2667,-1,2667,2829,2830,-1,2667,2830,2831,-1,2831,2832,2667,-1,2667,2832,2833,-1,2667,2833,2827,-1,2679,2684,2834,-1,2666,2680,2829,-1,2829,2680,2679,-1,2829,2679,2835,-1,2835,2679,2834,-1,2836,2837,2684,-1,2684,2837,2838,-1,2684,2838,2834,-1,2663,2687,2695,-1,2684,2685,2836,-1,2836,2685,2664,-1,2836,2664,2839,-1,2839,2664,2663,-1,2839,2663,2840,-1,2840,2663,2695,-1,2841,718,2842,-1,2842,718,568,-1,2842,568,567,-1,2347,2843,2348,-1,2348,2843,2349,-1,2844,2845,2846,-1,2844,2846,2847,-1,2848,2849,2850,-1,2850,2849,2847,-1,2850,2847,2851,-1,2851,2847,2846,-1,2852,2841,2842,-1,2842,2853,2852,-1,2852,2853,2854,-1,2852,2854,2850,-1,2850,2854,2855,-1,2850,2855,2848,-1,2164,2183,2346,-1,2346,2183,2856,-1,2346,2856,2347,-1,2347,2856,2846,-1,2347,2846,2843,-1,2843,2846,2845,-1,1637,1627,2857,-1,2857,1627,1615,-1,2857,1615,1606,-1,1606,1594,2857,-1,2857,1594,1582,-1,2857,1582,1567,-1,2703,2702,2858,-1,2858,2702,2859,-1,2858,2859,2860,-1,2860,2859,2861,-1,2860,2861,2862,-1,2862,2861,2863,-1,2862,2863,2864,-1,2864,2863,2865,-1,2864,2865,2866,-1,2866,2865,2867,-1,2866,2867,2868,-1,2868,2867,2869,-1,2868,2869,2870,-1,2870,2869,2871,-1,2870,2871,2872,-1,2872,2871,2873,-1,2872,2873,2874,-1,2874,2873,2875,-1,2874,2875,2876,-1,2876,2875,2877,-1,2876,2877,2878,-1,2878,2877,2857,-1,2878,2857,1547,-1,1547,2857,1567,-1,1547,1533,2878,-1,2878,1533,1521,-1,2878,1521,1509,-1,1509,1497,2878,-1,2878,1497,1485,-1,2878,1485,1473,-1,1473,1461,2878,-1,2878,1461,1441,-1,2878,1441,1444,-1,2695,2694,2879,-1,2695,2879,2880,-1,2880,2879,2881,-1,2880,2881,2882,-1,2882,2881,2883,-1,2882,2883,2884,-1,2885,2886,2887,-1,2887,2886,2888,-1,2887,2888,2889,-1,2889,2888,2890,-1,2889,2890,2883,-1,2883,2890,2891,-1,2883,2891,2884,-1,2892,2893,2712,-1,2887,2894,2885,-1,2885,2894,2895,-1,2885,2895,2896,-1,2896,2895,2712,-1,2896,2712,2897,-1,2897,2712,2893,-1,2892,2712,2898,-1,2898,2712,2714,-1,2898,2714,2899,-1,2899,2714,2715,-1,2899,2715,2900,-1,2901,2902,2716,-1,2716,2902,2903,-1,2716,2903,2715,-1,2715,2903,2904,-1,2715,2904,2900,-1,2901,2716,2905,-1,2905,2716,2619,-1,2905,2619,2620,-1,2906,2907,2908,-1,2829,2835,2909,-1,2840,2695,2910,-1,2911,2912,2913,-1,2914,2915,2916,-1,2916,2915,2002,-1,2917,2918,2919,-1,2904,2903,2920,-1,2921,2922,2919,-1,2923,2924,2925,-1,2885,2896,2926,-1,2927,2907,2928,-1,2928,2907,2906,-1,2928,2906,2695,-1,2927,2929,2930,-1,2929,2890,2930,-1,2930,2890,2888,-1,2930,2888,2886,-1,2695,2880,2928,-1,2928,2880,2882,-1,2928,2882,2927,-1,2927,2882,2884,-1,2927,2884,2929,-1,2929,2884,2891,-1,2929,2891,2890,-1,2922,2921,2931,-1,2931,2921,2932,-1,2931,2932,2933,-1,2933,2932,2934,-1,2933,2934,2935,-1,2935,2934,2936,-1,2935,2936,2937,-1,2918,2938,2919,-1,2919,2938,2939,-1,2919,2939,2921,-1,2921,2939,2940,-1,2921,2940,2932,-1,2932,2940,2941,-1,2932,2941,2934,-1,2934,2941,2942,-1,2934,2942,2936,-1,2926,2943,2924,-1,2924,2943,2944,-1,2924,2944,2925,-1,2925,2944,2945,-1,2946,2947,2948,-1,2946,2948,2949,-1,2949,2948,2920,-1,2949,2920,2950,-1,2892,2948,2893,-1,2893,2948,2947,-1,2893,2947,2897,-1,2945,2951,2952,-1,2953,2923,2954,-1,2954,2923,2925,-1,2954,2925,2955,-1,2955,2925,2945,-1,2955,2945,2956,-1,2956,2945,2952,-1,2950,2957,2958,-1,2958,2957,2959,-1,2958,2959,2960,-1,2950,2920,2957,-1,2957,2920,2903,-1,2957,2903,2902,-1,2960,2961,2951,-1,2961,2962,2963,-1,2963,2962,2964,-1,2963,2964,2965,-1,2892,2898,2948,-1,2948,2898,2899,-1,2948,2899,2920,-1,2920,2899,2900,-1,2920,2900,2904,-1,2964,2917,2965,-1,2965,2917,2919,-1,2965,2919,2966,-1,2966,2919,2922,-1,2966,2922,2967,-1,2967,2922,2931,-1,2967,2931,2968,-1,2968,2931,2933,-1,2968,2933,2969,-1,2969,2933,2935,-1,2970,2833,2832,-1,2971,2824,2972,-1,2972,2824,2823,-1,2972,2823,2973,-1,2973,2823,2828,-1,2973,2828,2827,-1,2974,2975,2976,-1,2976,2975,2977,-1,2976,2977,2978,-1,2978,2977,2970,-1,2978,2970,2979,-1,2979,2970,2832,-1,2961,2963,2951,-1,2951,2963,2965,-1,2951,2965,2952,-1,2952,2965,2966,-1,2952,2966,2956,-1,2956,2966,2967,-1,2956,2967,2955,-1,2955,2967,2968,-1,2955,2968,2954,-1,2954,2968,2969,-1,2954,2969,2953,-1,2953,2969,2935,-1,2953,2935,2974,-1,2974,2935,2937,-1,2974,2937,2975,-1,2980,2820,2981,-1,2981,2820,2826,-1,2981,2826,2971,-1,2971,2826,2825,-1,2971,2825,2824,-1,2002,2819,2916,-1,2916,2819,2822,-1,2916,2822,2980,-1,2980,2822,2821,-1,2980,2821,2820,-1,2982,2911,2983,-1,2983,2911,2913,-1,2983,2913,2984,-1,2984,2913,2985,-1,2984,2985,2986,-1,2986,2985,2987,-1,2986,2987,2988,-1,2988,2987,2989,-1,2988,2989,2990,-1,2990,2989,2991,-1,2990,2991,2992,-1,2992,2991,2993,-1,2912,2914,2913,-1,2913,2914,2916,-1,2913,2916,2985,-1,2985,2916,2980,-1,2985,2980,2987,-1,2987,2980,2981,-1,2987,2981,2989,-1,2989,2981,2971,-1,2989,2971,2991,-1,2991,2971,2972,-1,2991,2972,2993,-1,2993,2972,2973,-1,2909,2835,2994,-1,2994,2835,2834,-1,2994,2834,2838,-1,2831,2830,2995,-1,2838,2837,2994,-1,2994,2837,2836,-1,2994,2836,2910,-1,2910,2836,2839,-1,2910,2839,2840,-1,2930,2996,2927,-1,2927,2996,2997,-1,2927,2997,2907,-1,2907,2997,2998,-1,2907,2998,2908,-1,2908,2998,2999,-1,2908,2999,3000,-1,2830,2829,2995,-1,2995,2829,2909,-1,2995,2909,3000,-1,3000,2909,2994,-1,3000,2994,2908,-1,2908,2994,2910,-1,2908,2910,2906,-1,2906,2910,2695,-1,2620,2959,2905,-1,2905,2959,2957,-1,2905,2957,2901,-1,2901,2957,2902,-1,2960,2951,2958,-1,2958,2951,2945,-1,2958,2945,2950,-1,2950,2945,2944,-1,2950,2944,2949,-1,2949,2944,2943,-1,2949,2943,2946,-1,2946,2943,2926,-1,2946,2926,2947,-1,2947,2926,2896,-1,2947,2896,2897,-1,2938,2982,2939,-1,2939,2982,2983,-1,2939,2983,2940,-1,2940,2983,2984,-1,2940,2984,2941,-1,2941,2984,2986,-1,2941,2986,2942,-1,2942,2986,2988,-1,2942,2988,2936,-1,2936,2988,2990,-1,2936,2990,2937,-1,2937,2990,2992,-1,2937,2992,2975,-1,2975,2992,2993,-1,2975,2993,2977,-1,2977,2993,2973,-1,2977,2973,2970,-1,2970,2973,2827,-1,2970,2827,2833,-1,2832,2831,2979,-1,2979,2831,2995,-1,2979,2995,2978,-1,2978,2995,3000,-1,2978,3000,2976,-1,2976,3000,2999,-1,2976,2999,2974,-1,2974,2999,2998,-1,2974,2998,2953,-1,2953,2998,2997,-1,2953,2997,2923,-1,2923,2997,2996,-1,2923,2996,2924,-1,2924,2996,2930,-1,2924,2930,2926,-1,2926,2930,2886,-1,2926,2886,2885,-1,2004,2002,2627,-1,2627,2002,2915,-1,2627,2915,2626,-1,2626,2915,2914,-1,2626,2914,2629,-1,2629,2914,2912,-1,2629,2912,2630,-1,2912,2911,2630,-1,2630,2911,2982,-1,2630,2982,2631,-1,2631,2982,2938,-1,2631,2938,2632,-1,2632,2938,2633,-1,2633,2938,2918,-1,2633,2918,2623,-1,2623,2918,2622,-1,2622,2918,2917,-1,2622,2917,2621,-1,2621,2917,2964,-1,2621,2964,2624,-1,2964,2962,2624,-1,2624,2962,2961,-1,2624,2961,2625,-1,2620,2618,2959,-1,2959,2618,2625,-1,2959,2625,2960,-1,2960,2625,2961,-1,2703,2858,2692,-1,2692,2858,2693,-1,2862,2696,2697,-1,2693,2858,2697,-1,2697,2858,2860,-1,2697,2860,2862,-1,2881,2870,2883,-1,2883,2870,2889,-1,2696,2862,2694,-1,2694,2862,2864,-1,2694,2864,2879,-1,2879,2864,2866,-1,2879,2866,2881,-1,2881,2866,2868,-1,2881,2868,2870,-1,2874,2895,2872,-1,2872,2895,2894,-1,2872,2894,2870,-1,2870,2894,2887,-1,2870,2887,2889,-1,1444,2718,2878,-1,2878,2718,2717,-1,2878,2717,2876,-1,2876,2717,2713,-1,2876,2713,2874,-1,2874,2713,2712,-1,2874,2712,2895,-1,2718,1444,2711,-1,2711,1444,1435,-1,2711,1435,1434,-1,2752,2751,730,-1,730,2751,2643,-1,730,2643,823,-1,729,1917,730,-1,730,1917,1919,-1,730,1919,2758,-1,2758,2756,730,-1,730,2756,2754,-1,730,2754,2752,-1,729,728,1917,-1,1917,728,734,-1,734,740,1917,-1,1917,740,746,-1,1917,746,752,-1,752,758,1917,-1,1917,758,764,-1,1917,764,1875,-1,764,770,1875,-1,1875,770,782,-1,1875,782,786,-1,786,792,1875,-1,1875,792,798,-1,1875,798,804,-1,804,810,1875,-1,1875,810,815,-1,1875,815,821,-1,2612,2613,2652,-1,2652,2613,3001,-1,3002,3003,2610,-1,2610,3003,3004,-1,2610,3004,2613,-1,2613,3004,3005,-1,2613,3005,3001,-1,3002,2610,3006,-1,3006,2610,2609,-1,3006,2609,3007,-1,3008,2609,3009,-1,3009,2609,2608,-1,3008,3010,2609,-1,2609,3010,3011,-1,2609,3011,3007,-1,2607,3012,2608,-1,2608,3012,3013,-1,3013,3014,2608,-1,2608,3014,3015,-1,2608,3015,3009,-1,2606,3016,2607,-1,2607,3016,3017,-1,3017,3018,2607,-1,2607,3018,3019,-1,2607,3019,3012,-1,2158,2157,2606,-1,2606,2157,3020,-1,3020,3021,2606,-1,2606,3021,3022,-1,2606,3022,3016,-1,3023,3024,2343,-1,2156,2160,3025,-1,3025,2160,2329,-1,3025,2329,3026,-1,3026,2329,2328,-1,3026,2328,3027,-1,3027,2328,2331,-1,2343,3024,3028,-1,3028,3024,2342,-1,2342,3024,3029,-1,2342,3029,2338,-1,2331,2325,3027,-1,3027,2325,2336,-1,3027,2336,3030,-1,3030,2336,2335,-1,3030,2335,3029,-1,3029,2335,3031,-1,3029,3031,2338,-1,2847,2849,3032,-1,3032,2849,3033,-1,3032,3033,3034,-1,3034,3033,2855,-1,3034,2855,3035,-1,2343,2349,3023,-1,3023,2349,2843,-1,3023,2843,3036,-1,3036,2843,2845,-1,3036,2845,3032,-1,3032,2845,3037,-1,3032,3037,2847,-1,2842,567,2853,-1,2853,567,3035,-1,2853,3035,2854,-1,2854,3035,2855,-1,3038,3039,3040,-1,3041,3042,3043,-1,3044,3008,3009,-1,2656,2655,3045,-1,3001,3005,3046,-1,3047,577,576,-1,3048,579,578,-1,3049,573,580,-1,571,573,3050,-1,3050,573,3049,-1,3050,3049,3051,-1,2655,2654,3045,-1,3045,2654,2653,-1,3045,2653,3046,-1,3046,2653,2652,-1,3046,2652,3001,-1,2659,2658,3052,-1,3052,2658,2657,-1,3052,2657,2656,-1,3052,3053,2659,-1,2659,3053,3054,-1,2659,3054,2660,-1,2660,3054,3055,-1,2660,3055,2661,-1,3056,3057,2662,-1,3058,2647,3057,-1,3057,2647,2646,-1,3057,2646,2662,-1,3059,2649,3060,-1,3060,2649,2648,-1,576,2645,3047,-1,3047,2645,2651,-1,3047,2651,3059,-1,3059,2651,2650,-1,3059,2650,2649,-1,3051,3049,3061,-1,3061,3049,3062,-1,3061,3062,3063,-1,3063,3062,3064,-1,3063,3064,3065,-1,3065,3064,3066,-1,3065,3066,3067,-1,3044,3009,3068,-1,3068,3009,3015,-1,3068,3015,3014,-1,3069,3070,3071,-1,3071,3070,3072,-1,3071,3072,3073,-1,3073,3072,3068,-1,3073,3068,3074,-1,3074,3068,3014,-1,3075,3076,3077,-1,3077,3076,3078,-1,3016,3079,3017,-1,3017,3079,3080,-1,3017,3080,3018,-1,3018,3080,3081,-1,3018,3081,3019,-1,3019,3081,3082,-1,3019,3082,3012,-1,3012,3082,3013,-1,2157,3083,3020,-1,3020,3083,3084,-1,3020,3084,3021,-1,3021,3084,3079,-1,3021,3079,3022,-1,3022,3079,3016,-1,3043,3085,3086,-1,3086,3085,3087,-1,3086,3087,3088,-1,3088,3087,3089,-1,3088,3089,3090,-1,3043,3042,3085,-1,3085,3042,3091,-1,3085,3091,3092,-1,3077,3066,3075,-1,3075,3066,3064,-1,3075,3064,3093,-1,3093,3064,3062,-1,3093,3062,3094,-1,3094,3062,3049,-1,3094,3049,3048,-1,3048,3049,580,-1,3048,580,579,-1,3083,3041,3084,-1,3084,3041,3043,-1,3084,3043,3079,-1,3079,3043,3086,-1,3079,3086,3080,-1,3080,3086,3088,-1,3080,3088,3081,-1,3081,3088,3090,-1,3081,3090,3082,-1,3074,3078,3073,-1,3073,3078,3076,-1,3073,3076,3071,-1,3071,3076,3075,-1,3071,3075,3069,-1,3069,3075,3093,-1,3069,3093,3060,-1,3060,3093,3094,-1,3060,3094,3059,-1,3059,3094,3048,-1,3059,3048,3047,-1,3047,3048,578,-1,3047,578,577,-1,3006,3095,3002,-1,3002,3095,3096,-1,3002,3096,3003,-1,3003,3096,3004,-1,3006,3007,3095,-1,3095,3007,3011,-1,3095,3011,3044,-1,3044,3011,3010,-1,3044,3010,3008,-1,3038,3040,3097,-1,3097,3040,3098,-1,3097,3098,3099,-1,3072,3099,3068,-1,3068,3099,3098,-1,3068,3098,3044,-1,3044,3098,3040,-1,3044,3040,3095,-1,3095,3040,3039,-1,3095,3039,3096,-1,2662,2661,3056,-1,3056,2661,3055,-1,3056,3055,3100,-1,3100,3055,3054,-1,3100,3054,3101,-1,3101,3054,3053,-1,3005,3004,3046,-1,3046,3004,3096,-1,3046,3096,3045,-1,3045,3096,3039,-1,3045,3039,2656,-1,2656,3039,3038,-1,2656,3038,3052,-1,3052,3038,3097,-1,3052,3097,3053,-1,3053,3097,3099,-1,3053,3099,3101,-1,3101,3099,3072,-1,3101,3072,3100,-1,3100,3072,3070,-1,3100,3070,3056,-1,3056,3070,3069,-1,3056,3069,3057,-1,3057,3069,3060,-1,3057,3060,3058,-1,3058,3060,2648,-1,3058,2648,2647,-1,3014,3013,3074,-1,3074,3013,3082,-1,3074,3082,3078,-1,3078,3082,3090,-1,3078,3090,3077,-1,3077,3090,3089,-1,3077,3089,3066,-1,3066,3089,3087,-1,3066,3087,3067,-1,3067,3087,3085,-1,3067,3085,3102,-1,3102,3085,3092,-1,3035,567,569,-1,569,571,3035,-1,3035,571,3050,-1,3035,3050,3034,-1,3050,3051,3034,-1,3034,3051,3061,-1,3034,3061,3032,-1,3032,3061,3063,-1,3032,3063,3036,-1,3036,3063,3065,-1,3036,3065,3023,-1,3023,3065,3067,-1,3023,3067,3102,-1,2157,2156,3083,-1,3083,2156,3025,-1,3083,3025,3041,-1,3041,3025,3026,-1,3041,3026,3042,-1,3042,3026,3027,-1,3042,3027,3091,-1,3091,3027,3030,-1,3091,3030,3092,-1,3092,3030,3029,-1,3092,3029,3102,-1,3102,3029,3024,-1,3102,3024,3023,-1,574,1762,575,-1,575,1762,1760,-1,575,1760,1758,-1,3103,3104,3105,-1,3105,3104,3106,-1,3105,3106,3107,-1,3108,3109,3110,-1,3110,3109,3111,-1,3110,3111,3112,-1,3113,3114,3115,-1,3115,3114,3116,-1,3117,3118,3119,-1,3117,3119,3120,-1,3120,3119,3121,-1,3120,3121,3122,-1,3122,3121,3123,-1,3122,3123,3124,-1,3124,3123,3125,-1,3124,3125,3126,-1,3127,3128,3129,-1,3129,3128,3130,-1,3129,3130,3131,-1,3131,3130,3132,-1,3131,3132,3133,-1,3133,3132,3134,-1,3133,3134,3135,-1,3135,3134,3136,-1,3125,3137,3126,-1,3126,3137,3138,-1,3126,3138,3139,-1,3139,3138,3115,-1,3139,3115,3140,-1,3140,3115,3116,-1,3140,3116,3141,-1,3141,3116,3142,-1,3141,3142,3136,-1,3136,3142,3143,-1,3136,3143,3135,-1,3144,3145,3146,-1,3146,3145,3147,-1,3146,3147,3148,-1,3149,3150,3151,-1,3151,3150,3152,-1,3144,3146,3153,-1,3154,3153,3155,-1,3155,3153,3156,-1,3154,3157,3153,-1,3153,3157,3158,-1,3153,3158,3150,-1,3159,3153,3160,-1,3160,3153,3161,-1,3150,3149,3153,-1,3153,3149,2012,-1,3153,2012,3144,-1,3159,3162,3153,-1,3153,3162,3163,-1,3153,3163,3164,-1,3164,3165,3153,-1,3153,3165,3166,-1,3153,3166,3156,-1,3148,3147,3167,-1,3168,3169,3170,-1,3167,3168,3171,-1,3170,3172,3168,-1,3168,3172,3173,-1,3168,3173,3171,-1,3174,3148,3175,-1,3175,3148,3167,-1,3175,3167,3176,-1,3176,3167,3171,-1,1768,3139,3140,-1,894,1774,895,-1,895,1774,3177,-1,3178,3179,1768,-1,1768,3179,3180,-1,3180,3181,1768,-1,1768,3181,3182,-1,1768,3182,1774,-1,1774,3182,3183,-1,1774,3183,3177,-1,3140,3184,1768,-1,1768,3184,3185,-1,1768,3185,3186,-1,3186,3187,1768,-1,1768,3187,3188,-1,1768,3188,3189,-1,3189,3190,1768,-1,1768,3190,3191,-1,1768,3191,3192,-1,3192,3193,1768,-1,1768,3193,3194,-1,1768,3194,3178,-1,3118,3195,3107,-1,3196,3197,3195,-1,3195,3197,3161,-1,3107,3195,3105,-1,3105,3195,3161,-1,3105,3161,3153,-1,3198,3199,3200,-1,3200,3199,3201,-1,3202,3119,3118,-1,3202,3118,3203,-1,3203,3118,3107,-1,3203,3107,3201,-1,3201,3107,3112,-1,3201,3112,3200,-1,3200,3112,3111,-1,3200,3111,3204,-1,3145,3144,2012,-1,2012,259,3145,-1,3145,259,257,-1,3145,257,3205,-1,3205,3206,3145,-1,3145,3206,3207,-1,3145,3207,3208,-1,3208,3207,3209,-1,3210,3211,3212,-1,3212,3211,3213,-1,3213,3211,3214,-1,3214,3211,3215,-1,3214,3215,3151,-1,3151,3215,3216,-1,3151,3216,3149,-1,3149,3216,2010,-1,3149,2010,2012,-1,3175,3176,3217,-1,3217,3176,3218,-1,3219,3220,3221,-1,3221,3220,3222,-1,3221,3146,3219,-1,3219,3146,3148,-1,3223,3224,3225,-1,3148,3226,3219,-1,3219,3226,3223,-1,3219,3223,3227,-1,3227,3223,3225,-1,3103,3228,3104,-1,3104,3228,3217,-1,3229,3230,3228,-1,3228,3230,3231,-1,3175,3217,3174,-1,3174,3217,3228,-1,3174,3228,3232,-1,3232,3228,3231,-1,3171,3233,3176,-1,3176,3233,3218,-1,3110,3112,3106,-1,3106,3112,3107,-1,3234,3235,3153,-1,3103,3105,3228,-1,3228,3105,3153,-1,3228,3153,3236,-1,3236,3153,3235,-1,3146,3221,3153,-1,3153,3221,3222,-1,3222,3237,3153,-1,3153,3237,3238,-1,3153,3238,3234,-1,3219,3227,3220,-1,3220,3227,3239,-1,3239,3227,3240,-1,3240,3227,3225,-1,3240,3225,3241,-1,3224,3242,3225,-1,3225,3242,3243,-1,3225,3243,3241,-1,3244,3245,3224,-1,3224,3245,3246,-1,3224,3246,3242,-1,3232,3231,3223,-1,3223,3231,3230,-1,3223,3230,3224,-1,3224,3230,3229,-1,3224,3229,3244,-1,3223,3226,3232,-1,3232,3226,3148,-1,3232,3148,3174,-1,3247,3248,277,-1,277,3248,278,-1,278,3248,3249,-1,278,3249,3250,-1,277,3251,3247,-1,3247,3251,3252,-1,3247,3252,3253,-1,3253,3252,3254,-1,3253,3254,3255,-1,3255,3254,3256,-1,3255,3256,3257,-1,3257,3256,3258,-1,3257,3258,3259,-1,3259,3258,1885,-1,3259,1885,1887,-1,3249,3260,3250,-1,3250,3260,3261,-1,3250,3261,3262,-1,3262,3261,3263,-1,3262,3263,3264,-1,3264,3263,3265,-1,3264,3265,3266,-1,3266,3265,3267,-1,3266,3267,3268,-1,3268,3267,1895,-1,3268,1895,1894,-1,1894,1870,3269,-1,1894,3269,3270,-1,3270,3269,3271,-1,3270,3271,3272,-1,3272,3271,3273,-1,3272,3273,3274,-1,3274,3273,3275,-1,3274,3275,3276,-1,3276,3275,3277,-1,3276,3277,3278,-1,3278,3277,3168,-1,3278,3168,3167,-1,3147,3145,3279,-1,3279,3145,3208,-1,3279,3208,3280,-1,3280,3208,3281,-1,3281,3208,3209,-1,3281,3209,3282,-1,3207,3283,3209,-1,3209,3283,3284,-1,3209,3284,3282,-1,3285,3286,3206,-1,3206,3286,3287,-1,3206,3287,3207,-1,3207,3287,3288,-1,3207,3288,3283,-1,3206,3205,3285,-1,3285,3205,257,-1,3285,257,256,-1,3167,3289,3290,-1,3291,3292,3293,-1,278,3250,3294,-1,3293,3292,278,-1,3295,278,3292,-1,3295,3292,3296,-1,3296,3292,3291,-1,3296,3291,3297,-1,3298,278,3295,-1,3299,3300,3301,-1,3301,3300,3294,-1,3301,3294,3302,-1,3302,3294,3250,-1,3302,3250,3262,-1,3298,3295,3303,-1,3303,3295,3296,-1,3303,3296,3304,-1,3304,3296,3297,-1,3304,3297,3305,-1,3306,3299,3307,-1,3307,3299,3301,-1,3307,3301,3308,-1,3308,3301,3302,-1,3308,3302,3309,-1,3309,3302,3262,-1,3309,3262,3264,-1,3310,3306,3311,-1,3311,3306,3307,-1,3311,3307,3312,-1,3312,3307,3308,-1,3312,3308,3313,-1,3313,3308,3309,-1,3313,3309,3314,-1,3314,3309,3264,-1,3314,3264,3266,-1,3289,3310,3290,-1,3290,3310,3311,-1,3290,3311,3315,-1,3315,3311,3312,-1,3315,3312,3316,-1,3316,3312,3313,-1,3316,3313,3317,-1,3317,3313,3314,-1,3317,3314,3318,-1,3318,3314,3266,-1,3318,3266,3268,-1,3167,3290,3278,-1,3278,3290,3315,-1,3278,3315,3276,-1,3276,3315,3316,-1,3276,3316,3274,-1,3274,3316,3317,-1,3274,3317,3272,-1,3272,3317,3318,-1,3272,3318,3270,-1,3270,3318,3268,-1,3270,3268,1894,-1,3300,278,3294,-1,3289,3305,3310,-1,3310,3305,3297,-1,3310,3297,3306,-1,3306,3297,3291,-1,3306,3291,3299,-1,3299,3291,3293,-1,3299,3293,3300,-1,3300,3293,278,-1,256,258,3285,-1,3285,258,171,-1,170,5,3298,-1,3298,5,4,-1,3298,4,278,-1,171,170,3285,-1,3285,170,3298,-1,3285,3298,3286,-1,3286,3298,3303,-1,3286,3303,3287,-1,3287,3303,3288,-1,3288,3303,3304,-1,3288,3304,3283,-1,3283,3304,3284,-1,3284,3304,3305,-1,3284,3305,3282,-1,3282,3305,3281,-1,3281,3305,3289,-1,3281,3289,3280,-1,3280,3289,3279,-1,3279,3289,3167,-1,3279,3167,3147,-1,3319,3245,3236,-1,3245,3320,3236,-1,3236,3320,3229,-1,3236,3229,3228,-1,3319,3236,3242,-1,3242,3236,3235,-1,3242,3235,3234,-1,3240,3321,3234,-1,3234,3321,3243,-1,3234,3243,3242,-1,3237,3222,3220,-1,3234,3238,3240,-1,3240,3238,3237,-1,3240,3237,3239,-1,3239,3237,3220,-1,3322,1768,1767,-1,3195,3323,3196,-1,3196,3323,3324,-1,3196,3324,3325,-1,3325,3324,3326,-1,3325,3326,3327,-1,3327,3326,1767,-1,1767,3326,3328,-1,1767,3328,3322,-1,3139,1768,3126,-1,3126,1768,3322,-1,3126,3322,3124,-1,3124,3322,3328,-1,3124,3328,3122,-1,3122,3328,3326,-1,3122,3326,3120,-1,3120,3326,3324,-1,3120,3324,3117,-1,3117,3324,3323,-1,3117,3323,3118,-1,3118,3323,3195,-1,3119,3202,3121,-1,3121,3202,3329,-1,3121,3329,3123,-1,3123,3329,3330,-1,3123,3330,3125,-1,3125,3330,3331,-1,3125,3331,3137,-1,3137,3331,3332,-1,3137,3332,3138,-1,3138,3332,3333,-1,3138,3333,3115,-1,3115,3333,3113,-1,3197,3196,3334,-1,3334,3196,3325,-1,3327,3335,3336,-1,3337,3338,3325,-1,3325,3338,3339,-1,3325,3339,3334,-1,3327,3336,3325,-1,3325,3336,3340,-1,3325,3340,3337,-1,1766,3341,1767,-1,1767,3341,3342,-1,1767,3342,3327,-1,3327,3342,3343,-1,3327,3343,3335,-1,1764,1763,3344,-1,1766,3345,3346,-1,3346,3347,1766,-1,1766,3347,3348,-1,1766,3348,3341,-1,1764,3344,1777,-1,3345,1766,3344,-1,3344,1766,1773,-1,3344,1773,1777,-1,1779,1786,3349,-1,1763,1780,3344,-1,3344,1780,1779,-1,3344,1779,3350,-1,3350,1779,3349,-1,1786,1787,3349,-1,3349,1787,1783,-1,3349,1783,3351,-1,3351,1783,3352,-1,1792,1791,1987,-1,1987,3353,1792,-1,1792,3353,3354,-1,1792,3354,1783,-1,1783,3354,3355,-1,1783,3355,3352,-1,3356,3357,3127,-1,3129,3358,3127,-1,3127,3358,3359,-1,3360,3356,3361,-1,3361,3356,3127,-1,3361,3127,3362,-1,3362,3127,3359,-1,3362,3359,3363,-1,3364,1006,3365,-1,3365,1006,887,-1,3365,887,886,-1,3366,3367,3368,-1,3369,3370,3371,-1,3369,3371,3372,-1,3373,3374,3375,-1,3375,3374,3372,-1,3375,3372,3376,-1,3376,3372,3371,-1,3377,3364,3365,-1,3365,3378,3377,-1,3377,3378,3379,-1,3377,3379,3375,-1,3375,3379,3380,-1,3375,3380,3373,-1,2299,2298,3381,-1,3381,2298,3382,-1,3381,3382,3368,-1,3368,3382,3371,-1,3368,3371,3366,-1,3366,3371,3370,-1,3360,3361,3383,-1,3384,3385,3383,-1,3383,3385,3386,-1,3383,3386,3360,-1,3387,3388,3389,-1,3389,3388,3385,-1,3389,3385,3390,-1,3390,3385,3384,-1,3391,3392,3393,-1,3387,3389,3393,-1,3393,3389,3394,-1,3393,3394,3391,-1,3392,3391,3395,-1,3395,3391,3396,-1,3395,3396,3397,-1,3397,3396,3398,-1,3397,3398,3399,-1,3399,3398,3400,-1,3399,3400,3401,-1,3368,3367,3402,-1,3403,3404,3405,-1,3405,3406,3368,-1,2290,2299,3406,-1,3406,2299,3381,-1,3406,3381,3368,-1,3405,3368,3403,-1,3403,3368,3402,-1,3403,3402,3401,-1,3401,3402,3407,-1,3401,3407,3399,-1,1987,1986,3408,-1,1987,3408,3409,-1,3409,3408,3410,-1,3409,3410,3411,-1,3411,3410,3412,-1,3411,3412,3413,-1,3414,3415,3416,-1,3416,3415,3417,-1,3416,3417,3418,-1,3418,3417,3419,-1,3418,3419,3412,-1,3412,3419,3420,-1,3412,3420,3413,-1,3421,3422,3210,-1,3416,3423,3414,-1,3414,3423,3424,-1,3414,3424,3425,-1,3425,3424,3210,-1,3425,3210,3426,-1,3426,3210,3422,-1,3421,3210,3427,-1,3427,3210,3212,-1,3427,3212,3428,-1,3428,3212,3213,-1,3428,3213,3429,-1,3430,3431,3214,-1,3214,3431,3432,-1,3214,3432,3213,-1,3213,3432,3433,-1,3213,3433,3429,-1,3430,3214,3434,-1,3434,3214,3151,-1,3434,3151,3152,-1,3435,3436,3437,-1,3344,3350,3438,-1,3353,1987,3439,-1,3440,3441,3442,-1,3443,3444,3445,-1,3445,3444,3197,-1,3446,3447,3448,-1,3433,3432,3449,-1,3450,3451,3448,-1,3452,3453,3454,-1,3414,3425,3455,-1,3456,3436,3457,-1,3457,3436,3435,-1,3457,3435,1987,-1,3456,3458,3459,-1,3458,3419,3459,-1,3459,3419,3417,-1,3459,3417,3415,-1,1987,3409,3457,-1,3457,3409,3411,-1,3457,3411,3456,-1,3456,3411,3413,-1,3456,3413,3458,-1,3458,3413,3420,-1,3458,3420,3419,-1,3451,3450,3460,-1,3460,3450,3461,-1,3460,3461,3462,-1,3462,3461,3463,-1,3462,3463,3464,-1,3464,3463,3465,-1,3464,3465,3466,-1,3447,3467,3448,-1,3448,3467,3468,-1,3448,3468,3450,-1,3450,3468,3469,-1,3450,3469,3461,-1,3461,3469,3470,-1,3461,3470,3463,-1,3463,3470,3471,-1,3463,3471,3465,-1,3455,3472,3453,-1,3453,3472,3473,-1,3453,3473,3454,-1,3454,3473,3474,-1,3475,3476,3477,-1,3475,3477,3478,-1,3478,3477,3449,-1,3478,3449,3479,-1,3421,3477,3422,-1,3422,3477,3476,-1,3422,3476,3426,-1,3474,3480,3481,-1,3482,3452,3483,-1,3483,3452,3454,-1,3483,3454,3484,-1,3484,3454,3474,-1,3484,3474,3485,-1,3485,3474,3481,-1,3479,3486,3487,-1,3487,3486,3488,-1,3487,3488,3489,-1,3479,3449,3486,-1,3486,3449,3432,-1,3486,3432,3431,-1,3489,3490,3480,-1,3490,3491,3492,-1,3492,3491,3493,-1,3492,3493,3494,-1,3421,3427,3477,-1,3477,3427,3428,-1,3477,3428,3449,-1,3449,3428,3429,-1,3449,3429,3433,-1,3493,3446,3494,-1,3494,3446,3448,-1,3494,3448,3495,-1,3495,3448,3451,-1,3495,3451,3496,-1,3496,3451,3460,-1,3496,3460,3497,-1,3497,3460,3462,-1,3497,3462,3498,-1,3498,3462,3464,-1,3499,3348,3347,-1,3500,3335,3501,-1,3501,3335,3343,-1,3501,3343,3502,-1,3502,3343,3342,-1,3502,3342,3341,-1,3503,3504,3505,-1,3505,3504,3506,-1,3505,3506,3507,-1,3507,3506,3499,-1,3507,3499,3508,-1,3508,3499,3347,-1,3490,3492,3480,-1,3480,3492,3494,-1,3480,3494,3481,-1,3481,3494,3495,-1,3481,3495,3485,-1,3485,3495,3496,-1,3485,3496,3484,-1,3484,3496,3497,-1,3484,3497,3483,-1,3483,3497,3498,-1,3483,3498,3482,-1,3482,3498,3464,-1,3482,3464,3503,-1,3503,3464,3466,-1,3503,3466,3504,-1,3509,3337,3510,-1,3510,3337,3340,-1,3510,3340,3500,-1,3500,3340,3336,-1,3500,3336,3335,-1,3197,3334,3445,-1,3445,3334,3339,-1,3445,3339,3509,-1,3509,3339,3338,-1,3509,3338,3337,-1,3511,3440,3512,-1,3512,3440,3442,-1,3512,3442,3513,-1,3513,3442,3514,-1,3513,3514,3515,-1,3515,3514,3516,-1,3515,3516,3517,-1,3517,3516,3518,-1,3517,3518,3519,-1,3519,3518,3520,-1,3519,3520,3521,-1,3521,3520,3522,-1,3441,3443,3442,-1,3442,3443,3445,-1,3442,3445,3514,-1,3514,3445,3509,-1,3514,3509,3516,-1,3516,3509,3510,-1,3516,3510,3518,-1,3518,3510,3500,-1,3518,3500,3520,-1,3520,3500,3501,-1,3520,3501,3522,-1,3522,3501,3502,-1,3438,3350,3523,-1,3523,3350,3349,-1,3523,3349,3351,-1,3346,3345,3524,-1,3351,3352,3523,-1,3523,3352,3355,-1,3523,3355,3439,-1,3439,3355,3354,-1,3439,3354,3353,-1,3459,3525,3456,-1,3456,3525,3526,-1,3456,3526,3436,-1,3436,3526,3527,-1,3436,3527,3437,-1,3437,3527,3528,-1,3437,3528,3529,-1,3345,3344,3524,-1,3524,3344,3438,-1,3524,3438,3529,-1,3529,3438,3523,-1,3529,3523,3437,-1,3437,3523,3439,-1,3437,3439,3435,-1,3435,3439,1987,-1,3152,3488,3434,-1,3434,3488,3486,-1,3434,3486,3430,-1,3430,3486,3431,-1,3489,3480,3487,-1,3487,3480,3474,-1,3487,3474,3479,-1,3479,3474,3473,-1,3479,3473,3478,-1,3478,3473,3472,-1,3478,3472,3475,-1,3475,3472,3455,-1,3475,3455,3476,-1,3476,3455,3425,-1,3476,3425,3426,-1,3467,3511,3468,-1,3468,3511,3512,-1,3468,3512,3469,-1,3469,3512,3513,-1,3469,3513,3470,-1,3470,3513,3515,-1,3470,3515,3471,-1,3471,3515,3517,-1,3471,3517,3465,-1,3465,3517,3519,-1,3465,3519,3466,-1,3466,3519,3521,-1,3466,3521,3504,-1,3504,3521,3522,-1,3504,3522,3506,-1,3506,3522,3502,-1,3506,3502,3499,-1,3499,3502,3341,-1,3499,3341,3348,-1,3347,3346,3508,-1,3508,3346,3524,-1,3508,3524,3507,-1,3507,3524,3529,-1,3507,3529,3505,-1,3505,3529,3528,-1,3505,3528,3503,-1,3503,3528,3527,-1,3503,3527,3482,-1,3482,3527,3526,-1,3482,3526,3452,-1,3452,3526,3525,-1,3452,3525,3453,-1,3453,3525,3459,-1,3453,3459,3455,-1,3455,3459,3415,-1,3455,3415,3414,-1,3161,3197,3160,-1,3160,3197,3444,-1,3160,3444,3159,-1,3159,3444,3443,-1,3159,3443,3162,-1,3162,3443,3441,-1,3162,3441,3163,-1,3441,3440,3163,-1,3163,3440,3511,-1,3163,3511,3164,-1,3164,3511,3467,-1,3164,3467,3165,-1,3165,3467,3166,-1,3166,3467,3447,-1,3166,3447,3156,-1,3156,3447,3155,-1,3155,3447,3446,-1,3155,3446,3154,-1,3154,3446,3493,-1,3154,3493,3157,-1,3493,3491,3157,-1,3157,3491,3490,-1,3157,3490,3158,-1,3152,3150,3488,-1,3488,3150,3158,-1,3488,3158,3489,-1,3489,3158,3490,-1,1985,2352,1983,-1,1983,2352,1984,-1,2356,1988,1989,-1,1984,2352,1989,-1,1989,2352,2354,-1,1989,2354,2356,-1,3410,2364,3412,-1,3412,2364,3418,-1,1988,2356,1986,-1,1986,2356,2358,-1,1986,2358,3408,-1,3408,2358,2360,-1,3408,2360,3410,-1,3410,2360,2362,-1,3410,2362,2364,-1,2368,3424,2366,-1,2366,3424,3423,-1,2366,3423,2364,-1,2364,3423,3416,-1,2364,3416,3418,-1,1143,3216,2351,-1,2351,3216,3215,-1,2351,3215,2370,-1,2370,3215,3211,-1,2370,3211,2368,-1,2368,3211,3210,-1,2368,3210,3424,-1,3216,1143,2010,-1,2010,1143,1112,-1,2010,1112,1111,-1,3251,277,1885,-1,1885,277,279,-1,1885,279,1883,-1,1883,279,1093,-1,1883,1093,1110,-1,3258,3256,3254,-1,3258,3254,1885,-1,1885,3254,3252,-1,1885,3252,3251,-1,3140,3141,3184,-1,3184,3141,3530,-1,3531,3532,3136,-1,3136,3532,3533,-1,3136,3533,3141,-1,3141,3533,3534,-1,3141,3534,3530,-1,3531,3136,3535,-1,3535,3136,3134,-1,3535,3134,3536,-1,3537,3134,3538,-1,3538,3134,3132,-1,3537,3539,3134,-1,3134,3539,3540,-1,3134,3540,3536,-1,3130,3541,3132,-1,3132,3541,3542,-1,3542,3543,3132,-1,3132,3543,3544,-1,3132,3544,3538,-1,3128,3545,3130,-1,3130,3545,3546,-1,3546,3547,3130,-1,3130,3547,3548,-1,3130,3548,3541,-1,3127,3357,3128,-1,3128,3357,3549,-1,3549,3550,3128,-1,3128,3550,3551,-1,3128,3551,3545,-1,3358,3129,3552,-1,3552,3129,3131,-1,3552,3131,3553,-1,3553,3131,3133,-1,3553,3133,3554,-1,3554,3133,3135,-1,3554,3135,3555,-1,3555,3135,3143,-1,3555,3143,3556,-1,3556,3143,3142,-1,3556,3142,3114,-1,3114,3142,3116,-1,3557,3558,3407,-1,3559,3397,3560,-1,3356,3360,3561,-1,3561,3360,3386,-1,3561,3386,3562,-1,3562,3386,3385,-1,3562,3385,3563,-1,3560,3397,3558,-1,3558,3397,3564,-1,3558,3564,3407,-1,3385,3388,3563,-1,3563,3388,3387,-1,3563,3387,3565,-1,3565,3387,3393,-1,3565,3393,3560,-1,3560,3393,3392,-1,3560,3392,3559,-1,3402,3367,3366,-1,3372,3374,3566,-1,3566,3374,3567,-1,3566,3567,3568,-1,3568,3567,3380,-1,3568,3380,3569,-1,3407,3402,3557,-1,3557,3402,3366,-1,3557,3366,3570,-1,3570,3366,3370,-1,3570,3370,3566,-1,3566,3370,3571,-1,3566,3571,3372,-1,3365,886,3378,-1,3378,886,3569,-1,3378,3569,3379,-1,3379,3569,3380,-1,3572,3573,3574,-1,3575,3576,3577,-1,3578,3537,3538,-1,3188,3187,3579,-1,3530,3534,3580,-1,3581,896,895,-1,3582,898,897,-1,3583,892,899,-1,890,892,3584,-1,3584,892,3583,-1,3584,3583,3585,-1,3187,3186,3579,-1,3579,3186,3185,-1,3579,3185,3580,-1,3580,3185,3184,-1,3580,3184,3530,-1,3191,3190,3586,-1,3586,3190,3189,-1,3586,3189,3188,-1,3586,3587,3191,-1,3191,3587,3588,-1,3191,3588,3192,-1,3192,3588,3589,-1,3192,3589,3193,-1,3590,3591,3194,-1,3592,3179,3591,-1,3591,3179,3178,-1,3591,3178,3194,-1,3593,3181,3594,-1,3594,3181,3180,-1,895,3177,3581,-1,3581,3177,3183,-1,3581,3183,3593,-1,3593,3183,3182,-1,3593,3182,3181,-1,3585,3583,3595,-1,3595,3583,3596,-1,3595,3596,3597,-1,3597,3596,3598,-1,3597,3598,3599,-1,3599,3598,3600,-1,3599,3600,3601,-1,3578,3538,3602,-1,3602,3538,3544,-1,3602,3544,3543,-1,3603,3604,3605,-1,3605,3604,3606,-1,3605,3606,3607,-1,3607,3606,3602,-1,3607,3602,3608,-1,3608,3602,3543,-1,3609,3610,3611,-1,3611,3610,3612,-1,3545,3613,3546,-1,3546,3613,3614,-1,3546,3614,3547,-1,3547,3614,3615,-1,3547,3615,3548,-1,3548,3615,3616,-1,3548,3616,3541,-1,3541,3616,3542,-1,3357,3617,3549,-1,3549,3617,3618,-1,3549,3618,3550,-1,3550,3618,3613,-1,3550,3613,3551,-1,3551,3613,3545,-1,3577,3619,3620,-1,3620,3619,3621,-1,3620,3621,3622,-1,3622,3621,3623,-1,3622,3623,3624,-1,3577,3576,3619,-1,3619,3576,3625,-1,3619,3625,3626,-1,3611,3600,3609,-1,3609,3600,3598,-1,3609,3598,3627,-1,3627,3598,3596,-1,3627,3596,3628,-1,3628,3596,3583,-1,3628,3583,3582,-1,3582,3583,899,-1,3582,899,898,-1,3617,3575,3618,-1,3618,3575,3577,-1,3618,3577,3613,-1,3613,3577,3620,-1,3613,3620,3614,-1,3614,3620,3622,-1,3614,3622,3615,-1,3615,3622,3624,-1,3615,3624,3616,-1,3608,3612,3607,-1,3607,3612,3610,-1,3607,3610,3605,-1,3605,3610,3609,-1,3605,3609,3603,-1,3603,3609,3627,-1,3603,3627,3594,-1,3594,3627,3628,-1,3594,3628,3593,-1,3593,3628,3582,-1,3593,3582,3581,-1,3581,3582,897,-1,3581,897,896,-1,3535,3629,3531,-1,3531,3629,3630,-1,3531,3630,3532,-1,3532,3630,3533,-1,3535,3536,3629,-1,3629,3536,3540,-1,3629,3540,3578,-1,3578,3540,3539,-1,3578,3539,3537,-1,3572,3574,3631,-1,3631,3574,3632,-1,3631,3632,3633,-1,3606,3633,3602,-1,3602,3633,3632,-1,3602,3632,3578,-1,3578,3632,3574,-1,3578,3574,3629,-1,3629,3574,3573,-1,3629,3573,3630,-1,3194,3193,3590,-1,3590,3193,3589,-1,3590,3589,3634,-1,3634,3589,3588,-1,3634,3588,3635,-1,3635,3588,3587,-1,3534,3533,3580,-1,3580,3533,3630,-1,3580,3630,3579,-1,3579,3630,3573,-1,3579,3573,3188,-1,3188,3573,3572,-1,3188,3572,3586,-1,3586,3572,3631,-1,3586,3631,3587,-1,3587,3631,3633,-1,3587,3633,3635,-1,3635,3633,3606,-1,3635,3606,3634,-1,3634,3606,3604,-1,3634,3604,3590,-1,3590,3604,3603,-1,3590,3603,3591,-1,3591,3603,3594,-1,3591,3594,3592,-1,3592,3594,3180,-1,3592,3180,3179,-1,3543,3542,3608,-1,3608,3542,3616,-1,3608,3616,3612,-1,3612,3616,3624,-1,3612,3624,3611,-1,3611,3624,3623,-1,3611,3623,3600,-1,3600,3623,3621,-1,3600,3621,3601,-1,3601,3621,3619,-1,3601,3619,3636,-1,3636,3619,3626,-1,3569,886,888,-1,888,890,3569,-1,3569,890,3584,-1,3569,3584,3568,-1,3584,3585,3568,-1,3568,3585,3595,-1,3568,3595,3566,-1,3566,3595,3597,-1,3566,3597,3570,-1,3570,3597,3599,-1,3570,3599,3557,-1,3557,3599,3601,-1,3557,3601,3636,-1,3357,3356,3617,-1,3617,3356,3561,-1,3617,3561,3575,-1,3575,3561,3562,-1,3575,3562,3576,-1,3576,3562,3563,-1,3576,3563,3625,-1,3625,3563,3565,-1,3625,3565,3626,-1,3626,3565,3560,-1,3626,3560,3636,-1,3636,3560,3558,-1,3636,3558,3557,-1,893,1977,894,-1,894,1977,1979,-1,894,1979,1774,-1,3203,3637,3202,-1,3202,3637,3638,-1,3202,3638,3329,-1,3329,3638,3639,-1,3359,3358,3640,-1,3640,3358,3641,-1,3641,3358,3642,-1,3642,3358,3552,-1,3642,3552,3643,-1,3644,3333,3645,-1,3645,3333,3332,-1,3645,3332,3646,-1,3646,3332,3331,-1,3646,3331,3639,-1,3639,3331,3330,-1,3639,3330,3329,-1,3552,3553,3643,-1,3643,3553,3554,-1,3643,3554,3647,-1,3647,3554,3555,-1,3647,3555,3648,-1,3648,3555,3556,-1,3648,3556,3649,-1,3649,3556,3114,-1,3649,3114,3644,-1,3644,3114,3113,-1,3644,3113,3333,-1,3650,3651,3169,-1,3169,3651,3652,-1,3169,3652,3170,-1,3653,3654,3655,-1,3655,3654,3656,-1,3657,3200,3204,-1,3653,3658,3204,-1,3204,3658,3659,-1,3659,3660,3204,-1,3204,3660,3661,-1,3204,3661,3662,-1,3657,3204,3663,-1,3654,3653,2709,-1,2709,3653,3204,-1,2709,3204,3651,-1,3651,3204,3652,-1,3662,3664,3204,-1,3204,3664,3665,-1,3204,3665,3666,-1,3666,3667,3204,-1,3204,3667,3668,-1,3204,3668,3663,-1,3649,3644,3669,-1,3669,3644,2670,-1,1757,672,671,-1,671,3670,1757,-1,1757,3670,3671,-1,1757,3671,2670,-1,2670,3671,3672,-1,3672,3673,2670,-1,2670,3673,3674,-1,2670,3674,3675,-1,3675,3676,2670,-1,2670,3676,3677,-1,2670,3677,3678,-1,3679,3680,2670,-1,2670,3680,3681,-1,3678,3682,2670,-1,2670,3682,3683,-1,2670,3683,3679,-1,3681,3684,2670,-1,2670,3684,3685,-1,2670,3685,3669,-1,2709,3651,2640,-1,2640,3651,3650,-1,2640,3650,2638,-1,2638,3650,3686,-1,3687,3688,3689,-1,3686,3650,3689,-1,3689,3650,3690,-1,3689,3690,3687,-1,2709,2710,3654,-1,3654,2710,3691,-1,3692,3693,3694,-1,3694,3693,3695,-1,3694,3695,3696,-1,3696,3695,3697,-1,3696,3697,3691,-1,3691,3697,3656,-1,3691,3656,3654,-1,3171,3173,3233,-1,3233,3173,3698,-1,3699,3700,3701,-1,3701,3700,3702,-1,3652,3702,3170,-1,3170,3702,3700,-1,3170,3700,3703,-1,3704,3705,3706,-1,3703,3700,3706,-1,3706,3700,3707,-1,3706,3707,3704,-1,3109,3108,3708,-1,3708,3108,3698,-1,3709,3710,3708,-1,3708,3710,3711,-1,3708,3711,3712,-1,3698,3173,3708,-1,3708,3173,3172,-1,3708,3172,3709,-1,3111,3109,3204,-1,3204,3109,3708,-1,3204,3708,3713,-1,3713,3714,3204,-1,3204,3714,3715,-1,3204,3715,3716,-1,3702,3652,3701,-1,3701,3652,3204,-1,3701,3204,3717,-1,3717,3204,3716,-1,3718,3719,3705,-1,3712,3711,3706,-1,3170,3703,3172,-1,3172,3703,3709,-1,3706,3711,3703,-1,3703,3711,3710,-1,3703,3710,3709,-1,3705,3719,3706,-1,3706,3719,3720,-1,3706,3720,3712,-1,3721,3722,3704,-1,3722,3723,3704,-1,3704,3723,3724,-1,3704,3724,3705,-1,3705,3724,3725,-1,3705,3725,3718,-1,3704,3707,3721,-1,3721,3707,3700,-1,3721,3700,3699,-1,1879,1877,3726,-1,1879,3726,3727,-1,3727,3726,3728,-1,3727,3728,3729,-1,3729,3728,3730,-1,3729,3730,3731,-1,3731,3730,3732,-1,3731,3732,3733,-1,3733,3732,3734,-1,3733,3734,3735,-1,3736,3737,2641,-1,2641,3737,3738,-1,3735,3734,3738,-1,3738,3734,2642,-1,3738,2642,2641,-1,2641,3739,3736,-1,3736,3739,3740,-1,3736,3740,3741,-1,3741,3740,3742,-1,3741,3742,3743,-1,3743,3742,3744,-1,3743,3744,3745,-1,3745,3744,3746,-1,3745,3746,3747,-1,3747,3746,1870,-1,3747,1870,1869,-1,2638,3686,2639,-1,2639,3686,3748,-1,3748,3686,3749,-1,3749,3686,3689,-1,3749,3689,3750,-1,3750,3689,3751,-1,3751,3689,3688,-1,3751,3688,3752,-1,3752,3688,3753,-1,3753,3688,3687,-1,3753,3687,3754,-1,3754,3687,3755,-1,3755,3687,3690,-1,3755,3690,3756,-1,3756,3690,3757,-1,3757,3690,3650,-1,3757,3650,3169,-1,3277,3275,3758,-1,3758,3275,3759,-1,3758,3759,3760,-1,3760,3759,3761,-1,3760,3761,3762,-1,3762,3761,3763,-1,3762,3763,3764,-1,3764,3763,3765,-1,3764,3765,3766,-1,3766,3765,3767,-1,3766,3767,2641,-1,3275,3273,3759,-1,3759,3273,3768,-1,3759,3768,3761,-1,3761,3768,3769,-1,3761,3769,3763,-1,3763,3769,3770,-1,3763,3770,3765,-1,3765,3770,3771,-1,3765,3771,3767,-1,3767,3771,3772,-1,3767,3772,2641,-1,3168,3277,3773,-1,3773,3277,3758,-1,3773,3758,3774,-1,3774,3758,3760,-1,3774,3760,3775,-1,3775,3760,3762,-1,3775,3762,3776,-1,3776,3762,3764,-1,3776,3764,3777,-1,3777,3764,3766,-1,3777,3766,2641,-1,3271,3269,3778,-1,3778,3269,3779,-1,3778,3779,3780,-1,3780,3779,3781,-1,3780,3781,3782,-1,3782,3781,3783,-1,3782,3783,3784,-1,3784,3783,3785,-1,3784,3785,3786,-1,3786,3785,3787,-1,3786,3787,2641,-1,3269,1870,3779,-1,3779,1870,3746,-1,3779,3746,3781,-1,3781,3746,3744,-1,3781,3744,3783,-1,3783,3744,3742,-1,3783,3742,3785,-1,3785,3742,3740,-1,3785,3740,3787,-1,3787,3740,3739,-1,3787,3739,2641,-1,3273,3271,3768,-1,3768,3271,3778,-1,3768,3778,3769,-1,3769,3778,3780,-1,3769,3780,3770,-1,3770,3780,3782,-1,3770,3782,3771,-1,3771,3782,3784,-1,3771,3784,3772,-1,3772,3784,3786,-1,3772,3786,2641,-1,3169,3168,3757,-1,3757,3168,3773,-1,3757,3773,3756,-1,3756,3773,3755,-1,3755,3773,3774,-1,3755,3774,3754,-1,3775,3752,3774,-1,3774,3752,3753,-1,3774,3753,3754,-1,3748,3749,3776,-1,3776,3749,3750,-1,3776,3750,3775,-1,3775,3750,3751,-1,3775,3751,3752,-1,3776,3777,3748,-1,3748,3777,2641,-1,3748,2641,2639,-1,3699,3701,3721,-1,3721,3701,3717,-1,3721,3717,3722,-1,3722,3717,3716,-1,3722,3716,3788,-1,3788,3716,3715,-1,3708,3712,3713,-1,3713,3712,3789,-1,3789,3719,3713,-1,3713,3719,3790,-1,3713,3790,3714,-1,3714,3790,3725,-1,3714,3725,3715,-1,3715,3725,3724,-1,3715,3724,3788,-1,2670,3791,2672,-1,2672,3791,3792,-1,2672,3792,3793,-1,3793,3792,3794,-1,3793,3794,3795,-1,3795,3794,3796,-1,3795,3796,3199,-1,3199,3796,3797,-1,3199,3797,3201,-1,3203,3201,3637,-1,3637,3201,3797,-1,3637,3797,3638,-1,3638,3797,3796,-1,3638,3796,3639,-1,3639,3796,3794,-1,3639,3794,3646,-1,3646,3794,3792,-1,3646,3792,3645,-1,3645,3792,3791,-1,3645,3791,3644,-1,3644,3791,2670,-1,2669,2671,3798,-1,3799,3800,3793,-1,3798,2671,3800,-1,3800,2671,2672,-1,3800,2672,3793,-1,3801,3802,2668,-1,2668,3802,3803,-1,2668,3803,2678,-1,2678,3803,3804,-1,2678,3804,2682,-1,3801,2668,3798,-1,3798,2668,2676,-1,3798,2676,2669,-1,2682,3804,2683,-1,2683,3804,3805,-1,2683,3805,2686,-1,2686,3805,3806,-1,2686,3806,3807,-1,2688,2665,3808,-1,3807,3809,2686,-1,2686,3809,3808,-1,2686,3808,2681,-1,2681,3808,2665,-1,2690,2689,3810,-1,3810,2689,2688,-1,3810,2688,3811,-1,3811,2688,3808,-1,3812,3813,3795,-1,3795,3813,3814,-1,3795,3814,3793,-1,3793,3814,3815,-1,3793,3815,3799,-1,3812,3795,3816,-1,3816,3795,3199,-1,3816,3199,3198,-1,684,683,3817,-1,3817,683,3818,-1,3819,3820,3821,-1,3822,3823,3824,-1,3817,3818,3825,-1,3825,3818,3826,-1,3822,3827,3823,-1,3823,3827,3828,-1,3823,3828,3826,-1,3826,3828,3829,-1,3826,3829,3825,-1,3819,3830,3820,-1,3820,3830,3831,-1,3820,3831,3824,-1,3824,3831,3832,-1,3824,3832,3822,-1,3821,2297,2290,-1,3404,3819,3405,-1,3405,3819,3821,-1,3405,3821,3406,-1,3406,3821,2290,-1,3833,3655,3656,-1,2691,2690,3834,-1,3834,2690,3835,-1,3834,3835,3836,-1,3836,3835,3837,-1,3838,3839,3840,-1,3838,3840,3841,-1,3837,3835,3840,-1,3840,3835,3842,-1,3840,3842,3841,-1,3843,3844,3845,-1,3843,3845,3846,-1,3846,3845,3847,-1,3846,3847,3839,-1,3839,3847,3848,-1,3839,3848,3840,-1,3849,3693,3844,-1,3844,3693,3692,-1,3844,3692,3845,-1,3849,3850,3693,-1,3693,3850,3851,-1,3693,3851,3852,-1,3852,3853,3693,-1,3693,3853,3854,-1,3693,3854,3695,-1,3855,3856,3697,-1,3854,3857,3695,-1,3695,3857,3858,-1,3695,3858,3697,-1,3697,3858,3859,-1,3697,3859,3855,-1,3856,3860,3697,-1,3697,3860,3861,-1,3697,3861,3656,-1,3656,3861,3862,-1,3656,3862,3833,-1,3850,3849,3863,-1,3864,3865,3866,-1,3867,3868,3869,-1,3870,3871,3872,-1,3815,3814,3873,-1,3874,3875,3872,-1,3876,3877,3878,-1,3804,3803,3879,-1,3880,3881,3882,-1,3880,2690,3810,-1,2690,3880,3883,-1,3883,3880,3882,-1,3883,3882,3884,-1,3881,3885,3886,-1,3886,3885,3806,-1,3886,3806,3805,-1,3810,3811,3880,-1,3880,3811,3808,-1,3880,3808,3881,-1,3881,3808,3809,-1,3881,3809,3885,-1,3885,3809,3807,-1,3885,3807,3806,-1,3875,3874,3887,-1,3887,3874,3888,-1,3887,3888,3889,-1,3889,3888,3890,-1,3889,3890,3891,-1,3891,3890,3892,-1,3891,3892,3893,-1,3871,3894,3872,-1,3872,3894,3895,-1,3872,3895,3874,-1,3874,3895,3896,-1,3874,3896,3888,-1,3888,3896,3897,-1,3888,3897,3890,-1,3890,3897,3898,-1,3890,3898,3892,-1,3879,3899,3877,-1,3877,3899,3900,-1,3877,3900,3878,-1,3878,3900,3901,-1,3902,3903,3873,-1,3873,3903,3904,-1,3802,3801,3905,-1,3905,3801,3904,-1,3905,3904,3906,-1,3906,3904,3903,-1,3901,3907,3908,-1,3909,3876,3910,-1,3910,3876,3878,-1,3910,3878,3911,-1,3911,3878,3901,-1,3911,3901,3912,-1,3912,3901,3908,-1,3902,3913,3914,-1,3914,3913,3915,-1,3914,3915,3916,-1,3902,3873,3913,-1,3913,3873,3814,-1,3913,3814,3813,-1,3916,3917,3907,-1,3917,3918,3919,-1,3919,3918,3920,-1,3919,3920,3921,-1,3801,3798,3904,-1,3904,3798,3800,-1,3904,3800,3873,-1,3873,3800,3799,-1,3873,3799,3815,-1,3920,3870,3921,-1,3921,3870,3872,-1,3921,3872,3922,-1,3922,3872,3875,-1,3922,3875,3923,-1,3923,3875,3887,-1,3923,3887,3924,-1,3924,3887,3889,-1,3924,3889,3925,-1,3925,3889,3891,-1,3926,3854,3853,-1,3854,3926,3857,-1,3857,3926,3927,-1,3857,3927,3858,-1,3858,3927,3928,-1,3858,3928,3859,-1,3929,3930,3931,-1,3931,3930,3932,-1,3931,3932,3933,-1,3933,3932,3934,-1,3933,3934,3935,-1,3935,3934,3852,-1,3935,3852,3851,-1,3917,3919,3907,-1,3907,3919,3921,-1,3907,3921,3908,-1,3908,3921,3922,-1,3908,3922,3912,-1,3912,3922,3923,-1,3912,3923,3911,-1,3911,3923,3924,-1,3911,3924,3910,-1,3910,3924,3925,-1,3910,3925,3909,-1,3909,3925,3891,-1,3909,3891,3929,-1,3929,3891,3893,-1,3929,3893,3930,-1,3859,3928,3855,-1,3855,3928,3936,-1,3855,3936,3856,-1,3856,3936,3860,-1,3860,3936,3937,-1,3860,3937,3861,-1,3861,3937,3866,-1,3861,3866,3862,-1,3865,3655,3866,-1,3866,3655,3833,-1,3866,3833,3862,-1,3938,3867,3939,-1,3939,3867,3869,-1,3939,3869,3940,-1,3940,3869,3941,-1,3940,3941,3942,-1,3942,3941,3943,-1,3942,3943,3944,-1,3944,3943,3945,-1,3944,3945,3946,-1,3946,3945,3947,-1,3946,3947,3948,-1,3948,3947,3949,-1,3868,3864,3869,-1,3869,3864,3866,-1,3869,3866,3941,-1,3941,3866,3937,-1,3941,3937,3943,-1,3943,3937,3936,-1,3943,3936,3945,-1,3945,3936,3928,-1,3945,3928,3947,-1,3947,3928,3927,-1,3947,3927,3949,-1,3949,3927,3926,-1,3841,3842,3950,-1,3950,3842,3835,-1,3950,3835,2690,-1,3844,3843,3951,-1,3951,3843,3846,-1,3951,3846,3952,-1,3952,3846,3839,-1,3849,3844,3863,-1,3863,3844,3951,-1,3863,3951,3953,-1,3953,3951,3952,-1,3953,3952,3884,-1,3886,3954,3881,-1,3881,3954,3955,-1,3881,3955,3882,-1,3882,3955,3956,-1,3882,3956,3884,-1,3884,3956,3957,-1,3884,3957,3953,-1,3839,3838,3952,-1,3952,3838,3841,-1,3952,3841,3884,-1,3884,3841,3950,-1,3884,3950,3883,-1,3883,3950,2690,-1,3198,3915,3816,-1,3816,3915,3913,-1,3816,3913,3812,-1,3812,3913,3813,-1,3916,3907,3914,-1,3914,3907,3901,-1,3914,3901,3902,-1,3902,3901,3900,-1,3902,3900,3903,-1,3903,3900,3899,-1,3903,3899,3906,-1,3906,3899,3879,-1,3906,3879,3905,-1,3905,3879,3803,-1,3905,3803,3802,-1,3894,3938,3895,-1,3895,3938,3939,-1,3895,3939,3896,-1,3896,3939,3940,-1,3896,3940,3897,-1,3897,3940,3942,-1,3897,3942,3898,-1,3898,3942,3944,-1,3898,3944,3892,-1,3892,3944,3946,-1,3892,3946,3893,-1,3893,3946,3948,-1,3893,3948,3930,-1,3930,3948,3949,-1,3930,3949,3932,-1,3932,3949,3926,-1,3932,3926,3934,-1,3934,3926,3853,-1,3934,3853,3852,-1,3851,3850,3935,-1,3935,3850,3863,-1,3935,3863,3933,-1,3933,3863,3953,-1,3933,3953,3931,-1,3931,3953,3957,-1,3931,3957,3929,-1,3929,3957,3956,-1,3929,3956,3909,-1,3909,3956,3955,-1,3909,3955,3876,-1,3876,3955,3954,-1,3876,3954,3877,-1,3877,3954,3886,-1,3877,3886,3879,-1,3879,3886,3805,-1,3879,3805,3804,-1,3653,3655,3658,-1,3658,3655,3865,-1,3658,3865,3659,-1,3659,3865,3864,-1,3659,3864,3660,-1,3660,3864,3868,-1,3660,3868,3661,-1,3661,3868,3867,-1,3661,3867,3662,-1,3662,3867,3938,-1,3667,3666,3894,-1,3894,3666,3665,-1,3894,3665,3938,-1,3938,3665,3664,-1,3938,3664,3662,-1,3918,3663,3920,-1,3920,3663,3668,-1,3920,3668,3870,-1,3870,3668,3667,-1,3870,3667,3871,-1,3871,3667,3894,-1,3198,3200,3915,-1,3915,3200,3657,-1,3915,3657,3916,-1,3916,3657,3663,-1,3916,3663,3917,-1,3917,3663,3918,-1,3845,3692,3694,-1,3696,3691,1637,-1,2702,2701,2859,-1,2859,2701,2700,-1,2859,2700,2861,-1,2861,2700,2699,-1,2861,2699,2863,-1,2863,2699,2698,-1,2863,2698,2865,-1,2865,2698,2691,-1,2865,2691,2867,-1,2867,2691,3834,-1,2867,3834,2869,-1,2869,3834,3836,-1,2869,3836,2871,-1,2871,3836,3837,-1,2871,3837,3840,-1,3840,3848,2871,-1,2871,3848,3847,-1,2871,3847,2873,-1,2873,3847,3845,-1,2873,3845,2875,-1,2875,3845,3694,-1,2875,3694,2877,-1,2877,3694,3696,-1,2877,3696,2857,-1,2857,3696,1637,-1,1637,3691,1638,-1,1638,3691,2710,-1,1638,2710,1654,-1,839,2642,822,-1,822,2642,3734,-1,3734,3732,822,-1,822,3732,3730,-1,822,3730,3728,-1,1875,821,1877,-1,1877,821,822,-1,1877,822,3726,-1,3726,822,3728,-1,3363,3359,3958,-1,3958,3359,3640,-1,3958,3640,3959,-1,3959,3640,3960,-1,3960,3640,3961,-1,3961,3640,3641,-1,3961,3641,3962,-1,3642,3963,3641,-1,3641,3963,3964,-1,3641,3964,3962,-1,3643,3965,3966,-1,3966,3967,3643,-1,3643,3967,3968,-1,3643,3968,3642,-1,3642,3968,3969,-1,3642,3969,3963,-1,3647,3970,3643,-1,3643,3970,3971,-1,3643,3971,3965,-1,3972,3973,3648,-1,3648,3973,3974,-1,3974,3975,3648,-1,3648,3975,3976,-1,3648,3976,3647,-1,3647,3976,3977,-1,3647,3977,3970,-1,3972,3648,3978,-1,3978,3648,3649,-1,3978,3649,3669,-1,3979,3980,3394,-1,3822,3832,3981,-1,3981,3832,3982,-1,3981,3982,3983,-1,3983,3982,3830,-1,3983,3830,3984,-1,3984,3830,3819,-1,3984,3819,3404,-1,3822,3981,3985,-1,3985,3981,3986,-1,3985,3986,3828,-1,3828,3986,3987,-1,3828,3987,3829,-1,3829,3987,3825,-1,3825,3987,684,-1,3825,684,3817,-1,3394,3980,3391,-1,3391,3980,3988,-1,3391,3988,3989,-1,3404,3403,3984,-1,3984,3403,3401,-1,3984,3401,3990,-1,3990,3401,3991,-1,3990,3991,3988,-1,3988,3991,3398,-1,3988,3398,3989,-1,3394,3389,3979,-1,3979,3389,3390,-1,3979,3390,3992,-1,3992,3390,3384,-1,3992,3384,3993,-1,3993,3384,3383,-1,3993,3383,3362,-1,3362,3383,3361,-1,3964,3963,3994,-1,3995,3996,3997,-1,3969,3968,3998,-1,3673,3672,3999,-1,4000,4001,669,-1,669,4001,675,-1,674,677,4002,-1,4002,677,676,-1,671,673,3670,-1,3670,673,4003,-1,3670,4003,3671,-1,4004,4005,3676,-1,3676,4005,4006,-1,3676,4006,3677,-1,3677,4006,4007,-1,3677,4007,3678,-1,3684,3681,4008,-1,4008,3681,3680,-1,4008,3680,4009,-1,4009,3680,4010,-1,4011,3977,4010,-1,4010,3977,3976,-1,4010,3976,4009,-1,3967,3966,4012,-1,4012,3966,3965,-1,4012,3965,4013,-1,4013,3965,3971,-1,4013,3971,4011,-1,4011,3971,3970,-1,4011,3970,3977,-1,3976,3975,4009,-1,4009,3975,3974,-1,4009,3974,4008,-1,4008,3974,3973,-1,4008,3973,3684,-1,3684,3973,3972,-1,3684,3972,3685,-1,3685,3972,3978,-1,3685,3978,3669,-1,4014,4015,4016,-1,4016,4015,4017,-1,4016,4017,4018,-1,3963,3969,3994,-1,3994,3969,3998,-1,3994,3998,4019,-1,4019,3998,4020,-1,4019,4020,4021,-1,3995,4022,3996,-1,3996,4022,4023,-1,3996,4023,4024,-1,4024,4023,4025,-1,4024,4025,4026,-1,4026,4025,4027,-1,4026,4027,4028,-1,3962,3964,4022,-1,4022,3964,3994,-1,4022,3994,4023,-1,4023,3994,4019,-1,4023,4019,4025,-1,4025,4019,4021,-1,4025,4021,4027,-1,3997,3996,4029,-1,4029,3996,4024,-1,4029,4024,4030,-1,4030,4024,4026,-1,4030,4026,4031,-1,4031,4026,4028,-1,4031,4028,4032,-1,3676,3675,4004,-1,4004,3675,4033,-1,4004,4033,4034,-1,3672,3671,3999,-1,3999,3671,4003,-1,3999,4003,4002,-1,4002,4003,673,-1,4002,673,674,-1,3675,3674,4033,-1,4033,3674,3673,-1,4033,3673,4034,-1,4034,3673,3999,-1,4034,3999,4035,-1,4035,3999,4002,-1,4035,4002,4001,-1,4001,4002,676,-1,4001,676,675,-1,4036,4037,4038,-1,4039,4036,4040,-1,4040,4036,4038,-1,4040,4038,4041,-1,4041,4038,4042,-1,4041,4042,4043,-1,4043,4042,4044,-1,4043,4044,4045,-1,4045,4044,4046,-1,4045,4046,4047,-1,4047,4046,4048,-1,4047,4048,4049,-1,4000,4039,4001,-1,4001,4039,4040,-1,4001,4040,4035,-1,4035,4040,4041,-1,4035,4041,4034,-1,4034,4041,4043,-1,4034,4043,4004,-1,4004,4043,4045,-1,4004,4045,4005,-1,4005,4045,4047,-1,4005,4047,4006,-1,4006,4047,4049,-1,4006,4049,4007,-1,4007,4049,4050,-1,4007,4050,3678,-1,3678,4050,4051,-1,3678,4051,3682,-1,3682,4051,4052,-1,3682,4052,3683,-1,3683,4052,3679,-1,3997,4053,3995,-1,3995,4053,3363,-1,3995,3363,3958,-1,3958,3959,3995,-1,3995,3959,3960,-1,3995,3960,4022,-1,4022,3960,3961,-1,4022,3961,3962,-1,3968,3967,3998,-1,3998,3967,4012,-1,3998,4012,4020,-1,4020,4012,4054,-1,4020,4054,4021,-1,4021,4054,4055,-1,4021,4055,4027,-1,4027,4055,4056,-1,4027,4056,4028,-1,4028,4056,4018,-1,4028,4018,4032,-1,4032,4018,4017,-1,4037,4014,4038,-1,4038,4014,4016,-1,4038,4016,4042,-1,4042,4016,4018,-1,4042,4018,4044,-1,4044,4018,4056,-1,4044,4056,4046,-1,4046,4056,4055,-1,4046,4055,4048,-1,4048,4055,4054,-1,4048,4054,4049,-1,4049,4054,4012,-1,4049,4012,4050,-1,4050,4012,4013,-1,4050,4013,4051,-1,4051,4013,4011,-1,4051,4011,4052,-1,4052,4011,4010,-1,4052,4010,3679,-1,3679,4010,3680,-1,3993,3362,3363,-1,3363,4053,3993,-1,3993,4053,3997,-1,3993,3997,3992,-1,3992,3997,4029,-1,3992,4029,3979,-1,4029,4030,3979,-1,3979,4030,4031,-1,3979,4031,3980,-1,3980,4031,4032,-1,3980,4032,3988,-1,3988,4032,4017,-1,3988,4017,3990,-1,3990,4017,4015,-1,3990,4015,3984,-1,3984,4015,4014,-1,3984,4014,3983,-1,3983,4014,4037,-1,3983,4037,3981,-1,3981,4037,4036,-1,3981,4036,3986,-1,3986,4036,4039,-1,3986,4039,3987,-1,3987,4039,4000,-1,4000,669,3987,-1,3987,669,665,-1,3987,665,684,-1,1757,1759,672,-1,672,1759,1761,-1,672,1761,661,-1,2305,884,4057,-1,4057,2166,2167,-1,2167,2317,4057,-1,4057,2317,2314,-1,4057,2314,2308,-1,2308,2307,4057,-1,4057,2307,2310,-1,4057,2310,2305,-1,4057,4058,2166,-1,2166,4058,2168,-1,2179,2168,4058,-1,2179,4058,4059,-1,883,4060,4058,-1,4058,4060,4061,-1,4058,4061,4062,-1,4062,4063,4058,-1,4058,4063,4064,-1,4058,4064,4059,-1,2180,2179,4059,-1,2180,4059,4065,-1,4065,4059,4064,-1,4065,4064,4066,-1,4066,4064,4063,-1,4066,4063,4067,-1,4067,4063,4062,-1,4067,4062,4068,-1,4068,4062,4061,-1,4068,4061,4069,-1,4069,4061,4060,-1,4069,4060,4070,-1,882,4070,883,-1,883,4070,4060,-1,2183,2184,4071,-1,2183,4071,2856,-1,718,2841,4071,-1,4071,2841,2852,-1,4071,2852,2850,-1,2850,2851,4071,-1,4071,2851,2846,-1,4071,2846,2856,-1,4072,4071,2185,-1,2185,4071,2184,-1,4073,719,4072,-1,4072,2185,2186,-1,2186,4074,4072,-1,4072,4074,4075,-1,4072,4075,4076,-1,4076,4077,4072,-1,4072,4077,4078,-1,4072,4078,4073,-1,4079,4073,4078,-1,4079,4078,4080,-1,4080,4078,4077,-1,4080,4077,4081,-1,4081,4077,4076,-1,4081,4076,4082,-1,4082,4076,4075,-1,4082,4075,4083,-1,4083,4075,4074,-1,4083,4074,4084,-1,4084,4074,2186,-1,4084,2186,2187,-1,719,4073,720,-1,720,4073,4079,-1,720,4079,717,-1,4070,882,4085,-1,4070,4085,4069,-1,2177,2180,4085,-1,4085,2180,4065,-1,4085,4065,4066,-1,4066,4067,4085,-1,4085,4067,4068,-1,4085,4068,4069,-1,4085,4086,2177,-1,2177,4086,2175,-1,2192,2175,4086,-1,2192,4086,4087,-1,881,4088,4086,-1,4086,4088,4089,-1,4086,4089,4090,-1,4090,4091,4086,-1,4086,4091,4092,-1,4086,4092,4087,-1,2193,2192,4087,-1,2193,4087,4093,-1,4093,4087,4092,-1,4093,4092,4094,-1,4094,4092,4091,-1,4094,4091,4095,-1,4095,4091,4090,-1,4095,4090,4096,-1,4096,4090,4089,-1,4096,4089,4097,-1,4097,4089,4088,-1,4097,4088,4098,-1,976,4098,977,-1,977,4098,4088,-1,977,4088,881,-1,4083,4084,4099,-1,4099,4084,2187,-1,4099,2187,2171,-1,717,4079,4099,-1,4099,4079,4080,-1,4080,4081,4099,-1,4099,4081,4082,-1,4099,4082,4083,-1,4100,4099,2172,-1,2172,4099,2171,-1,4101,552,4100,-1,4100,2172,2173,-1,2173,4102,4100,-1,4100,4102,4103,-1,4100,4103,4104,-1,4104,4105,4100,-1,4100,4105,4106,-1,4100,4106,4101,-1,4107,4101,4106,-1,4107,4106,4108,-1,4108,4106,4105,-1,4108,4105,4109,-1,4109,4105,4104,-1,4109,4104,4110,-1,4110,4104,4103,-1,4110,4103,4111,-1,4111,4103,4102,-1,4111,4102,4112,-1,4112,4102,2173,-1,4112,2173,2174,-1,552,4101,553,-1,553,4101,4107,-1,553,4107,714,-1,4098,976,4113,-1,4098,4113,4097,-1,2190,2193,4113,-1,4113,2193,4093,-1,4113,4093,4094,-1,4094,4095,4113,-1,4113,4095,4096,-1,4113,4096,4097,-1,4113,4114,2190,-1,2190,4114,2188,-1,2200,2188,4114,-1,2200,4114,4115,-1,975,4116,4114,-1,4114,4116,4117,-1,4114,4117,4118,-1,4118,4119,4114,-1,4114,4119,4120,-1,4114,4120,4115,-1,2201,2200,4115,-1,2201,4115,4121,-1,4121,4115,4120,-1,4121,4120,4122,-1,4122,4120,4119,-1,4122,4119,4123,-1,4123,4119,4118,-1,4123,4118,4124,-1,4124,4118,4117,-1,4124,4117,4125,-1,4125,4117,4116,-1,4125,4116,4126,-1,858,4126,859,-1,859,4126,4116,-1,859,4116,975,-1,4111,4112,4127,-1,4127,4112,2174,-1,4127,2174,2170,-1,714,4107,4127,-1,4127,4107,4108,-1,4108,4109,4127,-1,4127,4109,4110,-1,4127,4110,4111,-1,4128,4127,2169,-1,2169,4127,2170,-1,4129,715,4128,-1,4128,2169,2181,-1,2181,4130,4128,-1,4128,4130,4131,-1,4128,4131,4132,-1,4132,4133,4128,-1,4128,4133,4134,-1,4128,4134,4129,-1,4135,4129,4134,-1,4135,4134,4136,-1,4136,4134,4133,-1,4136,4133,4137,-1,4137,4133,4132,-1,4137,4132,4138,-1,4138,4132,4131,-1,4138,4131,4139,-1,4139,4131,4130,-1,4139,4130,4140,-1,4140,4130,2181,-1,4140,2181,2182,-1,715,4129,716,-1,716,4129,4135,-1,716,4135,713,-1,4126,858,4141,-1,4126,4141,4125,-1,2198,2201,4141,-1,4141,2201,4121,-1,4141,4121,4122,-1,4122,4123,4141,-1,4141,4123,4124,-1,4141,4124,4125,-1,4141,4142,2198,-1,2198,4142,2196,-1,2208,2196,4142,-1,2208,4142,4143,-1,978,4144,4142,-1,4142,4144,4145,-1,4142,4145,4146,-1,4146,4147,4142,-1,4142,4147,4148,-1,4142,4148,4143,-1,2209,2208,4143,-1,2209,4143,4149,-1,4149,4143,4148,-1,4149,4148,4150,-1,4150,4148,4147,-1,4150,4147,4151,-1,4151,4147,4146,-1,4151,4146,4152,-1,4152,4146,4145,-1,4152,4145,4153,-1,4153,4145,4144,-1,4153,4144,4154,-1,980,4154,981,-1,981,4154,4144,-1,981,4144,978,-1,4139,4140,4155,-1,4155,4140,2182,-1,4155,2182,2178,-1,713,4135,4155,-1,4155,4135,4136,-1,4136,4137,4155,-1,4155,4137,4138,-1,4155,4138,4139,-1,4156,4155,2176,-1,2176,4155,2178,-1,4157,555,4156,-1,4156,2176,2194,-1,2194,4158,4156,-1,4156,4158,4159,-1,4156,4159,4160,-1,4160,4161,4156,-1,4156,4161,4162,-1,4156,4162,4157,-1,4163,4157,4162,-1,4163,4162,4164,-1,4164,4162,4161,-1,4164,4161,4165,-1,4165,4161,4160,-1,4165,4160,4166,-1,4166,4160,4159,-1,4166,4159,4167,-1,4167,4159,4158,-1,4167,4158,4168,-1,4168,4158,2194,-1,4168,2194,2195,-1,555,4157,556,-1,556,4157,4163,-1,556,4163,710,-1,4154,980,4169,-1,4154,4169,4153,-1,2206,2209,4169,-1,4169,2209,4149,-1,4169,4149,4150,-1,4150,4151,4169,-1,4169,4151,4152,-1,4169,4152,4153,-1,4169,4170,2206,-1,2206,4170,2204,-1,2216,2204,4170,-1,2216,4170,4171,-1,979,4172,4170,-1,4170,4172,4173,-1,4170,4173,4174,-1,4174,4175,4170,-1,4170,4175,4176,-1,4170,4176,4171,-1,2217,2216,4171,-1,2217,4171,4177,-1,4177,4171,4176,-1,4177,4176,4178,-1,4178,4176,4175,-1,4178,4175,4179,-1,4179,4175,4174,-1,4179,4174,4180,-1,4180,4174,4173,-1,4180,4173,4181,-1,4181,4173,4172,-1,4181,4172,4182,-1,855,4182,856,-1,856,4182,4172,-1,856,4172,979,-1,4167,4168,4183,-1,4183,4168,2195,-1,4183,2195,2191,-1,710,4163,4183,-1,4183,4163,4164,-1,4164,4165,4183,-1,4183,4165,4166,-1,4183,4166,4167,-1,4184,4183,2189,-1,2189,4183,2191,-1,4185,711,4184,-1,4184,2189,2202,-1,2202,4186,4184,-1,4184,4186,4187,-1,4184,4187,4188,-1,4188,4189,4184,-1,4184,4189,4190,-1,4184,4190,4185,-1,4191,4185,4190,-1,4191,4190,4192,-1,4192,4190,4189,-1,4192,4189,4193,-1,4193,4189,4188,-1,4193,4188,4194,-1,4194,4188,4187,-1,4194,4187,4195,-1,4195,4187,4186,-1,4195,4186,4196,-1,4196,4186,2202,-1,4196,2202,2203,-1,711,4185,712,-1,712,4185,4191,-1,712,4191,709,-1,4182,855,4197,-1,4182,4197,4181,-1,2214,2217,4197,-1,4197,2217,4177,-1,4197,4177,4178,-1,4178,4179,4197,-1,4197,4179,4180,-1,4197,4180,4181,-1,4197,4198,2214,-1,2214,4198,2212,-1,2224,2212,4198,-1,2224,4198,4199,-1,982,4200,4198,-1,4198,4200,4201,-1,4198,4201,4202,-1,4202,4203,4198,-1,4198,4203,4204,-1,4198,4204,4199,-1,2225,2224,4199,-1,2225,4199,4205,-1,4205,4199,4204,-1,4205,4204,4206,-1,4206,4204,4203,-1,4206,4203,4207,-1,4207,4203,4202,-1,4207,4202,4208,-1,4208,4202,4201,-1,4208,4201,4209,-1,4209,4201,4200,-1,4209,4200,4210,-1,984,4210,985,-1,985,4210,4200,-1,985,4200,982,-1,4195,4196,4211,-1,4211,4196,2203,-1,4211,2203,2199,-1,709,4191,4211,-1,4211,4191,4192,-1,4192,4193,4211,-1,4211,4193,4194,-1,4211,4194,4195,-1,4212,4211,2197,-1,2197,4211,2199,-1,4213,701,4212,-1,4212,2197,2210,-1,2210,4214,4212,-1,4212,4214,4215,-1,4212,4215,4216,-1,4216,4217,4212,-1,4212,4217,4218,-1,4212,4218,4213,-1,4219,4213,4218,-1,4219,4218,4220,-1,4220,4218,4217,-1,4220,4217,4221,-1,4221,4217,4216,-1,4221,4216,4222,-1,4222,4216,4215,-1,4222,4215,4223,-1,4223,4215,4214,-1,4223,4214,4224,-1,4224,4214,2210,-1,4224,2210,2211,-1,701,4213,702,-1,702,4213,4219,-1,702,4219,703,-1,4210,984,4225,-1,4210,4225,4209,-1,2222,2225,4225,-1,4225,2225,4205,-1,4225,4205,4206,-1,4206,4207,4225,-1,4225,4207,4208,-1,4225,4208,4209,-1,4225,4226,2222,-1,2222,4226,2220,-1,2232,2220,4226,-1,2232,4226,4227,-1,983,4228,4226,-1,4226,4228,4229,-1,4226,4229,4230,-1,4230,4231,4226,-1,4226,4231,4232,-1,4226,4232,4227,-1,2233,2232,4227,-1,2233,4227,4233,-1,4233,4227,4232,-1,4233,4232,4234,-1,4234,4232,4231,-1,4234,4231,4235,-1,4235,4231,4230,-1,4235,4230,4236,-1,4236,4230,4229,-1,4236,4229,4237,-1,4237,4229,4228,-1,4237,4228,4238,-1,852,4238,853,-1,853,4238,4228,-1,853,4228,983,-1,4223,4224,4239,-1,4239,4224,2211,-1,4239,2211,2207,-1,703,4219,4239,-1,4239,4219,4220,-1,4220,4221,4239,-1,4239,4221,4222,-1,4239,4222,4223,-1,4240,4239,2205,-1,2205,4239,2207,-1,4241,704,4240,-1,4240,2205,2218,-1,2218,4242,4240,-1,4240,4242,4243,-1,4240,4243,4244,-1,4244,4245,4240,-1,4240,4245,4246,-1,4240,4246,4241,-1,4247,4241,4246,-1,4247,4246,4248,-1,4248,4246,4245,-1,4248,4245,4249,-1,4249,4245,4244,-1,4249,4244,4250,-1,4250,4244,4243,-1,4250,4243,4251,-1,4251,4243,4242,-1,4251,4242,4252,-1,4252,4242,2218,-1,4252,2218,2219,-1,4247,698,4241,-1,4241,698,704,-1,4238,852,4253,-1,4238,4253,4237,-1,2230,2233,4253,-1,4253,2233,4233,-1,4253,4233,4234,-1,4234,4235,4253,-1,4253,4235,4236,-1,4253,4236,4237,-1,4253,4254,2230,-1,2230,4254,2228,-1,2240,2228,4254,-1,2240,4254,4255,-1,986,4256,4254,-1,4254,4256,4257,-1,4254,4257,4258,-1,4258,4259,4254,-1,4254,4259,4260,-1,4254,4260,4255,-1,2241,2240,4255,-1,2241,4255,4261,-1,4261,4255,4260,-1,4261,4260,4262,-1,4262,4260,4259,-1,4262,4259,4263,-1,4263,4259,4258,-1,4263,4258,4264,-1,4264,4258,4257,-1,4264,4257,4265,-1,4265,4257,4256,-1,4265,4256,4266,-1,988,4266,989,-1,989,4266,4256,-1,989,4256,986,-1,4251,4252,4267,-1,4267,4252,2219,-1,4267,2219,2215,-1,698,4247,4267,-1,4267,4247,4248,-1,4248,4249,4267,-1,4267,4249,4250,-1,4267,4250,4251,-1,4268,4267,2213,-1,2213,4267,2215,-1,4269,699,4268,-1,4268,2213,2226,-1,2226,4270,4268,-1,4268,4270,4271,-1,4268,4271,4272,-1,4272,4273,4268,-1,4268,4273,4274,-1,4268,4274,4269,-1,4275,4269,4274,-1,4275,4274,4276,-1,4276,4274,4273,-1,4276,4273,4277,-1,4277,4273,4272,-1,4277,4272,4278,-1,4278,4272,4271,-1,4278,4271,4279,-1,4279,4271,4270,-1,4279,4270,4280,-1,4280,4270,2226,-1,4280,2226,2227,-1,699,4269,700,-1,700,4269,4275,-1,700,4275,697,-1,4266,988,4281,-1,4266,4281,4265,-1,2238,2241,4281,-1,4281,2241,4261,-1,4281,4261,4262,-1,4262,4263,4281,-1,4281,4263,4264,-1,4281,4264,4265,-1,4281,4282,2238,-1,2238,4282,2236,-1,2248,2236,4282,-1,2248,4282,4283,-1,987,4284,4282,-1,4282,4284,4285,-1,4282,4285,4286,-1,4286,4287,4282,-1,4282,4287,4288,-1,4282,4288,4283,-1,2249,2248,4283,-1,2249,4283,4289,-1,4289,4283,4288,-1,4289,4288,4290,-1,4290,4288,4287,-1,4290,4287,4291,-1,4291,4287,4286,-1,4291,4286,4292,-1,4292,4286,4285,-1,4292,4285,4293,-1,4293,4285,4284,-1,4293,4284,4294,-1,849,4294,850,-1,850,4294,4284,-1,850,4284,987,-1,4279,4280,4295,-1,4295,4280,2227,-1,4295,2227,2223,-1,697,4275,4295,-1,4295,4275,4276,-1,4276,4277,4295,-1,4295,4277,4278,-1,4295,4278,4279,-1,4296,4295,2221,-1,2221,4295,2223,-1,4297,558,4296,-1,4296,2221,2234,-1,2234,4298,4296,-1,4296,4298,4299,-1,4296,4299,4300,-1,4300,4301,4296,-1,4296,4301,4302,-1,4296,4302,4297,-1,4303,4297,4302,-1,4303,4302,4304,-1,4304,4302,4301,-1,4304,4301,4305,-1,4305,4301,4300,-1,4305,4300,4306,-1,4306,4300,4299,-1,4306,4299,4307,-1,4307,4299,4298,-1,4307,4298,4308,-1,4308,4298,2234,-1,4308,2234,2235,-1,558,4297,559,-1,559,4297,4303,-1,559,4303,694,-1,4294,849,4309,-1,4294,4309,4293,-1,2246,2249,4309,-1,4309,2249,4289,-1,4309,4289,4290,-1,4290,4291,4309,-1,4309,4291,4292,-1,4309,4292,4293,-1,4309,4310,2246,-1,2246,4310,2244,-1,2256,2244,4310,-1,2256,4310,4311,-1,992,4312,4310,-1,4310,4312,4313,-1,4310,4313,4314,-1,4314,4315,4310,-1,4310,4315,4316,-1,4310,4316,4311,-1,2257,2256,4311,-1,2257,4311,4317,-1,4317,4311,4316,-1,4317,4316,4318,-1,4318,4316,4315,-1,4318,4315,4319,-1,4319,4315,4314,-1,4319,4314,4320,-1,4320,4314,4313,-1,4320,4313,4321,-1,4321,4313,4312,-1,4321,4312,4322,-1,991,4322,992,-1,992,4322,4312,-1,4307,4308,4323,-1,4323,4308,2235,-1,4323,2235,2231,-1,694,4303,4323,-1,4323,4303,4304,-1,4304,4305,4323,-1,4323,4305,4306,-1,4323,4306,4307,-1,4324,4323,2229,-1,2229,4323,2231,-1,4325,695,4324,-1,4324,2229,2242,-1,2242,4326,4324,-1,4324,4326,4327,-1,4324,4327,4328,-1,4328,4329,4324,-1,4324,4329,4330,-1,4324,4330,4325,-1,4331,4325,4330,-1,4331,4330,4332,-1,4332,4330,4329,-1,4332,4329,4333,-1,4333,4329,4328,-1,4333,4328,4334,-1,4334,4328,4327,-1,4334,4327,4335,-1,4335,4327,4326,-1,4335,4326,4336,-1,4336,4326,2242,-1,4336,2242,2243,-1,695,4325,696,-1,696,4325,4331,-1,696,4331,693,-1,4322,991,4337,-1,4322,4337,4321,-1,2254,2257,4337,-1,4337,2257,4317,-1,4337,4317,4318,-1,4318,4319,4337,-1,4337,4319,4320,-1,4337,4320,4321,-1,4337,4338,2254,-1,2254,4338,2252,-1,2264,2252,4338,-1,2264,4338,4339,-1,990,4340,4338,-1,4338,4340,4341,-1,4338,4341,4342,-1,4342,4343,4338,-1,4338,4343,4344,-1,4338,4344,4339,-1,2265,2264,4339,-1,2265,4339,4345,-1,4345,4339,4344,-1,4345,4344,4346,-1,4346,4344,4343,-1,4346,4343,4347,-1,4347,4343,4342,-1,4347,4342,4348,-1,4348,4342,4341,-1,4348,4341,4349,-1,4349,4341,4340,-1,4349,4340,4350,-1,846,4350,847,-1,847,4350,4340,-1,847,4340,990,-1,4335,4336,4351,-1,4351,4336,2243,-1,4351,2243,2239,-1,693,4331,4351,-1,4351,4331,4332,-1,4332,4333,4351,-1,4351,4333,4334,-1,4351,4334,4335,-1,4352,4351,2237,-1,2237,4351,2239,-1,4353,561,4352,-1,4352,2237,2250,-1,2250,4354,4352,-1,4352,4354,4355,-1,4352,4355,4356,-1,4356,4357,4352,-1,4352,4357,4358,-1,4352,4358,4353,-1,4359,4353,4358,-1,4359,4358,4360,-1,4360,4358,4357,-1,4360,4357,4361,-1,4361,4357,4356,-1,4361,4356,4362,-1,4362,4356,4355,-1,4362,4355,4363,-1,4363,4355,4354,-1,4363,4354,4364,-1,4364,4354,2250,-1,4364,2250,2251,-1,561,4353,562,-1,562,4353,4359,-1,562,4359,690,-1,4350,846,4365,-1,4350,4365,4349,-1,2262,2265,4365,-1,4365,2265,4345,-1,4365,4345,4346,-1,4346,4347,4365,-1,4365,4347,4348,-1,4365,4348,4349,-1,4365,4366,2262,-1,2262,4366,2260,-1,2272,2260,4366,-1,2272,4366,4367,-1,993,4368,4366,-1,4366,4368,4369,-1,4366,4369,4370,-1,4370,4371,4366,-1,4366,4371,4372,-1,4366,4372,4367,-1,2273,2272,4367,-1,2273,4367,4373,-1,4373,4367,4372,-1,4373,4372,4374,-1,4374,4372,4371,-1,4374,4371,4375,-1,4375,4371,4370,-1,4375,4370,4376,-1,4376,4370,4369,-1,4376,4369,4377,-1,4377,4369,4368,-1,4377,4368,4378,-1,995,4378,996,-1,996,4378,4368,-1,996,4368,993,-1,4363,4364,4379,-1,4379,4364,2251,-1,4379,2251,2247,-1,690,4359,4379,-1,4379,4359,4360,-1,4360,4361,4379,-1,4379,4361,4362,-1,4379,4362,4363,-1,4380,4379,2245,-1,2245,4379,2247,-1,4381,691,4380,-1,4380,2245,2258,-1,2258,4382,4380,-1,4380,4382,4383,-1,4380,4383,4384,-1,4384,4385,4380,-1,4380,4385,4386,-1,4380,4386,4381,-1,4387,4381,4386,-1,4387,4386,4388,-1,4388,4386,4385,-1,4388,4385,4389,-1,4389,4385,4384,-1,4389,4384,4390,-1,4390,4384,4383,-1,4390,4383,4391,-1,4391,4383,4382,-1,4391,4382,4392,-1,4392,4382,2258,-1,4392,2258,2259,-1,691,4381,692,-1,692,4381,4387,-1,692,4387,689,-1,4378,995,4393,-1,4378,4393,4377,-1,2270,2273,4393,-1,4393,2273,4373,-1,4393,4373,4374,-1,4374,4375,4393,-1,4393,4375,4376,-1,4393,4376,4377,-1,4393,4394,2270,-1,2270,4394,2268,-1,2280,2268,4394,-1,2280,4394,4395,-1,994,4396,4394,-1,4394,4396,4397,-1,4394,4397,4398,-1,4398,4399,4394,-1,4394,4399,4400,-1,4394,4400,4395,-1,2281,2280,4395,-1,2281,4395,4401,-1,4401,4395,4400,-1,4401,4400,4402,-1,4402,4400,4399,-1,4402,4399,4403,-1,4403,4399,4398,-1,4403,4398,4404,-1,4404,4398,4397,-1,4404,4397,4405,-1,4405,4397,4396,-1,4405,4396,4406,-1,843,4406,844,-1,844,4406,4396,-1,844,4396,994,-1,4391,4392,4407,-1,4407,4392,2259,-1,4407,2259,2255,-1,689,4387,4407,-1,4407,4387,4388,-1,4388,4389,4407,-1,4407,4389,4390,-1,4407,4390,4391,-1,4408,4407,2253,-1,2253,4407,2255,-1,4409,564,4408,-1,4408,2253,2266,-1,2266,4410,4408,-1,4408,4410,4411,-1,4408,4411,4412,-1,4412,4413,4408,-1,4408,4413,4414,-1,4408,4414,4409,-1,4415,4409,4414,-1,4415,4414,4416,-1,4416,4414,4413,-1,4416,4413,4417,-1,4417,4413,4412,-1,4417,4412,4418,-1,4418,4412,4411,-1,4418,4411,4419,-1,4419,4411,4410,-1,4419,4410,4420,-1,4420,4410,2266,-1,4420,2266,2267,-1,564,4409,565,-1,565,4409,4415,-1,565,4415,686,-1,4406,843,4421,-1,4406,4421,4405,-1,2278,2281,4421,-1,4421,2281,4401,-1,4421,4401,4402,-1,4402,4403,4421,-1,4421,4403,4404,-1,4421,4404,4405,-1,4421,4422,2278,-1,2278,4422,2276,-1,2291,2276,4422,-1,2291,4422,4423,-1,999,4424,4422,-1,4422,4424,4425,-1,4422,4425,4426,-1,4426,4427,4422,-1,4422,4427,4428,-1,4422,4428,4423,-1,2292,2291,4423,-1,2292,4423,4429,-1,4429,4423,4428,-1,4429,4428,4430,-1,4430,4428,4427,-1,4430,4427,4431,-1,4431,4427,4426,-1,4431,4426,4432,-1,4432,4426,4425,-1,4432,4425,4433,-1,4433,4425,4424,-1,4433,4424,4434,-1,1001,4434,1002,-1,1002,4434,4424,-1,1002,4424,999,-1,4419,4420,4435,-1,4435,4420,2267,-1,4435,2267,2263,-1,686,4415,4435,-1,4435,4415,4416,-1,4416,4417,4435,-1,4435,4417,4418,-1,4435,4418,4419,-1,4436,4435,2261,-1,2261,4435,2263,-1,4437,687,4436,-1,4436,2261,2274,-1,2274,4438,4436,-1,4436,4438,4439,-1,4436,4439,4440,-1,4440,4441,4436,-1,4436,4441,4442,-1,4436,4442,4437,-1,4443,4437,4442,-1,4443,4442,4444,-1,4444,4442,4441,-1,4444,4441,4445,-1,4445,4441,4440,-1,4445,4440,4446,-1,4446,4440,4439,-1,4446,4439,4447,-1,4447,4439,4438,-1,4447,4438,4448,-1,4448,4438,2274,-1,4448,2274,2275,-1,687,4437,688,-1,688,4437,4443,-1,688,4443,685,-1,4434,1001,4449,-1,4434,4449,4433,-1,2286,2292,4449,-1,4449,2292,4429,-1,4449,4429,4430,-1,4430,4431,4449,-1,4449,4431,4432,-1,4449,4432,4433,-1,4449,4450,2286,-1,2286,4450,2284,-1,2295,2284,4450,-1,2295,4450,4451,-1,1000,4452,4450,-1,4450,4452,4453,-1,4450,4453,4454,-1,4454,4455,4450,-1,4450,4455,4456,-1,4450,4456,4451,-1,2296,2295,4451,-1,2296,4451,4457,-1,4457,4451,4456,-1,4457,4456,4458,-1,4458,4456,4455,-1,4458,4455,4459,-1,4459,4455,4454,-1,4459,4454,4460,-1,4460,4454,4453,-1,4460,4453,4461,-1,4461,4453,4452,-1,4461,4452,4462,-1,840,4462,841,-1,841,4462,4452,-1,841,4452,1000,-1,4447,4448,4463,-1,4463,4448,2275,-1,4463,2275,2271,-1,685,4443,4463,-1,4463,4443,4444,-1,4444,4445,4463,-1,4463,4445,4446,-1,4463,4446,4447,-1,4464,4463,2269,-1,2269,4463,2271,-1,4465,678,4464,-1,4464,2269,2282,-1,2282,4466,4464,-1,4464,4466,4467,-1,4464,4467,4468,-1,4468,4469,4464,-1,4464,4469,4470,-1,4464,4470,4465,-1,4471,4465,4470,-1,4471,4470,4472,-1,4472,4470,4469,-1,4472,4469,4473,-1,4473,4469,4468,-1,4473,4468,4474,-1,4474,4468,4467,-1,4474,4467,4475,-1,4475,4467,4466,-1,4475,4466,4476,-1,4476,4466,2282,-1,4476,2282,2283,-1,678,4465,679,-1,679,4465,4471,-1,679,4471,680,-1,4462,840,4477,-1,4462,4477,4461,-1,2288,2296,4477,-1,4477,2296,4457,-1,4477,4457,4458,-1,4458,4459,4477,-1,4477,4459,4460,-1,4477,4460,4461,-1,4477,4478,2288,-1,2288,4478,2289,-1,2303,2289,4478,-1,2303,4478,4479,-1,1005,4480,4478,-1,4478,4480,4481,-1,4478,4481,4482,-1,4482,4483,4478,-1,4478,4483,4484,-1,4478,4484,4479,-1,2302,2303,4479,-1,2302,4479,4485,-1,4485,4479,4484,-1,4485,4484,4486,-1,4486,4484,4483,-1,4486,4483,4487,-1,4487,4483,4482,-1,4487,4482,4488,-1,4488,4482,4481,-1,4488,4481,4489,-1,4489,4481,4480,-1,4489,4480,4490,-1,1007,4490,1008,-1,1008,4490,4480,-1,1008,4480,1005,-1,4475,4476,4491,-1,4491,4476,2283,-1,4491,2283,2279,-1,680,4471,4491,-1,4491,4471,4472,-1,4472,4473,4491,-1,4491,4473,4474,-1,4491,4474,4475,-1,4492,4491,2277,-1,2277,4491,2279,-1,4493,681,4492,-1,4492,2277,2293,-1,2293,4494,4492,-1,4492,4494,4495,-1,4492,4495,4496,-1,4496,4497,4492,-1,4492,4497,4498,-1,4492,4498,4493,-1,4499,4493,4498,-1,4499,4498,4500,-1,4500,4498,4497,-1,4500,4497,4501,-1,4501,4497,4496,-1,4501,4496,4502,-1,4502,4496,4495,-1,4502,4495,4503,-1,4503,4495,4494,-1,4503,4494,4504,-1,4504,4494,2293,-1,4504,2293,2294,-1,4499,682,4493,-1,4493,682,681,-1,4490,1007,4505,-1,4490,4505,4489,-1,2301,2302,4505,-1,4505,2302,4485,-1,4505,4485,4486,-1,4486,4487,4505,-1,4505,4487,4488,-1,4505,4488,4489,-1,4505,4506,2301,-1,2301,4506,2300,-1,2298,2300,4506,-1,2298,4506,3382,-1,1006,3364,4506,-1,4506,3364,3377,-1,4506,3377,3375,-1,3375,3376,4506,-1,4506,3376,3371,-1,4506,3371,3382,-1,4503,4504,4507,-1,4507,4504,2294,-1,4507,2294,2287,-1,682,4499,4507,-1,4507,4499,4500,-1,4500,4501,4507,-1,4507,4501,4502,-1,4507,4502,4503,-1,4508,4507,2285,-1,2285,4507,2287,-1,3818,683,4508,-1,4508,2285,2297,-1,2297,3821,4508,-1,4508,3821,3820,-1,4508,3820,3824,-1,3824,3823,4508,-1,4508,3823,3826,-1,4508,3826,3818,-1,884,883,4057,-1,4057,883,4058,-1,4071,4072,718,-1,718,4072,719,-1,882,881,4085,-1,4085,881,4086,-1,4099,4100,717,-1,717,4100,552,-1,976,975,4113,-1,4113,975,4114,-1,4127,4128,714,-1,714,4128,715,-1,858,978,4141,-1,4141,978,4142,-1,4155,4156,713,-1,713,4156,555,-1,980,979,4169,-1,4169,979,4170,-1,4183,4184,710,-1,710,4184,711,-1,855,982,4197,-1,4197,982,4198,-1,4211,4212,709,-1,709,4212,701,-1,984,983,4225,-1,4225,983,4226,-1,4239,4240,703,-1,703,4240,704,-1,852,986,4253,-1,4253,986,4254,-1,4267,4268,698,-1,698,4268,699,-1,988,987,4281,-1,4281,987,4282,-1,4295,4296,697,-1,697,4296,558,-1,849,992,4309,-1,4309,992,4310,-1,4323,4324,694,-1,694,4324,695,-1,991,990,4337,-1,4337,990,4338,-1,4351,4352,693,-1,693,4352,561,-1,846,993,4365,-1,4365,993,4366,-1,4379,4380,690,-1,690,4380,691,-1,995,994,4393,-1,4393,994,4394,-1,4407,4408,689,-1,689,4408,564,-1,843,999,4421,-1,4421,999,4422,-1,4435,4436,686,-1,686,4436,687,-1,1001,1000,4449,-1,4449,1000,4450,-1,4463,4464,685,-1,685,4464,678,-1,840,1005,4477,-1,4477,1005,4478,-1,4491,4492,680,-1,680,4492,681,-1,1007,1006,4505,-1,4505,1006,4506,-1,4507,4508,682,-1,682,4508,683,-1,
        ]
    }
}
Shape{
    appearance Appearance {
        material  Material 	{
            diffuseColor 0.7529411764705882 0.7529411764705882 0.7529411764705882
            specularColor 0.3764705882352941 0.3764705882352941 0.3764705882352941
            ambientIntensity 0.2
            transparency 0
            shininess 0.5
        }
    }
    geometry IndexedFaceSet {
        ccw TRUE
        solid FALSE
        coord DEF co Coordinate {
            point [
                1.5551 0.7087 -0.0, 1.5551 0.7087 0.0315, 1.6732 0.7087 -0.0, 1.6732 0.7087 0.0315, 1.5459 0.5407 -0.0, 1.5509 0.5472 -0.0, 1.7126 0.3937 -0.0, 1.7126 0.5315 -0.0, 1.7047 0.5315 -0.0, 1.6966 0.5326 -0.0, 1.5157 0.5315 -0.0, 1.5236 0.5315 -0.0, 1.5157 0.3937 -0.0, 1.5318 0.5326 -0.0, 1.5394 0.5357 -0.0, 1.5551 0.563 -0.0, 1.6743 0.5548 -0.0, 1.6774 0.5472 -0.0, 1.6825 0.5407 -0.0, 1.689 0.5357 -0.0, 1.554 0.5548 -0.0, 1.6732 0.563 -0.0, 1.5236 0.5315 0.0157, 1.5318 0.5326 0.0157, 1.5394 0.5357 0.0157, 1.5459 0.5407 0.0157, 1.5509 0.5472 0.0157, 1.554 0.5548 0.0157, 1.5551 0.563 0.0157, 1.5551 0.5709 0.0157, 1.5551 0.576 0.0164, 1.5551 0.5807 0.0184, 1.5551 0.5848 0.0215, 1.5551 0.5902 0.0315, 1.5551 0.5899 0.0303, 1.5551 0.5879 0.0256, 1.7047 0.5315 0.0157, 1.6966 0.5326 0.0157, 1.689 0.5357 0.0157, 1.6825 0.5407 0.0157, 1.6774 0.5472 0.0157, 1.6743 0.5548 0.0157, 1.6732 0.563 0.0157, 1.6732 0.5709 0.0157, 1.6732 0.5902 0.0315, 1.6732 0.5899 0.0303, 1.6732 0.5879 0.0256, 1.6732 0.5848 0.0215, 1.6732 0.5807 0.0184, 1.6732 0.576 0.0164, 1.4866 0.3937 0.0072, 1.5007 0.3937 0.0018, 1.7276 0.3937 0.0018, 1.7418 0.3937 0.0072, 1.7543 0.3937 0.0157, 1.4741 0.3937 0.0157, 1.7543 0.5315 0.0157, 1.7418 0.5315 0.0072, 1.7276 0.5315 0.0018, 1.5007 0.5315 0.0018, 1.4866 0.5315 0.0072, 1.4741 0.5315 0.0157, 1.5551 -0.7087 0.0315, 1.5551 -0.7087 -0.0, 1.6732 -0.7087 0.0315, 1.6732 -0.7087 -0.0, 1.6825 -0.5407 -0.0, 1.6774 -0.5472 -0.0, 1.5157 -0.3937 -0.0, 1.7126 -0.5315 -0.0, 1.7047 -0.5315 -0.0, 1.7126 -0.3937 -0.0, 1.6966 -0.5326 -0.0, 1.689 -0.5357 -0.0, 1.5394 -0.5357 -0.0, 1.5459 -0.5407 -0.0, 1.5509 -0.5472 -0.0, 1.6743 -0.5548 -0.0, 1.5318 -0.5326 -0.0, 1.5236 -0.5315 -0.0, 1.5157 -0.5315 -0.0, 1.6732 -0.563 -0.0, 1.5551 -0.563 -0.0, 1.554 -0.5548 -0.0, 1.7047 -0.5315 0.0157, 1.6966 -0.5326 0.0157, 1.689 -0.5357 0.0157, 1.6825 -0.5407 0.0157, 1.6774 -0.5472 0.0157, 1.6743 -0.5548 0.0157, 1.6732 -0.563 0.0157, 1.6732 -0.5902 0.0315, 1.6732 -0.5899 0.0303, 1.6732 -0.5879 0.0256, 1.6732 -0.5848 0.0215, 1.6732 -0.5709 0.0157, 1.6732 -0.576 0.0164, 1.6732 -0.5807 0.0184, 1.5236 -0.5315 0.0157, 1.5318 -0.5326 0.0157, 1.5394 -0.5357 0.0157, 1.5459 -0.5407 0.0157, 1.5509 -0.5472 0.0157, 1.554 -0.5548 0.0157, 1.5551 -0.563 0.0157, 1.5551 -0.5709 0.0157, 1.5551 -0.5902 0.0315, 1.5551 -0.5899 0.0303, 1.5551 -0.5879 0.0256, 1.5551 -0.5848 0.0215, 1.5551 -0.5807 0.0184, 1.5551 -0.576 0.0164, 1.7418 -0.3937 0.0072, 1.7276 -0.3937 0.0018, 1.5007 -0.3937 0.0018, 1.4866 -0.3937 0.0072, 1.4741 -0.3937 0.0157, 1.7543 -0.3937 0.0157, 1.7543 -0.5315 0.0157, 1.7418 -0.5315 0.0072, 1.7276 -0.5315 0.0018, 1.5007 -0.5315 0.0018, 1.4866 -0.5315 0.0072, 1.4741 -0.5315 0.0157, 1.7441 0.0984 0.3425, 1.7441 0.0984 0.2677, 1.7441 -0.0984 0.3425, 1.7441 -0.0984 0.2677, 1.7756 0.0984 0.2677, 1.7756 0.0984 0.3425, 1.7756 -0.0984 0.2677, 1.7756 -0.0984 0.3425, -1.5551 0.7087 0.0315, -1.5551 0.7087 -0.0, -1.6732 0.7087 0.0315, -1.6732 0.7087 -0.0, -1.6825 0.5407 -0.0, -1.6774 0.5472 -0.0, -1.5157 0.3937 -0.0, -1.7126 0.5315 -0.0, -1.7047 0.5315 -0.0, -1.7126 0.3937 -0.0, -1.6966 0.5326 -0.0, -1.689 0.5357 -0.0, -1.6743 0.5548 -0.0, -1.5509 0.5472 -0.0, -1.5459 0.5407 -0.0, -1.5394 0.5357 -0.0, -1.5318 0.5326 -0.0, -1.5236 0.5315 -0.0, -1.5157 0.5315 -0.0, -1.6732 0.563 -0.0, -1.5551 0.563 -0.0, -1.554 0.5548 -0.0, -1.5551 0.563 0.0157, -1.554 0.5548 0.0157, -1.5509 0.5472 0.0157, -1.5459 0.5407 0.0157, -1.5394 0.5357 0.0157, -1.5318 0.5326 0.0157, -1.5236 0.5315 0.0157, -1.5551 0.5709 0.0157, -1.5551 0.5902 0.0315, -1.5551 0.5899 0.0303, -1.5551 0.5879 0.0256, -1.5551 0.5848 0.0215, -1.5551 0.5807 0.0184, -1.5551 0.576 0.0164, -1.6732 0.563 0.0157, -1.6743 0.5548 0.0157, -1.6774 0.5472 0.0157, -1.6825 0.5407 0.0157, -1.689 0.5357 0.0157, -1.6966 0.5326 0.0157, -1.7047 0.5315 0.0157, -1.6732 0.5902 0.0315, -1.6732 0.5899 0.0303, -1.6732 0.5879 0.0256, -1.6732 0.5848 0.0215, -1.6732 0.5709 0.0157, -1.6732 0.576 0.0164, -1.6732 0.5807 0.0184, -1.7418 0.3937 0.0072, -1.7276 0.3937 0.0018, -1.5007 0.3937 0.0018, -1.4866 0.3937 0.0072, -1.4741 0.3937 0.0157, -1.7543 0.3937 0.0157, -1.7276 0.5315 0.0018, -1.7418 0.5315 0.0072, -1.7543 0.5315 0.0157, -1.4741 0.5315 0.0157, -1.4866 0.5315 0.0072, -1.5007 0.5315 0.0018, -1.5551 -0.7087 -0.0, -1.5551 -0.7087 0.0315, -1.6732 -0.7087 -0.0, -1.6732 -0.7087 0.0315, -1.5459 -0.5407 -0.0, -1.5509 -0.5472 -0.0, -1.7126 -0.3937 -0.0, -1.5157 -0.5315 -0.0, -1.5236 -0.5315 -0.0, -1.5157 -0.3937 -0.0, -1.5318 -0.5326 -0.0, -1.5394 -0.5357 -0.0, -1.7126 -0.5315 -0.0, -1.7047 -0.5315 -0.0, -1.6966 -0.5326 -0.0, -1.5551 -0.563 -0.0, -1.6743 -0.5548 -0.0, -1.6774 -0.5472 -0.0, -1.6825 -0.5407 -0.0, -1.689 -0.5357 -0.0, -1.554 -0.5548 -0.0, -1.6732 -0.563 -0.0, -1.6732 -0.563 0.0157, -1.6743 -0.5548 0.0157, -1.6774 -0.5472 0.0157, -1.6825 -0.5407 0.0157, -1.689 -0.5357 0.0157, -1.6966 -0.5326 0.0157, -1.7047 -0.5315 0.0157, -1.6732 -0.5709 0.0157, -1.6732 -0.5902 0.0315, -1.6732 -0.5899 0.0303, -1.6732 -0.5879 0.0256, -1.6732 -0.5848 0.0215, -1.6732 -0.5807 0.0184, -1.6732 -0.576 0.0164, -1.5551 -0.563 0.0157, -1.554 -0.5548 0.0157, -1.5509 -0.5472 0.0157, -1.5459 -0.5407 0.0157, -1.5394 -0.5357 0.0157, -1.5318 -0.5326 0.0157, -1.5236 -0.5315 0.0157, -1.5551 -0.5709 0.0157, -1.5551 -0.576 0.0164, -1.5551 -0.5807 0.0184, -1.5551 -0.5848 0.0215, -1.5551 -0.5902 0.0315, -1.5551 -0.5899 0.0303, -1.5551 -0.5879 0.0256, -1.4866 -0.3937 0.0072, -1.5007 -0.3937 0.0018, -1.7276 -0.3937 0.0018, -1.7418 -0.3937 0.0072, -1.7543 -0.3937 0.0157, -1.4741 -0.3937 0.0157, -1.7276 -0.5315 0.0018, -1.7418 -0.5315 0.0072, -1.7543 -0.5315 0.0157, -1.4741 -0.5315 0.0157, -1.4866 -0.5315 0.0072, -1.5007 -0.5315 0.0018, -1.7441 -0.0984 0.2677, -1.7441 0.0984 0.2677, -1.7441 -0.0984 0.3425, -1.7441 0.0984 0.3425, -1.7756 -0.0984 0.3425, -1.7756 0.0984 0.3425, -1.7756 -0.0984 0.2677, -1.7756 0.0984 0.2677, -1.7756 0.0984 0.2677
            ]
        }
        coordIndex [
            0,1,2,-1,2,1,3,-1,4,5,6,-1,7,6,8,-1,8,6,9,-1,10,11,12,-1,12,11,13,-1,12,13,6,-1,6,13,14,-1,6,14,4,-1,15,0,2,-1,16,17,5,-1,5,17,18,-1,5,18,6,-1,6,18,19,-1,6,19,9,-1,5,20,16,-1,16,20,15,-1,16,15,21,-1,21,15,2,-1,11,22,13,-1,13,22,23,-1,13,23,14,-1,14,23,24,-1,14,24,4,-1,4,24,25,-1,4,25,5,-1,5,25,26,-1,5,26,20,-1,20,26,27,-1,20,27,15,-1,15,27,28,-1,28,29,15,-1,15,29,30,-1,15,30,0,-1,0,30,31,-1,0,31,32,-1,33,1,34,-1,34,1,0,-1,34,0,35,-1,35,0,32,-1,36,8,37,-1,37,8,9,-1,37,9,38,-1,38,9,19,-1,38,19,39,-1,39,19,18,-1,39,18,40,-1,40,18,17,-1,40,17,41,-1,41,17,16,-1,41,16,42,-1,42,16,21,-1,43,42,21,-1,3,44,2,-1,2,44,45,-1,2,45,46,-1,46,47,2,-1,2,47,48,-1,2,48,21,-1,21,48,49,-1,21,49,43,-1,3,1,44,-1,44,1,33,-1,50,51,12,-1,52,53,6,-1,6,53,54,-1,6,54,12,-1,12,54,55,-1,12,55,50,-1,56,54,53,-1,56,53,57,-1,57,53,52,-1,57,52,58,-1,58,52,6,-1,58,6,7,-1,10,12,51,-1,10,51,59,-1,59,51,50,-1,59,50,60,-1,60,50,55,-1,60,55,61,-1,22,11,10,-1,10,59,22,-1,22,59,60,-1,22,60,61,-1,36,56,57,-1,57,58,36,-1,36,58,7,-1,36,7,8,-1,62,63,64,-1,64,63,65,-1,66,67,68,-1,69,70,71,-1,71,70,72,-1,71,72,68,-1,68,72,73,-1,68,73,66,-1,74,68,75,-1,75,68,67,-1,75,67,76,-1,76,67,77,-1,74,78,68,-1,68,78,79,-1,68,79,80,-1,65,63,81,-1,81,63,82,-1,81,82,77,-1,77,82,83,-1,77,83,76,-1,70,84,72,-1,72,84,85,-1,72,85,73,-1,73,85,86,-1,73,86,66,-1,66,86,87,-1,66,87,67,-1,67,87,88,-1,67,88,77,-1,77,88,89,-1,77,89,81,-1,81,89,90,-1,91,64,92,-1,92,64,65,-1,92,65,93,-1,93,65,94,-1,90,95,81,-1,81,95,96,-1,81,96,65,-1,65,96,97,-1,65,97,94,-1,98,79,99,-1,99,79,78,-1,99,78,100,-1,100,78,74,-1,100,74,101,-1,101,74,75,-1,101,75,102,-1,102,75,76,-1,102,76,103,-1,103,76,83,-1,103,83,104,-1,104,83,82,-1,105,104,82,-1,62,106,63,-1,63,106,107,-1,63,107,108,-1,108,109,63,-1,63,109,110,-1,63,110,82,-1,82,110,111,-1,82,111,105,-1,62,64,106,-1,106,64,91,-1,112,113,71,-1,114,115,68,-1,68,115,116,-1,68,116,71,-1,71,116,117,-1,71,117,112,-1,117,118,119,-1,117,119,112,-1,112,119,120,-1,112,120,113,-1,113,120,69,-1,113,69,71,-1,68,80,121,-1,68,121,114,-1,114,121,122,-1,114,122,115,-1,115,122,123,-1,115,123,116,-1,98,123,122,-1,122,121,98,-1,98,121,80,-1,98,80,79,-1,84,70,69,-1,69,120,84,-1,84,120,119,-1,84,119,118,-1,124,125,126,-1,126,125,127,-1,128,129,130,-1,130,129,131,-1,131,129,126,-1,126,129,124,-1,132,133,134,-1,134,133,135,-1,136,137,138,-1,139,140,141,-1,141,140,142,-1,141,142,138,-1,138,142,143,-1,138,143,136,-1,144,145,137,-1,137,145,146,-1,137,146,138,-1,138,146,147,-1,147,148,138,-1,138,148,149,-1,138,149,150,-1,135,133,151,-1,151,133,152,-1,151,152,144,-1,144,152,153,-1,144,153,145,-1,152,154,153,-1,153,154,155,-1,153,155,145,-1,145,155,156,-1,145,156,146,-1,146,156,157,-1,146,157,147,-1,147,157,158,-1,147,158,148,-1,148,158,159,-1,148,159,149,-1,149,159,160,-1,161,154,152,-1,132,162,133,-1,133,162,163,-1,133,163,164,-1,164,165,133,-1,133,165,166,-1,133,166,152,-1,152,166,167,-1,152,167,161,-1,168,151,169,-1,169,151,144,-1,169,144,170,-1,170,144,137,-1,170,137,171,-1,171,137,136,-1,171,136,172,-1,172,136,143,-1,172,143,173,-1,173,143,142,-1,173,142,174,-1,174,142,140,-1,175,134,176,-1,176,134,135,-1,176,135,177,-1,177,135,178,-1,168,179,151,-1,151,179,180,-1,151,180,135,-1,135,180,181,-1,135,181,178,-1,162,132,175,-1,175,132,134,-1,182,183,141,-1,184,185,138,-1,138,185,186,-1,138,186,141,-1,141,186,187,-1,141,187,182,-1,139,141,183,-1,139,183,188,-1,188,183,182,-1,188,182,189,-1,189,182,187,-1,189,187,190,-1,191,186,185,-1,191,185,192,-1,192,185,184,-1,192,184,193,-1,193,184,138,-1,193,138,150,-1,160,191,192,-1,192,193,160,-1,160,193,150,-1,160,150,149,-1,174,140,139,-1,139,188,174,-1,174,188,189,-1,174,189,190,-1,194,195,196,-1,196,195,197,-1,198,199,200,-1,201,202,203,-1,203,202,204,-1,203,204,200,-1,200,204,205,-1,200,205,198,-1,206,200,207,-1,207,200,208,-1,209,194,196,-1,210,211,199,-1,199,211,212,-1,199,212,200,-1,200,212,213,-1,200,213,208,-1,199,214,210,-1,210,214,209,-1,210,209,215,-1,215,209,196,-1,215,216,210,-1,210,216,217,-1,210,217,211,-1,211,217,218,-1,211,218,212,-1,212,218,219,-1,212,219,213,-1,213,219,220,-1,213,220,208,-1,208,220,221,-1,208,221,207,-1,207,221,222,-1,223,216,215,-1,197,224,196,-1,196,224,225,-1,196,225,226,-1,226,227,196,-1,196,227,228,-1,196,228,215,-1,215,228,229,-1,215,229,223,-1,230,209,231,-1,231,209,214,-1,231,214,232,-1,232,214,199,-1,232,199,233,-1,233,199,198,-1,233,198,234,-1,234,198,205,-1,234,205,235,-1,235,205,204,-1,235,204,236,-1,236,204,202,-1,230,237,209,-1,209,237,238,-1,209,238,194,-1,194,238,239,-1,194,239,240,-1,241,195,242,-1,242,195,194,-1,242,194,243,-1,243,194,240,-1,224,197,241,-1,241,197,195,-1,244,245,203,-1,246,247,200,-1,200,247,248,-1,200,248,203,-1,203,248,249,-1,203,249,244,-1,200,206,250,-1,200,250,246,-1,246,250,251,-1,246,251,247,-1,247,251,252,-1,247,252,248,-1,249,253,254,-1,249,254,244,-1,244,254,255,-1,244,255,245,-1,245,255,201,-1,245,201,203,-1,236,202,201,-1,201,255,236,-1,236,255,254,-1,236,254,253,-1,222,252,251,-1,251,250,222,-1,222,250,206,-1,222,206,207,-1,256,257,258,-1,258,257,259,-1,260,261,262,-1,262,261,263,-1,259,261,258,-1,258,261,260,-1,
        ]
    }
}
Shape{
    appearance Appearance {
        material  Material 	{
            diffuseColor 0.25098039215686274 0.25098039215686274 0.25098039215686274
            specularColor 0.12549019607843137 0.12549019607843137 0.12549019607843137
            ambientIntensity 0.2
            transparency 0
            shininess 0.5
        }
    }
    geometry IndexedFaceSet {
        ccw TRUE
        solid FALSE
        coord DEF co Coordinate {
            point [
                -1.2913 0.3322 0.243, -1.2913 0.3307 0.2568, -1.2913 0.3372 0.23, -1.2913 0.3327 0.2705, -1.2913 0.338 0.2833, -1.2913 -0.338 0.2833, -1.2913 -0.3327 0.2705, -1.2913 -0.3372 0.23, -1.2913 -0.3307 0.2568, -1.2913 -0.3322 0.243, -1.1339 0.3322 0.243, -1.1339 0.3307 0.2568, -1.1339 0.3372 0.23, -1.1339 0.3327 0.2705, -1.1339 0.338 0.2833, -1.1339 -0.338 0.2833, -1.1339 -0.3327 0.2705, -1.1339 -0.3372 0.23, -1.1339 -0.3307 0.2568, -1.1339 -0.3322 0.243, -0.9764 0.3322 0.243, -0.9764 0.3307 0.2568, -0.9764 0.3372 0.23, -0.9764 0.3327 0.2705, -0.9764 0.338 0.2833, -0.9764 -0.338 0.2833, -0.9764 -0.3327 0.2705, -0.9764 -0.3372 0.23, -0.9764 -0.3307 0.2568, -0.9764 -0.3322 0.243, -0.8189 0.3322 0.243, -0.8189 0.3307 0.2568, -0.8189 0.3372 0.23, -0.8189 0.3327 0.2705, -0.8189 0.338 0.2833, -0.8189 -0.338 0.2833, -0.8189 -0.3327 0.2705, -0.8189 -0.3372 0.23, -0.8189 -0.3307 0.2568, -0.8189 -0.3322 0.243, -0.6614 0.3322 0.243, -0.6614 0.3307 0.2568, -0.6614 0.3372 0.23, -0.6614 0.3327 0.2705, -0.6614 0.338 0.2833, -0.6614 -0.338 0.2833, -0.6614 -0.3327 0.2705, -0.6614 -0.3372 0.23, -0.6614 -0.3307 0.2568, -0.6614 -0.3322 0.243, -0.5039 0.3322 0.243, -0.5039 0.3307 0.2568, -0.5039 0.3372 0.23, -0.5039 0.3327 0.2705, -0.5039 0.338 0.2833, -0.5039 -0.338 0.2833, -0.5039 -0.3327 0.2705, -0.5039 -0.3372 0.23, -0.5039 -0.3307 0.2568, -0.5039 -0.3322 0.243, -0.3465 0.3322 0.243, -0.3465 0.3307 0.2568, -0.3465 0.3372 0.23, -0.3465 0.3327 0.2705, -0.3465 0.338 0.2833, -0.3465 -0.338 0.2833, -0.3465 -0.3327 0.2705, -0.3465 -0.3372 0.23, -0.3465 -0.3307 0.2568, -0.3465 -0.3322 0.243, -0.189 0.3322 0.243, -0.189 0.3307 0.2568, -0.189 0.3372 0.23, -0.189 0.3327 0.2705, -0.189 0.338 0.2833, -0.189 -0.338 0.2833, -0.189 -0.3327 0.2705, -0.189 -0.3372 0.23, -0.189 -0.3307 0.2568, -0.189 -0.3322 0.243, -0.0315 0.3322 0.243, -0.0315 0.3307 0.2568, -0.0315 0.3372 0.23, -0.0315 0.3327 0.2705, -0.0315 0.338 0.2833, -0.0315 -0.338 0.2833, -0.0315 -0.3327 0.2705, -0.0315 -0.3372 0.23, -0.0315 -0.3307 0.2568, -0.0315 -0.3322 0.243, 0.126 0.3322 0.243, 0.126 0.3307 0.2568, 0.126 0.3372 0.23, 0.126 0.3327 0.2705, 0.126 0.338 0.2833, 0.126 -0.338 0.2833, 0.126 -0.3327 0.2705, 0.126 -0.3372 0.23, 0.126 -0.3307 0.2568, 0.126 -0.3322 0.243, 0.2835 0.3322 0.243, 0.2835 0.3307 0.2568, 0.2835 0.3372 0.23, 0.2835 0.3327 0.2705, 0.2835 0.338 0.2833, 0.2835 -0.338 0.2833, 0.2835 -0.3327 0.2705, 0.2835 -0.3372 0.23, 0.2835 -0.3307 0.2568, 0.2835 -0.3322 0.243, 0.4409 0.3322 0.243, 0.4409 0.3307 0.2568, 0.4409 0.3372 0.23, 0.4409 0.3327 0.2705, 0.4409 0.338 0.2833, 0.4409 -0.338 0.2833, 0.4409 -0.3327 0.2705, 0.4409 -0.3372 0.23, 0.4409 -0.3307 0.2568, 0.4409 -0.3322 0.243, 0.5984 0.3322 0.243, 0.5984 0.3307 0.2568, 0.5984 0.3372 0.23, 0.5984 0.3327 0.2705, 0.5984 0.338 0.2833, 0.5984 -0.338 0.2833, 0.5984 -0.3327 0.2705, 0.5984 -0.3372 0.23, 0.5984 -0.3307 0.2568, 0.5984 -0.3322 0.243, 0.7559 0.3322 0.243, 0.7559 0.3307 0.2568, 0.7559 0.3372 0.23, 0.7559 0.3327 0.2705, 0.7559 0.338 0.2833, 0.7559 -0.338 0.2833, 0.7559 -0.3327 0.2705, 0.7559 -0.3372 0.23, 0.7559 -0.3307 0.2568, 0.7559 -0.3322 0.243, 0.9134 0.3322 0.243, 0.9134 0.3307 0.2568, 0.9134 0.3372 0.23, 0.9134 0.3327 0.2705, 0.9134 0.338 0.2833, 0.9134 -0.338 0.2833, 0.9134 -0.3327 0.2705, 0.9134 -0.3372 0.23, 0.9134 -0.3307 0.2568, 0.9134 -0.3322 0.243, 1.0709 0.3322 0.243, 1.0709 0.3307 0.2568, 1.0709 0.3372 0.23, 1.0709 0.3327 0.2705, 1.0709 0.338 0.2833, 1.0709 -0.338 0.2833, 1.0709 -0.3327 0.2705, 1.0709 -0.3372 0.23, 1.0709 -0.3307 0.2568, 1.0709 -0.3322 0.243, 1.2283 0.3322 0.243, 1.2283 0.3307 0.2568, 1.2283 0.3372 0.23, 1.2283 0.3327 0.2705, 1.2283 0.338 0.2833, 1.2283 -0.338 0.2833, 1.2283 -0.3327 0.2705, 1.2283 -0.3372 0.23, 1.2283 -0.3307 0.2568, 1.2283 -0.3322 0.243, 1.3287 0.3381 0.2907, 1.2894 0.3381 0.2907, 1.3287 0.3421 0.2956, 1.2894 0.3421 0.2956, 1.3287 0.3409 0.2176, 1.2894 0.3409 0.2176, 1.3287 0.337 0.2226, 1.2894 0.337 0.2226, 1.1713 0.3381 0.2907, 1.1319 0.3381 0.2907, 1.1713 0.3421 0.2956, 1.1319 0.3421 0.2956, 1.1713 0.3409 0.2176, 1.1319 0.3409 0.2176, 1.1713 0.337 0.2226, 1.1319 0.337 0.2226, 1.0138 0.3381 0.2907, 0.9744 0.3381 0.2907, 1.0138 0.3421 0.2956, 0.9744 0.3421 0.2956, 1.0138 0.3409 0.2176, 0.9744 0.3409 0.2176, 1.0138 0.337 0.2226, 0.9744 0.337 0.2226, 0.8563 0.3381 0.2907, 0.8169 0.3381 0.2907, 0.8563 0.3421 0.2956, 0.8169 0.3421 0.2956, 0.8563 0.3409 0.2176, 0.8169 0.3409 0.2176, 0.8563 0.337 0.2226, 0.8169 0.337 0.2226, 0.6988 0.3381 0.2907, 0.6594 0.3381 0.2907, 0.6988 0.3421 0.2956, 0.6594 0.3421 0.2956, 0.6988 0.3409 0.2176, 0.6594 0.3409 0.2176, 0.6988 0.337 0.2226, 0.6594 0.337 0.2226, 0.5413 0.3381 0.2907, 0.502 0.3381 0.2907, 0.5413 0.3421 0.2956, 0.502 0.3421 0.2956, 0.5413 0.3409 0.2176, 0.502 0.3409 0.2176, 0.5413 0.337 0.2226, 0.502 0.337 0.2226, 0.3839 0.3381 0.2907, 0.3445 0.3381 0.2907, 0.3839 0.3421 0.2956, 0.3445 0.3421 0.2956, 0.3839 0.3409 0.2176, 0.3445 0.3409 0.2176, 0.3839 0.337 0.2226, 0.3445 0.337 0.2226, 0.2264 0.3381 0.2907, 0.187 0.3381 0.2907, 0.2264 0.3421 0.2956, 0.187 0.3421 0.2956, 0.2264 0.3409 0.2176, 0.187 0.3409 0.2176, 0.2264 0.337 0.2226, 0.187 0.337 0.2226, 0.0689 0.3381 0.2907, 0.0295 0.3381 0.2907, 0.0689 0.3421 0.2956, 0.0295 0.3421 0.2956, 0.0689 0.3409 0.2176, 0.0295 0.3409 0.2176, 0.0689 0.337 0.2226, 0.0295 0.337 0.2226, -0.0886 0.3381 0.2907, -0.128 0.3381 0.2907, -0.0886 0.3421 0.2956, -0.128 0.3421 0.2956, -0.0886 0.3409 0.2176, -0.128 0.3409 0.2176, -0.0886 0.337 0.2226, -0.128 0.337 0.2226, -0.2461 0.3381 0.2907, -0.2854 0.3381 0.2907, -0.2461 0.3421 0.2956, -0.2854 0.3421 0.2956, -0.2461 0.3409 0.2176, -0.2854 0.3409 0.2176, -0.2461 0.337 0.2226, -0.2854 0.337 0.2226, -0.4035 0.3381 0.2907, -0.4429 0.3381 0.2907, -0.4035 0.3421 0.2956, -0.4429 0.3421 0.2956, -0.4035 0.3409 0.2176, -0.4429 0.3409 0.2176, -0.4035 0.337 0.2226, -0.4429 0.337 0.2226, -0.561 0.3381 0.2907, -0.6004 0.3381 0.2907, -0.561 0.3421 0.2956, -0.6004 0.3421 0.2956, -0.561 0.3409 0.2176, -0.6004 0.3409 0.2176, -0.561 0.337 0.2226, -0.6004 0.337 0.2226, -0.7185 0.3381 0.2907, -0.7579 0.3381 0.2907, -0.7185 0.3421 0.2956, -0.7579 0.3421 0.2956, -0.7185 0.3409 0.2176, -0.7579 0.3409 0.2176, -0.7185 0.337 0.2226, -0.7579 0.337 0.2226, -0.876 0.3381 0.2907, -0.9154 0.3381 0.2907, -0.876 0.3421 0.2956, -0.9154 0.3421 0.2956, -0.876 0.3409 0.2176, -0.9154 0.3409 0.2176, -0.876 0.337 0.2226, -0.9154 0.337 0.2226, -1.0335 0.3381 0.2907, -1.0728 0.3381 0.2907, -1.0335 0.3421 0.2956, -1.0728 0.3421 0.2956, -1.0335 0.3409 0.2176, -1.0728 0.3409 0.2176, -1.0335 0.337 0.2226, -1.0728 0.337 0.2226, -1.1909 0.3381 0.2907, -1.2303 0.3381 0.2907, -1.1909 0.3421 0.2956, -1.2303 0.3421 0.2956, -1.1909 0.3409 0.2176, -1.2303 0.3409 0.2176, -1.1909 0.337 0.2226, -1.2303 0.337 0.2226, 1.3287 -0.337 0.2226, 1.2894 -0.337 0.2226, 1.3287 -0.3409 0.2176, 1.2894 -0.3409 0.2176, 1.3287 -0.3421 0.2956, 1.2894 -0.3421 0.2956, 1.3287 -0.3381 0.2907, 1.2894 -0.3381 0.2907, 1.1713 -0.337 0.2226, 1.1319 -0.337 0.2226, 1.1713 -0.3409 0.2176, 1.1319 -0.3409 0.2176, 1.1713 -0.3421 0.2956, 1.1319 -0.3421 0.2956, 1.1713 -0.3381 0.2907, 1.1319 -0.3381 0.2907, 1.0138 -0.337 0.2226, 0.9744 -0.337 0.2226, 1.0138 -0.3409 0.2176, 0.9744 -0.3409 0.2176, 1.0138 -0.3421 0.2956, 0.9744 -0.3421 0.2956, 1.0138 -0.3381 0.2907, 0.9744 -0.3381 0.2907, 0.8563 -0.337 0.2226, 0.8169 -0.337 0.2226, 0.8563 -0.3409 0.2176, 0.8169 -0.3409 0.2176, 0.8563 -0.3421 0.2956, 0.8169 -0.3421 0.2956, 0.8563 -0.3381 0.2907, 0.8169 -0.3381 0.2907, 0.6988 -0.337 0.2226, 0.6594 -0.337 0.2226, 0.6988 -0.3409 0.2176, 0.6594 -0.3409 0.2176, 0.6988 -0.3421 0.2956, 0.6594 -0.3421 0.2956, 0.6988 -0.3381 0.2907, 0.6594 -0.3381 0.2907, 0.5413 -0.337 0.2226, 0.502 -0.337 0.2226, 0.5413 -0.3409 0.2176, 0.502 -0.3409 0.2176, 0.5413 -0.3421 0.2956, 0.502 -0.3421 0.2956, 0.5413 -0.3381 0.2907, 0.502 -0.3381 0.2907, 0.3839 -0.337 0.2226, 0.3445 -0.337 0.2226, 0.3839 -0.3409 0.2176, 0.3445 -0.3409 0.2176, 0.3839 -0.3421 0.2956, 0.3445 -0.3421 0.2956, 0.3839 -0.3381 0.2907, 0.3445 -0.3381 0.2907, 0.2264 -0.337 0.2226, 0.187 -0.337 0.2226, 0.2264 -0.3409 0.2176, 0.187 -0.3409 0.2176, 0.2264 -0.3421 0.2956, 0.187 -0.3421 0.2956, 0.2264 -0.3381 0.2907, 0.187 -0.3381 0.2907, 0.0689 -0.337 0.2226, 0.0295 -0.337 0.2226, 0.0689 -0.3409 0.2176, 0.0295 -0.3409 0.2176, 0.0689 -0.3421 0.2956, 0.0295 -0.3421 0.2956, 0.0689 -0.3381 0.2907, 0.0295 -0.3381 0.2907, -0.0886 -0.337 0.2226, -0.128 -0.337 0.2226, -0.0886 -0.3409 0.2176, -0.128 -0.3409 0.2176, -0.0886 -0.3421 0.2956, -0.128 -0.3421 0.2956, -0.0886 -0.3381 0.2907, -0.128 -0.3381 0.2907, -0.2461 -0.337 0.2226, -0.2854 -0.337 0.2226, -0.2461 -0.3409 0.2176, -0.2854 -0.3409 0.2176, -0.2461 -0.3421 0.2956, -0.2854 -0.3421 0.2956, -0.2461 -0.3381 0.2907, -0.2854 -0.3381 0.2907, -0.4035 -0.337 0.2226, -0.4429 -0.337 0.2226, -0.4035 -0.3409 0.2176, -0.4429 -0.3409 0.2176, -0.4035 -0.3421 0.2956, -0.4429 -0.3421 0.2956, -0.4035 -0.3381 0.2907, -0.4429 -0.3381 0.2907, -0.561 -0.337 0.2226, -0.6004 -0.337 0.2226, -0.561 -0.3409 0.2176, -0.6004 -0.3409 0.2176, -0.561 -0.3421 0.2956, -0.6004 -0.3421 0.2956, -0.561 -0.3381 0.2907, -0.6004 -0.3381 0.2907, -0.7185 -0.337 0.2226, -0.7579 -0.337 0.2226, -0.7185 -0.3409 0.2176, -0.7579 -0.3409 0.2176, -0.7185 -0.3421 0.2956, -0.7579 -0.3421 0.2956, -0.7185 -0.3381 0.2907, -0.7579 -0.3381 0.2907, -0.876 -0.337 0.2226, -0.9154 -0.337 0.2226, -0.876 -0.3409 0.2176, -0.9154 -0.3409 0.2176, -0.876 -0.3421 0.2956, -0.9154 -0.3421 0.2956, -0.876 -0.3381 0.2907, -0.9154 -0.3381 0.2907, -1.0335 -0.337 0.2226, -1.0728 -0.337 0.2226, -1.0335 -0.3409 0.2176, -1.0728 -0.3409 0.2176, -1.0335 -0.3421 0.2956, -1.0728 -0.3421 0.2956, -1.0335 -0.3381 0.2907, -1.0728 -0.3381 0.2907, -1.1909 -0.337 0.2226, -1.2303 -0.337 0.2226, -1.1909 -0.3409 0.2176, -1.2303 -0.3409 0.2176, -1.1909 -0.3421 0.2956, -1.2303 -0.3421 0.2956, -1.1909 -0.3381 0.2907, -1.2303 -0.3381 0.2907, -1.2303 -0.3381 0.2907
            ]
        }
        coordIndex [
            0,1,2,-1,2,1,3,-1,2,3,4,-1,5,6,7,-1,7,6,8,-1,7,8,9,-1,10,11,12,-1,12,11,13,-1,12,13,14,-1,15,16,17,-1,17,16,18,-1,17,18,19,-1,20,21,22,-1,22,21,23,-1,22,23,24,-1,25,26,27,-1,27,26,28,-1,27,28,29,-1,30,31,32,-1,32,31,33,-1,32,33,34,-1,35,36,37,-1,37,36,38,-1,37,38,39,-1,40,41,42,-1,42,41,43,-1,42,43,44,-1,45,46,47,-1,47,46,48,-1,47,48,49,-1,50,51,52,-1,52,51,53,-1,52,53,54,-1,55,56,57,-1,57,56,58,-1,57,58,59,-1,60,61,62,-1,62,61,63,-1,62,63,64,-1,65,66,67,-1,67,66,68,-1,67,68,69,-1,70,71,72,-1,72,71,73,-1,72,73,74,-1,75,76,77,-1,77,76,78,-1,77,78,79,-1,80,81,82,-1,82,81,83,-1,82,83,84,-1,85,86,87,-1,87,86,88,-1,87,88,89,-1,90,91,92,-1,92,91,93,-1,92,93,94,-1,95,96,97,-1,97,96,98,-1,97,98,99,-1,100,101,102,-1,102,101,103,-1,102,103,104,-1,105,106,107,-1,107,106,108,-1,107,108,109,-1,110,111,112,-1,112,111,113,-1,112,113,114,-1,115,116,117,-1,117,116,118,-1,117,118,119,-1,120,121,122,-1,122,121,123,-1,122,123,124,-1,125,126,127,-1,127,126,128,-1,127,128,129,-1,130,131,132,-1,132,131,133,-1,132,133,134,-1,135,136,137,-1,137,136,138,-1,137,138,139,-1,140,141,142,-1,142,141,143,-1,142,143,144,-1,145,146,147,-1,147,146,148,-1,147,148,149,-1,150,151,152,-1,152,151,153,-1,152,153,154,-1,155,156,157,-1,157,156,158,-1,157,158,159,-1,160,161,162,-1,162,161,163,-1,162,163,164,-1,165,166,167,-1,167,166,168,-1,167,168,169,-1,170,171,172,-1,172,171,173,-1,174,175,176,-1,176,175,177,-1,174,172,175,-1,175,172,173,-1,172,174,170,-1,170,174,176,-1,178,179,180,-1,180,179,181,-1,182,183,184,-1,184,183,185,-1,182,180,183,-1,183,180,181,-1,180,182,178,-1,178,182,184,-1,186,187,188,-1,188,187,189,-1,190,191,192,-1,192,191,193,-1,190,188,191,-1,191,188,189,-1,188,190,186,-1,186,190,192,-1,194,195,196,-1,196,195,197,-1,198,199,200,-1,200,199,201,-1,198,196,199,-1,199,196,197,-1,196,198,194,-1,194,198,200,-1,202,203,204,-1,204,203,205,-1,206,207,208,-1,208,207,209,-1,206,204,207,-1,207,204,205,-1,204,206,202,-1,202,206,208,-1,210,211,212,-1,212,211,213,-1,214,215,216,-1,216,215,217,-1,214,212,215,-1,215,212,213,-1,212,214,210,-1,210,214,216,-1,218,219,220,-1,220,219,221,-1,222,223,224,-1,224,223,225,-1,222,220,223,-1,223,220,221,-1,220,222,218,-1,218,222,224,-1,226,227,228,-1,228,227,229,-1,230,231,232,-1,232,231,233,-1,230,228,231,-1,231,228,229,-1,228,230,226,-1,226,230,232,-1,234,235,236,-1,236,235,237,-1,238,239,240,-1,240,239,241,-1,238,236,239,-1,239,236,237,-1,236,238,234,-1,234,238,240,-1,242,243,244,-1,244,243,245,-1,246,247,248,-1,248,247,249,-1,246,244,247,-1,247,244,245,-1,244,246,242,-1,242,246,248,-1,250,251,252,-1,252,251,253,-1,254,255,256,-1,256,255,257,-1,254,252,255,-1,255,252,253,-1,252,254,250,-1,250,254,256,-1,258,259,260,-1,260,259,261,-1,262,263,264,-1,264,263,265,-1,262,260,263,-1,263,260,261,-1,260,262,258,-1,258,262,264,-1,266,267,268,-1,268,267,269,-1,270,271,272,-1,272,271,273,-1,270,268,271,-1,271,268,269,-1,268,270,266,-1,266,270,272,-1,274,275,276,-1,276,275,277,-1,278,279,280,-1,280,279,281,-1,278,276,279,-1,279,276,277,-1,276,278,274,-1,274,278,280,-1,282,283,284,-1,284,283,285,-1,286,287,288,-1,288,287,289,-1,286,284,287,-1,287,284,285,-1,284,286,282,-1,282,286,288,-1,290,291,292,-1,292,291,293,-1,294,295,296,-1,296,295,297,-1,294,292,295,-1,295,292,293,-1,292,294,290,-1,290,294,296,-1,298,299,300,-1,300,299,301,-1,302,303,304,-1,304,303,305,-1,302,300,303,-1,303,300,301,-1,300,302,298,-1,298,302,304,-1,306,307,308,-1,308,307,309,-1,310,311,312,-1,312,311,313,-1,311,310,309,-1,309,310,308,-1,308,310,306,-1,306,310,312,-1,314,315,316,-1,316,315,317,-1,318,319,320,-1,320,319,321,-1,319,318,317,-1,317,318,316,-1,316,318,314,-1,314,318,320,-1,322,323,324,-1,324,323,325,-1,326,327,328,-1,328,327,329,-1,327,326,325,-1,325,326,324,-1,324,326,322,-1,322,326,328,-1,330,331,332,-1,332,331,333,-1,334,335,336,-1,336,335,337,-1,335,334,333,-1,333,334,332,-1,332,334,330,-1,330,334,336,-1,338,339,340,-1,340,339,341,-1,342,343,344,-1,344,343,345,-1,343,342,341,-1,341,342,340,-1,340,342,338,-1,338,342,344,-1,346,347,348,-1,348,347,349,-1,350,351,352,-1,352,351,353,-1,351,350,349,-1,349,350,348,-1,348,350,346,-1,346,350,352,-1,354,355,356,-1,356,355,357,-1,358,359,360,-1,360,359,361,-1,359,358,357,-1,357,358,356,-1,356,358,354,-1,354,358,360,-1,362,363,364,-1,364,363,365,-1,366,367,368,-1,368,367,369,-1,367,366,365,-1,365,366,364,-1,364,366,362,-1,362,366,368,-1,370,371,372,-1,372,371,373,-1,374,375,376,-1,376,375,377,-1,375,374,373,-1,373,374,372,-1,372,374,370,-1,370,374,376,-1,378,379,380,-1,380,379,381,-1,382,383,384,-1,384,383,385,-1,383,382,381,-1,381,382,380,-1,380,382,378,-1,378,382,384,-1,386,387,388,-1,388,387,389,-1,390,391,392,-1,392,391,393,-1,391,390,389,-1,389,390,388,-1,388,390,386,-1,386,390,392,-1,394,395,396,-1,396,395,397,-1,398,399,400,-1,400,399,401,-1,399,398,397,-1,397,398,396,-1,396,398,394,-1,394,398,400,-1,402,403,404,-1,404,403,405,-1,406,407,408,-1,408,407,409,-1,407,406,405,-1,405,406,404,-1,404,406,402,-1,402,406,408,-1,410,411,412,-1,412,411,413,-1,414,415,416,-1,416,415,417,-1,415,414,413,-1,413,414,412,-1,412,414,410,-1,410,414,416,-1,418,419,420,-1,420,419,421,-1,422,423,424,-1,424,423,425,-1,423,422,421,-1,421,422,420,-1,420,422,418,-1,418,422,424,-1,426,427,428,-1,428,427,429,-1,430,431,432,-1,432,431,433,-1,431,430,429,-1,429,430,428,-1,428,430,426,-1,426,430,432,-1,434,435,436,-1,436,435,437,-1,438,439,440,-1,440,439,441,-1,439,438,437,-1,437,438,436,-1,436,438,434,-1,434,438,440,-1,
        ]
    }
}
Shape{
    appearance Appearance {
        material  Material 	{
            diffuseColor 1.0 1.0 0.5019607843137255
            specularColor 0.5019607843137255 0.5019607843137255 0.25098039215686274
            ambientIntensity 0.2
            transparency 0
            shininess 0.5
        }
    }
    geometry IndexedFaceSet {
        ccw TRUE
        solid FALSE
        coord DEF co Coordinate {
            point [
                1.2303 0.4963 0.0669, 1.2894 0.4963 0.0669, 1.2303 0.4984 0.0575, 1.2894 0.4984 0.0575, 1.2303 0.5027 0.049, 1.2894 0.5027 0.049, 1.2303 0.509 0.0417, 1.2894 0.509 0.0417, 1.2303 0.5169 0.0361, 1.2894 0.5169 0.0361, 1.2303 0.5259 0.0327, 1.2894 0.5259 0.0327, 1.2303 0.5354 0.0315, 1.2894 0.5354 0.0315, 1.2303 0.7087 0.0315, 1.2894 0.7087 0.0315, 1.2303 0.7087 0.0, 1.2894 0.7087 0.0, 1.2303 0.5354 -0.0, 1.2894 0.5354 -0.0, 1.2894 0.5177 0.0022, 1.2303 0.5177 0.0022, 1.2894 0.5011 0.0088, 1.2303 0.5011 0.0088, 1.2894 0.4867 0.0194, 1.2303 0.4867 0.0194, 1.2894 0.4754 0.0332, 1.2303 0.4754 0.0332, 1.2894 0.4679 0.0494, 1.2303 0.4679 0.0494, 1.2894 0.4647 0.0669, 1.2303 0.4647 0.0669, 1.2303 0.1776 0.2789, 1.2894 0.1776 0.2789, 1.2894 0.1911 0.275, 1.2303 0.1911 0.275, 1.2894 0.2032 0.2679, 1.2303 0.2032 0.2679, 1.2894 0.2131 0.2579, 1.2303 0.2131 0.2579, 1.2894 0.2201 0.2457, 1.2303 0.2201 0.2457, 1.2894 0.2239 0.2322, 1.2303 0.2239 0.2322, 1.2894 0.2241 0.2182, 1.2303 0.2241 0.2182, 1.2894 0.2207 0.2045, 1.2303 0.2207 0.2045, 1.2894 0.214 0.1922, 1.2303 0.214 0.1922, 1.2303 0.1822 0.1481, 1.2894 0.1822 0.1481, 1.2303 0.337 0.2226, 1.2894 0.337 0.2226, 1.2894 0.3304 0.2355, 1.2303 0.3304 0.2355, 1.2894 0.3271 0.2496, 1.2303 0.3271 0.2496, 1.2894 0.3273 0.264, 1.2303 0.3273 0.264, 1.2894 0.3311 0.278, 1.2303 0.3311 0.278, 1.2894 0.3381 0.2907, 1.2303 0.3381 0.2907, 1.2303 0.3372 0.23, 1.2303 0.3322 0.243, 1.2303 0.3307 0.2568, 1.2303 0.338 0.2833, 1.2303 0.3327 0.2705, 1.2894 0.3409 0.2176, 1.2894 0.3421 0.2956, 1.2303 -0.5354 0.0315, 1.2894 -0.5354 0.0315, 1.2303 -0.5259 0.0327, 1.2894 -0.5259 0.0327, 1.2303 -0.5169 0.0361, 1.2894 -0.5169 0.0361, 1.2303 -0.509 0.0417, 1.2894 -0.509 0.0417, 1.2303 -0.5027 0.049, 1.2894 -0.5027 0.049, 1.2303 -0.4984 0.0575, 1.2894 -0.4984 0.0575, 1.2303 -0.4963 0.0669, 1.2894 -0.4963 0.0669, 1.2303 -0.4647 0.0669, 1.2894 -0.4647 0.0669, 1.2894 -0.4679 0.0494, 1.2303 -0.4679 0.0494, 1.2894 -0.4754 0.0332, 1.2303 -0.4754 0.0332, 1.2894 -0.4867 0.0194, 1.2303 -0.4867 0.0194, 1.2894 -0.5011 0.0088, 1.2303 -0.5011 0.0088, 1.2894 -0.5177 0.0022, 1.2303 -0.5177 0.0022, 1.2894 -0.5354 -0.0, 1.2303 -0.5354 -0.0, 1.2303 -0.7087 0.0, 1.2894 -0.7087 0.0, 1.2303 -0.7087 0.0315, 1.2894 -0.7087 0.0315, 1.2303 -0.214 0.1922, 1.2894 -0.214 0.1922, 1.2894 -0.2207 0.2045, 1.2303 -0.2207 0.2045, 1.2894 -0.2241 0.2182, 1.2303 -0.2241 0.2182, 1.2894 -0.2239 0.2322, 1.2303 -0.2239 0.2322, 1.2894 -0.2201 0.2457, 1.2303 -0.2201 0.2457, 1.2894 -0.2131 0.2579, 1.2303 -0.2131 0.2579, 1.2894 -0.2032 0.2679, 1.2303 -0.2032 0.2679, 1.2894 -0.1911 0.275, 1.2303 -0.1911 0.275, 1.2894 -0.1776 0.2789, 1.2303 -0.1776 0.2789, 1.2303 -0.1822 0.1481, 1.2894 -0.1822 0.1481, 1.2303 -0.3381 0.2907, 1.2894 -0.3381 0.2907, 1.2894 -0.3311 0.278, 1.2303 -0.3311 0.278, 1.2894 -0.3273 0.264, 1.2303 -0.3273 0.264, 1.2894 -0.3271 0.2496, 1.2303 -0.3271 0.2496, 1.2894 -0.3304 0.2355, 1.2303 -0.3304 0.2355, 1.2894 -0.337 0.2226, 1.2303 -0.337 0.2226, 1.2303 -0.338 0.2833, 1.2303 -0.3327 0.2705, 1.2303 -0.3307 0.2568, 1.2303 -0.3372 0.23, 1.2303 -0.3322 0.243, 1.2894 -0.3421 0.2956, 1.2894 -0.3409 0.2176, 1.0728 -0.5354 0.0315, 1.1319 -0.5354 0.0315, 1.0728 -0.5259 0.0327, 1.1319 -0.5259 0.0327, 1.0728 -0.5169 0.0361, 1.1319 -0.5169 0.0361, 1.0728 -0.509 0.0417, 1.1319 -0.509 0.0417, 1.0728 -0.5027 0.049, 1.1319 -0.5027 0.049, 1.0728 -0.4984 0.0575, 1.1319 -0.4984 0.0575, 1.0728 -0.4963 0.0669, 1.1319 -0.4963 0.0669, 1.0728 -0.4647 0.0669, 1.1319 -0.4647 0.0669, 1.1319 -0.4679 0.0494, 1.0728 -0.4679 0.0494, 1.1319 -0.4754 0.0332, 1.0728 -0.4754 0.0332, 1.1319 -0.4867 0.0194, 1.0728 -0.4867 0.0194, 1.1319 -0.5011 0.0088, 1.0728 -0.5011 0.0088, 1.1319 -0.5177 0.0022, 1.0728 -0.5177 0.0022, 1.1319 -0.5354 -0.0, 1.0728 -0.5354 -0.0, 1.0728 -0.7087 0.0, 1.1319 -0.7087 0.0, 1.0728 -0.7087 0.0315, 1.1319 -0.7087 0.0315, 1.0728 -0.214 0.1922, 1.1319 -0.214 0.1922, 1.1319 -0.2207 0.2045, 1.0728 -0.2207 0.2045, 1.1319 -0.2241 0.2182, 1.0728 -0.2241 0.2182, 1.1319 -0.2239 0.2322, 1.0728 -0.2239 0.2322, 1.1319 -0.2201 0.2457, 1.0728 -0.2201 0.2457, 1.1319 -0.2131 0.2579, 1.0728 -0.2131 0.2579, 1.1319 -0.2032 0.2679, 1.0728 -0.2032 0.2679, 1.1319 -0.1911 0.275, 1.0728 -0.1911 0.275, 1.1319 -0.1776 0.2789, 1.0728 -0.1776 0.2789, 1.0728 -0.1822 0.1481, 1.1319 -0.1822 0.1481, 1.0728 -0.3381 0.2907, 1.1319 -0.3381 0.2907, 1.1319 -0.3311 0.278, 1.0728 -0.3311 0.278, 1.1319 -0.3273 0.264, 1.0728 -0.3273 0.264, 1.1319 -0.3271 0.2496, 1.0728 -0.3271 0.2496, 1.1319 -0.3304 0.2355, 1.0728 -0.3304 0.2355, 1.1319 -0.337 0.2226, 1.0728 -0.337 0.2226, 1.0728 -0.338 0.2833, 1.0728 -0.3327 0.2705, 1.0728 -0.3307 0.2568, 1.0728 -0.3372 0.23, 1.0728 -0.3322 0.243, 1.1319 -0.3421 0.2956, 1.1319 -0.3409 0.2176, 0.9154 -0.5354 0.0315, 0.9744 -0.5354 0.0315, 0.9154 -0.5259 0.0327, 0.9744 -0.5259 0.0327, 0.9154 -0.5169 0.0361, 0.9744 -0.5169 0.0361, 0.9154 -0.509 0.0417, 0.9744 -0.509 0.0417, 0.9154 -0.5027 0.049, 0.9744 -0.5027 0.049, 0.9154 -0.4984 0.0575, 0.9744 -0.4984 0.0575, 0.9154 -0.4963 0.0669, 0.9744 -0.4963 0.0669, 0.9154 -0.4647 0.0669, 0.9744 -0.4647 0.0669, 0.9744 -0.4679 0.0494, 0.9154 -0.4679 0.0494, 0.9744 -0.4754 0.0332, 0.9154 -0.4754 0.0332, 0.9744 -0.4867 0.0194, 0.9154 -0.4867 0.0194, 0.9744 -0.5011 0.0088, 0.9154 -0.5011 0.0088, 0.9744 -0.5177 0.0022, 0.9154 -0.5177 0.0022, 0.9744 -0.5354 -0.0, 0.9154 -0.5354 -0.0, 0.9154 -0.7087 0.0, 0.9744 -0.7087 0.0, 0.9154 -0.7087 0.0315, 0.9744 -0.7087 0.0315, 0.9154 -0.214 0.1922, 0.9744 -0.214 0.1922, 0.9744 -0.2207 0.2045, 0.9154 -0.2207 0.2045, 0.9744 -0.2241 0.2182, 0.9154 -0.2241 0.2182, 0.9744 -0.2239 0.2322, 0.9154 -0.2239 0.2322, 0.9744 -0.2201 0.2457, 0.9154 -0.2201 0.2457, 0.9744 -0.2131 0.2579, 0.9154 -0.2131 0.2579, 0.9744 -0.2032 0.2679, 0.9154 -0.2032 0.2679, 0.9744 -0.1911 0.275, 0.9154 -0.1911 0.275, 0.9744 -0.1776 0.2789, 0.9154 -0.1776 0.2789, 0.9154 -0.1822 0.1481, 0.9744 -0.1822 0.1481, 0.9154 -0.3381 0.2907, 0.9744 -0.3381 0.2907, 0.9744 -0.3311 0.278, 0.9154 -0.3311 0.278, 0.9744 -0.3273 0.264, 0.9154 -0.3273 0.264, 0.9744 -0.3271 0.2496, 0.9154 -0.3271 0.2496, 0.9744 -0.3304 0.2355, 0.9154 -0.3304 0.2355, 0.9744 -0.337 0.2226, 0.9154 -0.337 0.2226, 0.9154 -0.338 0.2833, 0.9154 -0.3327 0.2705, 0.9154 -0.3307 0.2568, 0.9154 -0.3372 0.23, 0.9154 -0.3322 0.243, 0.9744 -0.3421 0.2956, 0.9744 -0.3409 0.2176, 0.7579 -0.5354 0.0315, 0.8169 -0.5354 0.0315, 0.7579 -0.5259 0.0327, 0.8169 -0.5259 0.0327, 0.7579 -0.5169 0.0361, 0.8169 -0.5169 0.0361, 0.7579 -0.509 0.0417, 0.8169 -0.509 0.0417, 0.7579 -0.5027 0.049, 0.8169 -0.5027 0.049, 0.7579 -0.4984 0.0575, 0.8169 -0.4984 0.0575, 0.7579 -0.4963 0.0669, 0.8169 -0.4963 0.0669, 0.7579 -0.4647 0.0669, 0.8169 -0.4647 0.0669, 0.8169 -0.4679 0.0494, 0.7579 -0.4679 0.0494, 0.8169 -0.4754 0.0332, 0.7579 -0.4754 0.0332, 0.8169 -0.4867 0.0194, 0.7579 -0.4867 0.0194, 0.8169 -0.5011 0.0088, 0.7579 -0.5011 0.0088, 0.8169 -0.5177 0.0022, 0.7579 -0.5177 0.0022, 0.8169 -0.5354 -0.0, 0.7579 -0.5354 -0.0, 0.7579 -0.7087 0.0, 0.8169 -0.7087 0.0, 0.7579 -0.7087 0.0315, 0.8169 -0.7087 0.0315, 0.7579 -0.214 0.1922, 0.8169 -0.214 0.1922, 0.8169 -0.2207 0.2045, 0.7579 -0.2207 0.2045, 0.8169 -0.2241 0.2182, 0.7579 -0.2241 0.2182, 0.8169 -0.2239 0.2322, 0.7579 -0.2239 0.2322, 0.8169 -0.2201 0.2457, 0.7579 -0.2201 0.2457, 0.8169 -0.2131 0.2579, 0.7579 -0.2131 0.2579, 0.8169 -0.2032 0.2679, 0.7579 -0.2032 0.2679, 0.8169 -0.1911 0.275, 0.7579 -0.1911 0.275, 0.8169 -0.1776 0.2789, 0.7579 -0.1776 0.2789, 0.7579 -0.1822 0.1481, 0.8169 -0.1822 0.1481, 0.7579 -0.3381 0.2907, 0.8169 -0.3381 0.2907, 0.8169 -0.3311 0.278, 0.7579 -0.3311 0.278, 0.8169 -0.3273 0.264, 0.7579 -0.3273 0.264, 0.8169 -0.3271 0.2496, 0.7579 -0.3271 0.2496, 0.8169 -0.3304 0.2355, 0.7579 -0.3304 0.2355, 0.8169 -0.337 0.2226, 0.7579 -0.337 0.2226, 0.7579 -0.338 0.2833, 0.7579 -0.3327 0.2705, 0.7579 -0.3307 0.2568, 0.7579 -0.3372 0.23, 0.7579 -0.3322 0.243, 0.8169 -0.3421 0.2956, 0.8169 -0.3409 0.2176, 0.6004 -0.5354 0.0315, 0.6594 -0.5354 0.0315, 0.6004 -0.5259 0.0327, 0.6594 -0.5259 0.0327, 0.6004 -0.5169 0.0361, 0.6594 -0.5169 0.0361, 0.6004 -0.509 0.0417, 0.6594 -0.509 0.0417, 0.6004 -0.5027 0.049, 0.6594 -0.5027 0.049, 0.6004 -0.4984 0.0575, 0.6594 -0.4984 0.0575, 0.6004 -0.4963 0.0669, 0.6594 -0.4963 0.0669, 0.6004 -0.4647 0.0669, 0.6594 -0.4647 0.0669, 0.6594 -0.4679 0.0494, 0.6004 -0.4679 0.0494, 0.6594 -0.4754 0.0332, 0.6004 -0.4754 0.0332, 0.6594 -0.4867 0.0194, 0.6004 -0.4867 0.0194, 0.6594 -0.5011 0.0088, 0.6004 -0.5011 0.0088, 0.6594 -0.5177 0.0022, 0.6004 -0.5177 0.0022, 0.6594 -0.5354 -0.0, 0.6004 -0.5354 -0.0, 0.6004 -0.7087 0.0, 0.6594 -0.7087 0.0, 0.6004 -0.7087 0.0315, 0.6594 -0.7087 0.0315, 0.6004 -0.214 0.1922, 0.6594 -0.214 0.1922, 0.6594 -0.2207 0.2045, 0.6004 -0.2207 0.2045, 0.6594 -0.2241 0.2182, 0.6004 -0.2241 0.2182, 0.6594 -0.2239 0.2322, 0.6004 -0.2239 0.2322, 0.6594 -0.2201 0.2457, 0.6004 -0.2201 0.2457, 0.6594 -0.2131 0.2579, 0.6004 -0.2131 0.2579, 0.6594 -0.2032 0.2679, 0.6004 -0.2032 0.2679, 0.6594 -0.1911 0.275, 0.6004 -0.1911 0.275, 0.6594 -0.1776 0.2789, 0.6004 -0.1776 0.2789, 0.6004 -0.1822 0.1481, 0.6594 -0.1822 0.1481, 0.6004 -0.3381 0.2907, 0.6594 -0.3381 0.2907, 0.6594 -0.3311 0.278, 0.6004 -0.3311 0.278, 0.6594 -0.3273 0.264, 0.6004 -0.3273 0.264, 0.6594 -0.3271 0.2496, 0.6004 -0.3271 0.2496, 0.6594 -0.3304 0.2355, 0.6004 -0.3304 0.2355, 0.6594 -0.337 0.2226, 0.6004 -0.337 0.2226, 0.6004 -0.338 0.2833, 0.6004 -0.3327 0.2705, 0.6004 -0.3307 0.2568, 0.6004 -0.3372 0.23, 0.6004 -0.3322 0.243, 0.6594 -0.3421 0.2956, 0.6594 -0.3409 0.2176, 0.4429 -0.5354 0.0315, 0.502 -0.5354 0.0315, 0.4429 -0.5259 0.0327, 0.502 -0.5259 0.0327, 0.4429 -0.5169 0.0361, 0.502 -0.5169 0.0361, 0.4429 -0.509 0.0417, 0.502 -0.509 0.0417, 0.4429 -0.5027 0.049, 0.502 -0.5027 0.049, 0.4429 -0.4984 0.0575, 0.502 -0.4984 0.0575, 0.4429 -0.4963 0.0669, 0.502 -0.4963 0.0669, 0.4429 -0.4647 0.0669, 0.502 -0.4647 0.0669, 0.502 -0.4679 0.0494, 0.4429 -0.4679 0.0494, 0.502 -0.4754 0.0332, 0.4429 -0.4754 0.0332, 0.502 -0.4867 0.0194, 0.4429 -0.4867 0.0194, 0.502 -0.5011 0.0088, 0.4429 -0.5011 0.0088, 0.502 -0.5177 0.0022, 0.4429 -0.5177 0.0022, 0.502 -0.5354 -0.0, 0.4429 -0.5354 -0.0, 0.4429 -0.7087 0.0, 0.502 -0.7087 0.0, 0.4429 -0.7087 0.0315, 0.502 -0.7087 0.0315, 0.4429 -0.214 0.1922, 0.502 -0.214 0.1922, 0.502 -0.2207 0.2045, 0.4429 -0.2207 0.2045, 0.502 -0.2241 0.2182, 0.4429 -0.2241 0.2182, 0.502 -0.2239 0.2322, 0.4429 -0.2239 0.2322, 0.502 -0.2201 0.2457, 0.4429 -0.2201 0.2457, 0.502 -0.2131 0.2579, 0.4429 -0.2131 0.2579, 0.502 -0.2032 0.2679, 0.4429 -0.2032 0.2679, 0.502 -0.1911 0.275, 0.4429 -0.1911 0.275, 0.502 -0.1776 0.2789, 0.4429 -0.1776 0.2789, 0.4429 -0.1822 0.1481, 0.502 -0.1822 0.1481, 0.4429 -0.3381 0.2907, 0.502 -0.3381 0.2907, 0.502 -0.3311 0.278, 0.4429 -0.3311 0.278, 0.502 -0.3273 0.264, 0.4429 -0.3273 0.264, 0.502 -0.3271 0.2496, 0.4429 -0.3271 0.2496, 0.502 -0.3304 0.2355, 0.4429 -0.3304 0.2355, 0.502 -0.337 0.2226, 0.4429 -0.337 0.2226, 0.4429 -0.338 0.2833, 0.4429 -0.3327 0.2705, 0.4429 -0.3307 0.2568, 0.4429 -0.3372 0.23, 0.4429 -0.3322 0.243, 0.502 -0.3421 0.2956, 0.502 -0.3409 0.2176, 0.2854 -0.5354 0.0315, 0.3445 -0.5354 0.0315, 0.2854 -0.5259 0.0327, 0.3445 -0.5259 0.0327, 0.2854 -0.5169 0.0361, 0.3445 -0.5169 0.0361, 0.2854 -0.509 0.0417, 0.3445 -0.509 0.0417, 0.2854 -0.5027 0.049, 0.3445 -0.5027 0.049, 0.2854 -0.4984 0.0575, 0.3445 -0.4984 0.0575, 0.2854 -0.4963 0.0669, 0.3445 -0.4963 0.0669, 0.2854 -0.4647 0.0669, 0.3445 -0.4647 0.0669, 0.3445 -0.4679 0.0494, 0.2854 -0.4679 0.0494, 0.3445 -0.4754 0.0332, 0.2854 -0.4754 0.0332, 0.3445 -0.4867 0.0194, 0.2854 -0.4867 0.0194, 0.3445 -0.5011 0.0088, 0.2854 -0.5011 0.0088, 0.3445 -0.5177 0.0022, 0.2854 -0.5177 0.0022, 0.3445 -0.5354 -0.0, 0.2854 -0.5354 -0.0, 0.2854 -0.7087 0.0, 0.3445 -0.7087 0.0, 0.2854 -0.7087 0.0315, 0.3445 -0.7087 0.0315, 0.2854 -0.214 0.1922, 0.3445 -0.214 0.1922, 0.3445 -0.2207 0.2045, 0.2854 -0.2207 0.2045, 0.3445 -0.2241 0.2182, 0.2854 -0.2241 0.2182, 0.3445 -0.2239 0.2322, 0.2854 -0.2239 0.2322, 0.3445 -0.2201 0.2457, 0.2854 -0.2201 0.2457, 0.3445 -0.2131 0.2579, 0.2854 -0.2131 0.2579, 0.3445 -0.2032 0.2679, 0.2854 -0.2032 0.2679, 0.3445 -0.1911 0.275, 0.2854 -0.1911 0.275, 0.3445 -0.1776 0.2789, 0.2854 -0.1776 0.2789, 0.2854 -0.1822 0.1481, 0.3445 -0.1822 0.1481, 0.2854 -0.3381 0.2907, 0.3445 -0.3381 0.2907, 0.3445 -0.3311 0.278, 0.2854 -0.3311 0.278, 0.3445 -0.3273 0.264, 0.2854 -0.3273 0.264, 0.3445 -0.3271 0.2496, 0.2854 -0.3271 0.2496, 0.3445 -0.3304 0.2355, 0.2854 -0.3304 0.2355, 0.3445 -0.337 0.2226, 0.2854 -0.337 0.2226, 0.2854 -0.338 0.2833, 0.2854 -0.3327 0.2705, 0.2854 -0.3307 0.2568, 0.2854 -0.3372 0.23, 0.2854 -0.3322 0.243, 0.3445 -0.3421 0.2956, 0.3445 -0.3409 0.2176, 0.128 -0.5354 0.0315, 0.187 -0.5354 0.0315, 0.128 -0.5259 0.0327, 0.187 -0.5259 0.0327, 0.128 -0.5169 0.0361, 0.187 -0.5169 0.0361, 0.128 -0.509 0.0417, 0.187 -0.509 0.0417, 0.128 -0.5027 0.049, 0.187 -0.5027 0.049, 0.128 -0.4984 0.0575, 0.187 -0.4984 0.0575, 0.128 -0.4963 0.0669, 0.187 -0.4963 0.0669, 0.128 -0.4647 0.0669, 0.187 -0.4647 0.0669, 0.187 -0.4679 0.0494, 0.128 -0.4679 0.0494, 0.187 -0.4754 0.0332, 0.128 -0.4754 0.0332, 0.187 -0.4867 0.0194, 0.128 -0.4867 0.0194, 0.187 -0.5011 0.0088, 0.128 -0.5011 0.0088, 0.187 -0.5177 0.0022, 0.128 -0.5177 0.0022, 0.187 -0.5354 -0.0, 0.128 -0.5354 -0.0, 0.128 -0.7087 0.0, 0.187 -0.7087 0.0, 0.128 -0.7087 0.0315, 0.187 -0.7087 0.0315, 0.128 -0.214 0.1922, 0.187 -0.214 0.1922, 0.187 -0.2207 0.2045, 0.128 -0.2207 0.2045, 0.187 -0.2241 0.2182, 0.128 -0.2241 0.2182, 0.187 -0.2239 0.2322, 0.128 -0.2239 0.2322, 0.187 -0.2201 0.2457, 0.128 -0.2201 0.2457, 0.187 -0.2131 0.2579, 0.128 -0.2131 0.2579, 0.187 -0.2032 0.2679, 0.128 -0.2032 0.2679, 0.187 -0.1911 0.275, 0.128 -0.1911 0.275, 0.187 -0.1776 0.2789, 0.128 -0.1776 0.2789, 0.128 -0.1822 0.1481, 0.187 -0.1822 0.1481, 0.128 -0.3381 0.2907, 0.187 -0.3381 0.2907, 0.187 -0.3311 0.278, 0.128 -0.3311 0.278, 0.187 -0.3273 0.264, 0.128 -0.3273 0.264, 0.187 -0.3271 0.2496, 0.128 -0.3271 0.2496, 0.187 -0.3304 0.2355, 0.128 -0.3304 0.2355, 0.187 -0.337 0.2226, 0.128 -0.337 0.2226, 0.128 -0.338 0.2833, 0.128 -0.3327 0.2705, 0.128 -0.3307 0.2568, 0.128 -0.3372 0.23, 0.128 -0.3322 0.243, 0.187 -0.3421 0.2956, 0.187 -0.3409 0.2176, -0.0295 -0.5354 0.0315, 0.0295 -0.5354 0.0315, -0.0295 -0.5259 0.0327, 0.0295 -0.5259 0.0327, -0.0295 -0.5169 0.0361, 0.0295 -0.5169 0.0361, -0.0295 -0.509 0.0417, 0.0295 -0.509 0.0417, -0.0295 -0.5027 0.049, 0.0295 -0.5027 0.049, -0.0295 -0.4984 0.0575, 0.0295 -0.4984 0.0575, -0.0295 -0.4963 0.0669, 0.0295 -0.4963 0.0669, -0.0295 -0.4647 0.0669, 0.0295 -0.4647 0.0669, 0.0295 -0.4679 0.0494, -0.0295 -0.4679 0.0494, 0.0295 -0.4754 0.0332, -0.0295 -0.4754 0.0332, 0.0295 -0.4867 0.0194, -0.0295 -0.4867 0.0194, 0.0295 -0.5011 0.0088, -0.0295 -0.5011 0.0088, 0.0295 -0.5177 0.0022, -0.0295 -0.5177 0.0022, 0.0295 -0.5354 -0.0, -0.0295 -0.5354 -0.0, -0.0295 -0.7087 0.0, 0.0295 -0.7087 0.0, -0.0295 -0.7087 0.0315, 0.0295 -0.7087 0.0315, -0.0295 -0.214 0.1922, 0.0295 -0.214 0.1922, 0.0295 -0.2207 0.2045, -0.0295 -0.2207 0.2045, 0.0295 -0.2241 0.2182, -0.0295 -0.2241 0.2182, 0.0295 -0.2239 0.2322, -0.0295 -0.2239 0.2322, 0.0295 -0.2201 0.2457, -0.0295 -0.2201 0.2457, 0.0295 -0.2131 0.2579, -0.0295 -0.2131 0.2579, 0.0295 -0.2032 0.2679, -0.0295 -0.2032 0.2679, 0.0295 -0.1911 0.275, -0.0295 -0.1911 0.275, 0.0295 -0.1776 0.2789, -0.0295 -0.1776 0.2789, -0.0295 -0.1822 0.1481, 0.0295 -0.1822 0.1481, -0.0295 -0.3381 0.2907, 0.0295 -0.3381 0.2907, 0.0295 -0.3311 0.278, -0.0295 -0.3311 0.278, 0.0295 -0.3273 0.264, -0.0295 -0.3273 0.264, 0.0295 -0.3271 0.2496, -0.0295 -0.3271 0.2496, 0.0295 -0.3304 0.2355, -0.0295 -0.3304 0.2355, 0.0295 -0.337 0.2226, -0.0295 -0.337 0.2226, -0.0295 -0.338 0.2833, -0.0295 -0.3327 0.2705, -0.0295 -0.3307 0.2568, -0.0295 -0.3372 0.23, -0.0295 -0.3322 0.243, 0.0295 -0.3421 0.2956, 0.0295 -0.3409 0.2176, -0.187 -0.5354 0.0315, -0.128 -0.5354 0.0315, -0.187 -0.5259 0.0327, -0.128 -0.5259 0.0327, -0.187 -0.5169 0.0361, -0.128 -0.5169 0.0361, -0.187 -0.509 0.0417, -0.128 -0.509 0.0417, -0.187 -0.5027 0.049, -0.128 -0.5027 0.049, -0.187 -0.4984 0.0575, -0.128 -0.4984 0.0575, -0.187 -0.4963 0.0669, -0.128 -0.4963 0.0669, -0.187 -0.4647 0.0669, -0.128 -0.4647 0.0669, -0.128 -0.4679 0.0494, -0.187 -0.4679 0.0494, -0.128 -0.4754 0.0332, -0.187 -0.4754 0.0332, -0.128 -0.4867 0.0194, -0.187 -0.4867 0.0194, -0.128 -0.5011 0.0088, -0.187 -0.5011 0.0088, -0.128 -0.5177 0.0022, -0.187 -0.5177 0.0022, -0.128 -0.5354 -0.0, -0.187 -0.5354 -0.0, -0.187 -0.7087 0.0, -0.128 -0.7087 0.0, -0.187 -0.7087 0.0315, -0.128 -0.7087 0.0315, -0.187 -0.214 0.1922, -0.128 -0.214 0.1922, -0.128 -0.2207 0.2045, -0.187 -0.2207 0.2045, -0.128 -0.2241 0.2182, -0.187 -0.2241 0.2182, -0.128 -0.2239 0.2322, -0.187 -0.2239 0.2322, -0.128 -0.2201 0.2457, -0.187 -0.2201 0.2457, -0.128 -0.2131 0.2579, -0.187 -0.2131 0.2579, -0.128 -0.2032 0.2679, -0.187 -0.2032 0.2679, -0.128 -0.1911 0.275, -0.187 -0.1911 0.275, -0.128 -0.1776 0.2789, -0.187 -0.1776 0.2789, -0.187 -0.1822 0.1481, -0.128 -0.1822 0.1481, -0.187 -0.3381 0.2907, -0.128 -0.3381 0.2907, -0.128 -0.3311 0.278, -0.187 -0.3311 0.278, -0.128 -0.3273 0.264, -0.187 -0.3273 0.264, -0.128 -0.3271 0.2496, -0.187 -0.3271 0.2496, -0.128 -0.3304 0.2355, -0.187 -0.3304 0.2355, -0.128 -0.337 0.2226, -0.187 -0.337 0.2226, -0.187 -0.338 0.2833, -0.187 -0.3327 0.2705, -0.187 -0.3307 0.2568, -0.187 -0.3372 0.23, -0.187 -0.3322 0.243, -0.128 -0.3421 0.2956, -0.128 -0.3409 0.2176, -0.3445 -0.5354 0.0315, -0.2854 -0.5354 0.0315, -0.3445 -0.5259 0.0327, -0.2854 -0.5259 0.0327, -0.3445 -0.5169 0.0361, -0.2854 -0.5169 0.0361, -0.3445 -0.509 0.0417, -0.2854 -0.509 0.0417, -0.3445 -0.5027 0.049, -0.2854 -0.5027 0.049, -0.3445 -0.4984 0.0575, -0.2854 -0.4984 0.0575, -0.3445 -0.4963 0.0669, -0.2854 -0.4963 0.0669, -0.3445 -0.4647 0.0669, -0.2854 -0.4647 0.0669, -0.2854 -0.4679 0.0494, -0.3445 -0.4679 0.0494, -0.2854 -0.4754 0.0332, -0.3445 -0.4754 0.0332, -0.2854 -0.4867 0.0194, -0.3445 -0.4867 0.0194, -0.2854 -0.5011 0.0088, -0.3445 -0.5011 0.0088, -0.2854 -0.5177 0.0022, -0.3445 -0.5177 0.0022, -0.2854 -0.5354 -0.0, -0.3445 -0.5354 -0.0, -0.3445 -0.7087 0.0, -0.2854 -0.7087 0.0, -0.3445 -0.7087 0.0315, -0.2854 -0.7087 0.0315, -0.3445 -0.214 0.1922, -0.2854 -0.214 0.1922, -0.2854 -0.2207 0.2045, -0.3445 -0.2207 0.2045, -0.2854 -0.2241 0.2182, -0.3445 -0.2241 0.2182, -0.2854 -0.2239 0.2322, -0.3445 -0.2239 0.2322, -0.2854 -0.2201 0.2457, -0.3445 -0.2201 0.2457, -0.2854 -0.2131 0.2579, -0.3445 -0.2131 0.2579, -0.2854 -0.2032 0.2679, -0.3445 -0.2032 0.2679, -0.2854 -0.1911 0.275, -0.3445 -0.1911 0.275, -0.2854 -0.1776 0.2789, -0.3445 -0.1776 0.2789, -0.3445 -0.1822 0.1481, -0.2854 -0.1822 0.1481, -0.3445 -0.3381 0.2907, -0.2854 -0.3381 0.2907, -0.2854 -0.3311 0.278, -0.3445 -0.3311 0.278, -0.2854 -0.3273 0.264, -0.3445 -0.3273 0.264, -0.2854 -0.3271 0.2496, -0.3445 -0.3271 0.2496, -0.2854 -0.3304 0.2355, -0.3445 -0.3304 0.2355, -0.2854 -0.337 0.2226, -0.3445 -0.337 0.2226, -0.3445 -0.338 0.2833, -0.3445 -0.3327 0.2705, -0.3445 -0.3307 0.2568, -0.3445 -0.3372 0.23, -0.3445 -0.3322 0.243, -0.2854 -0.3421 0.2956, -0.2854 -0.3409 0.2176, -0.502 -0.5354 0.0315, -0.4429 -0.5354 0.0315, -0.502 -0.5259 0.0327, -0.4429 -0.5259 0.0327, -0.502 -0.5169 0.0361, -0.4429 -0.5169 0.0361, -0.502 -0.509 0.0417, -0.4429 -0.509 0.0417, -0.502 -0.5027 0.049, -0.4429 -0.5027 0.049, -0.502 -0.4984 0.0575, -0.4429 -0.4984 0.0575, -0.502 -0.4963 0.0669, -0.4429 -0.4963 0.0669, -0.502 -0.4647 0.0669, -0.4429 -0.4647 0.0669, -0.4429 -0.4679 0.0494, -0.502 -0.4679 0.0494, -0.4429 -0.4754 0.0332, -0.502 -0.4754 0.0332, -0.4429 -0.4867 0.0194, -0.502 -0.4867 0.0194, -0.4429 -0.5011 0.0088, -0.502 -0.5011 0.0088, -0.4429 -0.5177 0.0022, -0.502 -0.5177 0.0022, -0.4429 -0.5354 -0.0, -0.502 -0.5354 -0.0, -0.502 -0.7087 0.0, -0.4429 -0.7087 0.0, -0.502 -0.7087 0.0315, -0.4429 -0.7087 0.0315, -0.502 -0.214 0.1922, -0.4429 -0.214 0.1922, -0.4429 -0.2207 0.2045, -0.502 -0.2207 0.2045, -0.4429 -0.2241 0.2182, -0.502 -0.2241 0.2182, -0.4429 -0.2239 0.2322, -0.502 -0.2239 0.2322, -0.4429 -0.2201 0.2457, -0.502 -0.2201 0.2457, -0.4429 -0.2131 0.2579, -0.502 -0.2131 0.2579, -0.4429 -0.2032 0.2679, -0.502 -0.2032 0.2679, -0.4429 -0.1911 0.275, -0.502 -0.1911 0.275, -0.4429 -0.1776 0.2789, -0.502 -0.1776 0.2789, -0.502 -0.1822 0.1481, -0.4429 -0.1822 0.1481, -0.502 -0.3381 0.2907, -0.4429 -0.3381 0.2907, -0.4429 -0.3311 0.278, -0.502 -0.3311 0.278, -0.4429 -0.3273 0.264, -0.502 -0.3273 0.264, -0.4429 -0.3271 0.2496, -0.502 -0.3271 0.2496, -0.4429 -0.3304 0.2355, -0.502 -0.3304 0.2355, -0.4429 -0.337 0.2226, -0.502 -0.337 0.2226, -0.502 -0.338 0.2833, -0.502 -0.3327 0.2705, -0.502 -0.3307 0.2568, -0.502 -0.3372 0.23, -0.502 -0.3322 0.243, -0.4429 -0.3421 0.2956, -0.4429 -0.3409 0.2176, -0.6594 -0.5354 0.0315, -0.6004 -0.5354 0.0315, -0.6594 -0.5259 0.0327, -0.6004 -0.5259 0.0327, -0.6594 -0.5169 0.0361, -0.6004 -0.5169 0.0361, -0.6594 -0.509 0.0417, -0.6004 -0.509 0.0417, -0.6594 -0.5027 0.049, -0.6004 -0.5027 0.049, -0.6594 -0.4984 0.0575, -0.6004 -0.4984 0.0575, -0.6594 -0.4963 0.0669, -0.6004 -0.4963 0.0669, -0.6594 -0.4647 0.0669, -0.6004 -0.4647 0.0669, -0.6004 -0.4679 0.0494, -0.6594 -0.4679 0.0494, -0.6004 -0.4754 0.0332, -0.6594 -0.4754 0.0332, -0.6004 -0.4867 0.0194, -0.6594 -0.4867 0.0194, -0.6004 -0.5011 0.0088, -0.6594 -0.5011 0.0088, -0.6004 -0.5177 0.0022, -0.6594 -0.5177 0.0022, -0.6004 -0.5354 -0.0, -0.6594 -0.5354 -0.0, -0.6594 -0.7087 0.0, -0.6004 -0.7087 0.0, -0.6594 -0.7087 0.0315, -0.6004 -0.7087 0.0315, -0.6594 -0.214 0.1922, -0.6004 -0.214 0.1922, -0.6004 -0.2207 0.2045, -0.6594 -0.2207 0.2045, -0.6004 -0.2241 0.2182, -0.6594 -0.2241 0.2182, -0.6004 -0.2239 0.2322, -0.6594 -0.2239 0.2322, -0.6004 -0.2201 0.2457, -0.6594 -0.2201 0.2457, -0.6004 -0.2131 0.2579, -0.6594 -0.2131 0.2579, -0.6004 -0.2032 0.2679, -0.6594 -0.2032 0.2679, -0.6004 -0.1911 0.275, -0.6594 -0.1911 0.275, -0.6004 -0.1776 0.2789, -0.6594 -0.1776 0.2789, -0.6594 -0.1822 0.1481, -0.6004 -0.1822 0.1481, -0.6594 -0.3381 0.2907, -0.6004 -0.3381 0.2907, -0.6004 -0.3311 0.278, -0.6594 -0.3311 0.278, -0.6004 -0.3273 0.264, -0.6594 -0.3273 0.264, -0.6004 -0.3271 0.2496, -0.6594 -0.3271 0.2496, -0.6004 -0.3304 0.2355, -0.6594 -0.3304 0.2355, -0.6004 -0.337 0.2226, -0.6594 -0.337 0.2226, -0.6594 -0.338 0.2833, -0.6594 -0.3327 0.2705, -0.6594 -0.3307 0.2568, -0.6594 -0.3372 0.23, -0.6594 -0.3322 0.243, -0.6004 -0.3421 0.2956, -0.6004 -0.3409 0.2176, -0.8169 -0.5354 0.0315, -0.7579 -0.5354 0.0315, -0.8169 -0.5259 0.0327, -0.7579 -0.5259 0.0327, -0.8169 -0.5169 0.0361, -0.7579 -0.5169 0.0361, -0.8169 -0.509 0.0417, -0.7579 -0.509 0.0417, -0.8169 -0.5027 0.049, -0.7579 -0.5027 0.049, -0.8169 -0.4984 0.0575, -0.7579 -0.4984 0.0575, -0.8169 -0.4963 0.0669, -0.7579 -0.4963 0.0669, -0.8169 -0.4647 0.0669, -0.7579 -0.4647 0.0669, -0.7579 -0.4679 0.0494, -0.8169 -0.4679 0.0494, -0.7579 -0.4754 0.0332, -0.8169 -0.4754 0.0332, -0.7579 -0.4867 0.0194, -0.8169 -0.4867 0.0194, -0.7579 -0.5011 0.0088, -0.8169 -0.5011 0.0088, -0.7579 -0.5177 0.0022, -0.8169 -0.5177 0.0022, -0.7579 -0.5354 -0.0, -0.8169 -0.5354 -0.0, -0.8169 -0.7087 0.0, -0.7579 -0.7087 0.0, -0.8169 -0.7087 0.0315, -0.7579 -0.7087 0.0315, -0.8169 -0.214 0.1922, -0.7579 -0.214 0.1922, -0.7579 -0.2207 0.2045, -0.8169 -0.2207 0.2045, -0.7579 -0.2241 0.2182, -0.8169 -0.2241 0.2182, -0.7579 -0.2239 0.2322, -0.8169 -0.2239 0.2322, -0.7579 -0.2201 0.2457, -0.8169 -0.2201 0.2457, -0.7579 -0.2131 0.2579, -0.8169 -0.2131 0.2579, -0.7579 -0.2032 0.2679, -0.8169 -0.2032 0.2679, -0.7579 -0.1911 0.275, -0.8169 -0.1911 0.275, -0.7579 -0.1776 0.2789, -0.8169 -0.1776 0.2789, -0.8169 -0.1822 0.1481, -0.7579 -0.1822 0.1481, -0.8169 -0.3381 0.2907, -0.7579 -0.3381 0.2907, -0.7579 -0.3311 0.278, -0.8169 -0.3311 0.278, -0.7579 -0.3273 0.264, -0.8169 -0.3273 0.264, -0.7579 -0.3271 0.2496, -0.8169 -0.3271 0.2496, -0.7579 -0.3304 0.2355, -0.8169 -0.3304 0.2355, -0.7579 -0.337 0.2226, -0.8169 -0.337 0.2226, -0.8169 -0.338 0.2833, -0.8169 -0.3327 0.2705, -0.8169 -0.3307 0.2568, -0.8169 -0.3372 0.23, -0.8169 -0.3322 0.243, -0.7579 -0.3421 0.2956, -0.7579 -0.3409 0.2176, -0.9744 -0.5354 0.0315, -0.9154 -0.5354 0.0315, -0.9744 -0.5259 0.0327, -0.9154 -0.5259 0.0327, -0.9744 -0.5169 0.0361, -0.9154 -0.5169 0.0361, -0.9744 -0.509 0.0417, -0.9154 -0.509 0.0417, -0.9744 -0.5027 0.049, -0.9154 -0.5027 0.049, -0.9744 -0.4984 0.0575, -0.9154 -0.4984 0.0575, -0.9744 -0.4963 0.0669, -0.9154 -0.4963 0.0669, -0.9744 -0.4647 0.0669, -0.9154 -0.4647 0.0669, -0.9154 -0.4679 0.0494, -0.9744 -0.4679 0.0494, -0.9154 -0.4754 0.0332, -0.9744 -0.4754 0.0332, -0.9154 -0.4867 0.0194, -0.9744 -0.4867 0.0194, -0.9154 -0.5011 0.0088, -0.9744 -0.5011 0.0088, -0.9154 -0.5177 0.0022, -0.9744 -0.5177 0.0022, -0.9154 -0.5354 -0.0, -0.9744 -0.5354 -0.0, -0.9744 -0.7087 0.0, -0.9154 -0.7087 0.0, -0.9744 -0.7087 0.0315, -0.9154 -0.7087 0.0315, -0.9744 -0.214 0.1922, -0.9154 -0.214 0.1922, -0.9154 -0.2207 0.2045, -0.9744 -0.2207 0.2045, -0.9154 -0.2241 0.2182, -0.9744 -0.2241 0.2182, -0.9154 -0.2239 0.2322, -0.9744 -0.2239 0.2322, -0.9154 -0.2201 0.2457, -0.9744 -0.2201 0.2457, -0.9154 -0.2131 0.2579, -0.9744 -0.2131 0.2579, -0.9154 -0.2032 0.2679, -0.9744 -0.2032 0.2679, -0.9154 -0.1911 0.275, -0.9744 -0.1911 0.275, -0.9154 -0.1776 0.2789, -0.9744 -0.1776 0.2789, -0.9744 -0.1822 0.1481, -0.9154 -0.1822 0.1481, -0.9744 -0.3381 0.2907, -0.9154 -0.3381 0.2907, -0.9154 -0.3311 0.278, -0.9744 -0.3311 0.278, -0.9154 -0.3273 0.264, -0.9744 -0.3273 0.264, -0.9154 -0.3271 0.2496, -0.9744 -0.3271 0.2496, -0.9154 -0.3304 0.2355, -0.9744 -0.3304 0.2355, -0.9154 -0.337 0.2226, -0.9744 -0.337 0.2226, -0.9744 -0.338 0.2833, -0.9744 -0.3327 0.2705, -0.9744 -0.3307 0.2568, -0.9744 -0.3372 0.23, -0.9744 -0.3322 0.243, -0.9154 -0.3421 0.2956, -0.9154 -0.3409 0.2176, -1.1319 -0.5354 0.0315, -1.0728 -0.5354 0.0315, -1.1319 -0.5259 0.0327, -1.0728 -0.5259 0.0327, -1.1319 -0.5169 0.0361, -1.0728 -0.5169 0.0361, -1.1319 -0.509 0.0417, -1.0728 -0.509 0.0417, -1.1319 -0.5027 0.049, -1.0728 -0.5027 0.049, -1.1319 -0.4984 0.0575, -1.0728 -0.4984 0.0575, -1.1319 -0.4963 0.0669, -1.0728 -0.4963 0.0669, -1.1319 -0.4647 0.0669, -1.0728 -0.4647 0.0669, -1.0728 -0.4679 0.0494, -1.1319 -0.4679 0.0494, -1.0728 -0.4754 0.0332, -1.1319 -0.4754 0.0332, -1.0728 -0.4867 0.0194, -1.1319 -0.4867 0.0194, -1.0728 -0.5011 0.0088, -1.1319 -0.5011 0.0088, -1.0728 -0.5177 0.0022, -1.1319 -0.5177 0.0022, -1.0728 -0.5354 -0.0, -1.1319 -0.5354 -0.0, -1.1319 -0.7087 0.0, -1.0728 -0.7087 0.0, -1.1319 -0.7087 0.0315, -1.0728 -0.7087 0.0315, -1.1319 -0.214 0.1922, -1.0728 -0.214 0.1922, -1.0728 -0.2207 0.2045, -1.1319 -0.2207 0.2045, -1.0728 -0.2241 0.2182, -1.1319 -0.2241 0.2182, -1.0728 -0.2239 0.2322, -1.1319 -0.2239 0.2322, -1.0728 -0.2201 0.2457, -1.1319 -0.2201 0.2457, -1.0728 -0.2131 0.2579, -1.1319 -0.2131 0.2579, -1.0728 -0.2032 0.2679, -1.1319 -0.2032 0.2679, -1.0728 -0.1911 0.275, -1.1319 -0.1911 0.275, -1.0728 -0.1776 0.2789, -1.1319 -0.1776 0.2789, -1.1319 -0.1822 0.1481, -1.0728 -0.1822 0.1481, -1.1319 -0.3381 0.2907, -1.0728 -0.3381 0.2907, -1.0728 -0.3311 0.278, -1.1319 -0.3311 0.278, -1.0728 -0.3273 0.264, -1.1319 -0.3273 0.264, -1.0728 -0.3271 0.2496, -1.1319 -0.3271 0.2496, -1.0728 -0.3304 0.2355, -1.1319 -0.3304 0.2355, -1.0728 -0.337 0.2226, -1.1319 -0.337 0.2226, -1.1319 -0.338 0.2833, -1.1319 -0.3327 0.2705, -1.1319 -0.3307 0.2568, -1.1319 -0.3372 0.23, -1.1319 -0.3322 0.243, -1.0728 -0.3421 0.2956, -1.0728 -0.3409 0.2176, -1.2894 -0.5354 0.0315, -1.2303 -0.5354 0.0315, -1.2894 -0.5259 0.0327, -1.2303 -0.5259 0.0327, -1.2894 -0.5169 0.0361, -1.2303 -0.5169 0.0361, -1.2894 -0.509 0.0417, -1.2303 -0.509 0.0417, -1.2894 -0.5027 0.049, -1.2303 -0.5027 0.049, -1.2894 -0.4984 0.0575, -1.2303 -0.4984 0.0575, -1.2894 -0.4963 0.0669, -1.2303 -0.4963 0.0669, -1.2894 -0.4647 0.0669, -1.2303 -0.4647 0.0669, -1.2303 -0.4679 0.0494, -1.2894 -0.4679 0.0494, -1.2303 -0.4754 0.0332, -1.2894 -0.4754 0.0332, -1.2303 -0.4867 0.0194, -1.2894 -0.4867 0.0194, -1.2303 -0.5011 0.0088, -1.2894 -0.5011 0.0088, -1.2303 -0.5177 0.0022, -1.2894 -0.5177 0.0022, -1.2303 -0.5354 -0.0, -1.2894 -0.5354 -0.0, -1.2894 -0.7087 0.0, -1.2303 -0.7087 0.0, -1.2894 -0.7087 0.0315, -1.2303 -0.7087 0.0315, -1.2894 -0.214 0.1922, -1.2303 -0.214 0.1922, -1.2303 -0.2207 0.2045, -1.2894 -0.2207 0.2045, -1.2303 -0.2241 0.2182, -1.2894 -0.2241 0.2182, -1.2303 -0.2239 0.2322, -1.2894 -0.2239 0.2322, -1.2303 -0.2201 0.2457, -1.2894 -0.2201 0.2457, -1.2303 -0.2131 0.2579, -1.2894 -0.2131 0.2579, -1.2303 -0.2032 0.2679, -1.2894 -0.2032 0.2679, -1.2303 -0.1911 0.275, -1.2894 -0.1911 0.275, -1.2303 -0.1776 0.2789, -1.2894 -0.1776 0.2789, -1.2894 -0.1822 0.1481, -1.2303 -0.1822 0.1481, -1.2894 -0.3381 0.2907, -1.2303 -0.3381 0.2907, -1.2303 -0.3311 0.278, -1.2894 -0.3311 0.278, -1.2303 -0.3273 0.264, -1.2894 -0.3273 0.264, -1.2303 -0.3271 0.2496, -1.2894 -0.3271 0.2496, -1.2303 -0.3304 0.2355, -1.2894 -0.3304 0.2355, -1.2303 -0.337 0.2226, -1.2894 -0.337 0.2226, -1.2894 -0.338 0.2833, -1.2894 -0.3327 0.2705, -1.2894 -0.3307 0.2568, -1.2894 -0.3372 0.23, -1.2894 -0.3322 0.243, -1.2303 -0.3421 0.2956, -1.2303 -0.3409 0.2176, 1.0728 0.4963 0.0669, 1.1319 0.4963 0.0669, 1.0728 0.4984 0.0575, 1.1319 0.4984 0.0575, 1.0728 0.5027 0.049, 1.1319 0.5027 0.049, 1.0728 0.509 0.0417, 1.1319 0.509 0.0417, 1.0728 0.5169 0.0361, 1.1319 0.5169 0.0361, 1.0728 0.5259 0.0327, 1.1319 0.5259 0.0327, 1.0728 0.5354 0.0315, 1.1319 0.5354 0.0315, 1.0728 0.7087 0.0315, 1.1319 0.7087 0.0315, 1.0728 0.7087 0.0, 1.1319 0.7087 0.0, 1.0728 0.5354 -0.0, 1.1319 0.5354 -0.0, 1.1319 0.5177 0.0022, 1.0728 0.5177 0.0022, 1.1319 0.5011 0.0088, 1.0728 0.5011 0.0088, 1.1319 0.4867 0.0194, 1.0728 0.4867 0.0194, 1.1319 0.4754 0.0332, 1.0728 0.4754 0.0332, 1.1319 0.4679 0.0494, 1.0728 0.4679 0.0494, 1.1319 0.4647 0.0669, 1.0728 0.4647 0.0669, 1.0728 0.1776 0.2789, 1.1319 0.1776 0.2789, 1.1319 0.1911 0.275, 1.0728 0.1911 0.275, 1.1319 0.2032 0.2679, 1.0728 0.2032 0.2679, 1.1319 0.2131 0.2579, 1.0728 0.2131 0.2579, 1.1319 0.2201 0.2457, 1.0728 0.2201 0.2457, 1.1319 0.2239 0.2322, 1.0728 0.2239 0.2322, 1.1319 0.2241 0.2182, 1.0728 0.2241 0.2182, 1.1319 0.2207 0.2045, 1.0728 0.2207 0.2045, 1.1319 0.214 0.1922, 1.0728 0.214 0.1922, 1.0728 0.1822 0.1481, 1.1319 0.1822 0.1481, 1.0728 0.337 0.2226, 1.1319 0.337 0.2226, 1.1319 0.3304 0.2355, 1.0728 0.3304 0.2355, 1.1319 0.3271 0.2496, 1.0728 0.3271 0.2496, 1.1319 0.3273 0.264, 1.0728 0.3273 0.264, 1.1319 0.3311 0.278, 1.0728 0.3311 0.278, 1.1319 0.3381 0.2907, 1.0728 0.3381 0.2907, 1.0728 0.3372 0.23, 1.0728 0.3322 0.243, 1.0728 0.3307 0.2568, 1.0728 0.338 0.2833, 1.0728 0.3327 0.2705, 1.1319 0.3409 0.2176, 1.1319 0.3421 0.2956, 0.9154 0.4963 0.0669, 0.9744 0.4963 0.0669, 0.9154 0.4984 0.0575, 0.9744 0.4984 0.0575, 0.9154 0.5027 0.049, 0.9744 0.5027 0.049, 0.9154 0.509 0.0417, 0.9744 0.509 0.0417, 0.9154 0.5169 0.0361, 0.9744 0.5169 0.0361, 0.9154 0.5259 0.0327, 0.9744 0.5259 0.0327, 0.9154 0.5354 0.0315, 0.9744 0.5354 0.0315, 0.9154 0.7087 0.0315, 0.9744 0.7087 0.0315, 0.9154 0.7087 0.0, 0.9744 0.7087 0.0, 0.9154 0.5354 -0.0, 0.9744 0.5354 -0.0, 0.9744 0.5177 0.0022, 0.9154 0.5177 0.0022, 0.9744 0.5011 0.0088, 0.9154 0.5011 0.0088, 0.9744 0.4867 0.0194, 0.9154 0.4867 0.0194, 0.9744 0.4754 0.0332, 0.9154 0.4754 0.0332, 0.9744 0.4679 0.0494, 0.9154 0.4679 0.0494, 0.9744 0.4647 0.0669, 0.9154 0.4647 0.0669, 0.9154 0.1776 0.2789, 0.9744 0.1776 0.2789, 0.9744 0.1911 0.275, 0.9154 0.1911 0.275, 0.9744 0.2032 0.2679, 0.9154 0.2032 0.2679, 0.9744 0.2131 0.2579, 0.9154 0.2131 0.2579, 0.9744 0.2201 0.2457, 0.9154 0.2201 0.2457, 0.9744 0.2239 0.2322, 0.9154 0.2239 0.2322, 0.9744 0.2241 0.2182, 0.9154 0.2241 0.2182, 0.9744 0.2207 0.2045, 0.9154 0.2207 0.2045, 0.9744 0.214 0.1922, 0.9154 0.214 0.1922, 0.9154 0.1822 0.1481, 0.9744 0.1822 0.1481, 0.9154 0.337 0.2226, 0.9744 0.337 0.2226, 0.9744 0.3304 0.2355, 0.9154 0.3304 0.2355, 0.9744 0.3271 0.2496, 0.9154 0.3271 0.2496, 0.9744 0.3273 0.264, 0.9154 0.3273 0.264, 0.9744 0.3311 0.278, 0.9154 0.3311 0.278, 0.9744 0.3381 0.2907, 0.9154 0.3381 0.2907, 0.9154 0.3372 0.23, 0.9154 0.3322 0.243, 0.9154 0.3307 0.2568, 0.9154 0.338 0.2833, 0.9154 0.3327 0.2705, 0.9744 0.3409 0.2176, 0.9744 0.3421 0.2956, 0.7579 0.4963 0.0669, 0.8169 0.4963 0.0669, 0.7579 0.4984 0.0575, 0.8169 0.4984 0.0575, 0.7579 0.5027 0.049, 0.8169 0.5027 0.049, 0.7579 0.509 0.0417, 0.8169 0.509 0.0417, 0.7579 0.5169 0.0361, 0.8169 0.5169 0.0361, 0.7579 0.5259 0.0327, 0.8169 0.5259 0.0327, 0.7579 0.5354 0.0315, 0.8169 0.5354 0.0315, 0.7579 0.7087 0.0315, 0.8169 0.7087 0.0315, 0.7579 0.7087 0.0, 0.8169 0.7087 0.0, 0.7579 0.5354 -0.0, 0.8169 0.5354 -0.0, 0.8169 0.5177 0.0022, 0.7579 0.5177 0.0022, 0.8169 0.5011 0.0088, 0.7579 0.5011 0.0088, 0.8169 0.4867 0.0194, 0.7579 0.4867 0.0194, 0.8169 0.4754 0.0332, 0.7579 0.4754 0.0332, 0.8169 0.4679 0.0494, 0.7579 0.4679 0.0494, 0.8169 0.4647 0.0669, 0.7579 0.4647 0.0669, 0.7579 0.1776 0.2789, 0.8169 0.1776 0.2789, 0.8169 0.1911 0.275, 0.7579 0.1911 0.275, 0.8169 0.2032 0.2679, 0.7579 0.2032 0.2679, 0.8169 0.2131 0.2579, 0.7579 0.2131 0.2579, 0.8169 0.2201 0.2457, 0.7579 0.2201 0.2457, 0.8169 0.2239 0.2322, 0.7579 0.2239 0.2322, 0.8169 0.2241 0.2182, 0.7579 0.2241 0.2182, 0.8169 0.2207 0.2045, 0.7579 0.2207 0.2045, 0.8169 0.214 0.1922, 0.7579 0.214 0.1922, 0.7579 0.1822 0.1481, 0.8169 0.1822 0.1481, 0.7579 0.337 0.2226, 0.8169 0.337 0.2226, 0.8169 0.3304 0.2355, 0.7579 0.3304 0.2355, 0.8169 0.3271 0.2496, 0.7579 0.3271 0.2496, 0.8169 0.3273 0.264, 0.7579 0.3273 0.264, 0.8169 0.3311 0.278, 0.7579 0.3311 0.278, 0.8169 0.3381 0.2907, 0.7579 0.3381 0.2907, 0.7579 0.3372 0.23, 0.7579 0.3322 0.243, 0.7579 0.3307 0.2568, 0.7579 0.338 0.2833, 0.7579 0.3327 0.2705, 0.8169 0.3409 0.2176, 0.8169 0.3421 0.2956, 0.6004 0.4963 0.0669, 0.6594 0.4963 0.0669, 0.6004 0.4984 0.0575, 0.6594 0.4984 0.0575, 0.6004 0.5027 0.049, 0.6594 0.5027 0.049, 0.6004 0.509 0.0417, 0.6594 0.509 0.0417, 0.6004 0.5169 0.0361, 0.6594 0.5169 0.0361, 0.6004 0.5259 0.0327, 0.6594 0.5259 0.0327, 0.6004 0.5354 0.0315, 0.6594 0.5354 0.0315, 0.6004 0.7087 0.0315, 0.6594 0.7087 0.0315, 0.6004 0.7087 0.0, 0.6594 0.7087 0.0, 0.6004 0.5354 -0.0, 0.6594 0.5354 -0.0, 0.6594 0.5177 0.0022, 0.6004 0.5177 0.0022, 0.6594 0.5011 0.0088, 0.6004 0.5011 0.0088, 0.6594 0.4867 0.0194, 0.6004 0.4867 0.0194, 0.6594 0.4754 0.0332, 0.6004 0.4754 0.0332, 0.6594 0.4679 0.0494, 0.6004 0.4679 0.0494, 0.6594 0.4647 0.0669, 0.6004 0.4647 0.0669, 0.6004 0.1776 0.2789, 0.6594 0.1776 0.2789, 0.6594 0.1911 0.275, 0.6004 0.1911 0.275, 0.6594 0.2032 0.2679, 0.6004 0.2032 0.2679, 0.6594 0.2131 0.2579, 0.6004 0.2131 0.2579, 0.6594 0.2201 0.2457, 0.6004 0.2201 0.2457, 0.6594 0.2239 0.2322, 0.6004 0.2239 0.2322, 0.6594 0.2241 0.2182, 0.6004 0.2241 0.2182, 0.6594 0.2207 0.2045, 0.6004 0.2207 0.2045, 0.6594 0.214 0.1922, 0.6004 0.214 0.1922, 0.6004 0.1822 0.1481, 0.6594 0.1822 0.1481, 0.6004 0.337 0.2226, 0.6594 0.337 0.2226, 0.6594 0.3304 0.2355, 0.6004 0.3304 0.2355, 0.6594 0.3271 0.2496, 0.6004 0.3271 0.2496, 0.6594 0.3273 0.264, 0.6004 0.3273 0.264, 0.6594 0.3311 0.278, 0.6004 0.3311 0.278, 0.6594 0.3381 0.2907, 0.6004 0.3381 0.2907, 0.6004 0.3372 0.23, 0.6004 0.3322 0.243, 0.6004 0.3307 0.2568, 0.6004 0.338 0.2833, 0.6004 0.3327 0.2705, 0.6594 0.3409 0.2176, 0.6594 0.3421 0.2956, 0.4429 0.4963 0.0669, 0.502 0.4963 0.0669, 0.4429 0.4984 0.0575, 0.502 0.4984 0.0575, 0.4429 0.5027 0.049, 0.502 0.5027 0.049, 0.4429 0.509 0.0417, 0.502 0.509 0.0417, 0.4429 0.5169 0.0361, 0.502 0.5169 0.0361, 0.4429 0.5259 0.0327, 0.502 0.5259 0.0327, 0.4429 0.5354 0.0315, 0.502 0.5354 0.0315, 0.4429 0.7087 0.0315, 0.502 0.7087 0.0315, 0.4429 0.7087 0.0, 0.502 0.7087 0.0, 0.4429 0.5354 -0.0, 0.502 0.5354 -0.0, 0.502 0.5177 0.0022, 0.4429 0.5177 0.0022, 0.502 0.5011 0.0088, 0.4429 0.5011 0.0088, 0.502 0.4867 0.0194, 0.4429 0.4867 0.0194, 0.502 0.4754 0.0332, 0.4429 0.4754 0.0332, 0.502 0.4679 0.0494, 0.4429 0.4679 0.0494, 0.502 0.4647 0.0669, 0.4429 0.4647 0.0669, 0.4429 0.1776 0.2789, 0.502 0.1776 0.2789, 0.502 0.1911 0.275, 0.4429 0.1911 0.275, 0.502 0.2032 0.2679, 0.4429 0.2032 0.2679, 0.502 0.2131 0.2579, 0.4429 0.2131 0.2579, 0.502 0.2201 0.2457, 0.4429 0.2201 0.2457, 0.502 0.2239 0.2322, 0.4429 0.2239 0.2322, 0.502 0.2241 0.2182, 0.4429 0.2241 0.2182, 0.502 0.2207 0.2045, 0.4429 0.2207 0.2045, 0.502 0.214 0.1922, 0.4429 0.214 0.1922, 0.4429 0.1822 0.1481, 0.502 0.1822 0.1481, 0.4429 0.337 0.2226, 0.502 0.337 0.2226, 0.502 0.3304 0.2355, 0.4429 0.3304 0.2355, 0.502 0.3271 0.2496, 0.4429 0.3271 0.2496, 0.502 0.3273 0.264, 0.4429 0.3273 0.264, 0.502 0.3311 0.278, 0.4429 0.3311 0.278, 0.502 0.3381 0.2907, 0.4429 0.3381 0.2907, 0.4429 0.3372 0.23, 0.4429 0.3322 0.243, 0.4429 0.3307 0.2568, 0.4429 0.338 0.2833, 0.4429 0.3327 0.2705, 0.502 0.3409 0.2176, 0.502 0.3421 0.2956, 0.2854 0.4963 0.0669, 0.3445 0.4963 0.0669, 0.2854 0.4984 0.0575, 0.3445 0.4984 0.0575, 0.2854 0.5027 0.049, 0.3445 0.5027 0.049, 0.2854 0.509 0.0417, 0.3445 0.509 0.0417, 0.2854 0.5169 0.0361, 0.3445 0.5169 0.0361, 0.2854 0.5259 0.0327, 0.3445 0.5259 0.0327, 0.2854 0.5354 0.0315, 0.3445 0.5354 0.0315, 0.2854 0.7087 0.0315, 0.3445 0.7087 0.0315, 0.2854 0.7087 0.0, 0.3445 0.7087 0.0, 0.2854 0.5354 -0.0, 0.3445 0.5354 -0.0, 0.3445 0.5177 0.0022, 0.2854 0.5177 0.0022, 0.3445 0.5011 0.0088, 0.2854 0.5011 0.0088, 0.3445 0.4867 0.0194, 0.2854 0.4867 0.0194, 0.3445 0.4754 0.0332, 0.2854 0.4754 0.0332, 0.3445 0.4679 0.0494, 0.2854 0.4679 0.0494, 0.3445 0.4647 0.0669, 0.2854 0.4647 0.0669, 0.2854 0.1776 0.2789, 0.3445 0.1776 0.2789, 0.3445 0.1911 0.275, 0.2854 0.1911 0.275, 0.3445 0.2032 0.2679, 0.2854 0.2032 0.2679, 0.3445 0.2131 0.2579, 0.2854 0.2131 0.2579, 0.3445 0.2201 0.2457, 0.2854 0.2201 0.2457, 0.3445 0.2239 0.2322, 0.2854 0.2239 0.2322, 0.3445 0.2241 0.2182, 0.2854 0.2241 0.2182, 0.3445 0.2207 0.2045, 0.2854 0.2207 0.2045, 0.3445 0.214 0.1922, 0.2854 0.214 0.1922, 0.2854 0.1822 0.1481, 0.3445 0.1822 0.1481, 0.2854 0.337 0.2226, 0.3445 0.337 0.2226, 0.3445 0.3304 0.2355, 0.2854 0.3304 0.2355, 0.3445 0.3271 0.2496, 0.2854 0.3271 0.2496, 0.3445 0.3273 0.264, 0.2854 0.3273 0.264, 0.3445 0.3311 0.278, 0.2854 0.3311 0.278, 0.3445 0.3381 0.2907, 0.2854 0.3381 0.2907, 0.2854 0.3372 0.23, 0.2854 0.3322 0.243, 0.2854 0.3307 0.2568, 0.2854 0.338 0.2833, 0.2854 0.3327 0.2705, 0.3445 0.3409 0.2176, 0.3445 0.3421 0.2956, 0.128 0.4963 0.0669, 0.187 0.4963 0.0669, 0.128 0.4984 0.0575, 0.187 0.4984 0.0575, 0.128 0.5027 0.049, 0.187 0.5027 0.049, 0.128 0.509 0.0417, 0.187 0.509 0.0417, 0.128 0.5169 0.0361, 0.187 0.5169 0.0361, 0.128 0.5259 0.0327, 0.187 0.5259 0.0327, 0.128 0.5354 0.0315, 0.187 0.5354 0.0315, 0.128 0.7087 0.0315, 0.187 0.7087 0.0315, 0.128 0.7087 0.0, 0.187 0.7087 0.0, 0.128 0.5354 -0.0, 0.187 0.5354 -0.0, 0.187 0.5177 0.0022, 0.128 0.5177 0.0022, 0.187 0.5011 0.0088, 0.128 0.5011 0.0088, 0.187 0.4867 0.0194, 0.128 0.4867 0.0194, 0.187 0.4754 0.0332, 0.128 0.4754 0.0332, 0.187 0.4679 0.0494, 0.128 0.4679 0.0494, 0.187 0.4647 0.0669, 0.128 0.4647 0.0669, 0.128 0.1776 0.2789, 0.187 0.1776 0.2789, 0.187 0.1911 0.275, 0.128 0.1911 0.275, 0.187 0.2032 0.2679, 0.128 0.2032 0.2679, 0.187 0.2131 0.2579, 0.128 0.2131 0.2579, 0.187 0.2201 0.2457, 0.128 0.2201 0.2457, 0.187 0.2239 0.2322, 0.128 0.2239 0.2322, 0.187 0.2241 0.2182, 0.128 0.2241 0.2182, 0.187 0.2207 0.2045, 0.128 0.2207 0.2045, 0.187 0.214 0.1922, 0.128 0.214 0.1922, 0.128 0.1822 0.1481, 0.187 0.1822 0.1481, 0.128 0.337 0.2226, 0.187 0.337 0.2226, 0.187 0.3304 0.2355, 0.128 0.3304 0.2355, 0.187 0.3271 0.2496, 0.128 0.3271 0.2496, 0.187 0.3273 0.264, 0.128 0.3273 0.264, 0.187 0.3311 0.278, 0.128 0.3311 0.278, 0.187 0.3381 0.2907, 0.128 0.3381 0.2907, 0.128 0.3372 0.23, 0.128 0.3322 0.243, 0.128 0.3307 0.2568, 0.128 0.338 0.2833, 0.128 0.3327 0.2705, 0.187 0.3409 0.2176, 0.187 0.3421 0.2956, -0.0295 0.4963 0.0669, 0.0295 0.4963 0.0669, -0.0295 0.4984 0.0575, 0.0295 0.4984 0.0575, -0.0295 0.5027 0.049, 0.0295 0.5027 0.049, -0.0295 0.509 0.0417, 0.0295 0.509 0.0417, -0.0295 0.5169 0.0361, 0.0295 0.5169 0.0361, -0.0295 0.5259 0.0327, 0.0295 0.5259 0.0327, -0.0295 0.5354 0.0315, 0.0295 0.5354 0.0315, -0.0295 0.7087 0.0315, 0.0295 0.7087 0.0315, -0.0295 0.7087 0.0, 0.0295 0.7087 0.0, -0.0295 0.5354 -0.0, 0.0295 0.5354 -0.0, 0.0295 0.5177 0.0022, -0.0295 0.5177 0.0022, 0.0295 0.5011 0.0088, -0.0295 0.5011 0.0088, 0.0295 0.4867 0.0194, -0.0295 0.4867 0.0194, 0.0295 0.4754 0.0332, -0.0295 0.4754 0.0332, 0.0295 0.4679 0.0494, -0.0295 0.4679 0.0494, 0.0295 0.4647 0.0669, -0.0295 0.4647 0.0669, -0.0295 0.1776 0.2789, 0.0295 0.1776 0.2789, 0.0295 0.1911 0.275, -0.0295 0.1911 0.275, 0.0295 0.2032 0.2679, -0.0295 0.2032 0.2679, 0.0295 0.2131 0.2579, -0.0295 0.2131 0.2579, 0.0295 0.2201 0.2457, -0.0295 0.2201 0.2457, 0.0295 0.2239 0.2322, -0.0295 0.2239 0.2322, 0.0295 0.2241 0.2182, -0.0295 0.2241 0.2182, 0.0295 0.2207 0.2045, -0.0295 0.2207 0.2045, 0.0295 0.214 0.1922, -0.0295 0.214 0.1922, -0.0295 0.1822 0.1481, 0.0295 0.1822 0.1481, -0.0295 0.337 0.2226, 0.0295 0.337 0.2226, 0.0295 0.3304 0.2355, -0.0295 0.3304 0.2355, 0.0295 0.3271 0.2496, -0.0295 0.3271 0.2496, 0.0295 0.3273 0.264, -0.0295 0.3273 0.264, 0.0295 0.3311 0.278, -0.0295 0.3311 0.278, 0.0295 0.3381 0.2907, -0.0295 0.3381 0.2907, -0.0295 0.3372 0.23, -0.0295 0.3322 0.243, -0.0295 0.3307 0.2568, -0.0295 0.338 0.2833, -0.0295 0.3327 0.2705, 0.0295 0.3409 0.2176, 0.0295 0.3421 0.2956, -0.187 0.4963 0.0669, -0.128 0.4963 0.0669, -0.187 0.4984 0.0575, -0.128 0.4984 0.0575, -0.187 0.5027 0.049, -0.128 0.5027 0.049, -0.187 0.509 0.0417, -0.128 0.509 0.0417, -0.187 0.5169 0.0361, -0.128 0.5169 0.0361, -0.187 0.5259 0.0327, -0.128 0.5259 0.0327, -0.187 0.5354 0.0315, -0.128 0.5354 0.0315, -0.187 0.7087 0.0315, -0.128 0.7087 0.0315, -0.187 0.7087 0.0, -0.128 0.7087 0.0, -0.187 0.5354 -0.0, -0.128 0.5354 -0.0, -0.128 0.5177 0.0022, -0.187 0.5177 0.0022, -0.128 0.5011 0.0088, -0.187 0.5011 0.0088, -0.128 0.4867 0.0194, -0.187 0.4867 0.0194, -0.128 0.4754 0.0332, -0.187 0.4754 0.0332, -0.128 0.4679 0.0494, -0.187 0.4679 0.0494, -0.128 0.4647 0.0669, -0.187 0.4647 0.0669, -0.187 0.1776 0.2789, -0.128 0.1776 0.2789, -0.128 0.1911 0.275, -0.187 0.1911 0.275, -0.128 0.2032 0.2679, -0.187 0.2032 0.2679, -0.128 0.2131 0.2579, -0.187 0.2131 0.2579, -0.128 0.2201 0.2457, -0.187 0.2201 0.2457, -0.128 0.2239 0.2322, -0.187 0.2239 0.2322, -0.128 0.2241 0.2182, -0.187 0.2241 0.2182, -0.128 0.2207 0.2045, -0.187 0.2207 0.2045, -0.128 0.214 0.1922, -0.187 0.214 0.1922, -0.187 0.1822 0.1481, -0.128 0.1822 0.1481, -0.187 0.337 0.2226, -0.128 0.337 0.2226, -0.128 0.3304 0.2355, -0.187 0.3304 0.2355, -0.128 0.3271 0.2496, -0.187 0.3271 0.2496, -0.128 0.3273 0.264, -0.187 0.3273 0.264, -0.128 0.3311 0.278, -0.187 0.3311 0.278, -0.128 0.3381 0.2907, -0.187 0.3381 0.2907, -0.187 0.3372 0.23, -0.187 0.3322 0.243, -0.187 0.3307 0.2568, -0.187 0.338 0.2833, -0.187 0.3327 0.2705, -0.128 0.3409 0.2176, -0.128 0.3421 0.2956, -0.3445 0.4963 0.0669, -0.2854 0.4963 0.0669, -0.3445 0.4984 0.0575, -0.2854 0.4984 0.0575, -0.3445 0.5027 0.049, -0.2854 0.5027 0.049, -0.3445 0.509 0.0417, -0.2854 0.509 0.0417, -0.3445 0.5169 0.0361, -0.2854 0.5169 0.0361, -0.3445 0.5259 0.0327, -0.2854 0.5259 0.0327, -0.3445 0.5354 0.0315, -0.2854 0.5354 0.0315, -0.3445 0.7087 0.0315, -0.2854 0.7087 0.0315, -0.3445 0.7087 0.0, -0.2854 0.7087 0.0, -0.3445 0.5354 -0.0, -0.2854 0.5354 -0.0, -0.2854 0.5177 0.0022, -0.3445 0.5177 0.0022, -0.2854 0.5011 0.0088, -0.3445 0.5011 0.0088, -0.2854 0.4867 0.0194, -0.3445 0.4867 0.0194, -0.2854 0.4754 0.0332, -0.3445 0.4754 0.0332, -0.2854 0.4679 0.0494, -0.3445 0.4679 0.0494, -0.2854 0.4647 0.0669, -0.3445 0.4647 0.0669, -0.3445 0.1776 0.2789, -0.2854 0.1776 0.2789, -0.2854 0.1911 0.275, -0.3445 0.1911 0.275, -0.2854 0.2032 0.2679, -0.3445 0.2032 0.2679, -0.2854 0.2131 0.2579, -0.3445 0.2131 0.2579, -0.2854 0.2201 0.2457, -0.3445 0.2201 0.2457, -0.2854 0.2239 0.2322, -0.3445 0.2239 0.2322, -0.2854 0.2241 0.2182, -0.3445 0.2241 0.2182, -0.2854 0.2207 0.2045, -0.3445 0.2207 0.2045, -0.2854 0.214 0.1922, -0.3445 0.214 0.1922, -0.3445 0.1822 0.1481, -0.2854 0.1822 0.1481, -0.3445 0.337 0.2226, -0.2854 0.337 0.2226, -0.2854 0.3304 0.2355, -0.3445 0.3304 0.2355, -0.2854 0.3271 0.2496, -0.3445 0.3271 0.2496, -0.2854 0.3273 0.264, -0.3445 0.3273 0.264, -0.2854 0.3311 0.278, -0.3445 0.3311 0.278, -0.2854 0.3381 0.2907, -0.3445 0.3381 0.2907, -0.3445 0.3372 0.23, -0.3445 0.3322 0.243, -0.3445 0.3307 0.2568, -0.3445 0.338 0.2833, -0.3445 0.3327 0.2705, -0.2854 0.3409 0.2176, -0.2854 0.3421 0.2956, -0.502 0.4963 0.0669, -0.4429 0.4963 0.0669, -0.502 0.4984 0.0575, -0.4429 0.4984 0.0575, -0.502 0.5027 0.049, -0.4429 0.5027 0.049, -0.502 0.509 0.0417, -0.4429 0.509 0.0417, -0.502 0.5169 0.0361, -0.4429 0.5169 0.0361, -0.502 0.5259 0.0327, -0.4429 0.5259 0.0327, -0.502 0.5354 0.0315, -0.4429 0.5354 0.0315, -0.502 0.7087 0.0315, -0.4429 0.7087 0.0315, -0.502 0.7087 0.0, -0.4429 0.7087 0.0, -0.502 0.5354 -0.0, -0.4429 0.5354 -0.0, -0.4429 0.5177 0.0022, -0.502 0.5177 0.0022, -0.4429 0.5011 0.0088, -0.502 0.5011 0.0088, -0.4429 0.4867 0.0194, -0.502 0.4867 0.0194, -0.4429 0.4754 0.0332, -0.502 0.4754 0.0332, -0.4429 0.4679 0.0494, -0.502 0.4679 0.0494, -0.4429 0.4647 0.0669, -0.502 0.4647 0.0669, -0.502 0.1776 0.2789, -0.4429 0.1776 0.2789, -0.4429 0.1911 0.275, -0.502 0.1911 0.275, -0.4429 0.2032 0.2679, -0.502 0.2032 0.2679, -0.4429 0.2131 0.2579, -0.502 0.2131 0.2579, -0.4429 0.2201 0.2457, -0.502 0.2201 0.2457, -0.4429 0.2239 0.2322, -0.502 0.2239 0.2322, -0.4429 0.2241 0.2182, -0.502 0.2241 0.2182, -0.4429 0.2207 0.2045, -0.502 0.2207 0.2045, -0.4429 0.214 0.1922, -0.502 0.214 0.1922, -0.502 0.1822 0.1481, -0.4429 0.1822 0.1481, -0.502 0.337 0.2226, -0.4429 0.337 0.2226, -0.4429 0.3304 0.2355, -0.502 0.3304 0.2355, -0.4429 0.3271 0.2496, -0.502 0.3271 0.2496, -0.4429 0.3273 0.264, -0.502 0.3273 0.264, -0.4429 0.3311 0.278, -0.502 0.3311 0.278, -0.4429 0.3381 0.2907, -0.502 0.3381 0.2907, -0.502 0.3372 0.23, -0.502 0.3322 0.243, -0.502 0.3307 0.2568, -0.502 0.338 0.2833, -0.502 0.3327 0.2705, -0.4429 0.3409 0.2176, -0.4429 0.3421 0.2956, -0.6594 0.4963 0.0669, -0.6004 0.4963 0.0669, -0.6594 0.4984 0.0575, -0.6004 0.4984 0.0575, -0.6594 0.5027 0.049, -0.6004 0.5027 0.049, -0.6594 0.509 0.0417, -0.6004 0.509 0.0417, -0.6594 0.5169 0.0361, -0.6004 0.5169 0.0361, -0.6594 0.5259 0.0327, -0.6004 0.5259 0.0327, -0.6594 0.5354 0.0315, -0.6004 0.5354 0.0315, -0.6594 0.7087 0.0315, -0.6004 0.7087 0.0315, -0.6594 0.7087 0.0, -0.6004 0.7087 0.0, -0.6594 0.5354 -0.0, -0.6004 0.5354 -0.0, -0.6004 0.5177 0.0022, -0.6594 0.5177 0.0022, -0.6004 0.5011 0.0088, -0.6594 0.5011 0.0088, -0.6004 0.4867 0.0194, -0.6594 0.4867 0.0194, -0.6004 0.4754 0.0332, -0.6594 0.4754 0.0332, -0.6004 0.4679 0.0494, -0.6594 0.4679 0.0494, -0.6004 0.4647 0.0669, -0.6594 0.4647 0.0669, -0.6594 0.1776 0.2789, -0.6004 0.1776 0.2789, -0.6004 0.1911 0.275, -0.6594 0.1911 0.275, -0.6004 0.2032 0.2679, -0.6594 0.2032 0.2679, -0.6004 0.2131 0.2579, -0.6594 0.2131 0.2579, -0.6004 0.2201 0.2457, -0.6594 0.2201 0.2457, -0.6004 0.2239 0.2322, -0.6594 0.2239 0.2322, -0.6004 0.2241 0.2182, -0.6594 0.2241 0.2182, -0.6004 0.2207 0.2045, -0.6594 0.2207 0.2045, -0.6004 0.214 0.1922, -0.6594 0.214 0.1922, -0.6594 0.1822 0.1481, -0.6004 0.1822 0.1481, -0.6594 0.337 0.2226, -0.6004 0.337 0.2226, -0.6004 0.3304 0.2355, -0.6594 0.3304 0.2355, -0.6004 0.3271 0.2496, -0.6594 0.3271 0.2496, -0.6004 0.3273 0.264, -0.6594 0.3273 0.264, -0.6004 0.3311 0.278, -0.6594 0.3311 0.278, -0.6004 0.3381 0.2907, -0.6594 0.3381 0.2907, -0.6594 0.3372 0.23, -0.6594 0.3322 0.243, -0.6594 0.3307 0.2568, -0.6594 0.338 0.2833, -0.6594 0.3327 0.2705, -0.6004 0.3409 0.2176, -0.6004 0.3421 0.2956, -0.8169 0.4963 0.0669, -0.7579 0.4963 0.0669, -0.8169 0.4984 0.0575, -0.7579 0.4984 0.0575, -0.8169 0.5027 0.049, -0.7579 0.5027 0.049, -0.8169 0.509 0.0417, -0.7579 0.509 0.0417, -0.8169 0.5169 0.0361, -0.7579 0.5169 0.0361, -0.8169 0.5259 0.0327, -0.7579 0.5259 0.0327, -0.8169 0.5354 0.0315, -0.7579 0.5354 0.0315, -0.8169 0.7087 0.0315, -0.7579 0.7087 0.0315, -0.8169 0.7087 0.0, -0.7579 0.7087 0.0, -0.8169 0.5354 -0.0, -0.7579 0.5354 -0.0, -0.7579 0.5177 0.0022, -0.8169 0.5177 0.0022, -0.7579 0.5011 0.0088, -0.8169 0.5011 0.0088, -0.7579 0.4867 0.0194, -0.8169 0.4867 0.0194, -0.7579 0.4754 0.0332, -0.8169 0.4754 0.0332, -0.7579 0.4679 0.0494, -0.8169 0.4679 0.0494, -0.7579 0.4647 0.0669, -0.8169 0.4647 0.0669, -0.8169 0.1776 0.2789, -0.7579 0.1776 0.2789, -0.7579 0.1911 0.275, -0.8169 0.1911 0.275, -0.7579 0.2032 0.2679, -0.8169 0.2032 0.2679, -0.7579 0.2131 0.2579, -0.8169 0.2131 0.2579, -0.7579 0.2201 0.2457, -0.8169 0.2201 0.2457, -0.7579 0.2239 0.2322, -0.8169 0.2239 0.2322, -0.7579 0.2241 0.2182, -0.8169 0.2241 0.2182, -0.7579 0.2207 0.2045, -0.8169 0.2207 0.2045, -0.7579 0.214 0.1922, -0.8169 0.214 0.1922, -0.8169 0.1822 0.1481, -0.7579 0.1822 0.1481, -0.8169 0.337 0.2226, -0.7579 0.337 0.2226, -0.7579 0.3304 0.2355, -0.8169 0.3304 0.2355, -0.7579 0.3271 0.2496, -0.8169 0.3271 0.2496, -0.7579 0.3273 0.264, -0.8169 0.3273 0.264, -0.7579 0.3311 0.278, -0.8169 0.3311 0.278, -0.7579 0.3381 0.2907, -0.8169 0.3381 0.2907, -0.8169 0.3372 0.23, -0.8169 0.3322 0.243, -0.8169 0.3307 0.2568, -0.8169 0.338 0.2833, -0.8169 0.3327 0.2705, -0.7579 0.3409 0.2176, -0.7579 0.3421 0.2956, -0.9744 0.4963 0.0669, -0.9154 0.4963 0.0669, -0.9744 0.4984 0.0575, -0.9154 0.4984 0.0575, -0.9744 0.5027 0.049, -0.9154 0.5027 0.049, -0.9744 0.509 0.0417, -0.9154 0.509 0.0417, -0.9744 0.5169 0.0361, -0.9154 0.5169 0.0361, -0.9744 0.5259 0.0327, -0.9154 0.5259 0.0327, -0.9744 0.5354 0.0315, -0.9154 0.5354 0.0315, -0.9744 0.7087 0.0315, -0.9154 0.7087 0.0315, -0.9744 0.7087 0.0, -0.9154 0.7087 0.0, -0.9744 0.5354 -0.0, -0.9154 0.5354 -0.0, -0.9154 0.5177 0.0022, -0.9744 0.5177 0.0022, -0.9154 0.5011 0.0088, -0.9744 0.5011 0.0088, -0.9154 0.4867 0.0194, -0.9744 0.4867 0.0194, -0.9154 0.4754 0.0332, -0.9744 0.4754 0.0332, -0.9154 0.4679 0.0494, -0.9744 0.4679 0.0494, -0.9154 0.4647 0.0669, -0.9744 0.4647 0.0669, -0.9744 0.1776 0.2789, -0.9154 0.1776 0.2789, -0.9154 0.1911 0.275, -0.9744 0.1911 0.275, -0.9154 0.2032 0.2679, -0.9744 0.2032 0.2679, -0.9154 0.2131 0.2579, -0.9744 0.2131 0.2579, -0.9154 0.2201 0.2457, -0.9744 0.2201 0.2457, -0.9154 0.2239 0.2322, -0.9744 0.2239 0.2322, -0.9154 0.2241 0.2182, -0.9744 0.2241 0.2182, -0.9154 0.2207 0.2045, -0.9744 0.2207 0.2045, -0.9154 0.214 0.1922, -0.9744 0.214 0.1922, -0.9744 0.1822 0.1481, -0.9154 0.1822 0.1481, -0.9744 0.337 0.2226, -0.9154 0.337 0.2226, -0.9154 0.3304 0.2355, -0.9744 0.3304 0.2355, -0.9154 0.3271 0.2496, -0.9744 0.3271 0.2496, -0.9154 0.3273 0.264, -0.9744 0.3273 0.264, -0.9154 0.3311 0.278, -0.9744 0.3311 0.278, -0.9154 0.3381 0.2907, -0.9744 0.3381 0.2907, -0.9744 0.338 0.2833, -0.9744 0.3327 0.2705, -0.9744 0.3307 0.2568, -0.9744 0.3372 0.23, -0.9744 0.3322 0.243, -0.9154 0.3409 0.2176, -0.9154 0.3421 0.2956, -1.1319 0.4963 0.0669, -1.0728 0.4963 0.0669, -1.1319 0.4984 0.0575, -1.0728 0.4984 0.0575, -1.1319 0.5027 0.049, -1.0728 0.5027 0.049, -1.1319 0.509 0.0417, -1.0728 0.509 0.0417, -1.1319 0.5169 0.0361, -1.0728 0.5169 0.0361, -1.1319 0.5259 0.0327, -1.0728 0.5259 0.0327, -1.1319 0.5354 0.0315, -1.0728 0.5354 0.0315, -1.1319 0.7087 0.0315, -1.0728 0.7087 0.0315, -1.1319 0.7087 0.0, -1.0728 0.7087 0.0, -1.1319 0.5354 -0.0, -1.0728 0.5354 -0.0, -1.0728 0.5177 0.0022, -1.1319 0.5177 0.0022, -1.0728 0.5011 0.0088, -1.1319 0.5011 0.0088, -1.0728 0.4867 0.0194, -1.1319 0.4867 0.0194, -1.0728 0.4754 0.0332, -1.1319 0.4754 0.0332, -1.0728 0.4679 0.0494, -1.1319 0.4679 0.0494, -1.0728 0.4647 0.0669, -1.1319 0.4647 0.0669, -1.1319 0.1776 0.2789, -1.0728 0.1776 0.2789, -1.0728 0.1911 0.275, -1.1319 0.1911 0.275, -1.0728 0.2032 0.2679, -1.1319 0.2032 0.2679, -1.0728 0.2131 0.2579, -1.1319 0.2131 0.2579, -1.0728 0.2201 0.2457, -1.1319 0.2201 0.2457, -1.0728 0.2239 0.2322, -1.1319 0.2239 0.2322, -1.0728 0.2241 0.2182, -1.1319 0.2241 0.2182, -1.0728 0.2207 0.2045, -1.1319 0.2207 0.2045, -1.0728 0.214 0.1922, -1.1319 0.214 0.1922, -1.1319 0.1822 0.1481, -1.0728 0.1822 0.1481, -1.1319 0.337 0.2226, -1.0728 0.337 0.2226, -1.0728 0.3304 0.2355, -1.1319 0.3304 0.2355, -1.0728 0.3271 0.2496, -1.1319 0.3271 0.2496, -1.0728 0.3273 0.264, -1.1319 0.3273 0.264, -1.0728 0.3311 0.278, -1.1319 0.3311 0.278, -1.0728 0.3381 0.2907, -1.1319 0.3381 0.2907, -1.1319 0.338 0.2833, -1.1319 0.3327 0.2705, -1.1319 0.3307 0.2568, -1.1319 0.3372 0.23, -1.1319 0.3322 0.243, -1.0728 0.3409 0.2176, -1.0728 0.3421 0.2956, -1.2894 0.4963 0.0669, -1.2303 0.4963 0.0669, -1.2894 0.4984 0.0575, -1.2303 0.4984 0.0575, -1.2894 0.5027 0.049, -1.2303 0.5027 0.049, -1.2894 0.509 0.0417, -1.2303 0.509 0.0417, -1.2894 0.5169 0.0361, -1.2303 0.5169 0.0361, -1.2894 0.5259 0.0327, -1.2303 0.5259 0.0327, -1.2894 0.5354 0.0315, -1.2303 0.5354 0.0315, -1.2894 0.7087 0.0315, -1.2303 0.7087 0.0315, -1.2894 0.7087 0.0, -1.2303 0.7087 0.0, -1.2894 0.5354 -0.0, -1.2303 0.5354 -0.0, -1.2303 0.5177 0.0022, -1.2894 0.5177 0.0022, -1.2303 0.5011 0.0088, -1.2894 0.5011 0.0088, -1.2303 0.4867 0.0194, -1.2894 0.4867 0.0194, -1.2303 0.4754 0.0332, -1.2894 0.4754 0.0332, -1.2303 0.4679 0.0494, -1.2894 0.4679 0.0494, -1.2303 0.4647 0.0669, -1.2894 0.4647 0.0669, -1.2894 0.1776 0.2789, -1.2303 0.1776 0.2789, -1.2303 0.1911 0.275, -1.2894 0.1911 0.275, -1.2303 0.2032 0.2679, -1.2894 0.2032 0.2679, -1.2303 0.2131 0.2579, -1.2894 0.2131 0.2579, -1.2303 0.2201 0.2457, -1.2894 0.2201 0.2457, -1.2303 0.2239 0.2322, -1.2894 0.2239 0.2322, -1.2303 0.2241 0.2182, -1.2894 0.2241 0.2182, -1.2303 0.2207 0.2045, -1.2894 0.2207 0.2045, -1.2303 0.214 0.1922, -1.2894 0.214 0.1922, -1.2894 0.1822 0.1481, -1.2303 0.1822 0.1481, -1.2894 0.337 0.2226, -1.2303 0.337 0.2226, -1.2303 0.3304 0.2355, -1.2894 0.3304 0.2355, -1.2303 0.3271 0.2496, -1.2894 0.3271 0.2496, -1.2303 0.3273 0.264, -1.2894 0.3273 0.264, -1.2303 0.3311 0.278, -1.2894 0.3311 0.278, -1.2303 0.3381 0.2907, -1.2894 0.3381 0.2907, -1.2894 0.338 0.2833, -1.2894 0.3327 0.2705, -1.2894 0.3307 0.2568, -1.2894 0.3372 0.23, -1.2894 0.3322 0.243, -1.2303 0.3409 0.2176, -1.2303 0.3421 0.2956, -1.2303 0.3421 0.2956
            ]
        }
        coordIndex [
            0,1,2,-1,2,1,3,-1,2,3,4,-1,4,3,5,-1,4,5,6,-1,6,5,7,-1,6,7,8,-1,8,7,9,-1,8,9,10,-1,10,9,11,-1,10,11,12,-1,12,11,13,-1,14,12,15,-1,15,12,13,-1,16,14,17,-1,17,14,15,-1,18,16,19,-1,19,16,17,-1,18,19,20,-1,18,20,21,-1,21,20,22,-1,21,22,23,-1,23,22,24,-1,23,24,25,-1,25,24,26,-1,25,26,27,-1,27,26,28,-1,27,28,29,-1,29,28,30,-1,29,30,31,-1,14,16,12,-1,12,16,18,-1,12,18,10,-1,10,18,21,-1,10,21,8,-1,8,21,23,-1,8,23,6,-1,6,23,25,-1,6,25,4,-1,4,25,27,-1,4,27,2,-1,2,27,29,-1,2,29,0,-1,0,29,31,-1,1,30,3,-1,3,30,28,-1,3,28,5,-1,5,28,26,-1,5,26,7,-1,7,26,24,-1,7,24,9,-1,9,24,22,-1,9,22,11,-1,11,22,20,-1,11,20,13,-1,13,20,19,-1,13,19,15,-1,15,19,17,-1,32,33,34,-1,32,34,35,-1,35,34,36,-1,35,36,37,-1,37,36,38,-1,37,38,39,-1,39,38,40,-1,39,40,41,-1,41,40,42,-1,41,42,43,-1,43,42,44,-1,43,44,45,-1,45,44,46,-1,45,46,47,-1,47,46,48,-1,47,48,49,-1,50,49,51,-1,51,49,48,-1,50,32,49,-1,49,32,35,-1,37,39,35,-1,35,39,41,-1,35,41,43,-1,43,45,35,-1,35,45,47,-1,35,47,49,-1,33,51,48,-1,44,42,34,-1,33,48,34,-1,34,48,46,-1,34,46,44,-1,42,40,34,-1,34,40,38,-1,34,38,36,-1,52,53,54,-1,52,54,55,-1,55,54,56,-1,55,56,57,-1,57,56,58,-1,57,58,59,-1,59,58,60,-1,59,60,61,-1,61,60,62,-1,61,62,63,-1,64,52,65,-1,65,52,55,-1,65,55,66,-1,63,67,61,-1,61,67,68,-1,61,68,59,-1,59,68,66,-1,59,66,57,-1,57,66,55,-1,69,70,53,-1,53,70,62,-1,53,62,60,-1,60,58,53,-1,53,58,56,-1,53,56,54,-1,71,72,73,-1,73,72,74,-1,73,74,75,-1,75,74,76,-1,75,76,77,-1,77,76,78,-1,77,78,79,-1,79,78,80,-1,79,80,81,-1,81,80,82,-1,81,82,83,-1,83,82,84,-1,85,86,87,-1,85,87,88,-1,88,87,89,-1,88,89,90,-1,90,89,91,-1,90,91,92,-1,92,91,93,-1,92,93,94,-1,94,93,95,-1,94,95,96,-1,96,95,97,-1,96,97,98,-1,99,98,100,-1,100,98,97,-1,101,99,102,-1,102,99,100,-1,71,101,72,-1,72,101,102,-1,83,85,81,-1,81,85,88,-1,81,88,79,-1,79,88,90,-1,79,90,77,-1,77,90,92,-1,77,92,75,-1,75,92,94,-1,75,94,73,-1,73,94,96,-1,73,96,71,-1,71,96,98,-1,71,98,101,-1,101,98,99,-1,102,100,72,-1,72,100,97,-1,72,97,74,-1,74,97,95,-1,74,95,76,-1,76,95,93,-1,76,93,78,-1,78,93,91,-1,78,91,80,-1,80,91,89,-1,80,89,82,-1,82,89,87,-1,82,87,84,-1,84,87,86,-1,103,104,105,-1,103,105,106,-1,106,105,107,-1,106,107,108,-1,108,107,109,-1,108,109,110,-1,110,109,111,-1,110,111,112,-1,112,111,113,-1,112,113,114,-1,114,113,115,-1,114,115,116,-1,116,115,117,-1,116,117,118,-1,118,117,119,-1,118,119,120,-1,103,121,104,-1,104,121,122,-1,120,121,103,-1,108,110,118,-1,120,103,118,-1,118,103,106,-1,118,106,108,-1,110,112,118,-1,118,112,114,-1,118,114,116,-1,122,119,104,-1,104,119,117,-1,115,113,117,-1,117,113,111,-1,117,111,109,-1,109,107,117,-1,117,107,105,-1,117,105,104,-1,123,124,125,-1,123,125,126,-1,126,125,127,-1,126,127,128,-1,128,127,129,-1,128,129,130,-1,130,129,131,-1,130,131,132,-1,132,131,133,-1,132,133,134,-1,135,123,136,-1,136,123,126,-1,136,126,137,-1,134,138,132,-1,132,138,139,-1,132,139,130,-1,130,139,137,-1,130,137,128,-1,128,137,126,-1,140,141,133,-1,127,133,129,-1,129,133,131,-1,127,125,133,-1,133,125,124,-1,133,124,140,-1,142,143,144,-1,144,143,145,-1,144,145,146,-1,146,145,147,-1,146,147,148,-1,148,147,149,-1,148,149,150,-1,150,149,151,-1,150,151,152,-1,152,151,153,-1,152,153,154,-1,154,153,155,-1,156,157,158,-1,156,158,159,-1,159,158,160,-1,159,160,161,-1,161,160,162,-1,161,162,163,-1,163,162,164,-1,163,164,165,-1,165,164,166,-1,165,166,167,-1,167,166,168,-1,167,168,169,-1,170,169,171,-1,171,169,168,-1,172,170,173,-1,173,170,171,-1,142,172,143,-1,143,172,173,-1,154,156,152,-1,152,156,159,-1,152,159,150,-1,150,159,161,-1,150,161,148,-1,148,161,163,-1,148,163,146,-1,146,163,165,-1,146,165,144,-1,144,165,167,-1,144,167,142,-1,142,167,169,-1,142,169,172,-1,172,169,170,-1,173,171,143,-1,143,171,168,-1,143,168,145,-1,145,168,166,-1,145,166,147,-1,147,166,164,-1,147,164,149,-1,149,164,162,-1,149,162,151,-1,151,162,160,-1,151,160,153,-1,153,160,158,-1,153,158,155,-1,155,158,157,-1,174,175,176,-1,174,176,177,-1,177,176,178,-1,177,178,179,-1,179,178,180,-1,179,180,181,-1,181,180,182,-1,181,182,183,-1,183,182,184,-1,183,184,185,-1,185,184,186,-1,185,186,187,-1,187,186,188,-1,187,188,189,-1,189,188,190,-1,189,190,191,-1,174,192,175,-1,175,192,193,-1,191,192,174,-1,179,181,189,-1,191,174,189,-1,189,174,177,-1,189,177,179,-1,181,183,189,-1,189,183,185,-1,189,185,187,-1,193,190,175,-1,175,190,188,-1,186,184,188,-1,188,184,182,-1,188,182,180,-1,180,178,188,-1,188,178,176,-1,188,176,175,-1,194,195,196,-1,194,196,197,-1,197,196,198,-1,197,198,199,-1,199,198,200,-1,199,200,201,-1,201,200,202,-1,201,202,203,-1,203,202,204,-1,203,204,205,-1,206,194,207,-1,207,194,197,-1,207,197,208,-1,205,209,203,-1,203,209,210,-1,203,210,201,-1,201,210,208,-1,201,208,199,-1,199,208,197,-1,202,195,204,-1,204,195,211,-1,204,211,212,-1,202,200,195,-1,195,200,198,-1,195,198,196,-1,213,214,215,-1,215,214,216,-1,215,216,217,-1,217,216,218,-1,217,218,219,-1,219,218,220,-1,219,220,221,-1,221,220,222,-1,221,222,223,-1,223,222,224,-1,223,224,225,-1,225,224,226,-1,227,228,229,-1,227,229,230,-1,230,229,231,-1,230,231,232,-1,232,231,233,-1,232,233,234,-1,234,233,235,-1,234,235,236,-1,236,235,237,-1,236,237,238,-1,238,237,239,-1,238,239,240,-1,241,240,242,-1,242,240,239,-1,243,241,244,-1,244,241,242,-1,213,243,214,-1,214,243,244,-1,225,227,223,-1,223,227,230,-1,223,230,221,-1,221,230,232,-1,221,232,219,-1,219,232,234,-1,219,234,217,-1,217,234,236,-1,217,236,215,-1,215,236,238,-1,215,238,213,-1,213,238,240,-1,213,240,243,-1,243,240,241,-1,244,242,214,-1,214,242,239,-1,214,239,216,-1,216,239,237,-1,216,237,218,-1,218,237,235,-1,218,235,220,-1,220,235,233,-1,220,233,222,-1,222,233,231,-1,222,231,224,-1,224,231,229,-1,224,229,226,-1,226,229,228,-1,245,246,247,-1,245,247,248,-1,248,247,249,-1,248,249,250,-1,250,249,251,-1,250,251,252,-1,252,251,253,-1,252,253,254,-1,254,253,255,-1,254,255,256,-1,256,255,257,-1,256,257,258,-1,258,257,259,-1,258,259,260,-1,260,259,261,-1,260,261,262,-1,245,263,246,-1,246,263,264,-1,248,260,245,-1,245,260,262,-1,245,262,263,-1,252,254,256,-1,248,250,260,-1,260,250,252,-1,260,252,258,-1,258,252,256,-1,246,264,261,-1,251,261,259,-1,251,249,261,-1,261,249,247,-1,261,247,246,-1,259,257,251,-1,251,257,255,-1,251,255,253,-1,265,266,267,-1,265,267,268,-1,268,267,269,-1,268,269,270,-1,270,269,271,-1,270,271,272,-1,272,271,273,-1,272,273,274,-1,274,273,275,-1,274,275,276,-1,277,265,278,-1,278,265,268,-1,278,268,279,-1,276,280,274,-1,274,280,281,-1,274,281,272,-1,272,281,279,-1,272,279,270,-1,270,279,268,-1,282,283,275,-1,269,275,271,-1,271,275,273,-1,269,267,275,-1,275,267,266,-1,275,266,282,-1,284,285,286,-1,286,285,287,-1,286,287,288,-1,288,287,289,-1,288,289,290,-1,290,289,291,-1,290,291,292,-1,292,291,293,-1,292,293,294,-1,294,293,295,-1,294,295,296,-1,296,295,297,-1,298,299,300,-1,298,300,301,-1,301,300,302,-1,301,302,303,-1,303,302,304,-1,303,304,305,-1,305,304,306,-1,305,306,307,-1,307,306,308,-1,307,308,309,-1,309,308,310,-1,309,310,311,-1,312,311,313,-1,313,311,310,-1,314,312,315,-1,315,312,313,-1,284,314,285,-1,285,314,315,-1,296,298,294,-1,294,298,301,-1,294,301,292,-1,292,301,303,-1,292,303,290,-1,290,303,305,-1,290,305,288,-1,288,305,307,-1,288,307,286,-1,286,307,309,-1,286,309,284,-1,284,309,311,-1,284,311,314,-1,314,311,312,-1,315,313,285,-1,285,313,310,-1,285,310,287,-1,287,310,308,-1,287,308,289,-1,289,308,306,-1,289,306,291,-1,291,306,304,-1,291,304,293,-1,293,304,302,-1,293,302,295,-1,295,302,300,-1,295,300,297,-1,297,300,299,-1,316,317,318,-1,316,318,319,-1,319,318,320,-1,319,320,321,-1,321,320,322,-1,321,322,323,-1,323,322,324,-1,323,324,325,-1,325,324,326,-1,325,326,327,-1,327,326,328,-1,327,328,329,-1,329,328,330,-1,329,330,331,-1,331,330,332,-1,331,332,333,-1,316,334,317,-1,317,334,335,-1,319,331,316,-1,316,331,333,-1,316,333,334,-1,323,325,327,-1,319,321,331,-1,331,321,323,-1,331,323,329,-1,329,323,327,-1,317,335,332,-1,322,332,330,-1,322,320,332,-1,332,320,318,-1,332,318,317,-1,330,328,322,-1,322,328,326,-1,322,326,324,-1,336,337,338,-1,336,338,339,-1,339,338,340,-1,339,340,341,-1,341,340,342,-1,341,342,343,-1,343,342,344,-1,343,344,345,-1,345,344,346,-1,345,346,347,-1,348,336,349,-1,349,336,339,-1,349,339,350,-1,347,351,345,-1,345,351,352,-1,345,352,343,-1,343,352,350,-1,343,350,341,-1,341,350,339,-1,353,354,346,-1,340,346,342,-1,342,346,344,-1,340,338,346,-1,346,338,337,-1,346,337,353,-1,355,356,357,-1,357,356,358,-1,357,358,359,-1,359,358,360,-1,359,360,361,-1,361,360,362,-1,361,362,363,-1,363,362,364,-1,363,364,365,-1,365,364,366,-1,365,366,367,-1,367,366,368,-1,369,370,371,-1,369,371,372,-1,372,371,373,-1,372,373,374,-1,374,373,375,-1,374,375,376,-1,376,375,377,-1,376,377,378,-1,378,377,379,-1,378,379,380,-1,380,379,381,-1,380,381,382,-1,383,382,384,-1,384,382,381,-1,385,383,386,-1,386,383,384,-1,355,385,356,-1,356,385,386,-1,367,369,365,-1,365,369,372,-1,365,372,363,-1,363,372,374,-1,363,374,361,-1,361,374,376,-1,361,376,359,-1,359,376,378,-1,359,378,357,-1,357,378,380,-1,357,380,355,-1,355,380,382,-1,355,382,385,-1,385,382,383,-1,386,384,356,-1,356,384,381,-1,356,381,358,-1,358,381,379,-1,358,379,360,-1,360,379,377,-1,360,377,362,-1,362,377,375,-1,362,375,364,-1,364,375,373,-1,364,373,366,-1,366,373,371,-1,366,371,368,-1,368,371,370,-1,387,388,389,-1,387,389,390,-1,390,389,391,-1,390,391,392,-1,392,391,393,-1,392,393,394,-1,394,393,395,-1,394,395,396,-1,396,395,397,-1,396,397,398,-1,398,397,399,-1,398,399,400,-1,400,399,401,-1,400,401,402,-1,402,401,403,-1,402,403,404,-1,387,405,388,-1,388,405,406,-1,400,402,387,-1,387,402,404,-1,387,404,405,-1,394,396,392,-1,392,396,390,-1,390,396,387,-1,387,396,398,-1,387,398,400,-1,391,389,403,-1,403,389,388,-1,403,388,406,-1,397,395,399,-1,399,395,401,-1,401,395,403,-1,403,395,393,-1,403,393,391,-1,407,408,409,-1,407,409,410,-1,410,409,411,-1,410,411,412,-1,412,411,413,-1,412,413,414,-1,414,413,415,-1,414,415,416,-1,416,415,417,-1,416,417,418,-1,419,407,420,-1,420,407,410,-1,420,410,421,-1,418,422,416,-1,416,422,423,-1,416,423,414,-1,414,423,421,-1,414,421,412,-1,412,421,410,-1,424,425,417,-1,411,417,413,-1,413,417,415,-1,411,409,417,-1,417,409,408,-1,417,408,424,-1,426,427,428,-1,428,427,429,-1,428,429,430,-1,430,429,431,-1,430,431,432,-1,432,431,433,-1,432,433,434,-1,434,433,435,-1,434,435,436,-1,436,435,437,-1,436,437,438,-1,438,437,439,-1,440,441,442,-1,440,442,443,-1,443,442,444,-1,443,444,445,-1,445,444,446,-1,445,446,447,-1,447,446,448,-1,447,448,449,-1,449,448,450,-1,449,450,451,-1,451,450,452,-1,451,452,453,-1,454,453,455,-1,455,453,452,-1,456,454,457,-1,457,454,455,-1,426,456,427,-1,427,456,457,-1,438,440,436,-1,436,440,443,-1,436,443,434,-1,434,443,445,-1,434,445,432,-1,432,445,447,-1,432,447,430,-1,430,447,449,-1,430,449,428,-1,428,449,451,-1,428,451,426,-1,426,451,453,-1,426,453,456,-1,456,453,454,-1,457,455,427,-1,427,455,452,-1,427,452,429,-1,429,452,450,-1,429,450,431,-1,431,450,448,-1,431,448,433,-1,433,448,446,-1,433,446,435,-1,435,446,444,-1,435,444,437,-1,437,444,442,-1,437,442,439,-1,439,442,441,-1,458,459,460,-1,458,460,461,-1,461,460,462,-1,461,462,463,-1,463,462,464,-1,463,464,465,-1,465,464,466,-1,465,466,467,-1,467,466,468,-1,467,468,469,-1,469,468,470,-1,469,470,471,-1,471,470,472,-1,471,472,473,-1,473,472,474,-1,473,474,475,-1,458,476,459,-1,459,476,477,-1,471,473,458,-1,458,473,475,-1,458,475,476,-1,465,467,463,-1,463,467,461,-1,461,467,458,-1,458,467,469,-1,458,469,471,-1,462,460,474,-1,474,460,459,-1,474,459,477,-1,468,466,470,-1,470,466,472,-1,472,466,474,-1,474,466,464,-1,474,464,462,-1,478,479,480,-1,478,480,481,-1,481,480,482,-1,481,482,483,-1,483,482,484,-1,483,484,485,-1,485,484,486,-1,485,486,487,-1,487,486,488,-1,487,488,489,-1,490,478,491,-1,491,478,481,-1,491,481,492,-1,489,493,487,-1,487,493,494,-1,487,494,485,-1,485,494,492,-1,485,492,483,-1,483,492,481,-1,495,496,479,-1,479,496,488,-1,479,488,486,-1,486,484,479,-1,479,484,482,-1,479,482,480,-1,497,498,499,-1,499,498,500,-1,499,500,501,-1,501,500,502,-1,501,502,503,-1,503,502,504,-1,503,504,505,-1,505,504,506,-1,505,506,507,-1,507,506,508,-1,507,508,509,-1,509,508,510,-1,511,512,513,-1,511,513,514,-1,514,513,515,-1,514,515,516,-1,516,515,517,-1,516,517,518,-1,518,517,519,-1,518,519,520,-1,520,519,521,-1,520,521,522,-1,522,521,523,-1,522,523,524,-1,525,524,526,-1,526,524,523,-1,527,525,528,-1,528,525,526,-1,497,527,498,-1,498,527,528,-1,509,511,507,-1,507,511,514,-1,507,514,505,-1,505,514,516,-1,505,516,503,-1,503,516,518,-1,503,518,501,-1,501,518,520,-1,501,520,499,-1,499,520,522,-1,499,522,497,-1,497,522,524,-1,497,524,527,-1,527,524,525,-1,528,526,498,-1,498,526,523,-1,498,523,500,-1,500,523,521,-1,500,521,502,-1,502,521,519,-1,502,519,504,-1,504,519,517,-1,504,517,506,-1,506,517,515,-1,506,515,508,-1,508,515,513,-1,508,513,510,-1,510,513,512,-1,529,530,531,-1,529,531,532,-1,532,531,533,-1,532,533,534,-1,534,533,535,-1,534,535,536,-1,536,535,537,-1,536,537,538,-1,538,537,539,-1,538,539,540,-1,540,539,541,-1,540,541,542,-1,542,541,543,-1,542,543,544,-1,544,543,545,-1,544,545,546,-1,529,547,530,-1,530,547,548,-1,544,546,529,-1,529,546,547,-1,529,532,544,-1,544,532,534,-1,544,534,536,-1,536,538,544,-1,544,538,540,-1,544,540,542,-1,530,548,545,-1,539,537,541,-1,541,537,543,-1,537,535,543,-1,543,535,533,-1,543,533,545,-1,545,533,531,-1,545,531,530,-1,549,550,551,-1,549,551,552,-1,552,551,553,-1,552,553,554,-1,554,553,555,-1,554,555,556,-1,556,555,557,-1,556,557,558,-1,558,557,559,-1,558,559,560,-1,561,549,562,-1,562,549,552,-1,562,552,563,-1,560,564,558,-1,558,564,565,-1,558,565,556,-1,556,565,563,-1,556,563,554,-1,554,563,552,-1,566,567,550,-1,550,567,559,-1,550,559,557,-1,557,555,550,-1,550,555,553,-1,550,553,551,-1,568,569,570,-1,570,569,571,-1,570,571,572,-1,572,571,573,-1,572,573,574,-1,574,573,575,-1,574,575,576,-1,576,575,577,-1,576,577,578,-1,578,577,579,-1,578,579,580,-1,580,579,581,-1,582,583,584,-1,582,584,585,-1,585,584,586,-1,585,586,587,-1,587,586,588,-1,587,588,589,-1,589,588,590,-1,589,590,591,-1,591,590,592,-1,591,592,593,-1,593,592,594,-1,593,594,595,-1,596,595,597,-1,597,595,594,-1,598,596,599,-1,599,596,597,-1,568,598,569,-1,569,598,599,-1,580,582,578,-1,578,582,585,-1,578,585,576,-1,576,585,587,-1,576,587,574,-1,574,587,589,-1,574,589,572,-1,572,589,591,-1,572,591,570,-1,570,591,593,-1,570,593,568,-1,568,593,595,-1,568,595,598,-1,598,595,596,-1,599,597,569,-1,569,597,594,-1,569,594,571,-1,571,594,592,-1,571,592,573,-1,573,592,590,-1,573,590,575,-1,575,590,588,-1,575,588,577,-1,577,588,586,-1,577,586,579,-1,579,586,584,-1,579,584,581,-1,581,584,583,-1,600,601,602,-1,600,602,603,-1,603,602,604,-1,603,604,605,-1,605,604,606,-1,605,606,607,-1,607,606,608,-1,607,608,609,-1,609,608,610,-1,609,610,611,-1,611,610,612,-1,611,612,613,-1,613,612,614,-1,613,614,615,-1,615,614,616,-1,615,616,617,-1,600,618,601,-1,601,618,619,-1,615,617,600,-1,600,617,618,-1,600,603,615,-1,615,603,605,-1,615,605,607,-1,607,609,615,-1,615,609,611,-1,615,611,613,-1,601,619,616,-1,610,608,612,-1,612,608,614,-1,608,606,614,-1,614,606,604,-1,614,604,616,-1,616,604,602,-1,616,602,601,-1,620,621,622,-1,620,622,623,-1,623,622,624,-1,623,624,625,-1,625,624,626,-1,625,626,627,-1,627,626,628,-1,627,628,629,-1,629,628,630,-1,629,630,631,-1,632,620,633,-1,633,620,623,-1,633,623,634,-1,631,635,629,-1,629,635,636,-1,629,636,627,-1,627,636,634,-1,627,634,625,-1,625,634,623,-1,637,638,621,-1,621,638,630,-1,621,630,628,-1,628,626,621,-1,621,626,624,-1,621,624,622,-1,639,640,641,-1,641,640,642,-1,641,642,643,-1,643,642,644,-1,643,644,645,-1,645,644,646,-1,645,646,647,-1,647,646,648,-1,647,648,649,-1,649,648,650,-1,649,650,651,-1,651,650,652,-1,653,654,655,-1,653,655,656,-1,656,655,657,-1,656,657,658,-1,658,657,659,-1,658,659,660,-1,660,659,661,-1,660,661,662,-1,662,661,663,-1,662,663,664,-1,664,663,665,-1,664,665,666,-1,667,666,668,-1,668,666,665,-1,669,667,670,-1,670,667,668,-1,639,669,640,-1,640,669,670,-1,651,653,649,-1,649,653,656,-1,649,656,647,-1,647,656,658,-1,647,658,645,-1,645,658,660,-1,645,660,643,-1,643,660,662,-1,643,662,641,-1,641,662,664,-1,641,664,639,-1,639,664,666,-1,639,666,669,-1,669,666,667,-1,670,668,640,-1,640,668,665,-1,640,665,642,-1,642,665,663,-1,642,663,644,-1,644,663,661,-1,644,661,646,-1,646,661,659,-1,646,659,648,-1,648,659,657,-1,648,657,650,-1,650,657,655,-1,650,655,652,-1,652,655,654,-1,671,672,673,-1,671,673,674,-1,674,673,675,-1,674,675,676,-1,676,675,677,-1,676,677,678,-1,678,677,679,-1,678,679,680,-1,680,679,681,-1,680,681,682,-1,682,681,683,-1,682,683,684,-1,684,683,685,-1,684,685,686,-1,686,685,687,-1,686,687,688,-1,671,689,672,-1,672,689,690,-1,688,689,671,-1,676,678,686,-1,688,671,686,-1,686,671,674,-1,686,674,676,-1,678,680,686,-1,686,680,682,-1,686,682,684,-1,690,687,672,-1,672,687,685,-1,683,681,685,-1,685,681,679,-1,685,679,677,-1,677,675,685,-1,685,675,673,-1,685,673,672,-1,691,692,693,-1,691,693,694,-1,694,693,695,-1,694,695,696,-1,696,695,697,-1,696,697,698,-1,698,697,699,-1,698,699,700,-1,700,699,701,-1,700,701,702,-1,703,691,704,-1,704,691,694,-1,704,694,705,-1,702,706,700,-1,700,706,707,-1,700,707,698,-1,698,707,705,-1,698,705,696,-1,696,705,694,-1,708,709,692,-1,692,709,701,-1,692,701,699,-1,699,697,692,-1,692,697,695,-1,692,695,693,-1,710,711,712,-1,712,711,713,-1,712,713,714,-1,714,713,715,-1,714,715,716,-1,716,715,717,-1,716,717,718,-1,718,717,719,-1,718,719,720,-1,720,719,721,-1,720,721,722,-1,722,721,723,-1,724,725,726,-1,724,726,727,-1,727,726,728,-1,727,728,729,-1,729,728,730,-1,729,730,731,-1,731,730,732,-1,731,732,733,-1,733,732,734,-1,733,734,735,-1,735,734,736,-1,735,736,737,-1,738,737,739,-1,739,737,736,-1,740,738,741,-1,741,738,739,-1,710,740,711,-1,711,740,741,-1,722,724,720,-1,720,724,727,-1,720,727,718,-1,718,727,729,-1,718,729,716,-1,716,729,731,-1,716,731,714,-1,714,731,733,-1,714,733,712,-1,712,733,735,-1,712,735,710,-1,710,735,737,-1,710,737,740,-1,740,737,738,-1,741,739,711,-1,711,739,736,-1,711,736,713,-1,713,736,734,-1,713,734,715,-1,715,734,732,-1,715,732,717,-1,717,732,730,-1,717,730,719,-1,719,730,728,-1,719,728,721,-1,721,728,726,-1,721,726,723,-1,723,726,725,-1,742,743,744,-1,742,744,745,-1,745,744,746,-1,745,746,747,-1,747,746,748,-1,747,748,749,-1,749,748,750,-1,749,750,751,-1,751,750,752,-1,751,752,753,-1,753,752,754,-1,753,754,755,-1,755,754,756,-1,755,756,757,-1,757,756,758,-1,757,758,759,-1,742,760,743,-1,743,760,761,-1,759,760,742,-1,747,749,757,-1,759,742,757,-1,757,742,745,-1,757,745,747,-1,749,751,757,-1,757,751,753,-1,757,753,755,-1,761,758,743,-1,743,758,756,-1,754,752,756,-1,756,752,750,-1,756,750,748,-1,748,746,756,-1,756,746,744,-1,756,744,743,-1,762,763,764,-1,762,764,765,-1,765,764,766,-1,765,766,767,-1,767,766,768,-1,767,768,769,-1,769,768,770,-1,769,770,771,-1,771,770,772,-1,771,772,773,-1,774,762,775,-1,775,762,765,-1,775,765,776,-1,773,777,771,-1,771,777,778,-1,771,778,769,-1,769,778,776,-1,769,776,767,-1,767,776,765,-1,779,780,763,-1,763,780,772,-1,763,772,770,-1,770,768,763,-1,763,768,766,-1,763,766,764,-1,781,782,783,-1,783,782,784,-1,783,784,785,-1,785,784,786,-1,785,786,787,-1,787,786,788,-1,787,788,789,-1,789,788,790,-1,789,790,791,-1,791,790,792,-1,791,792,793,-1,793,792,794,-1,795,796,797,-1,795,797,798,-1,798,797,799,-1,798,799,800,-1,800,799,801,-1,800,801,802,-1,802,801,803,-1,802,803,804,-1,804,803,805,-1,804,805,806,-1,806,805,807,-1,806,807,808,-1,809,808,810,-1,810,808,807,-1,811,809,812,-1,812,809,810,-1,781,811,782,-1,782,811,812,-1,793,795,791,-1,791,795,798,-1,791,798,789,-1,789,798,800,-1,789,800,787,-1,787,800,802,-1,787,802,785,-1,785,802,804,-1,785,804,783,-1,783,804,806,-1,783,806,781,-1,781,806,808,-1,781,808,811,-1,811,808,809,-1,812,810,782,-1,782,810,807,-1,782,807,784,-1,784,807,805,-1,784,805,786,-1,786,805,803,-1,786,803,788,-1,788,803,801,-1,788,801,790,-1,790,801,799,-1,790,799,792,-1,792,799,797,-1,792,797,794,-1,794,797,796,-1,813,814,815,-1,813,815,816,-1,816,815,817,-1,816,817,818,-1,818,817,819,-1,818,819,820,-1,820,819,821,-1,820,821,822,-1,822,821,823,-1,822,823,824,-1,824,823,825,-1,824,825,826,-1,826,825,827,-1,826,827,828,-1,828,827,829,-1,828,829,830,-1,813,831,814,-1,814,831,832,-1,816,828,813,-1,813,828,830,-1,813,830,831,-1,820,822,824,-1,816,818,828,-1,828,818,820,-1,828,820,826,-1,826,820,824,-1,814,832,829,-1,819,829,827,-1,819,817,829,-1,829,817,815,-1,829,815,814,-1,827,825,819,-1,819,825,823,-1,819,823,821,-1,833,834,835,-1,833,835,836,-1,836,835,837,-1,836,837,838,-1,838,837,839,-1,838,839,840,-1,840,839,841,-1,840,841,842,-1,842,841,843,-1,842,843,844,-1,845,833,846,-1,846,833,836,-1,846,836,847,-1,844,848,842,-1,842,848,849,-1,842,849,840,-1,840,849,847,-1,840,847,838,-1,838,847,836,-1,850,851,834,-1,834,851,843,-1,834,843,841,-1,841,839,834,-1,834,839,837,-1,834,837,835,-1,852,853,854,-1,854,853,855,-1,854,855,856,-1,856,855,857,-1,856,857,858,-1,858,857,859,-1,858,859,860,-1,860,859,861,-1,860,861,862,-1,862,861,863,-1,862,863,864,-1,864,863,865,-1,866,867,868,-1,866,868,869,-1,869,868,870,-1,869,870,871,-1,871,870,872,-1,871,872,873,-1,873,872,874,-1,873,874,875,-1,875,874,876,-1,875,876,877,-1,877,876,878,-1,877,878,879,-1,880,879,881,-1,881,879,878,-1,882,880,883,-1,883,880,881,-1,852,882,853,-1,853,882,883,-1,864,866,862,-1,862,866,869,-1,862,869,860,-1,860,869,871,-1,860,871,858,-1,858,871,873,-1,858,873,856,-1,856,873,875,-1,856,875,854,-1,854,875,877,-1,854,877,852,-1,852,877,879,-1,852,879,882,-1,882,879,880,-1,883,881,853,-1,853,881,878,-1,853,878,855,-1,855,878,876,-1,855,876,857,-1,857,876,874,-1,857,874,859,-1,859,874,872,-1,859,872,861,-1,861,872,870,-1,861,870,863,-1,863,870,868,-1,863,868,865,-1,865,868,867,-1,884,885,886,-1,884,886,887,-1,887,886,888,-1,887,888,889,-1,889,888,890,-1,889,890,891,-1,891,890,892,-1,891,892,893,-1,893,892,894,-1,893,894,895,-1,895,894,896,-1,895,896,897,-1,897,896,898,-1,897,898,899,-1,899,898,900,-1,899,900,901,-1,884,902,885,-1,885,902,903,-1,887,899,884,-1,884,899,901,-1,884,901,902,-1,891,893,895,-1,887,889,899,-1,899,889,891,-1,899,891,897,-1,897,891,895,-1,885,903,900,-1,890,900,898,-1,890,888,900,-1,900,888,886,-1,900,886,885,-1,898,896,890,-1,890,896,894,-1,890,894,892,-1,904,905,906,-1,904,906,907,-1,907,906,908,-1,907,908,909,-1,909,908,910,-1,909,910,911,-1,911,910,912,-1,911,912,913,-1,913,912,914,-1,913,914,915,-1,916,904,917,-1,917,904,907,-1,917,907,918,-1,915,919,913,-1,913,919,920,-1,913,920,911,-1,911,920,918,-1,911,918,909,-1,909,918,907,-1,921,922,905,-1,905,922,914,-1,905,914,912,-1,912,910,905,-1,905,910,908,-1,905,908,906,-1,923,924,925,-1,925,924,926,-1,925,926,927,-1,927,926,928,-1,927,928,929,-1,929,928,930,-1,929,930,931,-1,931,930,932,-1,931,932,933,-1,933,932,934,-1,933,934,935,-1,935,934,936,-1,937,938,939,-1,937,939,940,-1,940,939,941,-1,940,941,942,-1,942,941,943,-1,942,943,944,-1,944,943,945,-1,944,945,946,-1,946,945,947,-1,946,947,948,-1,948,947,949,-1,948,949,950,-1,951,950,952,-1,952,950,949,-1,953,951,954,-1,954,951,952,-1,923,953,924,-1,924,953,954,-1,935,937,933,-1,933,937,940,-1,933,940,931,-1,931,940,942,-1,931,942,929,-1,929,942,944,-1,929,944,927,-1,927,944,946,-1,927,946,925,-1,925,946,948,-1,925,948,923,-1,923,948,950,-1,923,950,953,-1,953,950,951,-1,954,952,924,-1,924,952,949,-1,924,949,926,-1,926,949,947,-1,926,947,928,-1,928,947,945,-1,928,945,930,-1,930,945,943,-1,930,943,932,-1,932,943,941,-1,932,941,934,-1,934,941,939,-1,934,939,936,-1,936,939,938,-1,955,956,957,-1,955,957,958,-1,958,957,959,-1,958,959,960,-1,960,959,961,-1,960,961,962,-1,962,961,963,-1,962,963,964,-1,964,963,965,-1,964,965,966,-1,966,965,967,-1,966,967,968,-1,968,967,969,-1,968,969,970,-1,970,969,971,-1,970,971,972,-1,955,973,956,-1,956,973,974,-1,958,970,955,-1,955,970,972,-1,955,972,973,-1,962,964,966,-1,958,960,970,-1,970,960,962,-1,970,962,968,-1,968,962,966,-1,956,974,971,-1,961,971,969,-1,961,959,971,-1,971,959,957,-1,971,957,956,-1,969,967,961,-1,961,967,965,-1,961,965,963,-1,975,976,977,-1,975,977,978,-1,978,977,979,-1,978,979,980,-1,980,979,981,-1,980,981,982,-1,982,981,983,-1,982,983,984,-1,984,983,985,-1,984,985,986,-1,987,975,988,-1,988,975,978,-1,988,978,989,-1,986,990,984,-1,984,990,991,-1,984,991,982,-1,982,991,989,-1,982,989,980,-1,980,989,978,-1,992,993,976,-1,976,993,985,-1,976,985,983,-1,983,981,976,-1,976,981,979,-1,976,979,977,-1,994,995,996,-1,996,995,997,-1,996,997,998,-1,998,997,999,-1,998,999,1000,-1,1000,999,1001,-1,1000,1001,1002,-1,1002,1001,1003,-1,1002,1003,1004,-1,1004,1003,1005,-1,1004,1005,1006,-1,1006,1005,1007,-1,1008,1009,1010,-1,1008,1010,1011,-1,1011,1010,1012,-1,1011,1012,1013,-1,1013,1012,1014,-1,1013,1014,1015,-1,1015,1014,1016,-1,1015,1016,1017,-1,1017,1016,1018,-1,1017,1018,1019,-1,1019,1018,1020,-1,1019,1020,1021,-1,1022,1021,1023,-1,1023,1021,1020,-1,1024,1022,1025,-1,1025,1022,1023,-1,994,1024,995,-1,995,1024,1025,-1,1006,1008,1004,-1,1004,1008,1011,-1,1004,1011,1002,-1,1002,1011,1013,-1,1002,1013,1000,-1,1000,1013,1015,-1,1000,1015,998,-1,998,1015,1017,-1,998,1017,996,-1,996,1017,1019,-1,996,1019,994,-1,994,1019,1021,-1,994,1021,1024,-1,1024,1021,1022,-1,1025,1023,995,-1,995,1023,1020,-1,995,1020,997,-1,997,1020,1018,-1,997,1018,999,-1,999,1018,1016,-1,999,1016,1001,-1,1001,1016,1014,-1,1001,1014,1003,-1,1003,1014,1012,-1,1003,1012,1005,-1,1005,1012,1010,-1,1005,1010,1007,-1,1007,1010,1009,-1,1026,1027,1028,-1,1026,1028,1029,-1,1029,1028,1030,-1,1029,1030,1031,-1,1031,1030,1032,-1,1031,1032,1033,-1,1033,1032,1034,-1,1033,1034,1035,-1,1035,1034,1036,-1,1035,1036,1037,-1,1037,1036,1038,-1,1037,1038,1039,-1,1039,1038,1040,-1,1039,1040,1041,-1,1041,1040,1042,-1,1041,1042,1043,-1,1026,1044,1027,-1,1027,1044,1045,-1,1039,1041,1026,-1,1026,1041,1043,-1,1026,1043,1044,-1,1033,1035,1031,-1,1031,1035,1029,-1,1029,1035,1026,-1,1026,1035,1037,-1,1026,1037,1039,-1,1030,1028,1042,-1,1042,1028,1027,-1,1042,1027,1045,-1,1036,1034,1038,-1,1038,1034,1040,-1,1040,1034,1042,-1,1042,1034,1032,-1,1042,1032,1030,-1,1046,1047,1048,-1,1046,1048,1049,-1,1049,1048,1050,-1,1049,1050,1051,-1,1051,1050,1052,-1,1051,1052,1053,-1,1053,1052,1054,-1,1053,1054,1055,-1,1055,1054,1056,-1,1055,1056,1057,-1,1058,1046,1059,-1,1059,1046,1049,-1,1059,1049,1060,-1,1057,1061,1055,-1,1055,1061,1062,-1,1055,1062,1053,-1,1053,1062,1060,-1,1053,1060,1051,-1,1051,1060,1049,-1,1063,1064,1056,-1,1050,1056,1052,-1,1052,1056,1054,-1,1050,1048,1056,-1,1056,1048,1047,-1,1056,1047,1063,-1,1065,1066,1067,-1,1067,1066,1068,-1,1067,1068,1069,-1,1069,1068,1070,-1,1069,1070,1071,-1,1071,1070,1072,-1,1071,1072,1073,-1,1073,1072,1074,-1,1073,1074,1075,-1,1075,1074,1076,-1,1075,1076,1077,-1,1077,1076,1078,-1,1079,1080,1081,-1,1079,1081,1082,-1,1082,1081,1083,-1,1082,1083,1084,-1,1084,1083,1085,-1,1084,1085,1086,-1,1086,1085,1087,-1,1086,1087,1088,-1,1088,1087,1089,-1,1088,1089,1090,-1,1090,1089,1091,-1,1090,1091,1092,-1,1093,1092,1094,-1,1094,1092,1091,-1,1095,1093,1096,-1,1096,1093,1094,-1,1065,1095,1066,-1,1066,1095,1096,-1,1077,1079,1075,-1,1075,1079,1082,-1,1075,1082,1073,-1,1073,1082,1084,-1,1073,1084,1071,-1,1071,1084,1086,-1,1071,1086,1069,-1,1069,1086,1088,-1,1069,1088,1067,-1,1067,1088,1090,-1,1067,1090,1065,-1,1065,1090,1092,-1,1065,1092,1095,-1,1095,1092,1093,-1,1096,1094,1066,-1,1066,1094,1091,-1,1066,1091,1068,-1,1068,1091,1089,-1,1068,1089,1070,-1,1070,1089,1087,-1,1070,1087,1072,-1,1072,1087,1085,-1,1072,1085,1074,-1,1074,1085,1083,-1,1074,1083,1076,-1,1076,1083,1081,-1,1076,1081,1078,-1,1078,1081,1080,-1,1097,1098,1099,-1,1097,1099,1100,-1,1100,1099,1101,-1,1100,1101,1102,-1,1102,1101,1103,-1,1102,1103,1104,-1,1104,1103,1105,-1,1104,1105,1106,-1,1106,1105,1107,-1,1106,1107,1108,-1,1108,1107,1109,-1,1108,1109,1110,-1,1110,1109,1111,-1,1110,1111,1112,-1,1112,1111,1113,-1,1112,1113,1114,-1,1097,1115,1098,-1,1098,1115,1116,-1,1110,1112,1097,-1,1097,1112,1114,-1,1097,1114,1115,-1,1104,1106,1102,-1,1102,1106,1100,-1,1100,1106,1097,-1,1097,1106,1108,-1,1097,1108,1110,-1,1101,1099,1113,-1,1113,1099,1098,-1,1113,1098,1116,-1,1107,1105,1109,-1,1109,1105,1111,-1,1111,1105,1113,-1,1113,1105,1103,-1,1113,1103,1101,-1,1117,1118,1119,-1,1117,1119,1120,-1,1120,1119,1121,-1,1120,1121,1122,-1,1122,1121,1123,-1,1122,1123,1124,-1,1124,1123,1125,-1,1124,1125,1126,-1,1126,1125,1127,-1,1126,1127,1128,-1,1129,1117,1130,-1,1130,1117,1120,-1,1130,1120,1131,-1,1128,1132,1126,-1,1126,1132,1133,-1,1126,1133,1124,-1,1124,1133,1131,-1,1124,1131,1122,-1,1122,1131,1120,-1,1134,1135,1127,-1,1121,1127,1123,-1,1123,1127,1125,-1,1121,1119,1127,-1,1127,1119,1118,-1,1127,1118,1134,-1,1136,1137,1138,-1,1138,1137,1139,-1,1138,1139,1140,-1,1140,1139,1141,-1,1140,1141,1142,-1,1142,1141,1143,-1,1142,1143,1144,-1,1144,1143,1145,-1,1144,1145,1146,-1,1146,1145,1147,-1,1146,1147,1148,-1,1148,1147,1149,-1,1150,1151,1152,-1,1150,1152,1153,-1,1153,1152,1154,-1,1153,1154,1155,-1,1155,1154,1156,-1,1155,1156,1157,-1,1157,1156,1158,-1,1157,1158,1159,-1,1159,1158,1160,-1,1159,1160,1161,-1,1161,1160,1162,-1,1161,1162,1163,-1,1164,1163,1165,-1,1165,1163,1162,-1,1166,1164,1167,-1,1167,1164,1165,-1,1136,1166,1137,-1,1137,1166,1167,-1,1148,1150,1146,-1,1146,1150,1153,-1,1146,1153,1144,-1,1144,1153,1155,-1,1144,1155,1142,-1,1142,1155,1157,-1,1142,1157,1140,-1,1140,1157,1159,-1,1140,1159,1138,-1,1138,1159,1161,-1,1138,1161,1136,-1,1136,1161,1163,-1,1136,1163,1166,-1,1166,1163,1164,-1,1167,1165,1137,-1,1137,1165,1162,-1,1137,1162,1139,-1,1139,1162,1160,-1,1139,1160,1141,-1,1141,1160,1158,-1,1141,1158,1143,-1,1143,1158,1156,-1,1143,1156,1145,-1,1145,1156,1154,-1,1145,1154,1147,-1,1147,1154,1152,-1,1147,1152,1149,-1,1149,1152,1151,-1,1168,1169,1170,-1,1168,1170,1171,-1,1171,1170,1172,-1,1171,1172,1173,-1,1173,1172,1174,-1,1173,1174,1175,-1,1175,1174,1176,-1,1175,1176,1177,-1,1177,1176,1178,-1,1177,1178,1179,-1,1179,1178,1180,-1,1179,1180,1181,-1,1181,1180,1182,-1,1181,1182,1183,-1,1183,1182,1184,-1,1183,1184,1185,-1,1168,1186,1169,-1,1169,1186,1187,-1,1183,1185,1168,-1,1168,1185,1186,-1,1168,1171,1183,-1,1183,1171,1173,-1,1183,1173,1175,-1,1175,1177,1183,-1,1183,1177,1179,-1,1183,1179,1181,-1,1169,1187,1184,-1,1178,1176,1180,-1,1180,1176,1182,-1,1176,1174,1182,-1,1182,1174,1172,-1,1182,1172,1184,-1,1184,1172,1170,-1,1184,1170,1169,-1,1188,1189,1190,-1,1188,1190,1191,-1,1191,1190,1192,-1,1191,1192,1193,-1,1193,1192,1194,-1,1193,1194,1195,-1,1195,1194,1196,-1,1195,1196,1197,-1,1197,1196,1198,-1,1197,1198,1199,-1,1200,1188,1201,-1,1201,1188,1191,-1,1201,1191,1202,-1,1199,1203,1197,-1,1197,1203,1204,-1,1197,1204,1195,-1,1195,1204,1202,-1,1195,1202,1193,-1,1193,1202,1191,-1,1205,1206,1198,-1,1192,1198,1194,-1,1194,1198,1196,-1,1192,1190,1198,-1,1198,1190,1189,-1,1198,1189,1205,-1,1207,1208,1209,-1,1209,1208,1210,-1,1209,1210,1211,-1,1211,1210,1212,-1,1211,1212,1213,-1,1213,1212,1214,-1,1213,1214,1215,-1,1215,1214,1216,-1,1215,1216,1217,-1,1217,1216,1218,-1,1217,1218,1219,-1,1219,1218,1220,-1,1221,1222,1223,-1,1221,1223,1224,-1,1224,1223,1225,-1,1224,1225,1226,-1,1226,1225,1227,-1,1226,1227,1228,-1,1228,1227,1229,-1,1228,1229,1230,-1,1230,1229,1231,-1,1230,1231,1232,-1,1232,1231,1233,-1,1232,1233,1234,-1,1235,1234,1236,-1,1236,1234,1233,-1,1237,1235,1238,-1,1238,1235,1236,-1,1207,1237,1208,-1,1208,1237,1238,-1,1219,1221,1217,-1,1217,1221,1224,-1,1217,1224,1215,-1,1215,1224,1226,-1,1215,1226,1213,-1,1213,1226,1228,-1,1213,1228,1211,-1,1211,1228,1230,-1,1211,1230,1209,-1,1209,1230,1232,-1,1209,1232,1207,-1,1207,1232,1234,-1,1207,1234,1237,-1,1237,1234,1235,-1,1238,1236,1208,-1,1208,1236,1233,-1,1208,1233,1210,-1,1210,1233,1231,-1,1210,1231,1212,-1,1212,1231,1229,-1,1212,1229,1214,-1,1214,1229,1227,-1,1214,1227,1216,-1,1216,1227,1225,-1,1216,1225,1218,-1,1218,1225,1223,-1,1218,1223,1220,-1,1220,1223,1222,-1,1239,1240,1241,-1,1239,1241,1242,-1,1242,1241,1243,-1,1242,1243,1244,-1,1244,1243,1245,-1,1244,1245,1246,-1,1246,1245,1247,-1,1246,1247,1248,-1,1248,1247,1249,-1,1248,1249,1250,-1,1250,1249,1251,-1,1250,1251,1252,-1,1252,1251,1253,-1,1252,1253,1254,-1,1254,1253,1255,-1,1254,1255,1256,-1,1239,1257,1240,-1,1240,1257,1258,-1,1254,1256,1239,-1,1239,1256,1257,-1,1239,1242,1254,-1,1254,1242,1244,-1,1254,1244,1246,-1,1246,1248,1254,-1,1254,1248,1250,-1,1254,1250,1252,-1,1240,1258,1255,-1,1249,1247,1251,-1,1251,1247,1253,-1,1247,1245,1253,-1,1253,1245,1243,-1,1253,1243,1255,-1,1255,1243,1241,-1,1255,1241,1240,-1,1259,1260,1261,-1,1259,1261,1262,-1,1262,1261,1263,-1,1262,1263,1264,-1,1264,1263,1265,-1,1264,1265,1266,-1,1266,1265,1267,-1,1266,1267,1268,-1,1268,1267,1269,-1,1268,1269,1270,-1,1271,1259,1272,-1,1272,1259,1262,-1,1272,1262,1273,-1,1270,1274,1268,-1,1268,1274,1275,-1,1268,1275,1266,-1,1266,1275,1273,-1,1266,1273,1264,-1,1264,1273,1262,-1,1276,1277,1269,-1,1263,1269,1265,-1,1265,1269,1267,-1,1263,1261,1269,-1,1269,1261,1260,-1,1269,1260,1276,-1,1278,1279,1280,-1,1280,1279,1281,-1,1280,1281,1282,-1,1282,1281,1283,-1,1282,1283,1284,-1,1284,1283,1285,-1,1284,1285,1286,-1,1286,1285,1287,-1,1286,1287,1288,-1,1288,1287,1289,-1,1288,1289,1290,-1,1290,1289,1291,-1,1292,1290,1293,-1,1293,1290,1291,-1,1294,1292,1295,-1,1295,1292,1293,-1,1296,1294,1297,-1,1297,1294,1295,-1,1296,1297,1298,-1,1296,1298,1299,-1,1299,1298,1300,-1,1299,1300,1301,-1,1301,1300,1302,-1,1301,1302,1303,-1,1303,1302,1304,-1,1303,1304,1305,-1,1305,1304,1306,-1,1305,1306,1307,-1,1307,1306,1308,-1,1307,1308,1309,-1,1292,1294,1290,-1,1290,1294,1296,-1,1290,1296,1288,-1,1288,1296,1299,-1,1288,1299,1286,-1,1286,1299,1301,-1,1286,1301,1284,-1,1284,1301,1303,-1,1284,1303,1282,-1,1282,1303,1305,-1,1282,1305,1280,-1,1280,1305,1307,-1,1280,1307,1278,-1,1278,1307,1309,-1,1279,1308,1281,-1,1281,1308,1306,-1,1281,1306,1283,-1,1283,1306,1304,-1,1283,1304,1285,-1,1285,1304,1302,-1,1285,1302,1287,-1,1287,1302,1300,-1,1287,1300,1289,-1,1289,1300,1298,-1,1289,1298,1291,-1,1291,1298,1297,-1,1291,1297,1293,-1,1293,1297,1295,-1,1310,1311,1312,-1,1310,1312,1313,-1,1313,1312,1314,-1,1313,1314,1315,-1,1315,1314,1316,-1,1315,1316,1317,-1,1317,1316,1318,-1,1317,1318,1319,-1,1319,1318,1320,-1,1319,1320,1321,-1,1321,1320,1322,-1,1321,1322,1323,-1,1323,1322,1324,-1,1323,1324,1325,-1,1325,1324,1326,-1,1325,1326,1327,-1,1328,1327,1329,-1,1329,1327,1326,-1,1328,1310,1327,-1,1327,1310,1313,-1,1315,1317,1313,-1,1313,1317,1319,-1,1313,1319,1321,-1,1321,1323,1313,-1,1313,1323,1325,-1,1313,1325,1327,-1,1311,1329,1326,-1,1322,1320,1312,-1,1311,1326,1312,-1,1312,1326,1324,-1,1312,1324,1322,-1,1320,1318,1312,-1,1312,1318,1316,-1,1312,1316,1314,-1,1330,1331,1332,-1,1330,1332,1333,-1,1333,1332,1334,-1,1333,1334,1335,-1,1335,1334,1336,-1,1335,1336,1337,-1,1337,1336,1338,-1,1337,1338,1339,-1,1339,1338,1340,-1,1339,1340,1341,-1,1342,1330,1343,-1,1343,1330,1333,-1,1343,1333,1344,-1,1341,1345,1339,-1,1339,1345,1346,-1,1339,1346,1337,-1,1337,1346,1344,-1,1337,1344,1335,-1,1335,1344,1333,-1,1347,1348,1331,-1,1331,1348,1340,-1,1331,1340,1338,-1,1338,1336,1331,-1,1331,1336,1334,-1,1331,1334,1332,-1,1349,1350,1351,-1,1351,1350,1352,-1,1351,1352,1353,-1,1353,1352,1354,-1,1353,1354,1355,-1,1355,1354,1356,-1,1355,1356,1357,-1,1357,1356,1358,-1,1357,1358,1359,-1,1359,1358,1360,-1,1359,1360,1361,-1,1361,1360,1362,-1,1363,1361,1364,-1,1364,1361,1362,-1,1365,1363,1366,-1,1366,1363,1364,-1,1367,1365,1368,-1,1368,1365,1366,-1,1367,1368,1369,-1,1367,1369,1370,-1,1370,1369,1371,-1,1370,1371,1372,-1,1372,1371,1373,-1,1372,1373,1374,-1,1374,1373,1375,-1,1374,1375,1376,-1,1376,1375,1377,-1,1376,1377,1378,-1,1378,1377,1379,-1,1378,1379,1380,-1,1363,1365,1361,-1,1361,1365,1367,-1,1361,1367,1359,-1,1359,1367,1370,-1,1359,1370,1357,-1,1357,1370,1372,-1,1357,1372,1355,-1,1355,1372,1374,-1,1355,1374,1353,-1,1353,1374,1376,-1,1353,1376,1351,-1,1351,1376,1378,-1,1351,1378,1349,-1,1349,1378,1380,-1,1350,1379,1352,-1,1352,1379,1377,-1,1352,1377,1354,-1,1354,1377,1375,-1,1354,1375,1356,-1,1356,1375,1373,-1,1356,1373,1358,-1,1358,1373,1371,-1,1358,1371,1360,-1,1360,1371,1369,-1,1360,1369,1362,-1,1362,1369,1368,-1,1362,1368,1364,-1,1364,1368,1366,-1,1381,1382,1383,-1,1381,1383,1384,-1,1384,1383,1385,-1,1384,1385,1386,-1,1386,1385,1387,-1,1386,1387,1388,-1,1388,1387,1389,-1,1388,1389,1390,-1,1390,1389,1391,-1,1390,1391,1392,-1,1392,1391,1393,-1,1392,1393,1394,-1,1394,1393,1395,-1,1394,1395,1396,-1,1396,1395,1397,-1,1396,1397,1398,-1,1399,1398,1400,-1,1400,1398,1397,-1,1399,1381,1398,-1,1398,1381,1384,-1,1398,1384,1396,-1,1390,1384,1388,-1,1388,1384,1386,-1,1390,1392,1384,-1,1384,1392,1394,-1,1384,1394,1396,-1,1383,1382,1397,-1,1397,1382,1400,-1,1397,1395,1383,-1,1383,1395,1393,-1,1383,1393,1391,-1,1391,1389,1383,-1,1383,1389,1387,-1,1383,1387,1385,-1,1401,1402,1403,-1,1401,1403,1404,-1,1404,1403,1405,-1,1404,1405,1406,-1,1406,1405,1407,-1,1406,1407,1408,-1,1408,1407,1409,-1,1408,1409,1410,-1,1410,1409,1411,-1,1410,1411,1412,-1,1413,1401,1414,-1,1414,1401,1404,-1,1414,1404,1415,-1,1412,1416,1410,-1,1410,1416,1417,-1,1410,1417,1408,-1,1408,1417,1415,-1,1408,1415,1406,-1,1406,1415,1404,-1,1418,1419,1402,-1,1402,1419,1411,-1,1402,1411,1409,-1,1409,1407,1402,-1,1402,1407,1405,-1,1402,1405,1403,-1,1420,1421,1422,-1,1422,1421,1423,-1,1422,1423,1424,-1,1424,1423,1425,-1,1424,1425,1426,-1,1426,1425,1427,-1,1426,1427,1428,-1,1428,1427,1429,-1,1428,1429,1430,-1,1430,1429,1431,-1,1430,1431,1432,-1,1432,1431,1433,-1,1434,1432,1435,-1,1435,1432,1433,-1,1436,1434,1437,-1,1437,1434,1435,-1,1438,1436,1439,-1,1439,1436,1437,-1,1438,1439,1440,-1,1438,1440,1441,-1,1441,1440,1442,-1,1441,1442,1443,-1,1443,1442,1444,-1,1443,1444,1445,-1,1445,1444,1446,-1,1445,1446,1447,-1,1447,1446,1448,-1,1447,1448,1449,-1,1449,1448,1450,-1,1449,1450,1451,-1,1434,1436,1432,-1,1432,1436,1438,-1,1432,1438,1430,-1,1430,1438,1441,-1,1430,1441,1428,-1,1428,1441,1443,-1,1428,1443,1426,-1,1426,1443,1445,-1,1426,1445,1424,-1,1424,1445,1447,-1,1424,1447,1422,-1,1422,1447,1449,-1,1422,1449,1420,-1,1420,1449,1451,-1,1421,1450,1423,-1,1423,1450,1448,-1,1423,1448,1425,-1,1425,1448,1446,-1,1425,1446,1427,-1,1427,1446,1444,-1,1427,1444,1429,-1,1429,1444,1442,-1,1429,1442,1431,-1,1431,1442,1440,-1,1431,1440,1433,-1,1433,1440,1439,-1,1433,1439,1435,-1,1435,1439,1437,-1,1452,1453,1454,-1,1452,1454,1455,-1,1455,1454,1456,-1,1455,1456,1457,-1,1457,1456,1458,-1,1457,1458,1459,-1,1459,1458,1460,-1,1459,1460,1461,-1,1461,1460,1462,-1,1461,1462,1463,-1,1463,1462,1464,-1,1463,1464,1465,-1,1465,1464,1466,-1,1465,1466,1467,-1,1467,1466,1468,-1,1467,1468,1469,-1,1470,1469,1471,-1,1471,1469,1468,-1,1470,1452,1469,-1,1469,1452,1455,-1,1469,1455,1467,-1,1461,1455,1459,-1,1459,1455,1457,-1,1461,1463,1455,-1,1455,1463,1465,-1,1455,1465,1467,-1,1454,1453,1468,-1,1468,1453,1471,-1,1468,1466,1454,-1,1454,1466,1464,-1,1454,1464,1462,-1,1462,1460,1454,-1,1454,1460,1458,-1,1454,1458,1456,-1,1472,1473,1474,-1,1472,1474,1475,-1,1475,1474,1476,-1,1475,1476,1477,-1,1477,1476,1478,-1,1477,1478,1479,-1,1479,1478,1480,-1,1479,1480,1481,-1,1481,1480,1482,-1,1481,1482,1483,-1,1484,1472,1485,-1,1485,1472,1475,-1,1485,1475,1486,-1,1483,1487,1481,-1,1481,1487,1488,-1,1481,1488,1479,-1,1479,1488,1486,-1,1479,1486,1477,-1,1477,1486,1475,-1,1489,1490,1473,-1,1473,1490,1482,-1,1473,1482,1480,-1,1480,1478,1473,-1,1473,1478,1476,-1,1473,1476,1474,-1,1491,1492,1493,-1,1493,1492,1494,-1,1493,1494,1495,-1,1495,1494,1496,-1,1495,1496,1497,-1,1497,1496,1498,-1,1497,1498,1499,-1,1499,1498,1500,-1,1499,1500,1501,-1,1501,1500,1502,-1,1501,1502,1503,-1,1503,1502,1504,-1,1505,1503,1506,-1,1506,1503,1504,-1,1507,1505,1508,-1,1508,1505,1506,-1,1509,1507,1510,-1,1510,1507,1508,-1,1509,1510,1511,-1,1509,1511,1512,-1,1512,1511,1513,-1,1512,1513,1514,-1,1514,1513,1515,-1,1514,1515,1516,-1,1516,1515,1517,-1,1516,1517,1518,-1,1518,1517,1519,-1,1518,1519,1520,-1,1520,1519,1521,-1,1520,1521,1522,-1,1505,1507,1503,-1,1503,1507,1509,-1,1503,1509,1501,-1,1501,1509,1512,-1,1501,1512,1499,-1,1499,1512,1514,-1,1499,1514,1497,-1,1497,1514,1516,-1,1497,1516,1495,-1,1495,1516,1518,-1,1495,1518,1493,-1,1493,1518,1520,-1,1493,1520,1491,-1,1491,1520,1522,-1,1492,1521,1494,-1,1494,1521,1519,-1,1494,1519,1496,-1,1496,1519,1517,-1,1496,1517,1498,-1,1498,1517,1515,-1,1498,1515,1500,-1,1500,1515,1513,-1,1500,1513,1502,-1,1502,1513,1511,-1,1502,1511,1504,-1,1504,1511,1510,-1,1504,1510,1506,-1,1506,1510,1508,-1,1523,1524,1525,-1,1523,1525,1526,-1,1526,1525,1527,-1,1526,1527,1528,-1,1528,1527,1529,-1,1528,1529,1530,-1,1530,1529,1531,-1,1530,1531,1532,-1,1532,1531,1533,-1,1532,1533,1534,-1,1534,1533,1535,-1,1534,1535,1536,-1,1536,1535,1537,-1,1536,1537,1538,-1,1538,1537,1539,-1,1538,1539,1540,-1,1541,1540,1542,-1,1542,1540,1539,-1,1541,1523,1540,-1,1540,1523,1526,-1,1528,1530,1526,-1,1526,1530,1532,-1,1526,1532,1534,-1,1534,1536,1526,-1,1526,1536,1538,-1,1526,1538,1540,-1,1524,1542,1539,-1,1535,1533,1525,-1,1524,1539,1525,-1,1525,1539,1537,-1,1525,1537,1535,-1,1533,1531,1525,-1,1525,1531,1529,-1,1525,1529,1527,-1,1543,1544,1545,-1,1543,1545,1546,-1,1546,1545,1547,-1,1546,1547,1548,-1,1548,1547,1549,-1,1548,1549,1550,-1,1550,1549,1551,-1,1550,1551,1552,-1,1552,1551,1553,-1,1552,1553,1554,-1,1555,1543,1556,-1,1556,1543,1546,-1,1556,1546,1557,-1,1554,1558,1552,-1,1552,1558,1559,-1,1552,1559,1550,-1,1550,1559,1557,-1,1550,1557,1548,-1,1548,1557,1546,-1,1560,1561,1544,-1,1544,1561,1553,-1,1544,1553,1551,-1,1551,1549,1544,-1,1544,1549,1547,-1,1544,1547,1545,-1,1562,1563,1564,-1,1564,1563,1565,-1,1564,1565,1566,-1,1566,1565,1567,-1,1566,1567,1568,-1,1568,1567,1569,-1,1568,1569,1570,-1,1570,1569,1571,-1,1570,1571,1572,-1,1572,1571,1573,-1,1572,1573,1574,-1,1574,1573,1575,-1,1576,1574,1577,-1,1577,1574,1575,-1,1578,1576,1579,-1,1579,1576,1577,-1,1580,1578,1581,-1,1581,1578,1579,-1,1580,1581,1582,-1,1580,1582,1583,-1,1583,1582,1584,-1,1583,1584,1585,-1,1585,1584,1586,-1,1585,1586,1587,-1,1587,1586,1588,-1,1587,1588,1589,-1,1589,1588,1590,-1,1589,1590,1591,-1,1591,1590,1592,-1,1591,1592,1593,-1,1576,1578,1574,-1,1574,1578,1580,-1,1574,1580,1572,-1,1572,1580,1583,-1,1572,1583,1570,-1,1570,1583,1585,-1,1570,1585,1568,-1,1568,1585,1587,-1,1568,1587,1566,-1,1566,1587,1589,-1,1566,1589,1564,-1,1564,1589,1591,-1,1564,1591,1562,-1,1562,1591,1593,-1,1563,1592,1565,-1,1565,1592,1590,-1,1565,1590,1567,-1,1567,1590,1588,-1,1567,1588,1569,-1,1569,1588,1586,-1,1569,1586,1571,-1,1571,1586,1584,-1,1571,1584,1573,-1,1573,1584,1582,-1,1573,1582,1575,-1,1575,1582,1581,-1,1575,1581,1577,-1,1577,1581,1579,-1,1594,1595,1596,-1,1594,1596,1597,-1,1597,1596,1598,-1,1597,1598,1599,-1,1599,1598,1600,-1,1599,1600,1601,-1,1601,1600,1602,-1,1601,1602,1603,-1,1603,1602,1604,-1,1603,1604,1605,-1,1605,1604,1606,-1,1605,1606,1607,-1,1607,1606,1608,-1,1607,1608,1609,-1,1609,1608,1610,-1,1609,1610,1611,-1,1612,1611,1613,-1,1613,1611,1610,-1,1612,1594,1611,-1,1611,1594,1597,-1,1599,1601,1597,-1,1597,1601,1603,-1,1597,1603,1605,-1,1605,1607,1597,-1,1597,1607,1609,-1,1597,1609,1611,-1,1595,1613,1610,-1,1606,1604,1596,-1,1595,1610,1596,-1,1596,1610,1608,-1,1596,1608,1606,-1,1604,1602,1596,-1,1596,1602,1600,-1,1596,1600,1598,-1,1614,1615,1616,-1,1614,1616,1617,-1,1617,1616,1618,-1,1617,1618,1619,-1,1619,1618,1620,-1,1619,1620,1621,-1,1621,1620,1622,-1,1621,1622,1623,-1,1623,1622,1624,-1,1623,1624,1625,-1,1626,1614,1627,-1,1627,1614,1617,-1,1627,1617,1628,-1,1625,1629,1623,-1,1623,1629,1630,-1,1623,1630,1621,-1,1621,1630,1628,-1,1621,1628,1619,-1,1619,1628,1617,-1,1615,1631,1632,-1,1632,1624,1615,-1,1615,1624,1622,-1,1615,1622,1616,-1,1616,1622,1620,-1,1616,1620,1618,-1,1633,1634,1635,-1,1635,1634,1636,-1,1635,1636,1637,-1,1637,1636,1638,-1,1637,1638,1639,-1,1639,1638,1640,-1,1639,1640,1641,-1,1641,1640,1642,-1,1641,1642,1643,-1,1643,1642,1644,-1,1643,1644,1645,-1,1645,1644,1646,-1,1647,1645,1648,-1,1648,1645,1646,-1,1649,1647,1650,-1,1650,1647,1648,-1,1651,1649,1652,-1,1652,1649,1650,-1,1651,1652,1653,-1,1651,1653,1654,-1,1654,1653,1655,-1,1654,1655,1656,-1,1656,1655,1657,-1,1656,1657,1658,-1,1658,1657,1659,-1,1658,1659,1660,-1,1660,1659,1661,-1,1660,1661,1662,-1,1662,1661,1663,-1,1662,1663,1664,-1,1647,1649,1645,-1,1645,1649,1651,-1,1645,1651,1643,-1,1643,1651,1654,-1,1643,1654,1641,-1,1641,1654,1656,-1,1641,1656,1639,-1,1639,1656,1658,-1,1639,1658,1637,-1,1637,1658,1660,-1,1637,1660,1635,-1,1635,1660,1662,-1,1635,1662,1633,-1,1633,1662,1664,-1,1634,1663,1636,-1,1636,1663,1661,-1,1636,1661,1638,-1,1638,1661,1659,-1,1638,1659,1640,-1,1640,1659,1657,-1,1640,1657,1642,-1,1642,1657,1655,-1,1642,1655,1644,-1,1644,1655,1653,-1,1644,1653,1646,-1,1646,1653,1652,-1,1646,1652,1648,-1,1648,1652,1650,-1,1665,1666,1667,-1,1665,1667,1668,-1,1668,1667,1669,-1,1668,1669,1670,-1,1670,1669,1671,-1,1670,1671,1672,-1,1672,1671,1673,-1,1672,1673,1674,-1,1674,1673,1675,-1,1674,1675,1676,-1,1676,1675,1677,-1,1676,1677,1678,-1,1678,1677,1679,-1,1678,1679,1680,-1,1680,1679,1681,-1,1680,1681,1682,-1,1683,1682,1684,-1,1684,1682,1681,-1,1682,1683,1665,-1,1665,1668,1682,-1,1682,1668,1670,-1,1682,1670,1680,-1,1680,1670,1678,-1,1672,1674,1670,-1,1670,1674,1676,-1,1670,1676,1678,-1,1667,1666,1681,-1,1681,1666,1684,-1,1667,1681,1669,-1,1669,1681,1679,-1,1669,1679,1677,-1,1677,1675,1669,-1,1669,1675,1673,-1,1669,1673,1671,-1,1685,1686,1687,-1,1685,1687,1688,-1,1688,1687,1689,-1,1688,1689,1690,-1,1690,1689,1691,-1,1690,1691,1692,-1,1692,1691,1693,-1,1692,1693,1694,-1,1694,1693,1695,-1,1694,1695,1696,-1,1697,1685,1698,-1,1698,1685,1688,-1,1698,1688,1699,-1,1696,1700,1694,-1,1694,1700,1701,-1,1694,1701,1692,-1,1692,1701,1699,-1,1692,1699,1690,-1,1690,1699,1688,-1,1686,1702,1703,-1,1703,1695,1686,-1,1686,1695,1693,-1,1686,1693,1687,-1,1687,1693,1691,-1,1687,1691,1689,-1,1704,1705,1706,-1,1706,1705,1707,-1,1706,1707,1708,-1,1708,1707,1709,-1,1708,1709,1710,-1,1710,1709,1711,-1,1710,1711,1712,-1,1712,1711,1713,-1,1712,1713,1714,-1,1714,1713,1715,-1,1714,1715,1716,-1,1716,1715,1717,-1,1718,1716,1719,-1,1719,1716,1717,-1,1720,1718,1721,-1,1721,1718,1719,-1,1722,1720,1723,-1,1723,1720,1721,-1,1722,1723,1724,-1,1722,1724,1725,-1,1725,1724,1726,-1,1725,1726,1727,-1,1727,1726,1728,-1,1727,1728,1729,-1,1729,1728,1730,-1,1729,1730,1731,-1,1731,1730,1732,-1,1731,1732,1733,-1,1733,1732,1734,-1,1733,1734,1735,-1,1718,1720,1716,-1,1716,1720,1722,-1,1716,1722,1714,-1,1714,1722,1725,-1,1714,1725,1712,-1,1712,1725,1727,-1,1712,1727,1710,-1,1710,1727,1729,-1,1710,1729,1708,-1,1708,1729,1731,-1,1708,1731,1706,-1,1706,1731,1733,-1,1706,1733,1704,-1,1704,1733,1735,-1,1705,1734,1707,-1,1707,1734,1732,-1,1707,1732,1709,-1,1709,1732,1730,-1,1709,1730,1711,-1,1711,1730,1728,-1,1711,1728,1713,-1,1713,1728,1726,-1,1713,1726,1715,-1,1715,1726,1724,-1,1715,1724,1717,-1,1717,1724,1723,-1,1717,1723,1719,-1,1719,1723,1721,-1,1736,1737,1738,-1,1736,1738,1739,-1,1739,1738,1740,-1,1739,1740,1741,-1,1741,1740,1742,-1,1741,1742,1743,-1,1743,1742,1744,-1,1743,1744,1745,-1,1745,1744,1746,-1,1745,1746,1747,-1,1747,1746,1748,-1,1747,1748,1749,-1,1749,1748,1750,-1,1749,1750,1751,-1,1751,1750,1752,-1,1751,1752,1753,-1,1754,1753,1755,-1,1755,1753,1752,-1,1739,1741,1743,-1,1743,1745,1739,-1,1739,1745,1747,-1,1739,1747,1749,-1,1754,1736,1753,-1,1753,1736,1739,-1,1753,1739,1751,-1,1751,1739,1749,-1,1737,1755,1752,-1,1748,1746,1738,-1,1737,1752,1738,-1,1738,1752,1750,-1,1738,1750,1748,-1,1746,1744,1738,-1,1738,1744,1742,-1,1738,1742,1740,-1,1756,1757,1758,-1,1756,1758,1759,-1,1759,1758,1760,-1,1759,1760,1761,-1,1761,1760,1762,-1,1761,1762,1763,-1,1763,1762,1764,-1,1763,1764,1765,-1,1765,1764,1766,-1,1765,1766,1767,-1,1768,1756,1769,-1,1769,1756,1759,-1,1769,1759,1770,-1,1767,1771,1765,-1,1765,1771,1772,-1,1765,1772,1763,-1,1763,1772,1770,-1,1763,1770,1761,-1,1761,1770,1759,-1,1757,1773,1774,-1,1774,1766,1757,-1,1757,1766,1764,-1,1757,1764,1758,-1,1758,1764,1762,-1,1758,1762,1760,-1,1775,1776,1777,-1,1777,1776,1778,-1,1777,1778,1779,-1,1779,1778,1780,-1,1779,1780,1781,-1,1781,1780,1782,-1,1781,1782,1783,-1,1783,1782,1784,-1,1783,1784,1785,-1,1785,1784,1786,-1,1785,1786,1787,-1,1787,1786,1788,-1,1789,1787,1790,-1,1790,1787,1788,-1,1791,1789,1792,-1,1792,1789,1790,-1,1793,1791,1794,-1,1794,1791,1792,-1,1793,1794,1795,-1,1793,1795,1796,-1,1796,1795,1797,-1,1796,1797,1798,-1,1798,1797,1799,-1,1798,1799,1800,-1,1800,1799,1801,-1,1800,1801,1802,-1,1802,1801,1803,-1,1802,1803,1804,-1,1804,1803,1805,-1,1804,1805,1806,-1,1789,1791,1787,-1,1787,1791,1793,-1,1787,1793,1785,-1,1785,1793,1796,-1,1785,1796,1783,-1,1783,1796,1798,-1,1783,1798,1781,-1,1781,1798,1800,-1,1781,1800,1779,-1,1779,1800,1802,-1,1779,1802,1777,-1,1777,1802,1804,-1,1777,1804,1775,-1,1775,1804,1806,-1,1776,1805,1778,-1,1778,1805,1803,-1,1778,1803,1780,-1,1780,1803,1801,-1,1780,1801,1782,-1,1782,1801,1799,-1,1782,1799,1784,-1,1784,1799,1797,-1,1784,1797,1786,-1,1786,1797,1795,-1,1786,1795,1788,-1,1788,1795,1794,-1,1788,1794,1790,-1,1790,1794,1792,-1,1807,1808,1809,-1,1807,1809,1810,-1,1810,1809,1811,-1,1810,1811,1812,-1,1812,1811,1813,-1,1812,1813,1814,-1,1814,1813,1815,-1,1814,1815,1816,-1,1816,1815,1817,-1,1816,1817,1818,-1,1818,1817,1819,-1,1818,1819,1820,-1,1820,1819,1821,-1,1820,1821,1822,-1,1822,1821,1823,-1,1822,1823,1824,-1,1825,1824,1826,-1,1826,1824,1823,-1,1825,1807,1824,-1,1824,1807,1810,-1,1812,1814,1810,-1,1810,1814,1816,-1,1810,1816,1818,-1,1818,1820,1810,-1,1810,1820,1822,-1,1810,1822,1824,-1,1808,1826,1823,-1,1819,1817,1809,-1,1808,1823,1809,-1,1809,1823,1821,-1,1809,1821,1819,-1,1817,1815,1809,-1,1809,1815,1813,-1,1809,1813,1811,-1,1827,1828,1829,-1,1827,1829,1830,-1,1830,1829,1831,-1,1830,1831,1832,-1,1832,1831,1833,-1,1832,1833,1834,-1,1834,1833,1835,-1,1834,1835,1836,-1,1836,1835,1837,-1,1836,1837,1838,-1,1839,1827,1840,-1,1840,1827,1830,-1,1840,1830,1841,-1,1838,1842,1836,-1,1836,1842,1843,-1,1836,1843,1834,-1,1834,1843,1841,-1,1834,1841,1832,-1,1832,1841,1830,-1,1828,1844,1845,-1,1845,1837,1828,-1,1828,1837,1835,-1,1828,1835,1829,-1,1829,1835,1833,-1,1829,1833,1831,-1,1846,1847,1848,-1,1848,1847,1849,-1,1848,1849,1850,-1,1850,1849,1851,-1,1850,1851,1852,-1,1852,1851,1853,-1,1852,1853,1854,-1,1854,1853,1855,-1,1854,1855,1856,-1,1856,1855,1857,-1,1856,1857,1858,-1,1858,1857,1859,-1,1860,1858,1861,-1,1861,1858,1859,-1,1862,1860,1863,-1,1863,1860,1861,-1,1864,1862,1865,-1,1865,1862,1863,-1,1864,1865,1866,-1,1864,1866,1867,-1,1867,1866,1868,-1,1867,1868,1869,-1,1869,1868,1870,-1,1869,1870,1871,-1,1871,1870,1872,-1,1871,1872,1873,-1,1873,1872,1874,-1,1873,1874,1875,-1,1875,1874,1876,-1,1875,1876,1877,-1,1860,1862,1858,-1,1858,1862,1864,-1,1858,1864,1856,-1,1856,1864,1867,-1,1856,1867,1854,-1,1854,1867,1869,-1,1854,1869,1852,-1,1852,1869,1871,-1,1852,1871,1850,-1,1850,1871,1873,-1,1850,1873,1848,-1,1848,1873,1875,-1,1848,1875,1846,-1,1846,1875,1877,-1,1847,1876,1849,-1,1849,1876,1874,-1,1849,1874,1851,-1,1851,1874,1872,-1,1851,1872,1853,-1,1853,1872,1870,-1,1853,1870,1855,-1,1855,1870,1868,-1,1855,1868,1857,-1,1857,1868,1866,-1,1857,1866,1859,-1,1859,1866,1865,-1,1859,1865,1861,-1,1861,1865,1863,-1,1878,1879,1880,-1,1878,1880,1881,-1,1881,1880,1882,-1,1881,1882,1883,-1,1883,1882,1884,-1,1883,1884,1885,-1,1885,1884,1886,-1,1885,1886,1887,-1,1887,1886,1888,-1,1887,1888,1889,-1,1889,1888,1890,-1,1889,1890,1891,-1,1891,1890,1892,-1,1891,1892,1893,-1,1893,1892,1894,-1,1893,1894,1895,-1,1896,1895,1897,-1,1897,1895,1894,-1,1896,1878,1895,-1,1895,1878,1881,-1,1883,1885,1881,-1,1881,1885,1887,-1,1881,1887,1889,-1,1889,1891,1881,-1,1881,1891,1893,-1,1881,1893,1895,-1,1879,1897,1894,-1,1890,1888,1880,-1,1879,1894,1880,-1,1880,1894,1892,-1,1880,1892,1890,-1,1888,1886,1880,-1,1880,1886,1884,-1,1880,1884,1882,-1,1898,1899,1900,-1,1898,1900,1901,-1,1901,1900,1902,-1,1901,1902,1903,-1,1903,1902,1904,-1,1903,1904,1905,-1,1905,1904,1906,-1,1905,1906,1907,-1,1907,1906,1908,-1,1907,1908,1909,-1,1910,1898,1911,-1,1911,1898,1901,-1,1911,1901,1912,-1,1909,1913,1907,-1,1907,1913,1914,-1,1907,1914,1905,-1,1905,1914,1912,-1,1905,1912,1903,-1,1903,1912,1901,-1,1899,1915,1916,-1,1916,1908,1899,-1,1899,1908,1906,-1,1899,1906,1900,-1,1900,1906,1904,-1,1900,1904,1902,-1,1917,1918,1919,-1,1919,1918,1920,-1,1919,1920,1921,-1,1921,1920,1922,-1,1921,1922,1923,-1,1923,1922,1924,-1,1923,1924,1925,-1,1925,1924,1926,-1,1925,1926,1927,-1,1927,1926,1928,-1,1927,1928,1929,-1,1929,1928,1930,-1,1931,1929,1932,-1,1932,1929,1930,-1,1933,1931,1934,-1,1934,1931,1932,-1,1935,1933,1936,-1,1936,1933,1934,-1,1935,1936,1937,-1,1935,1937,1938,-1,1938,1937,1939,-1,1938,1939,1940,-1,1940,1939,1941,-1,1940,1941,1942,-1,1942,1941,1943,-1,1942,1943,1944,-1,1944,1943,1945,-1,1944,1945,1946,-1,1946,1945,1947,-1,1946,1947,1948,-1,1931,1933,1929,-1,1929,1933,1935,-1,1929,1935,1927,-1,1927,1935,1938,-1,1927,1938,1925,-1,1925,1938,1940,-1,1925,1940,1923,-1,1923,1940,1942,-1,1923,1942,1921,-1,1921,1942,1944,-1,1921,1944,1919,-1,1919,1944,1946,-1,1919,1946,1917,-1,1917,1946,1948,-1,1918,1947,1920,-1,1920,1947,1945,-1,1920,1945,1922,-1,1922,1945,1943,-1,1922,1943,1924,-1,1924,1943,1941,-1,1924,1941,1926,-1,1926,1941,1939,-1,1926,1939,1928,-1,1928,1939,1937,-1,1928,1937,1930,-1,1930,1937,1936,-1,1930,1936,1932,-1,1932,1936,1934,-1,1949,1950,1951,-1,1949,1951,1952,-1,1952,1951,1953,-1,1952,1953,1954,-1,1954,1953,1955,-1,1954,1955,1956,-1,1956,1955,1957,-1,1956,1957,1958,-1,1958,1957,1959,-1,1958,1959,1960,-1,1960,1959,1961,-1,1960,1961,1962,-1,1962,1961,1963,-1,1962,1963,1964,-1,1964,1963,1965,-1,1964,1965,1966,-1,1967,1966,1968,-1,1968,1966,1965,-1,1962,1964,1949,-1,1949,1964,1966,-1,1949,1966,1967,-1,1954,1956,1952,-1,1952,1956,1958,-1,1952,1958,1949,-1,1949,1958,1960,-1,1949,1960,1962,-1,1968,1965,1950,-1,1950,1965,1963,-1,1950,1963,1961,-1,1961,1959,1950,-1,1950,1959,1957,-1,1950,1957,1951,-1,1951,1957,1955,-1,1951,1955,1953,-1,1969,1970,1971,-1,1969,1971,1972,-1,1972,1971,1973,-1,1972,1973,1974,-1,1974,1973,1975,-1,1974,1975,1976,-1,1976,1975,1977,-1,1976,1977,1978,-1,1978,1977,1979,-1,1978,1979,1980,-1,1981,1969,1982,-1,1982,1969,1972,-1,1982,1972,1983,-1,1980,1984,1978,-1,1978,1984,1985,-1,1978,1985,1976,-1,1976,1985,1983,-1,1976,1983,1974,-1,1974,1983,1972,-1,1970,1986,1987,-1,1987,1979,1970,-1,1970,1979,1977,-1,1970,1977,1971,-1,1971,1977,1975,-1,1971,1975,1973,-1,1988,1989,1990,-1,1990,1989,1991,-1,1990,1991,1992,-1,1992,1991,1993,-1,1992,1993,1994,-1,1994,1993,1995,-1,1994,1995,1996,-1,1996,1995,1997,-1,1996,1997,1998,-1,1998,1997,1999,-1,1998,1999,2000,-1,2000,1999,2001,-1,2002,2000,2003,-1,2003,2000,2001,-1,2004,2002,2005,-1,2005,2002,2003,-1,2006,2004,2007,-1,2007,2004,2005,-1,2006,2007,2008,-1,2006,2008,2009,-1,2009,2008,2010,-1,2009,2010,2011,-1,2011,2010,2012,-1,2011,2012,2013,-1,2013,2012,2014,-1,2013,2014,2015,-1,2015,2014,2016,-1,2015,2016,2017,-1,2017,2016,2018,-1,2017,2018,2019,-1,2002,2004,2000,-1,2000,2004,2006,-1,2000,2006,1998,-1,1998,2006,2009,-1,1998,2009,1996,-1,1996,2009,2011,-1,1996,2011,1994,-1,1994,2011,2013,-1,1994,2013,1992,-1,1992,2013,2015,-1,1992,2015,1990,-1,1990,2015,2017,-1,1990,2017,1988,-1,1988,2017,2019,-1,1989,2018,1991,-1,1991,2018,2016,-1,1991,2016,1993,-1,1993,2016,2014,-1,1993,2014,1995,-1,1995,2014,2012,-1,1995,2012,1997,-1,1997,2012,2010,-1,1997,2010,1999,-1,1999,2010,2008,-1,1999,2008,2001,-1,2001,2008,2007,-1,2001,2007,2003,-1,2003,2007,2005,-1,2020,2021,2022,-1,2020,2022,2023,-1,2023,2022,2024,-1,2023,2024,2025,-1,2025,2024,2026,-1,2025,2026,2027,-1,2027,2026,2028,-1,2027,2028,2029,-1,2029,2028,2030,-1,2029,2030,2031,-1,2031,2030,2032,-1,2031,2032,2033,-1,2033,2032,2034,-1,2033,2034,2035,-1,2035,2034,2036,-1,2035,2036,2037,-1,2038,2037,2039,-1,2039,2037,2036,-1,2033,2035,2020,-1,2020,2035,2037,-1,2020,2037,2038,-1,2025,2027,2023,-1,2023,2027,2029,-1,2023,2029,2020,-1,2020,2029,2031,-1,2020,2031,2033,-1,2039,2036,2021,-1,2021,2036,2034,-1,2021,2034,2032,-1,2032,2030,2021,-1,2021,2030,2028,-1,2021,2028,2022,-1,2022,2028,2026,-1,2022,2026,2024,-1,2040,2041,2042,-1,2040,2042,2043,-1,2043,2042,2044,-1,2043,2044,2045,-1,2045,2044,2046,-1,2045,2046,2047,-1,2047,2046,2048,-1,2047,2048,2049,-1,2049,2048,2050,-1,2049,2050,2051,-1,2052,2040,2053,-1,2053,2040,2043,-1,2053,2043,2054,-1,2051,2055,2049,-1,2049,2055,2056,-1,2049,2056,2047,-1,2047,2056,2054,-1,2047,2054,2045,-1,2045,2054,2043,-1,2041,2057,2058,-1,2058,2050,2041,-1,2041,2050,2048,-1,2041,2048,2042,-1,2042,2048,2046,-1,2042,2046,2044,-1,2059,2060,2061,-1,2061,2060,2062,-1,2061,2062,2063,-1,2063,2062,2064,-1,2063,2064,2065,-1,2065,2064,2066,-1,2065,2066,2067,-1,2067,2066,2068,-1,2067,2068,2069,-1,2069,2068,2070,-1,2069,2070,2071,-1,2071,2070,2072,-1,2073,2071,2074,-1,2074,2071,2072,-1,2075,2073,2076,-1,2076,2073,2074,-1,2077,2075,2078,-1,2078,2075,2076,-1,2077,2078,2079,-1,2077,2079,2080,-1,2080,2079,2081,-1,2080,2081,2082,-1,2082,2081,2083,-1,2082,2083,2084,-1,2084,2083,2085,-1,2084,2085,2086,-1,2086,2085,2087,-1,2086,2087,2088,-1,2088,2087,2089,-1,2088,2089,2090,-1,2073,2075,2071,-1,2071,2075,2077,-1,2071,2077,2069,-1,2069,2077,2080,-1,2069,2080,2067,-1,2067,2080,2082,-1,2067,2082,2065,-1,2065,2082,2084,-1,2065,2084,2063,-1,2063,2084,2086,-1,2063,2086,2061,-1,2061,2086,2088,-1,2061,2088,2059,-1,2059,2088,2090,-1,2060,2089,2062,-1,2062,2089,2087,-1,2062,2087,2064,-1,2064,2087,2085,-1,2064,2085,2066,-1,2066,2085,2083,-1,2066,2083,2068,-1,2068,2083,2081,-1,2068,2081,2070,-1,2070,2081,2079,-1,2070,2079,2072,-1,2072,2079,2078,-1,2072,2078,2074,-1,2074,2078,2076,-1,2091,2092,2093,-1,2091,2093,2094,-1,2094,2093,2095,-1,2094,2095,2096,-1,2096,2095,2097,-1,2096,2097,2098,-1,2098,2097,2099,-1,2098,2099,2100,-1,2100,2099,2101,-1,2100,2101,2102,-1,2102,2101,2103,-1,2102,2103,2104,-1,2104,2103,2105,-1,2104,2105,2106,-1,2106,2105,2107,-1,2106,2107,2108,-1,2109,2108,2110,-1,2110,2108,2107,-1,2104,2106,2091,-1,2091,2106,2108,-1,2091,2108,2109,-1,2096,2098,2094,-1,2094,2098,2100,-1,2094,2100,2091,-1,2091,2100,2102,-1,2091,2102,2104,-1,2110,2107,2092,-1,2092,2107,2105,-1,2092,2105,2103,-1,2103,2101,2092,-1,2092,2101,2099,-1,2092,2099,2093,-1,2093,2099,2097,-1,2093,2097,2095,-1,2111,2112,2113,-1,2111,2113,2114,-1,2114,2113,2115,-1,2114,2115,2116,-1,2116,2115,2117,-1,2116,2117,2118,-1,2118,2117,2119,-1,2118,2119,2120,-1,2120,2119,2121,-1,2120,2121,2122,-1,2123,2111,2124,-1,2124,2111,2114,-1,2124,2114,2125,-1,2122,2126,2120,-1,2120,2126,2127,-1,2120,2127,2118,-1,2118,2127,2125,-1,2118,2125,2116,-1,2116,2125,2114,-1,2112,2128,2129,-1,2129,2121,2112,-1,2112,2121,2119,-1,2112,2119,2113,-1,2113,2119,2117,-1,2113,2117,2115,-1,2130,2131,2132,-1,2132,2131,2133,-1,2132,2133,2134,-1,2134,2133,2135,-1,2134,2135,2136,-1,2136,2135,2137,-1,2136,2137,2138,-1,2138,2137,2139,-1,2138,2139,2140,-1,2140,2139,2141,-1,2140,2141,2142,-1,2142,2141,2143,-1,2144,2142,2145,-1,2145,2142,2143,-1,2146,2144,2147,-1,2147,2144,2145,-1,2148,2146,2149,-1,2149,2146,2147,-1,2148,2149,2150,-1,2148,2150,2151,-1,2151,2150,2152,-1,2151,2152,2153,-1,2153,2152,2154,-1,2153,2154,2155,-1,2155,2154,2156,-1,2155,2156,2157,-1,2157,2156,2158,-1,2157,2158,2159,-1,2159,2158,2160,-1,2159,2160,2161,-1,2144,2146,2142,-1,2142,2146,2148,-1,2142,2148,2140,-1,2140,2148,2151,-1,2140,2151,2138,-1,2138,2151,2153,-1,2138,2153,2136,-1,2136,2153,2155,-1,2136,2155,2134,-1,2134,2155,2157,-1,2134,2157,2132,-1,2132,2157,2159,-1,2132,2159,2130,-1,2130,2159,2161,-1,2131,2160,2133,-1,2133,2160,2158,-1,2133,2158,2135,-1,2135,2158,2156,-1,2135,2156,2137,-1,2137,2156,2154,-1,2137,2154,2139,-1,2139,2154,2152,-1,2139,2152,2141,-1,2141,2152,2150,-1,2141,2150,2143,-1,2143,2150,2149,-1,2143,2149,2145,-1,2145,2149,2147,-1,2162,2163,2164,-1,2162,2164,2165,-1,2165,2164,2166,-1,2165,2166,2167,-1,2167,2166,2168,-1,2167,2168,2169,-1,2169,2168,2170,-1,2169,2170,2171,-1,2171,2170,2172,-1,2171,2172,2173,-1,2173,2172,2174,-1,2173,2174,2175,-1,2175,2174,2176,-1,2175,2176,2177,-1,2177,2176,2178,-1,2177,2178,2179,-1,2180,2179,2181,-1,2181,2179,2178,-1,2180,2162,2179,-1,2179,2162,2165,-1,2167,2169,2165,-1,2165,2169,2171,-1,2165,2171,2173,-1,2173,2175,2165,-1,2165,2175,2177,-1,2165,2177,2179,-1,2181,2178,2163,-1,2163,2178,2176,-1,2168,2166,2164,-1,2176,2174,2163,-1,2163,2174,2172,-1,2163,2172,2164,-1,2164,2172,2170,-1,2164,2170,2168,-1,2182,2183,2184,-1,2182,2184,2185,-1,2185,2184,2186,-1,2185,2186,2187,-1,2187,2186,2188,-1,2187,2188,2189,-1,2189,2188,2190,-1,2189,2190,2191,-1,2191,2190,2192,-1,2191,2192,2193,-1,2194,2182,2195,-1,2195,2182,2185,-1,2195,2185,2196,-1,2193,2197,2191,-1,2191,2197,2198,-1,2191,2198,2189,-1,2189,2198,2196,-1,2189,2196,2187,-1,2187,2196,2185,-1,2199,2200,2183,-1,2183,2200,2192,-1,2192,2190,2183,-1,2183,2190,2188,-1,2183,2188,2184,-1,2184,2188,2186,-1,2201,2202,2203,-1,2203,2202,2204,-1,2203,2204,2205,-1,2205,2204,2206,-1,2205,2206,2207,-1,2207,2206,2208,-1,2207,2208,2209,-1,2209,2208,2210,-1,2209,2210,2211,-1,2211,2210,2212,-1,2211,2212,2213,-1,2213,2212,2214,-1,2215,2213,2216,-1,2216,2213,2214,-1,2217,2215,2218,-1,2218,2215,2216,-1,2219,2217,2220,-1,2220,2217,2218,-1,2219,2220,2221,-1,2219,2221,2222,-1,2222,2221,2223,-1,2222,2223,2224,-1,2224,2223,2225,-1,2224,2225,2226,-1,2226,2225,2227,-1,2226,2227,2228,-1,2228,2227,2229,-1,2228,2229,2230,-1,2230,2229,2231,-1,2230,2231,2232,-1,2215,2217,2213,-1,2213,2217,2219,-1,2213,2219,2211,-1,2211,2219,2222,-1,2211,2222,2209,-1,2209,2222,2224,-1,2209,2224,2207,-1,2207,2224,2226,-1,2207,2226,2205,-1,2205,2226,2228,-1,2205,2228,2203,-1,2203,2228,2230,-1,2203,2230,2201,-1,2201,2230,2232,-1,2202,2231,2204,-1,2204,2231,2229,-1,2204,2229,2206,-1,2206,2229,2227,-1,2206,2227,2208,-1,2208,2227,2225,-1,2208,2225,2210,-1,2210,2225,2223,-1,2210,2223,2212,-1,2212,2223,2221,-1,2212,2221,2214,-1,2214,2221,2220,-1,2214,2220,2216,-1,2216,2220,2218,-1,2233,2234,2235,-1,2233,2235,2236,-1,2236,2235,2237,-1,2236,2237,2238,-1,2238,2237,2239,-1,2238,2239,2240,-1,2240,2239,2241,-1,2240,2241,2242,-1,2242,2241,2243,-1,2242,2243,2244,-1,2244,2243,2245,-1,2244,2245,2246,-1,2246,2245,2247,-1,2246,2247,2248,-1,2248,2247,2249,-1,2248,2249,2250,-1,2251,2250,2252,-1,2252,2250,2249,-1,2251,2233,2250,-1,2250,2233,2236,-1,2238,2240,2236,-1,2236,2240,2242,-1,2236,2242,2244,-1,2244,2246,2236,-1,2236,2246,2248,-1,2236,2248,2250,-1,2252,2249,2234,-1,2234,2249,2247,-1,2239,2237,2235,-1,2247,2245,2234,-1,2234,2245,2243,-1,2234,2243,2235,-1,2235,2243,2241,-1,2235,2241,2239,-1,2253,2254,2255,-1,2253,2255,2256,-1,2256,2255,2257,-1,2256,2257,2258,-1,2258,2257,2259,-1,2258,2259,2260,-1,2260,2259,2261,-1,2260,2261,2262,-1,2262,2261,2263,-1,2262,2263,2264,-1,2264,2265,2262,-1,2262,2265,2266,-1,2262,2266,2260,-1,2260,2266,2267,-1,2268,2253,2269,-1,2269,2253,2256,-1,2269,2256,2267,-1,2267,2256,2258,-1,2267,2258,2260,-1,2254,2270,2271,-1,2271,2263,2254,-1,2254,2263,2261,-1,2254,2261,2255,-1,2255,2261,2259,-1,2255,2259,2257,-1,2272,2273,2274,-1,2274,2273,2275,-1,2274,2275,2276,-1,2276,2275,2277,-1,2276,2277,2278,-1,2278,2277,2279,-1,2278,2279,2280,-1,2280,2279,2281,-1,2280,2281,2282,-1,2282,2281,2283,-1,2282,2283,2284,-1,2284,2283,2285,-1,2286,2284,2287,-1,2287,2284,2285,-1,2288,2286,2289,-1,2289,2286,2287,-1,2290,2288,2291,-1,2291,2288,2289,-1,2290,2291,2292,-1,2290,2292,2293,-1,2293,2292,2294,-1,2293,2294,2295,-1,2295,2294,2296,-1,2295,2296,2297,-1,2297,2296,2298,-1,2297,2298,2299,-1,2299,2298,2300,-1,2299,2300,2301,-1,2301,2300,2302,-1,2301,2302,2303,-1,2286,2288,2284,-1,2284,2288,2290,-1,2284,2290,2282,-1,2282,2290,2293,-1,2282,2293,2280,-1,2280,2293,2295,-1,2280,2295,2278,-1,2278,2295,2297,-1,2278,2297,2276,-1,2276,2297,2299,-1,2276,2299,2274,-1,2274,2299,2301,-1,2274,2301,2272,-1,2272,2301,2303,-1,2273,2302,2275,-1,2275,2302,2300,-1,2275,2300,2277,-1,2277,2300,2298,-1,2277,2298,2279,-1,2279,2298,2296,-1,2279,2296,2281,-1,2281,2296,2294,-1,2281,2294,2283,-1,2283,2294,2292,-1,2283,2292,2285,-1,2285,2292,2291,-1,2285,2291,2287,-1,2287,2291,2289,-1,2304,2305,2306,-1,2304,2306,2307,-1,2307,2306,2308,-1,2307,2308,2309,-1,2309,2308,2310,-1,2309,2310,2311,-1,2311,2310,2312,-1,2311,2312,2313,-1,2313,2312,2314,-1,2313,2314,2315,-1,2315,2314,2316,-1,2315,2316,2317,-1,2317,2316,2318,-1,2317,2318,2319,-1,2319,2318,2320,-1,2319,2320,2321,-1,2322,2321,2323,-1,2323,2321,2320,-1,2321,2322,2304,-1,2304,2307,2321,-1,2321,2307,2309,-1,2321,2309,2319,-1,2319,2309,2317,-1,2311,2313,2309,-1,2309,2313,2315,-1,2309,2315,2317,-1,2306,2305,2320,-1,2320,2305,2323,-1,2306,2320,2308,-1,2308,2320,2318,-1,2308,2318,2316,-1,2316,2314,2308,-1,2308,2314,2312,-1,2308,2312,2310,-1,2324,2325,2326,-1,2324,2326,2327,-1,2327,2326,2328,-1,2327,2328,2329,-1,2329,2328,2330,-1,2329,2330,2331,-1,2331,2330,2332,-1,2331,2332,2333,-1,2333,2332,2334,-1,2333,2334,2335,-1,2335,2336,2333,-1,2333,2336,2337,-1,2333,2337,2331,-1,2331,2337,2338,-1,2339,2324,2340,-1,2340,2324,2327,-1,2340,2327,2338,-1,2338,2327,2329,-1,2338,2329,2331,-1,2325,2341,2342,-1,2342,2334,2325,-1,2325,2334,2332,-1,2325,2332,2326,-1,2326,2332,2330,-1,2326,2330,2328,-1,2343,2344,2345,-1,2345,2344,2346,-1,2345,2346,2347,-1,2347,2346,2348,-1,2347,2348,2349,-1,2349,2348,2350,-1,2349,2350,2351,-1,2351,2350,2352,-1,2351,2352,2353,-1,2353,2352,2354,-1,2353,2354,2355,-1,2355,2354,2356,-1,2357,2355,2358,-1,2358,2355,2356,-1,2359,2357,2360,-1,2360,2357,2358,-1,2361,2359,2362,-1,2362,2359,2360,-1,2361,2362,2363,-1,2361,2363,2364,-1,2364,2363,2365,-1,2364,2365,2366,-1,2366,2365,2367,-1,2366,2367,2368,-1,2368,2367,2369,-1,2368,2369,2370,-1,2370,2369,2371,-1,2370,2371,2372,-1,2372,2371,2373,-1,2372,2373,2374,-1,2357,2359,2355,-1,2355,2359,2361,-1,2355,2361,2353,-1,2353,2361,2364,-1,2353,2364,2351,-1,2351,2364,2366,-1,2351,2366,2349,-1,2349,2366,2368,-1,2349,2368,2347,-1,2347,2368,2370,-1,2347,2370,2345,-1,2345,2370,2372,-1,2345,2372,2343,-1,2343,2372,2374,-1,2344,2373,2346,-1,2346,2373,2371,-1,2346,2371,2348,-1,2348,2371,2369,-1,2348,2369,2350,-1,2350,2369,2367,-1,2350,2367,2352,-1,2352,2367,2365,-1,2352,2365,2354,-1,2354,2365,2363,-1,2354,2363,2356,-1,2356,2363,2362,-1,2356,2362,2358,-1,2358,2362,2360,-1,2375,2376,2377,-1,2375,2377,2378,-1,2378,2377,2379,-1,2378,2379,2380,-1,2380,2379,2381,-1,2380,2381,2382,-1,2382,2381,2383,-1,2382,2383,2384,-1,2384,2383,2385,-1,2384,2385,2386,-1,2386,2385,2387,-1,2386,2387,2388,-1,2388,2387,2389,-1,2388,2389,2390,-1,2390,2389,2391,-1,2390,2391,2392,-1,2393,2392,2394,-1,2394,2392,2391,-1,2392,2393,2375,-1,2392,2375,2390,-1,2378,2380,2382,-1,2382,2384,2378,-1,2378,2384,2386,-1,2378,2386,2375,-1,2375,2386,2388,-1,2375,2388,2390,-1,2376,2394,2391,-1,2391,2389,2376,-1,2376,2389,2387,-1,2376,2387,2385,-1,2385,2383,2376,-1,2376,2383,2381,-1,2376,2381,2377,-1,2377,2381,2379,-1,2395,2396,2397,-1,2395,2397,2398,-1,2398,2397,2399,-1,2398,2399,2400,-1,2400,2399,2401,-1,2400,2401,2402,-1,2402,2401,2403,-1,2402,2403,2404,-1,2404,2403,2405,-1,2404,2405,2406,-1,2406,2407,2404,-1,2404,2407,2408,-1,2404,2408,2402,-1,2402,2408,2409,-1,2410,2395,2411,-1,2411,2395,2398,-1,2411,2398,2409,-1,2409,2398,2400,-1,2409,2400,2402,-1,2396,2412,2413,-1,2413,2405,2396,-1,2396,2405,2403,-1,2396,2403,2397,-1,2397,2403,2401,-1,2397,2401,2399,-1,
        ]
    }
}
Shape{
    appearance Appearance {
        material  Material 	{
            diffuseColor 1.0 1.0 1.0
            specularColor 0.5019607843137255 0.5019607843137255 0.5019607843137255
            ambientIntensity 0.2
            transparency 0
            shininess 0.5
        }
    }
    geometry IndexedFaceSet {
        ccw TRUE
        solid FALSE
        coord DEF co Coordinate {
            point [
                0.0025 -0.5945 0.1934, 0.0025 -0.5945 0.1892, 0.0025 -0.5906 0.1934, 0.0025 -0.5906 0.1892, -0.0123 -0.5945 0.1934, -0.0123 -0.5906 0.1934, -0.0123 -0.5945 0.2263, -0.0123 -0.5906 0.2263, -0.0171 -0.5945 0.2263, -0.0171 -0.5906 0.2263, -0.0171 -0.5945 0.1892, -0.0171 -0.5906 0.1892, 0.0215 -0.5945 0.1886, 0.0215 -0.5906 0.1886, 0.0274 -0.5906 0.1892, 0.0274 -0.5945 0.1892, 0.0313 -0.5906 0.1905, 0.0313 -0.5945 0.1905, 0.0318 -0.5906 0.1907, 0.0318 -0.5945 0.1907, 0.0318 -0.5945 0.1953, 0.0318 -0.5906 0.1953, 0.028 -0.5906 0.1936, 0.028 -0.5945 0.1936, 0.0237 -0.5906 0.1929, 0.0237 -0.5945 0.1929, 0.0222 -0.5906 0.1928, 0.0222 -0.5945 0.1928, 0.0187 -0.5906 0.1932, 0.0187 -0.5945 0.1932, 0.016 -0.5906 0.1942, 0.016 -0.5945 0.1942, 0.0136 -0.5906 0.1959, 0.0136 -0.5945 0.1959, 0.0127 -0.5906 0.1967, 0.0127 -0.5945 0.1967, 0.0108 -0.5906 0.1994, 0.0108 -0.5945 0.1994, 0.0096 -0.5906 0.2024, 0.0096 -0.5945 0.2024, 0.009 -0.5906 0.207, 0.009 -0.5945 0.207, 0.009 -0.5906 0.2073, 0.009 -0.5945 0.2073, 0.0096 -0.5906 0.2123, 0.0096 -0.5945 0.2123, 0.0108 -0.5906 0.2155, 0.0108 -0.5945 0.2155, 0.0126 -0.5906 0.2181, 0.0126 -0.5945 0.2181, 0.0129 -0.5906 0.2185, 0.0129 -0.5945 0.2185, 0.0153 -0.5906 0.2205, 0.0153 -0.5945 0.2205, 0.0182 -0.5906 0.2218, 0.0182 -0.5945 0.2218, 0.0214 -0.5906 0.2225, 0.0214 -0.5945 0.2225, 0.023 -0.5906 0.2226, 0.023 -0.5945 0.2226, 0.0277 -0.5906 0.222, 0.0277 -0.5945 0.222, 0.0318 -0.5906 0.2204, 0.0318 -0.5945 0.2204, 0.0318 -0.5945 0.2254, 0.0318 -0.5906 0.2254, 0.023 -0.5906 0.2269, 0.023 -0.5945 0.2269, 0.0233 -0.5945 0.2269, 0.0281 -0.5906 0.2265, 0.0281 -0.5945 0.2265, 0.0268 -0.5906 0.2266, 0.0233 -0.5906 0.2269, 0.0179 -0.5945 0.2263, 0.0202 -0.5906 0.2266, 0.0179 -0.5906 0.2263, 0.014 -0.5906 0.2249, 0.014 -0.5945 0.2249, 0.0104 -0.5906 0.2224, 0.0104 -0.5945 0.2224, 0.0094 -0.5906 0.2214, 0.0094 -0.5945 0.2214, 0.0066 -0.5906 0.2178, 0.0066 -0.5945 0.2178, 0.0057 -0.5906 0.2156, 0.0049 -0.5945 0.2137, 0.0049 -0.5906 0.2137, 0.0041 -0.5906 0.2088, 0.0041 -0.5945 0.2088, 0.004 -0.5906 0.207, 0.004 -0.5945 0.207, 0.0046 -0.5906 0.2016, 0.0046 -0.5945 0.2016, 0.0057 -0.5906 0.1986, 0.006 -0.5945 0.1976, 0.006 -0.5906 0.1976, 0.0081 -0.5906 0.1944, 0.0081 -0.5945 0.1944, 0.0088 -0.5906 0.1936, 0.0088 -0.5945 0.1936, 0.0116 -0.5906 0.1913, 0.0116 -0.5945 0.1913, 0.015 -0.5906 0.1896, 0.015 -0.5945 0.1896, 0.019 -0.5906 0.1887, 0.019 -0.5945 0.1887, 0.0591 -0.5945 0.1934, 0.0591 -0.5945 0.1892, 0.0591 -0.5906 0.1934, 0.0591 -0.5906 0.1892, 0.044 -0.5906 0.1934, 0.044 -0.5945 0.1934, 0.054 -0.5906 0.1934, 0.044 -0.5945 0.2059, 0.044 -0.5906 0.2059, 0.0572 -0.5945 0.2059, 0.054 -0.5906 0.2059, 0.0572 -0.5906 0.2059, 0.0572 -0.5945 0.2101, 0.0572 -0.5906 0.2101, 0.044 -0.5906 0.2101, 0.044 -0.5945 0.2101, 0.054 -0.5906 0.2101, 0.044 -0.5945 0.222, 0.044 -0.5906 0.222, 0.0583 -0.5945 0.222, 0.054 -0.5906 0.222, 0.0583 -0.5906 0.222, 0.0583 -0.5945 0.2263, 0.0583 -0.5906 0.2263, 0.0392 -0.5906 0.2263, 0.0392 -0.5945 0.2263, 0.054 -0.5906 0.2263, 0.0392 -0.5945 0.1892, 0.0392 -0.5906 0.1892, 0.054 -0.5906 0.1892, 0.0912 -0.5945 0.206, 0.0962 -0.5945 0.2061, 0.0913 -0.5945 0.2081, 0.0963 -0.5945 0.2082, 0.0908 -0.5945 0.2123, 0.0957 -0.5945 0.2132, 0.0898 -0.5945 0.2152, 0.0944 -0.5945 0.2167, 0.0884 -0.5945 0.2173, 0.0921 -0.5945 0.22, 0.0872 -0.5945 0.2185, 0.0907 -0.5945 0.2214, 0.0843 -0.5945 0.2204, 0.0868 -0.5945 0.224, 0.0811 -0.5945 0.2215, 0.0824 -0.5945 0.2256, 0.0765 -0.5945 0.222, 0.0767 -0.5945 0.2263, 0.0709 -0.5945 0.222, 0.0661 -0.5945 0.2263, 0.0709 -0.5945 0.1934, 0.0661 -0.5945 0.1892, 0.0763 -0.5945 0.1934, 0.0763 -0.5945 0.1892, 0.0813 -0.5945 0.194, 0.0819 -0.5945 0.1898, 0.0844 -0.5945 0.1952, 0.0862 -0.5945 0.1913, 0.0868 -0.5945 0.1968, 0.0899 -0.5945 0.1937, 0.0873 -0.5945 0.1973, 0.0907 -0.5945 0.1944, 0.0892 -0.5945 0.1997, 0.0936 -0.5945 0.1978, 0.0905 -0.5945 0.2025, 0.0953 -0.5945 0.2017, 0.0763 -0.5906 0.1892, 0.0661 -0.5906 0.1892, 0.0819 -0.5906 0.1898, 0.0831 -0.5906 0.1902, 0.0862 -0.5906 0.1913, 0.0899 -0.5906 0.1937, 0.0907 -0.5906 0.1944, 0.0936 -0.5906 0.1978, 0.0953 -0.5906 0.2017, 0.0962 -0.5906 0.2061, 0.0963 -0.5906 0.2082, 0.0957 -0.5906 0.2132, 0.0944 -0.5906 0.2167, 0.0921 -0.5906 0.22, 0.0907 -0.5906 0.2214, 0.0767 -0.5906 0.2263, 0.0868 -0.5906 0.224, 0.0831 -0.5906 0.2254, 0.0824 -0.5906 0.2256, 0.0661 -0.5906 0.2263, 0.0765 -0.5906 0.222, 0.0709 -0.5906 0.222, 0.0709 -0.5906 0.1934, 0.0763 -0.5906 0.1934, 0.0873 -0.5906 0.1973, 0.0868 -0.5906 0.1968, 0.0844 -0.5906 0.1952, 0.0813 -0.5906 0.194, 0.0913 -0.5906 0.2081, 0.0912 -0.5906 0.206, 0.0905 -0.5906 0.2025, 0.0892 -0.5906 0.1997, 0.0872 -0.5906 0.2185, 0.0884 -0.5906 0.2173, 0.0898 -0.5906 0.2152, 0.0908 -0.5906 0.2123, 0.0811 -0.5906 0.2215, 0.0843 -0.5906 0.2204, 0.0843 -0.5906 0.2204
            ]
        }
        coordIndex [
            0,1,2,-1,2,1,3,-1,4,0,5,-1,5,0,2,-1,6,4,7,-1,7,4,5,-1,8,6,9,-1,9,6,7,-1,10,8,11,-1,11,8,9,-1,1,10,3,-1,3,10,11,-1,6,8,4,-1,4,8,10,-1,4,10,0,-1,0,10,1,-1,12,13,14,-1,12,14,15,-1,15,14,16,-1,15,16,17,-1,17,16,18,-1,17,18,19,-1,20,19,21,-1,21,19,18,-1,20,21,22,-1,20,22,23,-1,23,22,24,-1,23,24,25,-1,25,24,26,-1,25,26,27,-1,27,26,28,-1,27,28,29,-1,29,28,30,-1,29,30,31,-1,31,30,32,-1,31,32,33,-1,33,32,34,-1,33,34,35,-1,35,34,36,-1,35,36,37,-1,37,36,38,-1,37,38,39,-1,39,38,40,-1,39,40,41,-1,41,40,42,-1,41,42,43,-1,43,42,44,-1,43,44,45,-1,45,44,46,-1,45,46,47,-1,47,46,48,-1,47,48,49,-1,49,48,50,-1,49,50,51,-1,51,50,52,-1,51,52,53,-1,53,52,54,-1,53,54,55,-1,55,54,56,-1,55,56,57,-1,57,56,58,-1,57,58,59,-1,59,58,60,-1,59,60,61,-1,61,60,62,-1,61,62,63,-1,64,63,65,-1,65,63,62,-1,66,67,68,-1,64,65,69,-1,64,69,70,-1,70,69,71,-1,70,71,68,-1,68,71,72,-1,68,72,66,-1,67,66,73,-1,73,66,74,-1,74,75,73,-1,73,75,76,-1,73,76,77,-1,77,76,78,-1,77,78,79,-1,79,78,80,-1,79,80,81,-1,81,80,82,-1,81,82,83,-1,83,82,84,-1,83,84,85,-1,84,86,85,-1,85,86,87,-1,85,87,88,-1,88,87,89,-1,88,89,90,-1,90,89,91,-1,90,91,92,-1,92,91,93,-1,92,93,94,-1,93,95,94,-1,94,95,96,-1,94,96,97,-1,97,96,98,-1,97,98,99,-1,99,98,100,-1,99,100,101,-1,101,100,102,-1,101,102,103,-1,103,102,104,-1,103,104,105,-1,105,104,13,-1,105,13,12,-1,37,39,92,-1,63,64,61,-1,61,64,70,-1,61,70,59,-1,59,70,68,-1,59,68,57,-1,57,68,67,-1,57,67,55,-1,55,67,73,-1,55,73,53,-1,92,39,90,-1,81,51,79,-1,79,51,53,-1,79,53,77,-1,77,53,73,-1,19,20,17,-1,17,20,23,-1,17,23,15,-1,15,23,12,-1,39,41,90,-1,90,41,43,-1,90,43,88,-1,88,43,45,-1,88,45,85,-1,85,45,83,-1,83,45,47,-1,83,47,81,-1,81,47,49,-1,81,49,51,-1,92,94,37,-1,37,94,97,-1,37,97,35,-1,35,97,99,-1,35,99,33,-1,33,99,101,-1,33,101,31,-1,31,101,103,-1,31,103,29,-1,29,103,105,-1,29,105,27,-1,27,105,12,-1,27,12,25,-1,25,12,23,-1,106,107,108,-1,108,107,109,-1,110,111,112,-1,112,111,106,-1,112,106,108,-1,113,111,114,-1,114,111,110,-1,113,114,115,-1,115,114,116,-1,115,116,117,-1,118,115,119,-1,119,115,117,-1,120,121,122,-1,122,121,118,-1,122,118,119,-1,123,121,124,-1,124,121,120,-1,123,124,125,-1,125,124,126,-1,125,126,127,-1,128,125,129,-1,129,125,127,-1,130,131,132,-1,132,131,128,-1,132,128,129,-1,133,131,134,-1,134,131,130,-1,133,134,107,-1,107,134,135,-1,107,135,109,-1,133,107,106,-1,106,111,133,-1,133,111,113,-1,133,113,131,-1,125,128,123,-1,123,128,131,-1,123,131,121,-1,121,131,113,-1,121,113,118,-1,118,113,115,-1,136,137,138,-1,138,137,139,-1,138,139,140,-1,140,139,141,-1,140,141,142,-1,142,141,143,-1,142,143,144,-1,144,143,145,-1,144,145,146,-1,146,145,147,-1,146,147,148,-1,148,147,149,-1,148,149,150,-1,150,149,151,-1,150,151,152,-1,152,151,153,-1,152,153,154,-1,154,153,155,-1,154,155,156,-1,156,155,157,-1,156,157,158,-1,158,157,159,-1,158,159,160,-1,160,159,161,-1,160,161,162,-1,162,161,163,-1,162,163,164,-1,164,163,165,-1,164,165,166,-1,166,165,167,-1,166,167,168,-1,168,167,169,-1,168,169,170,-1,170,169,171,-1,170,171,136,-1,136,171,137,-1,159,157,172,-1,172,157,173,-1,159,172,174,-1,159,174,161,-1,161,174,175,-1,161,175,163,-1,175,176,163,-1,163,176,177,-1,163,177,165,-1,165,177,178,-1,165,178,167,-1,167,178,179,-1,167,179,169,-1,169,179,180,-1,169,180,171,-1,171,180,181,-1,171,181,137,-1,137,181,182,-1,137,182,139,-1,139,182,183,-1,139,183,141,-1,141,183,184,-1,141,184,143,-1,143,184,185,-1,143,185,145,-1,145,185,186,-1,145,186,147,-1,187,153,151,-1,147,186,188,-1,147,188,149,-1,149,188,189,-1,149,189,151,-1,151,189,190,-1,151,190,187,-1,155,153,191,-1,191,153,187,-1,157,155,173,-1,173,155,191,-1,152,154,192,-1,192,154,193,-1,154,156,193,-1,193,156,194,-1,156,158,194,-1,194,158,195,-1,166,196,197,-1,166,197,164,-1,164,197,198,-1,164,198,162,-1,162,198,199,-1,162,199,160,-1,160,199,195,-1,160,195,158,-1,138,200,201,-1,138,201,136,-1,136,201,202,-1,136,202,170,-1,170,202,203,-1,170,203,168,-1,168,203,196,-1,168,196,166,-1,146,204,205,-1,146,205,144,-1,144,205,206,-1,144,206,142,-1,142,206,207,-1,142,207,140,-1,140,207,200,-1,140,200,138,-1,152,192,208,-1,152,208,150,-1,150,208,209,-1,150,209,148,-1,148,209,204,-1,148,204,146,-1,
        ]
    }
}
Shape{
    appearance Appearance {
        material  Material 	{
            diffuseColor 0.25098039215686274 0.25098039215686274 0.25098039215686274
            specularColor 0.12549019607843137 0.12549019607843137 0.12549019607843137
            ambientIntensity 0.2
            transparency 0
            shininess 0.5
        }
    }
    geometry IndexedFaceSet {
        ccw TRUE
        solid FALSE
        coord DEF co Coordinate {
            point [
                0.0709 -0.5906 0.222, 0.0709 -0.5906 0.1934, 0.0765 -0.5906 0.222, 0.0763 -0.5906 0.1934, 0.0813 -0.5906 0.194, 0.0844 -0.5906 0.1952, 0.0868 -0.5906 0.1968, 0.0873 -0.5906 0.1973, 0.0892 -0.5906 0.1997, 0.0905 -0.5906 0.2025, 0.0912 -0.5906 0.206, 0.0913 -0.5906 0.2081, 0.0908 -0.5906 0.2123, 0.0898 -0.5906 0.2152, 0.0884 -0.5906 0.2173, 0.0872 -0.5906 0.2185, 0.0811 -0.5906 0.2215, 0.0843 -0.5906 0.2204, 0.0843 -0.5906 0.2204
            ]
        }
        coordIndex [
            0,1,2,-1,2,1,3,-1,2,3,4,-1,4,5,2,-1,2,5,6,-1,2,6,7,-1,7,8,2,-1,2,8,9,-1,2,9,10,-1,10,11,2,-1,2,11,12,-1,2,12,13,-1,13,14,2,-1,2,14,15,-1,2,15,16,-1,16,15,17,-1,
        ]
    }
}
Shape{
    appearance Appearance {
        material  Material 	{
            diffuseColor 1.0 1.0 1.0
            specularColor 0.5019607843137255 0.5019607843137255 0.5019607843137255
            ambientIntensity 0.2
            transparency 0
            shininess 0.5
        }
    }
    geometry IndexedFaceSet {
        ccw TRUE
        solid FALSE
        coord DEF co Coordinate {
            point [
                0.1087 -0.5945 0.2035, 0.1072 -0.5945 0.1993, 0.1212 -0.5945 0.2035, 0.1226 -0.5945 0.1993, 0.1143 -0.5945 0.2189, 0.1125 -0.5945 0.2263, 0.0983 -0.5945 0.1892, 0.1036 -0.5945 0.1892, 0.1146 -0.5945 0.22, 0.1149 -0.5945 0.2215, 0.1176 -0.5945 0.2263, 0.115 -0.5945 0.2215, 0.1153 -0.5945 0.22, 0.1156 -0.5945 0.2189, 0.1317 -0.5945 0.1892, 0.1264 -0.5945 0.1892, 0.1176 -0.5906 0.2263, 0.1317 -0.5906 0.1892, 0.1125 -0.5906 0.2263, 0.0983 -0.5906 0.1892, 0.109 -0.5906 0.2173, 0.1036 -0.5906 0.1892, 0.1072 -0.5906 0.1993, 0.1226 -0.5906 0.1993, 0.109 -0.5906 0.1993, 0.1264 -0.5906 0.1892, 0.1087 -0.5906 0.2035, 0.1212 -0.5906 0.2035, 0.1156 -0.5906 0.2189, 0.115 -0.5906 0.2215, 0.1153 -0.5906 0.22, 0.1149 -0.5906 0.2215, 0.1143 -0.5906 0.2189, 0.1146 -0.5906 0.22, 0.1146 -0.5906 0.22
            ]
        }
        coordIndex [
            0,1,2,-1,2,1,3,-1,4,5,0,-1,0,5,6,-1,0,6,1,-1,1,6,7,-1,4,8,5,-1,5,8,9,-1,5,9,10,-1,10,9,11,-1,10,11,12,-1,12,13,10,-1,10,13,2,-1,10,2,14,-1,14,2,3,-1,14,3,15,-1,10,14,16,-1,16,14,17,-1,5,10,18,-1,18,10,16,-1,19,6,20,-1,20,6,5,-1,20,5,18,-1,7,6,21,-1,21,6,19,-1,1,7,22,-1,22,7,21,-1,23,3,24,-1,24,3,1,-1,24,1,22,-1,15,3,25,-1,25,3,23,-1,14,15,17,-1,17,15,25,-1,0,2,26,-1,26,2,27,-1,2,13,27,-1,27,13,28,-1,11,29,30,-1,11,30,12,-1,12,30,28,-1,12,28,13,-1,11,9,29,-1,29,9,31,-1,4,32,33,-1,4,33,8,-1,8,33,31,-1,8,31,9,-1,4,0,32,-1,32,0,26,-1,
        ]
    }
}
Shape{
    appearance Appearance {
        material  Material 	{
            diffuseColor 0.25098039215686274 0.25098039215686274 0.25098039215686274
            specularColor 0.12549019607843137 0.12549019607843137 0.12549019607843137
            ambientIntensity 0.2
            transparency 0
            shininess 0.5
        }
    }
    geometry IndexedFaceSet {
        ccw TRUE
        solid FALSE
        coord DEF co Coordinate {
            point [
                0.115 -0.5906 0.2215, 0.1149 -0.5906 0.2215, 0.1153 -0.5906 0.22, 0.1146 -0.5906 0.22, 0.1156 -0.5906 0.2189, 0.1143 -0.5906 0.2189, 0.1212 -0.5906 0.2035, 0.1087 -0.5906 0.2035, 0.1087 -0.5906 0.2035
            ]
        }
        coordIndex [
            0,1,2,-1,2,1,3,-1,2,3,4,-1,4,3,5,-1,4,5,6,-1,6,5,7,-1,
        ]
    }
}
Shape{
    appearance Appearance {
        material  Material 	{
            diffuseColor 1.0 1.0 1.0
            specularColor 0.5019607843137255 0.5019607843137255 0.5019607843137255
            ambientIntensity 0.2
            transparency 0
            shininess 0.5
        }
    }
    geometry IndexedFaceSet {
        ccw TRUE
        solid FALSE
        coord DEF co Coordinate {
            point [
                0.0029 -0.5945 0.1346, 0.0029 -0.5945 0.1304, 0.0029 -0.5906 0.1346, 0.0029 -0.5906 0.1304, -0.0123 -0.5945 0.1346, -0.0123 -0.5906 0.1346, -0.0123 -0.5945 0.1471, -0.0123 -0.5906 0.1471, 0.001 -0.5945 0.1471, 0.001 -0.5906 0.1471, 0.001 -0.5945 0.1513, 0.001 -0.5906 0.1513, -0.0123 -0.5945 0.1513, -0.0123 -0.5906 0.1513, -0.0123 -0.5945 0.1632, -0.0123 -0.5906 0.1632, 0.002 -0.5945 0.1632, 0.002 -0.5906 0.1632, 0.002 -0.5945 0.1675, 0.002 -0.5906 0.1675, -0.0171 -0.5945 0.1675, -0.0171 -0.5906 0.1675, -0.0171 -0.5945 0.1304, -0.0171 -0.5906 0.1304, 0.0126 -0.5945 0.1453, 0.014 -0.5945 0.1418, 0.0152 -0.5945 0.1423, 0.0238 -0.5945 0.1345, 0.0239 -0.5945 0.1345, 0.0236 -0.5945 0.1388, 0.0239 -0.5945 0.1408, 0.0286 -0.5945 0.1474, 0.0239 -0.5945 0.1411, 0.0239 -0.5945 0.1437, 0.0239 -0.5945 0.1304, 0.0286 -0.5945 0.1304, 0.0161 -0.5945 0.1461, 0.0177 -0.5945 0.1429, 0.0239 -0.5945 0.1472, 0.0238 -0.5945 0.1493, 0.0282 -0.5945 0.1509, 0.0233 -0.5945 0.1509, 0.0275 -0.5945 0.1531, 0.0228 -0.5945 0.1519, 0.0266 -0.5945 0.1546, 0.0221 -0.5945 0.1526, 0.0253 -0.5945 0.1558, 0.0212 -0.5945 0.1532, 0.0238 -0.5945 0.1566, 0.0202 -0.5945 0.1535, 0.0218 -0.5945 0.1572, 0.0186 -0.5945 0.1537, 0.019 -0.5945 0.1575, 0.0158 -0.5945 0.1534, 0.0143 -0.5945 0.1569, 0.0129 -0.5945 0.1524, 0.0108 -0.5945 0.1556, 0.0099 -0.5945 0.1505, 0.0099 -0.5945 0.155, 0.023 -0.5945 0.1371, 0.022 -0.5945 0.1357, 0.0231 -0.5945 0.1334, 0.0214 -0.5945 0.1352, 0.0216 -0.5945 0.1318, 0.0201 -0.5945 0.1343, 0.02 -0.5945 0.1307, 0.0187 -0.5945 0.1338, 0.0181 -0.5945 0.13, 0.0169 -0.5945 0.1336, 0.0157 -0.5945 0.1298, 0.0153 -0.5945 0.1338, 0.0129 -0.5945 0.1301, 0.0143 -0.5945 0.1341, 0.0112 -0.5945 0.1308, 0.0134 -0.5945 0.1348, 0.0096 -0.5945 0.1319, 0.013 -0.5945 0.1352, 0.0133 -0.5945 0.1412, 0.0106 -0.5945 0.1443, 0.0127 -0.5945 0.1405, 0.0092 -0.5945 0.143, 0.0123 -0.5945 0.1397, 0.0083 -0.5945 0.1417, 0.0121 -0.5945 0.1386, 0.0076 -0.5945 0.1401, 0.0073 -0.5945 0.1381, 0.012 -0.5945 0.1379, 0.0073 -0.5945 0.1375, 0.0121 -0.5945 0.1368, 0.0075 -0.5945 0.1354, 0.0124 -0.5945 0.136, 0.0081 -0.5945 0.1338, 0.0091 -0.5945 0.1324, 0.019 -0.5906 0.1575, 0.0143 -0.5906 0.1569, 0.0108 -0.5906 0.1556, 0.0099 -0.5906 0.155, 0.0099 -0.5906 0.1505, 0.0129 -0.5906 0.1524, 0.0158 -0.5906 0.1534, 0.0186 -0.5906 0.1537, 0.0202 -0.5906 0.1535, 0.0212 -0.5906 0.1532, 0.0221 -0.5906 0.1526, 0.0228 -0.5906 0.1519, 0.0233 -0.5906 0.1509, 0.0238 -0.5906 0.1493, 0.0239 -0.5906 0.1472, 0.0161 -0.5906 0.1461, 0.0126 -0.5906 0.1453, 0.0106 -0.5906 0.1443, 0.0092 -0.5906 0.143, 0.0083 -0.5906 0.1417, 0.0076 -0.5906 0.1401, 0.0073 -0.5906 0.1381, 0.0073 -0.5906 0.1375, 0.0075 -0.5906 0.1354, 0.0081 -0.5906 0.1338, 0.0091 -0.5906 0.1324, 0.0096 -0.5906 0.1319, 0.0157 -0.5906 0.1298, 0.013 -0.5906 0.1301, 0.0129 -0.5906 0.1301, 0.0112 -0.5906 0.1308, 0.0181 -0.5906 0.13, 0.0182 -0.5906 0.1301, 0.02 -0.5906 0.1307, 0.0216 -0.5906 0.1318, 0.0231 -0.5906 0.1334, 0.0238 -0.5906 0.1345, 0.0239 -0.5906 0.1345, 0.0239 -0.5906 0.1304, 0.0286 -0.5906 0.1304, 0.0286 -0.5906 0.1474, 0.0282 -0.5906 0.1509, 0.0275 -0.5906 0.1531, 0.0266 -0.5906 0.1546, 0.0253 -0.5906 0.1558, 0.0238 -0.5906 0.1566, 0.0218 -0.5906 0.1572, 0.0133 -0.5906 0.1412, 0.014 -0.5906 0.1418, 0.0152 -0.5906 0.1423, 0.0177 -0.5906 0.1429, 0.012 -0.5906 0.1379, 0.0121 -0.5906 0.1386, 0.0123 -0.5906 0.1397, 0.0127 -0.5906 0.1405, 0.0134 -0.5906 0.1348, 0.013 -0.5906 0.1352, 0.0124 -0.5906 0.136, 0.0121 -0.5906 0.1368, 0.0169 -0.5906 0.1336, 0.0153 -0.5906 0.1338, 0.0143 -0.5906 0.1341, 0.022 -0.5906 0.1357, 0.0214 -0.5906 0.1352, 0.0201 -0.5906 0.1343, 0.0187 -0.5906 0.1338, 0.0239 -0.5906 0.1411, 0.0239 -0.5906 0.1408, 0.0236 -0.5906 0.1388, 0.023 -0.5906 0.1371, 0.0239 -0.5906 0.1437, 0.0239 -0.5906 0.1437
            ]
        }
        coordIndex [
            0,1,2,-1,2,1,3,-1,4,0,5,-1,5,0,2,-1,6,4,7,-1,7,4,5,-1,8,6,9,-1,9,6,7,-1,10,8,11,-1,11,8,9,-1,12,10,13,-1,13,10,11,-1,14,12,15,-1,15,12,13,-1,16,14,17,-1,17,14,15,-1,18,16,19,-1,19,16,17,-1,20,18,21,-1,21,18,19,-1,22,20,23,-1,23,20,21,-1,1,22,3,-1,3,22,23,-1,22,1,0,-1,0,4,22,-1,22,4,6,-1,22,6,20,-1,16,18,14,-1,14,18,20,-1,14,20,12,-1,12,20,6,-1,12,6,10,-1,10,6,8,-1,24,25,26,-1,27,28,29,-1,30,31,32,-1,32,31,33,-1,34,35,28,-1,28,35,31,-1,28,31,29,-1,29,31,30,-1,24,26,36,-1,36,26,37,-1,36,37,38,-1,37,33,38,-1,38,33,31,-1,38,31,39,-1,39,31,40,-1,39,40,41,-1,41,40,42,-1,41,42,43,-1,43,42,44,-1,43,44,45,-1,45,44,46,-1,45,46,47,-1,47,46,48,-1,47,48,49,-1,49,48,50,-1,49,50,51,-1,51,50,52,-1,51,52,53,-1,53,52,54,-1,53,54,55,-1,55,54,56,-1,55,56,57,-1,57,56,58,-1,29,59,27,-1,27,59,60,-1,27,60,61,-1,61,60,62,-1,61,62,63,-1,63,62,64,-1,63,64,65,-1,65,64,66,-1,65,66,67,-1,67,66,68,-1,67,68,69,-1,69,68,70,-1,69,70,71,-1,71,70,72,-1,71,72,73,-1,73,72,74,-1,73,74,75,-1,75,74,76,-1,25,24,77,-1,77,24,78,-1,77,78,79,-1,79,78,80,-1,79,80,81,-1,81,80,82,-1,81,82,83,-1,82,84,83,-1,83,84,85,-1,83,85,86,-1,86,85,87,-1,86,87,88,-1,88,87,89,-1,88,89,90,-1,90,89,91,-1,90,91,76,-1,76,91,92,-1,76,92,75,-1,52,93,94,-1,52,94,54,-1,54,94,95,-1,54,95,56,-1,56,95,96,-1,56,96,58,-1,57,58,97,-1,97,58,96,-1,57,97,98,-1,57,98,55,-1,55,98,99,-1,55,99,53,-1,53,99,100,-1,53,100,51,-1,51,100,101,-1,51,101,49,-1,49,101,102,-1,49,102,47,-1,47,102,103,-1,47,103,45,-1,45,103,104,-1,45,104,43,-1,43,104,105,-1,43,105,41,-1,41,105,106,-1,41,106,39,-1,39,106,107,-1,39,107,38,-1,36,38,108,-1,108,38,107,-1,36,108,109,-1,36,109,24,-1,24,109,110,-1,24,110,78,-1,78,110,111,-1,78,111,80,-1,80,111,112,-1,80,112,82,-1,82,112,113,-1,82,113,84,-1,84,113,114,-1,84,114,85,-1,85,114,115,-1,85,115,87,-1,87,115,116,-1,87,116,89,-1,89,116,117,-1,89,117,91,-1,91,117,118,-1,91,118,92,-1,92,118,119,-1,92,119,75,-1,120,69,121,-1,121,69,71,-1,121,71,122,-1,122,71,73,-1,122,73,123,-1,123,73,75,-1,123,75,119,-1,69,120,124,-1,69,124,67,-1,67,124,125,-1,67,125,65,-1,125,126,65,-1,65,126,127,-1,65,127,63,-1,63,127,128,-1,63,128,61,-1,61,128,129,-1,61,129,27,-1,28,27,130,-1,130,27,129,-1,34,28,131,-1,131,28,130,-1,35,34,132,-1,132,34,131,-1,31,35,133,-1,133,35,132,-1,31,133,134,-1,31,134,40,-1,40,134,135,-1,40,135,42,-1,42,135,136,-1,42,136,44,-1,44,136,137,-1,44,137,46,-1,46,137,138,-1,46,138,48,-1,48,138,139,-1,48,139,50,-1,50,139,93,-1,50,93,52,-1,77,140,141,-1,77,141,25,-1,25,141,142,-1,25,142,26,-1,26,142,143,-1,26,143,37,-1,86,144,145,-1,86,145,83,-1,83,145,146,-1,83,146,81,-1,81,146,147,-1,81,147,79,-1,79,147,140,-1,79,140,77,-1,74,148,149,-1,74,149,76,-1,76,149,150,-1,76,150,90,-1,90,150,151,-1,90,151,88,-1,88,151,144,-1,88,144,86,-1,68,152,153,-1,68,153,70,-1,70,153,154,-1,70,154,72,-1,72,154,148,-1,72,148,74,-1,60,155,156,-1,60,156,62,-1,62,156,157,-1,62,157,64,-1,64,157,158,-1,64,158,66,-1,66,158,152,-1,66,152,68,-1,32,159,160,-1,32,160,30,-1,30,160,161,-1,30,161,29,-1,29,161,162,-1,29,162,59,-1,59,162,155,-1,59,155,60,-1,32,33,159,-1,159,33,163,-1,33,37,163,-1,163,37,143,-1,
        ]
    }
}
Shape{
    appearance Appearance {
        material  Material 	{
            diffuseColor 0.25098039215686274 0.25098039215686274 0.25098039215686274
            specularColor 0.12549019607843137 0.12549019607843137 0.12549019607843137
            ambientIntensity 0.2
            transparency 0
            shininess 0.5
        }
    }
    geometry IndexedFaceSet {
        ccw TRUE
        solid FALSE
        coord DEF co Coordinate {
            point [
                0.0239 -0.5906 0.1437, 0.0177 -0.5906 0.1429, 0.0239 -0.5906 0.1411, 0.0152 -0.5906 0.1423, 0.014 -0.5906 0.1418, 0.0133 -0.5906 0.1412, 0.0239 -0.5906 0.1408, 0.0236 -0.5906 0.1388, 0.0127 -0.5906 0.1405, 0.023 -0.5906 0.1371, 0.013 -0.5906 0.1352, 0.0134 -0.5906 0.1348, 0.0214 -0.5906 0.1352, 0.0124 -0.5906 0.136, 0.0201 -0.5906 0.1343, 0.0187 -0.5906 0.1338, 0.0169 -0.5906 0.1336, 0.0123 -0.5906 0.1397, 0.0121 -0.5906 0.1386, 0.022 -0.5906 0.1357, 0.012 -0.5906 0.1379, 0.0121 -0.5906 0.1368, 0.0143 -0.5906 0.1341, 0.0153 -0.5906 0.1338, 0.0153 -0.5906 0.1338
            ]
        }
        coordIndex [
            0,1,2,-1,2,1,3,-1,3,4,2,-1,2,4,5,-1,2,5,6,-1,6,5,7,-1,7,5,8,-1,7,8,9,-1,10,11,12,-1,10,12,13,-1,14,12,15,-1,15,12,16,-1,8,17,9,-1,9,17,18,-1,9,18,19,-1,19,18,20,-1,19,20,12,-1,12,20,21,-1,12,21,13,-1,11,22,12,-1,12,22,23,-1,12,23,16,-1,
        ]
    }
}
Shape{
    appearance Appearance {
        material  Material 	{
            diffuseColor 1.0 1.0 1.0
            specularColor 0.5019607843137255 0.5019607843137255 0.5019607843137255
            ambientIntensity 0.2
            transparency 0
            shininess 0.5
        }
    }
    geometry IndexedFaceSet {
        ccw TRUE
        solid FALSE
        coord DEF co Coordinate {
            point [
                0.0349 -0.5906 0.1361, 0.0349 -0.5945 0.1361, 0.0367 -0.5945 0.135, 0.0425 -0.5945 0.1336, 0.0425 -0.5906 0.1336, 0.0396 -0.5906 0.1339, 0.0396 -0.5945 0.1339, 0.037 -0.5906 0.1349, 0.0367 -0.5906 0.135, 0.0349 -0.5945 0.1313, 0.0349 -0.5906 0.1313, 0.037 -0.5906 0.1306, 0.0382 -0.5945 0.1302, 0.0421 -0.5906 0.1298, 0.0421 -0.5945 0.1298, 0.039 -0.5906 0.1301, 0.0382 -0.5906 0.1302, 0.045 -0.5906 0.1301, 0.0459 -0.5945 0.1302, 0.0459 -0.5906 0.1302, 0.0484 -0.5906 0.1311, 0.0484 -0.5945 0.1311, 0.0498 -0.5906 0.1319, 0.0498 -0.5945 0.1319, 0.0511 -0.5906 0.133, 0.0511 -0.5945 0.133, 0.052 -0.5906 0.1343, 0.052 -0.5945 0.1343, 0.0525 -0.5906 0.1357, 0.0525 -0.5945 0.1357, 0.0528 -0.5906 0.1376, 0.0528 -0.5945 0.1376, 0.0526 -0.5906 0.1393, 0.0526 -0.5945 0.1393, 0.0521 -0.5906 0.1407, 0.0521 -0.5945 0.1407, 0.0512 -0.5906 0.142, 0.0512 -0.5945 0.142, 0.0501 -0.5906 0.143, 0.0501 -0.5945 0.143, 0.047 -0.5906 0.1447, 0.047 -0.5945 0.1447, 0.0452 -0.5906 0.1454, 0.0452 -0.5945 0.1454, 0.0423 -0.5906 0.1467, 0.0423 -0.5945 0.1467, 0.0407 -0.5906 0.1477, 0.0407 -0.5945 0.1477, 0.0403 -0.5906 0.1482, 0.0403 -0.5945 0.1482, 0.0399 -0.5906 0.1488, 0.0399 -0.5945 0.1488, 0.0397 -0.5906 0.1495, 0.0397 -0.5945 0.1495, 0.0397 -0.5906 0.1501, 0.0397 -0.5945 0.1501, 0.0398 -0.5906 0.1509, 0.0398 -0.5945 0.1509, 0.04 -0.5906 0.1515, 0.04 -0.5945 0.1515, 0.0404 -0.5906 0.1521, 0.0404 -0.5945 0.1521, 0.0411 -0.5906 0.1527, 0.0411 -0.5945 0.1527, 0.0421 -0.5906 0.1533, 0.0421 -0.5945 0.1533, 0.0434 -0.5906 0.1536, 0.0434 -0.5945 0.1536, 0.0448 -0.5906 0.1537, 0.0448 -0.5945 0.1537, 0.0478 -0.5906 0.1534, 0.0478 -0.5945 0.1534, 0.0504 -0.5906 0.1524, 0.0504 -0.5945 0.1524, 0.0515 -0.5906 0.1518, 0.0515 -0.5945 0.1518, 0.0515 -0.5945 0.1563, 0.0515 -0.5906 0.1563, 0.0478 -0.5906 0.1573, 0.0478 -0.5945 0.1573, 0.0452 -0.5906 0.1575, 0.0452 -0.5945 0.1575, 0.0418 -0.5906 0.1571, 0.0418 -0.5945 0.1571, 0.0393 -0.5906 0.1562, 0.0393 -0.5945 0.1562, 0.0379 -0.5906 0.1554, 0.0379 -0.5945 0.1554, 0.037 -0.5906 0.1546, 0.0365 -0.5945 0.1541, 0.0365 -0.5906 0.1541, 0.0356 -0.5906 0.1529, 0.0356 -0.5945 0.1529, 0.0351 -0.5906 0.1514, 0.0351 -0.5945 0.1514, 0.0349 -0.5906 0.1497, 0.0349 -0.5945 0.1497, 0.0351 -0.5906 0.1479, 0.0351 -0.5945 0.1479, 0.0356 -0.5906 0.1465, 0.0356 -0.5945 0.1465, 0.0362 -0.5906 0.1455, 0.0362 -0.5945 0.1455, 0.0419 -0.5906 0.142, 0.0419 -0.5945 0.142, 0.0392 -0.5945 0.1433, 0.037 -0.5906 0.1447, 0.037 -0.5945 0.1447, 0.037 -0.5906 0.1447, 0.0392 -0.5906 0.1433, 0.045 -0.5906 0.1408, 0.045 -0.5945 0.1408, 0.0468 -0.5906 0.1397, 0.0468 -0.5945 0.1397, 0.0474 -0.5906 0.1391, 0.0474 -0.5945 0.1391, 0.0477 -0.5906 0.1384, 0.0477 -0.5945 0.1384, 0.0479 -0.5906 0.1377, 0.0479 -0.5945 0.1377, 0.048 -0.5906 0.1371, 0.048 -0.5945 0.1371, 0.0479 -0.5906 0.1363, 0.0479 -0.5945 0.1363, 0.0477 -0.5906 0.1356, 0.0477 -0.5945 0.1356, 0.0473 -0.5906 0.135, 0.0473 -0.5945 0.135, 0.0467 -0.5906 0.1345, 0.0467 -0.5945 0.1345, 0.0463 -0.5906 0.1343, 0.0463 -0.5945 0.1343, 0.0451 -0.5906 0.1338, 0.0451 -0.5945 0.1338, 0.0427 -0.5906 0.1336, 0.0427 -0.5945 0.1336, 0.0758 -0.5945 0.1569, 0.0806 -0.5945 0.1569, 0.0758 -0.5906 0.1569, 0.0806 -0.5906 0.1569, 0.0685 -0.5945 0.1369, 0.0685 -0.5906 0.1369, 0.0682 -0.5906 0.1357, 0.0682 -0.5945 0.1357, 0.068 -0.5906 0.1348, 0.068 -0.5945 0.1348, 0.0679 -0.5945 0.1348, 0.0679 -0.5906 0.1348, 0.0673 -0.5945 0.137, 0.0673 -0.5906 0.137, 0.0604 -0.5945 0.1569, 0.0626 -0.5906 0.1504, 0.0604 -0.5906 0.1569, 0.0552 -0.5945 0.1569, 0.0552 -0.5906 0.1569, 0.0656 -0.5945 0.1305, 0.0626 -0.5906 0.138, 0.0656 -0.5906 0.1305, 0.0635 -0.5906 0.1256, 0.0635 -0.5945 0.1256, 0.0654 -0.5906 0.1301, 0.0626 -0.5906 0.124, 0.0626 -0.5906 0.124, 0.0618 -0.5945 0.123, 0.0626 -0.5945 0.124, 0.0618 -0.5906 0.123, 0.0609 -0.5906 0.1224, 0.0609 -0.5945 0.1224, 0.0599 -0.5906 0.122, 0.0599 -0.5945 0.122, 0.0588 -0.5906 0.1219, 0.0588 -0.5945 0.1219, 0.0571 -0.5906 0.1221, 0.0571 -0.5945 0.1221, 0.0561 -0.5906 0.1224, 0.0561 -0.5945 0.1224, 0.0561 -0.5945 0.1183, 0.0561 -0.5906 0.1183, 0.0581 -0.5906 0.118, 0.0581 -0.5945 0.118, 0.0591 -0.5906 0.1179, 0.0591 -0.5945 0.1179, 0.061 -0.5906 0.1181, 0.061 -0.5945 0.1181, 0.0626 -0.5906 0.1188, 0.0628 -0.5945 0.1188, 0.0628 -0.5906 0.1188, 0.0645 -0.5906 0.12, 0.0645 -0.5945 0.12, 0.0648 -0.5906 0.1203, 0.0648 -0.5945 0.1203, 0.0665 -0.5906 0.1223, 0.0665 -0.5945 0.1223, 0.0686 -0.5906 0.1264, 0.0686 -0.5945 0.1264, 0.07 -0.5906 0.1301, 0.1055 -0.5945 0.1346, 0.1055 -0.5945 0.1304, 0.1055 -0.5906 0.1346, 0.1055 -0.5906 0.1304, 0.0904 -0.5945 0.1346, 0.0973 -0.5906 0.1346, 0.0904 -0.5906 0.1346, 0.0904 -0.5945 0.1471, 0.0904 -0.5906 0.1471, 0.1036 -0.5945 0.1471, 0.0973 -0.5906 0.1471, 0.1036 -0.5906 0.1471, 0.1036 -0.5945 0.1513, 0.1036 -0.5906 0.1513, 0.0904 -0.5906 0.1513, 0.0904 -0.5945 0.1513, 0.0973 -0.5906 0.1513, 0.0904 -0.5945 0.1632, 0.0904 -0.5906 0.1632, 0.1047 -0.5906 0.1632, 0.1047 -0.5945 0.1632, 0.0973 -0.5906 0.1632, 0.1047 -0.5945 0.1675, 0.1047 -0.5906 0.1675, 0.0856 -0.5906 0.1675, 0.0856 -0.5945 0.1675, 0.0973 -0.5906 0.1675, 0.0856 -0.5945 0.1304, 0.0856 -0.5906 0.1304, 0.0973 -0.5906 0.1304, 0.1376 -0.5945 0.1472, 0.1426 -0.5945 0.1473, 0.1377 -0.5945 0.1493, 0.1427 -0.5945 0.1494, 0.1372 -0.5945 0.1535, 0.1421 -0.5945 0.1544, 0.1362 -0.5945 0.1563, 0.1408 -0.5945 0.1579, 0.1348 -0.5945 0.1585, 0.1385 -0.5945 0.1612, 0.1336 -0.5945 0.1597, 0.1371 -0.5945 0.1626, 0.1308 -0.5945 0.1616, 0.1333 -0.5945 0.1652, 0.1275 -0.5945 0.1627, 0.1288 -0.5945 0.1668, 0.1229 -0.5945 0.1632, 0.1231 -0.5945 0.1675, 0.1173 -0.5945 0.1632, 0.1125 -0.5945 0.1675, 0.1173 -0.5945 0.1346, 0.1125 -0.5945 0.1304, 0.1227 -0.5945 0.1346, 0.1227 -0.5945 0.1304, 0.1277 -0.5945 0.1352, 0.1283 -0.5945 0.131, 0.1308 -0.5945 0.1364, 0.1327 -0.5945 0.1325, 0.1332 -0.5945 0.138, 0.1363 -0.5945 0.1349, 0.1337 -0.5945 0.1385, 0.1371 -0.5945 0.1356, 0.1357 -0.5945 0.1409, 0.14 -0.5945 0.139, 0.1369 -0.5945 0.1437, 0.1418 -0.5945 0.1429, 0.1227 -0.5906 0.1304, 0.1125 -0.5906 0.1304, 0.1283 -0.5906 0.131, 0.1327 -0.5906 0.1325, 0.1363 -0.5906 0.1349, 0.1371 -0.5906 0.1356, 0.14 -0.5906 0.139, 0.1418 -0.5906 0.1429, 0.1426 -0.5906 0.1473, 0.1427 -0.5906 0.1494, 0.1421 -0.5906 0.1544, 0.1408 -0.5906 0.1579, 0.1385 -0.5906 0.1612, 0.1371 -0.5906 0.1626, 0.1333 -0.5906 0.1652, 0.1288 -0.5906 0.1668, 0.1231 -0.5906 0.1675, 0.1125 -0.5906 0.1675, 0.1229 -0.5906 0.1632, 0.1173 -0.5906 0.1632, 0.1173 -0.5906 0.1346, 0.1227 -0.5906 0.1346, 0.1337 -0.5906 0.1385, 0.1332 -0.5906 0.138, 0.1308 -0.5906 0.1364, 0.1277 -0.5906 0.1352, 0.1377 -0.5906 0.1493, 0.1376 -0.5906 0.1472, 0.1369 -0.5906 0.1437, 0.1357 -0.5906 0.1409, 0.1336 -0.5906 0.1597, 0.1348 -0.5906 0.1585, 0.1362 -0.5906 0.1563, 0.1372 -0.5906 0.1535, 0.1275 -0.5906 0.1627, 0.1308 -0.5906 0.1616, 0.1308 -0.5906 0.1616
            ]
        }
        coordIndex [
            0,1,2,-1,3,4,5,-1,3,5,6,-1,6,5,7,-1,6,7,2,-1,2,7,8,-1,2,8,0,-1,9,1,10,-1,10,1,0,-1,10,11,9,-1,9,11,12,-1,13,14,15,-1,15,14,12,-1,15,12,16,-1,16,12,11,-1,13,17,14,-1,14,17,18,-1,17,19,18,-1,18,19,20,-1,18,20,21,-1,21,20,22,-1,21,22,23,-1,23,22,24,-1,23,24,25,-1,25,24,26,-1,25,26,27,-1,27,26,28,-1,27,28,29,-1,29,28,30,-1,29,30,31,-1,31,30,32,-1,31,32,33,-1,33,32,34,-1,33,34,35,-1,35,34,36,-1,35,36,37,-1,37,36,38,-1,37,38,39,-1,39,38,40,-1,39,40,41,-1,41,40,42,-1,41,42,43,-1,43,42,44,-1,43,44,45,-1,45,44,46,-1,45,46,47,-1,47,46,48,-1,47,48,49,-1,49,48,50,-1,49,50,51,-1,51,50,52,-1,51,52,53,-1,53,52,54,-1,53,54,55,-1,55,54,56,-1,55,56,57,-1,57,56,58,-1,57,58,59,-1,59,58,60,-1,59,60,61,-1,61,60,62,-1,61,62,63,-1,63,62,64,-1,63,64,65,-1,65,64,66,-1,65,66,67,-1,67,66,68,-1,67,68,69,-1,69,68,70,-1,69,70,71,-1,71,70,72,-1,71,72,73,-1,73,72,74,-1,73,74,75,-1,76,75,77,-1,77,75,74,-1,76,77,78,-1,76,78,79,-1,79,78,80,-1,79,80,81,-1,81,80,82,-1,81,82,83,-1,83,82,84,-1,83,84,85,-1,85,84,86,-1,85,86,87,-1,86,88,87,-1,87,88,89,-1,88,90,89,-1,89,90,91,-1,89,91,92,-1,92,91,93,-1,92,93,94,-1,94,93,95,-1,94,95,96,-1,96,95,97,-1,96,97,98,-1,98,97,99,-1,98,99,100,-1,100,99,101,-1,100,101,102,-1,103,104,105,-1,102,101,106,-1,102,106,107,-1,107,106,108,-1,107,108,105,-1,105,108,109,-1,105,109,103,-1,104,103,110,-1,104,110,111,-1,111,110,112,-1,111,112,113,-1,113,112,114,-1,113,114,115,-1,115,114,116,-1,115,116,117,-1,117,116,118,-1,117,118,119,-1,119,118,120,-1,119,120,121,-1,121,120,122,-1,121,122,123,-1,123,122,124,-1,123,124,125,-1,125,124,126,-1,125,126,127,-1,127,126,128,-1,127,128,129,-1,129,128,130,-1,129,130,131,-1,131,130,132,-1,131,132,133,-1,133,132,134,-1,133,134,135,-1,135,134,4,-1,135,4,3,-1,61,63,85,-1,85,63,83,-1,111,43,104,-1,104,43,45,-1,21,23,127,-1,127,23,25,-1,127,25,125,-1,125,25,27,-1,125,27,123,-1,123,27,29,-1,123,29,121,-1,121,29,31,-1,121,31,119,-1,119,31,33,-1,119,33,117,-1,117,33,35,-1,117,35,115,-1,115,35,37,-1,115,37,113,-1,113,37,39,-1,113,39,111,-1,111,39,41,-1,111,41,43,-1,14,3,12,-1,12,3,6,-1,12,6,9,-1,9,6,2,-1,9,2,1,-1,63,65,83,-1,83,65,67,-1,83,67,81,-1,81,67,69,-1,81,69,79,-1,79,69,71,-1,79,71,76,-1,76,71,73,-1,76,73,75,-1,127,129,21,-1,21,129,131,-1,21,131,18,-1,18,131,133,-1,18,133,14,-1,14,133,135,-1,14,135,3,-1,85,87,61,-1,61,87,89,-1,61,89,59,-1,59,89,92,-1,59,92,57,-1,57,92,94,-1,57,94,55,-1,55,94,96,-1,55,96,53,-1,53,96,98,-1,53,98,51,-1,51,98,100,-1,51,100,49,-1,49,100,102,-1,49,102,47,-1,47,102,107,-1,47,107,45,-1,45,107,105,-1,45,105,104,-1,136,137,138,-1,138,137,139,-1,140,136,141,-1,141,136,138,-1,140,141,142,-1,140,142,143,-1,143,142,144,-1,143,144,145,-1,146,145,147,-1,147,145,144,-1,148,146,149,-1,149,146,147,-1,148,149,150,-1,150,149,151,-1,150,151,152,-1,153,150,154,-1,154,150,152,-1,153,154,155,-1,155,154,156,-1,155,156,157,-1,158,159,160,-1,160,159,155,-1,160,155,157,-1,159,158,161,-1,162,163,161,-1,161,163,164,-1,161,164,159,-1,162,165,163,-1,163,165,166,-1,163,166,167,-1,167,166,168,-1,167,168,169,-1,169,168,170,-1,169,170,171,-1,171,170,172,-1,171,172,173,-1,173,172,174,-1,173,174,175,-1,176,175,177,-1,177,175,174,-1,176,177,178,-1,176,178,179,-1,179,178,180,-1,179,180,181,-1,181,180,182,-1,181,182,183,-1,183,182,184,-1,183,184,185,-1,184,186,185,-1,185,186,187,-1,185,187,188,-1,188,187,189,-1,188,189,190,-1,190,189,191,-1,190,191,192,-1,192,191,193,-1,192,193,194,-1,139,137,195,-1,195,137,194,-1,195,194,193,-1,143,145,194,-1,137,136,194,-1,194,136,140,-1,194,140,143,-1,150,153,148,-1,148,153,155,-1,148,155,146,-1,192,164,190,-1,190,164,163,-1,175,176,173,-1,173,176,179,-1,173,179,171,-1,171,179,181,-1,171,181,169,-1,169,181,183,-1,169,183,167,-1,167,183,185,-1,167,185,163,-1,163,185,188,-1,163,188,190,-1,145,146,194,-1,194,146,155,-1,194,155,192,-1,192,155,159,-1,192,159,164,-1,196,197,198,-1,198,197,199,-1,196,198,200,-1,200,198,201,-1,200,201,202,-1,203,200,204,-1,204,200,202,-1,203,204,205,-1,205,204,206,-1,205,206,207,-1,208,205,209,-1,209,205,207,-1,210,211,212,-1,212,211,208,-1,212,208,209,-1,213,211,214,-1,214,211,210,-1,215,216,217,-1,217,216,213,-1,217,213,214,-1,218,216,219,-1,219,216,215,-1,220,221,222,-1,222,221,218,-1,222,218,219,-1,223,221,224,-1,224,221,220,-1,223,224,197,-1,197,224,225,-1,197,225,199,-1,223,197,196,-1,196,200,223,-1,223,200,203,-1,223,203,221,-1,216,218,213,-1,213,218,221,-1,213,221,211,-1,211,221,203,-1,211,203,208,-1,208,203,205,-1,226,227,228,-1,228,227,229,-1,228,229,230,-1,230,229,231,-1,230,231,232,-1,232,231,233,-1,232,233,234,-1,234,233,235,-1,234,235,236,-1,236,235,237,-1,236,237,238,-1,238,237,239,-1,238,239,240,-1,240,239,241,-1,240,241,242,-1,242,241,243,-1,242,243,244,-1,244,243,245,-1,244,245,246,-1,246,245,247,-1,246,247,248,-1,248,247,249,-1,248,249,250,-1,250,249,251,-1,250,251,252,-1,252,251,253,-1,252,253,254,-1,254,253,255,-1,254,255,256,-1,256,255,257,-1,256,257,258,-1,258,257,259,-1,258,259,260,-1,260,259,261,-1,260,261,226,-1,226,261,227,-1,249,247,262,-1,262,247,263,-1,249,262,264,-1,249,264,251,-1,251,264,265,-1,251,265,253,-1,253,265,266,-1,253,266,255,-1,255,266,267,-1,255,267,257,-1,257,267,268,-1,257,268,259,-1,259,268,269,-1,259,269,261,-1,261,269,270,-1,261,270,227,-1,227,270,271,-1,227,271,229,-1,229,271,272,-1,229,272,231,-1,231,272,273,-1,231,273,233,-1,233,273,274,-1,233,274,235,-1,235,274,275,-1,235,275,237,-1,237,275,276,-1,237,276,239,-1,239,276,277,-1,239,277,241,-1,241,277,278,-1,241,278,243,-1,245,243,279,-1,279,243,278,-1,247,245,263,-1,263,245,279,-1,242,244,280,-1,280,244,281,-1,244,246,281,-1,281,246,282,-1,246,248,282,-1,282,248,283,-1,256,284,285,-1,256,285,254,-1,254,285,286,-1,254,286,252,-1,252,286,287,-1,252,287,250,-1,250,287,283,-1,250,283,248,-1,228,288,289,-1,228,289,226,-1,226,289,290,-1,226,290,260,-1,260,290,291,-1,260,291,258,-1,258,291,284,-1,258,284,256,-1,236,292,293,-1,236,293,234,-1,234,293,294,-1,234,294,232,-1,232,294,295,-1,232,295,230,-1,230,295,288,-1,230,288,228,-1,242,280,296,-1,242,296,240,-1,240,296,297,-1,240,297,238,-1,238,297,292,-1,238,292,236,-1,
        ]
    }
}
Shape{
    appearance Appearance {
        material  Material 	{
            diffuseColor 0.25098039215686274 0.25098039215686274 0.25098039215686274
            specularColor 0.12549019607843137 0.12549019607843137 0.12549019607843137
            ambientIntensity 0.2
            transparency 0
            shininess 0.5
        }
    }
    geometry IndexedFaceSet {
        ccw TRUE
        solid FALSE
        coord DEF co Coordinate {
            point [
                0.1173 -0.5906 0.1632, 0.1173 -0.5906 0.1346, 0.1229 -0.5906 0.1632, 0.1227 -0.5906 0.1346, 0.1277 -0.5906 0.1352, 0.1308 -0.5906 0.1364, 0.1332 -0.5906 0.138, 0.1337 -0.5906 0.1385, 0.1357 -0.5906 0.1409, 0.1369 -0.5906 0.1437, 0.1376 -0.5906 0.1472, 0.1377 -0.5906 0.1493, 0.1372 -0.5906 0.1535, 0.1362 -0.5906 0.1563, 0.1348 -0.5906 0.1585, 0.1336 -0.5906 0.1597, 0.1275 -0.5906 0.1627, 0.1308 -0.5906 0.1616, 0.1308 -0.5906 0.1616
            ]
        }
        coordIndex [
            0,1,2,-1,2,1,3,-1,2,3,4,-1,4,5,2,-1,2,5,6,-1,2,6,7,-1,7,8,2,-1,2,8,9,-1,2,9,10,-1,10,11,2,-1,2,11,12,-1,2,12,13,-1,13,14,2,-1,2,14,15,-1,2,15,16,-1,16,15,17,-1,
        ]
    }
}
Shape{
    appearance Appearance {
        material  Material 	{
            diffuseColor 1.0 1.0 1.0
            specularColor 0.5019607843137255 0.5019607843137255 0.5019607843137255
            ambientIntensity 0.2
            transparency 0
            shininess 0.5
        }
    }
    geometry IndexedFaceSet {
        ccw TRUE
        solid FALSE
        coord DEF co Coordinate {
            point [
                0.1551 -0.5945 0.1447, 0.1536 -0.5945 0.1405, 0.1676 -0.5945 0.1447, 0.1691 -0.5945 0.1405, 0.1607 -0.5945 0.1601, 0.1589 -0.5945 0.1675, 0.1448 -0.5945 0.1304, 0.1501 -0.5945 0.1304, 0.161 -0.5945 0.1612, 0.1613 -0.5945 0.1627, 0.164 -0.5945 0.1675, 0.1614 -0.5945 0.1627, 0.1617 -0.5945 0.1612, 0.162 -0.5945 0.1601, 0.1781 -0.5945 0.1304, 0.1728 -0.5945 0.1304, 0.164 -0.5906 0.1675, 0.1781 -0.5906 0.1304, 0.1589 -0.5906 0.1675, 0.1448 -0.5906 0.1304, 0.1501 -0.5906 0.1304, 0.1536 -0.5906 0.1405, 0.1691 -0.5906 0.1405, 0.1728 -0.5906 0.1304, 0.1551 -0.5906 0.1447, 0.1676 -0.5906 0.1447, 0.162 -0.5906 0.1601, 0.1614 -0.5906 0.1627, 0.1617 -0.5906 0.1612, 0.1613 -0.5906 0.1627, 0.1607 -0.5906 0.1601, 0.161 -0.5906 0.1612, 0.161 -0.5906 0.1612
            ]
        }
        coordIndex [
            0,1,2,-1,2,1,3,-1,4,5,0,-1,0,5,6,-1,0,6,1,-1,1,6,7,-1,4,8,5,-1,5,8,9,-1,5,9,10,-1,10,9,11,-1,10,11,12,-1,12,13,10,-1,10,13,2,-1,10,2,14,-1,14,2,3,-1,14,3,15,-1,10,14,16,-1,16,14,17,-1,5,10,18,-1,18,10,16,-1,6,5,19,-1,19,5,18,-1,7,6,20,-1,20,6,19,-1,1,7,21,-1,21,7,20,-1,3,1,22,-1,22,1,21,-1,15,3,23,-1,23,3,22,-1,14,15,17,-1,17,15,23,-1,0,2,24,-1,24,2,25,-1,2,13,25,-1,25,13,26,-1,11,27,28,-1,11,28,12,-1,12,28,26,-1,12,26,13,-1,11,9,27,-1,27,9,29,-1,4,30,31,-1,4,31,8,-1,8,31,29,-1,8,29,9,-1,4,0,30,-1,30,0,24,-1,
        ]
    }
}
Shape{
    appearance Appearance {
        material  Material 	{
            diffuseColor 0.25098039215686274 0.25098039215686274 0.25098039215686274
            specularColor 0.12549019607843137 0.12549019607843137 0.12549019607843137
            ambientIntensity 0.2
            transparency 0
            shininess 0.5
        }
    }
    geometry IndexedFaceSet {
        ccw TRUE
        solid FALSE
        coord DEF co Coordinate {
            point [
                0.1614 -0.5906 0.1627, 0.1613 -0.5906 0.1627, 0.1617 -0.5906 0.1612, 0.161 -0.5906 0.1612, 0.162 -0.5906 0.1601, 0.1607 -0.5906 0.1601, 0.1676 -0.5906 0.1447, 0.1551 -0.5906 0.1447, 0.1551 -0.5906 0.1447
            ]
        }
        coordIndex [
            0,1,2,-1,2,1,3,-1,2,3,4,-1,4,3,5,-1,4,5,6,-1,6,5,7,-1,
        ]
    }
}
Shape{
    appearance Appearance {
        material  Material 	{
            diffuseColor 1.0 1.0 1.0
            specularColor 0.5019607843137255 0.5019607843137255 0.5019607843137255
            ambientIntensity 0.2
            transparency 0
            shininess 0.5
        }
    }
    geometry IndexedFaceSet {
        ccw TRUE
        solid FALSE
        coord DEF co Coordinate {
            point [
                -0.1878 -0.5945 0.1942, -0.182 -0.5945 0.1973, -0.1833 -0.5945 0.2136, -0.1369 -0.5945 0.124, -0.1337 -0.5945 0.1299, -0.1322 -0.5945 0.1364, -0.1668 -0.5945 0.2143, -0.1586 -0.5945 0.1951, -0.1546 -0.5945 0.2035, -0.1725 -0.5945 0.1169, -0.1832 -0.5945 0.1485, -0.1775 -0.5945 0.121, -0.1812 -0.5945 0.1259, -0.075 -0.5945 0.1852, -0.0708 -0.5945 0.1824, -0.0573 -0.5945 0.1914, -0.1889 -0.5945 0.152, -0.1868 -0.5945 0.1318, -0.1834 -0.5945 0.1308, -0.1729 -0.5945 0.2149, -0.0951 -0.5945 0.1614, -0.1033 -0.5945 0.1753, -0.132 -0.5945 0.1419, -0.1386 -0.5945 0.1569, -0.132 -0.5945 0.1392, -0.1461 -0.5945 0.1159, -0.1409 -0.5945 0.1196, -0.1638 -0.5945 0.1301, -0.1615 -0.5945 0.1291, -0.1665 -0.5945 0.1141, -0.1591 -0.5945 0.1287, -0.1603 -0.5945 0.1129, -0.1586 -0.5945 0.1287, -0.1584 -0.5945 0.1129, -0.156 -0.5945 0.129, -0.152 -0.5945 0.1137, -0.1537 -0.5945 0.1299, -0.1517 -0.5945 0.1314, -0.1503 -0.5945 0.133, -0.0519 -0.5945 0.1839, -0.0674 -0.5945 0.1786, -0.0486 -0.5945 0.1758, -0.065 -0.5945 0.174, -0.0474 -0.5945 0.1672, -0.1614 -0.5945 0.2206, -0.1487 -0.5945 0.2105, -0.1552 -0.5945 0.2259, -0.1417 -0.5945 0.2157, -0.1488 -0.5945 0.2299, -0.1755 -0.5945 0.1989, -0.1726 -0.5945 0.1991, -0.1698 -0.5945 0.2147, -0.1663 -0.5945 0.1983, -0.1604 -0.5945 0.1961, -0.149 -0.5945 0.1426, -0.1484 -0.5945 0.1402, -0.1484 -0.5945 0.1378, -0.1491 -0.5945 0.1353, -0.0864 -0.5945 0.1875, -0.0843 -0.5945 0.1875, -0.0735 -0.5945 0.2017, -0.0796 -0.5945 0.1869, -0.0723 -0.5945 0.2013, -0.0644 -0.5945 0.1974, -0.0572 -0.5945 0.1421, -0.0702 -0.5945 0.1519, -0.0643 -0.5945 0.1361, -0.0742 -0.5945 0.1489, -0.0724 -0.5945 0.1321, -0.079 -0.5945 0.147, -0.0812 -0.5945 0.1303, -0.0827 -0.5945 0.1463, -0.0967 -0.5945 0.1303, -0.0946 -0.5945 0.1463, -0.0982 -0.5945 0.1305, -0.1659 -0.5945 0.1317, -0.1674 -0.5945 0.1335, -0.1684 -0.5945 0.1357, -0.1689 -0.5945 0.1382, -0.1688 -0.5945 0.1408, -0.168 -0.5945 0.1433, -0.1803 -0.5945 0.1541, -0.1666 -0.5945 0.1454, -0.1759 -0.5945 0.1591, -0.1656 -0.5945 0.1465, -0.1705 -0.5945 0.1628, -0.1635 -0.5945 0.148, -0.1647 -0.5945 0.1651, -0.1612 -0.5945 0.1489, -0.1584 -0.5945 0.1659, -0.1586 -0.5945 0.1492, -0.1543 -0.5945 0.1655, -0.1565 -0.5945 0.149, -0.148 -0.5945 0.1637, -0.154 -0.5945 0.1481, -0.1425 -0.5945 0.1606, -0.1519 -0.5945 0.1467, -0.1502 -0.5945 0.1448, -0.0639 -0.5945 0.1689, -0.0638 -0.5945 0.1669, -0.0486 -0.5945 0.1578, -0.0643 -0.5945 0.1621, -0.0519 -0.5945 0.1494, -0.0661 -0.5945 0.1574, -0.0689 -0.5945 0.1532, -0.0877 -0.5945 0.2225, -0.0981 -0.5945 0.2105, -0.079 -0.5945 0.2124, -0.0922 -0.5945 0.2034, -0.0881 -0.5945 0.1949, -0.1982 -0.5945 0.1791, -0.2155 -0.5945 0.1747, -0.199 -0.5945 0.1727, -0.2156 -0.5945 0.1722, -0.1986 -0.5945 0.1685, -0.2143 -0.5945 0.1618, -0.1967 -0.5945 0.1621, -0.2105 -0.5945 0.152, -0.1936 -0.5945 0.1569, -0.2045 -0.5945 0.1434, -0.1963 -0.5945 0.1364, -0.193 -0.5945 0.2098, -0.2014 -0.5945 0.2039, -0.1923 -0.5945 0.1902, -0.2032 -0.5945 0.2022, -0.1959 -0.5945 0.185, -0.2095 -0.5945 0.1941, -0.2137 -0.5945 0.1846, -0.1366 -0.5945 0.2346, -0.1331 -0.5945 0.2192, -0.1236 -0.5945 0.2362, -0.1233 -0.5945 0.2204, -0.1127 -0.5945 0.2351, -0.1144 -0.5945 0.2193, -0.0995 -0.5945 0.2304, -0.1061 -0.5945 0.2161, -0.0987 -0.5945 0.211, -0.0959 -0.5945 0.1466, -0.1023 -0.5945 0.133, -0.1016 -0.5945 0.1324, -0.0951 -0.5945 0.1464, -0.0999 -0.5945 0.1312, -0.1044 -0.5945 0.1384, -0.1041 -0.5945 0.1365, -0.1034 -0.5945 0.1347, -0.0982 -0.5945 0.1464, -0.1 -0.5945 0.1456, -0.1043 -0.5945 0.1395, -0.1017 -0.5945 0.1445, -0.1027 -0.5945 0.1433, -0.1038 -0.5945 0.1415, -0.0962 -0.5945 0.1466, -0.0474 -0.5906 0.1672, -0.0486 -0.5906 0.1758, -0.0495 -0.5906 0.178, -0.0519 -0.5906 0.1839, -0.0573 -0.5906 0.1914, -0.0644 -0.5906 0.1974, -0.0723 -0.5906 0.2013, -0.0735 -0.5906 0.2017, -0.079 -0.5906 0.2124, -0.0877 -0.5906 0.2225, -0.0938 -0.5906 0.2266, -0.0995 -0.5906 0.2304, -0.1127 -0.5906 0.2351, -0.1236 -0.5906 0.2362, -0.1552 -0.5906 0.2259, -0.1542 -0.5906 0.2266, -0.1488 -0.5906 0.2299, -0.1366 -0.5906 0.2346, -0.1614 -0.5906 0.2206, -0.1668 -0.5906 0.2143, -0.1698 -0.5906 0.2147, -0.1729 -0.5906 0.2149, -0.1833 -0.5906 0.2136, -0.193 -0.5906 0.2098, -0.2014 -0.5906 0.2039, -0.2032 -0.5906 0.2022, -0.2137 -0.5906 0.1846, -0.2095 -0.5906 0.1941, -0.2149 -0.5906 0.178, -0.2155 -0.5906 0.1747, -0.2156 -0.5906 0.1722, -0.2143 -0.5906 0.1618, -0.2105 -0.5906 0.152, -0.2045 -0.5906 0.1434, -0.1963 -0.5906 0.1364, -0.1868 -0.5906 0.1318, -0.1834 -0.5906 0.1308, -0.1831 -0.5906 0.1301, -0.1812 -0.5906 0.1259, -0.1775 -0.5906 0.121, -0.1725 -0.5906 0.1169, -0.1693 -0.5906 0.1154, -0.1665 -0.5906 0.1141, -0.1603 -0.5906 0.1129, -0.1584 -0.5906 0.1129, -0.132 -0.5906 0.1392, -0.152 -0.5906 0.1137, -0.1475 -0.5906 0.1154, -0.1461 -0.5906 0.1159, -0.1409 -0.5906 0.1196, -0.1369 -0.5906 0.124, -0.1337 -0.5906 0.1299, -0.1337 -0.5906 0.1301, -0.1322 -0.5906 0.1364, -0.132 -0.5906 0.1419, -0.0951 -0.5906 0.1614, -0.1033 -0.5906 0.1753, -0.1386 -0.5906 0.1569, -0.1425 -0.5906 0.1606, -0.148 -0.5906 0.1637, -0.1543 -0.5906 0.1655, -0.1584 -0.5906 0.1659, -0.1647 -0.5906 0.1651, -0.1705 -0.5906 0.1628, -0.1759 -0.5906 0.1591, -0.1803 -0.5906 0.1541, -0.1832 -0.5906 0.1485, -0.1889 -0.5906 0.152, -0.1936 -0.5906 0.1569, -0.1967 -0.5906 0.1621, -0.1986 -0.5906 0.1685, -0.199 -0.5906 0.1727, -0.1983 -0.5906 0.178, -0.1982 -0.5906 0.1791, -0.1959 -0.5906 0.185, -0.1923 -0.5906 0.1902, -0.1878 -0.5906 0.1942, -0.182 -0.5906 0.1973, -0.1755 -0.5906 0.1989, -0.1726 -0.5906 0.1991, -0.1663 -0.5906 0.1983, -0.1604 -0.5906 0.1961, -0.1586 -0.5906 0.1951, -0.1546 -0.5906 0.2035, -0.1487 -0.5906 0.2105, -0.1417 -0.5906 0.2157, -0.1331 -0.5906 0.2192, -0.1233 -0.5906 0.2204, -0.1144 -0.5906 0.2193, -0.1061 -0.5906 0.2161, -0.0987 -0.5906 0.211, -0.0981 -0.5906 0.2105, -0.0922 -0.5906 0.2034, -0.0881 -0.5906 0.1949, -0.0864 -0.5906 0.1875, -0.0843 -0.5906 0.1875, -0.0796 -0.5906 0.1869, -0.075 -0.5906 0.1852, -0.0708 -0.5906 0.1824, -0.0674 -0.5906 0.1786, -0.0671 -0.5906 0.178, -0.065 -0.5906 0.174, -0.0639 -0.5906 0.1689, -0.0638 -0.5906 0.1669, -0.0643 -0.5906 0.1621, -0.0661 -0.5906 0.1574, -0.0689 -0.5906 0.1532, -0.0702 -0.5906 0.1519, -0.0742 -0.5906 0.1489, -0.079 -0.5906 0.147, -0.0827 -0.5906 0.1463, -0.0946 -0.5906 0.1463, -0.0951 -0.5906 0.1464, -0.0959 -0.5906 0.1466, -0.0962 -0.5906 0.1466, -0.0982 -0.5906 0.1464, -0.1 -0.5906 0.1456, -0.1017 -0.5906 0.1445, -0.1027 -0.5906 0.1433, -0.1038 -0.5906 0.1415, -0.1043 -0.5906 0.1395, -0.1044 -0.5906 0.1384, -0.1041 -0.5906 0.1365, -0.1034 -0.5906 0.1347, -0.1023 -0.5906 0.133, -0.1016 -0.5906 0.1324, -0.0999 -0.5906 0.1312, -0.0982 -0.5906 0.1305, -0.0967 -0.5906 0.1303, -0.0812 -0.5906 0.1303, -0.0724 -0.5906 0.1321, -0.0643 -0.5906 0.1361, -0.0572 -0.5906 0.1421, -0.0519 -0.5906 0.1494, -0.0486 -0.5906 0.1578, -0.1586 -0.5906 0.1492, -0.1565 -0.5906 0.149, -0.154 -0.5906 0.1481, -0.1519 -0.5906 0.1467, -0.1502 -0.5906 0.1448, -0.149 -0.5906 0.1426, -0.1484 -0.5906 0.1402, -0.1484 -0.5906 0.1378, -0.1491 -0.5906 0.1353, -0.1503 -0.5906 0.133, -0.1517 -0.5906 0.1314, -0.1537 -0.5906 0.1299, -0.156 -0.5906 0.129, -0.1586 -0.5906 0.1287, -0.1591 -0.5906 0.1287, -0.1615 -0.5906 0.1291, -0.1638 -0.5906 0.1301, -0.1659 -0.5906 0.1317, -0.1674 -0.5906 0.1335, -0.1684 -0.5906 0.1357, -0.1689 -0.5906 0.1382, -0.1688 -0.5906 0.1408, -0.168 -0.5906 0.1433, -0.1666 -0.5906 0.1454, -0.1656 -0.5906 0.1465, -0.1635 -0.5906 0.148, -0.1612 -0.5906 0.1489, -0.1612 -0.5906 0.1489
            ]
        }
        coordIndex [
            0,1,2,-1,3,4,5,-1,6,7,8,-1,9,10,11,-1,11,10,12,-1,13,14,15,-1,16,17,10,-1,10,17,18,-1,10,18,12,-1,2,1,19,-1,20,21,22,-1,22,21,23,-1,22,23,24,-1,24,23,25,-1,24,25,5,-1,5,25,26,-1,5,26,3,-1,27,9,28,-1,28,9,29,-1,28,29,30,-1,30,29,31,-1,30,31,32,-1,32,31,33,-1,32,33,34,-1,34,33,35,-1,34,35,36,-1,36,35,25,-1,36,25,37,-1,37,25,38,-1,15,14,39,-1,39,14,40,-1,39,40,41,-1,41,40,42,-1,41,42,43,-1,6,8,44,-1,44,8,45,-1,44,45,46,-1,46,45,47,-1,46,47,48,-1,1,49,19,-1,19,49,50,-1,19,50,51,-1,51,50,52,-1,51,52,6,-1,6,52,53,-1,6,53,7,-1,54,55,23,-1,23,55,56,-1,23,56,25,-1,25,56,57,-1,25,57,38,-1,58,59,60,-1,60,59,61,-1,60,61,62,-1,62,61,13,-1,62,13,63,-1,63,13,15,-1,64,65,66,-1,66,65,67,-1,66,67,68,-1,68,67,69,-1,68,69,70,-1,70,69,71,-1,70,71,72,-1,72,71,73,-1,72,73,74,-1,27,75,9,-1,9,75,76,-1,9,76,10,-1,10,76,77,-1,10,77,78,-1,78,79,10,-1,10,79,80,-1,10,80,81,-1,81,80,82,-1,81,82,83,-1,83,82,84,-1,83,84,85,-1,85,84,86,-1,85,86,87,-1,87,86,88,-1,87,88,89,-1,89,88,90,-1,89,90,91,-1,91,90,92,-1,91,92,93,-1,93,92,94,-1,93,94,95,-1,95,94,96,-1,95,96,23,-1,23,96,97,-1,23,97,54,-1,42,98,43,-1,43,98,99,-1,43,99,100,-1,100,99,101,-1,100,101,102,-1,102,101,103,-1,102,103,64,-1,64,103,104,-1,64,104,65,-1,105,106,107,-1,107,106,108,-1,107,108,60,-1,60,108,109,-1,60,109,58,-1,110,111,112,-1,112,111,113,-1,112,113,114,-1,114,113,115,-1,114,115,116,-1,116,115,117,-1,116,117,118,-1,118,117,119,-1,118,119,16,-1,16,119,120,-1,16,120,17,-1,2,121,0,-1,0,121,122,-1,0,122,123,-1,123,122,124,-1,123,124,125,-1,125,124,126,-1,125,126,110,-1,110,126,127,-1,110,127,111,-1,48,47,128,-1,128,47,129,-1,128,129,130,-1,130,129,131,-1,130,131,132,-1,132,131,133,-1,132,133,134,-1,134,133,135,-1,134,135,105,-1,105,135,136,-1,105,136,106,-1,137,138,139,-1,73,140,74,-1,74,140,137,-1,74,137,141,-1,141,137,139,-1,142,143,137,-1,137,143,144,-1,137,144,138,-1,145,146,147,-1,146,148,147,-1,147,148,149,-1,147,149,150,-1,142,137,147,-1,147,137,151,-1,147,151,145,-1,43,152,153,-1,43,153,41,-1,41,153,154,-1,41,154,39,-1,154,155,39,-1,39,155,156,-1,39,156,15,-1,15,156,157,-1,15,157,63,-1,63,157,158,-1,63,158,62,-1,62,158,159,-1,62,159,60,-1,60,159,160,-1,60,160,107,-1,107,160,161,-1,107,161,105,-1,105,161,134,-1,134,161,162,-1,162,163,134,-1,134,163,164,-1,134,164,132,-1,132,164,165,-1,132,165,130,-1,166,46,167,-1,167,46,48,-1,167,48,168,-1,168,48,128,-1,168,128,169,-1,169,128,130,-1,169,130,165,-1,46,166,170,-1,46,170,44,-1,44,170,171,-1,44,171,6,-1,6,171,172,-1,6,172,51,-1,51,172,173,-1,51,173,19,-1,19,173,174,-1,19,174,2,-1,2,174,175,-1,2,175,121,-1,121,175,176,-1,121,176,122,-1,122,176,177,-1,122,177,124,-1,178,126,179,-1,179,126,124,-1,179,124,177,-1,180,111,178,-1,178,111,127,-1,178,127,126,-1,180,181,111,-1,111,181,182,-1,111,182,113,-1,113,182,183,-1,113,183,115,-1,115,183,184,-1,115,184,117,-1,117,184,185,-1,117,185,119,-1,119,185,186,-1,119,186,120,-1,120,186,187,-1,120,187,17,-1,17,187,188,-1,17,188,18,-1,18,188,189,-1,18,189,12,-1,189,190,12,-1,12,190,191,-1,12,191,11,-1,11,191,192,-1,193,29,192,-1,192,29,9,-1,192,9,11,-1,193,194,29,-1,29,194,195,-1,29,195,31,-1,31,195,196,-1,31,196,33,-1,197,24,5,-1,33,196,198,-1,33,198,35,-1,35,198,199,-1,35,199,25,-1,199,200,25,-1,25,200,201,-1,25,201,26,-1,26,201,202,-1,26,202,3,-1,3,202,203,-1,3,203,4,-1,4,203,204,-1,4,204,5,-1,5,204,205,-1,5,205,197,-1,22,24,206,-1,206,24,197,-1,20,22,207,-1,207,22,206,-1,21,20,208,-1,208,20,207,-1,23,21,209,-1,209,21,208,-1,23,209,210,-1,23,210,95,-1,95,210,211,-1,95,211,93,-1,93,211,212,-1,93,212,91,-1,91,212,213,-1,91,213,89,-1,89,213,214,-1,89,214,87,-1,87,214,215,-1,87,215,85,-1,85,215,216,-1,85,216,83,-1,83,216,217,-1,83,217,81,-1,81,217,218,-1,81,218,10,-1,10,218,219,-1,10,219,16,-1,16,219,220,-1,16,220,118,-1,118,220,221,-1,118,221,116,-1,116,221,222,-1,116,222,114,-1,114,222,223,-1,114,223,112,-1,223,224,112,-1,112,224,110,-1,224,225,110,-1,110,225,226,-1,110,226,125,-1,125,226,227,-1,125,227,123,-1,123,227,228,-1,123,228,0,-1,0,228,229,-1,0,229,1,-1,1,229,230,-1,1,230,49,-1,49,230,231,-1,49,231,50,-1,50,231,232,-1,50,232,52,-1,52,232,233,-1,52,233,53,-1,53,233,234,-1,53,234,7,-1,7,234,235,-1,7,235,8,-1,8,235,236,-1,8,236,45,-1,45,236,237,-1,45,237,47,-1,47,237,238,-1,47,238,129,-1,129,238,239,-1,129,239,131,-1,131,239,240,-1,131,240,133,-1,133,240,241,-1,133,241,135,-1,135,241,242,-1,135,242,136,-1,136,242,243,-1,136,243,106,-1,106,243,244,-1,106,244,108,-1,108,244,245,-1,108,245,109,-1,109,245,246,-1,109,246,58,-1,59,58,247,-1,247,58,246,-1,59,247,248,-1,59,248,61,-1,61,248,249,-1,61,249,13,-1,13,249,250,-1,13,250,14,-1,14,250,251,-1,14,251,40,-1,40,251,252,-1,40,252,42,-1,252,253,42,-1,42,253,254,-1,42,254,98,-1,98,254,255,-1,98,255,99,-1,99,255,256,-1,99,256,101,-1,101,256,257,-1,101,257,103,-1,103,257,258,-1,103,258,104,-1,104,258,259,-1,104,259,65,-1,65,259,260,-1,65,260,67,-1,67,260,261,-1,67,261,69,-1,69,261,262,-1,69,262,71,-1,73,71,263,-1,263,71,262,-1,73,263,264,-1,73,264,140,-1,140,264,265,-1,140,265,137,-1,137,265,266,-1,137,266,151,-1,151,266,267,-1,151,267,145,-1,145,267,268,-1,145,268,146,-1,146,268,269,-1,146,269,148,-1,148,269,270,-1,148,270,149,-1,149,270,271,-1,149,271,150,-1,150,271,272,-1,150,272,147,-1,147,272,273,-1,147,273,142,-1,142,273,274,-1,142,274,143,-1,143,274,275,-1,143,275,144,-1,144,275,276,-1,144,276,138,-1,138,276,277,-1,138,277,139,-1,139,277,278,-1,139,278,141,-1,141,278,279,-1,141,279,74,-1,74,279,280,-1,74,280,72,-1,70,72,281,-1,281,72,280,-1,70,281,282,-1,70,282,68,-1,68,282,283,-1,68,283,66,-1,66,283,284,-1,66,284,64,-1,64,284,285,-1,64,285,102,-1,102,285,286,-1,102,286,100,-1,100,286,152,-1,100,152,43,-1,90,287,288,-1,90,288,92,-1,92,288,289,-1,92,289,94,-1,94,289,290,-1,94,290,96,-1,96,290,291,-1,96,291,97,-1,97,291,292,-1,97,292,54,-1,54,292,293,-1,54,293,55,-1,55,293,294,-1,55,294,56,-1,56,294,295,-1,56,295,57,-1,57,295,296,-1,57,296,38,-1,38,296,297,-1,38,297,37,-1,37,297,298,-1,37,298,36,-1,36,298,299,-1,36,299,34,-1,34,299,300,-1,34,300,32,-1,32,300,301,-1,32,301,30,-1,30,301,302,-1,30,302,28,-1,28,302,303,-1,28,303,27,-1,27,303,304,-1,27,304,75,-1,75,304,305,-1,75,305,76,-1,76,305,306,-1,76,306,77,-1,77,306,307,-1,77,307,78,-1,78,307,308,-1,78,308,79,-1,79,308,309,-1,79,309,80,-1,80,309,310,-1,80,310,82,-1,82,310,311,-1,82,311,84,-1,84,311,312,-1,84,312,86,-1,86,312,313,-1,86,313,88,-1,88,313,287,-1,88,287,90,-1,
        ]
    }
}
Shape{
    appearance Appearance {
        material  Material 	{
            diffuseColor 0.25098039215686274 0.25098039215686274 0.25098039215686274
            specularColor 0.12549019607843137 0.12549019607843137 0.12549019607843137
            ambientIntensity 0.2
            transparency 0
            shininess 0.5
        }
    }
    geometry IndexedFaceSet {
        ccw TRUE
        solid FALSE
        coord DEF co Coordinate {
            point [
                -0.1591 -0.5906 0.1287, -0.1656 -0.5906 0.1465, -0.1666 -0.5906 0.1454, -0.156 -0.5906 0.129, -0.1537 -0.5906 0.1299, -0.1565 -0.5906 0.149, -0.1586 -0.5906 0.1492, -0.1612 -0.5906 0.1489, -0.1635 -0.5906 0.148, -0.1684 -0.5906 0.1357, -0.1674 -0.5906 0.1335, -0.1659 -0.5906 0.1317, -0.1586 -0.5906 0.1287, -0.168 -0.5906 0.1433, -0.1688 -0.5906 0.1408, -0.1689 -0.5906 0.1382, -0.1638 -0.5906 0.1301, -0.1615 -0.5906 0.1291, -0.1517 -0.5906 0.1314, -0.1503 -0.5906 0.133, -0.1491 -0.5906 0.1353, -0.1484 -0.5906 0.1378, -0.1484 -0.5906 0.1402, -0.149 -0.5906 0.1426, -0.1502 -0.5906 0.1448, -0.1519 -0.5906 0.1467, -0.154 -0.5906 0.1481, -0.154 -0.5906 0.1481
            ]
        }
        coordIndex [
            0,1,2,-1,3,4,5,-1,6,7,0,-1,0,7,8,-1,0,8,1,-1,9,10,2,-1,2,10,11,-1,6,0,5,-1,5,0,12,-1,5,12,3,-1,13,14,2,-1,2,14,15,-1,2,15,9,-1,11,16,2,-1,2,16,17,-1,2,17,0,-1,4,18,5,-1,5,18,19,-1,5,19,20,-1,20,21,5,-1,5,21,22,-1,5,22,23,-1,23,24,5,-1,5,24,25,-1,5,25,26,-1,
        ]
    }
}