#VRML V2.0 utf8
# 3D model generated by easyeda2kicad.py (https://github.com/uPesy/easyeda2kicad.py)

Shape{
    appearance Appearance {
        material  Material 	{
            diffuseColor 0.25098039215686274 0.25098039215686274 0.25098039215686274
            specularColor 0.12549019607843137 0.12549019607843137 0.12549019607843137
            ambientIntensity 0.2
            transparency 0
            shininess 0.5
        }
    }
    geometry IndexedFaceSet {
        ccw TRUE
        solid FALSE
        coord DEF co Coordinate {
            point [
                1.5748 -0.3937 -0.1299, 1.4626 -0.3937 -0.1299, 1.4626 -0.3465 -0.1299, 0.0815 -0.0554 -0.1299, 0.0572 -0.0457 -0.1299, 0.1131 0.0973 -0.1299, 1.1713 0.2992 -0.1299, 1.1713 0.3465 -0.1299, 1.4626 0.3465 -0.1299, -0.0772 0.0329 -0.1299, -0.0772 0.0113 -0.1299, -0.1061 -0.0787 -0.1299, 0.0572 -0.0673 -0.1299, 0.0188 -0.0775 -0.1299, 1.6142 0.3832 -0.1299, 1.6142 0.2421 -0.1299, 1.6017 0.389 -0.1299, 1.5551 0.2421 -0.1299, 1.5885 0.3925 -0.1299, 1.5748 0.3937 -0.1299, 1.5551 0.1457 -0.1299, 0.3213 -0.0775 -0.1299, 1.5551 0.2343 -0.1299, 0.3213 0.1193 -0.1299, 0.116 -0.0787 -0.1299, 0.2204 -0.0775 -0.1299, 0.127 -0.0758 -0.1299, 0.1641 -0.0623 -0.1299, 0.1077 -0.0583 -0.1299, 0.1033 0.1001 -0.1299, 0.0794 0.097 -0.1299, 0.0572 0.0875 -0.1299, 0.0188 0.1193 -0.1299, 1.5866 0.1378 -0.1299, 1.6142 0.1378 -0.1299, 1.6142 -0.0787 -0.1299, 0.1572 0.0767 -0.1299, 0.1642 0.0686 -0.1299, 0.1297 -0.0532 -0.1299, 0.1695 0.0582 -0.1299, 0.1737 0.0429 -0.1299, 0.1772 0.0188 -0.1299, 0.1726 -0.0051 -0.1299, 0.1436 -0.048 -0.1299, -0.0076 0.0113 -0.1299, -0.0076 -0.0559 -0.1299, -0.0869 -0.0559 -0.1299, -0.0869 -0.0775 -0.1299, 0.1875 0.0736 -0.1299, 0.1775 0.0901 -0.1299, 0.2948 0.1193 -0.1299, 0.1675 0.1001 -0.1299, 0.1543 0.108 -0.1299, 0.1784 -0.0526 -0.1299, 0.1869 -0.043 -0.1299, 0.2204 -0.0559 -0.1299, 0.1935 -0.0304 -0.1299, 0.2948 -0.0559 -0.1299, -0.1061 0.2992 -0.1299, -0.082 0.1193 -0.1299, -0.082 0.0977 -0.1299, -0.0076 0.0977 -0.1299, -0.0076 0.0329 -0.1299, 1.4626 0.3937 -0.1299, 0.1989 -0.012 -0.1299, 0.2036 0.0172 -0.1299, 0.1991 0.0377 -0.1299, 0.1347 0.115 -0.1299, 0.1035 0.1217 -0.1299, 0.0799 0.1201 -0.1299, 0.0572 0.1139 -0.1299, 0.1454 0.085 -0.1299, 0.1656 -0.0258 -0.1299, 0.159 -0.0363 -0.1299, 0.1529 -0.0423 -0.1299, 1.6142 -0.1378 -0.1299, 1.5866 -0.1378 -0.1299, 1.5866 -0.1457 -0.1299, 1.5551 -0.1457 -0.1299, 1.5866 0.1457 -0.1299, 1.5551 -0.2421 -0.1299, 1.6142 -0.2421 -0.1299, 1.6142 -0.3832 -0.1299, 1.1713 -0.2992 -0.1299, 1.5551 -0.2343 -0.1299, 1.6017 -0.389 -0.1299, 1.5885 -0.3925 -0.1299, 1.1713 -0.3465 -0.1299, 0.0994 -0.0787 -0.1299, 0.1113 -0.0799 -0.1299, -0.1061 -0.2992 -0.1299, -1.6142 -0.0787 -0.1299, -1.6142 0.1378 -0.1299, -1.5866 0.1378 -0.1299, -1.5866 0.1457 -0.1299, -1.5551 0.1457 -0.1299, -0.2652 -0.0326 -0.1299, -0.2546 -0.0488 -0.1299, -0.2981 -0.0775 -0.1299, -0.4469 -0.0775 -0.1299, -0.4758 -0.0775 -0.1299, -0.3725 0.1193 -0.1299, -0.3989 0.1193 -0.1299, -1.1713 0.2992 -0.1299, -1.6142 0.2421 -0.1299, -1.6142 0.3832 -0.1299, -1.5551 0.2421 -0.1299, -1.6017 0.389 -0.1299, -1.4626 0.3937 -0.1299, -1.4626 0.3465 -0.1299, -1.5748 0.3937 -0.1299, -1.5885 0.3925 -0.1299, -0.1788 -0.0775 -0.1299, -0.1253 -0.0775 -0.1299, -0.1253 0.1193 -0.1299, -0.1808 0.1193 -0.1299, -0.2623 0.0852 -0.1299, -0.27 0.0724 -0.1299, -1.1713 0.3465 -0.1299, -1.5551 0.2343 -0.1299, -0.2026 0.1148 -0.1299, -0.2366 0.1042 -0.1299, -0.2526 0.0948 -0.1299, -0.2769 0.0535 -0.1299, -0.2837 0.0234 -0.1299, -0.2782 0.0026 -0.1299, -0.2442 -0.0583 -0.1299, -0.2306 -0.0658 -0.1299, -0.2106 -0.072 -0.1299, -0.3269 -0.0775 -0.1299, -0.3457 -0.0223 -0.1299, -0.427 -0.0223 -0.1299, -1.5551 -0.2421 -0.1299, -1.5551 -0.2343 -0.1299, -1.1713 -0.2992 -0.1299, -1.4626 -0.3937 -0.1299, -1.5748 -0.3937 -0.1299, -1.6142 -0.1378 -0.1299, -1.5866 -0.1378 -0.1299, -1.5551 -0.1457 -0.1299, -1.5866 -0.1457 -0.1299, -1.6142 -0.3832 -0.1299, -1.6142 -0.2421 -0.1299, -1.6017 -0.389 -0.1299, -1.5885 -0.3925 -0.1299, -1.4626 -0.3465 -0.1299, -1.1713 -0.3465 -0.1299, 0.0835 -0.0771 -0.1299, 1.445 -0.248 0.122, 1.445 -0.248 0.1299, 1.4548 -0.248 0.1299, -1.437 -0.248 -0.0138, -1.437 -0.248 -0.0089, -1.3041 -0.248 -0.0089, -1.3308 -0.248 0.122, -1.3308 -0.248 0.1299, -1.3041 -0.248 0.1299, -1.4401 -0.248 0.1143, -1.4439 -0.248 0.122, -1.4378 -0.248 0.1061, -1.437 -0.248 0.0975, -1.4685 -0.248 -0.0138, -1.4744 -0.248 -0.0591, -1.4744 -0.248 -0.0089, -1.3041 -0.248 -0.0591, -1.4744 -0.248 0.1098, -1.4685 -0.248 0.0975, -1.4685 -0.248 -0.0089, -1.4719 -0.248 0.1073, -1.4701 -0.248 0.1043, -1.4689 -0.248 0.101, 1.4744 -0.248 -0.0138, 1.4744 -0.248 -0.0591, 1.4449 -0.248 -0.0138, 0.8957 -0.248 -0.0591, 1.4449 -0.248 -0.0089, 0.9961 -0.248 0.0896, 0.9331 -0.248 0.0896, 0.8957 -0.248 0.1299, 1.19 -0.248 0.1299, 1.1339 -0.248 0.0896, 1.0709 -0.248 0.0896, 1.1339 -0.248 0.0413, 1.19 -0.248 0.0827, 1.2087 -0.248 0.0827, 1.2087 -0.248 0.0268, 1.2776 -0.248 0.0268, 0.8957 -0.248 -0.0089, 0.9331 -0.248 0.0413, 0.9961 -0.248 0.0413, 1.0709 -0.248 0.0413, 1.2904 -0.248 0.1299, 1.3308 -0.248 0.1299, 1.2904 -0.248 0.0827, 1.3308 -0.248 0.122, 1.2776 -0.248 0.0827, 1.4449 -0.248 0.101, 1.446 -0.248 0.1113, 1.4494 -0.248 0.1211, -1.2904 -0.248 0.1299, -1.2904 -0.248 0.0827, -1.2776 -0.248 0.0827, -1.2776 -0.248 0.0268, -1.2087 -0.248 0.0268, -1.0335 -0.248 -0.0089, -1.2087 -0.248 0.0827, -1.19 -0.248 0.0827, -1.1339 -0.248 0.0413, -1.0709 -0.248 0.0413, -1.0335 -0.248 0.1299, -1.0709 -0.248 0.0896, -1.19 -0.248 0.1299, -1.1339 -0.248 0.0896, 0.7579 -0.248 -0.0089, 0.7579 -0.248 -0.0591, 0.6201 -0.248 -0.0089, 0.6201 -0.248 -0.0591, 0.4823 -0.248 -0.0089, 0.4823 -0.248 -0.0591, 0.3445 -0.248 -0.0089, 0.3445 -0.248 -0.0591, 0.2067 -0.248 -0.0089, 0.2067 -0.248 -0.0591, 0.0689 -0.248 -0.0089, 0.0689 -0.248 -0.0591, -0.0689 -0.248 -0.0089, -1.0335 -0.248 -0.0591, -0.8957 -0.248 -0.0591, -0.8957 -0.248 -0.0089, -0.7579 -0.248 -0.0591, -0.7579 -0.248 -0.0089, -0.6201 -0.248 -0.0591, -0.6201 -0.248 -0.0089, -0.4823 -0.248 -0.0591, -0.4823 -0.248 -0.0089, -0.3445 -0.248 -0.0591, -0.3445 -0.248 -0.0089, -0.0689 -0.248 -0.0591, 0.8583 -0.248 0.0413, 0.7953 -0.248 0.0413, 0.7953 -0.248 0.0896, 0.7579 -0.248 0.1299, 0.8583 -0.248 0.0896, 0.7205 -0.248 0.0413, 0.6575 -0.248 0.0413, 0.6575 -0.248 0.0896, 0.6201 -0.248 0.1299, 0.7205 -0.248 0.0896, 0.5827 -0.248 0.0413, 0.5197 -0.248 0.0413, 0.5197 -0.248 0.0896, 0.4823 -0.248 0.1299, 0.5827 -0.248 0.0896, 0.4449 -0.248 0.0413, 0.3819 -0.248 0.0413, 0.3819 -0.248 0.0896, 0.3445 -0.248 0.1299, 0.4449 -0.248 0.0896, 0.3071 -0.248 0.0413, 0.2441 -0.248 0.0413, 0.2441 -0.248 0.0896, 0.2067 -0.248 0.1299, 0.3071 -0.248 0.0896, 0.1693 -0.248 0.0413, 0.1063 -0.248 0.0413, 0.1063 -0.248 0.0896, 0.0689 -0.248 0.1299, 0.1693 -0.248 0.0896, 0.0315 -0.248 0.0413, -0.0315 -0.248 0.0413, -0.0315 -0.248 0.0896, -0.0689 -0.248 0.1299, 0.0315 -0.248 0.0896, -0.2441 -0.248 0.0896, -0.3071 -0.248 0.0896, -0.3445 -0.248 0.1299, -0.1063 -0.248 0.0896, -0.1693 -0.248 0.0896, -0.1063 -0.248 0.0413, -0.1693 -0.248 0.0413, -0.3071 -0.248 0.0413, -0.2441 -0.248 0.0413, -0.3819 -0.248 0.0413, -0.4449 -0.248 0.0413, -0.4449 -0.248 0.0896, -0.4823 -0.248 0.1299, -0.3819 -0.248 0.0896, -0.5197 -0.248 0.0413, -0.5827 -0.248 0.0413, -0.5827 -0.248 0.0896, -0.6201 -0.248 0.1299, -0.5197 -0.248 0.0896, -0.6575 -0.248 0.0413, -0.7205 -0.248 0.0413, -0.7205 -0.248 0.0896, -0.7579 -0.248 0.1299, -0.6575 -0.248 0.0896, -0.8583 -0.248 0.0413, -0.8583 -0.248 0.0896, -0.8957 -0.248 0.1299, -0.7953 -0.248 0.0896, -0.7953 -0.248 0.0413, -0.9961 -0.248 0.0413, -0.9961 -0.248 0.0896, -0.9331 -0.248 0.0896, -0.9331 -0.248 0.0413, -1.0709 -0.1339 -0.0195, -1.1339 -0.1339 -0.0195, -1.2677 -0.1339 -0.0472, -0.9961 -0.1339 0.1015, -0.9331 -0.1339 0.1015, -0.8957 -0.1339 0.1157, -1.2677 -0.1339 0.0634, -1.2074 -0.1339 0.1157, -1.1339 -0.1339 0.1015, -1.0709 -0.1339 0.1015, -0.8957 -0.1339 -0.0472, -0.9331 -0.1339 -0.0195, -0.9961 -0.1339 -0.0195, -0.8957 -0.1339 0.1299, -1.1909 -0.1339 0.1299, 1.2677 -0.1339 -0.0472, 1.2677 -0.1339 0.0634, 1.2008 -0.1339 -0.0472, 1.2074 -0.1339 0.1157, 1.2008 -0.1339 0.1157, 1.2008 -0.1339 0.1214, 1.1909 -0.1339 0.1299, 1.0335 -0.1339 0.1157, 1.1339 -0.1339 0.1015, 1.1339 -0.1339 -0.0195, 1.0335 -0.1339 -0.0472, 1.0709 -0.1339 -0.0195, 1.0709 -0.1339 0.1015, 0.9331 -0.1339 0.1015, 0.8957 -0.1339 0.1157, 0.9331 -0.1339 -0.0195, 0.8957 -0.1339 -0.0472, 0.9961 -0.1339 -0.0195, 0.9961 -0.1339 0.1015, 0.7953 -0.1339 0.1015, 0.7579 -0.1339 0.1157, 0.7953 -0.1339 -0.0195, 0.7579 -0.1339 -0.0472, 0.8583 -0.1339 -0.0195, 0.8583 -0.1339 0.1015, 0.6575 -0.1339 0.1015, 0.6201 -0.1339 0.1157, 0.6575 -0.1339 -0.0195, 0.6201 -0.1339 -0.0472, 0.7205 -0.1339 -0.0195, 0.7205 -0.1339 0.1015, 0.5197 -0.1339 0.1015, 0.4823 -0.1339 0.1157, 0.5197 -0.1339 -0.0195, 0.4823 -0.1339 -0.0472, 0.5827 -0.1339 -0.0195, 0.5827 -0.1339 0.1015, 0.3819 -0.1339 0.1015, 0.3445 -0.1339 0.1157, 0.3819 -0.1339 -0.0195, 0.3445 -0.1339 -0.0472, 0.4449 -0.1339 -0.0195, 0.4449 -0.1339 0.1015, 0.1693 -0.1339 -0.0195, 0.1063 -0.1339 -0.0195, 0.0689 -0.1339 -0.0472, 0.1693 -0.1339 0.1015, 0.0689 -0.1339 0.1157, 0.1063 -0.1339 0.1015, 0.2441 -0.1339 -0.0195, 0.2441 -0.1339 0.1015, 0.3071 -0.1339 0.1015, 0.3071 -0.1339 -0.0195, -0.0315 -0.1339 0.1015, -0.0689 -0.1339 0.1157, -0.0315 -0.1339 -0.0195, -0.0689 -0.1339 -0.0472, 0.0315 -0.1339 -0.0195, 0.0315 -0.1339 0.1015, -0.1693 -0.1339 0.1015, -0.2067 -0.1339 0.1157, -0.1693 -0.1339 -0.0195, -0.2067 -0.1339 -0.0472, -0.1063 -0.1339 -0.0195, -0.1063 -0.1339 0.1015, -0.2441 -0.1339 0.1015, -0.3071 -0.1339 0.1015, -0.3445 -0.1339 0.1157, -0.3071 -0.1339 -0.0195, -0.3445 -0.1339 -0.0472, -0.2441 -0.1339 -0.0195, -0.4449 -0.1339 -0.0195, -0.4823 -0.1339 -0.0472, -0.3819 -0.1339 -0.0195, -0.3819 -0.1339 0.1015, -0.4449 -0.1339 0.1015, -0.4823 -0.1339 0.1157, -0.5827 -0.1339 0.1015, -0.6201 -0.1339 0.1157, -0.5827 -0.1339 -0.0195, -0.6201 -0.1339 -0.0472, -0.5197 -0.1339 -0.0195, -0.5197 -0.1339 0.1015, -0.7205 -0.1339 -0.0195, -0.7579 -0.1339 -0.0472, -0.6575 -0.1339 -0.0195, -0.6575 -0.1339 0.1015, -0.7205 -0.1339 0.1015, -0.7579 -0.1339 0.1157, -0.8583 -0.1339 0.1015, -0.8583 -0.1339 -0.0195, -0.7953 -0.1339 -0.0195, -0.7953 -0.1339 0.1015, -0.7579 -0.1339 0.1299, -0.6201 -0.1339 0.1299, -0.4823 -0.1339 0.1299, -0.3445 -0.1339 0.1299, -0.2067 -0.1339 0.1299, -0.0689 -0.1339 0.1299, 0.0689 -0.1339 0.1299, 0.3445 -0.1339 0.1299, 0.4823 -0.1339 0.1299, 0.6201 -0.1339 0.1299, 0.7579 -0.1339 0.1299, 0.8957 -0.1339 0.1299, 1.0335 -0.1339 0.1299, 1.2904 0.248 0.0827, 1.2776 0.248 0.0827, 1.2776 0.248 0.0781, 1.2087 0.248 0.0781, 1.2087 0.248 0.0827, 1.19 0.248 0.0827, 1.2087 0.248 0.0342, 1.1339 0.248 0.0781, 1.1339 0.248 0.0896, 1.19 0.248 0.1299, 1.0709 0.248 0.0896, 1.0335 0.248 0.1299, 1.0709 0.248 0.0781, 1.0335 0.248 0.0781, 1.0709 0.248 0.0413, 1.0335 0.248 0.0342, 1.1339 0.248 0.0413, 0.7953 0.248 0.0413, 0.7579 0.248 0.0342, 0.8583 0.248 0.0413, 0.8957 0.248 0.0342, 0.8583 0.248 0.0781, 0.8957 0.248 0.0781, 0.8583 0.248 0.0896, 0.8957 0.248 0.1299, 0.7953 0.248 0.0896, 0.7579 0.248 0.1299, 0.7953 0.248 0.0781, 0.7579 0.248 0.0781, 0.5197 0.248 0.0413, 0.4823 0.248 0.0342, 0.5827 0.248 0.0413, 0.6201 0.248 0.0342, 0.5827 0.248 0.0781, 0.6201 0.248 0.0781, 0.5827 0.248 0.0896, 0.6201 0.248 0.1299, 0.5197 0.248 0.0896, 0.4823 0.248 0.1299, 0.5197 0.248 0.0781, 0.4823 0.248 0.0781, 0.2441 0.248 0.0413, 0.2067 0.248 0.0342, 0.3071 0.248 0.0413, 0.3445 0.248 0.0342, 0.3071 0.248 0.0781, 0.3445 0.248 0.0781, 0.3071 0.248 0.0896, 0.3445 0.248 0.1299, 0.2441 0.248 0.0896, 0.2067 0.248 0.1299, 0.2441 0.248 0.0781, 0.2067 0.248 0.0781, -0.0689 0.248 0.1299, 0.0315 0.248 0.0896, -0.0315 0.248 0.0896, 0.1063 0.248 0.0413, -0.0689 0.248 0.0342, -0.0315 0.248 0.0781, -0.0689 0.248 0.0781, -0.0315 0.248 0.0413, 0.0315 0.248 0.0413, 0.0315 0.248 0.0781, 0.1063 0.248 0.0781, 0.1063 0.248 0.0896, 0.1693 0.248 0.0896, 0.1693 0.248 0.0781, 0.1693 0.248 0.0413, -0.2067 0.248 0.0342, -0.2441 0.248 0.0413, -0.3071 0.248 0.0413, -0.2441 0.248 0.0781, -0.2067 0.248 0.0781, -0.2441 0.248 0.0896, -0.2067 0.248 0.1299, -0.3071 0.248 0.0896, -0.3445 0.248 0.1299, -0.3071 0.248 0.0781, -0.3445 0.248 0.0781, -0.3445 0.248 0.0342, -0.5827 0.248 0.0413, -0.6201 0.248 0.0342, -0.5197 0.248 0.0413, -0.4823 0.248 0.0342, -0.5197 0.248 0.0781, -0.4823 0.248 0.0781, -0.5197 0.248 0.0896, -0.4823 0.248 0.1299, -0.5827 0.248 0.0896, -0.6201 0.248 0.1299, -0.5827 0.248 0.0781, -0.6201 0.248 0.0781, -0.7953 0.248 0.0413, -0.7579 0.248 0.0342, -0.7953 0.248 0.0781, -0.7579 0.248 0.0781, -0.7953 0.248 0.0896, -0.7579 0.248 0.1299, -0.8583 0.248 0.0896, -0.8957 0.248 0.1299, -0.8583 0.248 0.0781, -0.8957 0.248 0.0781, -0.8583 0.248 0.0413, -0.8957 0.248 0.0342, -1.437 0.248 0.0781, -1.1339 0.248 0.0781, -1.2904 0.248 0.0827, -1.19 0.248 0.0827, -1.2904 0.248 0.1299, -1.3308 0.248 0.1299, -1.3308 0.248 0.122, -1.4439 0.248 0.122, -1.4401 0.248 0.1143, -1.4378 0.248 0.1061, -1.437 0.248 0.0975, -1.19 0.248 0.1299, -1.1339 0.248 0.0896, -1.0335 0.248 0.1299, -1.0709 0.248 0.0896, -1.0335 0.248 0.0781, -1.0709 0.248 0.0781, -1.0335 0.248 0.0342, -1.0709 0.248 0.0413, -1.1339 0.248 0.0413, 1.2087 0.248 0.0268, 1.0335 0.248 -0.0591, 1.2776 0.248 0.0268, 1.3041 0.248 -0.0591, 1.3041 0.248 0.0342, 1.2904 0.248 0.1299, 1.3041 0.248 0.0781, 1.2776 0.248 0.0342, 1.3041 0.248 0.1299, 1.3308 0.248 0.122, 1.3308 0.248 0.1299, 1.4548 0.248 0.1299, 1.445 0.248 0.1299, 1.4494 0.248 0.1211, 1.445 0.248 0.122, 1.446 0.248 0.1113, 1.4449 0.248 0.101, 1.4744 0.248 -0.0591, 1.4744 0.248 -0.0138, 1.4449 0.248 -0.0138, 1.4449 0.248 0.0781, 1.4449 0.248 0.0342, -1.4685 0.248 0.0975, -1.4689 0.248 0.101, -1.4744 0.248 0.1098, -1.4701 0.248 0.1043, -1.4719 0.248 0.1073, -1.2776 0.248 0.0271, -1.4744 0.248 -0.0591, -1.2087 0.248 0.0271, -1.0335 0.248 -0.0591, -1.2087 0.248 0.0342, -1.4685 0.248 0.0781, -1.4744 0.248 0.0781, -1.4685 0.248 0.0342, -1.4744 0.248 0.0342, -1.4685 0.248 -0.0138, -1.437 0.248 -0.0138, -1.437 0.248 0.0342, -1.2776 0.248 0.0342, -1.2776 0.248 0.0667, -1.2087 0.248 0.0667, -0.9331 0.248 0.0413, -0.9961 0.248 0.0413, -0.9331 0.248 0.0781, -0.9331 0.248 0.0896, -0.9961 0.248 0.0896, -0.9961 0.248 0.0781, -0.6575 0.248 0.0413, -0.6575 0.248 0.0781, -0.6575 0.248 0.0896, -0.7205 0.248 0.0896, -0.7205 0.248 0.0781, -0.7205 0.248 0.0413, -0.4449 0.248 0.0413, -0.4449 0.248 0.0781, -0.4449 0.248 0.0896, -0.3819 0.248 0.0896, -0.3819 0.248 0.0781, -0.3819 0.248 0.0413, -0.1063 0.248 0.0413, -0.1063 0.248 0.0781, -0.1063 0.248 0.0896, -0.1693 0.248 0.0896, -0.1693 0.248 0.0781, -0.1693 0.248 0.0413, 0.4449 0.248 0.0413, 0.3819 0.248 0.0413, 0.4449 0.248 0.0781, 0.4449 0.248 0.0896, 0.3819 0.248 0.0896, 0.3819 0.248 0.0781, 0.7205 0.248 0.0413, 0.6575 0.248 0.0413, 0.7205 0.248 0.0781, 0.7205 0.248 0.0896, 0.6575 0.248 0.0896, 0.6575 0.248 0.0781, 0.9961 0.248 0.0413, 0.9331 0.248 0.0413, 0.9961 0.248 0.0781, 0.9961 0.248 0.0896, 0.9331 0.248 0.0896, 0.9331 0.248 0.0781, -0.8957 0.248 -0.0591, -0.7579 0.248 -0.0591, -0.6201 0.248 -0.0591, -0.4823 0.248 -0.0591, -0.3445 0.248 -0.0591, -0.2067 0.248 -0.0591, -0.0689 0.248 -0.0591, 0.2067 0.248 -0.0591, 0.3445 0.248 -0.0591, 0.4823 0.248 -0.0591, 0.6201 0.248 -0.0591, 0.7579 0.248 -0.0591, 0.8957 0.248 -0.0591, 0.9961 0.1339 -0.0195, 1.2677 0.1339 -0.0334, 0.8957 0.1339 -0.0334, 1.1909 0.1339 0.1299, 0.9961 0.1339 0.1015, 0.8957 0.1339 0.1299, 0.9331 0.1339 0.1015, 0.9331 0.1339 -0.0195, 1.0709 0.1339 0.1015, 1.1339 0.1339 0.1015, 1.2677 0.1339 0.0634, 1.1339 0.1339 -0.0195, 1.0709 0.1339 -0.0195, -1.1339 0.1339 -0.0195, -1.2008 0.1339 0.1214, -1.1339 0.1339 0.1015, -1.1909 0.1339 0.1299, -1.0709 0.1339 0.1015, -1.0335 0.1339 0.1299, -1.0709 0.1339 -0.0195, -1.0335 0.1339 -0.0334, -1.2008 0.1339 -0.0334, -1.2677 0.1339 -0.0334, -1.2677 0.1339 0.0634, 1.2677 0.1339 -0.0472, 0.8957 0.1339 -0.0472, 0.7579 0.1339 -0.0334, 0.7579 0.1339 -0.0472, 0.6201 0.1339 -0.0334, 0.6201 0.1339 -0.0472, 0.4823 0.1339 -0.0334, 0.4823 0.1339 -0.0472, 0.3445 0.1339 -0.0334, 0.3445 0.1339 -0.0472, 0.2067 0.1339 -0.0334, 0.2067 0.1339 -0.0472, 0.0689 0.1339 -0.0334, 0.0689 0.1339 -0.0472, -0.0689 0.1339 -0.0334, -1.2677 0.1339 -0.0472, -1.2008 0.1339 -0.0472, -1.0335 0.1339 -0.0472, -0.8957 0.1339 -0.0472, -0.8957 0.1339 -0.0334, -0.7579 0.1339 -0.0472, -0.7579 0.1339 -0.0334, -0.6201 0.1339 -0.0472, -0.6201 0.1339 -0.0334, -0.4823 0.1339 -0.0472, -0.4823 0.1339 -0.0334, -0.3445 0.1339 -0.0472, -0.3445 0.1339 -0.0334, -0.0689 0.1339 -0.0472, 0.7953 0.1339 -0.0195, 0.7953 0.1339 0.1015, 0.7579 0.1339 0.1299, 0.8583 0.1339 0.1015, 0.8583 0.1339 -0.0195, 0.6575 0.1339 -0.0195, 0.6575 0.1339 0.1015, 0.6201 0.1339 0.1299, 0.7205 0.1339 0.1015, 0.7205 0.1339 -0.0195, 0.5197 0.1339 -0.0195, 0.5197 0.1339 0.1015, 0.4823 0.1339 0.1299, 0.5827 0.1339 0.1015, 0.5827 0.1339 -0.0195, 0.3819 0.1339 -0.0195, 0.3819 0.1339 0.1015, 0.3445 0.1339 0.1299, 0.4449 0.1339 0.1015, 0.4449 0.1339 -0.0195, 0.2441 0.1339 -0.0195, 0.2441 0.1339 0.1015, 0.2067 0.1339 0.1299, 0.3071 0.1339 0.1015, 0.3071 0.1339 -0.0195, 0.1063 0.1339 -0.0195, 0.1063 0.1339 0.1015, 0.0689 0.1339 0.1299, 0.1693 0.1339 0.1015, 0.1693 0.1339 -0.0195, -0.0315 0.1339 -0.0195, -0.0315 0.1339 0.1015, -0.0689 0.1339 0.1299, 0.0315 0.1339 0.1015, 0.0315 0.1339 -0.0195, -0.3071 0.1339 -0.0195, -0.3071 0.1339 0.1015, -0.3445 0.1339 0.1299, -0.2441 0.1339 0.1015, -0.2441 0.1339 -0.0195, -0.1693 0.1339 0.1015, -0.1693 0.1339 -0.0195, -0.1063 0.1339 -0.0195, -0.1063 0.1339 0.1015, -0.4449 0.1339 0.1015, -0.4823 0.1339 0.1299, -0.3819 0.1339 0.1015, -0.3819 0.1339 -0.0195, -0.4449 0.1339 -0.0195, -0.5827 0.1339 -0.0195, -0.5827 0.1339 0.1015, -0.6201 0.1339 0.1299, -0.5197 0.1339 0.1015, -0.5197 0.1339 -0.0195, -0.7205 0.1339 -0.0195, -0.7205 0.1339 0.1015, -0.7579 0.1339 0.1299, -0.6575 0.1339 0.1015, -0.6575 0.1339 -0.0195, -0.8583 0.1339 -0.0195, -0.8583 0.1339 0.1015, -0.8957 0.1339 0.1299, -0.7953 0.1339 0.1015, -0.7953 0.1339 -0.0195, -0.9961 0.1339 -0.0195, -0.9961 0.1339 0.1015, -0.9331 0.1339 0.1015, -0.9331 0.1339 -0.0195, 0.9409 -0.3445 -0.0709, 0.8957 -0.3691 -0.0709, 0.9409 -0.313 -0.0709, 0.8957 -0.2992 -0.0709, 0.9882 -0.313 -0.0709, 1.1969 -0.3465 -0.0709, 1.1969 -0.3691 -0.0709, 1.1713 -0.3465 -0.0709, 0.9882 -0.3445 -0.0709, 1.1713 -0.2992 -0.0709, 1.0787 -0.313 -0.0709, 1.0787 -0.3445 -0.0709, 1.126 -0.3445 -0.0709, 1.126 -0.313 -0.0709, -1.1713 -0.2992 -0.0709, -1.1614 -0.2992 -0.0709, -1.1713 -0.3465 -0.0709, -1.1614 -0.3691 -0.0709, -1.1969 -0.3465 -0.0709, -1.1969 -0.3691 -0.0709, 0.8504 -0.3445 -0.0709, 0.8031 -0.3445 -0.0709, 0.7579 -0.3691 -0.0709, 0.8031 -0.313 -0.0709, 0.7579 -0.2992 -0.0709, 0.8504 -0.313 -0.0709, 0.7126 -0.313 -0.0709, 0.6654 -0.313 -0.0709, 0.7126 -0.3445 -0.0709, 0.6654 -0.3445 -0.0709, 0.6201 -0.3691 -0.0709, 0.6201 -0.2992 -0.0709, 0.5748 -0.3445 -0.0709, 0.5276 -0.3445 -0.0709, 0.4823 -0.3691 -0.0709, 0.5276 -0.313 -0.0709, 0.4823 -0.2992 -0.0709, 0.5748 -0.313 -0.0709, 0.437 -0.313 -0.0709, 0.3898 -0.313 -0.0709, 0.437 -0.3445 -0.0709, 0.3898 -0.3445 -0.0709, 0.3445 -0.3691 -0.0709, 0.3445 -0.2992 -0.0709, 0.2992 -0.313 -0.0709, 0.252 -0.313 -0.0709, 0.2992 -0.3445 -0.0709, 0.252 -0.3445 -0.0709, 0.2067 -0.3691 -0.0709, 0.2067 -0.2992 -0.0709, 0.1614 -0.3445 -0.0709, 0.1142 -0.3445 -0.0709, 0.0689 -0.3691 -0.0709, 0.1142 -0.313 -0.0709, 0.0689 -0.2992 -0.0709, 0.1614 -0.313 -0.0709, 0.0236 -0.3445 -0.0709, -0.0236 -0.3445 -0.0709, -0.0689 -0.3691 -0.0709, -0.0236 -0.313 -0.0709, -0.0689 -0.2992 -0.0709, 0.0236 -0.313 -0.0709, -0.252 -0.313 -0.0709, -0.2992 -0.313 -0.0709, -0.3445 -0.2992 -0.0709, -0.1614 -0.3445 -0.0709, -0.1142 -0.3445 -0.0709, -0.3445 -0.3691 -0.0709, -0.2992 -0.3445 -0.0709, -0.252 -0.3445 -0.0709, -0.1142 -0.313 -0.0709, -0.1614 -0.313 -0.0709, -0.3898 -0.3445 -0.0709, -0.437 -0.3445 -0.0709, -0.4823 -0.3691 -0.0709, -0.437 -0.313 -0.0709, -0.4823 -0.2992 -0.0709, -0.3898 -0.313 -0.0709, -0.5276 -0.3445 -0.0709, -0.5748 -0.3445 -0.0709, -0.6201 -0.3691 -0.0709, -0.5748 -0.313 -0.0709, -0.6201 -0.2992 -0.0709, -0.5276 -0.313 -0.0709, -0.6654 -0.3445 -0.0709, -0.7126 -0.3445 -0.0709, -0.7579 -0.3691 -0.0709, -0.7126 -0.313 -0.0709, -0.7579 -0.2992 -0.0709, -0.6654 -0.313 -0.0709, -0.8031 -0.3445 -0.0709, -0.8504 -0.3445 -0.0709, -0.8957 -0.3691 -0.0709, -0.8504 -0.313 -0.0709, -0.8957 -0.2992 -0.0709, -0.8031 -0.313 -0.0709, -0.9409 -0.3445 -0.0709, -0.9882 -0.3445 -0.0709, -1.0335 -0.3691 -0.0709, -0.9882 -0.313 -0.0709, -1.0335 -0.2992 -0.0709, -0.9409 -0.313 -0.0709, -1.0787 -0.3445 -0.0709, -1.126 -0.3445 -0.0709, -1.126 -0.313 -0.0709, -1.0787 -0.313 -0.0709, 1.1969 -0.3937 -0.0709, 0.8957 -0.3937 -0.0709, 0.7579 -0.3937 -0.0709, 0.6201 -0.3937 -0.0709, 0.4823 -0.3937 -0.0709, 0.3445 -0.3937 -0.0709, 0.2067 -0.3937 -0.0709, 0.0689 -0.3937 -0.0709, -0.0689 -0.3937 -0.0709, -0.3445 -0.3937 -0.0709, -0.4823 -0.3937 -0.0709, -0.6201 -0.3937 -0.0709, -0.7579 -0.3937 -0.0709, -0.8957 -0.3937 -0.0709, -1.0335 -0.3937 -0.0709, -1.1614 -0.3937 -0.0709, -1.1969 -0.3937 -0.0709, -1.1614 0.3061 -0.0709, -1.1713 0.3061 -0.0709, -1.1713 0.3465 -0.0709, -1.1969 0.3465 -0.0709, -1.1969 0.3937 -0.0709, -1.1614 0.3937 -0.0709, 1.1969 0.3937 -0.0709, 1.1969 0.3465 -0.0709, 1.1713 0.3465 -0.0709, 0.9882 0.313 -0.0709, 1.1713 0.3061 -0.0709, 0.8957 0.3061 -0.0709, 0.9882 0.3445 -0.0709, 0.8957 0.3937 -0.0709, 0.9409 0.3445 -0.0709, 0.9409 0.313 -0.0709, 1.0787 0.3445 -0.0709, 1.126 0.3445 -0.0709, 1.126 0.313 -0.0709, 1.0787 0.313 -0.0709, 0.7579 0.3061 -0.0709, 0.8031 0.313 -0.0709, 0.8504 0.313 -0.0709, 0.8031 0.3445 -0.0709, 0.7579 0.3937 -0.0709, 0.8504 0.3445 -0.0709, 0.7126 0.313 -0.0709, 0.6654 0.313 -0.0709, 0.6201 0.3061 -0.0709, 0.6654 0.3445 -0.0709, 0.6201 0.3937 -0.0709, 0.7126 0.3445 -0.0709, 0.4823 0.3061 -0.0709, 0.5276 0.313 -0.0709, 0.5748 0.313 -0.0709, 0.5276 0.3445 -0.0709, 0.4823 0.3937 -0.0709, 0.5748 0.3445 -0.0709, 0.437 0.313 -0.0709, 0.3898 0.313 -0.0709, 0.3445 0.3061 -0.0709, 0.3898 0.3445 -0.0709, 0.3445 0.3937 -0.0709, 0.437 0.3445 -0.0709, 0.2992 0.313 -0.0709, 0.252 0.313 -0.0709, 0.2067 0.3061 -0.0709, 0.252 0.3445 -0.0709, 0.2067 0.3937 -0.0709, 0.2992 0.3445 -0.0709, 0.1614 0.313 -0.0709, 0.1142 0.313 -0.0709, 0.0689 0.3061 -0.0709, 0.1142 0.3445 -0.0709, 0.0689 0.3937 -0.0709, 0.1614 0.3445 -0.0709, 0.0236 0.313 -0.0709, -0.0236 0.313 -0.0709, -0.0689 0.3061 -0.0709, -0.0236 0.3445 -0.0709, -0.0689 0.3937 -0.0709, 0.0236 0.3445 -0.0709, -0.252 0.3445 -0.0709, -0.2992 0.3445 -0.0709, -0.3445 0.3937 -0.0709, -0.1614 0.313 -0.0709, -0.1142 0.313 -0.0709, -0.3445 0.3061 -0.0709, -0.2992 0.313 -0.0709, -0.252 0.313 -0.0709, -0.1142 0.3445 -0.0709, -0.1614 0.3445 -0.0709, -0.3898 0.313 -0.0709, -0.437 0.313 -0.0709, -0.4823 0.3061 -0.0709, -0.437 0.3445 -0.0709, -0.4823 0.3937 -0.0709, -0.3898 0.3445 -0.0709, -0.6201 0.3061 -0.0709, -0.5748 0.313 -0.0709, -0.5276 0.313 -0.0709, -0.5748 0.3445 -0.0709, -0.6201 0.3937 -0.0709, -0.5276 0.3445 -0.0709, -0.7579 0.3061 -0.0709, -0.7126 0.313 -0.0709, -0.6654 0.313 -0.0709, -0.7126 0.3445 -0.0709, -0.7579 0.3937 -0.0709, -0.6654 0.3445 -0.0709, -0.8031 0.313 -0.0709, -0.8504 0.313 -0.0709, -0.8957 0.3061 -0.0709, -0.8504 0.3445 -0.0709, -0.8957 0.3937 -0.0709, -0.8031 0.3445 -0.0709, -0.9409 0.313 -0.0709, -0.9882 0.313 -0.0709, -1.0335 0.3061 -0.0709, -0.9882 0.3445 -0.0709, -1.0335 0.3937 -0.0709, -0.9409 0.3445 -0.0709, -1.126 0.313 -0.0709, -1.0787 0.313 -0.0709, -1.126 0.3445 -0.0709, -1.0787 0.3445 -0.0709, 1.1713 0.2992 -0.0709, 0.8957 0.2992 -0.0709, 0.7579 0.2992 -0.0709, 0.6201 0.2992 -0.0709, 0.4823 0.2992 -0.0709, 0.3445 0.2992 -0.0709, 0.2067 0.2992 -0.0709, 0.0689 0.2992 -0.0709, -0.0689 0.2992 -0.0709, -0.3445 0.2992 -0.0709, -0.4823 0.2992 -0.0709, -0.6201 0.2992 -0.0709, -0.7579 0.2992 -0.0709, -0.8957 0.2992 -0.0709, -1.0335 0.2992 -0.0709, -1.1614 0.2992 -0.0709, -1.1713 0.2992 -0.0709, -1.2697 0.1336 0.0617, -1.2713 0.1333 0.0603, -1.2724 0.1327 0.0593, -1.2744 0.1318 0.0576, -1.2749 0.1313 0.0571, -1.2697 -0.1337 0.0617, -1.2766 0.1299 0.0557, -1.2693 -0.1338 0.062, -1.277 0.1293 0.0553, -1.278 0.128 0.0545, -1.2785 0.1268 0.0541, -1.2792 -0.1245 0.0534, -1.2785 -0.1267 0.054, -1.2793 -0.124 0.0534, -1.2785 -0.1268 0.0541, -1.2773 -0.1289 0.0551, -1.2793 0.124 0.0533, -1.2794 0.1234 0.0532, -1.2795 0.122 0.0531, -1.277 -0.1292 0.0554, -1.2751 -0.1313 0.057, -1.275 -0.1314 0.0571, -1.2726 -0.1329 0.0591, -1.2725 -0.1329 0.0593, -1.2789 0.1258 0.0537, -1.2795 -0.122 0.0531, -1.2795 -0.122 -0.0472, -1.2793 -0.124 -0.0472, -1.2792 -0.1247 -0.0472, -1.2785 -0.1268 -0.0472, -1.2784 -0.1272 -0.0472, -1.277 -0.1293 -0.0472, -1.277 -0.1294 -0.0472, -1.2751 -0.1313 -0.0472, -1.275 -0.1314 -0.0472, -1.2728 -0.1327 -0.0472, -1.2725 -0.1328 -0.0472, -1.2703 -0.1336 -0.0472, -1.2697 -0.1336 -0.0472, 1.2697 -0.1336 0.0617, 1.2693 0.1338 0.062, 1.2697 0.1337 0.0617, 1.2713 -0.1333 0.0603, 1.2724 -0.1327 0.0593, 1.2751 0.1313 0.057, 1.275 0.1314 0.0571, 1.2793 0.124 0.0534, 1.2744 -0.1318 0.0576, 1.2749 -0.1313 0.0571, 1.2766 -0.1299 0.0557, 1.277 -0.1293 0.0553, 1.278 -0.128 0.0545, 1.2785 -0.1268 0.0541, 1.2726 0.1329 0.0591, 1.2725 0.1329 0.0593, 1.2793 -0.124 0.0533, 1.2794 -0.1234 0.0532, 1.2795 -0.122 0.0531, 1.2785 0.1268 0.0541, 1.2785 0.1267 0.054, 1.2792 0.1245 0.0534, 1.2773 0.1289 0.0551, 1.277 0.1292 0.0554, 1.2789 -0.1258 0.0537, 1.2795 0.122 0.0531, 1.2697 -0.1336 -0.0472, 1.2703 -0.1336 -0.0472, 1.2725 -0.1328 -0.0472, 1.2728 -0.1327 -0.0472, 1.275 -0.1314 -0.0472, 1.2751 -0.1313 -0.0472, 1.277 -0.1294 -0.0472, 1.277 -0.1293 -0.0472, 1.2784 -0.1272 -0.0472, 1.2785 -0.1268 -0.0472, 1.2793 -0.124 -0.0472, 1.2795 -0.122 -0.0472, 1.2792 -0.1247 -0.0472, 1.2792 -0.1247 -0.0472
            ]
        }
        coordIndex [
            0,1,2,-1,3,4,5,-1,6,7,8,-1,9,10,11,-1,4,12,13,-1,14,15,16,-1,16,15,17,-1,16,17,18,-1,18,17,19,-1,20,21,22,-1,22,21,23,-1,22,23,17,-1,21,24,25,-1,25,24,26,-1,25,26,27,-1,3,5,28,-1,29,5,30,-1,30,5,4,-1,30,4,31,-1,31,4,13,-1,31,13,32,-1,33,34,35,-1,36,37,38,-1,38,37,39,-1,38,39,40,-1,40,41,38,-1,38,41,42,-1,38,42,43,-1,44,45,10,-1,10,45,46,-1,10,46,11,-1,11,46,47,-1,11,47,13,-1,48,49,50,-1,50,49,51,-1,50,51,52,-1,27,53,25,-1,25,53,54,-1,25,54,55,-1,55,54,56,-1,55,56,57,-1,6,32,58,-1,58,32,59,-1,58,59,60,-1,61,62,60,-1,60,62,9,-1,60,9,58,-1,58,9,11,-1,50,6,23,-1,23,6,8,-1,23,8,17,-1,17,8,63,-1,17,63,19,-1,56,64,57,-1,57,64,65,-1,57,65,50,-1,50,65,66,-1,50,66,48,-1,52,67,50,-1,50,67,68,-1,50,68,6,-1,6,68,69,-1,6,69,32,-1,32,69,70,-1,32,70,31,-1,28,5,38,-1,38,5,71,-1,38,71,36,-1,72,73,42,-1,42,73,74,-1,42,74,43,-1,35,75,76,-1,77,78,76,-1,76,78,24,-1,76,24,35,-1,35,24,21,-1,35,21,33,-1,33,21,20,-1,33,20,79,-1,80,81,82,-1,83,84,80,-1,82,85,80,-1,80,85,86,-1,80,86,0,-1,0,2,80,-1,80,2,87,-1,80,87,83,-1,88,89,90,-1,90,89,24,-1,90,24,83,-1,83,24,78,-1,83,78,84,-1,91,92,93,-1,93,94,95,-1,96,97,98,-1,99,11,100,-1,100,11,91,-1,58,101,102,-1,91,93,100,-1,100,93,95,-1,100,95,102,-1,102,95,103,-1,102,103,58,-1,104,105,106,-1,106,105,107,-1,108,109,110,-1,110,109,106,-1,110,106,111,-1,111,106,107,-1,112,113,11,-1,11,113,114,-1,11,114,58,-1,58,114,115,-1,101,116,117,-1,109,118,106,-1,106,118,103,-1,106,103,119,-1,119,103,95,-1,115,120,58,-1,58,120,121,-1,58,121,101,-1,101,121,122,-1,101,122,116,-1,117,123,101,-1,101,123,124,-1,101,124,98,-1,98,124,125,-1,98,125,96,-1,97,126,98,-1,98,126,127,-1,98,127,128,-1,128,112,98,-1,98,112,11,-1,98,11,129,-1,129,11,99,-1,129,99,130,-1,130,99,131,-1,132,133,134,-1,135,136,132,-1,137,91,138,-1,138,91,139,-1,138,139,140,-1,141,142,143,-1,143,142,132,-1,143,132,144,-1,144,132,136,-1,135,132,145,-1,145,132,134,-1,145,134,146,-1,133,139,134,-1,134,139,91,-1,134,91,90,-1,90,91,11,-1,90,11,88,-1,88,11,13,-1,88,13,147,-1,147,13,12,-1,148,149,150,-1,151,152,153,-1,154,155,156,-1,157,158,154,-1,157,154,159,-1,153,152,154,-1,154,152,160,-1,154,160,159,-1,161,162,163,-1,162,161,164,-1,165,166,163,-1,163,166,167,-1,163,167,161,-1,168,169,165,-1,165,169,170,-1,165,170,166,-1,171,172,173,-1,173,172,174,-1,173,174,175,-1,176,177,178,-1,179,180,181,-1,180,179,182,-1,182,179,183,-1,182,183,184,-1,185,186,175,-1,178,177,187,-1,187,177,188,-1,187,188,189,-1,178,179,176,-1,176,179,181,-1,176,181,189,-1,189,181,190,-1,189,190,187,-1,187,190,182,-1,187,182,185,-1,185,182,184,-1,191,192,193,-1,193,192,194,-1,186,195,175,-1,175,195,193,-1,175,193,196,-1,196,193,194,-1,196,194,197,-1,197,194,148,-1,197,148,198,-1,198,148,150,-1,156,199,200,-1,154,156,153,-1,153,156,200,-1,153,200,201,-1,201,202,153,-1,153,202,203,-1,153,203,204,-1,205,206,203,-1,203,206,207,-1,203,207,204,-1,204,207,208,-1,204,208,209,-1,209,208,210,-1,209,210,211,-1,211,210,212,-1,211,212,206,-1,206,212,207,-1,185,175,187,-1,187,175,174,-1,187,174,213,-1,213,174,214,-1,213,214,215,-1,215,214,216,-1,215,216,217,-1,217,216,218,-1,217,218,219,-1,219,218,220,-1,219,220,221,-1,221,220,222,-1,221,222,223,-1,223,222,224,-1,223,224,225,-1,161,151,164,-1,164,151,153,-1,164,153,226,-1,226,153,204,-1,226,204,227,-1,227,204,228,-1,227,228,229,-1,229,228,230,-1,229,230,231,-1,231,230,232,-1,231,232,233,-1,233,232,234,-1,233,234,235,-1,235,234,236,-1,235,236,237,-1,238,187,239,-1,239,187,213,-1,239,213,240,-1,240,213,241,-1,240,241,242,-1,242,241,178,-1,242,178,238,-1,238,178,187,-1,243,213,244,-1,244,213,215,-1,244,215,245,-1,245,215,246,-1,245,246,247,-1,247,246,241,-1,247,241,243,-1,243,241,213,-1,248,215,249,-1,249,215,217,-1,249,217,250,-1,250,217,251,-1,250,251,252,-1,252,251,246,-1,252,246,248,-1,248,246,215,-1,253,217,254,-1,254,217,219,-1,254,219,255,-1,255,219,256,-1,255,256,257,-1,257,256,251,-1,257,251,253,-1,253,251,217,-1,258,219,259,-1,259,219,221,-1,259,221,260,-1,260,221,261,-1,260,261,262,-1,262,261,256,-1,262,256,258,-1,258,256,219,-1,263,221,264,-1,264,221,223,-1,264,223,265,-1,265,223,266,-1,265,266,267,-1,267,266,261,-1,267,261,263,-1,263,261,221,-1,268,223,269,-1,269,223,225,-1,269,225,270,-1,270,225,271,-1,270,271,272,-1,272,271,266,-1,272,266,268,-1,268,266,223,-1,273,274,275,-1,271,276,277,-1,276,271,278,-1,278,271,225,-1,278,225,279,-1,275,274,236,-1,236,274,280,-1,236,280,281,-1,275,271,273,-1,273,271,277,-1,273,277,281,-1,281,277,279,-1,281,279,236,-1,236,279,225,-1,236,225,237,-1,237,225,224,-1,282,236,283,-1,283,236,234,-1,283,234,284,-1,284,234,285,-1,284,285,286,-1,286,285,275,-1,286,275,282,-1,282,275,236,-1,287,234,288,-1,288,234,232,-1,288,232,289,-1,289,232,290,-1,289,290,291,-1,291,290,285,-1,291,285,287,-1,287,285,234,-1,292,232,293,-1,293,232,230,-1,293,230,294,-1,294,230,295,-1,294,295,296,-1,296,295,290,-1,296,290,292,-1,292,290,232,-1,297,228,298,-1,298,228,299,-1,298,299,300,-1,300,299,295,-1,300,295,301,-1,301,295,230,-1,301,230,297,-1,297,230,228,-1,302,204,303,-1,303,204,209,-1,303,209,304,-1,304,209,299,-1,304,299,305,-1,305,299,228,-1,305,228,302,-1,302,228,204,-1,306,307,308,-1,309,310,311,-1,308,307,312,-1,312,307,313,-1,313,307,314,-1,313,314,315,-1,311,310,316,-1,316,310,317,-1,316,317,318,-1,319,320,313,-1,321,322,323,-1,323,322,324,-1,323,324,325,-1,325,324,326,-1,325,326,327,-1,327,328,325,-1,325,328,329,-1,325,329,323,-1,323,329,330,-1,323,330,331,-1,331,330,332,-1,331,332,328,-1,328,332,333,-1,328,333,329,-1,334,335,336,-1,336,335,337,-1,336,337,338,-1,338,337,331,-1,338,331,339,-1,339,331,328,-1,339,328,334,-1,334,328,335,-1,340,341,342,-1,342,341,343,-1,342,343,344,-1,344,343,337,-1,344,337,345,-1,345,337,335,-1,345,335,340,-1,340,335,341,-1,346,347,348,-1,348,347,349,-1,348,349,350,-1,350,349,343,-1,350,343,351,-1,351,343,341,-1,351,341,346,-1,346,341,347,-1,352,353,354,-1,354,353,355,-1,354,355,356,-1,356,355,349,-1,356,349,357,-1,357,349,347,-1,357,347,352,-1,352,347,353,-1,358,359,360,-1,360,359,361,-1,360,361,362,-1,362,361,355,-1,362,355,363,-1,363,355,353,-1,363,353,358,-1,358,353,359,-1,364,365,366,-1,367,359,368,-1,366,365,368,-1,368,365,369,-1,368,369,367,-1,366,361,364,-1,364,361,370,-1,364,370,367,-1,367,370,371,-1,367,371,359,-1,359,371,372,-1,359,372,361,-1,361,372,373,-1,361,373,370,-1,374,375,376,-1,376,375,377,-1,376,377,378,-1,378,377,366,-1,378,366,379,-1,379,366,368,-1,379,368,374,-1,374,368,375,-1,380,381,382,-1,382,381,383,-1,382,383,384,-1,384,383,377,-1,384,377,385,-1,385,377,375,-1,385,375,380,-1,380,375,381,-1,386,381,387,-1,387,381,388,-1,387,388,389,-1,389,388,390,-1,389,390,391,-1,391,390,383,-1,391,383,386,-1,386,383,381,-1,392,393,394,-1,394,393,390,-1,394,390,395,-1,395,390,388,-1,395,388,396,-1,396,388,397,-1,396,397,392,-1,392,397,393,-1,398,399,400,-1,400,399,401,-1,400,401,402,-1,402,401,393,-1,402,393,403,-1,403,393,397,-1,403,397,398,-1,398,397,399,-1,404,405,406,-1,406,405,401,-1,406,401,407,-1,407,401,399,-1,407,399,408,-1,408,399,409,-1,408,409,404,-1,404,409,405,-1,410,311,411,-1,411,311,316,-1,411,316,412,-1,412,316,405,-1,412,405,413,-1,413,405,409,-1,413,409,410,-1,410,409,311,-1,308,316,306,-1,306,316,318,-1,306,318,315,-1,315,318,309,-1,315,309,313,-1,313,309,311,-1,313,311,319,-1,319,311,409,-1,319,409,414,-1,414,409,399,-1,414,399,415,-1,415,399,397,-1,415,397,416,-1,416,397,388,-1,416,388,417,-1,417,388,381,-1,417,381,418,-1,418,381,375,-1,418,375,419,-1,419,375,368,-1,419,368,420,-1,420,368,359,-1,420,359,421,-1,421,359,353,-1,421,353,422,-1,422,353,347,-1,422,347,423,-1,423,347,341,-1,423,341,424,-1,424,341,335,-1,424,335,425,-1,425,335,328,-1,425,328,426,-1,426,328,327,-1,427,428,429,-1,430,431,432,-1,433,430,434,-1,434,430,432,-1,434,432,435,-1,435,432,436,-1,435,436,437,-1,437,436,438,-1,437,438,439,-1,439,438,440,-1,439,440,441,-1,441,440,442,-1,441,442,443,-1,443,442,433,-1,443,433,434,-1,444,445,446,-1,446,445,447,-1,446,447,448,-1,448,447,449,-1,448,449,450,-1,450,449,451,-1,450,451,452,-1,452,451,453,-1,452,453,454,-1,454,453,455,-1,454,455,444,-1,444,455,445,-1,456,457,458,-1,458,457,459,-1,458,459,460,-1,460,459,461,-1,460,461,462,-1,462,461,463,-1,462,463,464,-1,464,463,465,-1,464,465,466,-1,466,465,467,-1,466,467,456,-1,456,467,457,-1,468,469,470,-1,470,469,471,-1,470,471,472,-1,472,471,473,-1,472,473,474,-1,474,473,475,-1,474,475,476,-1,476,475,477,-1,476,477,478,-1,478,477,479,-1,478,479,468,-1,468,479,469,-1,477,480,481,-1,481,480,482,-1,483,484,469,-1,482,480,485,-1,485,480,486,-1,485,486,487,-1,487,486,484,-1,487,484,488,-1,488,484,483,-1,488,483,489,-1,489,483,490,-1,489,490,481,-1,481,490,491,-1,481,491,477,-1,477,491,492,-1,477,492,479,-1,479,492,493,-1,479,493,469,-1,469,493,494,-1,469,494,483,-1,495,496,497,-1,496,495,498,-1,498,495,499,-1,498,499,500,-1,500,499,501,-1,500,501,502,-1,502,501,503,-1,502,503,504,-1,504,503,505,-1,504,505,497,-1,497,505,506,-1,497,506,495,-1,507,508,509,-1,509,508,510,-1,509,510,511,-1,511,510,512,-1,511,512,513,-1,513,512,514,-1,513,514,515,-1,515,514,516,-1,515,516,517,-1,517,516,518,-1,517,518,507,-1,507,518,508,-1,519,520,521,-1,521,520,522,-1,521,522,523,-1,523,522,524,-1,523,524,525,-1,525,524,526,-1,525,526,527,-1,527,526,528,-1,527,528,529,-1,529,528,530,-1,529,530,519,-1,519,530,520,-1,531,532,533,-1,533,532,534,-1,535,536,533,-1,533,536,537,-1,538,539,537,-1,537,539,540,-1,537,540,533,-1,533,540,541,-1,533,541,531,-1,534,532,542,-1,542,532,543,-1,542,543,544,-1,544,543,545,-1,544,545,546,-1,546,545,547,-1,546,547,548,-1,548,547,549,-1,548,549,550,-1,551,552,553,-1,553,552,554,-1,553,554,555,-1,556,427,557,-1,557,427,429,-1,557,429,555,-1,555,429,558,-1,555,558,553,-1,556,557,559,-1,559,557,560,-1,559,560,561,-1,562,563,564,-1,564,563,565,-1,564,565,566,-1,566,565,560,-1,566,560,567,-1,568,569,570,-1,567,560,571,-1,571,560,557,-1,571,557,572,-1,572,557,555,-1,572,555,570,-1,570,555,554,-1,570,554,568,-1,573,574,575,-1,575,574,576,-1,575,576,577,-1,578,579,580,-1,580,579,581,-1,580,581,582,-1,573,575,583,-1,583,575,584,-1,583,584,585,-1,585,584,586,-1,585,586,587,-1,587,586,579,-1,587,579,588,-1,588,579,578,-1,588,578,589,-1,589,578,590,-1,589,590,531,-1,531,590,591,-1,531,591,532,-1,532,591,592,-1,532,592,550,-1,550,592,582,-1,550,582,548,-1,530,593,594,-1,593,530,595,-1,595,530,528,-1,595,528,596,-1,596,528,526,-1,596,526,597,-1,597,526,544,-1,597,544,598,-1,598,544,546,-1,598,546,594,-1,594,546,548,-1,594,548,530,-1,599,508,600,-1,600,508,518,-1,600,518,601,-1,601,518,516,-1,601,516,602,-1,602,516,524,-1,602,524,603,-1,603,524,522,-1,603,522,604,-1,604,522,520,-1,604,520,599,-1,599,520,508,-1,605,510,506,-1,510,605,512,-1,512,605,606,-1,512,606,514,-1,514,606,607,-1,514,607,503,-1,503,607,608,-1,503,608,505,-1,505,608,609,-1,505,609,506,-1,506,609,610,-1,506,610,605,-1,611,484,612,-1,612,484,486,-1,612,486,613,-1,613,486,480,-1,613,480,614,-1,614,480,501,-1,614,501,615,-1,615,501,499,-1,615,499,616,-1,616,499,495,-1,616,495,611,-1,611,495,484,-1,457,617,618,-1,617,457,619,-1,619,457,467,-1,619,467,620,-1,620,467,465,-1,620,465,621,-1,621,465,475,-1,621,475,622,-1,622,475,473,-1,622,473,618,-1,618,473,471,-1,618,471,457,-1,445,623,624,-1,623,445,625,-1,625,445,455,-1,625,455,626,-1,626,455,453,-1,626,453,627,-1,627,453,463,-1,627,463,628,-1,628,463,461,-1,628,461,624,-1,624,461,459,-1,624,459,445,-1,442,629,630,-1,629,442,631,-1,631,442,440,-1,631,440,632,-1,632,440,438,-1,632,438,633,-1,633,438,451,-1,633,451,634,-1,634,451,449,-1,634,449,630,-1,630,449,447,-1,630,447,442,-1,582,581,548,-1,548,581,635,-1,548,635,530,-1,530,635,636,-1,530,636,520,-1,520,636,637,-1,520,637,508,-1,508,637,638,-1,508,638,510,-1,510,638,639,-1,510,639,506,-1,506,639,640,-1,506,640,495,-1,495,640,641,-1,495,641,484,-1,484,641,642,-1,484,642,469,-1,469,642,643,-1,469,643,471,-1,471,643,644,-1,471,644,457,-1,457,644,645,-1,457,645,459,-1,459,645,646,-1,459,646,445,-1,445,646,647,-1,445,647,447,-1,447,647,552,-1,447,552,442,-1,442,552,551,-1,442,551,433,-1,648,649,650,-1,651,652,653,-1,653,652,654,-1,653,654,650,-1,650,654,655,-1,650,655,648,-1,648,652,656,-1,656,652,651,-1,656,651,657,-1,657,651,658,-1,657,658,659,-1,659,658,649,-1,659,649,660,-1,660,649,648,-1,660,648,656,-1,661,662,663,-1,663,662,664,-1,663,664,665,-1,665,664,666,-1,665,666,667,-1,667,666,668,-1,667,668,661,-1,661,668,669,-1,661,669,662,-1,662,669,670,-1,662,670,671,-1,649,672,650,-1,650,672,673,-1,650,673,674,-1,674,673,675,-1,674,675,676,-1,676,675,677,-1,676,677,678,-1,678,677,679,-1,678,679,680,-1,680,679,681,-1,680,681,682,-1,682,681,683,-1,682,683,684,-1,684,683,685,-1,684,685,686,-1,687,670,688,-1,688,670,669,-1,688,669,689,-1,689,669,668,-1,689,668,690,-1,690,668,691,-1,690,691,692,-1,692,691,693,-1,692,693,694,-1,694,693,695,-1,694,695,696,-1,696,695,697,-1,696,697,698,-1,698,697,699,-1,698,699,700,-1,701,674,702,-1,702,674,703,-1,702,703,704,-1,704,703,653,-1,704,653,705,-1,705,653,650,-1,705,650,701,-1,701,650,674,-1,706,676,707,-1,707,676,708,-1,707,708,709,-1,709,708,703,-1,709,703,710,-1,710,703,674,-1,710,674,706,-1,706,674,676,-1,711,678,712,-1,712,678,713,-1,712,713,714,-1,714,713,708,-1,714,708,715,-1,715,708,676,-1,715,676,711,-1,711,676,678,-1,716,680,717,-1,717,680,718,-1,717,718,719,-1,719,718,713,-1,719,713,720,-1,720,713,678,-1,720,678,716,-1,716,678,680,-1,721,682,722,-1,722,682,723,-1,722,723,724,-1,724,723,718,-1,724,718,725,-1,725,718,680,-1,725,680,721,-1,721,680,682,-1,726,684,727,-1,727,684,728,-1,727,728,729,-1,729,728,723,-1,729,723,730,-1,730,723,682,-1,730,682,726,-1,726,682,684,-1,731,686,732,-1,732,686,733,-1,732,733,734,-1,734,733,728,-1,734,728,735,-1,735,728,684,-1,735,684,731,-1,731,684,686,-1,736,699,737,-1,737,699,738,-1,737,738,739,-1,685,700,686,-1,686,700,699,-1,686,699,740,-1,740,699,736,-1,738,733,739,-1,739,733,741,-1,739,741,740,-1,740,741,742,-1,740,742,686,-1,686,742,743,-1,686,743,733,-1,733,743,744,-1,733,744,741,-1,745,746,747,-1,747,746,738,-1,747,738,748,-1,748,738,699,-1,748,699,749,-1,749,699,697,-1,749,697,745,-1,745,697,746,-1,750,695,751,-1,751,695,752,-1,751,752,753,-1,753,752,746,-1,753,746,754,-1,754,746,697,-1,754,697,750,-1,750,697,695,-1,755,693,756,-1,756,693,757,-1,756,757,758,-1,758,757,752,-1,758,752,759,-1,759,752,695,-1,759,695,755,-1,755,695,693,-1,760,691,761,-1,761,691,762,-1,761,762,763,-1,763,762,757,-1,763,757,764,-1,764,757,693,-1,764,693,760,-1,760,693,691,-1,765,668,766,-1,766,668,666,-1,766,666,767,-1,767,666,762,-1,767,762,768,-1,768,762,691,-1,768,691,765,-1,765,691,668,-1,769,770,771,-1,771,770,772,-1,771,772,773,-1,774,775,776,-1,776,775,770,-1,776,770,777,-1,777,770,769,-1,772,778,773,-1,773,778,779,-1,773,779,777,-1,777,779,780,-1,777,780,776,-1,776,780,781,-1,776,781,778,-1,778,781,782,-1,778,782,779,-1,783,784,785,-1,785,784,786,-1,785,786,787,-1,787,786,788,-1,789,770,790,-1,790,770,791,-1,790,791,792,-1,792,791,793,-1,792,793,794,-1,794,793,772,-1,794,772,789,-1,789,772,770,-1,793,795,796,-1,795,793,797,-1,797,793,791,-1,797,791,798,-1,798,791,799,-1,798,799,796,-1,796,799,800,-1,796,800,793,-1,801,799,802,-1,802,799,803,-1,802,803,804,-1,804,803,805,-1,804,805,806,-1,806,805,800,-1,806,800,801,-1,801,800,799,-1,805,807,808,-1,807,805,809,-1,809,805,803,-1,809,803,810,-1,810,803,811,-1,810,811,808,-1,808,811,812,-1,808,812,805,-1,812,813,814,-1,813,812,815,-1,815,812,811,-1,815,811,816,-1,816,811,817,-1,816,817,814,-1,814,817,818,-1,814,818,812,-1,819,817,820,-1,820,817,821,-1,820,821,822,-1,822,821,823,-1,822,823,824,-1,824,823,818,-1,824,818,819,-1,819,818,817,-1,825,821,826,-1,826,821,827,-1,826,827,828,-1,828,827,829,-1,828,829,830,-1,830,829,823,-1,830,823,825,-1,825,823,821,-1,831,832,833,-1,834,835,827,-1,833,832,836,-1,836,832,837,-1,836,837,838,-1,827,835,829,-1,829,835,839,-1,829,839,840,-1,827,836,834,-1,834,836,838,-1,834,838,840,-1,840,838,831,-1,840,831,829,-1,829,831,833,-1,841,836,842,-1,842,836,843,-1,842,843,844,-1,844,843,845,-1,844,845,846,-1,846,845,833,-1,846,833,841,-1,841,833,836,-1,847,843,848,-1,848,843,849,-1,848,849,850,-1,850,849,851,-1,850,851,852,-1,852,851,845,-1,852,845,847,-1,847,845,843,-1,853,849,854,-1,854,849,855,-1,854,855,856,-1,856,855,857,-1,856,857,858,-1,858,857,851,-1,858,851,853,-1,853,851,849,-1,859,855,860,-1,860,855,861,-1,860,861,862,-1,862,861,863,-1,862,863,864,-1,864,863,857,-1,864,857,859,-1,859,857,855,-1,865,861,866,-1,866,861,867,-1,866,867,868,-1,868,867,869,-1,868,869,870,-1,870,869,863,-1,870,863,865,-1,865,863,861,-1,871,867,872,-1,872,867,786,-1,872,786,873,-1,873,786,784,-1,873,784,874,-1,874,784,869,-1,874,869,871,-1,871,869,867,-1,775,875,770,-1,770,875,876,-1,770,876,791,-1,791,876,877,-1,791,877,799,-1,799,877,878,-1,799,878,803,-1,803,878,879,-1,803,879,811,-1,811,879,880,-1,811,880,817,-1,817,880,881,-1,817,881,821,-1,821,881,882,-1,821,882,827,-1,827,882,883,-1,827,883,836,-1,836,883,884,-1,836,884,843,-1,843,884,885,-1,843,885,849,-1,849,885,886,-1,849,886,855,-1,855,886,887,-1,855,887,861,-1,861,887,888,-1,861,888,867,-1,867,888,889,-1,867,889,786,-1,786,889,890,-1,786,890,788,-1,788,890,891,-1,892,893,894,-1,895,896,894,-1,894,896,897,-1,894,897,892,-1,898,899,900,-1,901,902,903,-1,898,904,905,-1,905,904,906,-1,905,906,903,-1,903,906,907,-1,903,907,901,-1,901,904,908,-1,908,904,898,-1,908,898,909,-1,909,898,900,-1,909,900,910,-1,910,900,902,-1,910,902,911,-1,911,902,901,-1,911,901,908,-1,912,913,914,-1,913,912,915,-1,915,912,916,-1,915,916,917,-1,917,916,905,-1,917,905,914,-1,914,905,903,-1,914,903,912,-1,918,912,919,-1,919,912,920,-1,919,920,921,-1,921,920,922,-1,921,922,923,-1,923,922,916,-1,923,916,918,-1,918,916,912,-1,924,925,926,-1,925,924,927,-1,927,924,928,-1,927,928,929,-1,929,928,922,-1,929,922,926,-1,926,922,920,-1,926,920,924,-1,930,924,931,-1,931,924,932,-1,931,932,933,-1,933,932,934,-1,933,934,935,-1,935,934,928,-1,935,928,930,-1,930,928,924,-1,936,932,937,-1,937,932,938,-1,937,938,939,-1,939,938,940,-1,939,940,941,-1,941,940,934,-1,941,934,936,-1,936,934,932,-1,942,938,943,-1,943,938,944,-1,943,944,945,-1,945,944,946,-1,945,946,947,-1,947,946,940,-1,947,940,942,-1,942,940,938,-1,948,944,949,-1,949,944,950,-1,949,950,951,-1,951,950,952,-1,951,952,953,-1,953,952,946,-1,953,946,948,-1,948,946,944,-1,954,955,956,-1,957,958,950,-1,956,955,959,-1,959,955,960,-1,959,960,961,-1,950,958,952,-1,952,958,962,-1,952,962,963,-1,950,959,957,-1,957,959,961,-1,957,961,963,-1,963,961,954,-1,963,954,952,-1,952,954,956,-1,964,959,965,-1,965,959,966,-1,965,966,967,-1,967,966,968,-1,967,968,969,-1,969,968,956,-1,969,956,964,-1,964,956,959,-1,970,971,972,-1,971,970,973,-1,973,970,974,-1,973,974,975,-1,975,974,968,-1,975,968,972,-1,972,968,966,-1,972,966,970,-1,976,977,978,-1,977,976,979,-1,979,976,980,-1,979,980,981,-1,981,980,974,-1,981,974,978,-1,978,974,970,-1,978,970,976,-1,982,976,983,-1,983,976,984,-1,983,984,985,-1,985,984,986,-1,985,986,987,-1,987,986,980,-1,987,980,982,-1,982,980,976,-1,988,984,989,-1,989,984,990,-1,989,990,991,-1,991,990,992,-1,991,992,993,-1,993,992,986,-1,993,986,988,-1,988,986,984,-1,892,994,995,-1,994,892,996,-1,996,892,897,-1,996,897,997,-1,997,897,992,-1,997,992,995,-1,995,992,990,-1,995,990,892,-1,902,998,903,-1,903,998,999,-1,903,999,912,-1,912,999,1000,-1,912,1000,920,-1,920,1000,1001,-1,920,1001,924,-1,924,1001,1002,-1,924,1002,932,-1,932,1002,1003,-1,932,1003,938,-1,938,1003,1004,-1,938,1004,944,-1,944,1004,1005,-1,944,1005,950,-1,950,1005,1006,-1,950,1006,959,-1,959,1006,1007,-1,959,1007,966,-1,966,1007,1008,-1,966,1008,970,-1,970,1008,1009,-1,970,1009,976,-1,976,1009,1010,-1,976,1010,984,-1,984,1010,1011,-1,984,1011,990,-1,990,1011,1012,-1,990,1012,892,-1,892,1012,1013,-1,892,1013,893,-1,893,1013,1014,-1,664,662,320,-1,320,662,671,-1,671,1015,320,-1,320,1015,1016,-1,320,1016,1017,-1,1017,1018,320,-1,320,1018,1019,-1,320,1019,313,-1,1020,1019,1021,-1,1020,1022,1019,-1,1019,1022,312,-1,1019,312,313,-1,1021,1023,1020,-1,1020,1023,1024,-1,1020,1024,1025,-1,1026,1027,1028,-1,1028,1027,1029,-1,1028,1029,1030,-1,1031,1032,1033,-1,1030,1034,1028,-1,1028,1034,1035,-1,1028,1035,1036,-1,1036,1037,1028,-1,1028,1037,1038,-1,1028,1038,1020,-1,1039,1031,1025,-1,1025,1031,1033,-1,1025,1033,1020,-1,1020,1033,1040,-1,1020,1040,1028,-1,1040,1041,1028,-1,1028,1041,1042,-1,1028,1042,1026,-1,1026,1042,1043,-1,1026,1043,1044,-1,1030,1029,1044,-1,1044,1029,1027,-1,1044,1027,1026,-1,1030,1044,1034,-1,1034,1044,1045,-1,1034,1045,1046,-1,1047,1036,1046,-1,1046,1036,1035,-1,1046,1035,1034,-1,1047,1048,1036,-1,1036,1048,1049,-1,1036,1049,1037,-1,1037,1049,1050,-1,1037,1050,1038,-1,1038,1050,1051,-1,1038,1051,1020,-1,1051,1052,1020,-1,1020,1052,1053,-1,1020,1053,1022,-1,1022,1053,308,-1,1022,308,312,-1,651,327,326,-1,326,324,651,-1,651,324,322,-1,651,322,658,-1,658,322,1054,-1,658,1054,1055,-1,1055,1054,1056,-1,1056,1054,1057,-1,1056,1057,1058,-1,1059,1060,1061,-1,1058,1062,1056,-1,1056,1062,1063,-1,1056,1063,1064,-1,1064,1065,1056,-1,1056,1065,1066,-1,1056,1066,1067,-1,1060,1068,1061,-1,1061,1068,1069,-1,1061,1069,1056,-1,1070,1071,1072,-1,1073,1061,1074,-1,1074,1061,1075,-1,1073,1076,1061,-1,1061,1076,1077,-1,1061,1077,1059,-1,1078,1070,1067,-1,1067,1070,1072,-1,1067,1072,1056,-1,1056,1072,1079,-1,1056,1079,1061,-1,322,321,1054,-1,1054,321,1080,-1,1054,1080,1057,-1,1057,1080,1081,-1,1057,1081,1058,-1,1058,1081,1082,-1,1058,1082,1062,-1,1062,1082,1063,-1,1063,1082,1083,-1,1063,1083,1084,-1,1085,1065,1084,-1,1084,1065,1064,-1,1084,1064,1063,-1,1085,1086,1065,-1,1065,1086,1087,-1,1065,1087,1066,-1,1066,1087,1088,-1,1066,1088,1067,-1,1067,1088,1089,-1,1067,1089,1078,-1,1078,1089,1070,-1,1090,1091,1072,-1,1089,1092,1070,-1,1070,1092,1090,-1,1070,1090,1071,-1,1071,1090,1072,-1,
        ]
    }
}
Shape{
    appearance Appearance {
        material  Material 	{
            diffuseColor 0.7529411764705882 0.7529411764705882 0.7529411764705882
            specularColor 0.3764705882352941 0.3764705882352941 0.3764705882352941
            ambientIntensity 0.2
            transparency 0
            shininess 0.5
        }
    }
    geometry IndexedFaceSet {
        ccw TRUE
        solid FALSE
        coord DEF co Coordinate {
            point [
                1.2283 0.3465 -0.0669, 1.2087 0.3465 -0.0472, 1.2283 0.3819 -0.0669, 1.2087 0.3819 -0.0472, 1.2087 0.3819 -0.0472
            ]
        }
        coordIndex [
            0,1,2,-1,2,1,3,-1,
        ]
    }
}
Shape{
    appearance Appearance {
        material  Material 	{
            diffuseColor 0.25098039215686274 0.25098039215686274 0.25098039215686274
            specularColor 0.12549019607843137 0.12549019607843137 0.12549019607843137
            ambientIntensity 0.2
            transparency 0
            shininess 0.5
        }
    }
    geometry IndexedFaceSet {
        ccw TRUE
        solid FALSE
        coord DEF co Coordinate {
            point [
                -1.4685 0.248 -0.0138, -1.4685 0.0748 -0.0138, -1.4685 0.248 0.0342, -1.4685 0.0748 0.0591, -1.4685 0.248 0.0781, -1.4685 0.248 0.0975, -1.4685 -0.0748 0.0591, -1.4685 -0.248 0.0975, -1.4685 -0.248 -0.0089, -1.4685 -0.0748 -0.0138, -1.4685 -0.248 -0.0138, -1.4685 -0.248 -0.0138
            ]
        }
        coordIndex [
            0,1,2,-1,2,1,3,-1,2,3,4,-1,4,3,5,-1,5,3,6,-1,5,6,7,-1,7,6,8,-1,8,6,9,-1,8,9,10,-1,
        ]
    }
}
Shape{
    appearance Appearance {
        material  Material 	{
            diffuseColor 0.7529411764705882 0.7529411764705882 0.7529411764705882
            specularColor 0.3764705882352941 0.3764705882352941 0.3764705882352941
            ambientIntensity 0.2
            transparency 0
            shininess 0.5
        }
    }
    geometry IndexedFaceSet {
        ccw TRUE
        solid FALSE
        coord DEF co Coordinate {
            point [
                1.4552 0.3465 0.0079, 1.4552 0.3819 0.0079, 1.5551 0.3465 0.0079, 1.5866 0.3819 0.0079, 1.5551 0.2953 0.0079, 1.5866 0.2953 0.0079, 1.5866 0.2953 0.0079
            ]
        }
        coordIndex [
            0,1,2,-1,2,1,3,-1,2,3,4,-1,4,3,5,-1,
        ]
    }
}
Shape{
    appearance Appearance {
        material  Material 	{
            diffuseColor 0.25098039215686274 0.25098039215686274 0.25098039215686274
            specularColor 0.12549019607843137 0.12549019607843137 0.12549019607843137
            ambientIntensity 0.2
            transparency 0
            shininess 0.5
        }
    }
    geometry IndexedFaceSet {
        ccw TRUE
        solid FALSE
        coord DEF co Coordinate {
            point [
                1.1969 -0.3465 0.0748, 1.1969 -0.3465 0.1299, 1.1969 -0.3937 0.1299, 1.1969 -0.3465 -0.0709, 1.1969 -0.3691 -0.0709, 1.1969 -0.3937 -0.0709, 1.1969 -0.3937 -0.0709
            ]
        }
        coordIndex [
            0,1,2,-1,3,0,4,-1,4,0,2,-1,4,2,5,-1,
        ]
    }
}
Shape{
    appearance Appearance {
        material  Material 	{
            diffuseColor 0.7529411764705882 0.7529411764705882 0.7529411764705882
            specularColor 0.3764705882352941 0.3764705882352941 0.3764705882352941
            ambientIntensity 0.2
            transparency 0
            shininess 0.5
        }
    }
    geometry IndexedFaceSet {
        ccw TRUE
        solid FALSE
        coord DEF co Coordinate {
            point [
                1.2776 0.2251 0.0581, 1.2776 0.2475 0.0268, 1.2776 0.248 0.0268, 1.2776 0.2268 0.1015, 1.2776 0.2225 0.0951, 1.2776 0.248 0.0827, 1.2776 0.2197 0.0878, 1.2776 0.248 0.0781, 1.2776 0.2185 0.0801, 1.2776 0.2191 0.0724, 1.2776 0.3465 0.0669, 1.2776 0.3819 0.0669, 1.2776 0.3465 0.0748, 1.2776 0.3819 0.0827, 1.2776 0.3803 0.0949, 1.2776 0.2213 0.0649, 1.2776 0.248 0.0342, 1.2776 0.3756 0.1063, 1.2776 0.3681 0.1161, 1.2776 0.3583 0.1236, 1.2776 0.3469 0.1283, 1.2776 0.3346 0.1299, 1.2776 0.2672 0.1299, 1.2776 0.2595 0.1291, 1.2776 0.2522 0.1266, 1.2776 0.2456 0.1226, 1.2776 0.24 0.1173, 1.2776 -0.2475 0.0268, 1.2087 -0.2475 0.0268, 1.2776 -0.2251 0.0581, 1.2087 -0.2251 0.0581, 1.2087 -0.2251 0.0581
            ]
        }
        coordIndex [
            0,1,2,-1,3,4,5,-1,5,4,6,-1,5,6,7,-1,7,6,8,-1,7,8,9,-1,10,11,12,-1,12,11,13,-1,12,13,14,-1,9,15,7,-1,7,15,0,-1,7,0,16,-1,16,0,2,-1,14,17,12,-1,12,17,18,-1,12,18,19,-1,19,20,12,-1,12,20,21,-1,12,21,5,-1,21,22,5,-1,5,22,23,-1,5,23,24,-1,24,25,5,-1,5,25,26,-1,5,26,3,-1,27,28,29,-1,29,28,30,-1,
        ]
    }
}
Shape{
    appearance Appearance {
        material  Material 	{
            diffuseColor 0.25098039215686274 0.25098039215686274 0.25098039215686274
            specularColor 0.12549019607843137 0.12549019607843137 0.12549019607843137
            ambientIntensity 0.2
            transparency 0
            shininess 0.5
        }
    }
    geometry IndexedFaceSet {
        ccw TRUE
        solid FALSE
        coord DEF co Coordinate {
            point [
                -1.1713 0.2992 -0.0709, -1.1614 0.2992 -0.0709, -1.1713 0.2992 -0.1299, -1.0335 0.2992 -0.0709, -0.8957 0.2992 -0.0709, -0.7579 0.2992 -0.0709, -0.6201 0.2992 -0.0709, -0.4823 0.2992 -0.0709, -0.3445 0.2992 -0.0709, -0.0689 0.2992 -0.0709, 1.1713 0.2992 -0.1299, 0.0689 0.2992 -0.0709, 0.2067 0.2992 -0.0709, 0.3445 0.2992 -0.0709, 0.4823 0.2992 -0.0709, 0.6201 0.2992 -0.0709, 0.7579 0.2992 -0.0709, 0.8957 0.2992 -0.0709, 1.1713 0.2992 -0.0709, 1.1713 0.2992 -0.0709
            ]
        }
        coordIndex [
            0,1,2,-1,2,1,3,-1,2,3,4,-1,4,5,2,-1,2,5,6,-1,2,6,7,-1,7,8,2,-1,2,8,9,-1,2,9,10,-1,10,9,11,-1,10,11,12,-1,12,13,10,-1,10,13,14,-1,10,14,15,-1,15,16,10,-1,10,16,17,-1,10,17,18,-1,
        ]
    }
}
Shape{
    appearance Appearance {
        material  Material 	{
            diffuseColor 0.7529411764705882 0.7529411764705882 0.7529411764705882
            specularColor 0.3764705882352941 0.3764705882352941 0.3764705882352941
            ambientIntensity 0.2
            transparency 0
            shininess 0.5
        }
    }
    geometry IndexedFaceSet {
        ccw TRUE
        solid FALSE
        coord DEF co Coordinate {
            point [
                -1.6457 0.1457 -0.1063, -1.6457 0.2343 -0.1063, -1.6457 0.1457 -0.1299, -1.6457 0.2343 -0.1299, -1.587 -0.1457 -0.0941, -1.5866 -0.1457 -0.0906, -1.5866 -0.1457 -0.1299, -1.5812 -0.1457 -0.1378, -1.622 -0.1457 -0.1378, -1.6299 -0.1457 -0.1299, -1.5882 -0.1457 -0.0974, -1.5551 -0.1457 -0.1299, -1.5633 -0.1457 -0.1342, -1.5721 -0.1457 -0.1369, -1.5989 -0.1457 -0.1059, -1.5955 -0.1457 -0.1047, -1.6024 -0.1457 -0.1063, -1.5925 -0.1457 -0.1029, -1.59 -0.1457 -0.1004, -1.6457 -0.1457 -0.1063, -1.6457 -0.1457 -0.1299, -1.6457 -0.1457 -0.1299
            ]
        }
        coordIndex [
            0,1,2,-1,2,1,3,-1,4,5,6,-1,7,8,6,-1,6,8,9,-1,4,6,10,-1,11,12,6,-1,6,12,13,-1,6,13,7,-1,14,15,6,-1,14,6,16,-1,15,17,6,-1,6,17,18,-1,6,18,10,-1,16,6,19,-1,19,6,9,-1,19,9,20,-1,
        ]
    }
}
Shape{
    appearance Appearance {
        material  Material 	{
            diffuseColor 0.25098039215686274 0.25098039215686274 0.25098039215686274
            specularColor 0.12549019607843137 0.12549019607843137 0.12549019607843137
            ambientIntensity 0.2
            transparency 0
            shininess 0.5
        }
    }
    geometry IndexedFaceSet {
        ccw TRUE
        solid FALSE
        coord DEF co Coordinate {
            point [
                -1.6142 0.2421 -0.1299, -1.5551 0.2421 -0.1299, -1.6339 0.2421 -0.1102, -1.5551 0.2421 -0.0236, -1.6535 0.2421 -0.1102, -1.6535 0.2421 -0.0236, -1.6535 0.2421 -0.0236
            ]
        }
        coordIndex [
            0,1,2,-1,2,1,3,-1,2,3,4,-1,4,3,5,-1,
        ]
    }
}
Shape{
    appearance Appearance {
        material  Material 	{
            diffuseColor 0.7529411764705882 0.7529411764705882 0.7529411764705882
            specularColor 0.3764705882352941 0.3764705882352941 0.3764705882352941
            ambientIntensity 0.2
            transparency 0
            shininess 0.5
        }
    }
    geometry IndexedFaceSet {
        ccw TRUE
        solid FALSE
        coord DEF co Coordinate {
            point [
                1.2087 0.24 0.1173, 1.2776 0.24 0.1173, 1.2776 0.2456 0.1226, 1.2087 0.2456 0.1226, 1.2776 0.2522 0.1266, 1.2087 0.2522 0.1266, 1.2776 0.2595 0.1291, 1.2087 0.2595 0.1291, 1.2776 0.2672 0.1299, 1.2087 0.2672 0.1299, 1.2087 0.2672 0.1299
            ]
        }
        coordIndex [
            0,1,2,-1,0,2,3,-1,3,2,4,-1,3,4,5,-1,5,4,6,-1,5,6,7,-1,7,6,8,-1,7,8,9,-1,
        ]
    }
}
Shape{
    appearance Appearance {
        material  Material 	{
            diffuseColor 0.25098039215686274 0.25098039215686274 0.25098039215686274
            specularColor 0.12549019607843137 0.12549019607843137 0.12549019607843137
            ambientIntensity 0.2
            transparency 0
            shininess 0.5
        }
    }
    geometry IndexedFaceSet {
        ccw TRUE
        solid FALSE
        coord DEF co Coordinate {
            point [
                -1.5551 0.2421 -0.0236, -1.5551 0.2421 -0.1299, -1.5551 0.2343 -0.1299, -1.5551 0.3465 0.0079, -1.5551 0.3465 -0.0039, -1.5551 0.25 0.0079, -1.5551 0.2618 -0.0039, -1.5551 0.2465 0.0075, -1.5551 0.2432 0.0063, -1.5551 0.2343 -0.0079, -1.5551 0.2346 -0.0044, -1.5551 0.2358 -0.001, -1.5551 0.2377 0.0019, -1.5551 0.2402 0.0044, -1.5551 0.2402 0.0044
            ]
        }
        coordIndex [
            0,1,2,-1,3,4,5,-1,5,4,6,-1,5,6,7,-1,7,6,0,-1,7,0,8,-1,2,9,0,-1,0,9,10,-1,0,10,11,-1,11,12,0,-1,0,12,13,-1,0,13,8,-1,
        ]
    }
}
Shape{
    appearance Appearance {
        material  Material 	{
            diffuseColor 0.7529411764705882 0.7529411764705882 0.7529411764705882
            specularColor 0.3764705882352941 0.3764705882352941 0.3764705882352941
            ambientIntensity 0.2
            transparency 0
            shininess 0.5
        }
    }
    geometry IndexedFaceSet {
        ccw TRUE
        solid FALSE
        coord DEF co Coordinate {
            point [
                -1.2776 0.3819 0.0827, -1.2746 0.3819 0.0827, -1.2776 0.3504 0.0827, -1.2746 0.3504 0.0827, -1.3308 -0.2492 0.1326, -1.445 -0.2527 0.1425, -1.3308 -0.2527 0.1425, -1.445 -0.2583 0.1515, -1.3308 -0.2583 0.1515, -1.445 -0.2658 0.159, -1.3308 -0.2658 0.159, -1.445 -0.2748 0.1646, -1.3308 -0.2748 0.1646, -1.445 -0.2848 0.1681, -1.3308 -0.2848 0.1681, -1.445 -0.2953 0.1693, -1.3308 -0.2953 0.1693, -1.4439 -0.248 0.122, -1.4466 -0.2482 0.1261, -1.445 -0.2487 0.1299, -1.4483 -0.2484 0.128, -1.4499 -0.2487 0.1299, -1.3308 -0.248 0.122, -1.3308 -0.2487 0.1299, -1.445 -0.2492 0.1326, -1.2746 0.3819 0.0669, -1.2746 0.3465 0.0669, -1.2746 0.3465 0.0748, -1.2746 0.3465 0.0827, 1.6457 0.2343 -0.1063, 1.6024 0.2343 -0.1063, 1.6457 0.1457 -0.1063, 1.6024 0.1457 -0.1063, -1.4439 0.248 0.122, -1.3308 0.248 0.122, -1.445 0.2487 0.1299, -1.3308 0.2487 0.1299, -1.445 0.2492 0.1326, -1.4499 0.2487 0.1299, -1.4483 0.2484 0.128, -1.4466 0.2482 0.126, -1.3308 0.2492 0.1326, -1.3308 0.2527 0.1425, -1.445 0.2527 0.1425, -1.3308 0.2583 0.1515, -1.445 0.2583 0.1515, -1.3308 0.2658 0.159, -1.445 0.2658 0.159, -1.3308 0.2748 0.1646, -1.445 0.2748 0.1646, -1.3308 0.2848 0.1681, -1.445 0.2848 0.1681, -1.3308 0.2953 0.1693, -1.445 0.2953 0.1693, -1.445 0.2953 0.1693
            ]
        }
        coordIndex [
            0,1,2,-1,2,1,3,-1,4,5,6,-1,6,5,7,-1,6,7,8,-1,8,7,9,-1,8,9,10,-1,10,9,11,-1,10,11,12,-1,12,11,13,-1,12,13,14,-1,14,13,15,-1,14,15,16,-1,17,18,19,-1,19,18,20,-1,19,20,21,-1,22,17,23,-1,23,17,19,-1,23,19,4,-1,4,19,24,-1,4,24,5,-1,25,26,1,-1,1,26,27,-1,1,27,3,-1,3,27,28,-1,29,30,31,-1,31,30,32,-1,33,34,35,-1,35,34,36,-1,35,36,37,-1,38,39,35,-1,35,39,40,-1,35,40,33,-1,36,41,37,-1,37,41,42,-1,37,42,43,-1,43,42,44,-1,43,44,45,-1,45,44,46,-1,45,46,47,-1,47,46,48,-1,47,48,49,-1,49,48,50,-1,49,50,51,-1,51,50,52,-1,51,52,53,-1,
        ]
    }
}
Shape{
    appearance Appearance {
        material  Material 	{
            diffuseColor 0.25098039215686274 0.25098039215686274 0.25098039215686274
            specularColor 0.12549019607843137 0.12549019607843137 0.12549019607843137
            ambientIntensity 0.2
            transparency 0
            shininess 0.5
        }
    }
    geometry IndexedFaceSet {
        ccw TRUE
        solid FALSE
        coord DEF co Coordinate {
            point [
                -1.1969 -0.3465 0.0748, -1.1969 -0.3465 -0.0709, -1.1969 -0.3691 -0.0709, -1.1969 -0.3937 -0.0709, -1.1969 -0.3937 0.1299, -1.1969 -0.3465 0.1299, -1.1969 -0.3465 0.1299
            ]
        }
        coordIndex [
            0,1,2,-1,3,4,2,-1,2,4,5,-1,2,5,0,-1,
        ]
    }
}
Shape{
    appearance Appearance {
        material  Material 	{
            diffuseColor 0.7529411764705882 0.7529411764705882 0.7529411764705882
            specularColor 0.3764705882352941 0.3764705882352941 0.3764705882352941
            ambientIntensity 0.2
            transparency 0
            shininess 0.5
        }
    }
    geometry IndexedFaceSet {
        ccw TRUE
        solid FALSE
        coord DEF co Coordinate {
            point [
                -1.5551 -0.1457 -0.1299, -1.5551 -0.2343 -0.1299, -1.5633 -0.2343 -0.1342, -1.5633 -0.1457 -0.1342, -1.5721 -0.2343 -0.1369, -1.5721 -0.1457 -0.1369, -1.5812 -0.2343 -0.1378, -1.5812 -0.1457 -0.1378, 1.3297 -0.3819 0.0554, 1.3297 -0.3465 0.0554, 1.3265 -0.3819 0.0531, 1.3265 -0.3465 0.0531, 1.3229 -0.3819 0.0517, 1.3229 -0.3465 0.0517, 1.319 -0.3819 0.0512, 1.319 -0.3465 0.0512, 1.319 -0.3465 0.0512
            ]
        }
        coordIndex [
            0,1,2,-1,0,2,3,-1,3,2,4,-1,3,4,5,-1,5,4,6,-1,5,6,7,-1,8,9,10,-1,10,9,11,-1,10,11,12,-1,12,11,13,-1,12,13,14,-1,14,13,15,-1,
        ]
    }
}
Shape{
    appearance Appearance {
        material  Material 	{
            diffuseColor 0.25098039215686274 0.25098039215686274 0.25098039215686274
            specularColor 0.12549019607843137 0.12549019607843137 0.12549019607843137
            ambientIntensity 0.2
            transparency 0
            shininess 0.5
        }
    }
    geometry IndexedFaceSet {
        ccw TRUE
        solid FALSE
        coord DEF co Coordinate {
            point [
                1.5866 -0.2618 -0.0039, 1.6535 -0.2618 -0.0039, 1.5866 -0.2421 -0.0236, 1.6535 -0.2421 -0.0236, 1.2776 -0.2475 0.0268, 1.2776 -0.248 0.0268, 1.2087 -0.2475 0.0268, 1.2087 -0.248 0.0268, 1.2087 -0.248 0.0268
            ]
        }
        coordIndex [
            0,1,2,-1,2,1,3,-1,4,5,6,-1,6,5,7,-1,
        ]
    }
}
Shape{
    appearance Appearance {
        material  Material 	{
            diffuseColor 0.7529411764705882 0.7529411764705882 0.7529411764705882
            specularColor 0.3764705882352941 0.3764705882352941 0.3764705882352941
            ambientIntensity 0.2
            transparency 0
            shininess 0.5
        }
    }
    geometry IndexedFaceSet {
        ccw TRUE
        solid FALSE
        coord DEF co Coordinate {
            point [
                -1.2746 0.3504 0.0827, -1.2746 0.3465 0.0827, -1.2087 0.3504 0.0827, -1.2057 0.3465 0.0827, -1.2087 0.3819 0.0827, -1.2057 0.3819 0.0827, -1.2057 0.3819 0.0827
            ]
        }
        coordIndex [
            0,1,2,-1,2,1,3,-1,2,3,4,-1,4,3,5,-1,
        ]
    }
}
Shape{
    appearance Appearance {
        material  Material 	{
            diffuseColor 0.25098039215686274 0.25098039215686274 0.25098039215686274
            specularColor 0.12549019607843137 0.12549019607843137 0.12549019607843137
            ambientIntensity 0.2
            transparency 0
            shininess 0.5
        }
    }
    geometry IndexedFaceSet {
        ccw TRUE
        solid FALSE
        coord DEF co Coordinate {
            point [
                -1.6535 -0.2421 -0.0236, -1.6535 -0.2618 -0.0039, -1.5551 -0.2421 -0.0236, -1.5551 -0.2618 -0.0039, -1.5551 -0.2618 -0.0039
            ]
        }
        coordIndex [
            0,1,2,-1,2,1,3,-1,
        ]
    }
}
Shape{
    appearance Appearance {
        material  Material 	{
            diffuseColor 0.7529411764705882 0.7529411764705882 0.7529411764705882
            specularColor 0.3764705882352941 0.3764705882352941 0.3764705882352941
            ambientIntensity 0.2
            transparency 0
            shininess 0.5
        }
    }
    geometry IndexedFaceSet {
        ccw TRUE
        solid FALSE
        coord DEF co Coordinate {
            point [
                -1.2087 -0.2251 0.0581, -1.2776 -0.2251 0.0581, -1.2776 -0.2213 0.0649, -1.2087 -0.2213 0.0649, -1.2776 -0.2191 0.0724, -1.2087 -0.2191 0.0724, -1.2776 -0.2185 0.0801, -1.2087 -0.2185 0.0801, -1.2776 -0.2197 0.0878, -1.2087 -0.2197 0.0878, -1.2776 -0.2225 0.0951, -1.2087 -0.2225 0.0951, -1.2776 -0.2268 0.1015, -1.2087 -0.2268 0.1015, -1.2776 0.2251 0.0581, -1.2087 0.2251 0.0581, -1.2087 0.2213 0.0649, -1.2776 0.2213 0.0649, -1.2087 0.2191 0.0724, -1.2776 0.2191 0.0724, -1.2087 0.2185 0.0801, -1.2776 0.2185 0.0801, -1.2087 0.2197 0.0878, -1.2776 0.2197 0.0878, -1.2087 0.2225 0.0951, -1.2776 0.2225 0.0951, -1.2087 0.2268 0.1015, -1.2776 0.2268 0.1015, -1.622 -0.1457 -0.1378, -1.5812 -0.1457 -0.1378, -1.622 -0.2343 -0.1378, -1.5812 -0.2343 -0.1378, -1.5812 -0.2343 -0.1378
            ]
        }
        coordIndex [
            0,1,2,-1,0,2,3,-1,3,2,4,-1,3,4,5,-1,5,4,6,-1,5,6,7,-1,7,6,8,-1,7,8,9,-1,9,8,10,-1,9,10,11,-1,11,10,12,-1,11,12,13,-1,14,15,16,-1,14,16,17,-1,17,16,18,-1,17,18,19,-1,19,18,20,-1,19,20,21,-1,21,20,22,-1,21,22,23,-1,23,22,24,-1,23,24,25,-1,25,24,26,-1,25,26,27,-1,28,29,30,-1,30,29,31,-1,
        ]
    }
}
Shape{
    appearance Appearance {
        material  Material 	{
            diffuseColor 0.25098039215686274 0.25098039215686274 0.25098039215686274
            specularColor 0.12549019607843137 0.12549019607843137 0.12549019607843137
            ambientIntensity 0.2
            transparency 0
            shininess 0.5
        }
    }
    geometry IndexedFaceSet {
        ccw TRUE
        solid FALSE
        coord DEF co Coordinate {
            point [
                1.2795 -0.122 0.0531, 1.2795 -0.122 -0.0472, 1.2795 0.122 0.0531, 1.2795 0.122 -0.0472, -1.2776 0.2581 0.1021, -1.2087 0.2581 0.1021, -1.2776 0.2449 0.0863, -1.2087 0.2449 0.0863, 1.4331 0.0748 0.0591, 1.4331 0.0748 -0.0591, 1.4331 -0.0748 0.0591, 1.4331 -0.0748 -0.0591, 1.4626 0.3465 -0.1299, 1.4626 0.3465 -0.0039, 1.4626 0.3937 -0.1299, 1.4626 0.3937 -0.0039, 1.4626 0.3937 -0.0039
            ]
        }
        coordIndex [
            0,1,2,-1,2,1,3,-1,4,5,6,-1,6,5,7,-1,8,9,10,-1,10,9,11,-1,12,13,14,-1,14,13,15,-1,
        ]
    }
}
Shape{
    appearance Appearance {
        material  Material 	{
            diffuseColor 0.7529411764705882 0.7529411764705882 0.7529411764705882
            specularColor 0.3764705882352941 0.3764705882352941 0.3764705882352941
            ambientIntensity 0.2
            transparency 0
            shininess 0.5
        }
    }
    geometry IndexedFaceSet {
        ccw TRUE
        solid FALSE
        coord DEF co Coordinate {
            point [
                1.319 -0.3819 0.0512, 1.319 -0.3465 0.0512, 1.2933 -0.3819 0.0512, 1.2933 -0.3465 0.0512, 1.3308 -0.3109 0.1693, 1.3308 -0.3109 0.1299, 1.4055 -0.3819 0.1693, 1.3682 -0.3465 0.1299, 1.4055 -0.3819 0.1299, 1.4055 -0.3819 0.1299
            ]
        }
        coordIndex [
            0,1,2,-1,2,1,3,-1,4,5,6,-1,6,5,7,-1,6,7,8,-1,
        ]
    }
}
Shape{
    appearance Appearance {
        material  Material 	{
            diffuseColor 0.25098039215686274 0.25098039215686274 0.25098039215686274
            specularColor 0.12549019607843137 0.12549019607843137 0.12549019607843137
            ambientIntensity 0.2
            transparency 0
            shininess 0.5
        }
    }
    geometry IndexedFaceSet {
        ccw TRUE
        solid FALSE
        coord DEF co Coordinate {
            point [
                -1.2746 0.3465 0.0748, -1.2057 0.3465 0.0748, -1.2746 0.3465 0.0827, -1.2057 0.3465 0.0827, -1.2057 0.3465 0.0827
            ]
        }
        coordIndex [
            0,1,2,-1,2,1,3,-1,
        ]
    }
}
Shape{
    appearance Appearance {
        material  Material 	{
            diffuseColor 0.7529411764705882 0.7529411764705882 0.7529411764705882
            specularColor 0.3764705882352941 0.3764705882352941 0.3764705882352941
            ambientIntensity 0.2
            transparency 0
            shininess 0.5
        }
    }
    geometry IndexedFaceSet {
        ccw TRUE
        solid FALSE
        coord DEF co Coordinate {
            point [
                1.2087 0.3346 0.1299, 1.2776 0.3346 0.1299, 1.2776 0.3469 0.1283, 1.2087 0.3469 0.1283, 1.2776 0.3583 0.1236, 1.2087 0.3583 0.1236, 1.2776 0.3681 0.1161, 1.2087 0.3681 0.1161, 1.2776 0.3756 0.1063, 1.2087 0.3756 0.1063, 1.2776 0.3803 0.0949, 1.2087 0.3803 0.0949, 1.2776 0.3819 0.0827, 1.2087 0.3819 0.0827, 1.2087 0.3819 0.0827
            ]
        }
        coordIndex [
            0,1,2,-1,0,2,3,-1,3,2,4,-1,3,4,5,-1,5,4,6,-1,5,6,7,-1,7,6,8,-1,7,8,9,-1,9,8,10,-1,9,10,11,-1,11,10,12,-1,11,12,13,-1,
        ]
    }
}
Shape{
    appearance Appearance {
        material  Material 	{
            diffuseColor 0.25098039215686274 0.25098039215686274 0.25098039215686274
            specularColor 0.12549019607843137 0.12549019607843137 0.12549019607843137
            ambientIntensity 0.2
            transparency 0
            shininess 0.5
        }
    }
    geometry IndexedFaceSet {
        ccw TRUE
        solid FALSE
        coord DEF co Coordinate {
            point [
                -1.2677 0.1339 -0.0472, -1.2677 0.1457 -0.0591, -1.2697 0.1336 -0.0472, -1.273 0.1451 -0.0591, -1.2703 0.1336 -0.0472, -1.2725 0.1328 -0.0472, -1.278 0.1433 -0.0591, -1.2728 0.1327 -0.0472, -1.275 0.1314 -0.0472, -1.2824 0.1405 -0.0591, -1.2751 0.1313 -0.0472, -1.2862 0.1368 -0.0591, -1.277 0.1294 -0.0472, -1.277 0.1293 -0.0472, -1.289 0.1323 -0.0591, -1.2784 0.1272 -0.0472, -1.2785 0.1268 -0.0472, -1.2907 0.1273 -0.0591, -1.2792 0.1247 -0.0472, -1.2793 0.124 -0.0472, -1.2913 0.122 -0.0591, -1.2795 0.122 -0.0472, -1.2087 -0.2475 0.0268, -1.2087 -0.248 0.0268, -1.2776 -0.2475 0.0268, -1.2776 -0.248 0.0268, -1.2776 -0.248 0.0268
            ]
        }
        coordIndex [
            0,1,2,-1,2,1,3,-1,2,3,4,-1,4,3,5,-1,5,3,6,-1,5,6,7,-1,7,6,8,-1,8,6,9,-1,8,9,10,-1,10,9,11,-1,10,11,12,-1,12,11,13,-1,13,11,14,-1,13,14,15,-1,15,14,16,-1,16,14,17,-1,16,17,18,-1,18,17,19,-1,19,17,20,-1,19,20,21,-1,22,23,24,-1,24,23,25,-1,
        ]
    }
}
Shape{
    appearance Appearance {
        material  Material 	{
            diffuseColor 0.7529411764705882 0.7529411764705882 0.7529411764705882
            specularColor 0.3764705882352941 0.3764705882352941 0.3764705882352941
            ambientIntensity 0.2
            transparency 0
            shininess 0.5
        }
    }
    geometry IndexedFaceSet {
        ccw TRUE
        solid FALSE
        coord DEF co Coordinate {
            point [
                -1.2776 -0.24 0.1173, -1.2087 -0.24 0.1173, -1.2776 -0.2268 0.1015, -1.2087 -0.2268 0.1015, -1.2087 -0.2268 0.1015
            ]
        }
        coordIndex [
            0,1,2,-1,2,1,3,-1,
        ]
    }
}
Shape{
    appearance Appearance {
        material  Material 	{
            diffuseColor 0.25098039215686274 0.25098039215686274 0.25098039215686274
            specularColor 0.12549019607843137 0.12549019607843137 0.12549019607843137
            ambientIntensity 0.2
            transparency 0
            shininess 0.5
        }
    }
    geometry IndexedFaceSet {
        ccw TRUE
        solid FALSE
        coord DEF co Coordinate {
            point [
                1.5551 -0.2421 -0.1299, 1.5551 -0.2421 -0.0138, 1.5866 -0.2421 -0.0236, 1.5866 -0.2421 -0.0138, 1.6142 -0.2421 -0.1299, 1.6339 -0.2421 -0.1102, 1.6535 -0.2421 -0.1102, 1.6535 -0.2421 -0.0236, -1.2795 0.122 -0.0472, -1.2913 0.122 -0.0591, -1.2795 -0.122 -0.0472, -1.2913 -0.122 -0.0591, -1.1713 0.2992 -0.0709, -1.1713 0.2992 -0.1299, -1.1713 0.3061 -0.0709, -1.1713 0.3465 -0.1299, -1.1713 0.3465 -0.0709, -1.1713 0.3465 -0.0709
            ]
        }
        coordIndex [
            0,1,2,-1,2,1,3,-1,4,0,5,-1,5,0,2,-1,5,2,6,-1,6,2,7,-1,8,9,10,-1,10,9,11,-1,12,13,14,-1,14,13,15,-1,14,15,16,-1,
        ]
    }
}
Shape{
    appearance Appearance {
        material  Material 	{
            diffuseColor 0.7529411764705882 0.7529411764705882 0.7529411764705882
            specularColor 0.3764705882352941 0.3764705882352941 0.3764705882352941
            ambientIntensity 0.2
            transparency 0
            shininess 0.5
        }
    }
    geometry IndexedFaceSet {
        ccw TRUE
        solid FALSE
        coord DEF co Coordinate {
            point [
                1.2933 -0.3819 0.0512, 1.2933 -0.3465 0.0512, 1.2898 -0.3819 0.0516, 1.2898 -0.3465 0.0516, 1.2865 -0.3819 0.0527, 1.2865 -0.3465 0.0527, 1.2835 -0.3819 0.0546, 1.2835 -0.3465 0.0546, 1.281 -0.3819 0.0571, 1.281 -0.3465 0.0571, 1.2791 -0.3819 0.0601, 1.2791 -0.3465 0.0601, 1.278 -0.3819 0.0634, 1.278 -0.3465 0.0634, 1.2776 -0.3819 0.0669, 1.2776 -0.3465 0.0669, -1.622 0.2343 -0.1378, -1.5812 0.2343 -0.1378, -1.622 0.1457 -0.1378, -1.5812 0.1457 -0.1378, -1.5812 0.1457 -0.1378
            ]
        }
        coordIndex [
            0,1,2,-1,2,1,3,-1,2,3,4,-1,4,3,5,-1,4,5,6,-1,6,5,7,-1,6,7,8,-1,8,7,9,-1,8,9,10,-1,10,9,11,-1,10,11,12,-1,12,11,13,-1,12,13,14,-1,14,13,15,-1,16,17,18,-1,18,17,19,-1,
        ]
    }
}
Shape{
    appearance Appearance {
        material  Material 	{
            diffuseColor 0.25098039215686274 0.25098039215686274 0.25098039215686274
            specularColor 0.12549019607843137 0.12549019607843137 0.12549019607843137
            ambientIntensity 0.2
            transparency 0
            shininess 0.5
        }
    }
    geometry IndexedFaceSet {
        ccw TRUE
        solid FALSE
        coord DEF co Coordinate {
            point [
                1.5866 0.2421 -0.0138, 1.5551 0.2421 -0.0138, 1.5866 0.2421 -0.0236, 1.5551 0.2421 -0.1299, 1.6535 0.2421 -0.1102, 1.6535 0.2421 -0.0236, 1.6339 0.2421 -0.1102, 1.6142 0.2421 -0.1299, 1.2785 0.1267 0.054, 1.2792 0.1245 0.0534, 1.2785 0.1268 -0.0472, 1.2795 0.122 0.0531, 1.2795 0.122 -0.0472, 1.2793 0.124 0.0534, 1.2793 0.124 -0.0472, 1.2792 0.1247 -0.0472, 1.277 0.1292 0.0554, 1.2773 0.1289 0.0551, 1.2785 0.1268 0.0541, 1.2784 0.1272 -0.0472, 1.277 0.1293 -0.0472, 1.2751 0.1313 0.057, 1.277 0.1294 -0.0472, 1.2751 0.1313 -0.0472, 1.275 0.1314 0.0571, 1.275 0.1314 -0.0472, 1.2726 0.1329 0.0591, 1.2728 0.1327 -0.0472, 1.2725 0.1329 0.0593, 1.2725 0.1328 -0.0472, 1.2697 0.1337 0.0617, 1.2703 0.1336 -0.0472, 1.2697 0.1336 -0.0472, 1.2677 0.1339 -0.0472, 1.2677 0.1339 -0.0334, 1.2693 0.1338 0.062, 1.2677 0.1339 0.0634, 1.2677 0.1339 0.0634
            ]
        }
        coordIndex [
            0,1,2,-1,2,1,3,-1,4,5,6,-1,6,5,2,-1,6,2,7,-1,7,2,3,-1,8,9,10,-1,11,12,13,-1,13,12,14,-1,13,14,9,-1,9,14,15,-1,9,15,10,-1,16,17,10,-1,10,17,18,-1,10,18,8,-1,10,19,16,-1,16,19,20,-1,16,20,21,-1,20,22,21,-1,21,22,23,-1,21,23,24,-1,24,23,25,-1,24,25,26,-1,26,25,27,-1,26,27,28,-1,28,27,29,-1,28,29,30,-1,30,29,31,-1,32,33,34,-1,31,32,30,-1,30,32,34,-1,30,34,35,-1,35,34,36,-1,
        ]
    }
}
Shape{
    appearance Appearance {
        material  Material 	{
            diffuseColor 0.7529411764705882 0.7529411764705882 0.7529411764705882
            specularColor 0.3764705882352941 0.3764705882352941 0.3764705882352941
            ambientIntensity 0.2
            transparency 0
            shininess 0.5
        }
    }
    geometry IndexedFaceSet {
        ccw TRUE
        solid FALSE
        coord DEF co Coordinate {
            point [
                1.5551 -0.2343 -0.1299, 1.5551 -0.1457 -0.1299, 1.5633 -0.1457 -0.1342, 1.5633 -0.2343 -0.1342, 1.5721 -0.1457 -0.1369, 1.5721 -0.2343 -0.1369, 1.5812 -0.1457 -0.1378, 1.5812 -0.2343 -0.1378, 1.5812 -0.2343 -0.1378
            ]
        }
        coordIndex [
            0,1,2,-1,0,2,3,-1,3,2,4,-1,3,4,5,-1,5,4,6,-1,5,6,7,-1,
        ]
    }
}
Shape{
    appearance Appearance {
        material  Material 	{
            diffuseColor 0.25098039215686274 0.25098039215686274 0.25098039215686274
            specularColor 0.12549019607843137 0.12549019607843137 0.12549019607843137
            ambientIntensity 0.2
            transparency 0
            shininess 0.5
        }
    }
    geometry IndexedFaceSet {
        ccw TRUE
        solid FALSE
        coord DEF co Coordinate {
            point [
                1.4449 -0.0748 0.0591, 1.4331 -0.0748 0.0591, 1.4449 -0.0748 -0.0138, 1.4331 -0.0748 -0.0591, 1.4744 -0.0748 -0.0138, 1.4744 -0.0748 -0.0591, -1.4331 0.0748 0.0591, -1.437 0.0748 0.0591, -1.4331 -0.0748 0.0591, -1.437 -0.0748 0.0591, -1.437 -0.0748 0.0591
            ]
        }
        coordIndex [
            0,1,2,-1,2,1,3,-1,2,3,4,-1,4,3,5,-1,6,7,8,-1,8,7,9,-1,
        ]
    }
}
Shape{
    appearance Appearance {
        material  Material 	{
            diffuseColor 0.7529411764705882 0.7529411764705882 0.7529411764705882
            specularColor 0.3764705882352941 0.3764705882352941 0.3764705882352941
            ambientIntensity 0.2
            transparency 0
            shininess 0.5
        }
    }
    geometry IndexedFaceSet {
        ccw TRUE
        solid FALSE
        coord DEF co Coordinate {
            point [
                -1.445 -0.3098 0.1693, -1.445 -0.3098 0.1299, -1.5039 -0.3819 0.1693, -1.5039 -0.3819 0.1299, -1.5039 -0.3819 0.1299
            ]
        }
        coordIndex [
            0,1,2,-1,2,1,3,-1,
        ]
    }
}
Shape{
    appearance Appearance {
        material  Material 	{
            diffuseColor 0.25098039215686274 0.25098039215686274 0.25098039215686274
            specularColor 0.12549019607843137 0.12549019607843137 0.12549019607843137
            ambientIntensity 0.2
            transparency 0
            shininess 0.5
        }
    }
    geometry IndexedFaceSet {
        ccw TRUE
        solid FALSE
        coord DEF co Coordinate {
            point [
                -1.1713 -0.3465 -0.0709, -1.1713 -0.3465 -0.1299, -1.1713 -0.2992 -0.0709, -1.1713 -0.2992 -0.1299, -1.6339 -0.367 -0.1102, -1.6339 -0.2421 -0.1102, -1.6231 -0.3769 -0.1211, -1.6142 -0.2421 -0.1299, -1.6215 -0.3783 -0.1227, -1.6142 -0.3832 -0.1299, 1.6232 0.3771 -0.0039, 1.6369 0.3634 -0.0039, 1.6369 0.3634 -0.1102, 1.6469 0.3467 -0.0039, 1.6469 0.3467 -0.1102, 1.6524 0.3281 -0.0039, 1.6524 0.3281 -0.1102, 1.6535 0.315 -0.0039, 1.6535 0.315 -0.1102, 1.588 0.3926 -0.1299, 1.5748 0.3937 -0.1299, 1.5748 0.3937 -0.0039, 1.6339 0.367 -0.1102, 1.6231 0.3769 -0.1211, 1.6066 0.387 -0.0039, 1.6215 0.3783 -0.1227, 1.588 0.3926 -0.0039, 1.6066 0.387 -0.1299, 1.6142 0.3832 -0.1299, 1.6142 0.3832 -0.1299
            ]
        }
        coordIndex [
            0,1,2,-1,2,1,3,-1,4,5,6,-1,6,5,7,-1,6,7,8,-1,8,7,9,-1,10,11,12,-1,12,11,13,-1,12,13,14,-1,14,13,15,-1,14,15,16,-1,16,15,17,-1,16,17,18,-1,19,20,21,-1,12,22,10,-1,10,22,23,-1,10,23,24,-1,24,23,25,-1,21,26,19,-1,19,26,24,-1,19,24,27,-1,27,24,25,-1,27,25,28,-1,
        ]
    }
}
Shape{
    appearance Appearance {
        material  Material 	{
            diffuseColor 0.7529411764705882 0.7529411764705882 0.7529411764705882
            specularColor 0.3764705882352941 0.3764705882352941 0.3764705882352941
            ambientIntensity 0.2
            transparency 0
            shininess 0.5
        }
    }
    geometry IndexedFaceSet {
        ccw TRUE
        solid FALSE
        coord DEF co Coordinate {
            point [
                -1.3297 -0.3465 0.0554, -1.4094 -0.3465 0.1299, -1.3297 -0.3819 0.0554, -1.4094 -0.3819 0.1299, 1.5866 -0.2953 0.0079, 1.5866 -0.2953 -0.0039, 1.5866 -0.2618 -0.0039, 1.5866 -0.2421 -0.0236, 1.5866 -0.2421 -0.0138, 1.5866 -0.3819 0.1299, 1.5866 -0.3819 0.0079, 1.5866 -0.2343 -0.0138, 1.5866 -0.1457 -0.1299, 1.5866 -0.1378 -0.1299, 1.5866 -0.1457 -0.0906, 1.5866 -0.1378 0.1142, 1.5866 -0.2343 -0.0906, 1.5866 0.1378 0.1142, 1.5866 0.3819 0.1299, 1.5866 0.1378 -0.1299, 1.5866 0.1457 -0.0906, 1.5866 0.1457 -0.1299, 1.5866 0.2618 -0.0039, 1.5866 0.2953 -0.0039, 1.5866 0.2953 0.0079, 1.5866 0.2343 -0.0906, 1.5866 0.2343 -0.0138, 1.5866 0.2421 -0.0138, 1.5866 0.3819 0.0079, 1.5866 0.2421 -0.0236, 1.4649 -0.2492 0.1395, 1.5202 -0.2953 0.1299, 1.4729 -0.2557 0.1442, 1.5202 -0.2953 0.1652, 1.4639 -0.2484 0.1389, 1.4562 -0.2418 0.1314, 1.4548 -0.2405 0.1299, 1.4548 0.2405 0.1299, 1.4562 0.2418 0.1314, 1.5202 0.2953 0.1299, 1.4631 0.2475 0.1383, 1.465 0.2491 0.1394, 1.4729 0.2557 0.1442, 1.5202 0.2953 0.1652, 1.5202 0.2953 0.1652
            ]
        }
        coordIndex [
            0,1,2,-1,2,1,3,-1,4,5,6,-1,6,7,8,-1,9,10,4,-1,4,6,9,-1,9,6,8,-1,9,8,11,-1,12,13,14,-1,14,13,15,-1,14,15,16,-1,16,15,11,-1,11,15,9,-1,9,15,17,-1,9,17,18,-1,17,19,20,-1,20,19,21,-1,22,23,24,-1,20,25,17,-1,17,25,26,-1,17,26,27,-1,28,18,24,-1,24,18,17,-1,24,17,22,-1,22,17,27,-1,22,27,29,-1,30,31,32,-1,32,31,33,-1,30,34,31,-1,31,34,35,-1,31,35,36,-1,37,38,39,-1,39,38,40,-1,40,41,39,-1,39,41,42,-1,39,42,43,-1,
        ]
    }
}
Shape{
    appearance Appearance {
        material  Material 	{
            diffuseColor 0.25098039215686274 0.25098039215686274 0.25098039215686274
            specularColor 0.12549019607843137 0.12549019607843137 0.12549019607843137
            ambientIntensity 0.2
            transparency 0
            shininess 0.5
        }
    }
    geometry IndexedFaceSet {
        ccw TRUE
        solid FALSE
        coord DEF co Coordinate {
            point [
                1.6339 0.1378 -0.1102, 1.6535 0.1378 -0.1102, 1.6339 -0.1378 -0.1102, 1.6535 -0.1378 -0.1102, 1.6535 -0.1378 -0.1102
            ]
        }
        coordIndex [
            0,1,2,-1,2,1,3,-1,
        ]
    }
}
Shape{
    appearance Appearance {
        material  Material 	{
            diffuseColor 0.7529411764705882 0.7529411764705882 0.7529411764705882
            specularColor 0.3764705882352941 0.3764705882352941 0.3764705882352941
            ambientIntensity 0.2
            transparency 0
            shininess 0.5
        }
    }
    geometry IndexedFaceSet {
        ccw TRUE
        solid FALSE
        coord DEF co Coordinate {
            point [
                1.4283 -0.3819 -0.0027, 1.4283 -0.3465 -0.0027, 1.4363 -0.3819 0.003, 1.4363 -0.3465 0.003, 1.4454 -0.3819 0.0066, 1.4454 -0.3465 0.0066, 1.4552 -0.3819 0.0079, 1.4552 -0.3465 0.0079, 1.3297 0.3465 0.0554, 1.4094 0.3465 0.1299, 1.3297 0.3819 0.0554, 1.4094 0.3819 0.1299, 1.4094 0.3819 0.1299
            ]
        }
        coordIndex [
            0,1,2,-1,2,1,3,-1,2,3,4,-1,4,3,5,-1,4,5,6,-1,6,5,7,-1,8,9,10,-1,10,9,11,-1,
        ]
    }
}
Shape{
    appearance Appearance {
        material  Material 	{
            diffuseColor 0.25098039215686274 0.25098039215686274 0.25098039215686274
            specularColor 0.12549019607843137 0.12549019607843137 0.12549019607843137
            ambientIntensity 0.2
            transparency 0
            shininess 0.5
        }
    }
    geometry IndexedFaceSet {
        ccw TRUE
        solid FALSE
        coord DEF co Coordinate {
            point [
                1.2904 -0.248 0.0827, 1.2776 -0.248 0.0827, 1.2904 -0.3465 0.0748, 1.2776 -0.3465 0.0748, -1.6535 0.1378 -0.1102, -1.6535 0.1378 0.1142, -1.6339 0.1378 -0.1102, -1.5866 0.1378 0.1142, -1.6142 0.1378 -0.1299, -1.5866 0.1378 -0.1299, -1.5866 0.1378 -0.1299
            ]
        }
        coordIndex [
            0,1,2,-1,2,1,3,-1,4,5,6,-1,6,5,7,-1,6,7,8,-1,8,7,9,-1,
        ]
    }
}
Shape{
    appearance Appearance {
        material  Material 	{
            diffuseColor 0.7529411764705882 0.7529411764705882 0.7529411764705882
            specularColor 0.3764705882352941 0.3764705882352941 0.3764705882352941
            ambientIntensity 0.2
            transparency 0
            shininess 0.5
        }
    }
    geometry IndexedFaceSet {
        ccw TRUE
        solid FALSE
        coord DEF co Coordinate {
            point [
                -1.2933 -0.3465 0.0512, -1.2933 -0.3819 0.0512, -1.2898 -0.3465 0.0516, -1.2898 -0.3819 0.0516, -1.2865 -0.3465 0.0527, -1.2865 -0.3819 0.0527, -1.2835 -0.3465 0.0546, -1.2835 -0.3819 0.0546, -1.281 -0.3465 0.0571, -1.281 -0.3819 0.0571, -1.2791 -0.3465 0.0601, -1.2791 -0.3819 0.0601, -1.278 -0.3465 0.0634, -1.278 -0.3819 0.0634, -1.2776 -0.3465 0.0669, -1.2776 -0.3819 0.0669, -1.6457 -0.1457 -0.1299, -1.6457 -0.2343 -0.1299, -1.6457 -0.1457 -0.1063, -1.6457 -0.2343 -0.1063, -1.465 -0.2491 0.1407, -1.465 0.2491 0.1407, -1.5202 -0.2953 0.1652, -1.5202 0.2953 0.1652, -1.4283 -0.3465 -0.0027, -1.371 -0.3465 -0.0563, -1.4283 -0.3819 -0.0027, -1.371 -0.3819 -0.0563, -1.371 -0.3819 -0.0563
            ]
        }
        coordIndex [
            0,1,2,-1,2,1,3,-1,2,3,4,-1,4,3,5,-1,4,5,6,-1,6,5,7,-1,6,7,8,-1,8,7,9,-1,8,9,10,-1,10,9,11,-1,10,11,12,-1,12,11,13,-1,12,13,14,-1,14,13,15,-1,16,17,18,-1,18,17,19,-1,20,21,22,-1,22,21,23,-1,24,25,26,-1,26,25,27,-1,
        ]
    }
}
Shape{
    appearance Appearance {
        material  Material 	{
            diffuseColor 0.25098039215686274 0.25098039215686274 0.25098039215686274
            specularColor 0.12549019607843137 0.12549019607843137 0.12549019607843137
            ambientIntensity 0.2
            transparency 0
            shininess 0.5
        }
    }
    geometry IndexedFaceSet {
        ccw TRUE
        solid FALSE
        coord DEF co Coordinate {
            point [
                1.6142 0.1378 -0.1299, 1.5866 0.1378 -0.1299, 1.6339 0.1378 -0.1102, 1.5866 0.1378 0.1142, 1.6535 0.1378 -0.1102, 1.6535 0.1378 0.1142, 1.6535 0.1378 0.1142
            ]
        }
        coordIndex [
            0,1,2,-1,2,1,3,-1,2,3,4,-1,4,3,5,-1,
        ]
    }
}
Shape{
    appearance Appearance {
        material  Material 	{
            diffuseColor 0.7529411764705882 0.7529411764705882 0.7529411764705882
            specularColor 0.3764705882352941 0.3764705882352941 0.3764705882352941
            ambientIntensity 0.2
            transparency 0
            shininess 0.5
        }
    }
    geometry IndexedFaceSet {
        ccw TRUE
        solid FALSE
        coord DEF co Coordinate {
            point [
                -1.553 0.2953 0.1299, -1.586 0.2953 0.1299, -1.5824 0.2953 0.1416, -1.5507 0.2953 0.133, -1.5759 0.2953 0.1521, -1.5477 0.2953 0.1354, -1.5669 0.2953 0.1604, -1.5442 0.2953 0.137, -1.5561 0.2953 0.1662, -1.5405 0.2953 0.1378, -1.5442 0.2953 0.169, -1.5366 0.2953 0.1376, -1.5319 0.2953 0.1687, -1.533 0.2953 0.1364, -1.5202 0.2953 0.1652, -1.5202 0.2953 0.1307, -1.2776 0.3346 0.1299, -1.2087 0.3346 0.1299, -1.2087 0.3469 0.1283, -1.2087 0.3803 0.0949, -1.2087 0.3819 0.0827, -1.2746 0.3819 0.0827, -1.2776 0.3469 0.1283, -1.2087 0.3583 0.1236, -1.2776 0.3583 0.1236, -1.2087 0.3681 0.1161, -1.2776 0.3681 0.1161, -1.2087 0.3756 0.1063, -1.2776 0.3756 0.1063, -1.2776 0.3803 0.0949, -1.2776 0.3819 0.0827, -1.4499 0.2487 0.1299, -1.4499 0.2365 0.1299, -1.4483 0.2484 0.128, -1.4483 -0.2484 0.128, -1.4466 0.2482 0.126, -1.4466 -0.2482 0.1261, -1.4439 -0.248 0.122, -1.4439 0.248 0.122, -1.4417 0.248 0.118, -1.4417 -0.248 0.118, -1.4379 -0.248 0.1067, -1.4379 0.248 0.1067, -1.437 -0.248 0.0975, -1.437 0.248 0.0975, -1.465 0.2491 0.1407, -1.465 -0.2491 0.1407, -1.4594 -0.2445 0.1377, -1.4499 -0.2487 0.1299, -1.4499 -0.2365 0.1299, -1.4572 -0.2426 0.1359, -1.4572 0.2427 0.1358, -1.4602 0.2452 0.1381, -1.4602 0.2452 0.1381
            ]
        }
        coordIndex [
            0,1,2,-1,0,2,3,-1,3,2,4,-1,3,4,5,-1,5,4,6,-1,5,6,7,-1,7,6,8,-1,7,8,9,-1,9,8,10,-1,9,10,11,-1,11,10,12,-1,11,12,13,-1,13,12,14,-1,13,14,15,-1,16,17,18,-1,19,20,21,-1,16,18,22,-1,22,18,23,-1,22,23,24,-1,24,23,25,-1,24,25,26,-1,26,25,27,-1,26,27,28,-1,28,27,19,-1,28,19,29,-1,29,19,21,-1,29,21,30,-1,31,32,33,-1,33,32,34,-1,33,34,35,-1,34,36,35,-1,35,36,37,-1,35,37,38,-1,38,37,39,-1,37,40,39,-1,39,40,41,-1,39,41,42,-1,42,41,43,-1,42,43,44,-1,45,46,47,-1,48,34,49,-1,49,34,32,-1,49,32,50,-1,50,32,51,-1,50,51,47,-1,47,51,52,-1,47,52,45,-1,
        ]
    }
}
Shape{
    appearance Appearance {
        material  Material 	{
            diffuseColor 0.25098039215686274 0.25098039215686274 0.25098039215686274
            specularColor 0.12549019607843137 0.12549019607843137 0.12549019607843137
            ambientIntensity 0.2
            transparency 0
            shininess 0.5
        }
    }
    geometry IndexedFaceSet {
        ccw TRUE
        solid FALSE
        coord DEF co Coordinate {
            point [
                -1.6535 -0.1378 0.1142, -1.5866 -0.1378 0.1142, -1.6535 0.1378 0.1142, -1.5866 0.1378 0.1142, -1.5866 0.1378 0.1142
            ]
        }
        coordIndex [
            0,1,2,-1,2,1,3,-1,
        ]
    }
}
Shape{
    appearance Appearance {
        material  Material 	{
            diffuseColor 0.7529411764705882 0.7529411764705882 0.7529411764705882
            specularColor 0.3764705882352941 0.3764705882352941 0.3764705882352941
            ambientIntensity 0.2
            transparency 0
            shininess 0.5
        }
    }
    geometry IndexedFaceSet {
        ccw TRUE
        solid FALSE
        coord DEF co Coordinate {
            point [
                -1.5202 0.2953 0.1307, -1.5202 0.2953 0.1652, -1.5183 0.2938 0.1299, -1.465 0.2491 0.1407, -1.4602 0.2452 0.1381, -1.4572 0.2427 0.1358, -1.4499 0.2365 0.1299, -1.4499 0.2365 0.1299
            ]
        }
        coordIndex [
            0,1,2,-1,2,1,3,-1,3,4,2,-1,2,4,5,-1,2,5,6,-1,
        ]
    }
}
Shape{
    appearance Appearance {
        material  Material 	{
            diffuseColor 0.25098039215686274 0.25098039215686274 0.25098039215686274
            specularColor 0.12549019607843137 0.12549019607843137 0.12549019607843137
            ambientIntensity 0.2
            transparency 0
            shininess 0.5
        }
    }
    geometry IndexedFaceSet {
        ccw TRUE
        solid FALSE
        coord DEF co Coordinate {
            point [
                1.2677 -0.1339 -0.0472, 1.2677 -0.1457 -0.0591, 1.2697 -0.1336 -0.0472, 1.273 -0.1451 -0.0591, 1.2703 -0.1336 -0.0472, 1.2725 -0.1328 -0.0472, 1.278 -0.1433 -0.0591, 1.2728 -0.1327 -0.0472, 1.275 -0.1314 -0.0472, 1.2824 -0.1405 -0.0591, 1.2751 -0.1313 -0.0472, 1.2862 -0.1368 -0.0591, 1.277 -0.1294 -0.0472, 1.289 -0.1323 -0.0591, 1.2784 -0.1272 -0.0472, 1.277 -0.1293 -0.0472, 1.2907 -0.1273 -0.0591, 1.2913 -0.122 -0.0591, 1.2795 -0.122 -0.0472, 1.2793 -0.124 -0.0472, 1.2792 -0.1247 -0.0472, 1.2785 -0.1268 -0.0472, -1.6535 -0.2421 -0.0236, -1.6535 -0.2421 -0.1102, -1.6535 -0.2618 -0.0039, -1.6535 -0.315 -0.1102, -1.6535 -0.315 -0.0039, -1.6535 -0.315 -0.0039
            ]
        }
        coordIndex [
            0,1,2,-1,2,1,3,-1,2,3,4,-1,4,3,5,-1,5,3,6,-1,5,6,7,-1,7,6,8,-1,8,6,9,-1,8,9,10,-1,10,9,11,-1,10,11,12,-1,13,14,11,-1,11,14,15,-1,11,15,12,-1,16,17,18,-1,18,19,16,-1,16,19,20,-1,16,20,13,-1,13,20,21,-1,13,21,14,-1,22,23,24,-1,24,23,25,-1,24,25,26,-1,
        ]
    }
}
Shape{
    appearance Appearance {
        material  Material 	{
            diffuseColor 0.7529411764705882 0.7529411764705882 0.7529411764705882
            specularColor 0.3764705882352941 0.3764705882352941 0.3764705882352941
            ambientIntensity 0.2
            transparency 0
            shininess 0.5
        }
    }
    geometry IndexedFaceSet {
        ccw TRUE
        solid FALSE
        coord DEF co Coordinate {
            point [
                1.2776 0.3346 0.1299, 1.2087 0.3346 0.1299, 1.2776 0.2672 0.1299, 1.2087 0.2672 0.1299, 1.2087 0.2672 0.1299
            ]
        }
        coordIndex [
            0,1,2,-1,2,1,3,-1,
        ]
    }
}
Shape{
    appearance Appearance {
        material  Material 	{
            diffuseColor 0.25098039215686274 0.25098039215686274 0.25098039215686274
            specularColor 0.12549019607843137 0.12549019607843137 0.12549019607843137
            ambientIntensity 0.2
            transparency 0
            shininess 0.5
        }
    }
    geometry IndexedFaceSet {
        ccw TRUE
        solid FALSE
        coord DEF co Coordinate {
            point [
                -1.3308 0.248 0.1299, -1.3308 0.2487 0.1299, -1.3308 0.248 0.122, -1.3308 0.248 0.122
            ]
        }
        coordIndex [
            0,1,2,-1,
        ]
    }
}
Shape{
    appearance Appearance {
        material  Material 	{
            diffuseColor 0.7529411764705882 0.7529411764705882 0.7529411764705882
            specularColor 0.3764705882352941 0.3764705882352941 0.3764705882352941
            ambientIntensity 0.2
            transparency 0
            shininess 0.5
        }
    }
    geometry IndexedFaceSet {
        ccw TRUE
        solid FALSE
        coord DEF co Coordinate {
            point [
                1.2087 -0.248 0.0827, 1.2087 -0.2268 0.1015, 1.2087 -0.2225 0.0951, 1.2087 -0.3465 -0.0472, 1.2087 -0.3819 -0.0472, 1.2087 -0.3465 0.0748, 1.2087 -0.3819 0.0827, 1.2087 -0.3803 0.0949, 1.2087 -0.2197 0.0878, 1.2087 -0.2185 0.0801, 1.2087 -0.2191 0.0724, 1.2087 -0.2475 0.0268, 1.2087 -0.248 0.0268, 1.2087 -0.2251 0.0581, 1.2087 -0.2213 0.0649, 1.2087 -0.3756 0.1063, 1.2087 -0.3681 0.1161, 1.2087 -0.3583 0.1236, 1.2087 -0.3469 0.1283, 1.2087 -0.3346 0.1299, 1.2087 -0.2672 0.1299, 1.2087 -0.2595 0.1291, 1.2087 -0.2522 0.1266, 1.2087 -0.2456 0.1226, 1.2087 -0.24 0.1173, 1.2776 0.24 0.1173, 1.2087 0.24 0.1173, 1.2776 0.2268 0.1015, 1.2087 0.2268 0.1015, 1.5039 0.3819 0.1693, 1.4055 0.3819 0.1693, 1.445 0.3098 0.1693, 1.3308 0.3109 0.1693, 1.445 0.2953 0.1693, 1.3308 0.2953 0.1693, 1.4094 0.3819 0.1299, 1.4094 0.3465 0.1299, 1.4055 0.3819 0.1299, 1.3682 0.3465 0.1299, 1.3682 0.3465 0.1299
            ]
        }
        coordIndex [
            0,1,2,-1,3,4,5,-1,5,4,6,-1,5,6,7,-1,2,8,0,-1,0,8,9,-1,0,9,10,-1,11,12,13,-1,13,12,0,-1,13,0,14,-1,14,0,10,-1,7,15,5,-1,5,15,16,-1,5,16,17,-1,17,18,5,-1,5,18,19,-1,5,19,0,-1,19,20,0,-1,0,20,21,-1,0,21,22,-1,22,23,0,-1,0,23,24,-1,0,24,1,-1,25,26,27,-1,27,26,28,-1,29,30,31,-1,31,30,32,-1,31,32,33,-1,33,32,34,-1,35,36,37,-1,37,36,38,-1,
        ]
    }
}
Shape{
    appearance Appearance {
        material  Material 	{
            diffuseColor 0.25098039215686274 0.25098039215686274 0.25098039215686274
            specularColor 0.12549019607843137 0.12549019607843137 0.12549019607843137
            ambientIntensity 0.2
            transparency 0
            shininess 0.5
        }
    }
    geometry IndexedFaceSet {
        ccw TRUE
        solid FALSE
        coord DEF co Coordinate {
            point [
                -1.4685 0.248 -0.0138, -1.437 0.248 -0.0138, -1.4685 0.0748 -0.0138, -1.437 0.0748 -0.0138, -1.4626 -0.3465 -0.1299, -1.4626 -0.3465 -0.0039, -1.4626 -0.3937 -0.1299, -1.4626 -0.3937 -0.0039, -1.4626 -0.3937 -0.0039
            ]
        }
        coordIndex [
            0,1,2,-1,2,1,3,-1,4,5,6,-1,6,5,7,-1,
        ]
    }
}
Shape{
    appearance Appearance {
        material  Material 	{
            diffuseColor 0.7529411764705882 0.7529411764705882 0.7529411764705882
            specularColor 0.3764705882352941 0.3764705882352941 0.3764705882352941
            ambientIntensity 0.2
            transparency 0
            shininess 0.5
        }
    }
    geometry IndexedFaceSet {
        ccw TRUE
        solid FALSE
        coord DEF co Coordinate {
            point [
                -1.4283 -0.3465 -0.0027, -1.4283 -0.3819 -0.0027, -1.4363 -0.3465 0.003, -1.4363 -0.3819 0.003, -1.4454 -0.3465 0.0066, -1.4454 -0.3819 0.0066, -1.4552 -0.3465 0.0079, -1.4552 -0.3819 0.0079, 1.6457 -0.1457 -0.1063, 1.6024 -0.1457 -0.1063, 1.6457 -0.2343 -0.1063, 1.6024 -0.2343 -0.1063, 1.6024 -0.2343 -0.1063
            ]
        }
        coordIndex [
            0,1,2,-1,2,1,3,-1,2,3,4,-1,4,3,5,-1,4,5,6,-1,6,5,7,-1,8,9,10,-1,10,9,11,-1,
        ]
    }
}
Shape{
    appearance Appearance {
        material  Material 	{
            diffuseColor 0.25098039215686274 0.25098039215686274 0.25098039215686274
            specularColor 0.12549019607843137 0.12549019607843137 0.12549019607843137
            ambientIntensity 0.2
            transparency 0
            shininess 0.5
        }
    }
    geometry IndexedFaceSet {
        ccw TRUE
        solid FALSE
        coord DEF co Coordinate {
            point [
                1.1713 -0.2992 -0.0709, 1.1713 -0.2992 -0.1299, 1.1713 -0.3465 -0.0709, 1.1713 -0.3465 -0.1299, -1.2776 0.2953 0.1063, -1.2087 0.2953 0.1063, -1.2776 0.2672 0.1063, -1.2087 0.2672 0.1063, -1.6142 -0.1378 -0.1299, -1.5866 -0.1378 -0.1299, -1.6339 -0.1378 -0.1102, -1.5866 -0.1378 0.1142, -1.6535 -0.1378 -0.1102, -1.6535 -0.1378 0.1142, 1.3682 0.3465 0.1299, 1.4094 0.3465 0.1299, 1.3297 0.3465 0.0554, 1.2776 0.3465 0.0669, 1.2776 0.3465 0.0748, 1.2904 0.3465 0.0748, 1.2904 0.3465 0.1299, 1.2933 0.3465 0.0512, 1.2898 0.3465 0.0516, 1.3265 0.3465 0.0531, 1.3229 0.3465 0.0517, 1.319 0.3465 0.0512, 1.281 0.3465 0.0571, 1.2791 0.3465 0.0601, 1.278 0.3465 0.0634, 1.2865 0.3465 0.0527, 1.2835 0.3465 0.0546, -1.3308 -0.248 0.1299, -1.3308 -0.248 0.122, -1.3308 -0.2487 0.1299, 1.445 -0.248 0.1299, 1.445 -0.248 0.122, 1.445 -0.2487 0.1299, -1.4744 0.0748 0.0591, -1.4685 0.0748 0.0591, -1.4685 0.0748 -0.0138, -1.437 0.0748 0.0591, -1.4331 0.0748 0.0591, -1.437 0.0748 -0.0138, -1.4331 0.0748 -0.0591, -1.4744 0.0748 -0.0591, -1.2904 0.3465 0.1299, -1.3682 0.3465 0.1299, -1.3308 0.3109 0.1299, -1.2904 0.248 0.1299, -1.3308 0.2487 0.1299, -1.3308 0.248 0.1299, -1.6535 0.2618 -0.0039, -1.5551 0.2618 -0.0039, -1.6535 0.315 -0.0039, -1.5551 0.3465 -0.0039, -1.6524 0.3281 -0.0039, -1.4626 0.3465 -0.0039, -1.4626 0.3937 -0.0039, -1.5748 0.3937 -0.0039, -1.588 0.3926 -0.0039, -1.6066 0.387 -0.0039, -1.6232 0.3771 -0.0039, -1.6369 0.3634 -0.0039, -1.6469 0.3467 -0.0039, 1.1969 0.3465 0.0748, 1.1969 0.3465 0.1299, 1.19 0.3465 0.0748, 1.19 0.3465 0.1299, 1.4744 0.0748 -0.0591, 1.4744 0.0748 -0.0138, 1.4744 0.248 -0.0591, 1.4744 0.248 -0.0138, 1.6339 -0.2421 -0.1102, 1.6535 -0.2421 -0.1102, 1.6339 -0.367 -0.1102, 1.6535 -0.315 -0.1102, 1.6369 -0.3634 -0.1102, 1.6524 -0.3281 -0.1102, 1.6469 -0.3467 -0.1102, 1.2904 -0.3465 0.0748, 1.2904 -0.3465 0.1299, 1.2904 -0.248 0.0827, 1.2904 -0.248 0.1299, 1.5551 -0.2421 -0.0138, 1.5551 -0.2421 -0.1299, 1.5551 -0.2343 -0.0138, 1.5551 -0.2343 -0.1299, 1.5551 -0.2343 -0.1299
            ]
        }
        coordIndex [
            0,1,2,-1,2,1,3,-1,4,5,6,-1,6,5,7,-1,8,9,10,-1,10,9,11,-1,10,11,12,-1,12,11,13,-1,14,15,16,-1,17,18,19,-1,14,16,20,-1,19,21,22,-1,16,23,20,-1,20,23,24,-1,20,24,19,-1,19,24,25,-1,19,25,21,-1,26,27,19,-1,19,27,28,-1,19,28,17,-1,22,29,19,-1,19,29,30,-1,19,30,26,-1,31,32,33,-1,34,35,36,-1,37,38,39,-1,40,41,42,-1,42,41,43,-1,42,43,39,-1,39,43,44,-1,39,44,37,-1,45,46,47,-1,45,47,48,-1,48,47,49,-1,48,49,50,-1,51,52,53,-1,53,52,54,-1,53,54,55,-1,56,57,54,-1,54,57,58,-1,58,59,54,-1,54,59,60,-1,54,60,61,-1,61,62,54,-1,54,62,63,-1,54,63,55,-1,64,65,66,-1,66,65,67,-1,68,69,70,-1,70,69,71,-1,72,73,74,-1,74,73,75,-1,74,75,76,-1,76,75,77,-1,76,77,78,-1,79,80,81,-1,81,80,82,-1,83,84,85,-1,85,84,86,-1,
        ]
    }
}
Shape{
    appearance Appearance {
        material  Material 	{
            diffuseColor 0.7529411764705882 0.7529411764705882 0.7529411764705882
            specularColor 0.3764705882352941 0.3764705882352941 0.3764705882352941
            ambientIntensity 0.2
            transparency 0
            shininess 0.5
        }
    }
    geometry IndexedFaceSet {
        ccw TRUE
        solid FALSE
        coord DEF co Coordinate {
            point [
                1.3297 -0.3819 0.0554, 1.4094 -0.3819 0.1299, 1.3297 -0.3465 0.0554, 1.4094 -0.3465 0.1299, -1.445 -0.2492 0.1326, -1.445 -0.2487 0.1299, -1.445 -0.3098 0.1299, -1.445 -0.3098 0.1693, -1.445 -0.2953 0.1693, -1.445 -0.2848 0.1681, -1.445 -0.2748 0.1646, -1.445 -0.2658 0.159, -1.445 -0.2583 0.1515, -1.445 -0.2527 0.1425, -1.445 -0.2527 0.1425
            ]
        }
        coordIndex [
            0,1,2,-1,2,1,3,-1,4,5,6,-1,6,7,8,-1,8,9,6,-1,6,9,10,-1,6,10,11,-1,11,12,6,-1,6,12,13,-1,6,13,4,-1,
        ]
    }
}
Shape{
    appearance Appearance {
        material  Material 	{
            diffuseColor 0.25098039215686274 0.25098039215686274 0.25098039215686274
            specularColor 0.12549019607843137 0.12549019607843137 0.12549019607843137
            ambientIntensity 0.2
            transparency 0
            shininess 0.5
        }
    }
    geometry IndexedFaceSet {
        ccw TRUE
        solid FALSE
        coord DEF co Coordinate {
            point [
                -1.2776 0.2672 0.1063, -1.2087 0.2672 0.1063, -1.2776 0.2646 0.106, -1.2087 0.2646 0.106, -1.2776 0.2622 0.1052, -1.2087 0.2622 0.1052, -1.2776 0.26 0.1039, -1.2087 0.26 0.1039, -1.2776 0.2581 0.1021, -1.2087 0.2581 0.1021, -1.2087 0.2581 0.1021
            ]
        }
        coordIndex [
            0,1,2,-1,2,1,3,-1,2,3,4,-1,4,3,5,-1,4,5,6,-1,6,5,7,-1,6,7,8,-1,8,7,9,-1,
        ]
    }
}
Shape{
    appearance Appearance {
        material  Material 	{
            diffuseColor 0.7529411764705882 0.7529411764705882 0.7529411764705882
            specularColor 0.3764705882352941 0.3764705882352941 0.3764705882352941
            ambientIntensity 0.2
            transparency 0
            shininess 0.5
        }
    }
    geometry IndexedFaceSet {
        ccw TRUE
        solid FALSE
        coord DEF co Coordinate {
            point [
                1.622 0.1457 -0.1378, 1.622 0.2343 -0.1378, 1.6299 0.1457 -0.1299, 1.6299 0.2343 -0.1299, 1.6299 0.2343 -0.1299
            ]
        }
        coordIndex [
            0,1,2,-1,2,1,3,-1,
        ]
    }
}
Shape{
    appearance Appearance {
        material  Material 	{
            diffuseColor 0.25098039215686274 0.25098039215686274 0.25098039215686274
            specularColor 0.12549019607843137 0.12549019607843137 0.12549019607843137
            ambientIntensity 0.2
            transparency 0
            shininess 0.5
        }
    }
    geometry IndexedFaceSet {
        ccw TRUE
        solid FALSE
        coord DEF co Coordinate {
            point [
                -1.6535 0.2618 -0.0039, -1.6535 0.315 -0.0039, -1.6535 0.2421 -0.0236, -1.6535 0.315 -0.1102, -1.6535 0.2421 -0.1102, -1.6535 0.2421 -0.1102
            ]
        }
        coordIndex [
            0,1,2,-1,2,1,3,-1,2,3,4,-1,
        ]
    }
}
Shape{
    appearance Appearance {
        material  Material 	{
            diffuseColor 0.7529411764705882 0.7529411764705882 0.7529411764705882
            specularColor 0.3764705882352941 0.3764705882352941 0.3764705882352941
            ambientIntensity 0.2
            transparency 0
            shininess 0.5
        }
    }
    geometry IndexedFaceSet {
        ccw TRUE
        solid FALSE
        coord DEF co Coordinate {
            point [
                1.445 -0.2496 0.1343, 1.3308 -0.2544 0.1457, 1.445 -0.2544 0.1457, 1.3308 -0.2619 0.1555, 1.445 -0.2619 0.1555, 1.3308 -0.2717 0.163, 1.445 -0.2717 0.163, 1.3308 -0.283 0.1677, 1.445 -0.283 0.1677, 1.3308 -0.2953 0.1693, 1.445 -0.2953 0.1693, 1.445 -0.248 0.122, 1.3308 -0.248 0.122, 1.445 -0.2487 0.1299, 1.3308 -0.2487 0.1299, 1.3308 -0.2496 0.1343, -1.3267 0.3819 0.0552, -1.4096 0.3819 0.1299, -1.3267 0.3465 0.0552, -1.4096 0.3465 0.1299, 1.2087 -0.3819 -0.0472, 1.2087 -0.3465 -0.0472, 1.2283 -0.3819 -0.0669, 1.2283 -0.3465 -0.0669, 1.5202 -0.2953 0.1299, 1.586 -0.2953 0.1299, 1.5824 -0.2953 0.1416, 1.5759 -0.2953 0.1521, 1.5669 -0.2953 0.1604, 1.5561 -0.2953 0.1662, 1.5442 -0.2953 0.169, 1.5319 -0.2953 0.1687, 1.5202 -0.2953 0.1652, 1.5202 -0.2953 0.1652
            ]
        }
        coordIndex [
            0,1,2,-1,2,1,3,-1,2,3,4,-1,4,3,5,-1,4,5,6,-1,6,5,7,-1,6,7,8,-1,8,7,9,-1,8,9,10,-1,11,12,13,-1,13,12,14,-1,13,14,0,-1,0,14,15,-1,0,15,1,-1,16,17,18,-1,18,17,19,-1,20,21,22,-1,22,21,23,-1,24,25,26,-1,26,27,24,-1,24,27,28,-1,24,28,29,-1,29,30,24,-1,24,30,31,-1,24,31,32,-1,
        ]
    }
}
Shape{
    appearance Appearance {
        material  Material 	{
            diffuseColor 0.25098039215686274 0.25098039215686274 0.25098039215686274
            specularColor 0.12549019607843137 0.12549019607843137 0.12549019607843137
            ambientIntensity 0.2
            transparency 0
            shininess 0.5
        }
    }
    geometry IndexedFaceSet {
        ccw TRUE
        solid FALSE
        coord DEF co Coordinate {
            point [
                1.19 -0.3465 0.0748, 1.19 -0.3465 0.1299, 1.1969 -0.3465 0.0748, 1.1969 -0.3465 0.1299, 1.1969 -0.3465 0.1299
            ]
        }
        coordIndex [
            0,1,2,-1,2,1,3,-1,
        ]
    }
}
Shape{
    appearance Appearance {
        material  Material 	{
            diffuseColor 0.7529411764705882 0.7529411764705882 0.7529411764705882
            specularColor 0.3764705882352941 0.3764705882352941 0.3764705882352941
            ambientIntensity 0.2
            transparency 0
            shininess 0.5
        }
    }
    geometry IndexedFaceSet {
        ccw TRUE
        solid FALSE
        coord DEF co Coordinate {
            point [
                -1.2904 0.3819 0.0512, -1.3162 0.3819 0.0512, -1.2904 0.3465 0.0512, -1.3162 0.3465 0.0512, -1.3162 0.3465 0.0512
            ]
        }
        coordIndex [
            0,1,2,-1,2,1,3,-1,
        ]
    }
}
Shape{
    appearance Appearance {
        material  Material 	{
            diffuseColor 0.25098039215686274 0.25098039215686274 0.25098039215686274
            specularColor 0.12549019607843137 0.12549019607843137 0.12549019607843137
            ambientIntensity 0.2
            transparency 0
            shininess 0.5
        }
    }
    geometry IndexedFaceSet {
        ccw TRUE
        solid FALSE
        coord DEF co Coordinate {
            point [
                1.6535 0.315 -0.0039, 1.6535 0.2618 -0.0039, 1.6535 0.315 -0.1102, 1.6535 0.2421 -0.0236, 1.6535 0.2421 -0.1102, -1.4744 0.0748 0.0591, -1.4744 -0.0748 0.0591, -1.4685 0.0748 0.0591, -1.4685 -0.0748 0.0591, -1.2904 -0.3465 0.1299, -1.2904 -0.3465 0.0748, -1.2904 -0.248 0.1299, -1.2904 -0.248 0.0827, -1.2904 -0.248 0.0827
            ]
        }
        coordIndex [
            0,1,2,-1,2,1,3,-1,2,3,4,-1,5,6,7,-1,7,6,8,-1,9,10,11,-1,11,10,12,-1,
        ]
    }
}
Shape{
    appearance Appearance {
        material  Material 	{
            diffuseColor 0.7529411764705882 0.7529411764705882 0.7529411764705882
            specularColor 0.3764705882352941 0.3764705882352941 0.3764705882352941
            ambientIntensity 0.2
            transparency 0
            shininess 0.5
        }
    }
    geometry IndexedFaceSet {
        ccw TRUE
        solid FALSE
        coord DEF co Coordinate {
            point [
                1.6457 -0.1457 -0.1063, 1.6457 -0.2343 -0.1063, 1.6457 -0.1457 -0.1299, 1.6457 -0.2343 -0.1299, 1.2776 -0.3819 0.0669, 1.2776 -0.3819 0.0827, 1.2087 -0.3819 0.0827, 1.5039 -0.3819 0.1693, 1.4055 -0.3819 0.1693, 1.4055 -0.3819 0.1299, 1.3297 -0.3819 0.0554, 1.3265 -0.3819 0.0531, 1.3441 -0.3819 -0.0669, 1.4094 -0.3819 0.1299, 1.3539 -0.3819 -0.0657, 1.363 -0.3819 -0.0621, 1.371 -0.3819 -0.0563, 1.4283 -0.3819 -0.0027, 1.5866 -0.3819 0.0079, 1.5866 -0.3819 0.1299, 1.4552 -0.3819 0.0079, 1.5039 -0.3819 0.1299, 1.4454 -0.3819 0.0066, 1.4363 -0.3819 0.003, 1.2835 -0.3819 0.0546, 1.2087 -0.3819 -0.0472, 1.2865 -0.3819 0.0527, 1.2283 -0.3819 -0.0669, 1.2898 -0.3819 0.0516, 1.281 -0.3819 0.0571, 1.2791 -0.3819 0.0601, 1.278 -0.3819 0.0634, 1.3229 -0.3819 0.0517, 1.319 -0.3819 0.0512, 1.2933 -0.3819 0.0512, 1.622 0.1457 -0.1378, 1.5812 0.1457 -0.1378, 1.622 0.2343 -0.1378, 1.5812 0.2343 -0.1378, -1.3308 -0.3109 0.1299, -1.3308 -0.3109 0.1693, -1.3682 -0.3465 0.1299, -1.4055 -0.3819 0.1693, -1.4055 -0.3819 0.1299, -1.3441 -0.3465 -0.0669, -1.3441 -0.3819 -0.0669, -1.3539 -0.3819 -0.0657, -1.3539 -0.3465 -0.0657, -1.363 -0.3819 -0.0621, -1.363 -0.3465 -0.0621, -1.371 -0.3819 -0.0563, -1.371 -0.3465 -0.0563, 1.6299 0.1457 -0.1299, 1.6299 0.2343 -0.1299, 1.6457 0.1457 -0.1299, 1.6457 0.2343 -0.1299, 1.6457 0.2343 -0.1299
            ]
        }
        coordIndex [
            0,1,2,-1,2,1,3,-1,4,5,6,-1,7,8,9,-1,10,11,12,-1,10,12,13,-1,14,15,12,-1,12,15,16,-1,12,16,17,-1,18,19,20,-1,20,19,21,-1,20,21,22,-1,22,21,23,-1,9,13,7,-1,7,13,12,-1,7,12,21,-1,21,12,17,-1,21,17,23,-1,24,25,26,-1,26,25,27,-1,26,27,28,-1,24,29,25,-1,25,29,30,-1,25,30,6,-1,6,30,31,-1,6,31,4,-1,11,32,12,-1,12,32,33,-1,12,33,27,-1,27,33,34,-1,27,34,28,-1,35,36,37,-1,37,36,38,-1,39,40,41,-1,41,40,42,-1,41,42,43,-1,44,45,46,-1,44,46,47,-1,47,46,48,-1,47,48,49,-1,49,48,50,-1,49,50,51,-1,52,53,54,-1,54,53,55,-1,
        ]
    }
}
Shape{
    appearance Appearance {
        material  Material 	{
            diffuseColor 0.25098039215686274 0.25098039215686274 0.25098039215686274
            specularColor 0.12549019607843137 0.12549019607843137 0.12549019607843137
            ambientIntensity 0.2
            transparency 0
            shininess 0.5
        }
    }
    geometry IndexedFaceSet {
        ccw TRUE
        solid FALSE
        coord DEF co Coordinate {
            point [
                1.1713 -0.2992 -0.0709, 0.8957 -0.2992 -0.0709, 1.1713 -0.2992 -0.1299, 0.7579 -0.2992 -0.0709, 0.6201 -0.2992 -0.0709, 0.4823 -0.2992 -0.0709, 0.3445 -0.2992 -0.0709, 0.2067 -0.2992 -0.0709, 0.0689 -0.2992 -0.0709, -1.1713 -0.2992 -0.1299, -0.0689 -0.2992 -0.0709, -0.3445 -0.2992 -0.0709, -0.4823 -0.2992 -0.0709, -0.6201 -0.2992 -0.0709, -0.7579 -0.2992 -0.0709, -0.8957 -0.2992 -0.0709, -1.0335 -0.2992 -0.0709, -1.1614 -0.2992 -0.0709, -1.1713 -0.2992 -0.0709, -1.1713 -0.2992 -0.0709
            ]
        }
        coordIndex [
            0,1,2,-1,2,1,3,-1,3,4,2,-1,2,4,5,-1,2,5,6,-1,6,7,2,-1,2,7,8,-1,2,8,9,-1,8,10,9,-1,9,10,11,-1,9,11,12,-1,12,13,9,-1,9,13,14,-1,9,14,15,-1,15,16,9,-1,9,16,17,-1,9,17,18,-1,
        ]
    }
}
Shape{
    appearance Appearance {
        material  Material 	{
            diffuseColor 0.7529411764705882 0.7529411764705882 0.7529411764705882
            specularColor 0.3764705882352941 0.3764705882352941 0.3764705882352941
            ambientIntensity 0.2
            transparency 0
            shininess 0.5
        }
    }
    geometry IndexedFaceSet {
        ccw TRUE
        solid FALSE
        coord DEF co Coordinate {
            point [
                -1.2087 0.248 0.0342, -1.2087 0.248 0.0667, -1.2087 0.2443 0.0719, -1.2087 0.2251 0.0581, -1.2087 0.2475 0.0268, -1.2087 0.248 0.0271, -1.2087 0.3504 0.0827, -1.2087 0.3819 0.0827, -1.2087 0.35 0.0863, -1.2087 0.3803 0.0949, -1.2087 0.3488 0.0897, -1.2087 0.3756 0.1063, -1.2087 0.3468 0.0927, -1.2087 0.3681 0.1161, -1.2087 0.3442 0.0952, -1.2087 0.3583 0.1236, -1.2087 0.2213 0.0649, -1.2087 0.2431 0.0741, -1.2087 0.2191 0.0724, -1.2087 0.2423 0.0766, -1.2087 0.2185 0.0801, -1.2087 0.2421 0.0792, -1.2087 0.2197 0.0878, -1.2087 0.2425 0.0818, -1.2087 0.2225 0.0951, -1.2087 0.2435 0.0842, -1.2087 0.2268 0.1015, -1.2087 0.2449 0.0863, -1.2087 0.24 0.1173, -1.2087 0.2581 0.1021, -1.2087 0.2456 0.1226, -1.2087 0.26 0.1039, -1.2087 0.2522 0.1266, -1.2087 0.2622 0.1052, -1.2087 0.2595 0.1291, -1.2087 0.2646 0.106, -1.2087 0.2672 0.1299, -1.2087 0.2672 0.1063, -1.2087 0.3346 0.1299, -1.2087 0.2953 0.1063, -1.2087 0.3469 0.1283, -1.2087 0.3376 0.0981, -1.2087 0.3411 0.0971, -1.2087 0.3411 0.0971
            ]
        }
        coordIndex [
            0,1,2,-1,3,4,5,-1,6,7,8,-1,8,7,9,-1,8,9,10,-1,10,9,11,-1,10,11,12,-1,12,11,13,-1,12,13,14,-1,14,13,15,-1,5,0,3,-1,3,0,2,-1,3,2,16,-1,16,2,17,-1,16,17,18,-1,18,17,19,-1,18,19,20,-1,20,19,21,-1,20,21,22,-1,22,21,23,-1,22,23,24,-1,24,23,25,-1,24,25,26,-1,26,25,27,-1,26,27,28,-1,28,27,29,-1,28,29,30,-1,30,29,31,-1,30,31,32,-1,32,31,33,-1,32,33,34,-1,34,33,35,-1,34,35,36,-1,36,35,37,-1,36,37,38,-1,38,37,39,-1,38,39,40,-1,40,39,41,-1,40,41,15,-1,15,41,42,-1,15,42,14,-1,
        ]
    }
}
Shape{
    appearance Appearance {
        material  Material 	{
            diffuseColor 0.25098039215686274 0.25098039215686274 0.25098039215686274
            specularColor 0.12549019607843137 0.12549019607843137 0.12549019607843137
            ambientIntensity 0.2
            transparency 0
            shininess 0.5
        }
    }
    geometry IndexedFaceSet {
        ccw TRUE
        solid FALSE
        coord DEF co Coordinate {
            point [
                -1.4331 -0.0748 0.0591, -1.4331 -0.0748 -0.0591, -1.4331 0.0748 0.0591, -1.4331 0.0748 -0.0591, -1.6339 -0.1378 -0.1102, -1.6535 -0.1378 -0.1102, -1.6339 0.1378 -0.1102, -1.6535 0.1378 -0.1102, -1.6535 0.1378 -0.1102
            ]
        }
        coordIndex [
            0,1,2,-1,2,1,3,-1,4,5,6,-1,6,5,7,-1,
        ]
    }
}
Shape{
    appearance Appearance {
        material  Material 	{
            diffuseColor 0.7529411764705882 0.7529411764705882 0.7529411764705882
            specularColor 0.3764705882352941 0.3764705882352941 0.3764705882352941
            ambientIntensity 0.2
            transparency 0
            shininess 0.5
        }
    }
    geometry IndexedFaceSet {
        ccw TRUE
        solid FALSE
        coord DEF co Coordinate {
            point [
                -1.2283 -0.3465 -0.0669, -1.2087 -0.3465 -0.0472, -1.2283 -0.3819 -0.0669, -1.2087 -0.3819 -0.0472, -1.2087 -0.3819 -0.0472
            ]
        }
        coordIndex [
            0,1,2,-1,2,1,3,-1,
        ]
    }
}
Shape{
    appearance Appearance {
        material  Material 	{
            diffuseColor 0.25098039215686274 0.25098039215686274 0.25098039215686274
            specularColor 0.12549019607843137 0.12549019607843137 0.12549019607843137
            ambientIntensity 0.2
            transparency 0
            shininess 0.5
        }
    }
    geometry IndexedFaceSet {
        ccw TRUE
        solid FALSE
        coord DEF co Coordinate {
            point [
                -1.5183 0.2938 0.1299, -1.5183 -0.2938 0.1299, -1.5202 0.2953 0.1307, -1.5202 -0.2953 0.1307, -1.533 0.2953 0.1364, -1.533 -0.2953 0.1364, 1.1969 0.3937 -0.0709, 0.8957 0.3937 -0.0709, 1.1969 0.3937 0.1299, 0.7579 0.3937 -0.0709, 0.6201 0.3937 -0.0709, 0.4823 0.3937 -0.0709, 0.3445 0.3937 -0.0709, 0.2067 0.3937 -0.0709, 0.0689 0.3937 -0.0709, -1.1969 0.3937 0.1299, -0.0689 0.3937 -0.0709, -0.3445 0.3937 -0.0709, -0.4823 0.3937 -0.0709, -0.6201 0.3937 -0.0709, -0.7579 0.3937 -0.0709, -0.8957 0.3937 -0.0709, -1.0335 0.3937 -0.0709, -1.1614 0.3937 -0.0709, -1.1969 0.3937 -0.0709, -1.2776 0.3376 0.0981, -1.2087 0.3376 0.0981, -1.2776 0.2953 0.1063, -1.2087 0.2953 0.1063, -1.2087 0.2953 0.1063
            ]
        }
        coordIndex [
            0,1,2,-1,2,1,3,-1,2,3,4,-1,4,3,5,-1,6,7,8,-1,8,7,9,-1,9,10,8,-1,8,10,11,-1,8,11,12,-1,12,13,8,-1,8,13,14,-1,8,14,15,-1,14,16,15,-1,15,16,17,-1,15,17,18,-1,18,19,15,-1,15,19,20,-1,15,20,21,-1,21,22,15,-1,15,22,23,-1,15,23,24,-1,25,26,27,-1,27,26,28,-1,
        ]
    }
}
Shape{
    appearance Appearance {
        material  Material 	{
            diffuseColor 0.7529411764705882 0.7529411764705882 0.7529411764705882
            specularColor 0.3764705882352941 0.3764705882352941 0.3764705882352941
            ambientIntensity 0.2
            transparency 0
            shininess 0.5
        }
    }
    geometry IndexedFaceSet {
        ccw TRUE
        solid FALSE
        coord DEF co Coordinate {
            point [
                -1.4309 0.3819 -0.0023, -1.4309 0.3465 -0.0023, -1.4388 0.3819 0.0033, -1.4388 0.3465 0.0033, -1.4478 0.3819 0.0067, -1.4478 0.3465 0.0067, -1.4573 0.3819 0.0079, -1.4573 0.3465 0.0079, -1.6024 0.2343 -0.1063, -1.6024 0.1457 -0.1063, -1.5989 0.2343 -0.1059, -1.5989 0.1457 -0.1059, -1.5955 0.2343 -0.1047, -1.5955 0.1457 -0.1047, -1.5925 0.2343 -0.1029, -1.5925 0.1457 -0.1029, -1.59 0.2343 -0.1004, -1.59 0.1457 -0.1004, -1.5882 0.2343 -0.0974, -1.5882 0.1457 -0.0974, -1.587 0.2343 -0.0941, -1.587 0.1457 -0.0941, -1.5866 0.2343 -0.0906, -1.5866 0.1457 -0.0906, 1.5202 0.2953 0.1652, 1.5202 -0.2953 0.1652, 1.5319 -0.2953 0.1687, 1.5319 0.2953 0.1687, 1.5442 -0.2953 0.169, 1.5442 0.2953 0.169, 1.5561 -0.2953 0.1662, 1.5561 0.2953 0.1662, 1.5669 -0.2953 0.1604, 1.5669 0.2953 0.1604, 1.5759 -0.2953 0.1521, 1.5759 0.2953 0.1521, 1.5824 -0.2953 0.1416, 1.5824 0.2953 0.1416, 1.586 -0.2953 0.1299, 1.586 0.2953 0.1299, -1.2776 -0.248 0.0827, -1.2776 -0.2268 0.1015, -1.2776 -0.2225 0.0951, -1.2776 -0.3465 0.0669, -1.2776 -0.3819 0.0669, -1.2776 -0.3465 0.0748, -1.2776 -0.3819 0.0827, -1.2776 -0.3803 0.0949, -1.2776 -0.2197 0.0878, -1.2776 -0.2185 0.0801, -1.2776 -0.2191 0.0724, -1.2776 -0.2475 0.0268, -1.2776 -0.248 0.0268, -1.2776 -0.2251 0.0581, -1.2776 -0.2213 0.0649, -1.2776 -0.3756 0.1063, -1.2776 -0.3681 0.1161, -1.2776 -0.3583 0.1236, -1.2776 -0.3469 0.1283, -1.2776 -0.3346 0.1299, -1.2776 -0.2672 0.1299, -1.2776 -0.2595 0.1291, -1.2776 -0.2522 0.1266, -1.2776 -0.2456 0.1226, -1.2776 -0.24 0.1173, 1.4283 0.3465 -0.0027, 1.371 0.3465 -0.0563, 1.4283 0.3819 -0.0027, 1.371 0.3819 -0.0563, -1.6457 0.1457 -0.1063, -1.6457 0.2343 -0.1063, -1.6457 0.2343 -0.1063
            ]
        }
        coordIndex [
            0,1,2,-1,2,1,3,-1,2,3,4,-1,4,3,5,-1,4,5,6,-1,6,5,7,-1,8,9,10,-1,10,9,11,-1,10,11,12,-1,12,11,13,-1,12,13,14,-1,14,13,15,-1,14,15,16,-1,16,15,17,-1,16,17,18,-1,18,17,19,-1,18,19,20,-1,20,19,21,-1,20,21,22,-1,22,21,23,-1,24,25,26,-1,24,26,27,-1,27,26,28,-1,27,28,29,-1,29,28,30,-1,29,30,31,-1,31,30,32,-1,31,32,33,-1,33,32,34,-1,33,34,35,-1,35,34,36,-1,35,36,37,-1,37,36,38,-1,37,38,39,-1,40,41,42,-1,43,44,45,-1,45,44,46,-1,45,46,47,-1,42,48,40,-1,40,48,49,-1,40,49,50,-1,51,52,53,-1,53,52,40,-1,53,40,54,-1,54,40,50,-1,47,55,45,-1,45,55,56,-1,45,56,57,-1,57,58,45,-1,45,58,59,-1,45,59,40,-1,59,60,40,-1,40,60,61,-1,40,61,62,-1,62,63,40,-1,40,63,64,-1,40,64,41,-1,65,66,67,-1,67,66,68,-1,69,9,70,-1,70,9,8,-1,
        ]
    }
}
Shape{
    appearance Appearance {
        material  Material 	{
            diffuseColor 0.25098039215686274 0.25098039215686274 0.25098039215686274
            specularColor 0.12549019607843137 0.12549019607843137 0.12549019607843137
            ambientIntensity 0.2
            transparency 0
            shininess 0.5
        }
    }
    geometry IndexedFaceSet {
        ccw TRUE
        solid FALSE
        coord DEF co Coordinate {
            point [
                -1.4685 -0.0748 -0.0138, -1.437 -0.0748 -0.0138, -1.4685 -0.248 -0.0138, -1.437 -0.248 -0.0138, -1.437 -0.248 -0.0138
            ]
        }
        coordIndex [
            0,1,2,-1,2,1,3,-1,
        ]
    }
}
Shape{
    appearance Appearance {
        material  Material 	{
            diffuseColor 0.7529411764705882 0.7529411764705882 0.7529411764705882
            specularColor 0.3764705882352941 0.3764705882352941 0.3764705882352941
            ambientIntensity 0.2
            transparency 0
            shininess 0.5
        }
    }
    geometry IndexedFaceSet {
        ccw TRUE
        solid FALSE
        coord DEF co Coordinate {
            point [
                -1.5039 0.3819 0.1693, -1.5039 0.3819 0.1299, -1.445 0.3098 0.1693, -1.445 0.3098 0.1299, -1.445 0.3098 0.1299
            ]
        }
        coordIndex [
            0,1,2,-1,2,1,3,-1,
        ]
    }
}
Shape{
    appearance Appearance {
        material  Material 	{
            diffuseColor 0.25098039215686274 0.25098039215686274 0.25098039215686274
            specularColor 0.12549019607843137 0.12549019607843137 0.12549019607843137
            ambientIntensity 0.2
            transparency 0
            shininess 0.5
        }
    }
    geometry IndexedFaceSet {
        ccw TRUE
        solid FALSE
        coord DEF co Coordinate {
            point [
                1.2677 -0.1457 -0.0591, 1.2677 -0.1339 -0.0472, 1.2008 -0.1339 -0.0472, 1.0335 -0.1339 -0.0472, 0.8957 -0.1339 -0.0472, 0.7579 -0.1339 -0.0472, 0.6201 -0.1339 -0.0472, 0.4823 -0.1339 -0.0472, -1.2677 -0.1457 -0.0591, 0.3445 -0.1339 -0.0472, 0.0689 -0.1339 -0.0472, -0.0689 -0.1339 -0.0472, -0.2067 -0.1339 -0.0472, -0.3445 -0.1339 -0.0472, -0.4823 -0.1339 -0.0472, -0.6201 -0.1339 -0.0472, -0.7579 -0.1339 -0.0472, -0.8957 -0.1339 -0.0472, -1.2677 -0.1339 -0.0472, -1.6535 -0.315 -0.1102, -1.6535 -0.2421 -0.1102, -1.6339 -0.2421 -0.1102, -1.6339 -0.367 -0.1102, -1.6369 -0.3634 -0.1102, -1.6524 -0.3281 -0.1102, -1.6469 -0.3467 -0.1102, 1.2933 -0.3465 0.0512, 1.319 -0.3465 0.0512, 1.2904 -0.3465 0.0748, 1.2904 -0.3465 0.1299, 1.2776 -0.3465 0.0748, 1.2776 -0.3465 0.0669, 1.278 -0.3465 0.0634, 1.3229 -0.3465 0.0517, 1.3265 -0.3465 0.0531, 1.3682 -0.3465 0.1299, 1.3297 -0.3465 0.0554, 1.4094 -0.3465 0.1299, 1.2791 -0.3465 0.0601, 1.281 -0.3465 0.0571, 1.2835 -0.3465 0.0546, 1.2865 -0.3465 0.0527, 1.2898 -0.3465 0.0516, -1.2904 0.248 0.1299, -1.2904 0.248 0.0827, -1.2904 0.3465 0.1299, -1.2904 0.3465 0.0748, -1.19 0.248 0.0827, -1.19 0.3465 0.0748, -1.1969 0.3465 0.0748, -1.2746 0.3465 0.0748, -1.2057 0.3465 0.0748, -1.6339 0.1378 -0.1102, -1.6142 0.1378 -0.1299, -1.6339 -0.1378 -0.1102, -1.6142 -0.1378 -0.1299, 1.6339 0.367 -0.1102, 1.6339 0.2421 -0.1102, 1.6231 0.3769 -0.1211, 1.6142 0.2421 -0.1299, 1.6215 0.3783 -0.1227, 1.6142 0.3832 -0.1299, 1.3308 -0.3109 0.1299, 1.2904 -0.248 0.1299, 1.3308 -0.2487 0.1299, 1.3308 -0.248 0.1299, -1.19 -0.248 0.0827, -1.19 -0.3465 0.0748, -1.19 -0.248 0.1299, -1.19 -0.3465 0.1299, -1.19 -0.3465 0.1299
            ]
        }
        coordIndex [
            0,1,2,-1,2,3,0,-1,0,3,4,-1,0,4,5,-1,5,6,0,-1,0,6,7,-1,0,7,8,-1,8,7,9,-1,9,10,8,-1,8,10,11,-1,8,11,12,-1,12,13,8,-1,8,13,14,-1,8,14,15,-1,15,16,8,-1,8,16,17,-1,8,17,18,-1,19,20,21,-1,21,22,19,-1,19,22,23,-1,19,23,24,-1,24,23,25,-1,26,27,28,-1,28,27,29,-1,30,31,28,-1,28,31,32,-1,27,33,29,-1,29,33,34,-1,29,34,35,-1,35,34,36,-1,35,36,37,-1,32,38,28,-1,28,38,39,-1,28,39,40,-1,40,41,28,-1,28,41,42,-1,28,42,26,-1,43,44,45,-1,45,44,46,-1,47,48,49,-1,46,44,50,-1,50,44,47,-1,50,47,51,-1,51,47,49,-1,52,53,54,-1,54,53,55,-1,56,57,58,-1,58,57,59,-1,58,59,60,-1,60,59,61,-1,29,35,62,-1,29,62,63,-1,63,62,64,-1,63,64,65,-1,66,67,68,-1,68,67,69,-1,
        ]
    }
}
Shape{
    appearance Appearance {
        material  Material 	{
            diffuseColor 0.7529411764705882 0.7529411764705882 0.7529411764705882
            specularColor 0.3764705882352941 0.3764705882352941 0.3764705882352941
            ambientIntensity 0.2
            transparency 0
            shininess 0.5
        }
    }
    geometry IndexedFaceSet {
        ccw TRUE
        solid FALSE
        coord DEF co Coordinate {
            point [
                1.3308 0.2496 0.1343, 1.445 0.2544 0.1457, 1.3308 0.2544 0.1457, 1.445 0.2619 0.1555, 1.3308 0.2619 0.1555, 1.445 0.2717 0.163, 1.3308 0.2717 0.163, 1.445 0.283 0.1677, 1.3308 0.283 0.1677, 1.445 0.2953 0.1693, 1.3308 0.2953 0.1693, 1.3308 0.248 0.122, 1.445 0.248 0.122, 1.3308 0.2487 0.1299, 1.445 0.2487 0.1299, 1.445 0.2496 0.1343, -1.4094 -0.3819 0.1299, -1.4055 -0.3819 0.1299, -1.4055 -0.3819 0.1693, -1.4454 -0.3819 0.0066, -1.4363 -0.3819 0.003, -1.5039 -0.3819 0.1299, -1.4283 -0.3819 -0.0027, -1.2791 -0.3819 0.0601, -1.2087 -0.3819 -0.0472, -1.278 -0.3819 0.0634, -1.2087 -0.3819 0.0827, -1.2776 -0.3819 0.0669, -1.2776 -0.3819 0.0827, -1.3229 -0.3819 0.0517, -1.3265 -0.3819 0.0531, -1.3441 -0.3819 -0.0669, -1.3297 -0.3819 0.0554, -1.5866 -0.3819 0.1299, -1.5866 -0.3819 0.0079, -1.4552 -0.3819 0.0079, -1.3539 -0.3819 -0.0657, -1.363 -0.3819 -0.0621, -1.371 -0.3819 -0.0563, -1.281 -0.3819 0.0571, -1.2835 -0.3819 0.0546, -1.2283 -0.3819 -0.0669, -1.2865 -0.3819 0.0527, -1.5039 -0.3819 0.1693, -1.2898 -0.3819 0.0516, -1.2933 -0.3819 0.0512, -1.319 -0.3819 0.0512, -1.319 -0.3819 0.0512
            ]
        }
        coordIndex [
            0,1,2,-1,2,1,3,-1,2,3,4,-1,4,3,5,-1,4,5,6,-1,6,5,7,-1,6,7,8,-1,8,7,9,-1,8,9,10,-1,11,12,13,-1,13,12,14,-1,13,14,0,-1,0,14,15,-1,0,15,1,-1,16,17,18,-1,19,20,21,-1,21,20,22,-1,23,24,25,-1,25,24,26,-1,25,26,27,-1,27,26,28,-1,29,30,31,-1,31,30,32,-1,31,32,16,-1,33,34,21,-1,21,34,35,-1,21,35,19,-1,36,31,37,-1,37,31,38,-1,23,39,24,-1,24,39,40,-1,24,40,41,-1,41,40,42,-1,18,43,16,-1,16,43,21,-1,16,21,31,-1,31,21,22,-1,31,22,38,-1,42,44,41,-1,41,44,45,-1,41,45,31,-1,31,45,46,-1,31,46,29,-1,
        ]
    }
}
Shape{
    appearance Appearance {
        material  Material 	{
            diffuseColor 0.25098039215686274 0.25098039215686274 0.25098039215686274
            specularColor 0.12549019607843137 0.12549019607843137 0.12549019607843137
            ambientIntensity 0.2
            transparency 0
            shininess 0.5
        }
    }
    geometry IndexedFaceSet {
        ccw TRUE
        solid FALSE
        coord DEF co Coordinate {
            point [
                -1.4331 -0.0748 0.0591, -1.437 -0.0748 0.0591, -1.437 -0.0748 -0.0138, -1.4685 -0.0748 0.0591, -1.4744 -0.0748 0.0591, -1.4685 -0.0748 -0.0138, -1.4744 -0.0748 -0.0591, -1.4331 -0.0748 -0.0591, -1.4331 -0.0748 -0.0591
            ]
        }
        coordIndex [
            0,1,2,-1,3,4,5,-1,5,4,6,-1,5,6,2,-1,2,6,7,-1,2,7,0,-1,
        ]
    }
}
Shape{
    appearance Appearance {
        material  Material 	{
            diffuseColor 0.7529411764705882 0.7529411764705882 0.7529411764705882
            specularColor 0.3764705882352941 0.3764705882352941 0.3764705882352941
            ambientIntensity 0.2
            transparency 0
            shininess 0.5
        }
    }
    geometry IndexedFaceSet {
        ccw TRUE
        solid FALSE
        coord DEF co Coordinate {
            point [
                1.2776 -0.2595 0.1291, 1.2776 -0.2672 0.1299, 1.2776 -0.248 0.0827, 1.2776 -0.248 0.0268, 1.2776 -0.2475 0.0268, 1.2776 -0.2251 0.0581, 1.2776 -0.3819 0.0669, 1.2776 -0.3465 0.0669, 1.2776 -0.3819 0.0827, 1.2776 -0.3465 0.0748, 1.2776 -0.3803 0.0949, 1.2776 -0.2268 0.1015, 1.2776 -0.24 0.1173, 1.2776 -0.3469 0.1283, 1.2776 -0.3583 0.1236, 1.2776 -0.2185 0.0801, 1.2776 -0.2197 0.0878, 1.2776 -0.2225 0.0951, 1.2776 -0.3346 0.1299, 1.2776 -0.3681 0.1161, 1.2776 -0.3756 0.1063, 1.2776 -0.2213 0.0649, 1.2776 -0.2191 0.0724, 1.2776 -0.2456 0.1226, 1.2776 -0.2522 0.1266, 1.2776 -0.2522 0.1266
            ]
        }
        coordIndex [
            0,1,2,-1,3,4,2,-1,2,4,5,-1,6,7,8,-1,8,7,9,-1,8,9,10,-1,2,11,12,-1,13,14,9,-1,15,16,2,-1,2,16,17,-1,2,17,11,-1,2,1,9,-1,9,1,18,-1,9,18,13,-1,14,19,9,-1,9,19,20,-1,9,20,10,-1,5,21,2,-1,2,21,22,-1,2,22,15,-1,12,23,2,-1,2,23,24,-1,2,24,0,-1,
        ]
    }
}
Shape{
    appearance Appearance {
        material  Material 	{
            diffuseColor 0.25098039215686274 0.25098039215686274 0.25098039215686274
            specularColor 0.12549019607843137 0.12549019607843137 0.12549019607843137
            ambientIntensity 0.2
            transparency 0
            shininess 0.5
        }
    }
    geometry IndexedFaceSet {
        ccw TRUE
        solid FALSE
        coord DEF co Coordinate {
            point [
                -1.2677 0.1457 -0.0591, -1.2677 0.1339 -0.0472, -1.2008 0.1339 -0.0472, -1.0335 0.1339 -0.0472, -0.8957 0.1339 -0.0472, -0.7579 0.1339 -0.0472, -0.6201 0.1339 -0.0472, -0.4823 0.1339 -0.0472, 1.2677 0.1457 -0.0591, -0.3445 0.1339 -0.0472, -0.0689 0.1339 -0.0472, 0.0689 0.1339 -0.0472, 0.2067 0.1339 -0.0472, 0.3445 0.1339 -0.0472, 0.4823 0.1339 -0.0472, 0.6201 0.1339 -0.0472, 0.7579 0.1339 -0.0472, 0.8957 0.1339 -0.0472, 1.2677 0.1339 -0.0472, -1.4626 -0.3937 -0.1299, -1.4626 -0.3937 -0.0039, -1.5748 -0.3937 -0.1299, -1.5748 -0.3937 -0.0039, -1.5748 -0.3937 -0.0039
            ]
        }
        coordIndex [
            0,1,2,-1,2,3,0,-1,0,3,4,-1,0,4,5,-1,5,6,0,-1,0,6,7,-1,0,7,8,-1,8,7,9,-1,9,10,8,-1,8,10,11,-1,8,11,12,-1,12,13,8,-1,8,13,14,-1,8,14,15,-1,15,16,8,-1,8,16,17,-1,8,17,18,-1,19,20,21,-1,21,20,22,-1,
        ]
    }
}
Shape{
    appearance Appearance {
        material  Material 	{
            diffuseColor 0.7529411764705882 0.7529411764705882 0.7529411764705882
            specularColor 0.3764705882352941 0.3764705882352941 0.3764705882352941
            ambientIntensity 0.2
            transparency 0
            shininess 0.5
        }
    }
    geometry IndexedFaceSet {
        ccw TRUE
        solid FALSE
        coord DEF co Coordinate {
            point [
                -1.5551 0.2343 -0.0079, -1.5866 0.2343 -0.0079, -1.5551 0.2346 -0.0044, -1.5866 0.2346 -0.0044, -1.5551 0.2358 -0.001, -1.5866 0.2358 -0.001, -1.5551 0.2377 0.0019, -1.5866 0.2377 0.0019, -1.5551 0.2402 0.0044, -1.5866 0.2402 0.0044, -1.5551 0.2432 0.0063, -1.5866 0.2432 0.0063, -1.5551 0.2465 0.0075, -1.5866 0.2465 0.0075, -1.5551 0.25 0.0079, -1.5866 0.25 0.0079, 1.5202 -0.2953 0.1652, 1.5202 0.2953 0.1652, 1.4729 -0.2557 0.1442, 1.4729 0.2557 0.1442, 1.587 0.1457 -0.0941, 1.5866 0.1457 -0.0906, 1.5866 0.1457 -0.1299, 1.5812 0.1457 -0.1378, 1.622 0.1457 -0.1378, 1.6299 0.1457 -0.1299, 1.5882 0.1457 -0.0974, 1.5551 0.1457 -0.1299, 1.5633 0.1457 -0.1342, 1.5721 0.1457 -0.1369, 1.5989 0.1457 -0.1059, 1.5955 0.1457 -0.1047, 1.6024 0.1457 -0.1063, 1.5925 0.1457 -0.1029, 1.59 0.1457 -0.1004, 1.6457 0.1457 -0.1063, 1.6457 0.1457 -0.1299, 1.622 -0.2343 -0.1378, 1.5812 -0.2343 -0.1378, 1.622 -0.1457 -0.1378, 1.5812 -0.1457 -0.1378, -1.3441 -0.3465 -0.0669, -1.2283 -0.3465 -0.0669, -1.3441 -0.3819 -0.0669, -1.2283 -0.3819 -0.0669, -1.2776 0.2268 0.1015, -1.2087 0.2268 0.1015, -1.2776 0.24 0.1173, -1.2087 0.24 0.1173, -1.2087 0.24 0.1173
            ]
        }
        coordIndex [
            0,1,2,-1,2,1,3,-1,2,3,4,-1,4,3,5,-1,4,5,6,-1,6,5,7,-1,6,7,8,-1,8,7,9,-1,8,9,10,-1,10,9,11,-1,10,11,12,-1,12,11,13,-1,12,13,14,-1,14,13,15,-1,16,17,18,-1,18,17,19,-1,20,21,22,-1,23,24,22,-1,22,24,25,-1,20,22,26,-1,27,28,22,-1,22,28,29,-1,22,29,23,-1,30,31,22,-1,30,22,32,-1,31,33,22,-1,22,33,34,-1,22,34,26,-1,32,22,35,-1,35,22,25,-1,35,25,36,-1,37,38,39,-1,39,38,40,-1,41,42,43,-1,43,42,44,-1,45,46,47,-1,47,46,48,-1,
        ]
    }
}
Shape{
    appearance Appearance {
        material  Material 	{
            diffuseColor 0.25098039215686274 0.25098039215686274 0.25098039215686274
            specularColor 0.12549019607843137 0.12549019607843137 0.12549019607843137
            ambientIntensity 0.2
            transparency 0
            shininess 0.5
        }
    }
    geometry IndexedFaceSet {
        ccw TRUE
        solid FALSE
        coord DEF co Coordinate {
            point [
                -1.2677 0.1339 -0.0334, -1.2677 0.1339 -0.0472, -1.2697 0.1336 -0.0472, -1.2677 0.1339 0.0634, -1.2697 0.1336 0.0617, -1.2713 0.1333 0.0603, -1.2703 0.1336 -0.0472, -1.2724 0.1327 0.0593, -1.2725 0.1328 -0.0472, -1.2744 0.1318 0.0576, -1.2749 0.1313 0.0571, -1.2728 0.1327 -0.0472, -1.275 0.1314 -0.0472, -1.2751 0.1313 -0.0472, -1.277 0.1293 0.0553, -1.2766 0.1299 0.0557, -1.277 0.1294 -0.0472, -1.277 0.1293 -0.0472, -1.278 0.128 0.0545, -1.2784 0.1272 -0.0472, -1.2785 0.1268 0.0541, -1.2785 0.1268 -0.0472, -1.2789 0.1258 0.0537, -1.2793 0.124 0.0533, -1.2793 0.124 -0.0472, -1.2795 0.122 -0.0472, -1.2795 0.122 0.0531, -1.2792 0.1247 -0.0472, -1.2794 0.1234 0.0532, -1.2794 0.1234 0.0532
            ]
        }
        coordIndex [
            0,1,2,-1,3,0,4,-1,4,0,2,-1,4,2,5,-1,5,2,6,-1,5,6,7,-1,7,6,8,-1,7,8,9,-1,9,8,10,-1,10,8,11,-1,10,11,12,-1,13,14,12,-1,12,14,15,-1,12,15,10,-1,13,16,14,-1,14,16,17,-1,14,17,18,-1,18,17,19,-1,18,19,20,-1,20,19,21,-1,20,21,22,-1,22,21,23,-1,24,25,26,-1,21,27,23,-1,23,27,24,-1,23,24,28,-1,28,24,26,-1,
        ]
    }
}
Shape{
    appearance Appearance {
        material  Material 	{
            diffuseColor 0.7529411764705882 0.7529411764705882 0.7529411764705882
            specularColor 0.3764705882352941 0.3764705882352941 0.3764705882352941
            ambientIntensity 0.2
            transparency 0
            shininess 0.5
        }
    }
    geometry IndexedFaceSet {
        ccw TRUE
        solid FALSE
        coord DEF co Coordinate {
            point [
                1.4548 0.2405 0.1299, 1.4548 0.248 0.1299, 1.4496 0.248 0.1215, 1.4496 -0.248 0.1215, 1.4548 -0.248 0.1299, 1.4548 -0.2405 0.1299, 1.4562 -0.2418 0.1314, 1.4562 0.2418 0.1314, 1.4458 0.248 0.1102, 1.4458 -0.248 0.1102, 1.4449 0.248 0.101, 1.4449 -0.248 0.101, 1.4639 -0.2484 0.1389, 1.465 0.2491 0.1394, 1.4631 0.2475 0.1383, 1.4649 -0.2492 0.1395, 1.4729 -0.2557 0.1442, 1.4729 0.2557 0.1442, -1.3297 -0.3465 0.0554, -1.3297 -0.3819 0.0554, -1.3265 -0.3465 0.0531, -1.3265 -0.3819 0.0531, -1.3229 -0.3465 0.0517, -1.3229 -0.3819 0.0517, -1.319 -0.3465 0.0512, -1.319 -0.3819 0.0512, -1.5551 0.25 0.0079, -1.5866 0.25 0.0079, -1.5551 0.3465 0.0079, -1.5866 0.3819 0.0079, -1.4573 0.3465 0.0079, -1.4573 0.3819 0.0079, -1.2776 -0.3346 0.1299, -1.2087 -0.3346 0.1299, -1.2776 -0.2672 0.1299, -1.2087 -0.2672 0.1299, -1.2087 -0.2672 0.1299
            ]
        }
        coordIndex [
            0,1,2,-1,3,4,5,-1,5,6,7,-1,7,0,5,-1,5,0,2,-1,5,2,3,-1,3,2,8,-1,3,8,9,-1,9,8,10,-1,9,10,11,-1,12,13,6,-1,6,13,14,-1,6,14,7,-1,12,15,13,-1,13,15,16,-1,13,16,17,-1,18,19,20,-1,20,19,21,-1,20,21,22,-1,22,21,23,-1,22,23,24,-1,24,23,25,-1,26,27,28,-1,28,27,29,-1,28,29,30,-1,30,29,31,-1,32,33,34,-1,34,33,35,-1,
        ]
    }
}
Shape{
    appearance Appearance {
        material  Material 	{
            diffuseColor 0.25098039215686274 0.25098039215686274 0.25098039215686274
            specularColor 0.12549019607843137 0.12549019607843137 0.12549019607843137
            ambientIntensity 0.2
            transparency 0
            shininess 0.5
        }
    }
    geometry IndexedFaceSet {
        ccw TRUE
        solid FALSE
        coord DEF co Coordinate {
            point [
                1.19 -0.248 0.0827, 1.19 -0.248 0.1299, 1.19 -0.3465 0.0748, 1.19 -0.3465 0.1299, 1.19 -0.3465 0.1299
            ]
        }
        coordIndex [
            0,1,2,-1,2,1,3,-1,
        ]
    }
}
Shape{
    appearance Appearance {
        material  Material 	{
            diffuseColor 0.7529411764705882 0.7529411764705882 0.7529411764705882
            specularColor 0.3764705882352941 0.3764705882352941 0.3764705882352941
            ambientIntensity 0.2
            transparency 0
            shininess 0.5
        }
    }
    geometry IndexedFaceSet {
        ccw TRUE
        solid FALSE
        coord DEF co Coordinate {
            point [
                1.2283 -0.3819 -0.0669, 1.2283 -0.3465 -0.0669, 1.3441 -0.3819 -0.0669, 1.3441 -0.3465 -0.0669, -1.2776 0.2443 0.0719, -1.2087 0.2443 0.0719, -1.2776 0.248 0.0667, -1.2087 0.248 0.0667, 1.2087 0.2595 0.1291, 1.2087 0.2672 0.1299, 1.2087 0.248 0.0827, 1.2087 0.3819 -0.0472, 1.2087 0.3465 -0.0472, 1.2087 0.3819 0.0827, 1.2087 0.3465 0.0748, 1.2087 0.3803 0.0949, 1.2087 0.2268 0.1015, 1.2087 0.24 0.1173, 1.2087 0.3469 0.1283, 1.2087 0.3583 0.1236, 1.2087 0.2191 0.0724, 1.2087 0.2185 0.0801, 1.2087 0.248 0.0781, 1.2087 0.2197 0.0878, 1.2087 0.2225 0.0951, 1.2087 0.3346 0.1299, 1.2087 0.3681 0.1161, 1.2087 0.3756 0.1063, 1.2087 0.248 0.0268, 1.2087 0.2475 0.0268, 1.2087 0.248 0.0342, 1.2087 0.2251 0.0581, 1.2087 0.2213 0.0649, 1.2087 0.2456 0.1226, 1.2087 0.2522 0.1266, 1.2087 0.2522 0.1266
            ]
        }
        coordIndex [
            0,1,2,-1,2,1,3,-1,4,5,6,-1,6,5,7,-1,8,9,10,-1,11,12,13,-1,13,12,14,-1,13,14,15,-1,10,16,17,-1,18,19,14,-1,20,21,22,-1,22,21,23,-1,22,23,10,-1,10,23,24,-1,10,24,16,-1,10,9,14,-1,14,9,25,-1,14,25,18,-1,19,26,14,-1,14,26,27,-1,14,27,15,-1,28,29,30,-1,30,29,31,-1,30,31,22,-1,22,31,32,-1,22,32,20,-1,17,33,10,-1,10,33,34,-1,10,34,8,-1,
        ]
    }
}
Shape{
    appearance Appearance {
        material  Material 	{
            diffuseColor 0.25098039215686274 0.25098039215686274 0.25098039215686274
            specularColor 0.12549019607843137 0.12549019607843137 0.12549019607843137
            ambientIntensity 0.2
            transparency 0
            shininess 0.5
        }
    }
    geometry IndexedFaceSet {
        ccw TRUE
        solid FALSE
        coord DEF co Coordinate {
            point [
                1.3308 0.248 0.1299, 1.3308 0.248 0.122, 1.3308 0.2487 0.1299, 1.3308 0.2487 0.1299
            ]
        }
        coordIndex [
            0,1,2,-1,
        ]
    }
}
Shape{
    appearance Appearance {
        material  Material 	{
            diffuseColor 0.7529411764705882 0.7529411764705882 0.7529411764705882
            specularColor 0.3764705882352941 0.3764705882352941 0.3764705882352941
            ambientIntensity 0.2
            transparency 0
            shininess 0.5
        }
    }
    geometry IndexedFaceSet {
        ccw TRUE
        solid FALSE
        coord DEF co Coordinate {
            point [
                1.5866 -0.1457 -0.1299, 1.5866 -0.1457 -0.0906, 1.587 -0.1457 -0.0941, 1.5812 -0.1457 -0.1378, 1.5721 -0.1457 -0.1369, 1.5633 -0.1457 -0.1342, 1.5551 -0.1457 -0.1299, 1.5882 -0.1457 -0.0974, 1.59 -0.1457 -0.1004, 1.5925 -0.1457 -0.1029, 1.6457 -0.1457 -0.1063, 1.6457 -0.1457 -0.1299, 1.6024 -0.1457 -0.1063, 1.6299 -0.1457 -0.1299, 1.5989 -0.1457 -0.1059, 1.622 -0.1457 -0.1378, 1.5955 -0.1457 -0.1047, -1.6299 0.1457 -0.1299, -1.6299 0.2343 -0.1299, -1.622 0.1457 -0.1378, -1.622 0.2343 -0.1378, -1.4552 -0.3465 0.0079, -1.4552 -0.3819 0.0079, -1.5551 -0.3465 0.0079, -1.5866 -0.3819 0.0079, -1.5551 -0.25 0.0079, -1.5866 -0.25 0.0079, -1.5866 -0.25 0.0079
            ]
        }
        coordIndex [
            0,1,2,-1,3,4,0,-1,0,4,5,-1,0,5,6,-1,2,7,0,-1,0,7,8,-1,0,8,9,-1,10,11,12,-1,12,11,13,-1,12,13,14,-1,3,0,15,-1,15,0,9,-1,15,9,13,-1,13,9,16,-1,13,16,14,-1,17,18,19,-1,19,18,20,-1,21,22,23,-1,23,22,24,-1,23,24,25,-1,25,24,26,-1,
        ]
    }
}
Shape{
    appearance Appearance {
        material  Material 	{
            diffuseColor 0.25098039215686274 0.25098039215686274 0.25098039215686274
            specularColor 0.12549019607843137 0.12549019607843137 0.12549019607843137
            ambientIntensity 0.2
            transparency 0
            shininess 0.5
        }
    }
    geometry IndexedFaceSet {
        ccw TRUE
        solid FALSE
        coord DEF co Coordinate {
            point [
                1.5866 -0.2343 -0.0138, 1.5866 -0.2421 -0.0138, 1.5551 -0.2343 -0.0138, 1.5551 -0.2421 -0.0138, 1.5551 -0.2421 -0.0138
            ]
        }
        coordIndex [
            0,1,2,-1,2,1,3,-1,
        ]
    }
}
Shape{
    appearance Appearance {
        material  Material 	{
            diffuseColor 0.7529411764705882 0.7529411764705882 0.7529411764705882
            specularColor 0.3764705882352941 0.3764705882352941 0.3764705882352941
            ambientIntensity 0.2
            transparency 0
            shininess 0.5
        }
    }
    geometry IndexedFaceSet {
        ccw TRUE
        solid FALSE
        coord DEF co Coordinate {
            point [
                1.2933 0.3465 0.0512, 1.319 0.3465 0.0512, 1.2933 0.3819 0.0512, 1.319 0.3819 0.0512, 1.319 0.3819 0.0512
            ]
        }
        coordIndex [
            0,1,2,-1,2,1,3,-1,
        ]
    }
}
Shape{
    appearance Appearance {
        material  Material 	{
            diffuseColor 0.25098039215686274 0.25098039215686274 0.25098039215686274
            specularColor 0.12549019607843137 0.12549019607843137 0.12549019607843137
            ambientIntensity 0.2
            transparency 0
            shininess 0.5
        }
    }
    geometry IndexedFaceSet {
        ccw TRUE
        solid FALSE
        coord DEF co Coordinate {
            point [
                -1.1969 0.3937 -0.0709, -1.1969 0.3465 -0.0709, -1.1969 0.3937 0.1299, -1.1969 0.3465 0.0748, -1.1969 0.3465 0.1299, -1.1969 0.3465 0.1299
            ]
        }
        coordIndex [
            0,1,2,-1,2,1,3,-1,2,3,4,-1,
        ]
    }
}
Shape{
    appearance Appearance {
        material  Material 	{
            diffuseColor 0.7529411764705882 0.7529411764705882 0.7529411764705882
            specularColor 0.3764705882352941 0.3764705882352941 0.3764705882352941
            ambientIntensity 0.2
            transparency 0
            shininess 0.5
        }
    }
    geometry IndexedFaceSet {
        ccw TRUE
        solid FALSE
        coord DEF co Coordinate {
            point [
                -1.2087 -0.24 0.1173, -1.2776 -0.24 0.1173, -1.2776 -0.2456 0.1226, -1.2087 -0.2456 0.1226, -1.2776 -0.2522 0.1266, -1.2087 -0.2522 0.1266, -1.2776 -0.2595 0.1291, -1.2087 -0.2595 0.1291, -1.2776 -0.2672 0.1299, -1.2087 -0.2672 0.1299, 1.445 0.3098 0.1693, 1.445 0.3098 0.1299, 1.5039 0.3819 0.1693, 1.5039 0.3819 0.1299, 1.5039 0.3819 0.1299
            ]
        }
        coordIndex [
            0,1,2,-1,0,2,3,-1,3,2,4,-1,3,4,5,-1,5,4,6,-1,5,6,7,-1,7,6,8,-1,7,8,9,-1,10,11,12,-1,12,11,13,-1,
        ]
    }
}
Shape{
    appearance Appearance {
        material  Material 	{
            diffuseColor 0.25098039215686274 0.25098039215686274 0.25098039215686274
            specularColor 0.12549019607843137 0.12549019607843137 0.12549019607843137
            ambientIntensity 0.2
            transparency 0
            shininess 0.5
        }
    }
    geometry IndexedFaceSet {
        ccw TRUE
        solid FALSE
        coord DEF co Coordinate {
            point [
                -1.2795 0.122 0.0531, -1.2795 0.122 -0.0472, -1.2795 -0.122 0.0531, -1.2795 -0.122 -0.0472, -1.2795 -0.122 -0.0472
            ]
        }
        coordIndex [
            0,1,2,-1,2,1,3,-1,
        ]
    }
}
Shape{
    appearance Appearance {
        material  Material 	{
            diffuseColor 0.7529411764705882 0.7529411764705882 0.7529411764705882
            specularColor 0.3764705882352941 0.3764705882352941 0.3764705882352941
            ambientIntensity 0.2
            transparency 0
            shininess 0.5
        }
    }
    geometry IndexedFaceSet {
        ccw TRUE
        solid FALSE
        coord DEF co Coordinate {
            point [
                -1.6024 -0.1457 -0.1063, -1.6024 -0.2343 -0.1063, -1.5989 -0.1457 -0.1059, -1.5989 -0.2343 -0.1059, -1.5955 -0.1457 -0.1047, -1.5955 -0.2343 -0.1047, -1.5925 -0.1457 -0.1029, -1.5925 -0.2343 -0.1029, -1.59 -0.1457 -0.1004, -1.59 -0.2343 -0.1004, -1.5882 -0.1457 -0.0974, -1.5882 -0.2343 -0.0974, -1.587 -0.1457 -0.0941, -1.587 -0.2343 -0.0941, -1.5866 -0.1457 -0.0906, -1.5866 -0.2343 -0.0906, -1.445 0.2953 0.1693, -1.445 0.3098 0.1693, -1.445 0.3098 0.1299, -1.445 0.2487 0.1299, -1.445 0.2492 0.1326, -1.445 0.2527 0.1425, -1.445 0.2583 0.1515, -1.445 0.2658 0.159, -1.445 0.2748 0.1646, -1.445 0.2848 0.1681, -1.445 0.2848 0.1681
            ]
        }
        coordIndex [
            0,1,2,-1,2,1,3,-1,2,3,4,-1,4,3,5,-1,4,5,6,-1,6,5,7,-1,6,7,8,-1,8,7,9,-1,8,9,10,-1,10,9,11,-1,10,11,12,-1,12,11,13,-1,12,13,14,-1,14,13,15,-1,16,17,18,-1,18,19,20,-1,20,21,18,-1,18,21,22,-1,18,22,23,-1,23,24,18,-1,18,24,25,-1,18,25,16,-1,
        ]
    }
}
Shape{
    appearance Appearance {
        material  Material 	{
            diffuseColor 0.25098039215686274 0.25098039215686274 0.25098039215686274
            specularColor 0.12549019607843137 0.12549019607843137 0.12549019607843137
            ambientIntensity 0.2
            transparency 0
            shininess 0.5
        }
    }
    geometry IndexedFaceSet {
        ccw TRUE
        solid FALSE
        coord DEF co Coordinate {
            point [
                -1.2904 -0.3465 0.0748, -1.2776 -0.3465 0.0748, -1.2904 -0.248 0.0827, -1.2776 -0.248 0.0827, -1.623 0.3767 -0.1212, -1.6277 0.3733 -0.1166, -1.6232 0.3771 -0.0039, -1.6339 0.367 -0.1102, -1.6369 0.3634 -0.0039, -1.6524 0.3281 -0.1102, -1.6535 0.315 -0.1102, -1.6535 0.315 -0.0039, -1.6524 0.3281 -0.0039, -1.6469 0.3467 -0.0039, -1.6469 0.3467 -0.1102, -1.6369 0.3634 -0.1102, -1.6142 0.3832 -0.1299, -1.6066 0.387 -0.0039, -1.6066 0.387 -0.1299, -1.588 0.3926 -0.0039, -1.588 0.3926 -0.1299, -1.5748 0.3937 -0.0039, -1.5748 0.3937 -0.1299, -1.6215 -0.3783 -0.1227, -1.6066 -0.387 -0.0039, -1.6231 -0.3769 -0.1211, -1.6232 -0.3771 -0.0039, -1.6339 -0.367 -0.1102, -1.6369 -0.3634 -0.1102, -1.6369 -0.3634 -0.0039, -1.6469 -0.3467 -0.0039, -1.6469 -0.3467 -0.1102, -1.6524 -0.3281 -0.0039, -1.6524 -0.3281 -0.1102, -1.6535 -0.315 -0.0039, -1.6535 -0.315 -0.1102, -1.588 -0.3926 -0.1299, -1.5748 -0.3937 -0.1299, -1.5748 -0.3937 -0.0039, -1.588 -0.3926 -0.0039, -1.6066 -0.387 -0.1299, -1.6142 -0.3832 -0.1299, -1.6142 -0.3832 -0.1299
            ]
        }
        coordIndex [
            0,1,2,-1,2,1,3,-1,4,5,6,-1,6,5,7,-1,6,7,8,-1,9,10,11,-1,11,12,9,-1,9,12,13,-1,9,13,14,-1,14,13,8,-1,14,8,15,-1,15,8,7,-1,4,6,16,-1,16,6,17,-1,16,17,18,-1,18,17,19,-1,18,19,20,-1,20,19,21,-1,20,21,22,-1,23,24,25,-1,25,24,26,-1,25,26,27,-1,27,26,28,-1,26,29,28,-1,28,29,30,-1,28,30,31,-1,31,30,32,-1,31,32,33,-1,33,32,34,-1,33,34,35,-1,36,37,38,-1,38,39,36,-1,36,39,24,-1,36,24,40,-1,40,24,23,-1,40,23,41,-1,
        ]
    }
}
Shape{
    appearance Appearance {
        material  Material 	{
            diffuseColor 0.7529411764705882 0.7529411764705882 0.7529411764705882
            specularColor 0.3764705882352941 0.3764705882352941 0.3764705882352941
            ambientIntensity 0.2
            transparency 0
            shininess 0.5
        }
    }
    geometry IndexedFaceSet {
        ccw TRUE
        solid FALSE
        coord DEF co Coordinate {
            point [
                -1.5202 -0.2953 0.1652, -1.5202 0.2953 0.1652, -1.5319 0.2953 0.1687, -1.5319 -0.2953 0.1687, -1.5442 0.2953 0.169, -1.5442 -0.2953 0.169, -1.5561 0.2953 0.1662, -1.5561 -0.2953 0.1662, -1.5669 0.2953 0.1604, -1.5669 -0.2953 0.1604, -1.5759 0.2953 0.1521, -1.5759 -0.2953 0.1521, -1.5824 0.2953 0.1416, -1.5824 -0.2953 0.1416, -1.586 0.2953 0.1299, -1.586 -0.2953 0.1299, 1.6457 0.1457 -0.1299, 1.6457 0.2343 -0.1299, 1.6457 0.1457 -0.1063, 1.6457 0.2343 -0.1063, 1.6457 0.2343 -0.1063
            ]
        }
        coordIndex [
            0,1,2,-1,0,2,3,-1,3,2,4,-1,3,4,5,-1,5,4,6,-1,5,6,7,-1,7,6,8,-1,7,8,9,-1,9,8,10,-1,9,10,11,-1,11,10,12,-1,11,12,13,-1,13,12,14,-1,13,14,15,-1,16,17,18,-1,18,17,19,-1,
        ]
    }
}
Shape{
    appearance Appearance {
        material  Material 	{
            diffuseColor 0.25098039215686274 0.25098039215686274 0.25098039215686274
            specularColor 0.12549019607843137 0.12549019607843137 0.12549019607843137
            ambientIntensity 0.2
            transparency 0
            shininess 0.5
        }
    }
    geometry IndexedFaceSet {
        ccw TRUE
        solid FALSE
        coord DEF co Coordinate {
            point [
                -1.19 0.3465 0.1299, -1.19 0.3465 0.0748, -1.19 0.248 0.1299, -1.19 0.248 0.0827, -1.19 0.248 0.0827
            ]
        }
        coordIndex [
            0,1,2,-1,2,1,3,-1,
        ]
    }
}
Shape{
    appearance Appearance {
        material  Material 	{
            diffuseColor 0.7529411764705882 0.7529411764705882 0.7529411764705882
            specularColor 0.3764705882352941 0.3764705882352941 0.3764705882352941
            ambientIntensity 0.2
            transparency 0
            shininess 0.5
        }
    }
    geometry IndexedFaceSet {
        ccw TRUE
        solid FALSE
        coord DEF co Coordinate {
            point [
                -1.2776 -0.2251 0.0581, -1.2087 -0.2251 0.0581, -1.2776 -0.2475 0.0268, -1.2087 -0.2475 0.0268, 1.6299 -0.1457 -0.1299, 1.6299 -0.2343 -0.1299, 1.622 -0.1457 -0.1378, 1.622 -0.2343 -0.1378, -1.3267 0.3819 0.0552, -1.3267 0.3465 0.0552, -1.3236 0.3819 0.053, -1.3236 0.3465 0.053, -1.32 0.3819 0.0517, -1.32 0.3465 0.0517, -1.3162 0.3819 0.0512, -1.3162 0.3465 0.0512, 1.445 0.2496 0.1343, 1.445 0.2487 0.1299, 1.445 0.3098 0.1299, 1.445 0.3098 0.1693, 1.445 0.2953 0.1693, 1.445 0.283 0.1677, 1.445 0.2717 0.163, 1.445 0.2619 0.1555, 1.445 0.2544 0.1457, 1.445 0.2544 0.1457
            ]
        }
        coordIndex [
            0,1,2,-1,2,1,3,-1,4,5,6,-1,6,5,7,-1,8,9,10,-1,10,9,11,-1,10,11,12,-1,12,11,13,-1,12,13,14,-1,14,13,15,-1,16,17,18,-1,19,20,18,-1,18,20,21,-1,18,21,22,-1,22,23,18,-1,18,23,24,-1,18,24,16,-1,
        ]
    }
}
Shape{
    appearance Appearance {
        material  Material 	{
            diffuseColor 0.25098039215686274 0.25098039215686274 0.25098039215686274
            specularColor 0.12549019607843137 0.12549019607843137 0.12549019607843137
            ambientIntensity 0.2
            transparency 0
            shininess 0.5
        }
    }
    geometry IndexedFaceSet {
        ccw TRUE
        solid FALSE
        coord DEF co Coordinate {
            point [
                1.3308 -0.248 0.122, 1.3308 -0.248 0.1299, 1.3308 -0.2487 0.1299, 1.1713 0.3465 -0.0709, 1.1713 0.3465 -0.1299, 1.1713 0.3061 -0.0709, 1.1713 0.2992 -0.1299, 1.1713 0.2992 -0.0709, 1.1713 0.2992 -0.0709
            ]
        }
        coordIndex [
            0,1,2,-1,3,4,5,-1,5,4,6,-1,5,6,7,-1,
        ]
    }
}
Shape{
    appearance Appearance {
        material  Material 	{
            diffuseColor 0.7529411764705882 0.7529411764705882 0.7529411764705882
            specularColor 0.3764705882352941 0.3764705882352941 0.3764705882352941
            ambientIntensity 0.2
            transparency 0
            shininess 0.5
        }
    }
    geometry IndexedFaceSet {
        ccw TRUE
        solid FALSE
        coord DEF co Coordinate {
            point [
                -1.2776 0.24 0.1173, -1.2087 0.24 0.1173, -1.2087 0.2456 0.1226, -1.2776 0.2456 0.1226, -1.2087 0.2522 0.1266, -1.2776 0.2522 0.1266, -1.2087 0.2595 0.1291, -1.2776 0.2595 0.1291, -1.2087 0.2672 0.1299, -1.2776 0.2672 0.1299, -1.5866 -0.25 0.0079, -1.5866 -0.3819 0.0079, -1.5866 -0.3819 0.1299, -1.5866 0.1457 -0.1299, -1.5866 0.1378 -0.1299, -1.5866 0.1457 -0.0906, -1.5866 0.1378 0.1142, -1.5866 -0.1378 0.1142, -1.5866 -0.1378 -0.1299, -1.5866 -0.1457 -0.0906, -1.5866 -0.1457 -0.1299, -1.5866 -0.2358 -0.001, -1.5866 -0.2377 0.0019, -1.5866 -0.2346 -0.0044, -1.5866 0.2377 0.0019, -1.5866 0.2402 0.0044, -1.5866 0.2432 0.0063, -1.5866 0.2358 -0.001, -1.5866 0.2346 -0.0044, -1.5866 0.2343 -0.0079, -1.5866 0.2343 -0.0906, -1.5866 0.3819 0.0079, -1.5866 0.25 0.0079, -1.5866 0.2465 0.0075, -1.5866 -0.2402 0.0044, -1.5866 -0.2432 0.0063, -1.5866 -0.2465 0.0075, -1.5866 -0.2343 -0.0079, -1.5866 -0.2343 -0.0906, -1.5866 0.3819 0.1299, -1.5866 0.3819 0.1299
            ]
        }
        coordIndex [
            0,1,2,-1,0,2,3,-1,3,2,4,-1,3,4,5,-1,5,4,6,-1,5,6,7,-1,7,6,8,-1,7,8,9,-1,10,11,12,-1,13,14,15,-1,15,14,16,-1,17,18,19,-1,19,18,20,-1,21,22,17,-1,21,17,23,-1,24,16,25,-1,25,16,26,-1,24,27,16,-1,16,27,28,-1,16,28,15,-1,15,28,29,-1,15,29,30,-1,31,32,16,-1,16,32,33,-1,16,33,26,-1,22,34,17,-1,17,34,35,-1,17,35,36,-1,23,17,37,-1,37,17,19,-1,37,19,38,-1,36,10,17,-1,17,10,12,-1,17,12,16,-1,16,12,39,-1,16,39,31,-1,
        ]
    }
}
Shape{
    appearance Appearance {
        material  Material 	{
            diffuseColor 0.25098039215686274 0.25098039215686274 0.25098039215686274
            specularColor 0.12549019607843137 0.12549019607843137 0.12549019607843137
            ambientIntensity 0.2
            transparency 0
            shininess 0.5
        }
    }
    geometry IndexedFaceSet {
        ccw TRUE
        solid FALSE
        coord DEF co Coordinate {
            point [
                -1.5551 0.2618 -0.0039, -1.6535 0.2618 -0.0039, -1.5551 0.2421 -0.0236, -1.6535 0.2421 -0.0236, 1.6339 -0.1378 -0.1102, 1.6142 -0.1378 -0.1299, 1.6339 0.1378 -0.1102, 1.6142 0.1378 -0.1299, 1.6142 0.1378 -0.1299
            ]
        }
        coordIndex [
            0,1,2,-1,2,1,3,-1,4,5,6,-1,6,5,7,-1,
        ]
    }
}
Shape{
    appearance Appearance {
        material  Material 	{
            diffuseColor 0.7529411764705882 0.7529411764705882 0.7529411764705882
            specularColor 0.3764705882352941 0.3764705882352941 0.3764705882352941
            ambientIntensity 0.2
            transparency 0
            shininess 0.5
        }
    }
    geometry IndexedFaceSet {
        ccw TRUE
        solid FALSE
        coord DEF co Coordinate {
            point [
                1.3297 0.3465 0.0554, 1.3297 0.3819 0.0554, 1.3265 0.3465 0.0531, 1.3265 0.3819 0.0531, 1.3229 0.3465 0.0517, 1.3229 0.3819 0.0517, 1.319 0.3465 0.0512, 1.319 0.3819 0.0512, 1.319 0.3819 0.0512
            ]
        }
        coordIndex [
            0,1,2,-1,2,1,3,-1,2,3,4,-1,4,3,5,-1,4,5,6,-1,6,5,7,-1,
        ]
    }
}
Shape{
    appearance Appearance {
        material  Material 	{
            diffuseColor 0.25098039215686274 0.25098039215686274 0.25098039215686274
            specularColor 0.12549019607843137 0.12549019607843137 0.12549019607843137
            ambientIntensity 0.2
            transparency 0
            shininess 0.5
        }
    }
    geometry IndexedFaceSet {
        ccw TRUE
        solid FALSE
        coord DEF co Coordinate {
            point [
                -1.4744 -0.248 0.1098, -1.4744 0.248 0.1098, -1.4719 -0.248 0.1073, -1.4719 0.248 0.1073, -1.4701 -0.248 0.1043, -1.4701 0.248 0.1043, -1.4689 -0.248 0.101, -1.4689 0.248 0.101, -1.4685 -0.248 0.0975, -1.4685 0.248 0.0975, 1.6535 -0.1378 -0.1102, 1.6535 -0.1378 0.1142, 1.6339 -0.1378 -0.1102, 1.5866 -0.1378 0.1142, 1.6142 -0.1378 -0.1299, 1.5866 -0.1378 -0.1299, -1.19 -0.3465 0.0748, -1.19 -0.248 0.0827, -1.1969 -0.3465 0.0748, -1.2087 -0.248 0.0827, -1.2087 -0.3465 0.0748, -1.2087 -0.3465 0.0748
            ]
        }
        coordIndex [
            0,1,2,-1,2,1,3,-1,2,3,4,-1,4,3,5,-1,4,5,6,-1,6,5,7,-1,6,7,8,-1,8,7,9,-1,10,11,12,-1,12,11,13,-1,12,13,14,-1,14,13,15,-1,16,17,18,-1,18,17,19,-1,18,19,20,-1,
        ]
    }
}
Shape{
    appearance Appearance {
        material  Material 	{
            diffuseColor 0.7529411764705882 0.7529411764705882 0.7529411764705882
            specularColor 0.3764705882352941 0.3764705882352941 0.3764705882352941
            ambientIntensity 0.2
            transparency 0
            shininess 0.5
        }
    }
    geometry IndexedFaceSet {
        ccw TRUE
        solid FALSE
        coord DEF co Coordinate {
            point [
                1.5039 -0.3819 0.1693, 1.5039 -0.3819 0.1299, 1.445 -0.3098 0.1693, 1.445 -0.3098 0.1299, 1.445 -0.3098 0.1299
            ]
        }
        coordIndex [
            0,1,2,-1,2,1,3,-1,
        ]
    }
}
Shape{
    appearance Appearance {
        material  Material 	{
            diffuseColor 0.25098039215686274 0.25098039215686274 0.25098039215686274
            specularColor 0.12549019607843137 0.12549019607843137 0.12549019607843137
            ambientIntensity 0.2
            transparency 0
            shininess 0.5
        }
    }
    geometry IndexedFaceSet {
        ccw TRUE
        solid FALSE
        coord DEF co Coordinate {
            point [
                1.2087 -0.3465 0.0748, 1.2087 -0.248 0.0827, 1.1969 -0.3465 0.0748, 1.19 -0.248 0.0827, 1.19 -0.3465 0.0748, 1.6535 -0.2618 -0.0039, 1.5866 -0.2618 -0.0039, 1.6535 -0.315 -0.0039, 1.5866 -0.2953 -0.0039, 1.6524 -0.3281 -0.0039, 1.4626 -0.3465 -0.0039, 1.4626 -0.3937 -0.0039, 1.5551 -0.3465 -0.0039, 1.5748 -0.3937 -0.0039, 1.588 -0.3926 -0.0039, 1.6066 -0.387 -0.0039, 1.5551 -0.2953 -0.0039, 1.6232 -0.3771 -0.0039, 1.6369 -0.3634 -0.0039, 1.6469 -0.3467 -0.0039, 1.4331 -0.0748 0.0591, 1.4449 -0.0748 0.0591, 1.4331 0.0748 0.0591, 1.4449 0.0748 0.0591, 1.4449 0.0748 0.0591
            ]
        }
        coordIndex [
            0,1,2,-1,2,1,3,-1,2,3,4,-1,5,6,7,-1,7,6,8,-1,7,8,9,-1,10,11,12,-1,12,11,13,-1,13,14,12,-1,12,14,15,-1,12,15,16,-1,15,17,16,-1,16,17,18,-1,16,18,8,-1,8,18,19,-1,8,19,9,-1,20,21,22,-1,22,21,23,-1,
        ]
    }
}
Shape{
    appearance Appearance {
        material  Material 	{
            diffuseColor 0.7529411764705882 0.7529411764705882 0.7529411764705882
            specularColor 0.3764705882352941 0.3764705882352941 0.3764705882352941
            ambientIntensity 0.2
            transparency 0
            shininess 0.5
        }
    }
    geometry IndexedFaceSet {
        ccw TRUE
        solid FALSE
        coord DEF co Coordinate {
            point [
                1.4283 0.3465 -0.0027, 1.4283 0.3819 -0.0027, 1.4363 0.3465 0.003, 1.4363 0.3819 0.003, 1.4454 0.3465 0.0066, 1.4454 0.3819 0.0066, 1.4552 0.3465 0.0079, 1.4552 0.3819 0.0079, 1.4552 0.3819 0.0079
            ]
        }
        coordIndex [
            0,1,2,-1,2,1,3,-1,2,3,4,-1,4,3,5,-1,4,5,6,-1,6,5,7,-1,
        ]
    }
}
Shape{
    appearance Appearance {
        material  Material 	{
            diffuseColor 0.25098039215686274 0.25098039215686274 0.25098039215686274
            specularColor 0.12549019607843137 0.12549019607843137 0.12549019607843137
            ambientIntensity 0.2
            transparency 0
            shininess 0.5
        }
    }
    geometry IndexedFaceSet {
        ccw TRUE
        solid FALSE
        coord DEF co Coordinate {
            point [
                -1.445 0.3098 0.1299, -1.5039 0.3819 0.1299, -1.5866 0.3819 0.1299, -1.4499 -0.2487 0.1299, -1.4499 -0.2365 0.1299, -1.5183 -0.2938 0.1299, -1.5183 0.2938 0.1299, -1.4499 0.2365 0.1299, -1.4499 0.2487 0.1299, -1.445 -0.3098 0.1299, -1.445 -0.2487 0.1299, -1.5039 -0.3819 0.1299, -1.553 -0.2953 0.1299, -1.553 0.2953 0.1299, -1.445 0.2487 0.1299, -1.5866 -0.3819 0.1299, -1.586 -0.2953 0.1299, -1.586 0.2953 0.1299, 1.19 0.3465 0.0748, 1.19 0.3465 0.1299, 1.19 0.248 0.0827, 1.19 0.248 0.1299, 1.4626 0.3937 -0.1299, 1.4626 0.3937 -0.0039, 1.5748 0.3937 -0.1299, 1.5748 0.3937 -0.0039, -1.5748 0.3937 -0.1299, -1.5748 0.3937 -0.0039, -1.4626 0.3937 -0.1299, -1.4626 0.3937 -0.0039, -1.4626 0.3937 -0.0039
            ]
        }
        coordIndex [
            0,1,2,-1,3,4,5,-1,6,7,8,-1,9,10,3,-1,9,3,11,-1,12,5,13,-1,13,5,6,-1,13,6,2,-1,6,8,2,-1,2,8,14,-1,2,14,0,-1,3,5,11,-1,11,5,12,-1,11,12,15,-1,15,12,16,-1,15,16,2,-1,2,16,17,-1,2,17,13,-1,18,19,20,-1,20,19,21,-1,22,23,24,-1,24,23,25,-1,26,27,28,-1,28,27,29,-1,
        ]
    }
}
Shape{
    appearance Appearance {
        material  Material 	{
            diffuseColor 0.7529411764705882 0.7529411764705882 0.7529411764705882
            specularColor 0.3764705882352941 0.3764705882352941 0.3764705882352941
            ambientIntensity 0.2
            transparency 0
            shininess 0.5
        }
    }
    geometry IndexedFaceSet {
        ccw TRUE
        solid FALSE
        coord DEF co Coordinate {
            point [
                -1.5551 -0.2343 -0.1299, -1.5551 -0.2421 -0.1299, -1.5551 -0.2343 -0.0079, -1.5551 -0.2421 -0.0236, -1.5551 -0.2346 -0.0044, -1.5551 -0.3465 -0.0039, -1.5551 -0.3465 0.0079, -1.5551 -0.2618 -0.0039, -1.5551 -0.25 0.0079, -1.5551 -0.2465 0.0075, -1.5551 -0.2432 0.0063, -1.5551 -0.2402 0.0044, -1.5551 -0.2377 0.0019, -1.5551 -0.2358 -0.001, -1.3308 -0.2748 0.1646, -1.3308 -0.2848 0.1681, -1.3308 -0.3109 0.1299, -1.3308 -0.2953 0.1693, -1.3308 -0.3109 0.1693, -1.3308 -0.2487 0.1299, -1.3308 -0.2492 0.1326, -1.3308 -0.2527 0.1425, -1.3308 -0.2583 0.1515, -1.3308 -0.2658 0.159, -1.3308 -0.2658 0.159
            ]
        }
        coordIndex [
            0,1,2,-1,2,1,3,-1,2,3,4,-1,5,6,7,-1,7,6,8,-1,7,8,3,-1,8,9,3,-1,3,9,10,-1,3,10,11,-1,11,12,3,-1,3,12,13,-1,3,13,4,-1,14,15,16,-1,16,15,17,-1,16,17,18,-1,19,20,16,-1,16,20,21,-1,21,22,16,-1,16,22,23,-1,16,23,14,-1,
        ]
    }
}
Shape{
    appearance Appearance {
        material  Material 	{
            diffuseColor 0.25098039215686274 0.25098039215686274 0.25098039215686274
            specularColor 0.12549019607843137 0.12549019607843137 0.12549019607843137
            ambientIntensity 0.2
            transparency 0
            shininess 0.5
        }
    }
    geometry IndexedFaceSet {
        ccw TRUE
        solid FALSE
        coord DEF co Coordinate {
            point [
                1.1969 -0.3937 0.1299, 1.1969 -0.3465 0.1299, 1.19 -0.3465 0.1299, -1.1969 -0.3937 0.1299, -1.19 -0.3465 0.1299, -1.1969 -0.3465 0.1299, 1.19 -0.248 0.1299, 0.8957 -0.248 0.1299, 0.7579 -0.248 0.1299, 0.6201 -0.248 0.1299, 0.4823 -0.248 0.1299, 0.3445 -0.248 0.1299, 0.2067 -0.248 0.1299, 0.0689 -0.248 0.1299, -0.0689 -0.248 0.1299, -0.3445 -0.248 0.1299, -0.4823 -0.248 0.1299, -0.6201 -0.248 0.1299, -0.7579 -0.248 0.1299, -0.8957 -0.248 0.1299, -1.0335 -0.248 0.1299, -1.19 -0.248 0.1299, -1.19 -0.248 0.1299
            ]
        }
        coordIndex [
            0,1,2,-1,0,2,3,-1,3,2,4,-1,3,4,5,-1,6,7,2,-1,2,7,8,-1,8,9,2,-1,2,9,10,-1,2,10,11,-1,11,12,2,-1,2,12,13,-1,2,13,4,-1,4,13,14,-1,4,14,15,-1,15,16,4,-1,4,16,17,-1,4,17,18,-1,18,19,4,-1,4,19,20,-1,4,20,21,-1,
        ]
    }
}
Shape{
    appearance Appearance {
        material  Material 	{
            diffuseColor 0.7529411764705882 0.7529411764705882 0.7529411764705882
            specularColor 0.3764705882352941 0.3764705882352941 0.3764705882352941
            ambientIntensity 0.2
            transparency 0
            shininess 0.5
        }
    }
    geometry IndexedFaceSet {
        ccw TRUE
        solid FALSE
        coord DEF co Coordinate {
            point [
                1.3308 -0.2496 0.1343, 1.3308 -0.2487 0.1299, 1.3308 -0.3109 0.1299, 1.3308 -0.3109 0.1693, 1.3308 -0.2953 0.1693, 1.3308 -0.283 0.1677, 1.3308 -0.2717 0.163, 1.3308 -0.2619 0.1555, 1.3308 -0.2544 0.1457, 1.3308 -0.2544 0.1457
            ]
        }
        coordIndex [
            0,1,2,-1,3,4,2,-1,2,4,5,-1,2,5,6,-1,6,7,2,-1,2,7,8,-1,2,8,0,-1,
        ]
    }
}
Shape{
    appearance Appearance {
        material  Material 	{
            diffuseColor 0.25098039215686274 0.25098039215686274 0.25098039215686274
            specularColor 0.12549019607843137 0.12549019607843137 0.12549019607843137
            ambientIntensity 0.2
            transparency 0
            shininess 0.5
        }
    }
    geometry IndexedFaceSet {
        ccw TRUE
        solid FALSE
        coord DEF co Coordinate {
            point [
                -1.3308 -0.3109 0.1299, -1.3682 -0.3465 0.1299, -1.2904 -0.3465 0.1299, -1.2904 -0.248 0.1299, -1.3041 -0.248 0.1299, -1.3308 -0.2487 0.1299, -1.3308 -0.248 0.1299, 1.4744 -0.0748 -0.0138, 1.4744 -0.248 -0.0138, 1.4449 -0.0748 -0.0138, 1.4449 -0.248 -0.0138, 1.4449 -0.248 -0.0138
            ]
        }
        coordIndex [
            0,1,2,-1,2,3,4,-1,0,2,5,-1,5,2,4,-1,5,4,6,-1,7,8,9,-1,9,8,10,-1,
        ]
    }
}
Shape{
    appearance Appearance {
        material  Material 	{
            diffuseColor 0.7529411764705882 0.7529411764705882 0.7529411764705882
            specularColor 0.3764705882352941 0.3764705882352941 0.3764705882352941
            ambientIntensity 0.2
            transparency 0
            shininess 0.5
        }
    }
    geometry IndexedFaceSet {
        ccw TRUE
        solid FALSE
        coord DEF co Coordinate {
            point [
                -1.2087 -0.2595 0.1291, -1.2087 -0.2672 0.1299, -1.2087 -0.248 0.0827, -1.2087 -0.248 0.0268, -1.2087 -0.2475 0.0268, -1.2087 -0.2251 0.0581, -1.2087 -0.3819 -0.0472, -1.2087 -0.3465 -0.0472, -1.2087 -0.3819 0.0827, -1.2087 -0.3465 0.0748, -1.2087 -0.3803 0.0949, -1.2087 -0.2268 0.1015, -1.2087 -0.24 0.1173, -1.2087 -0.3469 0.1283, -1.2087 -0.3583 0.1236, -1.2087 -0.2185 0.0801, -1.2087 -0.2197 0.0878, -1.2087 -0.2225 0.0951, -1.2087 -0.3346 0.1299, -1.2087 -0.3681 0.1161, -1.2087 -0.3756 0.1063, -1.2087 -0.2213 0.0649, -1.2087 -0.2191 0.0724, -1.2087 -0.2456 0.1226, -1.2087 -0.2522 0.1266, 1.6024 -0.2343 -0.1063, 1.6024 -0.1457 -0.1063, 1.5989 -0.2343 -0.1059, 1.5989 -0.1457 -0.1059, 1.5955 -0.2343 -0.1047, 1.5955 -0.1457 -0.1047, 1.5925 -0.2343 -0.1029, 1.5925 -0.1457 -0.1029, 1.59 -0.2343 -0.1004, 1.59 -0.1457 -0.1004, 1.5882 -0.2343 -0.0974, 1.5882 -0.1457 -0.0974, 1.587 -0.2343 -0.0941, 1.587 -0.1457 -0.0941, 1.5866 -0.2343 -0.0906, 1.5866 -0.1457 -0.0906, -1.4094 -0.3819 0.1299, -1.4094 -0.3465 0.1299, -1.4055 -0.3819 0.1299, -1.3682 -0.3465 0.1299, 1.5202 0.2953 0.1299, 1.5202 0.2953 0.1652, 1.5319 0.2953 0.1687, 1.5442 0.2953 0.169, 1.5561 0.2953 0.1662, 1.5669 0.2953 0.1604, 1.5759 0.2953 0.1521, 1.5824 0.2953 0.1416, 1.586 0.2953 0.1299, 1.3441 0.3465 -0.0669, 1.2283 0.3465 -0.0669, 1.3441 0.3819 -0.0669, 1.2283 0.3819 -0.0669, -1.5183 -0.2938 0.1299, -1.4499 -0.2365 0.1299, -1.4572 -0.2426 0.1359, -1.5202 -0.2953 0.1652, -1.5202 -0.2953 0.1307, -1.465 -0.2491 0.1407, -1.4594 -0.2445 0.1377, -1.2776 -0.3346 0.1299, -1.2776 -0.3469 0.1283, -1.2776 -0.3583 0.1236, -1.2776 -0.3681 0.1161, -1.2776 -0.3756 0.1063, -1.2776 -0.3803 0.0949, -1.2776 -0.3819 0.0827, 1.3308 0.3109 0.1299, 1.3308 0.3109 0.1693, 1.3682 0.3465 0.1299, 1.4055 0.3819 0.1693, 1.4055 0.3819 0.1299, 1.4055 0.3819 0.1299
            ]
        }
        coordIndex [
            0,1,2,-1,3,4,2,-1,2,4,5,-1,6,7,8,-1,8,7,9,-1,8,9,10,-1,2,11,12,-1,13,14,9,-1,15,16,2,-1,2,16,17,-1,2,17,11,-1,2,1,9,-1,9,1,18,-1,9,18,13,-1,14,19,9,-1,9,19,20,-1,9,20,10,-1,5,21,2,-1,2,21,22,-1,2,22,15,-1,12,23,2,-1,2,23,24,-1,2,24,0,-1,25,26,27,-1,27,26,28,-1,27,28,29,-1,29,28,30,-1,29,30,31,-1,31,30,32,-1,31,32,33,-1,33,32,34,-1,33,34,35,-1,35,34,36,-1,35,36,37,-1,37,36,38,-1,37,38,39,-1,39,38,40,-1,41,42,43,-1,43,42,44,-1,45,46,47,-1,47,48,45,-1,45,48,49,-1,45,49,50,-1,50,51,45,-1,45,51,52,-1,45,52,53,-1,54,55,56,-1,56,55,57,-1,58,59,60,-1,61,62,63,-1,63,62,58,-1,63,58,64,-1,64,58,60,-1,18,65,66,-1,18,66,13,-1,13,66,67,-1,13,67,14,-1,14,67,68,-1,14,68,19,-1,19,68,69,-1,19,69,20,-1,20,69,70,-1,20,70,10,-1,10,70,71,-1,10,71,8,-1,72,73,74,-1,74,73,75,-1,74,75,76,-1,
        ]
    }
}
Shape{
    appearance Appearance {
        material  Material 	{
            diffuseColor 0.25098039215686274 0.25098039215686274 0.25098039215686274
            specularColor 0.12549019607843137 0.12549019607843137 0.12549019607843137
            ambientIntensity 0.2
            transparency 0
            shininess 0.5
        }
    }
    geometry IndexedFaceSet {
        ccw TRUE
        solid FALSE
        coord DEF co Coordinate {
            point [
                -1.4744 0.248 0.0781, -1.4744 0.248 0.1098, -1.4744 0.0748 0.0591, -1.4744 -0.248 -0.0591, -1.4744 -0.0748 -0.0591, -1.4744 -0.248 -0.0089, -1.4744 -0.0748 0.0591, -1.4744 -0.248 0.1098, -1.4744 0.248 0.0342, -1.4744 0.0748 -0.0591, -1.4744 0.248 -0.0591, 1.4331 0.0748 0.0591, 1.4449 0.0748 0.0591, 1.4449 0.0748 -0.0138, 1.4744 0.0748 -0.0138, 1.4744 0.0748 -0.0591, 1.4331 0.0748 -0.0591, -1.2904 0.3465 0.0748, -1.2746 0.3465 0.0748, -1.2746 0.3465 0.0669, -1.2904 0.3465 0.1299, -1.3236 0.3465 0.053, -1.3682 0.3465 0.1299, -1.3267 0.3465 0.0552, -1.4096 0.3465 0.1299, -1.2869 0.3465 0.0516, -1.2904 0.3465 0.0512, -1.3162 0.3465 0.0512, -1.32 0.3465 0.0517, -1.275 0.3465 0.0634, -1.2762 0.3465 0.0601, -1.278 0.3465 0.0571, -1.2805 0.3465 0.0546, -1.2835 0.3465 0.0527, -1.2835 0.3465 0.0527
            ]
        }
        coordIndex [
            0,1,2,-1,3,4,5,-1,5,4,6,-1,2,1,6,-1,6,1,7,-1,6,7,5,-1,0,2,8,-1,8,2,9,-1,8,9,10,-1,11,12,13,-1,14,15,13,-1,13,15,16,-1,13,16,11,-1,17,18,19,-1,20,21,22,-1,22,21,23,-1,22,23,24,-1,25,26,17,-1,17,26,27,-1,17,27,20,-1,20,27,28,-1,20,28,21,-1,19,29,17,-1,17,29,30,-1,17,30,31,-1,31,32,17,-1,17,32,33,-1,17,33,25,-1,
        ]
    }
}
Shape{
    appearance Appearance {
        material  Material 	{
            diffuseColor 0.7529411764705882 0.7529411764705882 0.7529411764705882
            specularColor 0.3764705882352941 0.3764705882352941 0.3764705882352941
            ambientIntensity 0.2
            transparency 0
            shininess 0.5
        }
    }
    geometry IndexedFaceSet {
        ccw TRUE
        solid FALSE
        coord DEF co Coordinate {
            point [
                -1.5551 -0.2343 -0.0079, -1.5866 -0.2343 -0.0079, -1.5551 -0.2343 -0.1299, -1.5866 -0.2343 -0.0906, -1.587 -0.2343 -0.0941, -1.6457 -0.2343 -0.1063, -1.6457 -0.2343 -0.1299, -1.6024 -0.2343 -0.1063, -1.6299 -0.2343 -0.1299, -1.5989 -0.2343 -0.1059, -1.5955 -0.2343 -0.1047, -1.5925 -0.2343 -0.1029, -1.622 -0.2343 -0.1378, -1.5812 -0.2343 -0.1378, -1.5882 -0.2343 -0.0974, -1.59 -0.2343 -0.1004, -1.5633 -0.2343 -0.1342, -1.5721 -0.2343 -0.1369, -1.5721 -0.2343 -0.1369
            ]
        }
        coordIndex [
            0,1,2,-1,2,1,3,-1,2,3,4,-1,5,6,7,-1,7,6,8,-1,7,8,9,-1,9,8,10,-1,10,8,11,-1,11,8,12,-1,11,12,13,-1,4,14,2,-1,2,14,15,-1,2,15,16,-1,16,15,11,-1,16,11,17,-1,17,11,13,-1,
        ]
    }
}
Shape{
    appearance Appearance {
        material  Material 	{
            diffuseColor 0.25098039215686274 0.25098039215686274 0.25098039215686274
            specularColor 0.12549019607843137 0.12549019607843137 0.12549019607843137
            ambientIntensity 0.2
            transparency 0
            shininess 0.5
        }
    }
    geometry IndexedFaceSet {
        ccw TRUE
        solid FALSE
        coord DEF co Coordinate {
            point [
                1.2087 0.2475 0.0268, 1.2087 0.248 0.0268, 1.2776 0.2475 0.0268, 1.2776 0.248 0.0268, 1.2776 0.248 0.0268
            ]
        }
        coordIndex [
            0,1,2,-1,2,1,3,-1,
        ]
    }
}
Shape{
    appearance Appearance {
        material  Material 	{
            diffuseColor 0.7529411764705882 0.7529411764705882 0.7529411764705882
            specularColor 0.3764705882352941 0.3764705882352941 0.3764705882352941
            ambientIntensity 0.2
            transparency 0
            shininess 0.5
        }
    }
    geometry IndexedFaceSet {
        ccw TRUE
        solid FALSE
        coord DEF co Coordinate {
            point [
                -1.6457 -0.2343 -0.1063, -1.6024 -0.2343 -0.1063, -1.6457 -0.1457 -0.1063, -1.6024 -0.1457 -0.1063, -1.2904 0.3819 0.0512, -1.2904 0.3465 0.0512, -1.2869 0.3819 0.0516, -1.2869 0.3465 0.0516, -1.2835 0.3819 0.0527, -1.2835 0.3465 0.0527, -1.2805 0.3819 0.0546, -1.2805 0.3465 0.0546, -1.278 0.3819 0.0571, -1.278 0.3465 0.0571, -1.2762 0.3819 0.0601, -1.2762 0.3465 0.0601, -1.275 0.3819 0.0634, -1.275 0.3465 0.0634, -1.2746 0.3819 0.0669, -1.2746 0.3465 0.0669, -1.2746 0.3465 0.0669
            ]
        }
        coordIndex [
            0,1,2,-1,2,1,3,-1,4,5,6,-1,6,5,7,-1,6,7,8,-1,8,7,9,-1,8,9,10,-1,10,9,11,-1,10,11,12,-1,12,11,13,-1,12,13,14,-1,14,13,15,-1,14,15,16,-1,16,15,17,-1,16,17,18,-1,18,17,19,-1,
        ]
    }
}
Shape{
    appearance Appearance {
        material  Material 	{
            diffuseColor 0.25098039215686274 0.25098039215686274 0.25098039215686274
            specularColor 0.12549019607843137 0.12549019607843137 0.12549019607843137
            ambientIntensity 0.2
            transparency 0
            shininess 0.5
        }
    }
    geometry IndexedFaceSet {
        ccw TRUE
        solid FALSE
        coord DEF co Coordinate {
            point [
                1.6535 0.1378 -0.1102, 1.6535 0.1378 0.1142, 1.6535 -0.1378 -0.1102, 1.6535 -0.1378 0.1142, 1.6535 -0.1378 0.1142
            ]
        }
        coordIndex [
            0,1,2,-1,2,1,3,-1,
        ]
    }
}
Shape{
    appearance Appearance {
        material  Material 	{
            diffuseColor 0.7529411764705882 0.7529411764705882 0.7529411764705882
            specularColor 0.3764705882352941 0.3764705882352941 0.3764705882352941
            ambientIntensity 0.2
            transparency 0
            shininess 0.5
        }
    }
    geometry IndexedFaceSet {
        ccw TRUE
        solid FALSE
        coord DEF co Coordinate {
            point [
                -1.622 -0.1457 -0.1378, -1.622 -0.2343 -0.1378, -1.6299 -0.1457 -0.1299, -1.6299 -0.2343 -0.1299, -1.2776 0.2672 0.1299, -1.2087 0.2672 0.1299, -1.2776 0.3346 0.1299, -1.2087 0.3346 0.1299, 1.5551 0.1457 -0.1299, 1.5551 0.2343 -0.1299, 1.5633 0.2343 -0.1342, 1.5633 0.1457 -0.1342, 1.5721 0.2343 -0.1369, 1.5721 0.1457 -0.1369, 1.5812 0.2343 -0.1378, 1.5812 0.1457 -0.1378, -1.5866 0.1457 -0.1299, -1.5866 0.1457 -0.0906, -1.587 0.1457 -0.0941, -1.5812 0.1457 -0.1378, -1.5721 0.1457 -0.1369, -1.5633 0.1457 -0.1342, -1.5551 0.1457 -0.1299, -1.5882 0.1457 -0.0974, -1.59 0.1457 -0.1004, -1.5925 0.1457 -0.1029, -1.6457 0.1457 -0.1063, -1.6457 0.1457 -0.1299, -1.6024 0.1457 -0.1063, -1.6299 0.1457 -0.1299, -1.5989 0.1457 -0.1059, -1.622 0.1457 -0.1378, -1.5955 0.1457 -0.1047, -1.5955 0.1457 -0.1047
            ]
        }
        coordIndex [
            0,1,2,-1,2,1,3,-1,4,5,6,-1,6,5,7,-1,8,9,10,-1,8,10,11,-1,11,10,12,-1,11,12,13,-1,13,12,14,-1,13,14,15,-1,16,17,18,-1,19,20,16,-1,16,20,21,-1,16,21,22,-1,18,23,16,-1,16,23,24,-1,16,24,25,-1,26,27,28,-1,28,27,29,-1,28,29,30,-1,19,16,31,-1,31,16,25,-1,31,25,29,-1,29,25,32,-1,29,32,30,-1,
        ]
    }
}
Shape{
    appearance Appearance {
        material  Material 	{
            diffuseColor 0.25098039215686274 0.25098039215686274 0.25098039215686274
            specularColor 0.12549019607843137 0.12549019607843137 0.12549019607843137
            ambientIntensity 0.2
            transparency 0
            shininess 0.5
        }
    }
    geometry IndexedFaceSet {
        ccw TRUE
        solid FALSE
        coord DEF co Coordinate {
            point [
                -1.553 -0.2953 0.1299, -1.553 0.2953 0.1299, -1.5507 -0.2953 0.133, -1.5507 0.2953 0.133, -1.5477 -0.2953 0.1354, -1.5477 0.2953 0.1354, -1.5442 -0.2953 0.137, -1.5442 0.2953 0.137, -1.5405 -0.2953 0.1378, -1.5405 0.2953 0.1378, -1.5366 -0.2953 0.1376, -1.5366 0.2953 0.1376, -1.533 -0.2953 0.1364, -1.533 0.2953 0.1364, -1.533 0.2953 0.1364
            ]
        }
        coordIndex [
            0,1,2,-1,2,1,3,-1,2,3,4,-1,4,3,5,-1,4,5,6,-1,6,5,7,-1,6,7,8,-1,8,7,9,-1,8,9,10,-1,10,9,11,-1,10,11,12,-1,12,11,13,-1,
        ]
    }
}
Shape{
    appearance Appearance {
        material  Material 	{
            diffuseColor 0.7529411764705882 0.7529411764705882 0.7529411764705882
            specularColor 0.3764705882352941 0.3764705882352941 0.3764705882352941
            ambientIntensity 0.2
            transparency 0
            shininess 0.5
        }
    }
    geometry IndexedFaceSet {
        ccw TRUE
        solid FALSE
        coord DEF co Coordinate {
            point [
                1.2776 -0.3346 0.1299, 1.2087 -0.3346 0.1299, 1.2087 -0.3469 0.1283, 1.2776 -0.3469 0.1283, 1.2087 -0.3583 0.1236, 1.2776 -0.3583 0.1236, 1.2087 -0.3681 0.1161, 1.2776 -0.3681 0.1161, 1.2087 -0.3756 0.1063, 1.2776 -0.3756 0.1063, 1.2087 -0.3803 0.0949, 1.2776 -0.3803 0.0949, 1.2087 -0.3819 0.0827, 1.2776 -0.3819 0.0827, 1.2776 -0.3819 0.0827
            ]
        }
        coordIndex [
            0,1,2,-1,0,2,3,-1,3,2,4,-1,3,4,5,-1,5,4,6,-1,5,6,7,-1,7,6,8,-1,7,8,9,-1,9,8,10,-1,9,10,11,-1,11,10,12,-1,11,12,13,-1,
        ]
    }
}
Shape{
    appearance Appearance {
        material  Material 	{
            diffuseColor 0.25098039215686274 0.25098039215686274 0.25098039215686274
            specularColor 0.12549019607843137 0.12549019607843137 0.12549019607843137
            ambientIntensity 0.2
            transparency 0
            shininess 0.5
        }
    }
    geometry IndexedFaceSet {
        ccw TRUE
        solid FALSE
        coord DEF co Coordinate {
            point [
                -1.1969 -0.3937 -0.0709, -1.1614 -0.3937 -0.0709, -1.1969 -0.3937 0.1299, -1.0335 -0.3937 -0.0709, -0.8957 -0.3937 -0.0709, -0.7579 -0.3937 -0.0709, -0.6201 -0.3937 -0.0709, -0.4823 -0.3937 -0.0709, -0.3445 -0.3937 -0.0709, -0.0689 -0.3937 -0.0709, 1.1969 -0.3937 0.1299, 0.0689 -0.3937 -0.0709, 0.2067 -0.3937 -0.0709, 0.3445 -0.3937 -0.0709, 0.4823 -0.3937 -0.0709, 0.6201 -0.3937 -0.0709, 0.7579 -0.3937 -0.0709, 0.8957 -0.3937 -0.0709, 1.1969 -0.3937 -0.0709, 1.1969 -0.3937 -0.0709
            ]
        }
        coordIndex [
            0,1,2,-1,2,1,3,-1,2,3,4,-1,4,5,2,-1,2,5,6,-1,2,6,7,-1,7,8,2,-1,2,8,9,-1,2,9,10,-1,10,9,11,-1,10,11,12,-1,12,13,10,-1,10,13,14,-1,10,14,15,-1,15,16,10,-1,10,16,17,-1,10,17,18,-1,
        ]
    }
}
Shape{
    appearance Appearance {
        material  Material 	{
            diffuseColor 0.7529411764705882 0.7529411764705882 0.7529411764705882
            specularColor 0.3764705882352941 0.3764705882352941 0.3764705882352941
            ambientIntensity 0.2
            transparency 0
            shininess 0.5
        }
    }
    geometry IndexedFaceSet {
        ccw TRUE
        solid FALSE
        coord DEF co Coordinate {
            point [
                -1.2776 0.3819 0.0827, -1.2776 0.3504 0.0827, -1.2776 0.3803 0.0949, -1.2776 0.35 0.0863, -1.2776 0.3756 0.1063, -1.2776 0.3488 0.0897, -1.2776 0.3681 0.1161, -1.2776 0.3468 0.0927, -1.2776 0.3583 0.1236, -1.2776 0.248 0.0271, -1.2776 0.2475 0.0268, -1.2776 0.248 0.0342, -1.2776 0.2251 0.0581, -1.2776 0.248 0.0667, -1.2776 0.3442 0.0952, -1.2776 0.3411 0.0971, -1.2776 0.3469 0.1283, -1.2776 0.3376 0.0981, -1.2776 0.3346 0.1299, -1.2776 0.2953 0.1063, -1.2776 0.2672 0.1299, -1.2776 0.2672 0.1063, -1.2776 0.2595 0.1291, -1.2776 0.2646 0.106, -1.2776 0.2522 0.1266, -1.2776 0.2622 0.1052, -1.2776 0.2456 0.1226, -1.2776 0.26 0.1039, -1.2776 0.24 0.1173, -1.2776 0.2581 0.1021, -1.2776 0.2268 0.1015, -1.2776 0.2449 0.0863, -1.2776 0.2225 0.0951, -1.2776 0.2435 0.0842, -1.2776 0.2197 0.0878, -1.2776 0.2425 0.0818, -1.2776 0.2185 0.0801, -1.2776 0.2421 0.0792, -1.2776 0.2191 0.0724, -1.2776 0.2423 0.0766, -1.2776 0.2213 0.0649, -1.2776 0.2431 0.0741, -1.2776 0.2443 0.0719, -1.4055 0.3819 0.1299, -1.3682 0.3465 0.1299, -1.4096 0.3819 0.1299, -1.4096 0.3465 0.1299, -1.4096 0.3465 0.1299
            ]
        }
        coordIndex [
            0,1,2,-1,2,1,3,-1,2,3,4,-1,4,3,5,-1,4,5,6,-1,6,5,7,-1,6,7,8,-1,9,10,11,-1,11,10,12,-1,11,12,13,-1,7,14,8,-1,8,14,15,-1,8,15,16,-1,16,15,17,-1,16,17,18,-1,18,17,19,-1,18,19,20,-1,20,19,21,-1,20,21,22,-1,22,21,23,-1,22,23,24,-1,24,23,25,-1,24,25,26,-1,26,25,27,-1,26,27,28,-1,28,27,29,-1,28,29,30,-1,30,29,31,-1,30,31,32,-1,32,31,33,-1,32,33,34,-1,34,33,35,-1,34,35,36,-1,36,35,37,-1,36,37,38,-1,38,37,39,-1,38,39,40,-1,40,39,41,-1,40,41,12,-1,12,41,42,-1,12,42,13,-1,43,44,45,-1,45,44,46,-1,
        ]
    }
}
Shape{
    appearance Appearance {
        material  Material 	{
            diffuseColor 0.25098039215686274 0.25098039215686274 0.25098039215686274
            specularColor 0.12549019607843137 0.12549019607843137 0.12549019607843137
            ambientIntensity 0.2
            transparency 0
            shininess 0.5
        }
    }
    geometry IndexedFaceSet {
        ccw TRUE
        solid FALSE
        coord DEF co Coordinate {
            point [
                1.6369 -0.3634 -0.0039, 1.6469 -0.3467 -0.1102, 1.6469 -0.3467 -0.0039, 1.6524 -0.3281 -0.1102, 1.6524 -0.3281 -0.0039, 1.6535 -0.315 -0.1102, 1.6535 -0.315 -0.0039, 1.623 -0.3767 -0.1212, 1.6277 -0.3733 -0.1166, 1.6232 -0.3771 -0.0039, 1.6339 -0.367 -0.1102, 1.6369 -0.3634 -0.1102, 1.6142 -0.3832 -0.1299, 1.6066 -0.387 -0.0039, 1.6066 -0.387 -0.1299, 1.588 -0.3926 -0.0039, 1.588 -0.3926 -0.1299, 1.5748 -0.3937 -0.0039, 1.5748 -0.3937 -0.1299, 1.5748 -0.3937 -0.1299
            ]
        }
        coordIndex [
            0,1,2,-1,2,1,3,-1,2,3,4,-1,4,3,5,-1,4,5,6,-1,7,8,9,-1,9,8,10,-1,9,10,0,-1,0,10,11,-1,0,11,1,-1,7,9,12,-1,12,9,13,-1,12,13,14,-1,14,13,15,-1,14,15,16,-1,16,15,17,-1,16,17,18,-1,
        ]
    }
}
Shape{
    appearance Appearance {
        material  Material 	{
            diffuseColor 0.7529411764705882 0.7529411764705882 0.7529411764705882
            specularColor 0.3764705882352941 0.3764705882352941 0.3764705882352941
            ambientIntensity 0.2
            transparency 0
            shininess 0.5
        }
    }
    geometry IndexedFaceSet {
        ccw TRUE
        solid FALSE
        coord DEF co Coordinate {
            point [
                1.2776 -0.2268 0.1015, 1.2087 -0.2268 0.1015, 1.2776 -0.24 0.1173, 1.2087 -0.24 0.1173, 1.2087 -0.24 0.1173
            ]
        }
        coordIndex [
            0,1,2,-1,2,1,3,-1,
        ]
    }
}
Shape{
    appearance Appearance {
        material  Material 	{
            diffuseColor 0.25098039215686274 0.25098039215686274 0.25098039215686274
            specularColor 0.12549019607843137 0.12549019607843137 0.12549019607843137
            ambientIntensity 0.2
            transparency 0
            shininess 0.5
        }
    }
    geometry IndexedFaceSet {
        ccw TRUE
        solid FALSE
        coord DEF co Coordinate {
            point [
                1.6535 0.2421 -0.0236, 1.6535 0.2618 -0.0039, 1.5866 0.2421 -0.0236, 1.5866 0.2618 -0.0039, 1.4744 0.0748 -0.0591, 1.4744 0.248 -0.0591, 1.4331 0.0748 -0.0591, 1.3041 0.248 -0.0591, 1.4744 -0.0748 -0.0591, 1.4331 -0.0748 -0.0591, 1.4744 -0.248 -0.0591, 1.278 -0.1433 -0.0591, -1.4744 -0.0748 -0.0591, -1.4744 -0.248 -0.0591, -1.4331 -0.0748 -0.0591, -1.3041 -0.248 -0.0591, -1.4744 0.0748 -0.0591, -1.4331 0.0748 -0.0591, -1.4744 0.248 -0.0591, -1.278 0.1433 -0.0591, 1.273 0.1451 -0.0591, 1.278 0.1433 -0.0591, 1.2907 -0.1273 -0.0591, 1.289 -0.1323 -0.0591, -1.2907 0.1273 -0.0591, -1.289 0.1323 -0.0591, 1.2677 0.1457 -0.0591, -1.273 -0.1451 -0.0591, -1.278 -0.1433 -0.0591, -1.2862 0.1368 -0.0591, -1.2824 0.1405 -0.0591, 1.2862 -0.1368 -0.0591, 1.2824 -0.1405 -0.0591, -1.2677 -0.1457 -0.0591, 1.289 0.1323 -0.0591, 1.2862 0.1368 -0.0591, 1.2824 0.1405 -0.0591, -1.2824 -0.1405 -0.0591, -1.2862 -0.1368 -0.0591, -1.289 -0.1323 -0.0591, 1.2907 0.1273 -0.0591, 1.2913 0.122 -0.0591, 1.2913 -0.122 -0.0591, 1.0335 0.248 -0.0591, 0.8957 0.248 -0.0591, 0.7579 0.248 -0.0591, -1.0335 -0.248 -0.0591, -0.8957 -0.248 -0.0591, -0.7579 -0.248 -0.0591, -1.2907 -0.1273 -0.0591, -1.2913 -0.122 -0.0591, -1.2913 0.122 -0.0591, 0.6201 0.248 -0.0591, 0.4823 0.248 -0.0591, 0.3445 0.248 -0.0591, -0.6201 -0.248 -0.0591, -0.4823 -0.248 -0.0591, -0.3445 -0.248 -0.0591, 0.2067 0.248 -0.0591, -0.0689 0.248 -0.0591, -1.2677 0.1457 -0.0591, -0.0689 -0.248 -0.0591, 0.0689 -0.248 -0.0591, 1.2677 -0.1457 -0.0591, 0.2067 -0.248 -0.0591, 0.3445 -0.248 -0.0591, -0.2067 0.248 -0.0591, -0.3445 0.248 -0.0591, -0.4823 0.248 -0.0591, 0.4823 -0.248 -0.0591, 0.6201 -0.248 -0.0591, 0.7579 -0.248 -0.0591, -0.6201 0.248 -0.0591, -0.7579 0.248 -0.0591, -0.8957 0.248 -0.0591, 1.273 -0.1451 -0.0591, 0.8957 -0.248 -0.0591, -1.273 0.1451 -0.0591, -1.0335 0.248 -0.0591, -1.0335 0.248 -0.0591
            ]
        }
        coordIndex [
            0,1,2,-1,2,1,3,-1,4,5,6,-1,6,5,7,-1,8,9,10,-1,10,9,11,-1,12,13,14,-1,14,13,15,-1,16,17,18,-1,18,17,19,-1,20,21,7,-1,22,23,9,-1,24,25,17,-1,20,7,26,-1,27,28,15,-1,25,29,17,-1,17,29,30,-1,17,30,19,-1,23,31,9,-1,9,31,32,-1,9,32,11,-1,27,15,33,-1,34,6,35,-1,35,6,7,-1,35,7,36,-1,36,7,21,-1,28,37,15,-1,15,37,38,-1,15,38,14,-1,14,38,39,-1,34,40,6,-1,6,40,41,-1,6,41,9,-1,9,41,42,-1,9,42,22,-1,7,43,26,-1,26,43,44,-1,26,44,45,-1,15,46,33,-1,33,46,47,-1,33,47,48,-1,39,49,14,-1,14,49,50,-1,14,50,17,-1,17,50,51,-1,17,51,24,-1,45,52,26,-1,26,52,53,-1,26,53,54,-1,48,55,33,-1,33,55,56,-1,33,56,57,-1,54,58,26,-1,26,58,59,-1,26,59,60,-1,57,61,33,-1,33,61,62,-1,33,62,63,-1,63,62,64,-1,63,64,65,-1,59,66,60,-1,60,66,67,-1,60,67,68,-1,65,69,63,-1,63,69,70,-1,63,70,71,-1,68,72,60,-1,60,72,73,-1,60,73,74,-1,11,75,10,-1,10,75,63,-1,10,63,76,-1,76,63,71,-1,19,77,18,-1,18,77,60,-1,18,60,78,-1,78,60,74,-1,
        ]
    }
}
Shape{
    appearance Appearance {
        material  Material 	{
            diffuseColor 0.7529411764705882 0.7529411764705882 0.7529411764705882
            specularColor 0.3764705882352941 0.3764705882352941 0.3764705882352941
            ambientIntensity 0.2
            transparency 0
            shininess 0.5
        }
    }
    geometry IndexedFaceSet {
        ccw TRUE
        solid FALSE
        coord DEF co Coordinate {
            point [
                1.3441 -0.3819 -0.0669, 1.3441 -0.3465 -0.0669, 1.3539 -0.3465 -0.0657, 1.3539 -0.3819 -0.0657, 1.363 -0.3465 -0.0621, 1.363 -0.3819 -0.0621, 1.371 -0.3465 -0.0563, 1.371 -0.3819 -0.0563, -1.4309 0.3819 -0.0023, -1.3705 0.3819 -0.0568, -1.4309 0.3465 -0.0023, -1.3705 0.3465 -0.0568, 1.6299 -0.2343 -0.1299, 1.6457 -0.2343 -0.1299, 1.6457 -0.2343 -0.1063, 1.5925 -0.2343 -0.1029, 1.59 -0.2343 -0.1004, 1.5551 -0.2343 -0.1299, 1.5882 -0.2343 -0.0974, 1.5866 -0.2343 -0.0138, 1.5551 -0.2343 -0.0138, 1.5866 -0.2343 -0.0906, 1.587 -0.2343 -0.0941, 1.6024 -0.2343 -0.1063, 1.5812 -0.2343 -0.1378, 1.622 -0.2343 -0.1378, 1.5989 -0.2343 -0.1059, 1.5955 -0.2343 -0.1047, 1.5721 -0.2343 -0.1369, 1.5633 -0.2343 -0.1342, 1.5633 -0.2343 -0.1342
            ]
        }
        coordIndex [
            0,1,2,-1,0,2,3,-1,3,2,4,-1,3,4,5,-1,5,4,6,-1,5,6,7,-1,8,9,10,-1,10,9,11,-1,12,13,14,-1,15,16,17,-1,17,16,18,-1,19,20,21,-1,21,20,17,-1,21,17,22,-1,22,17,18,-1,14,23,12,-1,12,23,24,-1,12,24,25,-1,23,26,24,-1,24,26,27,-1,24,27,28,-1,28,27,15,-1,28,15,29,-1,29,15,17,-1,
        ]
    }
}
Shape{
    appearance Appearance {
        material  Material 	{
            diffuseColor 0.25098039215686274 0.25098039215686274 0.25098039215686274
            specularColor 0.12549019607843137 0.12549019607843137 0.12549019607843137
            ambientIntensity 0.2
            transparency 0
            shininess 0.5
        }
    }
    geometry IndexedFaceSet {
        ccw TRUE
        solid FALSE
        coord DEF co Coordinate {
            point [
                -1.2795 -0.122 -0.0472, -1.2913 -0.122 -0.0591, -1.2793 -0.124 -0.0472, -1.2907 -0.1273 -0.0591, -1.2792 -0.1247 -0.0472, -1.2785 -0.1268 -0.0472, -1.289 -0.1323 -0.0591, -1.2784 -0.1272 -0.0472, -1.277 -0.1293 -0.0472, -1.2862 -0.1368 -0.0591, -1.277 -0.1294 -0.0472, -1.2824 -0.1405 -0.0591, -1.2751 -0.1313 -0.0472, -1.275 -0.1314 -0.0472, -1.278 -0.1433 -0.0591, -1.2728 -0.1327 -0.0472, -1.2725 -0.1328 -0.0472, -1.273 -0.1451 -0.0591, -1.2703 -0.1336 -0.0472, -1.2697 -0.1336 -0.0472, -1.2677 -0.1457 -0.0591, -1.2677 -0.1339 -0.0472, -1.2677 -0.1339 -0.0472
            ]
        }
        coordIndex [
            0,1,2,-1,2,1,3,-1,2,3,4,-1,4,3,5,-1,5,3,6,-1,5,6,7,-1,7,6,8,-1,8,6,9,-1,8,9,10,-1,10,9,11,-1,10,11,12,-1,12,11,13,-1,13,11,14,-1,13,14,15,-1,15,14,16,-1,16,14,17,-1,16,17,18,-1,18,17,19,-1,19,17,20,-1,19,20,21,-1,
        ]
    }
}
Shape{
    appearance Appearance {
        material  Material 	{
            diffuseColor 0.7529411764705882 0.7529411764705882 0.7529411764705882
            specularColor 0.3764705882352941 0.3764705882352941 0.3764705882352941
            ambientIntensity 0.2
            transparency 0
            shininess 0.5
        }
    }
    geometry IndexedFaceSet {
        ccw TRUE
        solid FALSE
        coord DEF co Coordinate {
            point [
                1.2087 0.2251 0.0581, 1.2776 0.2251 0.0581, 1.2776 0.2213 0.0649, 1.2087 0.2213 0.0649, 1.2776 0.2191 0.0724, 1.2087 0.2191 0.0724, 1.2776 0.2185 0.0801, 1.2087 0.2185 0.0801, 1.2776 0.2197 0.0878, 1.2087 0.2197 0.0878, 1.2776 0.2225 0.0951, 1.2087 0.2225 0.0951, 1.2776 0.2268 0.1015, 1.2087 0.2268 0.1015, 1.2087 0.2268 0.1015
            ]
        }
        coordIndex [
            0,1,2,-1,0,2,3,-1,3,2,4,-1,3,4,5,-1,5,4,6,-1,5,6,7,-1,7,6,8,-1,7,8,9,-1,9,8,10,-1,9,10,11,-1,11,10,12,-1,11,12,13,-1,
        ]
    }
}
Shape{
    appearance Appearance {
        material  Material 	{
            diffuseColor 0.25098039215686274 0.25098039215686274 0.25098039215686274
            specularColor 0.12549019607843137 0.12549019607843137 0.12549019607843137
            ambientIntensity 0.2
            transparency 0
            shininess 0.5
        }
    }
    geometry IndexedFaceSet {
        ccw TRUE
        solid FALSE
        coord DEF co Coordinate {
            point [
                1.19 0.3465 0.0748, 1.19 0.248 0.0827, 1.1969 0.3465 0.0748, 1.2087 0.248 0.0827, 1.2087 0.3465 0.0748, -1.1969 0.3465 0.0748, -1.19 0.3465 0.0748, -1.1969 0.3465 0.1299, -1.19 0.3465 0.1299, -1.19 0.3465 0.1299
            ]
        }
        coordIndex [
            0,1,2,-1,2,1,3,-1,2,3,4,-1,5,6,7,-1,7,6,8,-1,
        ]
    }
}
Shape{
    appearance Appearance {
        material  Material 	{
            diffuseColor 0.7529411764705882 0.7529411764705882 0.7529411764705882
            specularColor 0.3764705882352941 0.3764705882352941 0.3764705882352941
            ambientIntensity 0.2
            transparency 0
            shininess 0.5
        }
    }
    geometry IndexedFaceSet {
        ccw TRUE
        solid FALSE
        coord DEF co Coordinate {
            point [
                -1.2254 0.3819 -0.0669, -1.2057 0.3819 -0.0472, -1.2254 0.3465 -0.0669, -1.2057 0.3465 -0.0472, -1.2057 0.3465 -0.0472
            ]
        }
        coordIndex [
            0,1,2,-1,2,1,3,-1,
        ]
    }
}
Shape{
    appearance Appearance {
        material  Material 	{
            diffuseColor 0.25098039215686274 0.25098039215686274 0.25098039215686274
            specularColor 0.12549019607843137 0.12549019607843137 0.12549019607843137
            ambientIntensity 0.2
            transparency 0
            shininess 0.5
        }
    }
    geometry IndexedFaceSet {
        ccw TRUE
        solid FALSE
        coord DEF co Coordinate {
            point [
                1.4626 0.3465 -0.1299, 1.1713 0.3465 -0.1299, 1.1969 0.3465 -0.0709, 1.1713 0.3465 -0.0709, 1.1969 0.3465 0.0748, 1.2087 0.3465 0.0748, 1.2087 0.3465 -0.0472, 1.2283 0.3465 -0.0669, 1.3441 0.3465 -0.0669, 1.3539 0.3465 -0.0657, 1.363 0.3465 -0.0621, 1.371 0.3465 -0.0563, 1.4283 0.3465 -0.0027, 1.5551 0.3465 0.0079, 1.5551 0.3465 -0.0039, 1.4552 0.3465 0.0079, 1.4626 0.3465 -0.0039, 1.4454 0.3465 0.0066, 1.4363 0.3465 0.003, 1.4363 0.3465 0.003
            ]
        }
        coordIndex [
            0,1,2,-1,2,1,3,-1,2,4,5,-1,5,6,2,-1,2,6,7,-1,2,7,0,-1,0,7,8,-1,0,8,9,-1,9,10,0,-1,0,10,11,-1,0,11,12,-1,13,14,15,-1,15,14,16,-1,15,16,17,-1,17,16,0,-1,17,0,18,-1,18,0,12,-1,
        ]
    }
}
Shape{
    appearance Appearance {
        material  Material 	{
            diffuseColor 0.7529411764705882 0.7529411764705882 0.7529411764705882
            specularColor 0.3764705882352941 0.3764705882352941 0.3764705882352941
            ambientIntensity 0.2
            transparency 0
            shininess 0.5
        }
    }
    geometry IndexedFaceSet {
        ccw TRUE
        solid FALSE
        coord DEF co Coordinate {
            point [
                1.445 -0.2953 0.1693, 1.3308 -0.2953 0.1693, 1.445 -0.3098 0.1693, 1.3308 -0.3109 0.1693, 1.5039 -0.3819 0.1693, 1.4055 -0.3819 0.1693, -1.6299 0.2343 -0.1299, -1.6457 0.2343 -0.1299, -1.6457 0.2343 -0.1063, -1.5925 0.2343 -0.1029, -1.59 0.2343 -0.1004, -1.5551 0.2343 -0.1299, -1.5882 0.2343 -0.0974, -1.5866 0.2343 -0.0079, -1.5551 0.2343 -0.0079, -1.5866 0.2343 -0.0906, -1.587 0.2343 -0.0941, -1.6024 0.2343 -0.1063, -1.5812 0.2343 -0.1378, -1.622 0.2343 -0.1378, -1.5989 0.2343 -0.1059, -1.5955 0.2343 -0.1047, -1.5721 0.2343 -0.1369, -1.5633 0.2343 -0.1342, 1.6457 -0.1457 -0.1299, 1.6457 -0.2343 -0.1299, 1.6299 -0.1457 -0.1299, 1.6299 -0.2343 -0.1299, 1.6299 -0.2343 -0.1299
            ]
        }
        coordIndex [
            0,1,2,-1,2,1,3,-1,2,3,4,-1,4,3,5,-1,6,7,8,-1,9,10,11,-1,11,10,12,-1,13,14,15,-1,15,14,11,-1,15,11,16,-1,16,11,12,-1,8,17,6,-1,6,17,18,-1,6,18,19,-1,17,20,18,-1,18,20,21,-1,18,21,22,-1,22,21,9,-1,22,9,23,-1,23,9,11,-1,24,25,26,-1,26,25,27,-1,
        ]
    }
}
Shape{
    appearance Appearance {
        material  Material 	{
            diffuseColor 0.25098039215686274 0.25098039215686274 0.25098039215686274
            specularColor 0.12549019607843137 0.12549019607843137 0.12549019607843137
            ambientIntensity 0.2
            transparency 0
            shininess 0.5
        }
    }
    geometry IndexedFaceSet {
        ccw TRUE
        solid FALSE
        coord DEF co Coordinate {
            point [
                1.4626 -0.3937 -0.1299, 1.4626 -0.3937 -0.0039, 1.4626 -0.3465 -0.1299, 1.4626 -0.3465 -0.0039, 1.4626 -0.3465 -0.0039
            ]
        }
        coordIndex [
            0,1,2,-1,2,1,3,-1,
        ]
    }
}
Shape{
    appearance Appearance {
        material  Material 	{
            diffuseColor 0.7529411764705882 0.7529411764705882 0.7529411764705882
            specularColor 0.3764705882352941 0.3764705882352941 0.3764705882352941
            ambientIntensity 0.2
            transparency 0
            shininess 0.5
        }
    }
    geometry IndexedFaceSet {
        ccw TRUE
        solid FALSE
        coord DEF co Coordinate {
            point [
                1.2776 -0.24 0.1173, 1.2087 -0.24 0.1173, 1.2087 -0.2456 0.1226, 1.2776 -0.2456 0.1226, 1.2087 -0.2522 0.1266, 1.2776 -0.2522 0.1266, 1.2087 -0.2595 0.1291, 1.2776 -0.2595 0.1291, 1.2087 -0.2672 0.1299, 1.2776 -0.2672 0.1299, -1.2057 0.3465 -0.0472, -1.2057 0.3819 -0.0472, -1.2057 0.3465 0.0748, -1.2057 0.3819 0.0827, -1.2057 0.3465 0.0827, 1.2776 -0.2251 0.0581, 1.2087 -0.2251 0.0581, 1.2087 -0.2213 0.0649, 1.2776 -0.2213 0.0649, 1.2087 -0.2191 0.0724, 1.2776 -0.2191 0.0724, 1.2087 -0.2185 0.0801, 1.2776 -0.2185 0.0801, 1.2087 -0.2197 0.0878, 1.2776 -0.2197 0.0878, 1.2087 -0.2225 0.0951, 1.2776 -0.2225 0.0951, 1.2087 -0.2268 0.1015, 1.2776 -0.2268 0.1015, 1.2776 -0.2268 0.1015
            ]
        }
        coordIndex [
            0,1,2,-1,0,2,3,-1,3,2,4,-1,3,4,5,-1,5,4,6,-1,5,6,7,-1,7,6,8,-1,7,8,9,-1,10,11,12,-1,12,11,13,-1,12,13,14,-1,15,16,17,-1,15,17,18,-1,18,17,19,-1,18,19,20,-1,20,19,21,-1,20,21,22,-1,22,21,23,-1,22,23,24,-1,24,23,25,-1,24,25,26,-1,26,25,27,-1,26,27,28,-1,
        ]
    }
}
Shape{
    appearance Appearance {
        material  Material 	{
            diffuseColor 0.25098039215686274 0.25098039215686274 0.25098039215686274
            specularColor 0.12549019607843137 0.12549019607843137 0.12549019607843137
            ambientIntensity 0.2
            transparency 0
            shininess 0.5
        }
    }
    geometry IndexedFaceSet {
        ccw TRUE
        solid FALSE
        coord DEF co Coordinate {
            point [
                1.1969 0.3465 -0.0709, 1.1969 0.3937 -0.0709, 1.1969 0.3465 0.0748, 1.1969 0.3937 0.1299, 1.1969 0.3465 0.1299, -1.2746 0.3504 0.0827, -1.2087 0.3504 0.0827, -1.2087 0.35 0.0863, -1.2776 0.3504 0.0827, -1.2776 0.35 0.0863, -1.2776 0.3488 0.0897, -1.2087 0.3488 0.0897, -1.2776 0.3468 0.0927, -1.2087 0.3468 0.0927, -1.2776 0.3442 0.0952, -1.2087 0.3442 0.0952, -1.2776 0.3411 0.0971, -1.2087 0.3411 0.0971, -1.2776 0.3376 0.0981, -1.2087 0.3376 0.0981, -1.2087 0.3376 0.0981
            ]
        }
        coordIndex [
            0,1,2,-1,2,1,3,-1,2,3,4,-1,5,6,7,-1,8,5,9,-1,9,5,7,-1,9,7,10,-1,10,7,11,-1,10,11,12,-1,12,11,13,-1,12,13,14,-1,14,13,15,-1,14,15,16,-1,16,15,17,-1,16,17,18,-1,18,17,19,-1,
        ]
    }
}
Shape{
    appearance Appearance {
        material  Material 	{
            diffuseColor 0.7529411764705882 0.7529411764705882 0.7529411764705882
            specularColor 0.3764705882352941 0.3764705882352941 0.3764705882352941
            ambientIntensity 0.2
            transparency 0
            shininess 0.5
        }
    }
    geometry IndexedFaceSet {
        ccw TRUE
        solid FALSE
        coord DEF co Coordinate {
            point [
                -1.5039 0.3819 0.1693, -1.4055 0.3819 0.1693, -1.4055 0.3819 0.1299, -1.4309 0.3819 -0.0023, -1.4388 0.3819 0.0033, -1.5039 0.3819 0.1299, -1.3267 0.3819 0.0552, -1.3236 0.3819 0.053, -1.3441 0.3819 -0.0669, -1.4096 0.3819 0.1299, -1.3705 0.3819 -0.0568, -1.3626 0.3819 -0.0623, -1.3536 0.3819 -0.0658, -1.5866 0.3819 0.0079, -1.5866 0.3819 0.1299, -1.4573 0.3819 0.0079, -1.4478 0.3819 0.0067, -1.2805 0.3819 0.0546, -1.278 0.3819 0.0571, -1.2057 0.3819 -0.0472, -1.2762 0.3819 0.0601, -1.2057 0.3819 0.0827, -1.2835 0.3819 0.0527, -1.2254 0.3819 -0.0669, -1.2869 0.3819 0.0516, -1.275 0.3819 0.0634, -1.2746 0.3819 0.0669, -1.2087 0.3819 0.0827, -1.2746 0.3819 0.0827, -1.32 0.3819 0.0517, -1.3162 0.3819 0.0512, -1.2904 0.3819 0.0512, -1.2904 0.3819 0.0512
            ]
        }
        coordIndex [
            0,1,2,-1,3,4,5,-1,6,7,8,-1,6,8,9,-1,10,8,11,-1,11,8,12,-1,13,14,15,-1,15,14,5,-1,15,5,16,-1,16,5,4,-1,17,18,19,-1,19,18,20,-1,19,20,21,-1,2,9,0,-1,0,9,8,-1,0,8,5,-1,5,8,10,-1,5,10,3,-1,17,19,22,-1,22,19,23,-1,22,23,24,-1,20,25,21,-1,21,25,26,-1,21,26,27,-1,27,26,28,-1,7,29,8,-1,8,29,30,-1,8,30,23,-1,23,30,31,-1,23,31,24,-1,
        ]
    }
}
Shape{
    appearance Appearance {
        material  Material 	{
            diffuseColor 0.25098039215686274 0.25098039215686274 0.25098039215686274
            specularColor 0.12549019607843137 0.12549019607843137 0.12549019607843137
            ambientIntensity 0.2
            transparency 0
            shininess 0.5
        }
    }
    geometry IndexedFaceSet {
        ccw TRUE
        solid FALSE
        coord DEF co Coordinate {
            point [
                1.5551 0.2953 -0.0039, 1.5551 0.3465 -0.0039, 1.5551 0.2953 0.0079, 1.5551 0.3465 0.0079, 1.5551 0.2343 -0.0138, 1.5551 0.2343 -0.1299, 1.5551 0.2421 -0.0138, 1.5551 0.2421 -0.1299, 1.5551 -0.3465 -0.0039, 1.5551 -0.2953 -0.0039, 1.5551 -0.3465 0.0079, 1.5551 -0.2953 0.0079, 1.623 -0.3767 -0.1212, 1.6142 -0.3832 -0.1299, 1.6142 -0.2421 -0.1299, 1.6339 -0.2421 -0.1102, 1.6339 -0.367 -0.1102, 1.6277 -0.3733 -0.1166, 1.6277 -0.3733 -0.1166
            ]
        }
        coordIndex [
            0,1,2,-1,2,1,3,-1,4,5,6,-1,6,5,7,-1,8,9,10,-1,10,9,11,-1,12,13,14,-1,15,16,14,-1,14,16,17,-1,14,17,12,-1,
        ]
    }
}
Shape{
    appearance Appearance {
        material  Material 	{
            diffuseColor 0.7529411764705882 0.7529411764705882 0.7529411764705882
            specularColor 0.3764705882352941 0.3764705882352941 0.3764705882352941
            ambientIntensity 0.2
            transparency 0
            shininess 0.5
        }
    }
    geometry IndexedFaceSet {
        ccw TRUE
        solid FALSE
        coord DEF co Coordinate {
            point [
                -1.5039 -0.3819 0.1693, -1.4055 -0.3819 0.1693, -1.445 -0.3098 0.1693, -1.3308 -0.3109 0.1693, -1.445 -0.2953 0.1693, -1.3308 -0.2953 0.1693, -1.3308 -0.2953 0.1693
            ]
        }
        coordIndex [
            0,1,2,-1,2,1,3,-1,2,3,4,-1,4,3,5,-1,
        ]
    }
}
Shape{
    appearance Appearance {
        material  Material 	{
            diffuseColor 0.25098039215686274 0.25098039215686274 0.25098039215686274
            specularColor 0.12549019607843137 0.12549019607843137 0.12549019607843137
            ambientIntensity 0.2
            transparency 0
            shininess 0.5
        }
    }
    geometry IndexedFaceSet {
        ccw TRUE
        solid FALSE
        coord DEF co Coordinate {
            point [
                1.445 0.2487 0.1299, 1.445 0.248 0.1299, 1.4548 0.248 0.1299, 1.445 0.3098 0.1299, 1.5866 0.3819 0.1299, 1.5039 0.3819 0.1299, 1.4548 0.2405 0.1299, 1.5202 0.2953 0.1299, 1.586 0.2953 0.1299, 1.5866 -0.3819 0.1299, 1.4548 -0.248 0.1299, 1.445 -0.248 0.1299, 1.445 -0.2487 0.1299, 1.4548 -0.2405 0.1299, 1.5202 -0.2953 0.1299, 1.586 -0.2953 0.1299, 1.445 -0.3098 0.1299, 1.5039 -0.3819 0.1299, 1.6535 -0.2421 -0.1102, 1.6535 -0.2421 -0.0236, 1.6535 -0.315 -0.1102, 1.6535 -0.2618 -0.0039, 1.6535 -0.315 -0.0039, 1.6535 -0.315 -0.0039
            ]
        }
        coordIndex [
            0,1,2,-1,0,2,3,-1,3,2,4,-1,3,4,5,-1,2,6,7,-1,2,7,4,-1,4,7,8,-1,4,8,9,-1,10,11,12,-1,13,10,14,-1,14,10,9,-1,14,9,15,-1,15,9,8,-1,10,12,9,-1,9,12,16,-1,9,16,17,-1,18,19,20,-1,20,19,21,-1,20,21,22,-1,
        ]
    }
}
Shape{
    appearance Appearance {
        material  Material 	{
            diffuseColor 0.7529411764705882 0.7529411764705882 0.7529411764705882
            specularColor 0.3764705882352941 0.3764705882352941 0.3764705882352941
            ambientIntensity 0.2
            transparency 0
            shininess 0.5
        }
    }
    geometry IndexedFaceSet {
        ccw TRUE
        solid FALSE
        coord DEF co Coordinate {
            point [
                -1.6457 0.1457 -0.1299, -1.6457 0.2343 -0.1299, -1.6299 0.1457 -0.1299, -1.6299 0.2343 -0.1299, -1.6299 0.2343 -0.1299
            ]
        }
        coordIndex [
            0,1,2,-1,2,1,3,-1,
        ]
    }
}
Shape{
    appearance Appearance {
        material  Material 	{
            diffuseColor 0.25098039215686274 0.25098039215686274 0.25098039215686274
            specularColor 0.12549019607843137 0.12549019607843137 0.12549019607843137
            ambientIntensity 0.2
            transparency 0
            shininess 0.5
        }
    }
    geometry IndexedFaceSet {
        ccw TRUE
        solid FALSE
        coord DEF co Coordinate {
            point [
                -1.2776 0.248 0.0271, -1.2087 0.248 0.0271, -1.2776 0.2475 0.0268, -1.2087 0.2475 0.0268, -1.2087 0.2475 0.0268
            ]
        }
        coordIndex [
            0,1,2,-1,2,1,3,-1,
        ]
    }
}
Shape{
    appearance Appearance {
        material  Material 	{
            diffuseColor 0.7529411764705882 0.7529411764705882 0.7529411764705882
            specularColor 0.3764705882352941 0.3764705882352941 0.3764705882352941
            ambientIntensity 0.2
            transparency 0
            shininess 0.5
        }
    }
    geometry IndexedFaceSet {
        ccw TRUE
        solid FALSE
        coord DEF co Coordinate {
            point [
                -1.3308 0.3109 0.1693, -1.3308 0.3109 0.1299, -1.4055 0.3819 0.1693, -1.3682 0.3465 0.1299, -1.4055 0.3819 0.1299, -1.4055 0.3819 0.1299
            ]
        }
        coordIndex [
            0,1,2,-1,2,1,3,-1,2,3,4,-1,
        ]
    }
}
Shape{
    appearance Appearance {
        material  Material 	{
            diffuseColor 0.25098039215686274 0.25098039215686274 0.25098039215686274
            specularColor 0.12549019607843137 0.12549019607843137 0.12549019607843137
            ambientIntensity 0.2
            transparency 0
            shininess 0.5
        }
    }
    geometry IndexedFaceSet {
        ccw TRUE
        solid FALSE
        coord DEF co Coordinate {
            point [
                -1.437 0.248 0.0781, -1.437 0.248 0.0975, -1.437 0.0748 0.0591, -1.437 -0.248 -0.0138, -1.437 -0.0748 -0.0138, -1.437 -0.248 -0.0089, -1.437 -0.0748 0.0591, -1.437 -0.248 0.0975, -1.437 0.248 0.0342, -1.437 0.0748 -0.0138, -1.437 0.248 -0.0138, -1.437 0.248 -0.0138
            ]
        }
        coordIndex [
            0,1,2,-1,3,4,5,-1,5,4,6,-1,2,1,6,-1,6,1,7,-1,6,7,5,-1,0,2,8,-1,8,2,9,-1,8,9,10,-1,
        ]
    }
}
Shape{
    appearance Appearance {
        material  Material 	{
            diffuseColor 0.7529411764705882 0.7529411764705882 0.7529411764705882
            specularColor 0.3764705882352941 0.3764705882352941 0.3764705882352941
            ambientIntensity 0.2
            transparency 0
            shininess 0.5
        }
    }
    geometry IndexedFaceSet {
        ccw TRUE
        solid FALSE
        coord DEF co Coordinate {
            point [
                1.2933 0.3465 0.0512, 1.2933 0.3819 0.0512, 1.2898 0.3465 0.0516, 1.2898 0.3819 0.0516, 1.2865 0.3465 0.0527, 1.2865 0.3819 0.0527, 1.2835 0.3465 0.0546, 1.2835 0.3819 0.0546, 1.281 0.3465 0.0571, 1.281 0.3819 0.0571, 1.2791 0.3465 0.0601, 1.2791 0.3819 0.0601, 1.278 0.3465 0.0634, 1.278 0.3819 0.0634, 1.2776 0.3465 0.0669, 1.2776 0.3819 0.0669, 1.2776 0.3819 0.0669
            ]
        }
        coordIndex [
            0,1,2,-1,2,1,3,-1,2,3,4,-1,4,3,5,-1,4,5,6,-1,6,5,7,-1,6,7,8,-1,8,7,9,-1,8,9,10,-1,10,9,11,-1,10,11,12,-1,12,11,13,-1,12,13,14,-1,14,13,15,-1,
        ]
    }
}
Shape{
    appearance Appearance {
        material  Material 	{
            diffuseColor 0.25098039215686274 0.25098039215686274 0.25098039215686274
            specularColor 0.12549019607843137 0.12549019607843137 0.12549019607843137
            ambientIntensity 0.2
            transparency 0
            shininess 0.5
        }
    }
    geometry IndexedFaceSet {
        ccw TRUE
        solid FALSE
        coord DEF co Coordinate {
            point [
                -1.3682 -0.3465 0.1299, -1.4094 -0.3465 0.1299, -1.3297 -0.3465 0.0554, -1.2904 -0.3465 0.1299, -1.2791 -0.3465 0.0601, -1.278 -0.3465 0.0634, -1.2904 -0.3465 0.0748, -1.2776 -0.3465 0.0669, -1.2776 -0.3465 0.0748, -1.319 -0.3465 0.0512, -1.3229 -0.3465 0.0517, -1.3265 -0.3465 0.0531, -1.2933 -0.3465 0.0512, -1.2898 -0.3465 0.0516, -1.2865 -0.3465 0.0527, -1.2835 -0.3465 0.0546, -1.281 -0.3465 0.0571, -1.281 -0.3465 0.0571
            ]
        }
        coordIndex [
            0,1,2,-1,0,2,3,-1,4,5,6,-1,6,5,7,-1,6,7,8,-1,9,6,10,-1,10,6,3,-1,10,3,11,-1,11,3,2,-1,9,12,6,-1,6,12,13,-1,6,13,14,-1,14,15,6,-1,6,15,16,-1,6,16,4,-1,
        ]
    }
}
Shape{
    appearance Appearance {
        material  Material 	{
            diffuseColor 0.7529411764705882 0.7529411764705882 0.7529411764705882
            specularColor 0.3764705882352941 0.3764705882352941 0.3764705882352941
            ambientIntensity 0.2
            transparency 0
            shininess 0.5
        }
    }
    geometry IndexedFaceSet {
        ccw TRUE
        solid FALSE
        coord DEF co Coordinate {
            point [
                -1.533 -0.2953 0.1364, -1.5202 -0.2953 0.1307, -1.5202 -0.2953 0.1652, -1.586 -0.2953 0.1299, -1.553 -0.2953 0.1299, -1.5824 -0.2953 0.1416, -1.5507 -0.2953 0.133, -1.5366 -0.2953 0.1376, -1.5319 -0.2953 0.1687, -1.5405 -0.2953 0.1378, -1.5442 -0.2953 0.169, -1.5442 -0.2953 0.137, -1.5561 -0.2953 0.1662, -1.5477 -0.2953 0.1354, -1.5669 -0.2953 0.1604, -1.5759 -0.2953 0.1521, 1.5551 -0.2953 0.0079, 1.5866 -0.2953 0.0079, 1.5551 -0.3465 0.0079, 1.5866 -0.3819 0.0079, 1.4552 -0.3465 0.0079, 1.4552 -0.3819 0.0079, -1.5551 0.2343 -0.1299, -1.5551 0.1457 -0.1299, -1.5633 0.1457 -0.1342, -1.5633 0.2343 -0.1342, -1.5721 0.1457 -0.1369, -1.5721 0.2343 -0.1369, -1.5812 0.1457 -0.1378, -1.5812 0.2343 -0.1378, -1.5812 0.2343 -0.1378
            ]
        }
        coordIndex [
            0,1,2,-1,3,4,5,-1,5,4,6,-1,0,2,7,-1,7,2,8,-1,7,8,9,-1,9,8,10,-1,9,10,11,-1,11,10,12,-1,11,12,13,-1,13,12,14,-1,13,14,6,-1,6,14,15,-1,6,15,5,-1,16,17,18,-1,18,17,19,-1,18,19,20,-1,20,19,21,-1,22,23,24,-1,22,24,25,-1,25,24,26,-1,25,26,27,-1,27,26,28,-1,27,28,29,-1,
        ]
    }
}
Shape{
    appearance Appearance {
        material  Material 	{
            diffuseColor 0.25098039215686274 0.25098039215686274 0.25098039215686274
            specularColor 0.12549019607843137 0.12549019607843137 0.12549019607843137
            ambientIntensity 0.2
            transparency 0
            shininess 0.5
        }
    }
    geometry IndexedFaceSet {
        ccw TRUE
        solid FALSE
        coord DEF co Coordinate {
            point [
                -1.4626 -0.3465 -0.1299, -1.1713 -0.3465 -0.1299, -1.1969 -0.3465 -0.0709, -1.1713 -0.3465 -0.0709, -1.1969 -0.3465 0.0748, -1.2087 -0.3465 0.0748, -1.2087 -0.3465 -0.0472, -1.2283 -0.3465 -0.0669, -1.3441 -0.3465 -0.0669, -1.3539 -0.3465 -0.0657, -1.363 -0.3465 -0.0621, -1.371 -0.3465 -0.0563, -1.4283 -0.3465 -0.0027, -1.5551 -0.3465 0.0079, -1.5551 -0.3465 -0.0039, -1.4552 -0.3465 0.0079, -1.4626 -0.3465 -0.0039, -1.4454 -0.3465 0.0066, -1.4363 -0.3465 0.003, -1.4363 -0.3465 0.003
            ]
        }
        coordIndex [
            0,1,2,-1,2,1,3,-1,2,4,5,-1,5,6,2,-1,2,6,7,-1,2,7,0,-1,0,7,8,-1,0,8,9,-1,9,10,0,-1,0,10,11,-1,0,11,12,-1,13,14,15,-1,15,14,16,-1,15,16,17,-1,17,16,0,-1,17,0,18,-1,18,0,12,-1,
        ]
    }
}
Shape{
    appearance Appearance {
        material  Material 	{
            diffuseColor 0.7529411764705882 0.7529411764705882 0.7529411764705882
            specularColor 0.3764705882352941 0.3764705882352941 0.3764705882352941
            ambientIntensity 0.2
            transparency 0
            shininess 0.5
        }
    }
    geometry IndexedFaceSet {
        ccw TRUE
        solid FALSE
        coord DEF co Coordinate {
            point [
                1.6024 0.1457 -0.1063, 1.6024 0.2343 -0.1063, 1.5989 0.1457 -0.1059, 1.5989 0.2343 -0.1059, 1.5955 0.1457 -0.1047, 1.5955 0.2343 -0.1047, 1.5925 0.1457 -0.1029, 1.5925 0.2343 -0.1029, 1.59 0.1457 -0.1004, 1.59 0.2343 -0.1004, 1.5882 0.1457 -0.0974, 1.5882 0.2343 -0.0974, 1.587 0.1457 -0.0941, 1.587 0.2343 -0.0941, 1.5866 0.1457 -0.0906, 1.5866 0.2343 -0.0906, 1.5866 0.2343 -0.0906
            ]
        }
        coordIndex [
            0,1,2,-1,2,1,3,-1,2,3,4,-1,4,3,5,-1,4,5,6,-1,6,5,7,-1,6,7,8,-1,8,7,9,-1,8,9,10,-1,10,9,11,-1,10,11,12,-1,12,11,13,-1,12,13,14,-1,14,13,15,-1,
        ]
    }
}
Shape{
    appearance Appearance {
        material  Material 	{
            diffuseColor 0.25098039215686274 0.25098039215686274 0.25098039215686274
            specularColor 0.12549019607843137 0.12549019607843137 0.12549019607843137
            ambientIntensity 0.2
            transparency 0
            shininess 0.5
        }
    }
    geometry IndexedFaceSet {
        ccw TRUE
        solid FALSE
        coord DEF co Coordinate {
            point [
                1.2795 -0.122 -0.0472, 1.2913 -0.122 -0.0591, 1.2795 0.122 -0.0472, 1.2913 0.122 -0.0591, 1.2913 0.122 -0.0591
            ]
        }
        coordIndex [
            0,1,2,-1,2,1,3,-1,
        ]
    }
}
Shape{
    appearance Appearance {
        material  Material 	{
            diffuseColor 0.7529411764705882 0.7529411764705882 0.7529411764705882
            specularColor 0.3764705882352941 0.3764705882352941 0.3764705882352941
            ambientIntensity 0.2
            transparency 0
            shininess 0.5
        }
    }
    geometry IndexedFaceSet {
        ccw TRUE
        solid FALSE
        coord DEF co Coordinate {
            point [
                -1.3441 0.3819 -0.0669, -1.2254 0.3819 -0.0669, -1.3441 0.3465 -0.0669, -1.2254 0.3465 -0.0669, -1.3536 0.3465 -0.0658, -1.3536 0.3819 -0.0658, -1.3626 0.3465 -0.0623, -1.3626 0.3819 -0.0623, -1.3705 0.3465 -0.0568, -1.3705 0.3819 -0.0568, -1.3705 0.3819 -0.0568
            ]
        }
        coordIndex [
            0,1,2,-1,2,1,3,-1,0,2,4,-1,0,4,5,-1,5,4,6,-1,5,6,7,-1,7,6,8,-1,7,8,9,-1,
        ]
    }
}
Shape{
    appearance Appearance {
        material  Material 	{
            diffuseColor 0.25098039215686274 0.25098039215686274 0.25098039215686274
            specularColor 0.12549019607843137 0.12549019607843137 0.12549019607843137
            ambientIntensity 0.2
            transparency 0
            shininess 0.5
        }
    }
    geometry IndexedFaceSet {
        ccw TRUE
        solid FALSE
        coord DEF co Coordinate {
            point [
                1.2904 0.248 0.0827, 1.2904 0.248 0.1299, 1.2904 0.3465 0.0748, 1.2904 0.3465 0.1299, -1.1969 -0.3465 0.1299, -1.19 -0.3465 0.1299, -1.1969 -0.3465 0.0748, -1.19 -0.3465 0.0748, -1.19 -0.3465 0.0748
            ]
        }
        coordIndex [
            0,1,2,-1,2,1,3,-1,4,5,6,-1,6,5,7,-1,
        ]
    }
}
Shape{
    appearance Appearance {
        material  Material 	{
            diffuseColor 0.7529411764705882 0.7529411764705882 0.7529411764705882
            specularColor 0.3764705882352941 0.3764705882352941 0.3764705882352941
            ambientIntensity 0.2
            transparency 0
            shininess 0.5
        }
    }
    geometry IndexedFaceSet {
        ccw TRUE
        solid FALSE
        coord DEF co Coordinate {
            point [
                1.4094 0.3819 0.1299, 1.4055 0.3819 0.1299, 1.4055 0.3819 0.1693, 1.4454 0.3819 0.0066, 1.4363 0.3819 0.003, 1.5039 0.3819 0.1299, 1.4283 0.3819 -0.0027, 1.2791 0.3819 0.0601, 1.2087 0.3819 -0.0472, 1.278 0.3819 0.0634, 1.2087 0.3819 0.0827, 1.2776 0.3819 0.0669, 1.2776 0.3819 0.0827, 1.3229 0.3819 0.0517, 1.3265 0.3819 0.0531, 1.3441 0.3819 -0.0669, 1.3297 0.3819 0.0554, 1.5866 0.3819 0.1299, 1.5866 0.3819 0.0079, 1.4552 0.3819 0.0079, 1.3539 0.3819 -0.0657, 1.363 0.3819 -0.0621, 1.371 0.3819 -0.0563, 1.2865 0.3819 0.0527, 1.2283 0.3819 -0.0669, 1.2835 0.3819 0.0546, 1.281 0.3819 0.0571, 1.5039 0.3819 0.1693, 1.2898 0.3819 0.0516, 1.2933 0.3819 0.0512, 1.319 0.3819 0.0512, 1.319 0.3819 0.0512
            ]
        }
        coordIndex [
            0,1,2,-1,3,4,5,-1,5,4,6,-1,7,8,9,-1,9,8,10,-1,9,10,11,-1,11,10,12,-1,13,14,15,-1,15,14,16,-1,15,16,0,-1,17,18,5,-1,5,18,19,-1,5,19,3,-1,20,15,21,-1,21,15,22,-1,23,24,25,-1,25,24,8,-1,25,8,26,-1,26,8,7,-1,2,27,0,-1,0,27,5,-1,0,5,15,-1,15,5,6,-1,15,6,22,-1,23,28,24,-1,24,28,29,-1,24,29,15,-1,15,29,30,-1,15,30,13,-1,
        ]
    }
}
Shape{
    appearance Appearance {
        material  Material 	{
            diffuseColor 0.25098039215686274 0.25098039215686274 0.25098039215686274
            specularColor 0.12549019607843137 0.12549019607843137 0.12549019607843137
            ambientIntensity 0.2
            transparency 0
            shininess 0.5
        }
    }
    geometry IndexedFaceSet {
        ccw TRUE
        solid FALSE
        coord DEF co Coordinate {
            point [
                -1.4626 0.3937 -0.1299, -1.4626 0.3937 -0.0039, -1.4626 0.3465 -0.1299, -1.4626 0.3465 -0.0039, 1.5748 -0.3937 -0.1299, 1.5748 -0.3937 -0.0039, 1.4626 -0.3937 -0.1299, 1.4626 -0.3937 -0.0039, 1.4626 -0.3937 -0.0039
            ]
        }
        coordIndex [
            0,1,2,-1,2,1,3,-1,4,5,6,-1,6,5,7,-1,
        ]
    }
}
Shape{
    appearance Appearance {
        material  Material 	{
            diffuseColor 0.7529411764705882 0.7529411764705882 0.7529411764705882
            specularColor 0.3764705882352941 0.3764705882352941 0.3764705882352941
            ambientIntensity 0.2
            transparency 0
            shininess 0.5
        }
    }
    geometry IndexedFaceSet {
        ccw TRUE
        solid FALSE
        coord DEF co Coordinate {
            point [
                -1.3308 0.2492 0.1326, -1.3308 0.2487 0.1299, -1.3308 0.3109 0.1299, -1.3308 0.3109 0.1693, -1.3308 0.2953 0.1693, -1.3308 0.2848 0.1681, -1.3308 0.2748 0.1646, -1.3308 0.2658 0.159, -1.3308 0.2583 0.1515, -1.3308 0.2527 0.1425, -1.3308 0.2527 0.1425
            ]
        }
        coordIndex [
            0,1,2,-1,2,3,4,-1,4,5,2,-1,2,5,6,-1,2,6,7,-1,7,8,2,-1,2,8,9,-1,2,9,0,-1,
        ]
    }
}
Shape{
    appearance Appearance {
        material  Material 	{
            diffuseColor 0.25098039215686274 0.25098039215686274 0.25098039215686274
            specularColor 0.12549019607843137 0.12549019607843137 0.12549019607843137
            ambientIntensity 0.2
            transparency 0
            shininess 0.5
        }
    }
    geometry IndexedFaceSet {
        ccw TRUE
        solid FALSE
        coord DEF co Coordinate {
            point [
                -1.6535 -0.1378 -0.1102, -1.6535 -0.1378 0.1142, -1.6535 0.1378 -0.1102, -1.6535 0.1378 0.1142, -1.6535 0.1378 0.1142
            ]
        }
        coordIndex [
            0,1,2,-1,2,1,3,-1,
        ]
    }
}
Shape{
    appearance Appearance {
        material  Material 	{
            diffuseColor 0.7529411764705882 0.7529411764705882 0.7529411764705882
            specularColor 0.3764705882352941 0.3764705882352941 0.3764705882352941
            ambientIntensity 0.2
            transparency 0
            shininess 0.5
        }
    }
    geometry IndexedFaceSet {
        ccw TRUE
        solid FALSE
        coord DEF co Coordinate {
            point [
                1.445 -0.2953 0.1693, 1.445 -0.3098 0.1693, 1.445 -0.3098 0.1299, 1.445 -0.283 0.1677, 1.445 -0.2487 0.1299, 1.445 -0.2496 0.1343, 1.445 -0.2544 0.1457, 1.445 -0.2619 0.1555, 1.445 -0.2717 0.163, 1.445 -0.2717 0.163
            ]
        }
        coordIndex [
            0,1,2,-1,0,2,3,-1,4,5,2,-1,2,5,6,-1,6,7,2,-1,2,7,8,-1,2,8,3,-1,
        ]
    }
}
Shape{
    appearance Appearance {
        material  Material 	{
            diffuseColor 0.25098039215686274 0.25098039215686274 0.25098039215686274
            specularColor 0.12549019607843137 0.12549019607843137 0.12549019607843137
            ambientIntensity 0.2
            transparency 0
            shininess 0.5
        }
    }
    geometry IndexedFaceSet {
        ccw TRUE
        solid FALSE
        coord DEF co Coordinate {
            point [
                1.4449 0.248 -0.0138, 1.4744 0.248 -0.0138, 1.4449 0.0748 -0.0138, 1.4744 0.0748 -0.0138, 1.4744 0.0748 -0.0138
            ]
        }
        coordIndex [
            0,1,2,-1,2,1,3,-1,
        ]
    }
}
Shape{
    appearance Appearance {
        material  Material 	{
            diffuseColor 0.7529411764705882 0.7529411764705882 0.7529411764705882
            specularColor 0.3764705882352941 0.3764705882352941 0.3764705882352941
            ambientIntensity 0.2
            transparency 0
            shininess 0.5
        }
    }
    geometry IndexedFaceSet {
        ccw TRUE
        solid FALSE
        coord DEF co Coordinate {
            point [
                1.5551 0.2343 -0.0138, 1.5551 0.2421 -0.0138, 1.5866 0.2343 -0.0138, 1.5866 0.2421 -0.0138, 1.5866 0.2421 -0.0138
            ]
        }
        coordIndex [
            0,1,2,-1,2,1,3,-1,
        ]
    }
}
Shape{
    appearance Appearance {
        material  Material 	{
            diffuseColor 0.25098039215686274 0.25098039215686274 0.25098039215686274
            specularColor 0.12549019607843137 0.12549019607843137 0.12549019607843137
            ambientIntensity 0.2
            transparency 0
            shininess 0.5
        }
    }
    geometry IndexedFaceSet {
        ccw TRUE
        solid FALSE
        coord DEF co Coordinate {
            point [
                1.2795 0.122 -0.0472, 1.2913 0.122 -0.0591, 1.2793 0.124 -0.0472, 1.2907 0.1273 -0.0591, 1.2792 0.1247 -0.0472, 1.2785 0.1268 -0.0472, 1.289 0.1323 -0.0591, 1.2784 0.1272 -0.0472, 1.277 0.1293 -0.0472, 1.2862 0.1368 -0.0591, 1.277 0.1294 -0.0472, 1.2824 0.1405 -0.0591, 1.2751 0.1313 -0.0472, 1.275 0.1314 -0.0472, 1.278 0.1433 -0.0591, 1.2728 0.1327 -0.0472, 1.2725 0.1328 -0.0472, 1.273 0.1451 -0.0591, 1.2703 0.1336 -0.0472, 1.2697 0.1336 -0.0472, 1.2677 0.1457 -0.0591, 1.2677 0.1339 -0.0472, 1.2677 0.1339 -0.0472
            ]
        }
        coordIndex [
            0,1,2,-1,2,1,3,-1,2,3,4,-1,4,3,5,-1,5,3,6,-1,5,6,7,-1,7,6,8,-1,8,6,9,-1,8,9,10,-1,10,9,11,-1,10,11,12,-1,12,11,13,-1,13,11,14,-1,13,14,15,-1,15,14,16,-1,16,14,17,-1,16,17,18,-1,18,17,19,-1,19,17,20,-1,19,20,21,-1,
        ]
    }
}
Shape{
    appearance Appearance {
        material  Material 	{
            diffuseColor 0.7529411764705882 0.7529411764705882 0.7529411764705882
            specularColor 0.3764705882352941 0.3764705882352941 0.3764705882352941
            ambientIntensity 0.2
            transparency 0
            shininess 0.5
        }
    }
    geometry IndexedFaceSet {
        ccw TRUE
        solid FALSE
        coord DEF co Coordinate {
            point [
                -1.2776 0.2449 0.0863, -1.2087 0.2449 0.0863, -1.2776 0.2435 0.0842, -1.2087 0.2435 0.0842, -1.2776 0.2425 0.0818, -1.2087 0.2425 0.0818, -1.2776 0.2421 0.0792, -1.2087 0.2421 0.0792, -1.2776 0.2423 0.0766, -1.2087 0.2423 0.0766, -1.2776 0.2431 0.0741, -1.2087 0.2431 0.0741, -1.2776 0.2443 0.0719, -1.2087 0.2443 0.0719, 1.3441 0.3465 -0.0669, 1.3441 0.3819 -0.0669, 1.3539 0.3819 -0.0657, 1.3539 0.3465 -0.0657, 1.363 0.3819 -0.0621, 1.363 0.3465 -0.0621, 1.371 0.3819 -0.0563, 1.371 0.3465 -0.0563, -1.2933 -0.3465 0.0512, -1.319 -0.3465 0.0512, -1.2933 -0.3819 0.0512, -1.319 -0.3819 0.0512, -1.319 -0.3819 0.0512
            ]
        }
        coordIndex [
            0,1,2,-1,2,1,3,-1,2,3,4,-1,4,3,5,-1,4,5,6,-1,6,5,7,-1,6,7,8,-1,8,7,9,-1,8,9,10,-1,10,9,11,-1,10,11,12,-1,12,11,13,-1,14,15,16,-1,14,16,17,-1,17,16,18,-1,17,18,19,-1,19,18,20,-1,19,20,21,-1,22,23,24,-1,24,23,25,-1,
        ]
    }
}
Shape{
    appearance Appearance {
        material  Material 	{
            diffuseColor 0.25098039215686274 0.25098039215686274 0.25098039215686274
            specularColor 0.12549019607843137 0.12549019607843137 0.12549019607843137
            ambientIntensity 0.2
            transparency 0
            shininess 0.5
        }
    }
    geometry IndexedFaceSet {
        ccw TRUE
        solid FALSE
        coord DEF co Coordinate {
            point [
                -1.6535 -0.2421 -0.1102, -1.6535 -0.2421 -0.0236, -1.6339 -0.2421 -0.1102, -1.5551 -0.2421 -0.0236, -1.6142 -0.2421 -0.1299, -1.5551 -0.2421 -0.1299, -1.623 0.3767 -0.1212, -1.6142 0.3832 -0.1299, -1.6142 0.2421 -0.1299, -1.6339 0.2421 -0.1102, -1.6339 0.367 -0.1102, -1.6277 0.3733 -0.1166, -1.6277 0.3733 -0.1166
            ]
        }
        coordIndex [
            0,1,2,-1,2,1,3,-1,2,3,4,-1,4,3,5,-1,6,7,8,-1,9,10,8,-1,8,10,11,-1,8,11,6,-1,
        ]
    }
}
Shape{
    appearance Appearance {
        material  Material 	{
            diffuseColor 0.7529411764705882 0.7529411764705882 0.7529411764705882
            specularColor 0.3764705882352941 0.3764705882352941 0.3764705882352941
            ambientIntensity 0.2
            transparency 0
            shininess 0.5
        }
    }
    geometry IndexedFaceSet {
        ccw TRUE
        solid FALSE
        coord DEF co Coordinate {
            point [
                -1.5551 -0.25 0.0079, -1.5866 -0.25 0.0079, -1.5551 -0.2465 0.0075, -1.5866 -0.2465 0.0075, -1.5551 -0.2432 0.0063, -1.5866 -0.2432 0.0063, -1.5551 -0.2402 0.0044, -1.5866 -0.2402 0.0044, -1.5551 -0.2377 0.0019, -1.5866 -0.2377 0.0019, -1.5551 -0.2358 -0.001, -1.5866 -0.2358 -0.001, -1.5551 -0.2346 -0.0044, -1.5866 -0.2346 -0.0044, -1.5551 -0.2343 -0.0079, -1.5866 -0.2343 -0.0079, 1.371 -0.3819 -0.0563, 1.371 -0.3465 -0.0563, 1.4283 -0.3819 -0.0027, 1.4283 -0.3465 -0.0027, 1.4283 -0.3465 -0.0027
            ]
        }
        coordIndex [
            0,1,2,-1,2,1,3,-1,2,3,4,-1,4,3,5,-1,4,5,6,-1,6,5,7,-1,6,7,8,-1,8,7,9,-1,8,9,10,-1,10,9,11,-1,10,11,12,-1,12,11,13,-1,12,13,14,-1,14,13,15,-1,16,17,18,-1,18,17,19,-1,
        ]
    }
}
Shape{
    appearance Appearance {
        material  Material 	{
            diffuseColor 0.25098039215686274 0.25098039215686274 0.25098039215686274
            specularColor 0.12549019607843137 0.12549019607843137 0.12549019607843137
            ambientIntensity 0.2
            transparency 0
            shininess 0.5
        }
    }
    geometry IndexedFaceSet {
        ccw TRUE
        solid FALSE
        coord DEF co Coordinate {
            point [
                1.2904 0.3465 0.0748, 1.2776 0.3465 0.0748, 1.2904 0.248 0.0827, 1.2776 0.248 0.0827, -1.5551 -0.3465 -0.0039, -1.5551 -0.2618 -0.0039, -1.6535 -0.2618 -0.0039, -1.4626 -0.3937 -0.0039, -1.4626 -0.3465 -0.0039, -1.5748 -0.3937 -0.0039, -1.588 -0.3926 -0.0039, -1.6066 -0.387 -0.0039, -1.6535 -0.315 -0.0039, -1.6524 -0.3281 -0.0039, -1.6469 -0.3467 -0.0039, -1.6369 -0.3634 -0.0039, -1.6232 -0.3771 -0.0039, 1.6535 0.1378 0.1142, 1.5866 0.1378 0.1142, 1.6535 -0.1378 0.1142, 1.5866 -0.1378 0.1142, 1.5866 -0.1378 0.1142
            ]
        }
        coordIndex [
            0,1,2,-1,2,1,3,-1,4,5,6,-1,7,8,9,-1,9,8,4,-1,9,4,10,-1,10,4,11,-1,6,12,4,-1,4,12,13,-1,4,13,14,-1,14,15,4,-1,4,15,16,-1,4,16,11,-1,17,18,19,-1,19,18,20,-1,
        ]
    }
}
Shape{
    appearance Appearance {
        material  Material 	{
            diffuseColor 0.7529411764705882 0.7529411764705882 0.7529411764705882
            specularColor 0.3764705882352941 0.3764705882352941 0.3764705882352941
            ambientIntensity 0.2
            transparency 0
            shininess 0.5
        }
    }
    geometry IndexedFaceSet {
        ccw TRUE
        solid FALSE
        coord DEF co Coordinate {
            point [
                -1.6299 -0.1457 -0.1299, -1.6299 -0.2343 -0.1299, -1.6457 -0.1457 -0.1299, -1.6457 -0.2343 -0.1299, -1.6457 -0.2343 -0.1299
            ]
        }
        coordIndex [
            0,1,2,-1,2,1,3,-1,
        ]
    }
}
Shape{
    appearance Appearance {
        material  Material 	{
            diffuseColor 0.25098039215686274 0.25098039215686274 0.25098039215686274
            specularColor 0.12549019607843137 0.12549019607843137 0.12549019607843137
            ambientIntensity 0.2
            transparency 0
            shininess 0.5
        }
    }
    geometry IndexedFaceSet {
        ccw TRUE
        solid FALSE
        coord DEF co Coordinate {
            point [
                1.6535 0.315 -0.1102, 1.6535 0.2421 -0.1102, 1.6339 0.2421 -0.1102, 1.6339 0.367 -0.1102, 1.6369 0.3634 -0.1102, 1.6524 0.3281 -0.1102, 1.6469 0.3467 -0.1102, 1.6469 0.3467 -0.1102
            ]
        }
        coordIndex [
            0,1,2,-1,2,3,0,-1,0,3,4,-1,0,4,5,-1,5,4,6,-1,
        ]
    }
}
Shape{
    appearance Appearance {
        material  Material 	{
            diffuseColor 0.7529411764705882 0.7529411764705882 0.7529411764705882
            specularColor 0.3764705882352941 0.3764705882352941 0.3764705882352941
            ambientIntensity 0.2
            transparency 0
            shininess 0.5
        }
    }
    geometry IndexedFaceSet {
        ccw TRUE
        solid FALSE
        coord DEF co Coordinate {
            point [
                1.3308 0.2953 0.1693, 1.3308 0.3109 0.1693, 1.3308 0.3109 0.1299, 1.3308 0.283 0.1677, 1.3308 0.2487 0.1299, 1.3308 0.2496 0.1343, 1.3308 0.2544 0.1457, 1.3308 0.2619 0.1555, 1.3308 0.2717 0.163, 1.4055 -0.3819 0.1299, 1.3682 -0.3465 0.1299, 1.4094 -0.3819 0.1299, 1.4094 -0.3465 0.1299, 1.4094 -0.3465 0.1299
            ]
        }
        coordIndex [
            0,1,2,-1,0,2,3,-1,4,5,2,-1,2,5,6,-1,6,7,2,-1,2,7,8,-1,2,8,3,-1,9,10,11,-1,11,10,12,-1,
        ]
    }
}
Shape{
    appearance Appearance {
        material  Material 	{
            diffuseColor 0.25098039215686274 0.25098039215686274 0.25098039215686274
            specularColor 0.12549019607843137 0.12549019607843137 0.12549019607843137
            ambientIntensity 0.2
            transparency 0
            shininess 0.5
        }
    }
    geometry IndexedFaceSet {
        ccw TRUE
        solid FALSE
        coord DEF co Coordinate {
            point [
                1.5866 -0.2953 0.0079, 1.5551 -0.2953 0.0079, 1.5866 -0.2953 -0.0039, 1.5551 -0.2953 -0.0039, -1.1713 0.3465 -0.0709, -1.1713 0.3465 -0.1299, -1.1969 0.3465 -0.0709, -1.4626 0.3465 -0.1299, -1.5551 0.3465 -0.0039, -1.5551 0.3465 0.0079, -1.4573 0.3465 0.0079, -1.4309 0.3465 -0.0023, -1.3705 0.3465 -0.0568, -1.3626 0.3465 -0.0623, -1.3536 0.3465 -0.0658, -1.3441 0.3465 -0.0669, -1.2254 0.3465 -0.0669, -1.2057 0.3465 -0.0472, -1.1969 0.3465 0.0748, -1.2057 0.3465 0.0748, -1.4626 0.3465 -0.0039, -1.4478 0.3465 0.0067, -1.4388 0.3465 0.0033, 1.3308 0.3109 0.1299, 1.3682 0.3465 0.1299, 1.2904 0.3465 0.1299, 1.2904 0.248 0.1299, 1.3041 0.248 0.1299, 1.3308 0.2487 0.1299, 1.3308 0.248 0.1299, -1.1909 0.1339 0.1299, -1.1909 -0.1339 0.1299, -1.0335 0.1339 0.1299, -0.8957 -0.1339 0.1299, -0.8957 0.1339 0.1299, -0.7579 0.1339 0.1299, -0.7579 -0.1339 0.1299, -0.6201 0.1339 0.1299, -0.6201 -0.1339 0.1299, -0.4823 0.1339 0.1299, -0.4823 -0.1339 0.1299, -0.3445 0.1339 0.1299, -0.3445 -0.1339 0.1299, -0.0689 0.1339 0.1299, -0.2067 -0.1339 0.1299, -0.0689 -0.1339 0.1299, 0.0689 0.1339 0.1299, 0.0689 -0.1339 0.1299, 0.2067 0.1339 0.1299, 0.3445 -0.1339 0.1299, 0.3445 0.1339 0.1299, 0.4823 0.1339 0.1299, 0.4823 -0.1339 0.1299, 0.6201 0.1339 0.1299, 0.6201 -0.1339 0.1299, 0.7579 0.1339 0.1299, 0.7579 -0.1339 0.1299, 0.8957 0.1339 0.1299, 1.1909 -0.1339 0.1299, 1.1909 0.1339 0.1299, 1.0335 -0.1339 0.1299, 0.8957 -0.1339 0.1299, 0.8957 -0.1339 0.1299
            ]
        }
        coordIndex [
            0,1,2,-1,2,1,3,-1,4,5,6,-1,6,5,7,-1,8,9,10,-1,11,12,7,-1,7,12,13,-1,7,13,14,-1,14,15,7,-1,7,15,16,-1,7,16,6,-1,6,16,17,-1,6,17,18,-1,18,17,19,-1,8,10,20,-1,20,10,21,-1,20,21,7,-1,7,21,22,-1,7,22,11,-1,23,24,25,-1,25,26,27,-1,23,25,28,-1,28,25,27,-1,28,27,29,-1,30,31,32,-1,32,31,33,-1,32,33,34,-1,34,33,35,-1,35,33,36,-1,35,36,37,-1,37,36,38,-1,37,38,39,-1,39,38,40,-1,39,40,41,-1,41,40,42,-1,41,42,43,-1,42,44,43,-1,43,44,45,-1,43,45,46,-1,46,45,47,-1,46,47,48,-1,48,47,49,-1,48,49,50,-1,50,49,51,-1,51,49,52,-1,51,52,53,-1,53,52,54,-1,53,54,55,-1,55,54,56,-1,55,56,57,-1,58,59,60,-1,60,59,57,-1,60,57,61,-1,61,57,56,-1,
        ]
    }
}
Shape{
    appearance Appearance {
        material  Material 	{
            diffuseColor 0.7529411764705882 0.7529411764705882 0.7529411764705882
            specularColor 0.3764705882352941 0.3764705882352941 0.3764705882352941
            ambientIntensity 0.2
            transparency 0
            shininess 0.5
        }
    }
    geometry IndexedFaceSet {
        ccw TRUE
        solid FALSE
        coord DEF co Coordinate {
            point [
                1.5551 0.2343 -0.0138, 1.5866 0.2343 -0.0138, 1.5551 0.2343 -0.1299, 1.5866 0.2343 -0.0906, 1.587 0.2343 -0.0941, 1.6457 0.2343 -0.1063, 1.6457 0.2343 -0.1299, 1.6024 0.2343 -0.1063, 1.6299 0.2343 -0.1299, 1.5989 0.2343 -0.1059, 1.5955 0.2343 -0.1047, 1.5925 0.2343 -0.1029, 1.622 0.2343 -0.1378, 1.5812 0.2343 -0.1378, 1.5882 0.2343 -0.0974, 1.59 0.2343 -0.1004, 1.5633 0.2343 -0.1342, 1.5721 0.2343 -0.1369, 1.5721 0.2343 -0.1369
            ]
        }
        coordIndex [
            0,1,2,-1,2,1,3,-1,2,3,4,-1,5,6,7,-1,7,6,8,-1,7,8,9,-1,9,8,10,-1,10,8,11,-1,11,8,12,-1,11,12,13,-1,4,14,2,-1,2,14,15,-1,2,15,16,-1,16,15,11,-1,16,11,17,-1,17,11,13,-1,
        ]
    }
}
Shape{
    appearance Appearance {
        material  Material 	{
            diffuseColor 0.25098039215686274 0.25098039215686274 0.25098039215686274
            specularColor 0.12549019607843137 0.12549019607843137 0.12549019607843137
            ambientIntensity 0.2
            transparency 0
            shininess 0.5
        }
    }
    geometry IndexedFaceSet {
        ccw TRUE
        solid FALSE
        coord DEF co Coordinate {
            point [
                -1.6339 0.2421 -0.1102, -1.6535 0.2421 -0.1102, -1.6339 0.367 -0.1102, -1.6535 0.315 -0.1102, -1.6369 0.3634 -0.1102, -1.6524 0.3281 -0.1102, -1.6469 0.3467 -0.1102, 1.4626 0.3937 -0.0039, 1.4626 0.3465 -0.0039, 1.5748 0.3937 -0.0039, 1.5551 0.3465 -0.0039, 1.588 0.3926 -0.0039, 1.5866 0.2618 -0.0039, 1.6535 0.2618 -0.0039, 1.5866 0.2953 -0.0039, 1.6535 0.315 -0.0039, 1.6524 0.3281 -0.0039, 1.6469 0.3467 -0.0039, 1.5551 0.2953 -0.0039, 1.6369 0.3634 -0.0039, 1.6232 0.3771 -0.0039, 1.6066 0.387 -0.0039, 1.6066 0.387 -0.0039
            ]
        }
        coordIndex [
            0,1,2,-1,2,1,3,-1,2,3,4,-1,4,3,5,-1,4,5,6,-1,7,8,9,-1,9,8,10,-1,9,10,11,-1,12,13,14,-1,14,13,15,-1,15,16,14,-1,14,16,17,-1,14,17,18,-1,17,19,18,-1,18,19,20,-1,18,20,10,-1,10,20,21,-1,10,21,11,-1,
        ]
    }
}
Shape{
    appearance Appearance {
        material  Material 	{
            diffuseColor 0.7529411764705882 0.7529411764705882 0.7529411764705882
            specularColor 0.3764705882352941 0.3764705882352941 0.3764705882352941
            ambientIntensity 0.2
            transparency 0
            shininess 0.5
        }
    }
    geometry IndexedFaceSet {
        ccw TRUE
        solid FALSE
        coord DEF co Coordinate {
            point [
                1.2776 0.2251 0.0581, 1.2087 0.2251 0.0581, 1.2776 0.2475 0.0268, 1.2087 0.2475 0.0268, 1.2776 -0.2672 0.1299, 1.2087 -0.2672 0.1299, 1.2776 -0.3346 0.1299, 1.2087 -0.3346 0.1299, 1.2087 -0.3346 0.1299
            ]
        }
        coordIndex [
            0,1,2,-1,2,1,3,-1,4,5,6,-1,6,5,7,-1,
        ]
    }
}
Shape{
    appearance Appearance {
        material  Material 	{
            diffuseColor 0.25098039215686274 0.25098039215686274 0.25098039215686274
            specularColor 0.12549019607843137 0.12549019607843137 0.12549019607843137
            ambientIntensity 0.2
            transparency 0
            shininess 0.5
        }
    }
    geometry IndexedFaceSet {
        ccw TRUE
        solid FALSE
        coord DEF co Coordinate {
            point [
                1.445 0.248 0.1299, 1.445 0.2487 0.1299, 1.445 0.248 0.122, 1.4744 -0.248 -0.0591, 1.4744 -0.248 -0.0138, 1.4744 -0.0748 -0.0591, 1.4744 -0.0748 -0.0138, 1.4744 -0.0748 -0.0138
            ]
        }
        coordIndex [
            0,1,2,-1,3,4,5,-1,5,4,6,-1,
        ]
    }
}
Shape{
    appearance Appearance {
        material  Material 	{
            diffuseColor 0.7529411764705882 0.7529411764705882 0.7529411764705882
            specularColor 0.3764705882352941 0.3764705882352941 0.3764705882352941
            ambientIntensity 0.2
            transparency 0
            shininess 0.5
        }
    }
    geometry IndexedFaceSet {
        ccw TRUE
        solid FALSE
        coord DEF co Coordinate {
            point [
                -1.2776 0.2475 0.0268, -1.2087 0.2475 0.0268, -1.2776 0.2251 0.0581, -1.2087 0.2251 0.0581, 1.5866 0.2953 -0.0039, 1.5551 0.2953 -0.0039, 1.5866 0.2953 0.0079, 1.5551 0.2953 0.0079, 1.4449 -0.248 0.101, 1.4449 0.248 0.101, 1.4449 -0.0748 0.0591, 1.4449 0.0748 0.0591, 1.4449 0.248 -0.0138, 1.4449 0.0748 -0.0138, 1.4449 0.248 0.0342, 1.4449 0.248 0.0781, 1.4449 -0.248 -0.0089, 1.4449 -0.0748 -0.0138, 1.4449 -0.248 -0.0138, -1.445 0.2953 0.1693, -1.3308 0.2953 0.1693, -1.445 0.3098 0.1693, -1.3308 0.3109 0.1693, -1.5039 0.3819 0.1693, -1.4055 0.3819 0.1693, -1.4055 0.3819 0.1693
            ]
        }
        coordIndex [
            0,1,2,-1,2,1,3,-1,4,5,6,-1,6,5,7,-1,8,9,10,-1,10,9,11,-1,12,13,14,-1,14,13,11,-1,14,11,15,-1,15,11,9,-1,8,10,16,-1,16,10,17,-1,16,17,18,-1,19,20,21,-1,21,20,22,-1,21,22,23,-1,23,22,24,-1,
        ]
    }
}
Shape{
    appearance Appearance {
        material  Material 	{
            diffuseColor 0.25098039215686274 0.25098039215686274 0.25098039215686274
            specularColor 0.12549019607843137 0.12549019607843137 0.12549019607843137
            ambientIntensity 0.2
            transparency 0
            shininess 0.5
        }
    }
    geometry IndexedFaceSet {
        ccw TRUE
        solid FALSE
        coord DEF co Coordinate {
            point [
                1.1969 0.3465 0.1299, 1.1969 0.3937 0.1299, 1.19 0.3465 0.1299, -1.1969 0.3937 0.1299, -1.19 0.3465 0.1299, -1.1969 0.3465 0.1299, -1.19 0.248 0.1299, -1.0335 0.248 0.1299, -0.8957 0.248 0.1299, -0.7579 0.248 0.1299, -0.6201 0.248 0.1299, -0.4823 0.248 0.1299, -0.3445 0.248 0.1299, -0.2067 0.248 0.1299, -0.0689 0.248 0.1299, 0.2067 0.248 0.1299, 0.3445 0.248 0.1299, 0.4823 0.248 0.1299, 0.6201 0.248 0.1299, 0.7579 0.248 0.1299, 0.8957 0.248 0.1299, 1.0335 0.248 0.1299, 1.19 0.248 0.1299, 1.1713 -0.3465 -0.0709, 1.1713 -0.3465 -0.1299, 1.1969 -0.3465 -0.0709, 1.4626 -0.3465 -0.1299, 1.363 -0.3465 -0.0621, 1.3539 -0.3465 -0.0657, 1.3441 -0.3465 -0.0669, 1.2283 -0.3465 -0.0669, 1.2087 -0.3465 -0.0472, 1.1969 -0.3465 0.0748, 1.2087 -0.3465 0.0748, 1.4363 -0.3465 0.003, 1.4283 -0.3465 -0.0027, 1.371 -0.3465 -0.0563, 1.5551 -0.3465 -0.0039, 1.5551 -0.3465 0.0079, 1.4626 -0.3465 -0.0039, 1.4552 -0.3465 0.0079, 1.4454 -0.3465 0.0066, 1.4454 -0.3465 0.0066
            ]
        }
        coordIndex [
            0,1,2,-1,2,1,3,-1,2,3,4,-1,4,3,5,-1,6,7,4,-1,4,7,8,-1,4,8,9,-1,9,10,4,-1,4,10,11,-1,4,11,12,-1,12,13,4,-1,4,13,14,-1,4,14,2,-1,2,14,15,-1,2,15,16,-1,16,17,2,-1,2,17,18,-1,2,18,19,-1,19,20,2,-1,2,20,21,-1,2,21,22,-1,23,24,25,-1,25,24,26,-1,27,28,26,-1,28,29,26,-1,26,29,30,-1,26,30,25,-1,25,30,31,-1,25,31,32,-1,32,31,33,-1,34,35,26,-1,26,35,36,-1,26,36,27,-1,37,38,39,-1,39,38,40,-1,39,40,26,-1,26,40,41,-1,26,41,34,-1,
        ]
    }
}
Shape{
    appearance Appearance {
        material  Material 	{
            diffuseColor 1.0 1.0 0.5019607843137255
            specularColor 0.5019607843137255 0.5019607843137255 0.25098039215686274
            ambientIntensity 0.2
            transparency 0
            shininess 0.5
        }
    }
    geometry IndexedFaceSet {
        ccw TRUE
        solid FALSE
        coord DEF co Coordinate {
            point [
                -1.0787 0.313 -0.0906, -1.0787 0.313 -0.0709, -1.126 0.313 -0.0906, -1.126 0.313 -0.0709, -1.126 0.3146 -0.1028, -1.0787 0.3146 -0.1028, -1.126 0.3193 -0.1142, -1.0787 0.3193 -0.1142, -1.126 0.3268 -0.124, -1.0787 0.3268 -0.124, -1.126 0.3366 -0.1315, -1.0787 0.3366 -0.1315, -1.126 0.348 -0.1362, -1.0787 0.348 -0.1362, -1.126 0.3602 -0.1378, -1.0787 0.3602 -0.1378, -1.0787 0.3799 -0.1378, -1.126 0.3799 -0.1378, -1.0787 0.3878 -0.1299, -1.126 0.3878 -0.1299, -1.0787 0.3937 -0.1299, -1.126 0.3937 -0.1299, -1.0787 0.3937 -0.1063, -1.126 0.3937 -0.1063, -1.0787 0.3602 -0.1063, -1.126 0.3602 -0.1063, -1.0787 0.3562 -0.1058, -1.126 0.3562 -0.1058, -1.0787 0.3524 -0.1042, -1.126 0.3524 -0.1042, -1.0787 0.3491 -0.1017, -1.126 0.3491 -0.1017, -1.0787 0.3466 -0.0984, -1.126 0.3466 -0.0984, -1.0787 0.345 -0.0946, -1.126 0.345 -0.0946, -1.0787 0.3445 -0.0906, -1.126 0.3445 -0.0906, -1.0787 0.3445 -0.0709, -1.126 0.3445 -0.0709, -1.0787 -0.3445 -0.0906, -1.0787 -0.3445 -0.0709, -1.126 -0.3445 -0.0906, -1.126 -0.3445 -0.0709, -1.0787 -0.345 -0.0946, -1.126 -0.345 -0.0946, -1.0787 -0.3466 -0.0984, -1.126 -0.3466 -0.0984, -1.0787 -0.3491 -0.1017, -1.126 -0.3491 -0.1017, -1.0787 -0.3524 -0.1042, -1.126 -0.3524 -0.1042, -1.0787 -0.3562 -0.1058, -1.126 -0.3562 -0.1058, -1.0787 -0.3602 -0.1063, -1.126 -0.3602 -0.1063, -1.0787 -0.3937 -0.1063, -1.126 -0.3937 -0.1063, -1.0787 -0.3937 -0.1299, -1.126 -0.3937 -0.1299, -1.0787 -0.3878 -0.1299, -1.126 -0.3878 -0.1299, -1.0787 -0.3799 -0.1378, -1.126 -0.3799 -0.1378, -1.0787 -0.3602 -0.1378, -1.126 -0.3602 -0.1378, -1.126 -0.348 -0.1362, -1.0787 -0.348 -0.1362, -1.126 -0.3366 -0.1315, -1.0787 -0.3366 -0.1315, -1.126 -0.3268 -0.124, -1.0787 -0.3268 -0.124, -1.126 -0.3193 -0.1142, -1.0787 -0.3193 -0.1142, -1.126 -0.3146 -0.1028, -1.0787 -0.3146 -0.1028, -1.126 -0.313 -0.0906, -1.0787 -0.313 -0.0906, -1.0787 -0.313 -0.0709, -1.126 -0.313 -0.0709, -0.9409 0.313 -0.0906, -0.9409 0.313 -0.0709, -0.9882 0.313 -0.0906, -0.9882 0.313 -0.0709, -0.9882 0.3146 -0.1028, -0.9409 0.3146 -0.1028, -0.9882 0.3193 -0.1142, -0.9409 0.3193 -0.1142, -0.9882 0.3268 -0.124, -0.9409 0.3268 -0.124, -0.9882 0.3366 -0.1315, -0.9409 0.3366 -0.1315, -0.9882 0.348 -0.1362, -0.9409 0.348 -0.1362, -0.9882 0.3602 -0.1378, -0.9409 0.3602 -0.1378, -0.9409 0.3799 -0.1378, -0.9882 0.3799 -0.1378, -0.9409 0.3878 -0.1299, -0.9882 0.3878 -0.1299, -0.9409 0.3937 -0.1299, -0.9882 0.3937 -0.1299, -0.9409 0.3937 -0.1063, -0.9882 0.3937 -0.1063, -0.9409 0.3602 -0.1063, -0.9882 0.3602 -0.1063, -0.9409 0.3562 -0.1058, -0.9882 0.3562 -0.1058, -0.9409 0.3524 -0.1042, -0.9882 0.3524 -0.1042, -0.9409 0.3491 -0.1017, -0.9882 0.3491 -0.1017, -0.9409 0.3466 -0.0984, -0.9882 0.3466 -0.0984, -0.9409 0.345 -0.0946, -0.9882 0.345 -0.0946, -0.9409 0.3445 -0.0906, -0.9882 0.3445 -0.0906, -0.9409 0.3445 -0.0709, -0.9882 0.3445 -0.0709, -0.9409 -0.3445 -0.0906, -0.9409 -0.3445 -0.0709, -0.9882 -0.3445 -0.0906, -0.9882 -0.3445 -0.0709, -0.9409 -0.345 -0.0946, -0.9882 -0.345 -0.0946, -0.9409 -0.3466 -0.0984, -0.9882 -0.3466 -0.0984, -0.9409 -0.3491 -0.1017, -0.9882 -0.3491 -0.1017, -0.9409 -0.3524 -0.1042, -0.9882 -0.3524 -0.1042, -0.9409 -0.3562 -0.1058, -0.9882 -0.3562 -0.1058, -0.9409 -0.3602 -0.1063, -0.9882 -0.3602 -0.1063, -0.9409 -0.3937 -0.1063, -0.9882 -0.3937 -0.1063, -0.9409 -0.3937 -0.1299, -0.9882 -0.3937 -0.1299, -0.9409 -0.3878 -0.1299, -0.9882 -0.3878 -0.1299, -0.9409 -0.3799 -0.1378, -0.9882 -0.3799 -0.1378, -0.9409 -0.3602 -0.1378, -0.9882 -0.3602 -0.1378, -0.9882 -0.348 -0.1362, -0.9409 -0.348 -0.1362, -0.9882 -0.3366 -0.1315, -0.9409 -0.3366 -0.1315, -0.9882 -0.3268 -0.124, -0.9409 -0.3268 -0.124, -0.9882 -0.3193 -0.1142, -0.9409 -0.3193 -0.1142, -0.9882 -0.3146 -0.1028, -0.9409 -0.3146 -0.1028, -0.9882 -0.313 -0.0906, -0.9409 -0.313 -0.0906, -0.9409 -0.313 -0.0709, -0.9882 -0.313 -0.0709, -0.8031 0.313 -0.0906, -0.8031 0.313 -0.0709, -0.8504 0.313 -0.0906, -0.8504 0.313 -0.0709, -0.8504 0.3146 -0.1028, -0.8031 0.3146 -0.1028, -0.8504 0.3193 -0.1142, -0.8031 0.3193 -0.1142, -0.8504 0.3268 -0.124, -0.8031 0.3268 -0.124, -0.8504 0.3366 -0.1315, -0.8031 0.3366 -0.1315, -0.8504 0.348 -0.1362, -0.8031 0.348 -0.1362, -0.8504 0.3602 -0.1378, -0.8031 0.3602 -0.1378, -0.8031 0.3799 -0.1378, -0.8504 0.3799 -0.1378, -0.8031 0.3878 -0.1299, -0.8504 0.3878 -0.1299, -0.8031 0.3937 -0.1299, -0.8504 0.3937 -0.1299, -0.8031 0.3937 -0.1063, -0.8504 0.3937 -0.1063, -0.8031 0.3602 -0.1063, -0.8504 0.3602 -0.1063, -0.8031 0.3562 -0.1058, -0.8504 0.3562 -0.1058, -0.8031 0.3524 -0.1042, -0.8504 0.3524 -0.1042, -0.8031 0.3491 -0.1017, -0.8504 0.3491 -0.1017, -0.8031 0.3466 -0.0984, -0.8504 0.3466 -0.0984, -0.8031 0.345 -0.0946, -0.8504 0.345 -0.0946, -0.8031 0.3445 -0.0906, -0.8504 0.3445 -0.0906, -0.8031 0.3445 -0.0709, -0.8504 0.3445 -0.0709, -0.8031 -0.3445 -0.0906, -0.8031 -0.3445 -0.0709, -0.8504 -0.3445 -0.0906, -0.8504 -0.3445 -0.0709, -0.8031 -0.345 -0.0946, -0.8504 -0.345 -0.0946, -0.8031 -0.3466 -0.0984, -0.8504 -0.3466 -0.0984, -0.8031 -0.3491 -0.1017, -0.8504 -0.3491 -0.1017, -0.8031 -0.3524 -0.1042, -0.8504 -0.3524 -0.1042, -0.8031 -0.3562 -0.1058, -0.8504 -0.3562 -0.1058, -0.8031 -0.3602 -0.1063, -0.8504 -0.3602 -0.1063, -0.8031 -0.3937 -0.1063, -0.8504 -0.3937 -0.1063, -0.8031 -0.3937 -0.1299, -0.8504 -0.3937 -0.1299, -0.8031 -0.3878 -0.1299, -0.8504 -0.3878 -0.1299, -0.8031 -0.3799 -0.1378, -0.8504 -0.3799 -0.1378, -0.8031 -0.3602 -0.1378, -0.8504 -0.3602 -0.1378, -0.8504 -0.348 -0.1362, -0.8031 -0.348 -0.1362, -0.8504 -0.3366 -0.1315, -0.8031 -0.3366 -0.1315, -0.8504 -0.3268 -0.124, -0.8031 -0.3268 -0.124, -0.8504 -0.3193 -0.1142, -0.8031 -0.3193 -0.1142, -0.8504 -0.3146 -0.1028, -0.8031 -0.3146 -0.1028, -0.8504 -0.313 -0.0906, -0.8031 -0.313 -0.0906, -0.8031 -0.313 -0.0709, -0.8504 -0.313 -0.0709, -0.6654 0.313 -0.0906, -0.6654 0.313 -0.0709, -0.7126 0.313 -0.0906, -0.7126 0.313 -0.0709, -0.7126 0.3146 -0.1028, -0.6654 0.3146 -0.1028, -0.7126 0.3193 -0.1142, -0.6654 0.3193 -0.1142, -0.7126 0.3268 -0.124, -0.6654 0.3268 -0.124, -0.7126 0.3366 -0.1315, -0.6654 0.3366 -0.1315, -0.7126 0.348 -0.1362, -0.6654 0.348 -0.1362, -0.7126 0.3602 -0.1378, -0.6654 0.3602 -0.1378, -0.6654 0.3799 -0.1378, -0.7126 0.3799 -0.1378, -0.6654 0.3878 -0.1299, -0.7126 0.3878 -0.1299, -0.6654 0.3937 -0.1299, -0.7126 0.3937 -0.1299, -0.6654 0.3937 -0.1063, -0.7126 0.3937 -0.1063, -0.6654 0.3602 -0.1063, -0.7126 0.3602 -0.1063, -0.6654 0.3562 -0.1058, -0.7126 0.3562 -0.1058, -0.6654 0.3524 -0.1042, -0.7126 0.3524 -0.1042, -0.6654 0.3491 -0.1017, -0.7126 0.3491 -0.1017, -0.6654 0.3466 -0.0984, -0.7126 0.3466 -0.0984, -0.6654 0.345 -0.0946, -0.7126 0.345 -0.0946, -0.6654 0.3445 -0.0906, -0.7126 0.3445 -0.0906, -0.6654 0.3445 -0.0709, -0.7126 0.3445 -0.0709, -0.6654 -0.3445 -0.0906, -0.6654 -0.3445 -0.0709, -0.7126 -0.3445 -0.0906, -0.7126 -0.3445 -0.0709, -0.6654 -0.345 -0.0946, -0.7126 -0.345 -0.0946, -0.6654 -0.3466 -0.0984, -0.7126 -0.3466 -0.0984, -0.6654 -0.3491 -0.1017, -0.7126 -0.3491 -0.1017, -0.6654 -0.3524 -0.1042, -0.7126 -0.3524 -0.1042, -0.6654 -0.3562 -0.1058, -0.7126 -0.3562 -0.1058, -0.6654 -0.3602 -0.1063, -0.7126 -0.3602 -0.1063, -0.6654 -0.3937 -0.1063, -0.7126 -0.3937 -0.1063, -0.6654 -0.3937 -0.1299, -0.7126 -0.3937 -0.1299, -0.6654 -0.3878 -0.1299, -0.7126 -0.3878 -0.1299, -0.6654 -0.3799 -0.1378, -0.7126 -0.3799 -0.1378, -0.6654 -0.3602 -0.1378, -0.7126 -0.3602 -0.1378, -0.7126 -0.348 -0.1362, -0.6654 -0.348 -0.1362, -0.7126 -0.3366 -0.1315, -0.6654 -0.3366 -0.1315, -0.7126 -0.3268 -0.124, -0.6654 -0.3268 -0.124, -0.7126 -0.3193 -0.1142, -0.6654 -0.3193 -0.1142, -0.7126 -0.3146 -0.1028, -0.6654 -0.3146 -0.1028, -0.7126 -0.313 -0.0906, -0.6654 -0.313 -0.0906, -0.6654 -0.313 -0.0709, -0.7126 -0.313 -0.0709, -0.5276 0.313 -0.0906, -0.5276 0.313 -0.0709, -0.5748 0.313 -0.0906, -0.5748 0.313 -0.0709, -0.5748 0.3146 -0.1028, -0.5276 0.3146 -0.1028, -0.5748 0.3193 -0.1142, -0.5276 0.3193 -0.1142, -0.5748 0.3268 -0.124, -0.5276 0.3268 -0.124, -0.5748 0.3366 -0.1315, -0.5276 0.3366 -0.1315, -0.5748 0.348 -0.1362, -0.5276 0.348 -0.1362, -0.5748 0.3602 -0.1378, -0.5276 0.3602 -0.1378, -0.5276 0.3799 -0.1378, -0.5748 0.3799 -0.1378, -0.5276 0.3878 -0.1299, -0.5748 0.3878 -0.1299, -0.5276 0.3937 -0.1299, -0.5748 0.3937 -0.1299, -0.5276 0.3937 -0.1063, -0.5748 0.3937 -0.1063, -0.5276 0.3602 -0.1063, -0.5748 0.3602 -0.1063, -0.5276 0.3562 -0.1058, -0.5748 0.3562 -0.1058, -0.5276 0.3524 -0.1042, -0.5748 0.3524 -0.1042, -0.5276 0.3491 -0.1017, -0.5748 0.3491 -0.1017, -0.5276 0.3466 -0.0984, -0.5748 0.3466 -0.0984, -0.5276 0.345 -0.0946, -0.5748 0.345 -0.0946, -0.5276 0.3445 -0.0906, -0.5748 0.3445 -0.0906, -0.5276 0.3445 -0.0709, -0.5748 0.3445 -0.0709, -0.5276 -0.3445 -0.0906, -0.5276 -0.3445 -0.0709, -0.5748 -0.3445 -0.0906, -0.5748 -0.3445 -0.0709, -0.5276 -0.345 -0.0946, -0.5748 -0.345 -0.0946, -0.5276 -0.3466 -0.0984, -0.5748 -0.3466 -0.0984, -0.5276 -0.3491 -0.1017, -0.5748 -0.3491 -0.1017, -0.5276 -0.3524 -0.1042, -0.5748 -0.3524 -0.1042, -0.5276 -0.3562 -0.1058, -0.5748 -0.3562 -0.1058, -0.5276 -0.3602 -0.1063, -0.5748 -0.3602 -0.1063, -0.5276 -0.3937 -0.1063, -0.5748 -0.3937 -0.1063, -0.5276 -0.3937 -0.1299, -0.5748 -0.3937 -0.1299, -0.5276 -0.3878 -0.1299, -0.5748 -0.3878 -0.1299, -0.5276 -0.3799 -0.1378, -0.5748 -0.3799 -0.1378, -0.5276 -0.3602 -0.1378, -0.5748 -0.3602 -0.1378, -0.5748 -0.348 -0.1362, -0.5276 -0.348 -0.1362, -0.5748 -0.3366 -0.1315, -0.5276 -0.3366 -0.1315, -0.5748 -0.3268 -0.124, -0.5276 -0.3268 -0.124, -0.5748 -0.3193 -0.1142, -0.5276 -0.3193 -0.1142, -0.5748 -0.3146 -0.1028, -0.5276 -0.3146 -0.1028, -0.5748 -0.313 -0.0906, -0.5276 -0.313 -0.0906, -0.5276 -0.313 -0.0709, -0.5748 -0.313 -0.0709, -0.3898 0.313 -0.0906, -0.3898 0.313 -0.0709, -0.437 0.313 -0.0906, -0.437 0.313 -0.0709, -0.437 0.3146 -0.1028, -0.3898 0.3146 -0.1028, -0.437 0.3193 -0.1142, -0.3898 0.3193 -0.1142, -0.437 0.3268 -0.124, -0.3898 0.3268 -0.124, -0.437 0.3366 -0.1315, -0.3898 0.3366 -0.1315, -0.437 0.348 -0.1362, -0.3898 0.348 -0.1362, -0.437 0.3602 -0.1378, -0.3898 0.3602 -0.1378, -0.3898 0.3799 -0.1378, -0.437 0.3799 -0.1378, -0.3898 0.3878 -0.1299, -0.437 0.3878 -0.1299, -0.3898 0.3937 -0.1299, -0.437 0.3937 -0.1299, -0.3898 0.3937 -0.1063, -0.437 0.3937 -0.1063, -0.3898 0.3602 -0.1063, -0.437 0.3602 -0.1063, -0.3898 0.3562 -0.1058, -0.437 0.3562 -0.1058, -0.3898 0.3524 -0.1042, -0.437 0.3524 -0.1042, -0.3898 0.3491 -0.1017, -0.437 0.3491 -0.1017, -0.3898 0.3466 -0.0984, -0.437 0.3466 -0.0984, -0.3898 0.345 -0.0946, -0.437 0.345 -0.0946, -0.3898 0.3445 -0.0906, -0.437 0.3445 -0.0906, -0.3898 0.3445 -0.0709, -0.437 0.3445 -0.0709, -0.3898 -0.3445 -0.0906, -0.3898 -0.3445 -0.0709, -0.437 -0.3445 -0.0906, -0.437 -0.3445 -0.0709, -0.3898 -0.345 -0.0946, -0.437 -0.345 -0.0946, -0.3898 -0.3466 -0.0984, -0.437 -0.3466 -0.0984, -0.3898 -0.3491 -0.1017, -0.437 -0.3491 -0.1017, -0.3898 -0.3524 -0.1042, -0.437 -0.3524 -0.1042, -0.3898 -0.3562 -0.1058, -0.437 -0.3562 -0.1058, -0.3898 -0.3602 -0.1063, -0.437 -0.3602 -0.1063, -0.3898 -0.3937 -0.1063, -0.437 -0.3937 -0.1063, -0.3898 -0.3937 -0.1299, -0.437 -0.3937 -0.1299, -0.3898 -0.3878 -0.1299, -0.437 -0.3878 -0.1299, -0.3898 -0.3799 -0.1378, -0.437 -0.3799 -0.1378, -0.3898 -0.3602 -0.1378, -0.437 -0.3602 -0.1378, -0.437 -0.348 -0.1362, -0.3898 -0.348 -0.1362, -0.437 -0.3366 -0.1315, -0.3898 -0.3366 -0.1315, -0.437 -0.3268 -0.124, -0.3898 -0.3268 -0.124, -0.437 -0.3193 -0.1142, -0.3898 -0.3193 -0.1142, -0.437 -0.3146 -0.1028, -0.3898 -0.3146 -0.1028, -0.437 -0.313 -0.0906, -0.3898 -0.313 -0.0906, -0.3898 -0.313 -0.0709, -0.437 -0.313 -0.0709, -0.252 0.313 -0.0906, -0.252 0.313 -0.0709, -0.2992 0.313 -0.0906, -0.2992 0.313 -0.0709, -0.2992 0.3146 -0.1028, -0.252 0.3146 -0.1028, -0.2992 0.3193 -0.1142, -0.252 0.3193 -0.1142, -0.2992 0.3268 -0.124, -0.252 0.3268 -0.124, -0.2992 0.3366 -0.1315, -0.252 0.3366 -0.1315, -0.2992 0.348 -0.1362, -0.252 0.348 -0.1362, -0.2992 0.3602 -0.1378, -0.252 0.3602 -0.1378, -0.252 0.3799 -0.1378, -0.2992 0.3799 -0.1378, -0.252 0.3878 -0.1299, -0.2992 0.3878 -0.1299, -0.252 0.3937 -0.1299, -0.2992 0.3937 -0.1299, -0.252 0.3937 -0.1063, -0.2992 0.3937 -0.1063, -0.252 0.3602 -0.1063, -0.2992 0.3602 -0.1063, -0.252 0.3562 -0.1058, -0.2992 0.3562 -0.1058, -0.252 0.3524 -0.1042, -0.2992 0.3524 -0.1042, -0.252 0.3491 -0.1017, -0.2992 0.3491 -0.1017, -0.252 0.3466 -0.0984, -0.2992 0.3466 -0.0984, -0.252 0.345 -0.0946, -0.2992 0.345 -0.0946, -0.252 0.3445 -0.0906, -0.2992 0.3445 -0.0906, -0.252 0.3445 -0.0709, -0.2992 0.3445 -0.0709, -0.252 -0.3445 -0.0906, -0.252 -0.3445 -0.0709, -0.2992 -0.3445 -0.0906, -0.2992 -0.3445 -0.0709, -0.252 -0.345 -0.0946, -0.2992 -0.345 -0.0946, -0.252 -0.3466 -0.0984, -0.2992 -0.3466 -0.0984, -0.252 -0.3491 -0.1017, -0.2992 -0.3491 -0.1017, -0.252 -0.3524 -0.1042, -0.2992 -0.3524 -0.1042, -0.252 -0.3562 -0.1058, -0.2992 -0.3562 -0.1058, -0.252 -0.3602 -0.1063, -0.2992 -0.3602 -0.1063, -0.252 -0.3937 -0.1063, -0.2992 -0.3937 -0.1063, -0.252 -0.3937 -0.1299, -0.2992 -0.3937 -0.1299, -0.252 -0.3878 -0.1299, -0.2992 -0.3878 -0.1299, -0.252 -0.3799 -0.1378, -0.2992 -0.3799 -0.1378, -0.252 -0.3602 -0.1378, -0.2992 -0.3602 -0.1378, -0.2992 -0.348 -0.1362, -0.252 -0.348 -0.1362, -0.2992 -0.3366 -0.1315, -0.252 -0.3366 -0.1315, -0.2992 -0.3268 -0.124, -0.252 -0.3268 -0.124, -0.2992 -0.3193 -0.1142, -0.252 -0.3193 -0.1142, -0.2992 -0.3146 -0.1028, -0.252 -0.3146 -0.1028, -0.2992 -0.313 -0.0906, -0.252 -0.313 -0.0906, -0.252 -0.313 -0.0709, -0.2992 -0.313 -0.0709, -0.1142 0.313 -0.0906, -0.1142 0.313 -0.0709, -0.1614 0.313 -0.0906, -0.1614 0.313 -0.0709, -0.1614 0.3146 -0.1028, -0.1142 0.3146 -0.1028, -0.1614 0.3193 -0.1142, -0.1142 0.3193 -0.1142, -0.1614 0.3268 -0.124, -0.1142 0.3268 -0.124, -0.1614 0.3366 -0.1315, -0.1142 0.3366 -0.1315, -0.1614 0.348 -0.1362, -0.1142 0.348 -0.1362, -0.1614 0.3602 -0.1378, -0.1142 0.3602 -0.1378, -0.1142 0.3799 -0.1378, -0.1614 0.3799 -0.1378, -0.1142 0.3878 -0.1299, -0.1614 0.3878 -0.1299, -0.1142 0.3937 -0.1299, -0.1614 0.3937 -0.1299, -0.1142 0.3937 -0.1063, -0.1614 0.3937 -0.1063, -0.1142 0.3602 -0.1063, -0.1614 0.3602 -0.1063, -0.1142 0.3562 -0.1058, -0.1614 0.3562 -0.1058, -0.1142 0.3524 -0.1042, -0.1614 0.3524 -0.1042, -0.1142 0.3491 -0.1017, -0.1614 0.3491 -0.1017, -0.1142 0.3466 -0.0984, -0.1614 0.3466 -0.0984, -0.1142 0.345 -0.0946, -0.1614 0.345 -0.0946, -0.1142 0.3445 -0.0906, -0.1614 0.3445 -0.0906, -0.1142 0.3445 -0.0709, -0.1614 0.3445 -0.0709, -0.1142 -0.3445 -0.0906, -0.1142 -0.3445 -0.0709, -0.1614 -0.3445 -0.0906, -0.1614 -0.3445 -0.0709, -0.1142 -0.345 -0.0946, -0.1614 -0.345 -0.0946, -0.1142 -0.3466 -0.0984, -0.1614 -0.3466 -0.0984, -0.1142 -0.3491 -0.1017, -0.1614 -0.3491 -0.1017, -0.1142 -0.3524 -0.1042, -0.1614 -0.3524 -0.1042, -0.1142 -0.3562 -0.1058, -0.1614 -0.3562 -0.1058, -0.1142 -0.3602 -0.1063, -0.1614 -0.3602 -0.1063, -0.1142 -0.3937 -0.1063, -0.1614 -0.3937 -0.1063, -0.1142 -0.3937 -0.1299, -0.1614 -0.3937 -0.1299, -0.1142 -0.3878 -0.1299, -0.1614 -0.3878 -0.1299, -0.1142 -0.3799 -0.1378, -0.1614 -0.3799 -0.1378, -0.1142 -0.3602 -0.1378, -0.1614 -0.3602 -0.1378, -0.1614 -0.348 -0.1362, -0.1142 -0.348 -0.1362, -0.1614 -0.3366 -0.1315, -0.1142 -0.3366 -0.1315, -0.1614 -0.3268 -0.124, -0.1142 -0.3268 -0.124, -0.1614 -0.3193 -0.1142, -0.1142 -0.3193 -0.1142, -0.1614 -0.3146 -0.1028, -0.1142 -0.3146 -0.1028, -0.1614 -0.313 -0.0906, -0.1142 -0.313 -0.0906, -0.1142 -0.313 -0.0709, -0.1614 -0.313 -0.0709, 0.0236 0.313 -0.0906, 0.0236 0.313 -0.0709, -0.0236 0.313 -0.0906, -0.0236 0.313 -0.0709, -0.0236 0.3146 -0.1028, 0.0236 0.3146 -0.1028, -0.0236 0.3193 -0.1142, 0.0236 0.3193 -0.1142, -0.0236 0.3268 -0.124, 0.0236 0.3268 -0.124, -0.0236 0.3366 -0.1315, 0.0236 0.3366 -0.1315, -0.0236 0.348 -0.1362, 0.0236 0.348 -0.1362, -0.0236 0.3602 -0.1378, 0.0236 0.3602 -0.1378, 0.0236 0.3799 -0.1378, -0.0236 0.3799 -0.1378, 0.0236 0.3878 -0.1299, -0.0236 0.3878 -0.1299, 0.0236 0.3937 -0.1299, -0.0236 0.3937 -0.1299, 0.0236 0.3937 -0.1063, -0.0236 0.3937 -0.1063, 0.0236 0.3602 -0.1063, -0.0236 0.3602 -0.1063, 0.0236 0.3562 -0.1058, -0.0236 0.3562 -0.1058, 0.0236 0.3524 -0.1042, -0.0236 0.3524 -0.1042, 0.0236 0.3491 -0.1017, -0.0236 0.3491 -0.1017, 0.0236 0.3466 -0.0984, -0.0236 0.3466 -0.0984, 0.0236 0.345 -0.0946, -0.0236 0.345 -0.0946, 0.0236 0.3445 -0.0906, -0.0236 0.3445 -0.0906, 0.0236 0.3445 -0.0709, -0.0236 0.3445 -0.0709, 0.0236 -0.3445 -0.0906, 0.0236 -0.3445 -0.0709, -0.0236 -0.3445 -0.0906, -0.0236 -0.3445 -0.0709, 0.0236 -0.345 -0.0946, -0.0236 -0.345 -0.0946, 0.0236 -0.3466 -0.0984, -0.0236 -0.3466 -0.0984, 0.0236 -0.3491 -0.1017, -0.0236 -0.3491 -0.1017, 0.0236 -0.3524 -0.1042, -0.0236 -0.3524 -0.1042, 0.0236 -0.3562 -0.1058, -0.0236 -0.3562 -0.1058, 0.0236 -0.3602 -0.1063, -0.0236 -0.3602 -0.1063, 0.0236 -0.3937 -0.1063, -0.0236 -0.3937 -0.1063, 0.0236 -0.3937 -0.1299, -0.0236 -0.3937 -0.1299, 0.0236 -0.3878 -0.1299, -0.0236 -0.3878 -0.1299, 0.0236 -0.3799 -0.1378, -0.0236 -0.3799 -0.1378, 0.0236 -0.3602 -0.1378, -0.0236 -0.3602 -0.1378, -0.0236 -0.348 -0.1362, 0.0236 -0.348 -0.1362, -0.0236 -0.3366 -0.1315, 0.0236 -0.3366 -0.1315, -0.0236 -0.3268 -0.124, 0.0236 -0.3268 -0.124, -0.0236 -0.3193 -0.1142, 0.0236 -0.3193 -0.1142, -0.0236 -0.3146 -0.1028, 0.0236 -0.3146 -0.1028, -0.0236 -0.313 -0.0906, 0.0236 -0.313 -0.0906, 0.0236 -0.313 -0.0709, -0.0236 -0.313 -0.0709, 0.1614 0.313 -0.0906, 0.1614 0.313 -0.0709, 0.1142 0.313 -0.0906, 0.1142 0.313 -0.0709, 0.1142 0.3146 -0.1028, 0.1614 0.3146 -0.1028, 0.1142 0.3193 -0.1142, 0.1614 0.3193 -0.1142, 0.1142 0.3268 -0.124, 0.1614 0.3268 -0.124, 0.1142 0.3366 -0.1315, 0.1614 0.3366 -0.1315, 0.1142 0.348 -0.1362, 0.1614 0.348 -0.1362, 0.1142 0.3602 -0.1378, 0.1614 0.3602 -0.1378, 0.1614 0.3799 -0.1378, 0.1142 0.3799 -0.1378, 0.1614 0.3878 -0.1299, 0.1142 0.3878 -0.1299, 0.1614 0.3937 -0.1299, 0.1142 0.3937 -0.1299, 0.1614 0.3937 -0.1063, 0.1142 0.3937 -0.1063, 0.1614 0.3602 -0.1063, 0.1142 0.3602 -0.1063, 0.1614 0.3562 -0.1058, 0.1142 0.3562 -0.1058, 0.1614 0.3524 -0.1042, 0.1142 0.3524 -0.1042, 0.1614 0.3491 -0.1017, 0.1142 0.3491 -0.1017, 0.1614 0.3466 -0.0984, 0.1142 0.3466 -0.0984, 0.1614 0.345 -0.0946, 0.1142 0.345 -0.0946, 0.1614 0.3445 -0.0906, 0.1142 0.3445 -0.0906, 0.1614 0.3445 -0.0709, 0.1142 0.3445 -0.0709, 0.1614 -0.3445 -0.0906, 0.1614 -0.3445 -0.0709, 0.1142 -0.3445 -0.0906, 0.1142 -0.3445 -0.0709, 0.1614 -0.345 -0.0946, 0.1142 -0.345 -0.0946, 0.1614 -0.3466 -0.0984, 0.1142 -0.3466 -0.0984, 0.1614 -0.3491 -0.1017, 0.1142 -0.3491 -0.1017, 0.1614 -0.3524 -0.1042, 0.1142 -0.3524 -0.1042, 0.1614 -0.3562 -0.1058, 0.1142 -0.3562 -0.1058, 0.1614 -0.3602 -0.1063, 0.1142 -0.3602 -0.1063, 0.1614 -0.3937 -0.1063, 0.1142 -0.3937 -0.1063, 0.1614 -0.3937 -0.1299, 0.1142 -0.3937 -0.1299, 0.1614 -0.3878 -0.1299, 0.1142 -0.3878 -0.1299, 0.1614 -0.3799 -0.1378, 0.1142 -0.3799 -0.1378, 0.1614 -0.3602 -0.1378, 0.1142 -0.3602 -0.1378, 0.1142 -0.348 -0.1362, 0.1614 -0.348 -0.1362, 0.1142 -0.3366 -0.1315, 0.1614 -0.3366 -0.1315, 0.1142 -0.3268 -0.124, 0.1614 -0.3268 -0.124, 0.1142 -0.3193 -0.1142, 0.1614 -0.3193 -0.1142, 0.1142 -0.3146 -0.1028, 0.1614 -0.3146 -0.1028, 0.1142 -0.313 -0.0906, 0.1614 -0.313 -0.0906, 0.1614 -0.313 -0.0709, 0.1142 -0.313 -0.0709, 0.2992 0.313 -0.0906, 0.2992 0.313 -0.0709, 0.252 0.313 -0.0906, 0.252 0.313 -0.0709, 0.252 0.3146 -0.1028, 0.2992 0.3146 -0.1028, 0.252 0.3193 -0.1142, 0.2992 0.3193 -0.1142, 0.252 0.3268 -0.124, 0.2992 0.3268 -0.124, 0.252 0.3366 -0.1315, 0.2992 0.3366 -0.1315, 0.252 0.348 -0.1362, 0.2992 0.348 -0.1362, 0.252 0.3602 -0.1378, 0.2992 0.3602 -0.1378, 0.2992 0.3799 -0.1378, 0.252 0.3799 -0.1378, 0.2992 0.3878 -0.1299, 0.252 0.3878 -0.1299, 0.2992 0.3937 -0.1299, 0.252 0.3937 -0.1299, 0.2992 0.3937 -0.1063, 0.252 0.3937 -0.1063, 0.2992 0.3602 -0.1063, 0.252 0.3602 -0.1063, 0.2992 0.3562 -0.1058, 0.252 0.3562 -0.1058, 0.2992 0.3524 -0.1042, 0.252 0.3524 -0.1042, 0.2992 0.3491 -0.1017, 0.252 0.3491 -0.1017, 0.2992 0.3466 -0.0984, 0.252 0.3466 -0.0984, 0.2992 0.345 -0.0946, 0.252 0.345 -0.0946, 0.2992 0.3445 -0.0906, 0.252 0.3445 -0.0906, 0.2992 0.3445 -0.0709, 0.252 0.3445 -0.0709, 0.2992 -0.3445 -0.0906, 0.2992 -0.3445 -0.0709, 0.252 -0.3445 -0.0906, 0.252 -0.3445 -0.0709, 0.2992 -0.345 -0.0946, 0.252 -0.345 -0.0946, 0.2992 -0.3466 -0.0984, 0.252 -0.3466 -0.0984, 0.2992 -0.3491 -0.1017, 0.252 -0.3491 -0.1017, 0.2992 -0.3524 -0.1042, 0.252 -0.3524 -0.1042, 0.2992 -0.3562 -0.1058, 0.252 -0.3562 -0.1058, 0.2992 -0.3602 -0.1063, 0.252 -0.3602 -0.1063, 0.2992 -0.3937 -0.1063, 0.252 -0.3937 -0.1063, 0.2992 -0.3937 -0.1299, 0.252 -0.3937 -0.1299, 0.2992 -0.3878 -0.1299, 0.252 -0.3878 -0.1299, 0.2992 -0.3799 -0.1378, 0.252 -0.3799 -0.1378, 0.2992 -0.3602 -0.1378, 0.252 -0.3602 -0.1378, 0.252 -0.348 -0.1362, 0.2992 -0.348 -0.1362, 0.252 -0.3366 -0.1315, 0.2992 -0.3366 -0.1315, 0.252 -0.3268 -0.124, 0.2992 -0.3268 -0.124, 0.252 -0.3193 -0.1142, 0.2992 -0.3193 -0.1142, 0.252 -0.3146 -0.1028, 0.2992 -0.3146 -0.1028, 0.252 -0.313 -0.0906, 0.2992 -0.313 -0.0906, 0.2992 -0.313 -0.0709, 0.252 -0.313 -0.0709, 0.437 0.313 -0.0906, 0.437 0.313 -0.0709, 0.3898 0.313 -0.0906, 0.3898 0.313 -0.0709, 0.3898 0.3146 -0.1028, 0.437 0.3146 -0.1028, 0.3898 0.3193 -0.1142, 0.437 0.3193 -0.1142, 0.3898 0.3268 -0.124, 0.437 0.3268 -0.124, 0.3898 0.3366 -0.1315, 0.437 0.3366 -0.1315, 0.3898 0.348 -0.1362, 0.437 0.348 -0.1362, 0.3898 0.3602 -0.1378, 0.437 0.3602 -0.1378, 0.437 0.3799 -0.1378, 0.3898 0.3799 -0.1378, 0.437 0.3878 -0.1299, 0.3898 0.3878 -0.1299, 0.437 0.3937 -0.1299, 0.3898 0.3937 -0.1299, 0.437 0.3937 -0.1063, 0.3898 0.3937 -0.1063, 0.437 0.3602 -0.1063, 0.3898 0.3602 -0.1063, 0.437 0.3562 -0.1058, 0.3898 0.3562 -0.1058, 0.437 0.3524 -0.1042, 0.3898 0.3524 -0.1042, 0.437 0.3491 -0.1017, 0.3898 0.3491 -0.1017, 0.437 0.3466 -0.0984, 0.3898 0.3466 -0.0984, 0.437 0.345 -0.0946, 0.3898 0.345 -0.0946, 0.437 0.3445 -0.0906, 0.3898 0.3445 -0.0906, 0.437 0.3445 -0.0709, 0.3898 0.3445 -0.0709, 0.437 -0.3445 -0.0906, 0.437 -0.3445 -0.0709, 0.3898 -0.3445 -0.0906, 0.3898 -0.3445 -0.0709, 0.437 -0.345 -0.0946, 0.3898 -0.345 -0.0946, 0.437 -0.3466 -0.0984, 0.3898 -0.3466 -0.0984, 0.437 -0.3491 -0.1017, 0.3898 -0.3491 -0.1017, 0.437 -0.3524 -0.1042, 0.3898 -0.3524 -0.1042, 0.437 -0.3562 -0.1058, 0.3898 -0.3562 -0.1058, 0.437 -0.3602 -0.1063, 0.3898 -0.3602 -0.1063, 0.437 -0.3937 -0.1063, 0.3898 -0.3937 -0.1063, 0.437 -0.3937 -0.1299, 0.3898 -0.3937 -0.1299, 0.437 -0.3878 -0.1299, 0.3898 -0.3878 -0.1299, 0.437 -0.3799 -0.1378, 0.3898 -0.3799 -0.1378, 0.437 -0.3602 -0.1378, 0.3898 -0.3602 -0.1378, 0.3898 -0.348 -0.1362, 0.437 -0.348 -0.1362, 0.3898 -0.3366 -0.1315, 0.437 -0.3366 -0.1315, 0.3898 -0.3268 -0.124, 0.437 -0.3268 -0.124, 0.3898 -0.3193 -0.1142, 0.437 -0.3193 -0.1142, 0.3898 -0.3146 -0.1028, 0.437 -0.3146 -0.1028, 0.3898 -0.313 -0.0906, 0.437 -0.313 -0.0906, 0.437 -0.313 -0.0709, 0.3898 -0.313 -0.0709, 0.5748 0.313 -0.0906, 0.5748 0.313 -0.0709, 0.5276 0.313 -0.0906, 0.5276 0.313 -0.0709, 0.5276 0.3146 -0.1028, 0.5748 0.3146 -0.1028, 0.5276 0.3193 -0.1142, 0.5748 0.3193 -0.1142, 0.5276 0.3268 -0.124, 0.5748 0.3268 -0.124, 0.5276 0.3366 -0.1315, 0.5748 0.3366 -0.1315, 0.5276 0.348 -0.1362, 0.5748 0.348 -0.1362, 0.5276 0.3602 -0.1378, 0.5748 0.3602 -0.1378, 0.5748 0.3799 -0.1378, 0.5276 0.3799 -0.1378, 0.5748 0.3878 -0.1299, 0.5276 0.3878 -0.1299, 0.5748 0.3937 -0.1299, 0.5276 0.3937 -0.1299, 0.5748 0.3937 -0.1063, 0.5276 0.3937 -0.1063, 0.5748 0.3602 -0.1063, 0.5276 0.3602 -0.1063, 0.5748 0.3562 -0.1058, 0.5276 0.3562 -0.1058, 0.5748 0.3524 -0.1042, 0.5276 0.3524 -0.1042, 0.5748 0.3491 -0.1017, 0.5276 0.3491 -0.1017, 0.5748 0.3466 -0.0984, 0.5276 0.3466 -0.0984, 0.5748 0.345 -0.0946, 0.5276 0.345 -0.0946, 0.5748 0.3445 -0.0906, 0.5276 0.3445 -0.0906, 0.5748 0.3445 -0.0709, 0.5276 0.3445 -0.0709, 0.5748 -0.3445 -0.0906, 0.5748 -0.3445 -0.0709, 0.5276 -0.3445 -0.0906, 0.5276 -0.3445 -0.0709, 0.5748 -0.345 -0.0946, 0.5276 -0.345 -0.0946, 0.5748 -0.3466 -0.0984, 0.5276 -0.3466 -0.0984, 0.5748 -0.3491 -0.1017, 0.5276 -0.3491 -0.1017, 0.5748 -0.3524 -0.1042, 0.5276 -0.3524 -0.1042, 0.5748 -0.3562 -0.1058, 0.5276 -0.3562 -0.1058, 0.5748 -0.3602 -0.1063, 0.5276 -0.3602 -0.1063, 0.5748 -0.3937 -0.1063, 0.5276 -0.3937 -0.1063, 0.5748 -0.3937 -0.1299, 0.5276 -0.3937 -0.1299, 0.5748 -0.3878 -0.1299, 0.5276 -0.3878 -0.1299, 0.5748 -0.3799 -0.1378, 0.5276 -0.3799 -0.1378, 0.5748 -0.3602 -0.1378, 0.5276 -0.3602 -0.1378, 0.5276 -0.348 -0.1362, 0.5748 -0.348 -0.1362, 0.5276 -0.3366 -0.1315, 0.5748 -0.3366 -0.1315, 0.5276 -0.3268 -0.124, 0.5748 -0.3268 -0.124, 0.5276 -0.3193 -0.1142, 0.5748 -0.3193 -0.1142, 0.5276 -0.3146 -0.1028, 0.5748 -0.3146 -0.1028, 0.5276 -0.313 -0.0906, 0.5748 -0.313 -0.0906, 0.5748 -0.313 -0.0709, 0.5276 -0.313 -0.0709, 0.7126 0.313 -0.0906, 0.7126 0.313 -0.0709, 0.6654 0.313 -0.0906, 0.6654 0.313 -0.0709, 0.6654 0.3146 -0.1028, 0.7126 0.3146 -0.1028, 0.6654 0.3193 -0.1142, 0.7126 0.3193 -0.1142, 0.6654 0.3268 -0.124, 0.7126 0.3268 -0.124, 0.6654 0.3366 -0.1315, 0.7126 0.3366 -0.1315, 0.6654 0.348 -0.1362, 0.7126 0.348 -0.1362, 0.6654 0.3602 -0.1378, 0.7126 0.3602 -0.1378, 0.7126 0.3799 -0.1378, 0.6654 0.3799 -0.1378, 0.7126 0.3878 -0.1299, 0.6654 0.3878 -0.1299, 0.7126 0.3937 -0.1299, 0.6654 0.3937 -0.1299, 0.7126 0.3937 -0.1063, 0.6654 0.3937 -0.1063, 0.7126 0.3602 -0.1063, 0.6654 0.3602 -0.1063, 0.7126 0.3562 -0.1058, 0.6654 0.3562 -0.1058, 0.7126 0.3524 -0.1042, 0.6654 0.3524 -0.1042, 0.7126 0.3491 -0.1017, 0.6654 0.3491 -0.1017, 0.7126 0.3466 -0.0984, 0.6654 0.3466 -0.0984, 0.7126 0.345 -0.0946, 0.6654 0.345 -0.0946, 0.7126 0.3445 -0.0906, 0.6654 0.3445 -0.0906, 0.7126 0.3445 -0.0709, 0.6654 0.3445 -0.0709, 0.7126 -0.3445 -0.0906, 0.7126 -0.3445 -0.0709, 0.6654 -0.3445 -0.0906, 0.6654 -0.3445 -0.0709, 0.7126 -0.345 -0.0946, 0.6654 -0.345 -0.0946, 0.7126 -0.3466 -0.0984, 0.6654 -0.3466 -0.0984, 0.7126 -0.3491 -0.1017, 0.6654 -0.3491 -0.1017, 0.7126 -0.3524 -0.1042, 0.6654 -0.3524 -0.1042, 0.7126 -0.3562 -0.1058, 0.6654 -0.3562 -0.1058, 0.7126 -0.3602 -0.1063, 0.6654 -0.3602 -0.1063, 0.7126 -0.3937 -0.1063, 0.6654 -0.3937 -0.1063, 0.7126 -0.3937 -0.1299, 0.6654 -0.3937 -0.1299, 0.7126 -0.3878 -0.1299, 0.6654 -0.3878 -0.1299, 0.7126 -0.3799 -0.1378, 0.6654 -0.3799 -0.1378, 0.7126 -0.3602 -0.1378, 0.6654 -0.3602 -0.1378, 0.6654 -0.348 -0.1362, 0.7126 -0.348 -0.1362, 0.6654 -0.3366 -0.1315, 0.7126 -0.3366 -0.1315, 0.6654 -0.3268 -0.124, 0.7126 -0.3268 -0.124, 0.6654 -0.3193 -0.1142, 0.7126 -0.3193 -0.1142, 0.6654 -0.3146 -0.1028, 0.7126 -0.3146 -0.1028, 0.6654 -0.313 -0.0906, 0.7126 -0.313 -0.0906, 0.7126 -0.313 -0.0709, 0.6654 -0.313 -0.0709, 0.8504 0.313 -0.0906, 0.8504 0.313 -0.0709, 0.8031 0.313 -0.0906, 0.8031 0.313 -0.0709, 0.8031 0.3146 -0.1028, 0.8504 0.3146 -0.1028, 0.8031 0.3193 -0.1142, 0.8504 0.3193 -0.1142, 0.8031 0.3268 -0.124, 0.8504 0.3268 -0.124, 0.8031 0.3366 -0.1315, 0.8504 0.3366 -0.1315, 0.8031 0.348 -0.1362, 0.8504 0.348 -0.1362, 0.8031 0.3602 -0.1378, 0.8504 0.3602 -0.1378, 0.8504 0.3799 -0.1378, 0.8031 0.3799 -0.1378, 0.8504 0.3878 -0.1299, 0.8031 0.3878 -0.1299, 0.8504 0.3937 -0.1299, 0.8031 0.3937 -0.1299, 0.8504 0.3937 -0.1063, 0.8031 0.3937 -0.1063, 0.8504 0.3602 -0.1063, 0.8031 0.3602 -0.1063, 0.8504 0.3562 -0.1058, 0.8031 0.3562 -0.1058, 0.8504 0.3524 -0.1042, 0.8031 0.3524 -0.1042, 0.8504 0.3491 -0.1017, 0.8031 0.3491 -0.1017, 0.8504 0.3466 -0.0984, 0.8031 0.3466 -0.0984, 0.8504 0.345 -0.0946, 0.8031 0.345 -0.0946, 0.8504 0.3445 -0.0906, 0.8031 0.3445 -0.0906, 0.8504 0.3445 -0.0709, 0.8031 0.3445 -0.0709, 0.8504 -0.3445 -0.0906, 0.8504 -0.3445 -0.0709, 0.8031 -0.3445 -0.0906, 0.8031 -0.3445 -0.0709, 0.8504 -0.345 -0.0946, 0.8031 -0.345 -0.0946, 0.8504 -0.3466 -0.0984, 0.8031 -0.3466 -0.0984, 0.8504 -0.3491 -0.1017, 0.8031 -0.3491 -0.1017, 0.8504 -0.3524 -0.1042, 0.8031 -0.3524 -0.1042, 0.8504 -0.3562 -0.1058, 0.8031 -0.3562 -0.1058, 0.8504 -0.3602 -0.1063, 0.8031 -0.3602 -0.1063, 0.8504 -0.3937 -0.1063, 0.8031 -0.3937 -0.1063, 0.8504 -0.3937 -0.1299, 0.8031 -0.3937 -0.1299, 0.8504 -0.3878 -0.1299, 0.8031 -0.3878 -0.1299, 0.8504 -0.3799 -0.1378, 0.8031 -0.3799 -0.1378, 0.8504 -0.3602 -0.1378, 0.8031 -0.3602 -0.1378, 0.8031 -0.348 -0.1362, 0.8504 -0.348 -0.1362, 0.8031 -0.3366 -0.1315, 0.8504 -0.3366 -0.1315, 0.8031 -0.3268 -0.124, 0.8504 -0.3268 -0.124, 0.8031 -0.3193 -0.1142, 0.8504 -0.3193 -0.1142, 0.8031 -0.3146 -0.1028, 0.8504 -0.3146 -0.1028, 0.8031 -0.313 -0.0906, 0.8504 -0.313 -0.0906, 0.8504 -0.313 -0.0709, 0.8031 -0.313 -0.0709, 0.9882 0.313 -0.0906, 0.9882 0.313 -0.0709, 0.9409 0.313 -0.0906, 0.9409 0.313 -0.0709, 0.9409 0.3146 -0.1028, 0.9882 0.3146 -0.1028, 0.9409 0.3193 -0.1142, 0.9882 0.3193 -0.1142, 0.9409 0.3268 -0.124, 0.9882 0.3268 -0.124, 0.9409 0.3366 -0.1315, 0.9882 0.3366 -0.1315, 0.9409 0.348 -0.1362, 0.9882 0.348 -0.1362, 0.9409 0.3602 -0.1378, 0.9882 0.3602 -0.1378, 0.9882 0.3799 -0.1378, 0.9409 0.3799 -0.1378, 0.9882 0.3878 -0.1299, 0.9409 0.3878 -0.1299, 0.9882 0.3937 -0.1299, 0.9409 0.3937 -0.1299, 0.9882 0.3937 -0.1063, 0.9409 0.3937 -0.1063, 0.9882 0.3602 -0.1063, 0.9409 0.3602 -0.1063, 0.9882 0.3562 -0.1058, 0.9409 0.3562 -0.1058, 0.9882 0.3524 -0.1042, 0.9409 0.3524 -0.1042, 0.9882 0.3491 -0.1017, 0.9409 0.3491 -0.1017, 0.9882 0.3466 -0.0984, 0.9409 0.3466 -0.0984, 0.9882 0.345 -0.0946, 0.9409 0.345 -0.0946, 0.9882 0.3445 -0.0906, 0.9409 0.3445 -0.0906, 0.9882 0.3445 -0.0709, 0.9409 0.3445 -0.0709, 0.9882 -0.3445 -0.0906, 0.9882 -0.3445 -0.0709, 0.9409 -0.3445 -0.0906, 0.9409 -0.3445 -0.0709, 0.9882 -0.345 -0.0946, 0.9409 -0.345 -0.0946, 0.9882 -0.3466 -0.0984, 0.9409 -0.3466 -0.0984, 0.9882 -0.3491 -0.1017, 0.9409 -0.3491 -0.1017, 0.9882 -0.3524 -0.1042, 0.9409 -0.3524 -0.1042, 0.9882 -0.3562 -0.1058, 0.9409 -0.3562 -0.1058, 0.9882 -0.3602 -0.1063, 0.9409 -0.3602 -0.1063, 0.9882 -0.3937 -0.1063, 0.9409 -0.3937 -0.1063, 0.9882 -0.3937 -0.1299, 0.9409 -0.3937 -0.1299, 0.9882 -0.3878 -0.1299, 0.9409 -0.3878 -0.1299, 0.9882 -0.3799 -0.1378, 0.9409 -0.3799 -0.1378, 0.9882 -0.3602 -0.1378, 0.9409 -0.3602 -0.1378, 0.9409 -0.348 -0.1362, 0.9882 -0.348 -0.1362, 0.9409 -0.3366 -0.1315, 0.9882 -0.3366 -0.1315, 0.9409 -0.3268 -0.124, 0.9882 -0.3268 -0.124, 0.9409 -0.3193 -0.1142, 0.9882 -0.3193 -0.1142, 0.9409 -0.3146 -0.1028, 0.9882 -0.3146 -0.1028, 0.9409 -0.313 -0.0906, 0.9882 -0.313 -0.0906, 0.9882 -0.313 -0.0709, 0.9409 -0.313 -0.0709, 1.126 0.313 -0.0906, 1.126 0.313 -0.0709, 1.0787 0.313 -0.0906, 1.0787 0.313 -0.0709, 1.0787 0.3146 -0.1028, 1.126 0.3146 -0.1028, 1.0787 0.3193 -0.1142, 1.126 0.3193 -0.1142, 1.0787 0.3268 -0.124, 1.126 0.3268 -0.124, 1.0787 0.3366 -0.1315, 1.126 0.3366 -0.1315, 1.0787 0.348 -0.1362, 1.126 0.348 -0.1362, 1.0787 0.3602 -0.1378, 1.126 0.3602 -0.1378, 1.126 0.3799 -0.1378, 1.0787 0.3799 -0.1378, 1.126 0.3878 -0.1299, 1.0787 0.3878 -0.1299, 1.126 0.3937 -0.1299, 1.0787 0.3937 -0.1299, 1.126 0.3937 -0.1063, 1.0787 0.3937 -0.1063, 1.126 0.3602 -0.1063, 1.0787 0.3602 -0.1063, 1.126 0.3562 -0.1058, 1.0787 0.3562 -0.1058, 1.126 0.3524 -0.1042, 1.0787 0.3524 -0.1042, 1.126 0.3491 -0.1017, 1.0787 0.3491 -0.1017, 1.126 0.3466 -0.0984, 1.0787 0.3466 -0.0984, 1.126 0.345 -0.0946, 1.0787 0.345 -0.0946, 1.126 0.3445 -0.0906, 1.0787 0.3445 -0.0906, 1.126 0.3445 -0.0709, 1.0787 0.3445 -0.0709, 1.126 -0.3445 -0.0906, 1.126 -0.3445 -0.0709, 1.0787 -0.3445 -0.0906, 1.0787 -0.3445 -0.0709, 1.126 -0.345 -0.0946, 1.0787 -0.345 -0.0946, 1.126 -0.3466 -0.0984, 1.0787 -0.3466 -0.0984, 1.126 -0.3491 -0.1017, 1.0787 -0.3491 -0.1017, 1.126 -0.3524 -0.1042, 1.0787 -0.3524 -0.1042, 1.126 -0.3562 -0.1058, 1.0787 -0.3562 -0.1058, 1.126 -0.3602 -0.1063, 1.0787 -0.3602 -0.1063, 1.126 -0.3937 -0.1063, 1.0787 -0.3937 -0.1063, 1.126 -0.3937 -0.1299, 1.0787 -0.3937 -0.1299, 1.126 -0.3878 -0.1299, 1.0787 -0.3878 -0.1299, 1.126 -0.3799 -0.1378, 1.0787 -0.3799 -0.1378, 1.126 -0.3602 -0.1378, 1.0787 -0.3602 -0.1378, 1.0787 -0.348 -0.1362, 1.126 -0.348 -0.1362, 1.0787 -0.3366 -0.1315, 1.126 -0.3366 -0.1315, 1.0787 -0.3268 -0.124, 1.126 -0.3268 -0.124, 1.0787 -0.3193 -0.1142, 1.126 -0.3193 -0.1142, 1.0787 -0.3146 -0.1028, 1.126 -0.3146 -0.1028, 1.0787 -0.313 -0.0906, 1.126 -0.313 -0.0906, 1.126 -0.313 -0.0709, 1.0787 -0.313 -0.0709, -1.0709 0.1594 0.0555, -1.1339 0.1594 0.0555, -1.1339 0.1612 0.0637, -1.0709 0.1612 0.0637, -1.1339 0.161 0.0722, -1.0709 0.161 0.0722, -1.1339 0.1587 0.0803, -1.0709 0.1587 0.0803, -1.1339 0.1546 0.0877, -1.0709 0.1546 0.0877, -1.1339 0.1489 0.0939, -1.0709 0.1489 0.0939, -1.1339 0.1418 0.0986, -1.0709 0.1418 0.0986, -1.1339 0.1339 0.1015, -1.0709 0.1339 0.1015, -1.0709 0.1339 -0.0195, -1.1339 0.1339 -0.0195, -1.0709 0.248 0.0896, -1.1339 0.248 0.0896, -1.1339 0.2437 0.0809, -1.0709 0.2437 0.0809, -1.1339 0.2411 0.0716, -1.0709 0.2411 0.0716, -1.1339 0.2402 0.062, -1.0709 0.2402 0.062, -1.0709 0.2402 0.0492, -1.1339 0.2402 0.0492, -1.0709 0.248 0.0413, -1.1339 0.248 0.0413, -1.0709 -0.1339 0.1015, -1.1339 -0.1339 0.1015, -1.1339 -0.1418 0.0986, -1.0709 -0.1418 0.0986, -1.1339 -0.1489 0.0939, -1.0709 -0.1489 0.0939, -1.1339 -0.1546 0.0877, -1.0709 -0.1546 0.0877, -1.1339 -0.1587 0.0803, -1.0709 -0.1587 0.0803, -1.1339 -0.161 0.0722, -1.0709 -0.161 0.0722, -1.1339 -0.1612 0.0637, -1.0709 -0.1612 0.0637, -1.1339 -0.1594 0.0555, -1.0709 -0.1594 0.0555, -1.0709 -0.1339 -0.0195, -1.1339 -0.1339 -0.0195, -1.0709 -0.2402 0.062, -1.1339 -0.2402 0.062, -1.1339 -0.2411 0.0716, -1.0709 -0.2411 0.0716, -1.1339 -0.2437 0.0809, -1.0709 -0.2437 0.0809, -1.1339 -0.248 0.0896, -1.0709 -0.248 0.0896, -1.0709 -0.2402 0.0492, -1.0709 -0.248 0.0413, -1.1339 -0.2402 0.0492, -1.1339 -0.248 0.0413, -0.9331 0.1594 0.0555, -0.9961 0.1594 0.0555, -0.9961 0.1612 0.0637, -0.9331 0.1612 0.0637, -0.9961 0.161 0.0722, -0.9331 0.161 0.0722, -0.9961 0.1587 0.0803, -0.9331 0.1587 0.0803, -0.9961 0.1546 0.0877, -0.9331 0.1546 0.0877, -0.9961 0.1489 0.0939, -0.9331 0.1489 0.0939, -0.9961 0.1418 0.0986, -0.9331 0.1418 0.0986, -0.9961 0.1339 0.1015, -0.9331 0.1339 0.1015, -0.9331 0.1339 -0.0195, -0.9961 0.1339 -0.0195, -0.9331 0.248 0.0896, -0.9961 0.248 0.0896, -0.9961 0.2437 0.0809, -0.9331 0.2437 0.0809, -0.9961 0.2411 0.0716, -0.9331 0.2411 0.0716, -0.9961 0.2402 0.062, -0.9331 0.2402 0.062, -0.9331 0.2402 0.0492, -0.9961 0.2402 0.0492, -0.9331 0.248 0.0413, -0.9961 0.248 0.0413, -0.9331 0.248 0.0781, -0.9961 0.248 0.0781, -0.9331 -0.1339 0.1015, -0.9961 -0.1339 0.1015, -0.9961 -0.1418 0.0986, -0.9331 -0.1418 0.0986, -0.9961 -0.1489 0.0939, -0.9331 -0.1489 0.0939, -0.9961 -0.1546 0.0877, -0.9331 -0.1546 0.0877, -0.9961 -0.1587 0.0803, -0.9331 -0.1587 0.0803, -0.9961 -0.161 0.0722, -0.9331 -0.161 0.0722, -0.9961 -0.1612 0.0637, -0.9331 -0.1612 0.0637, -0.9961 -0.1594 0.0555, -0.9331 -0.1594 0.0555, -0.9331 -0.1339 -0.0195, -0.9961 -0.1339 -0.0195, -0.9331 -0.2402 0.062, -0.9961 -0.2402 0.062, -0.9961 -0.2411 0.0716, -0.9331 -0.2411 0.0716, -0.9961 -0.2437 0.0809, -0.9331 -0.2437 0.0809, -0.9961 -0.248 0.0896, -0.9331 -0.248 0.0896, -0.9331 -0.2402 0.0492, -0.9331 -0.248 0.0413, -0.9961 -0.2402 0.0492, -0.9961 -0.248 0.0413, -0.7953 0.1594 0.0555, -0.8583 0.1594 0.0555, -0.8583 0.1612 0.0637, -0.7953 0.1612 0.0637, -0.8583 0.161 0.0722, -0.7953 0.161 0.0722, -0.8583 0.1587 0.0803, -0.7953 0.1587 0.0803, -0.8583 0.1546 0.0877, -0.7953 0.1546 0.0877, -0.8583 0.1489 0.0939, -0.7953 0.1489 0.0939, -0.8583 0.1418 0.0986, -0.7953 0.1418 0.0986, -0.8583 0.1339 0.1015, -0.7953 0.1339 0.1015, -0.7953 0.1339 -0.0195, -0.8583 0.1339 -0.0195, -0.7953 0.248 0.0896, -0.8583 0.248 0.0896, -0.8583 0.2437 0.0809, -0.7953 0.2437 0.0809, -0.8583 0.2411 0.0716, -0.7953 0.2411 0.0716, -0.8583 0.2402 0.062, -0.7953 0.2402 0.062, -0.7953 0.2402 0.0492, -0.8583 0.2402 0.0492, -0.7953 0.248 0.0413, -0.8583 0.248 0.0413, -0.7953 0.248 0.0781, -0.8583 0.248 0.0781, -0.7953 -0.1339 0.1015, -0.8583 -0.1339 0.1015, -0.8583 -0.1418 0.0986, -0.7953 -0.1418 0.0986, -0.8583 -0.1489 0.0939, -0.7953 -0.1489 0.0939, -0.8583 -0.1546 0.0877, -0.7953 -0.1546 0.0877, -0.8583 -0.1587 0.0803, -0.7953 -0.1587 0.0803, -0.8583 -0.161 0.0722, -0.7953 -0.161 0.0722, -0.8583 -0.1612 0.0637, -0.7953 -0.1612 0.0637, -0.8583 -0.1594 0.0555, -0.7953 -0.1594 0.0555, -0.7953 -0.1339 -0.0195, -0.8583 -0.1339 -0.0195, -0.7953 -0.2402 0.062, -0.8583 -0.2402 0.062, -0.8583 -0.2411 0.0716, -0.7953 -0.2411 0.0716, -0.8583 -0.2437 0.0809, -0.7953 -0.2437 0.0809, -0.8583 -0.248 0.0896, -0.7953 -0.248 0.0896, -0.7953 -0.2402 0.0492, -0.7953 -0.248 0.0413, -0.8583 -0.2402 0.0492, -0.8583 -0.248 0.0413, -0.6575 0.1594 0.0555, -0.7205 0.1594 0.0555, -0.7205 0.1612 0.0637, -0.6575 0.1612 0.0637, -0.7205 0.161 0.0722, -0.6575 0.161 0.0722, -0.7205 0.1587 0.0803, -0.6575 0.1587 0.0803, -0.7205 0.1546 0.0877, -0.6575 0.1546 0.0877, -0.7205 0.1489 0.0939, -0.6575 0.1489 0.0939, -0.7205 0.1418 0.0986, -0.6575 0.1418 0.0986, -0.7205 0.1339 0.1015, -0.6575 0.1339 0.1015, -0.6575 0.1339 -0.0195, -0.7205 0.1339 -0.0195, -0.6575 0.248 0.0896, -0.7205 0.248 0.0896, -0.7205 0.2437 0.0809, -0.6575 0.2437 0.0809, -0.7205 0.2411 0.0716, -0.6575 0.2411 0.0716, -0.7205 0.2402 0.062, -0.6575 0.2402 0.062, -0.6575 0.2402 0.0492, -0.7205 0.2402 0.0492, -0.6575 0.248 0.0413, -0.7205 0.248 0.0413, -0.6575 0.248 0.0781, -0.7205 0.248 0.0781, -0.6575 -0.1339 0.1015, -0.7205 -0.1339 0.1015, -0.7205 -0.1418 0.0986, -0.6575 -0.1418 0.0986, -0.7205 -0.1489 0.0939, -0.6575 -0.1489 0.0939, -0.7205 -0.1546 0.0877, -0.6575 -0.1546 0.0877, -0.7205 -0.1587 0.0803, -0.6575 -0.1587 0.0803, -0.7205 -0.161 0.0722, -0.6575 -0.161 0.0722, -0.7205 -0.1612 0.0637, -0.6575 -0.1612 0.0637, -0.7205 -0.1594 0.0555, -0.6575 -0.1594 0.0555, -0.6575 -0.1339 -0.0195, -0.7205 -0.1339 -0.0195, -0.6575 -0.2402 0.062, -0.7205 -0.2402 0.062, -0.7205 -0.2411 0.0716, -0.6575 -0.2411 0.0716, -0.7205 -0.2437 0.0809, -0.6575 -0.2437 0.0809, -0.7205 -0.248 0.0896, -0.6575 -0.248 0.0896, -0.6575 -0.2402 0.0492, -0.6575 -0.248 0.0413, -0.7205 -0.2402 0.0492, -0.7205 -0.248 0.0413, -0.5197 0.1594 0.0555, -0.5827 0.1594 0.0555, -0.5827 0.1612 0.0637, -0.5197 0.1612 0.0637, -0.5827 0.161 0.0722, -0.5197 0.161 0.0722, -0.5827 0.1587 0.0803, -0.5197 0.1587 0.0803, -0.5827 0.1546 0.0877, -0.5197 0.1546 0.0877, -0.5827 0.1489 0.0939, -0.5197 0.1489 0.0939, -0.5827 0.1418 0.0986, -0.5197 0.1418 0.0986, -0.5827 0.1339 0.1015, -0.5197 0.1339 0.1015, -0.5197 0.1339 -0.0195, -0.5827 0.1339 -0.0195, -0.5197 0.248 0.0896, -0.5827 0.248 0.0896, -0.5827 0.2437 0.0809, -0.5197 0.2437 0.0809, -0.5827 0.2411 0.0716, -0.5197 0.2411 0.0716, -0.5827 0.2402 0.062, -0.5197 0.2402 0.062, -0.5197 0.2402 0.0492, -0.5827 0.2402 0.0492, -0.5197 0.248 0.0413, -0.5827 0.248 0.0413, -0.5197 0.248 0.0781, -0.5827 0.248 0.0781, -0.5197 -0.1339 0.1015, -0.5827 -0.1339 0.1015, -0.5827 -0.1418 0.0986, -0.5197 -0.1418 0.0986, -0.5827 -0.1489 0.0939, -0.5197 -0.1489 0.0939, -0.5827 -0.1546 0.0877, -0.5197 -0.1546 0.0877, -0.5827 -0.1587 0.0803, -0.5197 -0.1587 0.0803, -0.5827 -0.161 0.0722, -0.5197 -0.161 0.0722, -0.5827 -0.1612 0.0637, -0.5197 -0.1612 0.0637, -0.5827 -0.1594 0.0555, -0.5197 -0.1594 0.0555, -0.5197 -0.1339 -0.0195, -0.5827 -0.1339 -0.0195, -0.5197 -0.2402 0.062, -0.5827 -0.2402 0.062, -0.5827 -0.2411 0.0716, -0.5197 -0.2411 0.0716, -0.5827 -0.2437 0.0809, -0.5197 -0.2437 0.0809, -0.5827 -0.248 0.0896, -0.5197 -0.248 0.0896, -0.5197 -0.2402 0.0492, -0.5197 -0.248 0.0413, -0.5827 -0.2402 0.0492, -0.5827 -0.248 0.0413, -0.3819 0.1594 0.0555, -0.4449 0.1594 0.0555, -0.4449 0.1612 0.0637, -0.3819 0.1612 0.0637, -0.4449 0.161 0.0722, -0.3819 0.161 0.0722, -0.4449 0.1587 0.0803, -0.3819 0.1587 0.0803, -0.4449 0.1546 0.0877, -0.3819 0.1546 0.0877, -0.4449 0.1489 0.0939, -0.3819 0.1489 0.0939, -0.4449 0.1418 0.0986, -0.3819 0.1418 0.0986, -0.4449 0.1339 0.1015, -0.3819 0.1339 0.1015, -0.3819 0.1339 -0.0195, -0.4449 0.1339 -0.0195, -0.3819 0.248 0.0896, -0.4449 0.248 0.0896, -0.4449 0.2437 0.0809, -0.3819 0.2437 0.0809, -0.4449 0.2411 0.0716, -0.3819 0.2411 0.0716, -0.4449 0.2402 0.062, -0.3819 0.2402 0.062, -0.3819 0.2402 0.0492, -0.4449 0.2402 0.0492, -0.3819 0.248 0.0413, -0.4449 0.248 0.0413, -0.3819 0.248 0.0781, -0.4449 0.248 0.0781, -0.3819 -0.1339 0.1015, -0.4449 -0.1339 0.1015, -0.4449 -0.1418 0.0986, -0.3819 -0.1418 0.0986, -0.4449 -0.1489 0.0939, -0.3819 -0.1489 0.0939, -0.4449 -0.1546 0.0877, -0.3819 -0.1546 0.0877, -0.4449 -0.1587 0.0803, -0.3819 -0.1587 0.0803, -0.4449 -0.161 0.0722, -0.3819 -0.161 0.0722, -0.4449 -0.1612 0.0637, -0.3819 -0.1612 0.0637, -0.4449 -0.1594 0.0555, -0.3819 -0.1594 0.0555, -0.3819 -0.1339 -0.0195, -0.4449 -0.1339 -0.0195, -0.3819 -0.2402 0.062, -0.4449 -0.2402 0.062, -0.4449 -0.2411 0.0716, -0.3819 -0.2411 0.0716, -0.4449 -0.2437 0.0809, -0.3819 -0.2437 0.0809, -0.4449 -0.248 0.0896, -0.3819 -0.248 0.0896, -0.3819 -0.2402 0.0492, -0.3819 -0.248 0.0413, -0.4449 -0.2402 0.0492, -0.4449 -0.248 0.0413, -0.2441 0.1594 0.0555, -0.3071 0.1594 0.0555, -0.3071 0.1612 0.0637, -0.2441 0.1612 0.0637, -0.3071 0.161 0.0722, -0.2441 0.161 0.0722, -0.3071 0.1587 0.0803, -0.2441 0.1587 0.0803, -0.3071 0.1546 0.0877, -0.2441 0.1546 0.0877, -0.3071 0.1489 0.0939, -0.2441 0.1489 0.0939, -0.3071 0.1418 0.0986, -0.2441 0.1418 0.0986, -0.3071 0.1339 0.1015, -0.2441 0.1339 0.1015, -0.2441 0.1339 -0.0195, -0.3071 0.1339 -0.0195, -0.2441 0.248 0.0896, -0.3071 0.248 0.0896, -0.3071 0.2437 0.0809, -0.2441 0.2437 0.0809, -0.3071 0.2411 0.0716, -0.2441 0.2411 0.0716, -0.3071 0.2402 0.062, -0.2441 0.2402 0.062, -0.2441 0.2402 0.0492, -0.3071 0.2402 0.0492, -0.2441 0.248 0.0413, -0.3071 0.248 0.0413, -0.2441 0.248 0.0781, -0.3071 0.248 0.0781, -0.2441 -0.1339 0.1015, -0.3071 -0.1339 0.1015, -0.3071 -0.1418 0.0986, -0.2441 -0.1418 0.0986, -0.3071 -0.1489 0.0939, -0.2441 -0.1489 0.0939, -0.3071 -0.1546 0.0877, -0.2441 -0.1546 0.0877, -0.3071 -0.1587 0.0803, -0.2441 -0.1587 0.0803, -0.3071 -0.161 0.0722, -0.2441 -0.161 0.0722, -0.3071 -0.1612 0.0637, -0.2441 -0.1612 0.0637, -0.3071 -0.1594 0.0555, -0.2441 -0.1594 0.0555, -0.2441 -0.1339 -0.0195, -0.3071 -0.1339 -0.0195, -0.2441 -0.2402 0.062, -0.3071 -0.2402 0.062, -0.3071 -0.2411 0.0716, -0.2441 -0.2411 0.0716, -0.3071 -0.2437 0.0809, -0.2441 -0.2437 0.0809, -0.3071 -0.248 0.0896, -0.2441 -0.248 0.0896, -0.2441 -0.2402 0.0492, -0.2441 -0.248 0.0413, -0.3071 -0.2402 0.0492, -0.3071 -0.248 0.0413, -0.1063 0.1594 0.0555, -0.1693 0.1594 0.0555, -0.1693 0.1612 0.0637, -0.1063 0.1612 0.0637, -0.1693 0.161 0.0722, -0.1063 0.161 0.0722, -0.1693 0.1587 0.0803, -0.1063 0.1587 0.0803, -0.1693 0.1546 0.0877, -0.1063 0.1546 0.0877, -0.1693 0.1489 0.0939, -0.1063 0.1489 0.0939, -0.1693 0.1418 0.0986, -0.1063 0.1418 0.0986, -0.1693 0.1339 0.1015, -0.1063 0.1339 0.1015, -0.1063 0.1339 -0.0195, -0.1693 0.1339 -0.0195, -0.1063 0.248 0.0896, -0.1693 0.248 0.0896, -0.1693 0.2437 0.0809, -0.1063 0.2437 0.0809, -0.1693 0.2411 0.0716, -0.1063 0.2411 0.0716, -0.1693 0.2402 0.062, -0.1063 0.2402 0.062, -0.1063 0.2402 0.0492, -0.1693 0.2402 0.0492, -0.1063 0.248 0.0413, -0.1693 0.248 0.0413, -0.1063 0.248 0.0781, -0.1693 0.248 0.0781, -0.1063 -0.1339 0.1015, -0.1693 -0.1339 0.1015, -0.1693 -0.1418 0.0986, -0.1063 -0.1418 0.0986, -0.1693 -0.1489 0.0939, -0.1063 -0.1489 0.0939, -0.1693 -0.1546 0.0877, -0.1063 -0.1546 0.0877, -0.1693 -0.1587 0.0803, -0.1063 -0.1587 0.0803, -0.1693 -0.161 0.0722, -0.1063 -0.161 0.0722, -0.1693 -0.1612 0.0637, -0.1063 -0.1612 0.0637, -0.1693 -0.1594 0.0555, -0.1063 -0.1594 0.0555, -0.1063 -0.1339 -0.0195, -0.1693 -0.1339 -0.0195, -0.1063 -0.2402 0.062, -0.1693 -0.2402 0.062, -0.1693 -0.2411 0.0716, -0.1063 -0.2411 0.0716, -0.1693 -0.2437 0.0809, -0.1063 -0.2437 0.0809, -0.1693 -0.248 0.0896, -0.1063 -0.248 0.0896, -0.1063 -0.2402 0.0492, -0.1063 -0.248 0.0413, -0.1693 -0.2402 0.0492, -0.1693 -0.248 0.0413, 0.0315 0.1594 0.0555, -0.0315 0.1594 0.0555, -0.0315 0.1612 0.0637, 0.0315 0.1612 0.0637, -0.0315 0.161 0.0722, 0.0315 0.161 0.0722, -0.0315 0.1587 0.0803, 0.0315 0.1587 0.0803, -0.0315 0.1546 0.0877, 0.0315 0.1546 0.0877, -0.0315 0.1489 0.0939, 0.0315 0.1489 0.0939, -0.0315 0.1418 0.0986, 0.0315 0.1418 0.0986, -0.0315 0.1339 0.1015, 0.0315 0.1339 0.1015, 0.0315 0.1339 -0.0195, -0.0315 0.1339 -0.0195, 0.0315 0.248 0.0896, -0.0315 0.248 0.0896, -0.0315 0.2437 0.0809, 0.0315 0.2437 0.0809, -0.0315 0.2411 0.0716, 0.0315 0.2411 0.0716, -0.0315 0.2402 0.062, 0.0315 0.2402 0.062, 0.0315 0.2402 0.0492, -0.0315 0.2402 0.0492, 0.0315 0.248 0.0413, -0.0315 0.248 0.0413, 0.0315 0.248 0.0781, -0.0315 0.248 0.0781, 0.0315 -0.1339 0.1015, -0.0315 -0.1339 0.1015, -0.0315 -0.1418 0.0986, 0.0315 -0.1418 0.0986, -0.0315 -0.1489 0.0939, 0.0315 -0.1489 0.0939, -0.0315 -0.1546 0.0877, 0.0315 -0.1546 0.0877, -0.0315 -0.1587 0.0803, 0.0315 -0.1587 0.0803, -0.0315 -0.161 0.0722, 0.0315 -0.161 0.0722, -0.0315 -0.1612 0.0637, 0.0315 -0.1612 0.0637, -0.0315 -0.1594 0.0555, 0.0315 -0.1594 0.0555, 0.0315 -0.1339 -0.0195, -0.0315 -0.1339 -0.0195, 0.0315 -0.2402 0.062, -0.0315 -0.2402 0.062, -0.0315 -0.2411 0.0716, 0.0315 -0.2411 0.0716, -0.0315 -0.2437 0.0809, 0.0315 -0.2437 0.0809, -0.0315 -0.248 0.0896, 0.0315 -0.248 0.0896, 0.0315 -0.2402 0.0492, 0.0315 -0.248 0.0413, -0.0315 -0.2402 0.0492, -0.0315 -0.248 0.0413, 0.1693 0.1594 0.0555, 0.1063 0.1594 0.0555, 0.1063 0.1612 0.0637, 0.1693 0.1612 0.0637, 0.1063 0.161 0.0722, 0.1693 0.161 0.0722, 0.1063 0.1587 0.0803, 0.1693 0.1587 0.0803, 0.1063 0.1546 0.0877, 0.1693 0.1546 0.0877, 0.1063 0.1489 0.0939, 0.1693 0.1489 0.0939, 0.1063 0.1418 0.0986, 0.1693 0.1418 0.0986, 0.1063 0.1339 0.1015, 0.1693 0.1339 0.1015, 0.1693 0.1339 -0.0195, 0.1063 0.1339 -0.0195, 0.1693 0.248 0.0896, 0.1063 0.248 0.0896, 0.1063 0.2437 0.0809, 0.1693 0.2437 0.0809, 0.1063 0.2411 0.0716, 0.1693 0.2411 0.0716, 0.1063 0.2402 0.062, 0.1693 0.2402 0.062, 0.1693 0.2402 0.0492, 0.1063 0.2402 0.0492, 0.1693 0.248 0.0413, 0.1063 0.248 0.0413, 0.1693 0.248 0.0781, 0.1063 0.248 0.0781, 0.1693 -0.1339 0.1015, 0.1063 -0.1339 0.1015, 0.1063 -0.1418 0.0986, 0.1693 -0.1418 0.0986, 0.1063 -0.1489 0.0939, 0.1693 -0.1489 0.0939, 0.1063 -0.1546 0.0877, 0.1693 -0.1546 0.0877, 0.1063 -0.1587 0.0803, 0.1693 -0.1587 0.0803, 0.1063 -0.161 0.0722, 0.1693 -0.161 0.0722, 0.1063 -0.1612 0.0637, 0.1693 -0.1612 0.0637, 0.1063 -0.1594 0.0555, 0.1693 -0.1594 0.0555, 0.1693 -0.1339 -0.0195, 0.1063 -0.1339 -0.0195, 0.1693 -0.2402 0.062, 0.1063 -0.2402 0.062, 0.1063 -0.2411 0.0716, 0.1693 -0.2411 0.0716, 0.1063 -0.2437 0.0809, 0.1693 -0.2437 0.0809, 0.1063 -0.248 0.0896, 0.1693 -0.248 0.0896, 0.1693 -0.2402 0.0492, 0.1693 -0.248 0.0413, 0.1063 -0.2402 0.0492, 0.1063 -0.248 0.0413, 0.3071 0.1594 0.0555, 0.2441 0.1594 0.0555, 0.2441 0.1612 0.0637, 0.3071 0.1612 0.0637, 0.2441 0.161 0.0722, 0.3071 0.161 0.0722, 0.2441 0.1587 0.0803, 0.3071 0.1587 0.0803, 0.2441 0.1546 0.0877, 0.3071 0.1546 0.0877, 0.2441 0.1489 0.0939, 0.3071 0.1489 0.0939, 0.2441 0.1418 0.0986, 0.3071 0.1418 0.0986, 0.2441 0.1339 0.1015, 0.3071 0.1339 0.1015, 0.3071 0.1339 -0.0195, 0.2441 0.1339 -0.0195, 0.3071 0.248 0.0896, 0.2441 0.248 0.0896, 0.2441 0.2437 0.0809, 0.3071 0.2437 0.0809, 0.2441 0.2411 0.0716, 0.3071 0.2411 0.0716, 0.2441 0.2402 0.062, 0.3071 0.2402 0.062, 0.3071 0.2402 0.0492, 0.2441 0.2402 0.0492, 0.3071 0.248 0.0413, 0.2441 0.248 0.0413, 0.3071 0.248 0.0781, 0.2441 0.248 0.0781, 0.3071 -0.1339 0.1015, 0.2441 -0.1339 0.1015, 0.2441 -0.1418 0.0986, 0.3071 -0.1418 0.0986, 0.2441 -0.1489 0.0939, 0.3071 -0.1489 0.0939, 0.2441 -0.1546 0.0877, 0.3071 -0.1546 0.0877, 0.2441 -0.1587 0.0803, 0.3071 -0.1587 0.0803, 0.2441 -0.161 0.0722, 0.3071 -0.161 0.0722, 0.2441 -0.1612 0.0637, 0.3071 -0.1612 0.0637, 0.2441 -0.1594 0.0555, 0.3071 -0.1594 0.0555, 0.3071 -0.1339 -0.0195, 0.2441 -0.1339 -0.0195, 0.3071 -0.2402 0.062, 0.2441 -0.2402 0.062, 0.2441 -0.2411 0.0716, 0.3071 -0.2411 0.0716, 0.2441 -0.2437 0.0809, 0.3071 -0.2437 0.0809, 0.2441 -0.248 0.0896, 0.3071 -0.248 0.0896, 0.3071 -0.2402 0.0492, 0.3071 -0.248 0.0413, 0.2441 -0.2402 0.0492, 0.2441 -0.248 0.0413, 0.4449 0.1594 0.0555, 0.3819 0.1594 0.0555, 0.3819 0.1612 0.0637, 0.4449 0.1612 0.0637, 0.3819 0.161 0.0722, 0.4449 0.161 0.0722, 0.3819 0.1587 0.0803, 0.4449 0.1587 0.0803, 0.3819 0.1546 0.0877, 0.4449 0.1546 0.0877, 0.3819 0.1489 0.0939, 0.4449 0.1489 0.0939, 0.3819 0.1418 0.0986, 0.4449 0.1418 0.0986, 0.3819 0.1339 0.1015, 0.4449 0.1339 0.1015, 0.4449 0.1339 -0.0195, 0.3819 0.1339 -0.0195, 0.4449 0.248 0.0896, 0.3819 0.248 0.0896, 0.3819 0.2437 0.0809, 0.4449 0.2437 0.0809, 0.3819 0.2411 0.0716, 0.4449 0.2411 0.0716, 0.3819 0.2402 0.062, 0.4449 0.2402 0.062, 0.4449 0.2402 0.0492, 0.3819 0.2402 0.0492, 0.4449 0.248 0.0413, 0.3819 0.248 0.0413, 0.4449 0.248 0.0781, 0.3819 0.248 0.0781, 0.4449 -0.1339 0.1015, 0.3819 -0.1339 0.1015, 0.3819 -0.1418 0.0986, 0.4449 -0.1418 0.0986, 0.3819 -0.1489 0.0939, 0.4449 -0.1489 0.0939, 0.3819 -0.1546 0.0877, 0.4449 -0.1546 0.0877, 0.3819 -0.1587 0.0803, 0.4449 -0.1587 0.0803, 0.3819 -0.161 0.0722, 0.4449 -0.161 0.0722, 0.3819 -0.1612 0.0637, 0.4449 -0.1612 0.0637, 0.3819 -0.1594 0.0555, 0.4449 -0.1594 0.0555, 0.4449 -0.1339 -0.0195, 0.3819 -0.1339 -0.0195, 0.4449 -0.2402 0.062, 0.3819 -0.2402 0.062, 0.3819 -0.2411 0.0716, 0.4449 -0.2411 0.0716, 0.3819 -0.2437 0.0809, 0.4449 -0.2437 0.0809, 0.3819 -0.248 0.0896, 0.4449 -0.248 0.0896, 0.4449 -0.2402 0.0492, 0.4449 -0.248 0.0413, 0.3819 -0.2402 0.0492, 0.3819 -0.248 0.0413, 0.5827 0.1594 0.0555, 0.5197 0.1594 0.0555, 0.5197 0.1612 0.0637, 0.5827 0.1612 0.0637, 0.5197 0.161 0.0722, 0.5827 0.161 0.0722, 0.5197 0.1587 0.0803, 0.5827 0.1587 0.0803, 0.5197 0.1546 0.0877, 0.5827 0.1546 0.0877, 0.5197 0.1489 0.0939, 0.5827 0.1489 0.0939, 0.5197 0.1418 0.0986, 0.5827 0.1418 0.0986, 0.5197 0.1339 0.1015, 0.5827 0.1339 0.1015, 0.5827 0.1339 -0.0195, 0.5197 0.1339 -0.0195, 0.5827 0.248 0.0896, 0.5197 0.248 0.0896, 0.5197 0.2437 0.0809, 0.5827 0.2437 0.0809, 0.5197 0.2411 0.0716, 0.5827 0.2411 0.0716, 0.5197 0.2402 0.062, 0.5827 0.2402 0.062, 0.5827 0.2402 0.0492, 0.5197 0.2402 0.0492, 0.5827 0.248 0.0413, 0.5197 0.248 0.0413, 0.5827 0.248 0.0781, 0.5197 0.248 0.0781, 0.5827 -0.1339 0.1015, 0.5197 -0.1339 0.1015, 0.5197 -0.1418 0.0986, 0.5827 -0.1418 0.0986, 0.5197 -0.1489 0.0939, 0.5827 -0.1489 0.0939, 0.5197 -0.1546 0.0877, 0.5827 -0.1546 0.0877, 0.5197 -0.1587 0.0803, 0.5827 -0.1587 0.0803, 0.5197 -0.161 0.0722, 0.5827 -0.161 0.0722, 0.5197 -0.1612 0.0637, 0.5827 -0.1612 0.0637, 0.5197 -0.1594 0.0555, 0.5827 -0.1594 0.0555, 0.5827 -0.1339 -0.0195, 0.5197 -0.1339 -0.0195, 0.5827 -0.2402 0.062, 0.5197 -0.2402 0.062, 0.5197 -0.2411 0.0716, 0.5827 -0.2411 0.0716, 0.5197 -0.2437 0.0809, 0.5827 -0.2437 0.0809, 0.5197 -0.248 0.0896, 0.5827 -0.248 0.0896, 0.5827 -0.2402 0.0492, 0.5827 -0.248 0.0413, 0.5197 -0.2402 0.0492, 0.5197 -0.248 0.0413, 0.7205 0.1594 0.0555, 0.6575 0.1594 0.0555, 0.6575 0.1612 0.0637, 0.7205 0.1612 0.0637, 0.6575 0.161 0.0722, 0.7205 0.161 0.0722, 0.6575 0.1587 0.0803, 0.7205 0.1587 0.0803, 0.6575 0.1546 0.0877, 0.7205 0.1546 0.0877, 0.6575 0.1489 0.0939, 0.7205 0.1489 0.0939, 0.6575 0.1418 0.0986, 0.7205 0.1418 0.0986, 0.6575 0.1339 0.1015, 0.7205 0.1339 0.1015, 0.7205 0.1339 -0.0195, 0.6575 0.1339 -0.0195, 0.7205 0.248 0.0896, 0.6575 0.248 0.0896, 0.6575 0.2437 0.0809, 0.7205 0.2437 0.0809, 0.6575 0.2411 0.0716, 0.7205 0.2411 0.0716, 0.6575 0.2402 0.062, 0.7205 0.2402 0.062, 0.7205 0.2402 0.0492, 0.6575 0.2402 0.0492, 0.7205 0.248 0.0413, 0.6575 0.248 0.0413, 0.7205 0.248 0.0781, 0.6575 0.248 0.0781, 0.7205 -0.1339 0.1015, 0.6575 -0.1339 0.1015, 0.6575 -0.1418 0.0986, 0.7205 -0.1418 0.0986, 0.6575 -0.1489 0.0939, 0.7205 -0.1489 0.0939, 0.6575 -0.1546 0.0877, 0.7205 -0.1546 0.0877, 0.6575 -0.1587 0.0803, 0.7205 -0.1587 0.0803, 0.6575 -0.161 0.0722, 0.7205 -0.161 0.0722, 0.6575 -0.1612 0.0637, 0.7205 -0.1612 0.0637, 0.6575 -0.1594 0.0555, 0.7205 -0.1594 0.0555, 0.7205 -0.1339 -0.0195, 0.6575 -0.1339 -0.0195, 0.7205 -0.2402 0.062, 0.6575 -0.2402 0.062, 0.6575 -0.2411 0.0716, 0.7205 -0.2411 0.0716, 0.6575 -0.2437 0.0809, 0.7205 -0.2437 0.0809, 0.6575 -0.248 0.0896, 0.7205 -0.248 0.0896, 0.7205 -0.2402 0.0492, 0.7205 -0.248 0.0413, 0.6575 -0.2402 0.0492, 0.6575 -0.248 0.0413, 0.8583 0.1594 0.0555, 0.7953 0.1594 0.0555, 0.7953 0.1612 0.0637, 0.8583 0.1612 0.0637, 0.7953 0.161 0.0722, 0.8583 0.161 0.0722, 0.7953 0.1587 0.0803, 0.8583 0.1587 0.0803, 0.7953 0.1546 0.0877, 0.8583 0.1546 0.0877, 0.7953 0.1489 0.0939, 0.8583 0.1489 0.0939, 0.7953 0.1418 0.0986, 0.8583 0.1418 0.0986, 0.7953 0.1339 0.1015, 0.8583 0.1339 0.1015, 0.8583 0.1339 -0.0195, 0.7953 0.1339 -0.0195, 0.8583 0.248 0.0896, 0.7953 0.248 0.0896, 0.7953 0.2437 0.0809, 0.8583 0.2437 0.0809, 0.7953 0.2411 0.0716, 0.8583 0.2411 0.0716, 0.7953 0.2402 0.062, 0.8583 0.2402 0.062, 0.8583 0.2402 0.0492, 0.7953 0.2402 0.0492, 0.8583 0.248 0.0413, 0.7953 0.248 0.0413, 0.8583 0.248 0.0781, 0.7953 0.248 0.0781, 0.8583 -0.1339 0.1015, 0.7953 -0.1339 0.1015, 0.7953 -0.1418 0.0986, 0.8583 -0.1418 0.0986, 0.7953 -0.1489 0.0939, 0.8583 -0.1489 0.0939, 0.7953 -0.1546 0.0877, 0.8583 -0.1546 0.0877, 0.7953 -0.1587 0.0803, 0.8583 -0.1587 0.0803, 0.7953 -0.161 0.0722, 0.8583 -0.161 0.0722, 0.7953 -0.1612 0.0637, 0.8583 -0.1612 0.0637, 0.7953 -0.1594 0.0555, 0.8583 -0.1594 0.0555, 0.8583 -0.1339 -0.0195, 0.7953 -0.1339 -0.0195, 0.8583 -0.2402 0.062, 0.7953 -0.2402 0.062, 0.7953 -0.2411 0.0716, 0.8583 -0.2411 0.0716, 0.7953 -0.2437 0.0809, 0.8583 -0.2437 0.0809, 0.7953 -0.248 0.0896, 0.8583 -0.248 0.0896, 0.8583 -0.2402 0.0492, 0.8583 -0.248 0.0413, 0.7953 -0.2402 0.0492, 0.7953 -0.248 0.0413, 0.9961 0.1594 0.0555, 0.9331 0.1594 0.0555, 0.9331 0.1612 0.0637, 0.9961 0.1612 0.0637, 0.9331 0.161 0.0722, 0.9961 0.161 0.0722, 0.9331 0.1587 0.0803, 0.9961 0.1587 0.0803, 0.9331 0.1546 0.0877, 0.9961 0.1546 0.0877, 0.9331 0.1489 0.0939, 0.9961 0.1489 0.0939, 0.9331 0.1418 0.0986, 0.9961 0.1418 0.0986, 0.9331 0.1339 0.1015, 0.9961 0.1339 0.1015, 0.9961 0.1339 -0.0195, 0.9331 0.1339 -0.0195, 0.9961 0.248 0.0896, 0.9331 0.248 0.0896, 0.9331 0.2437 0.0809, 0.9961 0.2437 0.0809, 0.9331 0.2411 0.0716, 0.9961 0.2411 0.0716, 0.9331 0.2402 0.062, 0.9961 0.2402 0.062, 0.9961 0.2402 0.0492, 0.9331 0.2402 0.0492, 0.9961 0.248 0.0413, 0.9331 0.248 0.0413, 0.9961 0.248 0.0781, 0.9331 0.248 0.0781, 0.9961 -0.1339 0.1015, 0.9331 -0.1339 0.1015, 0.9331 -0.1418 0.0986, 0.9961 -0.1418 0.0986, 0.9331 -0.1489 0.0939, 0.9961 -0.1489 0.0939, 0.9331 -0.1546 0.0877, 0.9961 -0.1546 0.0877, 0.9331 -0.1587 0.0803, 0.9961 -0.1587 0.0803, 0.9331 -0.161 0.0722, 0.9961 -0.161 0.0722, 0.9331 -0.1612 0.0637, 0.9961 -0.1612 0.0637, 0.9331 -0.1594 0.0555, 0.9961 -0.1594 0.0555, 0.9961 -0.1339 -0.0195, 0.9331 -0.1339 -0.0195, 0.9961 -0.2402 0.062, 0.9331 -0.2402 0.062, 0.9331 -0.2411 0.0716, 0.9961 -0.2411 0.0716, 0.9331 -0.2437 0.0809, 0.9961 -0.2437 0.0809, 0.9331 -0.248 0.0896, 0.9961 -0.248 0.0896, 0.9961 -0.2402 0.0492, 0.9961 -0.248 0.0413, 0.9331 -0.2402 0.0492, 0.9331 -0.248 0.0413, 1.1339 0.1594 0.0555, 1.0709 0.1594 0.0555, 1.0709 0.1612 0.0637, 1.1339 0.1612 0.0637, 1.0709 0.161 0.0722, 1.1339 0.161 0.0722, 1.0709 0.1587 0.0803, 1.1339 0.1587 0.0803, 1.0709 0.1546 0.0877, 1.1339 0.1546 0.0877, 1.0709 0.1489 0.0939, 1.1339 0.1489 0.0939, 1.0709 0.1418 0.0986, 1.1339 0.1418 0.0986, 1.0709 0.1339 0.1015, 1.1339 0.1339 0.1015, 1.1339 0.1339 -0.0195, 1.0709 0.1339 -0.0195, 1.1339 0.248 0.0896, 1.0709 0.248 0.0896, 1.0709 0.2437 0.0809, 1.1339 0.2437 0.0809, 1.0709 0.2411 0.0716, 1.1339 0.2411 0.0716, 1.0709 0.2402 0.062, 1.1339 0.2402 0.062, 1.1339 0.2402 0.0492, 1.0709 0.2402 0.0492, 1.1339 0.248 0.0413, 1.0709 0.248 0.0413, 1.1339 0.248 0.0781, 1.0709 0.248 0.0781, 1.1339 -0.1339 0.1015, 1.0709 -0.1339 0.1015, 1.0709 -0.1418 0.0986, 1.1339 -0.1418 0.0986, 1.0709 -0.1489 0.0939, 1.1339 -0.1489 0.0939, 1.0709 -0.1546 0.0877, 1.1339 -0.1546 0.0877, 1.0709 -0.1587 0.0803, 1.1339 -0.1587 0.0803, 1.0709 -0.161 0.0722, 1.1339 -0.161 0.0722, 1.0709 -0.1612 0.0637, 1.1339 -0.1612 0.0637, 1.0709 -0.1594 0.0555, 1.1339 -0.1594 0.0555, 1.1339 -0.1339 -0.0195, 1.0709 -0.1339 -0.0195, 1.1339 -0.2402 0.062, 1.0709 -0.2402 0.062, 1.0709 -0.2411 0.0716, 1.1339 -0.2411 0.0716, 1.0709 -0.2437 0.0809, 1.1339 -0.2437 0.0809, 1.0709 -0.248 0.0896, 1.1339 -0.248 0.0896, 1.1339 -0.2402 0.0492, 1.1339 -0.248 0.0413, 1.0709 -0.2402 0.0492, 1.0709 -0.248 0.0413, 1.0709 -0.248 0.0413
            ]
        }
        coordIndex [
            0,1,2,-1,2,1,3,-1,0,2,4,-1,0,4,5,-1,5,4,6,-1,5,6,7,-1,7,6,8,-1,7,8,9,-1,9,8,10,-1,9,10,11,-1,11,10,12,-1,11,12,13,-1,13,12,14,-1,13,14,15,-1,16,15,17,-1,17,15,14,-1,18,16,19,-1,19,16,17,-1,20,18,21,-1,21,18,19,-1,22,20,23,-1,23,20,21,-1,24,22,25,-1,25,22,23,-1,24,25,26,-1,26,25,27,-1,26,27,28,-1,28,27,29,-1,28,29,30,-1,30,29,31,-1,30,31,32,-1,32,31,33,-1,32,33,34,-1,34,33,35,-1,34,35,36,-1,36,35,37,-1,38,36,39,-1,39,36,37,-1,20,22,18,-1,18,22,24,-1,18,24,26,-1,16,18,15,-1,15,18,26,-1,15,26,13,-1,13,26,28,-1,38,1,36,-1,36,1,0,-1,36,0,34,-1,34,0,5,-1,34,5,32,-1,32,5,7,-1,32,7,30,-1,30,7,9,-1,30,9,28,-1,28,9,11,-1,28,11,13,-1,23,21,25,-1,25,21,19,-1,25,19,27,-1,27,19,29,-1,29,19,17,-1,29,17,14,-1,3,39,2,-1,2,39,37,-1,2,37,4,-1,4,37,35,-1,4,35,6,-1,6,35,33,-1,6,33,8,-1,8,33,31,-1,8,31,10,-1,10,31,29,-1,10,29,12,-1,12,29,14,-1,40,41,42,-1,42,41,43,-1,40,42,44,-1,44,42,45,-1,44,45,46,-1,46,45,47,-1,46,47,48,-1,48,47,49,-1,48,49,50,-1,50,49,51,-1,50,51,52,-1,52,51,53,-1,52,53,54,-1,54,53,55,-1,56,54,57,-1,57,54,55,-1,58,56,59,-1,59,56,57,-1,60,58,61,-1,61,58,59,-1,62,60,63,-1,63,60,61,-1,64,62,65,-1,65,62,63,-1,64,65,66,-1,64,66,67,-1,67,66,68,-1,67,68,69,-1,69,68,70,-1,69,70,71,-1,71,70,72,-1,71,72,73,-1,73,72,74,-1,73,74,75,-1,75,74,76,-1,75,76,77,-1,78,77,79,-1,79,77,76,-1,56,58,54,-1,54,58,60,-1,54,60,52,-1,52,60,50,-1,50,60,62,-1,50,62,64,-1,78,41,77,-1,77,41,40,-1,77,40,75,-1,75,40,44,-1,75,44,73,-1,73,44,46,-1,73,46,71,-1,71,46,48,-1,71,48,69,-1,69,48,50,-1,69,50,67,-1,67,50,64,-1,59,57,61,-1,61,57,55,-1,61,55,53,-1,43,79,42,-1,42,79,76,-1,42,76,45,-1,45,76,74,-1,45,74,47,-1,47,74,72,-1,47,72,49,-1,49,72,70,-1,49,70,51,-1,63,61,65,-1,65,61,53,-1,65,53,66,-1,66,53,51,-1,66,51,68,-1,68,51,70,-1,80,81,82,-1,82,81,83,-1,80,82,84,-1,80,84,85,-1,85,84,86,-1,85,86,87,-1,87,86,88,-1,87,88,89,-1,89,88,90,-1,89,90,91,-1,91,90,92,-1,91,92,93,-1,93,92,94,-1,93,94,95,-1,96,95,97,-1,97,95,94,-1,98,96,99,-1,99,96,97,-1,100,98,101,-1,101,98,99,-1,102,100,103,-1,103,100,101,-1,104,102,105,-1,105,102,103,-1,104,105,106,-1,106,105,107,-1,106,107,108,-1,108,107,109,-1,108,109,110,-1,110,109,111,-1,110,111,112,-1,112,111,113,-1,112,113,114,-1,114,113,115,-1,114,115,116,-1,116,115,117,-1,118,116,119,-1,119,116,117,-1,100,102,98,-1,98,102,104,-1,98,104,106,-1,96,98,95,-1,95,98,106,-1,95,106,93,-1,93,106,108,-1,118,81,116,-1,116,81,80,-1,116,80,114,-1,114,80,85,-1,114,85,112,-1,112,85,87,-1,112,87,110,-1,110,87,89,-1,110,89,108,-1,108,89,91,-1,108,91,93,-1,103,101,105,-1,105,101,99,-1,105,99,107,-1,107,99,109,-1,109,99,97,-1,109,97,94,-1,83,119,82,-1,82,119,117,-1,82,117,84,-1,84,117,115,-1,84,115,86,-1,86,115,113,-1,86,113,88,-1,88,113,111,-1,88,111,90,-1,90,111,109,-1,90,109,92,-1,92,109,94,-1,120,121,122,-1,122,121,123,-1,120,122,124,-1,124,122,125,-1,124,125,126,-1,126,125,127,-1,126,127,128,-1,128,127,129,-1,128,129,130,-1,130,129,131,-1,130,131,132,-1,132,131,133,-1,132,133,134,-1,134,133,135,-1,136,134,137,-1,137,134,135,-1,138,136,139,-1,139,136,137,-1,140,138,141,-1,141,138,139,-1,142,140,143,-1,143,140,141,-1,144,142,145,-1,145,142,143,-1,144,145,146,-1,144,146,147,-1,147,146,148,-1,147,148,149,-1,149,148,150,-1,149,150,151,-1,151,150,152,-1,151,152,153,-1,153,152,154,-1,153,154,155,-1,155,154,156,-1,155,156,157,-1,158,157,159,-1,159,157,156,-1,136,138,134,-1,134,138,140,-1,134,140,132,-1,132,140,130,-1,130,140,142,-1,130,142,144,-1,158,121,157,-1,157,121,120,-1,157,120,155,-1,155,120,124,-1,155,124,153,-1,153,124,126,-1,153,126,151,-1,151,126,128,-1,151,128,149,-1,149,128,130,-1,149,130,147,-1,147,130,144,-1,139,137,141,-1,141,137,135,-1,141,135,133,-1,123,159,122,-1,122,159,156,-1,122,156,125,-1,125,156,154,-1,125,154,127,-1,127,154,152,-1,127,152,129,-1,129,152,150,-1,129,150,131,-1,143,141,145,-1,145,141,133,-1,145,133,146,-1,146,133,131,-1,146,131,148,-1,148,131,150,-1,160,161,162,-1,162,161,163,-1,160,162,164,-1,160,164,165,-1,165,164,166,-1,165,166,167,-1,167,166,168,-1,167,168,169,-1,169,168,170,-1,169,170,171,-1,171,170,172,-1,171,172,173,-1,173,172,174,-1,173,174,175,-1,176,175,177,-1,177,175,174,-1,178,176,179,-1,179,176,177,-1,180,178,181,-1,181,178,179,-1,182,180,183,-1,183,180,181,-1,184,182,185,-1,185,182,183,-1,184,185,186,-1,186,185,187,-1,186,187,188,-1,188,187,189,-1,188,189,190,-1,190,189,191,-1,190,191,192,-1,192,191,193,-1,192,193,194,-1,194,193,195,-1,194,195,196,-1,196,195,197,-1,198,196,199,-1,199,196,197,-1,180,182,178,-1,178,182,184,-1,178,184,186,-1,176,178,175,-1,175,178,186,-1,175,186,173,-1,173,186,188,-1,198,161,196,-1,196,161,160,-1,196,160,194,-1,194,160,165,-1,194,165,192,-1,192,165,167,-1,192,167,190,-1,190,167,169,-1,190,169,188,-1,188,169,171,-1,188,171,173,-1,183,181,185,-1,185,181,179,-1,185,179,187,-1,187,179,189,-1,189,179,177,-1,189,177,174,-1,163,199,162,-1,162,199,197,-1,162,197,164,-1,164,197,195,-1,164,195,166,-1,166,195,193,-1,166,193,168,-1,168,193,191,-1,168,191,170,-1,170,191,189,-1,170,189,172,-1,172,189,174,-1,200,201,202,-1,202,201,203,-1,200,202,204,-1,204,202,205,-1,204,205,206,-1,206,205,207,-1,206,207,208,-1,208,207,209,-1,208,209,210,-1,210,209,211,-1,210,211,212,-1,212,211,213,-1,212,213,214,-1,214,213,215,-1,216,214,217,-1,217,214,215,-1,218,216,219,-1,219,216,217,-1,220,218,221,-1,221,218,219,-1,222,220,223,-1,223,220,221,-1,224,222,225,-1,225,222,223,-1,224,225,226,-1,224,226,227,-1,227,226,228,-1,227,228,229,-1,229,228,230,-1,229,230,231,-1,231,230,232,-1,231,232,233,-1,233,232,234,-1,233,234,235,-1,235,234,236,-1,235,236,237,-1,238,237,239,-1,239,237,236,-1,216,218,214,-1,214,218,220,-1,214,220,212,-1,212,220,210,-1,210,220,222,-1,210,222,224,-1,238,201,237,-1,237,201,200,-1,237,200,235,-1,235,200,204,-1,235,204,233,-1,233,204,206,-1,233,206,231,-1,231,206,208,-1,231,208,229,-1,229,208,210,-1,229,210,227,-1,227,210,224,-1,219,217,221,-1,221,217,215,-1,221,215,213,-1,203,239,202,-1,202,239,236,-1,202,236,205,-1,205,236,234,-1,205,234,207,-1,207,234,232,-1,207,232,209,-1,209,232,230,-1,209,230,211,-1,223,221,225,-1,225,221,213,-1,225,213,226,-1,226,213,211,-1,226,211,228,-1,228,211,230,-1,240,241,242,-1,242,241,243,-1,240,242,244,-1,240,244,245,-1,245,244,246,-1,245,246,247,-1,247,246,248,-1,247,248,249,-1,249,248,250,-1,249,250,251,-1,251,250,252,-1,251,252,253,-1,253,252,254,-1,253,254,255,-1,256,255,257,-1,257,255,254,-1,258,256,259,-1,259,256,257,-1,260,258,261,-1,261,258,259,-1,262,260,263,-1,263,260,261,-1,264,262,265,-1,265,262,263,-1,264,265,266,-1,266,265,267,-1,266,267,268,-1,268,267,269,-1,268,269,270,-1,270,269,271,-1,270,271,272,-1,272,271,273,-1,272,273,274,-1,274,273,275,-1,274,275,276,-1,276,275,277,-1,278,276,279,-1,279,276,277,-1,260,262,258,-1,258,262,264,-1,258,264,266,-1,256,258,255,-1,255,258,266,-1,255,266,253,-1,253,266,268,-1,278,241,276,-1,276,241,240,-1,276,240,274,-1,274,240,245,-1,274,245,272,-1,272,245,247,-1,272,247,270,-1,270,247,249,-1,270,249,268,-1,268,249,251,-1,268,251,253,-1,263,261,265,-1,265,261,259,-1,265,259,267,-1,267,259,269,-1,269,259,257,-1,269,257,254,-1,243,279,242,-1,242,279,277,-1,242,277,244,-1,244,277,275,-1,244,275,246,-1,246,275,273,-1,246,273,248,-1,248,273,271,-1,248,271,250,-1,250,271,269,-1,250,269,252,-1,252,269,254,-1,280,281,282,-1,282,281,283,-1,280,282,284,-1,284,282,285,-1,284,285,286,-1,286,285,287,-1,286,287,288,-1,288,287,289,-1,288,289,290,-1,290,289,291,-1,290,291,292,-1,292,291,293,-1,292,293,294,-1,294,293,295,-1,296,294,297,-1,297,294,295,-1,298,296,299,-1,299,296,297,-1,300,298,301,-1,301,298,299,-1,302,300,303,-1,303,300,301,-1,304,302,305,-1,305,302,303,-1,304,305,306,-1,304,306,307,-1,307,306,308,-1,307,308,309,-1,309,308,310,-1,309,310,311,-1,311,310,312,-1,311,312,313,-1,313,312,314,-1,313,314,315,-1,315,314,316,-1,315,316,317,-1,318,317,319,-1,319,317,316,-1,296,298,294,-1,294,298,300,-1,294,300,292,-1,292,300,290,-1,290,300,302,-1,290,302,304,-1,318,281,317,-1,317,281,280,-1,317,280,315,-1,315,280,284,-1,315,284,313,-1,313,284,286,-1,313,286,311,-1,311,286,288,-1,311,288,309,-1,309,288,290,-1,309,290,307,-1,307,290,304,-1,299,297,301,-1,301,297,295,-1,301,295,293,-1,283,319,282,-1,282,319,316,-1,282,316,285,-1,285,316,314,-1,285,314,287,-1,287,314,312,-1,287,312,289,-1,289,312,310,-1,289,310,291,-1,303,301,305,-1,305,301,293,-1,305,293,306,-1,306,293,291,-1,306,291,308,-1,308,291,310,-1,320,321,322,-1,322,321,323,-1,320,322,324,-1,320,324,325,-1,325,324,326,-1,325,326,327,-1,327,326,328,-1,327,328,329,-1,329,328,330,-1,329,330,331,-1,331,330,332,-1,331,332,333,-1,333,332,334,-1,333,334,335,-1,336,335,337,-1,337,335,334,-1,338,336,339,-1,339,336,337,-1,340,338,341,-1,341,338,339,-1,342,340,343,-1,343,340,341,-1,344,342,345,-1,345,342,343,-1,344,345,346,-1,346,345,347,-1,346,347,348,-1,348,347,349,-1,348,349,350,-1,350,349,351,-1,350,351,352,-1,352,351,353,-1,352,353,354,-1,354,353,355,-1,354,355,356,-1,356,355,357,-1,358,356,359,-1,359,356,357,-1,340,342,338,-1,338,342,344,-1,338,344,346,-1,336,338,335,-1,335,338,346,-1,335,346,333,-1,333,346,348,-1,358,321,356,-1,356,321,320,-1,356,320,354,-1,354,320,325,-1,354,325,352,-1,352,325,327,-1,352,327,350,-1,350,327,329,-1,350,329,348,-1,348,329,331,-1,348,331,333,-1,343,341,345,-1,345,341,339,-1,345,339,347,-1,347,339,349,-1,349,339,337,-1,349,337,334,-1,323,359,322,-1,322,359,357,-1,322,357,324,-1,324,357,355,-1,324,355,326,-1,326,355,353,-1,326,353,328,-1,328,353,351,-1,328,351,330,-1,330,351,349,-1,330,349,332,-1,332,349,334,-1,360,361,362,-1,362,361,363,-1,360,362,364,-1,364,362,365,-1,364,365,366,-1,366,365,367,-1,366,367,368,-1,368,367,369,-1,368,369,370,-1,370,369,371,-1,370,371,372,-1,372,371,373,-1,372,373,374,-1,374,373,375,-1,376,374,377,-1,377,374,375,-1,378,376,379,-1,379,376,377,-1,380,378,381,-1,381,378,379,-1,382,380,383,-1,383,380,381,-1,384,382,385,-1,385,382,383,-1,384,385,386,-1,384,386,387,-1,387,386,388,-1,387,388,389,-1,389,388,390,-1,389,390,391,-1,391,390,392,-1,391,392,393,-1,393,392,394,-1,393,394,395,-1,395,394,396,-1,395,396,397,-1,398,397,399,-1,399,397,396,-1,376,378,374,-1,374,378,380,-1,374,380,372,-1,372,380,370,-1,370,380,382,-1,370,382,384,-1,398,361,397,-1,397,361,360,-1,397,360,395,-1,395,360,364,-1,395,364,393,-1,393,364,366,-1,393,366,391,-1,391,366,368,-1,391,368,389,-1,389,368,370,-1,389,370,387,-1,387,370,384,-1,379,377,381,-1,381,377,375,-1,381,375,373,-1,363,399,362,-1,362,399,396,-1,362,396,365,-1,365,396,394,-1,365,394,367,-1,367,394,392,-1,367,392,369,-1,369,392,390,-1,369,390,371,-1,383,381,385,-1,385,381,373,-1,385,373,386,-1,386,373,371,-1,386,371,388,-1,388,371,390,-1,400,401,402,-1,402,401,403,-1,400,402,404,-1,400,404,405,-1,405,404,406,-1,405,406,407,-1,407,406,408,-1,407,408,409,-1,409,408,410,-1,409,410,411,-1,411,410,412,-1,411,412,413,-1,413,412,414,-1,413,414,415,-1,416,415,417,-1,417,415,414,-1,418,416,419,-1,419,416,417,-1,420,418,421,-1,421,418,419,-1,422,420,423,-1,423,420,421,-1,424,422,425,-1,425,422,423,-1,424,425,426,-1,426,425,427,-1,426,427,428,-1,428,427,429,-1,428,429,430,-1,430,429,431,-1,430,431,432,-1,432,431,433,-1,432,433,434,-1,434,433,435,-1,434,435,436,-1,436,435,437,-1,438,436,439,-1,439,436,437,-1,420,422,418,-1,418,422,424,-1,418,424,426,-1,416,418,415,-1,415,418,426,-1,415,426,413,-1,413,426,428,-1,438,401,436,-1,436,401,400,-1,436,400,434,-1,434,400,405,-1,434,405,432,-1,432,405,407,-1,432,407,430,-1,430,407,409,-1,430,409,428,-1,428,409,411,-1,428,411,413,-1,423,421,425,-1,425,421,419,-1,425,419,427,-1,427,419,429,-1,429,419,417,-1,429,417,414,-1,403,439,402,-1,402,439,437,-1,402,437,404,-1,404,437,435,-1,404,435,406,-1,406,435,433,-1,406,433,408,-1,408,433,431,-1,408,431,410,-1,410,431,429,-1,410,429,412,-1,412,429,414,-1,440,441,442,-1,442,441,443,-1,440,442,444,-1,444,442,445,-1,444,445,446,-1,446,445,447,-1,446,447,448,-1,448,447,449,-1,448,449,450,-1,450,449,451,-1,450,451,452,-1,452,451,453,-1,452,453,454,-1,454,453,455,-1,456,454,457,-1,457,454,455,-1,458,456,459,-1,459,456,457,-1,460,458,461,-1,461,458,459,-1,462,460,463,-1,463,460,461,-1,464,462,465,-1,465,462,463,-1,464,465,466,-1,464,466,467,-1,467,466,468,-1,467,468,469,-1,469,468,470,-1,469,470,471,-1,471,470,472,-1,471,472,473,-1,473,472,474,-1,473,474,475,-1,475,474,476,-1,475,476,477,-1,478,477,479,-1,479,477,476,-1,456,458,454,-1,454,458,460,-1,454,460,452,-1,452,460,450,-1,450,460,462,-1,450,462,464,-1,478,441,477,-1,477,441,440,-1,477,440,475,-1,475,440,444,-1,475,444,473,-1,473,444,446,-1,473,446,471,-1,471,446,448,-1,471,448,469,-1,469,448,450,-1,469,450,467,-1,467,450,464,-1,459,457,461,-1,461,457,455,-1,461,455,453,-1,443,479,442,-1,442,479,476,-1,442,476,445,-1,445,476,474,-1,445,474,447,-1,447,474,472,-1,447,472,449,-1,449,472,470,-1,449,470,451,-1,463,461,465,-1,465,461,453,-1,465,453,466,-1,466,453,451,-1,466,451,468,-1,468,451,470,-1,480,481,482,-1,482,481,483,-1,480,482,484,-1,480,484,485,-1,485,484,486,-1,485,486,487,-1,487,486,488,-1,487,488,489,-1,489,488,490,-1,489,490,491,-1,491,490,492,-1,491,492,493,-1,493,492,494,-1,493,494,495,-1,496,495,497,-1,497,495,494,-1,498,496,499,-1,499,496,497,-1,500,498,501,-1,501,498,499,-1,502,500,503,-1,503,500,501,-1,504,502,505,-1,505,502,503,-1,504,505,506,-1,506,505,507,-1,506,507,508,-1,508,507,509,-1,508,509,510,-1,510,509,511,-1,510,511,512,-1,512,511,513,-1,512,513,514,-1,514,513,515,-1,514,515,516,-1,516,515,517,-1,518,516,519,-1,519,516,517,-1,500,502,498,-1,498,502,504,-1,498,504,506,-1,496,498,495,-1,495,498,506,-1,495,506,493,-1,493,506,508,-1,518,481,516,-1,516,481,480,-1,516,480,514,-1,514,480,485,-1,514,485,512,-1,512,485,487,-1,512,487,510,-1,510,487,489,-1,510,489,508,-1,508,489,491,-1,508,491,493,-1,503,501,505,-1,505,501,499,-1,505,499,507,-1,507,499,509,-1,509,499,497,-1,509,497,494,-1,483,519,482,-1,482,519,517,-1,482,517,484,-1,484,517,515,-1,484,515,486,-1,486,515,513,-1,486,513,488,-1,488,513,511,-1,488,511,490,-1,490,511,509,-1,490,509,492,-1,492,509,494,-1,520,521,522,-1,522,521,523,-1,520,522,524,-1,524,522,525,-1,524,525,526,-1,526,525,527,-1,526,527,528,-1,528,527,529,-1,528,529,530,-1,530,529,531,-1,530,531,532,-1,532,531,533,-1,532,533,534,-1,534,533,535,-1,536,534,537,-1,537,534,535,-1,538,536,539,-1,539,536,537,-1,540,538,541,-1,541,538,539,-1,542,540,543,-1,543,540,541,-1,544,542,545,-1,545,542,543,-1,544,545,546,-1,544,546,547,-1,547,546,548,-1,547,548,549,-1,549,548,550,-1,549,550,551,-1,551,550,552,-1,551,552,553,-1,553,552,554,-1,553,554,555,-1,555,554,556,-1,555,556,557,-1,558,557,559,-1,559,557,556,-1,536,538,534,-1,534,538,540,-1,534,540,532,-1,532,540,530,-1,530,540,542,-1,530,542,544,-1,558,521,557,-1,557,521,520,-1,557,520,555,-1,555,520,524,-1,555,524,553,-1,553,524,526,-1,553,526,551,-1,551,526,528,-1,551,528,549,-1,549,528,530,-1,549,530,547,-1,547,530,544,-1,539,537,541,-1,541,537,535,-1,541,535,533,-1,523,559,522,-1,522,559,556,-1,522,556,525,-1,525,556,554,-1,525,554,527,-1,527,554,552,-1,527,552,529,-1,529,552,550,-1,529,550,531,-1,543,541,545,-1,545,541,533,-1,545,533,546,-1,546,533,531,-1,546,531,548,-1,548,531,550,-1,560,561,562,-1,562,561,563,-1,560,562,564,-1,560,564,565,-1,565,564,566,-1,565,566,567,-1,567,566,568,-1,567,568,569,-1,569,568,570,-1,569,570,571,-1,571,570,572,-1,571,572,573,-1,573,572,574,-1,573,574,575,-1,576,575,577,-1,577,575,574,-1,578,576,579,-1,579,576,577,-1,580,578,581,-1,581,578,579,-1,582,580,583,-1,583,580,581,-1,584,582,585,-1,585,582,583,-1,584,585,586,-1,586,585,587,-1,586,587,588,-1,588,587,589,-1,588,589,590,-1,590,589,591,-1,590,591,592,-1,592,591,593,-1,592,593,594,-1,594,593,595,-1,594,595,596,-1,596,595,597,-1,598,596,599,-1,599,596,597,-1,580,582,578,-1,578,582,584,-1,578,584,586,-1,576,578,575,-1,575,578,586,-1,575,586,573,-1,573,586,588,-1,598,561,596,-1,596,561,560,-1,596,560,594,-1,594,560,565,-1,594,565,592,-1,592,565,567,-1,592,567,590,-1,590,567,569,-1,590,569,588,-1,588,569,571,-1,588,571,573,-1,583,581,585,-1,585,581,579,-1,585,579,587,-1,587,579,589,-1,589,579,577,-1,589,577,574,-1,563,599,562,-1,562,599,597,-1,562,597,564,-1,564,597,595,-1,564,595,566,-1,566,595,593,-1,566,593,568,-1,568,593,591,-1,568,591,570,-1,570,591,589,-1,570,589,572,-1,572,589,574,-1,600,601,602,-1,602,601,603,-1,600,602,604,-1,604,602,605,-1,604,605,606,-1,606,605,607,-1,606,607,608,-1,608,607,609,-1,608,609,610,-1,610,609,611,-1,610,611,612,-1,612,611,613,-1,612,613,614,-1,614,613,615,-1,616,614,617,-1,617,614,615,-1,618,616,619,-1,619,616,617,-1,620,618,621,-1,621,618,619,-1,622,620,623,-1,623,620,621,-1,624,622,625,-1,625,622,623,-1,624,625,626,-1,624,626,627,-1,627,626,628,-1,627,628,629,-1,629,628,630,-1,629,630,631,-1,631,630,632,-1,631,632,633,-1,633,632,634,-1,633,634,635,-1,635,634,636,-1,635,636,637,-1,638,637,639,-1,639,637,636,-1,616,618,614,-1,614,618,620,-1,614,620,612,-1,612,620,610,-1,610,620,622,-1,610,622,624,-1,638,601,637,-1,637,601,600,-1,637,600,635,-1,635,600,604,-1,635,604,633,-1,633,604,606,-1,633,606,631,-1,631,606,608,-1,631,608,629,-1,629,608,610,-1,629,610,627,-1,627,610,624,-1,619,617,621,-1,621,617,615,-1,621,615,613,-1,603,639,602,-1,602,639,636,-1,602,636,605,-1,605,636,634,-1,605,634,607,-1,607,634,632,-1,607,632,609,-1,609,632,630,-1,609,630,611,-1,623,621,625,-1,625,621,613,-1,625,613,626,-1,626,613,611,-1,626,611,628,-1,628,611,630,-1,640,641,642,-1,642,641,643,-1,640,642,644,-1,640,644,645,-1,645,644,646,-1,645,646,647,-1,647,646,648,-1,647,648,649,-1,649,648,650,-1,649,650,651,-1,651,650,652,-1,651,652,653,-1,653,652,654,-1,653,654,655,-1,656,655,657,-1,657,655,654,-1,658,656,659,-1,659,656,657,-1,660,658,661,-1,661,658,659,-1,662,660,663,-1,663,660,661,-1,664,662,665,-1,665,662,663,-1,664,665,666,-1,666,665,667,-1,666,667,668,-1,668,667,669,-1,668,669,670,-1,670,669,671,-1,670,671,672,-1,672,671,673,-1,672,673,674,-1,674,673,675,-1,674,675,676,-1,676,675,677,-1,678,676,679,-1,679,676,677,-1,660,662,658,-1,658,662,664,-1,658,664,666,-1,656,658,655,-1,655,658,666,-1,655,666,653,-1,653,666,668,-1,678,641,676,-1,676,641,640,-1,676,640,674,-1,674,640,645,-1,674,645,672,-1,672,645,647,-1,672,647,670,-1,670,647,649,-1,670,649,668,-1,668,649,651,-1,668,651,653,-1,663,661,665,-1,665,661,659,-1,665,659,667,-1,667,659,669,-1,669,659,657,-1,669,657,654,-1,643,679,642,-1,642,679,677,-1,642,677,644,-1,644,677,675,-1,644,675,646,-1,646,675,673,-1,646,673,648,-1,648,673,671,-1,648,671,650,-1,650,671,669,-1,650,669,652,-1,652,669,654,-1,680,681,682,-1,682,681,683,-1,680,682,684,-1,684,682,685,-1,684,685,686,-1,686,685,687,-1,686,687,688,-1,688,687,689,-1,688,689,690,-1,690,689,691,-1,690,691,692,-1,692,691,693,-1,692,693,694,-1,694,693,695,-1,696,694,697,-1,697,694,695,-1,698,696,699,-1,699,696,697,-1,700,698,701,-1,701,698,699,-1,702,700,703,-1,703,700,701,-1,704,702,705,-1,705,702,703,-1,704,705,706,-1,704,706,707,-1,707,706,708,-1,707,708,709,-1,709,708,710,-1,709,710,711,-1,711,710,712,-1,711,712,713,-1,713,712,714,-1,713,714,715,-1,715,714,716,-1,715,716,717,-1,718,717,719,-1,719,717,716,-1,696,698,694,-1,694,698,700,-1,694,700,692,-1,692,700,690,-1,690,700,702,-1,690,702,704,-1,718,681,717,-1,717,681,680,-1,717,680,715,-1,715,680,684,-1,715,684,713,-1,713,684,686,-1,713,686,711,-1,711,686,688,-1,711,688,709,-1,709,688,690,-1,709,690,707,-1,707,690,704,-1,699,697,701,-1,701,697,695,-1,701,695,693,-1,683,719,682,-1,682,719,716,-1,682,716,685,-1,685,716,714,-1,685,714,687,-1,687,714,712,-1,687,712,689,-1,689,712,710,-1,689,710,691,-1,703,701,705,-1,705,701,693,-1,705,693,706,-1,706,693,691,-1,706,691,708,-1,708,691,710,-1,720,721,722,-1,722,721,723,-1,720,722,724,-1,720,724,725,-1,725,724,726,-1,725,726,727,-1,727,726,728,-1,727,728,729,-1,729,728,730,-1,729,730,731,-1,731,730,732,-1,731,732,733,-1,733,732,734,-1,733,734,735,-1,736,735,737,-1,737,735,734,-1,738,736,739,-1,739,736,737,-1,740,738,741,-1,741,738,739,-1,742,740,743,-1,743,740,741,-1,744,742,745,-1,745,742,743,-1,744,745,746,-1,746,745,747,-1,746,747,748,-1,748,747,749,-1,748,749,750,-1,750,749,751,-1,750,751,752,-1,752,751,753,-1,752,753,754,-1,754,753,755,-1,754,755,756,-1,756,755,757,-1,758,756,759,-1,759,756,757,-1,740,742,738,-1,738,742,744,-1,738,744,746,-1,736,738,735,-1,735,738,746,-1,735,746,733,-1,733,746,748,-1,758,721,756,-1,756,721,720,-1,756,720,754,-1,754,720,725,-1,754,725,752,-1,752,725,727,-1,752,727,750,-1,750,727,729,-1,750,729,748,-1,748,729,731,-1,748,731,733,-1,743,741,745,-1,745,741,739,-1,745,739,747,-1,747,739,749,-1,749,739,737,-1,749,737,734,-1,723,759,722,-1,722,759,757,-1,722,757,724,-1,724,757,755,-1,724,755,726,-1,726,755,753,-1,726,753,728,-1,728,753,751,-1,728,751,730,-1,730,751,749,-1,730,749,732,-1,732,749,734,-1,760,761,762,-1,762,761,763,-1,760,762,764,-1,764,762,765,-1,764,765,766,-1,766,765,767,-1,766,767,768,-1,768,767,769,-1,768,769,770,-1,770,769,771,-1,770,771,772,-1,772,771,773,-1,772,773,774,-1,774,773,775,-1,776,774,777,-1,777,774,775,-1,778,776,779,-1,779,776,777,-1,780,778,781,-1,781,778,779,-1,782,780,783,-1,783,780,781,-1,784,782,785,-1,785,782,783,-1,784,785,786,-1,784,786,787,-1,787,786,788,-1,787,788,789,-1,789,788,790,-1,789,790,791,-1,791,790,792,-1,791,792,793,-1,793,792,794,-1,793,794,795,-1,795,794,796,-1,795,796,797,-1,798,797,799,-1,799,797,796,-1,776,778,774,-1,774,778,780,-1,774,780,772,-1,772,780,770,-1,770,780,782,-1,770,782,784,-1,798,761,797,-1,797,761,760,-1,797,760,795,-1,795,760,764,-1,795,764,793,-1,793,764,766,-1,793,766,791,-1,791,766,768,-1,791,768,789,-1,789,768,770,-1,789,770,787,-1,787,770,784,-1,779,777,781,-1,781,777,775,-1,781,775,773,-1,763,799,762,-1,762,799,796,-1,762,796,765,-1,765,796,794,-1,765,794,767,-1,767,794,792,-1,767,792,769,-1,769,792,790,-1,769,790,771,-1,783,781,785,-1,785,781,773,-1,785,773,786,-1,786,773,771,-1,786,771,788,-1,788,771,790,-1,800,801,802,-1,802,801,803,-1,800,802,804,-1,800,804,805,-1,805,804,806,-1,805,806,807,-1,807,806,808,-1,807,808,809,-1,809,808,810,-1,809,810,811,-1,811,810,812,-1,811,812,813,-1,813,812,814,-1,813,814,815,-1,816,815,817,-1,817,815,814,-1,818,816,819,-1,819,816,817,-1,820,818,821,-1,821,818,819,-1,822,820,823,-1,823,820,821,-1,824,822,825,-1,825,822,823,-1,824,825,826,-1,826,825,827,-1,826,827,828,-1,828,827,829,-1,828,829,830,-1,830,829,831,-1,830,831,832,-1,832,831,833,-1,832,833,834,-1,834,833,835,-1,834,835,836,-1,836,835,837,-1,838,836,839,-1,839,836,837,-1,820,822,818,-1,818,822,824,-1,818,824,826,-1,816,818,815,-1,815,818,826,-1,815,826,813,-1,813,826,828,-1,838,801,836,-1,836,801,800,-1,836,800,834,-1,834,800,805,-1,834,805,832,-1,832,805,807,-1,832,807,830,-1,830,807,809,-1,830,809,828,-1,828,809,811,-1,828,811,813,-1,823,821,825,-1,825,821,819,-1,825,819,827,-1,827,819,829,-1,829,819,817,-1,829,817,814,-1,803,839,802,-1,802,839,837,-1,802,837,804,-1,804,837,835,-1,804,835,806,-1,806,835,833,-1,806,833,808,-1,808,833,831,-1,808,831,810,-1,810,831,829,-1,810,829,812,-1,812,829,814,-1,840,841,842,-1,842,841,843,-1,840,842,844,-1,844,842,845,-1,844,845,846,-1,846,845,847,-1,846,847,848,-1,848,847,849,-1,848,849,850,-1,850,849,851,-1,850,851,852,-1,852,851,853,-1,852,853,854,-1,854,853,855,-1,856,854,857,-1,857,854,855,-1,858,856,859,-1,859,856,857,-1,860,858,861,-1,861,858,859,-1,862,860,863,-1,863,860,861,-1,864,862,865,-1,865,862,863,-1,864,865,866,-1,864,866,867,-1,867,866,868,-1,867,868,869,-1,869,868,870,-1,869,870,871,-1,871,870,872,-1,871,872,873,-1,873,872,874,-1,873,874,875,-1,875,874,876,-1,875,876,877,-1,878,877,879,-1,879,877,876,-1,856,858,854,-1,854,858,860,-1,854,860,852,-1,852,860,850,-1,850,860,862,-1,850,862,864,-1,878,841,877,-1,877,841,840,-1,877,840,875,-1,875,840,844,-1,875,844,873,-1,873,844,846,-1,873,846,871,-1,871,846,848,-1,871,848,869,-1,869,848,850,-1,869,850,867,-1,867,850,864,-1,859,857,861,-1,861,857,855,-1,861,855,853,-1,843,879,842,-1,842,879,876,-1,842,876,845,-1,845,876,874,-1,845,874,847,-1,847,874,872,-1,847,872,849,-1,849,872,870,-1,849,870,851,-1,863,861,865,-1,865,861,853,-1,865,853,866,-1,866,853,851,-1,866,851,868,-1,868,851,870,-1,880,881,882,-1,882,881,883,-1,880,882,884,-1,880,884,885,-1,885,884,886,-1,885,886,887,-1,887,886,888,-1,887,888,889,-1,889,888,890,-1,889,890,891,-1,891,890,892,-1,891,892,893,-1,893,892,894,-1,893,894,895,-1,896,895,897,-1,897,895,894,-1,898,896,899,-1,899,896,897,-1,900,898,901,-1,901,898,899,-1,902,900,903,-1,903,900,901,-1,904,902,905,-1,905,902,903,-1,904,905,906,-1,906,905,907,-1,906,907,908,-1,908,907,909,-1,908,909,910,-1,910,909,911,-1,910,911,912,-1,912,911,913,-1,912,913,914,-1,914,913,915,-1,914,915,916,-1,916,915,917,-1,918,916,919,-1,919,916,917,-1,900,902,898,-1,898,902,904,-1,898,904,906,-1,896,898,895,-1,895,898,906,-1,895,906,893,-1,893,906,908,-1,918,881,916,-1,916,881,880,-1,916,880,914,-1,914,880,885,-1,914,885,912,-1,912,885,887,-1,912,887,910,-1,910,887,889,-1,910,889,908,-1,908,889,891,-1,908,891,893,-1,903,901,905,-1,905,901,899,-1,905,899,907,-1,907,899,909,-1,909,899,897,-1,909,897,894,-1,883,919,882,-1,882,919,917,-1,882,917,884,-1,884,917,915,-1,884,915,886,-1,886,915,913,-1,886,913,888,-1,888,913,911,-1,888,911,890,-1,890,911,909,-1,890,909,892,-1,892,909,894,-1,920,921,922,-1,922,921,923,-1,920,922,924,-1,924,922,925,-1,924,925,926,-1,926,925,927,-1,926,927,928,-1,928,927,929,-1,928,929,930,-1,930,929,931,-1,930,931,932,-1,932,931,933,-1,932,933,934,-1,934,933,935,-1,936,934,937,-1,937,934,935,-1,938,936,939,-1,939,936,937,-1,940,938,941,-1,941,938,939,-1,942,940,943,-1,943,940,941,-1,944,942,945,-1,945,942,943,-1,944,945,946,-1,944,946,947,-1,947,946,948,-1,947,948,949,-1,949,948,950,-1,949,950,951,-1,951,950,952,-1,951,952,953,-1,953,952,954,-1,953,954,955,-1,955,954,956,-1,955,956,957,-1,958,957,959,-1,959,957,956,-1,936,938,934,-1,934,938,940,-1,934,940,932,-1,932,940,930,-1,930,940,942,-1,930,942,944,-1,958,921,957,-1,957,921,920,-1,957,920,955,-1,955,920,924,-1,955,924,953,-1,953,924,926,-1,953,926,951,-1,951,926,928,-1,951,928,949,-1,949,928,930,-1,949,930,947,-1,947,930,944,-1,939,937,941,-1,941,937,935,-1,941,935,933,-1,923,959,922,-1,922,959,956,-1,922,956,925,-1,925,956,954,-1,925,954,927,-1,927,954,952,-1,927,952,929,-1,929,952,950,-1,929,950,931,-1,943,941,945,-1,945,941,933,-1,945,933,946,-1,946,933,931,-1,946,931,948,-1,948,931,950,-1,960,961,962,-1,962,961,963,-1,960,962,964,-1,960,964,965,-1,965,964,966,-1,965,966,967,-1,967,966,968,-1,967,968,969,-1,969,968,970,-1,969,970,971,-1,971,970,972,-1,971,972,973,-1,973,972,974,-1,973,974,975,-1,976,975,977,-1,977,975,974,-1,978,976,979,-1,979,976,977,-1,980,978,981,-1,981,978,979,-1,982,980,983,-1,983,980,981,-1,984,982,985,-1,985,982,983,-1,984,985,986,-1,986,985,987,-1,986,987,988,-1,988,987,989,-1,988,989,990,-1,990,989,991,-1,990,991,992,-1,992,991,993,-1,992,993,994,-1,994,993,995,-1,994,995,996,-1,996,995,997,-1,998,996,999,-1,999,996,997,-1,980,982,978,-1,978,982,984,-1,978,984,986,-1,976,978,975,-1,975,978,986,-1,975,986,973,-1,973,986,988,-1,998,961,996,-1,996,961,960,-1,996,960,994,-1,994,960,965,-1,994,965,992,-1,992,965,967,-1,992,967,990,-1,990,967,969,-1,990,969,988,-1,988,969,971,-1,988,971,973,-1,983,981,985,-1,985,981,979,-1,985,979,987,-1,987,979,989,-1,989,979,977,-1,989,977,974,-1,963,999,962,-1,962,999,997,-1,962,997,964,-1,964,997,995,-1,964,995,966,-1,966,995,993,-1,966,993,968,-1,968,993,991,-1,968,991,970,-1,970,991,989,-1,970,989,972,-1,972,989,974,-1,1000,1001,1002,-1,1002,1001,1003,-1,1000,1002,1004,-1,1004,1002,1005,-1,1004,1005,1006,-1,1006,1005,1007,-1,1006,1007,1008,-1,1008,1007,1009,-1,1008,1009,1010,-1,1010,1009,1011,-1,1010,1011,1012,-1,1012,1011,1013,-1,1012,1013,1014,-1,1014,1013,1015,-1,1016,1014,1017,-1,1017,1014,1015,-1,1018,1016,1019,-1,1019,1016,1017,-1,1020,1018,1021,-1,1021,1018,1019,-1,1022,1020,1023,-1,1023,1020,1021,-1,1024,1022,1025,-1,1025,1022,1023,-1,1024,1025,1026,-1,1024,1026,1027,-1,1027,1026,1028,-1,1027,1028,1029,-1,1029,1028,1030,-1,1029,1030,1031,-1,1031,1030,1032,-1,1031,1032,1033,-1,1033,1032,1034,-1,1033,1034,1035,-1,1035,1034,1036,-1,1035,1036,1037,-1,1038,1037,1039,-1,1039,1037,1036,-1,1016,1018,1014,-1,1014,1018,1020,-1,1014,1020,1012,-1,1012,1020,1010,-1,1010,1020,1022,-1,1010,1022,1024,-1,1038,1001,1037,-1,1037,1001,1000,-1,1037,1000,1035,-1,1035,1000,1004,-1,1035,1004,1033,-1,1033,1004,1006,-1,1033,1006,1031,-1,1031,1006,1008,-1,1031,1008,1029,-1,1029,1008,1010,-1,1029,1010,1027,-1,1027,1010,1024,-1,1019,1017,1021,-1,1021,1017,1015,-1,1021,1015,1013,-1,1003,1039,1002,-1,1002,1039,1036,-1,1002,1036,1005,-1,1005,1036,1034,-1,1005,1034,1007,-1,1007,1034,1032,-1,1007,1032,1009,-1,1009,1032,1030,-1,1009,1030,1011,-1,1023,1021,1025,-1,1025,1021,1013,-1,1025,1013,1026,-1,1026,1013,1011,-1,1026,1011,1028,-1,1028,1011,1030,-1,1040,1041,1042,-1,1042,1041,1043,-1,1040,1042,1044,-1,1040,1044,1045,-1,1045,1044,1046,-1,1045,1046,1047,-1,1047,1046,1048,-1,1047,1048,1049,-1,1049,1048,1050,-1,1049,1050,1051,-1,1051,1050,1052,-1,1051,1052,1053,-1,1053,1052,1054,-1,1053,1054,1055,-1,1056,1055,1057,-1,1057,1055,1054,-1,1058,1056,1059,-1,1059,1056,1057,-1,1060,1058,1061,-1,1061,1058,1059,-1,1062,1060,1063,-1,1063,1060,1061,-1,1064,1062,1065,-1,1065,1062,1063,-1,1064,1065,1066,-1,1066,1065,1067,-1,1066,1067,1068,-1,1068,1067,1069,-1,1068,1069,1070,-1,1070,1069,1071,-1,1070,1071,1072,-1,1072,1071,1073,-1,1072,1073,1074,-1,1074,1073,1075,-1,1074,1075,1076,-1,1076,1075,1077,-1,1078,1076,1079,-1,1079,1076,1077,-1,1060,1062,1058,-1,1058,1062,1064,-1,1058,1064,1066,-1,1056,1058,1055,-1,1055,1058,1066,-1,1055,1066,1053,-1,1053,1066,1068,-1,1078,1041,1076,-1,1076,1041,1040,-1,1076,1040,1074,-1,1074,1040,1045,-1,1074,1045,1072,-1,1072,1045,1047,-1,1072,1047,1070,-1,1070,1047,1049,-1,1070,1049,1068,-1,1068,1049,1051,-1,1068,1051,1053,-1,1063,1061,1065,-1,1065,1061,1059,-1,1065,1059,1067,-1,1067,1059,1069,-1,1069,1059,1057,-1,1069,1057,1054,-1,1043,1079,1042,-1,1042,1079,1077,-1,1042,1077,1044,-1,1044,1077,1075,-1,1044,1075,1046,-1,1046,1075,1073,-1,1046,1073,1048,-1,1048,1073,1071,-1,1048,1071,1050,-1,1050,1071,1069,-1,1050,1069,1052,-1,1052,1069,1054,-1,1080,1081,1082,-1,1082,1081,1083,-1,1080,1082,1084,-1,1084,1082,1085,-1,1084,1085,1086,-1,1086,1085,1087,-1,1086,1087,1088,-1,1088,1087,1089,-1,1088,1089,1090,-1,1090,1089,1091,-1,1090,1091,1092,-1,1092,1091,1093,-1,1092,1093,1094,-1,1094,1093,1095,-1,1096,1094,1097,-1,1097,1094,1095,-1,1098,1096,1099,-1,1099,1096,1097,-1,1100,1098,1101,-1,1101,1098,1099,-1,1102,1100,1103,-1,1103,1100,1101,-1,1104,1102,1105,-1,1105,1102,1103,-1,1104,1105,1106,-1,1104,1106,1107,-1,1107,1106,1108,-1,1107,1108,1109,-1,1109,1108,1110,-1,1109,1110,1111,-1,1111,1110,1112,-1,1111,1112,1113,-1,1113,1112,1114,-1,1113,1114,1115,-1,1115,1114,1116,-1,1115,1116,1117,-1,1118,1117,1119,-1,1119,1117,1116,-1,1096,1098,1094,-1,1094,1098,1100,-1,1094,1100,1092,-1,1092,1100,1090,-1,1090,1100,1102,-1,1090,1102,1104,-1,1118,1081,1117,-1,1117,1081,1080,-1,1117,1080,1115,-1,1115,1080,1084,-1,1115,1084,1113,-1,1113,1084,1086,-1,1113,1086,1111,-1,1111,1086,1088,-1,1111,1088,1109,-1,1109,1088,1090,-1,1109,1090,1107,-1,1107,1090,1104,-1,1099,1097,1101,-1,1101,1097,1095,-1,1101,1095,1093,-1,1083,1119,1082,-1,1082,1119,1116,-1,1082,1116,1085,-1,1085,1116,1114,-1,1085,1114,1087,-1,1087,1114,1112,-1,1087,1112,1089,-1,1089,1112,1110,-1,1089,1110,1091,-1,1103,1101,1105,-1,1105,1101,1093,-1,1105,1093,1106,-1,1106,1093,1091,-1,1106,1091,1108,-1,1108,1091,1110,-1,1120,1121,1122,-1,1122,1121,1123,-1,1120,1122,1124,-1,1120,1124,1125,-1,1125,1124,1126,-1,1125,1126,1127,-1,1127,1126,1128,-1,1127,1128,1129,-1,1129,1128,1130,-1,1129,1130,1131,-1,1131,1130,1132,-1,1131,1132,1133,-1,1133,1132,1134,-1,1133,1134,1135,-1,1136,1135,1137,-1,1137,1135,1134,-1,1138,1136,1139,-1,1139,1136,1137,-1,1140,1138,1141,-1,1141,1138,1139,-1,1142,1140,1143,-1,1143,1140,1141,-1,1144,1142,1145,-1,1145,1142,1143,-1,1144,1145,1146,-1,1146,1145,1147,-1,1146,1147,1148,-1,1148,1147,1149,-1,1148,1149,1150,-1,1150,1149,1151,-1,1150,1151,1152,-1,1152,1151,1153,-1,1152,1153,1154,-1,1154,1153,1155,-1,1154,1155,1156,-1,1156,1155,1157,-1,1158,1156,1159,-1,1159,1156,1157,-1,1140,1142,1138,-1,1138,1142,1144,-1,1138,1144,1146,-1,1136,1138,1135,-1,1135,1138,1146,-1,1135,1146,1133,-1,1133,1146,1148,-1,1158,1121,1156,-1,1156,1121,1120,-1,1156,1120,1154,-1,1154,1120,1125,-1,1154,1125,1152,-1,1152,1125,1127,-1,1152,1127,1150,-1,1150,1127,1129,-1,1150,1129,1148,-1,1148,1129,1131,-1,1148,1131,1133,-1,1143,1141,1145,-1,1145,1141,1139,-1,1145,1139,1147,-1,1147,1139,1149,-1,1149,1139,1137,-1,1149,1137,1134,-1,1123,1159,1122,-1,1122,1159,1157,-1,1122,1157,1124,-1,1124,1157,1155,-1,1124,1155,1126,-1,1126,1155,1153,-1,1126,1153,1128,-1,1128,1153,1151,-1,1128,1151,1130,-1,1130,1151,1149,-1,1130,1149,1132,-1,1132,1149,1134,-1,1160,1161,1162,-1,1162,1161,1163,-1,1160,1162,1164,-1,1164,1162,1165,-1,1164,1165,1166,-1,1166,1165,1167,-1,1166,1167,1168,-1,1168,1167,1169,-1,1168,1169,1170,-1,1170,1169,1171,-1,1170,1171,1172,-1,1172,1171,1173,-1,1172,1173,1174,-1,1174,1173,1175,-1,1176,1174,1177,-1,1177,1174,1175,-1,1178,1176,1179,-1,1179,1176,1177,-1,1180,1178,1181,-1,1181,1178,1179,-1,1182,1180,1183,-1,1183,1180,1181,-1,1184,1182,1185,-1,1185,1182,1183,-1,1184,1185,1186,-1,1184,1186,1187,-1,1187,1186,1188,-1,1187,1188,1189,-1,1189,1188,1190,-1,1189,1190,1191,-1,1191,1190,1192,-1,1191,1192,1193,-1,1193,1192,1194,-1,1193,1194,1195,-1,1195,1194,1196,-1,1195,1196,1197,-1,1198,1197,1199,-1,1199,1197,1196,-1,1176,1178,1174,-1,1174,1178,1180,-1,1174,1180,1172,-1,1172,1180,1170,-1,1170,1180,1182,-1,1170,1182,1184,-1,1198,1161,1197,-1,1197,1161,1160,-1,1197,1160,1195,-1,1195,1160,1164,-1,1195,1164,1193,-1,1193,1164,1166,-1,1193,1166,1191,-1,1191,1166,1168,-1,1191,1168,1189,-1,1189,1168,1170,-1,1189,1170,1187,-1,1187,1170,1184,-1,1179,1177,1181,-1,1181,1177,1175,-1,1181,1175,1173,-1,1163,1199,1162,-1,1162,1199,1196,-1,1162,1196,1165,-1,1165,1196,1194,-1,1165,1194,1167,-1,1167,1194,1192,-1,1167,1192,1169,-1,1169,1192,1190,-1,1169,1190,1171,-1,1183,1181,1185,-1,1185,1181,1173,-1,1185,1173,1186,-1,1186,1173,1171,-1,1186,1171,1188,-1,1188,1171,1190,-1,1200,1201,1202,-1,1202,1201,1203,-1,1200,1202,1204,-1,1200,1204,1205,-1,1205,1204,1206,-1,1205,1206,1207,-1,1207,1206,1208,-1,1207,1208,1209,-1,1209,1208,1210,-1,1209,1210,1211,-1,1211,1210,1212,-1,1211,1212,1213,-1,1213,1212,1214,-1,1213,1214,1215,-1,1216,1215,1217,-1,1217,1215,1214,-1,1218,1216,1219,-1,1219,1216,1217,-1,1220,1218,1221,-1,1221,1218,1219,-1,1222,1220,1223,-1,1223,1220,1221,-1,1224,1222,1225,-1,1225,1222,1223,-1,1224,1225,1226,-1,1226,1225,1227,-1,1226,1227,1228,-1,1228,1227,1229,-1,1228,1229,1230,-1,1230,1229,1231,-1,1230,1231,1232,-1,1232,1231,1233,-1,1232,1233,1234,-1,1234,1233,1235,-1,1234,1235,1236,-1,1236,1235,1237,-1,1238,1236,1239,-1,1239,1236,1237,-1,1220,1222,1218,-1,1218,1222,1224,-1,1218,1224,1226,-1,1216,1218,1215,-1,1215,1218,1226,-1,1215,1226,1213,-1,1213,1226,1228,-1,1238,1201,1236,-1,1236,1201,1200,-1,1236,1200,1234,-1,1234,1200,1205,-1,1234,1205,1232,-1,1232,1205,1207,-1,1232,1207,1230,-1,1230,1207,1209,-1,1230,1209,1228,-1,1228,1209,1211,-1,1228,1211,1213,-1,1223,1221,1225,-1,1225,1221,1219,-1,1225,1219,1227,-1,1227,1219,1229,-1,1229,1219,1217,-1,1229,1217,1214,-1,1203,1239,1202,-1,1202,1239,1237,-1,1202,1237,1204,-1,1204,1237,1235,-1,1204,1235,1206,-1,1206,1235,1233,-1,1206,1233,1208,-1,1208,1233,1231,-1,1208,1231,1210,-1,1210,1231,1229,-1,1210,1229,1212,-1,1212,1229,1214,-1,1240,1241,1242,-1,1242,1241,1243,-1,1240,1242,1244,-1,1244,1242,1245,-1,1244,1245,1246,-1,1246,1245,1247,-1,1246,1247,1248,-1,1248,1247,1249,-1,1248,1249,1250,-1,1250,1249,1251,-1,1250,1251,1252,-1,1252,1251,1253,-1,1252,1253,1254,-1,1254,1253,1255,-1,1256,1254,1257,-1,1257,1254,1255,-1,1258,1256,1259,-1,1259,1256,1257,-1,1260,1258,1261,-1,1261,1258,1259,-1,1262,1260,1263,-1,1263,1260,1261,-1,1264,1262,1265,-1,1265,1262,1263,-1,1264,1265,1266,-1,1264,1266,1267,-1,1267,1266,1268,-1,1267,1268,1269,-1,1269,1268,1270,-1,1269,1270,1271,-1,1271,1270,1272,-1,1271,1272,1273,-1,1273,1272,1274,-1,1273,1274,1275,-1,1275,1274,1276,-1,1275,1276,1277,-1,1278,1277,1279,-1,1279,1277,1276,-1,1256,1258,1254,-1,1254,1258,1260,-1,1254,1260,1252,-1,1252,1260,1250,-1,1250,1260,1262,-1,1250,1262,1264,-1,1278,1241,1277,-1,1277,1241,1240,-1,1277,1240,1275,-1,1275,1240,1244,-1,1275,1244,1273,-1,1273,1244,1246,-1,1273,1246,1271,-1,1271,1246,1248,-1,1271,1248,1269,-1,1269,1248,1250,-1,1269,1250,1267,-1,1267,1250,1264,-1,1259,1257,1261,-1,1261,1257,1255,-1,1261,1255,1253,-1,1243,1279,1242,-1,1242,1279,1276,-1,1242,1276,1245,-1,1245,1276,1274,-1,1245,1274,1247,-1,1247,1274,1272,-1,1247,1272,1249,-1,1249,1272,1270,-1,1249,1270,1251,-1,1263,1261,1265,-1,1265,1261,1253,-1,1265,1253,1266,-1,1266,1253,1251,-1,1266,1251,1268,-1,1268,1251,1270,-1,1280,1281,1282,-1,1282,1281,1283,-1,1280,1282,1284,-1,1280,1284,1285,-1,1285,1284,1286,-1,1285,1286,1287,-1,1287,1286,1288,-1,1287,1288,1289,-1,1289,1288,1290,-1,1289,1290,1291,-1,1291,1290,1292,-1,1291,1292,1293,-1,1293,1292,1294,-1,1293,1294,1295,-1,1296,1295,1297,-1,1297,1295,1294,-1,1298,1296,1299,-1,1299,1296,1297,-1,1300,1298,1301,-1,1301,1298,1299,-1,1302,1300,1303,-1,1303,1300,1301,-1,1304,1302,1305,-1,1305,1302,1303,-1,1304,1305,1306,-1,1306,1305,1307,-1,1306,1307,1308,-1,1308,1307,1309,-1,1308,1309,1310,-1,1310,1309,1311,-1,1310,1311,1312,-1,1312,1311,1313,-1,1312,1313,1314,-1,1314,1313,1315,-1,1314,1315,1316,-1,1316,1315,1317,-1,1318,1316,1319,-1,1319,1316,1317,-1,1300,1302,1298,-1,1298,1302,1304,-1,1298,1304,1306,-1,1296,1298,1295,-1,1295,1298,1306,-1,1295,1306,1293,-1,1293,1306,1308,-1,1318,1281,1316,-1,1316,1281,1280,-1,1316,1280,1314,-1,1314,1280,1285,-1,1314,1285,1312,-1,1312,1285,1287,-1,1312,1287,1310,-1,1310,1287,1289,-1,1310,1289,1308,-1,1308,1289,1291,-1,1308,1291,1293,-1,1303,1301,1305,-1,1305,1301,1299,-1,1305,1299,1307,-1,1307,1299,1309,-1,1309,1299,1297,-1,1309,1297,1294,-1,1283,1319,1282,-1,1282,1319,1317,-1,1282,1317,1284,-1,1284,1317,1315,-1,1284,1315,1286,-1,1286,1315,1313,-1,1286,1313,1288,-1,1288,1313,1311,-1,1288,1311,1290,-1,1290,1311,1309,-1,1290,1309,1292,-1,1292,1309,1294,-1,1320,1321,1322,-1,1322,1321,1323,-1,1320,1322,1324,-1,1324,1322,1325,-1,1324,1325,1326,-1,1326,1325,1327,-1,1326,1327,1328,-1,1328,1327,1329,-1,1328,1329,1330,-1,1330,1329,1331,-1,1330,1331,1332,-1,1332,1331,1333,-1,1332,1333,1334,-1,1334,1333,1335,-1,1336,1334,1337,-1,1337,1334,1335,-1,1338,1336,1339,-1,1339,1336,1337,-1,1340,1338,1341,-1,1341,1338,1339,-1,1342,1340,1343,-1,1343,1340,1341,-1,1344,1342,1345,-1,1345,1342,1343,-1,1344,1345,1346,-1,1344,1346,1347,-1,1347,1346,1348,-1,1347,1348,1349,-1,1349,1348,1350,-1,1349,1350,1351,-1,1351,1350,1352,-1,1351,1352,1353,-1,1353,1352,1354,-1,1353,1354,1355,-1,1355,1354,1356,-1,1355,1356,1357,-1,1358,1357,1359,-1,1359,1357,1356,-1,1336,1338,1334,-1,1334,1338,1340,-1,1334,1340,1332,-1,1332,1340,1330,-1,1330,1340,1342,-1,1330,1342,1344,-1,1358,1321,1357,-1,1357,1321,1320,-1,1357,1320,1355,-1,1355,1320,1324,-1,1355,1324,1353,-1,1353,1324,1326,-1,1353,1326,1351,-1,1351,1326,1328,-1,1351,1328,1349,-1,1349,1328,1330,-1,1349,1330,1347,-1,1347,1330,1344,-1,1339,1337,1341,-1,1341,1337,1335,-1,1341,1335,1333,-1,1323,1359,1322,-1,1322,1359,1356,-1,1322,1356,1325,-1,1325,1356,1354,-1,1325,1354,1327,-1,1327,1354,1352,-1,1327,1352,1329,-1,1329,1352,1350,-1,1329,1350,1331,-1,1343,1341,1345,-1,1345,1341,1333,-1,1345,1333,1346,-1,1346,1333,1331,-1,1346,1331,1348,-1,1348,1331,1350,-1,1360,1361,1362,-1,1360,1362,1363,-1,1363,1362,1364,-1,1363,1364,1365,-1,1365,1364,1366,-1,1365,1366,1367,-1,1367,1366,1368,-1,1367,1368,1369,-1,1369,1368,1370,-1,1369,1370,1371,-1,1371,1370,1372,-1,1371,1372,1373,-1,1373,1372,1374,-1,1373,1374,1375,-1,1360,1376,1361,-1,1361,1376,1377,-1,1375,1376,1360,-1,1360,1363,1375,-1,1375,1363,1365,-1,1375,1365,1367,-1,1367,1369,1375,-1,1375,1369,1371,-1,1375,1371,1373,-1,1361,1377,1374,-1,1366,1364,1374,-1,1374,1364,1362,-1,1374,1362,1361,-1,1372,1370,1374,-1,1374,1370,1368,-1,1374,1368,1366,-1,1378,1379,1380,-1,1378,1380,1381,-1,1381,1380,1382,-1,1381,1382,1383,-1,1383,1382,1384,-1,1383,1384,1385,-1,1386,1385,1387,-1,1387,1385,1384,-1,1388,1386,1389,-1,1389,1386,1387,-1,1385,1386,1388,-1,1378,1381,1388,-1,1388,1381,1383,-1,1388,1383,1385,-1,1389,1387,1384,-1,1384,1382,1389,-1,1389,1382,1380,-1,1389,1380,1379,-1,1390,1391,1392,-1,1390,1392,1393,-1,1393,1392,1394,-1,1393,1394,1395,-1,1395,1394,1396,-1,1395,1396,1397,-1,1397,1396,1398,-1,1397,1398,1399,-1,1399,1398,1400,-1,1399,1400,1401,-1,1401,1400,1402,-1,1401,1402,1403,-1,1403,1402,1404,-1,1403,1404,1405,-1,1406,1405,1407,-1,1407,1405,1404,-1,1393,1403,1390,-1,1390,1403,1405,-1,1390,1405,1406,-1,1393,1395,1403,-1,1403,1395,1397,-1,1403,1397,1401,-1,1401,1397,1399,-1,1394,1392,1391,-1,1407,1404,1391,-1,1391,1404,1402,-1,1391,1402,1400,-1,1400,1398,1391,-1,1391,1398,1396,-1,1391,1396,1394,-1,1408,1409,1410,-1,1408,1410,1411,-1,1411,1410,1412,-1,1411,1412,1413,-1,1413,1412,1414,-1,1413,1414,1415,-1,1416,1417,1418,-1,1418,1417,1419,-1,1408,1416,1409,-1,1409,1416,1418,-1,1417,1416,1408,-1,1408,1411,1417,-1,1417,1411,1413,-1,1417,1413,1415,-1,1409,1418,1419,-1,1414,1412,1419,-1,1419,1412,1410,-1,1419,1410,1409,-1,1420,1421,1422,-1,1420,1422,1423,-1,1423,1422,1424,-1,1423,1424,1425,-1,1425,1424,1426,-1,1425,1426,1427,-1,1427,1426,1428,-1,1427,1428,1429,-1,1429,1428,1430,-1,1429,1430,1431,-1,1431,1430,1432,-1,1431,1432,1433,-1,1433,1432,1434,-1,1433,1434,1435,-1,1420,1436,1421,-1,1421,1436,1437,-1,1435,1436,1420,-1,1420,1423,1435,-1,1435,1423,1425,-1,1435,1425,1427,-1,1427,1429,1435,-1,1435,1429,1431,-1,1435,1431,1433,-1,1421,1437,1434,-1,1426,1424,1434,-1,1434,1424,1422,-1,1434,1422,1421,-1,1432,1430,1434,-1,1434,1430,1428,-1,1434,1428,1426,-1,1438,1439,1440,-1,1438,1440,1441,-1,1441,1440,1442,-1,1441,1442,1443,-1,1443,1442,1444,-1,1443,1444,1445,-1,1446,1445,1447,-1,1447,1445,1444,-1,1448,1446,1449,-1,1449,1446,1447,-1,1438,1441,1450,-1,1450,1441,1443,-1,1450,1443,1448,-1,1448,1443,1445,-1,1448,1445,1446,-1,1440,1439,1451,-1,1449,1447,1444,-1,1449,1444,1451,-1,1451,1444,1442,-1,1451,1442,1440,-1,1452,1453,1454,-1,1452,1454,1455,-1,1455,1454,1456,-1,1455,1456,1457,-1,1457,1456,1458,-1,1457,1458,1459,-1,1459,1458,1460,-1,1459,1460,1461,-1,1461,1460,1462,-1,1461,1462,1463,-1,1463,1462,1464,-1,1463,1464,1465,-1,1465,1464,1466,-1,1465,1466,1467,-1,1468,1467,1469,-1,1469,1467,1466,-1,1455,1465,1452,-1,1452,1465,1467,-1,1452,1467,1468,-1,1455,1457,1465,-1,1465,1457,1459,-1,1465,1459,1463,-1,1463,1459,1461,-1,1456,1454,1453,-1,1469,1466,1453,-1,1453,1466,1464,-1,1453,1464,1462,-1,1462,1460,1453,-1,1453,1460,1458,-1,1453,1458,1456,-1,1470,1471,1472,-1,1470,1472,1473,-1,1473,1472,1474,-1,1473,1474,1475,-1,1475,1474,1476,-1,1475,1476,1477,-1,1478,1479,1480,-1,1480,1479,1481,-1,1470,1478,1471,-1,1471,1478,1480,-1,1479,1478,1470,-1,1470,1473,1479,-1,1479,1473,1475,-1,1479,1475,1477,-1,1471,1480,1481,-1,1476,1474,1481,-1,1481,1474,1472,-1,1481,1472,1471,-1,1482,1483,1484,-1,1482,1484,1485,-1,1485,1484,1486,-1,1485,1486,1487,-1,1487,1486,1488,-1,1487,1488,1489,-1,1489,1488,1490,-1,1489,1490,1491,-1,1491,1490,1492,-1,1491,1492,1493,-1,1493,1492,1494,-1,1493,1494,1495,-1,1495,1494,1496,-1,1495,1496,1497,-1,1482,1498,1483,-1,1483,1498,1499,-1,1497,1498,1482,-1,1482,1485,1497,-1,1497,1485,1487,-1,1497,1487,1489,-1,1489,1491,1497,-1,1497,1491,1493,-1,1497,1493,1495,-1,1483,1499,1496,-1,1488,1486,1496,-1,1496,1486,1484,-1,1496,1484,1483,-1,1494,1492,1496,-1,1496,1492,1490,-1,1496,1490,1488,-1,1500,1501,1502,-1,1500,1502,1503,-1,1503,1502,1504,-1,1503,1504,1505,-1,1505,1504,1506,-1,1505,1506,1507,-1,1508,1507,1509,-1,1509,1507,1506,-1,1510,1508,1511,-1,1511,1508,1509,-1,1500,1503,1512,-1,1512,1503,1505,-1,1512,1505,1510,-1,1510,1505,1507,-1,1510,1507,1508,-1,1502,1501,1513,-1,1511,1509,1506,-1,1511,1506,1513,-1,1513,1506,1504,-1,1513,1504,1502,-1,1514,1515,1516,-1,1514,1516,1517,-1,1517,1516,1518,-1,1517,1518,1519,-1,1519,1518,1520,-1,1519,1520,1521,-1,1521,1520,1522,-1,1521,1522,1523,-1,1523,1522,1524,-1,1523,1524,1525,-1,1525,1524,1526,-1,1525,1526,1527,-1,1527,1526,1528,-1,1527,1528,1529,-1,1530,1529,1531,-1,1531,1529,1528,-1,1517,1527,1514,-1,1514,1527,1529,-1,1514,1529,1530,-1,1517,1519,1527,-1,1527,1519,1521,-1,1527,1521,1525,-1,1525,1521,1523,-1,1518,1516,1515,-1,1531,1528,1515,-1,1515,1528,1526,-1,1515,1526,1524,-1,1524,1522,1515,-1,1515,1522,1520,-1,1515,1520,1518,-1,1532,1533,1534,-1,1532,1534,1535,-1,1535,1534,1536,-1,1535,1536,1537,-1,1537,1536,1538,-1,1537,1538,1539,-1,1540,1541,1542,-1,1542,1541,1543,-1,1532,1540,1533,-1,1533,1540,1542,-1,1541,1540,1532,-1,1532,1535,1541,-1,1541,1535,1537,-1,1541,1537,1539,-1,1533,1542,1543,-1,1538,1536,1543,-1,1543,1536,1534,-1,1543,1534,1533,-1,1544,1545,1546,-1,1544,1546,1547,-1,1547,1546,1548,-1,1547,1548,1549,-1,1549,1548,1550,-1,1549,1550,1551,-1,1551,1550,1552,-1,1551,1552,1553,-1,1553,1552,1554,-1,1553,1554,1555,-1,1555,1554,1556,-1,1555,1556,1557,-1,1557,1556,1558,-1,1557,1558,1559,-1,1544,1560,1545,-1,1545,1560,1561,-1,1559,1560,1544,-1,1544,1547,1559,-1,1559,1547,1549,-1,1559,1549,1551,-1,1551,1553,1559,-1,1559,1553,1555,-1,1559,1555,1557,-1,1545,1561,1558,-1,1550,1548,1558,-1,1558,1548,1546,-1,1558,1546,1545,-1,1556,1554,1558,-1,1558,1554,1552,-1,1558,1552,1550,-1,1562,1563,1564,-1,1562,1564,1565,-1,1565,1564,1566,-1,1565,1566,1567,-1,1567,1566,1568,-1,1567,1568,1569,-1,1570,1569,1571,-1,1571,1569,1568,-1,1572,1570,1573,-1,1573,1570,1571,-1,1562,1565,1574,-1,1574,1565,1567,-1,1574,1567,1572,-1,1572,1567,1569,-1,1572,1569,1570,-1,1564,1563,1575,-1,1573,1571,1568,-1,1573,1568,1575,-1,1575,1568,1566,-1,1575,1566,1564,-1,1576,1577,1578,-1,1576,1578,1579,-1,1579,1578,1580,-1,1579,1580,1581,-1,1581,1580,1582,-1,1581,1582,1583,-1,1583,1582,1584,-1,1583,1584,1585,-1,1585,1584,1586,-1,1585,1586,1587,-1,1587,1586,1588,-1,1587,1588,1589,-1,1589,1588,1590,-1,1589,1590,1591,-1,1592,1591,1593,-1,1593,1591,1590,-1,1579,1589,1576,-1,1576,1589,1591,-1,1576,1591,1592,-1,1579,1581,1589,-1,1589,1581,1583,-1,1589,1583,1587,-1,1587,1583,1585,-1,1580,1578,1577,-1,1593,1590,1577,-1,1577,1590,1588,-1,1577,1588,1586,-1,1586,1584,1577,-1,1577,1584,1582,-1,1577,1582,1580,-1,1594,1595,1596,-1,1594,1596,1597,-1,1597,1596,1598,-1,1597,1598,1599,-1,1599,1598,1600,-1,1599,1600,1601,-1,1602,1603,1604,-1,1604,1603,1605,-1,1594,1602,1595,-1,1595,1602,1604,-1,1603,1602,1594,-1,1594,1597,1603,-1,1603,1597,1599,-1,1603,1599,1601,-1,1595,1604,1605,-1,1600,1598,1605,-1,1605,1598,1596,-1,1605,1596,1595,-1,1606,1607,1608,-1,1606,1608,1609,-1,1609,1608,1610,-1,1609,1610,1611,-1,1611,1610,1612,-1,1611,1612,1613,-1,1613,1612,1614,-1,1613,1614,1615,-1,1615,1614,1616,-1,1615,1616,1617,-1,1617,1616,1618,-1,1617,1618,1619,-1,1619,1618,1620,-1,1619,1620,1621,-1,1606,1622,1607,-1,1607,1622,1623,-1,1621,1622,1606,-1,1606,1609,1621,-1,1621,1609,1611,-1,1621,1611,1613,-1,1613,1615,1621,-1,1621,1615,1617,-1,1621,1617,1619,-1,1607,1623,1620,-1,1612,1610,1620,-1,1620,1610,1608,-1,1620,1608,1607,-1,1618,1616,1620,-1,1620,1616,1614,-1,1620,1614,1612,-1,1624,1625,1626,-1,1624,1626,1627,-1,1627,1626,1628,-1,1627,1628,1629,-1,1629,1628,1630,-1,1629,1630,1631,-1,1632,1631,1633,-1,1633,1631,1630,-1,1634,1632,1635,-1,1635,1632,1633,-1,1624,1627,1636,-1,1636,1627,1629,-1,1636,1629,1634,-1,1634,1629,1631,-1,1634,1631,1632,-1,1626,1625,1637,-1,1635,1633,1630,-1,1635,1630,1637,-1,1637,1630,1628,-1,1637,1628,1626,-1,1638,1639,1640,-1,1638,1640,1641,-1,1641,1640,1642,-1,1641,1642,1643,-1,1643,1642,1644,-1,1643,1644,1645,-1,1645,1644,1646,-1,1645,1646,1647,-1,1647,1646,1648,-1,1647,1648,1649,-1,1649,1648,1650,-1,1649,1650,1651,-1,1651,1650,1652,-1,1651,1652,1653,-1,1654,1653,1655,-1,1655,1653,1652,-1,1641,1651,1638,-1,1638,1651,1653,-1,1638,1653,1654,-1,1641,1643,1651,-1,1651,1643,1645,-1,1651,1645,1649,-1,1649,1645,1647,-1,1642,1640,1639,-1,1655,1652,1639,-1,1639,1652,1650,-1,1639,1650,1648,-1,1648,1646,1639,-1,1639,1646,1644,-1,1639,1644,1642,-1,1656,1657,1658,-1,1656,1658,1659,-1,1659,1658,1660,-1,1659,1660,1661,-1,1661,1660,1662,-1,1661,1662,1663,-1,1664,1665,1666,-1,1666,1665,1667,-1,1656,1664,1657,-1,1657,1664,1666,-1,1665,1664,1656,-1,1656,1659,1665,-1,1665,1659,1661,-1,1665,1661,1663,-1,1657,1666,1667,-1,1662,1660,1667,-1,1667,1660,1658,-1,1667,1658,1657,-1,1668,1669,1670,-1,1668,1670,1671,-1,1671,1670,1672,-1,1671,1672,1673,-1,1673,1672,1674,-1,1673,1674,1675,-1,1675,1674,1676,-1,1675,1676,1677,-1,1677,1676,1678,-1,1677,1678,1679,-1,1679,1678,1680,-1,1679,1680,1681,-1,1681,1680,1682,-1,1681,1682,1683,-1,1668,1684,1669,-1,1669,1684,1685,-1,1683,1684,1668,-1,1668,1671,1683,-1,1683,1671,1673,-1,1683,1673,1675,-1,1675,1677,1683,-1,1683,1677,1679,-1,1683,1679,1681,-1,1669,1685,1682,-1,1674,1672,1682,-1,1682,1672,1670,-1,1682,1670,1669,-1,1680,1678,1682,-1,1682,1678,1676,-1,1682,1676,1674,-1,1686,1687,1688,-1,1686,1688,1689,-1,1689,1688,1690,-1,1689,1690,1691,-1,1691,1690,1692,-1,1691,1692,1693,-1,1694,1693,1695,-1,1695,1693,1692,-1,1696,1694,1697,-1,1697,1694,1695,-1,1686,1689,1698,-1,1698,1689,1691,-1,1698,1691,1696,-1,1696,1691,1693,-1,1696,1693,1694,-1,1688,1687,1699,-1,1697,1695,1692,-1,1697,1692,1699,-1,1699,1692,1690,-1,1699,1690,1688,-1,1700,1701,1702,-1,1700,1702,1703,-1,1703,1702,1704,-1,1703,1704,1705,-1,1705,1704,1706,-1,1705,1706,1707,-1,1707,1706,1708,-1,1707,1708,1709,-1,1709,1708,1710,-1,1709,1710,1711,-1,1711,1710,1712,-1,1711,1712,1713,-1,1713,1712,1714,-1,1713,1714,1715,-1,1716,1715,1717,-1,1717,1715,1714,-1,1703,1713,1700,-1,1700,1713,1715,-1,1700,1715,1716,-1,1703,1705,1713,-1,1713,1705,1707,-1,1713,1707,1711,-1,1711,1707,1709,-1,1704,1702,1701,-1,1717,1714,1701,-1,1701,1714,1712,-1,1701,1712,1710,-1,1710,1708,1701,-1,1701,1708,1706,-1,1701,1706,1704,-1,1718,1719,1720,-1,1718,1720,1721,-1,1721,1720,1722,-1,1721,1722,1723,-1,1723,1722,1724,-1,1723,1724,1725,-1,1726,1727,1728,-1,1728,1727,1729,-1,1718,1726,1719,-1,1719,1726,1728,-1,1727,1726,1718,-1,1718,1721,1727,-1,1727,1721,1723,-1,1727,1723,1725,-1,1719,1728,1729,-1,1724,1722,1729,-1,1729,1722,1720,-1,1729,1720,1719,-1,1730,1731,1732,-1,1730,1732,1733,-1,1733,1732,1734,-1,1733,1734,1735,-1,1735,1734,1736,-1,1735,1736,1737,-1,1737,1736,1738,-1,1737,1738,1739,-1,1739,1738,1740,-1,1739,1740,1741,-1,1741,1740,1742,-1,1741,1742,1743,-1,1743,1742,1744,-1,1743,1744,1745,-1,1730,1746,1731,-1,1731,1746,1747,-1,1745,1746,1730,-1,1730,1733,1745,-1,1745,1733,1735,-1,1745,1735,1737,-1,1737,1739,1745,-1,1745,1739,1741,-1,1745,1741,1743,-1,1731,1747,1744,-1,1736,1734,1744,-1,1744,1734,1732,-1,1744,1732,1731,-1,1742,1740,1744,-1,1744,1740,1738,-1,1744,1738,1736,-1,1748,1749,1750,-1,1748,1750,1751,-1,1751,1750,1752,-1,1751,1752,1753,-1,1753,1752,1754,-1,1753,1754,1755,-1,1756,1755,1757,-1,1757,1755,1754,-1,1758,1756,1759,-1,1759,1756,1757,-1,1748,1751,1760,-1,1760,1751,1753,-1,1760,1753,1758,-1,1758,1753,1755,-1,1758,1755,1756,-1,1750,1749,1761,-1,1759,1757,1754,-1,1759,1754,1761,-1,1761,1754,1752,-1,1761,1752,1750,-1,1762,1763,1764,-1,1762,1764,1765,-1,1765,1764,1766,-1,1765,1766,1767,-1,1767,1766,1768,-1,1767,1768,1769,-1,1769,1768,1770,-1,1769,1770,1771,-1,1771,1770,1772,-1,1771,1772,1773,-1,1773,1772,1774,-1,1773,1774,1775,-1,1775,1774,1776,-1,1775,1776,1777,-1,1778,1777,1779,-1,1779,1777,1776,-1,1765,1775,1762,-1,1762,1775,1777,-1,1762,1777,1778,-1,1765,1767,1775,-1,1775,1767,1769,-1,1775,1769,1773,-1,1773,1769,1771,-1,1766,1764,1763,-1,1779,1776,1763,-1,1763,1776,1774,-1,1763,1774,1772,-1,1772,1770,1763,-1,1763,1770,1768,-1,1763,1768,1766,-1,1780,1781,1782,-1,1780,1782,1783,-1,1783,1782,1784,-1,1783,1784,1785,-1,1785,1784,1786,-1,1785,1786,1787,-1,1788,1789,1790,-1,1790,1789,1791,-1,1780,1788,1781,-1,1781,1788,1790,-1,1789,1788,1780,-1,1780,1783,1789,-1,1789,1783,1785,-1,1789,1785,1787,-1,1781,1790,1791,-1,1786,1784,1791,-1,1791,1784,1782,-1,1791,1782,1781,-1,1792,1793,1794,-1,1792,1794,1795,-1,1795,1794,1796,-1,1795,1796,1797,-1,1797,1796,1798,-1,1797,1798,1799,-1,1799,1798,1800,-1,1799,1800,1801,-1,1801,1800,1802,-1,1801,1802,1803,-1,1803,1802,1804,-1,1803,1804,1805,-1,1805,1804,1806,-1,1805,1806,1807,-1,1792,1808,1793,-1,1793,1808,1809,-1,1807,1808,1792,-1,1792,1795,1807,-1,1807,1795,1797,-1,1807,1797,1799,-1,1799,1801,1807,-1,1807,1801,1803,-1,1807,1803,1805,-1,1793,1809,1806,-1,1798,1796,1806,-1,1806,1796,1794,-1,1806,1794,1793,-1,1804,1802,1806,-1,1806,1802,1800,-1,1806,1800,1798,-1,1810,1811,1812,-1,1810,1812,1813,-1,1813,1812,1814,-1,1813,1814,1815,-1,1815,1814,1816,-1,1815,1816,1817,-1,1818,1817,1819,-1,1819,1817,1816,-1,1820,1818,1821,-1,1821,1818,1819,-1,1810,1813,1822,-1,1822,1813,1815,-1,1822,1815,1820,-1,1820,1815,1817,-1,1820,1817,1818,-1,1812,1811,1823,-1,1821,1819,1816,-1,1821,1816,1823,-1,1823,1816,1814,-1,1823,1814,1812,-1,1824,1825,1826,-1,1824,1826,1827,-1,1827,1826,1828,-1,1827,1828,1829,-1,1829,1828,1830,-1,1829,1830,1831,-1,1831,1830,1832,-1,1831,1832,1833,-1,1833,1832,1834,-1,1833,1834,1835,-1,1835,1834,1836,-1,1835,1836,1837,-1,1837,1836,1838,-1,1837,1838,1839,-1,1840,1839,1841,-1,1841,1839,1838,-1,1827,1837,1824,-1,1824,1837,1839,-1,1824,1839,1840,-1,1827,1829,1837,-1,1837,1829,1831,-1,1837,1831,1835,-1,1835,1831,1833,-1,1828,1826,1825,-1,1841,1838,1825,-1,1825,1838,1836,-1,1825,1836,1834,-1,1834,1832,1825,-1,1825,1832,1830,-1,1825,1830,1828,-1,1842,1843,1844,-1,1842,1844,1845,-1,1845,1844,1846,-1,1845,1846,1847,-1,1847,1846,1848,-1,1847,1848,1849,-1,1850,1851,1852,-1,1852,1851,1853,-1,1842,1850,1843,-1,1843,1850,1852,-1,1851,1850,1842,-1,1842,1845,1851,-1,1851,1845,1847,-1,1851,1847,1849,-1,1843,1852,1853,-1,1848,1846,1853,-1,1853,1846,1844,-1,1853,1844,1843,-1,1854,1855,1856,-1,1854,1856,1857,-1,1857,1856,1858,-1,1857,1858,1859,-1,1859,1858,1860,-1,1859,1860,1861,-1,1861,1860,1862,-1,1861,1862,1863,-1,1863,1862,1864,-1,1863,1864,1865,-1,1865,1864,1866,-1,1865,1866,1867,-1,1867,1866,1868,-1,1867,1868,1869,-1,1854,1870,1855,-1,1855,1870,1871,-1,1869,1870,1854,-1,1854,1857,1869,-1,1869,1857,1859,-1,1869,1859,1861,-1,1861,1863,1869,-1,1869,1863,1865,-1,1869,1865,1867,-1,1855,1871,1868,-1,1860,1858,1868,-1,1868,1858,1856,-1,1868,1856,1855,-1,1866,1864,1868,-1,1868,1864,1862,-1,1868,1862,1860,-1,1872,1873,1874,-1,1872,1874,1875,-1,1875,1874,1876,-1,1875,1876,1877,-1,1877,1876,1878,-1,1877,1878,1879,-1,1880,1879,1881,-1,1881,1879,1878,-1,1882,1880,1883,-1,1883,1880,1881,-1,1872,1875,1884,-1,1884,1875,1877,-1,1884,1877,1882,-1,1882,1877,1879,-1,1882,1879,1880,-1,1874,1873,1885,-1,1883,1881,1878,-1,1883,1878,1885,-1,1885,1878,1876,-1,1885,1876,1874,-1,1886,1887,1888,-1,1886,1888,1889,-1,1889,1888,1890,-1,1889,1890,1891,-1,1891,1890,1892,-1,1891,1892,1893,-1,1893,1892,1894,-1,1893,1894,1895,-1,1895,1894,1896,-1,1895,1896,1897,-1,1897,1896,1898,-1,1897,1898,1899,-1,1899,1898,1900,-1,1899,1900,1901,-1,1902,1901,1903,-1,1903,1901,1900,-1,1889,1899,1886,-1,1886,1899,1901,-1,1886,1901,1902,-1,1889,1891,1899,-1,1899,1891,1893,-1,1899,1893,1897,-1,1897,1893,1895,-1,1890,1888,1887,-1,1903,1900,1887,-1,1887,1900,1898,-1,1887,1898,1896,-1,1896,1894,1887,-1,1887,1894,1892,-1,1887,1892,1890,-1,1904,1905,1906,-1,1904,1906,1907,-1,1907,1906,1908,-1,1907,1908,1909,-1,1909,1908,1910,-1,1909,1910,1911,-1,1912,1913,1914,-1,1914,1913,1915,-1,1904,1912,1905,-1,1905,1912,1914,-1,1913,1912,1904,-1,1904,1907,1913,-1,1913,1907,1909,-1,1913,1909,1911,-1,1905,1914,1915,-1,1910,1908,1915,-1,1915,1908,1906,-1,1915,1906,1905,-1,1916,1917,1918,-1,1916,1918,1919,-1,1919,1918,1920,-1,1919,1920,1921,-1,1921,1920,1922,-1,1921,1922,1923,-1,1923,1922,1924,-1,1923,1924,1925,-1,1925,1924,1926,-1,1925,1926,1927,-1,1927,1926,1928,-1,1927,1928,1929,-1,1929,1928,1930,-1,1929,1930,1931,-1,1916,1932,1917,-1,1917,1932,1933,-1,1931,1932,1916,-1,1916,1919,1931,-1,1931,1919,1921,-1,1931,1921,1923,-1,1923,1925,1931,-1,1931,1925,1927,-1,1931,1927,1929,-1,1917,1933,1930,-1,1922,1920,1930,-1,1930,1920,1918,-1,1930,1918,1917,-1,1928,1926,1930,-1,1930,1926,1924,-1,1930,1924,1922,-1,1934,1935,1936,-1,1934,1936,1937,-1,1937,1936,1938,-1,1937,1938,1939,-1,1939,1938,1940,-1,1939,1940,1941,-1,1942,1941,1943,-1,1943,1941,1940,-1,1944,1942,1945,-1,1945,1942,1943,-1,1934,1937,1946,-1,1946,1937,1939,-1,1946,1939,1944,-1,1944,1939,1941,-1,1944,1941,1942,-1,1936,1935,1947,-1,1945,1943,1940,-1,1945,1940,1947,-1,1947,1940,1938,-1,1947,1938,1936,-1,1948,1949,1950,-1,1948,1950,1951,-1,1951,1950,1952,-1,1951,1952,1953,-1,1953,1952,1954,-1,1953,1954,1955,-1,1955,1954,1956,-1,1955,1956,1957,-1,1957,1956,1958,-1,1957,1958,1959,-1,1959,1958,1960,-1,1959,1960,1961,-1,1961,1960,1962,-1,1961,1962,1963,-1,1964,1963,1965,-1,1965,1963,1962,-1,1951,1961,1948,-1,1948,1961,1963,-1,1948,1963,1964,-1,1951,1953,1961,-1,1961,1953,1955,-1,1961,1955,1959,-1,1959,1955,1957,-1,1952,1950,1949,-1,1965,1962,1949,-1,1949,1962,1960,-1,1949,1960,1958,-1,1958,1956,1949,-1,1949,1956,1954,-1,1949,1954,1952,-1,1966,1967,1968,-1,1966,1968,1969,-1,1969,1968,1970,-1,1969,1970,1971,-1,1971,1970,1972,-1,1971,1972,1973,-1,1974,1975,1976,-1,1976,1975,1977,-1,1966,1974,1967,-1,1967,1974,1976,-1,1975,1974,1966,-1,1966,1969,1975,-1,1975,1969,1971,-1,1975,1971,1973,-1,1967,1976,1977,-1,1972,1970,1977,-1,1977,1970,1968,-1,1977,1968,1967,-1,1978,1979,1980,-1,1978,1980,1981,-1,1981,1980,1982,-1,1981,1982,1983,-1,1983,1982,1984,-1,1983,1984,1985,-1,1985,1984,1986,-1,1985,1986,1987,-1,1987,1986,1988,-1,1987,1988,1989,-1,1989,1988,1990,-1,1989,1990,1991,-1,1991,1990,1992,-1,1991,1992,1993,-1,1978,1994,1979,-1,1979,1994,1995,-1,1993,1994,1978,-1,1978,1981,1993,-1,1993,1981,1983,-1,1993,1983,1985,-1,1985,1987,1993,-1,1993,1987,1989,-1,1993,1989,1991,-1,1979,1995,1992,-1,1984,1982,1992,-1,1992,1982,1980,-1,1992,1980,1979,-1,1990,1988,1992,-1,1992,1988,1986,-1,1992,1986,1984,-1,1996,1997,1998,-1,1996,1998,1999,-1,1999,1998,2000,-1,1999,2000,2001,-1,2001,2000,2002,-1,2001,2002,2003,-1,2004,2003,2005,-1,2005,2003,2002,-1,2006,2004,2007,-1,2007,2004,2005,-1,1996,1999,2008,-1,2008,1999,2001,-1,2008,2001,2006,-1,2006,2001,2003,-1,2006,2003,2004,-1,1998,1997,2009,-1,2007,2005,2002,-1,2007,2002,2009,-1,2009,2002,2000,-1,2009,2000,1998,-1,2010,2011,2012,-1,2010,2012,2013,-1,2013,2012,2014,-1,2013,2014,2015,-1,2015,2014,2016,-1,2015,2016,2017,-1,2017,2016,2018,-1,2017,2018,2019,-1,2019,2018,2020,-1,2019,2020,2021,-1,2021,2020,2022,-1,2021,2022,2023,-1,2023,2022,2024,-1,2023,2024,2025,-1,2026,2025,2027,-1,2027,2025,2024,-1,2013,2023,2010,-1,2010,2023,2025,-1,2010,2025,2026,-1,2013,2015,2023,-1,2023,2015,2017,-1,2023,2017,2021,-1,2021,2017,2019,-1,2014,2012,2011,-1,2027,2024,2011,-1,2011,2024,2022,-1,2011,2022,2020,-1,2020,2018,2011,-1,2011,2018,2016,-1,2011,2016,2014,-1,2028,2029,2030,-1,2028,2030,2031,-1,2031,2030,2032,-1,2031,2032,2033,-1,2033,2032,2034,-1,2033,2034,2035,-1,2036,2037,2038,-1,2038,2037,2039,-1,2028,2036,2029,-1,2029,2036,2038,-1,2037,2036,2028,-1,2028,2031,2037,-1,2037,2031,2033,-1,2037,2033,2035,-1,2029,2038,2039,-1,2034,2032,2039,-1,2039,2032,2030,-1,2039,2030,2029,-1,2040,2041,2042,-1,2040,2042,2043,-1,2043,2042,2044,-1,2043,2044,2045,-1,2045,2044,2046,-1,2045,2046,2047,-1,2047,2046,2048,-1,2047,2048,2049,-1,2049,2048,2050,-1,2049,2050,2051,-1,2051,2050,2052,-1,2051,2052,2053,-1,2053,2052,2054,-1,2053,2054,2055,-1,2040,2056,2041,-1,2041,2056,2057,-1,2055,2056,2040,-1,2040,2043,2055,-1,2055,2043,2045,-1,2055,2045,2047,-1,2047,2049,2055,-1,2055,2049,2051,-1,2055,2051,2053,-1,2041,2057,2054,-1,2046,2044,2054,-1,2054,2044,2042,-1,2054,2042,2041,-1,2052,2050,2054,-1,2054,2050,2048,-1,2054,2048,2046,-1,2058,2059,2060,-1,2058,2060,2061,-1,2061,2060,2062,-1,2061,2062,2063,-1,2063,2062,2064,-1,2063,2064,2065,-1,2066,2065,2067,-1,2067,2065,2064,-1,2068,2066,2069,-1,2069,2066,2067,-1,2058,2061,2070,-1,2070,2061,2063,-1,2070,2063,2068,-1,2068,2063,2065,-1,2068,2065,2066,-1,2060,2059,2071,-1,2069,2067,2064,-1,2069,2064,2071,-1,2071,2064,2062,-1,2071,2062,2060,-1,2072,2073,2074,-1,2072,2074,2075,-1,2075,2074,2076,-1,2075,2076,2077,-1,2077,2076,2078,-1,2077,2078,2079,-1,2079,2078,2080,-1,2079,2080,2081,-1,2081,2080,2082,-1,2081,2082,2083,-1,2083,2082,2084,-1,2083,2084,2085,-1,2085,2084,2086,-1,2085,2086,2087,-1,2088,2087,2089,-1,2089,2087,2086,-1,2075,2085,2072,-1,2072,2085,2087,-1,2072,2087,2088,-1,2075,2077,2085,-1,2085,2077,2079,-1,2085,2079,2083,-1,2083,2079,2081,-1,2076,2074,2073,-1,2089,2086,2073,-1,2073,2086,2084,-1,2073,2084,2082,-1,2082,2080,2073,-1,2073,2080,2078,-1,2073,2078,2076,-1,2090,2091,2092,-1,2090,2092,2093,-1,2093,2092,2094,-1,2093,2094,2095,-1,2095,2094,2096,-1,2095,2096,2097,-1,2098,2099,2100,-1,2100,2099,2101,-1,2090,2098,2091,-1,2091,2098,2100,-1,2099,2098,2090,-1,2090,2093,2099,-1,2099,2093,2095,-1,2099,2095,2097,-1,2091,2100,2101,-1,2096,2094,2101,-1,2101,2094,2092,-1,2101,2092,2091,-1,2102,2103,2104,-1,2102,2104,2105,-1,2105,2104,2106,-1,2105,2106,2107,-1,2107,2106,2108,-1,2107,2108,2109,-1,2109,2108,2110,-1,2109,2110,2111,-1,2111,2110,2112,-1,2111,2112,2113,-1,2113,2112,2114,-1,2113,2114,2115,-1,2115,2114,2116,-1,2115,2116,2117,-1,2102,2118,2103,-1,2103,2118,2119,-1,2117,2118,2102,-1,2102,2105,2117,-1,2117,2105,2107,-1,2117,2107,2109,-1,2109,2111,2117,-1,2117,2111,2113,-1,2117,2113,2115,-1,2103,2119,2116,-1,2108,2106,2116,-1,2116,2106,2104,-1,2116,2104,2103,-1,2114,2112,2116,-1,2116,2112,2110,-1,2116,2110,2108,-1,2120,2121,2122,-1,2120,2122,2123,-1,2123,2122,2124,-1,2123,2124,2125,-1,2125,2124,2126,-1,2125,2126,2127,-1,2128,2127,2129,-1,2129,2127,2126,-1,2130,2128,2131,-1,2131,2128,2129,-1,2120,2123,2132,-1,2132,2123,2125,-1,2132,2125,2130,-1,2130,2125,2127,-1,2130,2127,2128,-1,2122,2121,2133,-1,2131,2129,2126,-1,2131,2126,2133,-1,2133,2126,2124,-1,2133,2124,2122,-1,2134,2135,2136,-1,2134,2136,2137,-1,2137,2136,2138,-1,2137,2138,2139,-1,2139,2138,2140,-1,2139,2140,2141,-1,2141,2140,2142,-1,2141,2142,2143,-1,2143,2142,2144,-1,2143,2144,2145,-1,2145,2144,2146,-1,2145,2146,2147,-1,2147,2146,2148,-1,2147,2148,2149,-1,2150,2149,2151,-1,2151,2149,2148,-1,2137,2147,2134,-1,2134,2147,2149,-1,2134,2149,2150,-1,2137,2139,2147,-1,2147,2139,2141,-1,2147,2141,2145,-1,2145,2141,2143,-1,2138,2136,2135,-1,2151,2148,2135,-1,2135,2148,2146,-1,2135,2146,2144,-1,2144,2142,2135,-1,2135,2142,2140,-1,2135,2140,2138,-1,2152,2153,2154,-1,2152,2154,2155,-1,2155,2154,2156,-1,2155,2156,2157,-1,2157,2156,2158,-1,2157,2158,2159,-1,2160,2161,2162,-1,2162,2161,2163,-1,2152,2160,2153,-1,2153,2160,2162,-1,2161,2160,2152,-1,2152,2155,2161,-1,2161,2155,2157,-1,2161,2157,2159,-1,2153,2162,2163,-1,2158,2156,2163,-1,2163,2156,2154,-1,2163,2154,2153,-1,2164,2165,2166,-1,2164,2166,2167,-1,2167,2166,2168,-1,2167,2168,2169,-1,2169,2168,2170,-1,2169,2170,2171,-1,2171,2170,2172,-1,2171,2172,2173,-1,2173,2172,2174,-1,2173,2174,2175,-1,2175,2174,2176,-1,2175,2176,2177,-1,2177,2176,2178,-1,2177,2178,2179,-1,2164,2180,2165,-1,2165,2180,2181,-1,2179,2180,2164,-1,2164,2167,2179,-1,2179,2167,2169,-1,2179,2169,2171,-1,2171,2173,2179,-1,2179,2173,2175,-1,2179,2175,2177,-1,2165,2181,2178,-1,2170,2168,2178,-1,2178,2168,2166,-1,2178,2166,2165,-1,2176,2174,2178,-1,2178,2174,2172,-1,2178,2172,2170,-1,2182,2183,2184,-1,2182,2184,2185,-1,2185,2184,2186,-1,2185,2186,2187,-1,2187,2186,2188,-1,2187,2188,2189,-1,2190,2189,2191,-1,2191,2189,2188,-1,2192,2190,2193,-1,2193,2190,2191,-1,2182,2185,2194,-1,2194,2185,2187,-1,2194,2187,2192,-1,2192,2187,2189,-1,2192,2189,2190,-1,2184,2183,2195,-1,2193,2191,2188,-1,2193,2188,2195,-1,2195,2188,2186,-1,2195,2186,2184,-1,2196,2197,2198,-1,2196,2198,2199,-1,2199,2198,2200,-1,2199,2200,2201,-1,2201,2200,2202,-1,2201,2202,2203,-1,2203,2202,2204,-1,2203,2204,2205,-1,2205,2204,2206,-1,2205,2206,2207,-1,2207,2206,2208,-1,2207,2208,2209,-1,2209,2208,2210,-1,2209,2210,2211,-1,2212,2211,2213,-1,2213,2211,2210,-1,2199,2209,2196,-1,2196,2209,2211,-1,2196,2211,2212,-1,2199,2201,2209,-1,2209,2201,2203,-1,2209,2203,2207,-1,2207,2203,2205,-1,2200,2198,2197,-1,2213,2210,2197,-1,2197,2210,2208,-1,2197,2208,2206,-1,2206,2204,2197,-1,2197,2204,2202,-1,2197,2202,2200,-1,2214,2215,2216,-1,2214,2216,2217,-1,2217,2216,2218,-1,2217,2218,2219,-1,2219,2218,2220,-1,2219,2220,2221,-1,2222,2223,2224,-1,2224,2223,2225,-1,2214,2222,2215,-1,2215,2222,2224,-1,2223,2222,2214,-1,2214,2217,2223,-1,2223,2217,2219,-1,2223,2219,2221,-1,2215,2224,2225,-1,2220,2218,2225,-1,2225,2218,2216,-1,2225,2216,2215,-1,2226,2227,2228,-1,2226,2228,2229,-1,2229,2228,2230,-1,2229,2230,2231,-1,2231,2230,2232,-1,2231,2232,2233,-1,2233,2232,2234,-1,2233,2234,2235,-1,2235,2234,2236,-1,2235,2236,2237,-1,2237,2236,2238,-1,2237,2238,2239,-1,2239,2238,2240,-1,2239,2240,2241,-1,2226,2242,2227,-1,2227,2242,2243,-1,2241,2242,2226,-1,2226,2229,2241,-1,2241,2229,2231,-1,2241,2231,2233,-1,2233,2235,2241,-1,2241,2235,2237,-1,2241,2237,2239,-1,2227,2243,2240,-1,2232,2230,2240,-1,2240,2230,2228,-1,2240,2228,2227,-1,2238,2236,2240,-1,2240,2236,2234,-1,2240,2234,2232,-1,2244,2245,2246,-1,2244,2246,2247,-1,2247,2246,2248,-1,2247,2248,2249,-1,2249,2248,2250,-1,2249,2250,2251,-1,2252,2251,2253,-1,2253,2251,2250,-1,2254,2252,2255,-1,2255,2252,2253,-1,2244,2247,2256,-1,2256,2247,2249,-1,2256,2249,2254,-1,2254,2249,2251,-1,2254,2251,2252,-1,2246,2245,2257,-1,2255,2253,2250,-1,2255,2250,2257,-1,2257,2250,2248,-1,2257,2248,2246,-1,2258,2259,2260,-1,2258,2260,2261,-1,2261,2260,2262,-1,2261,2262,2263,-1,2263,2262,2264,-1,2263,2264,2265,-1,2265,2264,2266,-1,2265,2266,2267,-1,2267,2266,2268,-1,2267,2268,2269,-1,2269,2268,2270,-1,2269,2270,2271,-1,2271,2270,2272,-1,2271,2272,2273,-1,2274,2273,2275,-1,2275,2273,2272,-1,2261,2271,2258,-1,2258,2271,2273,-1,2258,2273,2274,-1,2261,2263,2271,-1,2271,2263,2265,-1,2271,2265,2269,-1,2269,2265,2267,-1,2262,2260,2259,-1,2275,2272,2259,-1,2259,2272,2270,-1,2259,2270,2268,-1,2268,2266,2259,-1,2259,2266,2264,-1,2259,2264,2262,-1,2276,2277,2278,-1,2276,2278,2279,-1,2279,2278,2280,-1,2279,2280,2281,-1,2281,2280,2282,-1,2281,2282,2283,-1,2284,2285,2286,-1,2286,2285,2287,-1,2276,2284,2277,-1,2277,2284,2286,-1,2285,2284,2276,-1,2276,2279,2285,-1,2285,2279,2281,-1,2285,2281,2283,-1,2277,2286,2287,-1,2282,2280,2287,-1,2287,2280,2278,-1,2287,2278,2277,-1,2288,2289,2290,-1,2288,2290,2291,-1,2291,2290,2292,-1,2291,2292,2293,-1,2293,2292,2294,-1,2293,2294,2295,-1,2295,2294,2296,-1,2295,2296,2297,-1,2297,2296,2298,-1,2297,2298,2299,-1,2299,2298,2300,-1,2299,2300,2301,-1,2301,2300,2302,-1,2301,2302,2303,-1,2288,2304,2289,-1,2289,2304,2305,-1,2303,2304,2288,-1,2288,2291,2303,-1,2303,2291,2293,-1,2303,2293,2295,-1,2295,2297,2303,-1,2303,2297,2299,-1,2303,2299,2301,-1,2289,2305,2302,-1,2294,2292,2302,-1,2302,2292,2290,-1,2302,2290,2289,-1,2300,2298,2302,-1,2302,2298,2296,-1,2302,2296,2294,-1,2306,2307,2308,-1,2306,2308,2309,-1,2309,2308,2310,-1,2309,2310,2311,-1,2311,2310,2312,-1,2311,2312,2313,-1,2314,2313,2315,-1,2315,2313,2312,-1,2316,2314,2317,-1,2317,2314,2315,-1,2306,2309,2318,-1,2318,2309,2311,-1,2318,2311,2316,-1,2316,2311,2313,-1,2316,2313,2314,-1,2308,2307,2319,-1,2317,2315,2312,-1,2317,2312,2319,-1,2319,2312,2310,-1,2319,2310,2308,-1,2320,2321,2322,-1,2320,2322,2323,-1,2323,2322,2324,-1,2323,2324,2325,-1,2325,2324,2326,-1,2325,2326,2327,-1,2327,2326,2328,-1,2327,2328,2329,-1,2329,2328,2330,-1,2329,2330,2331,-1,2331,2330,2332,-1,2331,2332,2333,-1,2333,2332,2334,-1,2333,2334,2335,-1,2336,2335,2337,-1,2337,2335,2334,-1,2323,2333,2320,-1,2320,2333,2335,-1,2320,2335,2336,-1,2323,2325,2333,-1,2333,2325,2327,-1,2333,2327,2331,-1,2331,2327,2329,-1,2324,2322,2321,-1,2337,2334,2321,-1,2321,2334,2332,-1,2321,2332,2330,-1,2330,2328,2321,-1,2321,2328,2326,-1,2321,2326,2324,-1,2338,2339,2340,-1,2338,2340,2341,-1,2341,2340,2342,-1,2341,2342,2343,-1,2343,2342,2344,-1,2343,2344,2345,-1,2346,2347,2348,-1,2348,2347,2349,-1,2338,2346,2339,-1,2339,2346,2348,-1,2347,2346,2338,-1,2338,2341,2347,-1,2347,2341,2343,-1,2347,2343,2345,-1,2339,2348,2349,-1,2344,2342,2349,-1,2349,2342,2340,-1,2349,2340,2339,-1,2350,2351,2352,-1,2350,2352,2353,-1,2353,2352,2354,-1,2353,2354,2355,-1,2355,2354,2356,-1,2355,2356,2357,-1,2357,2356,2358,-1,2357,2358,2359,-1,2359,2358,2360,-1,2359,2360,2361,-1,2361,2360,2362,-1,2361,2362,2363,-1,2363,2362,2364,-1,2363,2364,2365,-1,2350,2366,2351,-1,2351,2366,2367,-1,2365,2366,2350,-1,2350,2353,2365,-1,2365,2353,2355,-1,2365,2355,2357,-1,2357,2359,2365,-1,2365,2359,2361,-1,2365,2361,2363,-1,2351,2367,2364,-1,2356,2354,2364,-1,2364,2354,2352,-1,2364,2352,2351,-1,2362,2360,2364,-1,2364,2360,2358,-1,2364,2358,2356,-1,2368,2369,2370,-1,2368,2370,2371,-1,2371,2370,2372,-1,2371,2372,2373,-1,2373,2372,2374,-1,2373,2374,2375,-1,2376,2375,2377,-1,2377,2375,2374,-1,2378,2376,2379,-1,2379,2376,2377,-1,2368,2371,2380,-1,2380,2371,2373,-1,2380,2373,2378,-1,2378,2373,2375,-1,2378,2375,2376,-1,2370,2369,2381,-1,2379,2377,2374,-1,2379,2374,2381,-1,2381,2374,2372,-1,2381,2372,2370,-1,2382,2383,2384,-1,2382,2384,2385,-1,2385,2384,2386,-1,2385,2386,2387,-1,2387,2386,2388,-1,2387,2388,2389,-1,2389,2388,2390,-1,2389,2390,2391,-1,2391,2390,2392,-1,2391,2392,2393,-1,2393,2392,2394,-1,2393,2394,2395,-1,2395,2394,2396,-1,2395,2396,2397,-1,2398,2397,2399,-1,2399,2397,2396,-1,2385,2395,2382,-1,2382,2395,2397,-1,2382,2397,2398,-1,2385,2387,2395,-1,2395,2387,2389,-1,2395,2389,2393,-1,2393,2389,2391,-1,2386,2384,2383,-1,2399,2396,2383,-1,2383,2396,2394,-1,2383,2394,2392,-1,2392,2390,2383,-1,2383,2390,2388,-1,2383,2388,2386,-1,2400,2401,2402,-1,2400,2402,2403,-1,2403,2402,2404,-1,2403,2404,2405,-1,2405,2404,2406,-1,2405,2406,2407,-1,2408,2409,2410,-1,2410,2409,2411,-1,2400,2408,2401,-1,2401,2408,2410,-1,2409,2408,2400,-1,2400,2403,2409,-1,2409,2403,2405,-1,2409,2405,2407,-1,2401,2410,2411,-1,2406,2404,2411,-1,2411,2404,2402,-1,2411,2402,2401,-1,
        ]
    }
}
Shape{
    appearance Appearance {
        material  Material 	{
            diffuseColor 1.0 1.0 1.0
            specularColor 0.5019607843137255 0.5019607843137255 0.5019607843137255
            ambientIntensity 0.2
            transparency 0
            shininess 0.5
        }
    }
    geometry IndexedFaceSet {
        ccw TRUE
        solid FALSE
        coord DEF co Coordinate {
            point [
                -0.3457 -0.0223 -0.1299, -0.3457 -0.0223 -0.126, -0.3269 -0.0775 -0.1299, -0.3269 -0.0775 -0.126, -0.427 -0.0223 -0.1299, -0.427 -0.0223 -0.126, -0.4469 -0.0775 -0.1299, -0.4469 -0.0775 -0.126, -0.4758 -0.0775 -0.1299, -0.4758 -0.0775 -0.126, -0.3989 0.1193 -0.1299, -0.3989 0.1193 -0.126, -0.3725 0.1193 -0.1299, -0.3725 0.1193 -0.126, -0.2981 -0.0775 -0.1299, -0.2981 -0.0775 -0.126, -0.3523 -0.0007 -0.126, -0.3817 0.0815 -0.126, -0.3868 0.0885 -0.126, -0.3849 0.0953 -0.126, -0.3836 0.0884 -0.126, -0.3885 0.0815 -0.126, -0.4182 -0.0007 -0.126, -0.3523 -0.0007 -0.1299, -0.3817 0.0815 -0.1299, -0.4182 -0.0007 -0.1299, -0.3885 0.0815 -0.1299, -0.3868 0.0885 -0.1299, -0.3849 0.0953 -0.1299, -0.3836 0.0884 -0.1299, -0.1253 -0.0775 -0.1299, -0.1253 -0.0775 -0.126, -0.1253 0.1193 -0.1299, -0.1253 0.1193 -0.126, -0.1788 -0.0775 -0.1299, -0.1788 -0.0775 -0.126, -0.2837 0.0234 -0.1299, -0.2837 0.0234 -0.126, -0.2782 0.0026 -0.126, -0.2782 0.0026 -0.1299, -0.2652 -0.0326 -0.126, -0.2652 -0.0326 -0.1299, -0.2546 -0.0488 -0.126, -0.2546 -0.0488 -0.1299, -0.2442 -0.0583 -0.126, -0.2442 -0.0583 -0.1299, -0.2306 -0.0658 -0.126, -0.2306 -0.0658 -0.1299, -0.2106 -0.072 -0.126, -0.2106 -0.072 -0.1299, -0.1808 0.1193 -0.1299, -0.1808 0.1193 -0.126, -0.2026 0.1148 -0.126, -0.2026 0.1148 -0.1299, -0.2366 0.1042 -0.126, -0.2366 0.1042 -0.1299, -0.2526 0.0948 -0.126, -0.2526 0.0948 -0.1299, -0.2623 0.0852 -0.126, -0.2623 0.0852 -0.1299, -0.27 0.0724 -0.126, -0.27 0.0724 -0.1299, -0.2769 0.0535 -0.126, -0.2769 0.0535 -0.1299, -0.2183 0.0901 -0.126, -0.2283 0.085 -0.126, -0.2355 0.079 -0.126, -0.2427 0.069 -0.126, -0.2507 0.0494 -0.126, -0.2573 0.0228 -0.126, -0.2536 -0.0008 -0.126, -0.2493 -0.0159 -0.126, -0.2442 -0.0262 -0.126, -0.2378 -0.0337 -0.126, -0.2274 -0.0411 -0.126, -0.2072 -0.0492 -0.126, -0.2037 0.0942 -0.126, -0.1807 0.0977 -0.126, -0.1517 0.0977 -0.126, -0.1517 -0.0559 -0.126, -0.1796 -0.0559 -0.126, -0.2573 0.0228 -0.1299, -0.2507 0.0494 -0.1299, -0.2427 0.069 -0.1299, -0.2355 0.079 -0.1299, -0.2283 0.085 -0.1299, -0.2183 0.0901 -0.1299, -0.2037 0.0942 -0.1299, -0.1807 0.0977 -0.1299, -0.1517 0.0977 -0.1299, -0.1517 -0.0559 -0.1299, -0.1796 -0.0559 -0.1299, -0.2072 -0.0492 -0.1299, -0.2274 -0.0411 -0.1299, -0.2378 -0.0337 -0.1299, -0.2442 -0.0262 -0.1299, -0.2493 -0.0159 -0.1299, -0.2536 -0.0008 -0.1299, -0.0772 0.0329 -0.1299, -0.0772 0.0329 -0.126, -0.0772 0.0113 -0.1299, -0.0772 0.0113 -0.126, -0.0076 0.0329 -0.1299, -0.0076 0.0329 -0.126, -0.0076 0.0977 -0.1299, -0.0076 0.0977 -0.126, -0.082 0.0977 -0.1299, -0.082 0.0977 -0.126, -0.082 0.1193 -0.1299, -0.082 0.1193 -0.126, 0.0188 0.1193 -0.1299, 0.0188 0.1193 -0.126, 0.0188 -0.0775 -0.1299, 0.0188 -0.0775 -0.126, -0.0869 -0.0775 -0.1299, -0.0869 -0.0775 -0.126, -0.0869 -0.0559 -0.1299, -0.0869 -0.0559 -0.126, -0.0076 -0.0559 -0.1299, -0.0076 -0.0559 -0.126, -0.0076 0.0113 -0.1299, -0.0076 0.0113 -0.126, 0.0572 0.0875 -0.1299, 0.0572 0.0875 -0.126, 0.0794 0.097 -0.126, 0.0794 0.097 -0.1299, 0.1033 0.1001 -0.126, 0.1033 0.1001 -0.1299, 0.0572 0.1139 -0.1299, 0.0572 0.1139 -0.126, 0.1035 0.1217 -0.1299, 0.1035 0.1217 -0.126, 0.0799 0.1201 -0.126, 0.0799 0.1201 -0.1299, 0.2036 0.0172 -0.1299, 0.2036 0.0172 -0.126, 0.1991 0.0377 -0.126, 0.1991 0.0377 -0.1299, 0.1875 0.0736 -0.126, 0.1875 0.0736 -0.1299, 0.1775 0.0901 -0.126, 0.1775 0.0901 -0.1299, 0.1675 0.1001 -0.126, 0.1675 0.1001 -0.1299, 0.1543 0.108 -0.126, 0.1543 0.108 -0.1299, 0.1347 0.115 -0.126, 0.1347 0.115 -0.1299, 0.116 -0.0787 -0.1299, 0.1113 -0.0799 -0.1299, 0.1113 -0.0799 -0.126, 0.127 -0.0758 -0.1299, 0.127 -0.0758 -0.126, 0.1641 -0.0623 -0.126, 0.1641 -0.0623 -0.1299, 0.1784 -0.0526 -0.126, 0.1784 -0.0526 -0.1299, 0.1869 -0.043 -0.126, 0.1869 -0.043 -0.1299, 0.1935 -0.0304 -0.126, 0.1935 -0.0304 -0.1299, 0.1989 -0.012 -0.126, 0.1989 -0.012 -0.1299, 0.0835 -0.0771 -0.1299, 0.0572 -0.0673 -0.1299, 0.0835 -0.0771 -0.126, 0.0572 -0.0673 -0.126, 0.0994 -0.0787 -0.1299, 0.0572 -0.0457 -0.1299, 0.0572 -0.0457 -0.126, 0.1077 -0.0583 -0.1299, 0.1077 -0.0583 -0.126, 0.0815 -0.0554 -0.126, 0.0815 -0.0554 -0.1299, 0.1772 0.0188 -0.1299, 0.1772 0.0188 -0.126, 0.1726 -0.0051 -0.126, 0.1726 -0.0051 -0.1299, 0.1656 -0.0258 -0.126, 0.1656 -0.0258 -0.1299, 0.159 -0.0363 -0.126, 0.159 -0.0363 -0.1299, 0.1529 -0.0423 -0.126, 0.1529 -0.0423 -0.1299, 0.1436 -0.048 -0.126, 0.1436 -0.048 -0.1299, 0.1297 -0.0532 -0.126, 0.1297 -0.0532 -0.1299, 0.1131 0.0973 -0.126, 0.1131 0.0973 -0.1299, 0.1454 0.085 -0.126, 0.1454 0.085 -0.1299, 0.1572 0.0767 -0.126, 0.1572 0.0767 -0.1299, 0.1642 0.0686 -0.126, 0.1642 0.0686 -0.1299, 0.1695 0.0582 -0.126, 0.1695 0.0582 -0.1299, 0.1737 0.0429 -0.126, 0.1737 0.0429 -0.1299, 0.3213 -0.0775 -0.1299, 0.3213 -0.0775 -0.126, 0.3213 0.1193 -0.1299, 0.3213 0.1193 -0.126, 0.2204 -0.0775 -0.1299, 0.2204 -0.0775 -0.126, 0.2204 -0.0559 -0.1299, 0.2204 -0.0559 -0.126, 0.2948 -0.0559 -0.1299, 0.2948 -0.0559 -0.126, 0.2948 0.1193 -0.1299, 0.2948 0.1193 -0.126, 0.2948 0.1193 -0.126
            ]
        }
        coordIndex [
            0,1,2,-1,2,1,3,-1,4,5,0,-1,0,5,1,-1,6,7,4,-1,4,7,5,-1,8,9,6,-1,6,9,7,-1,10,11,8,-1,8,11,9,-1,12,13,10,-1,10,13,11,-1,14,15,12,-1,12,15,13,-1,14,2,15,-1,15,2,3,-1,16,17,13,-1,15,3,1,-1,18,11,19,-1,19,11,13,-1,19,13,20,-1,20,13,17,-1,18,21,11,-1,11,21,22,-1,11,22,9,-1,7,9,5,-1,5,9,22,-1,5,22,1,-1,1,22,16,-1,1,16,15,-1,15,16,13,-1,16,23,17,-1,17,23,24,-1,22,25,16,-1,16,25,23,-1,21,26,22,-1,22,26,25,-1,26,21,18,-1,26,18,27,-1,27,18,19,-1,27,19,28,-1,28,19,20,-1,28,20,29,-1,29,20,17,-1,29,17,24,-1,30,31,32,-1,32,31,33,-1,34,35,30,-1,30,35,31,-1,36,37,38,-1,36,38,39,-1,39,38,40,-1,39,40,41,-1,41,40,42,-1,41,42,43,-1,43,42,44,-1,43,44,45,-1,45,44,46,-1,45,46,47,-1,47,46,48,-1,47,48,49,-1,49,48,35,-1,49,35,34,-1,50,51,52,-1,50,52,53,-1,53,52,54,-1,53,54,55,-1,55,54,56,-1,55,56,57,-1,57,56,58,-1,57,58,59,-1,59,58,60,-1,59,60,61,-1,61,60,62,-1,61,62,63,-1,63,62,37,-1,63,37,36,-1,50,32,51,-1,51,32,33,-1,64,65,54,-1,54,65,56,-1,56,65,66,-1,56,66,58,-1,58,66,67,-1,58,67,60,-1,60,67,68,-1,60,68,62,-1,62,68,37,-1,37,68,69,-1,37,69,38,-1,38,69,70,-1,38,70,40,-1,70,71,40,-1,40,71,72,-1,40,72,42,-1,42,72,73,-1,42,73,44,-1,44,73,74,-1,44,74,46,-1,46,74,75,-1,64,54,76,-1,76,54,52,-1,76,52,77,-1,77,52,51,-1,77,51,78,-1,78,51,33,-1,78,33,79,-1,79,33,31,-1,79,31,80,-1,80,31,35,-1,80,35,75,-1,75,35,48,-1,75,48,46,-1,81,69,68,-1,81,68,82,-1,82,68,67,-1,82,67,83,-1,83,67,66,-1,83,66,84,-1,84,66,65,-1,84,65,85,-1,85,65,64,-1,85,64,86,-1,86,64,76,-1,86,76,87,-1,87,76,77,-1,87,77,88,-1,78,89,77,-1,77,89,88,-1,79,90,78,-1,78,90,89,-1,80,91,79,-1,79,91,90,-1,91,80,75,-1,91,75,92,-1,92,75,74,-1,92,74,93,-1,93,74,73,-1,93,73,94,-1,94,73,72,-1,94,72,95,-1,95,72,71,-1,95,71,96,-1,96,71,70,-1,96,70,97,-1,97,70,69,-1,97,69,81,-1,98,99,100,-1,100,99,101,-1,102,103,98,-1,98,103,99,-1,104,105,102,-1,102,105,103,-1,106,107,104,-1,104,107,105,-1,108,109,106,-1,106,109,107,-1,110,111,108,-1,108,111,109,-1,112,113,110,-1,110,113,111,-1,114,115,112,-1,112,115,113,-1,116,117,114,-1,114,117,115,-1,118,119,116,-1,116,119,117,-1,120,121,118,-1,118,121,119,-1,120,100,121,-1,121,100,101,-1,101,99,121,-1,121,99,103,-1,115,117,113,-1,113,117,119,-1,107,109,105,-1,105,109,111,-1,105,111,103,-1,103,111,113,-1,103,113,121,-1,121,113,119,-1,122,123,124,-1,122,124,125,-1,125,124,126,-1,125,126,127,-1,128,129,122,-1,122,129,123,-1,130,131,132,-1,130,132,133,-1,133,132,129,-1,133,129,128,-1,134,135,136,-1,134,136,137,-1,137,136,138,-1,137,138,139,-1,139,138,140,-1,139,140,141,-1,141,140,142,-1,141,142,143,-1,143,142,144,-1,143,144,145,-1,145,144,146,-1,145,146,147,-1,147,146,131,-1,147,131,130,-1,148,149,150,-1,148,150,151,-1,150,152,151,-1,151,152,153,-1,151,153,154,-1,154,153,155,-1,154,155,156,-1,156,155,157,-1,156,157,158,-1,158,157,159,-1,158,159,160,-1,160,159,161,-1,160,161,162,-1,162,161,135,-1,162,135,134,-1,163,164,165,-1,165,164,166,-1,163,165,167,-1,167,165,150,-1,167,150,149,-1,168,169,164,-1,164,169,166,-1,170,171,172,-1,170,172,173,-1,173,172,169,-1,173,169,168,-1,174,175,176,-1,174,176,177,-1,177,176,178,-1,177,178,179,-1,179,178,180,-1,179,180,181,-1,181,180,182,-1,181,182,183,-1,183,182,184,-1,183,184,185,-1,185,184,186,-1,185,186,187,-1,187,186,171,-1,187,171,170,-1,127,126,188,-1,127,188,189,-1,189,188,190,-1,189,190,191,-1,191,190,192,-1,191,192,193,-1,193,192,194,-1,193,194,195,-1,195,194,196,-1,195,196,197,-1,197,196,198,-1,197,198,199,-1,199,198,175,-1,199,175,174,-1,123,129,124,-1,124,129,132,-1,124,132,126,-1,126,132,131,-1,126,131,188,-1,188,131,146,-1,188,146,190,-1,176,159,178,-1,178,159,157,-1,178,157,180,-1,180,157,155,-1,180,155,182,-1,182,155,153,-1,146,144,190,-1,190,144,142,-1,190,142,192,-1,192,142,140,-1,192,140,194,-1,194,140,138,-1,194,138,196,-1,166,169,165,-1,165,169,172,-1,165,172,150,-1,150,172,171,-1,150,171,152,-1,152,171,186,-1,152,186,153,-1,153,186,184,-1,153,184,182,-1,196,138,198,-1,198,138,136,-1,198,136,175,-1,175,136,135,-1,175,135,176,-1,176,135,161,-1,176,161,159,-1,200,201,202,-1,202,201,203,-1,204,205,200,-1,200,205,201,-1,206,207,204,-1,204,207,205,-1,208,209,206,-1,206,209,207,-1,210,211,208,-1,208,211,209,-1,210,202,211,-1,211,202,203,-1,211,203,209,-1,209,203,201,-1,209,201,207,-1,207,201,205,-1,
        ]
    }
}
Shape{
    appearance Appearance {
        material  Material 	{
            diffuseColor 0.25098039215686274 0.25098039215686274 0.25098039215686274
            specularColor 0.12549019607843137 0.12549019607843137 0.12549019607843137
            ambientIntensity 0.2
            transparency 0
            shininess 0.5
        }
    }
    geometry IndexedFaceSet {
        ccw TRUE
        solid FALSE
        coord DEF co Coordinate {
            point [
                -0.3523 -0.0007 -0.1299, -0.4182 -0.0007 -0.1299, -0.3817 0.0815 -0.1299, -0.3885 0.0815 -0.1299, -0.3836 0.0884 -0.1299, -0.3868 0.0885 -0.1299, -0.3849 0.0953 -0.1299, -0.1807 0.0977 -0.1299, -0.1517 0.0977 -0.1299, -0.2536 -0.0008 -0.1299, -0.2493 -0.0159 -0.1299, -0.2183 0.0901 -0.1299, -0.2037 0.0942 -0.1299, -0.2507 0.0494 -0.1299, -0.2573 0.0228 -0.1299, -0.1517 -0.0559 -0.1299, -0.1796 -0.0559 -0.1299, -0.2072 -0.0492 -0.1299, -0.2274 -0.0411 -0.1299, -0.2378 -0.0337 -0.1299, -0.2442 -0.0262 -0.1299, -0.2283 0.085 -0.1299, -0.2427 0.069 -0.1299, -0.2355 0.079 -0.1299, -0.2355 0.079 -0.1299
            ]
        }
        coordIndex [
            0,1,2,-1,2,1,3,-1,2,3,4,-1,4,3,5,-1,4,5,6,-1,7,8,9,-1,9,8,10,-1,11,12,13,-1,7,9,12,-1,12,9,14,-1,12,14,13,-1,15,16,8,-1,8,16,17,-1,8,17,18,-1,18,19,8,-1,8,19,20,-1,8,20,10,-1,11,13,21,-1,21,13,22,-1,21,22,23,-1,
        ]
    }
}