#VRML V2.0 utf8
# 3D model generated by easyeda2kicad.py (https://github.com/uPesy/easyeda2kicad.py)

Shape{
    appearance Appearance {
        material  Material 	{
            diffuseColor 1.0 1.0 1.0
            specularColor 0.5019607843137255 0.5019607843137255 0.5019607843137255
            ambientIntensity 0.2
            transparency 0
            shininess 0.5
        }
    }
    geometry IndexedFaceSet {
        ccw TRUE
        solid FALSE
        coord DEF co Coordinate {
            point [
                -0.4429 0.5906 -0.2756, -0.4429 0.5906 -0.3543, -0.4429 0.4724 -0.2756, -0.4429 0.4724 -0.3543, -0.3445 0.5906 -0.2756, -0.3445 0.5906 -0.3543, -0.3445 0.4724 -0.2756, -0.3445 0.4724 -0.3543, -0.345 0.4663 -0.2756, -0.345 0.4663 -0.3543, -0.3464 0.4603 -0.2756, -0.3464 0.4603 -0.3543, -0.3488 0.4546 -0.2756, -0.3488 0.4546 -0.3543, -0.352 0.4493 -0.2756, -0.352 0.4493 -0.3543, -0.356 0.4446 -0.2756, -0.356 0.4446 -0.3543, -0.3607 0.4406 -0.2756, -0.3607 0.4406 -0.3543, -0.366 0.4374 -0.2756, -0.366 0.4374 -0.3543, -0.3717 0.435 -0.2756, -0.3717 0.435 -0.3543, -0.3777 0.4336 -0.2756, -0.3777 0.4336 -0.3543, -0.3839 0.4331 -0.2756, -0.3839 0.4331 -0.3543, -0.4035 0.4331 -0.2756, -0.4035 0.4331 -0.3543, -0.4097 0.4336 -0.2756, -0.4097 0.4336 -0.3543, -0.4157 0.435 -0.2756, -0.4157 0.435 -0.3543, -0.4214 0.4374 -0.2756, -0.4214 0.4374 -0.3543, -0.4267 0.4406 -0.2756, -0.4267 0.4406 -0.3543, -0.4314 0.4446 -0.2756, -0.4314 0.4446 -0.3543, -0.4354 0.4493 -0.2756, -0.4354 0.4493 -0.3543, -0.4386 0.4546 -0.2756, -0.4386 0.4546 -0.3543, -0.441 0.4603 -0.2756, -0.441 0.4603 -0.3543, -0.4424 0.4663 -0.2756, -0.4424 0.4663 -0.3543, -0.4429 -0.4724 -0.3543, -0.4429 -0.4724 -0.2756, -0.4424 -0.4663 -0.2756, -0.4424 -0.4663 -0.3543, -0.441 -0.4603 -0.2756, -0.441 -0.4603 -0.3543, -0.4386 -0.4546 -0.2756, -0.4386 -0.4546 -0.3543, -0.4354 -0.4493 -0.2756, -0.4354 -0.4493 -0.3543, -0.4314 -0.4446 -0.2756, -0.4314 -0.4446 -0.3543, -0.4267 -0.4406 -0.2756, -0.4267 -0.4406 -0.3543, -0.4214 -0.4374 -0.2756, -0.4214 -0.4374 -0.3543, -0.4157 -0.435 -0.2756, -0.4157 -0.435 -0.3543, -0.4097 -0.4336 -0.2756, -0.4097 -0.4336 -0.3543, -0.4035 -0.4331 -0.2756, -0.4035 -0.4331 -0.3543, -0.3839 -0.4331 -0.2756, -0.3839 -0.4331 -0.3543, -0.3777 -0.4336 -0.2756, -0.3777 -0.4336 -0.3543, -0.3717 -0.435 -0.2756, -0.3717 -0.435 -0.3543, -0.366 -0.4374 -0.2756, -0.366 -0.4374 -0.3543, -0.3607 -0.4406 -0.2756, -0.3607 -0.4406 -0.3543, -0.356 -0.4446 -0.2756, -0.356 -0.4446 -0.3543, -0.352 -0.4493 -0.2756, -0.352 -0.4493 -0.3543, -0.3488 -0.4546 -0.2756, -0.3488 -0.4546 -0.3543, -0.3464 -0.4603 -0.2756, -0.3464 -0.4603 -0.3543, -0.345 -0.4663 -0.2756, -0.345 -0.4663 -0.3543, -0.3445 -0.4724 -0.2756, -0.3445 -0.4724 -0.3543, -0.3445 -0.5906 -0.2756, -0.3445 -0.5906 -0.3543, -0.4429 -0.5906 -0.2756, -0.4429 -0.5906 -0.3543, -0.1476 0.5906 -0.2756, -0.1476 0.5906 -0.3543, -0.2461 0.5906 -0.2756, -0.2461 0.5906 -0.3543, -0.1476 0.4724 -0.2756, -0.1476 0.4724 -0.3543, -0.1481 0.4663 -0.2756, -0.1481 0.4663 -0.3543, -0.1496 0.4603 -0.2756, -0.1496 0.4603 -0.3543, -0.1519 0.4546 -0.2756, -0.1519 0.4546 -0.3543, -0.1552 0.4493 -0.2756, -0.1552 0.4493 -0.3543, -0.1592 0.4446 -0.2756, -0.1592 0.4446 -0.3543, -0.1639 0.4406 -0.2756, -0.1639 0.4406 -0.3543, -0.1691 0.4374 -0.2756, -0.1691 0.4374 -0.3543, -0.1748 0.435 -0.2756, -0.1748 0.435 -0.3543, -0.1808 0.4336 -0.2756, -0.1808 0.4336 -0.3543, -0.187 0.4331 -0.2756, -0.187 0.4331 -0.3543, -0.2067 0.4331 -0.2756, -0.2067 0.4331 -0.3543, -0.2129 0.4336 -0.2756, -0.2129 0.4336 -0.3543, -0.2189 0.435 -0.2756, -0.2189 0.435 -0.3543, -0.2246 0.4374 -0.2756, -0.2246 0.4374 -0.3543, -0.2298 0.4406 -0.2756, -0.2298 0.4406 -0.3543, -0.2345 0.4446 -0.2756, -0.2345 0.4446 -0.3543, -0.2385 0.4493 -0.2756, -0.2385 0.4493 -0.3543, -0.2418 0.4546 -0.2756, -0.2418 0.4546 -0.3543, -0.2441 0.4603 -0.2756, -0.2441 0.4603 -0.3543, -0.2456 0.4663 -0.2756, -0.2456 0.4663 -0.3543, -0.2461 0.4724 -0.2756, -0.2461 0.4724 -0.3543, -0.2461 -0.4724 -0.3543, -0.2461 -0.4724 -0.2756, -0.2456 -0.4663 -0.2756, -0.2456 -0.4663 -0.3543, -0.2441 -0.4603 -0.2756, -0.2441 -0.4603 -0.3543, -0.2418 -0.4546 -0.2756, -0.2418 -0.4546 -0.3543, -0.2385 -0.4493 -0.2756, -0.2385 -0.4493 -0.3543, -0.2345 -0.4446 -0.2756, -0.2345 -0.4446 -0.3543, -0.2298 -0.4406 -0.2756, -0.2298 -0.4406 -0.3543, -0.2246 -0.4374 -0.2756, -0.2246 -0.4374 -0.3543, -0.2189 -0.435 -0.2756, -0.2189 -0.435 -0.3543, -0.2129 -0.4336 -0.2756, -0.2129 -0.4336 -0.3543, -0.2067 -0.4331 -0.2756, -0.2067 -0.4331 -0.3543, -0.187 -0.4331 -0.2756, -0.187 -0.4331 -0.3543, -0.1808 -0.4336 -0.2756, -0.1808 -0.4336 -0.3543, -0.1748 -0.435 -0.2756, -0.1748 -0.435 -0.3543, -0.1691 -0.4374 -0.2756, -0.1691 -0.4374 -0.3543, -0.1639 -0.4406 -0.2756, -0.1639 -0.4406 -0.3543, -0.1592 -0.4446 -0.2756, -0.1592 -0.4446 -0.3543, -0.1552 -0.4493 -0.2756, -0.1552 -0.4493 -0.3543, -0.1519 -0.4546 -0.2756, -0.1519 -0.4546 -0.3543, -0.1496 -0.4603 -0.2756, -0.1496 -0.4603 -0.3543, -0.1481 -0.4663 -0.2756, -0.1481 -0.4663 -0.3543, -0.1476 -0.4724 -0.2756, -0.1476 -0.4724 -0.3543, -0.1476 -0.5906 -0.2756, -0.1476 -0.5906 -0.3543, -0.2461 -0.5906 -0.2756, -0.2461 -0.5906 -0.3543, 0.0492 0.5906 -0.2756, 0.0492 0.5906 -0.3543, -0.0492 0.5906 -0.2756, -0.0492 0.5906 -0.3543, 0.0492 0.4724 -0.2756, 0.0492 0.4724 -0.3543, 0.0487 0.4663 -0.2756, 0.0487 0.4663 -0.3543, 0.0473 0.4603 -0.2756, 0.0473 0.4603 -0.3543, 0.0449 0.4546 -0.2756, 0.0449 0.4546 -0.3543, 0.0417 0.4493 -0.2756, 0.0417 0.4493 -0.3543, 0.0377 0.4446 -0.2756, 0.0377 0.4446 -0.3543, 0.033 0.4406 -0.2756, 0.033 0.4406 -0.3543, 0.0277 0.4374 -0.2756, 0.0277 0.4374 -0.3543, 0.022 0.435 -0.2756, 0.022 0.435 -0.3543, 0.016 0.4336 -0.2756, 0.016 0.4336 -0.3543, 0.0098 0.4331 -0.2756, 0.0098 0.4331 -0.3543, -0.0098 0.4331 -0.2756, -0.0098 0.4331 -0.3543, -0.016 0.4336 -0.2756, -0.016 0.4336 -0.3543, -0.022 0.435 -0.2756, -0.022 0.435 -0.3543, -0.0277 0.4374 -0.2756, -0.0277 0.4374 -0.3543, -0.033 0.4406 -0.2756, -0.033 0.4406 -0.3543, -0.0377 0.4446 -0.2756, -0.0377 0.4446 -0.3543, -0.0417 0.4493 -0.2756, -0.0417 0.4493 -0.3543, -0.0449 0.4546 -0.2756, -0.0449 0.4546 -0.3543, -0.0473 0.4603 -0.2756, -0.0473 0.4603 -0.3543, -0.0487 0.4663 -0.2756, -0.0487 0.4663 -0.3543, -0.0492 0.4724 -0.2756, -0.0492 0.4724 -0.3543, -0.0492 -0.4724 -0.3543, -0.0492 -0.4724 -0.2756, -0.0487 -0.4663 -0.2756, -0.0487 -0.4663 -0.3543, -0.0473 -0.4603 -0.2756, -0.0473 -0.4603 -0.3543, -0.0449 -0.4546 -0.2756, -0.0449 -0.4546 -0.3543, -0.0417 -0.4493 -0.2756, -0.0417 -0.4493 -0.3543, -0.0377 -0.4446 -0.2756, -0.0377 -0.4446 -0.3543, -0.033 -0.4406 -0.2756, -0.033 -0.4406 -0.3543, -0.0277 -0.4374 -0.2756, -0.0277 -0.4374 -0.3543, -0.022 -0.435 -0.2756, -0.022 -0.435 -0.3543, -0.016 -0.4336 -0.2756, -0.016 -0.4336 -0.3543, -0.0098 -0.4331 -0.2756, -0.0098 -0.4331 -0.3543, 0.0098 -0.4331 -0.2756, 0.0098 -0.4331 -0.3543, 0.016 -0.4336 -0.2756, 0.016 -0.4336 -0.3543, 0.022 -0.435 -0.2756, 0.022 -0.435 -0.3543, 0.0277 -0.4374 -0.2756, 0.0277 -0.4374 -0.3543, 0.033 -0.4406 -0.2756, 0.033 -0.4406 -0.3543, 0.0377 -0.4446 -0.2756, 0.0377 -0.4446 -0.3543, 0.0417 -0.4493 -0.2756, 0.0417 -0.4493 -0.3543, 0.0449 -0.4546 -0.2756, 0.0449 -0.4546 -0.3543, 0.0473 -0.4603 -0.2756, 0.0473 -0.4603 -0.3543, 0.0487 -0.4663 -0.2756, 0.0487 -0.4663 -0.3543, 0.0492 -0.4724 -0.2756, 0.0492 -0.4724 -0.3543, 0.0492 -0.5906 -0.2756, 0.0492 -0.5906 -0.3543, -0.0492 -0.5906 -0.2756, -0.0492 -0.5906 -0.3543, 0.2461 0.5906 -0.2756, 0.2461 0.5906 -0.3543, 0.1476 0.5906 -0.2756, 0.1476 0.5906 -0.3543, 0.2461 0.4724 -0.2756, 0.2461 0.4724 -0.3543, 0.2456 0.4663 -0.2756, 0.2456 0.4663 -0.3543, 0.2441 0.4603 -0.2756, 0.2441 0.4603 -0.3543, 0.2418 0.4546 -0.2756, 0.2418 0.4546 -0.3543, 0.2385 0.4493 -0.2756, 0.2385 0.4493 -0.3543, 0.2345 0.4446 -0.2756, 0.2345 0.4446 -0.3543, 0.2298 0.4406 -0.2756, 0.2298 0.4406 -0.3543, 0.2246 0.4374 -0.2756, 0.2246 0.4374 -0.3543, 0.2189 0.435 -0.2756, 0.2189 0.435 -0.3543, 0.2129 0.4336 -0.2756, 0.2129 0.4336 -0.3543, 0.2067 0.4331 -0.2756, 0.2067 0.4331 -0.3543, 0.187 0.4331 -0.2756, 0.187 0.4331 -0.3543, 0.1808 0.4336 -0.2756, 0.1808 0.4336 -0.3543, 0.1748 0.435 -0.2756, 0.1748 0.435 -0.3543, 0.1691 0.4374 -0.2756, 0.1691 0.4374 -0.3543, 0.1639 0.4406 -0.2756, 0.1639 0.4406 -0.3543, 0.1592 0.4446 -0.2756, 0.1592 0.4446 -0.3543, 0.1552 0.4493 -0.2756, 0.1552 0.4493 -0.3543, 0.1519 0.4546 -0.2756, 0.1519 0.4546 -0.3543, 0.1496 0.4603 -0.2756, 0.1496 0.4603 -0.3543, 0.1481 0.4663 -0.2756, 0.1481 0.4663 -0.3543, 0.1476 0.4724 -0.2756, 0.1476 0.4724 -0.3543, 0.1476 -0.4724 -0.3543, 0.1476 -0.4724 -0.2756, 0.1481 -0.4663 -0.2756, 0.1481 -0.4663 -0.3543, 0.1496 -0.4603 -0.2756, 0.1496 -0.4603 -0.3543, 0.1519 -0.4546 -0.2756, 0.1519 -0.4546 -0.3543, 0.1552 -0.4493 -0.2756, 0.1552 -0.4493 -0.3543, 0.1592 -0.4446 -0.2756, 0.1592 -0.4446 -0.3543, 0.1639 -0.4406 -0.2756, 0.1639 -0.4406 -0.3543, 0.1691 -0.4374 -0.2756, 0.1691 -0.4374 -0.3543, 0.1748 -0.435 -0.2756, 0.1748 -0.435 -0.3543, 0.1808 -0.4336 -0.2756, 0.1808 -0.4336 -0.3543, 0.187 -0.4331 -0.2756, 0.187 -0.4331 -0.3543, 0.2067 -0.4331 -0.2756, 0.2067 -0.4331 -0.3543, 0.2129 -0.4336 -0.2756, 0.2129 -0.4336 -0.3543, 0.2189 -0.435 -0.2756, 0.2189 -0.435 -0.3543, 0.2246 -0.4374 -0.2756, 0.2246 -0.4374 -0.3543, 0.2298 -0.4406 -0.2756, 0.2298 -0.4406 -0.3543, 0.2345 -0.4446 -0.2756, 0.2345 -0.4446 -0.3543, 0.2385 -0.4493 -0.2756, 0.2385 -0.4493 -0.3543, 0.2418 -0.4546 -0.2756, 0.2418 -0.4546 -0.3543, 0.2441 -0.4603 -0.2756, 0.2441 -0.4603 -0.3543, 0.2456 -0.4663 -0.2756, 0.2456 -0.4663 -0.3543, 0.2461 -0.4724 -0.2756, 0.2461 -0.4724 -0.3543, 0.2461 -0.5906 -0.2756, 0.2461 -0.5906 -0.3543, 0.1476 -0.5906 -0.2756, 0.1476 -0.5906 -0.3543, 0.4429 0.5906 -0.2756, 0.4429 0.5906 -0.3543, 0.3445 0.5906 -0.2756, 0.3445 0.5906 -0.3543, 0.4429 0.4724 -0.2756, 0.4429 0.4724 -0.3543, 0.4424 0.4663 -0.2756, 0.4424 0.4663 -0.3543, 0.441 0.4603 -0.2756, 0.441 0.4603 -0.3543, 0.4386 0.4546 -0.2756, 0.4386 0.4546 -0.3543, 0.4354 0.4493 -0.2756, 0.4354 0.4493 -0.3543, 0.4314 0.4446 -0.2756, 0.4314 0.4446 -0.3543, 0.4267 0.4406 -0.2756, 0.4267 0.4406 -0.3543, 0.4214 0.4374 -0.2756, 0.4214 0.4374 -0.3543, 0.4157 0.435 -0.2756, 0.4157 0.435 -0.3543, 0.4097 0.4336 -0.2756, 0.4097 0.4336 -0.3543, 0.4035 0.4331 -0.2756, 0.4035 0.4331 -0.3543, 0.3839 0.4331 -0.2756, 0.3839 0.4331 -0.3543, 0.3777 0.4336 -0.2756, 0.3777 0.4336 -0.3543, 0.3717 0.435 -0.2756, 0.3717 0.435 -0.3543, 0.366 0.4374 -0.2756, 0.366 0.4374 -0.3543, 0.3607 0.4406 -0.2756, 0.3607 0.4406 -0.3543, 0.356 0.4446 -0.2756, 0.356 0.4446 -0.3543, 0.352 0.4493 -0.2756, 0.352 0.4493 -0.3543, 0.3488 0.4546 -0.2756, 0.3488 0.4546 -0.3543, 0.3464 0.4603 -0.2756, 0.3464 0.4603 -0.3543, 0.345 0.4663 -0.2756, 0.345 0.4663 -0.3543, 0.3445 0.4724 -0.2756, 0.3445 0.4724 -0.3543, 0.3445 -0.4724 -0.3543, 0.3445 -0.4724 -0.2756, 0.345 -0.4663 -0.2756, 0.345 -0.4663 -0.3543, 0.3464 -0.4603 -0.2756, 0.3464 -0.4603 -0.3543, 0.3488 -0.4546 -0.2756, 0.3488 -0.4546 -0.3543, 0.352 -0.4493 -0.2756, 0.352 -0.4493 -0.3543, 0.356 -0.4446 -0.2756, 0.356 -0.4446 -0.3543, 0.3607 -0.4406 -0.2756, 0.3607 -0.4406 -0.3543, 0.366 -0.4374 -0.2756, 0.366 -0.4374 -0.3543, 0.3717 -0.435 -0.2756, 0.3717 -0.435 -0.3543, 0.3777 -0.4336 -0.2756, 0.3777 -0.4336 -0.3543, 0.3839 -0.4331 -0.2756, 0.3839 -0.4331 -0.3543, 0.4035 -0.4331 -0.2756, 0.4035 -0.4331 -0.3543, 0.4097 -0.4336 -0.2756, 0.4097 -0.4336 -0.3543, 0.4157 -0.435 -0.2756, 0.4157 -0.435 -0.3543, 0.4214 -0.4374 -0.2756, 0.4214 -0.4374 -0.3543, 0.4267 -0.4406 -0.2756, 0.4267 -0.4406 -0.3543, 0.4314 -0.4446 -0.2756, 0.4314 -0.4446 -0.3543, 0.4354 -0.4493 -0.2756, 0.4354 -0.4493 -0.3543, 0.4386 -0.4546 -0.2756, 0.4386 -0.4546 -0.3543, 0.441 -0.4603 -0.2756, 0.441 -0.4603 -0.3543, 0.4424 -0.4663 -0.2756, 0.4424 -0.4663 -0.3543, 0.4429 -0.4724 -0.2756, 0.4429 -0.4724 -0.3543, 0.4429 -0.5906 -0.2756, 0.4429 -0.5906 -0.3543, 0.3445 -0.5906 -0.2756, 0.3445 -0.5906 -0.3543, 0.4626 -0.2953 -0.2756, 0.4626 -0.2953 -0.3543, 0.4626 0.2953 -0.2756, 0.4626 0.2953 -0.3543, -0.3839 -0.2953 -0.2756, -0.3839 -0.2953 -0.3543, -0.4626 -0.2165 -0.2756, -0.4626 -0.2165 -0.3543, -0.4626 0.2953 -0.2756, -0.4626 0.2953 -0.3543, -0.4626 0.2953 -0.3543
            ]
        }
        coordIndex [
            0,1,2,-1,2,1,3,-1,4,5,0,-1,0,5,1,-1,6,7,4,-1,4,7,5,-1,7,6,8,-1,7,8,9,-1,9,8,10,-1,9,10,11,-1,11,10,12,-1,11,12,13,-1,13,12,14,-1,13,14,15,-1,15,14,16,-1,15,16,17,-1,17,16,18,-1,17,18,19,-1,19,18,20,-1,19,20,21,-1,21,20,22,-1,21,22,23,-1,23,22,24,-1,23,24,25,-1,25,24,26,-1,25,26,27,-1,28,29,26,-1,26,29,27,-1,29,28,30,-1,29,30,31,-1,31,30,32,-1,31,32,33,-1,33,32,34,-1,33,34,35,-1,35,34,36,-1,35,36,37,-1,37,36,38,-1,37,38,39,-1,39,38,40,-1,39,40,41,-1,41,40,42,-1,41,42,43,-1,43,42,44,-1,43,44,45,-1,45,44,46,-1,45,46,47,-1,47,46,2,-1,47,2,3,-1,1,5,3,-1,3,5,7,-1,19,21,23,-1,45,47,33,-1,33,47,3,-1,33,3,31,-1,23,25,7,-1,7,25,27,-1,7,27,3,-1,3,27,29,-1,3,29,31,-1,7,9,23,-1,23,9,11,-1,23,11,13,-1,37,39,35,-1,35,39,41,-1,35,41,33,-1,33,41,43,-1,33,43,45,-1,13,15,23,-1,23,15,17,-1,23,17,19,-1,8,6,22,-1,30,28,2,-1,4,0,6,-1,6,0,2,-1,22,6,24,-1,2,28,6,-1,6,28,26,-1,6,26,24,-1,30,2,32,-1,32,2,46,-1,32,46,44,-1,20,18,22,-1,22,18,16,-1,22,16,14,-1,44,42,32,-1,32,42,40,-1,32,40,34,-1,34,40,38,-1,34,38,36,-1,14,12,22,-1,22,12,10,-1,22,10,8,-1,48,49,50,-1,48,50,51,-1,51,50,52,-1,51,52,53,-1,53,52,54,-1,53,54,55,-1,55,54,56,-1,55,56,57,-1,57,56,58,-1,57,58,59,-1,59,58,60,-1,59,60,61,-1,61,60,62,-1,61,62,63,-1,63,62,64,-1,63,64,65,-1,65,64,66,-1,65,66,67,-1,67,66,68,-1,67,68,69,-1,70,71,68,-1,68,71,69,-1,71,70,72,-1,71,72,73,-1,73,72,74,-1,73,74,75,-1,75,74,76,-1,75,76,77,-1,77,76,78,-1,77,78,79,-1,79,78,80,-1,79,80,81,-1,81,80,82,-1,81,82,83,-1,83,82,84,-1,83,84,85,-1,85,84,86,-1,85,86,87,-1,87,86,88,-1,87,88,89,-1,89,88,90,-1,89,90,91,-1,92,93,90,-1,90,93,91,-1,94,95,92,-1,92,95,93,-1,49,48,94,-1,94,48,95,-1,93,95,91,-1,91,95,48,-1,63,65,48,-1,75,77,91,-1,75,91,73,-1,51,53,55,-1,65,67,48,-1,48,67,69,-1,48,69,91,-1,91,69,71,-1,91,71,73,-1,55,57,51,-1,51,57,59,-1,51,59,48,-1,48,59,61,-1,48,61,63,-1,85,87,83,-1,83,87,81,-1,77,79,91,-1,91,79,81,-1,91,81,89,-1,89,81,87,-1,49,94,68,-1,68,94,70,-1,80,78,90,-1,90,78,76,-1,90,76,74,-1,94,92,70,-1,70,92,90,-1,70,90,72,-1,72,90,74,-1,90,88,80,-1,80,88,86,-1,80,86,82,-1,82,86,84,-1,54,52,50,-1,68,66,49,-1,49,66,64,-1,49,64,62,-1,62,60,49,-1,49,60,58,-1,49,58,50,-1,50,58,56,-1,50,56,54,-1,96,97,98,-1,98,97,99,-1,100,101,96,-1,96,101,97,-1,101,100,102,-1,101,102,103,-1,103,102,104,-1,103,104,105,-1,105,104,106,-1,105,106,107,-1,107,106,108,-1,107,108,109,-1,109,108,110,-1,109,110,111,-1,111,110,112,-1,111,112,113,-1,113,112,114,-1,113,114,115,-1,115,114,116,-1,115,116,117,-1,117,116,118,-1,117,118,119,-1,119,118,120,-1,119,120,121,-1,122,123,120,-1,120,123,121,-1,123,122,124,-1,123,124,125,-1,125,124,126,-1,125,126,127,-1,127,126,128,-1,127,128,129,-1,129,128,130,-1,129,130,131,-1,131,130,132,-1,131,132,133,-1,133,132,134,-1,133,134,135,-1,135,134,136,-1,135,136,137,-1,137,136,138,-1,137,138,139,-1,139,138,140,-1,139,140,141,-1,141,140,142,-1,141,142,143,-1,98,99,142,-1,142,99,143,-1,99,97,143,-1,143,97,101,-1,119,121,101,-1,125,127,143,-1,101,121,143,-1,143,121,123,-1,143,123,125,-1,111,113,101,-1,105,107,109,-1,113,115,101,-1,101,115,117,-1,101,117,119,-1,127,129,143,-1,143,129,131,-1,143,131,141,-1,141,131,133,-1,133,135,141,-1,141,135,137,-1,141,137,139,-1,111,101,109,-1,109,101,103,-1,109,103,105,-1,100,96,98,-1,126,124,142,-1,142,124,122,-1,142,122,98,-1,98,122,100,-1,100,122,120,-1,100,120,118,-1,118,116,100,-1,100,116,114,-1,100,114,112,-1,134,140,136,-1,136,140,138,-1,134,132,140,-1,140,132,130,-1,140,130,142,-1,142,130,128,-1,142,128,126,-1,108,106,104,-1,112,110,100,-1,100,110,108,-1,100,108,102,-1,102,108,104,-1,144,145,146,-1,144,146,147,-1,147,146,148,-1,147,148,149,-1,149,148,150,-1,149,150,151,-1,151,150,152,-1,151,152,153,-1,153,152,154,-1,153,154,155,-1,155,154,156,-1,155,156,157,-1,157,156,158,-1,157,158,159,-1,159,158,160,-1,159,160,161,-1,161,160,162,-1,161,162,163,-1,163,162,164,-1,163,164,165,-1,166,167,164,-1,164,167,165,-1,167,166,168,-1,167,168,169,-1,169,168,170,-1,169,170,171,-1,171,170,172,-1,171,172,173,-1,173,172,174,-1,173,174,175,-1,175,174,176,-1,175,176,177,-1,177,176,178,-1,177,178,179,-1,179,178,180,-1,179,180,181,-1,181,180,182,-1,181,182,183,-1,183,182,184,-1,183,184,185,-1,185,184,186,-1,185,186,187,-1,188,189,186,-1,186,189,187,-1,190,191,188,-1,188,191,189,-1,145,144,190,-1,190,144,191,-1,187,189,191,-1,191,144,187,-1,187,144,165,-1,187,165,167,-1,147,149,151,-1,151,153,147,-1,147,153,155,-1,147,155,144,-1,144,155,157,-1,144,157,159,-1,167,169,187,-1,187,169,171,-1,187,171,173,-1,159,161,144,-1,144,161,163,-1,144,163,165,-1,173,175,187,-1,187,175,177,-1,187,177,179,-1,179,181,187,-1,187,181,183,-1,187,183,185,-1,168,166,186,-1,186,166,188,-1,174,172,170,-1,174,170,176,-1,150,148,146,-1,168,186,170,-1,170,186,184,-1,170,184,182,-1,182,180,170,-1,170,180,178,-1,170,178,176,-1,160,158,145,-1,158,156,145,-1,145,156,154,-1,145,154,146,-1,146,154,152,-1,146,152,150,-1,188,166,190,-1,190,166,164,-1,190,164,145,-1,145,164,162,-1,145,162,160,-1,192,193,194,-1,194,193,195,-1,196,197,192,-1,192,197,193,-1,197,196,198,-1,197,198,199,-1,199,198,200,-1,199,200,201,-1,201,200,202,-1,201,202,203,-1,203,202,204,-1,203,204,205,-1,205,204,206,-1,205,206,207,-1,207,206,208,-1,207,208,209,-1,209,208,210,-1,209,210,211,-1,211,210,212,-1,211,212,213,-1,213,212,214,-1,213,214,215,-1,215,214,216,-1,215,216,217,-1,218,219,216,-1,216,219,217,-1,219,218,220,-1,219,220,221,-1,221,220,222,-1,221,222,223,-1,223,222,224,-1,223,224,225,-1,225,224,226,-1,225,226,227,-1,227,226,228,-1,227,228,229,-1,229,228,230,-1,229,230,231,-1,231,230,232,-1,231,232,233,-1,233,232,234,-1,233,234,235,-1,235,234,236,-1,235,236,237,-1,237,236,238,-1,237,238,239,-1,194,195,238,-1,238,195,239,-1,195,193,239,-1,239,193,197,-1,211,213,197,-1,229,231,239,-1,213,215,197,-1,197,215,217,-1,197,217,239,-1,217,219,239,-1,239,219,221,-1,239,221,223,-1,223,225,239,-1,239,225,227,-1,239,227,229,-1,231,233,239,-1,239,233,235,-1,239,235,237,-1,211,197,209,-1,209,197,199,-1,209,199,201,-1,201,203,209,-1,209,203,205,-1,209,205,207,-1,192,194,196,-1,196,194,238,-1,220,218,238,-1,228,226,238,-1,238,236,234,-1,238,218,196,-1,196,218,216,-1,196,216,214,-1,234,232,238,-1,238,232,230,-1,238,230,228,-1,226,224,238,-1,238,224,222,-1,238,222,220,-1,214,212,196,-1,196,212,210,-1,196,210,208,-1,204,202,200,-1,208,206,196,-1,196,206,204,-1,196,204,198,-1,198,204,200,-1,240,241,242,-1,240,242,243,-1,243,242,244,-1,243,244,245,-1,245,244,246,-1,245,246,247,-1,247,246,248,-1,247,248,249,-1,249,248,250,-1,249,250,251,-1,251,250,252,-1,251,252,253,-1,253,252,254,-1,253,254,255,-1,255,254,256,-1,255,256,257,-1,257,256,258,-1,257,258,259,-1,259,258,260,-1,259,260,261,-1,262,263,260,-1,260,263,261,-1,263,262,264,-1,263,264,265,-1,265,264,266,-1,265,266,267,-1,267,266,268,-1,267,268,269,-1,269,268,270,-1,269,270,271,-1,271,270,272,-1,271,272,273,-1,273,272,274,-1,273,274,275,-1,275,274,276,-1,275,276,277,-1,277,276,278,-1,277,278,279,-1,279,278,280,-1,279,280,281,-1,281,280,282,-1,281,282,283,-1,284,285,282,-1,282,285,283,-1,286,287,284,-1,284,287,285,-1,241,240,286,-1,286,240,287,-1,285,287,283,-1,283,287,240,-1,240,261,283,-1,283,261,263,-1,283,263,265,-1,243,245,251,-1,251,245,247,-1,251,247,249,-1,243,251,240,-1,240,251,253,-1,240,253,255,-1,255,257,240,-1,240,257,259,-1,240,259,261,-1,265,267,283,-1,283,267,269,-1,283,269,271,-1,281,283,279,-1,279,283,277,-1,271,273,283,-1,283,273,275,-1,283,275,277,-1,286,284,241,-1,241,284,282,-1,266,282,280,-1,266,264,282,-1,282,264,262,-1,282,262,241,-1,241,262,260,-1,246,244,242,-1,278,270,280,-1,280,270,268,-1,280,268,266,-1,278,276,270,-1,270,276,274,-1,270,274,272,-1,260,258,241,-1,241,258,256,-1,241,256,254,-1,254,252,241,-1,241,252,250,-1,241,250,242,-1,242,250,248,-1,242,248,246,-1,288,289,290,-1,290,289,291,-1,292,293,288,-1,288,293,289,-1,293,292,294,-1,293,294,295,-1,295,294,296,-1,295,296,297,-1,297,296,298,-1,297,298,299,-1,299,298,300,-1,299,300,301,-1,301,300,302,-1,301,302,303,-1,303,302,304,-1,303,304,305,-1,305,304,306,-1,305,306,307,-1,307,306,308,-1,307,308,309,-1,309,308,310,-1,309,310,311,-1,311,310,312,-1,311,312,313,-1,314,315,312,-1,312,315,313,-1,315,314,316,-1,315,316,317,-1,317,316,318,-1,317,318,319,-1,319,318,320,-1,319,320,321,-1,321,320,322,-1,321,322,323,-1,323,322,324,-1,323,324,325,-1,325,324,326,-1,325,326,327,-1,327,326,328,-1,327,328,329,-1,329,328,330,-1,329,330,331,-1,331,330,332,-1,331,332,333,-1,333,332,334,-1,333,334,335,-1,290,291,334,-1,334,291,335,-1,291,289,335,-1,335,289,293,-1,305,307,309,-1,309,311,293,-1,293,311,313,-1,293,313,335,-1,313,315,335,-1,335,315,317,-1,335,317,319,-1,323,325,327,-1,319,321,335,-1,335,321,323,-1,335,323,333,-1,327,329,323,-1,323,329,331,-1,323,331,333,-1,293,295,309,-1,309,295,297,-1,309,297,299,-1,299,301,309,-1,309,301,303,-1,309,303,305,-1,294,292,308,-1,288,290,292,-1,292,290,334,-1,332,330,322,-1,308,292,310,-1,318,316,334,-1,334,316,314,-1,334,314,292,-1,292,314,312,-1,292,312,310,-1,330,328,322,-1,322,328,326,-1,322,326,324,-1,332,322,334,-1,334,322,320,-1,334,320,318,-1,306,304,308,-1,308,304,302,-1,308,302,300,-1,300,298,308,-1,308,298,296,-1,308,296,294,-1,336,337,338,-1,336,338,339,-1,339,338,340,-1,339,340,341,-1,341,340,342,-1,341,342,343,-1,343,342,344,-1,343,344,345,-1,345,344,346,-1,345,346,347,-1,347,346,348,-1,347,348,349,-1,349,348,350,-1,349,350,351,-1,351,350,352,-1,351,352,353,-1,353,352,354,-1,353,354,355,-1,355,354,356,-1,355,356,357,-1,358,359,356,-1,356,359,357,-1,359,358,360,-1,359,360,361,-1,361,360,362,-1,361,362,363,-1,363,362,364,-1,363,364,365,-1,365,364,366,-1,365,366,367,-1,367,366,368,-1,367,368,369,-1,369,368,370,-1,369,370,371,-1,371,370,372,-1,371,372,373,-1,373,372,374,-1,373,374,375,-1,375,374,376,-1,375,376,377,-1,377,376,378,-1,377,378,379,-1,380,381,378,-1,378,381,379,-1,382,383,380,-1,380,383,381,-1,337,336,382,-1,382,336,383,-1,379,381,383,-1,383,336,379,-1,379,336,357,-1,379,357,359,-1,359,361,379,-1,379,361,363,-1,379,363,365,-1,373,375,371,-1,371,375,369,-1,365,367,379,-1,379,367,369,-1,379,369,377,-1,377,369,375,-1,343,345,341,-1,341,345,347,-1,341,347,339,-1,339,347,336,-1,336,347,349,-1,336,349,351,-1,351,353,336,-1,336,353,355,-1,336,355,357,-1,338,337,346,-1,368,366,378,-1,378,366,364,-1,378,364,362,-1,362,360,378,-1,378,360,358,-1,378,358,380,-1,378,376,368,-1,368,376,374,-1,368,374,370,-1,370,374,372,-1,352,350,337,-1,337,350,348,-1,337,348,346,-1,380,358,382,-1,382,358,356,-1,382,356,337,-1,337,356,354,-1,337,354,352,-1,338,346,340,-1,340,346,344,-1,340,344,342,-1,384,385,386,-1,386,385,387,-1,388,389,384,-1,384,389,385,-1,389,388,390,-1,389,390,391,-1,391,390,392,-1,391,392,393,-1,393,392,394,-1,393,394,395,-1,395,394,396,-1,395,396,397,-1,397,396,398,-1,397,398,399,-1,399,398,400,-1,399,400,401,-1,401,400,402,-1,401,402,403,-1,403,402,404,-1,403,404,405,-1,405,404,406,-1,405,406,407,-1,407,406,408,-1,407,408,409,-1,410,411,408,-1,408,411,409,-1,411,410,412,-1,411,412,413,-1,413,412,414,-1,413,414,415,-1,415,414,416,-1,415,416,417,-1,417,416,418,-1,417,418,419,-1,419,418,420,-1,419,420,421,-1,421,420,422,-1,421,422,423,-1,423,422,424,-1,423,424,425,-1,425,424,426,-1,425,426,427,-1,427,426,428,-1,427,428,429,-1,429,428,430,-1,429,430,431,-1,386,387,430,-1,430,387,431,-1,387,385,431,-1,431,385,389,-1,431,389,409,-1,409,411,431,-1,431,411,413,-1,431,413,415,-1,403,405,407,-1,389,391,409,-1,409,391,393,-1,409,393,395,-1,415,417,431,-1,431,417,419,-1,431,419,429,-1,429,419,421,-1,421,423,429,-1,429,423,425,-1,429,425,427,-1,395,397,409,-1,409,397,399,-1,409,399,407,-1,407,399,401,-1,407,401,403,-1,388,384,386,-1,410,430,412,-1,412,430,414,-1,394,392,408,-1,392,390,408,-1,408,390,388,-1,408,388,410,-1,410,388,386,-1,410,386,430,-1,422,428,424,-1,424,428,426,-1,422,420,428,-1,428,420,418,-1,428,418,430,-1,430,418,416,-1,430,416,414,-1,406,404,402,-1,402,400,406,-1,406,400,398,-1,406,398,408,-1,408,398,396,-1,408,396,394,-1,432,433,434,-1,432,434,435,-1,435,434,436,-1,435,436,437,-1,437,436,438,-1,437,438,439,-1,439,438,440,-1,439,440,441,-1,441,440,442,-1,441,442,443,-1,443,442,444,-1,443,444,445,-1,445,444,446,-1,445,446,447,-1,447,446,448,-1,447,448,449,-1,449,448,450,-1,449,450,451,-1,451,450,452,-1,451,452,453,-1,454,455,452,-1,452,455,453,-1,455,454,456,-1,455,456,457,-1,457,456,458,-1,457,458,459,-1,459,458,460,-1,459,460,461,-1,461,460,462,-1,461,462,463,-1,463,462,464,-1,463,464,465,-1,465,464,466,-1,465,466,467,-1,467,466,468,-1,467,468,469,-1,469,468,470,-1,469,470,471,-1,471,470,472,-1,471,472,473,-1,473,472,474,-1,473,474,475,-1,476,477,474,-1,474,477,475,-1,478,479,476,-1,476,479,477,-1,433,432,478,-1,478,432,479,-1,453,479,432,-1,461,463,475,-1,435,437,439,-1,439,441,435,-1,435,441,443,-1,435,443,432,-1,432,443,445,-1,432,445,447,-1,461,475,459,-1,447,449,432,-1,432,449,451,-1,432,451,453,-1,479,453,477,-1,477,453,455,-1,477,455,475,-1,475,455,457,-1,475,457,459,-1,463,465,475,-1,475,465,467,-1,475,467,473,-1,473,467,469,-1,473,469,471,-1,476,474,454,-1,454,474,472,-1,438,436,434,-1,472,470,454,-1,454,470,468,-1,454,468,466,-1,466,464,454,-1,454,464,462,-1,454,462,456,-1,456,462,460,-1,456,460,458,-1,448,446,433,-1,446,444,433,-1,433,444,442,-1,433,442,434,-1,434,442,440,-1,434,440,438,-1,476,454,478,-1,478,454,452,-1,478,452,433,-1,433,452,450,-1,433,450,448,-1,480,481,482,-1,482,481,483,-1,484,485,480,-1,480,485,481,-1,486,487,484,-1,484,487,485,-1,488,489,486,-1,486,489,487,-1,482,483,488,-1,488,483,489,-1,487,489,485,-1,485,489,483,-1,485,483,481,-1,484,480,486,-1,486,480,482,-1,486,482,488,-1,
        ]
    }
}
Shape{
    appearance Appearance {
        material  Material 	{
            diffuseColor 0.25098039215686274 0.25098039215686274 0.25098039215686274
            specularColor 0.12549019607843137 0.12549019607843137 0.12549019607843137
            ambientIntensity 0.2
            transparency 0
            shininess 0.5
        }
    }
    geometry IndexedFaceSet {
        ccw TRUE
        solid FALSE
        coord DEF co Coordinate {
            point [
                0.5906 -0.5906 -0.3465, 0.5906 -0.358 -0.3465, 0.5906 -0.358 -0.256, 0.5906 0.0914 -0.2185, 0.5906 0.0999 -0.2185, 0.5906 0.0999 -0.2109, 0.5906 0.0743 -0.2506, 0.5906 0.0749 -0.2499, 0.5906 0.0749 -0.2455, 0.5906 0.0627 -0.2454, 0.5906 0.0624 -0.2455, 0.5906 0.0687 -0.2455, 0.5906 -0.0411 -0.1736, 0.5906 -0.0376 -0.176, 0.5906 0.0066 -0.176, 0.5906 -0.0334 -0.1789, 0.5906 -0.027 -0.1864, 0.5906 -0.0059 -0.2109, 0.5906 0.0066 -0.2109, 0.5906 -0.0075 -0.2068, 0.5906 -0.0114 -0.2014, 0.5906 -0.0166 -0.197, 0.5906 -0.0231 -0.1939, 0.5906 -0.0222 -0.1942, 0.5906 -0.0505 -0.1701, 0.5906 0.0066 -0.0845, 0.5906 -0.0592 -0.169, 0.5906 -0.068 -0.1701, 0.5906 -0.0768 -0.1733, 0.5906 -0.358 -0.0845, 0.5906 -0.0812 -0.176, 0.5906 -0.358 -0.176, 0.5906 -0.082 -0.1764, 0.5906 -0.1211 -0.1994, 0.5906 -0.1165 -0.1935, 0.5906 -0.1022 -0.1853, 0.5906 -0.0947 -0.1844, 0.5906 -0.0864 -0.1803, 0.5906 -0.0925 -0.1845, 0.5906 -0.0903 -0.1848, 0.5906 -0.1152 -0.1923, 0.5906 -0.1092 -0.1881, 0.5906 -0.1115 -0.2409, 0.5906 -0.1174 -0.2358, 0.5906 -0.358 -0.2455, 0.5906 -0.1047 -0.2442, 0.5906 -0.1218 -0.2297, 0.5906 -0.1245 -0.2226, 0.5906 -0.358 -0.2109, 0.5906 -0.1254 -0.2152, 0.5906 -0.1254 -0.2133, 0.5906 -0.1249 -0.2109, 0.5906 -0.1241 -0.2062, 0.5906 -0.1023 -0.2449, 0.5906 -0.102 -0.2455, 0.5906 -0.1004 -0.249, 0.5906 -0.0975 -0.2525, 0.5906 0.0066 -0.3465, 0.5906 0.0066 -0.256, 0.5906 -0.0764 -0.256, 0.5906 -0.0796 -0.2573, 0.5906 -0.0842 -0.2579, 0.5906 -0.085 -0.2578, 0.5906 -0.0894 -0.2571, 0.5906 -0.0921 -0.256, 0.5906 -0.0938 -0.2553, 0.5906 0.0066 -0.2455, 0.5906 -0.0665 -0.2455, 0.5906 -0.0665 -0.2455, 0.5906 -0.0687 -0.2498, 0.5906 -0.0716 -0.253, 0.5906 -0.0754 -0.2557, 0.5906 -0.0422 -0.2343, 0.5906 -0.0409 -0.2338, 0.5906 -0.0387 -0.2229, 0.5906 -0.0114 -0.2368, 0.5906 -0.0165 -0.2412, 0.5906 -0.07 -0.2262, 0.5906 -0.0446 -0.2129, 0.5906 -0.0733 -0.2231, 0.5906 -0.0774 -0.221, 0.5906 -0.0434 -0.2351, 0.5906 -0.0076 -0.2315, 0.5906 -0.0162 -0.2173, 0.5906 -0.0171 -0.2136, 0.5906 -0.0186 -0.2109, 0.5906 -0.113 -0.2109, 0.5906 -0.0052 -0.2126, 0.5906 -0.0043 -0.2188, 0.5906 -0.0052 -0.2255, 0.5906 -0.0395 -0.2336, 0.5906 -0.0393 -0.2336, 0.5906 -0.0387 -0.2337, 0.5906 -0.1119 -0.2223, 0.5906 -0.1096 -0.2262, 0.5906 -0.1 -0.2282, 0.5906 -0.1062 -0.2297, 0.5906 -0.1021 -0.2322, 0.5906 -0.093 -0.2219, 0.5906 -0.0968 -0.2246, 0.5906 -0.1135 -0.2148, 0.5906 -0.1132 -0.2177, 0.5906 -0.0888 -0.2203, 0.5906 -0.0842 -0.2197, 0.5906 -0.0819 -0.2198, 0.5906 -0.0453 -0.2394, 0.5906 -0.0453 -0.2387, 0.5906 -0.0653 -0.237, 0.5906 -0.0449 -0.2373, 0.5906 -0.0442 -0.236, 0.5906 -0.02 -0.229, 0.5906 -0.0179 -0.226, 0.5906 -0.0166 -0.2226, 0.5906 -0.0161 -0.219, 0.5906 -0.0409 -0.2452, 0.5906 -0.0422 -0.2447, 0.5906 -0.0434 -0.2438, 0.5906 -0.0438 -0.2433, 0.5906 -0.0447 -0.2421, 0.5906 -0.0452 -0.2409, 0.5906 -0.0654 -0.2409, 0.5906 -0.0653 -0.2389, 0.5906 -0.0223 -0.244, 0.5906 -0.0286 -0.2453, 0.5906 -0.0398 -0.2453, 0.5906 -0.0383 -0.2338, 0.5906 -0.0298 -0.2338, 0.5906 -0.0264 -0.2331, 0.5906 -0.023 -0.2315, 0.5906 -0.0202 -0.2293, 0.5906 -0.0365 -0.1927, 0.5906 -0.0408 -0.1876, 0.5906 -0.0844 -0.1986, 0.5906 -0.0413 -0.1872, 0.5906 -0.0466 -0.1835, 0.5906 -0.0815 -0.1926, 0.5906 -0.0858 -0.1979, 0.5906 -0.09 -0.1964, 0.5906 -0.0189 -0.2104, 0.5906 -0.021 -0.2079, 0.5906 -0.0309 -0.2041, 0.5906 -0.024 -0.2059, 0.5906 -0.0273 -0.2046, 0.5906 -0.0324 -0.2041, 0.5906 -0.0336 -0.1989, 0.5906 -0.1011 -0.197, 0.5906 -0.1054 -0.1993, 0.5906 -0.0965 -0.1959, 0.5906 -0.1086 -0.2022, 0.5906 -0.1113 -0.2059, 0.5906 -0.0773 -0.1876, 0.5906 -0.0526 -0.1812, 0.5906 -0.0722 -0.1838, 0.5906 -0.059 -0.1804, 0.5906 -0.066 -0.1813, 0.5906 -0.0945 -0.1958, 0.5906 -0.1129 -0.2102, 0.5906 0.1181 -0.1956, 0.5906 0.1083 -0.1956, 0.5906 0.1208 -0.2029, 0.5906 0.1083 -0.2109, 0.5906 0.1246 -0.2029, 0.5906 0.5906 -0.2109, 0.5906 0.5906 -0.176, 0.5906 0.1145 -0.1762, 0.5906 0.1083 -0.176, 0.5906 0.1108 -0.1762, 0.5906 0.1083 -0.1827, 0.5906 0.1006 -0.2029, 0.5906 0.1044 -0.2029, 0.5906 0.107 -0.1956, 0.5906 0.0724 -0.1999, 0.5906 0.0724 -0.2029, 0.5906 0.0749 -0.2109, 0.5906 0.0717 -0.1793, 0.5906 0.0749 -0.176, 0.5906 0.0717 -0.1762, 0.5906 0.0687 -0.176, 0.5906 0.0687 -0.1762, 0.5906 0.0614 -0.1909, 0.5906 0.0614 -0.1999, 0.5906 0.0687 -0.1909, 0.5906 0.0687 -0.1999, 0.5906 0.071 -0.1909, 0.5906 0.071 -0.1878, 0.5906 0.0614 -0.1793, 0.5906 0.0614 -0.1878, 0.5906 0.0687 -0.1793, 0.5906 0.0687 -0.1878, 0.5906 0.0687 -0.2109, 0.5906 0.0687 -0.2029, 0.5906 0.0565 -0.2109, 0.5906 0.058 -0.1762, 0.5906 0.0565 -0.176, 0.5906 0.058 -0.2029, 0.5906 0.0527 -0.1768, 0.5906 0.0498 -0.176, 0.5906 0.0492 -0.176, 0.5906 0.0527 -0.1804, 0.5906 0.0464 -0.1789, 0.5906 0.0452 -0.1789, 0.5906 0.0434 -0.2, 0.5906 0.0458 -0.2003, 0.5906 0.0475 -0.2002, 0.5906 0.0524 -0.1803, 0.5906 0.0505 -0.1995, 0.5906 0.0527 -0.1985, 0.5906 0.0527 -0.2018, 0.5906 0.0522 -0.202, 0.5906 0.0396 -0.1981, 0.5906 0.0363 -0.191, 0.5906 0.0389 -0.1975, 0.5906 0.0368 -0.1936, 0.5906 0.0377 -0.1957, 0.5906 0.0497 -0.1793, 0.5906 0.0429 -0.1794, 0.5906 0.0408 -0.1804, 0.5906 0.0391 -0.1818, 0.5906 0.0389 -0.182, 0.5906 0.0376 -0.1839, 0.5906 0.0367 -0.1862, 0.5906 0.0363 -0.1898, 0.5906 0.0414 -0.1993, 0.5906 0.0493 -0.203, 0.5906 0.0453 -0.2033, 0.5906 0.0339 -0.2109, 0.5906 0.0432 -0.2032, 0.5906 0.0404 -0.2025, 0.5906 0.0379 -0.2013, 0.5906 0.0361 -0.1997, 0.5906 0.0359 -0.1995, 0.5906 0.0339 -0.176, 0.5906 0.0346 -0.1822, 0.5906 0.0365 -0.1797, 0.5906 0.0372 -0.179, 0.5906 0.0397 -0.1773, 0.5906 0.0425 -0.1762, 0.5906 0.0343 -0.1972, 0.5906 0.0339 -0.1961, 0.5906 0.0323 -0.2109, 0.5906 0.0323 -0.176, 0.5906 0.0333 -0.1852, 0.5906 0.0339 -0.1839, 0.5906 0.0332 -0.1944, 0.5906 0.0327 -0.1901, 0.5906 0.0327 -0.1887, 0.5906 0.099 -0.1909, 0.5906 0.0984 -0.194, 0.5906 0.0971 -0.1968, 0.5906 0.0951 -0.1992, 0.5906 0.0896 -0.176, 0.5906 0.0896 -0.1769, 0.5906 0.0999 -0.176, 0.5906 0.0923 -0.1778, 0.5906 0.0977 -0.183, 0.5906 0.0987 -0.1855, 0.5906 0.0991 -0.1892, 0.5906 0.0951 -0.1797, 0.5906 0.0961 -0.1807, 0.5906 0.0923 -0.2012, 0.5906 0.0896 -0.2022, 0.5906 0.0896 -0.2109, 0.5906 0.0893 -0.2023, 0.5906 0.0847 -0.2029, 0.5906 0.0774 -0.2029, 0.5906 0.0774 -0.1762, 0.5906 0.085 -0.1762, 0.5906 0.0891 -0.1767, 0.5906 0.0358 -0.2371, 0.5906 0.0364 -0.2361, 0.5906 0.0369 -0.2308, 0.5906 0.0442 -0.245, 0.5906 0.0429 -0.2455, 0.5906 0.047 -0.2452, 0.5906 0.0454 -0.2442, 0.5906 0.0378 -0.245, 0.5906 0.0339 -0.2455, 0.5906 0.0391 -0.2455, 0.5906 0.0392 -0.2455, 0.5906 0.0356 -0.2428, 0.5906 0.0352 -0.2417, 0.5906 0.0351 -0.2401, 0.5906 0.0469 -0.2263, 0.5906 0.0555 -0.229, 0.5906 0.0561 -0.2281, 0.5906 0.0375 -0.2352, 0.5906 0.0389 -0.2345, 0.5906 0.039 -0.2294, 0.5906 0.0414 -0.2339, 0.5906 0.0443 -0.2286, 0.5906 0.0432 -0.2285, 0.5906 0.041 -0.2287, 0.5906 0.0367 -0.2442, 0.5906 0.0363 -0.2438, 0.5906 0.047 -0.2423, 0.5906 0.0469 -0.2423, 0.5906 0.0464 -0.2431, 0.5906 0.0351 -0.2397, 0.5906 0.0353 -0.2383, 0.5906 0.0401 -0.2261, 0.5906 0.0435 -0.2257, 0.5906 0.0455 -0.2259, 0.5906 0.0369 -0.2275, 0.5906 0.0376 -0.2271, 0.5906 0.048 -0.227, 0.5906 0.0489 -0.2278, 0.5906 0.0551 -0.2301, 0.5906 0.0496 -0.2289, 0.5906 0.0501 -0.2304, 0.5906 0.047 -0.2331, 0.5906 0.0469 -0.2316, 0.5906 0.0466 -0.2304, 0.5906 0.0462 -0.2298, 0.5906 0.0564 -0.2349, 0.5906 0.0549 -0.2411, 0.5906 0.0565 -0.2349, 0.5906 0.0562 -0.2419, 0.5906 0.0565 -0.242, 0.5906 0.0559 -0.2343, 0.5906 0.0554 -0.2336, 0.5906 0.0504 -0.233, 0.5906 0.0551 -0.2326, 0.5906 0.0549 -0.2313, 0.5906 0.0457 -0.2292, 0.5906 0.0451 -0.2288, 0.5906 0.0411 -0.2457, 0.5906 0.0339 -0.256, 0.5906 0.0428 -0.2455, 0.5906 0.0565 -0.256, 0.5906 0.0549 -0.2446, 0.5906 0.0504 -0.2452, 0.5906 0.0565 -0.2451, 0.5906 0.0565 -0.2455, 0.5906 0.057 -0.2453, 0.5906 0.0581 -0.2455, 0.5906 0.0601 -0.2457, 0.5906 0.0669 -0.2266, 0.5906 0.0669 -0.2298, 0.5906 0.0571 -0.2273, 0.5906 0.0581 -0.2266, 0.5906 0.0676 -0.2414, 0.5906 0.0672 -0.2425, 0.5906 0.0666 -0.2433, 0.5906 0.0565 -0.2278, 0.5906 0.0599 -0.226, 0.5906 0.0624 -0.2257, 0.5906 0.0646 -0.2259, 0.5906 0.0667 -0.2369, 0.5906 0.0673 -0.2378, 0.5906 0.0676 -0.2388, 0.5906 0.0678 -0.24, 0.5906 0.0656 -0.2442, 0.5906 0.0645 -0.2448, 0.5906 0.062 -0.2285, 0.5906 0.061 -0.2285, 0.5906 0.0584 -0.231, 0.5906 0.0601 -0.2288, 0.5906 0.0594 -0.2292, 0.5906 0.0584 -0.2315, 0.5906 0.0585 -0.232, 0.5906 0.0588 -0.2324, 0.5906 0.0591 -0.2328, 0.5906 0.0603 -0.2335, 0.5906 0.0642 -0.2287, 0.5906 0.0624 -0.2344, 0.5906 0.0661 -0.2294, 0.5906 0.0636 -0.235, 0.5906 0.0659 -0.2362, 0.5906 0.0589 -0.2296, 0.5906 0.0586 -0.23, 0.5906 0.0584 -0.2305, 0.5906 0.0583 -0.2427, 0.5906 0.06 -0.2369, 0.5906 0.058 -0.2359, 0.5906 0.0604 -0.243, 0.5906 0.0606 -0.243, 0.5906 0.0622 -0.2378, 0.5906 0.0623 -0.2428, 0.5906 0.0644 -0.2404, 0.5906 0.0643 -0.24, 0.5906 0.0631 -0.2424, 0.5906 0.0634 -0.2423, 0.5906 0.0638 -0.2419, 0.5906 0.0641 -0.2415, 0.5906 0.0643 -0.241, 0.5906 0.0642 -0.2394, 0.5906 0.0639 -0.239, 0.5906 0.0635 -0.2386, 0.5906 0.0844 -0.2262, 0.5906 0.0878 -0.2262, 0.5906 0.0896 -0.2455, 0.5906 0.0782 -0.2405, 0.5906 0.0787 -0.2421, 0.5906 0.0787 -0.2421, 0.5906 0.0749 -0.2308, 0.5906 0.0792 -0.2405, 0.5906 0.0789 -0.2414, 0.5906 0.0749 -0.2398, 0.5906 0.0695 -0.2262, 0.5906 0.0733 -0.2262, 0.5906 0.077 -0.2452, 0.5906 0.0769 -0.2455, 0.5906 0.0755 -0.2487, 0.5906 0.0687 -0.256, 0.5906 0.0702 -0.2539, 0.5906 0.0702 -0.251, 0.5906 0.0709 -0.2512, 0.5906 0.0721 -0.2513, 0.5906 0.0749 -0.2536, 0.5906 0.0737 -0.2541, 0.5906 0.0749 -0.256, 0.5906 0.0724 -0.2542, 0.5906 0.0716 -0.2542, 0.5906 0.0729 -0.2513, 0.5906 0.0737 -0.251, 0.5906 0.0792 -0.2481, 0.5906 0.0777 -0.2511, 0.5906 0.0896 -0.256, 0.5906 0.0802 -0.2455, 0.5906 0.0764 -0.2525, 0.5906 0.0762 -0.2527, 0.5906 0.075 -0.2536, 0.5906 0.1058 -0.2422, 0.5906 0.1058 -0.2452, 0.5906 0.1083 -0.2455, 0.5906 0.0999 -0.2455, 0.5906 0.1052 -0.2185, 0.5906 0.1052 -0.2216, 0.5906 0.0949 -0.2332, 0.5906 0.0949 -0.2422, 0.5906 0.0999 -0.2332, 0.5906 0.0999 -0.2422, 0.5906 0.1044 -0.2332, 0.5906 0.1044 -0.2302, 0.5906 0.0949 -0.2216, 0.5906 0.0949 -0.2302, 0.5906 0.0999 -0.2216, 0.5906 0.0999 -0.2302, 0.5906 0.0999 -0.2452, 0.5906 0.0914 -0.2452, 0.5906 0.1108 -0.2452, 0.5906 0.1108 -0.2185, 0.5906 0.134 -0.2452, 0.5906 0.1325 -0.2333, 0.5906 0.1318 -0.2364, 0.5906 0.5906 -0.2455, 0.5906 0.1182 -0.2452, 0.5906 0.1479 -0.2185, 0.5906 0.1442 -0.2185, 0.5906 0.1326 -0.2315, 0.5906 0.1321 -0.2279, 0.5906 0.1305 -0.2391, 0.5906 0.1285 -0.2415, 0.5906 0.1257 -0.2435, 0.5906 0.1285 -0.2221, 0.5906 0.1295 -0.223, 0.5906 0.1311 -0.2253, 0.5906 0.1184 -0.2185, 0.5906 0.1225 -0.219, 0.5906 0.1257 -0.2202, 0.5906 0.1227 -0.2447, 0.5906 0.1378 -0.2452, 0.5906 0.5906 -0.256, 0.5906 0.1083 -0.256, 0.5906 0.0999 -0.256, 0.5906 0.5906 -0.0845, 0.5906 0.1083 -0.0845, 0.5906 0.0999 -0.0845, 0.5906 0.0896 -0.0845, 0.5906 0.0749 -0.0845, 0.5906 0.0687 -0.0845, 0.5906 0.0565 -0.0845, 0.5906 0.0339 -0.0845, 0.5906 0.0463 -0.1758, 0.5906 0.0445 -0.176, 0.5906 0.5906 -0.3465, 0.5906 0.1083 -0.3465, 0.5906 0.0999 -0.3465, 0.5906 0.0896 -0.3465, 0.5906 0.0749 -0.3465, 0.5906 0.0687 -0.3465, 0.5906 0.0565 -0.3465, 0.5906 0.0339 -0.3465, 0.5906 0.0323 -0.3465, 0.5906 0.0323 -0.256, 0.5906 0.0323 -0.2455, 0.5906 0.0319 -0.2422, 0.5906 0.0319 -0.2452, 0.5906 0.0175 -0.2452, 0.5906 0.0313 -0.2216, 0.5906 0.0175 -0.2185, 0.5906 0.0313 -0.2185, 0.5906 0.021 -0.2332, 0.5906 0.021 -0.2422, 0.5906 0.0305 -0.2332, 0.5906 0.0305 -0.2302, 0.5906 0.021 -0.2302, 0.5906 0.021 -0.2216, 0.5906 0.021 -0.1762, 0.5906 0.021 -0.1999, 0.5906 0.0316 -0.1999, 0.5906 0.0175 -0.2029, 0.5906 0.0175 -0.1762, 0.5906 0.0316 -0.2029, 0.5906 0.0323 -0.0845, 0.5906 -0.5906 -0.256, 0.5906 -0.5906 -0.2455, 0.5906 -0.5906 -0.2109, 0.5906 -0.5906 -0.176, 0.5906 -0.5906 -0.0845, 0.5906 0.5906 0.0, 0.5906 0.1083 0.0, 0.5906 0.0999 0.0, 0.5906 0.0896 0.0, 0.5906 0.0749 0.0, 0.5906 0.0687 0.0, 0.5906 0.0565 0.0, 0.5906 0.0339 0.0, 0.5906 0.0323 0.0, 0.5906 0.0066 0.0, 0.5906 -0.358 0.0, 0.5906 -0.5906 0.0, 0.5906 0.1404 -0.2379, 0.5906 0.1515 -0.2379, 0.5906 0.1542 -0.2452, 0.5906 0.158 -0.2452, -0.3445 -0.5906 -0.2756, -0.3445 -0.5906 -0.3465, -0.2461 -0.5906 -0.3465, -0.5906 -0.5906 0.0, -0.5906 -0.5906 -0.3465, -0.4429 -0.5906 -0.3465, 0.0492 -0.5906 -0.2756, 0.0492 -0.5906 -0.3465, 0.1476 -0.5906 -0.3465, 0.1476 -0.5906 -0.2756, 0.2461 -0.5906 -0.2756, -0.1476 -0.5906 -0.3465, -0.0492 -0.5906 -0.3465, -0.1476 -0.5906 -0.2756, -0.0492 -0.5906 -0.2756, -0.2461 -0.5906 -0.2756, -0.4429 -0.5906 -0.2756, 0.4429 -0.5906 -0.3465, 0.4429 -0.5906 -0.2756, 0.3445 -0.5906 -0.2756, 0.3445 -0.5906 -0.3465, 0.2461 -0.5906 -0.3465, -0.5906 0.5906 -0.3465, -0.5906 0.5906 0.0, 0.3445 0.5906 -0.2756, 0.3445 0.5906 -0.3465, 0.2461 0.5906 -0.3465, 0.4429 0.5906 -0.3465, -0.0492 0.5906 -0.2756, -0.0492 0.5906 -0.3465, -0.1476 0.5906 -0.3465, -0.1476 0.5906 -0.2756, -0.2461 0.5906 -0.2756, 0.1476 0.5906 -0.3465, 0.0492 0.5906 -0.3465, 0.1476 0.5906 -0.2756, 0.0492 0.5906 -0.2756, 0.2461 0.5906 -0.2756, 0.4429 0.5906 -0.2756, -0.4429 0.5906 -0.3465, -0.4429 0.5906 -0.2756, -0.3445 0.5906 -0.2756, -0.3445 0.5906 -0.3465, -0.2461 0.5906 -0.3465, 0.4429 0.4724 -0.3465, -0.439 -0.4554 -0.3465, -0.4419 -0.4637 -0.3465, -0.3839 -0.2953 -0.3465, 0.4626 0.2953 -0.3465, 0.4626 -0.2953 -0.3465, 0.4206 0.437 -0.3465, 0.4281 0.4417 -0.3465, -0.4626 0.2953 -0.3465, -0.4626 -0.2165 -0.3465, -0.4429 0.4724 -0.3465, -0.4419 0.4637 -0.3465, -0.439 0.4554 -0.3465, -0.4343 0.4479 -0.3465, -0.4429 -0.4724 -0.3465, -0.4281 0.4417 -0.3465, -0.4206 0.437 -0.3465, -0.4123 0.4341 -0.3465, 0.4343 0.4479 -0.3465, 0.439 0.4554 -0.3465, 0.4419 0.4637 -0.3465, 0.2238 0.437 -0.3465, 0.2312 0.4417 -0.3465, 0.3668 0.437 -0.3465, 0.3751 0.4341 -0.3465, 0.3839 0.4331 -0.3465, 0.4343 -0.4479 -0.3465, 0.4281 -0.4417 -0.3465, 0.4206 -0.437 -0.3465, 0.4123 -0.4341 -0.3465, 0.4035 -0.4331 -0.3465, -0.3751 0.4341 -0.3465, -0.3668 0.437 -0.3465, -0.1515 0.4554 -0.3465, -0.1486 0.4637 -0.3465, -0.0406 0.4479 -0.3465, 0.1562 0.4479 -0.3465, 0.1625 0.4417 -0.3465, 0.1699 0.437 -0.3465, 0.1782 0.4341 -0.3465, 0.4035 0.4331 -0.3465, 0.4123 0.4341 -0.3465, 0.4429 -0.4724 -0.3465, 0.4419 -0.4637 -0.3465, 0.439 -0.4554 -0.3465, -0.0344 -0.4417 -0.3465, -0.0406 -0.4479 -0.3465, -0.2238 -0.437 -0.3465, -0.2312 -0.4417 -0.3465, -0.3593 0.4417 -0.3465, -0.2238 0.437 -0.3465, -0.3531 0.4479 -0.3465, -0.187 0.4331 -0.3465, -0.1782 0.4341 -0.3465, -0.0344 0.4417 -0.3465, -0.0269 0.437 -0.3465, -0.1625 0.4417 -0.3465, -0.0186 0.4341 -0.3465, -0.1699 0.437 -0.3465, 0.1699 -0.437 -0.3465, 0.1625 -0.4417 -0.3465, -0.0269 -0.437 -0.3465, -0.4206 -0.437 -0.3465, -0.4281 -0.4417 -0.3465, -0.4343 -0.4479 -0.3465, -0.2067 0.4331 -0.3465, -0.1562 0.4479 -0.3465, 0.3839 -0.4331 -0.3465, 0.3751 -0.4341 -0.3465, 0.3668 -0.437 -0.3465, 0.3593 -0.4417 -0.3465, 0.2155 -0.4341 -0.3465, 0.2067 -0.4331 -0.3465, -0.3751 -0.4341 -0.3465, -0.3839 -0.4331 -0.3465, -0.4035 0.4331 -0.3465, -0.3839 0.4331 -0.3465, -0.2155 0.4341 -0.3465, -0.1476 0.4724 -0.3465, 0.0344 0.4417 -0.3465, 0.0406 0.4479 -0.3465, 0.0453 0.4554 -0.3465, 0.0482 0.4637 -0.3465, 0.3455 0.4637 -0.3465, 0.3484 0.4554 -0.3465, 0.2422 0.4554 -0.3465, 0.3531 0.4479 -0.3465, 0.187 -0.4331 -0.3465, 0.1782 -0.4341 -0.3465, 0.2422 -0.4554 -0.3465, 0.2375 -0.4479 -0.3465, 0.3455 -0.4637 -0.3465, 0.0186 -0.4341 -0.3465, 0.0098 -0.4331 -0.3465, 0.0453 -0.4554 -0.3465, 0.0406 -0.4479 -0.3465, 0.1486 -0.4637 -0.3465, -0.4035 -0.4331 -0.3465, -0.4123 -0.4341 -0.3465, -0.3484 -0.4554 -0.3465, -0.3531 -0.4479 -0.3465, -0.2451 -0.4637 -0.3465, -0.3455 0.4637 -0.3465, -0.2422 0.4554 -0.3465, -0.2375 0.4479 -0.3465, -0.0492 0.4724 -0.3465, -0.0482 0.4637 -0.3465, -0.0453 0.4554 -0.3465, -0.0098 0.4331 -0.3465, 0.0098 0.4331 -0.3465, 0.0186 0.4341 -0.3465, 0.0269 0.437 -0.3465, 0.0492 0.4724 -0.3465, 0.187 0.4331 -0.3465, 0.2067 0.4331 -0.3465, 0.2155 0.4341 -0.3465, 0.2461 0.4724 -0.3465, 0.2375 0.4479 -0.3465, 0.3593 0.4417 -0.3465, 0.3531 -0.4479 -0.3465, 0.3484 -0.4554 -0.3465, 0.3445 -0.4724 -0.3465, 0.2461 -0.4724 -0.3465, 0.2451 -0.4637 -0.3465, 0.2312 -0.4417 -0.3465, 0.2238 -0.437 -0.3465, -0.0098 -0.4331 -0.3465, -0.0186 -0.4341 -0.3465, -0.0453 -0.4554 -0.3465, -0.1486 -0.4637 -0.3465, -0.1515 -0.4554 -0.3465, -0.1562 -0.4479 -0.3465, -0.1625 -0.4417 -0.3465, -0.1699 -0.437 -0.3465, -0.1782 -0.4341 -0.3465, -0.187 -0.4331 -0.3465, -0.2422 -0.4554 -0.3465, -0.2375 -0.4479 -0.3465, -0.2461 -0.4724 -0.3465, -0.3445 -0.4724 -0.3465, -0.3455 -0.4637 -0.3465, -0.3593 -0.4417 -0.3465, -0.3668 -0.437 -0.3465, -0.3445 0.4724 -0.3465, -0.2461 0.4724 -0.3465, -0.2451 0.4637 -0.3465, -0.3484 0.4554 -0.3465, -0.2312 0.4417 -0.3465, 0.1476 0.4724 -0.3465, 0.1486 0.4637 -0.3465, 0.1515 0.4554 -0.3465, 0.2451 0.4637 -0.3465, 0.3445 0.4724 -0.3465, 0.1562 -0.4479 -0.3465, 0.1515 -0.4554 -0.3465, 0.1476 -0.4724 -0.3465, 0.0492 -0.4724 -0.3465, 0.0482 -0.4637 -0.3465, 0.0344 -0.4417 -0.3465, 0.0269 -0.437 -0.3465, -0.0492 -0.4724 -0.3465, -0.2067 -0.4331 -0.3465, -0.2155 -0.4341 -0.3465, -0.0482 -0.4637 -0.3465, -0.1476 -0.4724 -0.3465, -0.3494 -0.4381 0.0, -0.3467 -0.4587 0.0, -0.37 -0.5149 0.0, -0.3864 -0.5275 0.0, -0.3494 -0.4792 0.0, -0.3573 -0.4984 0.0, -0.466 -0.5275 0.0, -0.4824 -0.5149 0.0, -0.4951 -0.4984 0.0, -0.503 -0.4792 0.0, -0.4056 -0.5355 0.0, -0.4262 -0.5382 0.0, -0.4468 -0.5355 0.0, -0.5057 -0.4587 0.0, -0.503 -0.4381 0.0, -0.4951 -0.4189 0.0, -0.3573 -0.4189 0.0, -0.37 -0.4024 0.0, -0.4824 -0.4024 0.0, -0.466 -0.3898 0.0, -0.4468 -0.3818 0.0, -0.4262 -0.3791 0.0, -0.4056 -0.3818 0.0, -0.3864 -0.3898 0.0, -0.3864 -0.3898 0.0
            ]
        }
        coordIndex [
            0,1,2,-1,3,4,5,-1,6,7,8,-1,9,10,11,-1,12,13,14,-1,14,13,15,-1,14,15,16,-1,17,18,19,-1,19,18,14,-1,19,14,20,-1,20,14,21,-1,16,22,14,-1,14,22,23,-1,14,23,21,-1,24,25,26,-1,26,25,27,-1,27,25,28,-1,28,25,29,-1,28,29,30,-1,30,29,31,-1,30,31,32,-1,31,33,34,-1,31,35,32,-1,32,35,36,-1,32,36,37,-1,37,36,38,-1,37,38,39,-1,34,40,31,-1,31,40,41,-1,31,41,35,-1,42,43,44,-1,42,44,45,-1,43,46,44,-1,44,46,47,-1,44,47,48,-1,48,47,49,-1,49,50,48,-1,48,50,51,-1,48,51,31,-1,31,51,52,-1,31,52,33,-1,53,45,54,-1,54,45,44,-1,54,44,55,-1,55,44,56,-1,57,58,59,-1,59,60,57,-1,57,60,61,-1,57,61,1,-1,61,62,1,-1,1,62,63,-1,1,63,2,-1,2,63,64,-1,2,64,44,-1,44,64,65,-1,44,65,56,-1,66,67,58,-1,58,67,68,-1,58,68,69,-1,69,70,58,-1,58,70,71,-1,58,71,59,-1,72,73,74,-1,75,76,66,-1,77,78,79,-1,79,78,80,-1,72,74,81,-1,75,66,82,-1,83,84,78,-1,78,84,85,-1,78,85,86,-1,17,87,18,-1,18,87,88,-1,18,88,66,-1,66,88,89,-1,66,89,82,-1,73,90,74,-1,74,90,91,-1,74,91,92,-1,93,94,95,-1,95,94,96,-1,95,96,97,-1,98,86,99,-1,99,86,100,-1,99,100,95,-1,95,100,101,-1,95,101,93,-1,98,102,86,-1,86,102,103,-1,86,103,78,-1,78,103,104,-1,78,104,80,-1,105,106,107,-1,107,106,108,-1,107,108,74,-1,74,108,109,-1,74,109,81,-1,110,111,74,-1,74,111,112,-1,74,112,78,-1,78,112,113,-1,78,113,83,-1,114,115,67,-1,67,115,116,-1,67,116,117,-1,117,118,67,-1,67,118,119,-1,67,119,120,-1,120,119,105,-1,120,105,121,-1,121,105,107,-1,76,122,66,-1,66,122,123,-1,66,123,67,-1,67,123,124,-1,67,124,114,-1,92,125,74,-1,74,125,126,-1,74,126,127,-1,127,128,74,-1,74,128,129,-1,74,129,110,-1,130,131,132,-1,131,133,132,-1,132,133,134,-1,132,134,135,-1,85,132,86,-1,86,132,136,-1,86,136,137,-1,138,139,140,-1,140,139,141,-1,140,141,142,-1,138,140,85,-1,85,140,143,-1,85,143,132,-1,132,143,144,-1,132,144,130,-1,145,146,147,-1,147,146,148,-1,147,148,149,-1,135,134,150,-1,150,134,151,-1,150,151,152,-1,152,151,153,-1,152,153,154,-1,137,155,86,-1,86,155,147,-1,86,147,156,-1,156,147,149,-1,157,158,159,-1,159,158,160,-1,159,160,161,-1,162,163,164,-1,164,163,165,-1,164,165,166,-1,166,165,167,-1,168,5,169,-1,169,5,160,-1,169,160,170,-1,170,160,158,-1,171,172,173,-1,174,175,176,-1,176,175,177,-1,176,177,178,-1,179,180,181,-1,181,180,182,-1,181,182,183,-1,183,182,171,-1,183,171,184,-1,185,186,187,-1,187,186,188,-1,187,188,174,-1,173,172,189,-1,189,172,190,-1,189,190,191,-1,178,177,192,-1,192,177,193,-1,192,193,194,-1,195,193,196,-1,196,193,197,-1,190,194,191,-1,191,194,193,-1,191,193,198,-1,198,193,195,-1,199,200,201,-1,202,203,204,-1,204,203,205,-1,204,205,198,-1,198,205,206,-1,198,206,191,-1,191,206,207,-1,191,207,208,-1,209,210,211,-1,211,210,212,-1,211,212,213,-1,202,204,201,-1,201,204,214,-1,201,214,199,-1,200,215,201,-1,201,215,216,-1,201,216,217,-1,217,218,201,-1,201,218,219,-1,201,219,220,-1,220,221,201,-1,201,221,210,-1,201,210,222,-1,222,210,209,-1,208,223,191,-1,191,223,224,-1,191,224,225,-1,225,224,226,-1,225,226,227,-1,227,228,225,-1,225,228,229,-1,225,229,230,-1,231,232,233,-1,233,234,231,-1,231,234,235,-1,231,235,236,-1,230,237,225,-1,225,237,238,-1,225,238,239,-1,240,241,231,-1,231,241,242,-1,231,242,232,-1,238,243,239,-1,239,243,244,-1,239,244,240,-1,240,244,245,-1,240,245,241,-1,246,247,5,-1,5,247,248,-1,5,248,249,-1,250,251,252,-1,252,251,253,-1,254,255,252,-1,252,255,256,-1,253,257,252,-1,252,257,258,-1,252,258,254,-1,167,165,168,-1,168,165,252,-1,168,252,5,-1,5,252,256,-1,5,256,246,-1,259,260,261,-1,261,260,262,-1,263,264,173,-1,173,264,175,-1,173,175,171,-1,171,175,174,-1,171,174,184,-1,184,174,188,-1,264,265,175,-1,175,265,266,-1,175,266,250,-1,250,266,267,-1,250,267,251,-1,268,269,270,-1,271,272,273,-1,271,273,274,-1,275,276,277,-1,277,276,278,-1,279,280,276,-1,276,280,281,-1,282,283,284,-1,269,285,270,-1,270,285,286,-1,270,286,287,-1,287,286,288,-1,289,290,288,-1,288,290,291,-1,288,291,287,-1,275,292,276,-1,276,292,293,-1,276,293,279,-1,294,295,273,-1,273,295,296,-1,273,296,274,-1,225,297,298,-1,299,300,225,-1,225,300,301,-1,268,270,298,-1,298,270,302,-1,298,302,225,-1,225,302,303,-1,225,303,299,-1,282,304,283,-1,283,304,305,-1,283,305,306,-1,306,305,307,-1,306,307,308,-1,309,310,288,-1,288,310,311,-1,288,311,312,-1,313,314,315,-1,315,314,316,-1,315,316,317,-1,318,319,320,-1,320,319,321,-1,320,321,308,-1,308,321,322,-1,308,322,306,-1,312,323,288,-1,288,323,324,-1,288,324,289,-1,325,326,327,-1,327,326,328,-1,327,328,272,-1,313,318,314,-1,314,318,320,-1,314,320,329,-1,329,320,330,-1,329,330,331,-1,331,330,332,-1,331,332,333,-1,333,332,334,-1,335,334,328,-1,328,334,332,-1,328,332,272,-1,272,332,330,-1,272,330,273,-1,336,337,11,-1,338,339,191,-1,340,341,11,-1,11,341,342,-1,301,282,225,-1,225,282,284,-1,225,284,191,-1,191,284,343,-1,191,343,338,-1,339,344,191,-1,191,344,345,-1,191,345,189,-1,189,345,346,-1,189,346,336,-1,347,348,337,-1,337,348,349,-1,337,349,11,-1,11,349,350,-1,11,350,340,-1,342,351,11,-1,11,351,352,-1,11,352,9,-1,353,354,355,-1,355,354,356,-1,355,356,357,-1,355,358,353,-1,353,358,359,-1,353,359,360,-1,360,361,353,-1,353,361,362,-1,353,362,363,-1,363,362,364,-1,363,364,365,-1,365,364,366,-1,365,366,337,-1,337,366,367,-1,337,367,347,-1,368,369,357,-1,357,369,370,-1,357,370,355,-1,371,372,317,-1,317,372,373,-1,317,373,315,-1,371,374,372,-1,372,374,375,-1,372,375,376,-1,376,375,377,-1,376,378,379,-1,377,380,376,-1,376,380,381,-1,376,381,382,-1,382,383,376,-1,376,383,384,-1,376,384,378,-1,379,385,376,-1,376,385,386,-1,376,386,387,-1,388,389,261,-1,261,389,390,-1,391,392,393,-1,262,263,261,-1,261,263,173,-1,261,173,388,-1,388,173,394,-1,388,394,395,-1,395,394,391,-1,395,391,396,-1,396,391,393,-1,8,397,11,-1,11,397,398,-1,336,11,189,-1,189,11,398,-1,189,398,173,-1,173,398,399,-1,173,399,394,-1,400,397,401,-1,401,397,8,-1,401,8,402,-1,402,8,7,-1,403,404,405,-1,335,328,10,-1,10,328,403,-1,10,403,11,-1,11,403,405,-1,11,405,8,-1,8,405,406,-1,8,406,407,-1,408,409,410,-1,410,409,411,-1,410,411,403,-1,403,411,412,-1,403,412,404,-1,407,413,8,-1,8,413,414,-1,8,414,6,-1,415,416,417,-1,415,417,418,-1,416,419,417,-1,417,419,420,-1,417,420,410,-1,410,420,421,-1,410,421,408,-1,422,423,424,-1,424,423,425,-1,5,4,160,-1,160,4,426,-1,160,426,427,-1,428,429,430,-1,430,429,431,-1,430,431,432,-1,432,431,422,-1,432,422,433,-1,434,435,436,-1,436,435,437,-1,436,437,427,-1,423,438,425,-1,425,438,439,-1,425,439,390,-1,390,439,3,-1,390,3,261,-1,261,3,5,-1,261,5,259,-1,259,5,249,-1,440,441,160,-1,442,443,444,-1,424,445,446,-1,446,440,424,-1,424,440,160,-1,424,160,422,-1,422,160,427,-1,422,427,433,-1,433,427,437,-1,445,162,447,-1,164,161,162,-1,162,161,160,-1,162,160,447,-1,447,160,448,-1,443,442,449,-1,449,442,448,-1,449,448,450,-1,444,451,442,-1,442,451,452,-1,442,452,453,-1,454,455,448,-1,448,455,456,-1,448,456,450,-1,441,457,160,-1,160,457,458,-1,160,458,448,-1,448,458,459,-1,448,459,454,-1,453,460,442,-1,442,460,446,-1,442,446,461,-1,462,445,463,-1,463,445,424,-1,463,424,464,-1,464,424,425,-1,464,425,417,-1,417,425,390,-1,417,390,418,-1,418,390,389,-1,163,465,165,-1,165,465,466,-1,165,466,252,-1,252,466,467,-1,252,467,250,-1,250,467,468,-1,250,468,175,-1,175,468,469,-1,175,469,177,-1,177,469,470,-1,177,470,193,-1,193,470,471,-1,193,471,197,-1,197,471,472,-1,197,472,473,-1,473,472,474,-1,475,462,476,-1,476,462,463,-1,476,463,477,-1,477,463,464,-1,477,464,478,-1,478,464,417,-1,478,417,479,-1,479,417,410,-1,479,410,480,-1,480,410,403,-1,480,403,481,-1,481,403,328,-1,481,328,482,-1,482,328,326,-1,482,326,483,-1,483,326,484,-1,483,484,57,-1,325,278,326,-1,326,278,276,-1,326,276,484,-1,484,276,485,-1,486,487,485,-1,485,487,488,-1,281,297,276,-1,276,297,225,-1,276,225,485,-1,485,225,239,-1,485,239,486,-1,486,239,489,-1,57,484,58,-1,58,484,485,-1,58,485,66,-1,66,485,488,-1,66,488,18,-1,18,488,490,-1,18,490,239,-1,239,490,491,-1,239,491,489,-1,492,493,494,-1,494,493,486,-1,494,486,495,-1,495,486,489,-1,495,489,496,-1,496,489,497,-1,498,499,500,-1,501,502,14,-1,14,502,498,-1,14,498,240,-1,240,498,500,-1,240,500,239,-1,239,500,503,-1,239,503,18,-1,18,503,501,-1,18,501,14,-1,236,474,231,-1,231,474,472,-1,231,472,240,-1,240,472,504,-1,240,504,14,-1,14,504,25,-1,14,25,12,-1,12,25,24,-1,0,2,505,-1,505,2,44,-1,505,44,506,-1,506,44,48,-1,506,48,507,-1,507,48,31,-1,507,31,508,-1,508,31,29,-1,508,29,509,-1,465,510,466,-1,466,510,511,-1,466,511,467,-1,467,511,512,-1,467,512,468,-1,468,512,513,-1,468,513,469,-1,469,513,514,-1,469,514,470,-1,470,514,515,-1,470,515,471,-1,471,515,516,-1,471,516,472,-1,472,516,517,-1,472,517,504,-1,504,517,518,-1,504,518,25,-1,25,518,519,-1,25,519,29,-1,29,519,520,-1,29,520,509,-1,509,520,521,-1,522,461,523,-1,523,461,446,-1,523,446,524,-1,524,446,445,-1,524,445,525,-1,525,445,447,-1,526,527,528,-1,529,530,531,-1,532,533,534,-1,535,536,521,-1,537,538,539,-1,539,538,540,-1,528,541,526,-1,526,541,529,-1,526,529,542,-1,542,529,531,-1,534,535,532,-1,532,535,521,-1,532,521,540,-1,540,521,529,-1,540,529,539,-1,539,529,541,-1,543,0,544,-1,544,0,521,-1,544,521,545,-1,545,521,536,-1,545,536,546,-1,546,536,547,-1,548,530,549,-1,549,530,529,-1,550,551,552,-1,510,475,553,-1,554,555,556,-1,557,558,549,-1,559,560,561,-1,561,560,562,-1,552,563,550,-1,550,563,510,-1,550,510,564,-1,564,510,553,-1,556,557,554,-1,554,557,549,-1,554,549,562,-1,562,549,510,-1,562,510,561,-1,561,510,563,-1,565,548,566,-1,566,548,549,-1,566,549,567,-1,567,549,558,-1,567,558,568,-1,568,558,569,-1,570,553,475,-1,571,572,573,-1,574,475,575,-1,575,475,0,-1,576,577,574,-1,548,578,530,-1,530,578,579,-1,530,579,573,-1,565,580,548,-1,548,580,581,-1,548,581,578,-1,578,581,582,-1,578,582,583,-1,573,572,530,-1,530,572,584,-1,530,584,531,-1,583,585,578,-1,578,585,586,-1,578,586,587,-1,577,588,574,-1,574,588,589,-1,574,589,475,-1,475,589,590,-1,475,590,570,-1,591,592,593,-1,578,593,574,-1,574,593,594,-1,574,594,595,-1,575,596,597,-1,597,598,575,-1,575,598,599,-1,575,599,600,-1,601,602,578,-1,603,604,605,-1,606,607,578,-1,578,607,608,-1,578,608,609,-1,595,610,574,-1,574,610,611,-1,574,611,576,-1,543,612,0,-1,0,612,613,-1,0,613,575,-1,575,613,614,-1,575,614,596,-1,615,616,573,-1,617,618,573,-1,602,619,620,-1,620,619,621,-1,622,623,578,-1,624,625,626,-1,626,625,627,-1,626,627,628,-1,629,630,573,-1,615,573,631,-1,632,633,573,-1,573,633,634,-1,573,634,571,-1,622,578,635,-1,624,626,605,-1,605,626,636,-1,605,636,603,-1,600,637,575,-1,575,637,638,-1,575,638,573,-1,573,638,639,-1,573,639,640,-1,641,642,573,-1,643,644,573,-1,587,645,578,-1,578,645,646,-1,578,646,601,-1,602,620,578,-1,578,620,647,-1,578,647,635,-1,648,556,555,-1,649,650,606,-1,606,650,651,-1,606,651,652,-1,653,654,655,-1,655,654,656,-1,642,657,573,-1,573,657,658,-1,573,658,629,-1,659,660,661,-1,662,663,573,-1,664,665,666,-1,644,667,573,-1,573,667,668,-1,573,668,632,-1,669,670,671,-1,672,673,674,-1,555,675,648,-1,648,675,676,-1,648,676,604,-1,604,676,677,-1,604,677,605,-1,678,578,627,-1,627,578,623,-1,627,623,628,-1,678,679,578,-1,578,679,680,-1,578,680,606,-1,606,680,681,-1,606,681,649,-1,682,560,559,-1,609,683,578,-1,578,683,684,-1,578,684,593,-1,593,684,685,-1,593,685,591,-1,686,552,551,-1,592,687,593,-1,593,687,655,-1,593,655,688,-1,688,655,656,-1,640,689,573,-1,573,689,690,-1,573,690,641,-1,641,690,661,-1,546,547,691,-1,691,547,692,-1,691,692,661,-1,661,692,693,-1,661,693,659,-1,660,694,661,-1,661,694,695,-1,661,695,641,-1,663,696,573,-1,573,696,697,-1,573,697,631,-1,698,699,616,-1,616,699,700,-1,616,700,701,-1,701,702,616,-1,616,702,703,-1,616,703,573,-1,573,703,704,-1,573,704,705,-1,671,643,706,-1,706,643,573,-1,706,573,707,-1,707,573,618,-1,528,527,708,-1,708,527,709,-1,708,709,671,-1,671,709,710,-1,671,710,669,-1,670,711,671,-1,671,711,712,-1,671,712,643,-1,568,569,713,-1,713,569,714,-1,713,714,672,-1,672,714,715,-1,672,715,673,-1,621,716,620,-1,620,716,672,-1,620,672,717,-1,717,672,674,-1,559,718,682,-1,682,718,719,-1,682,719,652,-1,652,719,720,-1,652,720,606,-1,655,721,653,-1,653,721,686,-1,653,686,722,-1,722,686,551,-1,630,723,573,-1,573,723,724,-1,573,724,662,-1,662,724,666,-1,534,533,725,-1,725,533,726,-1,725,726,666,-1,666,726,727,-1,666,727,664,-1,665,728,666,-1,666,728,729,-1,666,729,662,-1,730,538,537,-1,705,731,573,-1,573,731,732,-1,573,732,617,-1,698,733,699,-1,699,733,730,-1,699,730,734,-1,734,730,537,-1,735,736,521,-1,521,737,738,-1,736,739,521,-1,521,739,740,-1,521,740,737,-1,741,742,529,-1,529,742,743,-1,529,743,744,-1,738,745,521,-1,521,745,746,-1,521,746,529,-1,529,746,747,-1,529,747,741,-1,744,748,529,-1,529,748,749,-1,529,749,549,-1,549,749,750,-1,735,521,751,-1,751,521,510,-1,751,510,752,-1,750,753,549,-1,549,753,754,-1,549,754,755,-1,755,756,549,-1,549,756,757,-1,549,757,510,-1,510,757,758,-1,510,758,752,-1,
        ]
    }
}
Shape{
    appearance Appearance {
        material  Material 	{
            diffuseColor 1.0 1.0 1.0
            specularColor 0.5019607843137255 0.5019607843137255 0.5019607843137255
            ambientIntensity 0.2
            transparency 0
            shininess 0.5
        }
    }
    geometry IndexedFaceSet {
        ccw TRUE
        solid FALSE
        coord DEF co Coordinate {
            point [
                -0.4429 0.5906 -0.2756, -0.4429 0.4724 -0.2756, -0.4429 0.5906 -0.3465, -0.4429 0.4724 -0.3465, -0.4035 0.4331 -0.2756, -0.4035 0.4331 -0.3465, -0.4123 0.4341 -0.2756, -0.4123 0.4341 -0.3465, -0.4206 0.437 -0.2756, -0.4206 0.437 -0.3465, -0.4281 0.4417 -0.2756, -0.4281 0.4417 -0.3465, -0.4343 0.4479 -0.2756, -0.4343 0.4479 -0.3465, -0.439 0.4554 -0.2756, -0.439 0.4554 -0.3465, -0.4419 0.4637 -0.2756, -0.4419 0.4637 -0.3465, -0.4419 0.4637 -0.3465
            ]
        }
        coordIndex [
            0,1,2,-1,2,1,3,-1,4,5,6,-1,6,5,7,-1,6,7,8,-1,8,7,9,-1,8,9,10,-1,10,9,11,-1,10,11,12,-1,12,11,13,-1,12,13,14,-1,14,13,15,-1,14,15,16,-1,16,15,17,-1,16,17,1,-1,1,17,3,-1,
        ]
    }
}
Shape{
    appearance Appearance {
        material  Material 	{
            diffuseColor 0.792156862745098 0.8196078431372549 0.9333333333333333
            specularColor 0.396078431372549 0.4117647058823529 0.4666666666666667
            ambientIntensity 0.2
            transparency 0
            shininess 0.5
        }
    }
    geometry IndexedFaceSet {
        ccw TRUE
        solid FALSE
        coord DEF co Coordinate {
            point [
                -0.4035 0.4331 -0.2756, -0.3839 0.4331 -0.2756, -0.4035 0.4331 -0.3465, -0.3839 0.4331 -0.3465, -0.3445 0.4724 -0.2756, -0.3445 0.4724 -0.3465, -0.3455 0.4637 -0.2756, -0.3455 0.4637 -0.3465, -0.3484 0.4554 -0.2756, -0.3484 0.4554 -0.3465, -0.3531 0.4479 -0.2756, -0.3531 0.4479 -0.3465, -0.3593 0.4417 -0.2756, -0.3593 0.4417 -0.3465, -0.3668 0.437 -0.2756, -0.3668 0.437 -0.3465, -0.3751 0.4341 -0.2756, -0.3751 0.4341 -0.3465, -0.3445 0.5906 -0.2756, -0.3445 0.5906 -0.3465, -0.4123 0.4341 -0.2756, -0.4429 0.4724 -0.2756, -0.4429 0.5906 -0.2756, -0.4281 0.4417 -0.2756, -0.4343 0.4479 -0.2756, -0.439 0.4554 -0.2756, -0.4206 0.437 -0.2756, -0.4419 0.4637 -0.2756, 0.4626 -0.2953 -0.2756, 0.4626 0.2953 -0.2756, 0.4626 -0.2953 -0.3465, 0.4626 0.2953 -0.3465, -0.4626 0.2953 -0.2756, -0.4626 0.2953 -0.3465, -0.4626 -0.2165 -0.2756, -0.4626 -0.2165 -0.3465, -0.3839 -0.2953 -0.2756, -0.3839 -0.2953 -0.3465, 0.3445 -0.4724 -0.2756, 0.3445 -0.4724 -0.3465, 0.3455 -0.4637 -0.2756, 0.3455 -0.4637 -0.3465, 0.3484 -0.4554 -0.2756, 0.3484 -0.4554 -0.3465, 0.3531 -0.4479 -0.2756, 0.3531 -0.4479 -0.3465, 0.3593 -0.4417 -0.2756, 0.3593 -0.4417 -0.3465, 0.3668 -0.437 -0.2756, 0.3668 -0.437 -0.3465, 0.3751 -0.4341 -0.2756, 0.3751 -0.4341 -0.3465, 0.3839 -0.4331 -0.2756, 0.3839 -0.4331 -0.3465, 0.3445 -0.5906 -0.2756, 0.3445 -0.5906 -0.3465, 0.4429 -0.5906 -0.2756, 0.4429 -0.4724 -0.2756, 0.4429 -0.5906 -0.3465, 0.4429 -0.4724 -0.3465, 0.4035 -0.4331 -0.2756, 0.4035 -0.4331 -0.3465, 0.4123 -0.4341 -0.2756, 0.4123 -0.4341 -0.3465, 0.4206 -0.437 -0.2756, 0.4206 -0.437 -0.3465, 0.4281 -0.4417 -0.2756, 0.4281 -0.4417 -0.3465, 0.4343 -0.4479 -0.2756, 0.4343 -0.4479 -0.3465, 0.439 -0.4554 -0.2756, 0.439 -0.4554 -0.3465, 0.4419 -0.4637 -0.2756, 0.4419 -0.4637 -0.3465, -0.0492 0.5906 -0.2756, -0.0492 0.4724 -0.2756, -0.0492 0.5906 -0.3465, -0.0492 0.4724 -0.3465, -0.0098 0.4331 -0.2756, -0.0098 0.4331 -0.3465, -0.0186 0.4341 -0.2756, -0.0186 0.4341 -0.3465, -0.0269 0.437 -0.2756, -0.0269 0.437 -0.3465, -0.0344 0.4417 -0.2756, -0.0344 0.4417 -0.3465, -0.0406 0.4479 -0.2756, -0.0406 0.4479 -0.3465, -0.0453 0.4554 -0.2756, -0.0453 0.4554 -0.3465, -0.0482 0.4637 -0.2756, -0.0482 0.4637 -0.3465, 0.0098 0.4331 -0.2756, 0.0098 0.4331 -0.3465, 0.0492 0.4724 -0.2756, 0.0492 0.4724 -0.3465, 0.0482 0.4637 -0.2756, 0.0482 0.4637 -0.3465, 0.0453 0.4554 -0.2756, 0.0453 0.4554 -0.3465, 0.0406 0.4479 -0.2756, 0.0406 0.4479 -0.3465, 0.0344 0.4417 -0.2756, 0.0344 0.4417 -0.3465, 0.0269 0.437 -0.2756, 0.0269 0.437 -0.3465, 0.0186 0.4341 -0.2756, 0.0186 0.4341 -0.3465, 0.0492 0.5906 -0.2756, 0.0492 0.5906 -0.3465, -0.2461 -0.4724 -0.2756, -0.2461 -0.4724 -0.3465, -0.2451 -0.4637 -0.2756, -0.2451 -0.4637 -0.3465, -0.2422 -0.4554 -0.2756, -0.2422 -0.4554 -0.3465, -0.2375 -0.4479 -0.2756, -0.2375 -0.4479 -0.3465, -0.2312 -0.4417 -0.2756, -0.2312 -0.4417 -0.3465, -0.2238 -0.437 -0.2756, -0.2238 -0.437 -0.3465, -0.2155 -0.4341 -0.2756, -0.2155 -0.4341 -0.3465, -0.2067 -0.4331 -0.2756, -0.2067 -0.4331 -0.3465, -0.2461 -0.5906 -0.2756, -0.2461 -0.5906 -0.3465, -0.1476 -0.5906 -0.2756, -0.1476 -0.4724 -0.2756, -0.1476 -0.5906 -0.3465, -0.1476 -0.4724 -0.3465, -0.187 -0.4331 -0.2756, -0.187 -0.4331 -0.3465, -0.1782 -0.4341 -0.2756, -0.1782 -0.4341 -0.3465, -0.1699 -0.437 -0.2756, -0.1699 -0.437 -0.3465, -0.1625 -0.4417 -0.2756, -0.1625 -0.4417 -0.3465, -0.1562 -0.4479 -0.2756, -0.1562 -0.4479 -0.3465, -0.1515 -0.4554 -0.2756, -0.1515 -0.4554 -0.3465, -0.1486 -0.4637 -0.2756, -0.1486 -0.4637 -0.3465, -0.2461 0.5906 -0.2756, -0.2461 0.4724 -0.2756, -0.2461 0.5906 -0.3465, -0.2461 0.4724 -0.3465, -0.2067 0.4331 -0.2756, -0.2067 0.4331 -0.3465, -0.2155 0.4341 -0.2756, -0.2155 0.4341 -0.3465, -0.2238 0.437 -0.2756, -0.2238 0.437 -0.3465, -0.2312 0.4417 -0.2756, -0.2312 0.4417 -0.3465, -0.2375 0.4479 -0.2756, -0.2375 0.4479 -0.3465, -0.2422 0.4554 -0.2756, -0.2422 0.4554 -0.3465, -0.2451 0.4637 -0.2756, -0.2451 0.4637 -0.3465, -0.187 0.4331 -0.2756, -0.187 0.4331 -0.3465, -0.1476 0.4724 -0.2756, -0.1476 0.4724 -0.3465, -0.1486 0.4637 -0.2756, -0.1486 0.4637 -0.3465, -0.1515 0.4554 -0.2756, -0.1515 0.4554 -0.3465, -0.1562 0.4479 -0.2756, -0.1562 0.4479 -0.3465, -0.1625 0.4417 -0.2756, -0.1625 0.4417 -0.3465, -0.1699 0.437 -0.2756, -0.1699 0.437 -0.3465, -0.1782 0.4341 -0.2756, -0.1782 0.4341 -0.3465, -0.1476 0.5906 -0.2756, -0.1476 0.5906 -0.3465, -0.4429 -0.4724 -0.2756, -0.4429 -0.4724 -0.3465, -0.4419 -0.4637 -0.2756, -0.4419 -0.4637 -0.3465, -0.439 -0.4554 -0.2756, -0.439 -0.4554 -0.3465, -0.4343 -0.4479 -0.2756, -0.4343 -0.4479 -0.3465, -0.4281 -0.4417 -0.2756, -0.4281 -0.4417 -0.3465, -0.4206 -0.437 -0.2756, -0.4206 -0.437 -0.3465, -0.4123 -0.4341 -0.2756, -0.4123 -0.4341 -0.3465, -0.4035 -0.4331 -0.2756, -0.4035 -0.4331 -0.3465, -0.4429 -0.5906 -0.2756, -0.4429 -0.5906 -0.3465, -0.3445 -0.5906 -0.2756, -0.3445 -0.4724 -0.2756, -0.3445 -0.5906 -0.3465, -0.3445 -0.4724 -0.3465, -0.3839 -0.4331 -0.2756, -0.3839 -0.4331 -0.3465, -0.3751 -0.4341 -0.2756, -0.3751 -0.4341 -0.3465, -0.3668 -0.437 -0.2756, -0.3668 -0.437 -0.3465, -0.3593 -0.4417 -0.2756, -0.3593 -0.4417 -0.3465, -0.3531 -0.4479 -0.2756, -0.3531 -0.4479 -0.3465, -0.3484 -0.4554 -0.2756, -0.3484 -0.4554 -0.3465, -0.3455 -0.4637 -0.2756, -0.3455 -0.4637 -0.3465, 0.3445 0.5906 -0.2756, 0.3445 0.4724 -0.2756, 0.3445 0.5906 -0.3465, 0.3445 0.4724 -0.3465, 0.3839 0.4331 -0.2756, 0.3839 0.4331 -0.3465, 0.3751 0.4341 -0.2756, 0.3751 0.4341 -0.3465, 0.3668 0.437 -0.2756, 0.3668 0.437 -0.3465, 0.3593 0.4417 -0.2756, 0.3593 0.4417 -0.3465, 0.3531 0.4479 -0.2756, 0.3531 0.4479 -0.3465, 0.3484 0.4554 -0.2756, 0.3484 0.4554 -0.3465, 0.3455 0.4637 -0.2756, 0.3455 0.4637 -0.3465, 0.4035 0.4331 -0.2756, 0.4035 0.4331 -0.3465, 0.4429 0.4724 -0.2756, 0.4429 0.4724 -0.3465, 0.4419 0.4637 -0.2756, 0.4419 0.4637 -0.3465, 0.439 0.4554 -0.2756, 0.439 0.4554 -0.3465, 0.4343 0.4479 -0.2756, 0.4343 0.4479 -0.3465, 0.4281 0.4417 -0.2756, 0.4281 0.4417 -0.3465, 0.4206 0.437 -0.2756, 0.4206 0.437 -0.3465, 0.4123 0.4341 -0.2756, 0.4123 0.4341 -0.3465, 0.4429 0.5906 -0.2756, 0.4429 0.5906 -0.3465, 0.1476 -0.4724 -0.2756, 0.1476 -0.4724 -0.3465, 0.1486 -0.4637 -0.2756, 0.1486 -0.4637 -0.3465, 0.1515 -0.4554 -0.2756, 0.1515 -0.4554 -0.3465, 0.1562 -0.4479 -0.2756, 0.1562 -0.4479 -0.3465, 0.1625 -0.4417 -0.2756, 0.1625 -0.4417 -0.3465, 0.1699 -0.437 -0.2756, 0.1699 -0.437 -0.3465, 0.1782 -0.4341 -0.2756, 0.1782 -0.4341 -0.3465, 0.187 -0.4331 -0.2756, 0.187 -0.4331 -0.3465, 0.1476 -0.5906 -0.2756, 0.1476 -0.5906 -0.3465, 0.2461 -0.5906 -0.2756, 0.2461 -0.4724 -0.2756, 0.2461 -0.5906 -0.3465, 0.2461 -0.4724 -0.3465, 0.2067 -0.4331 -0.2756, 0.2067 -0.4331 -0.3465, 0.2155 -0.4341 -0.2756, 0.2155 -0.4341 -0.3465, 0.2238 -0.437 -0.2756, 0.2238 -0.437 -0.3465, 0.2312 -0.4417 -0.2756, 0.2312 -0.4417 -0.3465, 0.2375 -0.4479 -0.2756, 0.2375 -0.4479 -0.3465, 0.2422 -0.4554 -0.2756, 0.2422 -0.4554 -0.3465, 0.2451 -0.4637 -0.2756, 0.2451 -0.4637 -0.3465, 0.1476 0.5906 -0.2756, 0.1476 0.4724 -0.2756, 0.1476 0.5906 -0.3465, 0.1476 0.4724 -0.3465, 0.187 0.4331 -0.2756, 0.187 0.4331 -0.3465, 0.1782 0.4341 -0.2756, 0.1782 0.4341 -0.3465, 0.1699 0.437 -0.2756, 0.1699 0.437 -0.3465, 0.1625 0.4417 -0.2756, 0.1625 0.4417 -0.3465, 0.1562 0.4479 -0.2756, 0.1562 0.4479 -0.3465, 0.1515 0.4554 -0.2756, 0.1515 0.4554 -0.3465, 0.1486 0.4637 -0.2756, 0.1486 0.4637 -0.3465, 0.2067 0.4331 -0.2756, 0.2067 0.4331 -0.3465, 0.2461 0.4724 -0.2756, 0.2461 0.4724 -0.3465, 0.2451 0.4637 -0.2756, 0.2451 0.4637 -0.3465, 0.2422 0.4554 -0.2756, 0.2422 0.4554 -0.3465, 0.2375 0.4479 -0.2756, 0.2375 0.4479 -0.3465, 0.2312 0.4417 -0.2756, 0.2312 0.4417 -0.3465, 0.2238 0.437 -0.2756, 0.2238 0.437 -0.3465, 0.2155 0.4341 -0.2756, 0.2155 0.4341 -0.3465, 0.2461 0.5906 -0.2756, 0.2461 0.5906 -0.3465, -0.0492 -0.4724 -0.2756, -0.0492 -0.4724 -0.3465, -0.0482 -0.4637 -0.2756, -0.0482 -0.4637 -0.3465, -0.0453 -0.4554 -0.2756, -0.0453 -0.4554 -0.3465, -0.0406 -0.4479 -0.2756, -0.0406 -0.4479 -0.3465, -0.0344 -0.4417 -0.2756, -0.0344 -0.4417 -0.3465, -0.0269 -0.437 -0.2756, -0.0269 -0.437 -0.3465, -0.0186 -0.4341 -0.2756, -0.0186 -0.4341 -0.3465, -0.0098 -0.4331 -0.2756, -0.0098 -0.4331 -0.3465, -0.0492 -0.5906 -0.2756, -0.0492 -0.5906 -0.3465, 0.0492 -0.5906 -0.2756, 0.0492 -0.4724 -0.2756, 0.0492 -0.5906 -0.3465, 0.0492 -0.4724 -0.3465, 0.0098 -0.4331 -0.2756, 0.0098 -0.4331 -0.3465, 0.0186 -0.4341 -0.2756, 0.0186 -0.4341 -0.3465, 0.0269 -0.437 -0.2756, 0.0269 -0.437 -0.3465, 0.0344 -0.4417 -0.2756, 0.0344 -0.4417 -0.3465, 0.0406 -0.4479 -0.2756, 0.0406 -0.4479 -0.3465, 0.0453 -0.4554 -0.2756, 0.0453 -0.4554 -0.3465, 0.0482 -0.4637 -0.2756, 0.0482 -0.4637 -0.3465, 0.0482 -0.4637 -0.3465
            ]
        }
        coordIndex [
            0,1,2,-1,2,1,3,-1,4,5,6,-1,6,5,7,-1,6,7,8,-1,8,7,9,-1,8,9,10,-1,10,9,11,-1,10,11,12,-1,12,11,13,-1,12,13,14,-1,14,13,15,-1,14,15,16,-1,16,15,17,-1,16,17,1,-1,1,17,3,-1,4,18,5,-1,5,18,19,-1,18,4,0,-1,20,21,0,-1,0,21,22,-1,0,22,18,-1,23,24,25,-1,6,16,4,-1,4,16,1,-1,4,1,0,-1,20,26,21,-1,21,26,23,-1,21,23,27,-1,27,23,25,-1,6,8,10,-1,10,12,6,-1,6,12,14,-1,6,14,16,-1,28,29,30,-1,30,29,31,-1,29,32,31,-1,31,32,33,-1,32,34,33,-1,33,34,35,-1,34,36,35,-1,35,36,37,-1,36,28,37,-1,37,28,30,-1,34,32,36,-1,36,32,29,-1,36,29,28,-1,38,39,40,-1,40,39,41,-1,40,41,42,-1,42,41,43,-1,42,43,44,-1,44,43,45,-1,44,45,46,-1,46,45,47,-1,46,47,48,-1,48,47,49,-1,48,49,50,-1,50,49,51,-1,50,51,52,-1,52,51,53,-1,38,54,39,-1,39,54,55,-1,56,57,58,-1,58,57,59,-1,60,61,62,-1,62,61,63,-1,62,63,64,-1,64,63,65,-1,64,65,66,-1,66,65,67,-1,66,67,68,-1,68,67,69,-1,68,69,70,-1,70,69,71,-1,70,71,72,-1,72,71,73,-1,72,73,57,-1,57,73,59,-1,60,52,61,-1,61,52,53,-1,48,50,38,-1,38,50,52,-1,38,52,54,-1,64,66,57,-1,38,40,48,-1,48,40,42,-1,48,42,46,-1,46,42,44,-1,54,52,56,-1,56,52,60,-1,56,60,57,-1,57,60,62,-1,57,62,64,-1,66,68,57,-1,57,68,70,-1,57,70,72,-1,74,75,76,-1,76,75,77,-1,78,79,80,-1,80,79,81,-1,80,81,82,-1,82,81,83,-1,82,83,84,-1,84,83,85,-1,84,85,86,-1,86,85,87,-1,86,87,88,-1,88,87,89,-1,88,89,90,-1,90,89,91,-1,90,91,75,-1,75,91,77,-1,78,92,79,-1,79,92,93,-1,94,95,96,-1,96,95,97,-1,96,97,98,-1,98,97,99,-1,98,99,100,-1,100,99,101,-1,100,101,102,-1,102,101,103,-1,102,103,104,-1,104,103,105,-1,104,105,106,-1,106,105,107,-1,106,107,92,-1,92,107,93,-1,94,108,95,-1,95,108,109,-1,92,78,94,-1,94,78,108,-1,80,75,78,-1,78,75,74,-1,78,74,108,-1,84,86,88,-1,102,104,100,-1,100,104,106,-1,100,106,98,-1,80,82,75,-1,75,82,84,-1,75,84,90,-1,90,84,88,-1,92,94,106,-1,106,94,96,-1,106,96,98,-1,110,111,112,-1,112,111,113,-1,112,113,114,-1,114,113,115,-1,114,115,116,-1,116,115,117,-1,116,117,118,-1,118,117,119,-1,118,119,120,-1,120,119,121,-1,120,121,122,-1,122,121,123,-1,122,123,124,-1,124,123,125,-1,110,126,111,-1,111,126,127,-1,128,129,130,-1,130,129,131,-1,132,133,134,-1,134,133,135,-1,134,135,136,-1,136,135,137,-1,136,137,138,-1,138,137,139,-1,138,139,140,-1,140,139,141,-1,140,141,142,-1,142,141,143,-1,142,143,144,-1,144,143,145,-1,144,145,129,-1,129,145,131,-1,132,124,133,-1,133,124,125,-1,129,124,132,-1,120,122,110,-1,110,122,124,-1,110,124,126,-1,126,124,129,-1,126,129,128,-1,110,112,120,-1,120,112,114,-1,120,114,118,-1,118,114,116,-1,132,134,129,-1,129,134,136,-1,129,136,138,-1,138,140,129,-1,129,140,142,-1,129,142,144,-1,146,147,148,-1,148,147,149,-1,150,151,152,-1,152,151,153,-1,152,153,154,-1,154,153,155,-1,154,155,156,-1,156,155,157,-1,156,157,158,-1,158,157,159,-1,158,159,160,-1,160,159,161,-1,160,161,162,-1,162,161,163,-1,162,163,147,-1,147,163,149,-1,150,164,151,-1,151,164,165,-1,166,167,168,-1,168,167,169,-1,168,169,170,-1,170,169,171,-1,170,171,172,-1,172,171,173,-1,172,173,174,-1,174,173,175,-1,174,175,176,-1,176,175,177,-1,176,177,178,-1,178,177,179,-1,178,179,164,-1,164,179,165,-1,166,180,167,-1,167,180,181,-1,146,180,150,-1,150,180,166,-1,150,166,164,-1,164,166,178,-1,154,156,147,-1,146,150,147,-1,147,150,152,-1,147,152,154,-1,156,158,147,-1,147,158,160,-1,147,160,162,-1,166,168,178,-1,178,168,170,-1,178,170,176,-1,176,170,172,-1,176,172,174,-1,182,183,184,-1,184,183,185,-1,184,185,186,-1,186,185,187,-1,186,187,188,-1,188,187,189,-1,188,189,190,-1,190,189,191,-1,190,191,192,-1,192,191,193,-1,192,193,194,-1,194,193,195,-1,194,195,196,-1,196,195,197,-1,182,198,183,-1,183,198,199,-1,200,201,202,-1,202,201,203,-1,204,205,206,-1,206,205,207,-1,206,207,208,-1,208,207,209,-1,208,209,210,-1,210,209,211,-1,210,211,212,-1,212,211,213,-1,212,213,214,-1,214,213,215,-1,214,215,216,-1,216,215,217,-1,216,217,201,-1,201,217,203,-1,204,196,205,-1,205,196,197,-1,182,190,192,-1,196,204,201,-1,201,204,206,-1,201,206,216,-1,182,184,190,-1,190,184,186,-1,190,186,188,-1,192,194,182,-1,182,194,196,-1,182,196,198,-1,198,196,201,-1,198,201,200,-1,206,208,210,-1,210,212,206,-1,206,212,214,-1,206,214,216,-1,218,219,220,-1,220,219,221,-1,222,223,224,-1,224,223,225,-1,224,225,226,-1,226,225,227,-1,226,227,228,-1,228,227,229,-1,228,229,230,-1,230,229,231,-1,230,231,232,-1,232,231,233,-1,232,233,234,-1,234,233,235,-1,234,235,219,-1,219,235,221,-1,222,236,223,-1,223,236,237,-1,238,239,240,-1,240,239,241,-1,240,241,242,-1,242,241,243,-1,242,243,244,-1,244,243,245,-1,244,245,246,-1,246,245,247,-1,246,247,248,-1,248,247,249,-1,248,249,250,-1,250,249,251,-1,250,251,236,-1,236,251,237,-1,238,252,239,-1,239,252,253,-1,242,244,236,-1,236,222,219,-1,218,252,219,-1,219,252,238,-1,219,238,236,-1,236,238,240,-1,236,240,242,-1,244,246,236,-1,236,246,248,-1,236,248,250,-1,222,224,219,-1,219,224,226,-1,219,226,228,-1,228,230,219,-1,219,230,232,-1,219,232,234,-1,254,255,256,-1,256,255,257,-1,256,257,258,-1,258,257,259,-1,258,259,260,-1,260,259,261,-1,260,261,262,-1,262,261,263,-1,262,263,264,-1,264,263,265,-1,264,265,266,-1,266,265,267,-1,266,267,268,-1,268,267,269,-1,254,270,255,-1,255,270,271,-1,272,273,274,-1,274,273,275,-1,276,277,278,-1,278,277,279,-1,278,279,280,-1,280,279,281,-1,280,281,282,-1,282,281,283,-1,282,283,284,-1,284,283,285,-1,284,285,286,-1,286,285,287,-1,286,287,288,-1,288,287,289,-1,288,289,273,-1,273,289,275,-1,276,268,277,-1,277,268,269,-1,273,272,270,-1,288,273,278,-1,264,266,254,-1,254,266,268,-1,254,268,270,-1,270,268,273,-1,273,268,276,-1,273,276,278,-1,254,256,264,-1,264,256,258,-1,264,258,262,-1,262,258,260,-1,278,280,282,-1,282,284,278,-1,278,284,286,-1,278,286,288,-1,290,291,292,-1,292,291,293,-1,294,295,296,-1,296,295,297,-1,296,297,298,-1,298,297,299,-1,298,299,300,-1,300,299,301,-1,300,301,302,-1,302,301,303,-1,302,303,304,-1,304,303,305,-1,304,305,306,-1,306,305,307,-1,306,307,291,-1,291,307,293,-1,294,308,295,-1,295,308,309,-1,310,311,312,-1,312,311,313,-1,312,313,314,-1,314,313,315,-1,314,315,316,-1,316,315,317,-1,316,317,318,-1,318,317,319,-1,318,319,320,-1,320,319,321,-1,320,321,322,-1,322,321,323,-1,322,323,308,-1,308,323,309,-1,310,324,311,-1,311,324,325,-1,324,310,294,-1,296,291,294,-1,294,291,290,-1,294,290,324,-1,300,302,304,-1,312,322,310,-1,310,322,308,-1,310,308,294,-1,296,298,291,-1,291,298,300,-1,291,300,306,-1,306,300,304,-1,312,314,316,-1,316,318,312,-1,312,318,320,-1,312,320,322,-1,326,327,328,-1,328,327,329,-1,328,329,330,-1,330,329,331,-1,330,331,332,-1,332,331,333,-1,332,333,334,-1,334,333,335,-1,334,335,336,-1,336,335,337,-1,336,337,338,-1,338,337,339,-1,338,339,340,-1,340,339,341,-1,326,342,327,-1,327,342,343,-1,344,345,346,-1,346,345,347,-1,348,349,350,-1,350,349,351,-1,350,351,352,-1,352,351,353,-1,352,353,354,-1,354,353,355,-1,354,355,356,-1,356,355,357,-1,356,357,358,-1,358,357,359,-1,358,359,360,-1,360,359,361,-1,360,361,345,-1,345,361,347,-1,348,340,349,-1,349,340,341,-1,344,342,345,-1,345,342,326,-1,336,338,326,-1,326,338,340,-1,326,340,345,-1,345,340,348,-1,326,328,336,-1,336,328,330,-1,336,330,334,-1,334,330,332,-1,348,350,345,-1,345,350,352,-1,345,352,354,-1,354,356,345,-1,345,356,358,-1,345,358,360,-1,
        ]
    }
}
Shape{
    appearance Appearance {
        material  Material 	{
            diffuseColor 0.7529411764705882 0.7529411764705882 0.7529411764705882
            specularColor 0.3764705882352941 0.3764705882352941 0.3764705882352941
            ambientIntensity 0.2
            transparency 0
            shininess 0.5
        }
    }
    geometry IndexedFaceSet {
        ccw TRUE
        solid FALSE
        coord DEF co Coordinate {
            point [
                -0.3467 -0.4587 -0.0039, -0.3467 -0.4587 0.0, -0.3494 -0.4381 -0.0039, -0.3494 -0.4381 0.0, -0.3573 -0.4189 -0.0039, -0.3573 -0.4189 0.0, -0.37 -0.4024 -0.0039, -0.37 -0.4024 0.0, -0.3864 -0.3898 -0.0039, -0.3864 -0.3898 0.0, -0.4056 -0.3818 -0.0039, -0.4056 -0.3818 0.0, -0.4262 -0.3791 -0.0039, -0.4262 -0.3791 0.0, -0.4468 -0.3818 -0.0039, -0.4468 -0.3818 0.0, -0.466 -0.3898 -0.0039, -0.466 -0.3898 0.0, -0.4824 -0.4024 -0.0039, -0.4824 -0.4024 0.0, -0.4951 -0.4189 -0.0039, -0.4951 -0.4189 0.0, -0.503 -0.4381 -0.0039, -0.503 -0.4381 0.0, -0.5057 -0.4587 -0.0039, -0.5057 -0.4587 0.0, -0.503 -0.4792 -0.0039, -0.503 -0.4792 0.0, -0.4951 -0.4984 -0.0039, -0.4951 -0.4984 0.0, -0.4824 -0.5149 -0.0039, -0.4824 -0.5149 0.0, -0.466 -0.5275 -0.0039, -0.466 -0.5275 0.0, -0.4468 -0.5355 -0.0039, -0.4468 -0.5355 0.0, -0.4262 -0.5382 -0.0039, -0.4262 -0.5382 0.0, -0.4056 -0.5355 -0.0039, -0.4056 -0.5355 0.0, -0.3864 -0.5275 -0.0039, -0.3864 -0.5275 0.0, -0.37 -0.5149 -0.0039, -0.37 -0.5149 0.0, -0.3573 -0.4984 -0.0039, -0.3573 -0.4984 0.0, -0.3494 -0.4792 -0.0039, -0.3494 -0.4792 0.0, -0.4262 -0.4587 -0.0039, 0.5945 0.0316 -0.1999, 0.5945 0.0316 -0.2029, 0.5906 0.0316 -0.1999, 0.5906 0.0316 -0.2029, 0.5945 0.021 -0.1999, 0.5906 0.021 -0.1999, 0.5945 0.021 -0.1762, 0.5906 0.021 -0.1762, 0.5945 0.0175 -0.1762, 0.5906 0.0175 -0.1762, 0.5945 0.0175 -0.2029, 0.5906 0.0175 -0.2029, 0.5945 0.0453 -0.2033, 0.5906 0.0453 -0.2033, 0.5906 0.0493 -0.203, 0.5945 0.0493 -0.203, 0.5906 0.0522 -0.202, 0.5945 0.0522 -0.202, 0.5906 0.0527 -0.2018, 0.5945 0.0527 -0.2018, 0.5945 0.0527 -0.1985, 0.5906 0.0527 -0.1985, 0.5906 0.0505 -0.1995, 0.5945 0.0505 -0.1995, 0.5906 0.0475 -0.2002, 0.5945 0.0475 -0.2002, 0.5906 0.0458 -0.2003, 0.5945 0.0458 -0.2003, 0.5906 0.0434 -0.2, 0.5945 0.0434 -0.2, 0.5906 0.0414 -0.1993, 0.5945 0.0414 -0.1993, 0.5906 0.0396 -0.1981, 0.5945 0.0396 -0.1981, 0.5906 0.0389 -0.1975, 0.5945 0.0389 -0.1975, 0.5906 0.0377 -0.1957, 0.5945 0.0377 -0.1957, 0.5906 0.0368 -0.1936, 0.5945 0.0368 -0.1936, 0.5906 0.0363 -0.191, 0.5945 0.0363 -0.191, 0.5906 0.0363 -0.1898, 0.5945 0.0363 -0.1898, 0.5906 0.0367 -0.1862, 0.5945 0.0367 -0.1862, 0.5906 0.0376 -0.1839, 0.5945 0.0376 -0.1839, 0.5906 0.0389 -0.182, 0.5945 0.0389 -0.182, 0.5906 0.0391 -0.1818, 0.5945 0.0391 -0.1818, 0.5906 0.0408 -0.1804, 0.5945 0.0408 -0.1804, 0.5906 0.0429 -0.1794, 0.5945 0.0429 -0.1794, 0.5906 0.0452 -0.1789, 0.5945 0.0452 -0.1789, 0.5906 0.0464 -0.1789, 0.5945 0.0464 -0.1789, 0.5906 0.0497 -0.1793, 0.5945 0.0497 -0.1793, 0.5906 0.0524 -0.1803, 0.5945 0.0524 -0.1803, 0.5906 0.0527 -0.1804, 0.5945 0.0527 -0.1804, 0.5945 0.0527 -0.1768, 0.5906 0.0527 -0.1768, 0.5906 0.0463 -0.1758, 0.5945 0.0463 -0.1758, 0.5906 0.0492 -0.176, 0.5945 0.0498 -0.176, 0.5906 0.0498 -0.176, 0.5906 0.0445 -0.176, 0.5945 0.0425 -0.1762, 0.5906 0.0425 -0.1762, 0.5906 0.0397 -0.1773, 0.5945 0.0397 -0.1773, 0.5906 0.0372 -0.179, 0.5945 0.0372 -0.179, 0.5906 0.0365 -0.1797, 0.5945 0.0365 -0.1797, 0.5906 0.0346 -0.1822, 0.5945 0.0346 -0.1822, 0.5906 0.0339 -0.1839, 0.5945 0.0333 -0.1852, 0.5906 0.0333 -0.1852, 0.5906 0.0327 -0.1887, 0.5945 0.0327 -0.1887, 0.5906 0.0327 -0.1901, 0.5945 0.0327 -0.1901, 0.5906 0.0332 -0.1944, 0.5945 0.0332 -0.1944, 0.5906 0.0339 -0.1961, 0.5945 0.0343 -0.1972, 0.5906 0.0343 -0.1972, 0.5906 0.0359 -0.1995, 0.5945 0.0359 -0.1995, 0.5906 0.0361 -0.1997, 0.5945 0.0361 -0.1997, 0.5906 0.0379 -0.2013, 0.5945 0.0379 -0.2013, 0.5906 0.0404 -0.2025, 0.5945 0.0404 -0.2025, 0.5906 0.0432 -0.2032, 0.5945 0.0432 -0.2032, 0.5945 0.0724 -0.1999, 0.5945 0.0724 -0.2029, 0.5906 0.0724 -0.1999, 0.5906 0.0724 -0.2029, 0.5906 0.0614 -0.1999, 0.5945 0.0614 -0.1999, 0.5906 0.0687 -0.1999, 0.5945 0.0614 -0.1909, 0.5906 0.0614 -0.1909, 0.5945 0.071 -0.1909, 0.5906 0.0687 -0.1909, 0.5906 0.071 -0.1909, 0.5945 0.071 -0.1878, 0.5906 0.071 -0.1878, 0.5906 0.0614 -0.1878, 0.5945 0.0614 -0.1878, 0.5906 0.0687 -0.1878, 0.5945 0.0614 -0.1793, 0.5906 0.0614 -0.1793, 0.5945 0.0717 -0.1793, 0.5906 0.0687 -0.1793, 0.5906 0.0717 -0.1793, 0.5945 0.0717 -0.1762, 0.5906 0.0717 -0.1762, 0.5906 0.058 -0.1762, 0.5945 0.058 -0.1762, 0.5906 0.0687 -0.1762, 0.5945 0.058 -0.2029, 0.5906 0.058 -0.2029, 0.5906 0.0687 -0.2029, 0.5945 0.094 -0.1955, 0.5945 0.0927 -0.1971, 0.5945 0.0951 -0.1992, 0.5945 0.0923 -0.1974, 0.5945 0.0923 -0.2012, 0.5945 0.0906 -0.1986, 0.5945 0.0893 -0.2023, 0.5945 0.0884 -0.1994, 0.5945 0.0847 -0.2029, 0.5945 0.0847 -0.1999, 0.5945 0.0774 -0.2029, 0.5945 0.0808 -0.1999, 0.5945 0.0774 -0.1762, 0.5945 0.0808 -0.1793, 0.5945 0.085 -0.1762, 0.5945 0.0849 -0.1793, 0.5945 0.0891 -0.1767, 0.5945 0.0885 -0.1797, 0.5945 0.0923 -0.1778, 0.5945 0.0908 -0.1806, 0.5945 0.0951 -0.1797, 0.5945 0.0926 -0.1818, 0.5945 0.0961 -0.1807, 0.5945 0.0933 -0.1825, 0.5945 0.0977 -0.183, 0.5945 0.0944 -0.184, 0.5945 0.0987 -0.1855, 0.5945 0.0951 -0.186, 0.5945 0.0991 -0.1892, 0.5945 0.0955 -0.1893, 0.5945 0.099 -0.1909, 0.5945 0.0954 -0.191, 0.5945 0.0984 -0.194, 0.5945 0.0949 -0.1935, 0.5945 0.0971 -0.1968, 0.5906 0.0847 -0.2029, 0.5906 0.0774 -0.2029, 0.5906 0.0951 -0.1992, 0.5906 0.0893 -0.2023, 0.5906 0.0896 -0.2022, 0.5906 0.0923 -0.2012, 0.5906 0.0971 -0.1968, 0.5906 0.0984 -0.194, 0.5906 0.099 -0.1909, 0.5906 0.0991 -0.1892, 0.5906 0.0987 -0.1855, 0.5906 0.0977 -0.183, 0.5906 0.0961 -0.1807, 0.5906 0.0951 -0.1797, 0.5906 0.085 -0.1762, 0.5906 0.0923 -0.1778, 0.5906 0.0896 -0.1769, 0.5906 0.0891 -0.1767, 0.5906 0.0774 -0.1762, 0.5906 0.0849 -0.1793, 0.5906 0.0808 -0.1793, 0.5906 0.0808 -0.1999, 0.5906 0.0847 -0.1999, 0.5906 0.0927 -0.1971, 0.5906 0.0923 -0.1974, 0.5906 0.0906 -0.1986, 0.5906 0.0884 -0.1994, 0.5906 0.0955 -0.1893, 0.5906 0.0954 -0.191, 0.5906 0.0949 -0.1935, 0.5906 0.094 -0.1955, 0.5906 0.0926 -0.1818, 0.5906 0.0933 -0.1825, 0.5906 0.0944 -0.184, 0.5906 0.0951 -0.186, 0.5906 0.0885 -0.1797, 0.5906 0.0908 -0.1806, 0.5906 0.0908 -0.1806
            ]
        }
        coordIndex [
            0,1,2,-1,2,1,3,-1,2,3,4,-1,4,3,5,-1,4,5,6,-1,6,5,7,-1,6,7,8,-1,8,7,9,-1,8,9,10,-1,10,9,11,-1,10,11,12,-1,12,11,13,-1,12,13,14,-1,14,13,15,-1,14,15,16,-1,16,15,17,-1,16,17,18,-1,18,17,19,-1,18,19,20,-1,20,19,21,-1,20,21,22,-1,22,21,23,-1,22,23,24,-1,24,23,25,-1,24,25,26,-1,26,25,27,-1,26,27,28,-1,28,27,29,-1,28,29,30,-1,30,29,31,-1,30,31,32,-1,32,31,33,-1,32,33,34,-1,34,33,35,-1,34,35,36,-1,36,35,37,-1,36,37,38,-1,38,37,39,-1,38,39,40,-1,40,39,41,-1,40,41,42,-1,42,41,43,-1,42,43,44,-1,44,43,45,-1,44,45,46,-1,46,45,47,-1,46,47,0,-1,0,47,1,-1,44,46,48,-1,48,46,0,-1,48,0,2,-1,38,40,48,-1,48,40,42,-1,48,42,44,-1,32,34,48,-1,48,34,36,-1,48,36,38,-1,26,28,48,-1,48,28,30,-1,48,30,32,-1,20,22,48,-1,48,22,24,-1,48,24,26,-1,14,16,48,-1,48,16,18,-1,48,18,20,-1,8,10,48,-1,48,10,12,-1,48,12,14,-1,2,4,48,-1,48,4,6,-1,48,6,8,-1,49,50,51,-1,51,50,52,-1,53,49,54,-1,54,49,51,-1,55,53,56,-1,56,53,54,-1,57,55,58,-1,58,55,56,-1,59,57,60,-1,60,57,58,-1,50,59,52,-1,52,59,60,-1,55,57,53,-1,53,57,59,-1,53,59,49,-1,49,59,50,-1,61,62,63,-1,61,63,64,-1,64,63,65,-1,64,65,66,-1,66,65,67,-1,66,67,68,-1,69,68,70,-1,70,68,67,-1,69,70,71,-1,69,71,72,-1,72,71,73,-1,72,73,74,-1,74,73,75,-1,74,75,76,-1,76,75,77,-1,76,77,78,-1,78,77,79,-1,78,79,80,-1,80,79,81,-1,80,81,82,-1,82,81,83,-1,82,83,84,-1,84,83,85,-1,84,85,86,-1,86,85,87,-1,86,87,88,-1,88,87,89,-1,88,89,90,-1,90,89,91,-1,90,91,92,-1,92,91,93,-1,92,93,94,-1,94,93,95,-1,94,95,96,-1,96,95,97,-1,96,97,98,-1,98,97,99,-1,98,99,100,-1,100,99,101,-1,100,101,102,-1,102,101,103,-1,102,103,104,-1,104,103,105,-1,104,105,106,-1,106,105,107,-1,106,107,108,-1,108,107,109,-1,108,109,110,-1,110,109,111,-1,110,111,112,-1,112,111,113,-1,112,113,114,-1,115,114,116,-1,116,114,113,-1,117,118,119,-1,119,118,120,-1,119,120,121,-1,121,120,115,-1,121,115,116,-1,118,117,122,-1,118,122,123,-1,122,124,123,-1,123,124,125,-1,123,125,126,-1,126,125,127,-1,126,127,128,-1,128,127,129,-1,128,129,130,-1,130,129,131,-1,130,131,132,-1,132,131,133,-1,132,133,134,-1,133,135,134,-1,134,135,136,-1,134,136,137,-1,137,136,138,-1,137,138,139,-1,139,138,140,-1,139,140,141,-1,141,140,142,-1,141,142,143,-1,142,144,143,-1,143,144,145,-1,143,145,146,-1,146,145,147,-1,146,147,148,-1,148,147,149,-1,148,149,150,-1,150,149,151,-1,150,151,152,-1,152,151,153,-1,152,153,154,-1,154,153,62,-1,154,62,61,-1,130,100,128,-1,128,100,102,-1,128,102,126,-1,139,92,137,-1,137,92,94,-1,137,94,134,-1,134,94,132,-1,132,94,96,-1,132,96,130,-1,130,96,98,-1,130,98,100,-1,126,102,123,-1,123,102,104,-1,123,104,118,-1,68,69,66,-1,66,69,72,-1,66,72,64,-1,64,72,74,-1,64,74,61,-1,61,74,76,-1,61,76,154,-1,154,76,78,-1,154,78,152,-1,152,78,80,-1,152,80,150,-1,150,80,82,-1,150,82,148,-1,148,82,84,-1,148,84,146,-1,146,84,86,-1,146,86,143,-1,143,86,141,-1,141,86,88,-1,141,88,139,-1,139,88,90,-1,139,90,92,-1,104,106,118,-1,118,106,108,-1,118,108,120,-1,120,108,110,-1,120,110,115,-1,115,110,112,-1,115,112,114,-1,155,156,157,-1,157,156,158,-1,159,160,161,-1,161,160,155,-1,161,155,157,-1,162,160,163,-1,163,160,159,-1,162,163,164,-1,164,163,165,-1,164,165,166,-1,167,164,168,-1,168,164,166,-1,169,170,171,-1,171,170,167,-1,171,167,168,-1,172,170,173,-1,173,170,169,-1,172,173,174,-1,174,173,175,-1,174,175,176,-1,177,174,178,-1,178,174,176,-1,179,180,181,-1,181,180,177,-1,181,177,178,-1,182,180,183,-1,183,180,179,-1,182,183,156,-1,156,183,184,-1,156,184,158,-1,182,156,155,-1,155,160,182,-1,182,160,162,-1,182,162,180,-1,174,177,172,-1,172,177,180,-1,172,180,170,-1,170,180,162,-1,170,162,167,-1,167,162,164,-1,185,186,187,-1,187,186,188,-1,187,188,189,-1,189,188,190,-1,189,190,191,-1,191,190,192,-1,191,192,193,-1,193,192,194,-1,193,194,195,-1,195,194,196,-1,195,196,197,-1,197,196,198,-1,197,198,199,-1,199,198,200,-1,199,200,201,-1,201,200,202,-1,201,202,203,-1,203,202,204,-1,203,204,205,-1,205,204,206,-1,205,206,207,-1,207,206,208,-1,207,208,209,-1,209,208,210,-1,209,210,211,-1,211,210,212,-1,211,212,213,-1,213,212,214,-1,213,214,215,-1,215,214,216,-1,215,216,217,-1,217,216,218,-1,217,218,219,-1,219,218,185,-1,219,185,187,-1,193,195,220,-1,220,195,221,-1,222,187,189,-1,193,220,223,-1,193,223,191,-1,191,223,224,-1,191,224,189,-1,189,224,225,-1,189,225,222,-1,187,222,226,-1,187,226,219,-1,219,226,227,-1,219,227,217,-1,217,227,228,-1,217,228,215,-1,215,228,229,-1,215,229,213,-1,213,229,230,-1,213,230,211,-1,211,230,231,-1,211,231,209,-1,209,231,232,-1,209,232,207,-1,207,232,233,-1,207,233,205,-1,234,199,201,-1,205,233,235,-1,205,235,203,-1,203,235,236,-1,203,236,201,-1,201,236,237,-1,201,237,234,-1,197,199,238,-1,238,199,234,-1,195,197,221,-1,221,197,238,-1,200,198,239,-1,239,198,240,-1,198,196,240,-1,240,196,241,-1,196,194,241,-1,241,194,242,-1,186,243,244,-1,186,244,188,-1,188,244,245,-1,188,245,190,-1,190,245,246,-1,190,246,192,-1,192,246,242,-1,192,242,194,-1,214,247,248,-1,214,248,216,-1,216,248,249,-1,216,249,218,-1,218,249,250,-1,218,250,185,-1,185,250,243,-1,185,243,186,-1,206,251,252,-1,206,252,208,-1,208,252,253,-1,208,253,210,-1,210,253,254,-1,210,254,212,-1,212,254,247,-1,212,247,214,-1,200,239,255,-1,200,255,202,-1,202,255,256,-1,202,256,204,-1,204,256,251,-1,204,251,206,-1,
        ]
    }
}
Shape{
    appearance Appearance {
        material  Material 	{
            diffuseColor 0.25098039215686274 0.25098039215686274 0.25098039215686274
            specularColor 0.12549019607843137 0.12549019607843137 0.12549019607843137
            ambientIntensity 0.2
            transparency 0
            shininess 0.5
        }
    }
    geometry IndexedFaceSet {
        ccw TRUE
        solid FALSE
        coord DEF co Coordinate {
            point [
                0.5906 0.0808 -0.1793, 0.5906 0.0808 -0.1999, 0.5906 0.0849 -0.1793, 0.5906 0.0847 -0.1999, 0.5906 0.0884 -0.1994, 0.5906 0.0906 -0.1986, 0.5906 0.0923 -0.1974, 0.5906 0.0927 -0.1971, 0.5906 0.094 -0.1955, 0.5906 0.0949 -0.1935, 0.5906 0.0955 -0.1893, 0.5906 0.0926 -0.1818, 0.5906 0.0908 -0.1806, 0.5906 0.0951 -0.186, 0.5906 0.0944 -0.184, 0.5906 0.0933 -0.1825, 0.5906 0.0954 -0.191, 0.5906 0.0885 -0.1797, 0.5906 0.0885 -0.1797
            ]
        }
        coordIndex [
            0,1,2,-1,2,1,3,-1,3,4,2,-1,2,4,5,-1,2,5,6,-1,6,7,2,-1,2,7,8,-1,2,8,9,-1,10,11,12,-1,13,14,10,-1,10,14,15,-1,10,15,11,-1,9,16,2,-1,2,16,10,-1,2,10,17,-1,17,10,12,-1,
        ]
    }
}
Shape{
    appearance Appearance {
        material  Material 	{
            diffuseColor 0.7529411764705882 0.7529411764705882 0.7529411764705882
            specularColor 0.3764705882352941 0.3764705882352941 0.3764705882352941
            ambientIntensity 0.2
            transparency 0
            shininess 0.5
        }
    }
    geometry IndexedFaceSet {
        ccw TRUE
        solid FALSE
        coord DEF co Coordinate {
            point [
                0.5945 0.1081 -0.1926, 0.5945 0.107 -0.1956, 0.5945 0.117 -0.1926, 0.5945 0.1181 -0.1956, 0.5945 0.1121 -0.1815, 0.5945 0.1108 -0.1762, 0.5945 0.1006 -0.2029, 0.5945 0.1044 -0.2029, 0.5945 0.1123 -0.1807, 0.5945 0.1125 -0.1796, 0.5945 0.1145 -0.1762, 0.5945 0.1126 -0.1796, 0.5945 0.1128 -0.1807, 0.5945 0.113 -0.1815, 0.5945 0.1246 -0.2029, 0.5945 0.1208 -0.2029, 0.5906 0.1145 -0.1762, 0.5906 0.1246 -0.2029, 0.5906 0.1108 -0.1762, 0.5906 0.1006 -0.2029, 0.5906 0.1083 -0.1827, 0.5906 0.1044 -0.2029, 0.5906 0.107 -0.1956, 0.5906 0.1181 -0.1956, 0.5906 0.1083 -0.1956, 0.5906 0.1208 -0.2029, 0.5906 0.1081 -0.1926, 0.5906 0.117 -0.1926, 0.5906 0.113 -0.1815, 0.5906 0.1126 -0.1796, 0.5906 0.1128 -0.1807, 0.5906 0.1125 -0.1796, 0.5906 0.1121 -0.1815, 0.5906 0.1123 -0.1807, 0.5906 0.1123 -0.1807
            ]
        }
        coordIndex [
            0,1,2,-1,2,1,3,-1,4,5,0,-1,0,5,6,-1,0,6,1,-1,1,6,7,-1,4,8,5,-1,5,8,9,-1,5,9,10,-1,10,9,11,-1,10,11,12,-1,12,13,10,-1,10,13,2,-1,10,2,14,-1,14,2,3,-1,14,3,15,-1,10,14,16,-1,16,14,17,-1,5,10,18,-1,18,10,16,-1,19,6,20,-1,20,6,5,-1,20,5,18,-1,7,6,21,-1,21,6,19,-1,1,7,22,-1,22,7,21,-1,23,3,24,-1,24,3,1,-1,24,1,22,-1,15,3,25,-1,25,3,23,-1,14,15,17,-1,17,15,25,-1,0,2,26,-1,26,2,27,-1,2,13,27,-1,27,13,28,-1,11,29,30,-1,11,30,12,-1,12,30,28,-1,12,28,13,-1,11,9,29,-1,29,9,31,-1,4,32,33,-1,4,33,8,-1,8,33,31,-1,8,31,9,-1,4,0,32,-1,32,0,26,-1,
        ]
    }
}
Shape{
    appearance Appearance {
        material  Material 	{
            diffuseColor 0.25098039215686274 0.25098039215686274 0.25098039215686274
            specularColor 0.12549019607843137 0.12549019607843137 0.12549019607843137
            ambientIntensity 0.2
            transparency 0
            shininess 0.5
        }
    }
    geometry IndexedFaceSet {
        ccw TRUE
        solid FALSE
        coord DEF co Coordinate {
            point [
                0.5906 0.1126 -0.1796, 0.5906 0.1125 -0.1796, 0.5906 0.1128 -0.1807, 0.5906 0.1123 -0.1807, 0.5906 0.113 -0.1815, 0.5906 0.1121 -0.1815, 0.5906 0.117 -0.1926, 0.5906 0.1081 -0.1926, 0.5906 0.1081 -0.1926
            ]
        }
        coordIndex [
            0,1,2,-1,2,1,3,-1,2,3,4,-1,4,3,5,-1,4,5,6,-1,6,5,7,-1,
        ]
    }
}
Shape{
    appearance Appearance {
        material  Material 	{
            diffuseColor 0.7529411764705882 0.7529411764705882 0.7529411764705882
            specularColor 0.3764705882352941 0.3764705882352941 0.3764705882352941
            ambientIntensity 0.2
            transparency 0
            shininess 0.5
        }
    }
    geometry IndexedFaceSet {
        ccw TRUE
        solid FALSE
        coord DEF co Coordinate {
            point [
                0.5945 0.0319 -0.2422, 0.5945 0.0319 -0.2452, 0.5906 0.0319 -0.2422, 0.5906 0.0319 -0.2452, 0.5945 0.021 -0.2422, 0.5906 0.021 -0.2422, 0.5945 0.021 -0.2332, 0.5906 0.021 -0.2332, 0.5945 0.0305 -0.2332, 0.5906 0.0305 -0.2332, 0.5945 0.0305 -0.2302, 0.5906 0.0305 -0.2302, 0.5945 0.021 -0.2302, 0.5906 0.021 -0.2302, 0.5945 0.021 -0.2216, 0.5906 0.021 -0.2216, 0.5945 0.0313 -0.2216, 0.5906 0.0313 -0.2216, 0.5945 0.0313 -0.2185, 0.5906 0.0313 -0.2185, 0.5945 0.0175 -0.2185, 0.5906 0.0175 -0.2185, 0.5945 0.0175 -0.2452, 0.5906 0.0175 -0.2452, 0.5945 0.0469 -0.2423, 0.5945 0.047 -0.2423, 0.5945 0.0468 -0.2392, 0.5945 0.047 -0.2377, 0.5945 0.0504 -0.233, 0.5945 0.047 -0.2375, 0.5945 0.047 -0.2357, 0.5945 0.047 -0.2452, 0.5945 0.0504 -0.2452, 0.5945 0.0385 -0.2393, 0.5945 0.0386 -0.2386, 0.5945 0.0358 -0.2371, 0.5945 0.0463 -0.2404, 0.5945 0.0456 -0.2414, 0.5945 0.0464 -0.2431, 0.5945 0.0452 -0.2418, 0.5945 0.0454 -0.2442, 0.5945 0.0442 -0.2424, 0.5945 0.0442 -0.245, 0.5945 0.0432 -0.2428, 0.5945 0.0428 -0.2455, 0.5945 0.042 -0.2429, 0.5945 0.0411 -0.2457, 0.5945 0.0408 -0.2428, 0.5945 0.0391 -0.2455, 0.5945 0.0401 -0.2425, 0.5945 0.0378 -0.245, 0.5945 0.0394 -0.2421, 0.5945 0.0367 -0.2442, 0.5945 0.0391 -0.2418, 0.5945 0.0364 -0.2361, 0.5945 0.0389 -0.2379, 0.5945 0.0375 -0.2352, 0.5945 0.0393 -0.2374, 0.5945 0.0389 -0.2345, 0.5945 0.0398 -0.2371, 0.5945 0.0405 -0.2367, 0.5945 0.0414 -0.2339, 0.5945 0.0426 -0.2363, 0.5945 0.047 -0.2331, 0.5945 0.0353 -0.2383, 0.5945 0.0351 -0.2397, 0.5945 0.0385 -0.2399, 0.5945 0.0351 -0.2401, 0.5945 0.0385 -0.2406, 0.5945 0.0352 -0.2417, 0.5945 0.0388 -0.2412, 0.5945 0.0356 -0.2428, 0.5945 0.0363 -0.2438, 0.5945 0.0369 -0.2275, 0.5945 0.0369 -0.2308, 0.5945 0.0376 -0.2271, 0.5945 0.039 -0.2294, 0.5945 0.0401 -0.2261, 0.5945 0.041 -0.2287, 0.5945 0.0435 -0.2257, 0.5945 0.0432 -0.2285, 0.5945 0.0455 -0.2259, 0.5945 0.0443 -0.2286, 0.5945 0.0469 -0.2263, 0.5945 0.0451 -0.2288, 0.5945 0.048 -0.227, 0.5945 0.0457 -0.2292, 0.5945 0.0489 -0.2278, 0.5945 0.0462 -0.2298, 0.5945 0.0496 -0.2289, 0.5945 0.0466 -0.2304, 0.5945 0.0501 -0.2304, 0.5945 0.0469 -0.2316, 0.5906 0.0435 -0.2257, 0.5906 0.0401 -0.2261, 0.5906 0.0376 -0.2271, 0.5906 0.0369 -0.2275, 0.5906 0.0369 -0.2308, 0.5906 0.039 -0.2294, 0.5906 0.041 -0.2287, 0.5906 0.0432 -0.2285, 0.5906 0.0443 -0.2286, 0.5906 0.0451 -0.2288, 0.5906 0.0457 -0.2292, 0.5906 0.0462 -0.2298, 0.5906 0.0466 -0.2304, 0.5906 0.0469 -0.2316, 0.5906 0.047 -0.2331, 0.5906 0.0414 -0.2339, 0.5906 0.0389 -0.2345, 0.5906 0.0375 -0.2352, 0.5906 0.0364 -0.2361, 0.5906 0.0358 -0.2371, 0.5906 0.0353 -0.2383, 0.5906 0.0351 -0.2397, 0.5906 0.0351 -0.2401, 0.5906 0.0352 -0.2417, 0.5906 0.0356 -0.2428, 0.5906 0.0363 -0.2438, 0.5906 0.0367 -0.2442, 0.5906 0.0411 -0.2457, 0.5906 0.0392 -0.2455, 0.5906 0.0391 -0.2455, 0.5906 0.0378 -0.245, 0.5906 0.0428 -0.2455, 0.5906 0.0429 -0.2455, 0.5906 0.0442 -0.245, 0.5906 0.0454 -0.2442, 0.5906 0.0464 -0.2431, 0.5906 0.0469 -0.2423, 0.5906 0.047 -0.2423, 0.5906 0.047 -0.2452, 0.5906 0.0504 -0.2452, 0.5906 0.0504 -0.233, 0.5906 0.0501 -0.2304, 0.5906 0.0496 -0.2289, 0.5906 0.0489 -0.2278, 0.5906 0.048 -0.227, 0.5906 0.0469 -0.2263, 0.5906 0.0455 -0.2259, 0.5906 0.0393 -0.2374, 0.5906 0.0398 -0.2371, 0.5906 0.0405 -0.2367, 0.5906 0.0426 -0.2363, 0.5906 0.0385 -0.2399, 0.5906 0.0385 -0.2393, 0.5906 0.0386 -0.2386, 0.5906 0.0389 -0.2379, 0.5906 0.0394 -0.2421, 0.5906 0.0391 -0.2418, 0.5906 0.0388 -0.2412, 0.5906 0.0385 -0.2406, 0.5906 0.042 -0.2429, 0.5906 0.0408 -0.2428, 0.5906 0.0401 -0.2425, 0.5906 0.0456 -0.2414, 0.5906 0.0452 -0.2418, 0.5906 0.0442 -0.2424, 0.5906 0.0432 -0.2428, 0.5906 0.047 -0.2375, 0.5906 0.047 -0.2377, 0.5906 0.0468 -0.2392, 0.5906 0.0463 -0.2404, 0.5906 0.047 -0.2357, 0.5906 0.047 -0.2357
            ]
        }
        coordIndex [
            0,1,2,-1,2,1,3,-1,4,0,5,-1,5,0,2,-1,6,4,7,-1,7,4,5,-1,8,6,9,-1,9,6,7,-1,10,8,11,-1,11,8,9,-1,12,10,13,-1,13,10,11,-1,14,12,15,-1,15,12,13,-1,16,14,17,-1,17,14,15,-1,18,16,19,-1,19,16,17,-1,20,18,21,-1,21,18,19,-1,22,20,23,-1,23,20,21,-1,1,22,3,-1,3,22,23,-1,16,18,14,-1,14,18,20,-1,14,20,12,-1,1,0,22,-1,22,0,4,-1,22,4,6,-1,8,10,6,-1,6,10,12,-1,6,12,22,-1,22,12,20,-1,24,25,26,-1,27,28,29,-1,29,28,30,-1,31,32,25,-1,25,32,28,-1,25,28,26,-1,26,28,27,-1,33,34,35,-1,26,36,24,-1,24,36,37,-1,24,37,38,-1,38,37,39,-1,38,39,40,-1,40,39,41,-1,40,41,42,-1,42,41,43,-1,42,43,44,-1,44,43,45,-1,44,45,46,-1,46,45,47,-1,46,47,48,-1,48,47,49,-1,48,49,50,-1,50,49,51,-1,50,51,52,-1,52,51,53,-1,35,34,54,-1,54,34,55,-1,54,55,56,-1,56,55,57,-1,56,57,58,-1,57,59,58,-1,58,59,60,-1,58,60,61,-1,61,60,62,-1,61,62,63,-1,35,64,33,-1,33,64,65,-1,33,65,66,-1,66,65,67,-1,66,67,68,-1,68,67,69,-1,68,69,70,-1,70,69,71,-1,70,71,53,-1,53,71,72,-1,53,72,52,-1,73,74,75,-1,75,74,76,-1,75,76,77,-1,77,76,78,-1,77,78,79,-1,79,78,80,-1,79,80,81,-1,81,80,82,-1,81,82,83,-1,83,82,84,-1,83,84,85,-1,85,84,86,-1,85,86,87,-1,87,86,88,-1,87,88,89,-1,89,88,90,-1,89,90,91,-1,91,90,92,-1,91,92,28,-1,28,92,63,-1,28,63,30,-1,30,63,62,-1,79,93,94,-1,79,94,77,-1,77,94,95,-1,77,95,75,-1,75,95,96,-1,75,96,73,-1,74,73,97,-1,97,73,96,-1,74,97,98,-1,74,98,76,-1,76,98,99,-1,76,99,78,-1,78,99,100,-1,78,100,80,-1,80,100,101,-1,80,101,82,-1,82,101,102,-1,82,102,84,-1,84,102,103,-1,84,103,86,-1,86,103,104,-1,86,104,88,-1,88,104,105,-1,88,105,90,-1,90,105,106,-1,90,106,92,-1,92,106,107,-1,92,107,63,-1,61,63,108,-1,108,63,107,-1,61,108,109,-1,61,109,58,-1,58,109,110,-1,58,110,56,-1,56,110,111,-1,56,111,54,-1,54,111,112,-1,54,112,35,-1,35,112,113,-1,35,113,64,-1,64,113,114,-1,64,114,65,-1,65,114,115,-1,65,115,67,-1,67,115,116,-1,67,116,69,-1,69,116,117,-1,69,117,71,-1,71,117,118,-1,71,118,72,-1,72,118,119,-1,72,119,52,-1,120,46,121,-1,121,46,48,-1,121,48,122,-1,122,48,50,-1,122,50,123,-1,123,50,52,-1,123,52,119,-1,46,120,124,-1,46,124,44,-1,44,124,125,-1,44,125,42,-1,125,126,42,-1,42,126,127,-1,42,127,40,-1,40,127,128,-1,40,128,38,-1,38,128,129,-1,38,129,24,-1,25,24,130,-1,130,24,129,-1,31,25,131,-1,131,25,130,-1,32,31,132,-1,132,31,131,-1,28,32,133,-1,133,32,132,-1,28,133,134,-1,28,134,91,-1,91,134,135,-1,91,135,89,-1,89,135,136,-1,89,136,87,-1,87,136,137,-1,87,137,85,-1,85,137,138,-1,85,138,83,-1,83,138,139,-1,83,139,81,-1,81,139,93,-1,81,93,79,-1,57,140,141,-1,57,141,59,-1,59,141,142,-1,59,142,60,-1,60,142,143,-1,60,143,62,-1,66,144,145,-1,66,145,33,-1,33,145,146,-1,33,146,34,-1,34,146,147,-1,34,147,55,-1,55,147,140,-1,55,140,57,-1,51,148,149,-1,51,149,53,-1,53,149,150,-1,53,150,70,-1,70,150,151,-1,70,151,68,-1,68,151,144,-1,68,144,66,-1,45,152,153,-1,45,153,47,-1,47,153,154,-1,47,154,49,-1,49,154,148,-1,49,148,51,-1,37,155,156,-1,37,156,39,-1,39,156,157,-1,39,157,41,-1,41,157,158,-1,41,158,43,-1,43,158,152,-1,43,152,45,-1,29,159,160,-1,29,160,27,-1,27,160,161,-1,27,161,26,-1,26,161,162,-1,26,162,36,-1,36,162,155,-1,36,155,37,-1,29,30,159,-1,159,30,163,-1,30,62,163,-1,163,62,143,-1,
        ]
    }
}
Shape{
    appearance Appearance {
        material  Material 	{
            diffuseColor 0.25098039215686274 0.25098039215686274 0.25098039215686274
            specularColor 0.12549019607843137 0.12549019607843137 0.12549019607843137
            ambientIntensity 0.2
            transparency 0
            shininess 0.5
        }
    }
    geometry IndexedFaceSet {
        ccw TRUE
        solid FALSE
        coord DEF co Coordinate {
            point [
                0.5906 0.047 -0.2377, 0.5906 0.047 -0.2375, 0.5906 0.0393 -0.2374, 0.5906 0.047 -0.2357, 0.5906 0.0426 -0.2363, 0.5906 0.0405 -0.2367, 0.5906 0.0398 -0.2371, 0.5906 0.0468 -0.2392, 0.5906 0.0389 -0.2379, 0.5906 0.0463 -0.2404, 0.5906 0.0391 -0.2418, 0.5906 0.0394 -0.2421, 0.5906 0.0452 -0.2418, 0.5906 0.0388 -0.2412, 0.5906 0.0442 -0.2424, 0.5906 0.0432 -0.2428, 0.5906 0.042 -0.2429, 0.5906 0.0386 -0.2386, 0.5906 0.0385 -0.2393, 0.5906 0.0456 -0.2414, 0.5906 0.0385 -0.2399, 0.5906 0.0385 -0.2406, 0.5906 0.0401 -0.2425, 0.5906 0.0408 -0.2428, 0.5906 0.0408 -0.2428
            ]
        }
        coordIndex [
            0,1,2,-1,1,3,4,-1,4,5,1,-1,1,5,6,-1,1,6,2,-1,0,2,7,-1,7,2,8,-1,7,8,9,-1,10,11,12,-1,10,12,13,-1,14,12,15,-1,15,12,16,-1,8,17,9,-1,9,17,18,-1,9,18,19,-1,19,18,20,-1,19,20,12,-1,12,20,21,-1,12,21,13,-1,11,22,12,-1,12,22,23,-1,12,23,16,-1,
        ]
    }
}
Shape{
    appearance Appearance {
        material  Material 	{
            diffuseColor 0.7529411764705882 0.7529411764705882 0.7529411764705882
            specularColor 0.3764705882352941 0.3764705882352941 0.3764705882352941
            ambientIntensity 0.2
            transparency 0
            shininess 0.5
        }
    }
    geometry IndexedFaceSet {
        ccw TRUE
        solid FALSE
        coord DEF co Coordinate {
            point [
                0.5906 0.0549 -0.2411, 0.5945 0.0549 -0.2411, 0.5945 0.0562 -0.2419, 0.5945 0.0604 -0.243, 0.5906 0.0604 -0.243, 0.5906 0.0583 -0.2427, 0.5945 0.0583 -0.2427, 0.5906 0.0565 -0.242, 0.5906 0.0562 -0.2419, 0.5945 0.0549 -0.2446, 0.5906 0.0549 -0.2446, 0.5906 0.0565 -0.2451, 0.5945 0.057 -0.2453, 0.5906 0.0601 -0.2457, 0.5945 0.0601 -0.2457, 0.5906 0.0581 -0.2455, 0.5906 0.057 -0.2453, 0.5906 0.0624 -0.2455, 0.5945 0.0627 -0.2454, 0.5906 0.0627 -0.2454, 0.5906 0.0645 -0.2448, 0.5945 0.0645 -0.2448, 0.5906 0.0656 -0.2442, 0.5945 0.0656 -0.2442, 0.5906 0.0666 -0.2433, 0.5945 0.0666 -0.2433, 0.5906 0.0672 -0.2425, 0.5945 0.0672 -0.2425, 0.5906 0.0676 -0.2414, 0.5945 0.0676 -0.2414, 0.5906 0.0678 -0.24, 0.5945 0.0678 -0.24, 0.5906 0.0676 -0.2388, 0.5945 0.0676 -0.2388, 0.5906 0.0673 -0.2378, 0.5945 0.0673 -0.2378, 0.5906 0.0667 -0.2369, 0.5945 0.0667 -0.2369, 0.5906 0.0659 -0.2362, 0.5945 0.0659 -0.2362, 0.5906 0.0636 -0.235, 0.5945 0.0636 -0.235, 0.5906 0.0624 -0.2344, 0.5945 0.0624 -0.2344, 0.5906 0.0603 -0.2335, 0.5945 0.0603 -0.2335, 0.5906 0.0591 -0.2328, 0.5945 0.0591 -0.2328, 0.5906 0.0588 -0.2324, 0.5945 0.0588 -0.2324, 0.5906 0.0585 -0.232, 0.5945 0.0585 -0.232, 0.5906 0.0584 -0.2315, 0.5945 0.0584 -0.2315, 0.5906 0.0584 -0.231, 0.5945 0.0584 -0.231, 0.5906 0.0584 -0.2305, 0.5945 0.0584 -0.2305, 0.5906 0.0586 -0.23, 0.5945 0.0586 -0.23, 0.5906 0.0589 -0.2296, 0.5945 0.0589 -0.2296, 0.5906 0.0594 -0.2292, 0.5945 0.0594 -0.2292, 0.5906 0.0601 -0.2288, 0.5945 0.0601 -0.2288, 0.5906 0.061 -0.2285, 0.5945 0.061 -0.2285, 0.5906 0.062 -0.2285, 0.5945 0.062 -0.2285, 0.5906 0.0642 -0.2287, 0.5945 0.0642 -0.2287, 0.5906 0.0661 -0.2294, 0.5945 0.0661 -0.2294, 0.5906 0.0669 -0.2298, 0.5945 0.0669 -0.2298, 0.5945 0.0669 -0.2266, 0.5906 0.0669 -0.2266, 0.5906 0.0646 -0.2259, 0.5945 0.0646 -0.2259, 0.5906 0.0624 -0.2257, 0.5945 0.0624 -0.2257, 0.5906 0.0599 -0.226, 0.5945 0.0599 -0.226, 0.5906 0.0581 -0.2266, 0.5945 0.0581 -0.2266, 0.5906 0.0571 -0.2273, 0.5945 0.0571 -0.2273, 0.5906 0.0565 -0.2278, 0.5945 0.0561 -0.2281, 0.5906 0.0561 -0.2281, 0.5906 0.0555 -0.229, 0.5945 0.0555 -0.229, 0.5906 0.0551 -0.2301, 0.5945 0.0551 -0.2301, 0.5906 0.0549 -0.2313, 0.5945 0.0549 -0.2313, 0.5906 0.0551 -0.2326, 0.5945 0.0551 -0.2326, 0.5906 0.0554 -0.2336, 0.5945 0.0554 -0.2336, 0.5906 0.0559 -0.2343, 0.5945 0.0559 -0.2343, 0.5906 0.06 -0.2369, 0.5945 0.06 -0.2369, 0.5945 0.058 -0.2359, 0.5906 0.0564 -0.2349, 0.5945 0.0564 -0.2349, 0.5906 0.0565 -0.2349, 0.5906 0.058 -0.2359, 0.5906 0.0622 -0.2378, 0.5945 0.0622 -0.2378, 0.5906 0.0635 -0.2386, 0.5945 0.0635 -0.2386, 0.5906 0.0639 -0.239, 0.5945 0.0639 -0.239, 0.5906 0.0642 -0.2394, 0.5945 0.0642 -0.2394, 0.5906 0.0643 -0.24, 0.5945 0.0643 -0.24, 0.5906 0.0644 -0.2404, 0.5945 0.0644 -0.2404, 0.5906 0.0643 -0.241, 0.5945 0.0643 -0.241, 0.5906 0.0641 -0.2415, 0.5945 0.0641 -0.2415, 0.5906 0.0638 -0.2419, 0.5945 0.0638 -0.2419, 0.5906 0.0634 -0.2423, 0.5945 0.0634 -0.2423, 0.5906 0.0631 -0.2424, 0.5945 0.0631 -0.2424, 0.5906 0.0623 -0.2428, 0.5945 0.0623 -0.2428, 0.5906 0.0606 -0.243, 0.5945 0.0606 -0.243, 0.5945 0.0844 -0.2262, 0.5945 0.0878 -0.2262, 0.5906 0.0844 -0.2262, 0.5906 0.0878 -0.2262, 0.5945 0.0792 -0.2405, 0.5906 0.0792 -0.2405, 0.5906 0.0789 -0.2414, 0.5945 0.0789 -0.2414, 0.5906 0.0787 -0.2421, 0.5945 0.0787 -0.2421, 0.5945 0.0787 -0.2421, 0.5906 0.0787 -0.2421, 0.5945 0.0782 -0.2405, 0.5906 0.0782 -0.2405, 0.5945 0.0733 -0.2262, 0.5906 0.0749 -0.2308, 0.5906 0.0733 -0.2262, 0.5945 0.0695 -0.2262, 0.5906 0.0695 -0.2262, 0.5945 0.077 -0.2452, 0.5906 0.0749 -0.2398, 0.5906 0.077 -0.2452, 0.5906 0.0755 -0.2487, 0.5945 0.0755 -0.2487, 0.5906 0.0769 -0.2455, 0.5906 0.0749 -0.2499, 0.5945 0.0749 -0.2499, 0.5906 0.0743 -0.2506, 0.5945 0.0743 -0.2506, 0.5906 0.0737 -0.251, 0.5945 0.0737 -0.251, 0.5906 0.0729 -0.2513, 0.5945 0.0729 -0.2513, 0.5906 0.0721 -0.2513, 0.5945 0.0721 -0.2513, 0.5906 0.0709 -0.2512, 0.5945 0.0709 -0.2512, 0.5906 0.0702 -0.251, 0.5945 0.0702 -0.251, 0.5945 0.0702 -0.2539, 0.5906 0.0702 -0.2539, 0.5906 0.0716 -0.2542, 0.5945 0.0716 -0.2542, 0.5906 0.0724 -0.2542, 0.5945 0.0724 -0.2542, 0.5906 0.0737 -0.2541, 0.5945 0.0737 -0.2541, 0.5906 0.0749 -0.2536, 0.5945 0.075 -0.2536, 0.5906 0.075 -0.2536, 0.5906 0.0762 -0.2527, 0.5945 0.0762 -0.2527, 0.5906 0.0764 -0.2525, 0.5945 0.0764 -0.2525, 0.5906 0.0777 -0.2511, 0.5945 0.0777 -0.2511, 0.5906 0.0792 -0.2481, 0.5945 0.0792 -0.2481, 0.5906 0.0802 -0.2455, 0.5945 0.1058 -0.2422, 0.5945 0.1058 -0.2452, 0.5906 0.1058 -0.2422, 0.5906 0.1058 -0.2452, 0.5945 0.0949 -0.2422, 0.5906 0.0999 -0.2422, 0.5906 0.0949 -0.2422, 0.5945 0.0949 -0.2332, 0.5906 0.0949 -0.2332, 0.5945 0.1044 -0.2332, 0.5906 0.0999 -0.2332, 0.5906 0.1044 -0.2332, 0.5945 0.1044 -0.2302, 0.5906 0.1044 -0.2302, 0.5906 0.0949 -0.2302, 0.5945 0.0949 -0.2302, 0.5906 0.0999 -0.2302, 0.5945 0.0949 -0.2216, 0.5906 0.0949 -0.2216, 0.5906 0.1052 -0.2216, 0.5945 0.1052 -0.2216, 0.5906 0.0999 -0.2216, 0.5945 0.1052 -0.2185, 0.5906 0.1052 -0.2185, 0.5906 0.0914 -0.2185, 0.5945 0.0914 -0.2185, 0.5906 0.0999 -0.2185, 0.5945 0.0914 -0.2452, 0.5906 0.0914 -0.2452, 0.5906 0.0999 -0.2452, 0.5945 0.1274 -0.2378, 0.5945 0.1261 -0.2394, 0.5945 0.1285 -0.2415, 0.5945 0.1258 -0.2397, 0.5945 0.1257 -0.2435, 0.5945 0.124 -0.2409, 0.5945 0.1227 -0.2447, 0.5945 0.1218 -0.2418, 0.5945 0.1182 -0.2452, 0.5945 0.1181 -0.2422, 0.5945 0.1108 -0.2452, 0.5945 0.1143 -0.2422, 0.5945 0.1108 -0.2185, 0.5945 0.1143 -0.2216, 0.5945 0.1184 -0.2185, 0.5945 0.1183 -0.2216, 0.5945 0.1225 -0.219, 0.5945 0.1219 -0.222, 0.5945 0.1257 -0.2202, 0.5945 0.1242 -0.2229, 0.5945 0.1285 -0.2221, 0.5945 0.126 -0.2241, 0.5945 0.1295 -0.223, 0.5945 0.1268 -0.2249, 0.5945 0.1311 -0.2253, 0.5945 0.1278 -0.2264, 0.5945 0.1321 -0.2279, 0.5945 0.1285 -0.2283, 0.5945 0.1326 -0.2315, 0.5945 0.1289 -0.2316, 0.5945 0.1325 -0.2333, 0.5945 0.1288 -0.2334, 0.5945 0.1318 -0.2364, 0.5945 0.1283 -0.2358, 0.5945 0.1305 -0.2391, 0.5906 0.1182 -0.2452, 0.5906 0.1108 -0.2452, 0.5906 0.1227 -0.2447, 0.5906 0.1257 -0.2435, 0.5906 0.1285 -0.2415, 0.5906 0.1305 -0.2391, 0.5906 0.1318 -0.2364, 0.5906 0.1325 -0.2333, 0.5906 0.1326 -0.2315, 0.5906 0.1321 -0.2279, 0.5906 0.1311 -0.2253, 0.5906 0.1295 -0.223, 0.5906 0.1285 -0.2221, 0.5906 0.1257 -0.2202, 0.5906 0.1225 -0.219, 0.5906 0.1184 -0.2185, 0.5906 0.1108 -0.2185, 0.5906 0.1183 -0.2216, 0.5906 0.1143 -0.2216, 0.5906 0.1143 -0.2422, 0.5906 0.1181 -0.2422, 0.5906 0.1261 -0.2394, 0.5906 0.1258 -0.2397, 0.5906 0.124 -0.2409, 0.5906 0.1218 -0.2418, 0.5906 0.1289 -0.2316, 0.5906 0.1288 -0.2334, 0.5906 0.1283 -0.2358, 0.5906 0.1274 -0.2378, 0.5906 0.126 -0.2241, 0.5906 0.1268 -0.2249, 0.5906 0.1278 -0.2264, 0.5906 0.1285 -0.2283, 0.5906 0.1219 -0.222, 0.5906 0.1242 -0.2229, 0.5906 0.1242 -0.2229
            ]
        }
        coordIndex [
            0,1,2,-1,3,4,5,-1,3,5,6,-1,6,5,7,-1,6,7,2,-1,2,7,8,-1,2,8,0,-1,9,1,10,-1,10,1,0,-1,10,11,9,-1,9,11,12,-1,13,14,15,-1,15,14,12,-1,15,12,16,-1,16,12,11,-1,13,17,14,-1,14,17,18,-1,17,19,18,-1,18,19,20,-1,18,20,21,-1,21,20,22,-1,21,22,23,-1,23,22,24,-1,23,24,25,-1,25,24,26,-1,25,26,27,-1,27,26,28,-1,27,28,29,-1,29,28,30,-1,29,30,31,-1,31,30,32,-1,31,32,33,-1,33,32,34,-1,33,34,35,-1,35,34,36,-1,35,36,37,-1,37,36,38,-1,37,38,39,-1,39,38,40,-1,39,40,41,-1,41,40,42,-1,41,42,43,-1,43,42,44,-1,43,44,45,-1,45,44,46,-1,45,46,47,-1,47,46,48,-1,47,48,49,-1,49,48,50,-1,49,50,51,-1,51,50,52,-1,51,52,53,-1,53,52,54,-1,53,54,55,-1,55,54,56,-1,55,56,57,-1,57,56,58,-1,57,58,59,-1,59,58,60,-1,59,60,61,-1,61,60,62,-1,61,62,63,-1,63,62,64,-1,63,64,65,-1,65,64,66,-1,65,66,67,-1,67,66,68,-1,67,68,69,-1,69,68,70,-1,69,70,71,-1,71,70,72,-1,71,72,73,-1,73,72,74,-1,73,74,75,-1,76,75,77,-1,77,75,74,-1,76,77,78,-1,76,78,79,-1,79,78,80,-1,79,80,81,-1,81,80,82,-1,81,82,83,-1,83,82,84,-1,83,84,85,-1,85,84,86,-1,85,86,87,-1,86,88,87,-1,87,88,89,-1,88,90,89,-1,89,90,91,-1,89,91,92,-1,92,91,93,-1,92,93,94,-1,94,93,95,-1,94,95,96,-1,96,95,97,-1,96,97,98,-1,98,97,99,-1,98,99,100,-1,100,99,101,-1,100,101,102,-1,103,104,105,-1,102,101,106,-1,102,106,107,-1,107,106,108,-1,107,108,105,-1,105,108,109,-1,105,109,103,-1,104,103,110,-1,104,110,111,-1,111,110,112,-1,111,112,113,-1,113,112,114,-1,113,114,115,-1,115,114,116,-1,115,116,117,-1,117,116,118,-1,117,118,119,-1,119,118,120,-1,119,120,121,-1,121,120,122,-1,121,122,123,-1,123,122,124,-1,123,124,125,-1,125,124,126,-1,125,126,127,-1,127,126,128,-1,127,128,129,-1,129,128,130,-1,129,130,131,-1,131,130,132,-1,131,132,133,-1,133,132,134,-1,133,134,135,-1,135,134,4,-1,135,4,3,-1,61,63,85,-1,85,63,83,-1,45,104,43,-1,43,104,111,-1,43,111,41,-1,14,3,12,-1,12,3,6,-1,12,6,9,-1,9,6,2,-1,9,2,1,-1,63,65,83,-1,83,65,67,-1,83,67,81,-1,81,67,69,-1,81,69,79,-1,79,69,71,-1,79,71,76,-1,76,71,73,-1,76,73,75,-1,41,111,39,-1,39,111,113,-1,39,113,37,-1,37,113,115,-1,37,115,35,-1,35,115,117,-1,35,117,33,-1,33,117,119,-1,33,119,31,-1,31,119,121,-1,31,121,29,-1,29,121,123,-1,29,123,27,-1,27,123,125,-1,27,125,25,-1,25,125,127,-1,25,127,23,-1,23,127,129,-1,23,129,21,-1,21,129,131,-1,21,131,18,-1,18,131,133,-1,18,133,14,-1,14,133,135,-1,14,135,3,-1,85,87,61,-1,61,87,89,-1,61,89,59,-1,59,89,92,-1,59,92,57,-1,57,92,94,-1,57,94,55,-1,55,94,96,-1,55,96,53,-1,53,96,98,-1,53,98,51,-1,51,98,100,-1,51,100,49,-1,49,100,102,-1,49,102,47,-1,47,102,107,-1,47,107,45,-1,45,107,105,-1,45,105,104,-1,136,137,138,-1,138,137,139,-1,140,136,141,-1,141,136,138,-1,140,141,142,-1,140,142,143,-1,143,142,144,-1,143,144,145,-1,146,145,147,-1,147,145,144,-1,148,146,149,-1,149,146,147,-1,148,149,150,-1,150,149,151,-1,150,151,152,-1,153,150,154,-1,154,150,152,-1,153,154,155,-1,155,154,156,-1,155,156,157,-1,158,159,160,-1,160,159,155,-1,160,155,157,-1,159,158,161,-1,159,161,162,-1,162,161,163,-1,162,163,164,-1,164,163,165,-1,164,165,166,-1,166,165,167,-1,166,167,168,-1,168,167,169,-1,168,169,170,-1,170,169,171,-1,170,171,172,-1,172,171,173,-1,172,173,174,-1,175,174,176,-1,176,174,173,-1,175,176,177,-1,175,177,178,-1,178,177,179,-1,178,179,180,-1,180,179,181,-1,180,181,182,-1,182,181,183,-1,182,183,184,-1,183,185,184,-1,184,185,186,-1,184,186,187,-1,187,186,188,-1,187,188,189,-1,189,188,190,-1,189,190,191,-1,191,190,192,-1,191,192,193,-1,139,137,194,-1,194,137,193,-1,194,193,192,-1,143,145,193,-1,137,136,193,-1,193,136,140,-1,193,140,143,-1,150,153,148,-1,148,153,155,-1,148,155,146,-1,174,175,172,-1,172,175,178,-1,172,178,170,-1,170,178,180,-1,170,180,168,-1,168,180,182,-1,168,182,166,-1,166,182,184,-1,166,184,164,-1,145,146,193,-1,193,146,155,-1,193,155,191,-1,155,159,191,-1,191,159,162,-1,191,162,189,-1,189,162,164,-1,189,164,187,-1,187,164,184,-1,195,196,197,-1,197,196,198,-1,195,197,199,-1,199,197,200,-1,199,200,201,-1,202,199,203,-1,203,199,201,-1,202,203,204,-1,204,203,205,-1,204,205,206,-1,207,204,208,-1,208,204,206,-1,209,210,211,-1,211,210,207,-1,211,207,208,-1,212,210,213,-1,213,210,209,-1,214,215,216,-1,216,215,212,-1,216,212,213,-1,217,215,218,-1,218,215,214,-1,219,220,221,-1,221,220,217,-1,221,217,218,-1,222,220,223,-1,223,220,219,-1,222,223,196,-1,196,223,224,-1,196,224,198,-1,222,196,195,-1,195,199,222,-1,222,199,202,-1,222,202,220,-1,215,217,212,-1,212,217,220,-1,212,220,210,-1,210,220,202,-1,210,202,207,-1,207,202,204,-1,225,226,227,-1,227,226,228,-1,227,228,229,-1,229,228,230,-1,229,230,231,-1,231,230,232,-1,231,232,233,-1,233,232,234,-1,233,234,235,-1,235,234,236,-1,235,236,237,-1,237,236,238,-1,237,238,239,-1,239,238,240,-1,239,240,241,-1,241,240,242,-1,241,242,243,-1,243,242,244,-1,243,244,245,-1,245,244,246,-1,245,246,247,-1,247,246,248,-1,247,248,249,-1,249,248,250,-1,249,250,251,-1,251,250,252,-1,251,252,253,-1,253,252,254,-1,253,254,255,-1,255,254,256,-1,255,256,257,-1,257,256,258,-1,257,258,259,-1,259,258,225,-1,259,225,227,-1,233,235,260,-1,260,235,261,-1,233,260,262,-1,233,262,231,-1,231,262,263,-1,231,263,229,-1,229,263,264,-1,229,264,227,-1,227,264,265,-1,227,265,259,-1,259,265,266,-1,259,266,257,-1,257,266,267,-1,257,267,255,-1,255,267,268,-1,255,268,253,-1,253,268,269,-1,253,269,251,-1,251,269,270,-1,251,270,249,-1,249,270,271,-1,249,271,247,-1,247,271,272,-1,247,272,245,-1,245,272,273,-1,245,273,243,-1,243,273,274,-1,243,274,241,-1,241,274,275,-1,241,275,239,-1,237,239,276,-1,276,239,275,-1,235,237,261,-1,261,237,276,-1,240,238,277,-1,277,238,278,-1,238,236,278,-1,278,236,279,-1,236,234,279,-1,279,234,280,-1,226,281,282,-1,226,282,228,-1,228,282,283,-1,228,283,230,-1,230,283,284,-1,230,284,232,-1,232,284,280,-1,232,280,234,-1,254,285,286,-1,254,286,256,-1,256,286,287,-1,256,287,258,-1,258,287,288,-1,258,288,225,-1,225,288,281,-1,225,281,226,-1,246,289,290,-1,246,290,248,-1,248,290,291,-1,248,291,250,-1,250,291,292,-1,250,292,252,-1,252,292,285,-1,252,285,254,-1,240,277,293,-1,240,293,242,-1,242,293,294,-1,242,294,244,-1,244,294,289,-1,244,289,246,-1,
        ]
    }
}
Shape{
    appearance Appearance {
        material  Material 	{
            diffuseColor 0.25098039215686274 0.25098039215686274 0.25098039215686274
            specularColor 0.12549019607843137 0.12549019607843137 0.12549019607843137
            ambientIntensity 0.2
            transparency 0
            shininess 0.5
        }
    }
    geometry IndexedFaceSet {
        ccw TRUE
        solid FALSE
        coord DEF co Coordinate {
            point [
                0.5906 0.1143 -0.2216, 0.5906 0.1143 -0.2422, 0.5906 0.1183 -0.2216, 0.5906 0.1181 -0.2422, 0.5906 0.1218 -0.2418, 0.5906 0.124 -0.2409, 0.5906 0.1258 -0.2397, 0.5906 0.1261 -0.2394, 0.5906 0.1274 -0.2378, 0.5906 0.1283 -0.2358, 0.5906 0.1289 -0.2316, 0.5906 0.126 -0.2241, 0.5906 0.1242 -0.2229, 0.5906 0.1285 -0.2283, 0.5906 0.1278 -0.2264, 0.5906 0.1268 -0.2249, 0.5906 0.1288 -0.2334, 0.5906 0.1219 -0.222, 0.5906 0.1219 -0.222
            ]
        }
        coordIndex [
            0,1,2,-1,2,1,3,-1,3,4,2,-1,2,4,5,-1,2,5,6,-1,6,7,2,-1,2,7,8,-1,2,8,9,-1,10,11,12,-1,13,14,10,-1,10,14,15,-1,10,15,11,-1,9,16,2,-1,2,16,10,-1,2,10,17,-1,17,10,12,-1,
        ]
    }
}
Shape{
    appearance Appearance {
        material  Material 	{
            diffuseColor 0.7529411764705882 0.7529411764705882 0.7529411764705882
            specularColor 0.3764705882352941 0.3764705882352941 0.3764705882352941
            ambientIntensity 0.2
            transparency 0
            shininess 0.5
        }
    }
    geometry IndexedFaceSet {
        ccw TRUE
        solid FALSE
        coord DEF co Coordinate {
            point [
                0.5945 0.1415 -0.2349, 0.5945 0.1404 -0.2379, 0.5945 0.1505 -0.2349, 0.5945 0.1515 -0.2379, 0.5945 0.1455 -0.2238, 0.5945 0.1442 -0.2185, 0.5945 0.134 -0.2452, 0.5945 0.1378 -0.2452, 0.5945 0.1457 -0.223, 0.5945 0.1459 -0.222, 0.5945 0.1479 -0.2185, 0.5945 0.146 -0.222, 0.5945 0.1462 -0.2231, 0.5945 0.1464 -0.2238, 0.5945 0.158 -0.2452, 0.5945 0.1542 -0.2452, 0.5906 0.1479 -0.2185, 0.5906 0.158 -0.2452, 0.5906 0.1442 -0.2185, 0.5906 0.134 -0.2452, 0.5906 0.1378 -0.2452, 0.5906 0.1404 -0.2379, 0.5906 0.1515 -0.2379, 0.5906 0.1542 -0.2452, 0.5906 0.1415 -0.2349, 0.5906 0.1505 -0.2349, 0.5906 0.1464 -0.2238, 0.5906 0.146 -0.222, 0.5906 0.1462 -0.2231, 0.5906 0.1459 -0.222, 0.5906 0.1455 -0.2238, 0.5906 0.1457 -0.223, 0.5906 0.1457 -0.223
            ]
        }
        coordIndex [
            0,1,2,-1,2,1,3,-1,4,5,0,-1,0,5,6,-1,0,6,1,-1,1,6,7,-1,4,8,5,-1,5,8,9,-1,5,9,10,-1,10,9,11,-1,10,11,12,-1,12,13,10,-1,10,13,2,-1,10,2,14,-1,14,2,3,-1,14,3,15,-1,10,14,16,-1,16,14,17,-1,5,10,18,-1,18,10,16,-1,6,5,19,-1,19,5,18,-1,7,6,20,-1,20,6,19,-1,1,7,21,-1,21,7,20,-1,3,1,22,-1,22,1,21,-1,15,3,23,-1,23,3,22,-1,14,15,17,-1,17,15,23,-1,0,2,24,-1,24,2,25,-1,2,13,25,-1,25,13,26,-1,11,27,28,-1,11,28,12,-1,12,28,26,-1,12,26,13,-1,11,9,27,-1,27,9,29,-1,4,30,31,-1,4,31,8,-1,8,31,29,-1,8,29,9,-1,4,0,30,-1,30,0,24,-1,
        ]
    }
}
Shape{
    appearance Appearance {
        material  Material 	{
            diffuseColor 0.25098039215686274 0.25098039215686274 0.25098039215686274
            specularColor 0.12549019607843137 0.12549019607843137 0.12549019607843137
            ambientIntensity 0.2
            transparency 0
            shininess 0.5
        }
    }
    geometry IndexedFaceSet {
        ccw TRUE
        solid FALSE
        coord DEF co Coordinate {
            point [
                0.5906 0.146 -0.222, 0.5906 0.1459 -0.222, 0.5906 0.1462 -0.2231, 0.5906 0.1457 -0.223, 0.5906 0.1464 -0.2238, 0.5906 0.1455 -0.2238, 0.5906 0.1505 -0.2349, 0.5906 0.1415 -0.2349, 0.5906 0.1415 -0.2349
            ]
        }
        coordIndex [
            0,1,2,-1,2,1,3,-1,2,3,4,-1,4,3,5,-1,4,5,6,-1,6,5,7,-1,
        ]
    }
}
Shape{
    appearance Appearance {
        material  Material 	{
            diffuseColor 0.7529411764705882 0.7529411764705882 0.7529411764705882
            specularColor 0.3764705882352941 0.3764705882352941 0.3764705882352941
            ambientIntensity 0.2
            transparency 0
            shininess 0.5
        }
    }
    geometry IndexedFaceSet {
        ccw TRUE
        solid FALSE
        coord DEF co Coordinate {
            point [
                0.5945 -0.1054 -0.1993, 0.5945 -0.1011 -0.197, 0.5945 -0.1022 -0.1853, 0.5945 -0.0687 -0.2498, 0.5945 -0.0665 -0.2455, 0.5945 -0.0654 -0.2409, 0.5945 -0.0903 -0.1848, 0.5945 -0.0844 -0.1986, 0.5945 -0.0815 -0.1926, 0.5945 -0.0915 -0.2414, 0.5945 -0.0918 -0.2396, 0.5945 -0.1021 -0.2322, 0.5945 -0.1023 -0.2449, 0.5945 -0.1047 -0.2442, 0.5945 -0.1062 -0.2297, 0.5945 -0.0947 -0.1844, 0.5945 -0.0387 -0.2229, 0.5945 -0.0446 -0.2129, 0.5945 -0.0653 -0.237, 0.5945 -0.07 -0.2262, 0.5945 -0.0653 -0.2389, 0.5945 -0.0754 -0.2557, 0.5945 -0.0716 -0.253, 0.5945 -0.0776 -0.2362, 0.5945 -0.0771 -0.238, 0.5945 -0.0771 -0.2398, 0.5945 -0.0775 -0.2416, 0.5945 -0.0784 -0.2433, 0.5945 -0.0907 -0.243, 0.5945 -0.0975 -0.2525, 0.5945 -0.1004 -0.249, 0.5945 -0.0324 -0.2041, 0.5945 -0.0309 -0.2041, 0.5945 -0.0231 -0.1939, 0.5945 -0.0273 -0.2046, 0.5945 -0.0222 -0.1942, 0.5945 -0.024 -0.2059, 0.5945 -0.0166 -0.197, 0.5945 -0.0114 -0.2014, 0.5945 -0.0864 -0.1803, 0.5945 -0.0773 -0.1876, 0.5945 -0.082 -0.1764, 0.5945 -0.0722 -0.1838, 0.5945 -0.0768 -0.1733, 0.5945 -0.0965 -0.1959, 0.5945 -0.0945 -0.1958, 0.5945 -0.0925 -0.1845, 0.5945 -0.09 -0.1964, 0.5945 -0.0858 -0.1979, 0.5945 -0.0795 -0.2446, 0.5945 -0.0809 -0.2456, 0.5945 -0.0796 -0.2573, 0.5945 -0.0826 -0.2462, 0.5945 -0.0842 -0.2579, 0.5945 -0.0844 -0.2465, 0.5945 -0.085 -0.2578, 0.5945 -0.0848 -0.2465, 0.5945 -0.0894 -0.2571, 0.5945 -0.0865 -0.2462, 0.5945 -0.0938 -0.2553, 0.5945 -0.0882 -0.2454, 0.5945 -0.0896 -0.2443, 0.5945 -0.0114 -0.2368, 0.5945 -0.0202 -0.2293, 0.5945 -0.0165 -0.2412, 0.5945 -0.023 -0.2315, 0.5945 -0.0223 -0.244, 0.5945 -0.0264 -0.2331, 0.5945 -0.0286 -0.2453, 0.5945 -0.0298 -0.2338, 0.5945 -0.0398 -0.2453, 0.5945 -0.0383 -0.2338, 0.5945 -0.0409 -0.2452, 0.5945 -0.021 -0.2079, 0.5945 -0.0189 -0.2104, 0.5945 -0.0075 -0.2068, 0.5945 -0.0171 -0.2136, 0.5945 -0.0052 -0.2126, 0.5945 -0.0162 -0.2173, 0.5945 -0.0043 -0.2188, 0.5945 -0.0161 -0.219, 0.5945 -0.0052 -0.2255, 0.5945 -0.0166 -0.2226, 0.5945 -0.0076 -0.2315, 0.5945 -0.0179 -0.226, 0.5945 -0.02 -0.229, 0.5945 -0.0334 -0.1789, 0.5945 -0.0408 -0.1876, 0.5945 -0.027 -0.1864, 0.5945 -0.0365 -0.1927, 0.5945 -0.0336 -0.1989, 0.5945 -0.1129 -0.2102, 0.5945 -0.1254 -0.2133, 0.5945 -0.1135 -0.2148, 0.5945 -0.1254 -0.2152, 0.5945 -0.1132 -0.2177, 0.5945 -0.1245 -0.2226, 0.5945 -0.1119 -0.2223, 0.5945 -0.1218 -0.2297, 0.5945 -0.1096 -0.2262, 0.5945 -0.1174 -0.2358, 0.5945 -0.1115 -0.2409, 0.5945 -0.0917 -0.2378, 0.5945 -0.0912 -0.236, 0.5945 -0.1 -0.2282, 0.5945 -0.0902 -0.2344, 0.5945 -0.0968 -0.2246, 0.5945 -0.0894 -0.2336, 0.5945 -0.093 -0.2219, 0.5945 -0.0879 -0.2326, 0.5945 -0.0888 -0.2203, 0.5945 -0.0863 -0.2319, 0.5945 -0.0842 -0.2197, 0.5945 -0.0844 -0.2317, 0.5945 -0.0819 -0.2198, 0.5945 -0.083 -0.2318, 0.5945 -0.0774 -0.221, 0.5945 -0.0813 -0.2324, 0.5945 -0.0733 -0.2231, 0.5945 -0.0797 -0.2334, 0.5945 -0.0784 -0.2347, 0.5945 -0.068 -0.1701, 0.5945 -0.066 -0.1813, 0.5945 -0.0592 -0.169, 0.5945 -0.059 -0.1804, 0.5945 -0.0505 -0.1701, 0.5945 -0.0526 -0.1812, 0.5945 -0.0411 -0.1736, 0.5945 -0.0466 -0.1835, 0.5945 -0.0413 -0.1872, 0.5945 -0.1092 -0.1881, 0.5945 -0.1152 -0.1923, 0.5945 -0.1086 -0.2022, 0.5945 -0.1165 -0.1935, 0.5945 -0.1113 -0.2059, 0.5945 -0.1211 -0.1994, 0.5945 -0.1241 -0.2062, 0.5945 -0.0393 -0.2336, 0.5945 -0.0438 -0.2433, 0.5945 -0.0434 -0.2438, 0.5945 -0.0387 -0.2337, 0.5945 -0.0422 -0.2447, 0.5945 -0.0453 -0.2394, 0.5945 -0.0452 -0.2409, 0.5945 -0.0447 -0.2421, 0.5945 -0.0409 -0.2338, 0.5945 -0.0422 -0.2343, 0.5945 -0.0453 -0.2387, 0.5945 -0.0434 -0.2351, 0.5945 -0.0442 -0.236, 0.5945 -0.0449 -0.2373, 0.5945 -0.0395 -0.2336, 0.5906 -0.0043 -0.2188, 0.5906 -0.0052 -0.2126, 0.5906 -0.0059 -0.2109, 0.5906 -0.0075 -0.2068, 0.5906 -0.0114 -0.2014, 0.5906 -0.0166 -0.197, 0.5906 -0.0222 -0.1942, 0.5906 -0.0231 -0.1939, 0.5906 -0.027 -0.1864, 0.5906 -0.0334 -0.1789, 0.5906 -0.0376 -0.176, 0.5906 -0.0411 -0.1736, 0.5906 -0.0505 -0.1701, 0.5906 -0.0592 -0.169, 0.5906 -0.082 -0.1764, 0.5906 -0.0812 -0.176, 0.5906 -0.0768 -0.1733, 0.5906 -0.068 -0.1701, 0.5906 -0.0864 -0.1803, 0.5906 -0.0903 -0.1848, 0.5906 -0.0925 -0.1845, 0.5906 -0.0947 -0.1844, 0.5906 -0.1022 -0.1853, 0.5906 -0.1092 -0.1881, 0.5906 -0.1152 -0.1923, 0.5906 -0.1165 -0.1935, 0.5906 -0.1241 -0.2062, 0.5906 -0.1211 -0.1994, 0.5906 -0.1249 -0.2109, 0.5906 -0.1254 -0.2133, 0.5906 -0.1254 -0.2152, 0.5906 -0.1245 -0.2226, 0.5906 -0.1218 -0.2297, 0.5906 -0.1174 -0.2358, 0.5906 -0.1115 -0.2409, 0.5906 -0.1047 -0.2442, 0.5906 -0.1023 -0.2449, 0.5906 -0.102 -0.2455, 0.5906 -0.1004 -0.249, 0.5906 -0.0975 -0.2525, 0.5906 -0.0938 -0.2553, 0.5906 -0.0921 -0.256, 0.5906 -0.0894 -0.2571, 0.5906 -0.085 -0.2578, 0.5906 -0.0842 -0.2579, 0.5906 -0.0653 -0.2389, 0.5906 -0.0796 -0.2573, 0.5906 -0.0764 -0.256, 0.5906 -0.0754 -0.2557, 0.5906 -0.0716 -0.253, 0.5906 -0.0687 -0.2498, 0.5906 -0.0665 -0.2455, 0.5906 -0.0665 -0.2455, 0.5906 -0.0654 -0.2409, 0.5906 -0.0653 -0.237, 0.5906 -0.0387 -0.2229, 0.5906 -0.0446 -0.2129, 0.5906 -0.07 -0.2262, 0.5906 -0.0733 -0.2231, 0.5906 -0.0774 -0.221, 0.5906 -0.0819 -0.2198, 0.5906 -0.0842 -0.2197, 0.5906 -0.0888 -0.2203, 0.5906 -0.093 -0.2219, 0.5906 -0.0968 -0.2246, 0.5906 -0.1 -0.2282, 0.5906 -0.1021 -0.2322, 0.5906 -0.1062 -0.2297, 0.5906 -0.1096 -0.2262, 0.5906 -0.1119 -0.2223, 0.5906 -0.1132 -0.2177, 0.5906 -0.1135 -0.2148, 0.5906 -0.113 -0.2109, 0.5906 -0.1129 -0.2102, 0.5906 -0.1113 -0.2059, 0.5906 -0.1086 -0.2022, 0.5906 -0.1054 -0.1993, 0.5906 -0.1011 -0.197, 0.5906 -0.0965 -0.1959, 0.5906 -0.0945 -0.1958, 0.5906 -0.09 -0.1964, 0.5906 -0.0858 -0.1979, 0.5906 -0.0844 -0.1986, 0.5906 -0.0815 -0.1926, 0.5906 -0.0773 -0.1876, 0.5906 -0.0722 -0.1838, 0.5906 -0.066 -0.1813, 0.5906 -0.059 -0.1804, 0.5906 -0.0526 -0.1812, 0.5906 -0.0466 -0.1835, 0.5906 -0.0413 -0.1872, 0.5906 -0.0408 -0.1876, 0.5906 -0.0365 -0.1927, 0.5906 -0.0336 -0.1989, 0.5906 -0.0324 -0.2041, 0.5906 -0.0309 -0.2041, 0.5906 -0.0273 -0.2046, 0.5906 -0.024 -0.2059, 0.5906 -0.021 -0.2079, 0.5906 -0.0189 -0.2104, 0.5906 -0.0186 -0.2109, 0.5906 -0.0171 -0.2136, 0.5906 -0.0162 -0.2173, 0.5906 -0.0161 -0.219, 0.5906 -0.0166 -0.2226, 0.5906 -0.0179 -0.226, 0.5906 -0.02 -0.229, 0.5906 -0.0202 -0.2293, 0.5906 -0.023 -0.2315, 0.5906 -0.0264 -0.2331, 0.5906 -0.0298 -0.2338, 0.5906 -0.0383 -0.2338, 0.5906 -0.0387 -0.2337, 0.5906 -0.0393 -0.2336, 0.5906 -0.0395 -0.2336, 0.5906 -0.0409 -0.2338, 0.5906 -0.0422 -0.2343, 0.5906 -0.0434 -0.2351, 0.5906 -0.0442 -0.236, 0.5906 -0.0449 -0.2373, 0.5906 -0.0453 -0.2387, 0.5906 -0.0453 -0.2394, 0.5906 -0.0452 -0.2409, 0.5906 -0.0447 -0.2421, 0.5906 -0.0438 -0.2433, 0.5906 -0.0434 -0.2438, 0.5906 -0.0422 -0.2447, 0.5906 -0.0409 -0.2452, 0.5906 -0.0398 -0.2453, 0.5906 -0.0286 -0.2453, 0.5906 -0.0223 -0.244, 0.5906 -0.0165 -0.2412, 0.5906 -0.0114 -0.2368, 0.5906 -0.0076 -0.2315, 0.5906 -0.0052 -0.2255, 0.5906 -0.0844 -0.2317, 0.5906 -0.083 -0.2318, 0.5906 -0.0813 -0.2324, 0.5906 -0.0797 -0.2334, 0.5906 -0.0784 -0.2347, 0.5906 -0.0776 -0.2362, 0.5906 -0.0771 -0.238, 0.5906 -0.0771 -0.2398, 0.5906 -0.0775 -0.2416, 0.5906 -0.0784 -0.2433, 0.5906 -0.0795 -0.2446, 0.5906 -0.0809 -0.2456, 0.5906 -0.0826 -0.2462, 0.5906 -0.0844 -0.2465, 0.5906 -0.0848 -0.2465, 0.5906 -0.0865 -0.2462, 0.5906 -0.0882 -0.2454, 0.5906 -0.0896 -0.2443, 0.5906 -0.0907 -0.243, 0.5906 -0.0915 -0.2414, 0.5906 -0.0918 -0.2396, 0.5906 -0.0917 -0.2378, 0.5906 -0.0912 -0.236, 0.5906 -0.0902 -0.2344, 0.5906 -0.0894 -0.2336, 0.5906 -0.0879 -0.2326, 0.5906 -0.0863 -0.2319, 0.5906 -0.0863 -0.2319
            ]
        }
        coordIndex [
            0,1,2,-1,3,4,5,-1,6,7,8,-1,9,10,11,-1,12,11,13,-1,13,11,14,-1,2,1,15,-1,16,17,18,-1,18,17,19,-1,18,19,20,-1,20,19,21,-1,20,21,5,-1,5,21,22,-1,5,22,3,-1,23,24,19,-1,19,24,25,-1,19,25,21,-1,21,25,26,-1,21,26,27,-1,28,9,29,-1,29,9,11,-1,29,11,30,-1,30,11,12,-1,31,32,33,-1,33,32,34,-1,33,34,35,-1,35,34,36,-1,35,36,37,-1,37,36,38,-1,6,8,39,-1,39,8,40,-1,39,40,41,-1,41,40,42,-1,41,42,43,-1,1,44,15,-1,15,44,45,-1,15,45,46,-1,46,45,47,-1,46,47,6,-1,6,47,48,-1,6,48,7,-1,27,49,21,-1,21,49,50,-1,21,50,51,-1,51,50,52,-1,51,52,53,-1,53,52,54,-1,53,54,55,-1,55,54,56,-1,55,56,57,-1,57,56,58,-1,57,58,59,-1,59,58,60,-1,59,60,29,-1,29,60,61,-1,29,61,28,-1,62,63,64,-1,64,63,65,-1,64,65,66,-1,66,65,67,-1,66,67,68,-1,68,67,69,-1,68,69,70,-1,70,69,71,-1,70,71,72,-1,36,73,38,-1,38,73,74,-1,38,74,75,-1,75,74,76,-1,75,76,77,-1,77,76,78,-1,77,78,79,-1,79,78,80,-1,79,80,81,-1,81,80,82,-1,81,82,83,-1,83,82,84,-1,83,84,62,-1,62,84,85,-1,62,85,63,-1,86,87,88,-1,88,87,89,-1,88,89,33,-1,33,89,90,-1,33,90,31,-1,91,92,93,-1,93,92,94,-1,93,94,95,-1,95,94,96,-1,95,96,97,-1,97,96,98,-1,97,98,99,-1,99,98,100,-1,99,100,14,-1,14,100,101,-1,14,101,13,-1,10,102,11,-1,11,102,103,-1,11,103,104,-1,104,103,105,-1,104,105,106,-1,106,105,107,-1,106,107,108,-1,108,107,109,-1,108,109,110,-1,110,109,111,-1,110,111,112,-1,112,111,113,-1,112,113,114,-1,114,113,115,-1,114,115,116,-1,116,115,117,-1,116,117,118,-1,118,117,119,-1,118,119,19,-1,19,119,120,-1,19,120,23,-1,43,42,121,-1,121,42,122,-1,121,122,123,-1,123,122,124,-1,123,124,125,-1,125,124,126,-1,125,126,127,-1,127,126,128,-1,127,128,86,-1,86,128,129,-1,86,129,87,-1,2,130,0,-1,0,130,131,-1,0,131,132,-1,132,131,133,-1,132,133,134,-1,134,133,135,-1,134,135,91,-1,91,135,136,-1,91,136,92,-1,137,138,139,-1,71,140,72,-1,72,140,137,-1,72,137,141,-1,141,137,139,-1,142,143,137,-1,137,143,144,-1,137,144,138,-1,145,146,147,-1,146,148,147,-1,147,148,149,-1,147,149,150,-1,142,137,147,-1,147,137,151,-1,147,151,145,-1,79,152,153,-1,79,153,77,-1,77,153,154,-1,77,154,75,-1,154,155,75,-1,75,155,156,-1,75,156,38,-1,38,156,157,-1,38,157,37,-1,37,157,158,-1,37,158,35,-1,35,158,159,-1,35,159,33,-1,33,159,160,-1,33,160,88,-1,88,160,161,-1,88,161,86,-1,86,161,127,-1,127,161,162,-1,162,163,127,-1,127,163,164,-1,127,164,125,-1,125,164,165,-1,125,165,123,-1,166,41,167,-1,167,41,43,-1,167,43,168,-1,168,43,121,-1,168,121,169,-1,169,121,123,-1,169,123,165,-1,41,166,170,-1,41,170,39,-1,39,170,171,-1,39,171,6,-1,6,171,172,-1,6,172,46,-1,46,172,173,-1,46,173,15,-1,15,173,174,-1,15,174,2,-1,2,174,175,-1,2,175,130,-1,130,175,176,-1,130,176,131,-1,131,176,177,-1,131,177,133,-1,178,135,179,-1,179,135,133,-1,179,133,177,-1,180,92,178,-1,178,92,136,-1,178,136,135,-1,180,181,92,-1,92,181,182,-1,92,182,94,-1,94,182,183,-1,94,183,96,-1,96,183,184,-1,96,184,98,-1,98,184,185,-1,98,185,100,-1,100,185,186,-1,100,186,101,-1,101,186,187,-1,101,187,13,-1,13,187,188,-1,13,188,12,-1,12,188,189,-1,12,189,30,-1,189,190,30,-1,30,190,191,-1,30,191,29,-1,29,191,192,-1,29,192,59,-1,59,192,193,-1,59,193,57,-1,193,194,57,-1,57,194,195,-1,57,195,55,-1,55,195,196,-1,55,196,53,-1,197,20,5,-1,53,196,198,-1,53,198,51,-1,51,198,199,-1,51,199,21,-1,199,200,21,-1,21,200,201,-1,21,201,22,-1,22,201,202,-1,22,202,3,-1,3,202,203,-1,3,203,4,-1,4,203,204,-1,4,204,5,-1,5,204,205,-1,5,205,197,-1,18,20,206,-1,206,20,197,-1,16,18,207,-1,207,18,206,-1,17,16,208,-1,208,16,207,-1,19,17,209,-1,209,17,208,-1,19,209,210,-1,19,210,118,-1,118,210,211,-1,118,211,116,-1,116,211,212,-1,116,212,114,-1,114,212,213,-1,114,213,112,-1,112,213,214,-1,112,214,110,-1,110,214,215,-1,110,215,108,-1,108,215,216,-1,108,216,106,-1,106,216,217,-1,106,217,104,-1,104,217,218,-1,104,218,11,-1,11,218,219,-1,11,219,14,-1,14,219,220,-1,14,220,99,-1,99,220,221,-1,99,221,97,-1,97,221,222,-1,97,222,95,-1,95,222,223,-1,95,223,93,-1,223,224,93,-1,93,224,91,-1,224,225,91,-1,91,225,226,-1,91,226,134,-1,134,226,227,-1,134,227,132,-1,132,227,228,-1,132,228,0,-1,0,228,229,-1,0,229,1,-1,1,229,230,-1,1,230,44,-1,44,230,231,-1,44,231,45,-1,45,231,232,-1,45,232,47,-1,47,232,233,-1,47,233,48,-1,48,233,234,-1,48,234,7,-1,7,234,235,-1,7,235,8,-1,8,235,236,-1,8,236,40,-1,40,236,237,-1,40,237,42,-1,42,237,238,-1,42,238,122,-1,122,238,239,-1,122,239,124,-1,124,239,240,-1,124,240,126,-1,126,240,241,-1,126,241,128,-1,128,241,242,-1,128,242,129,-1,129,242,243,-1,129,243,87,-1,87,243,244,-1,87,244,89,-1,89,244,245,-1,89,245,90,-1,90,245,246,-1,90,246,31,-1,32,31,247,-1,247,31,246,-1,32,247,248,-1,32,248,34,-1,34,248,249,-1,34,249,36,-1,36,249,250,-1,36,250,73,-1,73,250,251,-1,73,251,74,-1,74,251,252,-1,74,252,76,-1,252,253,76,-1,76,253,254,-1,76,254,78,-1,78,254,255,-1,78,255,80,-1,80,255,256,-1,80,256,82,-1,82,256,257,-1,82,257,84,-1,84,257,258,-1,84,258,85,-1,85,258,259,-1,85,259,63,-1,63,259,260,-1,63,260,65,-1,65,260,261,-1,65,261,67,-1,67,261,262,-1,67,262,69,-1,71,69,263,-1,263,69,262,-1,71,263,264,-1,71,264,140,-1,140,264,265,-1,140,265,137,-1,137,265,266,-1,137,266,151,-1,151,266,267,-1,151,267,145,-1,145,267,268,-1,145,268,146,-1,146,268,269,-1,146,269,148,-1,148,269,270,-1,148,270,149,-1,149,270,271,-1,149,271,150,-1,150,271,272,-1,150,272,147,-1,147,272,273,-1,147,273,142,-1,142,273,274,-1,142,274,143,-1,143,274,275,-1,143,275,144,-1,144,275,276,-1,144,276,138,-1,138,276,277,-1,138,277,139,-1,139,277,278,-1,139,278,141,-1,141,278,279,-1,141,279,72,-1,72,279,280,-1,72,280,70,-1,68,70,281,-1,281,70,280,-1,68,281,282,-1,68,282,66,-1,66,282,283,-1,66,283,64,-1,64,283,284,-1,64,284,62,-1,62,284,285,-1,62,285,83,-1,83,285,286,-1,83,286,81,-1,81,286,152,-1,81,152,79,-1,113,287,288,-1,113,288,115,-1,115,288,289,-1,115,289,117,-1,117,289,290,-1,117,290,119,-1,119,290,291,-1,119,291,120,-1,120,291,292,-1,120,292,23,-1,23,292,293,-1,23,293,24,-1,24,293,294,-1,24,294,25,-1,25,294,295,-1,25,295,26,-1,26,295,296,-1,26,296,27,-1,27,296,297,-1,27,297,49,-1,49,297,298,-1,49,298,50,-1,50,298,299,-1,50,299,52,-1,52,299,300,-1,52,300,54,-1,54,300,301,-1,54,301,56,-1,56,301,302,-1,56,302,58,-1,58,302,303,-1,58,303,60,-1,60,303,304,-1,60,304,61,-1,61,304,305,-1,61,305,28,-1,28,305,306,-1,28,306,9,-1,9,306,307,-1,9,307,10,-1,10,307,308,-1,10,308,102,-1,102,308,309,-1,102,309,103,-1,103,309,310,-1,103,310,105,-1,105,310,311,-1,105,311,107,-1,107,311,312,-1,107,312,109,-1,109,312,313,-1,109,313,111,-1,111,313,287,-1,111,287,113,-1,
        ]
    }
}
Shape{
    appearance Appearance {
        material  Material 	{
            diffuseColor 0.25098039215686274 0.25098039215686274 0.25098039215686274
            specularColor 0.12549019607843137 0.12549019607843137 0.12549019607843137
            ambientIntensity 0.2
            transparency 0
            shininess 0.5
        }
    }
    geometry IndexedFaceSet {
        ccw TRUE
        solid FALSE
        coord DEF co Coordinate {
            point [
                0.5906 -0.0848 -0.2465, 0.5906 -0.0894 -0.2336, 0.5906 -0.0902 -0.2344, 0.5906 -0.0826 -0.2462, 0.5906 -0.0809 -0.2456, 0.5906 -0.083 -0.2318, 0.5906 -0.0844 -0.2317, 0.5906 -0.0863 -0.2319, 0.5906 -0.0879 -0.2326, 0.5906 -0.0915 -0.2414, 0.5906 -0.0907 -0.243, 0.5906 -0.0896 -0.2443, 0.5906 -0.0844 -0.2465, 0.5906 -0.0776 -0.2362, 0.5906 -0.0784 -0.2347, 0.5906 -0.0784 -0.2433, 0.5906 -0.0797 -0.2334, 0.5906 -0.0912 -0.236, 0.5906 -0.0917 -0.2378, 0.5906 -0.0918 -0.2396, 0.5906 -0.0882 -0.2454, 0.5906 -0.0865 -0.2462, 0.5906 -0.0795 -0.2446, 0.5906 -0.0813 -0.2324, 0.5906 -0.0775 -0.2416, 0.5906 -0.0771 -0.2398, 0.5906 -0.0771 -0.238, 0.5906 -0.0771 -0.238
            ]
        }
        coordIndex [
            0,1,2,-1,3,4,5,-1,6,7,0,-1,0,7,8,-1,0,8,1,-1,9,10,2,-1,2,10,11,-1,6,0,5,-1,5,0,12,-1,5,12,3,-1,13,14,15,-1,15,14,16,-1,17,18,2,-1,2,18,19,-1,2,19,9,-1,11,20,2,-1,2,20,21,-1,2,21,0,-1,4,22,5,-1,5,22,15,-1,5,15,23,-1,23,15,16,-1,24,25,15,-1,15,25,26,-1,15,26,13,-1,
        ]
    }
}