ISO-10303-21;
HEADER;
FILE_DESCRIPTION (( 'STEP AP214' ),
    '1' );
FILE_NAME ('IND-SMD_L2.5-W2.0_MHCHL2520.STEP',
    '2022-05-26T01:45:32',
    ( 'PC' ),
    ( 'Microsoft' ),
    'SwSTEP 2.0',
    'SolidWorks 2020',
    '' );
FILE_SCHEMA (( 'AUTOMOTIVE_DESIGN' ));
ENDSEC;

DATA;
#1 = CARTESIAN_POINT ( 'NONE',  ( -1.149999999999997913, -0.9999999999999997780, 2.088061301782110135 ) ) ;
#2 = SURFACE_STYLE_FILL_AREA ( #915 ) ;
#3 = LINE ( 'NONE', #3284, #964 ) ;
#4 =( GEOMETRIC_REPRESENTATION_CONTEXT ( 3 ) GLOBAL_UNCERTAINTY_ASSIGNED_CONTEXT ( ( #736 ) ) GLOBAL_UNIT_ASSIGNED_CONTEXT ( ( #2465, #3111, #1401 ) ) REPRESENTATION_CONTEXT ( 'NONE', 'WORKASPACE' ) );
#5 = UNCERTAINTY_MEASURE_WITH_UNIT (LENGTH_MEASURE( 1.000000000000000082E-05 ), #1382, 'distance_accuracy_value', 'NONE');
#6 = COLOUR_RGB ( '',0.0000000000000000000, 0.0000000000000000000, 0.0000000000000000000 ) ;
#7 = PLANE ( 'NONE',  #2740 ) ;
#8 = ORIENTED_EDGE ( 'NONE', *, *, #2205, .F. ) ;
#9 = ADVANCED_FACE ( 'NONE', ( #3954 ), #1671, .T. ) ;
#10 = MECHANICAL_DESIGN_GEOMETRIC_PRESENTATION_REPRESENTATION (  '', ( #3679 ), #2736 ) ;
#11 = CARTESIAN_POINT ( 'NONE',  ( -0.3924139086244914920, 0.06100745842871917179, -1.139999999999999902 ) ) ;
#12 = STYLED_ITEM ( 'NONE', ( #2077 ), #4015 ) ;
#13 = VECTOR ( 'NONE', #492, 1000.000000000000000 ) ;
#14 = CARTESIAN_POINT ( 'NONE',  ( -0.4356661790913907151, -0.05584416396611383698, -1.149999999999999911 ) ) ;
#15 = PRESENTATION_LAYER_ASSIGNMENT (  '', '', ( #1846 ) ) ;
#16 = DIRECTION ( 'NONE',  ( 0.0000000000000000000, -0.0000000000000000000, -1.000000000000000000 ) ) ;
#17 = PRESENTATION_STYLE_ASSIGNMENT (( #968 ) ) ;
#18 = STYLED_ITEM ( 'NONE', ( #3228 ), #1790 ) ;
#19 = VECTOR ( 'NONE', #1608, 1000.000000000000000 ) ;
#20 = PRESENTATION_STYLE_ASSIGNMENT (( #2934 ) ) ;
#21 = CARTESIAN_POINT ( 'NONE',  ( 0.05629266237202405765, -0.1015758712831852095, -1.139999999999999902 ) ) ;
#22 = PRESENTATION_STYLE_ASSIGNMENT (( #2936 ) ) ;
#23 = PRESENTATION_LAYER_ASSIGNMENT (  '', '', ( #2075 ) ) ;
#24 =( LENGTH_UNIT ( ) NAMED_UNIT ( * ) SI_UNIT ( .MILLI., .METRE. ) );
#25 = MECHANICAL_DESIGN_GEOMETRIC_PRESENTATION_REPRESENTATION (  '', ( #1573 ), #2751 ) ;
#26 = ORIENTED_EDGE ( 'NONE', *, *, #685, .T. ) ;
#27 = PRESENTATION_LAYER_ASSIGNMENT (  '', '', ( #2488 ) ) ;
#28 = DIRECTION ( 'NONE',  ( 5.421010862427522170E-17, -1.000000000000000000, 0.0000000000000000000 ) ) ;
#29 = DIRECTION ( 'NONE',  ( 0.0000000000000000000, 1.000000000000000000, 0.0000000000000000000 ) ) ;
#30 = PLANE ( 'NONE',  #3765 ) ;
#31 =( NAMED_UNIT ( * ) SI_UNIT ( $, .STERADIAN. ) SOLID_ANGLE_UNIT ( ) );
#32 = DIRECTION ( 'NONE',  ( -0.0000000000000000000, 0.0000000000000000000, 1.000000000000000000 ) ) ;
#33 = FILL_AREA_STYLE_COLOUR ( '', #1706 ) ;
#34 =( NAMED_UNIT ( * ) SI_UNIT ( $, .STERADIAN. ) SOLID_ANGLE_UNIT ( ) );
#35 = VERTEX_POINT ( 'NONE', #2994 ) ;
#36 = ADVANCED_FACE ( 'NONE', ( #3851 ), #88, .T. ) ;
#37 = ORIENTED_EDGE ( 'NONE', *, *, #3054, .F. ) ;
#38 =( NAMED_UNIT ( * ) SI_UNIT ( $, .STERADIAN. ) SOLID_ANGLE_UNIT ( ) );
#39 = CARTESIAN_POINT ( 'NONE',  ( 0.2050731501769046117, -0.01571459079538491121, -1.149999999999999911 ) ) ;
#40 = CARTESIAN_POINT ( 'NONE',  ( 0.05629266237202733975, 0.08257047018022867224, -1.139999999999999902 ) ) ;
#41 = LINE ( 'NONE', #972, #3947 ) ;
#42 = EDGE_CURVE ( 'NONE', #3016, #1378, #1083, .T. ) ;
#43 = DIRECTION ( 'NONE',  ( 0.0000000000000000000, 0.0000000000000000000, -1.000000000000000000 ) ) ;
#44 = VERTEX_POINT ( 'NONE', #2137 ) ;
#45 = CARTESIAN_POINT ( 'NONE',  ( -0.3846553234079722605, 0.03571822515701411627, -1.149999999999999911 ) ) ;
#46 = FACE_OUTER_BOUND ( 'NONE', #2078, .T. ) ;
#47 = SURFACE_STYLE_USAGE ( .BOTH. , #2349 ) ;
#48 =( NAMED_UNIT ( * ) SI_UNIT ( $, .STERADIAN. ) SOLID_ANGLE_UNIT ( ) );
#49 = LINE ( 'NONE', #1161, #13 ) ;
#50 = ADVANCED_FACE ( 'NONE', ( #486 ), #2117, .F. ) ;
#51 = DIRECTION ( 'NONE',  ( -1.000000000000000000, -0.0000000000000000000, -0.0000000000000000000 ) ) ;
#52 = ORIENTED_EDGE ( 'NONE', *, *, #532, .F. ) ;
#53 = DIRECTION ( 'NONE',  ( -1.000000000000000000, 0.0000000000000000000, 0.0000000000000000000 ) ) ;
#54 = UNCERTAINTY_MEASURE_WITH_UNIT (LENGTH_MEASURE( 1.000000000000000082E-05 ), #4130, 'distance_accuracy_value', 'NONE');
#55 = CARTESIAN_POINT ( 'NONE',  ( 0.0000000000000000000, 0.0000000000000000000, -1.139999999999999902 ) ) ;
#56 = FILL_AREA_STYLE ('',( #1357 ) ) ;
#57 = DIRECTION ( 'NONE',  ( 1.000000000000000000, 0.0000000000000000000, 0.0000000000000000000 ) ) ;
#58 = EDGE_LOOP ( 'NONE', ( #1119, #1353, #1704, #1196 ) ) ;
#59 = SURFACE_SIDE_STYLE ('',( #78 ) ) ;
#60 =( LENGTH_UNIT ( ) NAMED_UNIT ( * ) SI_UNIT ( .MILLI., .METRE. ) );
#61 = VERTEX_POINT ( 'NONE', #150 ) ;
#62 = CARTESIAN_POINT ( 'NONE',  ( 0.3245853452988579080, 0.03805827505826878815, -1.149999999999999911 ) ) ;
#63 =( LENGTH_UNIT ( ) NAMED_UNIT ( * ) SI_UNIT ( .MILLI., .METRE. ) );
#64 = CARTESIAN_POINT ( 'NONE',  ( 0.2221463209086096957, -0.08999050542953167253, -1.149999999999999911 ) ) ;
#65 = MECHANICAL_DESIGN_GEOMETRIC_PRESENTATION_REPRESENTATION (  '', ( #3728 ), #1062 ) ;
#66 = CARTESIAN_POINT ( 'NONE',  ( 0.08372711066281057768, -0.1136113561091572632, -1.139999999999999902 ) ) ;
#67 = CARTESIAN_POINT ( 'NONE',  ( -0.1834558132377316075, -0.1119417249417205135, -1.139999999999999902 ) ) ;
#68 = SURFACE_STYLE_FILL_AREA ( #2252 ) ;
#69 = SURFACE_SIDE_STYLE ('',( #1469 ) ) ;
#70 = ORIENTED_EDGE ( 'NONE', *, *, #606, .T. ) ;
#71 = CARTESIAN_POINT ( 'NONE',  ( -0.3747091506399255478, 0.007874022465369457865, -1.149999999999999911 ) ) ;
#72 = DIRECTION ( 'NONE',  ( -1.000000000000000000, -5.421010862427522170E-17, 0.0000000000000000000 ) ) ;
#73 =( NAMED_UNIT ( * ) SI_UNIT ( $, .STERADIAN. ) SOLID_ANGLE_UNIT ( ) );
#74 = SURFACE_STYLE_FILL_AREA ( #2324 ) ;
#75 = ORIENTED_EDGE ( 'NONE', *, *, #4052, .F. ) ;
#76 = FILL_AREA_STYLE_COLOUR ( '', #1777 ) ;
#77 = EDGE_CURVE ( 'NONE', #2693, #1096, #2790, .T. ) ;
#78 = SURFACE_STYLE_FILL_AREA ( #2658 ) ;
#79 = CARTESIAN_POINT ( 'NONE',  ( -0.009560996164560950361, -0.05584416396611126265, -1.149999999999999911 ) ) ;
#80 = ORIENTED_EDGE ( 'NONE', *, *, #3174, .F. ) ;
#81 = SURFACE_STYLE_USAGE ( .BOTH. , #3085 ) ;
#82 = AXIS2_PLACEMENT_3D ( 'NONE', #1025, #3597, #57 ) ;
#83 = COLOUR_RGB ( '',1.000000000000000000, 1.000000000000000000, 1.000000000000000000 ) ;
#84 = CARTESIAN_POINT ( 'NONE',  ( 0.1707285196769033897, 0.04943319160572930832, -1.139999999999999902 ) ) ;
#85 = STYLED_ITEM ( 'NONE', ( #803 ), #1641 ) ;
#86 = SURFACE_SIDE_STYLE ('',( #2692 ) ) ;
#87 = VERTEX_POINT ( 'NONE', #3677 ) ;
#88 = CYLINDRICAL_SURFACE ( 'NONE', #901, 0.1000000000000000472 ) ;
#89 = PRESENTATION_LAYER_ASSIGNMENT (  '', '', ( #2743 ) ) ;
#90 = ORIENTED_EDGE ( 'NONE', *, *, #928, .T. ) ;
#91 = PRESENTATION_LAYER_ASSIGNMENT (  '', '', ( #1917 ) ) ;
#92 = LINE ( 'NONE', #2417, #3413 ) ;
#93 = DIRECTION ( 'NONE',  ( 1.000000000000000000, -1.111307226797624690E-14, 0.0000000000000000000 ) ) ;
#94 = FILL_AREA_STYLE_COLOUR ( '', #1095 ) ;
#95 = CARTESIAN_POINT ( 'NONE',  ( -0.2033199007748942577, 0.08614874931439842065, -1.139999999999999902 ) ) ;
#96 = VECTOR ( 'NONE', #1284, 1000.000000000000000 ) ;
#97 = EDGE_CURVE ( 'NONE', #2639, #3582, #3262, .T. ) ;
#98 = ORIENTED_EDGE ( 'NONE', *, *, #1814, .T. ) ;
#99 = UNCERTAINTY_MEASURE_WITH_UNIT (LENGTH_MEASURE( 1.000000000000000082E-05 ), #4115, 'distance_accuracy_value', 'NONE');
#100 = PRESENTATION_STYLE_ASSIGNMENT (( #408 ) ) ;
#101 = CARTESIAN_POINT ( 'NONE',  ( 0.1668699343695708714, -0.08021047688192467495, -1.149999999999999911 ) ) ;
#102 = CARTESIAN_POINT ( 'NONE',  ( -0.009560996164560154123, 0.0002533970094983243682, -1.149999999999999911 ) ) ;
#103 = ORIENTED_EDGE ( 'NONE', *, *, #1867, .T. ) ;
#104 = VECTOR ( 'NONE', #745, 1000.000000000000000 ) ;
#105 = CARTESIAN_POINT ( 'NONE',  ( 1.249999999999999778, -0.8999999999999998002, -1.159999999999999920 ) ) ;
#106 = EDGE_LOOP ( 'NONE', ( #1762, #2975, #4089, #1253 ) ) ;
#107 =( NAMED_UNIT ( * ) SI_UNIT ( $, .STERADIAN. ) SOLID_ANGLE_UNIT ( ) );
#108 = FILL_AREA_STYLE_COLOUR ( '', #3369 ) ;
#109 = ORIENTED_EDGE ( 'NONE', *, *, #2268, .F. ) ;
#110 = DIRECTION ( 'NONE',  ( 0.0000000000000000000, 1.000000000000000000, -0.0000000000000000000 ) ) ;
#111 = VERTEX_POINT ( 'NONE', #468 ) ;
#112 = CARTESIAN_POINT ( 'NONE',  ( 0.01726827212812474810, 0.08805827505827816537, -1.149999999999999911 ) ) ;
#113 = ORIENTED_EDGE ( 'NONE', *, *, #2294, .T. ) ;
#114 = B_SPLINE_CURVE_WITH_KNOTS ( 'NONE', 3,
 ( #2160, #1186, #3452, #1130, #3710 ),
 .UNSPECIFIED., .F., .F.,
 ( 4, 1, 4 ),
 ( 0.0000000000000000000, 0.4458786834588171488, 0.9996898253761085096 ),
 .UNSPECIFIED. ) ;
#115 = EDGE_CURVE ( 'NONE', #1590, #3971, #3045, .T. ) ;
#116 = CARTESIAN_POINT ( 'NONE',  ( -0.3046829473840728109, -0.1119417249417218596, -1.149999999999999911 ) ) ;
#117 = PRESENTATION_STYLE_ASSIGNMENT (( #3936 ) ) ;
#118 =( NAMED_UNIT ( * ) PLANE_ANGLE_UNIT ( ) SI_UNIT ( $, .RADIAN. ) );
#119 = ORIENTED_EDGE ( 'NONE', *, *, #2628, .T. ) ;
#120 = CARTESIAN_POINT ( 'NONE',  ( -0.009560996164560653723, -0.03307993632383490062, -1.149999999999999911 ) ) ;
#121 = B_SPLINE_CURVE_WITH_KNOTS ( 'NONE', 3,
 ( #3897, #2634, #1265, #365, #3219 ),
 .UNSPECIFIED., .F., .F.,
 ( 4, 1, 4 ),
 ( 0.0000000000000000000, 0.4999999999999997780, 0.9999924074074073577 ),
 .UNSPECIFIED. ) ;
#122 = ADVANCED_FACE ( 'NONE', ( #823 ), #1154, .T. ) ;
#123 =( NAMED_UNIT ( * ) SI_UNIT ( $, .STERADIAN. ) SOLID_ANGLE_UNIT ( ) );
#124 =( NAMED_UNIT ( * ) SI_UNIT ( $, .STERADIAN. ) SOLID_ANGLE_UNIT ( ) );
#125 = ORIENTED_EDGE ( 'NONE', *, *, #455, .F. ) ;
#126 = PRESENTATION_STYLE_ASSIGNMENT (( #3371 ) ) ;
#127 = CARTESIAN_POINT ( 'NONE',  ( 0.2221463209086096957, -0.08999050542953167253, -1.149999999999999911 ) ) ;
#128 = ORIENTED_EDGE ( 'NONE', *, *, #582, .F. ) ;
#129 = COLOUR_RGB ( '',1.000000000000000000, 1.000000000000000000, 1.000000000000000000 ) ;
#130 = CARTESIAN_POINT ( 'NONE',  ( -0.09004880104261010765, -0.08999050542952531651, -1.149999999999999911 ) ) ;
#131 = FILL_AREA_STYLE ('',( #1765 ) ) ;
#132 = SURFACE_SIDE_STYLE ('',( #3099 ) ) ;
#133 =( NAMED_UNIT ( * ) PLANE_ANGLE_UNIT ( ) SI_UNIT ( $, .RADIAN. ) );
#134 = ORIENTED_EDGE ( 'NONE', *, *, #3297, .T. ) ;
#135 = SURFACE_STYLE_USAGE ( .BOTH. , #3747 ) ;
#136 = UNCERTAINTY_MEASURE_WITH_UNIT (LENGTH_MEASURE( 1.000000000000000082E-05 ), #2560, 'distance_accuracy_value', 'NONE');
#137 = CARTESIAN_POINT ( 'NONE',  ( -0.3739918904735054506, 0.07139160839161111383, -1.149999999999999911 ) ) ;
#138 = DIRECTION ( 'NONE',  ( -6.061675782532585370E-15, -1.000000000000000000, 0.0000000000000000000 ) ) ;
#139 = SURFACE_SIDE_STYLE ('',( #2018 ) ) ;
#140 = ORIENTED_EDGE ( 'NONE', *, *, #3234, .F. ) ;
#141 = SURFACE_STYLE_USAGE ( .BOTH. , #740 ) ;
#142 = CARTESIAN_POINT ( 'NONE',  ( 0.05629266237202405765, -0.1015758712831852095, -1.149999999999999911 ) ) ;
#143 = EDGE_CURVE ( 'NONE', #485, #111, #3118, .T. ) ;
#144 = ORIENTED_EDGE ( 'NONE', *, *, #2085, .F. ) ;
#145 = CARTESIAN_POINT ( 'NONE',  ( 1.149999999999999911, -0.9999999999999997780, 0.05000000000000000278 ) ) ;
#146 = FACE_OUTER_BOUND ( 'NONE', #1797, .T. ) ;
#147 = COLOUR_RGB ( '',1.000000000000000000, 0.5019607843137254832, 0.0000000000000000000 ) ;
#148 = DIRECTION ( 'NONE',  ( 0.0000000000000000000, -0.0000000000000000000, -1.000000000000000000 ) ) ;
#149 = ORIENTED_EDGE ( 'NONE', *, *, #2141, .F. ) ;
#150 = CARTESIAN_POINT ( 'NONE',  ( 1.249999999999999778, 0.9000000000000002442, 0.0000000000000000000 ) ) ;
#151 = PRESENTATION_LAYER_ASSIGNMENT (  '', '', ( #1428 ) ) ;
#152 = CARTESIAN_POINT ( 'NONE',  ( 0.2851541176565771107, -0.08999050542953439258, -1.149999999999999911 ) ) ;
#153 = EDGE_CURVE ( 'NONE', #962, #1247, #2522, .T. ) ;
#154 = COLOUR_RGB ( '',1.000000000000000000, 1.000000000000000000, 1.000000000000000000 ) ;
#155 = VECTOR ( 'NONE', #2491, 1000.000000000000000 ) ;
#156 =( GEOMETRIC_REPRESENTATION_CONTEXT ( 3 ) GLOBAL_UNCERTAINTY_ASSIGNED_CONTEXT ( ( #2532 ) ) GLOBAL_UNIT_ASSIGNED_CONTEXT ( ( #1586, #998, #2672 ) ) REPRESENTATION_CONTEXT ( 'NONE', 'WORKASPACE' ) );
#157 = DIRECTION ( 'NONE',  ( 0.0000000000000000000, -1.000000000000000000, 0.0000000000000000000 ) ) ;
#158 = STYLED_ITEM ( 'NONE', ( #4148 ), #2821 ) ;
#159 = SURFACE_SIDE_STYLE ('',( #3067 ) ) ;
#160 = CIRCLE ( 'NONE', #3607, 0.1000000000000000472 ) ;
#161 = ORIENTED_EDGE ( 'NONE', *, *, #1275, .T. ) ;
#162 = CARTESIAN_POINT ( 'NONE',  ( 0.6500000000000003553, -0.9999999999999995559, 0.0000000000000000000 ) ) ;
#163 =( NAMED_UNIT ( * ) SI_UNIT ( $, .STERADIAN. ) SOLID_ANGLE_UNIT ( ) );
#164 = CARTESIAN_POINT ( 'NONE',  ( -0.1559024595791952683, -0.08999050542952527487, -1.149999999999999911 ) ) ;
#165 = B_SPLINE_CURVE_WITH_KNOTS ( 'NONE', 3,
 ( #1848, #845, #3120, #907, #2500, #2156 ),
 .UNSPECIFIED., .F., .F.,
 ( 4, 1, 1, 4 ),
 ( 0.0000000000000000000, 0.3333333333333334259, 0.6666666666666666297, 0.9999967968750000935 ),
 .UNSPECIFIED. ) ;
#166 = VECTOR ( 'NONE', #2846, 1000.000000000000000 ) ;
#167 = ORIENTED_EDGE ( 'NONE', *, *, #920, .T. ) ;
#168 = DIRECTION ( 'NONE',  ( 0.0000000000000000000, 1.000000000000000000, -0.0000000000000000000 ) ) ;
#169 = EDGE_CURVE ( 'NONE', #3641, #2823, #833, .T. ) ;
#170 = FILL_AREA_STYLE ('',( #3402 ) ) ;
#171 = ORIENTED_EDGE ( 'NONE', *, *, #1297, .F. ) ;
#172 = CARTESIAN_POINT ( 'NONE',  ( -0.1559024595791951018, 0.06610705554608459211, -1.149999999999999911 ) ) ;
#173 = CARTESIAN_POINT ( 'NONE',  ( -0.3613902644572450362, 0.03805827505827788504, -1.139999999999999902 ) ) ;
#174 = EDGE_LOOP ( 'NONE', ( #2386, #98, #1055, #3658 ) ) ;
#175 = MECHANICAL_DESIGN_GEOMETRIC_PRESENTATION_REPRESENTATION (  '', ( #2773 ), #311 ) ;
#176 = CARTESIAN_POINT ( 'NONE',  ( -0.2481690724517983115, 0.05805668247041353286, -1.149999999999999911 ) ) ;
#177 = EDGE_CURVE ( 'NONE', #2071, #485, #1177, .T. ) ;
#178 = CARTESIAN_POINT ( 'NONE',  ( -0.6500000000000002442, 0.9899999999999999911, 0.0000000000000000000 ) ) ;
#179 = SURFACE_SIDE_STYLE ('',( #3724 ) ) ;
#180 =( NAMED_UNIT ( * ) SI_UNIT ( $, .STERADIAN. ) SOLID_ANGLE_UNIT ( ) );
#181 = UNCERTAINTY_MEASURE_WITH_UNIT (LENGTH_MEASURE( 1.000000000000000082E-05 ), #265, 'distance_accuracy_value', 'NONE');
#182 = EDGE_CURVE ( 'NONE', #712, #351, #2519, .T. ) ;
#183 = CARTESIAN_POINT ( 'NONE',  ( 0.09754494656947795828, -0.09191068252923313697, -1.149999999999999911 ) ) ;
#184 =( NAMED_UNIT ( * ) SI_UNIT ( $, .STERADIAN. ) SOLID_ANGLE_UNIT ( ) );
#185 = LINE ( 'NONE', #2784, #2949 ) ;
#186 = EDGE_CURVE ( 'NONE', #3769, #1360, #1175, .T. ) ;
#187 = EDGE_LOOP ( 'NONE', ( #881, #2155, #1566, #2960 ) ) ;
#188 = STYLED_ITEM ( 'NONE', ( #3518 ), #2241 ) ;
#189 = UNCERTAINTY_MEASURE_WITH_UNIT (LENGTH_MEASURE( 1.000000000000000082E-05 ), #2275, 'distance_accuracy_value', 'NONE');
#190 = VERTEX_POINT ( 'NONE', #3453 ) ;
#191 = B_SPLINE_SURFACE_WITH_KNOTS ( 'NONE', 3, 1, ( 
 ( #3270, #357 ),
 ( #636, #1650 ),
 ( #3891, #3924 ),
 ( #1936, #1670 ),
 ( #1277, #2313 ),
 ( #704, #1343 ) ),
 .UNSPECIFIED., .F., .F., .F.,
 ( 4, 1, 1, 4 ),
 ( 2, 2 ),
 ( 0.0000000000000000000, 0.3342377255956917592, 0.6670852762807374381, 1.000000000000000000 ),
 ( 0.0000000000000000000, 1.000000000000000000 ),
 .UNSPECIFIED. ) ;
#192 = FACE_OUTER_BOUND ( 'NONE', #2238, .T. ) ;
#193 =( NAMED_UNIT ( * ) SI_UNIT ( $, .STERADIAN. ) SOLID_ANGLE_UNIT ( ) );
#194 = VERTEX_POINT ( 'NONE', #3470 ) ;
#195 = PLANE ( 'NONE',  #3892 ) ;
#196 = EDGE_CURVE ( 'NONE', #3386, #190, #3151, .T. ) ;
#197 = CARTESIAN_POINT ( 'NONE',  ( -0.4356661790913907151, -0.05584416396611319167, -1.139999999999999902 ) ) ;
#198 = CARTESIAN_POINT ( 'NONE',  ( 0.2977560770061767337, 0.08805827505826982482, -1.149999999999999911 ) ) ;
#199 = CARTESIAN_POINT ( 'NONE',  ( 0.05629266237202426582, -0.07962465177099012359, -1.149999999999999911 ) ) ;
#200 = DIRECTION ( 'NONE',  ( -1.000000000000000000, 0.0000000000000000000, 0.0000000000000000000 ) ) ;
#201 =( NAMED_UNIT ( * ) SI_UNIT ( $, .STERADIAN. ) SOLID_ANGLE_UNIT ( ) );
#202 = VERTEX_POINT ( 'NONE', #2851 ) ;
#203 = CARTESIAN_POINT ( 'NONE',  ( 0.2977560770061705719, -0.08999050542953332399, -1.139999999999999902 ) ) ;
#204 = CARTESIAN_POINT ( 'NONE',  ( 0.0000000000000000000, -0.08999050542953167253, -1.139999999999999902 ) ) ;
#205 = ORIENTED_EDGE ( 'NONE', *, *, #338, .F. ) ;
#206 = CARTESIAN_POINT ( 'NONE',  ( -0.1761069819369187328, 0.08805827505827969193, -1.149999999999999911 ) ) ;
#207 = AXIS2_PLACEMENT_3D ( 'NONE', #3351, #1125, #3090 ) ;
#208 = FILL_AREA_STYLE_COLOUR ( '', #3076 ) ;
#209 = ORIENTED_EDGE ( 'NONE', *, *, #3064, .T. ) ;
#210 = VECTOR ( 'NONE', #3642, 1000.000000000000000 ) ;
#211 = PRESENTATION_STYLE_ASSIGNMENT (( #135 ) ) ;
#212 = STYLED_ITEM ( 'NONE', ( #3676 ), #3988 ) ;
#213 = LINE ( 'NONE', #270, #3889 ) ;
#214 = B_SPLINE_SURFACE_WITH_KNOTS ( 'NONE', 3, 1, ( 
 ( #608, #2026 ),
 ( #1715, #1778 ),
 ( #1389, #84 ),
 ( #3341, #726 ),
 ( #768, #1435 ) ),
 .UNSPECIFIED., .F., .F., .F.,
 ( 4, 1, 4 ),
 ( 2, 2 ),
 ( 0.0000000000000000000, 0.5538110896097585556, 1.000000000000000000 ),
 ( 0.0000000000000000000, 1.000000000000000000 ),
 .UNSPECIFIED. ) ;
#215 = FILL_AREA_STYLE_COLOUR ( '', #4152 ) ;
#216 = PRESENTATION_LAYER_ASSIGNMENT (  '', '', ( #3882 ) ) ;
#217 = CARTESIAN_POINT ( 'NONE',  ( -0.4266722766523666222, -0.03389294445391846655, -1.149999999999999911 ) ) ;
#218 = PRESENTATION_LAYER_ASSIGNMENT (  '', '', ( #158 ) ) ;
#219 = EDGE_CURVE ( 'NONE', #3142, #4056, #852, .T. ) ;
#220 = UNCERTAINTY_MEASURE_WITH_UNIT (LENGTH_MEASURE( 1.000000000000000082E-05 ), #24, 'distance_accuracy_value', 'NONE');
#221 = ORIENTED_EDGE ( 'NONE', *, *, #1480, .T. ) ;
#222 = PRESENTATION_LAYER_ASSIGNMENT (  '', '', ( #2076 ) ) ;
#223 = CARTESIAN_POINT ( 'NONE',  ( 1.149999999999999689, -0.8999999999999998002, -1.159999999999999920 ) ) ;
#224 =( GEOMETRIC_REPRESENTATION_CONTEXT ( 3 ) GLOBAL_UNCERTAINTY_ASSIGNED_CONTEXT ( ( #220 ) ) GLOBAL_UNIT_ASSIGNED_CONTEXT ( ( #24, #2291, #2629 ) ) REPRESENTATION_CONTEXT ( 'NONE', 'WORKASPACE' ) );
#225 = EDGE_CURVE ( 'NONE', #1061, #3243, #3753, .T. ) ;
#226 = ORIENTED_EDGE ( 'NONE', *, *, #3009, .F. ) ;
#227 = CARTESIAN_POINT ( 'NONE',  ( 0.1031295526159303338, 0.06854607993632522156, -1.149999999999999911 ) ) ;
#228 = EDGE_CURVE ( 'NONE', #3401, #1843, #1205, .T. ) ;
#229 = ORIENTED_EDGE ( 'NONE', *, *, #527, .T. ) ;
#230 = FILL_AREA_STYLE_COLOUR ( '', #2069 ) ;
#231 = CARTESIAN_POINT ( 'NONE',  ( -0.06850408559545506648, 0.0002533970094989018685, -1.149999999999999911 ) ) ;
#232 = DIRECTION ( 'NONE',  ( 0.0000000000000000000, 0.0000000000000000000, -1.000000000000000000 ) ) ;
#233 = EDGE_LOOP ( 'NONE', ( #399, #2440, #3626, #1682 ) ) ;
#234 = CARTESIAN_POINT ( 'NONE',  ( 0.1033582111525163522, 0.09049729944852027974, -1.149999999999999911 ) ) ;
#235 = DIRECTION ( 'NONE',  ( 1.000000000000000000, 9.092513673798675318E-15, 0.0000000000000000000 ) ) ;
#236 = LINE ( 'NONE', #597, #2060 ) ;
#237 =( NAMED_UNIT ( * ) SI_UNIT ( $, .STERADIAN. ) SOLID_ANGLE_UNIT ( ) );
#238 = SURFACE_SIDE_STYLE ('',( #499 ) ) ;
#239 = EDGE_CURVE ( 'NONE', #1746, #1078, #2820, .T. ) ;
#240 = FACE_BOUND ( 'NONE', #728, .T. ) ;
#241 = FACE_OUTER_BOUND ( 'NONE', #3053, .T. ) ;
#242 = VERTEX_POINT ( 'NONE', #2530 ) ;
#243 = DIRECTION ( 'NONE',  ( 0.0000000000000000000, -0.0000000000000000000, -1.000000000000000000 ) ) ;
#244 = VECTOR ( 'NONE', #4126, 1000.000000000000000 ) ;
#245 = DIRECTION ( 'NONE',  ( -0.0000000000000000000, 0.0000000000000000000, -1.000000000000000000 ) ) ;
#246 = CARTESIAN_POINT ( 'NONE',  ( -0.1290731912865115960, 0.08805827505827963642, -1.139999999999999902 ) ) ;
#247 = VECTOR ( 'NONE', #2492, 1000.000000000000000 ) ;
#248 = CARTESIAN_POINT ( 'NONE',  ( -0.009560996164561224447, -0.08999050542952584386, -1.149999999999999911 ) ) ;
#249 = DIRECTION ( 'NONE',  ( 0.0000000000000000000, 0.0000000000000000000, -1.000000000000000000 ) ) ;
#250 = CARTESIAN_POINT ( 'NONE',  ( -1.150000000000000133, 1.000000000000000222, 0.0000000000000000000 ) ) ;
#251 = VERTEX_POINT ( 'NONE', #834 ) ;
#252 = CARTESIAN_POINT ( 'NONE',  ( 0.05629266237202766587, 0.08257047018022867224, -1.139999999999999902 ) ) ;
#253 =( NAMED_UNIT ( * ) SI_UNIT ( $, .STERADIAN. ) SOLID_ANGLE_UNIT ( ) );
#254 = LINE ( 'NONE', #2251, #3477 ) ;
#255 = DIRECTION ( 'NONE',  ( 1.000000000000000000, -0.0000000000000000000, 0.0000000000000000000 ) ) ;
#256 = UNCERTAINTY_MEASURE_WITH_UNIT (LENGTH_MEASURE( 1.000000000000000082E-05 ), #2618, 'distance_accuracy_value', 'NONE');
#257 = SURFACE_STYLE_FILL_AREA ( #3220 ) ;
#258 = CARTESIAN_POINT ( 'NONE',  ( 0.3245853452988599064, 0.0000000000000000000, -1.139999999999999902 ) ) ;
#259 = ORIENTED_EDGE ( 'NONE', *, *, #1252, .F. ) ;
#260 = CARTESIAN_POINT ( 'NONE',  ( -0.1290731912865119013, -0.1119417249417204163, -1.139999999999999902 ) ) ;
#261 = ORIENTED_EDGE ( 'NONE', *, *, #1480, .F. ) ;
#262 = FILL_AREA_STYLE ('',( #926 ) ) ;
#263 = CARTESIAN_POINT ( 'NONE',  ( -0.1384802827499265199, 0.08805827505827969193, -1.149999999999999911 ) ) ;
#264 = CARTESIAN_POINT ( 'NONE',  ( 0.05629266237202766587, 0.08257047018022867224, -1.149999999999999911 ) ) ;
#265 =( LENGTH_UNIT ( ) NAMED_UNIT ( * ) SI_UNIT ( .MILLI., .METRE. ) );
#266 = EDGE_CURVE ( 'NONE', #966, #194, #3549, .T. ) ;
#267 = SURFACE_STYLE_FILL_AREA ( #3567 ) ;
#268 = VERTEX_POINT ( 'NONE', #2799 ) ;
#269 = VECTOR ( 'NONE', #3466, 1000.000000000000000 ) ;
#270 = CARTESIAN_POINT ( 'NONE',  ( -0.6500000000000003553, -0.9999999999999995559, 0.0000000000000000000 ) ) ;
#271 = PRESENTATION_STYLE_ASSIGNMENT (( #3491 ) ) ;
#272 = FILL_AREA_STYLE_COLOUR ( '', #3354 ) ;
#273 = STYLED_ITEM ( 'NONE', ( #2458 ), #3764 ) ;
#274 = B_SPLINE_CURVE_WITH_KNOTS ( 'NONE', 3,
 ( #1461, #1722, #2033, #1396, #1420 ),
 .UNSPECIFIED., .F., .F.,
 ( 4, 1, 4 ),
 ( 0.0000000000000000000, 0.4999999999999979461, 0.9999800763336792464 ),
 .UNSPECIFIED. ) ;
#275 = EDGE_CURVE ( 'NONE', #2572, #3405, #3811, .T. ) ;
#276 = STYLED_ITEM ( 'NONE', ( #3333 ), #1411 ) ;
#277 = ORIENTED_EDGE ( 'NONE', *, *, #1692, .T. ) ;
#278 = AXIS2_PLACEMENT_3D ( 'NONE', #2257, #1990, #2036 ) ;
#279 = VECTOR ( 'NONE', #1195, 1000.000000000000000 ) ;
#280 = ORIENTED_EDGE ( 'NONE', *, *, #355, .T. ) ;
#281 = DIRECTION ( 'NONE',  ( 1.000000000000000000, 0.0000000000000000000, 0.0000000000000000000 ) ) ;
#282 = STYLED_ITEM ( 'NONE', ( #327 ), #1970 ) ;
#283 = CARTESIAN_POINT ( 'NONE',  ( 0.1076265038354389109, -0.09242952981977170523, -1.139999999999999902 ) ) ;
#284 = VECTOR ( 'NONE', #2901, 1000.000000000000000 ) ;
#285 = VERTEX_POINT ( 'NONE', #898 ) ;
#286 = FILL_AREA_STYLE_COLOUR ( '', #1158 ) ;
#287 = CARTESIAN_POINT ( 'NONE',  ( 0.1707285567883352340, 0.04943287799313238889, -1.149999999999999911 ) ) ;
#288 = STYLED_ITEM ( 'NONE', ( #2365 ), #839 ) ;
#289 = ADVANCED_FACE ( 'NONE', ( #2493 ), #2510, .F. ) ;
#290 = LINE ( 'NONE', #2892, #1489 ) ;
#291 = CARTESIAN_POINT ( 'NONE',  ( -0.4851707522621215296, -0.1119417249417246213, -1.149999999999999911 ) ) ;
#292 = STYLED_ITEM ( 'NONE', ( #3100 ), #887 ) ;
#293 = ORIENTED_EDGE ( 'NONE', *, *, #3204, .T. ) ;
#294 = EDGE_CURVE ( 'NONE', #1510, #2698, #873, .T. ) ;
#295 =( LENGTH_UNIT ( ) NAMED_UNIT ( * ) SI_UNIT ( .MILLI., .METRE. ) );
#296 = FACE_OUTER_BOUND ( 'NONE', #1546, .T. ) ;
#297 = SURFACE_SIDE_STYLE ('',( #3510 ) ) ;
#298 = CARTESIAN_POINT ( 'NONE',  ( 0.1033582111525163522, 0.09049729944852027974, -1.149999999999999911 ) ) ;
#299 = UNCERTAINTY_MEASURE_WITH_UNIT (LENGTH_MEASURE( 1.000000000000000082E-05 ), #3959, 'distance_accuracy_value', 'NONE');
#300 =( GEOMETRIC_REPRESENTATION_CONTEXT ( 3 ) GLOBAL_UNCERTAINTY_ASSIGNED_CONTEXT ( ( #3530 ) ) GLOBAL_UNIT_ASSIGNED_CONTEXT ( ( #1681, #133, #1048 ) ) REPRESENTATION_CONTEXT ( 'NONE', 'WORKASPACE' ) );
#301 = PLANE ( 'NONE',  #1965 ) ;
#302 = EDGE_CURVE ( 'NONE', #4128, #2968, #3494, .T. ) ;
#303 = CARTESIAN_POINT ( 'NONE',  ( 0.1782438818842216055, -0.01407587128318882157, -1.149999999999999911 ) ) ;
#304 = SURFACE_STYLE_FILL_AREA ( #3875 ) ;
#305 = ORIENTED_EDGE ( 'NONE', *, *, #2954, .F. ) ;
#306 = CARTESIAN_POINT ( 'NONE',  ( -0.2606257272974397132, -0.02994113022492323264, -1.149999999999999911 ) ) ;
#307 = VERTEX_POINT ( 'NONE', #813 ) ;
#308 =( LENGTH_UNIT ( ) NAMED_UNIT ( * ) SI_UNIT ( .MILLI., .METRE. ) );
#309 = CARTESIAN_POINT ( 'NONE',  ( -0.6500000000000003553, -0.9999999999999995559, 2.088061301782110135 ) ) ;
#310 = CARTESIAN_POINT ( 'NONE',  ( 0.2050731501769046117, -0.01571459079538491121, -1.139999999999999902 ) ) ;
#311 =( GEOMETRIC_REPRESENTATION_CONTEXT ( 3 ) GLOBAL_UNCERTAINTY_ASSIGNED_CONTEXT ( ( #3286 ) ) GLOBAL_UNIT_ASSIGNED_CONTEXT ( ( #1816, #1771, #3443 ) ) REPRESENTATION_CONTEXT ( 'NONE', 'WORKASPACE' ) );
#312 = LINE ( 'NONE', #64, #3094 ) ;
#313 = DIRECTION ( 'NONE',  ( 1.000000000000000000, 0.0000000000000000000, 0.0000000000000000000 ) ) ;
#314 = CARTESIAN_POINT ( 'NONE',  ( 1.249999999999999778, -0.8999999999999998002, 2.088061301782110135 ) ) ;
#315 = SURFACE_STYLE_FILL_AREA ( #2245 ) ;
#316 = ORIENTED_EDGE ( 'NONE', *, *, #2183, .F. ) ;
#317 = CARTESIAN_POINT ( 'NONE',  ( -0.3928308132377331674, 0.06366803115583849482, -1.139999999999999902 ) ) ;
#318 = SURFACE_STYLE_USAGE ( .BOTH. , #663 ) ;
#319 = FILL_AREA_STYLE ('',( #2009 ) ) ;
#320 = EDGE_CURVE ( 'NONE', #2698, #1733, #185, .T. ) ;
#321 = CARTESIAN_POINT ( 'NONE',  ( -0.08517075226212106331, 0.06610705554608434231, -1.149999999999999911 ) ) ;
#322 = SURFACE_STYLE_USAGE ( .BOTH. , #3309 ) ;
#323 =( NAMED_UNIT ( * ) PLANE_ANGLE_UNIT ( ) SI_UNIT ( $, .RADIAN. ) );
#324 = CARTESIAN_POINT ( 'NONE',  ( -1.150000000000000133, 0.9900000000000002132, -1.149999999999999911 ) ) ;
#325 = EDGE_LOOP ( 'NONE', ( #3259, #3806, #1373, #4165 ) ) ;
#326 = COLOUR_RGB ( '',0.0000000000000000000, 0.0000000000000000000, 0.0000000000000000000 ) ;
#327 = PRESENTATION_STYLE_ASSIGNMENT (( #1296 ) ) ;
#328 = EDGE_LOOP ( 'NONE', ( #2007, #997, #804, #37 ) ) ;
#329 = SURFACE_SIDE_STYLE ('',( #1039 ) ) ;
#330 = PLANE ( 'NONE',  #3299 ) ;
#331 = FACE_OUTER_BOUND ( 'NONE', #1201, .T. ) ;
#332 = CARTESIAN_POINT ( 'NONE',  ( -1.150000000000000133, -0.8999999999999998002, 0.0000000000000000000 ) ) ;
#333 = EDGE_LOOP ( 'NONE', ( #3363, #3817, #1468, #2246 ) ) ;
#334 =( NAMED_UNIT ( * ) PLANE_ANGLE_UNIT ( ) SI_UNIT ( $, .RADIAN. ) );
#335 = CARTESIAN_POINT ( 'NONE',  ( -0.2547912666337378562, -0.07480057236189924241, -1.149999999999999911 ) ) ;
#336 = CARTESIAN_POINT ( 'NONE',  ( -0.1853994107987075868, 0.06610705554608449497, -1.149999999999999911 ) ) ;
#337 = UNCERTAINTY_MEASURE_WITH_UNIT (LENGTH_MEASURE( 1.000000000000000082E-05 ), #951, 'distance_accuracy_value', 'NONE');
#338 = EDGE_CURVE ( 'NONE', #3401, #2774, #601, .T. ) ;
#339 = CARTESIAN_POINT ( 'NONE',  ( 0.0000000000000000000, 0.0000000000000000000, -1.139999999999999902 ) ) ;
#340 = FACE_OUTER_BOUND ( 'NONE', #1440, .T. ) ;
#341 = SURFACE_STYLE_USAGE ( .BOTH. , #2355 ) ;
#342 = COLOUR_RGB ( '',0.7529411764705882248, 0.7529411764705882248, 0.7529411764705882248 ) ;
#343 = DIRECTION ( 'NONE',  ( 1.000000000000000000, 0.0000000000000000000, 0.0000000000000000000 ) ) ;
#344 = MECHANICAL_DESIGN_GEOMETRIC_PRESENTATION_REPRESENTATION (  '', ( #955 ), #2933 ) ;
#345 = PLANE ( 'NONE',  #1094 ) ;
#346 = VECTOR ( 'NONE', #1402, 1000.000000000000000 ) ;
#347 = EDGE_CURVE ( 'NONE', #1164, #3119, #2484, .T. ) ;
#348 = STYLED_ITEM ( 'NONE', ( #1957 ), #3934 ) ;
#349 = MECHANICAL_DESIGN_GEOMETRIC_PRESENTATION_REPRESENTATION (  '', ( #3882 ), #300 ) ;
#350 = MECHANICAL_DESIGN_GEOMETRIC_PRESENTATION_REPRESENTATION (  '', ( #4031 ), #3820 ) ;
#351 = VERTEX_POINT ( 'NONE', #203 ) ;
#352 = MECHANICAL_DESIGN_GEOMETRIC_PRESENTATION_REPRESENTATION (  '', ( #3279 ), #557 ) ;
#353 = FILL_AREA_STYLE_COLOUR ( '', #570 ) ;
#354 = COLOUR_RGB ( '',1.000000000000000000, 1.000000000000000000, 1.000000000000000000 ) ;
#355 = EDGE_CURVE ( 'NONE', #44, #1459, #2824, .T. ) ;
#356 = FILL_AREA_STYLE_COLOUR ( '', #3837 ) ;
#357 = CARTESIAN_POINT ( 'NONE',  ( -0.1855137400670001380, 0.08805827505827965029, -1.139999999999999902 ) ) ;
#358 = SURFACE_STYLE_FILL_AREA ( #677 ) ;
#359 = ADVANCED_FACE ( 'NONE', ( #1529 ), #1578, .T. ) ;
#360 =( GEOMETRIC_REPRESENTATION_CONTEXT ( 3 ) GLOBAL_UNCERTAINTY_ASSIGNED_CONTEXT ( ( #853 ) ) GLOBAL_UNIT_ASSIGNED_CONTEXT ( ( #4076, #2444, #2149 ) ) REPRESENTATION_CONTEXT ( 'NONE', 'WORKASPACE' ) );
#361 = ORIENTED_EDGE ( 'NONE', *, *, #1149, .F. ) ;
#362 = CARTESIAN_POINT ( 'NONE',  ( 0.05629266237202734668, 0.06915566701988776210, -1.149999999999999911 ) ) ;
#363 = CARTESIAN_POINT ( 'NONE',  ( 0.2221463209086090573, -0.1119417249417267307, -1.149999999999999911 ) ) ;
#364 = SURFACE_STYLE_USAGE ( .BOTH. , #3033 ) ;
#365 = CARTESIAN_POINT ( 'NONE',  ( -0.009560996164559253802, 0.05513111245665264920, -1.149999999999999911 ) ) ;
#366 = CARTESIAN_POINT ( 'NONE',  ( -0.4266722766523666222, -0.03389294445391846655, -1.139999999999999902 ) ) ;
#367 = DIRECTION ( 'NONE',  ( -1.000000000000000000, -1.328647754547727677E-14, 0.0000000000000000000 ) ) ;
#368 = CARTESIAN_POINT ( 'NONE',  ( 0.3245853452988599064, 0.08805827505826874235, -1.149999999999999911 ) ) ;
#369 = CARTESIAN_POINT ( 'NONE',  ( 0.6500000000000003553, -0.9999999999999995559, -1.159999999999999920 ) ) ;
#370 = ORIENTED_EDGE ( 'NONE', *, *, #4140, .F. ) ;
#371 = CARTESIAN_POINT ( 'NONE',  ( -0.2632195327499274873, -0.009998127380745474094, -1.149999999999999911 ) ) ;
#372 = CARTESIAN_POINT ( 'NONE',  ( -0.2877377135656105089, 0.008537774782015188427, -1.149999999999999911 ) ) ;
#373 = ORIENTED_EDGE ( 'NONE', *, *, #436, .F. ) ;
#374 = SURFACE_STYLE_USAGE ( .BOTH. , #2706 ) ;
#375 = CARTESIAN_POINT ( 'NONE',  ( 0.0000000000000000000, 0.0000000000000000000, -1.139999999999999902 ) ) ;
#376 = CARTESIAN_POINT ( 'NONE',  ( 0.05629266237202701362, 0.05574120188754583261, -1.149999999999999911 ) ) ;
#377 = LINE ( 'NONE', #3846, #2067 ) ;
#378 = CARTESIAN_POINT ( 'NONE',  ( -0.2481692705179373293, 0.05805665706791379721, -1.139999999999999902 ) ) ;
#379 = VERTEX_POINT ( 'NONE', #2299 ) ;
#380 =( LENGTH_UNIT ( ) NAMED_UNIT ( * ) SI_UNIT ( .MILLI., .METRE. ) );
#381 = VERTEX_POINT ( 'NONE', #2921 ) ;
#382 = AXIS2_PLACEMENT_3D ( 'NONE', #2973, #675, #3269 ) ;
#383 = FILL_AREA_STYLE ('',( #4192 ) ) ;
#384 = PRESENTATION_STYLE_ASSIGNMENT (( #318 ) ) ;
#385 = LINE ( 'NONE', #2946, #896 ) ;
#386 = SURFACE_STYLE_USAGE ( .BOTH. , #1677 ) ;
#387 = ORIENTED_EDGE ( 'NONE', *, *, #1172, .F. ) ;
#388 = UNCERTAINTY_MEASURE_WITH_UNIT (LENGTH_MEASURE( 1.000000000000000082E-05 ), #3396, 'distance_accuracy_value', 'NONE');
#389 =( NAMED_UNIT ( * ) SI_UNIT ( $, .STERADIAN. ) SOLID_ANGLE_UNIT ( ) );
#390 = DIRECTION ( 'NONE',  ( -1.204669080539449344E-16, -1.000000000000000000, 0.0000000000000000000 ) ) ;
#391 = DIRECTION ( 'NONE',  ( -0.0000000000000000000, -1.000000000000000000, 0.0000000000000000000 ) ) ;
#392 = EDGE_LOOP ( 'NONE', ( #3372, #4198, #1393, #3702 ) ) ;
#393 = PLANE ( 'NONE',  #1782 ) ;
#394 = CARTESIAN_POINT ( 'NONE',  ( 0.06458089405896495772, 0.05988078886778604865, -1.139999999999999902 ) ) ;
#395 =( NAMED_UNIT ( * ) SI_UNIT ( $, .STERADIAN. ) SOLID_ANGLE_UNIT ( ) );
#396 = EDGE_CURVE ( 'NONE', #2363, #1972, #3616, .T. ) ;
#397 = DIRECTION ( 'NONE',  ( 1.000000000000000000, 0.0000000000000000000, 0.0000000000000000000 ) ) ;
#398 = ORIENTED_EDGE ( 'NONE', *, *, #182, .T. ) ;
#399 = ORIENTED_EDGE ( 'NONE', *, *, #3692, .F. ) ;
#400 = EDGE_LOOP ( 'NONE', ( #2044, #3560, #2058, #259 ) ) ;
#401 = SURFACE_STYLE_USAGE ( .BOTH. , #3047 ) ;
#402 = SURFACE_SIDE_STYLE ('',( #3168 ) ) ;
#403 = CARTESIAN_POINT ( 'NONE',  ( -0.2900488010426105490, -0.009426481039282364263, -1.149999999999999911 ) ) ;
#404 = EDGE_CURVE ( 'NONE', #1378, #2505, #1984, .T. ) ;
#405 =( NAMED_UNIT ( * ) SI_UNIT ( $, .STERADIAN. ) SOLID_ANGLE_UNIT ( ) );
#406 = DIRECTION ( 'NONE',  ( 1.000000000000000000, 0.0000000000000000000, -0.0000000000000000000 ) ) ;
#407 = ORIENTED_EDGE ( 'NONE', *, *, #196, .T. ) ;
#408 = SURFACE_STYLE_USAGE ( .BOTH. , #3646 ) ;
#409 = CARTESIAN_POINT ( 'NONE',  ( 0.01726827212812160825, -0.09527505827505459990, -1.149999999999999911 ) ) ;
#410 =( LENGTH_UNIT ( ) NAMED_UNIT ( * ) SI_UNIT ( .MILLI., .METRE. ) );
#411 = B_SPLINE_CURVE_WITH_KNOTS ( 'NONE', 3,
 ( #1312, #1072, #2637, #3915, #1003 ),
 .UNSPECIFIED., .F., .F.,
 ( 4, 1, 4 ),
 ( 0.0000000000000000000, 0.4999999999999998890, 0.9999772222222220730 ),
 .UNSPECIFIED. ) ;
#412 = SURFACE_STYLE_FILL_AREA ( #1359 ) ;
#413 = ORIENTED_EDGE ( 'NONE', *, *, #2141, .T. ) ;
#414 = B_SPLINE_CURVE_WITH_KNOTS ( 'NONE', 3,
 ( #2714, #2418, #176, #2389, #2732 ),
 .UNSPECIFIED., .F., .F.,
 ( 4, 1, 4 ),
 ( 0.0000000000000000000, 0.4456072668541559145, 0.9999954384819212949 ),
 .UNSPECIFIED. ) ;
#415 = VECTOR ( 'NONE', #1795, 1000.000000000000000 ) ;
#416 = CARTESIAN_POINT ( 'NONE',  ( -0.3530442278718785576, -0.05584416396611255329, -1.149999999999999911 ) ) ;
#417 = AXIS2_PLACEMENT_3D ( 'NONE', #3919, #1233, #3225 ) ;
#418 = ORIENTED_EDGE ( 'NONE', *, *, #1252, .T. ) ;
#419 = PRESENTATION_LAYER_ASSIGNMENT (  '', '', ( #3132 ) ) ;
#420 = FACE_OUTER_BOUND ( 'NONE', #2066, .T. ) ;
#421 = VECTOR ( 'NONE', #3865, 1000.000000000000000 ) ;
#422 = STYLED_ITEM ( 'NONE', ( #982 ), #3434 ) ;
#423 = VECTOR ( 'NONE', #1604, 1000.000000000000000 ) ;
#424 = ORIENTED_EDGE ( 'NONE', *, *, #3631, .F. ) ;
#425 = SURFACE_SIDE_STYLE ('',( #68 ) ) ;
#426 = PRESENTATION_LAYER_ASSIGNMENT (  '', '', ( #282 ) ) ;
#427 = ORIENTED_EDGE ( 'NONE', *, *, #2483, .F. ) ;
#428 =( GEOMETRIC_REPRESENTATION_CONTEXT ( 3 ) GLOBAL_UNCERTAINTY_ASSIGNED_CONTEXT ( ( #810 ) ) GLOBAL_UNIT_ASSIGNED_CONTEXT ( ( #473, #794, #2715 ) ) REPRESENTATION_CONTEXT ( 'NONE', 'WORKASPACE' ) );
#429 = FILL_AREA_STYLE_COLOUR ( '', #1985 ) ;
#430 = EDGE_CURVE ( 'NONE', #1078, #1994, #3, .T. ) ;
#431 = CARTESIAN_POINT ( 'NONE',  ( 0.0001947680630836443494, 0.08805827505827841517, -1.149999999999999911 ) ) ;
#432 = CARTESIAN_POINT ( 'NONE',  ( -0.4356661790913907151, -0.05584416396611383698, -1.149999999999999911 ) ) ;
#433 = CARTESIAN_POINT ( 'NONE',  ( 1.149999999999998135, 1.000000000000000222, 0.0000000000000000000 ) ) ;
#434 = VECTOR ( 'NONE', #1850, 1000.000000000000000 ) ;
#435 = ORIENTED_EDGE ( 'NONE', *, *, #2628, .F. ) ;
#436 = EDGE_CURVE ( 'NONE', #1783, #1220, #3760, .T. ) ;
#437 = STYLED_ITEM ( 'NONE', ( #17 ), #780 ) ;
#438 = UNCERTAINTY_MEASURE_WITH_UNIT (LENGTH_MEASURE( 1.000000000000000082E-05 ), #2589, 'distance_accuracy_value', 'NONE');
#439 = SURFACE_STYLE_FILL_AREA ( #56 ) ;
#440 = FILL_AREA_STYLE_COLOUR ( '', #3529 ) ;
#441 = ORIENTED_EDGE ( 'NONE', *, *, #1146, .F. ) ;
#442 = VECTOR ( 'NONE', #3976, 1000.000000000000000 ) ;
#443 = CARTESIAN_POINT ( 'NONE',  ( 0.01726827212812474810, 0.08805827505827816537, -1.149999999999999911 ) ) ;
#444 = CARTESIAN_POINT ( 'NONE',  ( -0.009560996164561224447, -0.08999050542952584386, -1.149999999999999911 ) ) ;
#445 = ORIENTED_EDGE ( 'NONE', *, *, #965, .F. ) ;
#446 = CARTESIAN_POINT ( 'NONE',  ( -0.2094681869912592698, -0.08456629526713438372, -1.139999999999999902 ) ) ;
#447 = CARTESIAN_POINT ( 'NONE',  ( 1.249999999999999778, 1.000000000000000222, 0.0000000000000000000 ) ) ;
#448 = ORIENTED_EDGE ( 'NONE', *, *, #275, .T. ) ;
#449 = EDGE_LOOP ( 'NONE', ( #3920, #3024, #305, #2918 ) ) ;
#450 = FILL_AREA_STYLE ('',( #429 ) ) ;
#451 = CARTESIAN_POINT ( 'NONE',  ( -0.1290731912865122344, -0.1119417249417204163, -1.149999999999999911 ) ) ;
#452 = DIRECTION ( 'NONE',  ( 0.0000000000000000000, -0.0000000000000000000, -1.000000000000000000 ) ) ;
#453 = VECTOR ( 'NONE', #2194, 1000.000000000000000 ) ;
#454 = EDGE_LOOP ( 'NONE', ( #2909, #2236, #4210, #1191 ) ) ;
#455 = EDGE_CURVE ( 'NONE', #1065, #1280, #970, .T. ) ;
#456 = FILL_AREA_STYLE_COLOUR ( '', #2540 ) ;
#457 =( NAMED_UNIT ( * ) SI_UNIT ( $, .STERADIAN. ) SOLID_ANGLE_UNIT ( ) );
#458 = DIRECTION ( 'NONE',  ( -0.0000000000000000000, 1.000000000000000000, 0.0000000000000000000 ) ) ;
#459 = ORIENTED_EDGE ( 'NONE', *, *, #1867, .F. ) ;
#460 = SURFACE_STYLE_USAGE ( .BOTH. , #59 ) ;
#461 =( GEOMETRIC_REPRESENTATION_CONTEXT ( 3 ) GLOBAL_UNCERTAINTY_ASSIGNED_CONTEXT ( ( #2782 ) ) GLOBAL_UNIT_ASSIGNED_CONTEXT ( ( #2819, #3751, #457 ) ) REPRESENTATION_CONTEXT ( 'NONE', 'WORKASPACE' ) );
#462 = CARTESIAN_POINT ( 'NONE',  ( 0.1217471593517711476, 0.08807529281107569219, -1.139999999999999902 ) ) ;
#463 = ORIENTED_EDGE ( 'NONE', *, *, #2798, .T. ) ;
#464 = CARTESIAN_POINT ( 'NONE',  ( -0.2578516769722770663, 0.01427442430430122221, -1.149999999999999911 ) ) ;
#465 = CARTESIAN_POINT ( 'NONE',  ( 0.1285064824699495845, -0.1123794743790488965, -1.149999999999999911 ) ) ;
#466 = CARTESIAN_POINT ( 'NONE',  ( 0.2001866714799177549, -0.06691986589347198588, -1.149999999999999911 ) ) ;
#467 = ORIENTED_EDGE ( 'NONE', *, *, #2205, .T. ) ;
#468 = CARTESIAN_POINT ( 'NONE',  ( -0.4071219717743187472, 0.08805827505827738821, -1.149999999999999911 ) ) ;
#469 = EDGE_LOOP ( 'NONE', ( #772, #3068, #4173, #1431 ) ) ;
#470 =( NAMED_UNIT ( * ) PLANE_ANGLE_UNIT ( ) SI_UNIT ( $, .RADIAN. ) );
#471 = STYLED_ITEM ( 'NONE', ( #1949 ), #2577 ) ;
#472 = CARTESIAN_POINT ( 'NONE',  ( 0.1028791880440825535, -0.1141453268817513161, -1.139999999999999902 ) ) ;
#473 =( LENGTH_UNIT ( ) NAMED_UNIT ( * ) SI_UNIT ( .MILLI., .METRE. ) );
#474 = EDGE_LOOP ( 'NONE', ( #149, #1548, #1730, #3857, #3986 ) ) ;
#475 = UNCERTAINTY_MEASURE_WITH_UNIT (LENGTH_MEASURE( 1.000000000000000082E-05 ), #1982, 'distance_accuracy_value', 'NONE');
#476 = LINE ( 'NONE', #4035, #247 ) ;
#477 = SHAPE_DEFINITION_REPRESENTATION ( #1844, #1446 ) ;
#478 = SURFACE_STYLE_FILL_AREA ( #2746 ) ;
#479 = ORIENTED_EDGE ( 'NONE', *, *, #1349, .T. ) ;
#480 = CARTESIAN_POINT ( 'NONE',  ( 1.249999999999999778, 1.000000000000000222, 0.05000000000000000278 ) ) ;
#481 = EDGE_CURVE ( 'NONE', #2433, #1065, #121, .T. ) ;
#482 = VECTOR ( 'NONE', #2490, 1000.000000000000000 ) ;
#483 = COLOUR_RGB ( '',1.000000000000000000, 1.000000000000000000, 1.000000000000000000 ) ;
#484 = CARTESIAN_POINT ( 'NONE',  ( 0.1285055022714588491, -0.1123795885439421716, -1.139999999999999902 ) ) ;
#485 = VERTEX_POINT ( 'NONE', #2233 ) ;
#486 = FACE_OUTER_BOUND ( 'NONE', #2374, .T. ) ;
#487 = VECTOR ( 'NONE', #2331, 1000.000000000000000 ) ;
#488 = PRESENTATION_LAYER_ASSIGNMENT (  '', '', ( #2323 ) ) ;
#489 = COLOUR_RGB ( '',1.000000000000000000, 1.000000000000000000, 1.000000000000000000 ) ;
#490 =( NAMED_UNIT ( * ) PLANE_ANGLE_UNIT ( ) SI_UNIT ( $, .RADIAN. ) );
#491 = EDGE_CURVE ( 'NONE', #61, #3113, #2591, .T. ) ;
#492 = DIRECTION ( 'NONE',  ( 0.0000000000000000000, 1.000000000000000000, -0.0000000000000000000 ) ) ;
#493 = VECTOR ( 'NONE', #665, 1000.000000000000000 ) ;
#494 = PRESENTATION_STYLE_ASSIGNMENT (( #3411 ) ) ;
#495 = SURFACE_STYLE_USAGE ( .BOTH. , #4057 ) ;
#496 =( GEOMETRIC_REPRESENTATION_CONTEXT ( 3 ) GLOBAL_UNCERTAINTY_ASSIGNED_CONTEXT ( ( #1143 ) ) GLOBAL_UNIT_ASSIGNED_CONTEXT ( ( #4209, #748, #2049 ) ) REPRESENTATION_CONTEXT ( 'NONE', 'WORKASPACE' ) );
#497 = VECTOR ( 'NONE', #4178, 1000.000000000000000 ) ;
#498 = CARTESIAN_POINT ( 'NONE',  ( 0.2221463209086096402, -0.09364937534823083998, -1.149999999999999911 ) ) ;
#499 = SURFACE_STYLE_FILL_AREA ( #1859 ) ;
#500 = VECTOR ( 'NONE', #243, 1000.000000000000000 ) ;
#501 =( GEOMETRIC_REPRESENTATION_CONTEXT ( 3 ) GLOBAL_UNCERTAINTY_ASSIGNED_CONTEXT ( ( #2180 ) ) GLOBAL_UNIT_ASSIGNED_CONTEXT ( ( #1303, #2602, #4190 ) ) REPRESENTATION_CONTEXT ( 'NONE', 'WORKASPACE' ) );
#502 = ORIENTED_EDGE ( 'NONE', *, *, #239, .T. ) ;
#503 = LINE ( 'NONE', #2976, #633 ) ;
#504 = DIRECTION ( 'NONE',  ( 0.0000000000000000000, -0.0000000000000000000, -1.000000000000000000 ) ) ;
#505 = SURFACE_STYLE_USAGE ( .BOTH. , #3430 ) ;
#506 = EDGE_CURVE ( 'NONE', #2123, #779, #3527, .T. ) ;
#507 = DIRECTION ( 'NONE',  ( 1.000000000000000000, 0.0000000000000000000, 0.0000000000000000000 ) ) ;
#508 = CARTESIAN_POINT ( 'NONE',  ( -0.1608186181157805206, 0.06610705554608457823, -1.149999999999999911 ) ) ;
#509 = FILL_AREA_STYLE_COLOUR ( '', #4095 ) ;
#510 = FACE_OUTER_BOUND ( 'NONE', #903, .T. ) ;
#511 = SURFACE_STYLE_FILL_AREA ( #2502 ) ;
#512 = B_SPLINE_CURVE_WITH_KNOTS ( 'NONE', 3,
 ( #2624, #2642, #989, #1973, #1645 ),
 .UNSPECIFIED., .F., .F.,
 ( 4, 1, 4 ),
 ( 0.0000000000000000000, 0.4404366560237404915, 0.9999999999999998890 ),
 .UNSPECIFIED. ) ;
#513 = EDGE_CURVE ( 'NONE', #4109, #1074, #1333, .T. ) ;
#514 = UNCERTAINTY_MEASURE_WITH_UNIT (LENGTH_MEASURE( 1.000000000000000082E-05 ), #1726, 'distance_accuracy_value', 'NONE');
#515 = FILL_AREA_STYLE ('',( #2107 ) ) ;
#516 = CARTESIAN_POINT ( 'NONE',  ( -0.6500000000000002442, 1.000000000000000222, -1.159999999999999920 ) ) ;
#517 = CARTESIAN_POINT ( 'NONE',  ( -0.04492668315643069676, -0.02169782250269636226, -1.149999999999999911 ) ) ;
#518 = DIRECTION ( 'NONE',  ( 0.0000000000000000000, 0.0000000000000000000, -1.000000000000000000 ) ) ;
#519 = VECTOR ( 'NONE', #3063, 1000.000000000000000 ) ;
#520 = FILL_AREA_STYLE ('',( #2110 ) ) ;
#521 = ORIENTED_EDGE ( 'NONE', *, *, #3383, .F. ) ;
#522 = STYLED_ITEM ( 'NONE', ( #1794 ), #2768 ) ;
#523 = DIRECTION ( 'NONE',  ( -1.000000000000000000, -2.756731105234422174E-15, 0.0000000000000000000 ) ) ;
#524 = FILL_AREA_STYLE_COLOUR ( '', #2686 ) ;
#525 = PLANE ( 'NONE',  #621 ) ;
#526 = ORIENTED_EDGE ( 'NONE', *, *, #3377, .F. ) ;
#527 = EDGE_CURVE ( 'NONE', #2774, #268, #2057, .T. ) ;
#528 =( LENGTH_UNIT ( ) NAMED_UNIT ( * ) SI_UNIT ( .MILLI., .METRE. ) );
#529 = CARTESIAN_POINT ( 'NONE',  ( -0.3747096242133425292, 0.007875348229009298401, -1.139999999999999902 ) ) ;
#530 = SURFACE_STYLE_USAGE ( .BOTH. , #2779 ) ;
#531 = FACE_OUTER_BOUND ( 'NONE', #3736, .T. ) ;
#532 = EDGE_CURVE ( 'NONE', #1074, #2855, #3018, .T. ) ;
#533 = CARTESIAN_POINT ( 'NONE',  ( 0.05629266237202426582, -0.07962465177099012359, -1.149999999999999911 ) ) ;
#534 = CARTESIAN_POINT ( 'NONE',  ( 0.05629266237202405765, -0.1015758712831852095, -1.149999999999999911 ) ) ;
#535 = DIRECTION ( 'NONE',  ( 0.0000000000000000000, -0.0000000000000000000, -1.000000000000000000 ) ) ;
#536 = EDGE_LOOP ( 'NONE', ( #3439, #1725, #1272, #3288 ) ) ;
#537 = CARTESIAN_POINT ( 'NONE',  ( -0.4559024595791947299, -0.1119417249417240801, -1.139999999999999902 ) ) ;
#538 = SURFACE_SIDE_STYLE ('',( #2165 ) ) ;
#539 = ORIENTED_EDGE ( 'NONE', *, *, #1172, .T. ) ;
#540 = CARTESIAN_POINT ( 'NONE',  ( 0.2050731501769046117, -0.01571459079538491121, -1.149999999999999911 ) ) ;
#541 =( NAMED_UNIT ( * ) PLANE_ANGLE_UNIT ( ) SI_UNIT ( $, .RADIAN. ) );
#542 = DIRECTION ( 'NONE',  ( -1.000000000000000000, 1.183004467236181167E-14, 0.0000000000000000000 ) ) ;
#543 = CARTESIAN_POINT ( 'NONE',  ( -0.3965655693352941880, 0.04964364091193595313, -1.149999999999999911 ) ) ;
#544 = ORIENTED_EDGE ( 'NONE', *, *, #153, .F. ) ;
#545 =( NAMED_UNIT ( * ) SI_UNIT ( $, .STERADIAN. ) SOLID_ANGLE_UNIT ( ) );
#546 = SURFACE_STYLE_USAGE ( .BOTH. , #2196 ) ;
#547 =( GEOMETRIC_REPRESENTATION_CONTEXT ( 3 ) GLOBAL_UNCERTAINTY_ASSIGNED_CONTEXT ( ( #684 ) ) GLOBAL_UNIT_ASSIGNED_CONTEXT ( ( #1589, #334, #405 ) ) REPRESENTATION_CONTEXT ( 'NONE', 'WORKASPACE' ) );
#548 = EDGE_CURVE ( 'NONE', #769, #3582, #3932, .T. ) ;
#549 =( GEOMETRIC_REPRESENTATION_CONTEXT ( 3 ) GLOBAL_UNCERTAINTY_ASSIGNED_CONTEXT ( ( #514 ) ) GLOBAL_UNIT_ASSIGNED_CONTEXT ( ( #1726, #1089, #163 ) ) REPRESENTATION_CONTEXT ( 'NONE', 'WORKASPACE' ) );
#550 =( GEOMETRIC_REPRESENTATION_CONTEXT ( 3 ) GLOBAL_UNCERTAINTY_ASSIGNED_CONTEXT ( ( #1874 ) ) GLOBAL_UNIT_ASSIGNED_CONTEXT ( ( #1394, #470, #1442 ) ) REPRESENTATION_CONTEXT ( 'NONE', 'WORKASPACE' ) );
#551 =( GEOMETRIC_REPRESENTATION_CONTEXT ( 3 ) GLOBAL_UNCERTAINTY_ASSIGNED_CONTEXT ( ( #4058 ) ) GLOBAL_UNIT_ASSIGNED_CONTEXT ( ( #2592, #3559, #193 ) ) REPRESENTATION_CONTEXT ( 'NONE', 'WORKASPACE' ) );
#552 = FILL_AREA_STYLE ('',( #2177 ) ) ;
#553 = PLANE ( 'NONE',  #3472 ) ;
#554 = COLOUR_RGB ( '',1.000000000000000000, 1.000000000000000000, 1.000000000000000000 ) ;
#555 = DIRECTION ( 'NONE',  ( 0.0000000000000000000, 0.0000000000000000000, -1.000000000000000000 ) ) ;
#556 = MECHANICAL_DESIGN_GEOMETRIC_PRESENTATION_REPRESENTATION (  '', ( #3957 ), #4160 ) ;
#557 =( GEOMETRIC_REPRESENTATION_CONTEXT ( 3 ) GLOBAL_UNCERTAINTY_ASSIGNED_CONTEXT ( ( #2150 ) ) GLOBAL_UNIT_ASSIGNED_CONTEXT ( ( #3517, #605, #1899 ) ) REPRESENTATION_CONTEXT ( 'NONE', 'WORKASPACE' ) );
#558 = DIRECTION ( 'NONE',  ( 5.421010862427522170E-17, -1.000000000000000000, 0.0000000000000000000 ) ) ;
#559 = ADVANCED_FACE ( 'NONE', ( #2947 ), #30, .F. ) ;
#560 = VERTEX_POINT ( 'NONE', #3893 ) ;
#561 = PRESENTATION_LAYER_ASSIGNMENT (  '', '', ( #18 ) ) ;
#562 = AXIS2_PLACEMENT_3D ( 'NONE', #332, #1628, #397 ) ;
#563 =( GEOMETRIC_REPRESENTATION_CONTEXT ( 3 ) GLOBAL_UNCERTAINTY_ASSIGNED_CONTEXT ( ( #598 ) ) GLOBAL_UNIT_ASSIGNED_CONTEXT ( ( #3870, #3322, #3218 ) ) REPRESENTATION_CONTEXT ( 'NONE', 'WORKASPACE' ) );
#564 = UNCERTAINTY_MEASURE_WITH_UNIT (LENGTH_MEASURE( 1.000000000000000082E-05 ), #60, 'distance_accuracy_value', 'NONE');
#565 = LINE ( 'NONE', #3838, #567 ) ;
#566 = DIRECTION ( 'NONE',  ( -0.0000000000000000000, 0.0000000000000000000, 1.000000000000000000 ) ) ;
#567 = VECTOR ( 'NONE', #1506, 1000.000000000000000 ) ;
#568 = ORIENTED_EDGE ( 'NONE', *, *, #2937, .F. ) ;
#569 = STYLED_ITEM ( 'NONE', ( #1232 ), #359 ) ;
#570 = COLOUR_RGB ( '',1.000000000000000000, 1.000000000000000000, 1.000000000000000000 ) ;
#571 = SURFACE_STYLE_FILL_AREA ( #3480 ) ;
#572 = FACE_OUTER_BOUND ( 'NONE', #2895, .T. ) ;
#573 =( NAMED_UNIT ( * ) SI_UNIT ( $, .STERADIAN. ) SOLID_ANGLE_UNIT ( ) );
#574 = SURFACE_STYLE_USAGE ( .BOTH. , #3516 ) ;
#575 = ORIENTED_EDGE ( 'NONE', *, *, #320, .F. ) ;
#576 = LINE ( 'NONE', #2891, #1066 ) ;
#577 = CARTESIAN_POINT ( 'NONE',  ( -0.09004880104260991336, -0.1119417249417204024, -1.149999999999999911 ) ) ;
#578 = PRESENTATION_STYLE_ASSIGNMENT (( #546 ) ) ;
#579 = EDGE_LOOP ( 'NONE', ( #2792, #4019, #3456, #950 ) ) ;
#580 = PLANE ( 'NONE',  #2414 ) ;
#581 =( NAMED_UNIT ( * ) PLANE_ANGLE_UNIT ( ) SI_UNIT ( $, .RADIAN. ) );
#582 = EDGE_CURVE ( 'NONE', #3691, #1783, #2939, .T. ) ;
#583 = B_SPLINE_CURVE_WITH_KNOTS ( 'NONE', 3,
 ( #2437, #2157, #2550, #3461, #884 ),
 .UNSPECIFIED., .F., .F.,
 ( 4, 1, 4 ),
 ( 0.0000000000000000000, 0.4399284984857189662, 1.000000000000000000 ),
 .UNSPECIFIED. ) ;
#584 = SURFACE_STYLE_USAGE ( .BOTH. , #622 ) ;
#585 = ORIENTED_EDGE ( 'NONE', *, *, #2277, .F. ) ;
#586 = SURFACE_STYLE_FILL_AREA ( #3818 ) ;
#587 = VECTOR ( 'NONE', #3949, 1000.000000000000000 ) ;
#588 = FACE_OUTER_BOUND ( 'NONE', #2292, .T. ) ;
#589 = ADVANCED_FACE ( 'NONE', ( #2587 ), #3521, .F. ) ;
#590 = ORIENTED_EDGE ( 'NONE', *, *, #2341, .F. ) ;
#591 = CARTESIAN_POINT ( 'NONE',  ( -0.6500000000000003553, -0.9999999999999995559, 2.088061301782110135 ) ) ;
#592 = CARTESIAN_POINT ( 'NONE',  ( 0.1993017853266317585, 0.03941387670507293800, -1.139999999999999902 ) ) ;
#593 = B_SPLINE_SURFACE_WITH_KNOTS ( 'NONE', 3, 1, ( 
 ( #2134, #1347 ),
 ( #4017, #2770 ),
 ( #1133, #1097 ),
 ( #464, #3429 ),
 ( #1757, #2749 ) ),
 .UNSPECIFIED., .F., .F., .F.,
 ( 4, 1, 4 ),
 ( 2, 2 ),
 ( 0.0000000000000000000, 0.4456072668541559145, 1.000000000000000000 ),
 ( 0.0000000000000000000, 1.000000000000000000 ),
 .UNSPECIFIED. ) ;
#594 = CARTESIAN_POINT ( 'NONE',  ( 0.07824174472883703435, 0.08990525191306414365, -1.149999999999999911 ) ) ;
#595 = ORIENTED_EDGE ( 'NONE', *, *, #2514, .T. ) ;
#596 = CARTESIAN_POINT ( 'NONE',  ( -1.250000000000000222, 0.9000000000000002442, 0.0000000000000000000 ) ) ;
#597 = CARTESIAN_POINT ( 'NONE',  ( -0.09004880104261010765, -0.08999050542952531651, -1.149999999999999911 ) ) ;
#598 = UNCERTAINTY_MEASURE_WITH_UNIT (LENGTH_MEASURE( 1.000000000000000082E-05 ), #3870, 'distance_accuracy_value', 'NONE');
#599 =( NAMED_UNIT ( * ) SI_UNIT ( $, .STERADIAN. ) SOLID_ANGLE_UNIT ( ) );
#600 = ORIENTED_EDGE ( 'NONE', *, *, #3129, .F. ) ;
#601 = LINE ( 'NONE', #3115, #500 ) ;
#602 = EDGE_CURVE ( 'NONE', #2727, #2777, #610, .T. ) ;
#603 = CARTESIAN_POINT ( 'NONE',  ( -0.3924139086244914920, 0.06100745842871917179, -1.149999999999999911 ) ) ;
#604 = CARTESIAN_POINT ( 'NONE',  ( -0.4136260368149691780, 0.07139160839161055871, -1.149999999999999911 ) ) ;
#605 =( NAMED_UNIT ( * ) PLANE_ANGLE_UNIT ( ) SI_UNIT ( $, .RADIAN. ) );
#606 = EDGE_CURVE ( 'NONE', #3243, #2369, #3776, .T. ) ;
#607 = CARTESIAN_POINT ( 'NONE',  ( -0.07663416689626863232, -0.08999050542952538589, -1.149999999999999911 ) ) ;
#608 = CARTESIAN_POINT ( 'NONE',  ( 0.1031295526159303338, 0.06854607993632522156, -1.149999999999999911 ) ) ;
#609 = CARTESIAN_POINT ( 'NONE',  ( 0.1257557356716475228, -0.08869034656296301278, -1.139999999999999902 ) ) ;
#610 = LINE ( 'NONE', #250, #166 ) ;
#611 = B_SPLINE_CURVE_WITH_KNOTS ( 'NONE', 3,
 ( #1534, #607, #1902, #1554, #248 ),
 .UNSPECIFIED., .F., .F.,
 ( 4, 1, 4 ),
 ( 0.0000000000000000000, 0.5000000000000001110, 0.9999937878787873435 ),
 .UNSPECIFIED. ) ;
#612 = ORIENTED_EDGE ( 'NONE', *, *, #865, .T. ) ;
#613 = CARTESIAN_POINT ( 'NONE',  ( -1.150000000000000133, 1.000000000000000222, -1.159999999999999920 ) ) ;
#614 = EDGE_CURVE ( 'NONE', #3347, #3313, #3831, .T. ) ;
#615 = CARTESIAN_POINT ( 'NONE',  ( 0.06299699780497672319, 0.08481087532632994308, -1.149999999999999911 ) ) ;
#616 = CARTESIAN_POINT ( 'NONE',  ( 0.2977560770061726259, -0.03064091193360000964, -1.149999999999999911 ) ) ;
#617 = AXIS2_PLACEMENT_3D ( 'NONE', #2278, #3572, #2297 ) ;
#618 = PRESENTATION_STYLE_ASSIGNMENT (( #935 ) ) ;
#619 = VECTOR ( 'NONE', #148, 1000.000000000000000 ) ;
#620 = PRESENTATION_LAYER_ASSIGNMENT (  '', '', ( #1432 ) ) ;
#621 = AXIS2_PLACEMENT_3D ( 'NONE', #1780, #1820, #861 ) ;
#622 = SURFACE_SIDE_STYLE ('',( #2181 ) ) ;
#623 = CARTESIAN_POINT ( 'NONE',  ( -0.3339512400669996661, -0.1119417249417222343, -1.149999999999999911 ) ) ;
#624 = ORIENTED_EDGE ( 'NONE', *, *, #2152, .T. ) ;
#625 = AXIS2_PLACEMENT_3D ( 'NONE', #2452, #1409, #2478 ) ;
#626 = STYLED_ITEM ( 'NONE', ( #3189 ), #9 ) ;
#627 = SURFACE_STYLE_FILL_AREA ( #3561 ) ;
#628 = COLOUR_RGB ( '',1.000000000000000000, 1.000000000000000000, 1.000000000000000000 ) ;
#629 = VECTOR ( 'NONE', #1567, 1000.000000000000000 ) ;
#630 = CARTESIAN_POINT ( 'NONE',  ( -0.2632195327499274873, -0.009998127380745474094, -1.149999999999999911 ) ) ;
#631 = FACE_OUTER_BOUND ( 'NONE', #392, .T. ) ;
#632 = DIRECTION ( 'NONE',  ( 0.0000000000000000000, -0.0000000000000000000, -1.000000000000000000 ) ) ;
#633 = VECTOR ( 'NONE', #2475, 1000.000000000000000 ) ;
#634 = EDGE_CURVE ( 'NONE', #752, #2900, #2570, .T. ) ;
#635 = CARTESIAN_POINT ( 'NONE',  ( 0.07939304273121902678, 0.06727868682653291577, -1.149999999999999911 ) ) ;
#636 = CARTESIAN_POINT ( 'NONE',  ( -0.2033199007748942577, 0.08614874931439842065, -1.149999999999999911 ) ) ;
#637 = SURFACE_STYLE_FILL_AREA ( #3545 ) ;
#638 = APPLICATION_CONTEXT ( 'automotive_design' ) ;
#639 = VECTOR ( 'NONE', #788, 1000.000000000000000 ) ;
#640 = SURFACE_SIDE_STYLE ('',( #2174 ) ) ;
#641 = ORIENTED_EDGE ( 'NONE', *, *, #1619, .F. ) ;
#642 = SURFACE_SIDE_STYLE ('',( #1674 ) ) ;
#643 = FILL_AREA_STYLE_COLOUR ( '', #3081 ) ;
#644 = DIRECTION ( 'NONE',  ( 1.000000000000000000, 0.0000000000000000000, 0.0000000000000000000 ) ) ;
#645 = SURFACE_STYLE_USAGE ( .BOTH. , #2529 ) ;
#646 = DIRECTION ( 'NONE',  ( -1.000000000000000000, 0.0000000000000000000, 0.0000000000000000000 ) ) ;
#647 = UNCERTAINTY_MEASURE_WITH_UNIT (LENGTH_MEASURE( 1.000000000000000082E-05 ), #815, 'distance_accuracy_value', 'NONE');
#648 = PLANE ( 'NONE',  #3682 ) ;
#649 = SURFACE_SIDE_STYLE ('',( #1993 ) ) ;
#650 = EDGE_LOOP ( 'NONE', ( #1246, #2667, #3147, #2261 ) ) ;
#651 =( NAMED_UNIT ( * ) SI_UNIT ( $, .STERADIAN. ) SOLID_ANGLE_UNIT ( ) );
#652 = SURFACE_STYLE_FILL_AREA ( #2927 ) ;
#653 = VERTEX_POINT ( 'NONE', #2216 ) ;
#654 = SURFACE_STYLE_FILL_AREA ( #3562 ) ;
#655 = DIRECTION ( 'NONE',  ( 0.0000000000000000000, -0.0000000000000000000, -1.000000000000000000 ) ) ;
#656 = CARTESIAN_POINT ( 'NONE',  ( 0.0000000000000000000, -0.05584416396611255329, -1.139999999999999902 ) ) ;
#657 = CARTESIAN_POINT ( 'NONE',  ( 0.2050731501769046117, -0.01571459079538491121, -1.139999999999999902 ) ) ;
#658 = LINE ( 'NONE', #3208, #421 ) ;
#659 = CARTESIAN_POINT ( 'NONE',  ( -0.2632195327499274873, -0.009998127380745474094, -1.139999999999999902 ) ) ;
#660 = ORIENTED_EDGE ( 'NONE', *, *, #2082, .T. ) ;
#661 = DIRECTION ( 'NONE',  ( 0.0000000000000000000, 0.0000000000000000000, -1.000000000000000000 ) ) ;
#662 = ADVANCED_FACE ( 'NONE', ( #1907 ), #1278, .T. ) ;
#663 = SURFACE_SIDE_STYLE ('',( #2607 ) ) ;
#664 = LINE ( 'NONE', #1000, #3942 ) ;
#665 = DIRECTION ( 'NONE',  ( 0.0000000000000000000, -0.0000000000000000000, -1.000000000000000000 ) ) ;
#666 = CARTESIAN_POINT ( 'NONE',  ( -0.07256879291252740782, 0.06610705554608420353, -1.149999999999999911 ) ) ;
#667 = DIRECTION ( 'NONE',  ( 0.0000000000000000000, -0.0000000000000000000, -1.000000000000000000 ) ) ;
#668 = SURFACE_STYLE_USAGE ( .BOTH. , #1358 ) ;
#669 = EDGE_LOOP ( 'NONE', ( #3378, #2657, #52, #1334 ) ) ;
#670 = VECTOR ( 'NONE', #2882, 1000.000000000000000 ) ;
#671 = EDGE_CURVE ( 'NONE', #3347, #876, #503, .T. ) ;
#672 = ORIENTED_EDGE ( 'NONE', *, *, #2700, .F. ) ;
#673 = DIRECTION ( 'NONE',  ( -0.3393303772748646474, -0.9406672605435452139, 0.0000000000000000000 ) ) ;
#674 = PLANE ( 'NONE',  #905 ) ;
#675 = DIRECTION ( 'NONE',  ( 0.0000000000000000000, 1.000000000000000000, 0.0000000000000000000 ) ) ;
#676 = CARTESIAN_POINT ( 'NONE',  ( 0.1031295526159303338, 0.06854607993632522156, -1.149999999999999911 ) ) ;
#677 = FILL_AREA_STYLE ('',( #3248 ) ) ;
#678 = DIRECTION ( 'NONE',  ( -0.0000000000000000000, 0.0000000000000000000, 1.000000000000000000 ) ) ;
#679 = VERTEX_POINT ( 'NONE', #1151 ) ;
#680 = CARTESIAN_POINT ( 'NONE',  ( -0.3948168453034219816, 0.05695876524786191997, -1.139999999999999902 ) ) ;
#681 = DIRECTION ( 'NONE',  ( 0.0000000000000000000, -0.0000000000000000000, -1.000000000000000000 ) ) ;
#682 =( GEOMETRIC_REPRESENTATION_CONTEXT ( 3 ) GLOBAL_UNCERTAINTY_ASSIGNED_CONTEXT ( ( #647 ) ) GLOBAL_UNIT_ASSIGNED_CONTEXT ( ( #815, #3853, #2254 ) ) REPRESENTATION_CONTEXT ( 'NONE', 'WORKASPACE' ) );
#683 = AXIS2_PLACEMENT_3D ( 'NONE', #1542, #3850, #3508 ) ;
#684 = UNCERTAINTY_MEASURE_WITH_UNIT (LENGTH_MEASURE( 1.000000000000000082E-05 ), #1589, 'distance_accuracy_value', 'NONE');
#685 = EDGE_CURVE ( 'NONE', #2660, #940, #3717, .T. ) ;
#686 = STYLED_ITEM ( 'NONE', ( #3193 ), #1322 ) ;
#687 = DIRECTION ( 'NONE',  ( -0.3363908276654574148, 0.9417224702971405126, 0.0000000000000000000 ) ) ;
#688 = ORIENTED_EDGE ( 'NONE', *, *, #2635, .T. ) ;
#689 = DIRECTION ( 'NONE',  ( -1.000000000000000000, 2.439454888092389710E-14, 0.0000000000000000000 ) ) ;
#690 = VECTOR ( 'NONE', #874, 1000.000000000000000 ) ;
#691 = PRESENTATION_STYLE_ASSIGNMENT (( #1363 ) ) ;
#692 = AXIS2_PLACEMENT_3D ( 'NONE', #2731, #4024, #1085 ) ;
#693 =( GEOMETRIC_REPRESENTATION_CONTEXT ( 3 ) GLOBAL_UNCERTAINTY_ASSIGNED_CONTEXT ( ( #3035 ) ) GLOBAL_UNIT_ASSIGNED_CONTEXT ( ( #1073, #323, #4036 ) ) REPRESENTATION_CONTEXT ( 'NONE', 'WORKASPACE' ) );
#694 = PRESENTATION_LAYER_ASSIGNMENT (  '', '', ( #3476 ) ) ;
#695 = ORIENTED_EDGE ( 'NONE', *, *, #2468, .F. ) ;
#696 = SURFACE_STYLE_USAGE ( .BOTH. , #1319 ) ;
#697 =( GEOMETRIC_REPRESENTATION_CONTEXT ( 3 ) GLOBAL_UNCERTAINTY_ASSIGNED_CONTEXT ( ( #5 ) ) GLOBAL_UNIT_ASSIGNED_CONTEXT ( ( #1382, #118, #4187 ) ) REPRESENTATION_CONTEXT ( 'NONE', 'WORKASPACE' ) );
#698 = CARTESIAN_POINT ( 'NONE',  ( 0.3245853452988564647, -0.01194172494173125279, -1.149999999999999911 ) ) ;
#699 = EDGE_CURVE ( 'NONE', #2855, #3696, #3084, .T. ) ;
#700 = SURFACE_STYLE_FILL_AREA ( #1274 ) ;
#701 = VECTOR ( 'NONE', #1958, 1000.000000000000000 ) ;
#702 = PRESENTATION_LAYER_ASSIGNMENT (  '', '', ( #1565 ) ) ;
#703 = CARTESIAN_POINT ( 'NONE',  ( 0.09587167656674622229, 0.06815855109821294944, -1.149999999999999911 ) ) ;
#704 = CARTESIAN_POINT ( 'NONE',  ( -0.2900488010426105490, -0.009426481039282364263, -1.149999999999999911 ) ) ;
#705 =( NAMED_UNIT ( * ) SI_UNIT ( $, .STERADIAN. ) SOLID_ANGLE_UNIT ( ) );
#706 = COLOUR_RGB ( '',1.000000000000000000, 1.000000000000000000, 1.000000000000000000 ) ;
#707 = ORIENTED_EDGE ( 'NONE', *, *, #719, .F. ) ;
#708 =( NAMED_UNIT ( * ) PLANE_ANGLE_UNIT ( ) SI_UNIT ( $, .RADIAN. ) );
#709 = CARTESIAN_POINT ( 'NONE',  ( -0.3965655693352941880, 0.04964364091193595313, -1.139999999999999902 ) ) ;
#710 = CARTESIAN_POINT ( 'NONE',  ( -0.2606257272974397132, -0.02994113022492323264, -1.149999999999999911 ) ) ;
#711 = CARTESIAN_POINT ( 'NONE',  ( 1.149999999999999689, -0.8999999999999998002, 0.0000000000000000000 ) ) ;
#712 = VERTEX_POINT ( 'NONE', #4079 ) ;
#713 = FACE_OUTER_BOUND ( 'NONE', #2623, .T. ) ;
#714 = CARTESIAN_POINT ( 'NONE',  ( 0.05629266237202405765, -0.1015758712831852095, -1.149999999999999911 ) ) ;
#715 = CARTESIAN_POINT ( 'NONE',  ( 0.6500000000000002442, 1.000000000000000222, 0.0000000000000000000 ) ) ;
#716 = CARTESIAN_POINT ( 'NONE',  ( -0.1834558132377316075, -0.1119417249417206106, -1.149999999999999911 ) ) ;
#717 = EDGE_LOOP ( 'NONE', ( #205, #2387, #3431, #3790 ) ) ;
#718 = CARTESIAN_POINT ( 'NONE',  ( 0.2034411640655234277, -0.03281612811326204554, -1.139999999999999902 ) ) ;
#719 = EDGE_CURVE ( 'NONE', #202, #1960, #2669, .T. ) ;
#720 = CARTESIAN_POINT ( 'NONE',  ( -0.2033199007748942577, 0.08614874931439842065, -1.149999999999999911 ) ) ;
#721 = VECTOR ( 'NONE', #1720, 1000.000000000000000 ) ;
#722 = ORIENTED_EDGE ( 'NONE', *, *, #1781, .T. ) ;
#723 = CARTESIAN_POINT ( 'NONE',  ( 0.3245853452988531340, -0.09527505827506461966, -1.149999999999999911 ) ) ;
#724 = ADVANCED_FACE ( 'NONE', ( #192 ), #593, .T. ) ;
#725 = DIRECTION ( 'NONE',  ( 0.0000000000000000000, -0.0000000000000000000, -1.000000000000000000 ) ) ;
#726 = CARTESIAN_POINT ( 'NONE',  ( 0.1759251866913739970, 0.005518415028040874783, -1.139999999999999902 ) ) ;
#727 = DIRECTION ( 'NONE',  ( -1.000000000000000000, -0.0000000000000000000, -0.0000000000000000000 ) ) ;
#728 = EDGE_LOOP ( 'NONE', ( #1403, #2562, #2512, #1139, #2531 ) ) ;
#729 = CARTESIAN_POINT ( 'NONE',  ( 0.05629266237202701362, 0.05574120188754583261, -1.149999999999999911 ) ) ;
#730 = ORIENTED_EDGE ( 'NONE', *, *, #302, .T. ) ;
#731 = DIRECTION ( 'NONE',  ( 0.0000000000000000000, -0.0000000000000000000, -1.000000000000000000 ) ) ;
#732 = EDGE_CURVE ( 'NONE', #1972, #2080, #2464, .T. ) ;
#733 = PLANE ( 'NONE',  #1178 ) ;
#734 = CARTESIAN_POINT ( 'NONE',  ( 1.149999999999999911, 1.000000000000000222, 0.0000000000000000000 ) ) ;
#735 = VERTEX_POINT ( 'NONE', #892 ) ;
#736 = UNCERTAINTY_MEASURE_WITH_UNIT (LENGTH_MEASURE( 1.000000000000000082E-05 ), #2465, 'distance_accuracy_value', 'NONE');
#737 = PLANE ( 'NONE',  #991 ) ;
#738 = CARTESIAN_POINT ( 'NONE',  ( -0.2389049817939113418, -0.1060344995283538372, -1.149999999999999911 ) ) ;
#739 = VERTEX_POINT ( 'NONE', #40 ) ;
#740 = SURFACE_SIDE_STYLE ('',( #785 ) ) ;
#741 = DIRECTION ( 'NONE',  ( 0.0000000000000000000, -0.0000000000000000000, -1.000000000000000000 ) ) ;
#742 = EDGE_CURVE ( 'NONE', #2166, #3142, #1626, .T. ) ;
#743 = EDGE_LOOP ( 'NONE', ( #2734, #539, #1406, #2368 ) ) ;
#744 = CARTESIAN_POINT ( 'NONE',  ( -0.3530442278718785576, -0.05584416396611255329, -1.139999999999999902 ) ) ;
#745 = DIRECTION ( 'NONE',  ( 0.0000000000000000000, 0.0000000000000000000, -1.000000000000000000 ) ) ;
#746 = CARTESIAN_POINT ( 'NONE',  ( -0.09004880104261001050, -0.1009662818522895217, -1.149999999999999911 ) ) ;
#747 = CARTESIAN_POINT ( 'NONE',  ( 0.1113231501769017945, -0.1143807493319668328, -1.139999999999999902 ) ) ;
#748 =( NAMED_UNIT ( * ) PLANE_ANGLE_UNIT ( ) SI_UNIT ( $, .RADIAN. ) );
#749 = ORIENTED_EDGE ( 'NONE', *, *, #2453, .T. ) ;
#750 = ORIENTED_EDGE ( 'NONE', *, *, #4122, .T. ) ;
#751 = EDGE_CURVE ( 'NONE', #1810, #3055, #3666, .T. ) ;
#752 = VERTEX_POINT ( 'NONE', #1647 ) ;
#753 = PLANE ( 'NONE',  #692 ) ;
#754 =( NAMED_UNIT ( * ) SI_UNIT ( $, .STERADIAN. ) SOLID_ANGLE_UNIT ( ) );
#755 = LINE ( 'NONE', #451, #519 ) ;
#756 =( NAMED_UNIT ( * ) PLANE_ANGLE_UNIT ( ) SI_UNIT ( $, .RADIAN. ) );
#757 = CARTESIAN_POINT ( 'NONE',  ( -0.3613902644572450362, 0.03805827505827788504, -1.149999999999999911 ) ) ;
#758 = PRESENTATION_STYLE_ASSIGNMENT (( #668 ) ) ;
#759 = CARTESIAN_POINT ( 'NONE',  ( -0.1855137400670001380, 0.08805827505827965029, -1.149999999999999911 ) ) ;
#760 = VERTEX_POINT ( 'NONE', #2625 ) ;
#761 =( NAMED_UNIT ( * ) SI_UNIT ( $, .STERADIAN. ) SOLID_ANGLE_UNIT ( ) );
#762 = ORIENTED_EDGE ( 'NONE', *, *, #3563, .F. ) ;
#763 =( GEOMETRIC_REPRESENTATION_CONTEXT ( 3 ) GLOBAL_UNCERTAINTY_ASSIGNED_CONTEXT ( ( #1116 ) ) GLOBAL_UNIT_ASSIGNED_CONTEXT ( ( #2738, #2125, #1144 ) ) REPRESENTATION_CONTEXT ( 'NONE', 'WORKASPACE' ) );
#764 =( NAMED_UNIT ( * ) PLANE_ANGLE_UNIT ( ) SI_UNIT ( $, .RADIAN. ) );
#765 = CARTESIAN_POINT ( 'NONE',  ( -0.2547912666337378562, -0.07480057236189924241, -1.149999999999999911 ) ) ;
#766 = COLOUR_RGB ( '',1.000000000000000000, 1.000000000000000000, 1.000000000000000000 ) ;
#767 = STYLED_ITEM ( 'NONE', ( #494 ), #1887 ) ;
#768 = CARTESIAN_POINT ( 'NONE',  ( 0.1782438818842216055, -0.01407587128318882157, -1.149999999999999911 ) ) ;
#769 = VERTEX_POINT ( 'NONE', #1539 ) ;
#770 = DIRECTION ( 'NONE',  ( -0.0000000000000000000, 0.0000000000000000000, -1.000000000000000000 ) ) ;
#771 = EDGE_CURVE ( 'NONE', #2693, #752, #2913, .T. ) ;
#772 = ORIENTED_EDGE ( 'NONE', *, *, #1508, .T. ) ;
#773 = CARTESIAN_POINT ( 'NONE',  ( -0.08517075226212106331, 0.06610705554608434231, -1.149999999999999911 ) ) ;
#774 = CLOSED_SHELL ( 'NONE', ( #941, #1077, #2880, #3704, #3329, #50, #2874, #2577, #662, #36 ) ) ;
#775 =( NAMED_UNIT ( * ) SI_UNIT ( $, .STERADIAN. ) SOLID_ANGLE_UNIT ( ) );
#776 =( LENGTH_UNIT ( ) NAMED_UNIT ( * ) SI_UNIT ( .MILLI., .METRE. ) );
#777 =( GEOMETRIC_REPRESENTATION_CONTEXT ( 3 ) GLOBAL_UNCERTAINTY_ASSIGNED_CONTEXT ( ( #3665 ) ) GLOBAL_UNIT_ASSIGNED_CONTEXT ( ( #3155, #3133, #2881 ) ) REPRESENTATION_CONTEXT ( 'NONE', 'WORKASPACE' ) );
#778 = PRESENTATION_LAYER_ASSIGNMENT (  '', '', ( #1573 ) ) ;
#779 = VERTEX_POINT ( 'NONE', #1321 ) ;
#780 = ADVANCED_FACE ( 'NONE', ( #2931 ), #580, .F. ) ;
#781 = UNCERTAINTY_MEASURE_WITH_UNIT (LENGTH_MEASURE( 1.000000000000000082E-05 ), #1024, 'distance_accuracy_value', 'NONE');
#782 = SURFACE_STYLE_FILL_AREA ( #515 ) ;
#783 = CARTESIAN_POINT ( 'NONE',  ( 0.1782438818842216055, -0.01407587128318882157, -1.149999999999999911 ) ) ;
#784 = CARTESIAN_POINT ( 'NONE',  ( -0.08029270348163414228, -0.02169782250269610205, -1.149999999999999911 ) ) ;
#785 = SURFACE_STYLE_FILL_AREA ( #3694 ) ;
#786 = ORIENTED_EDGE ( 'NONE', *, *, #2563, .T. ) ;
#787 = CARTESIAN_POINT ( 'NONE',  ( -0.009560996164561224447, -0.08999050542952584386, -1.149999999999999911 ) ) ;
#788 = DIRECTION ( 'NONE',  ( 1.000000000000000000, 0.0000000000000000000, 0.0000000000000000000 ) ) ;
#789 = DIRECTION ( 'NONE',  ( 0.0000000000000000000, -0.0000000000000000000, 1.000000000000000000 ) ) ;
#790 =( LENGTH_UNIT ( ) NAMED_UNIT ( * ) SI_UNIT ( .MILLI., .METRE. ) );
#791 = ORIENTED_EDGE ( 'NONE', *, *, #1598, .F. ) ;
#792 = LINE ( 'NONE', #2371, #3074 ) ;
#793 = CARTESIAN_POINT ( 'NONE',  ( -0.2900488010426105490, -0.009426481039282364263, -1.149999999999999911 ) ) ;
#794 =( NAMED_UNIT ( * ) PLANE_ANGLE_UNIT ( ) SI_UNIT ( $, .RADIAN. ) );
#795 = ADVANCED_FACE ( 'NONE', ( #3584 ), #674, .T. ) ;
#796 = ORIENTED_EDGE ( 'NONE', *, *, #2684, .F. ) ;
#797 = CARTESIAN_POINT ( 'NONE',  ( -0.3896295937255379038, 0.04964364091193604334, -1.139999999999999902 ) ) ;
#798 = EDGE_CURVE ( 'NONE', #4109, #3113, #1410, .T. ) ;
#799 = VERTEX_POINT ( 'NONE', #801 ) ;
#800 = EDGE_CURVE ( 'NONE', #1074, #61, #4045, .T. ) ;
#801 = CARTESIAN_POINT ( 'NONE',  ( -1.149999999999997913, -0.9999999999999997780, 0.0000000000000000000 ) ) ;
#802 = ORIENTED_EDGE ( 'NONE', *, *, #3546, .F. ) ;
#803 = PRESENTATION_STYLE_ASSIGNMENT (( #2482 ) ) ;
#804 = ORIENTED_EDGE ( 'NONE', *, *, #1569, .F. ) ;
#805 = MECHANICAL_DESIGN_GEOMETRIC_PRESENTATION_REPRESENTATION (  '', ( #1006 ), #1408 ) ;
#806 = CARTESIAN_POINT ( 'NONE',  ( -1.250000000000000222, -0.8999999999999998002, 0.05000000000000000278 ) ) ;
#807 = SURFACE_SIDE_STYLE ('',( #1111 ) ) ;
#808 = SURFACE_STYLE_FILL_AREA ( #2438 ) ;
#809 = EDGE_LOOP ( 'NONE', ( #3102, #2496, #3194, #802 ) ) ;
#810 = UNCERTAINTY_MEASURE_WITH_UNIT (LENGTH_MEASURE( 1.000000000000000082E-05 ), #473, 'distance_accuracy_value', 'NONE');
#811 = CARTESIAN_POINT ( 'NONE',  ( -0.08029270348163414228, 0.0000000000000000000, -1.139999999999999902 ) ) ;
#812 =( NAMED_UNIT ( * ) PLANE_ANGLE_UNIT ( ) SI_UNIT ( $, .RADIAN. ) );
#813 = CARTESIAN_POINT ( 'NONE',  ( -0.3339512400669996661, -0.1119417249417222343, -1.149999999999999911 ) ) ;
#814 = ORIENTED_EDGE ( 'NONE', *, *, #513, .T. ) ;
#815 =( LENGTH_UNIT ( ) NAMED_UNIT ( * ) SI_UNIT ( .MILLI., .METRE. ) );
#816 = UNCERTAINTY_MEASURE_WITH_UNIT (LENGTH_MEASURE( 1.000000000000000082E-05 ), #1896, 'distance_accuracy_value', 'NONE');
#817 = SURFACE_STYLE_FILL_AREA ( #520 ) ;
#818 = ORIENTED_EDGE ( 'NONE', *, *, #671, .F. ) ;
#819 =( NAMED_UNIT ( * ) SI_UNIT ( $, .STERADIAN. ) SOLID_ANGLE_UNIT ( ) );
#820 = PRESENTATION_LAYER_ASSIGNMENT (  '', '', ( #1552 ) ) ;
#821 = SURFACE_STYLE_USAGE ( .BOTH. , #1925 ) ;
#822 = ORIENTED_EDGE ( 'NONE', *, *, #614, .T. ) ;
#823 = FACE_OUTER_BOUND ( 'NONE', #3334, .T. ) ;
#824 = LINE ( 'NONE', #2118, #3821 ) ;
#825 = AXIS2_PLACEMENT_3D ( 'NONE', #1702, #2967, #1992 ) ;
#826 = AXIS2_PLACEMENT_3D ( 'NONE', #339, #2965, #1002 ) ;
#827 = DIRECTION ( 'NONE',  ( 1.000000000000000000, 1.762894199090967268E-14, 0.0000000000000000000 ) ) ;
#828 = VECTOR ( 'NONE', #504, 1000.000000000000000 ) ;
#829 = COLOUR_RGB ( '',1.000000000000000000, 1.000000000000000000, 1.000000000000000000 ) ;
#830 = ORIENTED_EDGE ( 'NONE', *, *, #1612, .F. ) ;
#831 = PRESENTATION_STYLE_ASSIGNMENT (( #495 ) ) ;
#832 = COLOUR_RGB ( '',1.000000000000000000, 1.000000000000000000, 1.000000000000000000 ) ;
#833 = CIRCLE ( 'NONE', #3428, 0.1000000000000000472 ) ;
#834 = CARTESIAN_POINT ( 'NONE',  ( 0.05629266237202701362, 0.05574120188754583261, -1.149999999999999911 ) ) ;
#835 = PRESENTATION_LAYER_ASSIGNMENT (  '', '', ( #288 ) ) ;
#836 = STYLED_ITEM ( 'NONE', ( #3385 ), #916 ) ;
#837 = ORIENTED_EDGE ( 'NONE', *, *, #3965, .F. ) ;
#838 = FILL_AREA_STYLE_COLOUR ( '', #969 ) ;
#839 = ADVANCED_FACE ( 'NONE', ( #1098 ), #1080, .T. ) ;
#840 = CARTESIAN_POINT ( 'NONE',  ( 0.1741653606674689048, -0.03779071538182546264, -1.139999999999999902 ) ) ;
#841 = PRESENTATION_STYLE_ASSIGNMENT (( #3999 ) ) ;
#842 =( NAMED_UNIT ( * ) PLANE_ANGLE_UNIT ( ) SI_UNIT ( $, .RADIAN. ) );
#843 = EDGE_CURVE ( 'NONE', #1339, #653, #3698, .T. ) ;
#844 = ORIENTED_EDGE ( 'NONE', *, *, #275, .F. ) ;
#845 = CARTESIAN_POINT ( 'NONE',  ( -0.1559024595791953793, -0.07264633198779084367, -1.149999999999999911 ) ) ;
#846 = DIRECTION ( 'NONE',  ( 0.0000000000000000000, -0.0000000000000000000, -1.000000000000000000 ) ) ;
#847 = CARTESIAN_POINT ( 'NONE',  ( 0.05629266237202733975, 0.08257047018022867224, -1.139999999999999902 ) ) ;
#848 = ORIENTED_EDGE ( 'NONE', *, *, #1705, .F. ) ;
#849 = SURFACE_STYLE_FILL_AREA ( #3468 ) ;
#850 = CARTESIAN_POINT ( 'NONE',  ( -0.1559024595791952683, -0.08999050542952535814, -1.139999999999999902 ) ) ;
#851 = CARTESIAN_POINT ( 'NONE',  ( 0.6500000000000003553, 0.9900000000000002132, -5.523452378719428957 ) ) ;
#852 = LINE ( 'NONE', #4096, #904 ) ;
#853 = UNCERTAINTY_MEASURE_WITH_UNIT (LENGTH_MEASURE( 1.000000000000000082E-05 ), #4076, 'distance_accuracy_value', 'NONE');
#854 = LINE ( 'NONE', #4200, #690 ) ;
#855 = DIRECTION ( 'NONE',  ( 5.421010862427522170E-17, 1.000000000000000000, 0.0000000000000000000 ) ) ;
#856 = ORIENTED_EDGE ( 'NONE', *, *, #3502, .T. ) ;
#857 = CARTESIAN_POINT ( 'NONE',  ( -0.1855137400670001380, 0.08805827505827965029, -1.149999999999999911 ) ) ;
#858 = EDGE_CURVE ( 'NONE', #2080, #1360, #3158, .T. ) ;
#859 = CARTESIAN_POINT ( 'NONE',  ( 0.2034411640655234277, -0.03281612811326204554, -1.149999999999999911 ) ) ;
#860 = CARTESIAN_POINT ( 'NONE',  ( -0.4071219717743187472, 0.08805827505827738821, -1.139999999999999902 ) ) ;
#861 = DIRECTION ( 'NONE',  ( -1.000000000000000000, 1.034665349087449765E-14, 0.0000000000000000000 ) ) ;
#862 = EDGE_LOOP ( 'NONE', ( #2264, #3700, #1230, #3465, #2305 ) ) ;
#863 = CARTESIAN_POINT ( 'NONE',  ( -0.08517075226212106331, 0.06610705554608434231, -1.149999999999999911 ) ) ;
#864 = EDGE_CURVE ( 'NONE', #4053, #3082, #1120, .T. ) ;
#865 = EDGE_CURVE ( 'NONE', #2968, #3641, #3026, .T. ) ;
#866 = CARTESIAN_POINT ( 'NONE',  ( 0.1033582111525163522, 0.09049729944852027974, -1.149999999999999911 ) ) ;
#867 = CARTESIAN_POINT ( 'NONE',  ( 1.249999999999999778, -0.8999999999999998002, 2.088061301782110135 ) ) ;
#868 = ORIENTED_EDGE ( 'NONE', *, *, #3732, .T. ) ;
#869 = MECHANICAL_DESIGN_GEOMETRIC_PRESENTATION_REPRESENTATION (  '', ( #471 ), #4133 ) ;
#870 = FILL_AREA_STYLE_COLOUR ( '', #1834 ) ;
#871 = CARTESIAN_POINT ( 'NONE',  ( 0.1028791880440825535, -0.1141453268817513161, -1.149999999999999911 ) ) ;
#872 = LINE ( 'NONE', #533, #155 ) ;
#873 = LINE ( 'NONE', #2179, #4168 ) ;
#874 = DIRECTION ( 'NONE',  ( 0.0000000000000000000, 1.000000000000000000, -0.0000000000000000000 ) ) ;
#875 = DIRECTION ( 'NONE',  ( 1.000000000000000000, -5.421010862427522170E-17, 0.0000000000000000000 ) ) ;
#876 = VERTEX_POINT ( 'NONE', #2046 ) ;
#877 = CARTESIAN_POINT ( 'NONE',  ( 0.1668699343695708714, -0.08021047688192467495, -1.149999999999999911 ) ) ;
#878 = SURFACE_STYLE_USAGE ( .BOTH. , #3481 ) ;
#879 = CARTESIAN_POINT ( 'NONE',  ( -0.4656585571401714030, -0.06194172494172406340, -1.139999999999999902 ) ) ;
#880 = CARTESIAN_POINT ( 'NONE',  ( -0.3668145530751306671, -0.05584416396611274064, -1.149999999999999911 ) ) ;
#881 = ORIENTED_EDGE ( 'NONE', *, *, #3237, .F. ) ;
#882 = CIRCLE ( 'NONE', #3196, 0.1000000000000000472 ) ;
#883 = FILL_AREA_STYLE ('',( #1198 ) ) ;
#884 = CARTESIAN_POINT ( 'NONE',  ( -0.3928308132377331674, 0.06366803115583849482, -1.139999999999999902 ) ) ;
#885 = PRESENTATION_LAYER_ASSIGNMENT (  '', '', ( #2395 ) ) ;
#886 = CARTESIAN_POINT ( 'NONE',  ( -0.1834558132377316075, -0.1119417249417206106, -1.149999999999999911 ) ) ;
#887 = ADVANCED_FACE ( 'NONE', ( #420 ), #1713, .T. ) ;
#888 = VECTOR ( 'NONE', #1331, 1000.000000000000000 ) ;
#889 = VERTEX_POINT ( 'NONE', #2089 ) ;
#890 = MECHANICAL_DESIGN_GEOMETRIC_PRESENTATION_REPRESENTATION (  '', ( #3349 ), #763 ) ;
#891 = MECHANICAL_DESIGN_GEOMETRIC_PRESENTATION_REPRESENTATION (  '', ( #686 ), #1285 ) ;
#892 = CARTESIAN_POINT ( 'NONE',  ( -0.1559024595791951850, 0.06610705554608459211, -1.139999999999999902 ) ) ;
#893 = CARTESIAN_POINT ( 'NONE',  ( 1.149999999999999911, 1.000000000000000222, 0.05000000000000000278 ) ) ;
#894 = MECHANICAL_DESIGN_GEOMETRIC_PRESENTATION_REPRESENTATION (  '', ( #767 ), #3275 ) ;
#895 = PRESENTATION_STYLE_ASSIGNMENT (( #645 ) ) ;
#896 = VECTOR ( 'NONE', #29, 1000.000000000000000 ) ;
#897 =( GEOMETRIC_REPRESENTATION_CONTEXT ( 3 ) GLOBAL_UNCERTAINTY_ASSIGNED_CONTEXT ( ( #937 ) ) GLOBAL_UNIT_ASSIGNED_CONTEXT ( ( #3992, #764, #107 ) ) REPRESENTATION_CONTEXT ( 'NONE', 'WORKASPACE' ) );
#898 = CARTESIAN_POINT ( 'NONE',  ( 0.05629266237202766587, 0.08257047018022867224, -1.149999999999999911 ) ) ;
#899 = EDGE_CURVE ( 'NONE', #3107, #3769, #925, .T. ) ;
#900 = MECHANICAL_DESIGN_GEOMETRIC_PRESENTATION_REPRESENTATION (  '', ( #1496 ), #496 ) ;
#901 = AXIS2_PLACEMENT_3D ( 'NONE', #4049, #4069, #2434 ) ;
#902 = FACE_OUTER_BOUND ( 'NONE', #1711, .T. ) ;
#903 = EDGE_LOOP ( 'NONE', ( #293, #1346, #4123, #1007 ) ) ;
#904 = VECTOR ( 'NONE', #2466, 1000.000000000000000 ) ;
#905 = AXIS2_PLACEMENT_3D ( 'NONE', #1434, #2707, #1687 ) ;
#906 = CARTESIAN_POINT ( 'NONE',  ( -0.08029270348163414228, -0.02169782250269610205, -1.149999999999999911 ) ) ;
#907 = CARTESIAN_POINT ( 'NONE',  ( -0.1559024595791952961, 0.01407453522088128635, -1.149999999999999911 ) ) ;
#908 = CARTESIAN_POINT ( 'NONE',  ( -0.3597896547011470991, -0.03389294445391744653, -1.149999999999999911 ) ) ;
#909 = CARTESIAN_POINT ( 'NONE',  ( -0.08517075226212106331, 0.06610705554608393986, -1.139999999999999902 ) ) ;
#910 = CARTESIAN_POINT ( 'NONE',  ( -1.250000000000000222, 0.9000000000000002442, 0.05000000000000000278 ) ) ;
#911 = EDGE_LOOP ( 'NONE', ( #641, #280, #4101, #2436 ) ) ;
#912 = VECTOR ( 'NONE', #2485, 1000.000000000000000 ) ;
#913 = CARTESIAN_POINT ( 'NONE',  ( 0.09433978703806478183, 0.09028474020443702508, -1.149999999999999911 ) ) ;
#914 = CARTESIAN_POINT ( 'NONE',  ( -1.150000000000000133, -0.8999999999999998002, 0.0000000000000000000 ) ) ;
#915 = FILL_AREA_STYLE ('',( #3553 ) ) ;
#916 = ADVANCED_FACE ( 'NONE', ( #3629, #1731 ), #1404, .F. ) ;
#917 = ORIENTED_EDGE ( 'NONE', *, *, #2248, .T. ) ;
#918 = PLANE ( 'NONE',  #826 ) ;
#919 = FILL_AREA_STYLE ('',( #3221 ) ) ;
#920 = EDGE_CURVE ( 'NONE', #379, #1733, #1683, .T. ) ;
#921 = ORIENTED_EDGE ( 'NONE', *, *, #3377, .T. ) ;
#922 = MECHANICAL_DESIGN_GEOMETRIC_PRESENTATION_REPRESENTATION (  '', ( #188 ), #3844 ) ;
#923 = CARTESIAN_POINT ( 'NONE',  ( -0.3928308132377331674, 0.06366803115583849482, -1.139999999999999902 ) ) ;
#924 = ORIENTED_EDGE ( 'NONE', *, *, #606, .F. ) ;
#925 = B_SPLINE_CURVE_WITH_KNOTS ( 'NONE', 3,
 ( #2336, #718, #2969, #3987, #2358, #1092 ),
 .UNSPECIFIED., .F., .F.,
 ( 4, 1, 1, 4 ),
 ( 0.0000000000000000000, 0.3342847945579491831, 0.6666278455328259467, 1.000000000000000000 ),
 .UNSPECIFIED. ) ;
#926 = FILL_AREA_STYLE_COLOUR ( '', #2333 ) ;
#927 = DIRECTION ( 'NONE',  ( 1.000000000000000000, 0.0000000000000000000, 0.0000000000000000000 ) ) ;
#928 = EDGE_CURVE ( 'NONE', #1096, #3860, #1022, .T. ) ;
#929 = DIRECTION ( 'NONE',  ( 0.0000000000000000000, -0.0000000000000000000, -1.000000000000000000 ) ) ;
#930 = FACE_OUTER_BOUND ( 'NONE', #3867, .T. ) ;
#931 = ORIENTED_EDGE ( 'NONE', *, *, #1229, .T. ) ;
#932 = CARTESIAN_POINT ( 'NONE',  ( 0.2977560770061705719, -0.08999050542953497545, -1.149999999999999911 ) ) ;
#933 = CARTESIAN_POINT ( 'NONE',  ( -0.1290731912865124009, -0.09527505827505373948, -1.149999999999999911 ) ) ;
#934 = CARTESIAN_POINT ( 'NONE',  ( -0.2547912666337378562, -0.07480057236189924241, -1.139999999999999902 ) ) ;
#935 = SURFACE_STYLE_USAGE ( .BOTH. , #297 ) ;
#936 = CARTESIAN_POINT ( 'NONE',  ( -1.150000000000000133, 0.9000000000000002442, -1.159999999999999920 ) ) ;
#937 = UNCERTAINTY_MEASURE_WITH_UNIT (LENGTH_MEASURE( 1.000000000000000082E-05 ), #3992, 'distance_accuracy_value', 'NONE');
#938 = DIRECTION ( 'NONE',  ( 1.000000000000000000, 0.0000000000000000000, 0.0000000000000000000 ) ) ;
#939 =( NAMED_UNIT ( * ) PLANE_ANGLE_UNIT ( ) SI_UNIT ( $, .RADIAN. ) );
#940 = VERTEX_POINT ( 'NONE', #371 ) ;
#941 = ADVANCED_FACE ( 'NONE', ( #3650 ), #3671, .F. ) ;
#942 = FILL_AREA_STYLE_COLOUR ( '', #3192 ) ;
#943 =( LENGTH_UNIT ( ) NAMED_UNIT ( * ) SI_UNIT ( .MILLI., .METRE. ) );
#944 = ORIENTED_EDGE ( 'NONE', *, *, #3384, .T. ) ;
#945 =( NAMED_UNIT ( * ) PLANE_ANGLE_UNIT ( ) SI_UNIT ( $, .RADIAN. ) );
#946 = FILL_AREA_STYLE ('',( #1581 ) ) ;
#947 = LINE ( 'NONE', #1755, #1127 ) ;
#948 = FILL_AREA_STYLE ('',( #3905 ) ) ;
#949 =( NAMED_UNIT ( * ) PLANE_ANGLE_UNIT ( ) SI_UNIT ( $, .RADIAN. ) );
#950 = ORIENTED_EDGE ( 'NONE', *, *, #2807, .F. ) ;
#951 =( LENGTH_UNIT ( ) NAMED_UNIT ( * ) SI_UNIT ( .MILLI., .METRE. ) );
#952 = CARTESIAN_POINT ( 'NONE',  ( 0.1113231501769017945, -0.1143807493319668328, -1.149999999999999911 ) ) ;
#953 = DIRECTION ( 'NONE',  ( 1.558917082035586215E-14, 1.000000000000000000, 0.0000000000000000000 ) ) ;
#954 = ORIENTED_EDGE ( 'NONE', *, *, #2635, .F. ) ;
#955 = STYLED_ITEM ( 'NONE', ( #2783 ), #3497 ) ;
#956 = MECHANICAL_DESIGN_GEOMETRIC_PRESENTATION_REPRESENTATION (  '', ( #2543 ), #156 ) ;
#957 = COLOUR_RGB ( '',1.000000000000000000, 1.000000000000000000, 1.000000000000000000 ) ;
#958 = MECHANICAL_DESIGN_GEOMETRIC_PRESENTATION_REPRESENTATION (  '', ( #1492 ), #697 ) ;
#959 =( LENGTH_UNIT ( ) NAMED_UNIT ( * ) SI_UNIT ( .MILLI., .METRE. ) );
#960 = CARTESIAN_POINT ( 'NONE',  ( 0.2034411640655234277, -0.03281612811326204554, -1.139999999999999902 ) ) ;
#961 = DIRECTION ( 'NONE',  ( 0.9466707760722481435, 0.3222024856061283526, 0.0000000000000000000 ) ) ;
#962 = VERTEX_POINT ( 'NONE', #3307 ) ;
#963 =( NAMED_UNIT ( * ) PLANE_ANGLE_UNIT ( ) SI_UNIT ( $, .RADIAN. ) );
#964 = VECTOR ( 'NONE', #51, 1000.000000000000000 ) ;
#965 = EDGE_CURVE ( 'NONE', #679, #2420, #1398, .T. ) ;
#966 = VERTEX_POINT ( 'NONE', #2781 ) ;
#967 =( LENGTH_UNIT ( ) NAMED_UNIT ( * ) SI_UNIT ( .MILLI., .METRE. ) );
#968 = SURFACE_STYLE_USAGE ( .BOTH. , #329 ) ;
#969 = COLOUR_RGB ( '',1.000000000000000000, 1.000000000000000000, 1.000000000000000000 ) ;
#970 = B_SPLINE_CURVE_WITH_KNOTS ( 'NONE', 3,
 ( #1920, #4199, #3852, #666, #321 ),
 .UNSPECIFIED., .F., .F.,
 ( 4, 1, 4 ),
 ( 0.0000000000000000000, 0.5000000000000011102, 0.9999933870967741001 ),
 .UNSPECIFIED. ) ;
#971 = LINE ( 'NONE', #1042, #2012 ) ;
#972 = CARTESIAN_POINT ( 'NONE',  ( -0.4851707522621215296, -0.1119417249417246213, -1.149999999999999911 ) ) ;
#973 = CARTESIAN_POINT ( 'NONE',  ( -0.4607805083596825391, -0.1119417249417241633, -1.149999999999999911 ) ) ;
#974 = AXIS2_PLACEMENT_3D ( 'NONE', #443, #689, #3939 ) ;
#975 = CARTESIAN_POINT ( 'NONE',  ( -0.1834558132377316075, -0.1119417249417205135, -1.139999999999999902 ) ) ;
#976 = EDGE_LOOP ( 'NONE', ( #2952, #3555, #2683, #3166, #2217, #2229 ) ) ;
#977 = PRESENTATION_STYLE_ASSIGNMENT (( #2919 ) ) ;
#978 = CARTESIAN_POINT ( 'NONE',  ( -0.2834166479036044350, -0.06518906807683144677, -1.149999999999999911 ) ) ;
#979 = SURFACE_STYLE_USAGE ( .BOTH. , #2321 ) ;
#980 = CARTESIAN_POINT ( 'NONE',  ( -0.3709371123210086219, -0.03389294445391757837, -1.149999999999999911 ) ) ;
#981 = EDGE_CURVE ( 'NONE', #3097, #4128, #4090, .T. ) ;
#982 = PRESENTATION_STYLE_ASSIGNMENT (( #3622 ) ) ;
#983 = CARTESIAN_POINT ( 'NONE',  ( 1.149999999999999911, -0.9999999999999997780, 0.0000000000000000000 ) ) ;
#984 = LINE ( 'NONE', #1338, #1026 ) ;
#985 = ORIENTED_EDGE ( 'NONE', *, *, #2237, .T. ) ;
#986 = B_SPLINE_CURVE_WITH_KNOTS ( 'NONE', 3,
 ( #4141, #3450, #529, #2214, #3486 ),
 .UNSPECIFIED., .F., .F.,
 ( 4, 1, 4 ),
 ( 0.0000000000000000000, 0.5000000000000000000, 1.000000000000000000 ),
 .UNSPECIFIED. ) ;
#987 = FILL_AREA_STYLE ('',( #3197 ) ) ;
#988 = MECHANICAL_DESIGN_GEOMETRIC_PRESENTATION_REPRESENTATION (  '', ( #1801 ), #2767 ) ;
#989 = CARTESIAN_POINT ( 'NONE',  ( 0.07939285730881213976, 0.06727867692604282135, -1.139999999999999902 ) ) ;
#990 = CARTESIAN_POINT ( 'NONE',  ( 0.6500000000000003553, 0.9900000000000002132, -1.149999999999999911 ) ) ;
#991 = AXIS2_PLACEMENT_3D ( 'NONE', #3968, #2376, #367 ) ;
#992 = DIRECTION ( 'NONE',  ( -0.0000000000000000000, 0.0000000000000000000, 1.000000000000000000 ) ) ;
#993 = EDGE_CURVE ( 'NONE', #3142, #3386, #3718, .T. ) ;
#994 =( NAMED_UNIT ( * ) PLANE_ANGLE_UNIT ( ) SI_UNIT ( $, .RADIAN. ) );
#995 = CARTESIAN_POINT ( 'NONE',  ( -0.2578516769722770663, 0.01427442430430122221, -1.139999999999999902 ) ) ;
#996 = DIRECTION ( 'NONE',  ( -0.0000000000000000000, 0.0000000000000000000, 1.000000000000000000 ) ) ;
#997 = ORIENTED_EDGE ( 'NONE', *, *, #2684, .T. ) ;
#998 =( NAMED_UNIT ( * ) PLANE_ANGLE_UNIT ( ) SI_UNIT ( $, .RADIAN. ) );
#999 = CARTESIAN_POINT ( 'NONE',  ( 0.3245853452988525789, -0.1119417249417313520, -1.149999999999999911 ) ) ;
#1000 = CARTESIAN_POINT ( 'NONE',  ( -0.6500000000000003553, -0.9899999999999997691, -5.523452378719428957 ) ) ;
#1001 = CARTESIAN_POINT ( 'NONE',  ( -0.08517075226212106331, 0.06610705554608434231, -1.149999999999999911 ) ) ;
#1002 = DIRECTION ( 'NONE',  ( 1.000000000000000000, 0.0000000000000000000, 0.0000000000000000000 ) ) ;
#1003 = CARTESIAN_POINT ( 'NONE',  ( -0.08029270348163404514, 0.0002533970094990094755, -1.149999999999999911 ) ) ;
#1004 = ORIENTED_EDGE ( 'NONE', *, *, #2558, .F. ) ;
#1005 = CARTESIAN_POINT ( 'NONE',  ( 1.149999999999999911, 0.9000000000000002442, 0.0000000000000000000 ) ) ;
#1006 = STYLED_ITEM ( 'NONE', ( #1967 ), #2583 ) ;
#1007 = ORIENTED_EDGE ( 'NONE', *, *, #239, .F. ) ;
#1008 = FACE_OUTER_BOUND ( 'NONE', #2803, .T. ) ;
#1009 = DIRECTION ( 'NONE',  ( 1.000000000000000000, -4.336808689942021187E-16, 0.0000000000000000000 ) ) ;
#1010 = CARTESIAN_POINT ( 'NONE',  ( 0.1031295526159303338, 0.06854607993632522156, -1.149999999999999911 ) ) ;
#1011 =( NAMED_UNIT ( * ) PLANE_ANGLE_UNIT ( ) SI_UNIT ( $, .RADIAN. ) );
#1012 = ORIENTED_EDGE ( 'NONE', *, *, #602, .T. ) ;
#1013 = CARTESIAN_POINT ( 'NONE',  ( 1.149999999999999689, -0.8999999999999998002, 2.088061301782110135 ) ) ;
#1014 = B_SPLINE_CURVE_WITH_KNOTS ( 'NONE', 3,
 ( #2615, #3935, #3967, #1023, #2328 ),
 .UNSPECIFIED., .F., .F.,
 ( 4, 1, 4 ),
 ( 0.0000000000000000000, 0.4999999999999995004, 0.9999940145985395379 ),
 .UNSPECIFIED. ) ;
#1015 = CARTESIAN_POINT ( 'NONE',  ( -0.1834558132377316075, -0.1119417249417206106, -1.139999999999999902 ) ) ;
#1016 = PLANE ( 'NONE',  #207 ) ;
#1017 = CARTESIAN_POINT ( 'NONE',  ( -0.2877377135656105089, 0.008537774782015188427, -1.139999999999999902 ) ) ;
#1018 = B_SPLINE_CURVE_WITH_KNOTS ( 'NONE', 3,
 ( #3910, #2320, #362, #2276, #3896 ),
 .UNSPECIFIED., .F., .F.,
 ( 4, 1, 4 ),
 ( 0.0000000000000000000, 0.5000000000000002220, 0.9999811011618753298 ),
 .UNSPECIFIED. ) ;
#1019 = DIRECTION ( 'NONE',  ( 0.0000000000000000000, -0.0000000000000000000, -1.000000000000000000 ) ) ;
#1020 = AXIS2_PLACEMENT_3D ( 'NONE', #2460, #2176, #3125 ) ;
#1021 = UNCERTAINTY_MEASURE_WITH_UNIT (LENGTH_MEASURE( 1.000000000000000082E-05 ), #2168, 'distance_accuracy_value', 'NONE');
#1022 = B_SPLINE_CURVE_WITH_KNOTS ( 'NONE', 3,
 ( #1056, #3291, #1707, #2989, #2403 ),
 .UNSPECIFIED., .F., .F.,
 ( 4, 1, 4 ),
 ( 0.0000000000000000000, 0.5000000000000016653, 0.9999953409090909240 ),
 .UNSPECIFIED. ) ;
#1023 = CARTESIAN_POINT ( 'NONE',  ( -0.4216543719657012135, -0.01996984689294268450, -1.149999999999999911 ) ) ;
#1024 =( LENGTH_UNIT ( ) NAMED_UNIT ( * ) SI_UNIT ( .MILLI., .METRE. ) );
#1025 = CARTESIAN_POINT ( 'NONE',  ( -1.150000000000000133, 0.9000000000000002442, 0.05000000000000000278 ) ) ;
#1026 = VECTOR ( 'NONE', #343, 1000.000000000000000 ) ;
#1027 = SURFACE_SIDE_STYLE ('',( #304 ) ) ;
#1028 = ADVANCED_FACE ( 'NONE', ( #4033 ), #4073, .T. ) ;
#1029 =( GEOMETRIC_REPRESENTATION_CONTEXT ( 3 ) GLOBAL_UNCERTAINTY_ASSIGNED_CONTEXT ( ( #1657 ) ) GLOBAL_UNIT_ASSIGNED_CONTEXT ( ( #2142, #2486, #1607 ) ) REPRESENTATION_CONTEXT ( 'NONE', 'WORKASPACE' ) );
#1030 = VECTOR ( 'NONE', #2853, 1000.000000000000000 ) ;
#1031 =( NAMED_UNIT ( * ) PLANE_ANGLE_UNIT ( ) SI_UNIT ( $, .RADIAN. ) );
#1032 = PRESENTATION_LAYER_ASSIGNMENT (  '', '', ( #1364 ) ) ;
#1033 = COLOUR_RGB ( '',1.000000000000000000, 1.000000000000000000, 1.000000000000000000 ) ;
#1034 = ORIENTED_EDGE ( 'NONE', *, *, #4197, .F. ) ;
#1035 = ADVANCED_FACE ( 'NONE', ( #531 ), #4158, .T. ) ;
#1036 = DIRECTION ( 'NONE',  ( -0.9406672605435452139, 0.3393303772748646474, 0.0000000000000000000 ) ) ;
#1037 =( GEOMETRIC_REPRESENTATION_CONTEXT ( 3 ) GLOBAL_UNCERTAINTY_ASSIGNED_CONTEXT ( ( #4098 ) ) GLOBAL_UNIT_ASSIGNED_CONTEXT ( ( #3432, #3767, #1392 ) ) REPRESENTATION_CONTEXT ( 'NONE', 'WORKASPACE' ) );
#1038 = PRESENTATION_STYLE_ASSIGNMENT (( #374 ) ) ;
#1039 = SURFACE_STYLE_FILL_AREA ( #3296 ) ;
#1040 = MECHANICAL_DESIGN_GEOMETRIC_PRESENTATION_REPRESENTATION (  '', ( #1491 ), #3823 ) ;
#1041 = AXIS2_PLACEMENT_3D ( 'NONE', #223, #2209, #281 ) ;
#1042 = CARTESIAN_POINT ( 'NONE',  ( -0.1559024595791952683, 0.0000000000000000000, -1.139999999999999902 ) ) ;
#1043 = CARTESIAN_POINT ( 'NONE',  ( 0.2001866714799177549, -0.06691986589347198588, -1.139999999999999902 ) ) ;
#1044 = VERTEX_POINT ( 'NONE', #1622 ) ;
#1045 = VECTOR ( 'NONE', #3634, 1000.000000000000000 ) ;
#1046 = EDGE_LOOP ( 'NONE', ( #1685, #3212, #221, #3046 ) ) ;
#1047 = DIRECTION ( 'NONE',  ( -1.495241678662560596E-15, 1.000000000000000000, 0.0000000000000000000 ) ) ;
#1048 =( NAMED_UNIT ( * ) SI_UNIT ( $, .STERADIAN. ) SOLID_ANGLE_UNIT ( ) );
#1049 = EDGE_LOOP ( 'NONE', ( #2234, #261, #796, #544, #2940, #1156, #4157, #3382, #3264, #1717 ) ) ;
#1050 = EDGE_CURVE ( 'NONE', #2505, #2578, #1953, .T. ) ;
#1051 = SURFACE_STYLE_FILL_AREA ( #3873 ) ;
#1052 =( NAMED_UNIT ( * ) PLANE_ANGLE_UNIT ( ) SI_UNIT ( $, .RADIAN. ) );
#1053 = SURFACE_STYLE_FILL_AREA ( #3969 ) ;
#1054 = PRESENTATION_STYLE_ASSIGNMENT (( #2682 ) ) ;
#1055 = ORIENTED_EDGE ( 'NONE', *, *, #143, .F. ) ;
#1056 = CARTESIAN_POINT ( 'NONE',  ( 0.01726827212812150070, -0.1119417249417212074, -1.149999999999999911 ) ) ;
#1057 = DIRECTION ( 'NONE',  ( 0.0000000000000000000, -0.0000000000000000000, -1.000000000000000000 ) ) ;
#1058 = EDGE_CURVE ( 'NONE', #2554, #3641, #2579, .T. ) ;
#1059 = ORIENTED_EDGE ( 'NONE', *, *, #3546, .T. ) ;
#1060 = DIRECTION ( 'NONE',  ( 0.0000000000000000000, 0.0000000000000000000, -1.000000000000000000 ) ) ;
#1061 = VERTEX_POINT ( 'NONE', #260 ) ;
#1062 =( GEOMETRIC_REPRESENTATION_CONTEXT ( 3 ) GLOBAL_UNCERTAINTY_ASSIGNED_CONTEXT ( ( #781 ) ) GLOBAL_UNIT_ASSIGNED_CONTEXT ( ( #1024, #1052, #389 ) ) REPRESENTATION_CONTEXT ( 'NONE', 'WORKASPACE' ) );
#1063 = ADVANCED_FACE ( 'NONE', ( #2640 ), #2926, .T. ) ;
#1064 = FILL_AREA_STYLE ('',( #3980 ) ) ;
#1065 = VERTEX_POINT ( 'NONE', #3581 ) ;
#1066 = VECTOR ( 'NONE', #1257, 1000.000000000000000 ) ;
#1067 = CARTESIAN_POINT ( 'NONE',  ( 0.05629266237202701362, 0.05574120188754583261, -1.139999999999999902 ) ) ;
#1068 = SURFACE_STYLE_FILL_AREA ( #1632 ) ;
#1069 = CARTESIAN_POINT ( 'NONE',  ( -0.2388581620952011930, 0.08233764000245000214, -1.139999999999999902 ) ) ;
#1070 = UNCERTAINTY_MEASURE_WITH_UNIT (LENGTH_MEASURE( 1.000000000000000082E-05 ), #2651, 'distance_accuracy_value', 'NONE');
#1071 = FILL_AREA_STYLE ('',( #456 ) ) ;
#1072 = CARTESIAN_POINT ( 'NONE',  ( -0.08029270348163411453, -0.01803928591733025208, -1.149999999999999911 ) ) ;
#1073 =( LENGTH_UNIT ( ) NAMED_UNIT ( * ) SI_UNIT ( .MILLI., .METRE. ) );
#1074 = VERTEX_POINT ( 'NONE', #2620 ) ;
#1075 = DIRECTION ( 'NONE',  ( 1.000000000000000000, 0.0000000000000000000, 0.0000000000000000000 ) ) ;
#1076 = CARTESIAN_POINT ( 'NONE',  ( -0.009560996164561135977, -0.07860839160838764550, -1.149999999999999911 ) ) ;
#1077 = ADVANCED_FACE ( 'NONE', ( #588 ), #345, .F. ) ;
#1078 = VERTEX_POINT ( 'NONE', #3840 ) ;
#1079 = DIRECTION ( 'NONE',  ( 0.0000000000000000000, -0.0000000000000000000, -1.000000000000000000 ) ) ;
#1080 = PLANE ( 'NONE',  #2263 ) ;
#1081 = SURFACE_STYLE_USAGE ( .BOTH. , #2753 ) ;
#1082 = VERTEX_POINT ( 'NONE', #283 ) ;
#1083 = LINE ( 'NONE', #1137, #3283 ) ;
#1084 = ORIENTED_EDGE ( 'NONE', *, *, #742, .F. ) ;
#1085 = DIRECTION ( 'NONE',  ( 0.0000000000000000000, -0.0000000000000000000, 1.000000000000000000 ) ) ;
#1086 = CARTESIAN_POINT ( 'NONE',  ( -0.08517075226212079964, 0.08805827505827945600, -1.149999999999999911 ) ) ;
#1087 = SURFACE_STYLE_USAGE ( .BOTH. , #3743 ) ;
#1088 = ORIENTED_EDGE ( 'NONE', *, *, #1505, .T. ) ;
#1089 =( NAMED_UNIT ( * ) PLANE_ANGLE_UNIT ( ) SI_UNIT ( $, .RADIAN. ) );
#1090 = CARTESIAN_POINT ( 'NONE',  ( 0.1076265038354389109, -0.09242952981977170523, -1.149999999999999911 ) ) ;
#1091 = ORIENTED_EDGE ( 'NONE', *, *, #4052, .T. ) ;
#1092 = CARTESIAN_POINT ( 'NONE',  ( 0.1113231501769017945, -0.1143807493319668328, -1.139999999999999902 ) ) ;
#1093 =( NAMED_UNIT ( * ) SI_UNIT ( $, .STERADIAN. ) SOLID_ANGLE_UNIT ( ) );
#1094 = AXIS2_PLACEMENT_3D ( 'NONE', #2953, #1547, #4162 ) ;
#1095 = COLOUR_RGB ( '',1.000000000000000000, 0.5019607843137254832, 0.0000000000000000000 ) ;
#1096 = VERTEX_POINT ( 'NONE', #3989 ) ;
#1097 = CARTESIAN_POINT ( 'NONE',  ( -0.2481692705179373293, 0.05805665706791379721, -1.139999999999999902 ) ) ;
#1098 = FACE_OUTER_BOUND ( 'NONE', #333, .T. ) ;
#1099 = CARTESIAN_POINT ( 'NONE',  ( 1.149999999999999911, 0.9000000000000002442, -1.159999999999999920 ) ) ;
#1100 = COLOUR_RGB ( '',1.000000000000000000, 1.000000000000000000, 1.000000000000000000 ) ;
#1101 = MECHANICAL_DESIGN_GEOMETRIC_PRESENTATION_REPRESENTATION (  '', ( #282 ), #1562 ) ;
#1102 = EDGE_CURVE ( 'NONE', #3721, #1459, #2239, .T. ) ;
#1103 = ORIENTED_EDGE ( 'NONE', *, *, #864, .T. ) ;
#1104 =( LENGTH_UNIT ( ) NAMED_UNIT ( * ) SI_UNIT ( .MILLI., .METRE. ) );
#1105 = COLOUR_RGB ( '',1.000000000000000000, 1.000000000000000000, 1.000000000000000000 ) ;
#1106 = EDGE_LOOP ( 'NONE', ( #1004, #1012, #660, #4184 ) ) ;
#1107 = STYLED_ITEM ( 'NONE', ( #2200 ), #3315 ) ;
#1108 = LINE ( 'NONE', #2758, #2065 ) ;
#1109 = PRESENTATION_STYLE_ASSIGNMENT (( #1124 ) ) ;
#1110 = EDGE_CURVE ( 'NONE', #653, #4085, #3292, .T. ) ;
#1111 = SURFACE_STYLE_FILL_AREA ( #3662 ) ;
#1112 = FACE_OUTER_BOUND ( 'NONE', #174, .T. ) ;
#1113 = VECTOR ( 'NONE', #4104, 1000.000000000000000 ) ;
#1114 = ORIENTED_EDGE ( 'NONE', *, *, #2937, .T. ) ;
#1115 = COLOUR_RGB ( '',0.2509803921568627416, 0.2509803921568627416, 0.2509803921568627416 ) ;
#1116 = UNCERTAINTY_MEASURE_WITH_UNIT (LENGTH_MEASURE( 1.000000000000000082E-05 ), #2738, 'distance_accuracy_value', 'NONE');
#1117 = FILL_AREA_STYLE_COLOUR ( '', #4193 ) ;
#1118 = PRODUCT_CONTEXT ( 'NONE', #638, 'mechanical' ) ;
#1119 = ORIENTED_EDGE ( 'NONE', *, *, #1110, .T. ) ;
#1120 = LINE ( 'NONE', #3338, #442 ) ;
#1121 = VERTEX_POINT ( 'NONE', #416 ) ;
#1122 = FACE_OUTER_BOUND ( 'NONE', #3733, .T. ) ;
#1123 = ORIENTED_EDGE ( 'NONE', *, *, #3763, .F. ) ;
#1124 = SURFACE_STYLE_USAGE ( .BOTH. , #3105 ) ;
#1125 = DIRECTION ( 'NONE',  ( 0.0000000000000000000, 1.000000000000000000, 0.0000000000000000000 ) ) ;
#1126 = DIRECTION ( 'NONE',  ( -1.000000000000000000, 4.228388472693465399E-14, 0.0000000000000000000 ) ) ;
#1127 = VECTOR ( 'NONE', #725, 1000.000000000000000 ) ;
#1128 = ORIENTED_EDGE ( 'NONE', *, *, #1419, .F. ) ;
#1129 = PRESENTATION_STYLE_ASSIGNMENT (( #1750 ) ) ;
#1130 = CARTESIAN_POINT ( 'NONE',  ( -0.3959413644490628603, 0.05225476541451389706, -1.149999999999999911 ) ) ;
#1131 = LINE ( 'NONE', #1173, #1472 ) ;
#1132 = ORIENTED_EDGE ( 'NONE', *, *, #3502, .F. ) ;
#1133 = CARTESIAN_POINT ( 'NONE',  ( -0.2481692705179373293, 0.05805665706791379721, -1.149999999999999911 ) ) ;
#1134 = FILL_AREA_STYLE_COLOUR ( '', #3754 ) ;
#1135 = FILL_AREA_STYLE_COLOUR ( '', #2002 ) ;
#1136 = FILL_AREA_STYLE ('',( #4103 ) ) ;
#1137 = CARTESIAN_POINT ( 'NONE',  ( -0.08517075226212106331, 0.0000000000000000000, -1.139999999999999902 ) ) ;
#1138 = SURFACE_STYLE_FILL_AREA ( #4070 ) ;
#1139 = ORIENTED_EDGE ( 'NONE', *, *, #3570, .T. ) ;
#1140 = CARTESIAN_POINT ( 'NONE',  ( 0.06613088537742493889, -0.1058918969761749179, -1.139999999999999902 ) ) ;
#1141 = CARTESIAN_POINT ( 'NONE',  ( 0.3245853452988599064, 0.08805827505826874235, -1.149999999999999911 ) ) ;
#1142 = SURFACE_STYLE_FILL_AREA ( #2159 ) ;
#1143 = UNCERTAINTY_MEASURE_WITH_UNIT (LENGTH_MEASURE( 1.000000000000000082E-05 ), #4209, 'distance_accuracy_value', 'NONE');
#1144 =( NAMED_UNIT ( * ) SI_UNIT ( $, .STERADIAN. ) SOLID_ANGLE_UNIT ( ) );
#1145 = FILL_AREA_STYLE ('',( #1117 ) ) ;
#1146 = EDGE_CURVE ( 'NONE', #2769, #35, #2020, .T. ) ;
#1147 = DIRECTION ( 'NONE',  ( 1.000000000000000000, 0.0000000000000000000, 0.0000000000000000000 ) ) ;
#1148 = SURFACE_SIDE_STYLE ('',( #817 ) ) ;
#1149 = EDGE_CURVE ( 'NONE', #1909, #2013, #3021, .T. ) ;
#1150 = EDGE_LOOP ( 'NONE', ( #1766, #1716, #171, #75 ) ) ;
#1151 = CARTESIAN_POINT ( 'NONE',  ( -0.3928308132377331674, 0.06366803115583849482, -1.139999999999999902 ) ) ;
#1152 = CIRCLE ( 'NONE', #3533, 0.1000000000000000472 ) ;
#1153 = EDGE_CURVE ( 'NONE', #735, #769, #3020, .T. ) ;
#1154 = PLANE ( 'NONE',  #3619 ) ;
#1155 =( GEOMETRIC_REPRESENTATION_CONTEXT ( 3 ) GLOBAL_UNCERTAINTY_ASSIGNED_CONTEXT ( ( #2654 ) ) GLOBAL_UNIT_ASSIGNED_CONTEXT ( ( #790, #2093, #124 ) ) REPRESENTATION_CONTEXT ( 'NONE', 'WORKASPACE' ) );
#1156 = ORIENTED_EDGE ( 'NONE', *, *, #3297, .F. ) ;
#1157 = COLOUR_RGB ( '',1.000000000000000000, 1.000000000000000000, 1.000000000000000000 ) ;
#1158 = COLOUR_RGB ( '',1.000000000000000000, 1.000000000000000000, 1.000000000000000000 ) ;
#1159 =( NAMED_UNIT ( * ) SI_UNIT ( $, .STERADIAN. ) SOLID_ANGLE_UNIT ( ) );
#1160 = CARTESIAN_POINT ( 'NONE',  ( -0.009560996164560154123, 0.0002533970094983243682, -1.149999999999999911 ) ) ;
#1161 = CARTESIAN_POINT ( 'NONE',  ( -0.009560996164560154123, 0.0000000000000000000, -1.139999999999999902 ) ) ;
#1162 = MECHANICAL_DESIGN_GEOMETRIC_PRESENTATION_REPRESENTATION (  '', ( #3955 ), #1987 ) ;
#1163 = MECHANICAL_DESIGN_GEOMETRIC_PRESENTATION_REPRESENTATION (  '', ( #1917 ), #428 ) ;
#1164 = VERTEX_POINT ( 'NONE', #105 ) ;
#1165 = B_SPLINE_CURVE_WITH_KNOTS ( 'NONE', 3,
 ( #2509, #1478, #2797, #498, #1812 ),
 .UNSPECIFIED., .F., .F.,
 ( 4, 1, 4 ),
 ( 0.0000000000000000000, 0.4999999999999996669, 0.9999772222222222950 ),
 .UNSPECIFIED. ) ;
#1166 = CARTESIAN_POINT ( 'NONE',  ( -0.4390388925060247360, -0.06519375746204887634, -1.139999999999999902 ) ) ;
#1167 = VECTOR ( 'NONE', #2162, 1000.000000000000000 ) ;
#1168 = CARTESIAN_POINT ( 'NONE',  ( -1.250000000000000222, -0.8999999999999998002, -1.159999999999999920 ) ) ;
#1169 = CARTESIAN_POINT ( 'NONE',  ( 0.06339669149454832398, -0.08309566638724734389, -1.139999999999999902 ) ) ;
#1170 = DIRECTION ( 'NONE',  ( -1.000000000000000000, -0.0000000000000000000, -0.0000000000000000000 ) ) ;
#1171 =( GEOMETRIC_REPRESENTATION_CONTEXT ( 3 ) GLOBAL_UNCERTAINTY_ASSIGNED_CONTEXT ( ( #1829 ) ) GLOBAL_UNIT_ASSIGNED_CONTEXT ( ( #2267, #1298, #2001 ) ) REPRESENTATION_CONTEXT ( 'NONE', 'WORKASPACE' ) );
#1172 = EDGE_CURVE ( 'NONE', #2968, #760, #1152, .T. ) ;
#1173 = CARTESIAN_POINT ( 'NONE',  ( -0.3046829473840728109, -0.1119417249417218596, -1.149999999999999911 ) ) ;
#1174 = EDGE_CURVE ( 'NONE', #1044, #1878, #3601, .T. ) ;
#1175 = LINE ( 'NONE', #2498, #4039 ) ;
#1176 = CARTESIAN_POINT ( 'NONE',  ( -0.3943550263024410141, -0.05584416396611308758, -1.149999999999999911 ) ) ;
#1177 = B_SPLINE_CURVE_WITH_KNOTS ( 'NONE', 3,
 ( #2169, #4137, #879, #2827, #1194, #1209, #860 ),
 .UNSPECIFIED., .F., .F.,
 ( 4, 1, 1, 1, 4 ),
 ( 0.0000000000000000000, 0.2499999999999990563, 0.4999999999999993339, 0.7499999999999997780, 1.000000000000000000 ),
 .UNSPECIFIED. ) ;
#1178 = AXIS2_PLACEMENT_3D ( 'NONE', #2631, #1350, #93 ) ;
#1179 = LINE ( 'NONE', #2831, #1736 ) ;
#1180 = CARTESIAN_POINT ( 'NONE',  ( 0.09433933569173325040, 0.09028472956552423268, -1.149999999999999911 ) ) ;
#1181 = DIRECTION ( 'NONE',  ( -1.204669080539449344E-16, -1.000000000000000000, -0.0000000000000000000 ) ) ;
#1182 = CARTESIAN_POINT ( 'NONE',  ( 0.07824195844584785897, 0.08990532333143148869, -1.139999999999999902 ) ) ;
#1183 = VERTEX_POINT ( 'NONE', #2360 ) ;
#1184 = PRESENTATION_STYLE_ASSIGNMENT (( #2218 ) ) ;
#1185 = CARTESIAN_POINT ( 'NONE',  ( 0.2977560770061705719, -0.08999050542953497545, -1.149999999999999911 ) ) ;
#1186 = CARTESIAN_POINT ( 'NONE',  ( -0.3934432639038140112, 0.06159903416165953688, -1.149999999999999911 ) ) ;
#1187 = UNCERTAINTY_MEASURE_WITH_UNIT (LENGTH_MEASURE( 1.000000000000000082E-05 ), #63, 'distance_accuracy_value', 'NONE');
#1188 = AXIS2_PLACEMENT_3D ( 'NONE', #2701, #32, #3984 ) ;
#1189 = SURFACE_SIDE_STYLE ('',( #257 ) ) ;
#1190 = PLANE ( 'NONE',  #2298 ) ;
#1191 = ORIENTED_EDGE ( 'NONE', *, *, #1200, .T. ) ;
#1192 = ADVANCED_FACE ( 'NONE', ( #3672 ), #2274, .T. ) ;
#1193 = PLANE ( 'NONE',  #2858 ) ;
#1194 = CARTESIAN_POINT ( 'NONE',  ( -0.4266341668962697065, 0.03805827505827692747, -1.139999999999999902 ) ) ;
#1195 = DIRECTION ( 'NONE',  ( -5.421010862427522170E-17, -1.000000000000000000, 0.0000000000000000000 ) ) ;
#1196 = ORIENTED_EDGE ( 'NONE', *, *, #2552, .F. ) ;
#1197 = SURFACE_STYLE_USAGE ( .BOTH. , #1847 ) ;
#1198 = FILL_AREA_STYLE_COLOUR ( '', #2636 ) ;
#1199 = PRESENTATION_STYLE_ASSIGNMENT (( #1849 ) ) ;
#1200 = EDGE_CURVE ( 'NONE', #268, #1183, #3509, .T. ) ;
#1201 = EDGE_LOOP ( 'NONE', ( #3398, #1895, #3933, #568 ) ) ;
#1202 = CARTESIAN_POINT ( 'NONE',  ( 0.06613121871089787385, -0.1058920432087707975, -1.149999999999999911 ) ) ;
#1203 =( LENGTH_UNIT ( ) NAMED_UNIT ( * ) SI_UNIT ( .MILLI., .METRE. ) );
#1204 = DIRECTION ( 'NONE',  ( -1.000000000000000000, 0.0000000000000000000, 0.0000000000000000000 ) ) ;
#1205 = LINE ( 'NONE', #1523, #1857 ) ;
#1206 = PLANE ( 'NONE',  #3693 ) ;
#1207 = ORIENTED_EDGE ( 'NONE', *, *, #1692, .F. ) ;
#1208 =( NAMED_UNIT ( * ) SI_UNIT ( $, .STERADIAN. ) SOLID_ANGLE_UNIT ( ) );
#1209 = CARTESIAN_POINT ( 'NONE',  ( -0.4136260368149691780, 0.07139160839161055871, -1.139999999999999902 ) ) ;
#1210 = DIRECTION ( 'NONE',  ( 1.000000000000000000, 4.336808689942040416E-16, 0.0000000000000000000 ) ) ;
#1211 =( GEOMETRIC_REPRESENTATION_CONTEXT ( 3 ) GLOBAL_UNCERTAINTY_ASSIGNED_CONTEXT ( ( #3154 ) ) GLOBAL_UNIT_ASSIGNED_CONTEXT ( ( #1498, #3414, #180 ) ) REPRESENTATION_CONTEXT ( 'NONE', 'WORKASPACE' ) );
#1212 = CIRCLE ( 'NONE', #617, 0.1000000000000000472 ) ;
#1213 = ADVANCED_FACE ( 'NONE', ( #3302 ), #3958, .T. ) ;
#1214 = DIRECTION ( 'NONE',  ( 3.562272480419838624E-14, 1.000000000000000000, 0.0000000000000000000 ) ) ;
#1215 = CARTESIAN_POINT ( 'NONE',  ( 1.250000000000000000, 0.9000000000000002442, 2.088061301782110135 ) ) ;
#1216 = SURFACE_SIDE_STYLE ('',( #511 ) ) ;
#1217 = PRESENTATION_LAYER_ASSIGNMENT (  '', '', ( #4026 ) ) ;
#1218 = CARTESIAN_POINT ( 'NONE',  ( 1.249999999999999778, -0.8999999999999998002, -1.159999999999999920 ) ) ;
#1219 = CARTESIAN_POINT ( 'NONE',  ( 0.0000000000000000000, 0.0000000000000000000, -1.149999999999999911 ) ) ;
#1220 = VERTEX_POINT ( 'NONE', #613 ) ;
#1221 =( GEOMETRIC_REPRESENTATION_CONTEXT ( 3 ) GLOBAL_UNCERTAINTY_ASSIGNED_CONTEXT ( ( #1793 ) ) GLOBAL_UNIT_ASSIGNED_CONTEXT ( ( #959, #3254, #3576 ) ) REPRESENTATION_CONTEXT ( 'NONE', 'WORKASPACE' ) );
#1222 = ADVANCED_FACE ( 'NONE', ( #1262 ), #2835, .T. ) ;
#1223 = CARTESIAN_POINT ( 'NONE',  ( -0.1290731912865122344, 0.03805827505827961282, -1.149999999999999911 ) ) ;
#1224 =( GEOMETRIC_REPRESENTATION_CONTEXT ( 3 ) GLOBAL_UNCERTAINTY_ASSIGNED_CONTEXT ( ( #1356 ) ) GLOBAL_UNIT_ASSIGNED_CONTEXT ( ( #1244, #1611, #2609 ) ) REPRESENTATION_CONTEXT ( 'NONE', 'WORKASPACE' ) );
#1225 = VECTOR ( 'NONE', #391, 1000.000000000000000 ) ;
#1226 = COLOUR_RGB ( '',1.000000000000000000, 1.000000000000000000, 1.000000000000000000 ) ;
#1227 = UNCERTAINTY_MEASURE_WITH_UNIT (LENGTH_MEASURE( 1.000000000000000082E-05 ), #1754, 'distance_accuracy_value', 'NONE');
#1228 = SURFACE_STYLE_USAGE ( .BOTH. , #4155 ) ;
#1229 = EDGE_CURVE ( 'NONE', #889, #2593, #1267, .T. ) ;
#1230 = ORIENTED_EDGE ( 'NONE', *, *, #3449, .F. ) ;
#1231 = STYLED_ITEM ( 'NONE', ( #1828 ), #289 ) ;
#1232 = PRESENTATION_STYLE_ASSIGNMENT (( #2886 ) ) ;
#1233 = DIRECTION ( 'NONE',  ( 0.0000000000000000000, 0.0000000000000000000, -1.000000000000000000 ) ) ;
#1234 =( GEOMETRIC_REPRESENTATION_CONTEXT ( 3 ) GLOBAL_UNCERTAINTY_ASSIGNED_CONTEXT ( ( #3495 ) ) GLOBAL_UNIT_ASSIGNED_CONTEXT ( ( #3274, #1011, #705 ) ) REPRESENTATION_CONTEXT ( 'NONE', 'WORKASPACE' ) );
#1235 = CARTESIAN_POINT ( 'NONE',  ( -0.4461463620182203882, -0.01194172494172359052, -1.149999999999999911 ) ) ;
#1236 = CARTESIAN_POINT ( 'NONE',  ( -0.009560996164561224447, -0.08999050542952556631, -1.139999999999999902 ) ) ;
#1237 = CARTESIAN_POINT ( 'NONE',  ( 0.0000000000000000000, -0.08999050542952531651, -1.139999999999999902 ) ) ;
#1238 = CARTESIAN_POINT ( 'NONE',  ( -0.02134994738407248668, 0.0002533970094984451483, -1.149999999999999911 ) ) ;
#1239 = CARTESIAN_POINT ( 'NONE',  ( 1.149999999999999911, -0.9899999999999997691, -1.149999999999999911 ) ) ;
#1240 = CARTESIAN_POINT ( 'NONE',  ( -0.2878364894036329336, -0.02802741164764253889, -1.139999999999999902 ) ) ;
#1241 = VERTEX_POINT ( 'NONE', #1067 ) ;
#1242 = PRESENTATION_LAYER_ASSIGNMENT (  '', '', ( #1801 ) ) ;
#1243 = DIRECTION ( 'NONE',  ( -1.666960840196472849E-14, 1.000000000000000000, 0.0000000000000000000 ) ) ;
#1244 =( LENGTH_UNIT ( ) NAMED_UNIT ( * ) SI_UNIT ( .MILLI., .METRE. ) );
#1245 = ADVANCED_FACE ( 'NONE', ( #3325 ), #753, .T. ) ;
#1246 = ORIENTED_EDGE ( 'NONE', *, *, #2468, .T. ) ;
#1247 = VERTEX_POINT ( 'NONE', #2081 ) ;
#1248 = FILL_AREA_STYLE_COLOUR ( '', #83 ) ;
#1249 = SURFACE_STYLE_USAGE ( .BOTH. , #1593 ) ;
#1250 = ORIENTED_EDGE ( 'NONE', *, *, #2622, .F. ) ;
#1251 =( NAMED_UNIT ( * ) SI_UNIT ( $, .STERADIAN. ) SOLID_ANGLE_UNIT ( ) );
#1252 = EDGE_CURVE ( 'NONE', #3042, #712, #1108, .T. ) ;
#1253 = ORIENTED_EDGE ( 'NONE', *, *, #899, .F. ) ;
#1254 = CARTESIAN_POINT ( 'NONE',  ( -1.150000000000000133, 1.000000000000000222, 0.05000000000000000278 ) ) ;
#1255 = CARTESIAN_POINT ( 'NONE',  ( 0.2031467769974173165, 0.002686256140171410216, -1.149999999999999911 ) ) ;
#1256 = B_SPLINE_CURVE_WITH_KNOTS ( 'NONE', 3,
 ( #2457, #472, #1764, #1140, #1443 ),
 .UNSPECIFIED., .F., .F.,
 ( 4, 1, 4 ),
 ( 0.0000000000000000000, 0.4408901428664980249, 1.000000000000000000 ),
 .UNSPECIFIED. ) ;
#1257 = DIRECTION ( 'NONE',  ( 0.0000000000000000000, -0.0000000000000000000, -1.000000000000000000 ) ) ;
#1258 = CARTESIAN_POINT ( 'NONE',  ( 0.06613088537742493889, -0.1058918969761749179, -1.149999999999999911 ) ) ;
#1259 = FILL_AREA_STYLE_COLOUR ( '', #628 ) ;
#1260 = DIRECTION ( 'NONE',  ( 0.0000000000000000000, 0.0000000000000000000, -1.000000000000000000 ) ) ;
#1261 = ORIENTED_EDGE ( 'NONE', *, *, #800, .T. ) ;
#1262 = FACE_OUTER_BOUND ( 'NONE', #4105, .T. ) ;
#1263 = PRESENTATION_STYLE_ASSIGNMENT (( #979 ) ) ;
#1264 = EDGE_LOOP ( 'NONE', ( #2347, #868, #722, #944, #103, #2521, #3344, #624, #4144, #4043 ) ) ;
#1265 = CARTESIAN_POINT ( 'NONE',  ( -0.009560996164559645849, 0.03318005961112424629, -1.149999999999999911 ) ) ;
#1266 = EDGE_CURVE ( 'NONE', #4016, #2713, #92, .T. ) ;
#1267 = B_SPLINE_CURVE_WITH_KNOTS ( 'NONE', 3,
 ( #1741, #1763, #1417, #2053, #2030 ),
 .UNSPECIFIED., .F., .F.,
 ( 4, 1, 4 ),
 ( 0.0000000000000000000, 0.5000000000000004441, 0.9999823892617378807 ),
 .UNSPECIFIED. ) ;
#1268 = CARTESIAN_POINT ( 'NONE',  ( -0.3339512400669996661, -0.1119417249417222343, -1.149999999999999911 ) ) ;
#1269 =( LENGTH_UNIT ( ) NAMED_UNIT ( * ) SI_UNIT ( .MILLI., .METRE. ) );
#1270 = CARTESIAN_POINT ( 'NONE',  ( -0.6500000000000003553, -0.9899999999999997691, -1.149999999999999911 ) ) ;
#1271 = ORIENTED_EDGE ( 'NONE', *, *, #3675, .T. ) ;
#1272 = ORIENTED_EDGE ( 'NONE', *, *, #2111, .F. ) ;
#1273 = PRESENTATION_STYLE_ASSIGNMENT (( #4206 ) ) ;
#1274 = FILL_AREA_STYLE ('',( #1518 ) ) ;
#1275 = EDGE_CURVE ( 'NONE', #1378, #3044, #792, .T. ) ;
#1276 = CARTESIAN_POINT ( 'NONE',  ( 0.1993017853266317585, 0.03941387670507293800, -1.139999999999999902 ) ) ;
#1277 = CARTESIAN_POINT ( 'NONE',  ( -0.2877377135656105089, 0.008537774782015188427, -1.149999999999999911 ) ) ;
#1278 = CYLINDRICAL_SURFACE ( 'NONE', #3552, 0.1000000000000000472 ) ;
#1279 = MECHANICAL_DESIGN_GEOMETRIC_PRESENTATION_REPRESENTATION (  '', ( #3340 ), #4 ) ;
#1280 = VERTEX_POINT ( 'NONE', #773 ) ;
#1281 = CARTESIAN_POINT ( 'NONE',  ( -0.3896295937255379038, 0.04964364091193604334, -1.149999999999999911 ) ) ;
#1282 = CARTESIAN_POINT ( 'NONE',  ( -0.009560996164560154123, 0.0002533970094983243682, -1.149999999999999911 ) ) ;
#1283 = VECTOR ( 'NONE', #1307, 1000.000000000000000 ) ;
#1284 = DIRECTION ( 'NONE',  ( 1.000000000000000000, 0.0000000000000000000, 0.0000000000000000000 ) ) ;
#1285 =( GEOMETRIC_REPRESENTATION_CONTEXT ( 3 ) GLOBAL_UNCERTAINTY_ASSIGNED_CONTEXT ( ( #256 ) ) GLOBAL_UNIT_ASSIGNED_CONTEXT ( ( #2618, #1314, #34 ) ) REPRESENTATION_CONTEXT ( 'NONE', 'WORKASPACE' ) );
#1286 = PRESENTATION_LAYER_ASSIGNMENT (  '', '', ( #3537 ) ) ;
#1287 =( GEOMETRIC_REPRESENTATION_CONTEXT ( 3 ) GLOBAL_UNCERTAINTY_ASSIGNED_CONTEXT ( ( #189 ) ) GLOBAL_UNIT_ASSIGNED_CONTEXT ( ( #2275, #708, #754 ) ) REPRESENTATION_CONTEXT ( 'NONE', 'WORKASPACE' ) );
#1288 = COLOUR_RGB ( '',1.000000000000000000, 1.000000000000000000, 1.000000000000000000 ) ;
#1289 = VECTOR ( 'NONE', #4084, 1000.000000000000000 ) ;
#1290 = SURFACE_STYLE_FILL_AREA ( #3238 ) ;
#1291 = CARTESIAN_POINT ( 'NONE',  ( 0.06339669149454832398, -0.08309566638724734389, -1.139999999999999902 ) ) ;
#1292 = ORIENTED_EDGE ( 'NONE', *, *, #396, .T. ) ;
#1293 = STYLED_ITEM ( 'NONE', ( #2710 ), #3252 ) ;
#1294 = EDGE_CURVE ( 'NONE', #1339, #3991, #3703, .T. ) ;
#1295 = PRESENTATION_STYLE_ASSIGNMENT (( #2285 ) ) ;
#1296 = SURFACE_STYLE_USAGE ( .BOTH. , #2908 ) ;
#1297 = EDGE_CURVE ( 'NONE', #4013, #1815, #3373, .T. ) ;
#1298 =( NAMED_UNIT ( * ) PLANE_ANGLE_UNIT ( ) SI_UNIT ( $, .RADIAN. ) );
#1299 = PRESENTATION_LAYER_ASSIGNMENT (  '', '', ( #2815 ) ) ;
#1300 = FILL_AREA_STYLE ('',( #356 ) ) ;
#1301 = CARTESIAN_POINT ( 'NONE',  ( 0.1028791880440825535, -0.1141453268817513161, -1.149999999999999911 ) ) ;
#1302 = FILL_AREA_STYLE ('',( #1344 ) ) ;
#1303 =( LENGTH_UNIT ( ) NAMED_UNIT ( * ) SI_UNIT ( .MILLI., .METRE. ) );
#1304 = ORIENTED_EDGE ( 'NONE', *, *, #2152, .F. ) ;
#1305 = DIRECTION ( 'NONE',  ( -1.000000000000000000, 0.0000000000000000000, 0.0000000000000000000 ) ) ;
#1306 = CARTESIAN_POINT ( 'NONE',  ( -0.2900488010426105490, -0.009426481039282364263, -1.139999999999999902 ) ) ;
#1307 = DIRECTION ( 'NONE',  ( 0.0000000000000000000, 0.0000000000000000000, -1.000000000000000000 ) ) ;
#1308 = FILL_AREA_STYLE ('',( #2279 ) ) ;
#1309 = FILL_AREA_STYLE_COLOUR ( '', #3894 ) ;
#1310 = UNCERTAINTY_MEASURE_WITH_UNIT (LENGTH_MEASURE( 1.000000000000000082E-05 ), #1532, 'distance_accuracy_value', 'NONE');
#1311 = SURFACE_SIDE_STYLE ('',( #1051 ) ) ;
#1312 = CARTESIAN_POINT ( 'NONE',  ( -0.08029270348163414228, -0.02169782250269610205, -1.149999999999999911 ) ) ;
#1313 = DIRECTION ( 'NONE',  ( 0.0000000000000000000, -0.0000000000000000000, -1.000000000000000000 ) ) ;
#1314 =( NAMED_UNIT ( * ) PLANE_ANGLE_UNIT ( ) SI_UNIT ( $, .RADIAN. ) );
#1315 = EDGE_LOOP ( 'NONE', ( #1114, #2039, #917, #1697, #70 ) ) ;
#1316 =( NAMED_UNIT ( * ) PLANE_ANGLE_UNIT ( ) SI_UNIT ( $, .RADIAN. ) );
#1317 = STYLED_ITEM ( 'NONE', ( #20 ), #2359 ) ;
#1318 = ORIENTED_EDGE ( 'NONE', *, *, #2237, .F. ) ;
#1319 = SURFACE_SIDE_STYLE ('',( #654 ) ) ;
#1320 = CARTESIAN_POINT ( 'NONE',  ( 0.05629266237202701362, 0.05574120188754583261, -1.149999999999999911 ) ) ;
#1321 = CARTESIAN_POINT ( 'NONE',  ( -0.009560996164560154123, 0.0002533970094986669219, -1.139999999999999902 ) ) ;
#1322 = ADVANCED_FACE ( 'NONE', ( #1620 ), #7, .T. ) ;
#1323 = CARTESIAN_POINT ( 'NONE',  ( -0.3924139086244914920, 0.06100745842871917179, -1.149999999999999911 ) ) ;
#1324 = SURFACE_STYLE_FILL_AREA ( #948 ) ;
#1325 = LINE ( 'NONE', #2647, #19 ) ;
#1326 = PRESENTATION_STYLE_ASSIGNMENT (( #2407 ) ) ;
#1327 = EDGE_LOOP ( 'NONE', ( #2829, #3403, #1482, #3998 ) ) ;
#1328 = DIRECTION ( 'NONE',  ( -1.000000000000000000, -1.495241678662560596E-15, 0.0000000000000000000 ) ) ;
#1329 = SURFACE_STYLE_USAGE ( .BOTH. , #402 ) ;
#1330 = FILL_AREA_STYLE_COLOUR ( '', #3162 ) ;
#1331 = DIRECTION ( 'NONE',  ( -1.000000000000000000, -0.0000000000000000000, -0.0000000000000000000 ) ) ;
#1332 =( LENGTH_UNIT ( ) NAMED_UNIT ( * ) SI_UNIT ( .MILLI., .METRE. ) );
#1333 = LINE ( 'NONE', #3871, #629 ) ;
#1334 = ORIENTED_EDGE ( 'NONE', *, *, #513, .F. ) ;
#1335 = FILL_AREA_STYLE ('',( #2353 ) ) ;
#1336 = CARTESIAN_POINT ( 'NONE',  ( -0.3095609961645606201, -0.1119417249417219290, -1.149999999999999911 ) ) ;
#1337 = CARTESIAN_POINT ( 'NONE',  ( 0.07954183690332422563, -0.09098415258697006847, -1.139999999999999902 ) ) ;
#1338 = CARTESIAN_POINT ( 'NONE',  ( -1.150000000000000133, 1.000000000000000222, -1.159999999999999920 ) ) ;
#1339 = VERTEX_POINT ( 'NONE', #1595 ) ;
#1340 = ORIENTED_EDGE ( 'NONE', *, *, #3692, .T. ) ;
#1341 = LINE ( 'NONE', #1387, #2477 ) ;
#1342 = FACE_OUTER_BOUND ( 'NONE', #2473, .T. ) ;
#1343 = CARTESIAN_POINT ( 'NONE',  ( -0.2900488010426105490, -0.009426481039282364263, -1.139999999999999902 ) ) ;
#1344 = FILL_AREA_STYLE_COLOUR ( '', #2871 ) ;
#1345 = ORIENTED_EDGE ( 'NONE', *, *, #3994, .T. ) ;
#1346 = ORIENTED_EDGE ( 'NONE', *, *, #1149, .T. ) ;
#1347 = CARTESIAN_POINT ( 'NONE',  ( -0.1853994107987075868, 0.06610705554608449497, -1.139999999999999902 ) ) ;
#1348 = ORIENTED_EDGE ( 'NONE', *, *, #506, .F. ) ;
#1349 = EDGE_CURVE ( 'NONE', #3119, #2019, #2884, .T. ) ;
#1350 = DIRECTION ( 'NONE',  ( -1.111307226797624690E-14, -1.000000000000000000, 0.0000000000000000000 ) ) ;
#1351 = FILL_AREA_STYLE_COLOUR ( '', #3410 ) ;
#1352 = PRESENTATION_STYLE_ASSIGNMENT (( #386 ) ) ;
#1353 = ORIENTED_EDGE ( 'NONE', *, *, #1587, .T. ) ;
#1354 = EDGE_CURVE ( 'NONE', #1220, #2769, #984, .T. ) ;
#1355 =( GEOMETRIC_REPRESENTATION_CONTEXT ( 3 ) GLOBAL_UNCERTAINTY_ASSIGNED_CONTEXT ( ( #3708 ) ) GLOBAL_UNIT_ASSIGNED_CONTEXT ( ( #4055, #4006, #2055 ) ) REPRESENTATION_CONTEXT ( 'NONE', 'WORKASPACE' ) );
#1356 = UNCERTAINTY_MEASURE_WITH_UNIT (LENGTH_MEASURE( 1.000000000000000082E-05 ), #1244, 'distance_accuracy_value', 'NONE');
#1357 = FILL_AREA_STYLE_COLOUR ( '', #129 ) ;
#1358 = SURFACE_SIDE_STYLE ('',( #2681 ) ) ;
#1359 = FILL_AREA_STYLE ('',( #2987 ) ) ;
#1360 = VERTEX_POINT ( 'NONE', #1660 ) ;
#1361 = FILL_AREA_STYLE_COLOUR ( '', #1721 ) ;
#1362 = PRESENTATION_LAYER_ASSIGNMENT (  '', '', ( #422 ) ) ;
#1363 = SURFACE_STYLE_USAGE ( .BOTH. , #1684 ) ;
#1364 = STYLED_ITEM ( 'NONE', ( #1038 ), #1592 ) ;
#1365 = COLOUR_RGB ( '',0.0000000000000000000, 0.0000000000000000000, 0.0000000000000000000 ) ;
#1366 = CARTESIAN_POINT ( 'NONE',  ( 0.3245853452988544108, -0.06194172494173121740, -1.149999999999999911 ) ) ;
#1367 = B_SPLINE_CURVE_WITH_KNOTS ( 'NONE', 3,
 ( #1991, #1336, #2037, #1400, #2655 ),
 .UNSPECIFIED., .F., .F.,
 ( 4, 1, 4 ),
 ( 0.0000000000000000000, 0.5000000000000000000, 0.9999819543036869707 ),
 .UNSPECIFIED. ) ;
#1368 = CARTESIAN_POINT ( 'NONE',  ( 0.0000000000000000000, 0.08805827505826982482, -1.139999999999999902 ) ) ;
#1369 = FACE_OUTER_BOUND ( 'NONE', #2839, .T. ) ;
#1370 = PRESENTATION_LAYER_ASSIGNMENT (  '', '', ( #1107 ) ) ;
#1371 = FILL_AREA_STYLE ('',( #3319 ) ) ;
#1372 = CARTESIAN_POINT ( 'NONE',  ( -0.4705364270126817794, -0.1119417249417243576, -1.149999999999999911 ) ) ;
#1373 = ORIENTED_EDGE ( 'NONE', *, *, #3057, .T. ) ;
#1374 = ORIENTED_EDGE ( 'NONE', *, *, #1050, .F. ) ;
#1375 = ORIENTED_EDGE ( 'NONE', *, *, #3186, .F. ) ;
#1376 = FACE_OUTER_BOUND ( 'NONE', #1756, .T. ) ;
#1377 =( NAMED_UNIT ( * ) PLANE_ANGLE_UNIT ( ) SI_UNIT ( $, .RADIAN. ) );
#1378 = VERTEX_POINT ( 'NONE', #3258 ) ;
#1379 = ADVANCED_FACE ( 'NONE', ( #3625 ), #3856, .T. ) ;
#1380 = FACE_OUTER_BOUND ( 'NONE', #2596, .T. ) ;
#1381 = CARTESIAN_POINT ( 'NONE',  ( 0.1741653606674689048, -0.03779071538182546264, -1.149999999999999911 ) ) ;
#1382 =( LENGTH_UNIT ( ) NAMED_UNIT ( * ) SI_UNIT ( .MILLI., .METRE. ) );
#1383 = VERTEX_POINT ( 'NONE', #1951 ) ;
#1384 = FILL_AREA_STYLE ('',( #2041 ) ) ;
#1385 =( NAMED_UNIT ( * ) PLANE_ANGLE_UNIT ( ) SI_UNIT ( $, .RADIAN. ) );
#1386 = ORIENTED_EDGE ( 'NONE', *, *, #294, .T. ) ;
#1387 = CARTESIAN_POINT ( 'NONE',  ( 0.1782438818842216055, -0.01407587128318882157, -1.149999999999999911 ) ) ;
#1388 = FILL_AREA_STYLE ('',( #108 ) ) ;
#1389 = CARTESIAN_POINT ( 'NONE',  ( 0.1707285196769033897, 0.04943319160572930832, -1.149999999999999911 ) ) ;
#1390 =( NAMED_UNIT ( * ) PLANE_ANGLE_UNIT ( ) SI_UNIT ( $, .RADIAN. ) );
#1391 = ORIENTED_EDGE ( 'NONE', *, *, #4201, .T. ) ;
#1392 =( NAMED_UNIT ( * ) SI_UNIT ( $, .STERADIAN. ) SOLID_ANGLE_UNIT ( ) );
#1393 = ORIENTED_EDGE ( 'NONE', *, *, #1964, .F. ) ;
#1394 =( LENGTH_UNIT ( ) NAMED_UNIT ( * ) SI_UNIT ( .MILLI., .METRE. ) );
#1395 = LINE ( 'NONE', #806, #721 ) ;
#1396 = CARTESIAN_POINT ( 'NONE',  ( -0.3847646045553422267, 0.08805827505827767965, -1.149999999999999911 ) ) ;
#1397 = EDGE_LOOP ( 'NONE', ( #2630, #2878, #3680, #2139 ) ) ;
#1398 = LINE ( 'NONE', #3357, #482 ) ;
#1399 = PLANE ( 'NONE',  #1558 ) ;
#1400 = CARTESIAN_POINT ( 'NONE',  ( -0.3290728391753642845, -0.1119417249417221649, -1.149999999999999911 ) ) ;
#1401 =( NAMED_UNIT ( * ) SI_UNIT ( $, .STERADIAN. ) SOLID_ANGLE_UNIT ( ) );
#1402 = DIRECTION ( 'NONE',  ( -1.000000000000000000, 0.0000000000000000000, 0.0000000000000000000 ) ) ;
#1403 = ORIENTED_EDGE ( 'NONE', *, *, #3859, .T. ) ;
#1404 = PLANE ( 'NONE',  #3742 ) ;
#1405 = EDGE_CURVE ( 'NONE', #1510, #3082, #2260, .T. ) ;
#1406 = ORIENTED_EDGE ( 'NONE', *, *, #2300, .T. ) ;
#1407 = CARTESIAN_POINT ( 'NONE',  ( -0.2606257272974397132, -0.02994113022492323264, -1.139999999999999902 ) ) ;
#1408 =( GEOMETRIC_REPRESENTATION_CONTEXT ( 3 ) GLOBAL_UNCERTAINTY_ASSIGNED_CONTEXT ( ( #2699 ) ) GLOBAL_UNIT_ASSIGNED_CONTEXT ( ( #2838, #3815, #2258 ) ) REPRESENTATION_CONTEXT ( 'NONE', 'WORKASPACE' ) );
#1409 = DIRECTION ( 'NONE',  ( 4.322167202129871880E-15, -1.000000000000000000, 0.0000000000000000000 ) ) ;
#1410 = LINE ( 'NONE', #480, #2687 ) ;
#1411 = ADVANCED_FACE ( 'NONE', ( #4012 ), #4037, .T. ) ;
#1412 = CARTESIAN_POINT ( 'NONE',  ( -0.09004880104260991336, -0.1119417249417204024, -1.149999999999999911 ) ) ;
#1413 = ORIENTED_EDGE ( 'NONE', *, *, #2415, .T. ) ;
#1414 =( NAMED_UNIT ( * ) SI_UNIT ( $, .STERADIAN. ) SOLID_ANGLE_UNIT ( ) );
#1415 = CARTESIAN_POINT ( 'NONE',  ( -0.3597896547011470991, -0.03389294445391795307, -1.139999999999999902 ) ) ;
#1416 = EDGE_LOOP ( 'NONE', ( #109, #3568, #2925, #1528, #1979, #387, #2648, #1753, #316, #2588, #3639, #2757, #3535, #3061, #1690, #1791 ) ) ;
#1417 = CARTESIAN_POINT ( 'NONE',  ( -0.1700985103922034170, -0.08999050542952534426, -1.149999999999999911 ) ) ;
#1418 = CARTESIAN_POINT ( 'NONE',  ( 0.2050731501769046117, -0.01571459079538491121, -1.149999999999999911 ) ) ;
#1419 = EDGE_CURVE ( 'NONE', #3055, #3721, #2361, .T. ) ;
#1420 = CARTESIAN_POINT ( 'NONE',  ( -0.3802927034816356300, 0.08805827505827774904, -1.149999999999999911 ) ) ;
#1421 = ORIENTED_EDGE ( 'NONE', *, *, #3904, .T. ) ;
#1422 =( NAMED_UNIT ( * ) PLANE_ANGLE_UNIT ( ) SI_UNIT ( $, .RADIAN. ) );
#1423 = CARTESIAN_POINT ( 'NONE',  ( 0.09754494656947795828, -0.09191068252923313697, -1.139999999999999902 ) ) ;
#1424 = SURFACE_STYLE_USAGE ( .BOTH. , #3037 ) ;
#1425 =( NAMED_UNIT ( * ) SI_UNIT ( $, .STERADIAN. ) SOLID_ANGLE_UNIT ( ) );
#1426 = ORIENTED_EDGE ( 'NONE', *, *, #3621, .T. ) ;
#1427 = MECHANICAL_DESIGN_GEOMETRIC_PRESENTATION_REPRESENTATION (  '', ( #2537 ), #3744 ) ;
#1428 = STYLED_ITEM ( 'NONE', ( #691 ), #1192 ) ;
#1429 = FACE_BOUND ( 'NONE', #1049, .T. ) ;
#1430 =( GEOMETRIC_REPRESENTATION_CONTEXT ( 3 ) GLOBAL_UNCERTAINTY_ASSIGNED_CONTEXT ( ( #1021 ) ) GLOBAL_UNIT_ASSIGNED_CONTEXT ( ( #2168, #1594, #3222 ) ) REPRESENTATION_CONTEXT ( 'NONE', 'WORKASPACE' ) );
#1431 = ORIENTED_EDGE ( 'NONE', *, *, #2722, .F. ) ;
#1432 = STYLED_ITEM ( 'NONE', ( #1616 ), #3463 ) ;
#1433 = COLOUR_RGB ( '',0.7529411764705882248, 0.7529411764705882248, 0.7529411764705882248 ) ;
#1434 = CARTESIAN_POINT ( 'NONE',  ( -1.250000000000000222, -0.8999999999999998002, 2.088061301782110135 ) ) ;
#1435 = CARTESIAN_POINT ( 'NONE',  ( 0.1782438818842216055, -0.01407587128318882157, -1.139999999999999902 ) ) ;
#1436 = ORIENTED_EDGE ( 'NONE', *, *, #1275, .F. ) ;
#1437 = EDGE_CURVE ( 'NONE', #2505, #2693, #3985, .T. ) ;
#1438 = CARTESIAN_POINT ( 'NONE',  ( -0.3802927034816356300, 0.08805827505827758250, -1.139999999999999902 ) ) ;
#1439 = AXIS2_PLACEMENT_3D ( 'NONE', #14, #1036, #673 ) ;
#1440 = EDGE_LOOP ( 'NONE', ( #921, #2990, #2988, #1084 ) ) ;
#1441 =( GEOMETRIC_REPRESENTATION_CONTEXT ( 3 ) GLOBAL_UNCERTAINTY_ASSIGNED_CONTEXT ( ( #1747 ) ) GLOBAL_UNIT_ASSIGNED_CONTEXT ( ( #3997, #1390, #3342 ) ) REPRESENTATION_CONTEXT ( 'NONE', 'WORKASPACE' ) );
#1442 =( NAMED_UNIT ( * ) SI_UNIT ( $, .STERADIAN. ) SOLID_ANGLE_UNIT ( ) );
#1443 = CARTESIAN_POINT ( 'NONE',  ( 0.05629266237202405765, -0.1015758712831852095, -1.139999999999999902 ) ) ;
#1444 = SURFACE_SIDE_STYLE ('',( #2778 ) ) ;
#1445 = AXIS2_PLACEMENT_3D ( 'NONE', #2204, #518, #200 ) ;
#1446 = ADVANCED_BREP_SHAPE_REPRESENTATION ( 'IND-SMD_L2.5-W2.0_MHCHL2520', ( #3713, #3764, #2393 ), #1833 ) ;
#1447 = EDGE_LOOP ( 'NONE', ( #2730, #730, #612, #4191 ) ) ;
#1448 = FILL_AREA_STYLE_COLOUR ( '', #2467 ) ;
#1449 = MECHANICAL_DESIGN_GEOMETRIC_PRESENTATION_REPRESENTATION (  '', ( #2488 ), #1234 ) ;
#1450 = UNCERTAINTY_MEASURE_WITH_UNIT (LENGTH_MEASURE( 1.000000000000000082E-05 ), #3586, 'distance_accuracy_value', 'NONE');
#1451 = DIRECTION ( 'NONE',  ( 0.0000000000000000000, -0.0000000000000000000, -1.000000000000000000 ) ) ;
#1452 = PRESENTATION_STYLE_ASSIGNMENT (( #4041 ) ) ;
#1453 = ORIENTED_EDGE ( 'NONE', *, *, #3600, .T. ) ;
#1454 = VECTOR ( 'NONE', #2568, 1000.000000000000000 ) ;
#1455 = CARTESIAN_POINT ( 'NONE',  ( 0.1668699343695708714, -0.08021047688192467495, -1.139999999999999902 ) ) ;
#1456 = ORIENTED_EDGE ( 'NONE', *, *, #3854, .F. ) ;
#1457 = CARTESIAN_POINT ( 'NONE',  ( -0.1706506968155120652, 0.06610705554608456436, -1.149999999999999911 ) ) ;
#1458 = CARTESIAN_POINT ( 'NONE',  ( 0.0000000000000000000, -0.1119417249417218596, -1.139999999999999902 ) ) ;
#1459 = VERTEX_POINT ( 'NONE', #759 ) ;
#1460 = CARTESIAN_POINT ( 'NONE',  ( -1.250000000000000222, -0.8999999999999998002, 0.0000000000000000000 ) ) ;
#1461 = CARTESIAN_POINT ( 'NONE',  ( -0.4071219717743187472, 0.08805827505827738821, -1.149999999999999911 ) ) ;
#1462 = VECTOR ( 'NONE', #1976, 1000.000000000000000 ) ;
#1463 = CARTESIAN_POINT ( 'NONE',  ( -0.3109837603922031568, -0.09527505827505521052, -1.149999999999999911 ) ) ;
#1464 = CARTESIAN_POINT ( 'NONE',  ( 0.07954183690332422563, -0.09098415258697006847, -1.149999999999999911 ) ) ;
#1465 = B_SPLINE_CURVE_WITH_KNOTS ( 'NONE', 3,
 ( #3725, #137, #757, #2146, #4034, #1463, #116 ),
 .UNSPECIFIED., .F., .F.,
 ( 4, 1, 1, 1, 4 ),
 ( 0.0000000000000000000, 0.2499999999999998612, 0.4999999999999994449, 0.7499999999999993339, 1.000000000000000000 ),
 .UNSPECIFIED. ) ;
#1466 = CARTESIAN_POINT ( 'NONE',  ( -0.009560996164561224447, 0.0000000000000000000, -1.139999999999999902 ) ) ;
#1467 = FILL_AREA_STYLE ('',( #3731 ) ) ;
#1468 = ORIENTED_EDGE ( 'NONE', *, *, #2787, .T. ) ;
#1469 = SURFACE_STYLE_FILL_AREA ( #3610 ) ;
#1470 = DIRECTION ( 'NONE',  ( 1.000000000000000000, 0.0000000000000000000, 0.0000000000000000000 ) ) ;
#1471 = ORIENTED_EDGE ( 'NONE', *, *, #338, .T. ) ;
#1472 = VECTOR ( 'NONE', #3096, 1000.000000000000000 ) ;
#1473 =( LENGTH_UNIT ( ) NAMED_UNIT ( * ) SI_UNIT ( .MILLI., .METRE. ) );
#1474 = FILL_AREA_STYLE ('',( #3376 ) ) ;
#1475 = ADVANCED_FACE ( 'NONE', ( #3362 ), #2507, .T. ) ;
#1476 = CARTESIAN_POINT ( 'NONE',  ( -0.3902528375924477211, 0.05166417437564782555, -1.149999999999999911 ) ) ;
#1477 = FACE_OUTER_BOUND ( 'NONE', #1416, .T. ) ;
#1478 = CARTESIAN_POINT ( 'NONE',  ( 0.2221463209086091684, -0.1082831883563608877, -1.149999999999999911 ) ) ;
#1479 = CARTESIAN_POINT ( 'NONE',  ( 0.0000000000000000000, -0.1119417249417204163, -1.139999999999999902 ) ) ;
#1480 = EDGE_CURVE ( 'NONE', #242, #3370, #2573, .T. ) ;
#1481 = DIRECTION ( 'NONE',  ( 1.000000000000000000, 0.0000000000000000000, 0.0000000000000000000 ) ) ;
#1482 = ORIENTED_EDGE ( 'NONE', *, *, #2294, .F. ) ;
#1483 = CARTESIAN_POINT ( 'NONE',  ( -0.08029270348163404514, 0.0002533970094990094755, -1.149999999999999911 ) ) ;
#1484 = EDGE_CURVE ( 'NONE', #1082, #1247, #4167, .T. ) ;
#1485 = VECTOR ( 'NONE', #1880, 1000.000000000000000 ) ;
#1486 = PRESENTATION_LAYER_ASSIGNMENT (  '', '', ( #3349 ) ) ;
#1487 =( GEOMETRIC_REPRESENTATION_CONTEXT ( 3 ) GLOBAL_UNCERTAINTY_ASSIGNED_CONTEXT ( ( #337 ) ) GLOBAL_UNIT_ASSIGNED_CONTEXT ( ( #951, #2293, #2942 ) ) REPRESENTATION_CONTEXT ( 'NONE', 'WORKASPACE' ) );
#1488 = CARTESIAN_POINT ( 'NONE',  ( -0.3530442278718785576, -0.05584416396611255329, -1.149999999999999911 ) ) ;
#1489 = VECTOR ( 'NONE', #313, 1000.000000000000000 ) ;
#1490 = B_SPLINE_SURFACE_WITH_KNOTS ( 'NONE', 3, 1, ( 
 ( #3440, #3775 ),
 ( #183, #1423 ),
 ( #1464, #3110 ),
 ( #4092, #1169 ),
 ( #199, #2147 ) ),
 .UNSPECIFIED., .F., .F., .F.,
 ( 4, 1, 4 ),
 ( 2, 2 ),
 ( 0.0000000000000000000, 0.5599897713734705018, 1.000000000000000000 ),
 ( 0.0000000000000000000, 1.000000000000000000 ),
 .UNSPECIFIED. ) ;
#1491 = STYLED_ITEM ( 'NONE', ( #2101 ), #3000 ) ;
#1492 = STYLED_ITEM ( 'NONE', ( #1054 ), #1475 ) ;
#1493 = FACE_OUTER_BOUND ( 'NONE', #536, .T. ) ;
#1494 = CARTESIAN_POINT ( 'NONE',  ( 0.2050731501769046117, -0.01571459079538491121, -1.139999999999999902 ) ) ;
#1495 = MECHANICAL_DESIGN_GEOMETRIC_PRESENTATION_REPRESENTATION (  '', ( #2068 ), #2191 ) ;
#1496 = STYLED_ITEM ( 'NONE', ( #22 ), #3180 ) ;
#1497 = EDGE_LOOP ( 'NONE', ( #2902, #3157, #4185, #2641, #1128 ) ) ;
#1498 =( LENGTH_UNIT ( ) NAMED_UNIT ( * ) SI_UNIT ( .MILLI., .METRE. ) );
#1499 = VECTOR ( 'NONE', #1886, 1000.000000000000000 ) ;
#1500 = VECTOR ( 'NONE', #1019, 1000.000000000000000 ) ;
#1501 = CARTESIAN_POINT ( 'NONE',  ( -0.4559024595791947299, -0.1119417249417240801, -1.149999999999999911 ) ) ;
#1502 = SURFACE_SIDE_STYLE ('',( #3417 ) ) ;
#1503 = DIRECTION ( 'NONE',  ( -1.000000000000000000, -0.0000000000000000000, -0.0000000000000000000 ) ) ;
#1504 = VECTOR ( 'NONE', #168, 1000.000000000000000 ) ;
#1505 = EDGE_CURVE ( 'NONE', #3971, #2163, #160, .T. ) ;
#1506 = DIRECTION ( 'NONE',  ( -5.421010862427522170E-17, 1.000000000000000000, 0.0000000000000000000 ) ) ;
#1507 = ORIENTED_EDGE ( 'NONE', *, *, #2759, .T. ) ;
#1508 = EDGE_CURVE ( 'NONE', #1994, #3135, #3843, .T. ) ;
#1509 = LINE ( 'NONE', #2153, #2322 ) ;
#1510 = VERTEX_POINT ( 'NONE', #990 ) ;
#1511 = CARTESIAN_POINT ( 'NONE',  ( 0.1076265038354389109, -0.09242952981977170523, -1.149999999999999911 ) ) ;
#1512 = B_SPLINE_CURVE_WITH_KNOTS ( 'NONE', 3,
 ( #1517, #609, #2526, #2503, #2173 ),
 .UNSPECIFIED., .F., .F.,
 ( 4, 1, 4 ),
 ( 0.0000000000000000000, 0.4409481981981158705, 1.000000000000000000 ),
 .UNSPECIFIED. ) ;
#1513 = CARTESIAN_POINT ( 'NONE',  ( -0.3424878254328544425, -0.01194172494172205008, -1.139999999999999902 ) ) ;
#1514 = ORIENTED_EDGE ( 'NONE', *, *, #3635, .T. ) ;
#1515 = PRESENTATION_STYLE_ASSIGNMENT (( #1197 ) ) ;
#1516 = DIRECTION ( 'NONE',  ( 0.0000000000000000000, 0.0000000000000000000, -1.000000000000000000 ) ) ;
#1517 = CARTESIAN_POINT ( 'NONE',  ( 0.1076265038354389109, -0.09242952981977170523, -1.139999999999999902 ) ) ;
#1518 = FILL_AREA_STYLE_COLOUR ( '', #3215 ) ;
#1519 = CARTESIAN_POINT ( 'NONE',  ( 0.07824195844584785897, 0.08990532333143148869, -1.139999999999999902 ) ) ;
#1520 = CARTESIAN_POINT ( 'NONE',  ( 0.2977560770061746798, 0.02870868156233492147, -1.149999999999999911 ) ) ;
#1521 = LINE ( 'NONE', #1563, #2327 ) ;
#1522 = PRESENTATION_LAYER_ASSIGNMENT (  '', '', ( #3503 ) ) ;
#1523 = CARTESIAN_POINT ( 'NONE',  ( 0.0000000000000000000, -0.03389294445391846655, -1.139999999999999902 ) ) ;
#1524 = ORIENTED_EDGE ( 'NONE', *, *, #1540, .T. ) ;
#1525 = UNCERTAINTY_MEASURE_WITH_UNIT (LENGTH_MEASURE( 1.000000000000000082E-05 ), #1104, 'distance_accuracy_value', 'NONE');
#1526 = FACE_OUTER_BOUND ( 'NONE', #4048, .T. ) ;
#1527 = DIRECTION ( 'NONE',  ( 1.000000000000000000, 0.0000000000000000000, 0.0000000000000000000 ) ) ;
#1528 = ORIENTED_EDGE ( 'NONE', *, *, #1530, .F. ) ;
#1529 = FACE_OUTER_BOUND ( 'NONE', #2339, .T. ) ;
#1530 = EDGE_CURVE ( 'NONE', #3224, #4113, #1776, .T. ) ;
#1531 = CARTESIAN_POINT ( 'NONE',  ( -0.1290731912865122344, -0.1119417249417204163, -1.149999999999999911 ) ) ;
#1532 =( LENGTH_UNIT ( ) NAMED_UNIT ( * ) SI_UNIT ( .MILLI., .METRE. ) );
#1533 = EDGE_CURVE ( 'NONE', #3313, #1383, #2193, .T. ) ;
#1534 = CARTESIAN_POINT ( 'NONE',  ( -0.09004880104261010765, -0.08999050542952531651, -1.149999999999999911 ) ) ;
#1535 = SURFACE_SIDE_STYLE ('',( #2793 ) ) ;
#1536 = ADVANCED_FACE ( 'NONE', ( #2224 ), #1883, .T. ) ;
#1537 = ORIENTED_EDGE ( 'NONE', *, *, #671, .T. ) ;
#1538 = PRESENTATION_LAYER_ASSIGNMENT (  '', '', ( #1006 ) ) ;
#1539 = CARTESIAN_POINT ( 'NONE',  ( -0.1853994107987075868, 0.06610705554608453660, -1.139999999999999902 ) ) ;
#1540 = EDGE_CURVE ( 'NONE', #2412, #2166, #1939, .T. ) ;
#1541 =( NAMED_UNIT ( * ) SI_UNIT ( $, .STERADIAN. ) SOLID_ANGLE_UNIT ( ) );
#1542 = CARTESIAN_POINT ( 'NONE',  ( 1.149999999999999911, 0.9000000000000002442, 0.05000000000000000278 ) ) ;
#1543 = CARTESIAN_POINT ( 'NONE',  ( -0.2094681869912592698, -0.08456629526713438372, -1.139999999999999902 ) ) ;
#1544 = DIRECTION ( 'NONE',  ( 1.000000000000000000, 0.0000000000000000000, 0.0000000000000000000 ) ) ;
#1545 = CARTESIAN_POINT ( 'NONE',  ( 1.149999999999999911, 1.000000000000000222, 0.05000000000000000278 ) ) ;
#1546 = EDGE_LOOP ( 'NONE', ( #575, #3366, #1946, #1576, #2754, #2456, #2993, #167 ) ) ;
#1547 = DIRECTION ( 'NONE',  ( 0.0000000000000000000, -1.000000000000000000, 0.0000000000000000000 ) ) ;
#1548 = ORIENTED_EDGE ( 'NONE', *, *, #97, .F. ) ;
#1549 = SURFACE_SIDE_STYLE ('',( #3862 ) ) ;
#1550 =( NAMED_UNIT ( * ) SI_UNIT ( $, .STERADIAN. ) SOLID_ANGLE_UNIT ( ) );
#1551 = CARTESIAN_POINT ( 'NONE',  ( 1.149999999999999689, -0.8999999999999998002, 0.0000000000000000000 ) ) ;
#1552 = STYLED_ITEM ( 'NONE', ( #1295 ), #1063 ) ;
#1553 = STYLED_ITEM ( 'NONE', ( #2569 ), #3887 ) ;
#1554 = CARTESIAN_POINT ( 'NONE',  ( -0.02297596364423606236, -0.08999050542952573284, -1.149999999999999911 ) ) ;
#1555 = FACE_OUTER_BOUND ( 'NONE', #2888, .T. ) ;
#1556 = SURFACE_SIDE_STYLE ('',( #267 ) ) ;
#1557 = VERTEX_POINT ( 'NONE', #3367 ) ;
#1558 = AXIS2_PLACEMENT_3D ( 'NONE', #2765, #3689, #1767 ) ;
#1559 = MECHANICAL_DESIGN_GEOMETRIC_PRESENTATION_REPRESENTATION (  '', ( #85 ), #3951 ) ;
#1560 = B_SPLINE_SURFACE_WITH_KNOTS ( 'NONE', 3, 1, ( 
 ( #2172, #21 ),
 ( #1258, #1583 ),
 ( #2270, #66 ),
 ( #1301, #1903 ),
 ( #2626, #2585 ) ),
 .UNSPECIFIED., .F., .F., .F.,
 ( 4, 1, 4 ),
 ( 2, 2 ),
 ( 0.0000000000000000000, 0.5591098571335020306, 1.000000000000000000 ),
 ( 0.0000000000000000000, 1.000000000000000000 ),
 .UNSPECIFIED. ) ;
#1561 = CARTESIAN_POINT ( 'NONE',  ( -0.4216544920995212165, -0.01997018022627604708, -1.139999999999999902 ) ) ;
#1562 =( GEOMETRIC_REPRESENTATION_CONTEXT ( 3 ) GLOBAL_UNCERTAINTY_ASSIGNED_CONTEXT ( ( #3190 ) ) GLOBAL_UNIT_ASSIGNED_CONTEXT ( ( #3226, #1623, #2621 ) ) REPRESENTATION_CONTEXT ( 'NONE', 'WORKASPACE' ) );
#1563 = CARTESIAN_POINT ( 'NONE',  ( 0.2050731501769046117, -0.01571459079538491121, -1.149999999999999911 ) ) ;
#1564 = VECTOR ( 'NONE', #1451, 1000.000000000000000 ) ;
#1565 = STYLED_ITEM ( 'NONE', ( #618 ), #36 ) ;
#1566 = ORIENTED_EDGE ( 'NONE', *, *, #3808, .T. ) ;
#1567 = DIRECTION ( 'NONE',  ( 0.0000000000000000000, 0.0000000000000000000, -1.000000000000000000 ) ) ;
#1568 = EDGE_LOOP ( 'NONE', ( #1639, #90, #837, #2095 ) ) ;
#1569 = EDGE_CURVE ( 'NONE', #2788, #242, #1341, .T. ) ;
#1570 = PRESENTATION_LAYER_ASSIGNMENT (  '', '', ( #2945 ) ) ;
#1571 = VECTOR ( 'NONE', #2586, 1000.000000000000000 ) ;
#1572 = B_SPLINE_CURVE_WITH_KNOTS ( 'NONE', 3,
 ( #4051, #3060, #2728, #152, #3771 ),
 .UNSPECIFIED., .F., .F.,
 ( 4, 1, 4 ),
 ( 0.0000000000000000000, 0.5000000000000006661, 0.9999933870967741001 ),
 .UNSPECIFIED. ) ;
#1573 = STYLED_ITEM ( 'NONE', ( #126 ), #122 ) ;
#1574 =( NAMED_UNIT ( * ) SI_UNIT ( $, .STERADIAN. ) SOLID_ANGLE_UNIT ( ) );
#1575 = DIRECTION ( 'NONE',  ( 0.0000000000000000000, 0.0000000000000000000, -1.000000000000000000 ) ) ;
#1576 = ORIENTED_EDGE ( 'NONE', *, *, #981, .T. ) ;
#1577 = VECTOR ( 'NONE', #3098, 1000.000000000000000 ) ;
#1578 = PLANE ( 'NONE',  #2335 ) ;
#1579 = CARTESIAN_POINT ( 'NONE',  ( -0.3916695311439116756, 0.05625704224091840344, -1.149999999999999911 ) ) ;
#1580 = MECHANICAL_DESIGN_GEOMETRIC_PRESENTATION_REPRESENTATION (  '', ( #288 ), #1930 ) ;
#1581 = FILL_AREA_STYLE_COLOUR ( '', #2943 ) ;
#1582 = CARTESIAN_POINT ( 'NONE',  ( 1.149999999999999911, -0.9899999999999997691, 0.0000000000000000000 ) ) ;
#1583 = CARTESIAN_POINT ( 'NONE',  ( 0.06613088537742493889, -0.1058918969761749179, -1.139999999999999902 ) ) ;
#1584 = DIRECTION ( 'NONE',  ( 0.9315776194850678982, -0.3635424856526870419, 0.0000000000000000000 ) ) ;
#1585 = ORIENTED_EDGE ( 'NONE', *, *, #3493, .T. ) ;
#1586 =( LENGTH_UNIT ( ) NAMED_UNIT ( * ) SI_UNIT ( .MILLI., .METRE. ) );
#1587 = EDGE_CURVE ( 'NONE', #4085, #381, #3809, .T. ) ;
#1588 = STYLED_ITEM ( 'NONE', ( #3002 ), #2047 ) ;
#1589 =( LENGTH_UNIT ( ) NAMED_UNIT ( * ) SI_UNIT ( .MILLI., .METRE. ) );
#1590 = VERTEX_POINT ( 'NONE', #2045 ) ;
#1591 = CARTESIAN_POINT ( 'NONE',  ( 0.0000000000000000000, 0.08805827505827945600, -1.139999999999999902 ) ) ;
#1592 = ADVANCED_FACE ( 'NONE', ( #2072 ), #1742, .T. ) ;
#1593 = SURFACE_SIDE_STYLE ('',( #1617 ) ) ;
#1594 =( NAMED_UNIT ( * ) PLANE_ANGLE_UNIT ( ) SI_UNIT ( $, .RADIAN. ) );
#1595 = CARTESIAN_POINT ( 'NONE',  ( 0.2977560770061736806, 0.08805827505826982482, -1.139999999999999902 ) ) ;
#1596 = ORIENTED_EDGE ( 'NONE', *, *, #2704, .F. ) ;
#1597 = VECTOR ( 'NONE', #3864, 1000.000000000000000 ) ;
#1598 = EDGE_CURVE ( 'NONE', #1121, #4056, #2903, .T. ) ;
#1599 = CARTESIAN_POINT ( 'NONE',  ( -0.3928308132377331674, 0.06366803115583849482, -1.149999999999999911 ) ) ;
#1600 = FILL_AREA_STYLE_COLOUR ( '', #1033 ) ;
#1601 = ORIENTED_EDGE ( 'NONE', *, *, #3009, .T. ) ;
#1602 = VECTOR ( 'NONE', #2443, 1000.000000000000000 ) ;
#1603 = FILL_AREA_STYLE_COLOUR ( '', #554 ) ;
#1604 = DIRECTION ( 'NONE',  ( -0.0000000000000000000, -0.0000000000000000000, 1.000000000000000000 ) ) ;
#1605 = CARTESIAN_POINT ( 'NONE',  ( 0.1217471593517711476, 0.08807529281107569219, -1.149999999999999911 ) ) ;
#1606 = DIRECTION ( 'NONE',  ( 0.0000000000000000000, -0.0000000000000000000, -1.000000000000000000 ) ) ;
#1607 =( NAMED_UNIT ( * ) SI_UNIT ( $, .STERADIAN. ) SOLID_ANGLE_UNIT ( ) );
#1608 = DIRECTION ( 'NONE',  ( 0.0000000000000000000, -0.0000000000000000000, -1.000000000000000000 ) ) ;
#1609 = ORIENTED_EDGE ( 'NONE', *, *, #843, .T. ) ;
#1610 = CARTESIAN_POINT ( 'NONE',  ( 0.6500000000000003553, -0.9999999999999995559, 2.088061301782110135 ) ) ;
#1611 =( NAMED_UNIT ( * ) PLANE_ANGLE_UNIT ( ) SI_UNIT ( $, .RADIAN. ) );
#1612 = EDGE_CURVE ( 'NONE', #2873, #2412, #2189, .T. ) ;
#1613 =( GEOMETRIC_REPRESENTATION_CONTEXT ( 3 ) GLOBAL_UNCERTAINTY_ASSIGNED_CONTEXT ( ( #4010 ) ) GLOBAL_UNIT_ASSIGNED_CONTEXT ( ( #1799, #4183, #599 ) ) REPRESENTATION_CONTEXT ( 'NONE', 'WORKASPACE' ) );
#1614 = CARTESIAN_POINT ( 'NONE',  ( 0.0000000000000000000, 0.0002533970094990094755, -1.139999999999999902 ) ) ;
#1615 = UNCERTAINTY_MEASURE_WITH_UNIT (LENGTH_MEASURE( 1.000000000000000082E-05 ), #967, 'distance_accuracy_value', 'NONE');
#1616 = PRESENTATION_STYLE_ASSIGNMENT (( #322 ) ) ;
#1617 = SURFACE_STYLE_FILL_AREA ( #919 ) ;
#1618 = LINE ( 'NONE', #3578, #2863 ) ;
#1619 = EDGE_CURVE ( 'NONE', #44, #1693, #824, .T. ) ;
#1620 = FACE_OUTER_BOUND ( 'NONE', #454, .T. ) ;
#1621 = ORIENTED_EDGE ( 'NONE', *, *, #3153, .T. ) ;
#1622 = CARTESIAN_POINT ( 'NONE',  ( -0.6500000000000003553, -0.9899999999999997691, 0.0000000000000000000 ) ) ;
#1623 =( NAMED_UNIT ( * ) PLANE_ANGLE_UNIT ( ) SI_UNIT ( $, .RADIAN. ) );
#1624 = DIRECTION ( 'NONE',  ( 1.000000000000000000, -2.963485938127051553E-14, 0.0000000000000000000 ) ) ;
#1625 = CARTESIAN_POINT ( 'NONE',  ( 0.1033582111525163522, 0.09049729944852027974, -1.139999999999999902 ) ) ;
#1626 = LINE ( 'NONE', #656, #3289 ) ;
#1627 = CARTESIAN_POINT ( 'NONE',  ( 0.6500000000000003553, -0.9999999999999995559, 0.0000000000000000000 ) ) ;
#1628 = DIRECTION ( 'NONE',  ( 0.0000000000000000000, -0.0000000000000000000, -1.000000000000000000 ) ) ;
#1629 = FILL_AREA_STYLE_COLOUR ( '', #1115 ) ;
#1630 = VERTEX_POINT ( 'NONE', #543 ) ;
#1631 = CARTESIAN_POINT ( 'NONE',  ( -0.1290731912865122344, -0.1119417249417204163, -1.149999999999999911 ) ) ;
#1632 = FILL_AREA_STYLE ('',( #2979 ) ) ;
#1633 = PRESENTATION_STYLE_ASSIGNMENT (( #364 ) ) ;
#1634 = STYLED_ITEM ( 'NONE', ( #100 ), #3446 ) ;
#1635 =( NAMED_UNIT ( * ) PLANE_ANGLE_UNIT ( ) SI_UNIT ( $, .RADIAN. ) );
#1636 = MECHANICAL_DESIGN_GEOMETRIC_PRESENTATION_REPRESENTATION (  '', ( #3132 ), #1487 ) ;
#1637 = PRESENTATION_LAYER_ASSIGNMENT (  '', '', ( #85 ) ) ;
#1638 = CARTESIAN_POINT ( 'NONE',  ( 0.6500000000000003553, -0.9899999999999997691, -1.149999999999999911 ) ) ;
#1639 = ORIENTED_EDGE ( 'NONE', *, *, #77, .T. ) ;
#1640 = PRESENTATION_LAYER_ASSIGNMENT (  '', '', ( #3478 ) ) ;
#1641 = ADVANCED_FACE ( 'NONE', ( #1841 ), #525, .T. ) ;
#1642 = PRESENTATION_LAYER_ASSIGNMENT (  '', '', ( #1496 ) ) ;
#1643 = MECHANICAL_DESIGN_GEOMETRIC_PRESENTATION_REPRESENTATION (  '', ( #1231 ), #360 ) ;
#1644 = ORIENTED_EDGE ( 'NONE', *, *, #2183, .T. ) ;
#1645 = CARTESIAN_POINT ( 'NONE',  ( 0.05629266237202701362, 0.05574120188754583261, -1.139999999999999902 ) ) ;
#1646 = CARTESIAN_POINT ( 'NONE',  ( 0.1217471593517711476, 0.08807529281107569219, -1.139999999999999902 ) ) ;
#1647 = CARTESIAN_POINT ( 'NONE',  ( -0.09004880104260991336, -0.1119417249417208049, -1.139999999999999902 ) ) ;
#1648 = MECHANICAL_DESIGN_GEOMETRIC_PRESENTATION_REPRESENTATION (  '', ( #1792 ), #1928 ) ;
#1649 = SURFACE_SIDE_STYLE ('',( #3636 ) ) ;
#1650 = CARTESIAN_POINT ( 'NONE',  ( -0.2033199007748942577, 0.08614874931439842065, -1.139999999999999902 ) ) ;
#1651 = CARTESIAN_POINT ( 'NONE',  ( 0.6500000000000002442, 1.000000000000000222, 2.088061301782110135 ) ) ;
#1652 = ORIENTED_EDGE ( 'NONE', *, *, #1508, .F. ) ;
#1653 = CARTESIAN_POINT ( 'NONE',  ( -0.3959420625005994343, 0.05225184548679311092, -1.139999999999999902 ) ) ;
#1654 = CARTESIAN_POINT ( 'NONE',  ( -0.2878364894036329336, -0.02802741164764253889, -1.139999999999999902 ) ) ;
#1655 = CARTESIAN_POINT ( 'NONE',  ( -0.3959420625005994343, 0.05225184548679311092, -1.139999999999999902 ) ) ;
#1656 = CARTESIAN_POINT ( 'NONE',  ( 1.249999999999999778, 1.000000000000000222, 0.05000000000000000278 ) ) ;
#1657 = UNCERTAINTY_MEASURE_WITH_UNIT (LENGTH_MEASURE( 1.000000000000000082E-05 ), #2142, 'distance_accuracy_value', 'NONE');
#1658 = CARTESIAN_POINT ( 'NONE',  ( 0.01726827212812433870, 0.07139160839161153016, -1.149999999999999911 ) ) ;
#1659 = CARTESIAN_POINT ( 'NONE',  ( 1.249999999999999778, -0.8999999999999998002, 0.05000000000000000278 ) ) ;
#1660 = CARTESIAN_POINT ( 'NONE',  ( 0.1113231501769017945, -0.1143807493319668328, -1.149999999999999911 ) ) ;
#1661 = ORIENTED_EDGE ( 'NONE', *, *, #3345, .T. ) ;
#1662 = CARTESIAN_POINT ( 'NONE',  ( 0.6500000000000003553, -0.9999999999999995559, 0.0000000000000000000 ) ) ;
#1663 = CARTESIAN_POINT ( 'NONE',  ( -0.009560996164560502802, -0.02169782250269672308, -1.149999999999999911 ) ) ;
#1664 = AXIS2_PLACEMENT_3D ( 'NONE', #2100, #4027, #1806 ) ;
#1665 = EDGE_CURVE ( 'NONE', #4013, #2873, #2708, .T. ) ;
#1666 = ORIENTED_EDGE ( 'NONE', *, *, #3383, .T. ) ;
#1667 = CARTESIAN_POINT ( 'NONE',  ( 0.6500000000000003553, -0.9999999999999995559, 2.088061301782110135 ) ) ;
#1668 = CARTESIAN_POINT ( 'NONE',  ( 0.2050731501769046117, -0.01571459079538491121, -1.149999999999999911 ) ) ;
#1669 = CARTESIAN_POINT ( 'NONE',  ( -0.009560996164560154123, 0.0002533970094983243682, -1.149999999999999911 ) ) ;
#1670 = CARTESIAN_POINT ( 'NONE',  ( -0.2831160049254952682, 0.04446266173190374649, -1.139999999999999902 ) ) ;
#1671 = PLANE ( 'NONE',  #3012 ) ;
#1672 = EDGE_CURVE ( 'NONE', #2777, #3730, #4121, .T. ) ;
#1673 = ORIENTED_EDGE ( 'NONE', *, *, #2722, .T. ) ;
#1674 = SURFACE_STYLE_FILL_AREA ( #383 ) ;
#1675 = DIRECTION ( 'NONE',  ( 0.0000000000000000000, 0.0000000000000000000, -1.000000000000000000 ) ) ;
#1676 = SURFACE_STYLE_USAGE ( .BOTH. , #2351 ) ;
#1677 = SURFACE_SIDE_STYLE ('',( #74 ) ) ;
#1678 = ADVANCED_FACE ( 'NONE', ( #1122 ), #2435, .T. ) ;
#1679 = FACE_OUTER_BOUND ( 'NONE', #1264, .T. ) ;
#1680 = DIRECTION ( 'NONE',  ( 0.0000000000000000000, -0.0000000000000000000, -1.000000000000000000 ) ) ;
#1681 =( LENGTH_UNIT ( ) NAMED_UNIT ( * ) SI_UNIT ( .MILLI., .METRE. ) );
#1682 = ORIENTED_EDGE ( 'NONE', *, *, #266, .F. ) ;
#1683 = LINE ( 'NONE', #1662, #2128 ) ;
#1684 = SURFACE_SIDE_STYLE ('',( #2703 ) ) ;
#1685 = ORIENTED_EDGE ( 'NONE', *, *, #3732, .F. ) ;
#1686 = DIRECTION ( 'NONE',  ( 2.963485938127051553E-14, 1.000000000000000000, 0.0000000000000000000 ) ) ;
#1687 = DIRECTION ( 'NONE',  ( 0.0000000000000000000, 0.0000000000000000000, 1.000000000000000000 ) ) ;
#1688 =( NAMED_UNIT ( * ) PLANE_ANGLE_UNIT ( ) SI_UNIT ( $, .RADIAN. ) );
#1689 = CARTESIAN_POINT ( 'NONE',  ( 0.0000000000000000000, 0.06610705554608352352, -1.139999999999999902 ) ) ;
#1690 = ORIENTED_EDGE ( 'NONE', *, *, #3257, .F. ) ;
#1691 = FILL_AREA_STYLE_COLOUR ( '', #1226 ) ;
#1692 = EDGE_CURVE ( 'NONE', #1383, #3405, #3161, .T. ) ;
#1693 = VERTEX_POINT ( 'NONE', #246 ) ;
#1694 = CARTESIAN_POINT ( 'NONE',  ( -0.2019656221169818244, -0.1099697997306638003, -1.139999999999999902 ) ) ;
#1695 = CARTESIAN_POINT ( 'NONE',  ( 0.1707285196769033897, 0.04943319160572930832, -1.139999999999999902 ) ) ;
#1696 = CARTESIAN_POINT ( 'NONE',  ( -0.2900488010426105490, -0.009426481039282364263, -1.139999999999999902 ) ) ;
#1697 = ORIENTED_EDGE ( 'NONE', *, *, #225, .T. ) ;
#1698 = STYLED_ITEM ( 'NONE', ( #831 ), #1028 ) ;
#1699 = STYLED_ITEM ( 'NONE', ( #3960 ), #3704 ) ;
#1700 = UNCERTAINTY_MEASURE_WITH_UNIT (LENGTH_MEASURE( 1.000000000000000082E-05 ), #1473, 'distance_accuracy_value', 'NONE');
#1701 = CARTESIAN_POINT ( 'NONE',  ( -0.2632195327499274873, -0.009998127380745474094, -1.139999999999999902 ) ) ;
#1702 = CARTESIAN_POINT ( 'NONE',  ( -0.3965655693352941880, 0.04964364091193595313, -1.149999999999999911 ) ) ;
#1703 = AXIS2_PLACEMENT_3D ( 'NONE', #1013, #661, #1305 ) ;
#1704 = ORIENTED_EDGE ( 'NONE', *, *, #3153, .F. ) ;
#1705 = EDGE_CURVE ( 'NONE', #3386, #2071, #2843, .T. ) ;
#1706 = COLOUR_RGB ( '',1.000000000000000000, 1.000000000000000000, 1.000000000000000000 ) ;
#1707 = CARTESIAN_POINT ( 'NONE',  ( -0.03639009779057760657, -0.1119417249417206661, -1.149999999999999911 ) ) ;
#1708 = DIRECTION ( 'NONE',  ( -5.421010862427522170E-17, -1.000000000000000000, -0.0000000000000000000 ) ) ;
#1709 = COLOUR_RGB ( '',0.7529411764705882248, 0.7529411764705882248, 0.7529411764705882248 ) ;
#1710 = PRESENTATION_LAYER_ASSIGNMENT (  '', '', ( #2068 ) ) ;
#1711 = EDGE_LOOP ( 'NONE', ( #2188, #2023, #1524, #1800, #3454, #2885, #3086, #1091 ) ) ;
#1712 = DIRECTION ( 'NONE',  ( -4.336808689942021187E-16, -1.000000000000000000, 0.0000000000000000000 ) ) ;
#1713 = PLANE ( 'NONE',  #974 ) ;
#1714 = PRESENTATION_LAYER_ASSIGNMENT (  '', '', ( #3139 ) ) ;
#1715 = CARTESIAN_POINT ( 'NONE',  ( 0.1272232522006939148, 0.06173384286147247380, -1.149999999999999911 ) ) ;
#1716 = ORIENTED_EDGE ( 'NONE', *, *, #3763, .T. ) ;
#1717 = ORIENTED_EDGE ( 'NONE', *, *, #2032, .F. ) ;
#1718 = PRESENTATION_LAYER_ASSIGNMENT (  '', '', ( #1792 ) ) ;
#1719 = ORIENTED_EDGE ( 'NONE', *, *, #3994, .F. ) ;
#1720 = DIRECTION ( 'NONE',  ( 0.0000000000000000000, -0.0000000000000000000, 1.000000000000000000 ) ) ;
#1721 = COLOUR_RGB ( '',1.000000000000000000, 1.000000000000000000, 1.000000000000000000 ) ;
#1722 = CARTESIAN_POINT ( 'NONE',  ( -0.4026504270588714962, 0.08805827505827742985, -1.149999999999999911 ) ) ;
#1723 = SURFACE_STYLE_FILL_AREA ( #2373 ) ;
#1724 = EDGE_CURVE ( 'NONE', #1878, #35, #3842, .T. ) ;
#1725 = ORIENTED_EDGE ( 'NONE', *, *, #3513, .T. ) ;
#1726 =( LENGTH_UNIT ( ) NAMED_UNIT ( * ) SI_UNIT ( .MILLI., .METRE. ) );
#1727 = CARTESIAN_POINT ( 'NONE',  ( 0.01726827212812352338, 0.03805827505827830831, -1.149999999999999911 ) ) ;
#1728 = CARTESIAN_POINT ( 'NONE',  ( -0.009560996164560502802, -0.02169782250269672308, -1.149999999999999911 ) ) ;
#1729 = CARTESIAN_POINT ( 'NONE',  ( -0.2878364894036329336, -0.02802741164764253889, -1.149999999999999911 ) ) ;
#1730 = ORIENTED_EDGE ( 'NONE', *, *, #2306, .F. ) ;
#1731 = FACE_OUTER_BOUND ( 'NONE', #1315, .T. ) ;
#1732 = CARTESIAN_POINT ( 'NONE',  ( -0.1855137400670001380, 0.08805827505827965029, -1.149999999999999911 ) ) ;
#1733 = VERTEX_POINT ( 'NONE', #3826 ) ;
#1734 =( NAMED_UNIT ( * ) SI_UNIT ( $, .STERADIAN. ) SOLID_ANGLE_UNIT ( ) );
#1735 = CARTESIAN_POINT ( 'NONE',  ( -0.009560996164560502802, -0.02169782250269672308, -1.149999999999999911 ) ) ;
#1736 = VECTOR ( 'NONE', #1821, 1000.000000000000000 ) ;
#1737 = SURFACE_STYLE_FILL_AREA ( #1371 ) ;
#1738 = EDGE_LOOP ( 'NONE', ( #3964, #3611, #1774, #441, #2222, #3031, #521, #3979 ) ) ;
#1739 = SURFACE_SIDE_STYLE ('',( #2079 ) ) ;
#1740 = ORIENTED_EDGE ( 'NONE', *, *, #1419, .T. ) ;
#1741 = CARTESIAN_POINT ( 'NONE',  ( -0.1842942278718780746, -0.08999050542952545528, -1.149999999999999911 ) ) ;
#1742 = B_SPLINE_SURFACE_WITH_KNOTS ( 'NONE', 3, 1, ( 
 ( #1320, #2643 ),
 ( #3944, #394 ),
 ( #2689, #3975 ),
 ( #2364, #3654 ),
 ( #227, #3433 ) ),
 .UNSPECIFIED., .F., .F., .F.,
 ( 4, 1, 4 ),
 ( 2, 2 ),
 ( 0.0000000000000000000, 0.5595633439762593975, 0.9999999999999998890 ),
 ( 0.0000000000000000000, 1.000000000000000000 ),
 .UNSPECIFIED. ) ;
#1743 = CARTESIAN_POINT ( 'NONE',  ( -0.1290731912865115960, 0.08805827505827963642, -1.149999999999999911 ) ) ;
#1744 = CARTESIAN_POINT ( 'NONE',  ( -0.4457842592130101256, -0.08389277778725227896, -1.149999999999999911 ) ) ;
#1745 = SURFACE_STYLE_USAGE ( .BOTH. , #179 ) ;
#1746 = VERTEX_POINT ( 'NONE', #1236 ) ;
#1747 = UNCERTAINTY_MEASURE_WITH_UNIT (LENGTH_MEASURE( 1.000000000000000082E-05 ), #3997, 'distance_accuracy_value', 'NONE');
#1748 = ADVANCED_FACE ( 'NONE', ( #4138 ), #3943, .T. ) ;
#1749 = B_SPLINE_CURVE_WITH_KNOTS ( 'NONE', 3,
 ( #3996, #2432, #2709, #3058, #2691 ),
 .UNSPECIFIED., .F., .F.,
 ( 4, 1, 4 ),
 ( 0.0000000000000000000, 0.5000000000000003331, 0.9999772222222221840 ),
 .UNSPECIFIED. ) ;
#1750 = SURFACE_STYLE_USAGE ( .BOTH. , #3360 ) ;
#1751 = CARTESIAN_POINT ( 'NONE',  ( 0.0000000000000000000, 0.0000000000000000000, 0.0000000000000000000 ) ) ;
#1752 = CARTESIAN_POINT ( 'NONE',  ( -0.2834166479036044350, -0.06518906807683144677, -1.149999999999999911 ) ) ;
#1753 = ORIENTED_EDGE ( 'NONE', *, *, #981, .F. ) ;
#1754 =( LENGTH_UNIT ( ) NAMED_UNIT ( * ) SI_UNIT ( .MILLI., .METRE. ) );
#1755 = CARTESIAN_POINT ( 'NONE',  ( 0.05629266237202701362, 0.05574120188754583261, -1.149999999999999911 ) ) ;
#1756 = EDGE_LOOP ( 'NONE', ( #1456, #2494, #1471, #229 ) ) ;
#1757 = CARTESIAN_POINT ( 'NONE',  ( -0.2632195327499274873, -0.009998127380745474094, -1.149999999999999911 ) ) ;
#1758 = STYLED_ITEM ( 'NONE', ( #3424 ), #2524 ) ;
#1759 = ORIENTED_EDGE ( 'NONE', *, *, #4197, .T. ) ;
#1760 = DIRECTION ( 'NONE',  ( 1.000000000000000000, 0.0000000000000000000, 0.0000000000000000000 ) ) ;
#1761 = DIRECTION ( 'NONE',  ( 1.000000000000000000, -4.086742704997785004E-14, 0.0000000000000000000 ) ) ;
#1762 = ORIENTED_EDGE ( 'NONE', *, *, #2866, .T. ) ;
#1763 = CARTESIAN_POINT ( 'NONE',  ( -0.1795622664897642828, -0.08999050542952541365, -1.149999999999999911 ) ) ;
#1764 = CARTESIAN_POINT ( 'NONE',  ( 0.08372711066281057768, -0.1136113561091572632, -1.139999999999999902 ) ) ;
#1765 = FILL_AREA_STYLE_COLOUR ( '', #147 ) ;
#1766 = ORIENTED_EDGE ( 'NONE', *, *, #143, .T. ) ;
#1767 = DIRECTION ( 'NONE',  ( 1.000000000000000000, -3.940089258646188300E-14, 0.0000000000000000000 ) ) ;
#1768 = LINE ( 'NONE', #164, #1564 ) ;
#1769 = VECTOR ( 'NONE', #4147, 1000.000000000000000 ) ;
#1770 = VECTOR ( 'NONE', #731, 1000.000000000000000 ) ;
#1771 =( NAMED_UNIT ( * ) PLANE_ANGLE_UNIT ( ) SI_UNIT ( $, .RADIAN. ) );
#1772 = ADVANCED_FACE ( 'NONE', ( #2340 ), #393, .T. ) ;
#1773 = COLOUR_RGB ( '',1.000000000000000000, 1.000000000000000000, 1.000000000000000000 ) ;
#1774 = ORIENTED_EDGE ( 'NONE', *, *, #1724, .T. ) ;
#1775 = DIRECTION ( 'NONE',  ( -1.000000000000000000, 0.0000000000000000000, 0.0000000000000000000 ) ) ;
#1776 = CIRCLE ( 'NONE', #3885, 0.1000000000000000472 ) ;
#1777 = COLOUR_RGB ( '',1.000000000000000000, 1.000000000000000000, 1.000000000000000000 ) ;
#1778 = CARTESIAN_POINT ( 'NONE',  ( 0.1272232522006939148, 0.06173384286147247380, -1.139999999999999902 ) ) ;
#1779 = ORIENTED_EDGE ( 'NONE', *, *, #1354, .T. ) ;
#1780 = CARTESIAN_POINT ( 'NONE',  ( -0.009560996164560502802, -0.02169782250269672308, -1.149999999999999911 ) ) ;
#1781 = EDGE_CURVE ( 'NONE', #560, #1241, #512, .T. ) ;
#1782 = AXIS2_PLACEMENT_3D ( 'NONE', #2287, #1624, #1686 ) ;
#1783 = VERTEX_POINT ( 'NONE', #3921 ) ;
#1784 = PRESENTATION_LAYER_ASSIGNMENT (  '', '', ( #1293 ) ) ;
#1785 = B_SPLINE_CURVE_WITH_KNOTS ( 'NONE', 3,
 ( #1412, #3995, #746, #2074, #3339 ),
 .UNSPECIFIED., .F., .F.,
 ( 4, 1, 4 ),
 ( 0.0000000000000000000, 0.4999999999999984457, 0.9999772222222221840 ),
 .UNSPECIFIED. ) ;
#1786 = PRESENTATION_LAYER_ASSIGNMENT (  '', '', ( #3615 ) ) ;
#1787 = CARTESIAN_POINT ( 'NONE',  ( -0.4851707522621215296, -0.1119417249417243576, -1.139999999999999902 ) ) ;
#1788 = CARTESIAN_POINT ( 'NONE',  ( 0.1031295526159303338, 0.06854607993632522156, -1.139999999999999902 ) ) ;
#1789 = VECTOR ( 'NONE', #1170, 1000.000000000000000 ) ;
#1790 = ADVANCED_FACE ( 'NONE', ( #1008 ), #2309, .T. ) ;
#1791 = ORIENTED_EDGE ( 'NONE', *, *, #1174, .F. ) ;
#1792 = STYLED_ITEM ( 'NONE', ( #2429 ), #662 ) ;
#1793 = UNCERTAINTY_MEASURE_WITH_UNIT (LENGTH_MEASURE( 1.000000000000000082E-05 ), #959, 'distance_accuracy_value', 'NONE');
#1794 = PRESENTATION_STYLE_ASSIGNMENT (( #2462 ) ) ;
#1795 = DIRECTION ( 'NONE',  ( 0.0000000000000000000, -0.0000000000000000000, -1.000000000000000000 ) ) ;
#1796 = CARTESIAN_POINT ( 'NONE',  ( -0.4559024595791947299, -0.1119417249417240801, -1.149999999999999911 ) ) ;
#1797 = EDGE_LOOP ( 'NONE', ( #3321, #3029, #2221, #2052, #3523, #479 ) ) ;
#1798 = UNCERTAINTY_MEASURE_WITH_UNIT (LENGTH_MEASURE( 1.000000000000000082E-05 ), #3317, 'distance_accuracy_value', 'NONE');
#1799 =( LENGTH_UNIT ( ) NAMED_UNIT ( * ) SI_UNIT ( .MILLI., .METRE. ) );
#1800 = ORIENTED_EDGE ( 'NONE', *, *, #742, .T. ) ;
#1801 = STYLED_ITEM ( 'NONE', ( #384 ), #2062 ) ;
#1802 = ADVANCED_FACE ( 'NONE', ( #572 ), #2541, .T. ) ;
#1803 = B_SPLINE_CURVE_WITH_KNOTS ( 'NONE', 3,
 ( #2330, #1968, #2377, #2656, #3624 ),
 .UNSPECIFIED., .F., .F.,
 ( 4, 1, 4 ),
 ( 0.0000000000000000000, 0.4999999999999999445, 0.9999813636363612535 ),
 .UNSPECIFIED. ) ;
#1804 = FILL_AREA_STYLE_COLOUR ( '', #766 ) ;
#1805 = CARTESIAN_POINT ( 'NONE',  ( -0.3109837603922031568, -0.09527505827505521052, -1.139999999999999902 ) ) ;
#1806 = DIRECTION ( 'NONE',  ( 7.888296833072563319E-15, 1.000000000000000000, 0.0000000000000000000 ) ) ;
#1807 =( LENGTH_UNIT ( ) NAMED_UNIT ( * ) SI_UNIT ( .MILLI., .METRE. ) );
#1808 =( NAMED_UNIT ( * ) PLANE_ANGLE_UNIT ( ) SI_UNIT ( $, .RADIAN. ) );
#1809 = MECHANICAL_DESIGN_GEOMETRIC_PRESENTATION_REPRESENTATION (  '', ( #3503 ), #2830 ) ;
#1810 = VERTEX_POINT ( 'NONE', #1531 ) ;
#1811 = FACE_OUTER_BOUND ( 'NONE', #3632, .T. ) ;
#1812 = CARTESIAN_POINT ( 'NONE',  ( 0.2221463209086096957, -0.08999050542953167253, -1.149999999999999911 ) ) ;
#1813 =( LENGTH_UNIT ( ) NAMED_UNIT ( * ) SI_UNIT ( .MILLI., .METRE. ) );
#1814 = EDGE_CURVE ( 'NONE', #4032, #111, #2844, .T. ) ;
#1815 = VERTEX_POINT ( 'NONE', #3541 ) ;
#1816 =( LENGTH_UNIT ( ) NAMED_UNIT ( * ) SI_UNIT ( .MILLI., .METRE. ) );
#1817 = EDGE_LOOP ( 'NONE', ( #818, #822, #2370, #3847 ) ) ;
#1818 = FILL_AREA_STYLE_COLOUR ( '', #2864 ) ;
#1819 = FACE_OUTER_BOUND ( 'NONE', #717, .T. ) ;
#1820 = DIRECTION ( 'NONE',  ( 1.034665349087449765E-14, 1.000000000000000000, 0.0000000000000000000 ) ) ;
#1821 = DIRECTION ( 'NONE',  ( 1.000000000000000000, 0.0000000000000000000, 0.0000000000000000000 ) ) ;
#1822 = CARTESIAN_POINT ( 'NONE',  ( 0.06299699780497672319, 0.08481087532632994308, -1.149999999999999911 ) ) ;
#1823 = ADVANCED_FACE ( 'NONE', ( #631 ), #2756, .T. ) ;
#1824 = CARTESIAN_POINT ( 'NONE',  ( -0.6500000000000003553, -0.9999999999999995559, 0.0000000000000000000 ) ) ;
#1825 = ORIENTED_EDGE ( 'NONE', *, *, #1050, .T. ) ;
#1826 = CARTESIAN_POINT ( 'NONE',  ( -0.4116189229938303495, 0.007875348229008783188, -1.139999999999999902 ) ) ;
#1827 = CARTESIAN_POINT ( 'NONE',  ( 0.05629266237202412704, -0.09060044702402028638, -1.149999999999999911 ) ) ;
#1828 = PRESENTATION_STYLE_ASSIGNMENT (( #3778 ) ) ;
#1829 = UNCERTAINTY_MEASURE_WITH_UNIT (LENGTH_MEASURE( 1.000000000000000082E-05 ), #2267, 'distance_accuracy_value', 'NONE');
#1830 = FILL_AREA_STYLE_COLOUR ( '', #2948 ) ;
#1831 = FACE_BOUND ( 'NONE', #2401, .T. ) ;
#1832 = ORIENTED_EDGE ( 'NONE', *, *, #3022, .F. ) ;
#1833 =( GEOMETRIC_REPRESENTATION_CONTEXT ( 3 ) GLOBAL_UNCERTAINTY_ASSIGNED_CONTEXT ( ( #2145 ) ) GLOBAL_UNIT_ASSIGNED_CONTEXT ( ( #1813, #812, #184 ) ) REPRESENTATION_CONTEXT ( 'NONE', 'WORKASPACE' ) );
#1834 = COLOUR_RGB ( '',1.000000000000000000, 1.000000000000000000, 1.000000000000000000 ) ;
#1835 = COLOUR_RGB ( '',0.7529411764705882248, 0.7529411764705882248, 0.7529411764705882248 ) ;
#1836 = FACE_OUTER_BOUND ( 'NONE', #328, .T. ) ;
#1837 = COLOUR_RGB ( '',1.000000000000000000, 1.000000000000000000, 1.000000000000000000 ) ;
#1838 = EDGE_LOOP ( 'NONE', ( #1952, #814, #1261, #2357 ) ) ;
#1839 = CARTESIAN_POINT ( 'NONE',  ( 0.06339669149454832398, -0.08309566638724734389, -1.149999999999999911 ) ) ;
#1840 = PRESENTATION_LAYER_ASSIGNMENT (  '', '', ( #2470 ) ) ;
#1841 = FACE_OUTER_BOUND ( 'NONE', #2847, .T. ) ;
#1842 = MECHANICAL_DESIGN_GEOMETRIC_PRESENTATION_REPRESENTATION (  '', ( #12 ), #1155 ) ;
#1843 = VERTEX_POINT ( 'NONE', #1415 ) ;
#1844 = PRODUCT_DEFINITION_SHAPE ( 'NONE', 'NONE',  #2450 ) ;
#1845 = PRESENTATION_LAYER_ASSIGNMENT (  '', '', ( #3957 ) ) ;
#1846 = STYLED_ITEM ( 'NONE', ( #3500 ), #1748 ) ;
#1847 = SURFACE_SIDE_STYLE ('',( #4125 ) ) ;
#1848 = CARTESIAN_POINT ( 'NONE',  ( -0.1559024595791952683, -0.08999050542952527487, -1.149999999999999911 ) ) ;
#1849 = SURFACE_STYLE_USAGE ( .BOTH. , #1216 ) ;
#1850 = DIRECTION ( 'NONE',  ( 0.0000000000000000000, -0.0000000000000000000, -1.000000000000000000 ) ) ;
#1851 =( GEOMETRIC_REPRESENTATION_CONTEXT ( 3 ) GLOBAL_UNCERTAINTY_ASSIGNED_CONTEXT ( ( #1615 ) ) GLOBAL_UNIT_ASSIGNED_CONTEXT ( ( #967, #2580, #1898 ) ) REPRESENTATION_CONTEXT ( 'NONE', 'WORKASPACE' ) );
#1852 = VECTOR ( 'NONE', #1060, 1000.000000000000000 ) ;
#1853 = ORIENTED_EDGE ( 'NONE', *, *, #1530, .T. ) ;
#1854 = SURFACE_STYLE_FILL_AREA ( #2763 ) ;
#1855 =( GEOMETRIC_REPRESENTATION_CONTEXT ( 3 ) GLOBAL_UNCERTAINTY_ASSIGNED_CONTEXT ( ( #54 ) ) GLOBAL_UNIT_ASSIGNED_CONTEXT ( ( #4130, #3169, #4174 ) ) REPRESENTATION_CONTEXT ( 'NONE', 'WORKASPACE' ) );
#1856 = SURFACE_STYLE_USAGE ( .BOTH. , #3187 ) ;
#1857 = VECTOR ( 'NONE', #1544, 1000.000000000000000 ) ;
#1858 = DIRECTION ( 'NONE',  ( 0.0000000000000000000, 1.000000000000000000, -0.0000000000000000000 ) ) ;
#1859 = FILL_AREA_STYLE ('',( #3112 ) ) ;
#1860 = VECTOR ( 'NONE', #2113, 1000.000000000000000 ) ;
#1861 = PRESENTATION_STYLE_ASSIGNMENT (( #1876 ) ) ;
#1862 = FACE_BOUND ( 'NONE', #1497, .T. ) ;
#1863 = EDGE_CURVE ( 'NONE', #87, #2184, #1572, .T. ) ;
#1864 = ORIENTED_EDGE ( 'NONE', *, *, #3129, .T. ) ;
#1865 = SURFACE_STYLE_USAGE ( .BOTH. , #1549 ) ;
#1866 = DIRECTION ( 'NONE',  ( 1.183004467236181167E-14, 1.000000000000000000, 0.0000000000000000000 ) ) ;
#1867 = EDGE_CURVE ( 'NONE', #739, #2363, #2996, .T. ) ;
#1868 = CARTESIAN_POINT ( 'NONE',  ( -0.04492701648976377832, 0.0002533970094986866544, -1.149999999999999911 ) ) ;
#1869 =( NAMED_UNIT ( * ) SI_UNIT ( $, .STERADIAN. ) SOLID_ANGLE_UNIT ( ) );
#1870 = DIRECTION ( 'NONE',  ( -1.000000000000000000, -0.0000000000000000000, -0.0000000000000000000 ) ) ;
#1871 = FACE_OUTER_BOUND ( 'NONE', #1817, .T. ) ;
#1872 = PRESENTATION_LAYER_ASSIGNMENT (  '', '', ( #1317 ) ) ;
#1873 = CARTESIAN_POINT ( 'NONE',  ( 1.149999999999998135, 1.000000000000000222, 0.0000000000000000000 ) ) ;
#1874 = UNCERTAINTY_MEASURE_WITH_UNIT (LENGTH_MEASURE( 1.000000000000000082E-05 ), #1394, 'distance_accuracy_value', 'NONE');
#1875 = B_SPLINE_CURVE_WITH_KNOTS ( 'NONE', 3,
 ( #534, #2087, #1827, #2739, #3726 ),
 .UNSPECIFIED., .F., .F.,
 ( 4, 1, 4 ),
 ( 0.0000000000000000000, 0.4999999999999996669, 0.9999746487525411620 ),
 .UNSPECIFIED. ) ;
#1876 = SURFACE_STYLE_USAGE ( .BOTH. , #1189 ) ;
#1877 = LINE ( 'NONE', #3532, #2840 ) ;
#1878 = VERTEX_POINT ( 'NONE', #1824 ) ;
#1879 = SURFACE_SIDE_STYLE ('',( #586 ) ) ;
#1880 = DIRECTION ( 'NONE',  ( 0.0000000000000000000, -0.0000000000000000000, -1.000000000000000000 ) ) ;
#1881 = PRESENTATION_STYLE_ASSIGNMENT (( #2167 ) ) ;
#1882 = CARTESIAN_POINT ( 'NONE',  ( -0.4786666872214714319, -0.09527505827505780567, -1.149999999999999911 ) ) ;
#1883 = PLANE ( 'NONE',  #2745 ) ;
#1884 = CARTESIAN_POINT ( 'NONE',  ( -0.1290731912865115960, 0.0000000000000000000, -1.139999999999999902 ) ) ;
#1885 = CARTESIAN_POINT ( 'NONE',  ( 0.6500000000000003553, -0.9999999999999995559, 2.088061301782110135 ) ) ;
#1886 = DIRECTION ( 'NONE',  ( 1.000000000000000000, -0.0000000000000000000, 0.0000000000000000000 ) ) ;
#1887 = ADVANCED_FACE ( 'NONE', ( #3124 ), #4081, .T. ) ;
#1888 = CARTESIAN_POINT ( 'NONE',  ( 0.0000000000000000000, 0.0000000000000000000, -1.149999999999999911 ) ) ;
#1889 = ORIENTED_EDGE ( 'NONE', *, *, #153, .T. ) ;
#1890 = PRESENTATION_LAYER_ASSIGNMENT (  '', '', ( #3728 ) ) ;
#1891 = CARTESIAN_POINT ( 'NONE',  ( 0.1033582111525163522, 0.09049729944852027974, -1.139999999999999902 ) ) ;
#1892 = CARTESIAN_POINT ( 'NONE',  ( -0.4015833538881395381, 0.03572087668429357182, -1.139999999999999902 ) ) ;
#1893 = PLANE ( 'NONE',  #2479 ) ;
#1894 = FILL_AREA_STYLE_COLOUR ( '', #4004 ) ;
#1895 = ORIENTED_EDGE ( 'NONE', *, *, #1102, .T. ) ;
#1896 =( LENGTH_UNIT ( ) NAMED_UNIT ( * ) SI_UNIT ( .MILLI., .METRE. ) );
#1897 = EDGE_CURVE ( 'NONE', #2123, #1557, #3697, .T. ) ;
#1898 =( NAMED_UNIT ( * ) SI_UNIT ( $, .STERADIAN. ) SOLID_ANGLE_UNIT ( ) );
#1899 =( NAMED_UNIT ( * ) SI_UNIT ( $, .STERADIAN. ) SOLID_ANGLE_UNIT ( ) );
#1900 = MECHANICAL_DESIGN_GEOMETRIC_PRESENTATION_REPRESENTATION (  '', ( #2395 ), #4087 ) ;
#1901 = PRESENTATION_LAYER_ASSIGNMENT (  '', '', ( #1553 ) ) ;
#1902 = CARTESIAN_POINT ( 'NONE',  ( -0.04980506527025233693, -0.08999050542952552467, -1.149999999999999911 ) ) ;
#1903 = CARTESIAN_POINT ( 'NONE',  ( 0.1028791880440825535, -0.1141453268817513161, -1.139999999999999902 ) ) ;
#1904 = COLOUR_RGB ( '',1.000000000000000000, 1.000000000000000000, 1.000000000000000000 ) ;
#1905 = CARTESIAN_POINT ( 'NONE',  ( 1.249999999999999778, 0.9000000000000002442, 0.05000000000000000278 ) ) ;
#1906 = CIRCLE ( 'NONE', #82, 0.1000000000000000472 ) ;
#1907 = FACE_OUTER_BOUND ( 'NONE', #669, .T. ) ;
#1908 =( NAMED_UNIT ( * ) SI_UNIT ( $, .STERADIAN. ) SOLID_ANGLE_UNIT ( ) );
#1909 = VERTEX_POINT ( 'NONE', #787 ) ;
#1910 =( GEOMETRIC_REPRESENTATION_CONTEXT ( 3 ) GLOBAL_UNCERTAINTY_ASSIGNED_CONTEXT ( ( #2061 ) ) GLOBAL_UNIT_ASSIGNED_CONTEXT ( ( #3557, #2680, #31 ) ) REPRESENTATION_CONTEXT ( 'NONE', 'WORKASPACE' ) );
#1911 = FILL_AREA_STYLE_COLOUR ( '', #3880 ) ;
#1912 = AXIS2_PLACEMENT_3D ( 'NONE', #591, #2223, #1210 ) ;
#1913 = FILL_AREA_STYLE ('',( #643 ) ) ;
#1914 = CARTESIAN_POINT ( 'NONE',  ( 0.2977560770061760675, 0.06827507722629154452, -1.149999999999999911 ) ) ;
#1915 =( GEOMETRIC_REPRESENTATION_CONTEXT ( 3 ) GLOBAL_UNCERTAINTY_ASSIGNED_CONTEXT ( ( #2614 ) ) GLOBAL_UNIT_ASSIGNED_CONTEXT ( ( #308, #541, #1208 ) ) REPRESENTATION_CONTEXT ( 'NONE', 'WORKASPACE' ) );
#1916 =( LENGTH_UNIT ( ) NAMED_UNIT ( * ) SI_UNIT ( .MILLI., .METRE. ) );
#1917 = STYLED_ITEM ( 'NONE', ( #4088 ), #2984 ) ;
#1918 = MECHANICAL_DESIGN_GEOMETRIC_PRESENTATION_REPRESENTATION (  '', ( #1565 ), #2198 ) ;
#1919 = SURFACE_STYLE_USAGE ( .BOTH. , #425 ) ;
#1920 = CARTESIAN_POINT ( 'NONE',  ( -0.009560996164559057778, 0.06610705554608352352, -1.149999999999999911 ) ) ;
#1921 = CIRCLE ( 'NONE', #562, 0.1000000000000000472 ) ;
#1922 = VECTOR ( 'NONE', #3594, 1000.000000000000000 ) ;
#1923 =( NAMED_UNIT ( * ) PLANE_ANGLE_UNIT ( ) SI_UNIT ( $, .RADIAN. ) );
#1924 = CARTESIAN_POINT ( 'NONE',  ( -1.150000000000000133, -0.8999999999999998002, 0.05000000000000000278 ) ) ;
#1925 = SURFACE_SIDE_STYLE ('',( #571 ) ) ;
#1926 = FILL_AREA_STYLE_COLOUR ( '', #2319 ) ;
#1927 = ORIENTED_EDGE ( 'NONE', *, *, #196, .F. ) ;
#1928 =( GEOMETRIC_REPRESENTATION_CONTEXT ( 3 ) GLOBAL_UNCERTAINTY_ASSIGNED_CONTEXT ( ( #2904 ) ) GLOBAL_UNIT_ASSIGNED_CONTEXT ( ( #380, #4044, #2090 ) ) REPRESENTATION_CONTEXT ( 'NONE', 'WORKASPACE' ) );
#1929 = CARTESIAN_POINT ( 'NONE',  ( 0.01726827212812474810, 0.08805827505827816537, -1.149999999999999911 ) ) ;
#1930 =( GEOMETRIC_REPRESENTATION_CONTEXT ( 3 ) GLOBAL_UNCERTAINTY_ASSIGNED_CONTEXT ( ( #2447 ) ) GLOBAL_UNIT_ASSIGNED_CONTEXT ( ( #3368, #2073, #395 ) ) REPRESENTATION_CONTEXT ( 'NONE', 'WORKASPACE' ) );
#1931 = CARTESIAN_POINT ( 'NONE',  ( -0.2632195327499274873, -0.009998127380745474094, -1.139999999999999902 ) ) ;
#1932 = CARTESIAN_POINT ( 'NONE',  ( 0.0000000000000000000, -0.1119417249417240801, -1.139999999999999902 ) ) ;
#1933 = DIRECTION ( 'NONE',  ( 1.000000000000000000, 0.0000000000000000000, 0.0000000000000000000 ) ) ;
#1934 = ADVANCED_FACE ( 'NONE', ( #3762 ), #3445, .T. ) ;
#1935 = CARTESIAN_POINT ( 'NONE',  ( -0.3928308132377331674, 0.06366803115583849482, -1.149999999999999911 ) ) ;
#1936 = CARTESIAN_POINT ( 'NONE',  ( -0.2831160049254952682, 0.04446266173190374649, -1.149999999999999911 ) ) ;
#1937 = CARTESIAN_POINT ( 'NONE',  ( -1.250000000000000222, -0.8999999999999998002, 0.0000000000000000000 ) ) ;
#1938 = DIRECTION ( 'NONE',  ( 1.000000000000000000, 0.0000000000000000000, 0.0000000000000000000 ) ) ;
#1939 = B_SPLINE_CURVE_WITH_KNOTS ( 'NONE', 3,
 ( #3922, #3603, #3337, #2310, #744 ),
 .UNSPECIFIED., .F., .F.,
 ( 4, 1, 4 ),
 ( 0.0000000000000000000, 0.4999999999999998890, 1.000000000000000000 ),
 .UNSPECIFIED. ) ;
#1940 = ORIENTED_EDGE ( 'NONE', *, *, #1405, .F. ) ;
#1941 = CARTESIAN_POINT ( 'NONE',  ( -0.3928308132377331674, 0.06366803115583849482, -1.149999999999999911 ) ) ;
#1942 = ADVANCED_FACE ( 'NONE', ( #3374 ), #3048, .T. ) ;
#1943 = PLANE ( 'NONE',  #2022 ) ;
#1944 = FILL_AREA_STYLE ('',( #1351 ) ) ;
#1945 = SURFACE_STYLE_USAGE ( .BOTH. , #2232 ) ;
#1946 = ORIENTED_EDGE ( 'NONE', *, *, #4201, .F. ) ;
#1947 = CARTESIAN_POINT ( 'NONE',  ( 1.249999999999999778, 0.9000000000000002442, 0.05000000000000000278 ) ) ;
#1948 = SURFACE_STYLE_FILL_AREA ( #1335 ) ;
#1949 = PRESENTATION_STYLE_ASSIGNMENT (( #1249 ) ) ;
#1950 = SURFACE_STYLE_FILL_AREA ( #1136 ) ;
#1951 = CARTESIAN_POINT ( 'NONE',  ( -1.150000000000000133, 1.000000000000000222, 0.0000000000000000000 ) ) ;
#1952 = ORIENTED_EDGE ( 'NONE', *, *, #798, .F. ) ;
#1953 = LINE ( 'NONE', #1929, #1485 ) ;
#1954 = ORIENTED_EDGE ( 'NONE', *, *, #1665, .F. ) ;
#1955 = CARTESIAN_POINT ( 'NONE',  ( -0.1381369616117154864, -0.1119417249417204302, -1.149999999999999911 ) ) ;
#1956 = FACE_OUTER_BOUND ( 'NONE', #1738, .T. ) ;
#1957 = PRESENTATION_STYLE_ASSIGNMENT (( #2289 ) ) ;
#1958 = DIRECTION ( 'NONE',  ( 0.0000000000000000000, 0.0000000000000000000, -1.000000000000000000 ) ) ;
#1959 = CARTESIAN_POINT ( 'NONE',  ( -1.250000000000000222, 0.8999999999999998002, 2.088061301782110135 ) ) ;
#1960 = VERTEX_POINT ( 'NONE', #3001 ) ;
#1961 = PRESENTATION_STYLE_ASSIGNMENT (( #1329 ) ) ;
#1962 = CARTESIAN_POINT ( 'NONE',  ( 1.149999999999999911, -0.9999999999999997780, 0.05000000000000000278 ) ) ;
#1963 = FILL_AREA_STYLE_COLOUR ( '', #3883 ) ;
#1964 = EDGE_CURVE ( 'NONE', #351, #2184, #2372, .T. ) ;
#1965 = AXIS2_PLACEMENT_3D ( 'NONE', #714, #3310, #2063 ) ;
#1966 = DIRECTION ( 'NONE',  ( 0.0000000000000000000, -0.0000000000000000000, -1.000000000000000000 ) ) ;
#1967 = PRESENTATION_STYLE_ASSIGNMENT (( #1228 ) ) ;
#1968 = CARTESIAN_POINT ( 'NONE',  ( 0.3022276217216239291, 0.08805827505826964441, -1.149999999999999911 ) ) ;
#1969 = ORIENTED_EDGE ( 'NONE', *, *, #3234, .T. ) ;
#1970 = ADVANCED_FACE ( 'NONE', ( #46 ), #2097, .T. ) ;
#1971 = CARTESIAN_POINT ( 'NONE',  ( -0.3916695311439116756, 0.05625704224091840344, -1.139999999999999902 ) ) ;
#1972 = VERTEX_POINT ( 'NONE', #2408 ) ;
#1973 = CARTESIAN_POINT ( 'NONE',  ( 0.06458089405896495772, 0.05988078886778604865, -1.139999999999999902 ) ) ;
#1974 = CARTESIAN_POINT ( 'NONE',  ( 0.1272238735750046701, 0.06173366717233606804, -1.149999999999999911 ) ) ;
#1975 = SURFACE_STYLE_USAGE ( .BOTH. , #3604 ) ;
#1976 = DIRECTION ( 'NONE',  ( 0.0000000000000000000, -0.0000000000000000000, -1.000000000000000000 ) ) ;
#1977 = CARTESIAN_POINT ( 'NONE',  ( 1.249999999999999778, -0.8999999999999998002, 0.0000000000000000000 ) ) ;
#1978 = SURFACE_STYLE_USAGE ( .BOTH. , #1556 ) ;
#1979 = ORIENTED_EDGE ( 'NONE', *, *, #4129, .F. ) ;
#1980 = CARTESIAN_POINT ( 'NONE',  ( -0.3959420625005994343, 0.05225184548679311092, -1.149999999999999911 ) ) ;
#1981 = MECHANICAL_DESIGN_GEOMETRIC_PRESENTATION_REPRESENTATION (  '', ( #2535 ), #682 ) ;
#1982 =( LENGTH_UNIT ( ) NAMED_UNIT ( * ) SI_UNIT ( .MILLI., .METRE. ) );
#1983 = DIRECTION ( 'NONE',  ( 0.3536223923290826021, -0.9353882635801329393, 0.0000000000000000000 ) ) ;
#1984 = LINE ( 'NONE', #1591, #284 ) ;
#1985 = COLOUR_RGB ( '',0.7529411764705882248, 0.7529411764705882248, 0.7529411764705882248 ) ;
#1986 = VECTOR ( 'NONE', #1680, 1000.000000000000000 ) ;
#1987 =( GEOMETRIC_REPRESENTATION_CONTEXT ( 3 ) GLOBAL_UNCERTAINTY_ASSIGNED_CONTEXT ( ( #3079 ) ) GLOBAL_UNIT_ASSIGNED_CONTEXT ( ( #943, #1385, #1093 ) ) REPRESENTATION_CONTEXT ( 'NONE', 'WORKASPACE' ) );
#1988 = AXIS2_PLACEMENT_3D ( 'NONE', #2178, #555, #1204 ) ;
#1989 = ADVANCED_FACE ( 'NONE', ( #146 ), #3674, .F. ) ;
#1990 = DIRECTION ( 'NONE',  ( 0.0000000000000000000, 0.0000000000000000000, -1.000000000000000000 ) ) ;
#1991 = CARTESIAN_POINT ( 'NONE',  ( -0.3046829473840728109, -0.1119417249417218596, -1.149999999999999911 ) ) ;
#1992 = DIRECTION ( 'NONE',  ( -0.3390537954853583558, -0.9407669869670026719, 0.0000000000000000000 ) ) ;
#1993 = SURFACE_STYLE_FILL_AREA ( #3579 ) ;
#1994 = VERTEX_POINT ( 'NONE', #2644 ) ;
#1995 = MECHANICAL_DESIGN_GEOMETRIC_PRESENTATION_REPRESENTATION (  '', ( #18 ), #1851 ) ;
#1996 = VECTOR ( 'NONE', #1181, 1000.000000000000000 ) ;
#1997 = CARTESIAN_POINT ( 'NONE',  ( -0.2831160049254952682, 0.04446266173190374649, -1.149999999999999911 ) ) ;
#1998 = VECTOR ( 'NONE', #770, 1000.000000000000000 ) ;
#1999 = ORIENTED_EDGE ( 'NONE', *, *, #320, .T. ) ;
#2000 = FILL_AREA_STYLE ('',( #2662 ) ) ;
#2001 =( NAMED_UNIT ( * ) SI_UNIT ( $, .STERADIAN. ) SOLID_ANGLE_UNIT ( ) );
#2002 = COLOUR_RGB ( '',1.000000000000000000, 1.000000000000000000, 1.000000000000000000 ) ;
#2003 = CARTESIAN_POINT ( 'NONE',  ( -0.3896295937255379038, 0.04964364091193604334, -1.149999999999999911 ) ) ;
#2004 = DIRECTION ( 'NONE',  ( 0.0000000000000000000, -0.0000000000000000000, -1.000000000000000000 ) ) ;
#2005 = DIRECTION ( 'NONE',  ( 1.204669080539449344E-16, 1.000000000000000000, 0.0000000000000000000 ) ) ;
#2006 = EDGE_CURVE ( 'NONE', #3860, #2132, #1785, .T. ) ;
#2007 = ORIENTED_EDGE ( 'NONE', *, *, #1484, .T. ) ;
#2008 = CARTESIAN_POINT ( 'NONE',  ( -0.2878364894036329336, -0.02802741164764253889, -1.149999999999999911 ) ) ;
#2009 = FILL_AREA_STYLE_COLOUR ( '', #1835 ) ;
#2010 = CARTESIAN_POINT ( 'NONE',  ( -0.1842942278718780746, -0.08999050542952545528, -1.149999999999999911 ) ) ;
#2011 =( LENGTH_UNIT ( ) NAMED_UNIT ( * ) SI_UNIT ( .MILLI., .METRE. ) );
#2012 = VECTOR ( 'NONE', #3564, 1000.000000000000000 ) ;
#2013 = VERTEX_POINT ( 'NONE', #1735 ) ;
#2014 = UNCERTAINTY_MEASURE_WITH_UNIT (LENGTH_MEASURE( 1.000000000000000082E-05 ), #776, 'distance_accuracy_value', 'NONE');
#2015 = B_SPLINE_CURVE_WITH_KNOTS ( 'NONE', 3,
 ( #2390, #3050, #1695, #3723, #1788 ),
 .UNSPECIFIED., .F., .F.,
 ( 4, 1, 4 ),
 ( 0.0000000000000000000, 0.4461889103902413889, 1.000000000000000000 ),
 .UNSPECIFIED. ) ;
#2016 = FILL_AREA_STYLE_COLOUR ( '', #1837 ) ;
#2017 = CARTESIAN_POINT ( 'NONE',  ( 1.249999999999999778, -0.8999999999999998002, 0.0000000000000000000 ) ) ;
#2018 = SURFACE_STYLE_FILL_AREA ( #3690 ) ;
#2019 = VERTEX_POINT ( 'NONE', #3043 ) ;
#2020 = LINE ( 'NONE', #2659, #2315 ) ;
#2021 = ADVANCED_FACE ( 'NONE', ( #1369 ), #733, .T. ) ;
#2022 = AXIS2_PLACEMENT_3D ( 'NONE', #3722, #3437, #827 ) ;
#2023 = ORIENTED_EDGE ( 'NONE', *, *, #1612, .T. ) ;
#2024 = CARTESIAN_POINT ( 'NONE',  ( 0.2034411640655234277, -0.03281612811326204554, -1.149999999999999911 ) ) ;
#2025 = CARTESIAN_POINT ( 'NONE',  ( 0.1033582111525163522, 0.09049729944852027974, -1.139999999999999902 ) ) ;
#2026 = CARTESIAN_POINT ( 'NONE',  ( 0.1031295526159303338, 0.06854607993632522156, -1.139999999999999902 ) ) ;
#2027 = CARTESIAN_POINT ( 'NONE',  ( 0.3245853452988525789, -0.1119417249417313520, -1.149999999999999911 ) ) ;
#2028 = ORIENTED_EDGE ( 'NONE', *, *, #4117, .F. ) ;
#2029 = DIRECTION ( 'NONE',  ( 1.000000000000000000, -2.273128418449730913E-14, 0.0000000000000000000 ) ) ;
#2030 = CARTESIAN_POINT ( 'NONE',  ( -0.1559024595791952683, -0.08999050542952527487, -1.149999999999999911 ) ) ;
#2031 =( NAMED_UNIT ( * ) SI_UNIT ( $, .STERADIAN. ) SOLID_ANGLE_UNIT ( ) );
#2032 = EDGE_CURVE ( 'NONE', #251, #285, #1018, .T. ) ;
#2033 = CARTESIAN_POINT ( 'NONE',  ( -0.3937075158071066672, 0.08805827505827751311, -1.149999999999999911 ) ) ;
#2034 = CARTESIAN_POINT ( 'NONE',  ( -0.3802927034816356300, 0.08805827505827774904, -1.149999999999999911 ) ) ;
#2035 = VERTEX_POINT ( 'NONE', #3591 ) ;
#2036 = DIRECTION ( 'NONE',  ( -1.000000000000000000, 0.0000000000000000000, 0.0000000000000000000 ) ) ;
#2037 = CARTESIAN_POINT ( 'NONE',  ( -0.3193169176699624523, -0.1119417249417220400, -1.149999999999999911 ) ) ;
#2038 = CARTESIAN_POINT ( 'NONE',  ( 0.05629266237202416173, -0.07962465177099012359, -1.139999999999999902 ) ) ;
#2039 = ORIENTED_EDGE ( 'NONE', *, *, #1619, .T. ) ;
#2040 = PRESENTATION_STYLE_ASSIGNMENT (( #141 ) ) ;
#2041 = FILL_AREA_STYLE_COLOUR ( '', #342 ) ;
#2042 = PRESENTATION_LAYER_ASSIGNMENT (  '', '', ( #3327 ) ) ;
#2043 = B_SPLINE_CURVE_WITH_KNOTS ( 'NONE', 3,
 ( #2003, #2957, #2312, #1323, #3606 ),
 .UNSPECIFIED., .F., .F.,
 ( 4, 1, 4 ),
 ( 0.0000000000000000000, 0.4399284984857189662, 1.000000000000000000 ),
 .UNSPECIFIED. ) ;
#2044 = ORIENTED_EDGE ( 'NONE', *, *, #3186, .T. ) ;
#2045 = CARTESIAN_POINT ( 'NONE',  ( -1.150000000000000133, -0.9999999999999997780, 0.05000000000000000278 ) ) ;
#2046 = CARTESIAN_POINT ( 'NONE',  ( -1.250000000000000222, -0.8999999999999998002, 0.05000000000000000278 ) ) ;
#2047 = ADVANCED_FACE ( 'NONE', ( #3250 ), #2133, .T. ) ;
#2048 = LINE ( 'NONE', #4047, #619 ) ;
#2049 =( NAMED_UNIT ( * ) SI_UNIT ( $, .STERADIAN. ) SOLID_ANGLE_UNIT ( ) );
#2050 = ORIENTED_EDGE ( 'NONE', *, *, #1505, .F. ) ;
#2051 =( LENGTH_UNIT ( ) NAMED_UNIT ( * ) SI_UNIT ( .MILLI., .METRE. ) );
#2052 = ORIENTED_EDGE ( 'NONE', *, *, #3022, .T. ) ;
#2053 = CARTESIAN_POINT ( 'NONE',  ( -0.1606347542946425233, -0.08999050542952528875, -1.149999999999999911 ) ) ;
#2054 = LINE ( 'NONE', #1743, #3569 ) ;
#2055 =( NAMED_UNIT ( * ) SI_UNIT ( $, .STERADIAN. ) SOLID_ANGLE_UNIT ( ) );
#2056 = LINE ( 'NONE', #3352, #493 ) ;
#2057 = B_SPLINE_CURVE_WITH_KNOTS ( 'NONE', 3,
 ( #2611, #2280, #2652, #980, #3574 ),
 .UNSPECIFIED., .F., .F.,
 ( 4, 1, 4 ),
 ( 0.0000000000000000000, 0.5000000000000012212, 0.9999920615853268302 ),
 .UNSPECIFIED. ) ;
#2058 = ORIENTED_EDGE ( 'NONE', *, *, #2439, .F. ) ;
#2059 = MECHANICAL_DESIGN_GEOMETRIC_PRESENTATION_REPRESENTATION (  '', ( #1552 ), #2930 ) ;
#2060 = VECTOR ( 'NONE', #4091, 1000.000000000000000 ) ;
#2061 = UNCERTAINTY_MEASURE_WITH_UNIT (LENGTH_MEASURE( 1.000000000000000082E-05 ), #3557, 'distance_accuracy_value', 'NONE');
#2062 = ADVANCED_FACE ( 'NONE', ( #1376 ), #1943, .T. ) ;
#2063 = DIRECTION ( 'NONE',  ( 1.852178711329400516E-15, 1.000000000000000000, 0.0000000000000000000 ) ) ;
#2064 = STYLED_ITEM ( 'NONE', ( #4154 ), #3387 ) ;
#2065 = VECTOR ( 'NONE', #2999, 1000.000000000000000 ) ;
#2066 = EDGE_LOOP ( 'NONE', ( #1825, #688, #2742, #3833 ) ) ;
#2067 = VECTOR ( 'NONE', #929, 1000.000000000000000 ) ;
#2068 = STYLED_ITEM ( 'NONE', ( #2571 ), #1823 ) ;
#2069 = COLOUR_RGB ( '',1.000000000000000000, 1.000000000000000000, 1.000000000000000000 ) ;
#2070 = PRESENTATION_LAYER_ASSIGNMENT (  '', '', ( #4100 ) ) ;
#2071 = VERTEX_POINT ( 'NONE', #1787 ) ;
#2072 = FACE_OUTER_BOUND ( 'NONE', #2286, .T. ) ;
#2073 =( NAMED_UNIT ( * ) PLANE_ANGLE_UNIT ( ) SI_UNIT ( $, .RADIAN. ) );
#2074 = CARTESIAN_POINT ( 'NONE',  ( -0.09004880104261009377, -0.09364937534822448395, -1.149999999999999911 ) ) ;
#2075 = STYLED_ITEM ( 'NONE', ( #1861 ), #3329 ) ;
#2076 = STYLED_ITEM ( 'NONE', ( #1352 ), #559 ) ;
#2077 = PRESENTATION_STYLE_ASSIGNMENT (( #1081 ) ) ;
#2078 = EDGE_LOOP ( 'NONE', ( #3617, #26, #3839, #3185 ) ) ;
#2079 = SURFACE_STYLE_FILL_AREA ( #2712 ) ;
#2080 = VERTEX_POINT ( 'NONE', #1418 ) ;
#2081 = CARTESIAN_POINT ( 'NONE',  ( 0.1076265038354389109, -0.09242952981977170523, -1.149999999999999911 ) ) ;
#2082 = EDGE_CURVE ( 'NONE', #2777, #2769, #3089, .T. ) ;
#2083 = CARTESIAN_POINT ( 'NONE',  ( -0.6500000000000002442, 1.000000000000000222, 2.088061301782110135 ) ) ;
#2084 = FACE_OUTER_BOUND ( 'NONE', #3114, .T. ) ;
#2085 = EDGE_CURVE ( 'NONE', #3044, #2578, #3195, .T. ) ;
#2086 = EDGE_CURVE ( 'NONE', #2163, #876, #1395, .T. ) ;
#2087 = CARTESIAN_POINT ( 'NONE',  ( 0.05629266237202406459, -0.09791733469781935262, -1.149999999999999911 ) ) ;
#2088 = EDGE_LOOP ( 'NONE', ( #226, #1853, #3983, #3227 ) ) ;
#2089 = CARTESIAN_POINT ( 'NONE',  ( -0.1842942278718780746, -0.08999050542952545528, -1.149999999999999911 ) ) ;
#2090 =( NAMED_UNIT ( * ) SI_UNIT ( $, .STERADIAN. ) SOLID_ANGLE_UNIT ( ) );
#2091 = CARTESIAN_POINT ( 'NONE',  ( 0.2050731501769046117, -0.01571459079538491121, -1.149999999999999911 ) ) ;
#2092 = COLOUR_RGB ( '',1.000000000000000000, 1.000000000000000000, 1.000000000000000000 ) ;
#2093 =( NAMED_UNIT ( * ) PLANE_ANGLE_UNIT ( ) SI_UNIT ( $, .RADIAN. ) );
#2094 = ORIENTED_EDGE ( 'NONE', *, *, #2086, .F. ) ;
#2095 = ORIENTED_EDGE ( 'NONE', *, *, #771, .F. ) ;
#2096 = CARTESIAN_POINT ( 'NONE',  ( -0.3965655693352941880, 0.04964364091193595313, -1.149999999999999911 ) ) ;
#2097 = B_SPLINE_SURFACE_WITH_KNOTS ( 'NONE', 3, 1, ( 
 ( #630, #1931 ),
 ( #306, #1407 ),
 ( #765, #4080 ),
 ( #3056, #446 ),
 ( #2771, #2725 ) ),
 .UNSPECIFIED., .F., .F., .F.,
 ( 4, 1, 4 ),
 ( 2, 2 ),
 ( 0.0000000000000000000, 0.4445664478680501630, 1.000000000000000000 ),
 ( 0.0000000000000000000, 1.000000000000000000 ),
 .UNSPECIFIED. ) ;
#2098 = DIRECTION ( 'NONE',  ( 1.000000000000000000, 8.592120303831492310E-15, 0.0000000000000000000 ) ) ;
#2099 = B_SPLINE_CURVE_WITH_KNOTS ( 'NONE', 3,
 ( #3272, #3566, #378, #995, #659 ),
 .UNSPECIFIED., .F., .F.,
 ( 4, 1, 4 ),
 ( 0.0000000000000000000, 0.4456072668541559145, 1.000000000000000000 ),
 .UNSPECIFIED. ) ;
#2100 = CARTESIAN_POINT ( 'NONE',  ( -0.009560996164561224447, -0.08999050542952584386, -1.149999999999999911 ) ) ;
#2101 = PRESENTATION_STYLE_ASSIGNMENT (( #1087 ) ) ;
#2102 = CARTESIAN_POINT ( 'NONE',  ( 0.09433978703806478183, 0.09028474020443702508, -1.139999999999999902 ) ) ;
#2103 = ORIENTED_EDGE ( 'NONE', *, *, #1814, .F. ) ;
#2104 =( NAMED_UNIT ( * ) SI_UNIT ( $, .STERADIAN. ) SOLID_ANGLE_UNIT ( ) );
#2105 = ADVANCED_FACE ( 'NONE', ( #510 ), #3740, .T. ) ;
#2106 = UNCERTAINTY_MEASURE_WITH_UNIT (LENGTH_MEASURE( 1.000000000000000082E-05 ), #1807, 'distance_accuracy_value', 'NONE');
#2107 = FILL_AREA_STYLE_COLOUR ( '', #1157 ) ;
#2108 = CARTESIAN_POINT ( 'NONE',  ( -1.150000000000000133, 1.000000000000000222, 0.0000000000000000000 ) ) ;
#2109 = PRESENTATION_STYLE_ASSIGNMENT (( #1424 ) ) ;
#2110 = FILL_AREA_STYLE_COLOUR ( '', #2565 ) ;
#2111 = EDGE_CURVE ( 'NONE', #1061, #1810, #755, .T. ) ;
#2112 = ORIENTED_EDGE ( 'NONE', *, *, #3064, .F. ) ;
#2113 = DIRECTION ( 'NONE',  ( 0.0000000000000000000, -0.0000000000000000000, -1.000000000000000000 ) ) ;
#2114 = MECHANICAL_DESIGN_GEOMETRIC_PRESENTATION_REPRESENTATION (  '', ( #1758 ), #1613 ) ;
#2115 = CARTESIAN_POINT ( 'NONE',  ( 0.1113231501769017945, -0.1143807493319668328, -1.149999999999999911 ) ) ;
#2116 = ORIENTED_EDGE ( 'NONE', *, *, #2085, .T. ) ;
#2117 = PLANE ( 'NONE',  #3206 ) ;
#2118 = CARTESIAN_POINT ( 'NONE',  ( 0.0000000000000000000, 0.08805827505827965029, -1.139999999999999902 ) ) ;
#2119 = ORIENTED_EDGE ( 'NONE', *, *, #4082, .F. ) ;
#2120 = CARTESIAN_POINT ( 'NONE',  ( -0.06809758153041321760, 0.08805827505827927559, -1.149999999999999911 ) ) ;
#2121 = CARTESIAN_POINT ( 'NONE',  ( -0.4390388925060247360, -0.06519375746204887634, -1.149999999999999911 ) ) ;
#2122 = CARTESIAN_POINT ( 'NONE',  ( 0.1033582111525163522, 0.09049729944852027974, -1.139999999999999902 ) ) ;
#2123 = VERTEX_POINT ( 'NONE', #4071 ) ;
#2124 = CARTESIAN_POINT ( 'NONE',  ( -0.3896295937255379038, 0.04964364091193604334, -1.149999999999999911 ) ) ;
#2125 =( NAMED_UNIT ( * ) PLANE_ANGLE_UNIT ( ) SI_UNIT ( $, .RADIAN. ) );
#2126 = CARTESIAN_POINT ( 'NONE',  ( -0.3046829473840728109, -0.1119417249417218596, -1.149999999999999911 ) ) ;
#2127 = DIRECTION ( 'NONE',  ( 0.0000000000000000000, -0.0000000000000000000, -1.000000000000000000 ) ) ;
#2128 = VECTOR ( 'NONE', #2721, 1000.000000000000000 ) ;
#2129 = EDGE_CURVE ( 'NONE', #1693, #3902, #2054, .T. ) ;
#2130 = COLOUR_RGB ( '',1.000000000000000000, 1.000000000000000000, 1.000000000000000000 ) ;
#2131 = SURFACE_STYLE_USAGE ( .BOTH. , #538 ) ;
#2132 = VERTEX_POINT ( 'NONE', #130 ) ;
#2133 = B_SPLINE_SURFACE_WITH_KNOTS ( 'NONE', 3, 1, ( 
 ( #403, #1306 ),
 ( #2008, #1654 ),
 ( #978, #3929 ),
 ( #2296, #3571 ),
 ( #3303, #1694 ),
 ( #3661, #1015 ) ),
 .UNSPECIFIED., .F., .F., .F.,
 ( 4, 1, 1, 4 ),
 ( 2, 2 ),
 ( 0.0000000000000000000, 0.3333308259797862494, 0.6659411775210422046, 1.000000000000000000 ),
 ( 0.0000000000000000000, 1.000000000000000000 ),
 .UNSPECIFIED. ) ;
#2134 = CARTESIAN_POINT ( 'NONE',  ( -0.1853994107987075868, 0.06610705554608449497, -1.149999999999999911 ) ) ;
#2135 = EDGE_CURVE ( 'NONE', #3313, #2163, #3394, .T. ) ;
#2136 = MECHANICAL_DESIGN_GEOMETRIC_PRESENTATION_REPRESENTATION (  '', ( #2865 ), #3755 ) ;
#2137 = CARTESIAN_POINT ( 'NONE',  ( -0.1855137400670001380, 0.08805827505827965029, -1.139999999999999902 ) ) ;
#2138 = SURFACE_STYLE_FILL_AREA ( #2520 ) ;
#2139 = ORIENTED_EDGE ( 'NONE', *, *, #97, .T. ) ;
#2140 = MECHANICAL_DESIGN_GEOMETRIC_PRESENTATION_REPRESENTATION (  '', ( #1293 ), #1441 ) ;
#2141 = EDGE_CURVE ( 'NONE', #3582, #940, #414, .T. ) ;
#2142 =( LENGTH_UNIT ( ) NAMED_UNIT ( * ) SI_UNIT ( .MILLI., .METRE. ) );
#2143 =( GEOMETRIC_REPRESENTATION_CONTEXT ( 3 ) GLOBAL_UNCERTAINTY_ASSIGNED_CONTEXT ( ( #1187 ) ) GLOBAL_UNIT_ASSIGNED_CONTEXT ( ( #63, #2527, #123 ) ) REPRESENTATION_CONTEXT ( 'NONE', 'WORKASPACE' ) );
#2144 = ORIENTED_EDGE ( 'NONE', *, *, #3062, .F. ) ;
#2145 = UNCERTAINTY_MEASURE_WITH_UNIT (LENGTH_MEASURE( 1.000000000000000082E-05 ), #1813, 'distance_accuracy_value', 'NONE');
#2146 = CARTESIAN_POINT ( 'NONE',  ( -0.3424878254328544425, -0.01194172494172205008, -1.149999999999999911 ) ) ;
#2147 = CARTESIAN_POINT ( 'NONE',  ( 0.05629266237202426582, -0.07962465177099012359, -1.139999999999999902 ) ) ;
#2148 = DIRECTION ( 'NONE',  ( 0.0000000000000000000, 0.0000000000000000000, -1.000000000000000000 ) ) ;
#2149 =( NAMED_UNIT ( * ) SI_UNIT ( $, .STERADIAN. ) SOLID_ANGLE_UNIT ( ) );
#2150 = UNCERTAINTY_MEASURE_WITH_UNIT (LENGTH_MEASURE( 1.000000000000000082E-05 ), #3517, 'distance_accuracy_value', 'NONE');
#2151 = FACE_OUTER_BOUND ( 'NONE', #3670, .T. ) ;
#2152 = EDGE_CURVE ( 'NONE', #3769, #202, #1256, .T. ) ;
#2153 = CARTESIAN_POINT ( 'NONE',  ( 0.0000000000000000000, 0.08805827505827738821, -1.139999999999999902 ) ) ;
#2154 = SURFACE_SIDE_STYLE ('',( #3720 ) ) ;
#2155 = ORIENTED_EDGE ( 'NONE', *, *, #2445, .T. ) ;
#2156 = CARTESIAN_POINT ( 'NONE',  ( -0.1559024595791951018, 0.06610705554608459211, -1.149999999999999911 ) ) ;
#2157 = CARTESIAN_POINT ( 'NONE',  ( -0.3902528375924477211, 0.05166417437564782555, -1.139999999999999902 ) ) ;
#2158 = FILL_AREA_STYLE_COLOUR ( '', #2941 ) ;
#2159 = FILL_AREA_STYLE ('',( #870 ) ) ;
#2160 = CARTESIAN_POINT ( 'NONE',  ( -0.3928308132377331674, 0.06366803115583849482, -1.149999999999999911 ) ) ;
#2161 = MECHANICAL_DESIGN_GEOMETRIC_PRESENTATION_REPRESENTATION (  '', ( #522 ), #461 ) ;
#2162 = DIRECTION ( 'NONE',  ( 0.0000000000000000000, 1.000000000000000000, -0.0000000000000000000 ) ) ;
#2163 = VERTEX_POINT ( 'NONE', #1460 ) ;
#2164 = LINE ( 'NONE', #4114, #1030 ) ;
#2165 = SURFACE_STYLE_FILL_AREA ( #1467 ) ;
#2166 = VERTEX_POINT ( 'NONE', #3145 ) ;
#2167 = SURFACE_STYLE_USAGE ( .BOTH. , #2806 ) ;
#2168 =( LENGTH_UNIT ( ) NAMED_UNIT ( * ) SI_UNIT ( .MILLI., .METRE. ) );
#2169 = CARTESIAN_POINT ( 'NONE',  ( -0.4851707522621215296, -0.1119417249417243576, -1.139999999999999902 ) ) ;
#2170 = CARTESIAN_POINT ( 'NONE',  ( -0.3739918904735054506, 0.07139160839161111383, -1.139999999999999902 ) ) ;
#2171 = PLANE ( 'NONE',  #3714 ) ;
#2172 = CARTESIAN_POINT ( 'NONE',  ( 0.05629266237202405765, -0.1015758712831852095, -1.149999999999999911 ) ) ;
#2173 = CARTESIAN_POINT ( 'NONE',  ( 0.1782438818842216055, -0.01407587128318882157, -1.139999999999999902 ) ) ;
#2174 = SURFACE_STYLE_FILL_AREA ( #2910 ) ;
#2175 = ORIENTED_EDGE ( 'NONE', *, *, #2006, .T. ) ;
#2176 = DIRECTION ( 'NONE',  ( 9.850223146615458129E-15, 1.000000000000000000, 0.0000000000000000000 ) ) ;
#2177 = FILL_AREA_STYLE_COLOUR ( '', #2255 ) ;
#2178 = CARTESIAN_POINT ( 'NONE',  ( -1.150000000000000133, 0.9000000000000002442, 0.05000000000000000278 ) ) ;
#2179 = CARTESIAN_POINT ( 'NONE',  ( 0.6500000000000003553, 3.523657060577891259E-17, -1.149999999999999911 ) ) ;
#2180 = UNCERTAINTY_MEASURE_WITH_UNIT (LENGTH_MEASURE( 1.000000000000000082E-05 ), #1303, 'distance_accuracy_value', 'NONE');
#2181 = SURFACE_STYLE_FILL_AREA ( #2207 ) ;
#2182 = SURFACE_SIDE_STYLE ('',( #478 ) ) ;
#2183 = EDGE_CURVE ( 'NONE', #3730, #3097, #1179, .T. ) ;
#2184 = VERTEX_POINT ( 'NONE', #4106 ) ;
#2185 = PRESENTATION_LAYER_ASSIGNMENT (  '', '', ( #2535 ) ) ;
#2186 = PRESENTATION_LAYER_ASSIGNMENT (  '', '', ( #2537 ) ) ;
#2187 = CARTESIAN_POINT ( 'NONE',  ( 0.1257557356716475228, -0.08869034656296301278, -1.149999999999999911 ) ) ;
#2188 = ORIENTED_EDGE ( 'NONE', *, *, #1665, .T. ) ;
#2189 = LINE ( 'NONE', #1458, #1289 ) ;
#2190 = STYLED_ITEM ( 'NONE', ( #758 ), #4072 ) ;
#2191 =( GEOMETRIC_REPRESENTATION_CONTEXT ( 3 ) GLOBAL_UNCERTAINTY_ASSIGNED_CONTEXT ( ( #3913 ) ) GLOBAL_UNIT_ASSIGNED_CONTEXT ( ( #3464, #3522, #1908 ) ) REPRESENTATION_CONTEXT ( 'NONE', 'WORKASPACE' ) );
#2192 = AXIS2_PLACEMENT_3D ( 'NONE', #3326, #406, #3613 ) ;
#2193 = CIRCLE ( 'NONE', #2325, 0.1000000000000000472 ) ;
#2194 = DIRECTION ( 'NONE',  ( -0.0000000000000000000, -1.000000000000000000, 0.0000000000000000000 ) ) ;
#2195 = LINE ( 'NONE', #1885, #3346 ) ;
#2196 = SURFACE_SIDE_STYLE ('',( #637 ) ) ;
#2197 = MECHANICAL_DESIGN_GEOMETRIC_PRESENTATION_REPRESENTATION (  '', ( #1107 ), #1855 ) ;
#2198 =( GEOMETRIC_REPRESENTATION_CONTEXT ( 3 ) GLOBAL_UNCERTAINTY_ASSIGNED_CONTEXT ( ( #3575 ) ) GLOBAL_UNIT_ASSIGNED_CONTEXT ( ( #2051, #3526, #1414 ) ) REPRESENTATION_CONTEXT ( 'NONE', 'WORKASPACE' ) );
#2199 = ORIENTED_EDGE ( 'NONE', *, *, #3635, .F. ) ;
#2200 = PRESENTATION_STYLE_ASSIGNMENT (( #1856 ) ) ;
#2201 = VECTOR ( 'NONE', #535, 1000.000000000000000 ) ;
#2202 = CARTESIAN_POINT ( 'NONE',  ( -0.1290731912865115960, 0.08805827505827963642, -1.149999999999999911 ) ) ;
#2203 = SURFACE_STYLE_FILL_AREA ( #4132 ) ;
#2204 = CARTESIAN_POINT ( 'NONE',  ( -1.150000000000000133, -0.8999999999999998002, -1.159999999999999920 ) ) ;
#2205 = EDGE_CURVE ( 'NONE', #2900, #1746, #2225, .T. ) ;
#2206 = MECHANICAL_DESIGN_GEOMETRIC_PRESENTATION_REPRESENTATION (  '', ( #437 ), #1171 ) ;
#2207 = FILL_AREA_STYLE ('',( #1248 ) ) ;
#2208 = ORIENTED_EDGE ( 'NONE', *, *, #430, .F. ) ;
#2209 = DIRECTION ( 'NONE',  ( -0.0000000000000000000, 0.0000000000000000000, -1.000000000000000000 ) ) ;
#2210 = FILL_AREA_STYLE ('',( #2265 ) ) ;
#2211 = CARTESIAN_POINT ( 'NONE',  ( 0.1759251866913739970, 0.005518415028040874783, -1.149999999999999911 ) ) ;
#2212 = B_SPLINE_CURVE_WITH_KNOTS ( 'NONE', 3,
 ( #264, #1822, #594, #1180, #866 ),
 .UNSPECIFIED., .F., .F.,
 ( 4, 1, 4 ),
 ( 0.0000000000000000000, 0.4397738761604272906, 0.9999859811372515672 ),
 .UNSPECIFIED. ) ;
#2213 = DIRECTION ( 'NONE',  ( -1.000000000000000000, 0.0000000000000000000, 0.0000000000000000000 ) ) ;
#2214 = CARTESIAN_POINT ( 'NONE',  ( -0.3846562705548061678, 0.03572087668429380081, -1.139999999999999902 ) ) ;
#2215 = CARTESIAN_POINT ( 'NONE',  ( -0.3339512400669996661, -0.1119417249417222343, -1.149999999999999911 ) ) ;
#2216 = CARTESIAN_POINT ( 'NONE',  ( 0.3245853452988599064, 0.08805827505826928359, -1.139999999999999902 ) ) ;
#2217 = ORIENTED_EDGE ( 'NONE', *, *, #1863, .F. ) ;
#2218 = SURFACE_STYLE_USAGE ( .BOTH. , #3214 ) ;
#2219 = COLOUR_RGB ( '',0.7529411764705882248, 0.7529411764705882248, 0.7529411764705882248 ) ;
#2220 = UNCERTAINTY_MEASURE_WITH_UNIT (LENGTH_MEASURE( 1.000000000000000082E-05 ), #2400, 'distance_accuracy_value', 'NONE');
#2221 = ORIENTED_EDGE ( 'NONE', *, *, #169, .T. ) ;
#2222 = ORIENTED_EDGE ( 'NONE', *, *, #2082, .F. ) ;
#2223 = DIRECTION ( 'NONE',  ( 4.336808689942040416E-16, -1.000000000000000000, 0.0000000000000000000 ) ) ;
#2224 = FACE_OUTER_BOUND ( 'NONE', #187, .T. ) ;
#2225 = LINE ( 'NONE', #1237, #1454 ) ;
#2226 = CARTESIAN_POINT ( 'NONE',  ( -1.150000000000000133, -0.9999999999999997780, 0.0000000000000000000 ) ) ;
#2227 = DIRECTION ( 'NONE',  ( 1.000000000000000000, 1.111307226797648514E-14, 0.0000000000000000000 ) ) ;
#2228 = SURFACE_STYLE_USAGE ( .BOTH. , #640 ) ;
#2229 = ORIENTED_EDGE ( 'NONE', *, *, #2752, .F. ) ;
#2230 = CARTESIAN_POINT ( 'NONE',  ( -0.4071219717743187472, 0.08805827505827738821, -1.149999999999999911 ) ) ;
#2231 = CARTESIAN_POINT ( 'NONE',  ( 0.2977560770061712936, -0.07020730759755665351, -1.149999999999999911 ) ) ;
#2232 = SURFACE_SIDE_STYLE ('',( #2203 ) ) ;
#2233 = CARTESIAN_POINT ( 'NONE',  ( -0.4071219717743187472, 0.08805827505827738821, -1.139999999999999902 ) ) ;
#2234 = ORIENTED_EDGE ( 'NONE', *, *, #2415, .F. ) ;
#2235 = CARTESIAN_POINT ( 'NONE',  ( -0.3371334047011461665, -0.1025921314457872990, -1.149999999999999911 ) ) ;
#2236 = ORIENTED_EDGE ( 'NONE', *, *, #3859, .F. ) ;
#2237 = EDGE_CURVE ( 'NONE', #3016, #1280, #4188, .T. ) ;
#2238 = EDGE_LOOP ( 'NONE', ( #4135, #140, #4009, #413 ) ) ;
#2239 = B_SPLINE_CURVE_WITH_KNOTS ( 'NONE', 3,
 ( #3040, #372, #1997, #2380, #720, #1732 ),
 .UNSPECIFIED., .F., .F.,
 ( 4, 1, 1, 4 ),
 ( 0.0000000000000000000, 0.3329147237192625619, 0.6657622744043082408, 1.000000000000000000 ),
 .UNSPECIFIED. ) ;
#2240 =( NAMED_UNIT ( * ) SI_UNIT ( $, .STERADIAN. ) SOLID_ANGLE_UNIT ( ) );
#2241 = ADVANCED_FACE ( 'NONE', ( #2867 ), #2171, .T. ) ;
#2242 = VECTOR ( 'NONE', #3940, 1000.000000000000000 ) ;
#2243 = STYLED_ITEM ( 'NONE', ( #1263 ), #3640 ) ;
#2244 = DIRECTION ( 'NONE',  ( -1.111307226797648514E-14, 1.000000000000000000, 0.0000000000000000000 ) ) ;
#2245 = FILL_AREA_STYLE ('',( #3866 ) ) ;
#2246 = ORIENTED_EDGE ( 'NONE', *, *, #2306, .T. ) ;
#2247 = STYLED_ITEM ( 'NONE', ( #2911 ), #1678 ) ;
#2248 = EDGE_CURVE ( 'NONE', #1693, #1061, #3207, .T. ) ;
#2249 = CARTESIAN_POINT ( 'NONE',  ( 0.05629266237202405765, -0.1015758712831852095, -1.149999999999999911 ) ) ;
#2250 = MECHANICAL_DESIGN_GEOMETRIC_PRESENTATION_REPRESENTATION (  '', ( #3476 ), #4030 ) ;
#2251 = CARTESIAN_POINT ( 'NONE',  ( 0.2977560770061705719, 0.0000000000000000000, -1.139999999999999902 ) ) ;
#2252 = FILL_AREA_STYLE ('',( #1691 ) ) ;
#2253 =( NAMED_UNIT ( * ) SI_UNIT ( $, .STERADIAN. ) SOLID_ANGLE_UNIT ( ) );
#2254 =( NAMED_UNIT ( * ) SI_UNIT ( $, .STERADIAN. ) SOLID_ANGLE_UNIT ( ) );
#2255 = COLOUR_RGB ( '',1.000000000000000000, 1.000000000000000000, 1.000000000000000000 ) ;
#2256 = AXIS2_PLACEMENT_3D ( 'NONE', #3794, #3095, #3729 ) ;
#2257 = CARTESIAN_POINT ( 'NONE',  ( 1.149999999999999911, 0.9000000000000002442, 2.088061301782110135 ) ) ;
#2258 =( NAMED_UNIT ( * ) SI_UNIT ( $, .STERADIAN. ) SOLID_ANGLE_UNIT ( ) );
#2259 = CARTESIAN_POINT ( 'NONE',  ( 0.1076265038354389109, -0.09242952981977170523, -1.139999999999999902 ) ) ;
#2260 = LINE ( 'NONE', #324, #346 ) ;
#2261 = ORIENTED_EDGE ( 'NONE', *, *, #3384, .F. ) ;
#2262 = CARTESIAN_POINT ( 'NONE',  ( 1.149999999999998135, 1.000000000000000222, -1.159999999999999920 ) ) ;
#2263 = AXIS2_PLACEMENT_3D ( 'NONE', #2991, #3734, #3655 ) ;
#2264 = ORIENTED_EDGE ( 'NONE', *, *, #1200, .F. ) ;
#2265 = FILL_AREA_STYLE_COLOUR ( '', #1105 ) ;
#2266 = SURFACE_SIDE_STYLE ('',( #3179 ) ) ;
#2267 =( LENGTH_UNIT ( ) NAMED_UNIT ( * ) SI_UNIT ( .MILLI., .METRE. ) );
#2268 = EDGE_CURVE ( 'NONE', #1733, #1044, #2845, .T. ) ;
#2269 = CARTESIAN_POINT ( 'NONE',  ( -0.3965655693352941880, 0.04964364091193595313, -1.149999999999999911 ) ) ;
#2270 = CARTESIAN_POINT ( 'NONE',  ( 0.08372711066281057768, -0.1136113561091572632, -1.149999999999999911 ) ) ;
#2271 = CARTESIAN_POINT ( 'NONE',  ( -0.4356661790913907151, -0.05584416396611319167, -1.139999999999999902 ) ) ;
#2272 = CARTESIAN_POINT ( 'NONE',  ( -0.09004880104260991336, 0.0000000000000000000, -1.139999999999999902 ) ) ;
#2273 = ORIENTED_EDGE ( 'NONE', *, *, #965, .T. ) ;
#2274 = CYLINDRICAL_SURFACE ( 'NONE', #1703, 0.1000000000000000472 ) ;
#2275 =( LENGTH_UNIT ( ) NAMED_UNIT ( * ) SI_UNIT ( .MILLI., .METRE. ) );
#2276 = CARTESIAN_POINT ( 'NONE',  ( 0.05629266237202755485, 0.07809858743678256554, -1.149999999999999911 ) ) ;
#2277 = EDGE_CURVE ( 'NONE', #2132, #1909, #611, .T. ) ;
#2278 = CARTESIAN_POINT ( 'NONE',  ( 1.149999999999999689, -0.8999999999999998002, 0.05000000000000000278 ) ) ;
#2279 = FILL_AREA_STYLE_COLOUR ( '', #1288 ) ;
#2280 = CARTESIAN_POINT ( 'NONE',  ( -0.4155251729938300720, -0.03389294445391827226, -1.149999999999999911 ) ) ;
#2281 = VERTEX_POINT ( 'NONE', #2549 ) ;
#2282 = FACE_OUTER_BOUND ( 'NONE', #743, .T. ) ;
#2283 = FILL_AREA_STYLE ('',( #1894 ) ) ;
#2284 = ORIENTED_EDGE ( 'NONE', *, *, #2780, .T. ) ;
#2285 = SURFACE_STYLE_USAGE ( .BOTH. , #3858 ) ;
#2286 = EDGE_LOOP ( 'NONE', ( #1421, #1413, #695, #2619 ) ) ;
#2287 = CARTESIAN_POINT ( 'NONE',  ( 0.2221463209086090573, -0.1119417249417267307, -1.149999999999999911 ) ) ;
#2288 = DIRECTION ( 'NONE',  ( 1.000000000000000000, 0.0000000000000000000, 0.0000000000000000000 ) ) ;
#2289 = SURFACE_STYLE_USAGE ( .BOTH. , #3230 ) ;
#2290 = DIRECTION ( 'NONE',  ( 1.000000000000000000, -1.204669080539449344E-16, 0.0000000000000000000 ) ) ;
#2291 =( NAMED_UNIT ( * ) PLANE_ANGLE_UNIT ( ) SI_UNIT ( $, .RADIAN. ) );
#2292 = EDGE_LOOP ( 'NONE', ( #1514, #277, #844, #1059 ) ) ;
#2293 =( NAMED_UNIT ( * ) PLANE_ANGLE_UNIT ( ) SI_UNIT ( $, .RADIAN. ) );
#2294 = EDGE_CURVE ( 'NONE', #2711, #1065, #576, .T. ) ;
#2295 = CARTESIAN_POINT ( 'NONE',  ( 0.2977560770061705719, -0.08999050542953497545, -1.149999999999999911 ) ) ;
#2296 = CARTESIAN_POINT ( 'NONE',  ( -0.2389049817939113418, -0.1060344995283538372, -1.149999999999999911 ) ) ;
#2297 = DIRECTION ( 'NONE',  ( 1.000000000000000000, 0.0000000000000000000, 0.0000000000000000000 ) ) ;
#2298 = AXIS2_PLACEMENT_3D ( 'NONE', #2495, #566, #1481 ) ;
#2299 = CARTESIAN_POINT ( 'NONE',  ( 0.6500000000000003553, -0.9999999999999995559, 0.0000000000000000000 ) ) ;
#2300 = EDGE_CURVE ( 'NONE', #760, #2823, #4139, .T. ) ;
#2301 = UNCERTAINTY_MEASURE_WITH_UNIT (LENGTH_MEASURE( 1.000000000000000082E-05 ), #1203, 'distance_accuracy_value', 'NONE');
#2302 = DIRECTION ( 'NONE',  ( -0.0000000000000000000, 0.0000000000000000000, 1.000000000000000000 ) ) ;
#2303 = CARTESIAN_POINT ( 'NONE',  ( 0.01726827212812287113, -0.01194172494172154007, -1.149999999999999911 ) ) ;
#2304 = PRESENTATION_STYLE_ASSIGNMENT (( #3241 ) ) ;
#2305 = ORIENTED_EDGE ( 'NONE', *, *, #2381, .F. ) ;
#2306 = EDGE_CURVE ( 'NONE', #2593, #2639, #165, .T. ) ;
#2307 = CARTESIAN_POINT ( 'NONE',  ( -0.6500000000000003553, -0.9999999999999995559, 0.0000000000000000000 ) ) ;
#2308 = EDGE_CURVE ( 'NONE', #1459, #3902, #3409, .T. ) ;
#2309 = CYLINDRICAL_SURFACE ( 'NONE', #3822, 0.1000000000000000472 ) ;
#2310 = CARTESIAN_POINT ( 'NONE',  ( -0.3498620632377320572, -0.06519375746204750244, -1.139999999999999902 ) ) ;
#2311 = CARTESIAN_POINT ( 'NONE',  ( -0.1290731912865122344, -0.1119417249417204163, -1.149999999999999911 ) ) ;
#2312 = CARTESIAN_POINT ( 'NONE',  ( -0.3916695311439116756, 0.05625704224091840344, -1.149999999999999911 ) ) ;
#2313 = CARTESIAN_POINT ( 'NONE',  ( -0.2877377135656105089, 0.008537774782015188427, -1.139999999999999902 ) ) ;
#2314 = CARTESIAN_POINT ( 'NONE',  ( -0.009560996164561224447, -0.08999050542952584386, -1.149999999999999911 ) ) ;
#2315 = VECTOR ( 'NONE', #1708, 1000.000000000000000 ) ;
#2316 = VECTOR ( 'NONE', #846, 1000.000000000000000 ) ;
#2317 = ORIENTED_EDGE ( 'NONE', *, *, #2135, .F. ) ;
#2318 = CARTESIAN_POINT ( 'NONE',  ( -0.3597896547011470991, -0.03389294445391744653, -1.149999999999999911 ) ) ;
#2319 = COLOUR_RGB ( '',1.000000000000000000, 1.000000000000000000, 1.000000000000000000 ) ;
#2320 = CARTESIAN_POINT ( 'NONE',  ( 0.05629266237202711770, 0.06021274660299297254, -1.149999999999999911 ) ) ;
#2321 = SURFACE_SIDE_STYLE ('',( #3592 ) ) ;
#2322 = VECTOR ( 'NONE', #507, 1000.000000000000000 ) ;
#2323 = STYLED_ITEM ( 'NONE', ( #271 ), #3539 ) ;
#2324 = FILL_AREA_STYLE ('',( #1309 ) ) ;
#2325 = AXIS2_PLACEMENT_3D ( 'NONE', #2912, #655, #1933 ) ;
#2326 = VECTOR ( 'NONE', #390, 1000.000000000000000 ) ;
#2327 = VECTOR ( 'NONE', #4176, 1000.000000000000000 ) ;
#2328 = CARTESIAN_POINT ( 'NONE',  ( -0.4266722766523666222, -0.03389294445391846655, -1.149999999999999911 ) ) ;
#2329 = CARTESIAN_POINT ( 'NONE',  ( -0.6500000000000003553, -0.9999999999999995559, -1.159999999999999920 ) ) ;
#2330 = CARTESIAN_POINT ( 'NONE',  ( 0.2977560770061767337, 0.08805827505826982482, -1.149999999999999911 ) ) ;
#2331 = DIRECTION ( 'NONE',  ( -1.000000000000000000, 4.336808689942021187E-16, -0.0000000000000000000 ) ) ;
#2332 = ORIENTED_EDGE ( 'NONE', *, *, #3928, .T. ) ;
#2333 = COLOUR_RGB ( '',0.7529411764705882248, 0.7529411764705882248, 0.7529411764705882248 ) ;
#2334 =( GEOMETRIC_REPRESENTATION_CONTEXT ( 3 ) GLOBAL_UNCERTAINTY_ASSIGNED_CONTEXT ( ( #181 ) ) GLOBAL_UNIT_ASSIGNED_CONTEXT ( ( #265, #949, #1869 ) ) REPRESENTATION_CONTEXT ( 'NONE', 'WORKASPACE' ) );
#2335 = AXIS2_PLACEMENT_3D ( 'NONE', #1001, #2575, #3305 ) ;
#2336 = CARTESIAN_POINT ( 'NONE',  ( 0.2050731501769046117, -0.01571459079538491121, -1.139999999999999902 ) ) ;
#2337 = CARTESIAN_POINT ( 'NONE',  ( 0.0000000000000000000, 0.06610705554608459211, -1.139999999999999902 ) ) ;
#2338 = VECTOR ( 'NONE', #255, 1000.000000000000000 ) ;
#2339 = EDGE_LOOP ( 'NONE', ( #985, #3739, #1436, #3540 ) ) ;
#2340 = FACE_OUTER_BOUND ( 'NONE', #400, .T. ) ;
#2341 = EDGE_CURVE ( 'NONE', #2035, #1630, #3787, .T. ) ;
#2342 = CARTESIAN_POINT ( 'NONE',  ( 0.0000000000000000000, -0.1119417249417212074, -1.139999999999999902 ) ) ;
#2343 = LINE ( 'NONE', #1627, #587 ) ;
#2344 = SURFACE_SIDE_STYLE ('',( #358 ) ) ;
#2345 = EDGE_LOOP ( 'NONE', ( #856, #1889, #2694, #2119 ) ) ;
#2346 = DIRECTION ( 'NONE',  ( 2.273128418449730913E-14, 1.000000000000000000, 0.0000000000000000000 ) ) ;
#2347 = ORIENTED_EDGE ( 'NONE', *, *, #3054, .T. ) ;
#2348 = DIRECTION ( 'NONE',  ( -1.000000000000000000, 4.524607994818975690E-14, 0.0000000000000000000 ) ) ;
#2349 = SURFACE_SIDE_STYLE ('',( #1068 ) ) ;
#2350 = CARTESIAN_POINT ( 'NONE',  ( 0.2392198249736496585, -0.1119417249417275079, -1.149999999999999911 ) ) ;
#2351 = SURFACE_SIDE_STYLE ('',( #3961 ) ) ;
#2352 = UNCERTAINTY_MEASURE_WITH_UNIT (LENGTH_MEASURE( 1.000000000000000082E-05 ), #1332, 'distance_accuracy_value', 'NONE');
#2353 = FILL_AREA_STYLE_COLOUR ( '', #2804 ) ;
#2354 = CARTESIAN_POINT ( 'NONE',  ( 0.01726827212812474810, 0.08805827505827816537, -1.149999999999999911 ) ) ;
#2355 = SURFACE_SIDE_STYLE ('',( #1053 ) ) ;
#2356 = SURFACE_SIDE_STYLE ('',( #412 ) ) ;
#2357 = ORIENTED_EDGE ( 'NONE', *, *, #491, .T. ) ;
#2358 = CARTESIAN_POINT ( 'NONE',  ( 0.1285055022714588491, -0.1123795885439421716, -1.139999999999999902 ) ) ;
#2359 = ADVANCED_FACE ( 'NONE', ( #1342 ), #3585, .F. ) ;
#2360 = CARTESIAN_POINT ( 'NONE',  ( -0.3896295937255379038, 0.04964364091193604334, -1.149999999999999911 ) ) ;
#2361 = B_SPLINE_CURVE_WITH_KNOTS ( 'NONE', 3,
 ( #716, #2378, #738, #1752, #1729, #3052 ),
 .UNSPECIFIED., .F., .F.,
 ( 4, 1, 1, 4 ),
 ( 0.0000000000000000000, 0.3340588224789577954, 0.6666691740202137506, 0.9999963238736711002 ),
 .UNSPECIFIED. ) ;
#2362 = MECHANICAL_DESIGN_GEOMETRIC_PRESENTATION_REPRESENTATION (  '', ( #1317 ), #2431 ) ;
#2363 = VERTEX_POINT ( 'NONE', #2663 ) ;
#2364 = CARTESIAN_POINT ( 'NONE',  ( 0.09587167656674622229, 0.06815855109821294944, -1.149999999999999911 ) ) ;
#2365 = PRESENTATION_STYLE_ASSIGNMENT (( #81 ) ) ;
#2366 = PRESENTATION_LAYER_ASSIGNMENT (  '', '', ( #522 ) ) ;
#2367 = CARTESIAN_POINT ( 'NONE',  ( -0.08029270348163414228, -0.02169782250269610205, -1.149999999999999911 ) ) ;
#2368 = ORIENTED_EDGE ( 'NONE', *, *, #169, .F. ) ;
#2369 = VERTEX_POINT ( 'NONE', #3544 ) ;
#2370 = ORIENTED_EDGE ( 'NONE', *, *, #2135, .T. ) ;
#2371 = CARTESIAN_POINT ( 'NONE',  ( -0.08517075226212079964, 0.08805827505827945600, -1.149999999999999911 ) ) ;
#2372 = LINE ( 'NONE', #2295, #3686 ) ;
#2373 = FILL_AREA_STYLE ('',( #1963 ) ) ;
#2374 = EDGE_LOOP ( 'NONE', ( #2317, #4068, #2199, #786, #3343, #3653, #3900, #1088 ) ) ;
#2375 = SURFACE_SIDE_STYLE ('',( #782 ) ) ;
#2376 = DIRECTION ( 'NONE',  ( -1.328647754547727677E-14, 1.000000000000000000, 0.0000000000000000000 ) ) ;
#2377 = CARTESIAN_POINT ( 'NONE',  ( 0.3111705444858515746, 0.08805827505826926971, -1.149999999999999911 ) ) ;
#2378 = CARTESIAN_POINT ( 'NONE',  ( -0.2019656221169818244, -0.1099697997306638003, -1.149999999999999911 ) ) ;
#2379 =( LENGTH_UNIT ( ) NAMED_UNIT ( * ) SI_UNIT ( .MILLI., .METRE. ) );
#2380 = CARTESIAN_POINT ( 'NONE',  ( -0.2388581620952011930, 0.08233764000245000214, -1.149999999999999911 ) ) ;
#2381 = EDGE_CURVE ( 'NONE', #1183, #2420, #2043, .T. ) ;
#2382 = ORIENTED_EDGE ( 'NONE', *, *, #4077, .F. ) ;
#2383 = SURFACE_STYLE_FILL_AREA ( #2000 ) ;
#2384 = CARTESIAN_POINT ( 'NONE',  ( 1.149999999999998135, 1.000000000000000222, 2.088061301782110135 ) ) ;
#2385 = CARTESIAN_POINT ( 'NONE',  ( 0.2977560770061767337, 0.08805827505826982482, -1.149999999999999911 ) ) ;
#2386 = ORIENTED_EDGE ( 'NONE', *, *, #3941, .T. ) ;
#2387 = ORIENTED_EDGE ( 'NONE', *, *, #3570, .F. ) ;
#2388 = DIRECTION ( 'NONE',  ( 0.0000000000000000000, -0.0000000000000000000, -1.000000000000000000 ) ) ;
#2389 = CARTESIAN_POINT ( 'NONE',  ( -0.2578515886386308353, 0.01427482373039865374, -1.149999999999999911 ) ) ;
#2390 = CARTESIAN_POINT ( 'NONE',  ( 0.1782438818842216055, -0.01407587128318882157, -1.139999999999999902 ) ) ;
#2391 = PRESENTATION_STYLE_ASSIGNMENT (( #530 ) ) ;
#2392 = PRESENTATION_STYLE_ASSIGNMENT (( #2733 ) ) ;
#2393 = AXIS2_PLACEMENT_3D ( 'NONE', #1751, #2718, #1147 ) ;
#2394 = VERTEX_POINT ( 'NONE', #142 ) ;
#2395 = STYLED_ITEM ( 'NONE', ( #3901 ), #1077 ) ;
#2396 = VECTOR ( 'NONE', #2796, 1000.000000000000000 ) ;
#2397 = UNCERTAINTY_MEASURE_WITH_UNIT (LENGTH_MEASURE( 1.000000000000000082E-05 ), #1269, 'distance_accuracy_value', 'NONE');
#2398 = CARTESIAN_POINT ( 'NONE',  ( -0.1559024595791952683, -0.08999050542952527487, -1.149999999999999911 ) ) ;
#2399 = FILL_AREA_STYLE ('',( #440 ) ) ;
#2400 =( LENGTH_UNIT ( ) NAMED_UNIT ( * ) SI_UNIT ( .MILLI., .METRE. ) );
#2401 = EDGE_LOOP ( 'NONE', ( #3927, #1596, #1034, #361, #585, #2998, #3506, #954, #144, #3918, #125, #2705 ) ) ;
#2402 = AXIS2_PLACEMENT_3D ( 'NONE', #2889, #2518, #3799 ) ;
#2403 = CARTESIAN_POINT ( 'NONE',  ( -0.09004880104260991336, -0.1119417249417204024, -1.149999999999999911 ) ) ;
#2404 = PRESENTATION_LAYER_ASSIGNMENT (  '', '', ( #3279 ) ) ;
#2405 = MECHANICAL_DESIGN_GEOMETRIC_PRESENTATION_REPRESENTATION (  '', ( #4100 ), #2685 ) ;
#2406 = ORIENTED_EDGE ( 'NONE', *, *, #3257, .T. ) ;
#2407 = SURFACE_STYLE_USAGE ( .BOTH. , #69 ) ;
#2408 = CARTESIAN_POINT ( 'NONE',  ( 0.1033582111525163522, 0.09049729944852027974, -1.149999999999999911 ) ) ;
#2409 = SURFACE_STYLE_FILL_AREA ( #2430 ) ;
#2410 = AXIS2_PLACEMENT_3D ( 'NONE', #932, #3126, #1214 ) ;
#2411 = CARTESIAN_POINT ( 'NONE',  ( -0.3802927034816356300, 0.08805827505827758250, -1.139999999999999902 ) ) ;
#2412 = VERTEX_POINT ( 'NONE', #2645 ) ;
#2413 = APPLICATION_CONTEXT ( 'automotive_design' ) ;
#2414 = AXIS2_PLACEMENT_3D ( 'NONE', #375, #992, #2288 ) ;
#2415 = EDGE_CURVE ( 'NONE', #3370, #251, #3103, .T. ) ;
#2416 = EDGE_LOOP ( 'NONE', ( #2382, #1207, #3324, #2603 ) ) ;
#2417 = CARTESIAN_POINT ( 'NONE',  ( 0.0000000000000000000, -0.08999050542952545528, -1.139999999999999902 ) ) ;
#2418 = CARTESIAN_POINT ( 'NONE',  ( -0.2047481691175371266, 0.06362552674832809563, -1.149999999999999911 ) ) ;
#2419 = FILL_AREA_STYLE_COLOUR ( '', #957 ) ;
#2420 = VERTEX_POINT ( 'NONE', #1935 ) ;
#2421 = EDGE_CURVE ( 'NONE', #2671, #3042, #3229, .T. ) ;
#2422 = SURFACE_STYLE_USAGE ( .BOTH. , #2375 ) ;
#2423 = CARTESIAN_POINT ( 'NONE',  ( -0.6500000000000002442, 1.000000000000000222, 0.0000000000000000000 ) ) ;
#2424 = CARTESIAN_POINT ( 'NONE',  ( -0.06850375226212192248, -0.02169782250269618878, -1.149999999999999911 ) ) ;
#2425 = ORIENTED_EDGE ( 'NONE', *, *, #42, .T. ) ;
#2426 =( NAMED_UNIT ( * ) SI_UNIT ( $, .STERADIAN. ) SOLID_ANGLE_UNIT ( ) );
#2427 = FACE_BOUND ( 'NONE', #3512, .T. ) ;
#2428 = EDGE_LOOP ( 'NONE', ( #2688, #1585, #2449, #1954 ) ) ;
#2429 = PRESENTATION_STYLE_ASSIGNMENT (( #4065 ) ) ;
#2430 = FILL_AREA_STYLE ('',( #1135 ) ) ;
#2431 =( GEOMETRIC_REPRESENTATION_CONTEXT ( 3 ) GLOBAL_UNCERTAINTY_ASSIGNED_CONTEXT ( ( #2441 ) ) GLOBAL_UNIT_ASSIGNED_CONTEXT ( ( #3298, #994, #3890 ) ) REPRESENTATION_CONTEXT ( 'NONE', 'WORKASPACE' ) );
#2432 = CARTESIAN_POINT ( 'NONE',  ( -0.08517075226212103556, 0.06976559213145019922, -1.149999999999999911 ) ) ;
#2433 = VERTEX_POINT ( 'NONE', #1669 ) ;
#2434 = DIRECTION ( 'NONE',  ( -1.000000000000000000, 0.0000000000000000000, 0.0000000000000000000 ) ) ;
#2435 = PLANE ( 'NONE',  #1912 ) ;
#2436 = ORIENTED_EDGE ( 'NONE', *, *, #2129, .F. ) ;
#2437 = CARTESIAN_POINT ( 'NONE',  ( -0.3896295937255379038, 0.04964364091193604334, -1.139999999999999902 ) ) ;
#2438 = FILL_AREA_STYLE ('',( #2158 ) ) ;
#2439 = EDGE_CURVE ( 'NONE', #712, #87, #312, .T. ) ;
#2440 = ORIENTED_EDGE ( 'NONE', *, *, #3159, .T. ) ;
#2441 = UNCERTAINTY_MEASURE_WITH_UNIT (LENGTH_MEASURE( 1.000000000000000082E-05 ), #3298, 'distance_accuracy_value', 'NONE');
#2442 = CARTESIAN_POINT ( 'NONE',  ( -0.08029270348163404514, 0.0002533970094990094755, -1.149999999999999911 ) ) ;
#2443 = DIRECTION ( 'NONE',  ( 0.0000000000000000000, 1.000000000000000000, -0.0000000000000000000 ) ) ;
#2444 =( NAMED_UNIT ( * ) PLANE_ANGLE_UNIT ( ) SI_UNIT ( $, .RADIAN. ) );
#2445 = EDGE_CURVE ( 'NONE', #4113, #379, #2343, .T. ) ;
#2446 = ORIENTED_EDGE ( 'NONE', *, *, #4077, .T. ) ;
#2447 = UNCERTAINTY_MEASURE_WITH_UNIT (LENGTH_MEASURE( 1.000000000000000082E-05 ), #3368, 'distance_accuracy_value', 'NONE');
#2448 = PRESENTATION_STYLE_ASSIGNMENT (( #3156 ) ) ;
#2449 = ORIENTED_EDGE ( 'NONE', *, *, #2514, .F. ) ;
#2450 = PRODUCT_DEFINITION ( '未知', '', #3406, #3620 ) ;
#2451 = FILL_AREA_STYLE ('',( #1134 ) ) ;
#2452 = CARTESIAN_POINT ( 'NONE',  ( -0.1855137400670001380, 0.08805827505827965029, -1.149999999999999911 ) ) ;
#2453 = EDGE_CURVE ( 'NONE', #2713, #735, #971, .T. ) ;
#2454 = CARTESIAN_POINT ( 'NONE',  ( 0.1782438818842216055, -0.01407587128318882157, -1.139999999999999902 ) ) ;
#2455 = SURFACE_SIDE_STYLE ('',( #1138 ) ) ;
#2456 = ORIENTED_EDGE ( 'NONE', *, *, #3323, .F. ) ;
#2457 = CARTESIAN_POINT ( 'NONE',  ( 0.1113231501769017945, -0.1143807493319668328, -1.139999999999999902 ) ) ;
#2458 = PRESENTATION_STYLE_ASSIGNMENT (( #2760 ) ) ;
#2459 = FACE_OUTER_BOUND ( 'NONE', #58, .T. ) ;
#2460 = CARTESIAN_POINT ( 'NONE',  ( 0.01726827212812150070, -0.1119417249417212074, -1.149999999999999911 ) ) ;
#2461 = PLANE ( 'NONE',  #3268 ) ;
#2462 = SURFACE_STYLE_USAGE ( .BOTH. , #1502 ) ;
#2463 = PRESENTATION_LAYER_ASSIGNMENT (  '', '', ( #3340 ) ) ;
#2464 = B_SPLINE_CURVE_WITH_KNOTS ( 'NONE', 3,
 ( #234, #3946, #4207, #3266, #2956, #1668 ),
 .UNSPECIFIED., .F., .F.,
 ( 4, 1, 1, 4 ),
 ( 0.0000000000000000000, 0.3332070704463947486, 0.6659311317828090493, 0.9999960431151300178 ),
 .UNSPECIFIED. ) ;
#2465 =( LENGTH_UNIT ( ) NAMED_UNIT ( * ) SI_UNIT ( .MILLI., .METRE. ) );
#2466 = DIRECTION ( 'NONE',  ( 0.0000000000000000000, -0.0000000000000000000, -1.000000000000000000 ) ) ;
#2467 = COLOUR_RGB ( '',1.000000000000000000, 1.000000000000000000, 1.000000000000000000 ) ;
#2468 = EDGE_CURVE ( 'NONE', #1241, #251, #947, .T. ) ;
#2469 = PRESENTATION_LAYER_ASSIGNMENT (  '', '', ( #2243 ) ) ;
#2470 = STYLED_ITEM ( 'NONE', ( #2304 ), #1379 ) ;
#2471 =( NAMED_UNIT ( * ) PLANE_ANGLE_UNIT ( ) SI_UNIT ( $, .RADIAN. ) );
#2472 = COLOUR_RGB ( '',1.000000000000000000, 1.000000000000000000, 1.000000000000000000 ) ;
#2473 = EDGE_LOOP ( 'NONE', ( #209, #1999, #2590, #3580 ) ) ;
#2474 = B_SPLINE_SURFACE_WITH_KNOTS ( 'NONE', 3, 1, ( 
 ( #3467, #1891 ),
 ( #913, #3507 ),
 ( #3524, #1519 ),
 ( #615, #2848 ),
 ( #3791, #252 ) ),
 .UNSPECIFIED., .F., .F., .F.,
 ( 4, 1, 4 ),
 ( 2, 2 ),
 ( 0.0000000000000000000, 0.5602261238395727094, 1.000000000000000000 ),
 ( 0.0000000000000000000, 1.000000000000000000 ),
 .UNSPECIFIED. ) ;
#2475 = DIRECTION ( 'NONE',  ( 0.0000000000000000000, -1.000000000000000000, 0.0000000000000000000 ) ) ;
#2476 = MECHANICAL_DESIGN_GEOMETRIC_PRESENTATION_REPRESENTATION (  '', ( #1634 ), #1221 ) ;
#2477 = VECTOR ( 'NONE', #1079, 1000.000000000000000 ) ;
#2478 = DIRECTION ( 'NONE',  ( 1.000000000000000000, 4.322167202129871880E-15, 0.0000000000000000000 ) ) ;
#2479 = AXIS2_PLACEMENT_3D ( 'NONE', #1282, #2876, #953 ) ;
#2480 = VECTOR ( 'NONE', #2481, 1000.000000000000000 ) ;
#2481 = DIRECTION ( 'NONE',  ( 0.0000000000000000000, -0.0000000000000000000, -1.000000000000000000 ) ) ;
#2482 = SURFACE_STYLE_USAGE ( .BOTH. , #3785 ) ;
#2483 = EDGE_CURVE ( 'NONE', #2363, #3107, #2597, .T. ) ;
#2484 = CIRCLE ( 'NONE', #1041, 0.1000000000000000472 ) ;
#2485 = DIRECTION ( 'NONE',  ( 0.0000000000000000000, 0.0000000000000000000, -1.000000000000000000 ) ) ;
#2486 =( NAMED_UNIT ( * ) PLANE_ANGLE_UNIT ( ) SI_UNIT ( $, .RADIAN. ) );
#2487 = CARTESIAN_POINT ( 'NONE',  ( -1.150000000000000133, 0.9900000000000002132, -5.523452378719428957 ) ) ;
#2488 = STYLED_ITEM ( 'NONE', ( #1326 ), #724 ) ;
#2489 = EDGE_LOOP ( 'NONE', ( #3232, #1609, #3687, #3092, #418, #398 ) ) ;
#2490 = DIRECTION ( 'NONE',  ( 0.0000000000000000000, -0.0000000000000000000, -1.000000000000000000 ) ) ;
#2491 = DIRECTION ( 'NONE',  ( 0.0000000000000000000, -0.0000000000000000000, -1.000000000000000000 ) ) ;
#2492 = DIRECTION ( 'NONE',  ( 0.0000000000000000000, -0.0000000000000000000, -1.000000000000000000 ) ) ;
#2493 = FACE_OUTER_BOUND ( 'NONE', #4078, .T. ) ;
#2494 = ORIENTED_EDGE ( 'NONE', *, *, #228, .F. ) ;
#2495 = CARTESIAN_POINT ( 'NONE',  ( 0.0000000000000000000, 0.0000000000000000000, -1.149999999999999911 ) ) ;
#2496 = ORIENTED_EDGE ( 'NONE', *, *, #491, .F. ) ;
#2497 = ADVANCED_FACE ( 'NONE', ( #1956 ), #330, .T. ) ;
#2498 = CARTESIAN_POINT ( 'NONE',  ( 0.1113231501769017945, -0.1143807493319668328, -1.149999999999999911 ) ) ;
#2499 = CARTESIAN_POINT ( 'NONE',  ( -0.4218954995297514721, -0.05584416396611359412, -1.149999999999999911 ) ) ;
#2500 = CARTESIAN_POINT ( 'NONE',  ( -0.1559024595791951850, 0.04876288210435016091, -1.149999999999999911 ) ) ;
#2501 = VECTOR ( 'NONE', #4011, 1000.000000000000000 ) ;
#2502 = FILL_AREA_STYLE ('',( #3829 ) ) ;
#2503 = CARTESIAN_POINT ( 'NONE',  ( 0.1741653606674689048, -0.03779071538182546264, -1.139999999999999902 ) ) ;
#2504 = ADVANCED_FACE ( 'NONE', ( #3473, #2151, #2427, #1862, #1831, #1429 ), #1190, .F. ) ;
#2505 = VERTEX_POINT ( 'NONE', #3080 ) ;
#2506 = B_SPLINE_CURVE_WITH_KNOTS ( 'NONE', 3,
 ( #3978, #973, #1372, #2627, #3657 ),
 .UNSPECIFIED., .F., .F.,
 ( 4, 1, 4 ),
 ( 0.0000000000000000000, 0.4999999999999981126, 0.9999816619324295441 ),
 .UNSPECIFIED. ) ;
#2507 = B_SPLINE_SURFACE_WITH_KNOTS ( 'NONE', 3, 1, ( 
 ( #39, #310 ),
 ( #1255, #2582 ),
 ( #2567, #592 ),
 ( #3863, #2929 ),
 ( #1605, #1646 ),
 ( #2862, #1625 ) ),
 .UNSPECIFIED., .F., .F., .F.,
 ( 4, 1, 1, 4 ),
 ( 2, 2 ),
 ( 0.0000000000000000000, 0.3340688682171909507, 0.6667929295536052514, 1.000000000000000000 ),
 ( 0.0000000000000000000, 1.000000000000000000 ),
 .UNSPECIFIED. ) ;
#2508 = CARTESIAN_POINT ( 'NONE',  ( 0.3075121745671452467, -0.1119417249417305749, -1.149999999999999911 ) ) ;
#2509 = CARTESIAN_POINT ( 'NONE',  ( 0.2221463209086090573, -0.1119417249417267307, -1.149999999999999911 ) ) ;
#2510 = PLANE ( 'NONE',  #2256 ) ;
#2511 = CARTESIAN_POINT ( 'NONE',  ( 0.1031295526159303338, 0.06854607993632522156, -1.149999999999999911 ) ) ;
#2512 = ORIENTED_EDGE ( 'NONE', *, *, #3631, .T. ) ;
#2513 = DIRECTION ( 'NONE',  ( 0.0000000000000000000, -0.0000000000000000000, -1.000000000000000000 ) ) ;
#2514 = EDGE_CURVE ( 'NONE', #2873, #2761, #1131, .T. ) ;
#2515 = SURFACE_STYLE_USAGE ( .BOTH. , #3117 ) ;
#2516 = ORIENTED_EDGE ( 'NONE', *, *, #3911, .T. ) ;
#2517 = AXIS2_PLACEMENT_3D ( 'NONE', #3511, #667, #1527 ) ;
#2518 = DIRECTION ( 'NONE',  ( -1.389134033497045141E-14, 1.000000000000000000, 0.0000000000000000000 ) ) ;
#2519 = LINE ( 'NONE', #204, #1113 ) ;
#2520 = FILL_AREA_STYLE ('',( #509 ) ) ;
#2521 = ORIENTED_EDGE ( 'NONE', *, *, #2483, .T. ) ;
#2522 = B_SPLINE_CURVE_WITH_KNOTS ( 'NONE', 3,
 ( #3784, #1839, #2809, #2542, #1511 ),
 .UNSPECIFIED., .F., .F.,
 ( 4, 1, 4 ),
 ( 0.0000000000000000000, 0.4400102286265295537, 0.9999880897000050783 ),
 .UNSPECIFIED. ) ;
#2523 = SURFACE_SIDE_STYLE ('',( #4169 ) ) ;
#2524 = ADVANCED_FACE ( 'NONE', ( #3779 ), #3455, .T. ) ;
#2525 = PLANE ( 'NONE',  #4149 ) ;
#2526 = CARTESIAN_POINT ( 'NONE',  ( 0.1668699343695708714, -0.08021047688192467495, -1.139999999999999902 ) ) ;
#2527 =( NAMED_UNIT ( * ) PLANE_ANGLE_UNIT ( ) SI_UNIT ( $, .RADIAN. ) );
#2528 = LINE ( 'NONE', #893, #1769 ) ;
#2529 = SURFACE_SIDE_STYLE ('',( #2 ) ) ;
#2530 = CARTESIAN_POINT ( 'NONE',  ( 0.1782438818842216055, -0.01407587128318882157, -1.149999999999999911 ) ) ;
#2531 = ORIENTED_EDGE ( 'NONE', *, *, #228, .T. ) ;
#2532 = UNCERTAINTY_MEASURE_WITH_UNIT (LENGTH_MEASURE( 1.000000000000000082E-05 ), #1586, 'distance_accuracy_value', 'NONE');
#2533 = CARTESIAN_POINT ( 'NONE',  ( -0.3530442278718785576, -0.05584416396611255329, -1.149999999999999911 ) ) ;
#2534 = CYLINDRICAL_SURFACE ( 'NONE', #3176, 0.1000000000000000472 ) ;
#2535 = STYLED_ITEM ( 'NONE', ( #2040 ), #941 ) ;
#2536 = ORIENTED_EDGE ( 'NONE', *, *, #404, .T. ) ;
#2537 = STYLED_ITEM ( 'NONE', ( #1199 ), #3816 ) ;
#2538 = MECHANICAL_DESIGN_GEOMETRIC_PRESENTATION_REPRESENTATION (  '', ( #1428 ), #2802 ) ;
#2539 = PRESENTATION_LAYER_ASSIGNMENT (  '', '', ( #212 ) ) ;
#2540 = COLOUR_RGB ( '',1.000000000000000000, 1.000000000000000000, 1.000000000000000000 ) ;
#2541 = PLANE ( 'NONE',  #2402 ) ;
#2542 = CARTESIAN_POINT ( 'NONE',  ( 0.09754451772486760763, -0.09191066045774641535, -1.149999999999999911 ) ) ;
#2543 = STYLED_ITEM ( 'NONE', ( #3233 ), #1213 ) ;
#2544 =( LENGTH_UNIT ( ) NAMED_UNIT ( * ) SI_UNIT ( .MILLI., .METRE. ) );
#2545 = DIRECTION ( 'NONE',  ( 1.000000000000000000, 0.0000000000000000000, 0.0000000000000000000 ) ) ;
#2546 = PRESENTATION_LAYER_ASSIGNMENT (  '', '', ( #3609 ) ) ;
#2547 = COLOUR_RGB ( '',1.000000000000000000, 1.000000000000000000, 1.000000000000000000 ) ;
#2548 = PRESENTATION_LAYER_ASSIGNMENT (  '', '', ( #2247 ) ) ;
#2549 = CARTESIAN_POINT ( 'NONE',  ( 0.2221463209086090573, -0.1119417249417267307, -1.149999999999999911 ) ) ;
#2550 = CARTESIAN_POINT ( 'NONE',  ( -0.3916695311439116756, 0.05625704224091840344, -1.139999999999999902 ) ) ;
#2551 = CARTESIAN_POINT ( 'NONE',  ( 0.2221463209086090573, -0.1119417249417290483, -1.139999999999999902 ) ) ;
#2552 = EDGE_CURVE ( 'NONE', #653, #2671, #3173, .T. ) ;
#2553 = VECTOR ( 'NONE', #727, 1000.000000000000000 ) ;
#2554 = VERTEX_POINT ( 'NONE', #3577 ) ;
#2555 = PRESENTATION_LAYER_ASSIGNMENT (  '', '', ( #569 ) ) ;
#2556 =( NAMED_UNIT ( * ) PLANE_ANGLE_UNIT ( ) SI_UNIT ( $, .RADIAN. ) );
#2557 = ORIENTED_EDGE ( 'NONE', *, *, #2421, .F. ) ;
#2558 = EDGE_CURVE ( 'NONE', #2727, #1220, #1877, .T. ) ;
#2559 = AXIS2_PLACEMENT_3D ( 'NONE', #1219, #996, #4172 ) ;
#2560 =( LENGTH_UNIT ( ) NAMED_UNIT ( * ) SI_UNIT ( .MILLI., .METRE. ) );
#2561 =( NAMED_UNIT ( * ) SI_UNIT ( $, .STERADIAN. ) SOLID_ANGLE_UNIT ( ) );
#2562 = ORIENTED_EDGE ( 'NONE', *, *, #3782, .T. ) ;
#2563 = EDGE_CURVE ( 'NONE', #3673, #61, #2789, .T. ) ;
#2564 = B_SPLINE_CURVE_WITH_KNOTS ( 'NONE', 3,
 ( #1090, #3013, #101, #1381, #783 ),
 .UNSPECIFIED., .F., .F.,
 ( 4, 1, 4 ),
 ( 0.0000000000000000000, 0.4409481981981158705, 1.000000000000000000 ),
 .UNSPECIFIED. ) ;
#2565 = COLOUR_RGB ( '',0.2509803921568627416, 0.2509803921568627416, 0.2509803921568627416 ) ;
#2566 = DIRECTION ( 'NONE',  ( 0.0000000000000000000, 0.0000000000000000000, -1.000000000000000000 ) ) ;
#2567 = CARTESIAN_POINT ( 'NONE',  ( 0.1993017853266317585, 0.03941387670507293800, -1.149999999999999911 ) ) ;
#2568 = DIRECTION ( 'NONE',  ( 1.000000000000000000, 0.0000000000000000000, 0.0000000000000000000 ) ) ;
#2569 = PRESENTATION_STYLE_ASSIGNMENT (( #4170 ) ) ;
#2570 = LINE ( 'NONE', #2272, #4042 ) ;
#2571 = PRESENTATION_STYLE_ASSIGNMENT (( #2228 ) ) ;
#2572 = VERTEX_POINT ( 'NONE', #1545 ) ;
#2573 = B_SPLINE_CURVE_WITH_KNOTS ( 'NONE', 3,
 ( #3203, #2211, #287, #1974, #3543 ),
 .UNSPECIFIED., .F., .F.,
 ( 4, 1, 4 ),
 ( 0.0000000000000000000, 0.4461889103902413889, 0.9999928586088475679 ),
 .UNSPECIFIED. ) ;
#2574 = DIRECTION ( 'NONE',  ( 0.0000000000000000000, 0.0000000000000000000, -1.000000000000000000 ) ) ;
#2575 = DIRECTION ( 'NONE',  ( 1.000000000000000000, -7.408714845317602062E-15, 0.0000000000000000000 ) ) ;
#2576 = UNCERTAINTY_MEASURE_WITH_UNIT (LENGTH_MEASURE( 1.000000000000000082E-05 ), #2544, 'distance_accuracy_value', 'NONE');
#2577 = ADVANCED_FACE ( 'NONE', ( #241 ), #2534, .T. ) ;
#2578 = VERTEX_POINT ( 'NONE', #2905 ) ;
#2579 = LINE ( 'NONE', #2262, #3130 ) ;
#2580 =( NAMED_UNIT ( * ) PLANE_ANGLE_UNIT ( ) SI_UNIT ( $, .RADIAN. ) );
#2581 = FILL_AREA_STYLE ('',( #286 ) ) ;
#2582 = CARTESIAN_POINT ( 'NONE',  ( 0.2031467769974173165, 0.002686256140171410216, -1.139999999999999902 ) ) ;
#2583 = ADVANCED_FACE ( 'NONE', ( #3239 ), #301, .T. ) ;
#2584 = CARTESIAN_POINT ( 'NONE',  ( 0.06458122739250934941, 0.05988095535148715148, -1.149999999999999911 ) ) ;
#2585 = CARTESIAN_POINT ( 'NONE',  ( 0.1113231501769017945, -0.1143807493319668328, -1.139999999999999902 ) ) ;
#2586 = DIRECTION ( 'NONE',  ( 1.000000000000000000, 0.0000000000000000000, 0.0000000000000000000 ) ) ;
#2587 = FACE_OUTER_BOUND ( 'NONE', #862, .T. ) ;
#2588 = ORIENTED_EDGE ( 'NONE', *, *, #1672, .F. ) ;
#2589 =( LENGTH_UNIT ( ) NAMED_UNIT ( * ) SI_UNIT ( .MILLI., .METRE. ) );
#2590 = ORIENTED_EDGE ( 'NONE', *, *, #2268, .T. ) ;
#2591 = LINE ( 'NONE', #1947, #1922 ) ;
#2592 =( LENGTH_UNIT ( ) NAMED_UNIT ( * ) SI_UNIT ( .MILLI., .METRE. ) );
#2593 = VERTEX_POINT ( 'NONE', #2398 ) ;
#2594 = ADVANCED_FACE ( 'NONE', ( #340 ), #737, .T. ) ;
#2595 = SURFACE_STYLE_FILL_AREA ( #987 ) ;
#2596 = EDGE_LOOP ( 'NONE', ( #407, #1864, #4150, #848 ) ) ;
#2597 = B_SPLINE_CURVE_WITH_KNOTS ( 'NONE', 3,
 ( #2025, #462, #4208, #1276, #3247, #657 ),
 .UNSPECIFIED., .F., .F.,
 ( 4, 1, 1, 4 ),
 ( 0.0000000000000000000, 0.3332070704463947486, 0.6659311317828090493, 1.000000000000000000 ),
 .UNSPECIFIED. ) ;
#2598 = PRESENTATION_LAYER_ASSIGNMENT (  '', '', ( #273 ) ) ;
#2599 = PRESENTATION_LAYER_ASSIGNMENT (  '', '', ( #1634 ) ) ;
#2600 = LINE ( 'NONE', #676, #3273 ) ;
#2601 = PRESENTATION_LAYER_ASSIGNMENT (  '', '', ( #348 ) ) ;
#2602 =( NAMED_UNIT ( * ) PLANE_ANGLE_UNIT ( ) SI_UNIT ( $, .RADIAN. ) );
#2603 = ORIENTED_EDGE ( 'NONE', *, *, #614, .F. ) ;
#2604 = PRESENTATION_LAYER_ASSIGNMENT (  '', '', ( #2744 ) ) ;
#2605 = SURFACE_STYLE_USAGE ( .BOTH. , #642 ) ;
#2606 = B_SPLINE_CURVE_WITH_KNOTS ( 'NONE', 3,
 ( #2354, #1658, #1727, #2303, #3332, #409, #3623 ),
 .UNSPECIFIED., .F., .F.,
 ( 4, 1, 1, 1, 4 ),
 ( 0.0000000000000000000, 0.2500000000000001665, 0.5000000000000000000, 0.7499999999999997780, 0.9999974999999996506 ),
 .UNSPECIFIED. ) ;
#2607 = SURFACE_STYLE_FILL_AREA ( #3235 ) ;
#2608 = CARTESIAN_POINT ( 'NONE',  ( -0.3948168453034219816, 0.05695876524786191997, -1.139999999999999902 ) ) ;
#2609 =( NAMED_UNIT ( * ) SI_UNIT ( $, .STERADIAN. ) SOLID_ANGLE_UNIT ( ) );
#2610 = CLOSED_SHELL ( 'NONE', ( #2504, #3539, #2359, #2981, #2497, #1063, #795, #1790, #1411, #1678, #2241, #3640, #1245, #3446, #3180, #1192, #1536, #1989, #1379, #2594, #1748, #3499, #3000, #3252, #2922, #1802, #3387, #1322, #2062, #4072, #1222, #1035, #3816, #1213, #2047, #3934, #1887, #916, #724, #4062, #839, #1934, #1970, #2524, #3463, #2821, #122, #359, #2021, #887, #1028, #3104, #4151, #2105, #1641, #289, #1592, #9, #3290, #1475, #4015, #3887, #2583, #2768, #4020, #3988, #3434, #2984, #1942, #1772, #1823, #3315, #3497, #780, #589, #559 ) ) ;
#2611 = CARTESIAN_POINT ( 'NONE',  ( -0.4266722766523666222, -0.03389294445391846655, -1.149999999999999911 ) ) ;
#2612 = ORIENTED_EDGE ( 'NONE', *, *, #455, .T. ) ;
#2613 = AXIS2_PLACEMENT_3D ( 'NONE', #711, #1966, #3253 ) ;
#2614 = UNCERTAINTY_MEASURE_WITH_UNIT (LENGTH_MEASURE( 1.000000000000000082E-05 ), #308, 'distance_accuracy_value', 'NONE');
#2615 = CARTESIAN_POINT ( 'NONE',  ( -0.3965655693352941880, 0.04964364091193595313, -1.149999999999999911 ) ) ;
#2616 = DIRECTION ( 'NONE',  ( -1.000000000000000000, 0.0000000000000000000, 0.0000000000000000000 ) ) ;
#2617 = CARTESIAN_POINT ( 'NONE',  ( 0.09754494656947795828, -0.09191068252923313697, -1.139999999999999902 ) ) ;
#2618 =( LENGTH_UNIT ( ) NAMED_UNIT ( * ) SI_UNIT ( .MILLI., .METRE. ) );
#2619 = ORIENTED_EDGE ( 'NONE', *, *, #1781, .F. ) ;
#2620 = CARTESIAN_POINT ( 'NONE',  ( 1.249999999999999778, -0.8999999999999998002, 0.0000000000000000000 ) ) ;
#2621 =( NAMED_UNIT ( * ) SI_UNIT ( $, .STERADIAN. ) SOLID_ANGLE_UNIT ( ) );
#2622 = EDGE_CURVE ( 'NONE', #2761, #307, #1367, .T. ) ;
#2623 = EDGE_LOOP ( 'NONE', ( #3759, #3059, #370, #1348 ) ) ;
#2624 = CARTESIAN_POINT ( 'NONE',  ( 0.1031295526159303338, 0.06854607993632522156, -1.139999999999999902 ) ) ;
#2625 = CARTESIAN_POINT ( 'NONE',  ( 1.250000000000000000, 0.9000000000000002442, 0.0000000000000000000 ) ) ;
#2626 = CARTESIAN_POINT ( 'NONE',  ( 0.1113231501769017945, -0.1143807493319668328, -1.149999999999999911 ) ) ;
#2627 = CARTESIAN_POINT ( 'NONE',  ( -0.4802923456656811863, -0.1119417249417245241, -1.149999999999999911 ) ) ;
#2628 = EDGE_CURVE ( 'NONE', #35, #966, #3667, .T. ) ;
#2629 =( NAMED_UNIT ( * ) SI_UNIT ( $, .STERADIAN. ) SOLID_ANGLE_UNIT ( ) );
#2630 = ORIENTED_EDGE ( 'NONE', *, *, #548, .F. ) ;
#2631 = CARTESIAN_POINT ( 'NONE',  ( -0.08517075226212079964, 0.08805827505827945600, -1.149999999999999911 ) ) ;
#2632 = PLANE ( 'NONE',  #3066 ) ;
#2633 = FACE_OUTER_BOUND ( 'NONE', #2428, .T. ) ;
#2634 = CARTESIAN_POINT ( 'NONE',  ( -0.009560996164559984120, 0.01122900676559585031, -1.149999999999999911 ) ) ;
#2635 = EDGE_CURVE ( 'NONE', #2578, #1096, #2606, .T. ) ;
#2636 = COLOUR_RGB ( '',0.7529411764705882248, 0.7529411764705882248, 0.7529411764705882248 ) ;
#2637 = CARTESIAN_POINT ( 'NONE',  ( -0.08029270348163407289, -0.01072237941326521088, -1.149999999999999911 ) ) ;
#2638 =( NAMED_UNIT ( * ) PLANE_ANGLE_UNIT ( ) SI_UNIT ( $, .RADIAN. ) );
#2639 = VERTEX_POINT ( 'NONE', #3036 ) ;
#2640 = FACE_OUTER_BOUND ( 'NONE', #233, .T. ) ;
#2641 = ORIENTED_EDGE ( 'NONE', *, *, #1102, .F. ) ;
#2642 = CARTESIAN_POINT ( 'NONE',  ( 0.09587167656674622229, 0.06815855109821294944, -1.139999999999999902 ) ) ;
#2643 = CARTESIAN_POINT ( 'NONE',  ( 0.05629266237202701362, 0.05574120188754583261, -1.139999999999999902 ) ) ;
#2644 = CARTESIAN_POINT ( 'NONE',  ( -0.08029270348163414228, -0.02169782250269641083, -1.139999999999999902 ) ) ;
#2645 = CARTESIAN_POINT ( 'NONE',  ( -0.3339512400669996661, -0.1119417249417220539, -1.139999999999999902 ) ) ;
#2646 =( NAMED_UNIT ( * ) SI_UNIT ( $, .STERADIAN. ) SOLID_ANGLE_UNIT ( ) );
#2647 = CARTESIAN_POINT ( 'NONE',  ( 0.2221463209086090573, -0.1119417249417267307, -1.149999999999999911 ) ) ;
#2648 = ORIENTED_EDGE ( 'NONE', *, *, #302, .F. ) ;
#2649 =( NAMED_UNIT ( * ) PLANE_ANGLE_UNIT ( ) SI_UNIT ( $, .RADIAN. ) );
#2650 = CARTESIAN_POINT ( 'NONE',  ( -1.150000000000000133, 0.9000000000000002442, 0.0000000000000000000 ) ) ;
#2651 =( LENGTH_UNIT ( ) NAMED_UNIT ( * ) SI_UNIT ( .MILLI., .METRE. ) );
#2652 = CARTESIAN_POINT ( 'NONE',  ( -0.3932311426574193192, -0.03389294445391786981, -1.149999999999999911 ) ) ;
#2653 = EDGE_LOOP ( 'NONE', ( #3038, #4064, #3306, #8 ) ) ;
#2654 = UNCERTAINTY_MEASURE_WITH_UNIT (LENGTH_MEASURE( 1.000000000000000082E-05 ), #790, 'distance_accuracy_value', 'NONE');
#2655 = CARTESIAN_POINT ( 'NONE',  ( -0.3339512400669996661, -0.1119417249417222343, -1.149999999999999911 ) ) ;
#2656 = CARTESIAN_POINT ( 'NONE',  ( 0.3201134672500793310, 0.08805827505826893664, -1.149999999999999911 ) ) ;
#2657 = ORIENTED_EDGE ( 'NONE', *, *, #699, .F. ) ;
#2658 = FILL_AREA_STYLE ('',( #1361 ) ) ;
#2659 = CARTESIAN_POINT ( 'NONE',  ( -0.6500000000000003553, -0.9999999999999995559, -1.159999999999999920 ) ) ;
#2660 = VERTEX_POINT ( 'NONE', #1701 ) ;
#2661 = FILL_AREA_STYLE_COLOUR ( '', #354 ) ;
#2662 = FILL_AREA_STYLE_COLOUR ( '', #489 ) ;
#2663 = CARTESIAN_POINT ( 'NONE',  ( 0.1033582111525163522, 0.09049729944852027974, -1.139999999999999902 ) ) ;
#2664 = FACE_OUTER_BOUND ( 'NONE', #106, .T. ) ;
#2665 = PLANE ( 'NONE',  #3017 ) ;
#2666 = ORIENTED_EDGE ( 'NONE', *, *, #404, .F. ) ;
#2667 = ORIENTED_EDGE ( 'NONE', *, *, #2032, .T. ) ;
#2668 = PRESENTATION_LAYER_ASSIGNMENT (  '', '', ( #3678 ) ) ;
#2669 = LINE ( 'NONE', #3761, #1504 ) ;
#2670 = PRESENTATION_LAYER_ASSIGNMENT (  '', '', ( #3679 ) ) ;
#2671 = VERTEX_POINT ( 'NONE', #2966 ) ;
#2672 =( NAMED_UNIT ( * ) SI_UNIT ( $, .STERADIAN. ) SOLID_ANGLE_UNIT ( ) );
#2673 = PRESENTATION_LAYER_ASSIGNMENT (  '', '', ( #276 ) ) ;
#2674 =( NAMED_UNIT ( * ) SI_UNIT ( $, .STERADIAN. ) SOLID_ANGLE_UNIT ( ) );
#2675 = SURFACE_SIDE_STYLE ('',( #3216 ) ) ;
#2676 = PRESENTATION_STYLE_ASSIGNMENT (( #1676 ) ) ;
#2677 =( GEOMETRIC_REPRESENTATION_CONTEXT ( 3 ) GLOBAL_UNCERTAINTY_ASSIGNED_CONTEXT ( ( #3416 ) ) GLOBAL_UNIT_ASSIGNED_CONTEXT ( ( #410, #3916, #3668 ) ) REPRESENTATION_CONTEXT ( 'NONE', 'WORKASPACE' ) );
#2678 = MECHANICAL_DESIGN_GEOMETRIC_PRESENTATION_REPRESENTATION (  '', ( #2247 ), #3752 ) ;
#2679 = AXIS2_PLACEMENT_3D ( 'NONE', #2487, #3122, #452 ) ;
#2680 =( NAMED_UNIT ( * ) PLANE_ANGLE_UNIT ( ) SI_UNIT ( $, .RADIAN. ) );
#2681 = SURFACE_STYLE_FILL_AREA ( #3937 ) ;
#2682 = SURFACE_STYLE_USAGE ( .BOTH. , #2356 ) ;
#2683 = ORIENTED_EDGE ( 'NONE', *, *, #4122, .F. ) ;
#2684 = EDGE_CURVE ( 'NONE', #1247, #242, #2564, .T. ) ;
#2685 =( GEOMETRIC_REPRESENTATION_CONTEXT ( 3 ) GLOBAL_UNCERTAINTY_ASSIGNED_CONTEXT ( ( #2983 ) ) GLOBAL_UNIT_ASSIGNED_CONTEXT ( ( #295, #581, #1541 ) ) REPRESENTATION_CONTEXT ( 'NONE', 'WORKASPACE' ) );
#2686 = COLOUR_RGB ( '',1.000000000000000000, 1.000000000000000000, 1.000000000000000000 ) ;
#2687 = VECTOR ( 'NONE', #4018, 1000.000000000000000 ) ;
#2688 = ORIENTED_EDGE ( 'NONE', *, *, #1297, .T. ) ;
#2689 = CARTESIAN_POINT ( 'NONE',  ( 0.07939285730881213976, 0.06727867692604282135, -1.149999999999999911 ) ) ;
#2690 = CARTESIAN_POINT ( 'NONE',  ( 0.1628175207262499702, -0.1083830501788936307, -1.149999999999999911 ) ) ;
#2691 = CARTESIAN_POINT ( 'NONE',  ( -0.08517075226212079964, 0.08805827505827945600, -1.149999999999999911 ) ) ;
#2692 = SURFACE_STYLE_FILL_AREA ( #1302 ) ;
#2693 = VERTEX_POINT ( 'NONE', #3255 ) ;
#2694 = ORIENTED_EDGE ( 'NONE', *, *, #1484, .F. ) ;
#2695 = DIRECTION ( 'NONE',  ( 1.000000000000000000, 0.0000000000000000000, 0.0000000000000000000 ) ) ;
#2696 = CARTESIAN_POINT ( 'NONE',  ( 0.1113231501769017945, -0.1143807493319668328, -1.139999999999999902 ) ) ;
#2697 = PRESENTATION_LAYER_ASSIGNMENT (  '', '', ( #1588 ) ) ;
#2698 = VERTEX_POINT ( 'NONE', #1638 ) ;
#2699 = UNCERTAINTY_MEASURE_WITH_UNIT (LENGTH_MEASURE( 1.000000000000000082E-05 ), #2838, 'distance_accuracy_value', 'NONE');
#2700 = EDGE_CURVE ( 'NONE', #876, #1590, #4066, .T. ) ;
#2701 = CARTESIAN_POINT ( 'NONE',  ( -1.150000000000000133, -0.8999999999999998002, 0.05000000000000000278 ) ) ;
#2702 = ORIENTED_EDGE ( 'NONE', *, *, #115, .F. ) ;
#2703 = SURFACE_STYLE_FILL_AREA ( #1384 ) ;
#2704 = EDGE_CURVE ( 'NONE', #3135, #1557, #411, .T. ) ;
#2705 = ORIENTED_EDGE ( 'NONE', *, *, #481, .F. ) ;
#2706 = SURFACE_SIDE_STYLE ('',( #2383 ) ) ;
#2707 = DIRECTION ( 'NONE',  ( -1.000000000000000000, 0.0000000000000000000, 0.0000000000000000000 ) ) ;
#2708 = B_SPLINE_CURVE_WITH_KNOTS ( 'NONE', 3,
 ( #1438, #2170, #173, #1513, #2776, #1805, #2828 ),
 .UNSPECIFIED., .F., .F.,
 ( 4, 1, 1, 1, 4 ),
 ( 0.0000000000000000000, 0.2499999999999998612, 0.4999999999999994449, 0.7499999999999993339, 1.000000000000000000 ),
 .UNSPECIFIED. ) ;
#2709 = CARTESIAN_POINT ( 'NONE',  ( -0.08517075226212093841, 0.07708249863551523695, -1.149999999999999911 ) ) ;
#2710 = PRESENTATION_STYLE_ASSIGNMENT (( #3638 ) ) ;
#2711 = VERTEX_POINT ( 'NONE', #3596 ) ;
#2712 = FILL_AREA_STYLE ('',( #524 ) ) ;
#2713 = VERTEX_POINT ( 'NONE', #850 ) ;
#2714 = CARTESIAN_POINT ( 'NONE',  ( -0.1853994107987075868, 0.06610705554608449497, -1.149999999999999911 ) ) ;
#2715 =( NAMED_UNIT ( * ) SI_UNIT ( $, .STERADIAN. ) SOLID_ANGLE_UNIT ( ) );
#2716 = EDGE_LOOP ( 'NONE', ( #119, #3459, #1453, #3772, #1779, #3588 ) ) ;
#2717 = DIRECTION ( 'NONE',  ( 1.000000000000000000, -9.129664299890559892E-15, 0.0000000000000000000 ) ) ;
#2718 = DIRECTION ( 'NONE',  ( 0.0000000000000000000, 0.0000000000000000000, 1.000000000000000000 ) ) ;
#2719 = PRESENTATION_LAYER_ASSIGNMENT (  '', '', ( #471 ) ) ;
#2720 = ORIENTED_EDGE ( 'NONE', *, *, #3554, .T. ) ;
#2721 = DIRECTION ( 'NONE',  ( -5.421010862427522170E-17, 1.000000000000000000, 0.0000000000000000000 ) ) ;
#2722 = EDGE_CURVE ( 'NONE', #1994, #2123, #4074, .T. ) ;
#2723 = ORIENTED_EDGE ( 'NONE', *, *, #186, .T. ) ;
#2724 = B_SPLINE_CURVE_WITH_KNOTS ( 'NONE', 3,
 ( #3121, #231, #1868, #1238, #1160 ),
 .UNSPECIFIED., .F., .F.,
 ( 4, 1, 4 ),
 ( 0.0000000000000000000, 0.4999999999999998890, 0.9999929310344823907 ),
 .UNSPECIFIED. ) ;
#2725 = CARTESIAN_POINT ( 'NONE',  ( -0.1842942278718780746, -0.08999050542952545528, -1.139999999999999902 ) ) ;
#2726 = SURFACE_STYLE_USAGE ( .BOTH. , #3028 ) ;
#2727 = VERTEX_POINT ( 'NONE', #2108 ) ;
#2728 = CARTESIAN_POINT ( 'NONE',  ( 0.2599510322907234716, -0.08999050542953324072, -1.149999999999999911 ) ) ;
#2729 = EDGE_CURVE ( 'NONE', #2420, #1630, #114, .T. ) ;
#2730 = ORIENTED_EDGE ( 'NONE', *, *, #3123, .F. ) ;
#2731 = CARTESIAN_POINT ( 'NONE',  ( 1.149999999999998135, 1.000000000000000222, 2.088061301782110135 ) ) ;
#2732 = CARTESIAN_POINT ( 'NONE',  ( -0.2632195327499274873, -0.009998127380745474094, -1.149999999999999911 ) ) ;
#2733 = SURFACE_STYLE_USAGE ( .BOTH. , #132 ) ;
#2734 = ORIENTED_EDGE ( 'NONE', *, *, #865, .F. ) ;
#2735 = CARTESIAN_POINT ( 'NONE',  ( -0.4525297461645606534, -0.1025921314457890199, -1.139999999999999902 ) ) ;
#2736 =( GEOMETRIC_REPRESENTATION_CONTEXT ( 3 ) GLOBAL_UNCERTAINTY_ASSIGNED_CONTEXT ( ( #3749 ) ) GLOBAL_UNIT_ASSIGNED_CONTEXT ( ( #3741, #756, #775 ) ) REPRESENTATION_CONTEXT ( 'NONE', 'WORKASPACE' ) );
#2737 = UNCERTAINTY_MEASURE_WITH_UNIT (LENGTH_MEASURE( 1.000000000000000082E-05 ), #3709, 'distance_accuracy_value', 'NONE');
#2738 =( LENGTH_UNIT ( ) NAMED_UNIT ( * ) SI_UNIT ( .MILLI., .METRE. ) );
#2739 = CARTESIAN_POINT ( 'NONE',  ( 0.05629266237202422418, -0.08328355935022124790, -1.149999999999999911 ) ) ;
#2740 = AXIS2_PLACEMENT_3D ( 'NONE', #2951, #3223, #687 ) ;
#2741 = CARTESIAN_POINT ( 'NONE',  ( 0.01726827212812474810, 0.0000000000000000000, -1.139999999999999902 ) ) ;
#2742 = ORIENTED_EDGE ( 'NONE', *, *, #77, .F. ) ;
#2743 = STYLED_ITEM ( 'NONE', ( #1961 ), #1942 ) ;
#2744 = STYLED_ITEM ( 'NONE', ( #895 ), #2874 ) ;
#2745 = AXIS2_PLACEMENT_3D ( 'NONE', #1667, #1712, #1009 ) ;
#2746 = FILL_AREA_STYLE ('',( #2786 ) ) ;
#2747 =( GEOMETRIC_REPRESENTATION_CONTEXT ( 3 ) GLOBAL_UNCERTAINTY_ASSIGNED_CONTEXT ( ( #1798 ) ) GLOBAL_UNIT_ASSIGNED_CONTEXT ( ( #3317, #3244, #38 ) ) REPRESENTATION_CONTEXT ( 'NONE', 'WORKASPACE' ) );
#2748 = ORIENTED_EDGE ( 'NONE', *, *, #2980, .T. ) ;
#2749 = CARTESIAN_POINT ( 'NONE',  ( -0.2632195327499274873, -0.009998127380745474094, -1.139999999999999902 ) ) ;
#2750 = DIRECTION ( 'NONE',  ( -0.0000000000000000000, 1.000000000000000000, -0.0000000000000000000 ) ) ;
#2751 =( GEOMETRIC_REPRESENTATION_CONTEXT ( 3 ) GLOBAL_UNCERTAINTY_ASSIGNED_CONTEXT ( ( #1525 ) ) GLOBAL_UNIT_ASSIGNED_CONTEXT ( ( #1104, #3800, #573 ) ) REPRESENTATION_CONTEXT ( 'NONE', 'WORKASPACE' ) );
#2752 = EDGE_CURVE ( 'NONE', #2281, #87, #1165, .T. ) ;
#2753 = SURFACE_SIDE_STYLE ('',( #1737 ) ) ;
#2754 = ORIENTED_EDGE ( 'NONE', *, *, #3123, .T. ) ;
#2755 =( LENGTH_UNIT ( ) NAMED_UNIT ( * ) SI_UNIT ( .MILLI., .METRE. ) );
#2756 = PLANE ( 'NONE',  #3420 ) ;
#2757 = ORIENTED_EDGE ( 'NONE', *, *, #3688, .F. ) ;
#2758 = CARTESIAN_POINT ( 'NONE',  ( 0.2221463209086090573, 0.0000000000000000000, -1.139999999999999902 ) ) ;
#2759 = EDGE_CURVE ( 'NONE', #3498, #1183, #3793, .T. ) ;
#2760 = SURFACE_STYLE_USAGE ( .BOTH. , #1444 ) ;
#2761 = VERTEX_POINT ( 'NONE', #2126 ) ;
#2762 = B_SPLINE_CURVE_WITH_KNOTS ( 'NONE', 3,
 ( #1268, #2235, #2822, #4134, #2533 ),
 .UNSPECIFIED., .F., .F.,
 ( 4, 1, 4 ),
 ( 0.0000000000000000000, 0.4999999999999998890, 0.9999910869565217242 ),
 .UNSPECIFIED. ) ;
#2763 = FILL_AREA_STYLE ('',( #1448 ) ) ;
#2764 = EDGE_CURVE ( 'NONE', #2394, #962, #1875, .T. ) ;
#2765 = CARTESIAN_POINT ( 'NONE',  ( 0.2977560770061767337, 0.08805827505826982482, -1.149999999999999911 ) ) ;
#2766 = CARTESIAN_POINT ( 'NONE',  ( 0.1782438818842216055, -0.01407587128318882157, -1.139999999999999902 ) ) ;
#2767 =( GEOMETRIC_REPRESENTATION_CONTEXT ( 3 ) GLOBAL_UNCERTAINTY_ASSIGNED_CONTEXT ( ( #475 ) ) GLOBAL_UNIT_ASSIGNED_CONTEXT ( ( #1982, #2649, #2674 ) ) REPRESENTATION_CONTEXT ( 'NONE', 'WORKASPACE' ) );
#2768 = ADVANCED_FACE ( 'NONE', ( #3128 ), #1490, .T. ) ;
#2769 = VERTEX_POINT ( 'NONE', #516 ) ;
#2770 = CARTESIAN_POINT ( 'NONE',  ( -0.2047481691175371266, 0.06362552674832809563, -1.139999999999999902 ) ) ;
#2771 = CARTESIAN_POINT ( 'NONE',  ( -0.1842942278718780746, -0.08999050542952545528, -1.149999999999999911 ) ) ;
#2772 =( NAMED_UNIT ( * ) PLANE_ANGLE_UNIT ( ) SI_UNIT ( $, .RADIAN. ) );
#2773 = STYLED_ITEM ( 'NONE', ( #2448 ), #2497 ) ;
#2774 = VERTEX_POINT ( 'NONE', #217 ) ;
#2775 = CARTESIAN_POINT ( 'NONE',  ( -0.1804827755152436097, 0.06610705554608453660, -1.149999999999999911 ) ) ;
#2776 = CARTESIAN_POINT ( 'NONE',  ( -0.3235853864084639042, -0.06194172494172200255, -1.139999999999999902 ) ) ;
#2777 = VERTEX_POINT ( 'NONE', #2423 ) ;
#2778 = SURFACE_STYLE_FILL_AREA ( #131 ) ;
#2779 = SURFACE_SIDE_STYLE ('',( #808 ) ) ;
#2780 = EDGE_CURVE ( 'NONE', #4016, #889, #476, .T. ) ;
#2781 = CARTESIAN_POINT ( 'NONE',  ( -1.149999999999997913, -0.9999999999999997780, -1.159999999999999920 ) ) ;
#2782 = UNCERTAINTY_MEASURE_WITH_UNIT (LENGTH_MEASURE( 1.000000000000000082E-05 ), #2819, 'distance_accuracy_value', 'NONE');
#2783 = PRESENTATION_STYLE_ASSIGNMENT (( #2422 ) ) ;
#2784 = CARTESIAN_POINT ( 'NONE',  ( 0.6500000000000003553, -0.9899999999999997691, -5.523452378719428957 ) ) ;
#2785 = UNCERTAINTY_MEASURE_WITH_UNIT (LENGTH_MEASURE( 1.000000000000000082E-05 ), #3457, 'distance_accuracy_value', 'NONE');
#2786 = FILL_AREA_STYLE_COLOUR ( '', #2219 ) ;
#2787 = EDGE_CURVE ( 'NONE', #2713, #2593, #1768, .T. ) ;
#2788 = VERTEX_POINT ( 'NONE', #2766 ) ;
#2789 = CIRCLE ( 'NONE', #2517, 0.1000000000000000472 ) ;
#2790 = LINE ( 'NONE', #3404, #2480 ) ;
#2791 = CARTESIAN_POINT ( 'NONE',  ( -0.4356661790913907151, -0.05584416396611383698, -1.149999999999999911 ) ) ;
#2792 = ORIENTED_EDGE ( 'NONE', *, *, #1964, .T. ) ;
#2793 = SURFACE_STYLE_FILL_AREA ( #3164 ) ;
#2794 =( NAMED_UNIT ( * ) SI_UNIT ( $, .STERADIAN. ) SOLID_ANGLE_UNIT ( ) );
#2795 = CARTESIAN_POINT ( 'NONE',  ( -0.3902528375924477211, 0.05166417437564782555, -1.139999999999999902 ) ) ;
#2796 = DIRECTION ( 'NONE',  ( 0.0000000000000000000, 1.000000000000000000, 0.0000000000000000000 ) ) ;
#2797 = CARTESIAN_POINT ( 'NONE',  ( 0.2221463209086094459, -0.1009662818522958777, -1.149999999999999911 ) ) ;
#2798 = EDGE_CURVE ( 'NONE', #2660, #4016, #3807, .T. ) ;
#2799 = CARTESIAN_POINT ( 'NONE',  ( -0.3597896547011470991, -0.03389294445391744653, -1.149999999999999911 ) ) ;
#2800 = COLOUR_RGB ( '',0.0000000000000000000, 0.0000000000000000000, 0.0000000000000000000 ) ;
#2801 = PRESENTATION_LAYER_ASSIGNMENT (  '', '', ( #1699 ) ) ;
#2802 =( GEOMETRIC_REPRESENTATION_CONTEXT ( 3 ) GLOBAL_UNCERTAINTY_ASSIGNED_CONTEXT ( ( #564 ) ) GLOBAL_UNIT_ASSIGNED_CONTEXT ( ( #60, #1031, #3651 ) ) REPRESENTATION_CONTEXT ( 'NONE', 'WORKASPACE' ) );
#2803 = EDGE_LOOP ( 'NONE', ( #128, #4204, #3745, #373 ) ) ;
#2804 = COLOUR_RGB ( '',0.7529411764705882248, 0.7529411764705882248, 0.7529411764705882248 ) ;
#2805 =( GEOMETRIC_REPRESENTATION_CONTEXT ( 3 ) GLOBAL_UNCERTAINTY_ASSIGNED_CONTEXT ( ( #2220 ) ) GLOBAL_UNIT_ASSIGNED_CONTEXT ( ( #2400, #3312, #1425 ) ) REPRESENTATION_CONTEXT ( 'NONE', 'WORKASPACE' ) );
#2806 = SURFACE_SIDE_STYLE ('',( #3781 ) ) ;
#2807 = EDGE_CURVE ( 'NONE', #351, #1339, #254, .T. ) ;
#2808 = CARTESIAN_POINT ( 'NONE',  ( 0.2050731501769046117, -0.01571459079538491121, -1.139999999999999902 ) ) ;
#2809 = CARTESIAN_POINT ( 'NONE',  ( 0.07954164460979895601, -0.09098405863273292815, -1.149999999999999911 ) ) ;
#2810 = ORIENTED_EDGE ( 'NONE', *, *, #993, .F. ) ;
#2811 = VECTOR ( 'NONE', #3300, 1000.000000000000000 ) ;
#2812 = COLOUR_RGB ( '',1.000000000000000000, 1.000000000000000000, 1.000000000000000000 ) ;
#2813 = CARTESIAN_POINT ( 'NONE',  ( -0.1290731912865115960, 0.08805827505827963642, -1.149999999999999911 ) ) ;
#2814 = LINE ( 'NONE', #1239, #1499 ) ;
#2815 = STYLED_ITEM ( 'NONE', ( #2872 ), #589 ) ;
#2816 = CARTESIAN_POINT ( 'NONE',  ( 0.06299699780497672319, 0.08481087532632994308, -1.139999999999999902 ) ) ;
#2817 = SURFACE_STYLE_FILL_AREA ( #1913 ) ;
#2818 = DIRECTION ( 'NONE',  ( -1.000000000000000000, 0.0000000000000000000, -0.0000000000000000000 ) ) ;
#2819 =( LENGTH_UNIT ( ) NAMED_UNIT ( * ) SI_UNIT ( .MILLI., .METRE. ) );
#2820 = LINE ( 'NONE', #1466, #1167 ) ;
#2821 = ADVANCED_FACE ( 'NONE', ( #2850 ), #1893, .T. ) ;
#2822 = CARTESIAN_POINT ( 'NONE',  ( -0.3434976772438956272, -0.08389311112058406295, -1.149999999999999911 ) ) ;
#2823 = VERTEX_POINT ( 'NONE', #3836 ) ;
#2824 = LINE ( 'NONE', #857, #3827 ) ;
#2825 = EDGE_CURVE ( 'NONE', #735, #2639, #3188, .T. ) ;
#2826 = CARTESIAN_POINT ( 'NONE',  ( -0.4356661790913907151, -0.05584416396611383698, -1.149999999999999911 ) ) ;
#2827 = CARTESIAN_POINT ( 'NONE',  ( -0.4461463620182203882, -0.01194172494172359052, -1.139999999999999902 ) ) ;
#2828 = CARTESIAN_POINT ( 'NONE',  ( -0.3046829473840728109, -0.1119417249417218596, -1.139999999999999902 ) ) ;
#2829 = ORIENTED_EDGE ( 'NONE', *, *, #4140, .T. ) ;
#2830 =( GEOMETRIC_REPRESENTATION_CONTEXT ( 3 ) GLOBAL_UNCERTAINTY_ASSIGNED_CONTEXT ( ( #1700 ) ) GLOBAL_UNIT_ASSIGNED_CONTEXT ( ( #1473, #490, #1159 ) ) REPRESENTATION_CONTEXT ( 'NONE', 'WORKASPACE' ) );
#2831 = CARTESIAN_POINT ( 'NONE',  ( -1.150000000000000133, 0.9900000000000002132, 0.0000000000000000000 ) ) ;
#2832 = CARTESIAN_POINT ( 'NONE',  ( -1.250000000000000222, -0.8999999999999998002, 2.088061301782110135 ) ) ;
#2833 = FILL_AREA_STYLE ('',( #3551 ) ) ;
#2834 = SURFACE_STYLE_FILL_AREA ( #552 ) ;
#2835 = B_SPLINE_SURFACE_WITH_KNOTS ( 'NONE', 3, 1, ( 
 ( #1941, #317 ),
 ( #4211, #3909 ),
 ( #3589, #680 ),
 ( #1980, #1653 ),
 ( #2096, #3032 ) ),
 .UNSPECIFIED., .F., .F., .F.,
 ( 4, 1, 4 ),
 ( 2, 2 ),
 ( 0.0000000000000000000, 0.4458786834588171488, 0.9999999999999998890 ),
 ( 0.0000000000000000000, 1.000000000000000000 ),
 .UNSPECIFIED. ) ;
#2836 = DIRECTION ( 'NONE',  ( -1.000000000000000000, -1.666960840196472849E-14, 0.0000000000000000000 ) ) ;
#2837 = CARTESIAN_POINT ( 'NONE',  ( -0.2606257272974397132, -0.02994113022492323264, -1.139999999999999902 ) ) ;
#2838 =( LENGTH_UNIT ( ) NAMED_UNIT ( * ) SI_UNIT ( .MILLI., .METRE. ) );
#2839 = EDGE_LOOP ( 'NONE', ( #161, #2116, #1374, #2666 ) ) ;
#2840 = VECTOR ( 'NONE', #1575, 1000.000000000000000 ) ;
#2841 = CARTESIAN_POINT ( 'NONE',  ( -0.4851707522621215296, -0.1119417249417246213, -1.149999999999999911 ) ) ;
#2842 = DIRECTION ( 'NONE',  ( 1.000000000000000000, 0.0000000000000000000, 0.0000000000000000000 ) ) ;
#2843 = LINE ( 'NONE', #1932, #3138 ) ;
#2844 = B_SPLINE_CURVE_WITH_KNOTS ( 'NONE', 3,
 ( #2841, #1882, #3824, #1235, #3515, #604, #4186 ),
 .UNSPECIFIED., .F., .F.,
 ( 4, 1, 1, 1, 4 ),
 ( 0.0000000000000000000, 0.2499999999999990563, 0.4999999999999993339, 0.7499999999999997780, 0.9999974999999998726 ),
 .UNSPECIFIED. ) ;
#2845 = LINE ( 'NONE', #1582, #3908 ) ;
#2846 = DIRECTION ( 'NONE',  ( 1.000000000000000000, 0.0000000000000000000, 0.0000000000000000000 ) ) ;
#2847 = EDGE_LOOP ( 'NONE', ( #2208, #3008, #1759, #1652 ) ) ;
#2848 = CARTESIAN_POINT ( 'NONE',  ( 0.06299699780497672319, 0.08481087532632994308, -1.139999999999999902 ) ) ;
#2849 = CARTESIAN_POINT ( 'NONE',  ( -0.1290731912865118181, 0.07139160839161295957, -1.149999999999999911 ) ) ;
#2850 = FACE_OUTER_BOUND ( 'NONE', #1327, .T. ) ;
#2851 = CARTESIAN_POINT ( 'NONE',  ( 0.05629266237202405765, -0.1015758712831852095, -1.139999999999999902 ) ) ;
#2852 = UNCERTAINTY_MEASURE_WITH_UNIT (LENGTH_MEASURE( 1.000000000000000082E-05 ), #3598, 'distance_accuracy_value', 'NONE');
#2853 = DIRECTION ( 'NONE',  ( 0.0000000000000000000, -0.0000000000000000000, -1.000000000000000000 ) ) ;
#2854 = DIRECTION ( 'NONE',  ( -0.0000000000000000000, 0.0000000000000000000, -1.000000000000000000 ) ) ;
#2855 = VERTEX_POINT ( 'NONE', #3469 ) ;
#2856 =( GEOMETRIC_REPRESENTATION_CONTEXT ( 3 ) GLOBAL_UNCERTAINTY_ASSIGNED_CONTEXT ( ( #2301 ) ) GLOBAL_UNIT_ASSIGNED_CONTEXT ( ( #1203, #3835, #253 ) ) REPRESENTATION_CONTEXT ( 'NONE', 'WORKASPACE' ) );
#2857 =( LENGTH_UNIT ( ) NAMED_UNIT ( * ) SI_UNIT ( .MILLI., .METRE. ) );
#2858 = AXIS2_PLACEMENT_3D ( 'NONE', #3766, #3447, #523 ) ;
#2859 = B_SPLINE_CURVE_WITH_KNOTS ( 'NONE', 3,
 ( #3441, #3777, #517, #2424, #784 ),
 .UNSPECIFIED., .F., .F.,
 ( 4, 1, 4 ),
 ( 0.0000000000000000000, 0.5000000000000015543, 0.9999929310344826128 ),
 .UNSPECIFIED. ) ;
#2860 = MECHANICAL_DESIGN_GEOMETRIC_PRESENTATION_REPRESENTATION (  '', ( #2323 ), #2856 ) ;
#2861 = SURFACE_STYLE_USAGE ( .BOTH. , #2455 ) ;
#2862 = CARTESIAN_POINT ( 'NONE',  ( 0.1033582111525163522, 0.09049729944852027974, -1.149999999999999911 ) ) ;
#2863 = VECTOR ( 'NONE', #1313, 1000.000000000000000 ) ;
#2864 = COLOUR_RGB ( '',1.000000000000000000, 1.000000000000000000, 1.000000000000000000 ) ;
#2865 = STYLED_ITEM ( 'NONE', ( #2391 ), #2981 ) ;
#2866 = EDGE_CURVE ( 'NONE', #3107, #2080, #1521, .T. ) ;
#2867 = FACE_OUTER_BOUND ( 'NONE', #2716, .T. ) ;
#2868 = FILL_AREA_STYLE_COLOUR ( '', #483 ) ;
#2869 = LINE ( 'NONE', #1218, #1996 ) ;
#2870 =( GEOMETRIC_REPRESENTATION_CONTEXT ( 3 ) GLOBAL_UNCERTAINTY_ASSIGNED_CONTEXT ( ( #2576 ) ) GLOBAL_UNIT_ASSIGNED_CONTEXT ( ( #2544, #945, #1550 ) ) REPRESENTATION_CONTEXT ( 'NONE', 'WORKASPACE' ) );
#2871 = COLOUR_RGB ( '',0.7529411764705882248, 0.7529411764705882248, 0.7529411764705882248 ) ;
#2872 = PRESENTATION_STYLE_ASSIGNMENT (( #1978 ) ) ;
#2873 = VERTEX_POINT ( 'NONE', #3492 ) ;
#2874 = ADVANCED_FACE ( 'NONE', ( #4196 ), #2898, .T. ) ;
#2875 = STYLED_ITEM ( 'NONE', ( #2972 ), #795 ) ;
#2876 = DIRECTION ( 'NONE',  ( 1.000000000000000000, -1.558917082035586215E-14, 0.0000000000000000000 ) ) ;
#2877 = ORIENTED_EDGE ( 'NONE', *, *, #1540, .F. ) ;
#2878 = ORIENTED_EDGE ( 'NONE', *, *, #1153, .F. ) ;
#2879 = VECTOR ( 'NONE', #3184, 1000.000000000000000 ) ;
#2880 = ADVANCED_FACE ( 'NONE', ( #1871 ), #3170, .F. ) ;
#2881 =( NAMED_UNIT ( * ) SI_UNIT ( $, .STERADIAN. ) SOLID_ANGLE_UNIT ( ) );
#2882 = DIRECTION ( 'NONE',  ( -0.0000000000000000000, -1.000000000000000000, 0.0000000000000000000 ) ) ;
#2883 = EDGE_CURVE ( 'NONE', #940, #889, #2955, .T. ) ;
#2884 = LINE ( 'NONE', #369, #487 ) ;
#2885 = ORIENTED_EDGE ( 'NONE', *, *, #1705, .T. ) ;
#2886 = SURFACE_STYLE_USAGE ( .BOTH. , #1879 ) ;
#2887 = SURFACE_SIDE_STYLE ('',( #2595 ) ) ;
#2888 = EDGE_LOOP ( 'NONE', ( #2723, #134, #1719, #1304 ) ) ;
#2889 = CARTESIAN_POINT ( 'NONE',  ( -0.3046829473840728109, -0.1119417249417218596, -1.149999999999999911 ) ) ;
#2890 =( GEOMETRIC_REPRESENTATION_CONTEXT ( 3 ) GLOBAL_UNCERTAINTY_ASSIGNED_CONTEXT ( ( #299 ) ) GLOBAL_UNIT_ASSIGNED_CONTEXT ( ( #3959, #4212, #2031 ) ) REPRESENTATION_CONTEXT ( 'NONE', 'WORKASPACE' ) );
#2891 = CARTESIAN_POINT ( 'NONE',  ( -0.009560996164559057778, 0.06610705554608352352, -1.149999999999999911 ) ) ;
#2892 = CARTESIAN_POINT ( 'NONE',  ( -1.250000000000000222, -0.9999999999999997780, 0.05000000000000000278 ) ) ;
#2893 = CARTESIAN_POINT ( 'NONE',  ( 0.6500000000000002442, 0.9899999999999999911, 0.0000000000000000000 ) ) ;
#2894 = CARTESIAN_POINT ( 'NONE',  ( -0.2834166479036044350, -0.06518906807683144677, -1.139999999999999902 ) ) ;
#2895 = EDGE_LOOP ( 'NONE', ( #830, #595, #4203, #3974 ) ) ;
#2896 = SURFACE_SIDE_STYLE ('',( #3213 ) ) ;
#2897 = CARTESIAN_POINT ( 'NONE',  ( -0.3928308132377331674, 0.06366803115583849482, -1.139999999999999902 ) ) ;
#2898 = CYLINDRICAL_SURFACE ( 'NONE', #1988, 0.1000000000000000472 ) ;
#2899 = EDGE_CURVE ( 'NONE', #3034, #3691, #385, .T. ) ;
#2900 = VERTEX_POINT ( 'NONE', #3663 ) ;
#2901 = DIRECTION ( 'NONE',  ( 1.000000000000000000, 0.0000000000000000000, 0.0000000000000000000 ) ) ;
#2902 = ORIENTED_EDGE ( 'NONE', *, *, #751, .F. ) ;
#2903 = B_SPLINE_CURVE_WITH_KNOTS ( 'NONE', 3,
 ( #1488, #880, #1176, #2499, #2791 ),
 .UNSPECIFIED., .F., .F.,
 ( 4, 1, 4 ),
 ( 0.0000000000000000000, 0.4999999999999986677, 0.9999935666300177051 ),
 .UNSPECIFIED. ) ;
#2904 = UNCERTAINTY_MEASURE_WITH_UNIT (LENGTH_MEASURE( 1.000000000000000082E-05 ), #380, 'distance_accuracy_value', 'NONE');
#2905 = CARTESIAN_POINT ( 'NONE',  ( 0.01726827212812474810, 0.08805827505827816537, -1.149999999999999911 ) ) ;
#2906 = PRESENTATION_STYLE_ASSIGNMENT (( #821 ) ) ;
#2907 = ORIENTED_EDGE ( 'NONE', *, *, #1724, .F. ) ;
#2908 = SURFACE_SIDE_STYLE ('',( #652 ) ) ;
#2909 = ORIENTED_EDGE ( 'NONE', *, *, #2759, .F. ) ;
#2910 = FILL_AREA_STYLE ('',( #1603 ) ) ;
#2911 = PRESENTATION_STYLE_ASSIGNMENT (( #2861 ) ) ;
#2912 = CARTESIAN_POINT ( 'NONE',  ( -1.150000000000000133, 0.9000000000000002442, 0.0000000000000000000 ) ) ;
#2913 = LINE ( 'NONE', #2342, #1045 ) ;
#2914 = CARTESIAN_POINT ( 'NONE',  ( 0.0000000000000000000, -0.1119417249417313520, -1.139999999999999902 ) ) ;
#2915 =( NAMED_UNIT ( * ) PLANE_ANGLE_UNIT ( ) SI_UNIT ( $, .RADIAN. ) );
#2916 = CARTESIAN_POINT ( 'NONE',  ( 1.149999999999999911, -0.9999999999999997780, 2.088061301782110135 ) ) ;
#2917 = SURFACE_SIDE_STYLE ('',( #315 ) ) ;
#2918 = ORIENTED_EDGE ( 'NONE', *, *, #225, .F. ) ;
#2919 = SURFACE_STYLE_USAGE ( .BOTH. , #2896 ) ;
#2920 = CARTESIAN_POINT ( 'NONE',  ( 1.149999999999998135, 1.000000000000000222, -1.159999999999999920 ) ) ;
#2921 = CARTESIAN_POINT ( 'NONE',  ( 0.3245853452988525789, -0.1119417249417313520, -1.149999999999999911 ) ) ;
#2922 = ADVANCED_FACE ( 'NONE', ( #2633 ), #3931, .T. ) ;
#2923 = CARTESIAN_POINT ( 'NONE',  ( -0.08029270348163414228, -0.02169782250269610205, -1.149999999999999911 ) ) ;
#2924 =( NAMED_UNIT ( * ) SI_UNIT ( $, .STERADIAN. ) SOLID_ANGLE_UNIT ( ) );
#2925 = ORIENTED_EDGE ( 'NONE', *, *, #2445, .F. ) ;
#2926 = CYLINDRICAL_SURFACE ( 'NONE', #417, 0.1000000000000000472 ) ;
#2927 = FILL_AREA_STYLE ('',( #1600 ) ) ;
#2928 = EDGE_LOOP ( 'NONE', ( #3514, #1661, #526, #2877 ) ) ;
#2929 = CARTESIAN_POINT ( 'NONE',  ( 0.1584983995647102351, 0.08323479041988043892, -1.139999999999999902 ) ) ;
#2930 =( GEOMETRIC_REPRESENTATION_CONTEXT ( 3 ) GLOBAL_UNCERTAINTY_ASSIGNED_CONTEXT ( ( #4063 ) ) GLOBAL_UNIT_ASSIGNED_CONTEXT ( ( #2857, #1316, #651 ) ) REPRESENTATION_CONTEXT ( 'NONE', 'WORKASPACE' ) );
#2931 = FACE_OUTER_BOUND ( 'NONE', #2489, .T. ) ;
#2932 = MECHANICAL_DESIGN_GEOMETRIC_PRESENTATION_REPRESENTATION (  '', ( #2243 ), #3810 ) ;
#2933 =( GEOMETRIC_REPRESENTATION_CONTEXT ( 3 ) GLOBAL_UNCERTAINTY_ASSIGNED_CONTEXT ( ( #2737 ) ) GLOBAL_UNIT_ASSIGNED_CONTEXT ( ( #3709, #3380, #3109 ) ) REPRESENTATION_CONTEXT ( 'NONE', 'WORKASPACE' ) );
#2934 = SURFACE_STYLE_USAGE ( .BOTH. , #1649 ) ;
#2935 = PRESENTATION_LAYER_ASSIGNMENT (  '', '', ( #2543 ) ) ;
#2936 = SURFACE_STYLE_USAGE ( .BOTH. , #86 ) ;
#2937 = EDGE_CURVE ( 'NONE', #2369, #44, #3715, .T. ) ;
#2938 =( GEOMETRIC_REPRESENTATION_CONTEXT ( 3 ) GLOBAL_UNCERTAINTY_ASSIGNED_CONTEXT ( ( #3966 ) ) GLOBAL_UNIT_ASSIGNED_CONTEXT ( ( #3637, #1688, #3699 ) ) REPRESENTATION_CONTEXT ( 'NONE', 'WORKASPACE' ) );
#2939 = LINE ( 'NONE', #1959, #2879 ) ;
#2940 = ORIENTED_EDGE ( 'NONE', *, *, #2764, .F. ) ;
#2941 = COLOUR_RGB ( '',0.2509803921568627416, 0.2509803921568627416, 0.2509803921568627416 ) ;
#2942 =( NAMED_UNIT ( * ) SI_UNIT ( $, .STERADIAN. ) SOLID_ANGLE_UNIT ( ) );
#2943 = COLOUR_RGB ( '',0.7529411764705882248, 0.7529411764705882248, 0.7529411764705882248 ) ;
#2944 = CARTESIAN_POINT ( 'NONE',  ( -1.250000000000000222, 1.000000000000000222, 0.0000000000000000000 ) ) ;
#2945 = STYLED_ITEM ( 'NONE', ( #3294 ), #1772 ) ;
#2946 = CARTESIAN_POINT ( 'NONE',  ( -1.250000000000000222, -0.8999999999999998002, 0.0000000000000000000 ) ) ;
#2947 = FACE_OUTER_BOUND ( 'NONE', #474, .T. ) ;
#2948 = COLOUR_RGB ( '',0.0000000000000000000, 0.0000000000000000000, 0.0000000000000000000 ) ;
#2949 = VECTOR ( 'NONE', #3442, 1000.000000000000000 ) ;
#2950 = UNCERTAINTY_MEASURE_WITH_UNIT (LENGTH_MEASURE( 1.000000000000000082E-05 ), #3773, 'distance_accuracy_value', 'NONE');
#2951 = CARTESIAN_POINT ( 'NONE',  ( -0.3597896547011470991, -0.03389294445391744653, -1.149999999999999911 ) ) ;
#2952 = ORIENTED_EDGE ( 'NONE', *, *, #3621, .F. ) ;
#2953 = CARTESIAN_POINT ( 'NONE',  ( -1.250000000000000222, 1.000000000000000222, 0.05000000000000000278 ) ) ;
#2954 = EDGE_CURVE ( 'NONE', #3243, #3055, #2056, .T. ) ;
#2955 = B_SPLINE_CURVE_WITH_KNOTS ( 'NONE', 3,
 ( #3573, #710, #335, #3282, #2010 ),
 .UNSPECIFIED., .F., .F.,
 ( 4, 1, 4 ),
 ( 0.0000000000000000000, 0.4445664478680501630, 1.000000000000000000 ),
 .UNSPECIFIED. ) ;
#2956 = CARTESIAN_POINT ( 'NONE',  ( 0.2031467769974173165, 0.002686256140171410216, -1.149999999999999911 ) ) ;
#2957 = CARTESIAN_POINT ( 'NONE',  ( -0.3902528375924477211, 0.05166417437564782555, -1.149999999999999911 ) ) ;
#2958 = DIRECTION ( 'NONE',  ( 0.0000000000000000000, -0.0000000000000000000, -1.000000000000000000 ) ) ;
#2959 = CARTESIAN_POINT ( 'NONE',  ( -0.2632195327499274873, -0.009998127380745474094, -1.149999999999999911 ) ) ;
#2960 = ORIENTED_EDGE ( 'NONE', *, *, #1349, .F. ) ;
#2961 = FACE_OUTER_BOUND ( 'NONE', #325, .T. ) ;
#2962 = DIRECTION ( 'NONE',  ( -0.9353882635801330503, -0.3536223923290826576, 0.0000000000000000000 ) ) ;
#2963 = DIRECTION ( 'NONE',  ( 0.0000000000000000000, 0.0000000000000000000, -1.000000000000000000 ) ) ;
#2964 = VECTOR ( 'NONE', #3828, 1000.000000000000000 ) ;
#2965 = DIRECTION ( 'NONE',  ( -0.0000000000000000000, 0.0000000000000000000, 1.000000000000000000 ) ) ;
#2966 = CARTESIAN_POINT ( 'NONE',  ( 0.3245853452988561871, -0.1119417249417313520, -1.139999999999999902 ) ) ;
#2967 = DIRECTION ( 'NONE',  ( -0.9407669869670027829, 0.3390537954853584113, 0.0000000000000000000 ) ) ;
#2968 = VERTEX_POINT ( 'NONE', #433 ) ;
#2969 = CARTESIAN_POINT ( 'NONE',  ( 0.2001866714799177549, -0.06691986589347198588, -1.139999999999999902 ) ) ;
#2970 = ORIENTED_EDGE ( 'NONE', *, *, #1405, .T. ) ;
#2971 = B_SPLINE_CURVE_WITH_KNOTS ( 'NONE', 3,
 ( #4112, #1892, #1826, #1561, #4175 ),
 .UNSPECIFIED., .F., .F.,
 ( 4, 1, 4 ),
 ( 0.0000000000000000000, 0.4999999999999995004, 0.9999999999999998890 ),
 .UNSPECIFIED. ) ;
#2972 = PRESENTATION_STYLE_ASSIGNMENT (( #1975 ) ) ;
#2973 = CARTESIAN_POINT ( 'NONE',  ( 1.149999999999999911, -0.9899999999999997691, -5.523452378719428957 ) ) ;
#2974 = FACE_OUTER_BOUND ( 'NONE', #1150, .T. ) ;
#2975 = ORIENTED_EDGE ( 'NONE', *, *, #858, .T. ) ;
#2976 = CARTESIAN_POINT ( 'NONE',  ( -1.250000000000000222, 1.000000000000000222, 0.05000000000000000278 ) ) ;
#2977 = EDGE_LOOP ( 'NONE', ( #1345, #3599, #1132, #707 ) ) ;
#2978 = DIRECTION ( 'NONE',  ( 4.524607994818975690E-14, 1.000000000000000000, 0.0000000000000000000 ) ) ;
#2979 = FILL_AREA_STYLE_COLOUR ( '', #4181 ) ;
#2980 = EDGE_CURVE ( 'NONE', #779, #2711, #49, .T. ) ;
#2981 = ADVANCED_FACE ( 'NONE', ( #2084 ), #3091, .F. ) ;
#2982 = CARTESIAN_POINT ( 'NONE',  ( -1.250000000000000222, 0.9000000000000000222, 0.0000000000000000000 ) ) ;
#2983 = UNCERTAINTY_MEASURE_WITH_UNIT (LENGTH_MEASURE( 1.000000000000000082E-05 ), #295, 'distance_accuracy_value', 'NONE');
#2984 = ADVANCED_FACE ( 'NONE', ( #2459 ), #3065, .T. ) ;
#2985 = DIRECTION ( 'NONE',  ( 1.000000000000000000, 0.0000000000000000000, 0.0000000000000000000 ) ) ;
#2986 = FACE_OUTER_BOUND ( 'NONE', #2653, .T. ) ;
#2987 = FILL_AREA_STYLE_COLOUR ( '', #4153 ) ;
#2988 = ORIENTED_EDGE ( 'NONE', *, *, #219, .F. ) ;
#2989 = CARTESIAN_POINT ( 'NONE',  ( -0.07216228884748807082, -0.1119417249417204996, -1.149999999999999911 ) ) ;
#2990 = ORIENTED_EDGE ( 'NONE', *, *, #1598, .T. ) ;
#2991 = CARTESIAN_POINT ( 'NONE',  ( -0.1559024595791952683, -0.08999050542952527487, -1.149999999999999911 ) ) ;
#2992 = LINE ( 'NONE', #2027, #3547 ) ;
#2993 = ORIENTED_EDGE ( 'NONE', *, *, #3808, .F. ) ;
#2994 = CARTESIAN_POINT ( 'NONE',  ( -0.6500000000000003553, -0.9999999999999995559, -1.159999999999999920 ) ) ;
#2995 = VECTOR ( 'NONE', #1057, 1000.000000000000000 ) ;
#2996 = B_SPLINE_CURVE_WITH_KNOTS ( 'NONE', 3,
 ( #847, #2816, #1182, #2102, #2122 ),
 .UNSPECIFIED., .F., .F.,
 ( 4, 1, 4 ),
 ( 0.0000000000000000000, 0.4397738761604272906, 1.000000000000000000 ),
 .UNSPECIFIED. ) ;
#2997 = MECHANICAL_DESIGN_GEOMETRIC_PRESENTATION_REPRESENTATION (  '', ( #273 ), #1355 ) ;
#2998 = ORIENTED_EDGE ( 'NONE', *, *, #2006, .F. ) ;
#2999 = DIRECTION ( 'NONE',  ( 0.0000000000000000000, 1.000000000000000000, -0.0000000000000000000 ) ) ;
#3000 = ADVANCED_FACE ( 'NONE', ( #1112 ), #195, .T. ) ;
#3001 = CARTESIAN_POINT ( 'NONE',  ( 0.05629266237202416173, -0.07962465177099012359, -1.139999999999999902 ) ) ;
#3002 = PRESENTATION_STYLE_ASSIGNMENT (( #47 ) ) ;
#3003 = CARTESIAN_POINT ( 'NONE',  ( -0.4559024595791947299, -0.1119417249417240801, -1.149999999999999911 ) ) ;
#3004 = CARTESIAN_POINT ( 'NONE',  ( -0.2831160049254952682, 0.04446266173190374649, -1.139999999999999902 ) ) ;
#3005 = MECHANICAL_DESIGN_GEOMETRIC_PRESENTATION_REPRESENTATION (  '', ( #1553 ), #1029 ) ;
#3006 = AXIS2_PLACEMENT_3D ( 'NONE', #2442, #3750, #2717 ) ;
#3007 = VECTOR ( 'NONE', #2566, 1000.000000000000000 ) ;
#3008 = ORIENTED_EDGE ( 'NONE', *, *, #4179, .T. ) ;
#3009 = EDGE_CURVE ( 'NONE', #3224, #1164, #4142, .T. ) ;
#3010 = PRESENTATION_LAYER_ASSIGNMENT (  '', '', ( #767 ) ) ;
#3011 = VECTOR ( 'NONE', #3869, 1000.000000000000000 ) ;
#3012 = AXIS2_PLACEMENT_3D ( 'NONE', #729, #2029, #2346 ) ;
#3013 = CARTESIAN_POINT ( 'NONE',  ( 0.1257557356716475228, -0.08869034656296301278, -1.149999999999999911 ) ) ;
#3014 = LINE ( 'NONE', #2017, #2326 ) ;
#3015 = DIRECTION ( 'NONE',  ( 0.0000000000000000000, -0.0000000000000000000, 1.000000000000000000 ) ) ;
#3016 = VERTEX_POINT ( 'NONE', #909 ) ;
#3017 = AXIS2_PLACEMENT_3D ( 'NONE', #2230, #3148, #235 ) ;
#3018 = CIRCLE ( 'NONE', #2613, 0.1000000000000000472 ) ;
#3019 =( NAMED_UNIT ( * ) PLANE_ANGLE_UNIT ( ) SI_UNIT ( $, .RADIAN. ) );
#3020 = LINE ( 'NONE', #2337, #3471 ) ;
#3021 = B_SPLINE_CURVE_WITH_KNOTS ( 'NONE', 3,
 ( #444, #1076, #79, #120, #1663 ),
 .UNSPECIFIED., .F., .F.,
 ( 4, 1, 4 ),
 ( 0.0000000000000000000, 0.5000000000000004441, 1.000000000000000000 ),
 .UNSPECIFIED. ) ;
#3022 = EDGE_CURVE ( 'NONE', #2823, #1164, #2869, .T. ) ;
#3023 = PRESENTATION_LAYER_ASSIGNMENT (  '', '', ( #437 ) ) ;
#3024 = ORIENTED_EDGE ( 'NONE', *, *, #751, .T. ) ;
#3025 = CARTESIAN_POINT ( 'NONE',  ( 0.3245853452988525789, -0.1119417249417313520, -1.149999999999999911 ) ) ;
#3026 = LINE ( 'NONE', #2384, #104 ) ;
#3027 = MECHANICAL_DESIGN_GEOMETRIC_PRESENTATION_REPRESENTATION (  '', ( #292 ), #3556 ) ;
#3028 = SURFACE_SIDE_STYLE ('',( #3656 ) ) ;
#3029 = ORIENTED_EDGE ( 'NONE', *, *, #1058, .T. ) ;
#3030 = ORIENTED_EDGE ( 'NONE', *, *, #1294, .T. ) ;
#3031 = ORIENTED_EDGE ( 'NONE', *, *, #1672, .T. ) ;
#3032 = CARTESIAN_POINT ( 'NONE',  ( -0.3965655693352941880, 0.04964364091193595313, -1.139999999999999902 ) ) ;
#3033 = SURFACE_SIDE_STYLE ('',( #1723 ) ) ;
#3034 = VERTEX_POINT ( 'NONE', #1937 ) ;
#3035 = UNCERTAINTY_MEASURE_WITH_UNIT (LENGTH_MEASURE( 1.000000000000000082E-05 ), #1073, 'distance_accuracy_value', 'NONE');
#3036 = CARTESIAN_POINT ( 'NONE',  ( -0.1559024595791951018, 0.06610705554608459211, -1.149999999999999911 ) ) ;
#3037 = SURFACE_SIDE_STYLE ('',( #3361 ) ) ;
#3038 = ORIENTED_EDGE ( 'NONE', *, *, #3563, .T. ) ;
#3039 = DIRECTION ( 'NONE',  ( -0.0000000000000000000, 0.0000000000000000000, 1.000000000000000000 ) ) ;
#3040 = CARTESIAN_POINT ( 'NONE',  ( -0.2900488010426105490, -0.009426481039282364263, -1.149999999999999911 ) ) ;
#3041 = EDGE_CURVE ( 'NONE', #2412, #307, #3487, .T. ) ;
#3042 = VERTEX_POINT ( 'NONE', #2551 ) ;
#3043 = CARTESIAN_POINT ( 'NONE',  ( 0.6500000000000003553, -0.9999999999999995559, -1.159999999999999920 ) ) ;
#3044 = VERTEX_POINT ( 'NONE', #4189 ) ;
#3045 = LINE ( 'NONE', #4083, #1998 ) ;
#3046 = ORIENTED_EDGE ( 'NONE', *, *, #3904, .F. ) ;
#3047 = SURFACE_SIDE_STYLE ('',( #4001 ) ) ;
#3048 = PLANE ( 'NONE',  #3819 ) ;
#3049 = DIRECTION ( 'NONE',  ( 0.0000000000000000000, -0.0000000000000000000, -1.000000000000000000 ) ) ;
#3050 = CARTESIAN_POINT ( 'NONE',  ( 0.1759251866913739970, 0.005518415028040874783, -1.139999999999999902 ) ) ;
#3051 = APPLICATION_PROTOCOL_DEFINITION ( 'draft international standard', 'automotive_design', 1998, #638 ) ;
#3052 = CARTESIAN_POINT ( 'NONE',  ( -0.2900488010426105490, -0.009426481039282364263, -1.149999999999999911 ) ) ;
#3053 = EDGE_LOOP ( 'NONE', ( #672, #2094, #2050, #2702 ) ) ;
#3054 = EDGE_CURVE ( 'NONE', #1082, #2788, #1512, .T. ) ;
#3055 = VERTEX_POINT ( 'NONE', #886 ) ;
#3056 = CARTESIAN_POINT ( 'NONE',  ( -0.2094681869912592698, -0.08456629526713438372, -1.149999999999999911 ) ) ;
#3057 = EDGE_CURVE ( 'NONE', #3971, #2855, #3505, .T. ) ;
#3058 = CARTESIAN_POINT ( 'NONE',  ( -0.08517075226212082739, 0.08439940513958026080, -1.149999999999999911 ) ) ;
#3059 = ORIENTED_EDGE ( 'NONE', *, *, #3802, .T. ) ;
#3060 = CARTESIAN_POINT ( 'NONE',  ( 0.2347479469248698325, -0.08999050542953218601, -1.149999999999999911 ) ) ;
#3061 = ORIENTED_EDGE ( 'NONE', *, *, #3159, .F. ) ;
#3062 = EDGE_CURVE ( 'NONE', #3034, #194, #4171, .T. ) ;
#3063 = DIRECTION ( 'NONE',  ( 0.0000000000000000000, -0.0000000000000000000, -1.000000000000000000 ) ) ;
#3064 = EDGE_CURVE ( 'NONE', #4053, #2698, #2814, .T. ) ;
#3065 = PLANE ( 'NONE',  #3359 ) ;
#3066 = AXIS2_PLACEMENT_3D ( 'NONE', #1610, #72, #28 ) ;
#3067 = SURFACE_STYLE_FILL_AREA ( #3397 ) ;
#3068 = ORIENTED_EDGE ( 'NONE', *, *, #2704, .T. ) ;
#3069 = MECHANICAL_DESIGN_GEOMETRIC_PRESENTATION_REPRESENTATION (  '', ( #4026 ), #550 ) ;
#3070 = CARTESIAN_POINT ( 'NONE',  ( -0.4559024595791947299, -0.1119417249417240801, -1.139999999999999902 ) ) ;
#3071 = PRESENTATION_LAYER_ASSIGNMENT (  '', '', ( #3353 ) ) ;
#3072 = UNCERTAINTY_MEASURE_WITH_UNIT (LENGTH_MEASURE( 1.000000000000000082E-05 ), #528, 'distance_accuracy_value', 'NONE');
#3073 = CARTESIAN_POINT ( 'NONE',  ( -0.3896295937255379038, 0.04964364091193604334, -1.149999999999999911 ) ) ;
#3074 = VECTOR ( 'NONE', #2388, 1000.000000000000000 ) ;
#3075 = AXIS2_PLACEMENT_3D ( 'NONE', #4094, #138, #3418 ) ;
#3076 = COLOUR_RGB ( '',1.000000000000000000, 1.000000000000000000, 1.000000000000000000 ) ;
#3077 = MECHANICAL_DESIGN_GEOMETRIC_PRESENTATION_REPRESENTATION (  '', ( #158 ), #4097 ) ;
#3078 = AXIS2_PLACEMENT_3D ( 'NONE', #3669, #458, #3015 ) ;
#3079 = UNCERTAINTY_MEASURE_WITH_UNIT (LENGTH_MEASURE( 1.000000000000000082E-05 ), #943, 'distance_accuracy_value', 'NONE');
#3080 = CARTESIAN_POINT ( 'NONE',  ( 0.01726827212812474810, 0.08805827505827880375, -1.139999999999999902 ) ) ;
#3081 = COLOUR_RGB ( '',1.000000000000000000, 1.000000000000000000, 1.000000000000000000 ) ;
#3082 = VERTEX_POINT ( 'NONE', #3520 ) ;
#3083 = COLOUR_RGB ( '',0.0000000000000000000, 0.0000000000000000000, 0.0000000000000000000 ) ;
#3084 = LINE ( 'NONE', #145, #1577 ) ;
#3085 = SURFACE_SIDE_STYLE ('',( #2409 ) ) ;
#3086 = ORIENTED_EDGE ( 'NONE', *, *, #177, .T. ) ;
#3087 = DIRECTION ( 'NONE',  ( -0.0000000000000000000, 0.0000000000000000000, 1.000000000000000000 ) ) ;
#3088 = VECTOR ( 'NONE', #1260, 1000.000000000000000 ) ;
#3089 = LINE ( 'NONE', #2083, #912 ) ;
#3090 = DIRECTION ( 'NONE',  ( 0.0000000000000000000, -0.0000000000000000000, 1.000000000000000000 ) ) ;
#3091 = PLANE ( 'NONE',  #2679 ) ;
#3092 = ORIENTED_EDGE ( 'NONE', *, *, #2421, .T. ) ;
#3093 = DIRECTION ( 'NONE',  ( 0.0000000000000000000, -0.0000000000000000000, -1.000000000000000000 ) ) ;
#3094 = VECTOR ( 'NONE', #1606, 1000.000000000000000 ) ;
#3095 = DIRECTION ( 'NONE',  ( -0.0000000000000000000, 0.0000000000000000000, 1.000000000000000000 ) ) ;
#3096 = DIRECTION ( 'NONE',  ( 0.0000000000000000000, -0.0000000000000000000, -1.000000000000000000 ) ) ;
#3097 = VERTEX_POINT ( 'NONE', #2893 ) ;
#3098 = DIRECTION ( 'NONE',  ( -0.0000000000000000000, -0.0000000000000000000, 1.000000000000000000 ) ) ;
#3099 = SURFACE_STYLE_FILL_AREA ( #2451 ) ;
#3100 = PRESENTATION_STYLE_ASSIGNMENT (( #505 ) ) ;
#3101 = FILL_AREA_STYLE ('',( #3737 ) ) ;
#3102 = ORIENTED_EDGE ( 'NONE', *, *, #3554, .F. ) ;
#3103 = B_SPLINE_CURVE_WITH_KNOTS ( 'NONE', 3,
 ( #1010, #703, #635, #2584, #376 ),
 .UNSPECIFIED., .F., .F.,
 ( 4, 1, 4 ),
 ( 0.0000000000000000000, 0.4404366560237404915, 0.9999887478341756841 ),
 .UNSPECIFIED. ) ;
#3104 = ADVANCED_FACE ( 'NONE', ( #930 ), #3183, .T. ) ;
#3105 = SURFACE_SIDE_STYLE ('',( #3705 ) ) ;
#3106 = DIRECTION ( 'NONE',  ( 0.0000000000000000000, 0.0000000000000000000, -1.000000000000000000 ) ) ;
#3107 = VERTEX_POINT ( 'NONE', #1494 ) ;
#3108 = CARTESIAN_POINT ( 'NONE',  ( -0.3896295937255379038, 0.04964364091193604334, -1.139999999999999902 ) ) ;
#3109 =( NAMED_UNIT ( * ) SI_UNIT ( $, .STERADIAN. ) SOLID_ANGLE_UNIT ( ) );
#3110 = CARTESIAN_POINT ( 'NONE',  ( 0.07954183690332422563, -0.09098415258697006847, -1.139999999999999902 ) ) ;
#3111 =( NAMED_UNIT ( * ) PLANE_ANGLE_UNIT ( ) SI_UNIT ( $, .RADIAN. ) );
#3112 = FILL_AREA_STYLE_COLOUR ( '', #706 ) ;
#3113 = VERTEX_POINT ( 'NONE', #1905 ) ;
#3114 = EDGE_LOOP ( 'NONE', ( #1644, #1391, #2970, #1666 ) ) ;
#3115 = CARTESIAN_POINT ( 'NONE',  ( -0.4266722766523666222, -0.03389294445391846655, -1.149999999999999911 ) ) ;
#3116 = FILL_AREA_STYLE ('',( #1818 ) ) ;
#3117 = SURFACE_SIDE_STYLE ('',( #1950 ) ) ;
#3118 = LINE ( 'NONE', #3482, #3285 ) ;
#3119 = VERTEX_POINT ( 'NONE', #3209 ) ;
#3120 = CARTESIAN_POINT ( 'NONE',  ( -0.1559024595791956014, -0.03795798510432198819, -1.149999999999999911 ) ) ;
#3121 = CARTESIAN_POINT ( 'NONE',  ( -0.08029270348163404514, 0.0002533970094990094755, -1.149999999999999911 ) ) ;
#3122 = DIRECTION ( 'NONE',  ( 0.0000000000000000000, -1.000000000000000000, 0.0000000000000000000 ) ) ;
#3123 = EDGE_CURVE ( 'NONE', #4128, #2554, #4108, .T. ) ;
#3124 = FACE_OUTER_BOUND ( 'NONE', #911, .T. ) ;
#3125 = DIRECTION ( 'NONE',  ( -1.000000000000000000, 9.850223146615458129E-15, 0.0000000000000000000 ) ) ;
#3126 = DIRECTION ( 'NONE',  ( 1.000000000000000000, -3.562272480419838624E-14, 0.0000000000000000000 ) ) ;
#3127 = SURFACE_SIDE_STYLE ('',( #849 ) ) ;
#3128 = FACE_OUTER_BOUND ( 'NONE', #2345, .T. ) ;
#3129 = EDGE_CURVE ( 'NONE', #190, #4032, #2506, .T. ) ;
#3130 = VECTOR ( 'NONE', #3175, 1000.000000000000000 ) ;
#3131 = MECHANICAL_DESIGN_GEOMETRIC_PRESENTATION_REPRESENTATION (  '', ( #422 ), #1910 ) ;
#3132 = STYLED_ITEM ( 'NONE', ( #977 ), #1222 ) ;
#3133 =( NAMED_UNIT ( * ) PLANE_ANGLE_UNIT ( ) SI_UNIT ( $, .RADIAN. ) );
#3134 = MECHANICAL_DESIGN_GEOMETRIC_PRESENTATION_REPRESENTATION (  '', ( #348 ), #3813 ) ;
#3135 = VERTEX_POINT ( 'NONE', #2367 ) ;
#3136 = MECHANICAL_DESIGN_GEOMETRIC_PRESENTATION_REPRESENTATION (  '', ( #2743 ), #1287 ) ;
#3137 = PRESENTATION_LAYER_ASSIGNMENT (  '', '', ( #4031 ) ) ;
#3138 = VECTOR ( 'NONE', #3178, 1000.000000000000000 ) ;
#3139 = STYLED_ITEM ( 'NONE', ( #578 ), #3104 ) ;
#3140 = CARTESIAN_POINT ( 'NONE',  ( -0.4851707522621215296, -0.1119417249417246213, -1.149999999999999911 ) ) ;
#3141 = MECHANICAL_DESIGN_GEOMETRIC_PRESENTATION_REPRESENTATION (  '', ( #626 ), #563 ) ;
#3142 = VERTEX_POINT ( 'NONE', #2271 ) ;
#3143 = MECHANICAL_DESIGN_GEOMETRIC_PRESENTATION_REPRESENTATION (  '', ( #2075 ), #777 ) ;
#3144 = MECHANICAL_DESIGN_GEOMETRIC_PRESENTATION_REPRESENTATION (  '', ( #2076 ), #501 ) ;
#3145 = CARTESIAN_POINT ( 'NONE',  ( -0.3530442278718785576, -0.05584416396611255329, -1.139999999999999902 ) ) ;
#3146 = PRESENTATION_LAYER_ASSIGNMENT (  '', '', ( #2875 ) ) ;
#3147 = ORIENTED_EDGE ( 'NONE', *, *, #3928, .F. ) ;
#3148 = DIRECTION ( 'NONE',  ( 9.092513673798675318E-15, -1.000000000000000000, 0.0000000000000000000 ) ) ;
#3149 = CARTESIAN_POINT ( 'NONE',  ( -0.1290731912865122899, -0.01194172494172038475, -1.149999999999999911 ) ) ;
#3150 = CARTESIAN_POINT ( 'NONE',  ( -0.1842942278718780746, -0.08999050542952545528, -1.139999999999999902 ) ) ;
#3151 = LINE ( 'NONE', #1796, #2201 ) ;
#3152 = B_SPLINE_CURVE_WITH_KNOTS ( 'NONE', 3,
 ( #952, #871, #4194, #1202, #2249 ),
 .UNSPECIFIED., .F., .F.,
 ( 4, 1, 4 ),
 ( 0.0000000000000000000, 0.4408901428664980249, 0.9999905282716057275 ),
 .UNSPECIFIED. ) ;
#3153 = EDGE_CURVE ( 'NONE', #2671, #381, #2992, .T. ) ;
#3154 = UNCERTAINTY_MEASURE_WITH_UNIT (LENGTH_MEASURE( 1.000000000000000082E-05 ), #1498, 'distance_accuracy_value', 'NONE');
#3155 =( LENGTH_UNIT ( ) NAMED_UNIT ( * ) SI_UNIT ( .MILLI., .METRE. ) );
#3156 = SURFACE_STYLE_USAGE ( .BOTH. , #2182 ) ;
#3157 = ORIENTED_EDGE ( 'NONE', *, *, #3513, .F. ) ;
#3158 = B_SPLINE_CURVE_WITH_KNOTS ( 'NONE', 3,
 ( #2091, #2024, #3388, #2690, #465, #3318 ),
 .UNSPECIFIED., .F., .F.,
 ( 4, 1, 1, 4 ),
 ( 0.0000000000000000000, 0.3342847945579491831, 0.6666278455328259467, 0.9999904910712296147 ),
 .UNSPECIFIED. ) ;
#3159 = EDGE_CURVE ( 'NONE', #799, #3034, #1921, .T. ) ;
#3160 = CARTESIAN_POINT ( 'NONE',  ( 1.149999999999999911, 0.9000000000000002442, -1.159999999999999920 ) ) ;
#3161 = LINE ( 'NONE', #1254, #423 ) ;
#3162 = COLOUR_RGB ( '',1.000000000000000000, 1.000000000000000000, 1.000000000000000000 ) ;
#3163 = DIRECTION ( 'NONE',  ( -1.000000000000000000, 0.0000000000000000000, -0.0000000000000000000 ) ) ;
#3164 = FILL_AREA_STYLE ('',( #2868 ) ) ;
#3165 =( NAMED_UNIT ( * ) SI_UNIT ( $, .STERADIAN. ) SOLID_ANGLE_UNIT ( ) );
#3166 = ORIENTED_EDGE ( 'NONE', *, *, #3593, .F. ) ;
#3167 = CARTESIAN_POINT ( 'NONE',  ( -0.1834558132377316075, -0.1119417249417206106, -1.149999999999999911 ) ) ;
#3168 = SURFACE_STYLE_FILL_AREA ( #2833 ) ;
#3169 =( NAMED_UNIT ( * ) PLANE_ANGLE_UNIT ( ) SI_UNIT ( $, .RADIAN. ) );
#3170 = PLANE ( 'NONE',  #2192 ) ;
#3171 = ORIENTED_EDGE ( 'NONE', *, *, #4129, .T. ) ;
#3172 = CARTESIAN_POINT ( 'NONE',  ( -0.6500000000000002442, 0.9900000000000002132, -5.523452378719428957 ) ) ;
#3173 = LINE ( 'NONE', #258, #670 ) ;
#3174 = EDGE_CURVE ( 'NONE', #2711, #3016, #3608, .T. ) ;
#3175 = DIRECTION ( 'NONE',  ( 1.000000000000000000, -0.0000000000000000000, -0.0000000000000000000 ) ) ;
#3176 = AXIS2_PLACEMENT_3D ( 'NONE', #1924, #2854, #2616 ) ;
#3177 = SURFACE_STYLE_FILL_AREA ( #262 ) ;
#3178 = DIRECTION ( 'NONE',  ( -1.000000000000000000, -0.0000000000000000000, -0.0000000000000000000 ) ) ;
#3179 = SURFACE_STYLE_FILL_AREA ( #946 ) ;
#3180 = ADVANCED_FACE ( 'NONE', ( #3952 ), #3925, .T. ) ;
#3181 = CARTESIAN_POINT ( 'NONE',  ( -0.1572936323434226125, 0.08805827505827978907, -1.149999999999999911 ) ) ;
#3182 =( NAMED_UNIT ( * ) PLANE_ANGLE_UNIT ( ) SI_UNIT ( $, .RADIAN. ) );
#3183 = PLANE ( 'NONE',  #3210 ) ;
#3184 = DIRECTION ( 'NONE',  ( 0.0000000000000000000, 0.0000000000000000000, -1.000000000000000000 ) ) ;
#3185 = ORIENTED_EDGE ( 'NONE', *, *, #2780, .F. ) ;
#3186 = EDGE_CURVE ( 'NONE', #3042, #2281, #1325, .T. ) ;
#3187 = SURFACE_SIDE_STYLE ('',( #2834 ) ) ;
#3188 = LINE ( 'NONE', #3217, #3011 ) ;
#3189 = PRESENTATION_STYLE_ASSIGNMENT (( #1919 ) ) ;
#3190 = UNCERTAINTY_MEASURE_WITH_UNIT (LENGTH_MEASURE( 1.000000000000000082E-05 ), #3226, 'distance_accuracy_value', 'NONE');
#3191 = DIRECTION ( 'NONE',  ( 7.408714845317622573E-15, 1.000000000000000000, 0.0000000000000000000 ) ) ;
#3192 = COLOUR_RGB ( '',0.7529411764705882248, 0.7529411764705882248, 0.7529411764705882248 ) ;
#3193 = PRESENTATION_STYLE_ASSIGNMENT (( #3917 ) ) ;
#3194 = ORIENTED_EDGE ( 'NONE', *, *, #2563, .F. ) ;
#3195 = B_SPLINE_CURVE_WITH_KNOTS ( 'NONE', 3,
 ( #1086, #2120, #4086, #431, #112 ),
 .UNSPECIFIED., .F., .F.,
 ( 4, 1, 4 ),
 ( 0.0000000000000000000, 0.4999999999999996114, 0.9999951190476166207 ),
 .UNSPECIFIED. ) ;
#3196 = AXIS2_PLACEMENT_3D ( 'NONE', #2650, #681, #644 ) ;
#3197 = FILL_AREA_STYLE_COLOUR ( '', #6 ) ;
#3198 = MECHANICAL_DESIGN_GEOMETRIC_PRESENTATION_REPRESENTATION (  '', ( #276 ), #2805 ) ;
#3199 = PRESENTATION_LAYER_ASSIGNMENT (  '', '', ( #12 ) ) ;
#3200 = PRESENTATION_LAYER_ASSIGNMENT (  '', '', ( #2064 ) ) ;
#3201 = ORIENTED_EDGE ( 'NONE', *, *, #2954, .T. ) ;
#3202 = VECTOR ( 'NONE', #3245, 1000.000000000000000 ) ;
#3203 = CARTESIAN_POINT ( 'NONE',  ( 0.1782438818842216055, -0.01407587128318882157, -1.149999999999999911 ) ) ;
#3204 = EDGE_CURVE ( 'NONE', #1746, #1909, #3906, .T. ) ;
#3205 = AXIS2_PLACEMENT_3D ( 'NONE', #2034, #2962, #1983 ) ;
#3206 = AXIS2_PLACEMENT_3D ( 'NONE', #3391, #3087, #1470 ) ;
#3207 = LINE ( 'NONE', #1884, #453 ) ;
#3208 = CARTESIAN_POINT ( 'NONE',  ( 0.05629266237202766587, 0.08257047018022867224, -1.149999999999999911 ) ) ;
#3209 = CARTESIAN_POINT ( 'NONE',  ( 1.149999999999999911, -0.9999999999999997780, -1.159999999999999920 ) ) ;
#3210 = AXIS2_PLACEMENT_3D ( 'NONE', #3805, #2227, #2244 ) ;
#3211 = VECTOR ( 'NONE', #1503, 1000.000000000000000 ) ;
#3212 = ORIENTED_EDGE ( 'NONE', *, *, #1569, .T. ) ;
#3213 = SURFACE_STYLE_FILL_AREA ( #3868 ) ;
#3214 = SURFACE_SIDE_STYLE ('',( #2817 ) ) ;
#3215 = COLOUR_RGB ( '',0.7529411764705882248, 0.7529411764705882248, 0.7529411764705882248 ) ;
#3216 = SURFACE_STYLE_FILL_AREA ( #1944 ) ;
#3217 = CARTESIAN_POINT ( 'NONE',  ( -0.1559024595791951018, 0.06610705554608459211, -1.149999999999999911 ) ) ;
#3218 =( NAMED_UNIT ( * ) SI_UNIT ( $, .STERADIAN. ) SOLID_ANGLE_UNIT ( ) );
#3219 = CARTESIAN_POINT ( 'NONE',  ( -0.009560996164559057778, 0.06610705554608352352, -1.149999999999999911 ) ) ;
#3220 = FILL_AREA_STYLE ('',( #1830 ) ) ;
#3221 = FILL_AREA_STYLE_COLOUR ( '', #326 ) ;
#3222 =( NAMED_UNIT ( * ) SI_UNIT ( $, .STERADIAN. ) SOLID_ANGLE_UNIT ( ) );
#3223 = DIRECTION ( 'NONE',  ( 0.9417224702971405126, 0.3363908276654574148, 0.0000000000000000000 ) ) ;
#3224 = VERTEX_POINT ( 'NONE', #1977 ) ;
#3225 = DIRECTION ( 'NONE',  ( -1.000000000000000000, 0.0000000000000000000, 0.0000000000000000000 ) ) ;
#3226 =( LENGTH_UNIT ( ) NAMED_UNIT ( * ) SI_UNIT ( .MILLI., .METRE. ) );
#3227 = ORIENTED_EDGE ( 'NONE', *, *, #347, .F. ) ;
#3228 = PRESENTATION_STYLE_ASSIGNMENT (( #878 ) ) ;
#3229 = LINE ( 'NONE', #2914, #1597 ) ;
#3230 = SURFACE_SIDE_STYLE ('',( #1324 ) ) ;
#3231 = CARTESIAN_POINT ( 'NONE',  ( -0.2019656221169818244, -0.1099697997306638003, -1.139999999999999902 ) ) ;
#3232 = ORIENTED_EDGE ( 'NONE', *, *, #2807, .T. ) ;
#3233 = PRESENTATION_STYLE_ASSIGNMENT (( #2605 ) ) ;
#3234 = EDGE_CURVE ( 'NONE', #769, #2660, #2099, .T. ) ;
#3235 = FILL_AREA_STYLE ('',( #1330 ) ) ;
#3236 = SURFACE_STYLE_USAGE ( .BOTH. , #2675 ) ;
#3237 = EDGE_CURVE ( 'NONE', #4113, #3119, #3587, .T. ) ;
#3238 = FILL_AREA_STYLE ('',( #2016 ) ) ;
#3239 = FACE_OUTER_BOUND ( 'NONE', #2977, .T. ) ;
#3240 = PRESENTATION_STYLE_ASSIGNMENT (( #2515 ) ) ;
#3241 = SURFACE_STYLE_USAGE ( .BOTH. , #649 ) ;
#3242 = PRODUCT_RELATED_PRODUCT_CATEGORY ( 'part', '', ( #3849 ) ) ;
#3243 = VERTEX_POINT ( 'NONE', #67 ) ;
#3244 =( NAMED_UNIT ( * ) PLANE_ANGLE_UNIT ( ) SI_UNIT ( $, .RADIAN. ) );
#3245 = DIRECTION ( 'NONE',  ( 0.0000000000000000000, -0.0000000000000000000, -1.000000000000000000 ) ) ;
#3246 = CARTESIAN_POINT ( 'NONE',  ( -0.1562642618257359672, -0.1119417249417203608, -1.149999999999999911 ) ) ;
#3247 = CARTESIAN_POINT ( 'NONE',  ( 0.2031467769974173165, 0.002686256140171410216, -1.139999999999999902 ) ) ;
#3248 = FILL_AREA_STYLE_COLOUR ( '', #832 ) ;
#3249 = CARTESIAN_POINT ( 'NONE',  ( -0.2900488010426105490, -0.009426481039282364263, -1.139999999999999902 ) ) ;
#3250 = FACE_OUTER_BOUND ( 'NONE', #3475, .T. ) ;
#3251 =( NAMED_UNIT ( * ) PLANE_ANGLE_UNIT ( ) SI_UNIT ( $, .RADIAN. ) );
#3252 = ADVANCED_FACE ( 'NONE', ( #2974 ), #2665, .T. ) ;
#3253 = DIRECTION ( 'NONE',  ( 1.000000000000000000, 0.0000000000000000000, 0.0000000000000000000 ) ) ;
#3254 =( NAMED_UNIT ( * ) PLANE_ANGLE_UNIT ( ) SI_UNIT ( $, .RADIAN. ) );
#3255 = CARTESIAN_POINT ( 'NONE',  ( 0.01726827212812312440, -0.1119417249417212074, -1.139999999999999902 ) ) ;
#3256 = PLANE ( 'NONE',  #3075 ) ;
#3257 = EDGE_CURVE ( 'NONE', #1878, #799, #213, .T. ) ;
#3258 = CARTESIAN_POINT ( 'NONE',  ( -0.08517075226212092454, 0.08805827505827945600, -1.139999999999999902 ) ) ;
#3259 = ORIENTED_EDGE ( 'NONE', *, *, #3911, .F. ) ;
#3260 = VECTOR ( 'NONE', #2148, 1000.000000000000000 ) ;
#3261 = SURFACE_STYLE_USAGE ( .BOTH. , #2887 ) ;
#3262 = B_SPLINE_CURVE_WITH_KNOTS ( 'NONE', 3,
 ( #172, #508, #1457, #2775, #3448 ),
 .UNSPECIFIED., .F., .F.,
 ( 4, 1, 4 ),
 ( 0.0000000000000000000, 0.5000000000000000000, 0.9999757561277262674 ),
 .UNSPECIFIED. ) ;
#3263 = MECHANICAL_DESIGN_GEOMETRIC_PRESENTATION_REPRESENTATION (  '', ( #1699 ), #547 ) ;
#3264 = ORIENTED_EDGE ( 'NONE', *, *, #3878, .F. ) ;
#3265 = PRESENTATION_LAYER_ASSIGNMENT (  '', '', ( #1698 ) ) ;
#3266 = CARTESIAN_POINT ( 'NONE',  ( 0.1993017853266317585, 0.03941387670507293800, -1.149999999999999911 ) ) ;
#3267 = B_SPLINE_CURVE_WITH_KNOTS ( 'NONE', 3,
 ( #432, #2121, #1744, #3395, #3003 ),
 .UNSPECIFIED., .F., .F.,
 ( 4, 1, 4 ),
 ( 0.0000000000000000000, 0.5000000000000005551, 0.9999910869565215021 ),
 .UNSPECIFIED. ) ;
#3268 = AXIS2_PLACEMENT_3D ( 'NONE', #1501, #1243, #2836 ) ;
#3269 = DIRECTION ( 'NONE',  ( 0.0000000000000000000, -0.0000000000000000000, 1.000000000000000000 ) ) ;
#3270 = CARTESIAN_POINT ( 'NONE',  ( -0.1855137400670001380, 0.08805827505827965029, -1.149999999999999911 ) ) ;
#3271 =( GEOMETRIC_REPRESENTATION_CONTEXT ( 3 ) GLOBAL_UNCERTAINTY_ASSIGNED_CONTEXT ( ( #2852 ) ) GLOBAL_UNIT_ASSIGNED_CONTEXT ( ( #3598, #2638, #2924 ) ) REPRESENTATION_CONTEXT ( 'NONE', 'WORKASPACE' ) );
#3272 = CARTESIAN_POINT ( 'NONE',  ( -0.1853994107987075868, 0.06610705554608453660, -1.139999999999999902 ) ) ;
#3273 = VECTOR ( 'NONE', #2958, 1000.000000000000000 ) ;
#3274 =( LENGTH_UNIT ( ) NAMED_UNIT ( * ) SI_UNIT ( .MILLI., .METRE. ) );
#3275 =( GEOMETRIC_REPRESENTATION_CONTEXT ( 3 ) GLOBAL_UNCERTAINTY_ASSIGNED_CONTEXT ( ( #2785 ) ) GLOBAL_UNIT_ASSIGNED_CONTEXT ( ( #3457, #2772, #819 ) ) REPRESENTATION_CONTEXT ( 'NONE', 'WORKASPACE' ) );
#3276 = ORIENTED_EDGE ( 'NONE', *, *, #219, .T. ) ;
#3277 = MECHANICAL_DESIGN_GEOMETRIC_PRESENTATION_REPRESENTATION (  '', ( #2744 ), #1224 ) ;
#3278 = CARTESIAN_POINT ( 'NONE',  ( -0.3647629778718789462, -0.01997018022627519707, -1.149999999999999911 ) ) ;
#3279 = STYLED_ITEM ( 'NONE', ( #1273 ), #1536 ) ;
#3280 =( NAMED_UNIT ( * ) PLANE_ANGLE_UNIT ( ) SI_UNIT ( $, .RADIAN. ) );
#3281 = MECHANICAL_DESIGN_GEOMETRIC_PRESENTATION_REPRESENTATION (  '', ( #3478 ), #1915 ) ;
#3282 = CARTESIAN_POINT ( 'NONE',  ( -0.2094681869912592698, -0.08456629526713438372, -1.149999999999999911 ) ) ;
#3283 = VECTOR ( 'NONE', #110, 1000.000000000000000 ) ;
#3284 = CARTESIAN_POINT ( 'NONE',  ( 0.0000000000000000000, -0.02169782250269672308, -1.139999999999999902 ) ) ;
#3285 = VECTOR ( 'NONE', #4120, 1000.000000000000000 ) ;
#3286 = UNCERTAINTY_MEASURE_WITH_UNIT (LENGTH_MEASURE( 1.000000000000000082E-05 ), #1816, 'distance_accuracy_value', 'NONE');
#3287 = CARTESIAN_POINT ( 'NONE',  ( 0.1076265038354389109, -0.09242952981977170523, -1.139999999999999902 ) ) ;
#3288 = ORIENTED_EDGE ( 'NONE', *, *, #2248, .F. ) ;
#3289 = VECTOR ( 'NONE', #1870, 1000.000000000000000 ) ;
#3290 = ADVANCED_FACE ( 'NONE', ( #4111 ), #2474, .T. ) ;
#3291 = CARTESIAN_POINT ( 'NONE',  ( -0.0006179067336671290999, -0.1119417249417210408, -1.149999999999999911 ) ) ;
#3292 = LINE ( 'NONE', #3973, #2995 ) ;
#3293 = ORIENTED_EDGE ( 'NONE', *, *, #3965, .T. ) ;
#3294 = PRESENTATION_STYLE_ASSIGNMENT (( #696 ) ) ;
#3295 = CARTESIAN_POINT ( 'NONE',  ( 0.3245853452988591847, 0.07139160839160206551, -1.149999999999999911 ) ) ;
#3296 = FILL_AREA_STYLE ('',( #353 ) ) ;
#3297 = EDGE_CURVE ( 'NONE', #1360, #2394, #3152, .T. ) ;
#3298 =( LENGTH_UNIT ( ) NAMED_UNIT ( * ) SI_UNIT ( .MILLI., .METRE. ) );
#3299 = AXIS2_PLACEMENT_3D ( 'NONE', #4099, #875, #855 ) ;
#3300 = DIRECTION ( 'NONE',  ( 0.0000000000000000000, -0.0000000000000000000, -1.000000000000000000 ) ) ;
#3301 = EDGE_LOOP ( 'NONE', ( #2332, #4177, #3602, #459 ) ) ;
#3302 = FACE_OUTER_BOUND ( 'NONE', #449, .T. ) ;
#3303 = CARTESIAN_POINT ( 'NONE',  ( -0.2019656221169818244, -0.1099697997306638003, -1.149999999999999911 ) ) ;
#3304 = CARTESIAN_POINT ( 'NONE',  ( 0.2733659997703973832, -0.1119417249417290344, -1.149999999999999911 ) ) ;
#3305 = DIRECTION ( 'NONE',  ( 7.408714845317602062E-15, 1.000000000000000000, 0.0000000000000000000 ) ) ;
#3306 = ORIENTED_EDGE ( 'NONE', *, *, #3204, .F. ) ;
#3307 = CARTESIAN_POINT ( 'NONE',  ( 0.05629266237202426582, -0.07962465177099012359, -1.149999999999999911 ) ) ;
#3308 = VECTOR ( 'NONE', #157, 1000.000000000000000 ) ;
#3309 = SURFACE_SIDE_STYLE ('',( #1290 ) ) ;
#3310 = DIRECTION ( 'NONE',  ( 1.000000000000000000, -1.852178711329400516E-15, 0.0000000000000000000 ) ) ;
#3311 = PLANE ( 'NONE',  #825 ) ;
#3312 =( NAMED_UNIT ( * ) PLANE_ANGLE_UNIT ( ) SI_UNIT ( $, .RADIAN. ) );
#3313 = VERTEX_POINT ( 'NONE', #596 ) ;
#3314 = DIRECTION ( 'NONE',  ( 1.000000000000000000, 0.0000000000000000000, 0.0000000000000000000 ) ) ;
#3315 = ADVANCED_FACE ( 'NONE', ( #4146 ), #3848, .T. ) ;
#3316 = ORIENTED_EDGE ( 'NONE', *, *, #506, .T. ) ;
#3317 =( LENGTH_UNIT ( ) NAMED_UNIT ( * ) SI_UNIT ( .MILLI., .METRE. ) );
#3318 = CARTESIAN_POINT ( 'NONE',  ( 0.1113231501769017945, -0.1143807493319668328, -1.149999999999999911 ) ) ;
#3319 = FILL_AREA_STYLE_COLOUR ( '', #1100 ) ;
#3320 = DIRECTION ( 'NONE',  ( 0.0000000000000000000, -0.0000000000000000000, -1.000000000000000000 ) ) ;
#3321 = ORIENTED_EDGE ( 'NONE', *, *, #3323, .T. ) ;
#3322 =( NAMED_UNIT ( * ) PLANE_ANGLE_UNIT ( ) SI_UNIT ( $, .RADIAN. ) );
#3323 = EDGE_CURVE ( 'NONE', #2019, #2554, #565, .T. ) ;
#3324 = ORIENTED_EDGE ( 'NONE', *, *, #1533, .F. ) ;
#3325 = FACE_OUTER_BOUND ( 'NONE', #1447, .T. ) ;
#3326 = CARTESIAN_POINT ( 'NONE',  ( -1.250000000000000222, 1.000000000000000222, 0.05000000000000000278 ) ) ;
#3327 = STYLED_ITEM ( 'NONE', ( #1452 ), #2504 ) ;
#3328 = ORIENTED_EDGE ( 'NONE', *, *, #2899, .T. ) ;
#3329 = ADVANCED_FACE ( 'NONE', ( #1526 ), #1206, .T. ) ;
#3330 = B_SPLINE_CURVE_WITH_KNOTS ( 'NONE', 3,
 ( #2897, #3912, #2608, #1655, #709 ),
 .UNSPECIFIED., .F., .F.,
 ( 4, 1, 4 ),
 ( 0.0000000000000000000, 0.4458786834588171488, 0.9999999999999998890 ),
 .UNSPECIFIED. ) ;
#3331 = PLANE ( 'NONE',  #3006 ) ;
#3332 = CARTESIAN_POINT ( 'NONE',  ( 0.01726827212812183029, -0.06194172494172136417, -1.149999999999999911 ) ) ;
#3333 = PRESENTATION_STYLE_ASSIGNMENT (( #3970 ) ) ;
#3334 = EDGE_LOOP ( 'NONE', ( #113, #2612, #1318, #80 ) ) ;
#3335 = CARTESIAN_POINT ( 'NONE',  ( 0.0000000000000000000, 0.0000000000000000000, -1.139999999999999902 ) ) ;
#3336 = ORIENTED_EDGE ( 'NONE', *, *, #1266, .F. ) ;
#3337 = CARTESIAN_POINT ( 'NONE',  ( -0.3434977339694391119, -0.08389294445391740074, -1.139999999999999902 ) ) ;
#3338 = CARTESIAN_POINT ( 'NONE',  ( -0.6500000000000003553, 3.523657060577891259E-17, -1.149999999999999911 ) ) ;
#3339 = CARTESIAN_POINT ( 'NONE',  ( -0.09004880104261010765, -0.08999050542952531651, -1.149999999999999911 ) ) ;
#3340 = STYLED_ITEM ( 'NONE', ( #2109 ), #1446 ) ;
#3341 = CARTESIAN_POINT ( 'NONE',  ( 0.1759251866913739970, 0.005518415028040874783, -1.149999999999999911 ) ) ;
#3342 =( NAMED_UNIT ( * ) SI_UNIT ( $, .STERADIAN. ) SOLID_ANGLE_UNIT ( ) );
#3343 = ORIENTED_EDGE ( 'NONE', *, *, #800, .F. ) ;
#3344 = ORIENTED_EDGE ( 'NONE', *, *, #899, .T. ) ;
#3345 = EDGE_CURVE ( 'NONE', #307, #1121, #2762, .T. ) ;
#3346 = VECTOR ( 'NONE', #3106, 1000.000000000000000 ) ;
#3347 = VERTEX_POINT ( 'NONE', #3531 ) ;
#3348 = CARTESIAN_POINT ( 'NONE',  ( 0.2977560770061767337, 0.08805827505826982482, -1.149999999999999911 ) ) ;
#3349 = STYLED_ITEM ( 'NONE', ( #1129 ), #3499 ) ;
#3350 = CARTESIAN_POINT ( 'NONE',  ( -1.250000000000000222, 1.000000000000000222, 0.0000000000000000000 ) ) ;
#3351 = CARTESIAN_POINT ( 'NONE',  ( -1.250000000000000222, -0.9999999999999997780, 0.05000000000000000278 ) ) ;
#3352 = CARTESIAN_POINT ( 'NONE',  ( -0.1834558132377316075, -0.1119417249417206106, -1.149999999999999911 ) ) ;
#3353 = STYLED_ITEM ( 'NONE', ( #3240 ), #4020 ) ;
#3354 = COLOUR_RGB ( '',1.000000000000000000, 1.000000000000000000, 1.000000000000000000 ) ;
#3355 = VECTOR ( 'NONE', #3583, 1000.000000000000000 ) ;
#3356 = ORIENTED_EDGE ( 'NONE', *, *, #2300, .F. ) ;
#3357 = CARTESIAN_POINT ( 'NONE',  ( -0.3928308132377331674, 0.06366803115583849482, -1.149999999999999911 ) ) ;
#3358 = AXIS2_PLACEMENT_3D ( 'NONE', #1099, #789, #4046 ) ;
#3359 = AXIS2_PLACEMENT_3D ( 'NONE', #1141, #1126, #4028 ) ;
#3360 = SURFACE_SIDE_STYLE ('',( #4059 ) ) ;
#3361 = SURFACE_STYLE_FILL_AREA ( #2399 ) ;
#3362 = FACE_OUTER_BOUND ( 'NONE', #4038, .T. ) ;
#3363 = ORIENTED_EDGE ( 'NONE', *, *, #2825, .F. ) ;
#3364 = AXIS2_PLACEMENT_3D ( 'NONE', #936, #2963, #646 ) ;
#3365 = FILL_AREA_STYLE_COLOUR ( '', #2800 ) ;
#3366 = ORIENTED_EDGE ( 'NONE', *, *, #294, .F. ) ;
#3367 = CARTESIAN_POINT ( 'NONE',  ( -0.08029270348163404514, 0.0002533970094990094755, -1.149999999999999911 ) ) ;
#3368 =( LENGTH_UNIT ( ) NAMED_UNIT ( * ) SI_UNIT ( .MILLI., .METRE. ) );
#3369 = COLOUR_RGB ( '',1.000000000000000000, 1.000000000000000000, 1.000000000000000000 ) ;
#3370 = VERTEX_POINT ( 'NONE', #2511 ) ;
#3371 = SURFACE_STYLE_USAGE ( .BOTH. , #1739 ) ;
#3372 = ORIENTED_EDGE ( 'NONE', *, *, #2439, .T. ) ;
#3373 = LINE ( 'NONE', #3660, #1770 ) ;
#3374 = FACE_OUTER_BOUND ( 'NONE', #3716, .T. ) ;
#3375 = PRESENTATION_STYLE_ASSIGNMENT (( #3684 ) ) ;
#3376 = FILL_AREA_STYLE_COLOUR ( '', #829 ) ;
#3377 = EDGE_CURVE ( 'NONE', #2166, #1121, #2164, .T. ) ;
#3378 = ORIENTED_EDGE ( 'NONE', *, *, #3675, .F. ) ;
#3379 = UNCERTAINTY_MEASURE_WITH_UNIT (LENGTH_MEASURE( 1.000000000000000082E-05 ), #1916, 'distance_accuracy_value', 'NONE');
#3380 =( NAMED_UNIT ( * ) PLANE_ANGLE_UNIT ( ) SI_UNIT ( $, .RADIAN. ) );
#3381 = FILL_AREA_STYLE_COLOUR ( '', #1433 ) ;
#3382 = ORIENTED_EDGE ( 'NONE', *, *, #732, .F. ) ;
#3383 = EDGE_CURVE ( 'NONE', #3082, #3730, #4182, .T. ) ;
#3384 = EDGE_CURVE ( 'NONE', #1241, #739, #854, .T. ) ;
#3385 = PRESENTATION_STYLE_ASSIGNMENT (( #460 ) ) ;
#3386 = VERTEX_POINT ( 'NONE', #537 ) ;
#3387 = ADVANCED_FACE ( 'NONE', ( #240, #902 ), #918, .F. ) ;
#3388 = CARTESIAN_POINT ( 'NONE',  ( 0.2001866714799177549, -0.06691986589347198588, -1.149999999999999911 ) ) ;
#3389 = CARTESIAN_POINT ( 'NONE',  ( 0.1628171653822782783, -0.1083834444531087127, -1.139999999999999902 ) ) ;
#3390 = EDGE_LOOP ( 'NONE', ( #3276, #3489, #1927, #2810 ) ) ;
#3391 = CARTESIAN_POINT ( 'NONE',  ( 0.0000000000000000000, 0.0000000000000000000, 0.0000000000000000000 ) ) ;
#3392 = ORIENTED_EDGE ( 'NONE', *, *, #3600, .F. ) ;
#3393 = PRESENTATION_STYLE_ASSIGNMENT (( #401 ) ) ;
#3394 = LINE ( 'NONE', #3350, #3308 ) ;
#3395 = CARTESIAN_POINT ( 'NONE',  ( -0.4525296259199953486, -0.1025917981124556955, -1.149999999999999911 ) ) ;
#3396 =( LENGTH_UNIT ( ) NAMED_UNIT ( * ) SI_UNIT ( .MILLI., .METRE. ) );
#3397 = FILL_AREA_STYLE ('',( #208 ) ) ;
#3398 = ORIENTED_EDGE ( 'NONE', *, *, #4117, .T. ) ;
#3399 = LINE ( 'NONE', #851, #3260 ) ;
#3400 = MECHANICAL_DESIGN_GEOMETRIC_PRESENTATION_REPRESENTATION (  '', ( #3327 ), #3923 ) ;
#3401 = VERTEX_POINT ( 'NONE', #366 ) ;
#3402 = FILL_AREA_STYLE_COLOUR ( '', #2472 ) ;
#3403 = ORIENTED_EDGE ( 'NONE', *, *, #481, .T. ) ;
#3404 = CARTESIAN_POINT ( 'NONE',  ( 0.01726827212812150070, -0.1119417249417212074, -1.149999999999999911 ) ) ;
#3405 = VERTEX_POINT ( 'NONE', #3898 ) ;
#3406 = PRODUCT_DEFINITION_FORMATION_WITH_SPECIFIED_SOURCE ( '任何', '', #3849, .NOT_KNOWN. ) ;
#3407 = B_SPLINE_CURVE_WITH_KNOTS ( 'NONE', 3,
 ( #2202, #2849, #1223, #3149, #3774, #933, #4131 ),
 .UNSPECIFIED., .F., .F.,
 ( 4, 1, 1, 1, 4 ),
 ( 0.0000000000000000000, 0.2500000000000001110, 0.5000000000000001110, 0.7499999999999998890, 0.9999974999999996506 ),
 .UNSPECIFIED. ) ;
#3408 = MECHANICAL_DESIGN_GEOMETRIC_PRESENTATION_REPRESENTATION (  '', ( #3678 ), #1211 ) ;
#3409 = B_SPLINE_CURVE_WITH_KNOTS ( 'NONE', 3,
 ( #3504, #206, #3181, #263, #2813 ),
 .UNSPECIFIED., .F., .F.,
 ( 4, 1, 4 ),
 ( 0.0000000000000000000, 0.4999999999999999445, 0.9999911411208590728 ),
 .UNSPECIFIED. ) ;
#3410 = COLOUR_RGB ( '',0.0000000000000000000, 0.0000000000000000000, 0.0000000000000000000 ) ;
#3411 = SURFACE_STYLE_USAGE ( .BOTH. , #159 ) ;
#3412 = ORIENTED_EDGE ( 'NONE', *, *, #3174, .T. ) ;
#3413 = VECTOR ( 'NONE', #2695, 1000.000000000000000 ) ;
#3414 =( NAMED_UNIT ( * ) PLANE_ANGLE_UNIT ( ) SI_UNIT ( $, .RADIAN. ) );
#3415 = PRESENTATION_LAYER_ASSIGNMENT (  '', '', ( #2190 ) ) ;
#3416 = UNCERTAINTY_MEASURE_WITH_UNIT (LENGTH_MEASURE( 1.000000000000000082E-05 ), #410, 'distance_accuracy_value', 'NONE');
#3417 = SURFACE_STYLE_FILL_AREA ( #1145 ) ;
#3418 = DIRECTION ( 'NONE',  ( 1.000000000000000000, -6.061675782532585370E-15, 0.0000000000000000000 ) ) ;
#3419 = CARTESIAN_POINT ( 'NONE',  ( -1.250000000000000222, 1.000000000000000222, 0.05000000000000000278 ) ) ;
#3420 = AXIS2_PLACEMENT_3D ( 'NONE', #127, #3701, #1761 ) ;
#3421 = PRESENTATION_LAYER_ASSIGNMENT (  '', '', ( #2865 ) ) ;
#3422 = PRESENTATION_LAYER_ASSIGNMENT (  '', '', ( #626 ) ) ;
#3423 = UNCERTAINTY_MEASURE_WITH_UNIT (LENGTH_MEASURE( 1.000000000000000082E-05 ), #2755, 'distance_accuracy_value', 'NONE');
#3424 = PRESENTATION_STYLE_ASSIGNMENT (( #2131 ) ) ;
#3425 = MECHANICAL_DESIGN_GEOMETRIC_PRESENTATION_REPRESENTATION (  '', ( #1846 ), #2870 ) ;
#3426 = VECTOR ( 'NONE', #249, 1000.000000000000000 ) ;
#3427 = ORIENTED_EDGE ( 'NONE', *, *, #771, .T. ) ;
#3428 = AXIS2_PLACEMENT_3D ( 'NONE', #3160, #245, #2842 ) ;
#3429 = CARTESIAN_POINT ( 'NONE',  ( -0.2578516769722770663, 0.01427442430430122221, -1.139999999999999902 ) ) ;
#3430 = SURFACE_SIDE_STYLE ('',( #3993 ) ) ;
#3431 = ORIENTED_EDGE ( 'NONE', *, *, #2341, .T. ) ;
#3432 =( LENGTH_UNIT ( ) NAMED_UNIT ( * ) SI_UNIT ( .MILLI., .METRE. ) );
#3433 = CARTESIAN_POINT ( 'NONE',  ( 0.1031295526159303338, 0.06854607993632522156, -1.139999999999999902 ) ) ;
#3434 = ADVANCED_FACE ( 'NONE', ( #1679 ), #648, .F. ) ;
#3435 = PRESENTATION_LAYER_ASSIGNMENT (  '', '', ( #292 ) ) ;
#3436 = ORIENTED_EDGE ( 'NONE', *, *, #2787, .F. ) ;
#3437 = DIRECTION ( 'NONE',  ( 1.762894199090967268E-14, -1.000000000000000000, 0.0000000000000000000 ) ) ;
#3438 =( NAMED_UNIT ( * ) PLANE_ANGLE_UNIT ( ) SI_UNIT ( $, .RADIAN. ) );
#3439 = ORIENTED_EDGE ( 'NONE', *, *, #2129, .T. ) ;
#3440 = CARTESIAN_POINT ( 'NONE',  ( 0.1076265038354389109, -0.09242952981977170523, -1.149999999999999911 ) ) ;
#3441 = CARTESIAN_POINT ( 'NONE',  ( -0.009560996164560502802, -0.02169782250269672308, -1.149999999999999911 ) ) ;
#3442 = DIRECTION ( 'NONE',  ( 0.0000000000000000000, 0.0000000000000000000, 1.000000000000000000 ) ) ;
#3443 =( NAMED_UNIT ( * ) SI_UNIT ( $, .STERADIAN. ) SOLID_ANGLE_UNIT ( ) );
#3444 = ORIENTED_EDGE ( 'NONE', *, *, #2700, .T. ) ;
#3445 = PLANE ( 'NONE',  #3888 ) ;
#3446 = ADVANCED_FACE ( 'NONE', ( #2282 ), #3595, .T. ) ;
#3447 = DIRECTION ( 'NONE',  ( -2.756731105234422174E-15, 1.000000000000000000, 0.0000000000000000000 ) ) ;
#3448 = CARTESIAN_POINT ( 'NONE',  ( -0.1853994107987075868, 0.06610705554608449497, -1.149999999999999911 ) ) ;
#3449 = EDGE_CURVE ( 'NONE', #1630, #2774, #1014, .T. ) ;
#3450 = CARTESIAN_POINT ( 'NONE',  ( -0.3647629778718789462, -0.01997018022627519707, -1.139999999999999902 ) ) ;
#3451 = CARTESIAN_POINT ( 'NONE',  ( 0.3245853452988525789, -0.1119417249417313520, -1.149999999999999911 ) ) ;
#3452 = CARTESIAN_POINT ( 'NONE',  ( -0.3948164192533279437, 0.05696020454152701112, -1.149999999999999911 ) ) ;
#3453 = CARTESIAN_POINT ( 'NONE',  ( -0.4559024595791947299, -0.1119417249417240801, -1.149999999999999911 ) ) ;
#3454 = ORIENTED_EDGE ( 'NONE', *, *, #993, .T. ) ;
#3455 = PLANE ( 'NONE',  #3795 ) ;
#3456 = ORIENTED_EDGE ( 'NONE', *, *, #1294, .F. ) ;
#3457 =( LENGTH_UNIT ( ) NAMED_UNIT ( * ) SI_UNIT ( .MILLI., .METRE. ) );
#3458 = CARTESIAN_POINT ( 'NONE',  ( 0.1076265038354389109, -0.09242952981977170523, -1.149999999999999911 ) ) ;
#3459 = ORIENTED_EDGE ( 'NONE', *, *, #266, .T. ) ;
#3460 = FILL_AREA_STYLE ('',( #230 ) ) ;
#3461 = CARTESIAN_POINT ( 'NONE',  ( -0.3924139086244914920, 0.06100745842871917179, -1.139999999999999902 ) ) ;
#3462 = CARTESIAN_POINT ( 'NONE',  ( -1.250000000000000222, -0.9999999999999997780, 0.0000000000000000000 ) ) ;
#3463 = ADVANCED_FACE ( 'NONE', ( #713 ), #3331, .T. ) ;
#3464 =( LENGTH_UNIT ( ) NAMED_UNIT ( * ) SI_UNIT ( .MILLI., .METRE. ) );
#3465 = ORIENTED_EDGE ( 'NONE', *, *, #2729, .F. ) ;
#3466 = DIRECTION ( 'NONE',  ( -5.421010862427522170E-17, 1.000000000000000000, 0.0000000000000000000 ) ) ;
#3467 = CARTESIAN_POINT ( 'NONE',  ( 0.1033582111525163522, 0.09049729944852027974, -1.149999999999999911 ) ) ;
#3468 = FILL_AREA_STYLE ('',( #215 ) ) ;
#3469 = CARTESIAN_POINT ( 'NONE',  ( 1.149999999999999911, -0.9999999999999997780, 0.0000000000000000000 ) ) ;
#3470 = CARTESIAN_POINT ( 'NONE',  ( -1.250000000000000222, -0.8999999999999998002, -1.159999999999999920 ) ) ;
#3471 = VECTOR ( 'NONE', #3630, 1000.000000000000000 ) ;
#3472 = AXIS2_PLACEMENT_3D ( 'NONE', #914, #2574, #2818 ) ;
#3473 = FACE_BOUND ( 'NONE', #976, .T. ) ;
#3474 = MECHANICAL_DESIGN_GEOMETRIC_PRESENTATION_REPRESENTATION (  '', ( #212 ), #2938 ) ;
#3475 = EDGE_LOOP ( 'NONE', ( #3201, #1740, #2028, #924 ) ) ;
#3476 = STYLED_ITEM ( 'NONE', ( #2392 ), #1989 ) ;
#3477 = VECTOR ( 'NONE', #1858, 1000.000000000000000 ) ;
#3478 = STYLED_ITEM ( 'NONE', ( #4136 ), #1802 ) ;
#3479 = MECHANICAL_DESIGN_GEOMETRIC_PRESENTATION_REPRESENTATION (  '', ( #3139 ), #2334 ) ;
#3480 = FILL_AREA_STYLE ('',( #1804 ) ) ;
#3481 = SURFACE_SIDE_STYLE ('',( #3177 ) ) ;
#3482 = CARTESIAN_POINT ( 'NONE',  ( -0.4071219717743187472, 0.08805827505827738821, -1.149999999999999911 ) ) ;
#3483 = SURFACE_STYLE_FILL_AREA ( #2581 ) ;
#3484 = PRESENTATION_LAYER_ASSIGNMENT (  '', '', ( #1231 ) ) ;
#3485 =( NAMED_UNIT ( * ) SI_UNIT ( $, .STERADIAN. ) SOLID_ANGLE_UNIT ( ) );
#3486 = CARTESIAN_POINT ( 'NONE',  ( -0.3896295937255379038, 0.04964364091193604334, -1.139999999999999902 ) ) ;
#3487 = LINE ( 'NONE', #2215, #434 ) ;
#3488 = COLOUR_RGB ( '',0.0000000000000000000, 0.0000000000000000000, 0.0000000000000000000 ) ;
#3489 = ORIENTED_EDGE ( 'NONE', *, *, #3756, .T. ) ;
#3490 = CARTESIAN_POINT ( 'NONE',  ( -0.1743915620397563926, -0.1119417249417204857, -1.149999999999999911 ) ) ;
#3491 = SURFACE_STYLE_USAGE ( .BOTH. , #3127 ) ;
#3492 = CARTESIAN_POINT ( 'NONE',  ( -0.3046829473840728109, -0.1119417249417218596, -1.139999999999999902 ) ) ;
#3493 = EDGE_CURVE ( 'NONE', #1815, #2761, #1465, .T. ) ;
#3494 = LINE ( 'NONE', #1873, #2338 ) ;
#3495 = UNCERTAINTY_MEASURE_WITH_UNIT (LENGTH_MEASURE( 1.000000000000000082E-05 ), #3274, 'distance_accuracy_value', 'NONE');
#3496 = DIRECTION ( 'NONE',  ( 1.000000000000000000, -7.408714845317622573E-15, 0.0000000000000000000 ) ) ;
#3497 = ADVANCED_FACE ( 'NONE', ( #1811 ), #1399, .T. ) ;
#3498 = VERTEX_POINT ( 'NONE', #797 ) ;
#3499 = ADVANCED_FACE ( 'NONE', ( #1380 ), #2461, .T. ) ;
#3500 = PRESENTATION_STYLE_ASSIGNMENT (( #574 ) ) ;
#3501 = CARTESIAN_POINT ( 'NONE',  ( 0.1076265038354389109, -0.09242952981977170523, -1.149999999999999911 ) ) ;
#3502 = EDGE_CURVE ( 'NONE', #1960, #962, #872, .T. ) ;
#3503 = STYLED_ITEM ( 'NONE', ( #1109 ), #2105 ) ;
#3504 = CARTESIAN_POINT ( 'NONE',  ( -0.1855137400670001380, 0.08805827505827965029, -1.149999999999999911 ) ) ;
#3505 = LINE ( 'NONE', #3462, #1571 ) ;
#3506 = ORIENTED_EDGE ( 'NONE', *, *, #928, .F. ) ;
#3507 = CARTESIAN_POINT ( 'NONE',  ( 0.09433978703806478183, 0.09028474020443702508, -1.139999999999999902 ) ) ;
#3508 = DIRECTION ( 'NONE',  ( 1.000000000000000000, 0.0000000000000000000, 0.0000000000000000000 ) ) ;
#3509 = B_SPLINE_CURVE_WITH_KNOTS ( 'NONE', 3,
 ( #2318, #3278, #71, #45, #1281 ),
 .UNSPECIFIED., .F., .F.,
 ( 4, 1, 4 ),
 ( 0.0000000000000000000, 0.5000000000000000000, 0.9999523886342480683 ),
 .UNSPECIFIED. ) ;
#3510 = SURFACE_STYLE_FILL_AREA ( #1064 ) ;
#3511 = CARTESIAN_POINT ( 'NONE',  ( 1.149999999999999911, 0.9000000000000002442, 0.0000000000000000000 ) ) ;
#3512 = EDGE_LOOP ( 'NONE', ( #791, #3938, #1250, #3659, #1123, #2103, #600, #3780 ) ) ;
#3513 = EDGE_CURVE ( 'NONE', #3902, #1810, #3407, .T. ) ;
#3514 = ORIENTED_EDGE ( 'NONE', *, *, #3041, .T. ) ;
#3515 = CARTESIAN_POINT ( 'NONE',  ( -0.4266341668962697065, 0.03805827505827692747, -1.149999999999999911 ) ) ;
#3516 = SURFACE_SIDE_STYLE ('',( #3483 ) ) ;
#3517 =( LENGTH_UNIT ( ) NAMED_UNIT ( * ) SI_UNIT ( .MILLI., .METRE. ) );
#3518 = PRESENTATION_STYLE_ASSIGNMENT (( #3803 ) ) ;
#3519 = FACE_OUTER_BOUND ( 'NONE', #1046, .T. ) ;
#3520 = CARTESIAN_POINT ( 'NONE',  ( -0.6500000000000003553, 0.9900000000000002132, -1.149999999999999911 ) ) ;
#3521 = PLANE ( 'NONE',  #2559 ) ;
#3522 =( NAMED_UNIT ( * ) PLANE_ANGLE_UNIT ( ) SI_UNIT ( $, .RADIAN. ) );
#3523 = ORIENTED_EDGE ( 'NONE', *, *, #347, .T. ) ;
#3524 = CARTESIAN_POINT ( 'NONE',  ( 0.07824195844584785897, 0.08990532333143148869, -1.149999999999999911 ) ) ;
#3525 = CARTESIAN_POINT ( 'NONE',  ( -0.1853994107987075868, 0.06610705554608449497, -1.149999999999999911 ) ) ;
#3526 =( NAMED_UNIT ( * ) PLANE_ANGLE_UNIT ( ) SI_UNIT ( $, .RADIAN. ) );
#3527 = LINE ( 'NONE', #1614, #96 ) ;
#3528 = ORIENTED_EDGE ( 'NONE', *, *, #1153, .T. ) ;
#3529 = COLOUR_RGB ( '',1.000000000000000000, 0.5019607843137254832, 0.0000000000000000000 ) ;
#3530 = UNCERTAINTY_MEASURE_WITH_UNIT (LENGTH_MEASURE( 1.000000000000000082E-05 ), #1681, 'distance_accuracy_value', 'NONE');
#3531 = CARTESIAN_POINT ( 'NONE',  ( -1.250000000000000222, 0.9000000000000002442, 0.05000000000000000278 ) ) ;
#3532 = CARTESIAN_POINT ( 'NONE',  ( -1.150000000000000133, 1.000000000000000222, 2.088061301782110135 ) ) ;
#3533 = AXIS2_PLACEMENT_3D ( 'NONE', #1005, #741, #3314 ) ;
#3534 = FILL_AREA_STYLE_COLOUR ( '', #2130 ) ;
#3535 = ORIENTED_EDGE ( 'NONE', *, *, #2899, .F. ) ;
#3536 = PRESENTATION_LAYER_ASSIGNMENT (  '', '', ( #686 ) ) ;
#3537 = STYLED_ITEM ( 'NONE', ( #2906 ), #4062 ) ;
#3538 = MECHANICAL_DESIGN_GEOMETRIC_PRESENTATION_REPRESENTATION (  '', ( #2064 ), #4025 ) ;
#3539 = ADVANCED_FACE ( 'NONE', ( #1477 ), #553, .F. ) ;
#3540 = ORIENTED_EDGE ( 'NONE', *, *, #42, .F. ) ;
#3541 = CARTESIAN_POINT ( 'NONE',  ( -0.3802927034816356300, 0.08805827505827774904, -1.149999999999999911 ) ) ;
#3542 = MECHANICAL_DESIGN_GEOMETRIC_PRESENTATION_REPRESENTATION (  '', ( #1364 ), #897 ) ;
#3543 = CARTESIAN_POINT ( 'NONE',  ( 0.1031295526159303338, 0.06854607993632522156, -1.149999999999999911 ) ) ;
#3544 = CARTESIAN_POINT ( 'NONE',  ( -0.2900488010426105490, -0.009426481039282364263, -1.139999999999999902 ) ) ;
#3545 = FILL_AREA_STYLE ('',( #1259 ) ) ;
#3546 = EDGE_CURVE ( 'NONE', #2572, #3673, #2528, .T. ) ;
#3547 = VECTOR ( 'NONE', #3320, 1000.000000000000000 ) ;
#3548 = DIRECTION ( 'NONE',  ( 0.0000000000000000000, 1.000000000000000000, -0.0000000000000000000 ) ) ;
#3549 = CIRCLE ( 'NONE', #1445, 0.1000000000000000472 ) ;
#3550 = EDGE_LOOP ( 'NONE', ( #3356, #3171, #1601, #1832 ) ) ;
#3551 = FILL_AREA_STYLE_COLOUR ( '', #2547 ) ;
#3552 = AXIS2_PLACEMENT_3D ( 'NONE', #3926, #43, #1775 ) ;
#3553 = FILL_AREA_STYLE_COLOUR ( '', #1365 ) ;
#3554 = EDGE_CURVE ( 'NONE', #3113, #2572, #3877, .T. ) ;
#3555 = ORIENTED_EDGE ( 'NONE', *, *, #1587, .F. ) ;
#3556 =( GEOMETRIC_REPRESENTATION_CONTEXT ( 3 ) GLOBAL_UNCERTAINTY_ASSIGNED_CONTEXT ( ( #3872 ) ) GLOBAL_UNIT_ASSIGNED_CONTEXT ( ( #2379, #4014, #2426 ) ) REPRESENTATION_CONTEXT ( 'NONE', 'WORKASPACE' ) );
#3557 =( LENGTH_UNIT ( ) NAMED_UNIT ( * ) SI_UNIT ( .MILLI., .METRE. ) );
#3558 = SURFACE_STYLE_FILL_AREA ( #2283 ) ;
#3559 =( NAMED_UNIT ( * ) PLANE_ANGLE_UNIT ( ) SI_UNIT ( $, .RADIAN. ) );
#3560 = ORIENTED_EDGE ( 'NONE', *, *, #2752, .T. ) ;
#3561 = FILL_AREA_STYLE ('',( #942 ) ) ;
#3562 = FILL_AREA_STYLE ('',( #2661 ) ) ;
#3563 = EDGE_CURVE ( 'NONE', #2900, #2132, #236, .T. ) ;
#3564 = DIRECTION ( 'NONE',  ( 0.0000000000000000000, 1.000000000000000000, -0.0000000000000000000 ) ) ;
#3565 = CARTESIAN_POINT ( 'NONE',  ( -0.1290731912865115960, 0.08805827505827963642, -1.149999999999999911 ) ) ;
#3566 = CARTESIAN_POINT ( 'NONE',  ( -0.2047481691175371266, 0.06362552674832809563, -1.139999999999999902 ) ) ;
#3567 = FILL_AREA_STYLE ('',( #1629 ) ) ;
#3568 = ORIENTED_EDGE ( 'NONE', *, *, #920, .F. ) ;
#3569 = VECTOR ( 'NONE', #3049, 1000.000000000000000 ) ;
#3570 = EDGE_CURVE ( 'NONE', #2035, #3401, #2971, .T. ) ;
#3571 = CARTESIAN_POINT ( 'NONE',  ( -0.2389049817939113418, -0.1060344995283538372, -1.139999999999999902 ) ) ;
#3572 = DIRECTION ( 'NONE',  ( -0.0000000000000000000, 0.0000000000000000000, 1.000000000000000000 ) ) ;
#3573 = CARTESIAN_POINT ( 'NONE',  ( -0.2632195327499274873, -0.009998127380745474094, -1.149999999999999911 ) ) ;
#3574 = CARTESIAN_POINT ( 'NONE',  ( -0.3597896547011470991, -0.03389294445391744653, -1.149999999999999911 ) ) ;
#3575 = UNCERTAINTY_MEASURE_WITH_UNIT (LENGTH_MEASURE( 1.000000000000000082E-05 ), #2051, 'distance_accuracy_value', 'NONE');
#3576 =( NAMED_UNIT ( * ) SI_UNIT ( $, .STERADIAN. ) SOLID_ANGLE_UNIT ( ) );
#3577 = CARTESIAN_POINT ( 'NONE',  ( 0.6500000000000002442, 1.000000000000000222, -1.159999999999999920 ) ) ;
#3578 = CARTESIAN_POINT ( 'NONE',  ( -0.2900488010426105490, -0.009426481039282364263, -1.149999999999999911 ) ) ;
#3579 = FILL_AREA_STYLE ('',( #3534 ) ) ;
#3580 = ORIENTED_EDGE ( 'NONE', *, *, #3652, .T. ) ;
#3581 = CARTESIAN_POINT ( 'NONE',  ( -0.009560996164559057778, 0.06610705554608352352, -1.149999999999999911 ) ) ;
#3582 = VERTEX_POINT ( 'NONE', #3525 ) ;
#3583 = DIRECTION ( 'NONE',  ( 0.0000000000000000000, -0.0000000000000000000, -1.000000000000000000 ) ) ;
#3584 = FACE_OUTER_BOUND ( 'NONE', #3649, .T. ) ;
#3585 = PLANE ( 'NONE',  #382 ) ;
#3586 =( LENGTH_UNIT ( ) NAMED_UNIT ( * ) SI_UNIT ( .MILLI., .METRE. ) );
#3587 = LINE ( 'NONE', #2916, #701 ) ;
#3588 = ORIENTED_EDGE ( 'NONE', *, *, #1146, .T. ) ;
#3589 = CARTESIAN_POINT ( 'NONE',  ( -0.3948168453034219816, 0.05695876524786191997, -1.149999999999999911 ) ) ;
#3590 = DIRECTION ( 'NONE',  ( 0.0000000000000000000, -0.0000000000000000000, -1.000000000000000000 ) ) ;
#3591 = CARTESIAN_POINT ( 'NONE',  ( -0.3965655693352941880, 0.04964364091193595313, -1.139999999999999902 ) ) ;
#3592 = SURFACE_STYLE_FILL_AREA ( #319 ) ;
#3593 = EDGE_CURVE ( 'NONE', #2184, #3991, #3628, .T. ) ;
#3594 = DIRECTION ( 'NONE',  ( -0.0000000000000000000, -0.0000000000000000000, 1.000000000000000000 ) ) ;
#3595 = CYLINDRICAL_SURFACE ( 'NONE', #278, 0.1000000000000000472 ) ;
#3596 = CARTESIAN_POINT ( 'NONE',  ( -0.009560996164559607685, 0.06610705554608352352, -1.139999999999999902 ) ) ;
#3597 = DIRECTION ( 'NONE',  ( -0.0000000000000000000, 0.0000000000000000000, 1.000000000000000000 ) ) ;
#3598 =( LENGTH_UNIT ( ) NAMED_UNIT ( * ) SI_UNIT ( .MILLI., .METRE. ) );
#3599 = ORIENTED_EDGE ( 'NONE', *, *, #2764, .T. ) ;
#3600 = EDGE_CURVE ( 'NONE', #194, #1783, #3792, .T. ) ;
#3601 = LINE ( 'NONE', #2307, #2242 ) ;
#3602 = ORIENTED_EDGE ( 'NONE', *, *, #396, .F. ) ;
#3603 = CARTESIAN_POINT ( 'NONE',  ( -0.3371334047011461665, -0.1025921314457872990, -1.139999999999999902 ) ) ;
#3604 = SURFACE_SIDE_STYLE ('',( #700 ) ) ;
#3605 = MECHANICAL_DESIGN_GEOMETRIC_PRESENTATION_REPRESENTATION (  '', ( #1432 ), #549 ) ;
#3606 = CARTESIAN_POINT ( 'NONE',  ( -0.3928308132377331674, 0.06366803115583849482, -1.149999999999999911 ) ) ;
#3607 = AXIS2_PLACEMENT_3D ( 'NONE', #3886, #16, #2545 ) ;
#3608 = LINE ( 'NONE', #1689, #2553 ) ;
#3609 = STYLED_ITEM ( 'NONE', ( #3648 ), #4151 ) ;
#3610 = FILL_AREA_STYLE ('',( #838 ) ) ;
#3611 = ORIENTED_EDGE ( 'NONE', *, *, #1174, .T. ) ;
#3612 = PRESENTATION_LAYER_ASSIGNMENT (  '', '', ( #1492 ) ) ;
#3613 = DIRECTION ( 'NONE',  ( -0.0000000000000000000, 0.0000000000000000000, -1.000000000000000000 ) ) ;
#3614 = PRESENTATION_LAYER_ASSIGNMENT (  '', '', ( #1491 ) ) ;
#3615 = STYLED_ITEM ( 'NONE', ( #841 ), #50 ) ;
#3616 = LINE ( 'NONE', #298, #497 ) ;
#3617 = ORIENTED_EDGE ( 'NONE', *, *, #2798, .F. ) ;
#3618 = DIRECTION ( 'NONE',  ( 0.0000000000000000000, 0.0000000000000000000, 1.000000000000000000 ) ) ;
#3619 = AXIS2_PLACEMENT_3D ( 'NONE', #3825, #1866, #542 ) ;
#3620 = PRODUCT_DEFINITION_CONTEXT ( 'detailed design', #2413, 'design' ) ;
#3621 = EDGE_CURVE ( 'NONE', #381, #2281, #3681, .T. ) ;
#3622 = SURFACE_STYLE_USAGE ( .BOTH. , #1311 ) ;
#3623 = CARTESIAN_POINT ( 'NONE',  ( 0.01726827212812150070, -0.1119417249417212074, -1.149999999999999911 ) ) ;
#3624 = CARTESIAN_POINT ( 'NONE',  ( 0.3245853452988599064, 0.08805827505826874235, -1.149999999999999911 ) ) ;
#3625 = FACE_OUTER_BOUND ( 'NONE', #2928, .T. ) ;
#3626 = ORIENTED_EDGE ( 'NONE', *, *, #3062, .T. ) ;
#3627 = MECHANICAL_DESIGN_GEOMETRIC_PRESENTATION_REPRESENTATION (  '', ( #2875 ), #2143 ) ;
#3628 = B_SPLINE_CURVE_WITH_KNOTS ( 'NONE', 3,
 ( #1185, #2231, #616, #1520, #1914, #198 ),
 .UNSPECIFIED., .F., .F.,
 ( 4, 1, 1, 4 ),
 ( 0.0000000000000000000, 0.3333333333333335369, 0.6666666666666670737, 1.000000000000000000 ),
 .UNSPECIFIED. ) ;
#3629 = FACE_BOUND ( 'NONE', #3876, .T. ) ;
#3630 = DIRECTION ( 'NONE',  ( -1.000000000000000000, -0.0000000000000000000, -0.0000000000000000000 ) ) ;
#3631 = EDGE_CURVE ( 'NONE', #679, #2035, #3330, .T. ) ;
#3632 = EDGE_LOOP ( 'NONE', ( #3664, #3030, #750, #3719 ) ) ;
#3633 = CARTESIAN_POINT ( 'NONE',  ( 0.3245853452988599064, 0.08805827505826874235, -1.149999999999999911 ) ) ;
#3634 = DIRECTION ( 'NONE',  ( -1.000000000000000000, -0.0000000000000000000, -0.0000000000000000000 ) ) ;
#3635 = EDGE_CURVE ( 'NONE', #3673, #1383, #4195, .T. ) ;
#3636 = SURFACE_STYLE_FILL_AREA ( #1300 ) ;
#3637 =( LENGTH_UNIT ( ) NAMED_UNIT ( * ) SI_UNIT ( .MILLI., .METRE. ) );
#3638 = SURFACE_STYLE_USAGE ( .BOTH. , #2344 ) ;
#3639 = ORIENTED_EDGE ( 'NONE', *, *, #602, .F. ) ;
#3640 = ADVANCED_FACE ( 'NONE', ( #296 ), #2632, .T. ) ;
#3641 = VERTEX_POINT ( 'NONE', #2920 ) ;
#3642 = DIRECTION ( 'NONE',  ( 0.0000000000000000000, -0.0000000000000000000, -1.000000000000000000 ) ) ;
#3643 =( NAMED_UNIT ( * ) SI_UNIT ( $, .STERADIAN. ) SOLID_ANGLE_UNIT ( ) );
#3644 = ORIENTED_EDGE ( 'NONE', *, *, #1437, .T. ) ;
#3645 = PRESENTATION_LAYER_ASSIGNMENT (  '', '', ( #2773 ) ) ;
#3646 = SURFACE_SIDE_STYLE ('',( #1948 ) ) ;
#3647 = SURFACE_SIDE_STYLE ('',( #439 ) ) ;
#3648 = PRESENTATION_STYLE_ASSIGNMENT (( #341 ) ) ;
#3649 = EDGE_LOOP ( 'NONE', ( #2144, #3328, #4000, #3392 ) ) ;
#3650 = FACE_OUTER_BOUND ( 'NONE', #1838, .T. ) ;
#3651 =( NAMED_UNIT ( * ) SI_UNIT ( $, .STERADIAN. ) SOLID_ANGLE_UNIT ( ) );
#3652 = EDGE_CURVE ( 'NONE', #1044, #4053, #664, .T. ) ;
#3653 = ORIENTED_EDGE ( 'NONE', *, *, #532, .T. ) ;
#3654 = CARTESIAN_POINT ( 'NONE',  ( 0.09587167656674622229, 0.06815855109821294944, -1.139999999999999902 ) ) ;
#3655 = DIRECTION ( 'NONE',  ( -7.813878938420919050E-15, 1.000000000000000000, 0.0000000000000000000 ) ) ;
#3656 = SURFACE_STYLE_FILL_AREA ( #170 ) ;
#3657 = CARTESIAN_POINT ( 'NONE',  ( -0.4851707522621215296, -0.1119417249417246213, -1.149999999999999911 ) ) ;
#3658 = ORIENTED_EDGE ( 'NONE', *, *, #177, .F. ) ;
#3659 = ORIENTED_EDGE ( 'NONE', *, *, #3493, .F. ) ;
#3660 = CARTESIAN_POINT ( 'NONE',  ( -0.3802927034816356300, 0.08805827505827774904, -1.149999999999999911 ) ) ;
#3661 = CARTESIAN_POINT ( 'NONE',  ( -0.1834558132377316075, -0.1119417249417206106, -1.149999999999999911 ) ) ;
#3662 = FILL_AREA_STYLE ('',( #94 ) ) ;
#3663 = CARTESIAN_POINT ( 'NONE',  ( -0.09004880104261001050, -0.08999050542952531651, -1.139999999999999902 ) ) ;
#3664 = ORIENTED_EDGE ( 'NONE', *, *, #843, .F. ) ;
#3665 = UNCERTAINTY_MEASURE_WITH_UNIT (LENGTH_MEASURE( 1.000000000000000082E-05 ), #3155, 'distance_accuracy_value', 'NONE');
#3666 = B_SPLINE_CURVE_WITH_KNOTS ( 'NONE', 3,
 ( #2311, #1955, #3246, #3490, #3167 ),
 .UNSPECIFIED., .F., .F.,
 ( 4, 1, 4 ),
 ( 0.0000000000000000000, 0.4999999999999990008, 0.9999867364034313866 ),
 .UNSPECIFIED. ) ;
#3667 = LINE ( 'NONE', #2329, #2501 ) ;
#3668 =( NAMED_UNIT ( * ) SI_UNIT ( $, .STERADIAN. ) SOLID_ANGLE_UNIT ( ) );
#3669 = CARTESIAN_POINT ( 'NONE',  ( -1.150000000000000133, 1.000000000000000222, 2.088061301782110135 ) ) ;
#3670 = EDGE_LOOP ( 'NONE', ( #1940, #1386, #2112, #1103 ) ) ;
#3671 = PLANE ( 'NONE',  #3874 ) ;
#3672 = FACE_OUTER_BOUND ( 'NONE', #2088, .T. ) ;
#3673 = VERTEX_POINT ( 'NONE', #734 ) ;
#3674 = PLANE ( 'NONE',  #3358 ) ;
#3675 = EDGE_CURVE ( 'NONE', #3696, #4109, #1212, .T. ) ;
#3676 = PRESENTATION_STYLE_ASSIGNMENT (( #2726 ) ) ;
#3677 = CARTESIAN_POINT ( 'NONE',  ( 0.2221463209086096957, -0.08999050542953167253, -1.149999999999999911 ) ) ;
#3678 = STYLED_ITEM ( 'NONE', ( #211 ), #1035 ) ;
#3679 = STYLED_ITEM ( 'NONE', ( #3375 ), #3713 ) ;
#3680 = ORIENTED_EDGE ( 'NONE', *, *, #2825, .T. ) ;
#3681 = B_SPLINE_CURVE_WITH_KNOTS ( 'NONE', 3,
 ( #3451, #2508, #3304, #2350, #363 ),
 .UNSPECIFIED., .F., .F.,
 ( 4, 1, 4 ),
 ( 0.0000000000000000000, 0.5000000000000003331, 0.9999951190476186191 ),
 .UNSPECIFIED. ) ;
#3682 = AXIS2_PLACEMENT_3D ( 'NONE', #55, #2302, #2985 ) ;
#3683 = AXIS2_PLACEMENT_3D ( 'NONE', #1631, #1047, #1328 ) ;
#3684 = SURFACE_STYLE_USAGE ( .BOTH. , #807 ) ;
#3685 =( LENGTH_UNIT ( ) NAMED_UNIT ( * ) SI_UNIT ( .MILLI., .METRE. ) );
#3686 = VECTOR ( 'NONE', #3590, 1000.000000000000000 ) ;
#3687 = ORIENTED_EDGE ( 'NONE', *, *, #2552, .T. ) ;
#3688 = EDGE_CURVE ( 'NONE', #3691, #2727, #882, .T. ) ;
#3689 = DIRECTION ( 'NONE',  ( -3.940089258646188300E-14, -1.000000000000000000, 0.0000000000000000000 ) ) ;
#3690 = FILL_AREA_STYLE ('',( #3381 ) ) ;
#3691 = VERTEX_POINT ( 'NONE', #2982 ) ;
#3692 = EDGE_CURVE ( 'NONE', #799, #966, #3930, .T. ) ;
#3693 = AXIS2_PLACEMENT_3D ( 'NONE', #3814, #3855, #938 ) ;
#3694 = FILL_AREA_STYLE ('',( #3365 ) ) ;
#3695 = MECHANICAL_DESIGN_GEOMETRIC_PRESENTATION_REPRESENTATION (  '', ( #2815 ), #224 ) ;
#3696 = VERTEX_POINT ( 'NONE', #1962 ) ;
#3697 = LINE ( 'NONE', #1483, #828 ) ;
#3698 = LINE ( 'NONE', #1368, #639 ) ;
#3699 =( NAMED_UNIT ( * ) SI_UNIT ( $, .STERADIAN. ) SOLID_ANGLE_UNIT ( ) );
#3700 = ORIENTED_EDGE ( 'NONE', *, *, #527, .F. ) ;
#3701 = DIRECTION ( 'NONE',  ( -4.086742704997785004E-14, -1.000000000000000000, 0.0000000000000000000 ) ) ;
#3702 = ORIENTED_EDGE ( 'NONE', *, *, #182, .F. ) ;
#3703 = LINE ( 'NONE', #3348, #210 ) ;
#3704 = ADVANCED_FACE ( 'NONE', ( #2961 ), #1016, .F. ) ;
#3705 = SURFACE_STYLE_FILL_AREA ( #4054 ) ;
#3706 = SURFACE_STYLE_FILL_AREA ( #4007 ) ;
#3707 = ORIENTED_EDGE ( 'NONE', *, *, #2866, .F. ) ;
#3708 = UNCERTAINTY_MEASURE_WITH_UNIT (LENGTH_MEASURE( 1.000000000000000082E-05 ), #4055, 'distance_accuracy_value', 'NONE');
#3709 =( LENGTH_UNIT ( ) NAMED_UNIT ( * ) SI_UNIT ( .MILLI., .METRE. ) );
#3710 = CARTESIAN_POINT ( 'NONE',  ( -0.3965655693352941880, 0.04964364091193595313, -1.149999999999999911 ) ) ;
#3711 = APPLICATION_PROTOCOL_DEFINITION ( 'draft international standard', 'automotive_design', 1998, #2413 ) ;
#3712 = ORIENTED_EDGE ( 'NONE', *, *, #634, .F. ) ;
#3713 = MANIFOLD_SOLID_BREP ( '圆角1', #774 ) ;
#3714 = AXIS2_PLACEMENT_3D ( 'NONE', #3770, #1516, #3163 ) ;
#3715 = B_SPLINE_CURVE_WITH_KNOTS ( 'NONE', 3,
 ( #1696, #1017, #3004, #1069, #95, #3982 ),
 .UNSPECIFIED., .F., .F.,
 ( 4, 1, 1, 4 ),
 ( 0.0000000000000000000, 0.3329147237192625619, 0.6657622744043082408, 1.000000000000000000 ),
 .UNSPECIFIED. ) ;
#3716 = EDGE_LOOP ( 'NONE', ( #1621, #1426, #1375, #2557 ) ) ;
#3717 = LINE ( 'NONE', #2959, #1860 ) ;
#3718 = B_SPLINE_CURVE_WITH_KNOTS ( 'NONE', 3,
 ( #197, #1166, #4110, #2735, #3070 ),
 .UNSPECIFIED., .F., .F.,
 ( 4, 1, 4 ),
 ( 0.0000000000000000000, 0.5000000000000005551, 0.9999999999999998890 ),
 .UNSPECIFIED. ) ;
#3719 = ORIENTED_EDGE ( 'NONE', *, *, #1110, .F. ) ;
#3720 = SURFACE_STYLE_FILL_AREA ( #3101 ) ;
#3721 = VERTEX_POINT ( 'NONE', #793 ) ;
#3722 = CARTESIAN_POINT ( 'NONE',  ( -0.4266722766523666222, -0.03389294445391846655, -1.149999999999999911 ) ) ;
#3723 = CARTESIAN_POINT ( 'NONE',  ( 0.1272232522006939148, 0.06173384286147247380, -1.139999999999999902 ) ) ;
#3724 = SURFACE_STYLE_FILL_AREA ( #1474 ) ;
#3725 = CARTESIAN_POINT ( 'NONE',  ( -0.3802927034816356300, 0.08805827505827774904, -1.149999999999999911 ) ) ;
#3726 = CARTESIAN_POINT ( 'NONE',  ( 0.05629266237202426582, -0.07962465177099012359, -1.149999999999999911 ) ) ;
#3727 = LINE ( 'NONE', #1728, #415 ) ;
#3728 = STYLED_ITEM ( 'NONE', ( #117 ), #2594 ) ;
#3729 = DIRECTION ( 'NONE',  ( 1.000000000000000000, 0.0000000000000000000, 0.0000000000000000000 ) ) ;
#3730 = VERTEX_POINT ( 'NONE', #178 ) ;
#3731 = FILL_AREA_STYLE_COLOUR ( '', #3861 ) ;
#3732 = EDGE_CURVE ( 'NONE', #2788, #560, #2015, .T. ) ;
#3733 = EDGE_LOOP ( 'NONE', ( #2907, #2406, #1340, #435 ) ) ;
#3734 = DIRECTION ( 'NONE',  ( 1.000000000000000000, 7.813878938420919050E-15, 0.0000000000000000000 ) ) ;
#3735 = CARTESIAN_POINT ( 'NONE',  ( 0.1741653606674689048, -0.03779071538182546264, -1.149999999999999911 ) ) ;
#3736 = EDGE_LOOP ( 'NONE', ( #3895, #1507, #3981, #445 ) ) ;
#3737 = FILL_AREA_STYLE_COLOUR ( '', #3083 ) ;
#3738 = FILL_AREA_STYLE_COLOUR ( '', #1709 ) ;
#3739 = ORIENTED_EDGE ( 'NONE', *, *, #4002, .T. ) ;
#3740 = PLANE ( 'NONE',  #1664 ) ;
#3741 =( LENGTH_UNIT ( ) NAMED_UNIT ( * ) SI_UNIT ( .MILLI., .METRE. ) );
#3742 = AXIS2_PLACEMENT_3D ( 'NONE', #3335, #3039, #1075 ) ;
#3743 = SURFACE_SIDE_STYLE ('',( #3706 ) ) ;
#3744 =( GEOMETRIC_REPRESENTATION_CONTEXT ( 3 ) GLOBAL_UNCERTAINTY_ASSIGNED_CONTEXT ( ( #2106 ) ) GLOBAL_UNIT_ASSIGNED_CONTEXT ( ( #1807, #3182, #545 ) ) REPRESENTATION_CONTEXT ( 'NONE', 'WORKASPACE' ) );
#3745 = ORIENTED_EDGE ( 'NONE', *, *, #2558, .T. ) ;
#3746 = AXIS2_PLACEMENT_3D ( 'NONE', #623, #961, #4202 ) ;
#3747 = SURFACE_SIDE_STYLE ('',( #1142 ) ) ;
#3748 = MECHANICAL_DESIGN_GEOMETRIC_PRESENTATION_REPRESENTATION (  '', ( #2190 ), #2677 ) ;
#3749 = UNCERTAINTY_MEASURE_WITH_UNIT (LENGTH_MEASURE( 1.000000000000000082E-05 ), #3741, 'distance_accuracy_value', 'NONE');
#3750 = DIRECTION ( 'NONE',  ( -9.129664299890559892E-15, -1.000000000000000000, 0.0000000000000000000 ) ) ;
#3751 =( NAMED_UNIT ( * ) PLANE_ANGLE_UNIT ( ) SI_UNIT ( $, .RADIAN. ) );
#3752 =( GEOMETRIC_REPRESENTATION_CONTEXT ( 3 ) GLOBAL_UNCERTAINTY_ASSIGNED_CONTEXT ( ( #1310 ) ) GLOBAL_UNIT_ASSIGNED_CONTEXT ( ( #1532, #4205, #2240 ) ) REPRESENTATION_CONTEXT ( 'NONE', 'WORKASPACE' ) );
#3753 = LINE ( 'NONE', #1479, #3211 ) ;
#3754 = COLOUR_RGB ( '',0.7529411764705882248, 0.7529411764705882248, 0.7529411764705882248 ) ;
#3755 =( GEOMETRIC_REPRESENTATION_CONTEXT ( 3 ) GLOBAL_UNCERTAINTY_ASSIGNED_CONTEXT ( ( #2014 ) ) GLOBAL_UNIT_ASSIGNED_CONTEXT ( ( #776, #1808, #2794 ) ) REPRESENTATION_CONTEXT ( 'NONE', 'WORKASPACE' ) );
#3756 = EDGE_CURVE ( 'NONE', #4056, #190, #3267, .T. ) ;
#3757 = COLOUR_RGB ( '',0.0000000000000000000, 0.0000000000000000000, 0.0000000000000000000 ) ;
#3758 = UNCERTAINTY_MEASURE_WITH_UNIT (LENGTH_MEASURE( 1.000000000000000082E-05 ), #2011, 'distance_accuracy_value', 'NONE');
#3759 = ORIENTED_EDGE ( 'NONE', *, *, #1897, .T. ) ;
#3760 = CIRCLE ( 'NONE', #3364, 0.1000000000000000472 ) ;
#3761 = CARTESIAN_POINT ( 'NONE',  ( 0.05629266237202405765, 0.0000000000000000000, -1.139999999999999902 ) ) ;
#3762 = FACE_OUTER_BOUND ( 'NONE', #3956, .T. ) ;
#3763 = EDGE_CURVE ( 'NONE', #111, #1815, #274, .T. ) ;
#3764 = MANIFOLD_SOLID_BREP ( '包覆1', #2610 ) ;
#3765 = AXIS2_PLACEMENT_3D ( 'NONE', #1888, #678, #1938 ) ;
#3766 = CARTESIAN_POINT ( 'NONE',  ( -0.1559024595791951018, 0.06610705554608459211, -1.149999999999999911 ) ) ;
#3767 =( NAMED_UNIT ( * ) PLANE_ANGLE_UNIT ( ) SI_UNIT ( $, .RADIAN. ) );
#3768 = PRESENTATION_LAYER_ASSIGNMENT (  '', '', ( #836 ) ) ;
#3769 = VERTEX_POINT ( 'NONE', #2696 ) ;
#3770 = CARTESIAN_POINT ( 'NONE',  ( -1.150000000000000133, -0.8999999999999998002, -1.159999999999999920 ) ) ;
#3771 = CARTESIAN_POINT ( 'NONE',  ( 0.2977560770061705719, -0.08999050542953497545, -1.149999999999999911 ) ) ;
#3772 = ORIENTED_EDGE ( 'NONE', *, *, #436, .T. ) ;
#3773 =( LENGTH_UNIT ( ) NAMED_UNIT ( * ) SI_UNIT ( .MILLI., .METRE. ) );
#3774 = CARTESIAN_POINT ( 'NONE',  ( -0.1290731912865126507, -0.06194172494172039273, -1.149999999999999911 ) ) ;
#3775 = CARTESIAN_POINT ( 'NONE',  ( 0.1076265038354389109, -0.09242952981977170523, -1.139999999999999902 ) ) ;
#3776 = B_SPLINE_CURVE_WITH_KNOTS ( 'NONE', 3,
 ( #975, #3231, #4143, #2894, #1240, #3249 ),
 .UNSPECIFIED., .F., .F.,
 ( 4, 1, 1, 4 ),
 ( 0.0000000000000000000, 0.3340588224789577954, 0.6666691740202137506, 1.000000000000000000 ),
 .UNSPECIFIED. ) ;
#3777 = CARTESIAN_POINT ( 'NONE',  ( -0.02134961405073948146, -0.02169782250269659818, -1.149999999999999911 ) ) ;
#3778 = SURFACE_STYLE_USAGE ( .BOTH. , #238 ) ;
#3779 = FACE_OUTER_BOUND ( 'NONE', #469, .T. ) ;
#3780 = ORIENTED_EDGE ( 'NONE', *, *, #3756, .F. ) ;
#3781 = SURFACE_STYLE_FILL_AREA ( #3116 ) ;
#3782 = EDGE_CURVE ( 'NONE', #3498, #679, #583, .T. ) ;
#3783 = CARTESIAN_POINT ( 'NONE',  ( 0.1257557356716475228, -0.08869034656296301278, -1.139999999999999902 ) ) ;
#3784 = CARTESIAN_POINT ( 'NONE',  ( 0.05629266237202426582, -0.07962465177099012359, -1.149999999999999911 ) ) ;
#3785 = SURFACE_SIDE_STYLE ('',( #2138 ) ) ;
#3786 = B_SPLINE_SURFACE_WITH_KNOTS ( 'NONE', 3, 1, ( 
 ( #303, #2454 ),
 ( #3735, #840 ),
 ( #877, #1455 ),
 ( #2187, #3783 ),
 ( #3458, #2259 ) ),
 .UNSPECIFIED., .F., .F., .F.,
 ( 4, 1, 4 ),
 ( 2, 2 ),
 ( 0.0000000000000000000, 0.5590518018018841850, 1.000000000000000000 ),
 ( 0.0000000000000000000, 1.000000000000000000 ),
 .UNSPECIFIED. ) ;
#3787 = LINE ( 'NONE', #2269, #1462 ) ;
#3788 = LINE ( 'NONE', #908, #2316 ) ;
#3789 = DIRECTION ( 'NONE',  ( 0.3635424856526869863, 0.9315776194850677872, 0.0000000000000000000 ) ) ;
#3790 = ORIENTED_EDGE ( 'NONE', *, *, #3449, .T. ) ;
#3791 = CARTESIAN_POINT ( 'NONE',  ( 0.05629266237202766587, 0.08257047018022867224, -1.149999999999999911 ) ) ;
#3792 = LINE ( 'NONE', #1168, #2396 ) ;
#3793 = LINE ( 'NONE', #3073, #3990 ) ;
#3794 = CARTESIAN_POINT ( 'NONE',  ( 0.0000000000000000000, 0.0000000000000000000, -1.139999999999999902 ) ) ;
#3795 = AXIS2_PLACEMENT_3D ( 'NONE', #2923, #3496, #3191 ) ;
#3796 = DIRECTION ( 'NONE',  ( 0.0000000000000000000, 0.0000000000000000000, 1.000000000000000000 ) ) ;
#3797 = ORIENTED_EDGE ( 'NONE', *, *, #2729, .T. ) ;
#3798 = FILL_AREA_STYLE_COLOUR ( '', #2812 ) ;
#3799 = DIRECTION ( 'NONE',  ( -1.000000000000000000, -1.389134033497045141E-14, 0.0000000000000000000 ) ) ;
#3800 =( NAMED_UNIT ( * ) PLANE_ANGLE_UNIT ( ) SI_UNIT ( $, .RADIAN. ) );
#3801 =( NAMED_UNIT ( * ) SI_UNIT ( $, .STERADIAN. ) SOLID_ANGLE_UNIT ( ) );
#3802 = EDGE_CURVE ( 'NONE', #1557, #2433, #2724, .T. ) ;
#3803 = SURFACE_STYLE_USAGE ( .BOTH. , #2523 ) ;
#3804 = DIRECTION ( 'NONE',  ( -1.000000000000000000, 1.301042606982604690E-14, 0.0000000000000000000 ) ) ;
#3805 = CARTESIAN_POINT ( 'NONE',  ( -0.09004880104260991336, -0.1119417249417204024, -1.149999999999999911 ) ) ;
#3806 = ORIENTED_EDGE ( 'NONE', *, *, #115, .T. ) ;
#3807 = B_SPLINE_CURVE_WITH_KNOTS ( 'NONE', 3,
 ( #4060, #2837, #934, #1543, #3150 ),
 .UNSPECIFIED., .F., .F.,
 ( 4, 1, 4 ),
 ( 0.0000000000000000000, 0.4445664478680501630, 1.000000000000000000 ),
 .UNSPECIFIED. ) ;
#3808 = EDGE_CURVE ( 'NONE', #379, #2019, #2195, .T. ) ;
#3809 = B_SPLINE_CURVE_WITH_KNOTS ( 'NONE', 3,
 ( #3633, #3295, #62, #698, #1366, #723, #3025 ),
 .UNSPECIFIED., .F., .F.,
 ( 4, 1, 1, 1, 4 ),
 ( 0.0000000000000000000, 0.2499999999999996947, 0.4999999999999995004, 0.7499999999999996669, 0.9999975000000000946 ),
 .UNSPECIFIED. ) ;
#3810 =( GEOMETRIC_REPRESENTATION_CONTEXT ( 3 ) GLOBAL_UNCERTAINTY_ASSIGNED_CONTEXT ( ( #438 ) ) GLOBAL_UNIT_ASSIGNED_CONTEXT ( ( #2589, #3280, #48 ) ) REPRESENTATION_CONTEXT ( 'NONE', 'WORKASPACE' ) );
#3811 = LINE ( 'NONE', #3419, #1789 ) ;
#3812 =( GEOMETRIC_REPRESENTATION_CONTEXT ( 3 ) GLOBAL_UNCERTAINTY_ASSIGNED_CONTEXT ( ( #2950 ) ) GLOBAL_UNIT_ASSIGNED_CONTEXT ( ( #3773, #1422, #2104 ) ) REPRESENTATION_CONTEXT ( 'NONE', 'WORKASPACE' ) );
#3813 =( GEOMETRIC_REPRESENTATION_CONTEXT ( 3 ) GLOBAL_UNCERTAINTY_ASSIGNED_CONTEXT ( ( #1450 ) ) GLOBAL_UNIT_ASSIGNED_CONTEXT ( ( #3586, #2915, #2646 ) ) REPRESENTATION_CONTEXT ( 'NONE', 'WORKASPACE' ) );
#3814 = CARTESIAN_POINT ( 'NONE',  ( 0.0000000000000000000, 0.0000000000000000000, 0.05000000000000000278 ) ) ;
#3815 =( NAMED_UNIT ( * ) PLANE_ANGLE_UNIT ( ) SI_UNIT ( $, .RADIAN. ) );
#3816 = ADVANCED_FACE ( 'NONE', ( #1493 ), #2525, .T. ) ;
#3817 = ORIENTED_EDGE ( 'NONE', *, *, #2453, .F. ) ;
#3818 = FILL_AREA_STYLE ('',( #3798 ) ) ;
#3819 = AXIS2_PLACEMENT_3D ( 'NONE', #999, #2978, #2348 ) ;
#3820 =( GEOMETRIC_REPRESENTATION_CONTEXT ( 3 ) GLOBAL_UNCERTAINTY_ASSIGNED_CONTEXT ( ( #2352 ) ) GLOBAL_UNIT_ASSIGNED_CONTEXT ( ( #1332, #3251, #73 ) ) REPRESENTATION_CONTEXT ( 'NONE', 'WORKASPACE' ) );
#3821 = VECTOR ( 'NONE', #1760, 1000.000000000000000 ) ;
#3822 = AXIS2_PLACEMENT_3D ( 'NONE', #3884, #4166, #4119 ) ;
#3823 =( GEOMETRIC_REPRESENTATION_CONTEXT ( 3 ) GLOBAL_UNCERTAINTY_ASSIGNED_CONTEXT ( ( #388 ) ) GLOBAL_UNIT_ASSIGNED_CONTEXT ( ( #3396, #3438, #3165 ) ) REPRESENTATION_CONTEXT ( 'NONE', 'WORKASPACE' ) );
#3824 = CARTESIAN_POINT ( 'NONE',  ( -0.4656585571401714030, -0.06194172494172406340, -1.149999999999999911 ) ) ;
#3825 = CARTESIAN_POINT ( 'NONE',  ( -0.009560996164559057778, 0.06610705554608352352, -1.149999999999999911 ) ) ;
#3826 = CARTESIAN_POINT ( 'NONE',  ( 0.6500000000000003553, -0.9899999999999997691, 0.0000000000000000000 ) ) ;
#3827 = VECTOR ( 'NONE', #2513, 1000.000000000000000 ) ;
#3828 = DIRECTION ( 'NONE',  ( 0.0000000000000000000, 0.0000000000000000000, -1.000000000000000000 ) ) ;
#3829 = FILL_AREA_STYLE_COLOUR ( '', #4022 ) ;
#3830 = VECTOR ( 'NONE', #2750, 1000.000000000000000 ) ;
#3831 = LINE ( 'NONE', #910, #3088 ) ;
#3832 = B_SPLINE_CURVE_WITH_KNOTS ( 'NONE', 3,
 ( #2038, #1291, #1337, #2617, #3287 ),
 .UNSPECIFIED., .F., .F.,
 ( 4, 1, 4 ),
 ( 0.0000000000000000000, 0.4400102286265295537, 1.000000000000000000 ),
 .UNSPECIFIED. ) ;
#3833 = ORIENTED_EDGE ( 'NONE', *, *, #1437, .F. ) ;
#3834 = DIRECTION ( 'NONE',  ( -1.000000000000000000, -4.336808689942040416E-16, 0.0000000000000000000 ) ) ;
#3835 =( NAMED_UNIT ( * ) PLANE_ANGLE_UNIT ( ) SI_UNIT ( $, .RADIAN. ) );
#3836 = CARTESIAN_POINT ( 'NONE',  ( 1.250000000000000000, 0.9000000000000002442, -1.159999999999999920 ) ) ;
#3837 = COLOUR_RGB ( '',0.2509803921568627416, 0.2509803921568627416, 0.2509803921568627416 ) ;
#3838 = CARTESIAN_POINT ( 'NONE',  ( 0.6500000000000003553, -0.9999999999999995559, -1.159999999999999920 ) ) ;
#3839 = ORIENTED_EDGE ( 'NONE', *, *, #2883, .T. ) ;
#3840 = CARTESIAN_POINT ( 'NONE',  ( -0.009560996164560863625, -0.02169782250269672308, -1.139999999999999902 ) ) ;
#3841 = ORIENTED_EDGE ( 'NONE', *, *, #1266, .T. ) ;
#3842 = LINE ( 'NONE', #309, #3007 ) ;
#3843 = LINE ( 'NONE', #906, #3355 ) ;
#3844 =( GEOMETRIC_REPRESENTATION_CONTEXT ( 3 ) GLOBAL_UNCERTAINTY_ASSIGNED_CONTEXT ( ( #3072 ) ) GLOBAL_UNIT_ASSIGNED_CONTEXT ( ( #528, #3845, #3485 ) ) REPRESENTATION_CONTEXT ( 'NONE', 'WORKASPACE' ) );
#3845 =( NAMED_UNIT ( * ) PLANE_ANGLE_UNIT ( ) SI_UNIT ( $, .RADIAN. ) );
#3846 = CARTESIAN_POINT ( 'NONE',  ( -0.09004880104260991336, -0.1119417249417204024, -1.149999999999999911 ) ) ;
#3847 = ORIENTED_EDGE ( 'NONE', *, *, #2086, .T. ) ;
#3848 = PLANE ( 'NONE',  #2410 ) ;
#3849 = PRODUCT ( 'IND-SMD_L2.5-W2.0_MHCHL2520', 'IND-SMD_L2.5-W2.0_MHCHL2520', '', ( #1118 ) ) ;
#3850 = DIRECTION ( 'NONE',  ( -0.0000000000000000000, 0.0000000000000000000, 1.000000000000000000 ) ) ;
#3851 = FACE_OUTER_BOUND ( 'NONE', #809, .T. ) ;
#3852 = CARTESIAN_POINT ( 'NONE',  ( -0.04736570754667340788, 0.06610705554608398149, -1.149999999999999911 ) ) ;
#3853 =( NAMED_UNIT ( * ) PLANE_ANGLE_UNIT ( ) SI_UNIT ( $, .RADIAN. ) );
#3854 = EDGE_CURVE ( 'NONE', #1843, #268, #3788, .T. ) ;
#3855 = DIRECTION ( 'NONE',  ( -0.0000000000000000000, 0.0000000000000000000, 1.000000000000000000 ) ) ;
#3856 = PLANE ( 'NONE',  #3746 ) ;
#3857 = ORIENTED_EDGE ( 'NONE', *, *, #1229, .F. ) ;
#3858 = SURFACE_SIDE_STYLE ('',( #627 ) ) ;
#3859 = EDGE_CURVE ( 'NONE', #1843, #3498, #986, .T. ) ;
#3860 = VERTEX_POINT ( 'NONE', #577 ) ;
#3861 = COLOUR_RGB ( '',1.000000000000000000, 1.000000000000000000, 1.000000000000000000 ) ;
#3862 = SURFACE_STYLE_FILL_AREA ( #2210 ) ;
#3863 = CARTESIAN_POINT ( 'NONE',  ( 0.1584983995647102351, 0.08323479041988043892, -1.149999999999999911 ) ) ;
#3864 = DIRECTION ( 'NONE',  ( -1.000000000000000000, -0.0000000000000000000, -0.0000000000000000000 ) ) ;
#3865 = DIRECTION ( 'NONE',  ( 0.0000000000000000000, -0.0000000000000000000, -1.000000000000000000 ) ) ;
#3866 = FILL_AREA_STYLE_COLOUR ( '', #3488 ) ;
#3867 = EDGE_LOOP ( 'NONE', ( #3293, #2175, #762, #3712 ) ) ;
#3868 = FILL_AREA_STYLE ('',( #1911 ) ) ;
#3869 = DIRECTION ( 'NONE',  ( 0.0000000000000000000, -0.0000000000000000000, -1.000000000000000000 ) ) ;
#3870 =( LENGTH_UNIT ( ) NAMED_UNIT ( * ) SI_UNIT ( .MILLI., .METRE. ) );
#3871 = CARTESIAN_POINT ( 'NONE',  ( 1.249999999999999778, -0.8999999999999998002, 0.05000000000000000278 ) ) ;
#3872 = UNCERTAINTY_MEASURE_WITH_UNIT (LENGTH_MEASURE( 1.000000000000000082E-05 ), #2379, 'distance_accuracy_value', 'NONE');
#3873 = FILL_AREA_STYLE ('',( #3914 ) ) ;
#3874 = AXIS2_PLACEMENT_3D ( 'NONE', #1656, #53, #3618 ) ;
#3875 = FILL_AREA_STYLE ('',( #1926 ) ) ;
#3876 = EDGE_LOOP ( 'NONE', ( #1969, #463, #3841, #749, #3528 ) ) ;
#3877 = CIRCLE ( 'NONE', #683, 0.1000000000000000472 ) ;
#3878 = EDGE_CURVE ( 'NONE', #285, #1972, #2212, .T. ) ;
#3879 = VECTOR ( 'NONE', #3796, 1000.000000000000000 ) ;
#3880 = COLOUR_RGB ( '',1.000000000000000000, 1.000000000000000000, 1.000000000000000000 ) ;
#3881 = MECHANICAL_DESIGN_GEOMETRIC_PRESENTATION_REPRESENTATION (  '', ( #3353 ), #1430 ) ;
#3882 = STYLED_ITEM ( 'NONE', ( #1515 ), #2021 ) ;
#3883 = COLOUR_RGB ( '',0.0000000000000000000, 0.0000000000000000000, 0.0000000000000000000 ) ;
#3884 = CARTESIAN_POINT ( 'NONE',  ( -1.150000000000000133, 0.9000000000000002442, 2.088061301782110135 ) ) ;
#3885 = AXIS2_PLACEMENT_3D ( 'NONE', #1551, #632, #927 ) ;
#3886 = CARTESIAN_POINT ( 'NONE',  ( -1.150000000000000133, -0.8999999999999998002, 0.0000000000000000000 ) ) ;
#3887 = ADVANCED_FACE ( 'NONE', ( #1555 ), #1560, .T. ) ;
#3888 = AXIS2_PLACEMENT_3D ( 'NONE', #4040, #4003, #2098 ) ;
#3889 = VECTOR ( 'NONE', #3834, 1000.000000000000000 ) ;
#3890 =( NAMED_UNIT ( * ) SI_UNIT ( $, .STERADIAN. ) SOLID_ANGLE_UNIT ( ) );
#3891 = CARTESIAN_POINT ( 'NONE',  ( -0.2388581620952011930, 0.08233764000245000214, -1.149999999999999911 ) ) ;
#3892 = AXIS2_PLACEMENT_3D ( 'NONE', #291, #1584, #3789 ) ;
#3893 = CARTESIAN_POINT ( 'NONE',  ( 0.1031295526159303338, 0.06854607993632522156, -1.139999999999999902 ) ) ;
#3894 = COLOUR_RGB ( '',0.2509803921568627416, 0.2509803921568627416, 0.2509803921568627416 ) ;
#3895 = ORIENTED_EDGE ( 'NONE', *, *, #3782, .F. ) ;
#3896 = CARTESIAN_POINT ( 'NONE',  ( 0.05629266237202766587, 0.08257047018022867224, -1.149999999999999911 ) ) ;
#3897 = CARTESIAN_POINT ( 'NONE',  ( -0.009560996164560154123, 0.0002533970094983243682, -1.149999999999999911 ) ) ;
#3898 = CARTESIAN_POINT ( 'NONE',  ( -1.150000000000000133, 1.000000000000000222, 0.05000000000000000278 ) ) ;
#3899 = LINE ( 'NONE', #102, #1986 ) ;
#3900 = ORIENTED_EDGE ( 'NONE', *, *, #3057, .F. ) ;
#3901 = PRESENTATION_STYLE_ASSIGNMENT (( #3261 ) ) ;
#3902 = VERTEX_POINT ( 'NONE', #3565 ) ;
#3903 = MECHANICAL_DESIGN_GEOMETRIC_PRESENTATION_REPRESENTATION (  '', ( #1588 ), #2890 ) ;
#3904 = EDGE_CURVE ( 'NONE', #560, #3370, #2600, .T. ) ;
#3905 = FILL_AREA_STYLE_COLOUR ( '', #154 ) ;
#3906 = LINE ( 'NONE', #2314, #2811 ) ;
#3907 = ORIENTED_EDGE ( 'NONE', *, *, #430, .T. ) ;
#3908 = VECTOR ( 'NONE', #2213, 1000.000000000000000 ) ;
#3909 = CARTESIAN_POINT ( 'NONE',  ( -0.3934432639038140112, 0.06159903416165953688, -1.139999999999999902 ) ) ;
#3910 = CARTESIAN_POINT ( 'NONE',  ( 0.05629266237202701362, 0.05574120188754583261, -1.149999999999999911 ) ) ;
#3911 = EDGE_CURVE ( 'NONE', #1590, #3696, #290, .T. ) ;
#3912 = CARTESIAN_POINT ( 'NONE',  ( -0.3934432639038140112, 0.06159903416165953688, -1.139999999999999902 ) ) ;
#3913 = UNCERTAINTY_MEASURE_WITH_UNIT (LENGTH_MEASURE( 1.000000000000000082E-05 ), #3464, 'distance_accuracy_value', 'NONE');
#3914 = FILL_AREA_STYLE_COLOUR ( '', #4093 ) ;
#3915 = CARTESIAN_POINT ( 'NONE',  ( -0.08029270348163404514, -0.003405472909200175750, -1.149999999999999911 ) ) ;
#3916 =( NAMED_UNIT ( * ) PLANE_ANGLE_UNIT ( ) SI_UNIT ( $, .RADIAN. ) );
#3917 = SURFACE_STYLE_USAGE ( .BOTH. , #1027 ) ;
#3918 = ORIENTED_EDGE ( 'NONE', *, *, #4002, .F. ) ;
#3919 = CARTESIAN_POINT ( 'NONE',  ( -1.150000000000000133, -0.8999999999999998002, 2.088061301782110135 ) ) ;
#3920 = ORIENTED_EDGE ( 'NONE', *, *, #2111, .T. ) ;
#3921 = CARTESIAN_POINT ( 'NONE',  ( -1.250000000000000222, 0.8999999999999998002, -1.159999999999999920 ) ) ;
#3922 = CARTESIAN_POINT ( 'NONE',  ( -0.3339512400669996661, -0.1119417249417220539, -1.139999999999999902 ) ) ;
#3923 =( GEOMETRIC_REPRESENTATION_CONTEXT ( 3 ) GLOBAL_UNCERTAINTY_ASSIGNED_CONTEXT ( ( #99 ) ) GLOBAL_UNIT_ASSIGNED_CONTEXT ( ( #4115, #2471, #201 ) ) REPRESENTATION_CONTEXT ( 'NONE', 'WORKASPACE' ) );
#3924 = CARTESIAN_POINT ( 'NONE',  ( -0.2388581620952011930, 0.08233764000245000214, -1.139999999999999902 ) ) ;
#3925 = PLANE ( 'NONE',  #3962 ) ;
#3926 = CARTESIAN_POINT ( 'NONE',  ( 1.149999999999999689, -0.8999999999999998002, 0.05000000000000000278 ) ) ;
#3927 = ORIENTED_EDGE ( 'NONE', *, *, #3802, .F. ) ;
#3928 = EDGE_CURVE ( 'NONE', #739, #285, #658, .T. ) ;
#3929 = CARTESIAN_POINT ( 'NONE',  ( -0.2834166479036044350, -0.06518906807683144677, -1.139999999999999902 ) ) ;
#3930 = LINE ( 'NONE', #1, #1283 ) ;
#3931 = PLANE ( 'NONE',  #3205 ) ;
#3932 = LINE ( 'NONE', #336, #1500 ) ;
#3933 = ORIENTED_EDGE ( 'NONE', *, *, #355, .F. ) ;
#3934 = ADVANCED_FACE ( 'NONE', ( #331 ), #191, .T. ) ;
#3935 = CARTESIAN_POINT ( 'NONE',  ( -0.4015833538881395381, 0.03572087668429357182, -1.149999999999999911 ) ) ;
#3936 = SURFACE_STYLE_USAGE ( .BOTH. , #3647 ) ;
#3937 = FILL_AREA_STYLE ('',( #33 ) ) ;
#3938 = ORIENTED_EDGE ( 'NONE', *, *, #3345, .F. ) ;
#3939 = DIRECTION ( 'NONE',  ( -2.439454888092389710E-14, -1.000000000000000000, 0.0000000000000000000 ) ) ;
#3940 = DIRECTION ( 'NONE',  ( -5.421010862427522170E-17, -1.000000000000000000, 0.0000000000000000000 ) ) ;
#3941 = EDGE_CURVE ( 'NONE', #2071, #4032, #41, .T. ) ;
#3942 = VECTOR ( 'NONE', #1675, 1000.000000000000000 ) ;
#3943 = PLANE ( 'NONE',  #1439 ) ;
#3944 = CARTESIAN_POINT ( 'NONE',  ( 0.06458089405896495772, 0.05988078886778604865, -1.149999999999999911 ) ) ;
#3945 = MECHANICAL_DESIGN_GEOMETRIC_PRESENTATION_REPRESENTATION (  '', ( #2470 ), #3271 ) ;
#3946 = CARTESIAN_POINT ( 'NONE',  ( 0.1217471593517711476, 0.08807529281107569219, -1.149999999999999911 ) ) ;
#3947 = VECTOR ( 'NONE', #2004, 1000.000000000000000 ) ;
#3948 = PRESENTATION_LAYER_ASSIGNMENT (  '', '', ( #955 ) ) ;
#3949 = DIRECTION ( 'NONE',  ( -1.000000000000000000, 4.336808689942021187E-16, 0.0000000000000000000 ) ) ;
#3950 = CARTESIAN_POINT ( 'NONE',  ( 0.1628171653822782783, -0.1083834444531087127, -1.149999999999999911 ) ) ;
#3951 =( GEOMETRIC_REPRESENTATION_CONTEXT ( 3 ) GLOBAL_UNCERTAINTY_ASSIGNED_CONTEXT ( ( #3423 ) ) GLOBAL_UNIT_ASSIGNED_CONTEXT ( ( #2755, #842, #3801 ) ) REPRESENTATION_CONTEXT ( 'NONE', 'WORKASPACE' ) );
#3952 = FACE_OUTER_BOUND ( 'NONE', #3550, .T. ) ;
#3953 = ORIENTED_EDGE ( 'NONE', *, *, #732, .T. ) ;
#3954 = FACE_OUTER_BOUND ( 'NONE', #650, .T. ) ;
#3955 = STYLED_ITEM ( 'NONE', ( #1881 ), #1934 ) ;
#3956 = EDGE_LOOP ( 'NONE', ( #3436, #3336, #2284, #931 ) ) ;
#3957 = STYLED_ITEM ( 'NONE', ( #2676 ), #2922 ) ;
#3958 = PLANE ( 'NONE',  #3683 ) ;
#3959 =( LENGTH_UNIT ( ) NAMED_UNIT ( * ) SI_UNIT ( .MILLI., .METRE. ) );
#3960 = PRESENTATION_STYLE_ASSIGNMENT (( #3236 ) ) ;
#3961 = SURFACE_STYLE_FILL_AREA ( #1308 ) ;
#3962 = AXIS2_PLACEMENT_3D ( 'NONE', #314, #2290, #2005 ) ;
#3963 = MECHANICAL_DESIGN_GEOMETRIC_PRESENTATION_REPRESENTATION (  '', ( #569 ), #4102 ) ;
#3964 = ORIENTED_EDGE ( 'NONE', *, *, #3652, .F. ) ;
#3965 = EDGE_CURVE ( 'NONE', #752, #3860, #377, .T. ) ;
#3966 = UNCERTAINTY_MEASURE_WITH_UNIT (LENGTH_MEASURE( 1.000000000000000082E-05 ), #3637, 'distance_accuracy_value', 'NONE');
#3967 = CARTESIAN_POINT ( 'NONE',  ( -0.4116188629269204036, 0.007875514895675464477, -1.149999999999999911 ) ) ;
#3968 = CARTESIAN_POINT ( 'NONE',  ( -0.3530442278718785576, -0.05584416396611255329, -1.149999999999999911 ) ) ;
#3969 = FILL_AREA_STYLE ('',( #76 ) ) ;
#3970 = SURFACE_STYLE_USAGE ( .BOTH. , #139 ) ;
#3971 = VERTEX_POINT ( 'NONE', #2226 ) ;
#3972 = MECHANICAL_DESIGN_GEOMETRIC_PRESENTATION_REPRESENTATION (  '', ( #836 ), #4021 ) ;
#3973 = CARTESIAN_POINT ( 'NONE',  ( 0.3245853452988599064, 0.08805827505826874235, -1.149999999999999911 ) ) ;
#3974 = ORIENTED_EDGE ( 'NONE', *, *, #3041, .F. ) ;
#3975 = CARTESIAN_POINT ( 'NONE',  ( 0.07939285730881213976, 0.06727867692604282135, -1.139999999999999902 ) ) ;
#3976 = DIRECTION ( 'NONE',  ( 5.421010862427522170E-17, 1.000000000000000000, 0.0000000000000000000 ) ) ;
#3977 = CARTESIAN_POINT ( 'NONE',  ( 0.1285055022714588491, -0.1123795885439421716, -1.149999999999999911 ) ) ;
#3978 = CARTESIAN_POINT ( 'NONE',  ( -0.4559024595791947299, -0.1119417249417240801, -1.149999999999999911 ) ) ;
#3979 = ORIENTED_EDGE ( 'NONE', *, *, #864, .F. ) ;
#3980 = FILL_AREA_STYLE_COLOUR ( '', #3757 ) ;
#3981 = ORIENTED_EDGE ( 'NONE', *, *, #2381, .T. ) ;
#3982 = CARTESIAN_POINT ( 'NONE',  ( -0.1855137400670001380, 0.08805827505827965029, -1.139999999999999902 ) ) ;
#3983 = ORIENTED_EDGE ( 'NONE', *, *, #3237, .T. ) ;
#3984 = DIRECTION ( 'NONE',  ( 1.000000000000000000, 0.0000000000000000000, 0.0000000000000000000 ) ) ;
#3985 = LINE ( 'NONE', #2741, #1225 ) ;
#3986 = ORIENTED_EDGE ( 'NONE', *, *, #2883, .F. ) ;
#3987 = CARTESIAN_POINT ( 'NONE',  ( 0.1628171653822782783, -0.1083834444531087127, -1.139999999999999902 ) ) ;
#3988 = ADVANCED_FACE ( 'NONE', ( #3519 ), #214, .T. ) ;
#3989 = CARTESIAN_POINT ( 'NONE',  ( 0.01726827212812150070, -0.1119417249417212074, -1.149999999999999911 ) ) ;
#3990 = VECTOR ( 'NONE', #3093, 1000.000000000000000 ) ;
#3991 = VERTEX_POINT ( 'NONE', #2385 ) ;
#3992 =( LENGTH_UNIT ( ) NAMED_UNIT ( * ) SI_UNIT ( .MILLI., .METRE. ) );
#3993 = SURFACE_STYLE_FILL_AREA ( #1388 ) ;
#3994 = EDGE_CURVE ( 'NONE', #202, #2394, #2048, .T. ) ;
#3995 = CARTESIAN_POINT ( 'NONE',  ( -0.09004880104260995499, -0.1082831883563545733, -1.149999999999999911 ) ) ;
#3996 = CARTESIAN_POINT ( 'NONE',  ( -0.08517075226212106331, 0.06610705554608434231, -1.149999999999999911 ) ) ;
#3997 =( LENGTH_UNIT ( ) NAMED_UNIT ( * ) SI_UNIT ( .MILLI., .METRE. ) );
#3998 = ORIENTED_EDGE ( 'NONE', *, *, #2980, .F. ) ;
#3999 = SURFACE_STYLE_USAGE ( .BOTH. , #2154 ) ;
#4000 = ORIENTED_EDGE ( 'NONE', *, *, #582, .T. ) ;
#4001 = SURFACE_STYLE_FILL_AREA ( #450 ) ;
#4002 = EDGE_CURVE ( 'NONE', #1280, #3044, #1749, .T. ) ;
#4003 = DIRECTION ( 'NONE',  ( 8.592120303831492310E-15, -1.000000000000000000, 0.0000000000000000000 ) ) ;
#4004 = COLOUR_RGB ( '',1.000000000000000000, 1.000000000000000000, 1.000000000000000000 ) ;
#4005 = FILL_AREA_STYLE_COLOUR ( '', #2092 ) ;
#4006 =( NAMED_UNIT ( * ) PLANE_ANGLE_UNIT ( ) SI_UNIT ( $, .RADIAN. ) );
#4007 = FILL_AREA_STYLE ('',( #2419 ) ) ;
#4008 =( NAMED_UNIT ( * ) PLANE_ANGLE_UNIT ( ) SI_UNIT ( $, .RADIAN. ) );
#4009 = ORIENTED_EDGE ( 'NONE', *, *, #548, .T. ) ;
#4010 = UNCERTAINTY_MEASURE_WITH_UNIT (LENGTH_MEASURE( 1.000000000000000082E-05 ), #1799, 'distance_accuracy_value', 'NONE');
#4011 = DIRECTION ( 'NONE',  ( -1.000000000000000000, -4.336808689942040416E-16, 0.0000000000000000000 ) ) ;
#4012 = FACE_OUTER_BOUND ( 'NONE', #1106, .T. ) ;
#4013 = VERTEX_POINT ( 'NONE', #2411 ) ;
#4014 =( NAMED_UNIT ( * ) PLANE_ANGLE_UNIT ( ) SI_UNIT ( $, .RADIAN. ) );
#4015 = ADVANCED_FACE ( 'NONE', ( #2664 ), #4124, .T. ) ;
#4016 = VERTEX_POINT ( 'NONE', #4067 ) ;
#4017 = CARTESIAN_POINT ( 'NONE',  ( -0.2047481691175371266, 0.06362552674832809563, -1.149999999999999911 ) ) ;
#4018 = DIRECTION ( 'NONE',  ( -0.0000000000000000000, 1.000000000000000000, -0.0000000000000000000 ) ) ;
#4019 = ORIENTED_EDGE ( 'NONE', *, *, #3593, .T. ) ;
#4020 = ADVANCED_FACE ( 'NONE', ( #1836 ), #3786, .T. ) ;
#4021 =( GEOMETRIC_REPRESENTATION_CONTEXT ( 3 ) GLOBAL_UNCERTAINTY_ASSIGNED_CONTEXT ( ( #1227 ) ) GLOBAL_UNIT_ASSIGNED_CONTEXT ( ( #1754, #3019, #761 ) ) REPRESENTATION_CONTEXT ( 'NONE', 'WORKASPACE' ) );
#4022 = COLOUR_RGB ( '',1.000000000000000000, 1.000000000000000000, 1.000000000000000000 ) ;
#4023 = ORIENTED_EDGE ( 'NONE', *, *, #634, .T. ) ;
#4024 = DIRECTION ( 'NONE',  ( 0.0000000000000000000, 1.000000000000000000, 0.0000000000000000000 ) ) ;
#4025 =( GEOMETRIC_REPRESENTATION_CONTEXT ( 3 ) GLOBAL_UNCERTAINTY_ASSIGNED_CONTEXT ( ( #136 ) ) GLOBAL_UNIT_ASSIGNED_CONTEXT ( ( #2560, #1923, #1574 ) ) REPRESENTATION_CONTEXT ( 'NONE', 'WORKASPACE' ) );
#4026 = STYLED_ITEM ( 'NONE', ( #3393 ), #1245 ) ;
#4027 = DIRECTION ( 'NONE',  ( 1.000000000000000000, -7.888296833072563319E-15, 0.0000000000000000000 ) ) ;
#4028 = DIRECTION ( 'NONE',  ( -4.228388472693465399E-14, -1.000000000000000000, 0.0000000000000000000 ) ) ;
#4029 = MECHANICAL_DESIGN_GEOMETRIC_PRESENTATION_REPRESENTATION (  '', ( #3537 ), #551 ) ;
#4030 =( GEOMETRIC_REPRESENTATION_CONTEXT ( 3 ) GLOBAL_UNCERTAINTY_ASSIGNED_CONTEXT ( ( #4180 ) ) GLOBAL_UNIT_ASSIGNED_CONTEXT ( ( #3685, #4008, #1734 ) ) REPRESENTATION_CONTEXT ( 'NONE', 'WORKASPACE' ) );
#4031 = STYLED_ITEM ( 'NONE', ( #1633 ), #2880 ) ;
#4032 = VERTEX_POINT ( 'NONE', #3140 ) ;
#4033 = FACE_OUTER_BOUND ( 'NONE', #1568, .T. ) ;
#4034 = CARTESIAN_POINT ( 'NONE',  ( -0.3235853864084639042, -0.06194172494172200255, -1.149999999999999911 ) ) ;
#4035 = CARTESIAN_POINT ( 'NONE',  ( -0.1842942278718780746, -0.08999050542952545528, -1.149999999999999911 ) ) ;
#4036 =( NAMED_UNIT ( * ) SI_UNIT ( $, .STERADIAN. ) SOLID_ANGLE_UNIT ( ) );
#4037 = PLANE ( 'NONE',  #3078 ) ;
#4038 = EDGE_LOOP ( 'NONE', ( #1292, #3953, #3707, #427 ) ) ;
#4039 = VECTOR ( 'NONE', #2127, 1000.000000000000000 ) ;
#4040 = CARTESIAN_POINT ( 'NONE',  ( -0.1842942278718780746, -0.08999050542952545528, -1.149999999999999911 ) ) ;
#4041 = SURFACE_STYLE_USAGE ( .BOTH. , #1148 ) ;
#4042 = VECTOR ( 'NONE', #3548, 1000.000000000000000 ) ;
#4043 = ORIENTED_EDGE ( 'NONE', *, *, #4082, .T. ) ;
#4044 =( NAMED_UNIT ( * ) PLANE_ANGLE_UNIT ( ) SI_UNIT ( $, .RADIAN. ) );
#4045 = LINE ( 'NONE', #447, #3830 ) ;
#4046 = DIRECTION ( 'NONE',  ( 1.000000000000000000, 0.0000000000000000000, -0.0000000000000000000 ) ) ;
#4047 = CARTESIAN_POINT ( 'NONE',  ( 0.05629266237202405765, -0.1015758712831852095, -1.149999999999999911 ) ) ;
#4048 = EDGE_LOOP ( 'NONE', ( #448, #2446, #1537, #3444, #2516, #1271, #4116, #2720 ) ) ;
#4049 = CARTESIAN_POINT ( 'NONE',  ( 1.149999999999999911, 0.9000000000000002442, 0.05000000000000000278 ) ) ;
#4050 = CARTESIAN_POINT ( 'NONE',  ( -0.6500000000000003553, -0.9999999999999995559, 0.0000000000000000000 ) ) ;
#4051 = CARTESIAN_POINT ( 'NONE',  ( 0.2221463209086096957, -0.08999050542953167253, -1.149999999999999911 ) ) ;
#4052 = EDGE_CURVE ( 'NONE', #485, #4013, #1509, .T. ) ;
#4053 = VERTEX_POINT ( 'NONE', #1270 ) ;
#4054 = FILL_AREA_STYLE ('',( #4005 ) ) ;
#4055 =( LENGTH_UNIT ( ) NAMED_UNIT ( * ) SI_UNIT ( .MILLI., .METRE. ) );
#4056 = VERTEX_POINT ( 'NONE', #2826 ) ;
#4057 = SURFACE_SIDE_STYLE ('',( #1854 ) ) ;
#4058 = UNCERTAINTY_MEASURE_WITH_UNIT (LENGTH_MEASURE( 1.000000000000000082E-05 ), #2592, 'distance_accuracy_value', 'NONE');
#4059 = SURFACE_STYLE_FILL_AREA ( #1071 ) ;
#4060 = CARTESIAN_POINT ( 'NONE',  ( -0.2632195327499274873, -0.009998127380745474094, -1.139999999999999902 ) ) ;
#4061 = PRESENTATION_LAYER_ASSIGNMENT (  '', '', ( #188 ) ) ;
#4062 = ADVANCED_FACE ( 'NONE', ( #4118 ), #1193, .T. ) ;
#4063 = UNCERTAINTY_MEASURE_WITH_UNIT (LENGTH_MEASURE( 1.000000000000000082E-05 ), #2857, 'distance_accuracy_value', 'NONE');
#4064 = ORIENTED_EDGE ( 'NONE', *, *, #2277, .T. ) ;
#4065 = SURFACE_STYLE_USAGE ( .BOTH. , #2917 ) ;
#4066 = CIRCLE ( 'NONE', #1188, 0.1000000000000000472 ) ;
#4067 = CARTESIAN_POINT ( 'NONE',  ( -0.1842942278718780746, -0.08999050542952545528, -1.139999999999999902 ) ) ;
#4068 = ORIENTED_EDGE ( 'NONE', *, *, #1533, .T. ) ;
#4069 = DIRECTION ( 'NONE',  ( 0.0000000000000000000, 0.0000000000000000000, -1.000000000000000000 ) ) ;
#4070 = FILL_AREA_STYLE ('',( #3738 ) ) ;
#4071 = CARTESIAN_POINT ( 'NONE',  ( -0.08029270348163408677, 0.0002533970094990094755, -1.139999999999999902 ) ) ;
#4072 = ADVANCED_FACE ( 'NONE', ( #1819 ), #3311, .T. ) ;
#4073 = PLANE ( 'NONE',  #1020 ) ;
#4074 = LINE ( 'NONE', #811, #1602 ) ;
#4075 = PRESENTATION_LAYER_ASSIGNMENT (  '', '', ( #1758 ) ) ;
#4076 =( LENGTH_UNIT ( ) NAMED_UNIT ( * ) SI_UNIT ( .MILLI., .METRE. ) );
#4077 = EDGE_CURVE ( 'NONE', #3405, #3347, #1906, .T. ) ;
#4078 = EDGE_LOOP ( 'NONE', ( #502, #3907, #1673, #3316, #2748, #3412, #2425, #2536, #3644, #3427, #4023, #467 ) ) ;
#4079 = CARTESIAN_POINT ( 'NONE',  ( 0.2221463209086093626, -0.08999050542953167253, -1.139999999999999902 ) ) ;
#4080 = CARTESIAN_POINT ( 'NONE',  ( -0.2547912666337378562, -0.07480057236189924241, -1.139999999999999902 ) ) ;
#4081 = PLANE ( 'NONE',  #625 ) ;
#4082 = EDGE_CURVE ( 'NONE', #1960, #1082, #3832, .T. ) ;
#4083 = CARTESIAN_POINT ( 'NONE',  ( -1.150000000000000133, -0.9999999999999997780, 0.05000000000000000278 ) ) ;
#4084 = DIRECTION ( 'NONE',  ( -1.000000000000000000, -0.0000000000000000000, -0.0000000000000000000 ) ) ;
#4085 = VERTEX_POINT ( 'NONE', #368 ) ;
#4086 = CARTESIAN_POINT ( 'NONE',  ( -0.03395140673366477818, 0.08805827505827892865, -1.149999999999999911 ) ) ;
#4087 =( GEOMETRIC_REPRESENTATION_CONTEXT ( 3 ) GLOBAL_UNCERTAINTY_ASSIGNED_CONTEXT ( ( #816 ) ) GLOBAL_UNIT_ASSIGNED_CONTEXT ( ( #1896, #963, #1251 ) ) REPRESENTATION_CONTEXT ( 'NONE', 'WORKASPACE' ) );
#4088 = PRESENTATION_STYLE_ASSIGNMENT (( #1745 ) ) ;
#4089 = ORIENTED_EDGE ( 'NONE', *, *, #186, .F. ) ;
#4090 = LINE ( 'NONE', #162, #269 ) ;
#4091 = DIRECTION ( 'NONE',  ( 0.0000000000000000000, -0.0000000000000000000, -1.000000000000000000 ) ) ;
#4092 = CARTESIAN_POINT ( 'NONE',  ( 0.06339669149454832398, -0.08309566638724734389, -1.149999999999999911 ) ) ;
#4093 = COLOUR_RGB ( '',1.000000000000000000, 1.000000000000000000, 1.000000000000000000 ) ;
#4094 = CARTESIAN_POINT ( 'NONE',  ( -0.09004880104261010765, -0.08999050542952531651, -1.149999999999999911 ) ) ;
#4095 = COLOUR_RGB ( '',1.000000000000000000, 1.000000000000000000, 1.000000000000000000 ) ;
#4096 = CARTESIAN_POINT ( 'NONE',  ( -0.4356661790913907151, -0.05584416396611383698, -1.149999999999999911 ) ) ;
#4097 =( GEOMETRIC_REPRESENTATION_CONTEXT ( 3 ) GLOBAL_UNCERTAINTY_ASSIGNED_CONTEXT ( ( #3379 ) ) GLOBAL_UNIT_ASSIGNED_CONTEXT ( ( #1916, #2556, #237 ) ) REPRESENTATION_CONTEXT ( 'NONE', 'WORKASPACE' ) );
#4098 = UNCERTAINTY_MEASURE_WITH_UNIT (LENGTH_MEASURE( 1.000000000000000082E-05 ), #3432, 'distance_accuracy_value', 'NONE');
#4099 = CARTESIAN_POINT ( 'NONE',  ( -0.6500000000000003553, -0.9999999999999995559, 2.088061301782110135 ) ) ;
#4100 = STYLED_ITEM ( 'NONE', ( #1184 ), #3290 ) ;
#4101 = ORIENTED_EDGE ( 'NONE', *, *, #2308, .T. ) ;
#4102 =( GEOMETRIC_REPRESENTATION_CONTEXT ( 3 ) GLOBAL_UNCERTAINTY_ASSIGNED_CONTEXT ( ( #3758 ) ) GLOBAL_UNIT_ASSIGNED_CONTEXT ( ( #2011, #1635, #2253 ) ) REPRESENTATION_CONTEXT ( 'NONE', 'WORKASPACE' ) );
#4103 = FILL_AREA_STYLE_COLOUR ( '', #1773 ) ;
#4104 = DIRECTION ( 'NONE',  ( 1.000000000000000000, 0.0000000000000000000, 0.0000000000000000000 ) ) ;
#4105 = EDGE_LOOP ( 'NONE', ( #590, #424, #2273, #3797 ) ) ;
#4106 = CARTESIAN_POINT ( 'NONE',  ( 0.2977560770061705719, -0.08999050542953497545, -1.149999999999999911 ) ) ;
#4107 = CARTESIAN_POINT ( 'NONE',  ( -0.1290731912865115960, 0.08805827505827963642, -1.149999999999999911 ) ) ;
#4108 = LINE ( 'NONE', #1651, #1852 ) ;
#4109 = VERTEX_POINT ( 'NONE', #1659 ) ;
#4110 = CARTESIAN_POINT ( 'NONE',  ( -0.4457843193352927225, -0.08389294445391895505, -1.139999999999999902 ) ) ;
#4111 = FACE_OUTER_BOUND ( 'NONE', #3301, .T. ) ;
#4112 = CARTESIAN_POINT ( 'NONE',  ( -0.3965655693352941880, 0.04964364091193595313, -1.139999999999999902 ) ) ;
#4113 = VERTEX_POINT ( 'NONE', #983 ) ;
#4114 = CARTESIAN_POINT ( 'NONE',  ( -0.3530442278718785576, -0.05584416396611255329, -1.149999999999999911 ) ) ;
#4115 =( LENGTH_UNIT ( ) NAMED_UNIT ( * ) SI_UNIT ( .MILLI., .METRE. ) );
#4116 = ORIENTED_EDGE ( 'NONE', *, *, #798, .T. ) ;
#4117 = EDGE_CURVE ( 'NONE', #2369, #3721, #1618, .T. ) ;
#4118 = FACE_OUTER_BOUND ( 'NONE', #1397, .T. ) ;
#4119 = DIRECTION ( 'NONE',  ( -1.000000000000000000, 0.0000000000000000000, 0.0000000000000000000 ) ) ;
#4120 = DIRECTION ( 'NONE',  ( 0.0000000000000000000, -0.0000000000000000000, -1.000000000000000000 ) ) ;
#4121 = LINE ( 'NONE', #4050, #279 ) ;
#4122 = EDGE_CURVE ( 'NONE', #3991, #4085, #1803, .T. ) ;
#4123 = ORIENTED_EDGE ( 'NONE', *, *, #4179, .F. ) ;
#4124 = B_SPLINE_SURFACE_WITH_KNOTS ( 'NONE', 3, 1, ( 
 ( #2115, #747 ),
 ( #3977, #484 ),
 ( #3950, #3389 ),
 ( #466, #1043 ),
 ( #859, #960 ),
 ( #540, #2808 ) ),
 .UNSPECIFIED., .F., .F., .F.,
 ( 4, 1, 1, 4 ),
 ( 2, 2 ),
 ( 0.0000000000000000000, 0.3333721544671740533, 0.6657152054420507614, 1.000000000000000000 ),
 ( 0.0000000000000000000, 1.000000000000000000 ),
 .UNSPECIFIED. ) ;
#4125 = SURFACE_STYLE_FILL_AREA ( #3460 ) ;
#4126 = DIRECTION ( 'NONE',  ( 0.0000000000000000000, -0.0000000000000000000, -1.000000000000000000 ) ) ;
#4127 = DIRECTION ( 'NONE',  ( -1.301042606982604690E-14, -1.000000000000000000, 0.0000000000000000000 ) ) ;
#4128 = VERTEX_POINT ( 'NONE', #715 ) ;
#4129 = EDGE_CURVE ( 'NONE', #760, #3224, #3014, .T. ) ;
#4130 =( LENGTH_UNIT ( ) NAMED_UNIT ( * ) SI_UNIT ( .MILLI., .METRE. ) );
#4131 = CARTESIAN_POINT ( 'NONE',  ( -0.1290731912865122344, -0.1119417249417204163, -1.149999999999999911 ) ) ;
#4132 = FILL_AREA_STYLE ('',( #272 ) ) ;
#4133 =( GEOMETRIC_REPRESENTATION_CONTEXT ( 3 ) GLOBAL_UNCERTAINTY_ASSIGNED_CONTEXT ( ( #2397 ) ) GLOBAL_UNIT_ASSIGNED_CONTEXT ( ( #1269, #939, #2561 ) ) REPRESENTATION_CONTEXT ( 'NONE', 'WORKASPACE' ) );
#4134 = CARTESIAN_POINT ( 'NONE',  ( -0.3498619497866450878, -0.06519409079538085461, -1.149999999999999911 ) ) ;
#4135 = ORIENTED_EDGE ( 'NONE', *, *, #685, .F. ) ;
#4136 = PRESENTATION_STYLE_ASSIGNMENT (( #1865 ) ) ;
#4137 = CARTESIAN_POINT ( 'NONE',  ( -0.4786666872214714319, -0.09527505827505780567, -1.139999999999999902 ) ) ;
#4138 = FACE_OUTER_BOUND ( 'NONE', #3390, .T. ) ;
#4139 = LINE ( 'NONE', #1215, #2964 ) ;
#4140 = EDGE_CURVE ( 'NONE', #779, #2433, #3899, .T. ) ;
#4141 = CARTESIAN_POINT ( 'NONE',  ( -0.3597896547011470991, -0.03389294445391795307, -1.139999999999999902 ) ) ;
#4142 = LINE ( 'NONE', #867, #4164 ) ;
#4143 = CARTESIAN_POINT ( 'NONE',  ( -0.2389049817939113418, -0.1060344995283538372, -1.139999999999999902 ) ) ;
#4144 = ORIENTED_EDGE ( 'NONE', *, *, #719, .T. ) ;
#4145 = MECHANICAL_DESIGN_GEOMETRIC_PRESENTATION_REPRESENTATION (  '', ( #1698 ), #3812 ) ;
#4146 = FACE_OUTER_BOUND ( 'NONE', #579, .T. ) ;
#4147 = DIRECTION ( 'NONE',  ( 0.0000000000000000000, 0.0000000000000000000, -1.000000000000000000 ) ) ;
#4148 = PRESENTATION_STYLE_ASSIGNMENT (( #1945 ) ) ;
#4149 = AXIS2_PLACEMENT_3D ( 'NONE', #4107, #3804, #4127 ) ;
#4150 = ORIENTED_EDGE ( 'NONE', *, *, #3941, .F. ) ;
#4151 = ADVANCED_FACE ( 'NONE', ( #2986 ), #3256, .T. ) ;
#4152 = COLOUR_RGB ( '',0.2509803921568627416, 0.2509803921568627416, 0.2509803921568627416 ) ;
#4153 = COLOUR_RGB ( '',1.000000000000000000, 1.000000000000000000, 1.000000000000000000 ) ;
#4154 = PRESENTATION_STYLE_ASSIGNMENT (( #584 ) ) ;
#4155 = SURFACE_SIDE_STYLE ('',( #3558 ) ) ;
#4156 = MECHANICAL_DESIGN_GEOMETRIC_PRESENTATION_REPRESENTATION (  '', ( #3609 ), #693 ) ;
#4157 = ORIENTED_EDGE ( 'NONE', *, *, #858, .F. ) ;
#4158 = B_SPLINE_SURFACE_WITH_KNOTS ( 'NONE', 3, 1, ( 
 ( #2124, #3108 ),
 ( #1476, #2795 ),
 ( #1579, #1971 ),
 ( #603, #11 ),
 ( #1599, #923 ) ),
 .UNSPECIFIED., .F., .F., .F.,
 ( 4, 1, 4 ),
 ( 2, 2 ),
 ( 0.0000000000000000000, 0.4399284984857189662, 1.000000000000000000 ),
 ( 0.0000000000000000000, 1.000000000000000000 ),
 .UNSPECIFIED. ) ;
#4159 = PRESENTATION_LAYER_ASSIGNMENT (  '', '', ( #3955 ) ) ;
#4160 =( GEOMETRIC_REPRESENTATION_CONTEXT ( 3 ) GLOBAL_UNCERTAINTY_ASSIGNED_CONTEXT ( ( #1070 ) ) GLOBAL_UNIT_ASSIGNED_CONTEXT ( ( #2651, #1377, #3643 ) ) REPRESENTATION_CONTEXT ( 'NONE', 'WORKASPACE' ) );
#4161 = MECHANICAL_DESIGN_GEOMETRIC_PRESENTATION_REPRESENTATION (  '', ( #3615 ), #1037 ) ;
#4162 = DIRECTION ( 'NONE',  ( 0.0000000000000000000, -0.0000000000000000000, -1.000000000000000000 ) ) ;
#4163 = MECHANICAL_DESIGN_GEOMETRIC_PRESENTATION_REPRESENTATION (  '', ( #2945 ), #2747 ) ;
#4164 = VECTOR ( 'NONE', #232, 1000.000000000000000 ) ;
#4165 = ORIENTED_EDGE ( 'NONE', *, *, #699, .T. ) ;
#4166 = DIRECTION ( 'NONE',  ( 0.0000000000000000000, 0.0000000000000000000, -1.000000000000000000 ) ) ;
#4167 = LINE ( 'NONE', #3501, #3202 ) ;
#4168 = VECTOR ( 'NONE', #558, 1000.000000000000000 ) ;
#4169 = SURFACE_STYLE_FILL_AREA ( #883 ) ;
#4170 = SURFACE_STYLE_USAGE ( .BOTH. , #1535 ) ;
#4171 = LINE ( 'NONE', #2832, #3426 ) ;
#4172 = DIRECTION ( 'NONE',  ( 1.000000000000000000, 0.0000000000000000000, 0.0000000000000000000 ) ) ;
#4173 = ORIENTED_EDGE ( 'NONE', *, *, #1897, .F. ) ;
#4174 =( NAMED_UNIT ( * ) SI_UNIT ( $, .STERADIAN. ) SOLID_ANGLE_UNIT ( ) );
#4175 = CARTESIAN_POINT ( 'NONE',  ( -0.4266722766523666222, -0.03389294445391846655, -1.139999999999999902 ) ) ;
#4176 = DIRECTION ( 'NONE',  ( 0.0000000000000000000, -0.0000000000000000000, -1.000000000000000000 ) ) ;
#4177 = ORIENTED_EDGE ( 'NONE', *, *, #3878, .T. ) ;
#4178 = DIRECTION ( 'NONE',  ( 0.0000000000000000000, -0.0000000000000000000, -1.000000000000000000 ) ) ;
#4179 = EDGE_CURVE ( 'NONE', #1078, #2013, #3727, .T. ) ;
#4180 = UNCERTAINTY_MEASURE_WITH_UNIT (LENGTH_MEASURE( 1.000000000000000082E-05 ), #3685, 'distance_accuracy_value', 'NONE');
#4181 = COLOUR_RGB ( '',1.000000000000000000, 1.000000000000000000, 1.000000000000000000 ) ;
#4182 = LINE ( 'NONE', #3172, #3879 ) ;
#4183 =( NAMED_UNIT ( * ) PLANE_ANGLE_UNIT ( ) SI_UNIT ( $, .RADIAN. ) );
#4184 = ORIENTED_EDGE ( 'NONE', *, *, #1354, .F. ) ;
#4185 = ORIENTED_EDGE ( 'NONE', *, *, #2308, .F. ) ;
#4186 = CARTESIAN_POINT ( 'NONE',  ( -0.4071219717743187472, 0.08805827505827738821, -1.149999999999999911 ) ) ;
#4187 =( NAMED_UNIT ( * ) SI_UNIT ( $, .STERADIAN. ) SOLID_ANGLE_UNIT ( ) );
#4188 = LINE ( 'NONE', #863, #244 ) ;
#4189 = CARTESIAN_POINT ( 'NONE',  ( -0.08517075226212079964, 0.08805827505827945600, -1.149999999999999911 ) ) ;
#4190 =( NAMED_UNIT ( * ) SI_UNIT ( $, .STERADIAN. ) SOLID_ANGLE_UNIT ( ) );
#4191 = ORIENTED_EDGE ( 'NONE', *, *, #1058, .F. ) ;
#4192 = FILL_AREA_STYLE_COLOUR ( '', #1904 ) ;
#4193 = COLOUR_RGB ( '',1.000000000000000000, 1.000000000000000000, 1.000000000000000000 ) ;
#4194 = CARTESIAN_POINT ( 'NONE',  ( 0.08372729206608571506, -0.1136113611667833867, -1.149999999999999911 ) ) ;
#4195 = LINE ( 'NONE', #2944, #888 ) ;
#4196 = FACE_OUTER_BOUND ( 'NONE', #2416, .T. ) ;
#4197 = EDGE_CURVE ( 'NONE', #2013, #3135, #2859, .T. ) ;
#4198 = ORIENTED_EDGE ( 'NONE', *, *, #1863, .T. ) ;
#4199 = CARTESIAN_POINT ( 'NONE',  ( -0.02216262218081941834, 0.06610705554608367618, -1.149999999999999911 ) ) ;
#4200 = CARTESIAN_POINT ( 'NONE',  ( 0.05629266237202701362, 0.0000000000000000000, -1.139999999999999902 ) ) ;
#4201 = EDGE_CURVE ( 'NONE', #3097, #1510, #3399, .T. ) ;
#4202 = DIRECTION ( 'NONE',  ( -0.3222024856061283526, 0.9466707760722481435, 0.0000000000000000000 ) ) ;
#4203 = ORIENTED_EDGE ( 'NONE', *, *, #2622, .T. ) ;
#4204 = ORIENTED_EDGE ( 'NONE', *, *, #3688, .T. ) ;
#4205 =( NAMED_UNIT ( * ) PLANE_ANGLE_UNIT ( ) SI_UNIT ( $, .RADIAN. ) );
#4206 = SURFACE_STYLE_USAGE ( .BOTH. , #2266 ) ;
#4207 = CARTESIAN_POINT ( 'NONE',  ( 0.1584983995647102351, 0.08323479041988043892, -1.149999999999999911 ) ) ;
#4208 = CARTESIAN_POINT ( 'NONE',  ( 0.1584983995647102351, 0.08323479041988043892, -1.139999999999999902 ) ) ;
#4209 =( LENGTH_UNIT ( ) NAMED_UNIT ( * ) SI_UNIT ( .MILLI., .METRE. ) );
#4210 = ORIENTED_EDGE ( 'NONE', *, *, #3854, .T. ) ;
#4211 = CARTESIAN_POINT ( 'NONE',  ( -0.3934432639038140112, 0.06159903416165953688, -1.149999999999999911 ) ) ;
#4212 =( NAMED_UNIT ( * ) PLANE_ANGLE_UNIT ( ) SI_UNIT ( $, .RADIAN. ) );
ENDSEC;
END-ISO-10303-21;
