#VRML V2.0 utf8
# 3D model generated by easyeda2kicad.py (https://github.com/uPesy/easyeda2kicad.py)

Shape{
    appearance Appearance {
        material  Material 	{
            diffuseColor 0.9686274509803922 0.8784313725490196 0.6
            specularColor 0.6784313725490196 0.615686274509804 0.4196078431372549
            ambientIntensity 0.2
            transparency 0
            shininess 0.5
        }
    }
    geometry IndexedFaceSet {
        ccw TRUE
        solid FALSE
        coord DEF co Coordinate {
            point [
                0.9547 0.6876 -1.378, 0.9785 0.6974 -1.378, 1.0039 0.6024 -1.378, 1.0039 0.7008 -1.378, 1.0294 0.6974 -1.378, 0.9089 0.6278 -1.378, 0.9187 0.6516 -1.378, 0.9343 0.672 -1.378, 0.9187 0.5531 -1.378, 0.9089 0.5769 -1.378, 0.9055 0.6024 -1.378, 0.9785 0.5073 -1.378, 0.9547 0.5171 -1.378, 0.9343 0.5328 -1.378, 1.0531 0.5171 -1.378, 1.0294 0.5073 -1.378, 1.0039 0.5039 -1.378, 1.099 0.5769 -1.378, 1.0892 0.5531 -1.378, 1.0735 0.5328 -1.378, 1.0892 0.6516 -1.378, 1.099 0.6278 -1.378, 1.1024 0.6024 -1.378, 1.0531 0.6876 -1.378, 1.0735 0.672 -1.378, 1.0531 1.1844 2.4155, 1.0294 1.1893 2.407, 1.0039 1.1417 2.4893, 1.0039 1.1909 2.4041, 0.9785 1.1893 2.407, 1.099 1.1545 2.4673, 1.0892 1.1663 2.4467, 1.0735 1.1765 2.4291, 1.0892 1.1171 2.532, 1.099 1.129 2.5114, 1.1024 1.1417 2.4893, 1.0294 1.0942 2.5717, 1.0531 1.0991 2.5632, 1.0735 1.1069 2.5496, 0.9547 1.0991 2.5632, 0.9785 1.0942 2.5717, 1.0039 1.0925 2.5746, 0.9089 1.129 2.5114, 0.9187 1.1171 2.532, 0.9343 1.1069 2.5496, 0.9187 1.1663 2.4467, 0.9089 1.1545 2.4673, 0.9055 1.1417 2.4893, 0.9547 1.1844 2.4155, 0.9343 1.1765 2.4291, 1.0039 0.5039 0.2362, 1.0294 0.5073 0.2362, 1.0531 0.5171 0.2362, 1.0735 0.5328 0.2362, 1.0892 0.5531 0.2362, 1.099 0.5769 0.2362, 1.1024 0.6024 0.2362, 1.099 0.6278 0.2362, 1.0892 0.6516 0.2362, 1.0735 0.672 0.2362, 1.0531 0.6876 0.2362, 1.0294 0.6974 0.2362, 1.0039 0.7008 0.2362, 0.9785 0.6974 0.2362, 0.9547 0.6876 0.2362, 0.9343 0.672 0.2362, 0.9187 0.6516 0.2362, 0.9089 0.6278 0.2362, 0.9055 0.6024 0.2362, 0.9089 0.5769 0.2362, 0.9187 0.5531 0.2362, 0.9343 0.5328 0.2362, 0.9547 0.5171 0.2362, 0.9785 0.5073 0.2362, 1.0039 0.4646 0.2756, 1.0039 0.4733 0.2746, 1.0294 0.4646 0.2789, 1.0294 0.4741 0.2779, 1.0531 0.4646 0.2888, 1.0531 0.4763 0.2875, 1.0735 0.4646 0.3044, 1.0735 0.4797 0.3027, 1.0892 0.4646 0.3248, 1.0892 0.4843 0.3226, 1.099 0.4646 0.3485, 1.099 0.4896 0.3457, 1.1024 0.4646 0.374, 1.1024 0.4952 0.3706, 1.099 0.4646 0.3995, 1.099 0.5009 0.3954, 1.0892 0.4646 0.4232, 1.0892 0.5062 0.4185, 1.0735 0.4646 0.4436, 1.0735 0.5107 0.4384, 1.0531 0.4646 0.4593, 1.0531 0.5142 0.4537, 1.0294 0.4646 0.4691, 1.0294 0.5164 0.4632, 1.0039 0.4646 0.4724, 1.0039 0.5171 0.4665, 0.9785 0.4646 0.4691, 0.9785 0.5164 0.4632, 0.9547 0.4646 0.4593, 0.9547 0.5142 0.4537, 0.9343 0.4646 0.4436, 0.9343 0.5107 0.4384, 0.9187 0.4646 0.4232, 0.9187 0.5062 0.4185, 0.9089 0.4646 0.3995, 0.9089 0.5009 0.3954, 0.9055 0.4646 0.374, 0.9055 0.4952 0.3706, 0.9089 0.4646 0.3485, 0.9089 0.4896 0.3457, 0.9187 0.4646 0.3248, 0.9187 0.4843 0.3226, 0.9343 0.4646 0.3044, 0.9343 0.4797 0.3027, 0.9547 0.4646 0.2888, 0.9547 0.4763 0.2875, 0.9785 0.4646 0.2789, 0.9785 0.4741 0.2779, 1.0039 0.4816 0.2717, 1.0294 0.4831 0.2747, 1.0531 0.4874 0.2836, 1.0735 0.4942 0.2977, 1.0892 0.503 0.316, 1.099 0.5133 0.3374, 1.1024 0.5244 0.3604, 1.099 0.5354 0.3833, 1.0892 0.5457 0.4047, 1.0735 0.5546 0.4231, 1.0531 0.5613 0.4372, 1.0294 0.5656 0.446, 1.0039 0.5671 0.449, 0.9785 0.5656 0.446, 0.9547 0.5613 0.4372, 0.9343 0.5546 0.4231, 0.9187 0.5457 0.4047, 0.9089 0.5354 0.3833, 0.9055 0.5244 0.3604, 0.9089 0.5133 0.3374, 0.9187 0.503 0.316, 0.9343 0.4942 0.2977, 0.9547 0.4874 0.2836, 0.9785 0.4831 0.2747, 1.0039 0.4891 0.267, 1.0294 0.4912 0.2696, 1.0531 0.4973 0.2773, 1.0735 0.5071 0.2895, 1.0892 0.5198 0.3055, 1.099 0.5346 0.324, 1.1024 0.5505 0.344, 1.099 0.5664 0.3639, 1.0892 0.5812 0.3824, 1.0735 0.5939 0.3984, 1.0531 0.6036 0.4106, 1.0294 0.6098 0.4183, 1.0039 0.6118 0.4209, 0.9785 0.6098 0.4183, 0.9547 0.6036 0.4106, 0.9343 0.5939 0.3984, 0.9187 0.5812 0.3824, 0.9089 0.5664 0.3639, 0.9055 0.5505 0.344, 0.9089 0.5346 0.324, 0.9187 0.5198 0.3055, 0.9343 0.5071 0.2895, 0.9547 0.4973 0.2773, 0.9785 0.4912 0.2696, 1.0039 0.4953 0.2608, 1.0294 0.498 0.2629, 1.0531 0.5057 0.269, 1.0735 0.5179 0.2787, 1.0892 0.5338 0.2915, 1.099 0.5524 0.3063, 1.1024 0.5723 0.3221, 1.099 0.5922 0.338, 1.0892 0.6108 0.3528, 1.0735 0.6267 0.3655, 1.0531 0.6389 0.3753, 1.0294 0.6466 0.3814, 1.0039 0.6493 0.3835, 0.9785 0.6466 0.3814, 0.9547 0.6389 0.3753, 0.9343 0.6267 0.3655, 0.9187 0.6108 0.3528, 0.9089 0.5922 0.338, 0.9055 0.5723 0.3221, 0.9089 0.5524 0.3063, 0.9187 0.5338 0.2915, 0.9343 0.5179 0.2787, 0.9547 0.5057 0.269, 0.9785 0.498 0.2629, 1.0039 0.5 0.2533, 1.0294 0.5031 0.2548, 1.0531 0.5119 0.259, 1.0735 0.526 0.2658, 1.0892 0.5444 0.2747, 1.099 0.5658 0.285, 1.1024 0.5887 0.296, 1.099 0.6117 0.3071, 1.0892 0.6331 0.3174, 1.0735 0.6514 0.3262, 1.0531 0.6655 0.333, 1.0294 0.6744 0.3373, 1.0039 0.6774 0.3387, 0.9785 0.6744 0.3373, 0.9547 0.6655 0.333, 0.9343 0.6514 0.3262, 0.9187 0.6331 0.3174, 0.9089 0.6117 0.3071, 0.9055 0.5887 0.296, 0.9089 0.5658 0.285, 0.9187 0.5444 0.2747, 0.9343 0.526 0.2658, 0.9547 0.5119 0.259, 0.9785 0.5031 0.2548, 1.0039 0.503 0.245, 1.0294 0.5062 0.2457, 1.0531 0.5158 0.2479, 1.0735 0.5311 0.2514, 1.0892 0.5509 0.2559, 1.099 0.5741 0.2612, 1.1024 0.5989 0.2669, 1.099 0.6237 0.2726, 1.0892 0.6469 0.2778, 1.0735 0.6668 0.2824, 1.0531 0.682 0.2859, 1.0294 0.6916 0.288, 1.0039 0.6949 0.2888, 0.9785 0.6916 0.288, 0.9547 0.682 0.2859, 0.9343 0.6668 0.2824, 0.9187 0.6469 0.2778, 0.9089 0.6237 0.2726, 0.9055 0.5989 0.2669, 0.9089 0.5741 0.2612, 0.9187 0.5509 0.2559, 0.9343 0.5311 0.2514, 0.9547 0.5158 0.2479, 0.9785 0.5062 0.2457, 1.0039 -2.0079 0.2756, 1.0294 -2.0079 0.2789, 1.0531 -2.0079 0.2888, 1.0735 -2.0079 0.3044, 1.0892 -2.0079 0.3248, 1.099 -2.0079 0.3485, 1.1024 -2.0079 0.374, 1.099 -2.0079 0.3995, 1.0892 -2.0079 0.4232, 1.0735 -2.0079 0.4436, 1.0531 -2.0079 0.4593, 1.0294 -2.0079 0.4691, 1.0039 -2.0079 0.4724, 0.9785 -2.0079 0.4691, 0.9547 -2.0079 0.4593, 0.9343 -2.0079 0.4436, 0.9187 -2.0079 0.4232, 0.9089 -2.0079 0.3995, 0.9055 -2.0079 0.374, 0.9089 -2.0079 0.3485, 0.9187 -2.0079 0.3248, 0.9343 -2.0079 0.3044, 0.9547 -2.0079 0.2888, 0.9785 -2.0079 0.2789, 1.0039 -2.0276 0.5459, 1.0039 -2.0345 0.5408, 0.9785 -2.0292 0.5488, 0.9785 -2.0367 0.5433, 0.9547 -2.0342 0.5573, 0.9547 -2.0434 0.5506, 0.9343 -2.042 0.5709, 0.9343 -2.0539 0.5621, 0.9187 -2.0522 0.5885, 0.9187 -2.0677 0.5771, 0.9089 -2.064 0.6091, 0.9089 -2.0838 0.5946, 0.9055 -2.0768 0.6311, 0.9055 -2.101 0.6134, 0.9089 -2.0895 0.6532, 0.9089 -2.1182 0.6322, 0.9187 -2.1014 0.6738, 0.9187 -2.1342 0.6497, 0.9343 -2.1116 0.6914, 0.9343 -2.148 0.6647, 0.9547 -2.1194 0.705, 0.9547 -2.1586 0.6762, 0.9785 -2.1243 0.7135, 0.9785 -2.1652 0.6835, 1.0039 -2.126 0.7164, 1.0039 -2.1675 0.686, 1.0294 -2.1243 0.7135, 1.0294 -2.1652 0.6835, 1.0531 -2.1194 0.705, 1.0531 -2.1586 0.6762, 1.0735 -2.1116 0.6914, 1.0735 -2.148 0.6647, 1.0892 -2.1014 0.6738, 1.0892 -2.1342 0.6497, 1.099 -2.0895 0.6532, 1.099 -2.1182 0.6322, 1.1024 -2.0768 0.6311, 1.1024 -2.101 0.6134, 1.099 -2.064 0.6091, 1.099 -2.0838 0.5946, 1.0892 -2.0522 0.5885, 1.0892 -2.0677 0.5771, 1.0735 -2.042 0.5709, 1.0735 -2.0539 0.5621, 1.0531 -2.0342 0.5573, 1.0531 -2.0434 0.5506, 1.0294 -2.0292 0.5488, 1.0294 -2.0367 0.5433, 1.0039 -2.0401 0.5344, 0.9785 -2.0429 0.5363, 0.9547 -2.0509 0.542, 0.9343 -2.0637 0.5509, 0.9187 -2.0804 0.5626, 0.9089 -2.0999 0.5762, 0.9055 -2.1207 0.5908, 0.9089 -2.1416 0.6055, 0.9187 -2.1611 0.6191, 0.9343 -2.1778 0.6308, 0.9547 -2.1906 0.6397, 0.9785 -2.1986 0.6454, 1.0039 -2.2014 0.6473, 1.0294 -2.1986 0.6454, 1.0531 -2.1906 0.6397, 1.0735 -2.1778 0.6308, 1.0892 -2.1611 0.6191, 1.099 -2.1416 0.6055, 1.1024 -2.1207 0.5908, 1.099 -2.0999 0.5762, 1.0892 -2.0804 0.5626, 1.0735 -2.0637 0.5509, 1.0531 -2.0509 0.542, 1.0294 -2.0429 0.5363, 1.0039 -2.0442 0.5269, 0.9785 -2.0473 0.5282, 0.9547 -2.0564 0.5319, 0.9343 -2.0709 0.5379, 0.9187 -2.0897 0.5457, 0.9089 -2.1116 0.5548, 0.9055 -2.1352 0.5645, 0.9089 -2.1587 0.5743, 0.9187 -2.1806 0.5834, 0.9343 -2.1995 0.5912, 0.9547 -2.2139 0.5972, 0.9785 -2.223 0.6009, 1.0039 -2.2261 0.6022, 1.0294 -2.223 0.6009, 1.0531 -2.2139 0.5972, 1.0735 -2.1995 0.5912, 1.0892 -2.1806 0.5834, 1.099 -2.1587 0.5743, 1.1024 -2.1352 0.5645, 1.099 -2.1116 0.5548, 1.0892 -2.0897 0.5457, 1.0735 -2.0709 0.5379, 1.0531 -2.0564 0.5319, 1.0294 -2.0473 0.5282, 1.0039 -2.0466 0.5186, 0.9785 -2.0499 0.5192, 0.9547 -2.0596 0.5209, 0.9343 -2.075 0.5237, 0.9187 -2.0951 0.5272, 0.9089 -2.1185 0.5313, 0.9055 -2.1436 0.5357, 0.9089 -2.1687 0.5402, 0.9187 -2.192 0.5443, 0.9343 -2.2121 0.5478, 0.9547 -2.2275 0.5505, 0.9785 -2.2372 0.5522, 1.0039 -2.2405 0.5528, 1.0294 -2.2372 0.5522, 1.0531 -2.2275 0.5505, 1.0735 -2.2121 0.5478, 1.0892 -2.192 0.5443, 1.099 -2.1687 0.5402, 1.1024 -2.1436 0.5357, 1.099 -2.1185 0.5313, 1.0892 -2.0951 0.5272, 1.0735 -2.075 0.5237, 1.0531 -2.0596 0.5209, 1.0294 -2.0499 0.5192, 1.0039 -2.0472 0.5101, 0.9785 -2.0506 0.5099, 0.9547 -2.0604 0.5095, 0.9343 -2.076 0.5088, 0.9187 -2.0964 0.5079, 0.9089 -2.1201 0.5069, 0.9055 -2.1455 0.5058, 0.9089 -2.171 0.5047, 0.9187 -2.1947 0.5037, 0.9343 -2.2151 0.5028, 0.9547 -2.2307 0.5021, 0.9785 -2.2405 0.5017, 1.0039 -2.2439 0.5015, 1.0294 -2.2405 0.5017, 1.0531 -2.2307 0.5021, 1.0735 -2.2151 0.5028, 1.0892 -2.1947 0.5037, 1.099 -2.171 0.5047, 1.1024 -2.1455 0.5058, 1.099 -2.1201 0.5069, 1.0892 -2.0964 0.5079, 1.0735 -2.076 0.5088, 1.0531 -2.0604 0.5095, 1.0294 -2.0506 0.5099, 1.0039 -2.0459 0.5016, 0.9785 -2.0491 0.5008, 0.9547 -2.0586 0.4982, 0.9343 -2.0737 0.4942, 0.9187 -2.0934 0.4889, 0.9089 -2.1164 0.4827, 0.9055 -2.141 0.4761, 0.9089 -2.1656 0.4696, 0.9187 -2.1885 0.4634, 0.9343 -2.2082 0.4581, 0.9547 -2.2233 0.4541, 0.9785 -2.2328 0.4515, 1.0039 -2.236 0.4507, 1.0294 -2.2328 0.4515, 1.0531 -2.2233 0.4541, 1.0735 -2.2082 0.4581, 1.0892 -2.1885 0.4634, 1.099 -2.1656 0.4696, 1.1024 -2.141 0.4761, 1.099 -2.1164 0.4827, 1.0892 -2.0934 0.4889, 1.0735 -2.0737 0.4942, 1.0531 -2.0586 0.4982, 1.0294 -2.0491 0.5008, 1.0039 -2.0428 0.4936, 0.9785 -2.0458 0.4921, 0.9547 -2.0545 0.4875, 0.9343 -2.0684 0.4803, 0.9187 -2.0864 0.4709, 0.9089 -2.1075 0.4599, 0.9055 -2.1301 0.4482, 0.9089 -2.1527 0.4364, 0.9187 -2.1738 0.4255, 0.9343 -2.1918 0.416, 0.9547 -2.2057 0.4088, 0.9785 -2.2144 0.4043, 1.0039 -2.2174 0.4027, 1.0294 -2.2144 0.4043, 1.0531 -2.2057 0.4088, 1.0735 -2.1918 0.416, 1.0892 -2.1738 0.4255, 1.099 -2.1527 0.4364, 1.1024 -2.1301 0.4482, 1.099 -2.1075 0.4599, 1.0892 -2.0864 0.4709, 1.0735 -2.0684 0.4803, 1.0531 -2.0545 0.4875, 1.0294 -2.0458 0.4921, 1.0039 -2.038 0.4865, 0.9785 -2.0406 0.4843, 0.9547 -2.0481 0.478, 0.9343 -2.0601 0.468, 0.9187 -2.0757 0.4549, 0.9089 -2.0939 0.4396, 0.9055 -2.1134 0.4232, 0.9089 -2.1329 0.4069, 0.9187 -2.1511 0.3916, 0.9343 -2.1667 0.3785, 0.9547 -2.1787 0.3684, 0.9785 -2.1863 0.3621, 1.0039 -2.1888 0.36, 1.0294 -2.1863 0.3621, 1.0531 -2.1787 0.3684, 1.0735 -2.1667 0.3785, 1.0892 -2.1511 0.3916, 1.099 -2.1329 0.4069, 1.1024 -2.1134 0.4232, 1.099 -2.0939 0.4396, 1.0892 -2.0757 0.4549, 1.0735 -2.0601 0.468, 1.0531 -2.0481 0.478, 1.0294 -2.0406 0.4843, 1.0039 -2.0318 0.4806, 0.9785 -2.0339 0.4779, 0.9547 -2.0399 0.4701, 0.9343 -2.0494 0.4577, 0.9187 -2.0618 0.4415, 0.9089 -2.0763 0.4227, 0.9055 -2.0918 0.4025, 0.9089 -2.1073 0.3823, 0.9187 -2.1217 0.3634, 0.9343 -2.1341 0.3473, 0.9547 -2.1436 0.3349, 0.9785 -2.1496 0.3271, 1.0039 -2.1517 0.3244, 1.0294 -2.1496 0.3271, 1.0531 -2.1436 0.3349, 1.0735 -2.1341 0.3473, 1.0892 -2.1217 0.3634, 1.099 -2.1073 0.3823, 1.1024 -2.0918 0.4025, 1.099 -2.0763 0.4227, 1.0892 -2.0618 0.4415, 1.0735 -2.0494 0.4577, 1.0531 -2.0399 0.4701, 1.0294 -2.0339 0.4779, 1.0039 -2.0245 0.4761, 0.9785 -2.0259 0.4731, 0.9547 -2.0301 0.4642, 0.9343 -2.0367 0.45, 0.9187 -2.0453 0.4315, 0.9089 -2.0553 0.41, 0.9055 -2.0661 0.3869, 0.9089 -2.0769 0.3638, 0.9187 -2.0869 0.3423, 0.9343 -2.0955 0.3238, 0.9547 -2.1021 0.3097, 0.9785 -2.1063 0.3008, 1.0039 -2.1077 0.2977, 1.0294 -2.1063 0.3008, 1.0531 -2.1021 0.3097, 1.0735 -2.0955 0.3238, 1.0892 -2.0869 0.3423, 1.099 -2.0769 0.3638, 1.1024 -2.0661 0.3869, 1.099 -2.0553 0.41, 1.0892 -2.0453 0.4315, 1.0735 -2.0367 0.45, 1.0531 -2.0301 0.4642, 1.0294 -2.0259 0.4731, 1.0039 -2.0164 0.4734, 0.9785 -2.0171 0.4701, 0.9547 -2.0192 0.4605, 0.9343 -2.0226 0.4452, 0.9187 -2.027 0.4253, 0.9089 -2.0322 0.4022, 0.9055 -2.0377 0.3773, 0.9089 -2.0432 0.3524, 0.9187 -2.0484 0.3292, 0.9343 -2.0528 0.3093, 0.9547 -2.0561 0.2941, 0.9785 -2.0583 0.2845, 1.0039 -2.059 0.2812, 1.0294 -2.0583 0.2845, 1.0531 -2.0561 0.2941, 1.0735 -2.0528 0.3093, 1.0892 -2.0484 0.3292, 1.099 -2.0432 0.3524, 1.1024 -2.0377 0.3773, 1.099 -2.0322 0.4022, 1.0892 -2.027 0.4253, 1.0735 -2.0226 0.4452, 1.0531 -2.0192 0.4605, 1.0294 -2.0171 0.4701, 1.3563 -0.0132 -1.378, 1.38 -0.0034 -1.378, 1.4055 -0.0984 -1.378, 1.4055 0.0 -1.378, 1.431 -0.0034 -1.378, 1.3104 -0.073 -1.378, 1.3203 -0.0492 -1.378, 1.3359 -0.0288 -1.378, 1.3203 -0.1476 -1.378, 1.3104 -0.1239 -1.378, 1.3071 -0.0984 -1.378, 1.38 -0.1935 -1.378, 1.3563 -0.1837 -1.378, 1.3359 -0.168 -1.378, 1.4547 -0.1837 -1.378, 1.431 -0.1935 -1.378, 1.4055 -0.1969 -1.378, 1.5006 -0.1239 -1.378, 1.4908 -0.1476 -1.378, 1.4751 -0.168 -1.378, 1.4908 -0.0492 -1.378, 1.5006 -0.073 -1.378, 1.5039 -0.0984 -1.378, 1.4547 -0.0132 -1.378, 1.4751 -0.0288 -1.378, 1.4547 1.1844 2.4155, 1.431 1.1893 2.407, 1.4055 1.1417 2.4893, 1.4055 1.1909 2.4041, 1.38 1.1893 2.407, 1.5006 1.1545 2.4673, 1.4908 1.1663 2.4467, 1.4751 1.1765 2.4291, 1.4908 1.1171 2.532, 1.5006 1.129 2.5114, 1.5039 1.1417 2.4893, 1.431 1.0942 2.5717, 1.4547 1.0991 2.5632, 1.4751 1.1069 2.5496, 1.3563 1.0991 2.5632, 1.38 1.0942 2.5717, 1.4055 1.0925 2.5746, 1.3104 1.129 2.5114, 1.3203 1.1171 2.532, 1.3359 1.1069 2.5496, 1.3203 1.1663 2.4467, 1.3104 1.1545 2.4673, 1.3071 1.1417 2.4893, 1.3563 1.1844 2.4155, 1.3359 1.1765 2.4291, 1.5039 -0.0984 0.2362, 1.5006 -0.073 0.2362, 1.4908 -0.0492 0.2362, 1.4751 -0.0288 0.2362, 1.4547 -0.0132 0.2362, 1.431 -0.0034 0.2362, 1.4055 0.0 0.2362, 1.38 -0.0034 0.2362, 1.3563 -0.0132 0.2362, 1.3359 -0.0288 0.2362, 1.3203 -0.0492 0.2362, 1.3104 -0.073 0.2362, 1.3071 -0.0984 0.2362, 1.3104 -0.1239 0.2362, 1.3203 -0.1476 0.2362, 1.3359 -0.168 0.2362, 1.3563 -0.1837 0.2362, 1.38 -0.1935 0.2362, 1.4055 -0.1969 0.2362, 1.431 -0.1935 0.2362, 1.4547 -0.1837 0.2362, 1.4751 -0.168 0.2362, 1.4908 -0.1476 0.2362, 1.5006 -0.1239 0.2362, 1.4055 -0.2362 0.2756, 1.4055 -0.2275 0.2746, 1.431 -0.2362 0.2789, 1.431 -0.2267 0.2779, 1.4547 -0.2362 0.2888, 1.4547 -0.2245 0.2875, 1.4751 -0.2362 0.3044, 1.4751 -0.221 0.3027, 1.4908 -0.2362 0.3248, 1.4908 -0.2165 0.3226, 1.5006 -0.2362 0.3485, 1.5006 -0.2112 0.3457, 1.5039 -0.2362 0.374, 1.5039 -0.2056 0.3706, 1.5006 -0.2362 0.3995, 1.5006 -0.1999 0.3954, 1.4908 -0.2362 0.4232, 1.4908 -0.1946 0.4185, 1.4751 -0.2362 0.4436, 1.4751 -0.1901 0.4384, 1.4547 -0.2362 0.4593, 1.4547 -0.1866 0.4537, 1.431 -0.2362 0.4691, 1.431 -0.1844 0.4632, 1.4055 -0.2362 0.4724, 1.4055 -0.1837 0.4665, 1.38 -0.2362 0.4691, 1.38 -0.1844 0.4632, 1.3563 -0.2362 0.4593, 1.3563 -0.1866 0.4537, 1.3359 -0.2362 0.4436, 1.3359 -0.1901 0.4384, 1.3203 -0.2362 0.4232, 1.3203 -0.1946 0.4185, 1.3104 -0.2362 0.3995, 1.3104 -0.1999 0.3954, 1.3071 -0.2362 0.374, 1.3071 -0.2056 0.3706, 1.3104 -0.2362 0.3485, 1.3104 -0.2112 0.3457, 1.3203 -0.2362 0.3248, 1.3203 -0.2165 0.3226, 1.3359 -0.2362 0.3044, 1.3359 -0.221 0.3027, 1.3563 -0.2362 0.2888, 1.3563 -0.2245 0.2875, 1.38 -0.2362 0.2789, 1.38 -0.2267 0.2779, 1.4055 -0.2191 0.2717, 1.431 -0.2177 0.2747, 1.4547 -0.2134 0.2836, 1.4751 -0.2066 0.2977, 1.4908 -0.1978 0.316, 1.5006 -0.1875 0.3374, 1.5039 -0.1764 0.3604, 1.5006 -0.1654 0.3833, 1.4908 -0.1551 0.4047, 1.4751 -0.1462 0.4231, 1.4547 -0.1394 0.4372, 1.431 -0.1352 0.446, 1.4055 -0.1337 0.449, 1.38 -0.1352 0.446, 1.3563 -0.1394 0.4372, 1.3359 -0.1462 0.4231, 1.3203 -0.1551 0.4047, 1.3104 -0.1654 0.3833, 1.3071 -0.1764 0.3604, 1.3104 -0.1875 0.3374, 1.3203 -0.1978 0.316, 1.3359 -0.2066 0.2977, 1.3563 -0.2134 0.2836, 1.38 -0.2177 0.2747, 1.4055 -0.2117 0.267, 1.431 -0.2096 0.2696, 1.4547 -0.2035 0.2773, 1.4751 -0.1937 0.2895, 1.4908 -0.181 0.3055, 1.5006 -0.1662 0.324, 1.5039 -0.1503 0.344, 1.5006 -0.1344 0.3639, 1.4908 -0.1196 0.3824, 1.4751 -0.1069 0.3984, 1.4547 -0.0972 0.4106, 1.431 -0.091 0.4183, 1.4055 -0.0889 0.4209, 1.38 -0.091 0.4183, 1.3563 -0.0972 0.4106, 1.3359 -0.1069 0.3984, 1.3203 -0.1196 0.3824, 1.3104 -0.1344 0.3639, 1.3071 -0.1503 0.344, 1.3104 -0.1662 0.324, 1.3203 -0.181 0.3055, 1.3359 -0.1937 0.2895, 1.3563 -0.2035 0.2773, 1.38 -0.2096 0.2696, 1.4055 -0.2054 0.2608, 1.431 -0.2028 0.2629, 1.4547 -0.1951 0.269, 1.4751 -0.1829 0.2787, 1.4908 -0.167 0.2915, 1.5006 -0.1484 0.3063, 1.5039 -0.1285 0.3221, 1.5006 -0.1086 0.338, 1.4908 -0.09 0.3528, 1.4751 -0.0741 0.3655, 1.4547 -0.0618 0.3753, 1.431 -0.0542 0.3814, 1.4055 -0.0515 0.3835, 1.38 -0.0542 0.3814, 1.3563 -0.0618 0.3753, 1.3359 -0.0741 0.3655, 1.3203 -0.09 0.3528, 1.3104 -0.1086 0.338, 1.3071 -0.1285 0.3221, 1.3104 -0.1484 0.3063, 1.3203 -0.167 0.2915, 1.3359 -0.1829 0.2787, 1.3563 -0.1951 0.269, 1.38 -0.2028 0.2629, 1.4055 -0.2007 0.2533, 1.431 -0.1977 0.2548, 1.4547 -0.1889 0.259, 1.4751 -0.1748 0.2658, 1.4908 -0.1564 0.2747, 1.5006 -0.135 0.285, 1.5039 -0.1121 0.296, 1.5006 -0.0891 0.3071, 1.4908 -0.0677 0.3174, 1.4751 -0.0494 0.3262, 1.4547 -0.0353 0.333, 1.431 -0.0264 0.3373, 1.4055 -0.0234 0.3387, 1.38 -0.0264 0.3373, 1.3563 -0.0353 0.333, 1.3359 -0.0494 0.3262, 1.3203 -0.0677 0.3174, 1.3104 -0.0891 0.3071, 1.3071 -0.1121 0.296, 1.3104 -0.135 0.285, 1.3203 -0.1564 0.2747, 1.3359 -0.1748 0.2658, 1.3563 -0.1889 0.259, 1.38 -0.1977 0.2548, 1.4055 -0.1978 0.245, 1.431 -0.1946 0.2457, 1.4547 -0.185 0.2479, 1.4751 -0.1697 0.2514, 1.4908 -0.1499 0.2559, 1.5006 -0.1267 0.2612, 1.5039 -0.1019 0.2669, 1.5006 -0.077 0.2726, 1.4908 -0.0539 0.2778, 1.4751 -0.034 0.2824, 1.4547 -0.0188 0.2859, 1.431 -0.0092 0.288, 1.4055 -0.0059 0.2888, 1.38 -0.0092 0.288, 1.3563 -0.0188 0.2859, 1.3359 -0.034 0.2824, 1.3203 -0.0539 0.2778, 1.3104 -0.077 0.2726, 1.3071 -0.1019 0.2669, 1.3104 -0.1267 0.2612, 1.3203 -0.1499 0.2559, 1.3359 -0.1697 0.2514, 1.3563 -0.185 0.2479, 1.38 -0.1946 0.2457, 1.4055 -2.0079 0.2756, 1.431 -2.0079 0.2789, 1.4547 -2.0079 0.2888, 1.4751 -2.0079 0.3044, 1.4908 -2.0079 0.3248, 1.5006 -2.0079 0.3485, 1.5039 -2.0079 0.374, 1.5006 -2.0079 0.3995, 1.4908 -2.0079 0.4232, 1.4751 -2.0079 0.4436, 1.4547 -2.0079 0.4593, 1.431 -2.0079 0.4691, 1.4055 -2.0079 0.4724, 1.38 -2.0079 0.4691, 1.3563 -2.0079 0.4593, 1.3359 -2.0079 0.4436, 1.3203 -2.0079 0.4232, 1.3104 -2.0079 0.3995, 1.3071 -2.0079 0.374, 1.3104 -2.0079 0.3485, 1.3203 -2.0079 0.3248, 1.3359 -2.0079 0.3044, 1.3563 -2.0079 0.2888, 1.38 -2.0079 0.2789, 1.4055 -2.0276 0.5459, 1.4055 -2.0345 0.5408, 1.38 -2.0292 0.5488, 1.38 -2.0367 0.5433, 1.3563 -2.0342 0.5573, 1.3563 -2.0434 0.5506, 1.3359 -2.042 0.5709, 1.3359 -2.0539 0.5621, 1.3203 -2.0522 0.5885, 1.3203 -2.0677 0.5771, 1.3104 -2.064 0.6091, 1.3104 -2.0838 0.5946, 1.3071 -2.0768 0.6311, 1.3071 -2.101 0.6134, 1.3104 -2.0895 0.6532, 1.3104 -2.1182 0.6322, 1.3203 -2.1014 0.6738, 1.3203 -2.1342 0.6497, 1.3359 -2.1116 0.6914, 1.3359 -2.148 0.6647, 1.3563 -2.1194 0.705, 1.3563 -2.1586 0.6762, 1.38 -2.1243 0.7135, 1.38 -2.1652 0.6835, 1.4055 -2.126 0.7164, 1.4055 -2.1675 0.686, 1.431 -2.1243 0.7135, 1.431 -2.1652 0.6835, 1.4547 -2.1194 0.705, 1.4547 -2.1586 0.6762, 1.4751 -2.1116 0.6914, 1.4751 -2.148 0.6647, 1.4908 -2.1014 0.6738, 1.4908 -2.1342 0.6497, 1.5006 -2.0895 0.6532, 1.5006 -2.1182 0.6322, 1.5039 -2.0768 0.6311, 1.5039 -2.101 0.6134, 1.5006 -2.064 0.6091, 1.5006 -2.0838 0.5946, 1.4908 -2.0522 0.5885, 1.4908 -2.0677 0.5771, 1.4751 -2.042 0.5709, 1.4751 -2.0539 0.5621, 1.4547 -2.0342 0.5573, 1.4547 -2.0434 0.5506, 1.431 -2.0292 0.5488, 1.431 -2.0367 0.5433, 1.4055 -2.0401 0.5344, 1.38 -2.0429 0.5363, 1.3563 -2.0509 0.542, 1.3359 -2.0637 0.5509, 1.3203 -2.0804 0.5626, 1.3104 -2.0999 0.5762, 1.3071 -2.1207 0.5908, 1.3104 -2.1416 0.6055, 1.3203 -2.1611 0.6191, 1.3359 -2.1778 0.6308, 1.3563 -2.1906 0.6397, 1.38 -2.1986 0.6454, 1.4055 -2.2014 0.6473, 1.431 -2.1986 0.6454, 1.4547 -2.1906 0.6397, 1.4751 -2.1778 0.6308, 1.4908 -2.1611 0.6191, 1.5006 -2.1416 0.6055, 1.5039 -2.1207 0.5908, 1.5006 -2.0999 0.5762, 1.4908 -2.0804 0.5626, 1.4751 -2.0637 0.5509, 1.4547 -2.0509 0.542, 1.431 -2.0429 0.5363, 1.4055 -2.0442 0.5269, 1.38 -2.0473 0.5282, 1.3563 -2.0564 0.5319, 1.3359 -2.0709 0.5379, 1.3203 -2.0897 0.5457, 1.3104 -2.1116 0.5548, 1.3071 -2.1352 0.5645, 1.3104 -2.1587 0.5743, 1.3203 -2.1806 0.5834, 1.3359 -2.1995 0.5912, 1.3563 -2.2139 0.5972, 1.38 -2.223 0.6009, 1.4055 -2.2261 0.6022, 1.431 -2.223 0.6009, 1.4547 -2.2139 0.5972, 1.4751 -2.1995 0.5912, 1.4908 -2.1806 0.5834, 1.5006 -2.1587 0.5743, 1.5039 -2.1352 0.5645, 1.5006 -2.1116 0.5548, 1.4908 -2.0897 0.5457, 1.4751 -2.0709 0.5379, 1.4547 -2.0564 0.5319, 1.431 -2.0473 0.5282, 1.4055 -2.0466 0.5186, 1.38 -2.0499 0.5192, 1.3563 -2.0596 0.5209, 1.3359 -2.075 0.5237, 1.3203 -2.0951 0.5272, 1.3104 -2.1185 0.5313, 1.3071 -2.1436 0.5357, 1.3104 -2.1687 0.5402, 1.3203 -2.192 0.5443, 1.3359 -2.2121 0.5478, 1.3563 -2.2275 0.5505, 1.38 -2.2372 0.5522, 1.4055 -2.2405 0.5528, 1.431 -2.2372 0.5522, 1.4547 -2.2275 0.5505, 1.4751 -2.2121 0.5478, 1.4908 -2.192 0.5443, 1.5006 -2.1687 0.5402, 1.5039 -2.1436 0.5357, 1.5006 -2.1185 0.5313, 1.4908 -2.0951 0.5272, 1.4751 -2.075 0.5237, 1.4547 -2.0596 0.5209, 1.431 -2.0499 0.5192, 1.4055 -2.0472 0.5101, 1.38 -2.0506 0.5099, 1.3563 -2.0604 0.5095, 1.3359 -2.076 0.5088, 1.3203 -2.0964 0.5079, 1.3104 -2.1201 0.5069, 1.3071 -2.1455 0.5058, 1.3104 -2.171 0.5047, 1.3203 -2.1947 0.5037, 1.3359 -2.2151 0.5028, 1.3563 -2.2307 0.5021, 1.38 -2.2405 0.5017, 1.4055 -2.2439 0.5015, 1.431 -2.2405 0.5017, 1.4547 -2.2307 0.5021, 1.4751 -2.2151 0.5028, 1.4908 -2.1947 0.5037, 1.5006 -2.171 0.5047, 1.5039 -2.1455 0.5058, 1.5006 -2.1201 0.5069, 1.4908 -2.0964 0.5079, 1.4751 -2.076 0.5088, 1.4547 -2.0604 0.5095, 1.431 -2.0506 0.5099, 1.4055 -2.0459 0.5016, 1.38 -2.0491 0.5008, 1.3563 -2.0586 0.4982, 1.3359 -2.0737 0.4942, 1.3203 -2.0934 0.4889, 1.3104 -2.1164 0.4827, 1.3071 -2.141 0.4761, 1.3104 -2.1656 0.4696, 1.3203 -2.1885 0.4634, 1.3359 -2.2082 0.4581, 1.3563 -2.2233 0.4541, 1.38 -2.2328 0.4515, 1.4055 -2.236 0.4507, 1.431 -2.2328 0.4515, 1.4547 -2.2233 0.4541, 1.4751 -2.2082 0.4581, 1.4908 -2.1885 0.4634, 1.5006 -2.1656 0.4696, 1.5039 -2.141 0.4761, 1.5006 -2.1164 0.4827, 1.4908 -2.0934 0.4889, 1.4751 -2.0737 0.4942, 1.4547 -2.0586 0.4982, 1.431 -2.0491 0.5008, 1.4055 -2.0428 0.4936, 1.38 -2.0458 0.4921, 1.3563 -2.0545 0.4875, 1.3359 -2.0684 0.4803, 1.3203 -2.0864 0.4709, 1.3104 -2.1075 0.4599, 1.3071 -2.1301 0.4482, 1.3104 -2.1527 0.4364, 1.3203 -2.1738 0.4255, 1.3359 -2.1918 0.416, 1.3563 -2.2057 0.4088, 1.38 -2.2144 0.4043, 1.4055 -2.2174 0.4027, 1.431 -2.2144 0.4043, 1.4547 -2.2057 0.4088, 1.4751 -2.1918 0.416, 1.4908 -2.1738 0.4255, 1.5006 -2.1527 0.4364, 1.5039 -2.1301 0.4482, 1.5006 -2.1075 0.4599, 1.4908 -2.0864 0.4709, 1.4751 -2.0684 0.4803, 1.4547 -2.0545 0.4875, 1.431 -2.0458 0.4921, 1.4055 -2.038 0.4865, 1.38 -2.0406 0.4843, 1.3563 -2.0481 0.478, 1.3359 -2.0601 0.468, 1.3203 -2.0757 0.4549, 1.3104 -2.0939 0.4396, 1.3071 -2.1134 0.4232, 1.3104 -2.1329 0.4069, 1.3203 -2.1511 0.3916, 1.3359 -2.1667 0.3785, 1.3563 -2.1787 0.3684, 1.38 -2.1863 0.3621, 1.4055 -2.1888 0.36, 1.431 -2.1863 0.3621, 1.4547 -2.1787 0.3684, 1.4751 -2.1667 0.3785, 1.4908 -2.1511 0.3916, 1.5006 -2.1329 0.4069, 1.5039 -2.1134 0.4232, 1.5006 -2.0939 0.4396, 1.4908 -2.0757 0.4549, 1.4751 -2.0601 0.468, 1.4547 -2.0481 0.478, 1.431 -2.0406 0.4843, 1.4055 -2.0318 0.4806, 1.38 -2.0339 0.4779, 1.3563 -2.0399 0.4701, 1.3359 -2.0494 0.4577, 1.3203 -2.0618 0.4415, 1.3104 -2.0763 0.4227, 1.3071 -2.0918 0.4025, 1.3104 -2.1073 0.3823, 1.3203 -2.1217 0.3634, 1.3359 -2.1341 0.3473, 1.3563 -2.1436 0.3349, 1.38 -2.1496 0.3271, 1.4055 -2.1517 0.3244, 1.431 -2.1496 0.3271, 1.4547 -2.1436 0.3349, 1.4751 -2.1341 0.3473, 1.4908 -2.1217 0.3634, 1.5006 -2.1073 0.3823, 1.5039 -2.0918 0.4025, 1.5006 -2.0763 0.4227, 1.4908 -2.0618 0.4415, 1.4751 -2.0494 0.4577, 1.4547 -2.0399 0.4701, 1.431 -2.0339 0.4779, 1.4055 -2.0245 0.4761, 1.38 -2.0259 0.4731, 1.3563 -2.0301 0.4642, 1.3359 -2.0367 0.45, 1.3203 -2.0453 0.4315, 1.3104 -2.0553 0.41, 1.3071 -2.0661 0.3869, 1.3104 -2.0769 0.3638, 1.3203 -2.0869 0.3423, 1.3359 -2.0955 0.3238, 1.3563 -2.1021 0.3097, 1.38 -2.1063 0.3008, 1.4055 -2.1077 0.2977, 1.431 -2.1063 0.3008, 1.4547 -2.1021 0.3097, 1.4751 -2.0955 0.3238, 1.4908 -2.0869 0.3423, 1.5006 -2.0769 0.3638, 1.5039 -2.0661 0.3869, 1.5006 -2.0553 0.41, 1.4908 -2.0453 0.4315, 1.4751 -2.0367 0.45, 1.4547 -2.0301 0.4642, 1.431 -2.0259 0.4731, 1.4055 -2.0164 0.4734, 1.38 -2.0171 0.4701, 1.3563 -2.0192 0.4605, 1.3359 -2.0226 0.4452, 1.3203 -2.027 0.4253, 1.3104 -2.0322 0.4022, 1.3071 -2.0377 0.3773, 1.3104 -2.0432 0.3524, 1.3203 -2.0484 0.3292, 1.3359 -2.0528 0.3093, 1.3563 -2.0561 0.2941, 1.38 -2.0583 0.2845, 1.4055 -2.059 0.2812, 1.431 -2.0583 0.2845, 1.4547 -2.0561 0.2941, 1.4751 -2.0528 0.3093, 1.4908 -2.0484 0.3292, 1.5006 -2.0432 0.3524, 1.5039 -2.0377 0.3773, 1.5006 -2.0322 0.4022, 1.4908 -2.027 0.4253, 1.4751 -2.0226 0.4452, 1.4547 -2.0192 0.4605, 1.431 -2.0171 0.4701, 0.1516 0.6876 -1.378, 0.1753 0.6974 -1.378, 0.2008 0.6024 -1.378, 0.2008 0.7008 -1.378, 0.2263 0.6974 -1.378, 0.1057 0.6278 -1.378, 0.1155 0.6516 -1.378, 0.1312 0.672 -1.378, 0.1155 0.5531 -1.378, 0.1057 0.5769 -1.378, 0.1024 0.6024 -1.378, 0.1753 0.5073 -1.378, 0.1516 0.5171 -1.378, 0.1312 0.5328 -1.378, 0.25 0.5171 -1.378, 0.2263 0.5073 -1.378, 0.2008 0.5039 -1.378, 0.2959 0.5769 -1.378, 0.286 0.5531 -1.378, 0.2704 0.5328 -1.378, 0.286 0.6516 -1.378, 0.2959 0.6278 -1.378, 0.2992 0.6024 -1.378, 0.25 0.6876 -1.378, 0.2704 0.672 -1.378, 0.25 1.1844 2.4155, 0.2263 1.1893 2.407, 0.2008 1.1417 2.4893, 0.2008 1.1909 2.4041, 0.1753 1.1893 2.407, 0.2959 1.1545 2.4673, 0.286 1.1663 2.4467, 0.2704 1.1765 2.4291, 0.286 1.1171 2.532, 0.2959 1.129 2.5114, 0.2992 1.1417 2.4893, 0.2263 1.0942 2.5717, 0.25 1.0991 2.5632, 0.2704 1.1069 2.5496, 0.1516 1.0991 2.5632, 0.1753 1.0942 2.5717, 0.2008 1.0925 2.5746, 0.1057 1.129 2.5114, 0.1155 1.1171 2.532, 0.1312 1.1069 2.5496, 0.1155 1.1663 2.4467, 0.1057 1.1545 2.4673, 0.1024 1.1417 2.4893, 0.1516 1.1844 2.4155, 0.1312 1.1765 2.4291, 0.2008 0.5039 0.2362, 0.2263 0.5073 0.2362, 0.25 0.5171 0.2362, 0.2704 0.5328 0.2362, 0.286 0.5531 0.2362, 0.2959 0.5769 0.2362, 0.2992 0.6024 0.2362, 0.2959 0.6278 0.2362, 0.286 0.6516 0.2362, 0.2704 0.672 0.2362, 0.25 0.6876 0.2362, 0.2263 0.6974 0.2362, 0.2008 0.7008 0.2362, 0.1753 0.6974 0.2362, 0.1516 0.6876 0.2362, 0.1312 0.672 0.2362, 0.1155 0.6516 0.2362, 0.1057 0.6278 0.2362, 0.1024 0.6024 0.2362, 0.1057 0.5769 0.2362, 0.1155 0.5531 0.2362, 0.1312 0.5328 0.2362, 0.1516 0.5171 0.2362, 0.1753 0.5073 0.2362, 0.2008 0.4646 0.2756, 0.2008 0.4733 0.2746, 0.2263 0.4646 0.2789, 0.2263 0.4741 0.2779, 0.25 0.4646 0.2888, 0.25 0.4763 0.2875, 0.2704 0.4646 0.3044, 0.2704 0.4797 0.3027, 0.286 0.4646 0.3248, 0.286 0.4843 0.3226, 0.2959 0.4646 0.3485, 0.2959 0.4896 0.3457, 0.2992 0.4646 0.374, 0.2992 0.4952 0.3706, 0.2959 0.4646 0.3995, 0.2959 0.5009 0.3954, 0.286 0.4646 0.4232, 0.286 0.5062 0.4185, 0.2704 0.4646 0.4436, 0.2704 0.5107 0.4384, 0.25 0.4646 0.4593, 0.25 0.5142 0.4537, 0.2263 0.4646 0.4691, 0.2263 0.5164 0.4632, 0.2008 0.4646 0.4724, 0.2008 0.5171 0.4665, 0.1753 0.4646 0.4691, 0.1753 0.5164 0.4632, 0.1516 0.4646 0.4593, 0.1516 0.5142 0.4537, 0.1312 0.4646 0.4436, 0.1312 0.5107 0.4384, 0.1155 0.4646 0.4232, 0.1155 0.5062 0.4185, 0.1057 0.4646 0.3995, 0.1057 0.5009 0.3954, 0.1024 0.4646 0.374, 0.1024 0.4952 0.3706, 0.1057 0.4646 0.3485, 0.1057 0.4896 0.3457, 0.1155 0.4646 0.3248, 0.1155 0.4843 0.3226, 0.1312 0.4646 0.3044, 0.1312 0.4797 0.3027, 0.1516 0.4646 0.2888, 0.1516 0.4763 0.2875, 0.1753 0.4646 0.2789, 0.1753 0.4741 0.2779, 0.2008 0.4816 0.2717, 0.2263 0.4831 0.2747, 0.25 0.4874 0.2836, 0.2704 0.4942 0.2977, 0.286 0.503 0.316, 0.2959 0.5133 0.3374, 0.2992 0.5244 0.3604, 0.2959 0.5354 0.3833, 0.286 0.5457 0.4047, 0.2704 0.5546 0.4231, 0.25 0.5613 0.4372, 0.2263 0.5656 0.446, 0.2008 0.5671 0.449, 0.1753 0.5656 0.446, 0.1516 0.5613 0.4372, 0.1312 0.5546 0.4231, 0.1155 0.5457 0.4047, 0.1057 0.5354 0.3833, 0.1024 0.5244 0.3604, 0.1057 0.5133 0.3374, 0.1155 0.503 0.316, 0.1312 0.4942 0.2977, 0.1516 0.4874 0.2836, 0.1753 0.4831 0.2747, 0.2008 0.4891 0.267, 0.2263 0.4912 0.2696, 0.25 0.4973 0.2773, 0.2704 0.5071 0.2895, 0.286 0.5198 0.3055, 0.2959 0.5346 0.324, 0.2992 0.5505 0.344, 0.2959 0.5664 0.3639, 0.286 0.5812 0.3824, 0.2704 0.5939 0.3984, 0.25 0.6036 0.4106, 0.2263 0.6098 0.4183, 0.2008 0.6118 0.4209, 0.1753 0.6098 0.4183, 0.1516 0.6036 0.4106, 0.1312 0.5939 0.3984, 0.1155 0.5812 0.3824, 0.1057 0.5664 0.3639, 0.1024 0.5505 0.344, 0.1057 0.5346 0.324, 0.1155 0.5198 0.3055, 0.1312 0.5071 0.2895, 0.1516 0.4973 0.2773, 0.1753 0.4912 0.2696, 0.2008 0.4953 0.2608, 0.2263 0.498 0.2629, 0.25 0.5057 0.269, 0.2704 0.5179 0.2787, 0.286 0.5338 0.2915, 0.2959 0.5524 0.3063, 0.2992 0.5723 0.3221, 0.2959 0.5922 0.338, 0.286 0.6108 0.3528, 0.2704 0.6267 0.3655, 0.25 0.6389 0.3753, 0.2263 0.6466 0.3814, 0.2008 0.6493 0.3835, 0.1753 0.6466 0.3814, 0.1516 0.6389 0.3753, 0.1312 0.6267 0.3655, 0.1155 0.6108 0.3528, 0.1057 0.5922 0.338, 0.1024 0.5723 0.3221, 0.1057 0.5524 0.3063, 0.1155 0.5338 0.2915, 0.1312 0.5179 0.2787, 0.1516 0.5057 0.269, 0.1753 0.498 0.2629, 0.2008 0.5 0.2533, 0.2263 0.5031 0.2548, 0.25 0.5119 0.259, 0.2704 0.526 0.2658, 0.286 0.5444 0.2747, 0.2959 0.5658 0.285, 0.2992 0.5887 0.296, 0.2959 0.6117 0.3071, 0.286 0.6331 0.3174, 0.2704 0.6514 0.3262, 0.25 0.6655 0.333, 0.2263 0.6744 0.3373, 0.2008 0.6774 0.3387, 0.1753 0.6744 0.3373, 0.1516 0.6655 0.333, 0.1312 0.6514 0.3262, 0.1155 0.6331 0.3174, 0.1057 0.6117 0.3071, 0.1024 0.5887 0.296, 0.1057 0.5658 0.285, 0.1155 0.5444 0.2747, 0.1312 0.526 0.2658, 0.1516 0.5119 0.259, 0.1753 0.5031 0.2548, 0.2008 0.503 0.245, 0.2263 0.5062 0.2457, 0.25 0.5158 0.2479, 0.2704 0.5311 0.2514, 0.286 0.5509 0.2559, 0.2959 0.5741 0.2612, 0.2992 0.5989 0.2669, 0.2959 0.6237 0.2726, 0.286 0.6469 0.2778, 0.2704 0.6668 0.2824, 0.25 0.682 0.2859, 0.2263 0.6916 0.288, 0.2008 0.6949 0.2888, 0.1753 0.6916 0.288, 0.1516 0.682 0.2859, 0.1312 0.6668 0.2824, 0.1155 0.6469 0.2778, 0.1057 0.6237 0.2726, 0.1024 0.5989 0.2669, 0.1057 0.5741 0.2612, 0.1155 0.5509 0.2559, 0.1312 0.5311 0.2514, 0.1516 0.5158 0.2479, 0.1753 0.5062 0.2457, 0.2008 -2.0079 0.2756, 0.2263 -2.0079 0.2789, 0.25 -2.0079 0.2888, 0.2704 -2.0079 0.3044, 0.286 -2.0079 0.3248, 0.2959 -2.0079 0.3485, 0.2992 -2.0079 0.374, 0.2959 -2.0079 0.3995, 0.286 -2.0079 0.4232, 0.2704 -2.0079 0.4436, 0.25 -2.0079 0.4593, 0.2263 -2.0079 0.4691, 0.2008 -2.0079 0.4724, 0.1753 -2.0079 0.4691, 0.1516 -2.0079 0.4593, 0.1312 -2.0079 0.4436, 0.1155 -2.0079 0.4232, 0.1057 -2.0079 0.3995, 0.1024 -2.0079 0.374, 0.1057 -2.0079 0.3485, 0.1155 -2.0079 0.3248, 0.1312 -2.0079 0.3044, 0.1516 -2.0079 0.2888, 0.1753 -2.0079 0.2789, 0.2008 -2.0276 0.5459, 0.2008 -2.0345 0.5408, 0.1753 -2.0292 0.5488, 0.1753 -2.0367 0.5433, 0.1516 -2.0342 0.5573, 0.1516 -2.0434 0.5506, 0.1312 -2.042 0.5709, 0.1312 -2.0539 0.5621, 0.1155 -2.0522 0.5885, 0.1155 -2.0677 0.5771, 0.1057 -2.064 0.6091, 0.1057 -2.0838 0.5946, 0.1024 -2.0768 0.6311, 0.1024 -2.101 0.6134, 0.1057 -2.0895 0.6532, 0.1057 -2.1182 0.6322, 0.1155 -2.1014 0.6738, 0.1155 -2.1342 0.6497, 0.1312 -2.1116 0.6914, 0.1312 -2.148 0.6647, 0.1516 -2.1194 0.705, 0.1516 -2.1586 0.6762, 0.1753 -2.1243 0.7135, 0.1753 -2.1652 0.6835, 0.2008 -2.126 0.7164, 0.2008 -2.1675 0.686, 0.2263 -2.1243 0.7135, 0.2263 -2.1652 0.6835, 0.25 -2.1194 0.705, 0.25 -2.1586 0.6762, 0.2704 -2.1116 0.6914, 0.2704 -2.148 0.6647, 0.286 -2.1014 0.6738, 0.286 -2.1342 0.6497, 0.2959 -2.0895 0.6532, 0.2959 -2.1182 0.6322, 0.2992 -2.0768 0.6311, 0.2992 -2.101 0.6134, 0.2959 -2.064 0.6091, 0.2959 -2.0838 0.5946, 0.286 -2.0522 0.5885, 0.286 -2.0677 0.5771, 0.2704 -2.042 0.5709, 0.2704 -2.0539 0.5621, 0.25 -2.0342 0.5573, 0.25 -2.0434 0.5506, 0.2263 -2.0292 0.5488, 0.2263 -2.0367 0.5433, 0.2008 -2.0401 0.5344, 0.1753 -2.0429 0.5363, 0.1516 -2.0509 0.542, 0.1312 -2.0637 0.5509, 0.1155 -2.0804 0.5626, 0.1057 -2.0999 0.5762, 0.1024 -2.1207 0.5908, 0.1057 -2.1416 0.6055, 0.1155 -2.1611 0.6191, 0.1312 -2.1778 0.6308, 0.1516 -2.1906 0.6397, 0.1753 -2.1986 0.6454, 0.2008 -2.2014 0.6473, 0.2263 -2.1986 0.6454, 0.25 -2.1906 0.6397, 0.2704 -2.1778 0.6308, 0.286 -2.1611 0.6191, 0.2959 -2.1416 0.6055, 0.2992 -2.1207 0.5908, 0.2959 -2.0999 0.5762, 0.286 -2.0804 0.5626, 0.2704 -2.0637 0.5509, 0.25 -2.0509 0.542, 0.2263 -2.0429 0.5363, 0.2008 -2.0442 0.5269, 0.1753 -2.0473 0.5282, 0.1516 -2.0564 0.5319, 0.1312 -2.0709 0.5379, 0.1155 -2.0897 0.5457, 0.1057 -2.1116 0.5548, 0.1024 -2.1352 0.5645, 0.1057 -2.1587 0.5743, 0.1155 -2.1806 0.5834, 0.1312 -2.1995 0.5912, 0.1516 -2.2139 0.5972, 0.1753 -2.223 0.6009, 0.2008 -2.2261 0.6022, 0.2263 -2.223 0.6009, 0.25 -2.2139 0.5972, 0.2704 -2.1995 0.5912, 0.286 -2.1806 0.5834, 0.2959 -2.1587 0.5743, 0.2992 -2.1352 0.5645, 0.2959 -2.1116 0.5548, 0.286 -2.0897 0.5457, 0.2704 -2.0709 0.5379, 0.25 -2.0564 0.5319, 0.2263 -2.0473 0.5282, 0.2008 -2.0466 0.5186, 0.1753 -2.0499 0.5192, 0.1516 -2.0596 0.5209, 0.1312 -2.075 0.5237, 0.1155 -2.0951 0.5272, 0.1057 -2.1185 0.5313, 0.1024 -2.1436 0.5357, 0.1057 -2.1687 0.5402, 0.1155 -2.192 0.5443, 0.1312 -2.2121 0.5478, 0.1516 -2.2275 0.5505, 0.1753 -2.2372 0.5522, 0.2008 -2.2405 0.5528, 0.2263 -2.2372 0.5522, 0.25 -2.2275 0.5505, 0.2704 -2.2121 0.5478, 0.286 -2.192 0.5443, 0.2959 -2.1687 0.5402, 0.2992 -2.1436 0.5357, 0.2959 -2.1185 0.5313, 0.286 -2.0951 0.5272, 0.2704 -2.075 0.5237, 0.25 -2.0596 0.5209, 0.2263 -2.0499 0.5192, 0.2008 -2.0472 0.5101, 0.1753 -2.0506 0.5099, 0.1516 -2.0604 0.5095, 0.1312 -2.076 0.5088, 0.1155 -2.0964 0.5079, 0.1057 -2.1201 0.5069, 0.1024 -2.1455 0.5058, 0.1057 -2.171 0.5047, 0.1155 -2.1947 0.5037, 0.1312 -2.2151 0.5028, 0.1516 -2.2307 0.5021, 0.1753 -2.2405 0.5017, 0.2008 -2.2439 0.5015, 0.2263 -2.2405 0.5017, 0.25 -2.2307 0.5021, 0.2704 -2.2151 0.5028, 0.286 -2.1947 0.5037, 0.2959 -2.171 0.5047, 0.2992 -2.1455 0.5058, 0.2959 -2.1201 0.5069, 0.286 -2.0964 0.5079, 0.2704 -2.076 0.5088, 0.25 -2.0604 0.5095, 0.2263 -2.0506 0.5099, 0.2008 -2.0459 0.5016, 0.1753 -2.0491 0.5008, 0.1516 -2.0586 0.4982, 0.1312 -2.0737 0.4942, 0.1155 -2.0934 0.4889, 0.1057 -2.1164 0.4827, 0.1024 -2.141 0.4761, 0.1057 -2.1656 0.4696, 0.1155 -2.1885 0.4634, 0.1312 -2.2082 0.4581, 0.1516 -2.2233 0.4541, 0.1753 -2.2328 0.4515, 0.2008 -2.236 0.4507, 0.2263 -2.2328 0.4515, 0.25 -2.2233 0.4541, 0.2704 -2.2082 0.4581, 0.286 -2.1885 0.4634, 0.2959 -2.1656 0.4696, 0.2992 -2.141 0.4761, 0.2959 -2.1164 0.4827, 0.286 -2.0934 0.4889, 0.2704 -2.0737 0.4942, 0.25 -2.0586 0.4982, 0.2263 -2.0491 0.5008, 0.2008 -2.0428 0.4936, 0.1753 -2.0458 0.4921, 0.1516 -2.0545 0.4875, 0.1312 -2.0684 0.4803, 0.1155 -2.0864 0.4709, 0.1057 -2.1075 0.4599, 0.1024 -2.1301 0.4482, 0.1057 -2.1527 0.4364, 0.1155 -2.1738 0.4255, 0.1312 -2.1918 0.416, 0.1516 -2.2057 0.4088, 0.1753 -2.2144 0.4043, 0.2008 -2.2174 0.4027, 0.2263 -2.2144 0.4043, 0.25 -2.2057 0.4088, 0.2704 -2.1918 0.416, 0.286 -2.1738 0.4255, 0.2959 -2.1527 0.4364, 0.2992 -2.1301 0.4482, 0.2959 -2.1075 0.4599, 0.286 -2.0864 0.4709, 0.2704 -2.0684 0.4803, 0.25 -2.0545 0.4875, 0.2263 -2.0458 0.4921, 0.2008 -2.038 0.4865, 0.1753 -2.0406 0.4843, 0.1516 -2.0481 0.478, 0.1312 -2.0601 0.468, 0.1155 -2.0757 0.4549, 0.1057 -2.0939 0.4396, 0.1024 -2.1134 0.4232, 0.1057 -2.1329 0.4069, 0.1155 -2.1511 0.3916, 0.1312 -2.1667 0.3785, 0.1516 -2.1787 0.3684, 0.1753 -2.1863 0.3621, 0.2008 -2.1888 0.36, 0.2263 -2.1863 0.3621, 0.25 -2.1787 0.3684, 0.2704 -2.1667 0.3785, 0.286 -2.1511 0.3916, 0.2959 -2.1329 0.4069, 0.2992 -2.1134 0.4232, 0.2959 -2.0939 0.4396, 0.286 -2.0757 0.4549, 0.2704 -2.0601 0.468, 0.25 -2.0481 0.478, 0.2263 -2.0406 0.4843, 0.2008 -2.0318 0.4806, 0.1753 -2.0339 0.4779, 0.1516 -2.0399 0.4701, 0.1312 -2.0494 0.4577, 0.1155 -2.0618 0.4415, 0.1057 -2.0763 0.4227, 0.1024 -2.0918 0.4025, 0.1057 -2.1073 0.3823, 0.1155 -2.1217 0.3634, 0.1312 -2.1341 0.3473, 0.1516 -2.1436 0.3349, 0.1753 -2.1496 0.3271, 0.2008 -2.1517 0.3244, 0.2263 -2.1496 0.3271, 0.25 -2.1436 0.3349, 0.2704 -2.1341 0.3473, 0.286 -2.1217 0.3634, 0.2959 -2.1073 0.3823, 0.2992 -2.0918 0.4025, 0.2959 -2.0763 0.4227, 0.286 -2.0618 0.4415, 0.2704 -2.0494 0.4577, 0.25 -2.0399 0.4701, 0.2263 -2.0339 0.4779, 0.2008 -2.0245 0.4761, 0.1753 -2.0259 0.4731, 0.1516 -2.0301 0.4642, 0.1312 -2.0367 0.45, 0.1155 -2.0453 0.4315, 0.1057 -2.0553 0.41, 0.1024 -2.0661 0.3869, 0.1057 -2.0769 0.3638, 0.1155 -2.0869 0.3423, 0.1312 -2.0955 0.3238, 0.1516 -2.1021 0.3097, 0.1753 -2.1063 0.3008, 0.2008 -2.1077 0.2977, 0.2263 -2.1063 0.3008, 0.25 -2.1021 0.3097, 0.2704 -2.0955 0.3238, 0.286 -2.0869 0.3423, 0.2959 -2.0769 0.3638, 0.2992 -2.0661 0.3869, 0.2959 -2.0553 0.41, 0.286 -2.0453 0.4315, 0.2704 -2.0367 0.45, 0.25 -2.0301 0.4642, 0.2263 -2.0259 0.4731, 0.2008 -2.0164 0.4734, 0.1753 -2.0171 0.4701, 0.1516 -2.0192 0.4605, 0.1312 -2.0226 0.4452, 0.1155 -2.027 0.4253, 0.1057 -2.0322 0.4022, 0.1024 -2.0377 0.3773, 0.1057 -2.0432 0.3524, 0.1155 -2.0484 0.3292, 0.1312 -2.0528 0.3093, 0.1516 -2.0561 0.2941, 0.1753 -2.0583 0.2845, 0.2008 -2.059 0.2812, 0.2263 -2.0583 0.2845, 0.25 -2.0561 0.2941, 0.2704 -2.0528 0.3093, 0.286 -2.0484 0.3292, 0.2959 -2.0432 0.3524, 0.2992 -2.0377 0.3773, 0.2959 -2.0322 0.4022, 0.286 -2.027 0.4253, 0.2704 -2.0226 0.4452, 0.25 -2.0192 0.4605, 0.2263 -2.0171 0.4701, -0.6516 0.6876 -1.378, -0.6278 0.6974 -1.378, -0.6024 0.6024 -1.378, -0.6024 0.7008 -1.378, -0.5769 0.6974 -1.378, -0.6974 0.6278 -1.378, -0.6876 0.6516 -1.378, -0.672 0.672 -1.378, -0.6876 0.5531 -1.378, -0.6974 0.5769 -1.378, -0.7008 0.6024 -1.378, -0.6278 0.5073 -1.378, -0.6516 0.5171 -1.378, -0.672 0.5328 -1.378, -0.5531 0.5171 -1.378, -0.5769 0.5073 -1.378, -0.6024 0.5039 -1.378, -0.5073 0.5769 -1.378, -0.5171 0.5531 -1.378, -0.5328 0.5328 -1.378, -0.5171 0.6516 -1.378, -0.5073 0.6278 -1.378, -0.5039 0.6024 -1.378, -0.5531 0.6876 -1.378, -0.5328 0.672 -1.378, -0.5531 1.1844 2.4155, -0.5769 1.1893 2.407, -0.6024 1.1417 2.4893, -0.6024 1.1909 2.4041, -0.6278 1.1893 2.407, -0.5073 1.1545 2.4673, -0.5171 1.1663 2.4467, -0.5328 1.1765 2.4291, -0.5171 1.1171 2.532, -0.5073 1.129 2.5114, -0.5039 1.1417 2.4893, -0.5769 1.0942 2.5717, -0.5531 1.0991 2.5632, -0.5328 1.1069 2.5496, -0.6516 1.0991 2.5632, -0.6278 1.0942 2.5717, -0.6024 1.0925 2.5746, -0.6974 1.129 2.5114, -0.6876 1.1171 2.532, -0.672 1.1069 2.5496, -0.6876 1.1663 2.4467, -0.6974 1.1545 2.4673, -0.7008 1.1417 2.4893, -0.6516 1.1844 2.4155, -0.672 1.1765 2.4291, -0.6024 0.5039 0.2362, -0.5769 0.5073 0.2362, -0.5531 0.5171 0.2362, -0.5328 0.5328 0.2362, -0.5171 0.5531 0.2362, -0.5073 0.5769 0.2362, -0.5039 0.6024 0.2362, -0.5073 0.6278 0.2362, -0.5171 0.6516 0.2362, -0.5328 0.672 0.2362, -0.5531 0.6876 0.2362, -0.5769 0.6974 0.2362, -0.6024 0.7008 0.2362, -0.6278 0.6974 0.2362, -0.6516 0.6876 0.2362, -0.672 0.672 0.2362, -0.6876 0.6516 0.2362, -0.6974 0.6278 0.2362, -0.7008 0.6024 0.2362, -0.6974 0.5769 0.2362, -0.6876 0.5531 0.2362, -0.672 0.5328 0.2362, -0.6516 0.5171 0.2362, -0.6278 0.5073 0.2362, -0.6024 0.4646 0.2756, -0.6024 0.4733 0.2746, -0.5769 0.4646 0.2789, -0.5769 0.4741 0.2779, -0.5531 0.4646 0.2888, -0.5531 0.4763 0.2875, -0.5328 0.4646 0.3044, -0.5328 0.4797 0.3027, -0.5171 0.4646 0.3248, -0.5171 0.4843 0.3226, -0.5073 0.4646 0.3485, -0.5073 0.4896 0.3457, -0.5039 0.4646 0.374, -0.5039 0.4952 0.3706, -0.5073 0.4646 0.3995, -0.5073 0.5009 0.3954, -0.5171 0.4646 0.4232, -0.5171 0.5062 0.4185, -0.5328 0.4646 0.4436, -0.5328 0.5107 0.4384, -0.5531 0.4646 0.4593, -0.5531 0.5142 0.4537, -0.5769 0.4646 0.4691, -0.5769 0.5164 0.4632, -0.6024 0.4646 0.4724, -0.6024 0.5171 0.4665, -0.6278 0.4646 0.4691, -0.6278 0.5164 0.4632, -0.6516 0.4646 0.4593, -0.6516 0.5142 0.4537, -0.672 0.4646 0.4436, -0.672 0.5107 0.4384, -0.6876 0.4646 0.4232, -0.6876 0.5062 0.4185, -0.6974 0.4646 0.3995, -0.6974 0.5009 0.3954, -0.7008 0.4646 0.374, -0.7008 0.4952 0.3706, -0.6974 0.4646 0.3485, -0.6974 0.4896 0.3457, -0.6876 0.4646 0.3248, -0.6876 0.4843 0.3226, -0.672 0.4646 0.3044, -0.672 0.4797 0.3027, -0.6516 0.4646 0.2888, -0.6516 0.4763 0.2875, -0.6278 0.4646 0.2789, -0.6278 0.4741 0.2779, -0.6024 0.4816 0.2717, -0.5769 0.4831 0.2747, -0.5531 0.4874 0.2836, -0.5328 0.4942 0.2977, -0.5171 0.503 0.316, -0.5073 0.5133 0.3374, -0.5039 0.5244 0.3604, -0.5073 0.5354 0.3833, -0.5171 0.5457 0.4047, -0.5328 0.5546 0.4231, -0.5531 0.5613 0.4372, -0.5769 0.5656 0.446, -0.6024 0.5671 0.449, -0.6278 0.5656 0.446, -0.6516 0.5613 0.4372, -0.672 0.5546 0.4231, -0.6876 0.5457 0.4047, -0.6974 0.5354 0.3833, -0.7008 0.5244 0.3604, -0.6974 0.5133 0.3374, -0.6876 0.503 0.316, -0.672 0.4942 0.2977, -0.6516 0.4874 0.2836, -0.6278 0.4831 0.2747, -0.6024 0.4891 0.267, -0.5769 0.4912 0.2696, -0.5531 0.4973 0.2773, -0.5328 0.5071 0.2895, -0.5171 0.5198 0.3055, -0.5073 0.5346 0.324, -0.5039 0.5505 0.344, -0.5073 0.5664 0.3639, -0.5171 0.5812 0.3824, -0.5328 0.5939 0.3984, -0.5531 0.6036 0.4106, -0.5769 0.6098 0.4183, -0.6024 0.6118 0.4209, -0.6278 0.6098 0.4183, -0.6516 0.6036 0.4106, -0.672 0.5939 0.3984, -0.6876 0.5812 0.3824, -0.6974 0.5664 0.3639, -0.7008 0.5505 0.344, -0.6974 0.5346 0.324, -0.6876 0.5198 0.3055, -0.672 0.5071 0.2895, -0.6516 0.4973 0.2773, -0.6278 0.4912 0.2696, -0.6024 0.4953 0.2608, -0.5769 0.498 0.2629, -0.5531 0.5057 0.269, -0.5328 0.5179 0.2787, -0.5171 0.5338 0.2915, -0.5073 0.5524 0.3063, -0.5039 0.5723 0.3221, -0.5073 0.5922 0.338, -0.5171 0.6108 0.3528, -0.5328 0.6267 0.3655, -0.5531 0.6389 0.3753, -0.5769 0.6466 0.3814, -0.6024 0.6493 0.3835, -0.6278 0.6466 0.3814, -0.6516 0.6389 0.3753, -0.672 0.6267 0.3655, -0.6876 0.6108 0.3528, -0.6974 0.5922 0.338, -0.7008 0.5723 0.3221, -0.6974 0.5524 0.3063, -0.6876 0.5338 0.2915, -0.672 0.5179 0.2787, -0.6516 0.5057 0.269, -0.6278 0.498 0.2629, -0.6024 0.5 0.2533, -0.5769 0.5031 0.2548, -0.5531 0.5119 0.259, -0.5328 0.526 0.2658, -0.5171 0.5444 0.2747, -0.5073 0.5658 0.285, -0.5039 0.5887 0.296, -0.5073 0.6117 0.3071, -0.5171 0.6331 0.3174, -0.5328 0.6514 0.3262, -0.5531 0.6655 0.333, -0.5769 0.6744 0.3373, -0.6024 0.6774 0.3387, -0.6278 0.6744 0.3373, -0.6516 0.6655 0.333, -0.672 0.6514 0.3262, -0.6876 0.6331 0.3174, -0.6974 0.6117 0.3071, -0.7008 0.5887 0.296, -0.6974 0.5658 0.285, -0.6876 0.5444 0.2747, -0.672 0.526 0.2658, -0.6516 0.5119 0.259, -0.6278 0.5031 0.2548, -0.6024 0.503 0.245, -0.5769 0.5062 0.2457, -0.5531 0.5158 0.2479, -0.5328 0.5311 0.2514, -0.5171 0.5509 0.2559, -0.5073 0.5741 0.2612, -0.5039 0.5989 0.2669, -0.5073 0.6237 0.2726, -0.5171 0.6469 0.2778, -0.5328 0.6668 0.2824, -0.5531 0.682 0.2859, -0.5769 0.6916 0.288, -0.6024 0.6949 0.2888, -0.6278 0.6916 0.288, -0.6516 0.682 0.2859, -0.672 0.6668 0.2824, -0.6876 0.6469 0.2778, -0.6974 0.6237 0.2726, -0.7008 0.5989 0.2669, -0.6974 0.5741 0.2612, -0.6876 0.5509 0.2559, -0.672 0.5311 0.2514, -0.6516 0.5158 0.2479, -0.6278 0.5062 0.2457, -0.6024 -2.0079 0.2756, -0.5769 -2.0079 0.2789, -0.5531 -2.0079 0.2888, -0.5328 -2.0079 0.3044, -0.5171 -2.0079 0.3248, -0.5073 -2.0079 0.3485, -0.5039 -2.0079 0.374, -0.5073 -2.0079 0.3995, -0.5171 -2.0079 0.4232, -0.5328 -2.0079 0.4436, -0.5531 -2.0079 0.4593, -0.5769 -2.0079 0.4691, -0.6024 -2.0079 0.4724, -0.6278 -2.0079 0.4691, -0.6516 -2.0079 0.4593, -0.672 -2.0079 0.4436, -0.6876 -2.0079 0.4232, -0.6974 -2.0079 0.3995, -0.7008 -2.0079 0.374, -0.6974 -2.0079 0.3485, -0.6876 -2.0079 0.3248, -0.672 -2.0079 0.3044, -0.6516 -2.0079 0.2888, -0.6278 -2.0079 0.2789, -0.6024 -2.0276 0.5459, -0.6024 -2.0345 0.5408, -0.6278 -2.0292 0.5488, -0.6278 -2.0367 0.5433, -0.6516 -2.0342 0.5573, -0.6516 -2.0434 0.5506, -0.672 -2.042 0.5709, -0.672 -2.0539 0.5621, -0.6876 -2.0522 0.5885, -0.6876 -2.0677 0.5771, -0.6974 -2.064 0.6091, -0.6974 -2.0838 0.5946, -0.7008 -2.0768 0.6311, -0.7008 -2.101 0.6134, -0.6974 -2.0895 0.6532, -0.6974 -2.1182 0.6322, -0.6876 -2.1014 0.6738, -0.6876 -2.1342 0.6497, -0.672 -2.1116 0.6914, -0.672 -2.148 0.6647, -0.6516 -2.1194 0.705, -0.6516 -2.1586 0.6762, -0.6278 -2.1243 0.7135, -0.6278 -2.1652 0.6835, -0.6024 -2.126 0.7164, -0.6024 -2.1675 0.686, -0.5769 -2.1243 0.7135, -0.5769 -2.1652 0.6835, -0.5531 -2.1194 0.705, -0.5531 -2.1586 0.6762, -0.5328 -2.1116 0.6914, -0.5328 -2.148 0.6647, -0.5171 -2.1014 0.6738, -0.5171 -2.1342 0.6497, -0.5073 -2.0895 0.6532, -0.5073 -2.1182 0.6322, -0.5039 -2.0768 0.6311, -0.5039 -2.101 0.6134, -0.5073 -2.064 0.6091, -0.5073 -2.0838 0.5946, -0.5171 -2.0522 0.5885, -0.5171 -2.0677 0.5771, -0.5328 -2.042 0.5709, -0.5328 -2.0539 0.5621, -0.5531 -2.0342 0.5573, -0.5531 -2.0434 0.5506, -0.5769 -2.0292 0.5488, -0.5769 -2.0367 0.5433, -0.6024 -2.0401 0.5344, -0.6278 -2.0429 0.5363, -0.6516 -2.0509 0.542, -0.672 -2.0637 0.5509, -0.6876 -2.0804 0.5626, -0.6974 -2.0999 0.5762, -0.7008 -2.1207 0.5908, -0.6974 -2.1416 0.6055, -0.6876 -2.1611 0.6191, -0.672 -2.1778 0.6308, -0.6516 -2.1906 0.6397, -0.6278 -2.1986 0.6454, -0.6024 -2.2014 0.6473, -0.5769 -2.1986 0.6454, -0.5531 -2.1906 0.6397, -0.5328 -2.1778 0.6308, -0.5171 -2.1611 0.6191, -0.5073 -2.1416 0.6055, -0.5039 -2.1207 0.5908, -0.5073 -2.0999 0.5762, -0.5171 -2.0804 0.5626, -0.5328 -2.0637 0.5509, -0.5531 -2.0509 0.542, -0.5769 -2.0429 0.5363, -0.6024 -2.0442 0.5269, -0.6278 -2.0473 0.5282, -0.6516 -2.0564 0.5319, -0.672 -2.0709 0.5379, -0.6876 -2.0897 0.5457, -0.6974 -2.1116 0.5548, -0.7008 -2.1352 0.5645, -0.6974 -2.1587 0.5743, -0.6876 -2.1806 0.5834, -0.672 -2.1995 0.5912, -0.6516 -2.2139 0.5972, -0.6278 -2.223 0.6009, -0.6024 -2.2261 0.6022, -0.5769 -2.223 0.6009, -0.5531 -2.2139 0.5972, -0.5328 -2.1995 0.5912, -0.5171 -2.1806 0.5834, -0.5073 -2.1587 0.5743, -0.5039 -2.1352 0.5645, -0.5073 -2.1116 0.5548, -0.5171 -2.0897 0.5457, -0.5328 -2.0709 0.5379, -0.5531 -2.0564 0.5319, -0.5769 -2.0473 0.5282, -0.6024 -2.0466 0.5186, -0.6278 -2.0499 0.5192, -0.6516 -2.0596 0.5209, -0.672 -2.075 0.5237, -0.6876 -2.0951 0.5272, -0.6974 -2.1185 0.5313, -0.7008 -2.1436 0.5357, -0.6974 -2.1687 0.5402, -0.6876 -2.192 0.5443, -0.672 -2.2121 0.5478, -0.6516 -2.2275 0.5505, -0.6278 -2.2372 0.5522, -0.6024 -2.2405 0.5528, -0.5769 -2.2372 0.5522, -0.5531 -2.2275 0.5505, -0.5328 -2.2121 0.5478, -0.5171 -2.192 0.5443, -0.5073 -2.1687 0.5402, -0.5039 -2.1436 0.5357, -0.5073 -2.1185 0.5313, -0.5171 -2.0951 0.5272, -0.5328 -2.075 0.5237, -0.5531 -2.0596 0.5209, -0.5769 -2.0499 0.5192, -0.6024 -2.0472 0.5101, -0.6278 -2.0506 0.5099, -0.6516 -2.0604 0.5095, -0.672 -2.076 0.5088, -0.6876 -2.0964 0.5079, -0.6974 -2.1201 0.5069, -0.7008 -2.1455 0.5058, -0.6974 -2.171 0.5047, -0.6876 -2.1947 0.5037, -0.672 -2.2151 0.5028, -0.6516 -2.2307 0.5021, -0.6278 -2.2405 0.5017, -0.6024 -2.2439 0.5015, -0.5769 -2.2405 0.5017, -0.5531 -2.2307 0.5021, -0.5328 -2.2151 0.5028, -0.5171 -2.1947 0.5037, -0.5073 -2.171 0.5047, -0.5039 -2.1455 0.5058, -0.5073 -2.1201 0.5069, -0.5171 -2.0964 0.5079, -0.5328 -2.076 0.5088, -0.5531 -2.0604 0.5095, -0.5769 -2.0506 0.5099, -0.6024 -2.0459 0.5016, -0.6278 -2.0491 0.5008, -0.6516 -2.0586 0.4982, -0.672 -2.0737 0.4942, -0.6876 -2.0934 0.4889, -0.6974 -2.1164 0.4827, -0.7008 -2.141 0.4761, -0.6974 -2.1656 0.4696, -0.6876 -2.1885 0.4634, -0.672 -2.2082 0.4581, -0.6516 -2.2233 0.4541, -0.6278 -2.2328 0.4515, -0.6024 -2.236 0.4507, -0.5769 -2.2328 0.4515, -0.5531 -2.2233 0.4541, -0.5328 -2.2082 0.4581, -0.5171 -2.1885 0.4634, -0.5073 -2.1656 0.4696, -0.5039 -2.141 0.4761, -0.5073 -2.1164 0.4827, -0.5171 -2.0934 0.4889, -0.5328 -2.0737 0.4942, -0.5531 -2.0586 0.4982, -0.5769 -2.0491 0.5008, -0.6024 -2.0428 0.4936, -0.6278 -2.0458 0.4921, -0.6516 -2.0545 0.4875, -0.672 -2.0684 0.4803, -0.6876 -2.0864 0.4709, -0.6974 -2.1075 0.4599, -0.7008 -2.1301 0.4482, -0.6974 -2.1527 0.4364, -0.6876 -2.1738 0.4255, -0.672 -2.1918 0.416, -0.6516 -2.2057 0.4088, -0.6278 -2.2144 0.4043, -0.6024 -2.2174 0.4027, -0.5769 -2.2144 0.4043, -0.5531 -2.2057 0.4088, -0.5328 -2.1918 0.416, -0.5171 -2.1738 0.4255, -0.5073 -2.1527 0.4364, -0.5039 -2.1301 0.4482, -0.5073 -2.1075 0.4599, -0.5171 -2.0864 0.4709, -0.5328 -2.0684 0.4803, -0.5531 -2.0545 0.4875, -0.5769 -2.0458 0.4921, -0.6024 -2.038 0.4865, -0.6278 -2.0406 0.4843, -0.6516 -2.0481 0.478, -0.672 -2.0601 0.468, -0.6876 -2.0757 0.4549, -0.6974 -2.0939 0.4396, -0.7008 -2.1134 0.4232, -0.6974 -2.1329 0.4069, -0.6876 -2.1511 0.3916, -0.672 -2.1667 0.3785, -0.6516 -2.1787 0.3684, -0.6278 -2.1863 0.3621, -0.6024 -2.1888 0.36, -0.5769 -2.1863 0.3621, -0.5531 -2.1787 0.3684, -0.5328 -2.1667 0.3785, -0.5171 -2.1511 0.3916, -0.5073 -2.1329 0.4069, -0.5039 -2.1134 0.4232, -0.5073 -2.0939 0.4396, -0.5171 -2.0757 0.4549, -0.5328 -2.0601 0.468, -0.5531 -2.0481 0.478, -0.5769 -2.0406 0.4843, -0.6024 -2.0318 0.4806, -0.6278 -2.0339 0.4779, -0.6516 -2.0399 0.4701, -0.672 -2.0494 0.4577, -0.6876 -2.0618 0.4415, -0.6974 -2.0763 0.4227, -0.7008 -2.0918 0.4025, -0.6974 -2.1073 0.3823, -0.6876 -2.1217 0.3634, -0.672 -2.1341 0.3473, -0.6516 -2.1436 0.3349, -0.6278 -2.1496 0.3271, -0.6024 -2.1517 0.3244, -0.5769 -2.1496 0.3271, -0.5531 -2.1436 0.3349, -0.5328 -2.1341 0.3473, -0.5171 -2.1217 0.3634, -0.5073 -2.1073 0.3823, -0.5039 -2.0918 0.4025, -0.5073 -2.0763 0.4227, -0.5171 -2.0618 0.4415, -0.5328 -2.0494 0.4577, -0.5531 -2.0399 0.4701, -0.5769 -2.0339 0.4779, -0.6024 -2.0245 0.4761, -0.6278 -2.0259 0.4731, -0.6516 -2.0301 0.4642, -0.672 -2.0367 0.45, -0.6876 -2.0453 0.4315, -0.6974 -2.0553 0.41, -0.7008 -2.0661 0.3869, -0.6974 -2.0769 0.3638, -0.6876 -2.0869 0.3423, -0.672 -2.0955 0.3238, -0.6516 -2.1021 0.3097, -0.6278 -2.1063 0.3008, -0.6024 -2.1077 0.2977, -0.5769 -2.1063 0.3008, -0.5531 -2.1021 0.3097, -0.5328 -2.0955 0.3238, -0.5171 -2.0869 0.3423, -0.5073 -2.0769 0.3638, -0.5039 -2.0661 0.3869, -0.5073 -2.0553 0.41, -0.5171 -2.0453 0.4315, -0.5328 -2.0367 0.45, -0.5531 -2.0301 0.4642, -0.5769 -2.0259 0.4731, -0.6024 -2.0164 0.4734, -0.6278 -2.0171 0.4701, -0.6516 -2.0192 0.4605, -0.672 -2.0226 0.4452, -0.6876 -2.027 0.4253, -0.6974 -2.0322 0.4022, -0.7008 -2.0377 0.3773, -0.6974 -2.0432 0.3524, -0.6876 -2.0484 0.3292, -0.672 -2.0528 0.3093, -0.6516 -2.0561 0.2941, -0.6278 -2.0583 0.2845, -0.6024 -2.059 0.2812, -0.5769 -2.0583 0.2845, -0.5531 -2.0561 0.2941, -0.5328 -2.0528 0.3093, -0.5171 -2.0484 0.3292, -0.5073 -2.0432 0.3524, -0.5039 -2.0377 0.3773, -0.5073 -2.0322 0.4022, -0.5171 -2.027 0.4253, -0.5328 -2.0226 0.4452, -0.5531 -2.0192 0.4605, -0.5769 -2.0171 0.4701, -1.4547 0.6876 -1.378, -1.431 0.6974 -1.378, -1.4055 0.6024 -1.378, -1.4055 0.7008 -1.378, -1.38 0.6974 -1.378, -1.5006 0.6278 -1.378, -1.4908 0.6516 -1.378, -1.4751 0.672 -1.378, -1.4908 0.5531 -1.378, -1.5006 0.5769 -1.378, -1.5039 0.6024 -1.378, -1.431 0.5073 -1.378, -1.4547 0.5171 -1.378, -1.4751 0.5328 -1.378, -1.3563 0.5171 -1.378, -1.38 0.5073 -1.378, -1.4055 0.5039 -1.378, -1.3104 0.5769 -1.378, -1.3203 0.5531 -1.378, -1.3359 0.5328 -1.378, -1.3203 0.6516 -1.378, -1.3104 0.6278 -1.378, -1.3071 0.6024 -1.378, -1.3563 0.6876 -1.378, -1.3359 0.672 -1.378, -1.3563 1.1844 2.4155, -1.38 1.1893 2.407, -1.4055 1.1417 2.4893, -1.4055 1.1909 2.4041, -1.431 1.1893 2.407, -1.3104 1.1545 2.4673, -1.3203 1.1663 2.4467, -1.3359 1.1765 2.4291, -1.3203 1.1171 2.532, -1.3104 1.129 2.5114, -1.3071 1.1417 2.4893, -1.38 1.0942 2.5717, -1.3563 1.0991 2.5632, -1.3359 1.1069 2.5496, -1.4547 1.0991 2.5632, -1.431 1.0942 2.5717, -1.4055 1.0925 2.5746, -1.5006 1.129 2.5114, -1.4908 1.1171 2.532, -1.4751 1.1069 2.5496, -1.4908 1.1663 2.4467, -1.5006 1.1545 2.4673, -1.5039 1.1417 2.4893, -1.4547 1.1844 2.4155, -1.4751 1.1765 2.4291, -1.4055 0.5039 0.2362, -1.38 0.5073 0.2362, -1.3563 0.5171 0.2362, -1.3359 0.5328 0.2362, -1.3203 0.5531 0.2362, -1.3104 0.5769 0.2362, -1.3071 0.6024 0.2362, -1.3104 0.6278 0.2362, -1.3203 0.6516 0.2362, -1.3359 0.672 0.2362, -1.3563 0.6876 0.2362, -1.38 0.6974 0.2362, -1.4055 0.7008 0.2362, -1.431 0.6974 0.2362, -1.4547 0.6876 0.2362, -1.4751 0.672 0.2362, -1.4908 0.6516 0.2362, -1.5006 0.6278 0.2362, -1.5039 0.6024 0.2362, -1.5006 0.5769 0.2362, -1.4908 0.5531 0.2362, -1.4751 0.5328 0.2362, -1.4547 0.5171 0.2362, -1.431 0.5073 0.2362, -1.4055 0.4646 0.2756, -1.4055 0.4733 0.2746, -1.38 0.4646 0.2789, -1.38 0.4741 0.2779, -1.3563 0.4646 0.2888, -1.3563 0.4763 0.2875, -1.3359 0.4646 0.3044, -1.3359 0.4797 0.3027, -1.3203 0.4646 0.3248, -1.3203 0.4843 0.3226, -1.3104 0.4646 0.3485, -1.3104 0.4896 0.3457, -1.3071 0.4646 0.374, -1.3071 0.4952 0.3706, -1.3104 0.4646 0.3995, -1.3104 0.5009 0.3954, -1.3203 0.4646 0.4232, -1.3203 0.5062 0.4185, -1.3359 0.4646 0.4436, -1.3359 0.5107 0.4384, -1.3563 0.4646 0.4593, -1.3563 0.5142 0.4537, -1.38 0.4646 0.4691, -1.38 0.5164 0.4632, -1.4055 0.4646 0.4724, -1.4055 0.5171 0.4665, -1.431 0.4646 0.4691, -1.431 0.5164 0.4632, -1.4547 0.4646 0.4593, -1.4547 0.5142 0.4537, -1.4751 0.4646 0.4436, -1.4751 0.5107 0.4384, -1.4908 0.4646 0.4232, -1.4908 0.5062 0.4185, -1.5006 0.4646 0.3995, -1.5006 0.5009 0.3954, -1.5039 0.4646 0.374, -1.5039 0.4952 0.3706, -1.5006 0.4646 0.3485, -1.5006 0.4896 0.3457, -1.4908 0.4646 0.3248, -1.4908 0.4843 0.3226, -1.4751 0.4646 0.3044, -1.4751 0.4797 0.3027, -1.4547 0.4646 0.2888, -1.4547 0.4763 0.2875, -1.431 0.4646 0.2789, -1.431 0.4741 0.2779, -1.4055 0.4816 0.2717, -1.38 0.4831 0.2747, -1.3563 0.4874 0.2836, -1.3359 0.4942 0.2977, -1.3203 0.503 0.316, -1.3104 0.5133 0.3374, -1.3071 0.5244 0.3604, -1.3104 0.5354 0.3833, -1.3203 0.5457 0.4047, -1.3359 0.5546 0.4231, -1.3563 0.5613 0.4372, -1.38 0.5656 0.446, -1.4055 0.5671 0.449, -1.431 0.5656 0.446, -1.4547 0.5613 0.4372, -1.4751 0.5546 0.4231, -1.4908 0.5457 0.4047, -1.5006 0.5354 0.3833, -1.5039 0.5244 0.3604, -1.5006 0.5133 0.3374, -1.4908 0.503 0.316, -1.4751 0.4942 0.2977, -1.4547 0.4874 0.2836, -1.431 0.4831 0.2747, -1.4055 0.4891 0.267, -1.38 0.4912 0.2696, -1.3563 0.4973 0.2773, -1.3359 0.5071 0.2895, -1.3203 0.5198 0.3055, -1.3104 0.5346 0.324, -1.3071 0.5505 0.344, -1.3104 0.5664 0.3639, -1.3203 0.5812 0.3824, -1.3359 0.5939 0.3984, -1.3563 0.6036 0.4106, -1.38 0.6098 0.4183, -1.4055 0.6118 0.4209, -1.431 0.6098 0.4183, -1.4547 0.6036 0.4106, -1.4751 0.5939 0.3984, -1.4908 0.5812 0.3824, -1.5006 0.5664 0.3639, -1.5039 0.5505 0.344, -1.5006 0.5346 0.324, -1.4908 0.5198 0.3055, -1.4751 0.5071 0.2895, -1.4547 0.4973 0.2773, -1.431 0.4912 0.2696, -1.4055 0.4953 0.2608, -1.38 0.498 0.2629, -1.3563 0.5057 0.269, -1.3359 0.5179 0.2787, -1.3203 0.5338 0.2915, -1.3104 0.5524 0.3063, -1.3071 0.5723 0.3221, -1.3104 0.5922 0.338, -1.3203 0.6108 0.3528, -1.3359 0.6267 0.3655, -1.3563 0.6389 0.3753, -1.38 0.6466 0.3814, -1.4055 0.6493 0.3835, -1.431 0.6466 0.3814, -1.4547 0.6389 0.3753, -1.4751 0.6267 0.3655, -1.4908 0.6108 0.3528, -1.5006 0.5922 0.338, -1.5039 0.5723 0.3221, -1.5006 0.5524 0.3063, -1.4908 0.5338 0.2915, -1.4751 0.5179 0.2787, -1.4547 0.5057 0.269, -1.431 0.498 0.2629, -1.4055 0.5 0.2533, -1.38 0.5031 0.2548, -1.3563 0.5119 0.259, -1.3359 0.526 0.2658, -1.3203 0.5444 0.2747, -1.3104 0.5658 0.285, -1.3071 0.5887 0.296, -1.3104 0.6117 0.3071, -1.3203 0.6331 0.3174, -1.3359 0.6514 0.3262, -1.3563 0.6655 0.333, -1.38 0.6744 0.3373, -1.4055 0.6774 0.3387, -1.431 0.6744 0.3373, -1.4547 0.6655 0.333, -1.4751 0.6514 0.3262, -1.4908 0.6331 0.3174, -1.5006 0.6117 0.3071, -1.5039 0.5887 0.296, -1.5006 0.5658 0.285, -1.4908 0.5444 0.2747, -1.4751 0.526 0.2658, -1.4547 0.5119 0.259, -1.431 0.5031 0.2548, -1.4055 0.503 0.245, -1.38 0.5062 0.2457, -1.3563 0.5158 0.2479, -1.3359 0.5311 0.2514, -1.3203 0.5509 0.2559, -1.3104 0.5741 0.2612, -1.3071 0.5989 0.2669, -1.3104 0.6237 0.2726, -1.3203 0.6469 0.2778, -1.3359 0.6668 0.2824, -1.3563 0.682 0.2859, -1.38 0.6916 0.288, -1.4055 0.6949 0.2888, -1.431 0.6916 0.288, -1.4547 0.682 0.2859, -1.4751 0.6668 0.2824, -1.4908 0.6469 0.2778, -1.5006 0.6237 0.2726, -1.5039 0.5989 0.2669, -1.5006 0.5741 0.2612, -1.4908 0.5509 0.2559, -1.4751 0.5311 0.2514, -1.4547 0.5158 0.2479, -1.431 0.5062 0.2457, -1.4055 -2.0079 0.2756, -1.38 -2.0079 0.2789, -1.3563 -2.0079 0.2888, -1.3359 -2.0079 0.3044, -1.3203 -2.0079 0.3248, -1.3104 -2.0079 0.3485, -1.3071 -2.0079 0.374, -1.3104 -2.0079 0.3995, -1.3203 -2.0079 0.4232, -1.3359 -2.0079 0.4436, -1.3563 -2.0079 0.4593, -1.38 -2.0079 0.4691, -1.4055 -2.0079 0.4724, -1.431 -2.0079 0.4691, -1.4547 -2.0079 0.4593, -1.4751 -2.0079 0.4436, -1.4908 -2.0079 0.4232, -1.5006 -2.0079 0.3995, -1.5039 -2.0079 0.374, -1.5006 -2.0079 0.3485, -1.4908 -2.0079 0.3248, -1.4751 -2.0079 0.3044, -1.4547 -2.0079 0.2888, -1.431 -2.0079 0.2789, -1.4055 -2.0276 0.5459, -1.4055 -2.0345 0.5408, -1.431 -2.0292 0.5488, -1.431 -2.0367 0.5433, -1.4547 -2.0342 0.5573, -1.4547 -2.0434 0.5506, -1.4751 -2.042 0.5709, -1.4751 -2.0539 0.5621, -1.4908 -2.0522 0.5885, -1.4908 -2.0677 0.5771, -1.5006 -2.064 0.6091, -1.5006 -2.0838 0.5946, -1.5039 -2.0768 0.6311, -1.5039 -2.101 0.6134, -1.5006 -2.0895 0.6532, -1.5006 -2.1182 0.6322, -1.4908 -2.1014 0.6738, -1.4908 -2.1342 0.6497, -1.4751 -2.1116 0.6914, -1.4751 -2.148 0.6647, -1.4547 -2.1194 0.705, -1.4547 -2.1586 0.6762, -1.431 -2.1243 0.7135, -1.431 -2.1652 0.6835, -1.4055 -2.126 0.7164, -1.4055 -2.1675 0.686, -1.38 -2.1243 0.7135, -1.38 -2.1652 0.6835, -1.3563 -2.1194 0.705, -1.3563 -2.1586 0.6762, -1.3359 -2.1116 0.6914, -1.3359 -2.148 0.6647, -1.3203 -2.1014 0.6738, -1.3203 -2.1342 0.6497, -1.3104 -2.0895 0.6532, -1.3104 -2.1182 0.6322, -1.3071 -2.0768 0.6311, -1.3071 -2.101 0.6134, -1.3104 -2.064 0.6091, -1.3104 -2.0838 0.5946, -1.3203 -2.0522 0.5885, -1.3203 -2.0677 0.5771, -1.3359 -2.042 0.5709, -1.3359 -2.0539 0.5621, -1.3563 -2.0342 0.5573, -1.3563 -2.0434 0.5506, -1.38 -2.0292 0.5488, -1.38 -2.0367 0.5433, -1.4055 -2.0401 0.5344, -1.431 -2.0429 0.5363, -1.4547 -2.0509 0.542, -1.4751 -2.0637 0.5509, -1.4908 -2.0804 0.5626, -1.5006 -2.0999 0.5762, -1.5039 -2.1207 0.5908, -1.5006 -2.1416 0.6055, -1.4908 -2.1611 0.6191, -1.4751 -2.1778 0.6308, -1.4547 -2.1906 0.6397, -1.431 -2.1986 0.6454, -1.4055 -2.2014 0.6473, -1.38 -2.1986 0.6454, -1.3563 -2.1906 0.6397, -1.3359 -2.1778 0.6308, -1.3203 -2.1611 0.6191, -1.3104 -2.1416 0.6055, -1.3071 -2.1207 0.5908, -1.3104 -2.0999 0.5762, -1.3203 -2.0804 0.5626, -1.3359 -2.0637 0.5509, -1.3563 -2.0509 0.542, -1.38 -2.0429 0.5363, -1.4055 -2.0442 0.5269, -1.431 -2.0473 0.5282, -1.4547 -2.0564 0.5319, -1.4751 -2.0709 0.5379, -1.4908 -2.0897 0.5457, -1.5006 -2.1116 0.5548, -1.5039 -2.1352 0.5645, -1.5006 -2.1587 0.5743, -1.4908 -2.1806 0.5834, -1.4751 -2.1995 0.5912, -1.4547 -2.2139 0.5972, -1.431 -2.223 0.6009, -1.4055 -2.2261 0.6022, -1.38 -2.223 0.6009, -1.3563 -2.2139 0.5972, -1.3359 -2.1995 0.5912, -1.3203 -2.1806 0.5834, -1.3104 -2.1587 0.5743, -1.3071 -2.1352 0.5645, -1.3104 -2.1116 0.5548, -1.3203 -2.0897 0.5457, -1.3359 -2.0709 0.5379, -1.3563 -2.0564 0.5319, -1.38 -2.0473 0.5282, -1.4055 -2.0466 0.5186, -1.431 -2.0499 0.5192, -1.4547 -2.0596 0.5209, -1.4751 -2.075 0.5237, -1.4908 -2.0951 0.5272, -1.5006 -2.1185 0.5313, -1.5039 -2.1436 0.5357, -1.5006 -2.1687 0.5402, -1.4908 -2.192 0.5443, -1.4751 -2.2121 0.5478, -1.4547 -2.2275 0.5505, -1.431 -2.2372 0.5522, -1.4055 -2.2405 0.5528, -1.38 -2.2372 0.5522, -1.3563 -2.2275 0.5505, -1.3359 -2.2121 0.5478, -1.3203 -2.192 0.5443, -1.3104 -2.1687 0.5402, -1.3071 -2.1436 0.5357, -1.3104 -2.1185 0.5313, -1.3203 -2.0951 0.5272, -1.3359 -2.075 0.5237, -1.3563 -2.0596 0.5209, -1.38 -2.0499 0.5192, -1.4055 -2.0472 0.5101, -1.431 -2.0506 0.5099, -1.4547 -2.0604 0.5095, -1.4751 -2.076 0.5088, -1.4908 -2.0964 0.5079, -1.5006 -2.1201 0.5069, -1.5039 -2.1455 0.5058, -1.5006 -2.171 0.5047, -1.4908 -2.1947 0.5037, -1.4751 -2.2151 0.5028, -1.4547 -2.2307 0.5021, -1.431 -2.2405 0.5017, -1.4055 -2.2439 0.5015, -1.38 -2.2405 0.5017, -1.3563 -2.2307 0.5021, -1.3359 -2.2151 0.5028, -1.3203 -2.1947 0.5037, -1.3104 -2.171 0.5047, -1.3071 -2.1455 0.5058, -1.3104 -2.1201 0.5069, -1.3203 -2.0964 0.5079, -1.3359 -2.076 0.5088, -1.3563 -2.0604 0.5095, -1.38 -2.0506 0.5099, -1.4055 -2.0459 0.5016, -1.431 -2.0491 0.5008, -1.4547 -2.0586 0.4982, -1.4751 -2.0737 0.4942, -1.4908 -2.0934 0.4889, -1.5006 -2.1164 0.4827, -1.5039 -2.141 0.4761, -1.5006 -2.1656 0.4696, -1.4908 -2.1885 0.4634, -1.4751 -2.2082 0.4581, -1.4547 -2.2233 0.4541, -1.431 -2.2328 0.4515, -1.4055 -2.236 0.4507, -1.38 -2.2328 0.4515, -1.3563 -2.2233 0.4541, -1.3359 -2.2082 0.4581, -1.3203 -2.1885 0.4634, -1.3104 -2.1656 0.4696, -1.3071 -2.141 0.4761, -1.3104 -2.1164 0.4827, -1.3203 -2.0934 0.4889, -1.3359 -2.0737 0.4942, -1.3563 -2.0586 0.4982, -1.38 -2.0491 0.5008, -1.4055 -2.0428 0.4936, -1.431 -2.0458 0.4921, -1.4547 -2.0545 0.4875, -1.4751 -2.0684 0.4803, -1.4908 -2.0864 0.4709, -1.5006 -2.1075 0.4599, -1.5039 -2.1301 0.4482, -1.5006 -2.1527 0.4364, -1.4908 -2.1738 0.4255, -1.4751 -2.1918 0.416, -1.4547 -2.2057 0.4088, -1.431 -2.2144 0.4043, -1.4055 -2.2174 0.4027, -1.38 -2.2144 0.4043, -1.3563 -2.2057 0.4088, -1.3359 -2.1918 0.416, -1.3203 -2.1738 0.4255, -1.3104 -2.1527 0.4364, -1.3071 -2.1301 0.4482, -1.3104 -2.1075 0.4599, -1.3203 -2.0864 0.4709, -1.3359 -2.0684 0.4803, -1.3563 -2.0545 0.4875, -1.38 -2.0458 0.4921, -1.4055 -2.038 0.4865, -1.431 -2.0406 0.4843, -1.4547 -2.0481 0.478, -1.4751 -2.0601 0.468, -1.4908 -2.0757 0.4549, -1.5006 -2.0939 0.4396, -1.5039 -2.1134 0.4232, -1.5006 -2.1329 0.4069, -1.4908 -2.1511 0.3916, -1.4751 -2.1667 0.3785, -1.4547 -2.1787 0.3684, -1.431 -2.1863 0.3621, -1.4055 -2.1888 0.36, -1.38 -2.1863 0.3621, -1.3563 -2.1787 0.3684, -1.3359 -2.1667 0.3785, -1.3203 -2.1511 0.3916, -1.3104 -2.1329 0.4069, -1.3071 -2.1134 0.4232, -1.3104 -2.0939 0.4396, -1.3203 -2.0757 0.4549, -1.3359 -2.0601 0.468, -1.3563 -2.0481 0.478, -1.38 -2.0406 0.4843, -1.4055 -2.0318 0.4806, -1.431 -2.0339 0.4779, -1.4547 -2.0399 0.4701, -1.4751 -2.0494 0.4577, -1.4908 -2.0618 0.4415, -1.5006 -2.0763 0.4227, -1.5039 -2.0918 0.4025, -1.5006 -2.1073 0.3823, -1.4908 -2.1217 0.3634, -1.4751 -2.1341 0.3473, -1.4547 -2.1436 0.3349, -1.431 -2.1496 0.3271, -1.4055 -2.1517 0.3244, -1.38 -2.1496 0.3271, -1.3563 -2.1436 0.3349, -1.3359 -2.1341 0.3473, -1.3203 -2.1217 0.3634, -1.3104 -2.1073 0.3823, -1.3071 -2.0918 0.4025, -1.3104 -2.0763 0.4227, -1.3203 -2.0618 0.4415, -1.3359 -2.0494 0.4577, -1.3563 -2.0399 0.4701, -1.38 -2.0339 0.4779, -1.4055 -2.0245 0.4761, -1.431 -2.0259 0.4731, -1.4547 -2.0301 0.4642, -1.4751 -2.0367 0.45, -1.4908 -2.0453 0.4315, -1.5006 -2.0553 0.41, -1.5039 -2.0661 0.3869, -1.5006 -2.0769 0.3638, -1.4908 -2.0869 0.3423, -1.4751 -2.0955 0.3238, -1.4547 -2.1021 0.3097, -1.431 -2.1063 0.3008, -1.4055 -2.1077 0.2977, -1.38 -2.1063 0.3008, -1.3563 -2.1021 0.3097, -1.3359 -2.0955 0.3238, -1.3203 -2.0869 0.3423, -1.3104 -2.0769 0.3638, -1.3071 -2.0661 0.3869, -1.3104 -2.0553 0.41, -1.3203 -2.0453 0.4315, -1.3359 -2.0367 0.45, -1.3563 -2.0301 0.4642, -1.38 -2.0259 0.4731, -1.4055 -2.0164 0.4734, -1.431 -2.0171 0.4701, -1.4547 -2.0192 0.4605, -1.4751 -2.0226 0.4452, -1.4908 -2.027 0.4253, -1.5006 -2.0322 0.4022, -1.5039 -2.0377 0.3773, -1.5006 -2.0432 0.3524, -1.4908 -2.0484 0.3292, -1.4751 -2.0528 0.3093, -1.4547 -2.0561 0.2941, -1.431 -2.0583 0.2845, -1.4055 -2.059 0.2812, -1.38 -2.0583 0.2845, -1.3563 -2.0561 0.2941, -1.3359 -2.0528 0.3093, -1.3203 -2.0484 0.3292, -1.3104 -2.0432 0.3524, -1.3071 -2.0377 0.3773, -1.3104 -2.0322 0.4022, -1.3203 -2.027 0.4253, -1.3359 -2.0226 0.4452, -1.3563 -2.0192 0.4605, -1.38 -2.0171 0.4701, 0.5531 -0.0132 -1.378, 0.5769 -0.0034 -1.378, 0.6024 -0.0984 -1.378, 0.6024 0.0 -1.378, 0.6278 -0.0034 -1.378, 0.5073 -0.073 -1.378, 0.5171 -0.0492 -1.378, 0.5328 -0.0288 -1.378, 0.5171 -0.1476 -1.378, 0.5073 -0.1239 -1.378, 0.5039 -0.0984 -1.378, 0.5769 -0.1935 -1.378, 0.5531 -0.1837 -1.378, 0.5328 -0.168 -1.378, 0.6516 -0.1837 -1.378, 0.6278 -0.1935 -1.378, 0.6024 -0.1969 -1.378, 0.6974 -0.1239 -1.378, 0.6876 -0.1476 -1.378, 0.672 -0.168 -1.378, 0.6876 -0.0492 -1.378, 0.6974 -0.073 -1.378, 0.7008 -0.0984 -1.378, 0.6516 -0.0132 -1.378, 0.672 -0.0288 -1.378, 0.6516 1.1844 2.4155, 0.6278 1.1893 2.407, 0.6024 1.1417 2.4893, 0.6024 1.1909 2.4041, 0.5769 1.1893 2.407, 0.6974 1.1545 2.4673, 0.6876 1.1663 2.4467, 0.672 1.1765 2.4291, 0.6876 1.1171 2.532, 0.6974 1.129 2.5114, 0.7008 1.1417 2.4893, 0.6278 1.0942 2.5717, 0.6516 1.0991 2.5632, 0.672 1.1069 2.5496, 0.5531 1.0991 2.5632, 0.5769 1.0942 2.5717, 0.6024 1.0925 2.5746, 0.5073 1.129 2.5114, 0.5171 1.1171 2.532, 0.5328 1.1069 2.5496, 0.5171 1.1663 2.4467, 0.5073 1.1545 2.4673, 0.5039 1.1417 2.4893, 0.5531 1.1844 2.4155, 0.5328 1.1765 2.4291, 0.7008 -0.0984 0.2362, 0.6974 -0.073 0.2362, 0.6876 -0.0492 0.2362, 0.672 -0.0288 0.2362, 0.6516 -0.0132 0.2362, 0.6278 -0.0034 0.2362, 0.6024 0.0 0.2362, 0.5769 -0.0034 0.2362, 0.5531 -0.0132 0.2362, 0.5328 -0.0288 0.2362, 0.5171 -0.0492 0.2362, 0.5073 -0.073 0.2362, 0.5039 -0.0984 0.2362, 0.5073 -0.1239 0.2362, 0.5171 -0.1476 0.2362, 0.5328 -0.168 0.2362, 0.5531 -0.1837 0.2362, 0.5769 -0.1935 0.2362, 0.6024 -0.1969 0.2362, 0.6278 -0.1935 0.2362, 0.6516 -0.1837 0.2362, 0.672 -0.168 0.2362, 0.6876 -0.1476 0.2362, 0.6974 -0.1239 0.2362, 0.6024 -0.2362 0.2756, 0.6024 -0.2275 0.2746, 0.6278 -0.2362 0.2789, 0.6278 -0.2267 0.2779, 0.6516 -0.2362 0.2888, 0.6516 -0.2245 0.2875, 0.672 -0.2362 0.3044, 0.672 -0.221 0.3027, 0.6876 -0.2362 0.3248, 0.6876 -0.2165 0.3226, 0.6974 -0.2362 0.3485, 0.6974 -0.2112 0.3457, 0.7008 -0.2362 0.374, 0.7008 -0.2056 0.3706, 0.6974 -0.2362 0.3995, 0.6974 -0.1999 0.3954, 0.6876 -0.2362 0.4232, 0.6876 -0.1946 0.4185, 0.672 -0.2362 0.4436, 0.672 -0.1901 0.4384, 0.6516 -0.2362 0.4593, 0.6516 -0.1866 0.4537, 0.6278 -0.2362 0.4691, 0.6278 -0.1844 0.4632, 0.6024 -0.2362 0.4724, 0.6024 -0.1837 0.4665, 0.5769 -0.2362 0.4691, 0.5769 -0.1844 0.4632, 0.5531 -0.2362 0.4593, 0.5531 -0.1866 0.4537, 0.5328 -0.2362 0.4436, 0.5328 -0.1901 0.4384, 0.5171 -0.2362 0.4232, 0.5171 -0.1946 0.4185, 0.5073 -0.2362 0.3995, 0.5073 -0.1999 0.3954, 0.5039 -0.2362 0.374, 0.5039 -0.2056 0.3706, 0.5073 -0.2362 0.3485, 0.5073 -0.2112 0.3457, 0.5171 -0.2362 0.3248, 0.5171 -0.2165 0.3226, 0.5328 -0.2362 0.3044, 0.5328 -0.221 0.3027, 0.5531 -0.2362 0.2888, 0.5531 -0.2245 0.2875, 0.5769 -0.2362 0.2789, 0.5769 -0.2267 0.2779, 0.6024 -0.2191 0.2717, 0.6278 -0.2177 0.2747, 0.6516 -0.2134 0.2836, 0.672 -0.2066 0.2977, 0.6876 -0.1978 0.316, 0.6974 -0.1875 0.3374, 0.7008 -0.1764 0.3604, 0.6974 -0.1654 0.3833, 0.6876 -0.1551 0.4047, 0.672 -0.1462 0.4231, 0.6516 -0.1394 0.4372, 0.6278 -0.1352 0.446, 0.6024 -0.1337 0.449, 0.5769 -0.1352 0.446, 0.5531 -0.1394 0.4372, 0.5328 -0.1462 0.4231, 0.5171 -0.1551 0.4047, 0.5073 -0.1654 0.3833, 0.5039 -0.1764 0.3604, 0.5073 -0.1875 0.3374, 0.5171 -0.1978 0.316, 0.5328 -0.2066 0.2977, 0.5531 -0.2134 0.2836, 0.5769 -0.2177 0.2747, 0.6024 -0.2117 0.267, 0.6278 -0.2096 0.2696, 0.6516 -0.2035 0.2773, 0.672 -0.1937 0.2895, 0.6876 -0.181 0.3055, 0.6974 -0.1662 0.324, 0.7008 -0.1503 0.344, 0.6974 -0.1344 0.3639, 0.6876 -0.1196 0.3824, 0.672 -0.1069 0.3984, 0.6516 -0.0972 0.4106, 0.6278 -0.091 0.4183, 0.6024 -0.0889 0.4209, 0.5769 -0.091 0.4183, 0.5531 -0.0972 0.4106, 0.5328 -0.1069 0.3984, 0.5171 -0.1196 0.3824, 0.5073 -0.1344 0.3639, 0.5039 -0.1503 0.344, 0.5073 -0.1662 0.324, 0.5171 -0.181 0.3055, 0.5328 -0.1937 0.2895, 0.5531 -0.2035 0.2773, 0.5769 -0.2096 0.2696, 0.6024 -0.2054 0.2608, 0.6278 -0.2028 0.2629, 0.6516 -0.1951 0.269, 0.672 -0.1829 0.2787, 0.6876 -0.167 0.2915, 0.6974 -0.1484 0.3063, 0.7008 -0.1285 0.3221, 0.6974 -0.1086 0.338, 0.6876 -0.09 0.3528, 0.672 -0.0741 0.3655, 0.6516 -0.0618 0.3753, 0.6278 -0.0542 0.3814, 0.6024 -0.0515 0.3835, 0.5769 -0.0542 0.3814, 0.5531 -0.0618 0.3753, 0.5328 -0.0741 0.3655, 0.5171 -0.09 0.3528, 0.5073 -0.1086 0.338, 0.5039 -0.1285 0.3221, 0.5073 -0.1484 0.3063, 0.5171 -0.167 0.2915, 0.5328 -0.1829 0.2787, 0.5531 -0.1951 0.269, 0.5769 -0.2028 0.2629, 0.6024 -0.2007 0.2533, 0.6278 -0.1977 0.2548, 0.6516 -0.1889 0.259, 0.672 -0.1748 0.2658, 0.6876 -0.1564 0.2747, 0.6974 -0.135 0.285, 0.7008 -0.1121 0.296, 0.6974 -0.0891 0.3071, 0.6876 -0.0677 0.3174, 0.672 -0.0494 0.3262, 0.6516 -0.0353 0.333, 0.6278 -0.0264 0.3373, 0.6024 -0.0234 0.3387, 0.5769 -0.0264 0.3373, 0.5531 -0.0353 0.333, 0.5328 -0.0494 0.3262, 0.5171 -0.0677 0.3174, 0.5073 -0.0891 0.3071, 0.5039 -0.1121 0.296, 0.5073 -0.135 0.285, 0.5171 -0.1564 0.2747, 0.5328 -0.1748 0.2658, 0.5531 -0.1889 0.259, 0.5769 -0.1977 0.2548, 0.6024 -0.1978 0.245, 0.6278 -0.1946 0.2457, 0.6516 -0.185 0.2479, 0.672 -0.1697 0.2514, 0.6876 -0.1499 0.2559, 0.6974 -0.1267 0.2612, 0.7008 -0.1019 0.2669, 0.6974 -0.077 0.2726, 0.6876 -0.0539 0.2778, 0.672 -0.034 0.2824, 0.6516 -0.0188 0.2859, 0.6278 -0.0092 0.288, 0.6024 -0.0059 0.2888, 0.5769 -0.0092 0.288, 0.5531 -0.0188 0.2859, 0.5328 -0.034 0.2824, 0.5171 -0.0539 0.2778, 0.5073 -0.077 0.2726, 0.5039 -0.1019 0.2669, 0.5073 -0.1267 0.2612, 0.5171 -0.1499 0.2559, 0.5328 -0.1697 0.2514, 0.5531 -0.185 0.2479, 0.5769 -0.1946 0.2457, 0.6024 -2.0079 0.2756, 0.6278 -2.0079 0.2789, 0.6516 -2.0079 0.2888, 0.672 -2.0079 0.3044, 0.6876 -2.0079 0.3248, 0.6974 -2.0079 0.3485, 0.7008 -2.0079 0.374, 0.6974 -2.0079 0.3995, 0.6876 -2.0079 0.4232, 0.672 -2.0079 0.4436, 0.6516 -2.0079 0.4593, 0.6278 -2.0079 0.4691, 0.6024 -2.0079 0.4724, 0.5769 -2.0079 0.4691, 0.5531 -2.0079 0.4593, 0.5328 -2.0079 0.4436, 0.5171 -2.0079 0.4232, 0.5073 -2.0079 0.3995, 0.5039 -2.0079 0.374, 0.5073 -2.0079 0.3485, 0.5171 -2.0079 0.3248, 0.5328 -2.0079 0.3044, 0.5531 -2.0079 0.2888, 0.5769 -2.0079 0.2789, 0.6024 -2.0276 0.5459, 0.6024 -2.0345 0.5408, 0.5769 -2.0292 0.5488, 0.5769 -2.0367 0.5433, 0.5531 -2.0342 0.5573, 0.5531 -2.0434 0.5506, 0.5328 -2.042 0.5709, 0.5328 -2.0539 0.5621, 0.5171 -2.0522 0.5885, 0.5171 -2.0677 0.5771, 0.5073 -2.064 0.6091, 0.5073 -2.0838 0.5946, 0.5039 -2.0768 0.6311, 0.5039 -2.101 0.6134, 0.5073 -2.0895 0.6532, 0.5073 -2.1182 0.6322, 0.5171 -2.1014 0.6738, 0.5171 -2.1342 0.6497, 0.5328 -2.1116 0.6914, 0.5328 -2.148 0.6647, 0.5531 -2.1194 0.705, 0.5531 -2.1586 0.6762, 0.5769 -2.1243 0.7135, 0.5769 -2.1652 0.6835, 0.6024 -2.126 0.7164, 0.6024 -2.1675 0.686, 0.6278 -2.1243 0.7135, 0.6278 -2.1652 0.6835, 0.6516 -2.1194 0.705, 0.6516 -2.1586 0.6762, 0.672 -2.1116 0.6914, 0.672 -2.148 0.6647, 0.6876 -2.1014 0.6738, 0.6876 -2.1342 0.6497, 0.6974 -2.0895 0.6532, 0.6974 -2.1182 0.6322, 0.7008 -2.0768 0.6311, 0.7008 -2.101 0.6134, 0.6974 -2.064 0.6091, 0.6974 -2.0838 0.5946, 0.6876 -2.0522 0.5885, 0.6876 -2.0677 0.5771, 0.672 -2.042 0.5709, 0.672 -2.0539 0.5621, 0.6516 -2.0342 0.5573, 0.6516 -2.0434 0.5506, 0.6278 -2.0292 0.5488, 0.6278 -2.0367 0.5433, 0.6024 -2.0401 0.5344, 0.5769 -2.0429 0.5363, 0.5531 -2.0509 0.542, 0.5328 -2.0637 0.5509, 0.5171 -2.0804 0.5626, 0.5073 -2.0999 0.5762, 0.5039 -2.1207 0.5908, 0.5073 -2.1416 0.6055, 0.5171 -2.1611 0.6191, 0.5328 -2.1778 0.6308, 0.5531 -2.1906 0.6397, 0.5769 -2.1986 0.6454, 0.6024 -2.2014 0.6473, 0.6278 -2.1986 0.6454, 0.6516 -2.1906 0.6397, 0.672 -2.1778 0.6308, 0.6876 -2.1611 0.6191, 0.6974 -2.1416 0.6055, 0.7008 -2.1207 0.5908, 0.6974 -2.0999 0.5762, 0.6876 -2.0804 0.5626, 0.672 -2.0637 0.5509, 0.6516 -2.0509 0.542, 0.6278 -2.0429 0.5363, 0.6024 -2.0442 0.5269, 0.5769 -2.0473 0.5282, 0.5531 -2.0564 0.5319, 0.5328 -2.0709 0.5379, 0.5171 -2.0897 0.5457, 0.5073 -2.1116 0.5548, 0.5039 -2.1352 0.5645, 0.5073 -2.1587 0.5743, 0.5171 -2.1806 0.5834, 0.5328 -2.1995 0.5912, 0.5531 -2.2139 0.5972, 0.5769 -2.223 0.6009, 0.6024 -2.2261 0.6022, 0.6278 -2.223 0.6009, 0.6516 -2.2139 0.5972, 0.672 -2.1995 0.5912, 0.6876 -2.1806 0.5834, 0.6974 -2.1587 0.5743, 0.7008 -2.1352 0.5645, 0.6974 -2.1116 0.5548, 0.6876 -2.0897 0.5457, 0.672 -2.0709 0.5379, 0.6516 -2.0564 0.5319, 0.6278 -2.0473 0.5282, 0.6024 -2.0466 0.5186, 0.5769 -2.0499 0.5192, 0.5531 -2.0596 0.5209, 0.5328 -2.075 0.5237, 0.5171 -2.0951 0.5272, 0.5073 -2.1185 0.5313, 0.5039 -2.1436 0.5357, 0.5073 -2.1687 0.5402, 0.5171 -2.192 0.5443, 0.5328 -2.2121 0.5478, 0.5531 -2.2275 0.5505, 0.5769 -2.2372 0.5522, 0.6024 -2.2405 0.5528, 0.6278 -2.2372 0.5522, 0.6516 -2.2275 0.5505, 0.672 -2.2121 0.5478, 0.6876 -2.192 0.5443, 0.6974 -2.1687 0.5402, 0.7008 -2.1436 0.5357, 0.6974 -2.1185 0.5313, 0.6876 -2.0951 0.5272, 0.672 -2.075 0.5237, 0.6516 -2.0596 0.5209, 0.6278 -2.0499 0.5192, 0.6024 -2.0472 0.5101, 0.5769 -2.0506 0.5099, 0.5531 -2.0604 0.5095, 0.5328 -2.076 0.5088, 0.5171 -2.0964 0.5079, 0.5073 -2.1201 0.5069, 0.5039 -2.1455 0.5058, 0.5073 -2.171 0.5047, 0.5171 -2.1947 0.5037, 0.5328 -2.2151 0.5028, 0.5531 -2.2307 0.5021, 0.5769 -2.2405 0.5017, 0.6024 -2.2439 0.5015, 0.6278 -2.2405 0.5017, 0.6516 -2.2307 0.5021, 0.672 -2.2151 0.5028, 0.6876 -2.1947 0.5037, 0.6974 -2.171 0.5047, 0.7008 -2.1455 0.5058, 0.6974 -2.1201 0.5069, 0.6876 -2.0964 0.5079, 0.672 -2.076 0.5088, 0.6516 -2.0604 0.5095, 0.6278 -2.0506 0.5099, 0.6024 -2.0459 0.5016, 0.5769 -2.0491 0.5008, 0.5531 -2.0586 0.4982, 0.5328 -2.0737 0.4942, 0.5171 -2.0934 0.4889, 0.5073 -2.1164 0.4827, 0.5039 -2.141 0.4761, 0.5073 -2.1656 0.4696, 0.5171 -2.1885 0.4634, 0.5328 -2.2082 0.4581, 0.5531 -2.2233 0.4541, 0.5769 -2.2328 0.4515, 0.6024 -2.236 0.4507, 0.6278 -2.2328 0.4515, 0.6516 -2.2233 0.4541, 0.672 -2.2082 0.4581, 0.6876 -2.1885 0.4634, 0.6974 -2.1656 0.4696, 0.7008 -2.141 0.4761, 0.6974 -2.1164 0.4827, 0.6876 -2.0934 0.4889, 0.672 -2.0737 0.4942, 0.6516 -2.0586 0.4982, 0.6278 -2.0491 0.5008, 0.6024 -2.0428 0.4936, 0.5769 -2.0458 0.4921, 0.5531 -2.0545 0.4875, 0.5328 -2.0684 0.4803, 0.5171 -2.0864 0.4709, 0.5073 -2.1075 0.4599, 0.5039 -2.1301 0.4482, 0.5073 -2.1527 0.4364, 0.5171 -2.1738 0.4255, 0.5328 -2.1918 0.416, 0.5531 -2.2057 0.4088, 0.5769 -2.2144 0.4043, 0.6024 -2.2174 0.4027, 0.6278 -2.2144 0.4043, 0.6516 -2.2057 0.4088, 0.672 -2.1918 0.416, 0.6876 -2.1738 0.4255, 0.6974 -2.1527 0.4364, 0.7008 -2.1301 0.4482, 0.6974 -2.1075 0.4599, 0.6876 -2.0864 0.4709, 0.672 -2.0684 0.4803, 0.6516 -2.0545 0.4875, 0.6278 -2.0458 0.4921, 0.6024 -2.038 0.4865, 0.5769 -2.0406 0.4843, 0.5531 -2.0481 0.478, 0.5328 -2.0601 0.468, 0.5171 -2.0757 0.4549, 0.5073 -2.0939 0.4396, 0.5039 -2.1134 0.4232, 0.5073 -2.1329 0.4069, 0.5171 -2.1511 0.3916, 0.5328 -2.1667 0.3785, 0.5531 -2.1787 0.3684, 0.5769 -2.1863 0.3621, 0.6024 -2.1888 0.36, 0.6278 -2.1863 0.3621, 0.6516 -2.1787 0.3684, 0.672 -2.1667 0.3785, 0.6876 -2.1511 0.3916, 0.6974 -2.1329 0.4069, 0.7008 -2.1134 0.4232, 0.6974 -2.0939 0.4396, 0.6876 -2.0757 0.4549, 0.672 -2.0601 0.468, 0.6516 -2.0481 0.478, 0.6278 -2.0406 0.4843, 0.6024 -2.0318 0.4806, 0.5769 -2.0339 0.4779, 0.5531 -2.0399 0.4701, 0.5328 -2.0494 0.4577, 0.5171 -2.0618 0.4415, 0.5073 -2.0763 0.4227, 0.5039 -2.0918 0.4025, 0.5073 -2.1073 0.3823, 0.5171 -2.1217 0.3634, 0.5328 -2.1341 0.3473, 0.5531 -2.1436 0.3349, 0.5769 -2.1496 0.3271, 0.6024 -2.1517 0.3244, 0.6278 -2.1496 0.3271, 0.6516 -2.1436 0.3349, 0.672 -2.1341 0.3473, 0.6876 -2.1217 0.3634, 0.6974 -2.1073 0.3823, 0.7008 -2.0918 0.4025, 0.6974 -2.0763 0.4227, 0.6876 -2.0618 0.4415, 0.672 -2.0494 0.4577, 0.6516 -2.0399 0.4701, 0.6278 -2.0339 0.4779, 0.6024 -2.0245 0.4761, 0.5769 -2.0259 0.4731, 0.5531 -2.0301 0.4642, 0.5328 -2.0367 0.45, 0.5171 -2.0453 0.4315, 0.5073 -2.0553 0.41, 0.5039 -2.0661 0.3869, 0.5073 -2.0769 0.3638, 0.5171 -2.0869 0.3423, 0.5328 -2.0955 0.3238, 0.5531 -2.1021 0.3097, 0.5769 -2.1063 0.3008, 0.6024 -2.1077 0.2977, 0.6278 -2.1063 0.3008, 0.6516 -2.1021 0.3097, 0.672 -2.0955 0.3238, 0.6876 -2.0869 0.3423, 0.6974 -2.0769 0.3638, 0.7008 -2.0661 0.3869, 0.6974 -2.0553 0.41, 0.6876 -2.0453 0.4315, 0.672 -2.0367 0.45, 0.6516 -2.0301 0.4642, 0.6278 -2.0259 0.4731, 0.6024 -2.0164 0.4734, 0.5769 -2.0171 0.4701, 0.5531 -2.0192 0.4605, 0.5328 -2.0226 0.4452, 0.5171 -2.027 0.4253, 0.5073 -2.0322 0.4022, 0.5039 -2.0377 0.3773, 0.5073 -2.0432 0.3524, 0.5171 -2.0484 0.3292, 0.5328 -2.0528 0.3093, 0.5531 -2.0561 0.2941, 0.5769 -2.0583 0.2845, 0.6024 -2.059 0.2812, 0.6278 -2.0583 0.2845, 0.6516 -2.0561 0.2941, 0.672 -2.0528 0.3093, 0.6876 -2.0484 0.3292, 0.6974 -2.0432 0.3524, 0.7008 -2.0377 0.3773, 0.6974 -2.0322 0.4022, 0.6876 -2.027 0.4253, 0.672 -2.0226 0.4452, 0.6516 -2.0192 0.4605, 0.6278 -2.0171 0.4701, -0.25 -0.0132 -1.378, -0.2263 -0.0034 -1.378, -0.2008 -0.0984 -1.378, -0.2008 0.0 -1.378, -0.1753 -0.0034 -1.378, -0.2959 -0.073 -1.378, -0.286 -0.0492 -1.378, -0.2704 -0.0288 -1.378, -0.286 -0.1476 -1.378, -0.2959 -0.1239 -1.378, -0.2992 -0.0984 -1.378, -0.2263 -0.1935 -1.378, -0.25 -0.1837 -1.378, -0.2704 -0.168 -1.378, -0.1516 -0.1837 -1.378, -0.1753 -0.1935 -1.378, -0.2008 -0.1969 -1.378, -0.1057 -0.1239 -1.378, -0.1155 -0.1476 -1.378, -0.1312 -0.168 -1.378, -0.1155 -0.0492 -1.378, -0.1057 -0.073 -1.378, -0.1024 -0.0984 -1.378, -0.1516 -0.0132 -1.378, -0.1312 -0.0288 -1.378, -0.1516 1.1844 2.4155, -0.1753 1.1893 2.407, -0.2008 1.1417 2.4893, -0.2008 1.1909 2.4041, -0.2263 1.1893 2.407, -0.1057 1.1545 2.4673, -0.1155 1.1663 2.4467, -0.1312 1.1765 2.4291, -0.1155 1.1171 2.532, -0.1057 1.129 2.5114, -0.1024 1.1417 2.4893, -0.1753 1.0942 2.5717, -0.1516 1.0991 2.5632, -0.1312 1.1069 2.5496, -0.25 1.0991 2.5632, -0.2263 1.0942 2.5717, -0.2008 1.0925 2.5746, -0.2959 1.129 2.5114, -0.286 1.1171 2.532, -0.2704 1.1069 2.5496, -0.286 1.1663 2.4467, -0.2959 1.1545 2.4673, -0.2992 1.1417 2.4893, -0.25 1.1844 2.4155, -0.2704 1.1765 2.4291, -0.1024 -0.0984 0.2362, -0.1057 -0.073 0.2362, -0.1155 -0.0492 0.2362, -0.1312 -0.0288 0.2362, -0.1516 -0.0132 0.2362, -0.1753 -0.0034 0.2362, -0.2008 0.0 0.2362, -0.2263 -0.0034 0.2362, -0.25 -0.0132 0.2362, -0.2704 -0.0288 0.2362, -0.286 -0.0492 0.2362, -0.2959 -0.073 0.2362, -0.2992 -0.0984 0.2362, -0.2959 -0.1239 0.2362, -0.286 -0.1476 0.2362, -0.2704 -0.168 0.2362, -0.25 -0.1837 0.2362, -0.2263 -0.1935 0.2362, -0.2008 -0.1969 0.2362, -0.1753 -0.1935 0.2362, -0.1516 -0.1837 0.2362, -0.1312 -0.168 0.2362, -0.1155 -0.1476 0.2362, -0.1057 -0.1239 0.2362, -0.2008 -0.2362 0.2756, -0.2008 -0.2275 0.2746, -0.1753 -0.2362 0.2789, -0.1753 -0.2267 0.2779, -0.1516 -0.2362 0.2888, -0.1516 -0.2245 0.2875, -0.1312 -0.2362 0.3044, -0.1312 -0.221 0.3027, -0.1155 -0.2362 0.3248, -0.1155 -0.2165 0.3226, -0.1057 -0.2362 0.3485, -0.1057 -0.2112 0.3457, -0.1024 -0.2362 0.374, -0.1024 -0.2056 0.3706, -0.1057 -0.2362 0.3995, -0.1057 -0.1999 0.3954, -0.1155 -0.2362 0.4232, -0.1155 -0.1946 0.4185, -0.1312 -0.2362 0.4436, -0.1312 -0.1901 0.4384, -0.1516 -0.2362 0.4593, -0.1516 -0.1866 0.4537, -0.1753 -0.2362 0.4691, -0.1753 -0.1844 0.4632, -0.2008 -0.2362 0.4724, -0.2008 -0.1837 0.4665, -0.2263 -0.2362 0.4691, -0.2263 -0.1844 0.4632, -0.25 -0.2362 0.4593, -0.25 -0.1866 0.4537, -0.2704 -0.2362 0.4436, -0.2704 -0.1901 0.4384, -0.286 -0.2362 0.4232, -0.286 -0.1946 0.4185, -0.2959 -0.2362 0.3995, -0.2959 -0.1999 0.3954, -0.2992 -0.2362 0.374, -0.2992 -0.2056 0.3706, -0.2959 -0.2362 0.3485, -0.2959 -0.2112 0.3457, -0.286 -0.2362 0.3248, -0.286 -0.2165 0.3226, -0.2704 -0.2362 0.3044, -0.2704 -0.221 0.3027, -0.25 -0.2362 0.2888, -0.25 -0.2245 0.2875, -0.2263 -0.2362 0.2789, -0.2263 -0.2267 0.2779, -0.2008 -0.2191 0.2717, -0.1753 -0.2177 0.2747, -0.1516 -0.2134 0.2836, -0.1312 -0.2066 0.2977, -0.1155 -0.1978 0.316, -0.1057 -0.1875 0.3374, -0.1024 -0.1764 0.3604, -0.1057 -0.1654 0.3833, -0.1155 -0.1551 0.4047, -0.1312 -0.1462 0.4231, -0.1516 -0.1394 0.4372, -0.1753 -0.1352 0.446, -0.2008 -0.1337 0.449, -0.2263 -0.1352 0.446, -0.25 -0.1394 0.4372, -0.2704 -0.1462 0.4231, -0.286 -0.1551 0.4047, -0.2959 -0.1654 0.3833, -0.2992 -0.1764 0.3604, -0.2959 -0.1875 0.3374, -0.286 -0.1978 0.316, -0.2704 -0.2066 0.2977, -0.25 -0.2134 0.2836, -0.2263 -0.2177 0.2747, -0.2008 -0.2117 0.267, -0.1753 -0.2096 0.2696, -0.1516 -0.2035 0.2773, -0.1312 -0.1937 0.2895, -0.1155 -0.181 0.3055, -0.1057 -0.1662 0.324, -0.1024 -0.1503 0.344, -0.1057 -0.1344 0.3639, -0.1155 -0.1196 0.3824, -0.1312 -0.1069 0.3984, -0.1516 -0.0972 0.4106, -0.1753 -0.091 0.4183, -0.2008 -0.0889 0.4209, -0.2263 -0.091 0.4183, -0.25 -0.0972 0.4106, -0.2704 -0.1069 0.3984, -0.286 -0.1196 0.3824, -0.2959 -0.1344 0.3639, -0.2992 -0.1503 0.344, -0.2959 -0.1662 0.324, -0.286 -0.181 0.3055, -0.2704 -0.1937 0.2895, -0.25 -0.2035 0.2773, -0.2263 -0.2096 0.2696, -0.2008 -0.2054 0.2608, -0.1753 -0.2028 0.2629, -0.1516 -0.1951 0.269, -0.1312 -0.1829 0.2787, -0.1155 -0.167 0.2915, -0.1057 -0.1484 0.3063, -0.1024 -0.1285 0.3221, -0.1057 -0.1086 0.338, -0.1155 -0.09 0.3528, -0.1312 -0.0741 0.3655, -0.1516 -0.0618 0.3753, -0.1753 -0.0542 0.3814, -0.2008 -0.0515 0.3835, -0.2263 -0.0542 0.3814, -0.25 -0.0618 0.3753, -0.2704 -0.0741 0.3655, -0.286 -0.09 0.3528, -0.2959 -0.1086 0.338, -0.2992 -0.1285 0.3221, -0.2959 -0.1484 0.3063, -0.286 -0.167 0.2915, -0.2704 -0.1829 0.2787, -0.25 -0.1951 0.269, -0.2263 -0.2028 0.2629, -0.2008 -0.2007 0.2533, -0.1753 -0.1977 0.2548, -0.1516 -0.1889 0.259, -0.1312 -0.1748 0.2658, -0.1155 -0.1564 0.2747, -0.1057 -0.135 0.285, -0.1024 -0.1121 0.296, -0.1057 -0.0891 0.3071, -0.1155 -0.0677 0.3174, -0.1312 -0.0494 0.3262, -0.1516 -0.0353 0.333, -0.1753 -0.0264 0.3373, -0.2008 -0.0234 0.3387, -0.2263 -0.0264 0.3373, -0.25 -0.0353 0.333, -0.2704 -0.0494 0.3262, -0.286 -0.0677 0.3174, -0.2959 -0.0891 0.3071, -0.2992 -0.1121 0.296, -0.2959 -0.135 0.285, -0.286 -0.1564 0.2747, -0.2704 -0.1748 0.2658, -0.25 -0.1889 0.259, -0.2263 -0.1977 0.2548, -0.2008 -0.1978 0.245, -0.1753 -0.1946 0.2457, -0.1516 -0.185 0.2479, -0.1312 -0.1697 0.2514, -0.1155 -0.1499 0.2559, -0.1057 -0.1267 0.2612, -0.1024 -0.1019 0.2669, -0.1057 -0.077 0.2726, -0.1155 -0.0539 0.2778, -0.1312 -0.034 0.2824, -0.1516 -0.0188 0.2859, -0.1753 -0.0092 0.288, -0.2008 -0.0059 0.2888, -0.2263 -0.0092 0.288, -0.25 -0.0188 0.2859, -0.2704 -0.034 0.2824, -0.286 -0.0539 0.2778, -0.2959 -0.077 0.2726, -0.2992 -0.1019 0.2669, -0.2959 -0.1267 0.2612, -0.286 -0.1499 0.2559, -0.2704 -0.1697 0.2514, -0.25 -0.185 0.2479, -0.2263 -0.1946 0.2457, -0.2008 -2.0079 0.2756, -0.1753 -2.0079 0.2789, -0.1516 -2.0079 0.2888, -0.1312 -2.0079 0.3044, -0.1155 -2.0079 0.3248, -0.1057 -2.0079 0.3485, -0.1024 -2.0079 0.374, -0.1057 -2.0079 0.3995, -0.1155 -2.0079 0.4232, -0.1312 -2.0079 0.4436, -0.1516 -2.0079 0.4593, -0.1753 -2.0079 0.4691, -0.2008 -2.0079 0.4724, -0.2263 -2.0079 0.4691, -0.25 -2.0079 0.4593, -0.2704 -2.0079 0.4436, -0.286 -2.0079 0.4232, -0.2959 -2.0079 0.3995, -0.2992 -2.0079 0.374, -0.2959 -2.0079 0.3485, -0.286 -2.0079 0.3248, -0.2704 -2.0079 0.3044, -0.25 -2.0079 0.2888, -0.2263 -2.0079 0.2789, -0.2008 -2.0276 0.5459, -0.2008 -2.0345 0.5408, -0.2263 -2.0292 0.5488, -0.2263 -2.0367 0.5433, -0.25 -2.0342 0.5573, -0.25 -2.0434 0.5506, -0.2704 -2.042 0.5709, -0.2704 -2.0539 0.5621, -0.286 -2.0522 0.5885, -0.286 -2.0677 0.5771, -0.2959 -2.064 0.6091, -0.2959 -2.0838 0.5946, -0.2992 -2.0768 0.6311, -0.2992 -2.101 0.6134, -0.2959 -2.0895 0.6532, -0.2959 -2.1182 0.6322, -0.286 -2.1014 0.6738, -0.286 -2.1342 0.6497, -0.2704 -2.1116 0.6914, -0.2704 -2.148 0.6647, -0.25 -2.1194 0.705, -0.25 -2.1586 0.6762, -0.2263 -2.1243 0.7135, -0.2263 -2.1652 0.6835, -0.2008 -2.126 0.7164, -0.2008 -2.1675 0.686, -0.1753 -2.1243 0.7135, -0.1753 -2.1652 0.6835, -0.1516 -2.1194 0.705, -0.1516 -2.1586 0.6762, -0.1312 -2.1116 0.6914, -0.1312 -2.148 0.6647, -0.1155 -2.1014 0.6738, -0.1155 -2.1342 0.6497, -0.1057 -2.0895 0.6532, -0.1057 -2.1182 0.6322, -0.1024 -2.0768 0.6311, -0.1024 -2.101 0.6134, -0.1057 -2.064 0.6091, -0.1057 -2.0838 0.5946, -0.1155 -2.0522 0.5885, -0.1155 -2.0677 0.5771, -0.1312 -2.042 0.5709, -0.1312 -2.0539 0.5621, -0.1516 -2.0342 0.5573, -0.1516 -2.0434 0.5506, -0.1753 -2.0292 0.5488, -0.1753 -2.0367 0.5433, -0.2008 -2.0401 0.5344, -0.2263 -2.0429 0.5363, -0.25 -2.0509 0.542, -0.2704 -2.0637 0.5509, -0.286 -2.0804 0.5626, -0.2959 -2.0999 0.5762, -0.2992 -2.1207 0.5908, -0.2959 -2.1416 0.6055, -0.286 -2.1611 0.6191, -0.2704 -2.1778 0.6308, -0.25 -2.1906 0.6397, -0.2263 -2.1986 0.6454, -0.2008 -2.2014 0.6473, -0.1753 -2.1986 0.6454, -0.1516 -2.1906 0.6397, -0.1312 -2.1778 0.6308, -0.1155 -2.1611 0.6191, -0.1057 -2.1416 0.6055, -0.1024 -2.1207 0.5908, -0.1057 -2.0999 0.5762, -0.1155 -2.0804 0.5626, -0.1312 -2.0637 0.5509, -0.1516 -2.0509 0.542, -0.1753 -2.0429 0.5363, -0.2008 -2.0442 0.5269, -0.2263 -2.0473 0.5282, -0.25 -2.0564 0.5319, -0.2704 -2.0709 0.5379, -0.286 -2.0897 0.5457, -0.2959 -2.1116 0.5548, -0.2992 -2.1352 0.5645, -0.2959 -2.1587 0.5743, -0.286 -2.1806 0.5834, -0.2704 -2.1995 0.5912, -0.25 -2.2139 0.5972, -0.2263 -2.223 0.6009, -0.2008 -2.2261 0.6022, -0.1753 -2.223 0.6009, -0.1516 -2.2139 0.5972, -0.1312 -2.1995 0.5912, -0.1155 -2.1806 0.5834, -0.1057 -2.1587 0.5743, -0.1024 -2.1352 0.5645, -0.1057 -2.1116 0.5548, -0.1155 -2.0897 0.5457, -0.1312 -2.0709 0.5379, -0.1516 -2.0564 0.5319, -0.1753 -2.0473 0.5282, -0.2008 -2.0466 0.5186, -0.2263 -2.0499 0.5192, -0.25 -2.0596 0.5209, -0.2704 -2.075 0.5237, -0.286 -2.0951 0.5272, -0.2959 -2.1185 0.5313, -0.2992 -2.1436 0.5357, -0.2959 -2.1687 0.5402, -0.286 -2.192 0.5443, -0.2704 -2.2121 0.5478, -0.25 -2.2275 0.5505, -0.2263 -2.2372 0.5522, -0.2008 -2.2405 0.5528, -0.1753 -2.2372 0.5522, -0.1516 -2.2275 0.5505, -0.1312 -2.2121 0.5478, -0.1155 -2.192 0.5443, -0.1057 -2.1687 0.5402, -0.1024 -2.1436 0.5357, -0.1057 -2.1185 0.5313, -0.1155 -2.0951 0.5272, -0.1312 -2.075 0.5237, -0.1516 -2.0596 0.5209, -0.1753 -2.0499 0.5192, -0.2008 -2.0472 0.5101, -0.2263 -2.0506 0.5099, -0.25 -2.0604 0.5095, -0.2704 -2.076 0.5088, -0.286 -2.0964 0.5079, -0.2959 -2.1201 0.5069, -0.2992 -2.1455 0.5058, -0.2959 -2.171 0.5047, -0.286 -2.1947 0.5037, -0.2704 -2.2151 0.5028, -0.25 -2.2307 0.5021, -0.2263 -2.2405 0.5017, -0.2008 -2.2439 0.5015, -0.1753 -2.2405 0.5017, -0.1516 -2.2307 0.5021, -0.1312 -2.2151 0.5028, -0.1155 -2.1947 0.5037, -0.1057 -2.171 0.5047, -0.1024 -2.1455 0.5058, -0.1057 -2.1201 0.5069, -0.1155 -2.0964 0.5079, -0.1312 -2.076 0.5088, -0.1516 -2.0604 0.5095, -0.1753 -2.0506 0.5099, -0.2008 -2.0459 0.5016, -0.2263 -2.0491 0.5008, -0.25 -2.0586 0.4982, -0.2704 -2.0737 0.4942, -0.286 -2.0934 0.4889, -0.2959 -2.1164 0.4827, -0.2992 -2.141 0.4761, -0.2959 -2.1656 0.4696, -0.286 -2.1885 0.4634, -0.2704 -2.2082 0.4581, -0.25 -2.2233 0.4541, -0.2263 -2.2328 0.4515, -0.2008 -2.236 0.4507, -0.1753 -2.2328 0.4515, -0.1516 -2.2233 0.4541, -0.1312 -2.2082 0.4581, -0.1155 -2.1885 0.4634, -0.1057 -2.1656 0.4696, -0.1024 -2.141 0.4761, -0.1057 -2.1164 0.4827, -0.1155 -2.0934 0.4889, -0.1312 -2.0737 0.4942, -0.1516 -2.0586 0.4982, -0.1753 -2.0491 0.5008, -0.2008 -2.0428 0.4936, -0.2263 -2.0458 0.4921, -0.25 -2.0545 0.4875, -0.2704 -2.0684 0.4803, -0.286 -2.0864 0.4709, -0.2959 -2.1075 0.4599, -0.2992 -2.1301 0.4482, -0.2959 -2.1527 0.4364, -0.286 -2.1738 0.4255, -0.2704 -2.1918 0.416, -0.25 -2.2057 0.4088, -0.2263 -2.2144 0.4043, -0.2008 -2.2174 0.4027, -0.1753 -2.2144 0.4043, -0.1516 -2.2057 0.4088, -0.1312 -2.1918 0.416, -0.1155 -2.1738 0.4255, -0.1057 -2.1527 0.4364, -0.1024 -2.1301 0.4482, -0.1057 -2.1075 0.4599, -0.1155 -2.0864 0.4709, -0.1312 -2.0684 0.4803, -0.1516 -2.0545 0.4875, -0.1753 -2.0458 0.4921, -0.2008 -2.038 0.4865, -0.2263 -2.0406 0.4843, -0.25 -2.0481 0.478, -0.2704 -2.0601 0.468, -0.286 -2.0757 0.4549, -0.2959 -2.0939 0.4396, -0.2992 -2.1134 0.4232, -0.2959 -2.1329 0.4069, -0.286 -2.1511 0.3916, -0.2704 -2.1667 0.3785, -0.25 -2.1787 0.3684, -0.2263 -2.1863 0.3621, -0.2008 -2.1888 0.36, -0.1753 -2.1863 0.3621, -0.1516 -2.1787 0.3684, -0.1312 -2.1667 0.3785, -0.1155 -2.1511 0.3916, -0.1057 -2.1329 0.4069, -0.1024 -2.1134 0.4232, -0.1057 -2.0939 0.4396, -0.1155 -2.0757 0.4549, -0.1312 -2.0601 0.468, -0.1516 -2.0481 0.478, -0.1753 -2.0406 0.4843, -0.2008 -2.0318 0.4806, -0.2263 -2.0339 0.4779, -0.25 -2.0399 0.4701, -0.2704 -2.0494 0.4577, -0.286 -2.0618 0.4415, -0.2959 -2.0763 0.4227, -0.2992 -2.0918 0.4025, -0.2959 -2.1073 0.3823, -0.286 -2.1217 0.3634, -0.2704 -2.1341 0.3473, -0.25 -2.1436 0.3349, -0.2263 -2.1496 0.3271, -0.2008 -2.1517 0.3244, -0.1753 -2.1496 0.3271, -0.1516 -2.1436 0.3349, -0.1312 -2.1341 0.3473, -0.1155 -2.1217 0.3634, -0.1057 -2.1073 0.3823, -0.1024 -2.0918 0.4025, -0.1057 -2.0763 0.4227, -0.1155 -2.0618 0.4415, -0.1312 -2.0494 0.4577, -0.1516 -2.0399 0.4701, -0.1753 -2.0339 0.4779, -0.2008 -2.0245 0.4761, -0.2263 -2.0259 0.4731, -0.25 -2.0301 0.4642, -0.2704 -2.0367 0.45, -0.286 -2.0453 0.4315, -0.2959 -2.0553 0.41, -0.2992 -2.0661 0.3869, -0.2959 -2.0769 0.3638, -0.286 -2.0869 0.3423, -0.2704 -2.0955 0.3238, -0.25 -2.1021 0.3097, -0.2263 -2.1063 0.3008, -0.2008 -2.1077 0.2977, -0.1753 -2.1063 0.3008, -0.1516 -2.1021 0.3097, -0.1312 -2.0955 0.3238, -0.1155 -2.0869 0.3423, -0.1057 -2.0769 0.3638, -0.1024 -2.0661 0.3869, -0.1057 -2.0553 0.41, -0.1155 -2.0453 0.4315, -0.1312 -2.0367 0.45, -0.1516 -2.0301 0.4642, -0.1753 -2.0259 0.4731, -0.2008 -2.0164 0.4734, -0.2263 -2.0171 0.4701, -0.25 -2.0192 0.4605, -0.2704 -2.0226 0.4452, -0.286 -2.027 0.4253, -0.2959 -2.0322 0.4022, -0.2992 -2.0377 0.3773, -0.2959 -2.0432 0.3524, -0.286 -2.0484 0.3292, -0.2704 -2.0528 0.3093, -0.25 -2.0561 0.2941, -0.2263 -2.0583 0.2845, -0.2008 -2.059 0.2812, -0.1753 -2.0583 0.2845, -0.1516 -2.0561 0.2941, -0.1312 -2.0528 0.3093, -0.1155 -2.0484 0.3292, -0.1057 -2.0432 0.3524, -0.1024 -2.0377 0.3773, -0.1057 -2.0322 0.4022, -0.1155 -2.027 0.4253, -0.1312 -2.0226 0.4452, -0.1516 -2.0192 0.4605, -0.1753 -2.0171 0.4701, -1.0531 -0.0132 -1.378, -1.0294 -0.0034 -1.378, -1.0039 -0.0984 -1.378, -1.0039 0.0 -1.378, -0.9785 -0.0034 -1.378, -1.099 -0.073 -1.378, -1.0892 -0.0492 -1.378, -1.0735 -0.0288 -1.378, -1.0892 -0.1476 -1.378, -1.099 -0.1239 -1.378, -1.1024 -0.0984 -1.378, -1.0294 -0.1935 -1.378, -1.0531 -0.1837 -1.378, -1.0735 -0.168 -1.378, -0.9547 -0.1837 -1.378, -0.9785 -0.1935 -1.378, -1.0039 -0.1969 -1.378, -0.9089 -0.1239 -1.378, -0.9187 -0.1476 -1.378, -0.9343 -0.168 -1.378, -0.9187 -0.0492 -1.378, -0.9089 -0.073 -1.378, -0.9055 -0.0984 -1.378, -0.9547 -0.0132 -1.378, -0.9343 -0.0288 -1.378, -0.9547 1.1844 2.4155, -0.9785 1.1893 2.407, -1.0039 1.1417 2.4893, -1.0039 1.1909 2.4041, -1.0294 1.1893 2.407, -0.9089 1.1545 2.4673, -0.9187 1.1663 2.4467, -0.9343 1.1765 2.4291, -0.9187 1.1171 2.532, -0.9089 1.129 2.5114, -0.9055 1.1417 2.4893, -0.9785 1.0942 2.5717, -0.9547 1.0991 2.5632, -0.9343 1.1069 2.5496, -1.0531 1.0991 2.5632, -1.0294 1.0942 2.5717, -1.0039 1.0925 2.5746, -1.099 1.129 2.5114, -1.0892 1.1171 2.532, -1.0735 1.1069 2.5496, -1.0892 1.1663 2.4467, -1.099 1.1545 2.4673, -1.1024 1.1417 2.4893, -1.0531 1.1844 2.4155, -1.0735 1.1765 2.4291, -0.9055 -0.0984 0.2362, -0.9089 -0.073 0.2362, -0.9187 -0.0492 0.2362, -0.9343 -0.0288 0.2362, -0.9547 -0.0132 0.2362, -0.9785 -0.0034 0.2362, -1.0039 0.0 0.2362, -1.0294 -0.0034 0.2362, -1.0531 -0.0132 0.2362, -1.0735 -0.0288 0.2362, -1.0892 -0.0492 0.2362, -1.099 -0.073 0.2362, -1.1024 -0.0984 0.2362, -1.099 -0.1239 0.2362, -1.0892 -0.1476 0.2362, -1.0735 -0.168 0.2362, -1.0531 -0.1837 0.2362, -1.0294 -0.1935 0.2362, -1.0039 -0.1969 0.2362, -0.9785 -0.1935 0.2362, -0.9547 -0.1837 0.2362, -0.9343 -0.168 0.2362, -0.9187 -0.1476 0.2362, -0.9089 -0.1239 0.2362, -1.0039 -0.2362 0.2756, -1.0039 -0.2275 0.2746, -0.9785 -0.2362 0.2789, -0.9785 -0.2267 0.2779, -0.9547 -0.2362 0.2888, -0.9547 -0.2245 0.2875, -0.9343 -0.2362 0.3044, -0.9343 -0.221 0.3027, -0.9187 -0.2362 0.3248, -0.9187 -0.2165 0.3226, -0.9089 -0.2362 0.3485, -0.9089 -0.2112 0.3457, -0.9055 -0.2362 0.374, -0.9055 -0.2056 0.3706, -0.9089 -0.2362 0.3995, -0.9089 -0.1999 0.3954, -0.9187 -0.2362 0.4232, -0.9187 -0.1946 0.4185, -0.9343 -0.2362 0.4436, -0.9343 -0.1901 0.4384, -0.9547 -0.2362 0.4593, -0.9547 -0.1866 0.4537, -0.9785 -0.2362 0.4691, -0.9785 -0.1844 0.4632, -1.0039 -0.2362 0.4724, -1.0039 -0.1837 0.4665, -1.0294 -0.2362 0.4691, -1.0294 -0.1844 0.4632, -1.0531 -0.2362 0.4593, -1.0531 -0.1866 0.4537, -1.0735 -0.2362 0.4436, -1.0735 -0.1901 0.4384, -1.0892 -0.2362 0.4232, -1.0892 -0.1946 0.4185, -1.099 -0.2362 0.3995, -1.099 -0.1999 0.3954, -1.1024 -0.2362 0.374, -1.1024 -0.2056 0.3706, -1.099 -0.2362 0.3485, -1.099 -0.2112 0.3457, -1.0892 -0.2362 0.3248, -1.0892 -0.2165 0.3226, -1.0735 -0.2362 0.3044, -1.0735 -0.221 0.3027, -1.0531 -0.2362 0.2888, -1.0531 -0.2245 0.2875, -1.0294 -0.2362 0.2789, -1.0294 -0.2267 0.2779, -1.0039 -0.2191 0.2717, -0.9785 -0.2177 0.2747, -0.9547 -0.2134 0.2836, -0.9343 -0.2066 0.2977, -0.9187 -0.1978 0.316, -0.9089 -0.1875 0.3374, -0.9055 -0.1764 0.3604, -0.9089 -0.1654 0.3833, -0.9187 -0.1551 0.4047, -0.9343 -0.1462 0.4231, -0.9547 -0.1394 0.4372, -0.9785 -0.1352 0.446, -1.0039 -0.1337 0.449, -1.0294 -0.1352 0.446, -1.0531 -0.1394 0.4372, -1.0735 -0.1462 0.4231, -1.0892 -0.1551 0.4047, -1.099 -0.1654 0.3833, -1.1024 -0.1764 0.3604, -1.099 -0.1875 0.3374, -1.0892 -0.1978 0.316, -1.0735 -0.2066 0.2977, -1.0531 -0.2134 0.2836, -1.0294 -0.2177 0.2747, -1.0039 -0.2117 0.267, -0.9785 -0.2096 0.2696, -0.9547 -0.2035 0.2773, -0.9343 -0.1937 0.2895, -0.9187 -0.181 0.3055, -0.9089 -0.1662 0.324, -0.9055 -0.1503 0.344, -0.9089 -0.1344 0.3639, -0.9187 -0.1196 0.3824, -0.9343 -0.1069 0.3984, -0.9547 -0.0972 0.4106, -0.9785 -0.091 0.4183, -1.0039 -0.0889 0.4209, -1.0294 -0.091 0.4183, -1.0531 -0.0972 0.4106, -1.0735 -0.1069 0.3984, -1.0892 -0.1196 0.3824, -1.099 -0.1344 0.3639, -1.1024 -0.1503 0.344, -1.099 -0.1662 0.324, -1.0892 -0.181 0.3055, -1.0735 -0.1937 0.2895, -1.0531 -0.2035 0.2773, -1.0294 -0.2096 0.2696, -1.0039 -0.2054 0.2608, -0.9785 -0.2028 0.2629, -0.9547 -0.1951 0.269, -0.9343 -0.1829 0.2787, -0.9187 -0.167 0.2915, -0.9089 -0.1484 0.3063, -0.9055 -0.1285 0.3221, -0.9089 -0.1086 0.338, -0.9187 -0.09 0.3528, -0.9343 -0.0741 0.3655, -0.9547 -0.0618 0.3753, -0.9785 -0.0542 0.3814, -1.0039 -0.0515 0.3835, -1.0294 -0.0542 0.3814, -1.0531 -0.0618 0.3753, -1.0735 -0.0741 0.3655, -1.0892 -0.09 0.3528, -1.099 -0.1086 0.338, -1.1024 -0.1285 0.3221, -1.099 -0.1484 0.3063, -1.0892 -0.167 0.2915, -1.0735 -0.1829 0.2787, -1.0531 -0.1951 0.269, -1.0294 -0.2028 0.2629, -1.0039 -0.2007 0.2533, -0.9785 -0.1977 0.2548, -0.9547 -0.1889 0.259, -0.9343 -0.1748 0.2658, -0.9187 -0.1564 0.2747, -0.9089 -0.135 0.285, -0.9055 -0.1121 0.296, -0.9089 -0.0891 0.3071, -0.9187 -0.0677 0.3174, -0.9343 -0.0494 0.3262, -0.9547 -0.0353 0.333, -0.9785 -0.0264 0.3373, -1.0039 -0.0234 0.3387, -1.0294 -0.0264 0.3373, -1.0531 -0.0353 0.333, -1.0735 -0.0494 0.3262, -1.0892 -0.0677 0.3174, -1.099 -0.0891 0.3071, -1.1024 -0.1121 0.296, -1.099 -0.135 0.285, -1.0892 -0.1564 0.2747, -1.0735 -0.1748 0.2658, -1.0531 -0.1889 0.259, -1.0294 -0.1977 0.2548, -1.0039 -0.1978 0.245, -0.9785 -0.1946 0.2457, -0.9547 -0.185 0.2479, -0.9343 -0.1697 0.2514, -0.9187 -0.1499 0.2559, -0.9089 -0.1267 0.2612, -0.9055 -0.1019 0.2669, -0.9089 -0.077 0.2726, -0.9187 -0.0539 0.2778, -0.9343 -0.034 0.2824, -0.9547 -0.0188 0.2859, -0.9785 -0.0092 0.288, -1.0039 -0.0059 0.2888, -1.0294 -0.0092 0.288, -1.0531 -0.0188 0.2859, -1.0735 -0.034 0.2824, -1.0892 -0.0539 0.2778, -1.099 -0.077 0.2726, -1.1024 -0.1019 0.2669, -1.099 -0.1267 0.2612, -1.0892 -0.1499 0.2559, -1.0735 -0.1697 0.2514, -1.0531 -0.185 0.2479, -1.0294 -0.1946 0.2457, -1.0039 -2.0079 0.2756, -0.9785 -2.0079 0.2789, -0.9547 -2.0079 0.2888, -0.9343 -2.0079 0.3044, -0.9187 -2.0079 0.3248, -0.9089 -2.0079 0.3485, -0.9055 -2.0079 0.374, -0.9089 -2.0079 0.3995, -0.9187 -2.0079 0.4232, -0.9343 -2.0079 0.4436, -0.9547 -2.0079 0.4593, -0.9785 -2.0079 0.4691, -1.0039 -2.0079 0.4724, -1.0294 -2.0079 0.4691, -1.0531 -2.0079 0.4593, -1.0735 -2.0079 0.4436, -1.0892 -2.0079 0.4232, -1.099 -2.0079 0.3995, -1.1024 -2.0079 0.374, -1.099 -2.0079 0.3485, -1.0892 -2.0079 0.3248, -1.0735 -2.0079 0.3044, -1.0531 -2.0079 0.2888, -1.0294 -2.0079 0.2789, -1.0039 -2.0276 0.5459, -1.0039 -2.0345 0.5408, -1.0294 -2.0292 0.5488, -1.0294 -2.0367 0.5433, -1.0531 -2.0342 0.5573, -1.0531 -2.0434 0.5506, -1.0735 -2.042 0.5709, -1.0735 -2.0539 0.5621, -1.0892 -2.0522 0.5885, -1.0892 -2.0677 0.5771, -1.099 -2.064 0.6091, -1.099 -2.0838 0.5946, -1.1024 -2.0768 0.6311, -1.1024 -2.101 0.6134, -1.099 -2.0895 0.6532, -1.099 -2.1182 0.6322, -1.0892 -2.1014 0.6738, -1.0892 -2.1342 0.6497, -1.0735 -2.1116 0.6914, -1.0735 -2.148 0.6647, -1.0531 -2.1194 0.705, -1.0531 -2.1586 0.6762, -1.0294 -2.1243 0.7135, -1.0294 -2.1652 0.6835, -1.0039 -2.126 0.7164, -1.0039 -2.1675 0.686, -0.9785 -2.1243 0.7135, -0.9785 -2.1652 0.6835, -0.9547 -2.1194 0.705, -0.9547 -2.1586 0.6762, -0.9343 -2.1116 0.6914, -0.9343 -2.148 0.6647, -0.9187 -2.1014 0.6738, -0.9187 -2.1342 0.6497, -0.9089 -2.0895 0.6532, -0.9089 -2.1182 0.6322, -0.9055 -2.0768 0.6311, -0.9055 -2.101 0.6134, -0.9089 -2.064 0.6091, -0.9089 -2.0838 0.5946, -0.9187 -2.0522 0.5885, -0.9187 -2.0677 0.5771, -0.9343 -2.042 0.5709, -0.9343 -2.0539 0.5621, -0.9547 -2.0342 0.5573, -0.9547 -2.0434 0.5506, -0.9785 -2.0292 0.5488, -0.9785 -2.0367 0.5433, -1.0039 -2.0401 0.5344, -1.0294 -2.0429 0.5363, -1.0531 -2.0509 0.542, -1.0735 -2.0637 0.5509, -1.0892 -2.0804 0.5626, -1.099 -2.0999 0.5762, -1.1024 -2.1207 0.5908, -1.099 -2.1416 0.6055, -1.0892 -2.1611 0.6191, -1.0735 -2.1778 0.6308, -1.0531 -2.1906 0.6397, -1.0294 -2.1986 0.6454, -1.0039 -2.2014 0.6473, -0.9785 -2.1986 0.6454, -0.9547 -2.1906 0.6397, -0.9343 -2.1778 0.6308, -0.9187 -2.1611 0.6191, -0.9089 -2.1416 0.6055, -0.9055 -2.1207 0.5908, -0.9089 -2.0999 0.5762, -0.9187 -2.0804 0.5626, -0.9343 -2.0637 0.5509, -0.9547 -2.0509 0.542, -0.9785 -2.0429 0.5363, -1.0039 -2.0442 0.5269, -1.0294 -2.0473 0.5282, -1.0531 -2.0564 0.5319, -1.0735 -2.0709 0.5379, -1.0892 -2.0897 0.5457, -1.099 -2.1116 0.5548, -1.1024 -2.1352 0.5645, -1.099 -2.1587 0.5743, -1.0892 -2.1806 0.5834, -1.0735 -2.1995 0.5912, -1.0531 -2.2139 0.5972, -1.0294 -2.223 0.6009, -1.0039 -2.2261 0.6022, -0.9785 -2.223 0.6009, -0.9547 -2.2139 0.5972, -0.9343 -2.1995 0.5912, -0.9187 -2.1806 0.5834, -0.9089 -2.1587 0.5743, -0.9055 -2.1352 0.5645, -0.9089 -2.1116 0.5548, -0.9187 -2.0897 0.5457, -0.9343 -2.0709 0.5379, -0.9547 -2.0564 0.5319, -0.9785 -2.0473 0.5282, -1.0039 -2.0466 0.5186, -1.0294 -2.0499 0.5192, -1.0531 -2.0596 0.5209, -1.0735 -2.075 0.5237, -1.0892 -2.0951 0.5272, -1.099 -2.1185 0.5313, -1.1024 -2.1436 0.5357, -1.099 -2.1687 0.5402, -1.0892 -2.192 0.5443, -1.0735 -2.2121 0.5478, -1.0531 -2.2275 0.5505, -1.0294 -2.2372 0.5522, -1.0039 -2.2405 0.5528, -0.9785 -2.2372 0.5522, -0.9547 -2.2275 0.5505, -0.9343 -2.2121 0.5478, -0.9187 -2.192 0.5443, -0.9089 -2.1687 0.5402, -0.9055 -2.1436 0.5357, -0.9089 -2.1185 0.5313, -0.9187 -2.0951 0.5272, -0.9343 -2.075 0.5237, -0.9547 -2.0596 0.5209, -0.9785 -2.0499 0.5192, -1.0039 -2.0472 0.5101, -1.0294 -2.0506 0.5099, -1.0531 -2.0604 0.5095, -1.0735 -2.076 0.5088, -1.0892 -2.0964 0.5079, -1.099 -2.1201 0.5069, -1.1024 -2.1455 0.5058, -1.099 -2.171 0.5047, -1.0892 -2.1947 0.5037, -1.0735 -2.2151 0.5028, -1.0531 -2.2307 0.5021, -1.0294 -2.2405 0.5017, -1.0039 -2.2439 0.5015, -0.9785 -2.2405 0.5017, -0.9547 -2.2307 0.5021, -0.9343 -2.2151 0.5028, -0.9187 -2.1947 0.5037, -0.9089 -2.171 0.5047, -0.9055 -2.1455 0.5058, -0.9089 -2.1201 0.5069, -0.9187 -2.0964 0.5079, -0.9343 -2.076 0.5088, -0.9547 -2.0604 0.5095, -0.9785 -2.0506 0.5099, -1.0039 -2.0459 0.5016, -1.0294 -2.0491 0.5008, -1.0531 -2.0586 0.4982, -1.0735 -2.0737 0.4942, -1.0892 -2.0934 0.4889, -1.099 -2.1164 0.4827, -1.1024 -2.141 0.4761, -1.099 -2.1656 0.4696, -1.0892 -2.1885 0.4634, -1.0735 -2.2082 0.4581, -1.0531 -2.2233 0.4541, -1.0294 -2.2328 0.4515, -1.0039 -2.236 0.4507, -0.9785 -2.2328 0.4515, -0.9547 -2.2233 0.4541, -0.9343 -2.2082 0.4581, -0.9187 -2.1885 0.4634, -0.9089 -2.1656 0.4696, -0.9055 -2.141 0.4761, -0.9089 -2.1164 0.4827, -0.9187 -2.0934 0.4889, -0.9343 -2.0737 0.4942, -0.9547 -2.0586 0.4982, -0.9785 -2.0491 0.5008, -1.0039 -2.0428 0.4936, -1.0294 -2.0458 0.4921, -1.0531 -2.0545 0.4875, -1.0735 -2.0684 0.4803, -1.0892 -2.0864 0.4709, -1.099 -2.1075 0.4599, -1.1024 -2.1301 0.4482, -1.099 -2.1527 0.4364, -1.0892 -2.1738 0.4255, -1.0735 -2.1918 0.416, -1.0531 -2.2057 0.4088, -1.0294 -2.2144 0.4043, -1.0039 -2.2174 0.4027, -0.9785 -2.2144 0.4043, -0.9547 -2.2057 0.4088, -0.9343 -2.1918 0.416, -0.9187 -2.1738 0.4255, -0.9089 -2.1527 0.4364, -0.9055 -2.1301 0.4482, -0.9089 -2.1075 0.4599, -0.9187 -2.0864 0.4709, -0.9343 -2.0684 0.4803, -0.9547 -2.0545 0.4875, -0.9785 -2.0458 0.4921, -1.0039 -2.038 0.4865, -1.0294 -2.0406 0.4843, -1.0531 -2.0481 0.478, -1.0735 -2.0601 0.468, -1.0892 -2.0757 0.4549, -1.099 -2.0939 0.4396, -1.1024 -2.1134 0.4232, -1.099 -2.1329 0.4069, -1.0892 -2.1511 0.3916, -1.0735 -2.1667 0.3785, -1.0531 -2.1787 0.3684, -1.0294 -2.1863 0.3621, -1.0039 -2.1888 0.36, -0.9785 -2.1863 0.3621, -0.9547 -2.1787 0.3684, -0.9343 -2.1667 0.3785, -0.9187 -2.1511 0.3916, -0.9089 -2.1329 0.4069, -0.9055 -2.1134 0.4232, -0.9089 -2.0939 0.4396, -0.9187 -2.0757 0.4549, -0.9343 -2.0601 0.468, -0.9547 -2.0481 0.478, -0.9785 -2.0406 0.4843, -1.0039 -2.0318 0.4806, -1.0294 -2.0339 0.4779, -1.0531 -2.0399 0.4701, -1.0735 -2.0494 0.4577, -1.0892 -2.0618 0.4415, -1.099 -2.0763 0.4227, -1.1024 -2.0918 0.4025, -1.099 -2.1073 0.3823, -1.0892 -2.1217 0.3634, -1.0735 -2.1341 0.3473, -1.0531 -2.1436 0.3349, -1.0294 -2.1496 0.3271, -1.0039 -2.1517 0.3244, -0.9785 -2.1496 0.3271, -0.9547 -2.1436 0.3349, -0.9343 -2.1341 0.3473, -0.9187 -2.1217 0.3634, -0.9089 -2.1073 0.3823, -0.9055 -2.0918 0.4025, -0.9089 -2.0763 0.4227, -0.9187 -2.0618 0.4415, -0.9343 -2.0494 0.4577, -0.9547 -2.0399 0.4701, -0.9785 -2.0339 0.4779, -1.0039 -2.0245 0.4761, -1.0294 -2.0259 0.4731, -1.0531 -2.0301 0.4642, -1.0735 -2.0367 0.45, -1.0892 -2.0453 0.4315, -1.099 -2.0553 0.41, -1.1024 -2.0661 0.3869, -1.099 -2.0769 0.3638, -1.0892 -2.0869 0.3423, -1.0735 -2.0955 0.3238, -1.0531 -2.1021 0.3097, -1.0294 -2.1063 0.3008, -1.0039 -2.1077 0.2977, -0.9785 -2.1063 0.3008, -0.9547 -2.1021 0.3097, -0.9343 -2.0955 0.3238, -0.9187 -2.0869 0.3423, -0.9089 -2.0769 0.3638, -0.9055 -2.0661 0.3869, -0.9089 -2.0553 0.41, -0.9187 -2.0453 0.4315, -0.9343 -2.0367 0.45, -0.9547 -2.0301 0.4642, -0.9785 -2.0259 0.4731, -1.0039 -2.0164 0.4734, -1.0294 -2.0171 0.4701, -1.0531 -2.0192 0.4605, -1.0735 -2.0226 0.4452, -1.0892 -2.027 0.4253, -1.099 -2.0322 0.4022, -1.1024 -2.0377 0.3773, -1.099 -2.0432 0.3524, -1.0892 -2.0484 0.3292, -1.0735 -2.0528 0.3093, -1.0531 -2.0561 0.2941, -1.0294 -2.0583 0.2845, -1.0039 -2.059 0.2812, -0.9785 -2.0583 0.2845, -0.9547 -2.0561 0.2941, -0.9343 -2.0528 0.3093, -0.9187 -2.0484 0.3292, -0.9089 -2.0432 0.3524, -0.9055 -2.0377 0.3773, -0.9089 -2.0322 0.4022, -0.9187 -2.027 0.4253, -0.9343 -2.0226 0.4452, -0.9547 -2.0192 0.4605, -0.9785 -2.0171 0.4701, -0.9785 -2.0171 0.4701
            ]
        }
        coordIndex [
            0,1,2,-1,2,1,3,-1,2,3,4,-1,5,6,2,-1,2,6,7,-1,2,7,0,-1,8,9,2,-1,2,9,10,-1,2,10,5,-1,11,12,2,-1,2,12,13,-1,2,13,8,-1,14,15,2,-1,2,15,16,-1,2,16,11,-1,17,18,2,-1,2,18,19,-1,2,19,14,-1,20,21,2,-1,2,21,22,-1,2,22,17,-1,4,23,2,-1,2,23,24,-1,2,24,20,-1,25,26,27,-1,27,26,28,-1,27,28,29,-1,30,31,27,-1,27,31,32,-1,27,32,25,-1,33,34,27,-1,27,34,35,-1,27,35,30,-1,36,37,27,-1,27,37,38,-1,27,38,33,-1,39,40,27,-1,27,40,41,-1,27,41,36,-1,42,43,27,-1,27,43,44,-1,27,44,39,-1,45,46,27,-1,27,46,47,-1,27,47,42,-1,29,48,27,-1,27,48,49,-1,27,49,45,-1,50,15,51,-1,51,15,14,-1,51,14,52,-1,52,14,19,-1,52,19,53,-1,53,19,18,-1,53,18,54,-1,54,18,17,-1,54,17,55,-1,55,17,22,-1,55,22,56,-1,56,22,21,-1,56,21,57,-1,57,21,20,-1,57,20,58,-1,58,20,24,-1,58,24,59,-1,59,24,23,-1,59,23,60,-1,60,23,4,-1,60,4,61,-1,61,4,3,-1,61,3,62,-1,62,3,1,-1,62,1,63,-1,63,1,0,-1,63,0,64,-1,64,0,7,-1,64,7,65,-1,65,7,6,-1,65,6,66,-1,66,6,5,-1,66,5,67,-1,67,5,10,-1,67,10,68,-1,68,10,9,-1,68,9,69,-1,69,9,8,-1,69,8,70,-1,70,8,13,-1,70,13,71,-1,71,13,12,-1,71,12,72,-1,72,12,11,-1,72,11,73,-1,73,11,16,-1,73,16,50,-1,50,16,15,-1,74,75,76,-1,76,75,77,-1,76,77,78,-1,78,77,79,-1,78,79,80,-1,80,79,81,-1,80,81,82,-1,82,81,83,-1,82,83,84,-1,84,83,85,-1,84,85,86,-1,86,85,87,-1,86,87,88,-1,88,87,89,-1,88,89,90,-1,90,89,91,-1,90,91,92,-1,92,91,93,-1,92,93,94,-1,94,93,95,-1,94,95,96,-1,96,95,97,-1,96,97,98,-1,98,97,99,-1,98,99,100,-1,100,99,101,-1,100,101,102,-1,102,101,103,-1,102,103,104,-1,104,103,105,-1,104,105,106,-1,106,105,107,-1,106,107,108,-1,108,107,109,-1,108,109,110,-1,110,109,111,-1,110,111,112,-1,112,111,113,-1,112,113,114,-1,114,113,115,-1,114,115,116,-1,116,115,117,-1,116,117,118,-1,118,117,119,-1,118,119,120,-1,120,119,121,-1,120,121,74,-1,74,121,75,-1,75,122,77,-1,77,122,123,-1,77,123,79,-1,79,123,124,-1,79,124,81,-1,81,124,125,-1,81,125,83,-1,83,125,126,-1,83,126,85,-1,85,126,127,-1,85,127,87,-1,87,127,128,-1,87,128,89,-1,89,128,129,-1,89,129,91,-1,91,129,130,-1,91,130,93,-1,93,130,131,-1,93,131,95,-1,95,131,132,-1,95,132,97,-1,97,132,133,-1,97,133,99,-1,99,133,134,-1,99,134,101,-1,101,134,135,-1,101,135,103,-1,103,135,136,-1,103,136,105,-1,105,136,137,-1,105,137,107,-1,107,137,138,-1,107,138,109,-1,109,138,139,-1,109,139,111,-1,111,139,140,-1,111,140,113,-1,113,140,141,-1,113,141,115,-1,115,141,142,-1,115,142,117,-1,117,142,143,-1,117,143,119,-1,119,143,144,-1,119,144,121,-1,121,144,145,-1,121,145,75,-1,75,145,122,-1,122,146,123,-1,123,146,147,-1,123,147,124,-1,124,147,148,-1,124,148,125,-1,125,148,149,-1,125,149,126,-1,126,149,150,-1,126,150,127,-1,127,150,151,-1,127,151,128,-1,128,151,152,-1,128,152,129,-1,129,152,153,-1,129,153,130,-1,130,153,154,-1,130,154,131,-1,131,154,155,-1,131,155,132,-1,132,155,156,-1,132,156,133,-1,133,156,157,-1,133,157,134,-1,134,157,158,-1,134,158,135,-1,135,158,159,-1,135,159,136,-1,136,159,160,-1,136,160,137,-1,137,160,161,-1,137,161,138,-1,138,161,162,-1,138,162,139,-1,139,162,163,-1,139,163,140,-1,140,163,164,-1,140,164,141,-1,141,164,165,-1,141,165,142,-1,142,165,166,-1,142,166,143,-1,143,166,167,-1,143,167,144,-1,144,167,168,-1,144,168,145,-1,145,168,169,-1,145,169,122,-1,122,169,146,-1,146,170,147,-1,147,170,171,-1,147,171,148,-1,148,171,172,-1,148,172,149,-1,149,172,173,-1,149,173,150,-1,150,173,174,-1,150,174,151,-1,151,174,175,-1,151,175,152,-1,152,175,176,-1,152,176,153,-1,153,176,177,-1,153,177,154,-1,154,177,178,-1,154,178,155,-1,155,178,179,-1,155,179,156,-1,156,179,180,-1,156,180,157,-1,157,180,181,-1,157,181,158,-1,158,181,182,-1,158,182,159,-1,159,182,183,-1,159,183,160,-1,160,183,184,-1,160,184,161,-1,161,184,185,-1,161,185,162,-1,162,185,186,-1,162,186,163,-1,163,186,187,-1,163,187,164,-1,164,187,188,-1,164,188,165,-1,165,188,189,-1,165,189,166,-1,166,189,190,-1,166,190,167,-1,167,190,191,-1,167,191,168,-1,168,191,192,-1,168,192,169,-1,169,192,193,-1,169,193,146,-1,146,193,170,-1,170,194,171,-1,171,194,195,-1,171,195,172,-1,172,195,196,-1,172,196,173,-1,173,196,197,-1,173,197,174,-1,174,197,198,-1,174,198,175,-1,175,198,199,-1,175,199,176,-1,176,199,200,-1,176,200,177,-1,177,200,201,-1,177,201,178,-1,178,201,202,-1,178,202,179,-1,179,202,203,-1,179,203,180,-1,180,203,204,-1,180,204,181,-1,181,204,205,-1,181,205,182,-1,182,205,206,-1,182,206,183,-1,183,206,207,-1,183,207,184,-1,184,207,208,-1,184,208,185,-1,185,208,209,-1,185,209,186,-1,186,209,210,-1,186,210,187,-1,187,210,211,-1,187,211,188,-1,188,211,212,-1,188,212,189,-1,189,212,213,-1,189,213,190,-1,190,213,214,-1,190,214,191,-1,191,214,215,-1,191,215,192,-1,192,215,216,-1,192,216,193,-1,193,216,217,-1,193,217,170,-1,170,217,194,-1,194,218,195,-1,195,218,219,-1,195,219,196,-1,196,219,220,-1,196,220,197,-1,197,220,221,-1,197,221,198,-1,198,221,222,-1,198,222,199,-1,199,222,223,-1,199,223,200,-1,200,223,224,-1,200,224,201,-1,201,224,225,-1,201,225,202,-1,202,225,226,-1,202,226,203,-1,203,226,227,-1,203,227,204,-1,204,227,228,-1,204,228,205,-1,205,228,229,-1,205,229,206,-1,206,229,230,-1,206,230,207,-1,207,230,231,-1,207,231,208,-1,208,231,232,-1,208,232,209,-1,209,232,233,-1,209,233,210,-1,210,233,234,-1,210,234,211,-1,211,234,235,-1,211,235,212,-1,212,235,236,-1,212,236,213,-1,213,236,237,-1,213,237,214,-1,214,237,238,-1,214,238,215,-1,215,238,239,-1,215,239,216,-1,216,239,240,-1,216,240,217,-1,217,240,241,-1,217,241,194,-1,194,241,218,-1,218,50,219,-1,219,50,51,-1,219,51,220,-1,220,51,52,-1,220,52,221,-1,221,52,53,-1,221,53,222,-1,222,53,54,-1,222,54,223,-1,223,54,55,-1,223,55,224,-1,224,55,56,-1,224,56,225,-1,225,56,57,-1,225,57,226,-1,226,57,58,-1,226,58,227,-1,227,58,59,-1,227,59,228,-1,228,59,60,-1,228,60,229,-1,229,60,61,-1,229,61,230,-1,230,61,62,-1,230,62,231,-1,231,62,63,-1,231,63,232,-1,232,63,64,-1,232,64,233,-1,233,64,65,-1,233,65,234,-1,234,65,66,-1,234,66,235,-1,235,66,67,-1,235,67,236,-1,236,67,68,-1,236,68,237,-1,237,68,69,-1,237,69,238,-1,238,69,70,-1,238,70,239,-1,239,70,71,-1,239,71,240,-1,240,71,72,-1,240,72,241,-1,241,72,73,-1,241,73,218,-1,218,73,50,-1,242,76,243,-1,243,76,78,-1,243,78,244,-1,244,78,80,-1,244,80,245,-1,245,80,82,-1,245,82,246,-1,246,82,84,-1,246,84,247,-1,247,84,86,-1,247,86,248,-1,248,86,88,-1,248,88,249,-1,249,88,90,-1,249,90,250,-1,250,90,92,-1,250,92,251,-1,251,92,94,-1,251,94,252,-1,252,94,96,-1,252,96,253,-1,253,96,98,-1,253,98,254,-1,254,98,100,-1,254,100,255,-1,255,100,102,-1,255,102,256,-1,256,102,104,-1,256,104,257,-1,257,104,106,-1,257,106,258,-1,258,106,108,-1,258,108,259,-1,259,108,110,-1,259,110,260,-1,260,110,112,-1,260,112,261,-1,261,112,114,-1,261,114,262,-1,262,114,116,-1,262,116,263,-1,263,116,118,-1,263,118,264,-1,264,118,120,-1,264,120,265,-1,265,120,74,-1,265,74,242,-1,242,74,76,-1,266,267,268,-1,268,267,269,-1,268,269,270,-1,270,269,271,-1,270,271,272,-1,272,271,273,-1,272,273,274,-1,274,273,275,-1,274,275,276,-1,276,275,277,-1,276,277,278,-1,278,277,279,-1,278,279,280,-1,280,279,281,-1,280,281,282,-1,282,281,283,-1,282,283,284,-1,284,283,285,-1,284,285,286,-1,286,285,287,-1,286,287,288,-1,288,287,289,-1,288,289,290,-1,290,289,291,-1,290,291,292,-1,292,291,293,-1,292,293,294,-1,294,293,295,-1,294,295,296,-1,296,295,297,-1,296,297,298,-1,298,297,299,-1,298,299,300,-1,300,299,301,-1,300,301,302,-1,302,301,303,-1,302,303,304,-1,304,303,305,-1,304,305,306,-1,306,305,307,-1,306,307,308,-1,308,307,309,-1,308,309,310,-1,310,309,311,-1,310,311,312,-1,312,311,313,-1,312,313,266,-1,266,313,267,-1,267,314,269,-1,269,314,315,-1,269,315,271,-1,271,315,316,-1,271,316,273,-1,273,316,317,-1,273,317,275,-1,275,317,318,-1,275,318,277,-1,277,318,319,-1,277,319,279,-1,279,319,320,-1,279,320,281,-1,281,320,321,-1,281,321,283,-1,283,321,322,-1,283,322,285,-1,285,322,323,-1,285,323,287,-1,287,323,324,-1,287,324,289,-1,289,324,325,-1,289,325,291,-1,291,325,326,-1,291,326,293,-1,293,326,327,-1,293,327,295,-1,295,327,328,-1,295,328,297,-1,297,328,329,-1,297,329,299,-1,299,329,330,-1,299,330,301,-1,301,330,331,-1,301,331,303,-1,303,331,332,-1,303,332,305,-1,305,332,333,-1,305,333,307,-1,307,333,334,-1,307,334,309,-1,309,334,335,-1,309,335,311,-1,311,335,336,-1,311,336,313,-1,313,336,337,-1,313,337,267,-1,267,337,314,-1,314,338,315,-1,315,338,339,-1,315,339,316,-1,316,339,340,-1,316,340,317,-1,317,340,341,-1,317,341,318,-1,318,341,342,-1,318,342,319,-1,319,342,343,-1,319,343,320,-1,320,343,344,-1,320,344,321,-1,321,344,345,-1,321,345,322,-1,322,345,346,-1,322,346,323,-1,323,346,347,-1,323,347,324,-1,324,347,348,-1,324,348,325,-1,325,348,349,-1,325,349,326,-1,326,349,350,-1,326,350,327,-1,327,350,351,-1,327,351,328,-1,328,351,352,-1,328,352,329,-1,329,352,353,-1,329,353,330,-1,330,353,354,-1,330,354,331,-1,331,354,355,-1,331,355,332,-1,332,355,356,-1,332,356,333,-1,333,356,357,-1,333,357,334,-1,334,357,358,-1,334,358,335,-1,335,358,359,-1,335,359,336,-1,336,359,360,-1,336,360,337,-1,337,360,361,-1,337,361,314,-1,314,361,338,-1,338,362,339,-1,339,362,363,-1,339,363,340,-1,340,363,364,-1,340,364,341,-1,341,364,365,-1,341,365,342,-1,342,365,366,-1,342,366,343,-1,343,366,367,-1,343,367,344,-1,344,367,368,-1,344,368,345,-1,345,368,369,-1,345,369,346,-1,346,369,370,-1,346,370,347,-1,347,370,371,-1,347,371,348,-1,348,371,372,-1,348,372,349,-1,349,372,373,-1,349,373,350,-1,350,373,374,-1,350,374,351,-1,351,374,375,-1,351,375,352,-1,352,375,376,-1,352,376,353,-1,353,376,377,-1,353,377,354,-1,354,377,378,-1,354,378,355,-1,355,378,379,-1,355,379,356,-1,356,379,380,-1,356,380,357,-1,357,380,381,-1,357,381,358,-1,358,381,382,-1,358,382,359,-1,359,382,383,-1,359,383,360,-1,360,383,384,-1,360,384,361,-1,361,384,385,-1,361,385,338,-1,338,385,362,-1,362,386,363,-1,363,386,387,-1,363,387,364,-1,364,387,388,-1,364,388,365,-1,365,388,389,-1,365,389,366,-1,366,389,390,-1,366,390,367,-1,367,390,391,-1,367,391,368,-1,368,391,392,-1,368,392,369,-1,369,392,393,-1,369,393,370,-1,370,393,394,-1,370,394,371,-1,371,394,395,-1,371,395,372,-1,372,395,396,-1,372,396,373,-1,373,396,397,-1,373,397,374,-1,374,397,398,-1,374,398,375,-1,375,398,399,-1,375,399,376,-1,376,399,400,-1,376,400,377,-1,377,400,401,-1,377,401,378,-1,378,401,402,-1,378,402,379,-1,379,402,403,-1,379,403,380,-1,380,403,404,-1,380,404,381,-1,381,404,405,-1,381,405,382,-1,382,405,406,-1,382,406,383,-1,383,406,407,-1,383,407,384,-1,384,407,408,-1,384,408,385,-1,385,408,409,-1,385,409,362,-1,362,409,386,-1,386,410,387,-1,387,410,411,-1,387,411,388,-1,388,411,412,-1,388,412,389,-1,389,412,413,-1,389,413,390,-1,390,413,414,-1,390,414,391,-1,391,414,415,-1,391,415,392,-1,392,415,416,-1,392,416,393,-1,393,416,417,-1,393,417,394,-1,394,417,418,-1,394,418,395,-1,395,418,419,-1,395,419,396,-1,396,419,420,-1,396,420,397,-1,397,420,421,-1,397,421,398,-1,398,421,422,-1,398,422,399,-1,399,422,423,-1,399,423,400,-1,400,423,424,-1,400,424,401,-1,401,424,425,-1,401,425,402,-1,402,425,426,-1,402,426,403,-1,403,426,427,-1,403,427,404,-1,404,427,428,-1,404,428,405,-1,405,428,429,-1,405,429,406,-1,406,429,430,-1,406,430,407,-1,407,430,431,-1,407,431,408,-1,408,431,432,-1,408,432,409,-1,409,432,433,-1,409,433,386,-1,386,433,410,-1,410,434,411,-1,411,434,435,-1,411,435,412,-1,412,435,436,-1,412,436,413,-1,413,436,437,-1,413,437,414,-1,414,437,438,-1,414,438,415,-1,415,438,439,-1,415,439,416,-1,416,439,440,-1,416,440,417,-1,417,440,441,-1,417,441,418,-1,418,441,442,-1,418,442,419,-1,419,442,443,-1,419,443,420,-1,420,443,444,-1,420,444,421,-1,421,444,445,-1,421,445,422,-1,422,445,446,-1,422,446,423,-1,423,446,447,-1,423,447,424,-1,424,447,448,-1,424,448,425,-1,425,448,449,-1,425,449,426,-1,426,449,450,-1,426,450,427,-1,427,450,451,-1,427,451,428,-1,428,451,452,-1,428,452,429,-1,429,452,453,-1,429,453,430,-1,430,453,454,-1,430,454,431,-1,431,454,455,-1,431,455,432,-1,432,455,456,-1,432,456,433,-1,433,456,457,-1,433,457,410,-1,410,457,434,-1,434,458,435,-1,435,458,459,-1,435,459,436,-1,436,459,460,-1,436,460,437,-1,437,460,461,-1,437,461,438,-1,438,461,462,-1,438,462,439,-1,439,462,463,-1,439,463,440,-1,440,463,464,-1,440,464,441,-1,441,464,465,-1,441,465,442,-1,442,465,466,-1,442,466,443,-1,443,466,467,-1,443,467,444,-1,444,467,468,-1,444,468,445,-1,445,468,469,-1,445,469,446,-1,446,469,470,-1,446,470,447,-1,447,470,471,-1,447,471,448,-1,448,471,472,-1,448,472,449,-1,449,472,473,-1,449,473,450,-1,450,473,474,-1,450,474,451,-1,451,474,475,-1,451,475,452,-1,452,475,476,-1,452,476,453,-1,453,476,477,-1,453,477,454,-1,454,477,478,-1,454,478,455,-1,455,478,479,-1,455,479,456,-1,456,479,480,-1,456,480,457,-1,457,480,481,-1,457,481,434,-1,434,481,458,-1,458,482,459,-1,459,482,483,-1,459,483,460,-1,460,483,484,-1,460,484,461,-1,461,484,485,-1,461,485,462,-1,462,485,486,-1,462,486,463,-1,463,486,487,-1,463,487,464,-1,464,487,488,-1,464,488,465,-1,465,488,489,-1,465,489,466,-1,466,489,490,-1,466,490,467,-1,467,490,491,-1,467,491,468,-1,468,491,492,-1,468,492,469,-1,469,492,493,-1,469,493,470,-1,470,493,494,-1,470,494,471,-1,471,494,495,-1,471,495,472,-1,472,495,496,-1,472,496,473,-1,473,496,497,-1,473,497,474,-1,474,497,498,-1,474,498,475,-1,475,498,499,-1,475,499,476,-1,476,499,500,-1,476,500,477,-1,477,500,501,-1,477,501,478,-1,478,501,502,-1,478,502,479,-1,479,502,503,-1,479,503,480,-1,480,503,504,-1,480,504,481,-1,481,504,505,-1,481,505,458,-1,458,505,482,-1,482,506,483,-1,483,506,507,-1,483,507,484,-1,484,507,508,-1,484,508,485,-1,485,508,509,-1,485,509,486,-1,486,509,510,-1,486,510,487,-1,487,510,511,-1,487,511,488,-1,488,511,512,-1,488,512,489,-1,489,512,513,-1,489,513,490,-1,490,513,514,-1,490,514,491,-1,491,514,515,-1,491,515,492,-1,492,515,516,-1,492,516,493,-1,493,516,517,-1,493,517,494,-1,494,517,518,-1,494,518,495,-1,495,518,519,-1,495,519,496,-1,496,519,520,-1,496,520,497,-1,497,520,521,-1,497,521,498,-1,498,521,522,-1,498,522,499,-1,499,522,523,-1,499,523,500,-1,500,523,524,-1,500,524,501,-1,501,524,525,-1,501,525,502,-1,502,525,526,-1,502,526,503,-1,503,526,527,-1,503,527,504,-1,504,527,528,-1,504,528,505,-1,505,528,529,-1,505,529,482,-1,482,529,506,-1,506,530,507,-1,507,530,531,-1,507,531,508,-1,508,531,532,-1,508,532,509,-1,509,532,533,-1,509,533,510,-1,510,533,534,-1,510,534,511,-1,511,534,535,-1,511,535,512,-1,512,535,536,-1,512,536,513,-1,513,536,537,-1,513,537,514,-1,514,537,538,-1,514,538,515,-1,515,538,539,-1,515,539,516,-1,516,539,540,-1,516,540,517,-1,517,540,541,-1,517,541,518,-1,518,541,542,-1,518,542,519,-1,519,542,543,-1,519,543,520,-1,520,543,544,-1,520,544,521,-1,521,544,545,-1,521,545,522,-1,522,545,546,-1,522,546,523,-1,523,546,547,-1,523,547,524,-1,524,547,548,-1,524,548,525,-1,525,548,549,-1,525,549,526,-1,526,549,550,-1,526,550,527,-1,527,550,551,-1,527,551,528,-1,528,551,552,-1,528,552,529,-1,529,552,553,-1,529,553,506,-1,506,553,530,-1,530,254,531,-1,531,254,255,-1,531,255,532,-1,532,255,256,-1,532,256,533,-1,533,256,257,-1,533,257,534,-1,534,257,258,-1,534,258,535,-1,535,258,259,-1,535,259,536,-1,536,259,260,-1,536,260,537,-1,537,260,261,-1,537,261,538,-1,538,261,262,-1,538,262,539,-1,539,262,263,-1,539,263,540,-1,540,263,264,-1,540,264,541,-1,541,264,265,-1,541,265,542,-1,542,265,242,-1,542,242,543,-1,543,242,243,-1,543,243,544,-1,544,243,244,-1,544,244,545,-1,545,244,245,-1,545,245,546,-1,546,245,246,-1,546,246,547,-1,547,246,247,-1,547,247,548,-1,548,247,248,-1,548,248,549,-1,549,248,249,-1,549,249,550,-1,550,249,250,-1,550,250,551,-1,551,250,251,-1,551,251,552,-1,552,251,252,-1,552,252,553,-1,553,252,253,-1,553,253,530,-1,530,253,254,-1,41,292,36,-1,36,292,294,-1,36,294,37,-1,37,294,296,-1,37,296,38,-1,38,296,298,-1,38,298,33,-1,33,298,300,-1,33,300,34,-1,34,300,302,-1,34,302,35,-1,35,302,304,-1,35,304,30,-1,30,304,306,-1,30,306,31,-1,31,306,308,-1,31,308,32,-1,32,308,310,-1,32,310,25,-1,25,310,312,-1,25,312,26,-1,26,312,266,-1,26,266,28,-1,28,266,268,-1,28,268,29,-1,29,268,270,-1,29,270,48,-1,48,270,272,-1,48,272,49,-1,49,272,274,-1,49,274,45,-1,45,274,276,-1,45,276,46,-1,46,276,278,-1,46,278,47,-1,47,278,280,-1,47,280,42,-1,42,280,282,-1,42,282,43,-1,43,282,284,-1,43,284,44,-1,44,284,286,-1,44,286,39,-1,39,286,288,-1,39,288,40,-1,40,288,290,-1,40,290,41,-1,41,290,292,-1,554,555,556,-1,556,555,557,-1,556,557,558,-1,559,560,556,-1,556,560,561,-1,556,561,554,-1,562,563,556,-1,556,563,564,-1,556,564,559,-1,565,566,556,-1,556,566,567,-1,556,567,562,-1,568,569,556,-1,556,569,570,-1,556,570,565,-1,571,572,556,-1,556,572,573,-1,556,573,568,-1,574,575,556,-1,556,575,576,-1,556,576,571,-1,558,577,556,-1,556,577,578,-1,556,578,574,-1,579,580,581,-1,581,580,582,-1,581,582,583,-1,584,585,581,-1,581,585,586,-1,581,586,579,-1,587,588,581,-1,581,588,589,-1,581,589,584,-1,590,591,581,-1,581,591,592,-1,581,592,587,-1,593,594,581,-1,581,594,595,-1,581,595,590,-1,596,597,581,-1,581,597,598,-1,581,598,593,-1,599,600,581,-1,581,600,601,-1,581,601,596,-1,583,602,581,-1,581,602,603,-1,581,603,599,-1,604,575,605,-1,605,575,574,-1,605,574,606,-1,606,574,578,-1,606,578,607,-1,607,578,577,-1,607,577,608,-1,608,577,558,-1,608,558,609,-1,609,558,557,-1,609,557,610,-1,610,557,555,-1,610,555,611,-1,611,555,554,-1,611,554,612,-1,612,554,561,-1,612,561,613,-1,613,561,560,-1,613,560,614,-1,614,560,559,-1,614,559,615,-1,615,559,564,-1,615,564,616,-1,616,564,563,-1,616,563,617,-1,617,563,562,-1,617,562,618,-1,618,562,567,-1,618,567,619,-1,619,567,566,-1,619,566,620,-1,620,566,565,-1,620,565,621,-1,621,565,570,-1,621,570,622,-1,622,570,569,-1,622,569,623,-1,623,569,568,-1,623,568,624,-1,624,568,573,-1,624,573,625,-1,625,573,572,-1,625,572,626,-1,626,572,571,-1,626,571,627,-1,627,571,576,-1,627,576,604,-1,604,576,575,-1,628,629,630,-1,630,629,631,-1,630,631,632,-1,632,631,633,-1,632,633,634,-1,634,633,635,-1,634,635,636,-1,636,635,637,-1,636,637,638,-1,638,637,639,-1,638,639,640,-1,640,639,641,-1,640,641,642,-1,642,641,643,-1,642,643,644,-1,644,643,645,-1,644,645,646,-1,646,645,647,-1,646,647,648,-1,648,647,649,-1,648,649,650,-1,650,649,651,-1,650,651,652,-1,652,651,653,-1,652,653,654,-1,654,653,655,-1,654,655,656,-1,656,655,657,-1,656,657,658,-1,658,657,659,-1,658,659,660,-1,660,659,661,-1,660,661,662,-1,662,661,663,-1,662,663,664,-1,664,663,665,-1,664,665,666,-1,666,665,667,-1,666,667,668,-1,668,667,669,-1,668,669,670,-1,670,669,671,-1,670,671,672,-1,672,671,673,-1,672,673,674,-1,674,673,675,-1,674,675,628,-1,628,675,629,-1,629,676,631,-1,631,676,677,-1,631,677,633,-1,633,677,678,-1,633,678,635,-1,635,678,679,-1,635,679,637,-1,637,679,680,-1,637,680,639,-1,639,680,681,-1,639,681,641,-1,641,681,682,-1,641,682,643,-1,643,682,683,-1,643,683,645,-1,645,683,684,-1,645,684,647,-1,647,684,685,-1,647,685,649,-1,649,685,686,-1,649,686,651,-1,651,686,687,-1,651,687,653,-1,653,687,688,-1,653,688,655,-1,655,688,689,-1,655,689,657,-1,657,689,690,-1,657,690,659,-1,659,690,691,-1,659,691,661,-1,661,691,692,-1,661,692,663,-1,663,692,693,-1,663,693,665,-1,665,693,694,-1,665,694,667,-1,667,694,695,-1,667,695,669,-1,669,695,696,-1,669,696,671,-1,671,696,697,-1,671,697,673,-1,673,697,698,-1,673,698,675,-1,675,698,699,-1,675,699,629,-1,629,699,676,-1,676,700,677,-1,677,700,701,-1,677,701,678,-1,678,701,702,-1,678,702,679,-1,679,702,703,-1,679,703,680,-1,680,703,704,-1,680,704,681,-1,681,704,705,-1,681,705,682,-1,682,705,706,-1,682,706,683,-1,683,706,707,-1,683,707,684,-1,684,707,708,-1,684,708,685,-1,685,708,709,-1,685,709,686,-1,686,709,710,-1,686,710,687,-1,687,710,711,-1,687,711,688,-1,688,711,712,-1,688,712,689,-1,689,712,713,-1,689,713,690,-1,690,713,714,-1,690,714,691,-1,691,714,715,-1,691,715,692,-1,692,715,716,-1,692,716,693,-1,693,716,717,-1,693,717,694,-1,694,717,718,-1,694,718,695,-1,695,718,719,-1,695,719,696,-1,696,719,720,-1,696,720,697,-1,697,720,721,-1,697,721,698,-1,698,721,722,-1,698,722,699,-1,699,722,723,-1,699,723,676,-1,676,723,700,-1,700,724,701,-1,701,724,725,-1,701,725,702,-1,702,725,726,-1,702,726,703,-1,703,726,727,-1,703,727,704,-1,704,727,728,-1,704,728,705,-1,705,728,729,-1,705,729,706,-1,706,729,730,-1,706,730,707,-1,707,730,731,-1,707,731,708,-1,708,731,732,-1,708,732,709,-1,709,732,733,-1,709,733,710,-1,710,733,734,-1,710,734,711,-1,711,734,735,-1,711,735,712,-1,712,735,736,-1,712,736,713,-1,713,736,737,-1,713,737,714,-1,714,737,738,-1,714,738,715,-1,715,738,739,-1,715,739,716,-1,716,739,740,-1,716,740,717,-1,717,740,741,-1,717,741,718,-1,718,741,742,-1,718,742,719,-1,719,742,743,-1,719,743,720,-1,720,743,744,-1,720,744,721,-1,721,744,745,-1,721,745,722,-1,722,745,746,-1,722,746,723,-1,723,746,747,-1,723,747,700,-1,700,747,724,-1,724,748,725,-1,725,748,749,-1,725,749,726,-1,726,749,750,-1,726,750,727,-1,727,750,751,-1,727,751,728,-1,728,751,752,-1,728,752,729,-1,729,752,753,-1,729,753,730,-1,730,753,754,-1,730,754,731,-1,731,754,755,-1,731,755,732,-1,732,755,756,-1,732,756,733,-1,733,756,757,-1,733,757,734,-1,734,757,758,-1,734,758,735,-1,735,758,759,-1,735,759,736,-1,736,759,760,-1,736,760,737,-1,737,760,761,-1,737,761,738,-1,738,761,762,-1,738,762,739,-1,739,762,763,-1,739,763,740,-1,740,763,764,-1,740,764,741,-1,741,764,765,-1,741,765,742,-1,742,765,766,-1,742,766,743,-1,743,766,767,-1,743,767,744,-1,744,767,768,-1,744,768,745,-1,745,768,769,-1,745,769,746,-1,746,769,770,-1,746,770,747,-1,747,770,771,-1,747,771,724,-1,724,771,748,-1,748,772,749,-1,749,772,773,-1,749,773,750,-1,750,773,774,-1,750,774,751,-1,751,774,775,-1,751,775,752,-1,752,775,776,-1,752,776,753,-1,753,776,777,-1,753,777,754,-1,754,777,778,-1,754,778,755,-1,755,778,779,-1,755,779,756,-1,756,779,780,-1,756,780,757,-1,757,780,781,-1,757,781,758,-1,758,781,782,-1,758,782,759,-1,759,782,783,-1,759,783,760,-1,760,783,784,-1,760,784,761,-1,761,784,785,-1,761,785,762,-1,762,785,786,-1,762,786,763,-1,763,786,787,-1,763,787,764,-1,764,787,788,-1,764,788,765,-1,765,788,789,-1,765,789,766,-1,766,789,790,-1,766,790,767,-1,767,790,791,-1,767,791,768,-1,768,791,792,-1,768,792,769,-1,769,792,793,-1,769,793,770,-1,770,793,794,-1,770,794,771,-1,771,794,795,-1,771,795,748,-1,748,795,772,-1,772,622,773,-1,773,622,623,-1,773,623,774,-1,774,623,624,-1,774,624,775,-1,775,624,625,-1,775,625,776,-1,776,625,626,-1,776,626,777,-1,777,626,627,-1,777,627,778,-1,778,627,604,-1,778,604,779,-1,779,604,605,-1,779,605,780,-1,780,605,606,-1,780,606,781,-1,781,606,607,-1,781,607,782,-1,782,607,608,-1,782,608,783,-1,783,608,609,-1,783,609,784,-1,784,609,610,-1,784,610,785,-1,785,610,611,-1,785,611,786,-1,786,611,612,-1,786,612,787,-1,787,612,613,-1,787,613,788,-1,788,613,614,-1,788,614,789,-1,789,614,615,-1,789,615,790,-1,790,615,616,-1,790,616,791,-1,791,616,617,-1,791,617,792,-1,792,617,618,-1,792,618,793,-1,793,618,619,-1,793,619,794,-1,794,619,620,-1,794,620,795,-1,795,620,621,-1,795,621,772,-1,772,621,622,-1,796,630,797,-1,797,630,632,-1,797,632,798,-1,798,632,634,-1,798,634,799,-1,799,634,636,-1,799,636,800,-1,800,636,638,-1,800,638,801,-1,801,638,640,-1,801,640,802,-1,802,640,642,-1,802,642,803,-1,803,642,644,-1,803,644,804,-1,804,644,646,-1,804,646,805,-1,805,646,648,-1,805,648,806,-1,806,648,650,-1,806,650,807,-1,807,650,652,-1,807,652,808,-1,808,652,654,-1,808,654,809,-1,809,654,656,-1,809,656,810,-1,810,656,658,-1,810,658,811,-1,811,658,660,-1,811,660,812,-1,812,660,662,-1,812,662,813,-1,813,662,664,-1,813,664,814,-1,814,664,666,-1,814,666,815,-1,815,666,668,-1,815,668,816,-1,816,668,670,-1,816,670,817,-1,817,670,672,-1,817,672,818,-1,818,672,674,-1,818,674,819,-1,819,674,628,-1,819,628,796,-1,796,628,630,-1,820,821,822,-1,822,821,823,-1,822,823,824,-1,824,823,825,-1,824,825,826,-1,826,825,827,-1,826,827,828,-1,828,827,829,-1,828,829,830,-1,830,829,831,-1,830,831,832,-1,832,831,833,-1,832,833,834,-1,834,833,835,-1,834,835,836,-1,836,835,837,-1,836,837,838,-1,838,837,839,-1,838,839,840,-1,840,839,841,-1,840,841,842,-1,842,841,843,-1,842,843,844,-1,844,843,845,-1,844,845,846,-1,846,845,847,-1,846,847,848,-1,848,847,849,-1,848,849,850,-1,850,849,851,-1,850,851,852,-1,852,851,853,-1,852,853,854,-1,854,853,855,-1,854,855,856,-1,856,855,857,-1,856,857,858,-1,858,857,859,-1,858,859,860,-1,860,859,861,-1,860,861,862,-1,862,861,863,-1,862,863,864,-1,864,863,865,-1,864,865,866,-1,866,865,867,-1,866,867,820,-1,820,867,821,-1,821,868,823,-1,823,868,869,-1,823,869,825,-1,825,869,870,-1,825,870,827,-1,827,870,871,-1,827,871,829,-1,829,871,872,-1,829,872,831,-1,831,872,873,-1,831,873,833,-1,833,873,874,-1,833,874,835,-1,835,874,875,-1,835,875,837,-1,837,875,876,-1,837,876,839,-1,839,876,877,-1,839,877,841,-1,841,877,878,-1,841,878,843,-1,843,878,879,-1,843,879,845,-1,845,879,880,-1,845,880,847,-1,847,880,881,-1,847,881,849,-1,849,881,882,-1,849,882,851,-1,851,882,883,-1,851,883,853,-1,853,883,884,-1,853,884,855,-1,855,884,885,-1,855,885,857,-1,857,885,886,-1,857,886,859,-1,859,886,887,-1,859,887,861,-1,861,887,888,-1,861,888,863,-1,863,888,889,-1,863,889,865,-1,865,889,890,-1,865,890,867,-1,867,890,891,-1,867,891,821,-1,821,891,868,-1,868,892,869,-1,869,892,893,-1,869,893,870,-1,870,893,894,-1,870,894,871,-1,871,894,895,-1,871,895,872,-1,872,895,896,-1,872,896,873,-1,873,896,897,-1,873,897,874,-1,874,897,898,-1,874,898,875,-1,875,898,899,-1,875,899,876,-1,876,899,900,-1,876,900,877,-1,877,900,901,-1,877,901,878,-1,878,901,902,-1,878,902,879,-1,879,902,903,-1,879,903,880,-1,880,903,904,-1,880,904,881,-1,881,904,905,-1,881,905,882,-1,882,905,906,-1,882,906,883,-1,883,906,907,-1,883,907,884,-1,884,907,908,-1,884,908,885,-1,885,908,909,-1,885,909,886,-1,886,909,910,-1,886,910,887,-1,887,910,911,-1,887,911,888,-1,888,911,912,-1,888,912,889,-1,889,912,913,-1,889,913,890,-1,890,913,914,-1,890,914,891,-1,891,914,915,-1,891,915,868,-1,868,915,892,-1,892,916,893,-1,893,916,917,-1,893,917,894,-1,894,917,918,-1,894,918,895,-1,895,918,919,-1,895,919,896,-1,896,919,920,-1,896,920,897,-1,897,920,921,-1,897,921,898,-1,898,921,922,-1,898,922,899,-1,899,922,923,-1,899,923,900,-1,900,923,924,-1,900,924,901,-1,901,924,925,-1,901,925,902,-1,902,925,926,-1,902,926,903,-1,903,926,927,-1,903,927,904,-1,904,927,928,-1,904,928,905,-1,905,928,929,-1,905,929,906,-1,906,929,930,-1,906,930,907,-1,907,930,931,-1,907,931,908,-1,908,931,932,-1,908,932,909,-1,909,932,933,-1,909,933,910,-1,910,933,934,-1,910,934,911,-1,911,934,935,-1,911,935,912,-1,912,935,936,-1,912,936,913,-1,913,936,937,-1,913,937,914,-1,914,937,938,-1,914,938,915,-1,915,938,939,-1,915,939,892,-1,892,939,916,-1,916,940,917,-1,917,940,941,-1,917,941,918,-1,918,941,942,-1,918,942,919,-1,919,942,943,-1,919,943,920,-1,920,943,944,-1,920,944,921,-1,921,944,945,-1,921,945,922,-1,922,945,946,-1,922,946,923,-1,923,946,947,-1,923,947,924,-1,924,947,948,-1,924,948,925,-1,925,948,949,-1,925,949,926,-1,926,949,950,-1,926,950,927,-1,927,950,951,-1,927,951,928,-1,928,951,952,-1,928,952,929,-1,929,952,953,-1,929,953,930,-1,930,953,954,-1,930,954,931,-1,931,954,955,-1,931,955,932,-1,932,955,956,-1,932,956,933,-1,933,956,957,-1,933,957,934,-1,934,957,958,-1,934,958,935,-1,935,958,959,-1,935,959,936,-1,936,959,960,-1,936,960,937,-1,937,960,961,-1,937,961,938,-1,938,961,962,-1,938,962,939,-1,939,962,963,-1,939,963,916,-1,916,963,940,-1,940,964,941,-1,941,964,965,-1,941,965,942,-1,942,965,966,-1,942,966,943,-1,943,966,967,-1,943,967,944,-1,944,967,968,-1,944,968,945,-1,945,968,969,-1,945,969,946,-1,946,969,970,-1,946,970,947,-1,947,970,971,-1,947,971,948,-1,948,971,972,-1,948,972,949,-1,949,972,973,-1,949,973,950,-1,950,973,974,-1,950,974,951,-1,951,974,975,-1,951,975,952,-1,952,975,976,-1,952,976,953,-1,953,976,977,-1,953,977,954,-1,954,977,978,-1,954,978,955,-1,955,978,979,-1,955,979,956,-1,956,979,980,-1,956,980,957,-1,957,980,981,-1,957,981,958,-1,958,981,982,-1,958,982,959,-1,959,982,983,-1,959,983,960,-1,960,983,984,-1,960,984,961,-1,961,984,985,-1,961,985,962,-1,962,985,986,-1,962,986,963,-1,963,986,987,-1,963,987,940,-1,940,987,964,-1,964,988,965,-1,965,988,989,-1,965,989,966,-1,966,989,990,-1,966,990,967,-1,967,990,991,-1,967,991,968,-1,968,991,992,-1,968,992,969,-1,969,992,993,-1,969,993,970,-1,970,993,994,-1,970,994,971,-1,971,994,995,-1,971,995,972,-1,972,995,996,-1,972,996,973,-1,973,996,997,-1,973,997,974,-1,974,997,998,-1,974,998,975,-1,975,998,999,-1,975,999,976,-1,976,999,1000,-1,976,1000,977,-1,977,1000,1001,-1,977,1001,978,-1,978,1001,1002,-1,978,1002,979,-1,979,1002,1003,-1,979,1003,980,-1,980,1003,1004,-1,980,1004,981,-1,981,1004,1005,-1,981,1005,982,-1,982,1005,1006,-1,982,1006,983,-1,983,1006,1007,-1,983,1007,984,-1,984,1007,1008,-1,984,1008,985,-1,985,1008,1009,-1,985,1009,986,-1,986,1009,1010,-1,986,1010,987,-1,987,1010,1011,-1,987,1011,964,-1,964,1011,988,-1,988,1012,989,-1,989,1012,1013,-1,989,1013,990,-1,990,1013,1014,-1,990,1014,991,-1,991,1014,1015,-1,991,1015,992,-1,992,1015,1016,-1,992,1016,993,-1,993,1016,1017,-1,993,1017,994,-1,994,1017,1018,-1,994,1018,995,-1,995,1018,1019,-1,995,1019,996,-1,996,1019,1020,-1,996,1020,997,-1,997,1020,1021,-1,997,1021,998,-1,998,1021,1022,-1,998,1022,999,-1,999,1022,1023,-1,999,1023,1000,-1,1000,1023,1024,-1,1000,1024,1001,-1,1001,1024,1025,-1,1001,1025,1002,-1,1002,1025,1026,-1,1002,1026,1003,-1,1003,1026,1027,-1,1003,1027,1004,-1,1004,1027,1028,-1,1004,1028,1005,-1,1005,1028,1029,-1,1005,1029,1006,-1,1006,1029,1030,-1,1006,1030,1007,-1,1007,1030,1031,-1,1007,1031,1008,-1,1008,1031,1032,-1,1008,1032,1009,-1,1009,1032,1033,-1,1009,1033,1010,-1,1010,1033,1034,-1,1010,1034,1011,-1,1011,1034,1035,-1,1011,1035,988,-1,988,1035,1012,-1,1012,1036,1013,-1,1013,1036,1037,-1,1013,1037,1014,-1,1014,1037,1038,-1,1014,1038,1015,-1,1015,1038,1039,-1,1015,1039,1016,-1,1016,1039,1040,-1,1016,1040,1017,-1,1017,1040,1041,-1,1017,1041,1018,-1,1018,1041,1042,-1,1018,1042,1019,-1,1019,1042,1043,-1,1019,1043,1020,-1,1020,1043,1044,-1,1020,1044,1021,-1,1021,1044,1045,-1,1021,1045,1022,-1,1022,1045,1046,-1,1022,1046,1023,-1,1023,1046,1047,-1,1023,1047,1024,-1,1024,1047,1048,-1,1024,1048,1025,-1,1025,1048,1049,-1,1025,1049,1026,-1,1026,1049,1050,-1,1026,1050,1027,-1,1027,1050,1051,-1,1027,1051,1028,-1,1028,1051,1052,-1,1028,1052,1029,-1,1029,1052,1053,-1,1029,1053,1030,-1,1030,1053,1054,-1,1030,1054,1031,-1,1031,1054,1055,-1,1031,1055,1032,-1,1032,1055,1056,-1,1032,1056,1033,-1,1033,1056,1057,-1,1033,1057,1034,-1,1034,1057,1058,-1,1034,1058,1035,-1,1035,1058,1059,-1,1035,1059,1012,-1,1012,1059,1036,-1,1036,1060,1037,-1,1037,1060,1061,-1,1037,1061,1038,-1,1038,1061,1062,-1,1038,1062,1039,-1,1039,1062,1063,-1,1039,1063,1040,-1,1040,1063,1064,-1,1040,1064,1041,-1,1041,1064,1065,-1,1041,1065,1042,-1,1042,1065,1066,-1,1042,1066,1043,-1,1043,1066,1067,-1,1043,1067,1044,-1,1044,1067,1068,-1,1044,1068,1045,-1,1045,1068,1069,-1,1045,1069,1046,-1,1046,1069,1070,-1,1046,1070,1047,-1,1047,1070,1071,-1,1047,1071,1048,-1,1048,1071,1072,-1,1048,1072,1049,-1,1049,1072,1073,-1,1049,1073,1050,-1,1050,1073,1074,-1,1050,1074,1051,-1,1051,1074,1075,-1,1051,1075,1052,-1,1052,1075,1076,-1,1052,1076,1053,-1,1053,1076,1077,-1,1053,1077,1054,-1,1054,1077,1078,-1,1054,1078,1055,-1,1055,1078,1079,-1,1055,1079,1056,-1,1056,1079,1080,-1,1056,1080,1057,-1,1057,1080,1081,-1,1057,1081,1058,-1,1058,1081,1082,-1,1058,1082,1059,-1,1059,1082,1083,-1,1059,1083,1036,-1,1036,1083,1060,-1,1060,1084,1061,-1,1061,1084,1085,-1,1061,1085,1062,-1,1062,1085,1086,-1,1062,1086,1063,-1,1063,1086,1087,-1,1063,1087,1064,-1,1064,1087,1088,-1,1064,1088,1065,-1,1065,1088,1089,-1,1065,1089,1066,-1,1066,1089,1090,-1,1066,1090,1067,-1,1067,1090,1091,-1,1067,1091,1068,-1,1068,1091,1092,-1,1068,1092,1069,-1,1069,1092,1093,-1,1069,1093,1070,-1,1070,1093,1094,-1,1070,1094,1071,-1,1071,1094,1095,-1,1071,1095,1072,-1,1072,1095,1096,-1,1072,1096,1073,-1,1073,1096,1097,-1,1073,1097,1074,-1,1074,1097,1098,-1,1074,1098,1075,-1,1075,1098,1099,-1,1075,1099,1076,-1,1076,1099,1100,-1,1076,1100,1077,-1,1077,1100,1101,-1,1077,1101,1078,-1,1078,1101,1102,-1,1078,1102,1079,-1,1079,1102,1103,-1,1079,1103,1080,-1,1080,1103,1104,-1,1080,1104,1081,-1,1081,1104,1105,-1,1081,1105,1082,-1,1082,1105,1106,-1,1082,1106,1083,-1,1083,1106,1107,-1,1083,1107,1060,-1,1060,1107,1084,-1,1084,808,1085,-1,1085,808,809,-1,1085,809,1086,-1,1086,809,810,-1,1086,810,1087,-1,1087,810,811,-1,1087,811,1088,-1,1088,811,812,-1,1088,812,1089,-1,1089,812,813,-1,1089,813,1090,-1,1090,813,814,-1,1090,814,1091,-1,1091,814,815,-1,1091,815,1092,-1,1092,815,816,-1,1092,816,1093,-1,1093,816,817,-1,1093,817,1094,-1,1094,817,818,-1,1094,818,1095,-1,1095,818,819,-1,1095,819,1096,-1,1096,819,796,-1,1096,796,1097,-1,1097,796,797,-1,1097,797,1098,-1,1098,797,798,-1,1098,798,1099,-1,1099,798,799,-1,1099,799,1100,-1,1100,799,800,-1,1100,800,1101,-1,1101,800,801,-1,1101,801,1102,-1,1102,801,802,-1,1102,802,1103,-1,1103,802,803,-1,1103,803,1104,-1,1104,803,804,-1,1104,804,1105,-1,1105,804,805,-1,1105,805,1106,-1,1106,805,806,-1,1106,806,1107,-1,1107,806,807,-1,1107,807,1084,-1,1084,807,808,-1,595,846,590,-1,590,846,848,-1,590,848,591,-1,591,848,850,-1,591,850,592,-1,592,850,852,-1,592,852,587,-1,587,852,854,-1,587,854,588,-1,588,854,856,-1,588,856,589,-1,589,856,858,-1,589,858,584,-1,584,858,860,-1,584,860,585,-1,585,860,862,-1,585,862,586,-1,586,862,864,-1,586,864,579,-1,579,864,866,-1,579,866,580,-1,580,866,820,-1,580,820,582,-1,582,820,822,-1,582,822,583,-1,583,822,824,-1,583,824,602,-1,602,824,826,-1,602,826,603,-1,603,826,828,-1,603,828,599,-1,599,828,830,-1,599,830,600,-1,600,830,832,-1,600,832,601,-1,601,832,834,-1,601,834,596,-1,596,834,836,-1,596,836,597,-1,597,836,838,-1,597,838,598,-1,598,838,840,-1,598,840,593,-1,593,840,842,-1,593,842,594,-1,594,842,844,-1,594,844,595,-1,595,844,846,-1,1108,1109,1110,-1,1110,1109,1111,-1,1110,1111,1112,-1,1113,1114,1110,-1,1110,1114,1115,-1,1110,1115,1108,-1,1116,1117,1110,-1,1110,1117,1118,-1,1110,1118,1113,-1,1119,1120,1110,-1,1110,1120,1121,-1,1110,1121,1116,-1,1122,1123,1110,-1,1110,1123,1124,-1,1110,1124,1119,-1,1125,1126,1110,-1,1110,1126,1127,-1,1110,1127,1122,-1,1128,1129,1110,-1,1110,1129,1130,-1,1110,1130,1125,-1,1112,1131,1110,-1,1110,1131,1132,-1,1110,1132,1128,-1,1133,1134,1135,-1,1135,1134,1136,-1,1135,1136,1137,-1,1138,1139,1135,-1,1135,1139,1140,-1,1135,1140,1133,-1,1141,1142,1135,-1,1135,1142,1143,-1,1135,1143,1138,-1,1144,1145,1135,-1,1135,1145,1146,-1,1135,1146,1141,-1,1147,1148,1135,-1,1135,1148,1149,-1,1135,1149,1144,-1,1150,1151,1135,-1,1135,1151,1152,-1,1135,1152,1147,-1,1153,1154,1135,-1,1135,1154,1155,-1,1135,1155,1150,-1,1137,1156,1135,-1,1135,1156,1157,-1,1135,1157,1153,-1,1158,1123,1159,-1,1159,1123,1122,-1,1159,1122,1160,-1,1160,1122,1127,-1,1160,1127,1161,-1,1161,1127,1126,-1,1161,1126,1162,-1,1162,1126,1125,-1,1162,1125,1163,-1,1163,1125,1130,-1,1163,1130,1164,-1,1164,1130,1129,-1,1164,1129,1165,-1,1165,1129,1128,-1,1165,1128,1166,-1,1166,1128,1132,-1,1166,1132,1167,-1,1167,1132,1131,-1,1167,1131,1168,-1,1168,1131,1112,-1,1168,1112,1169,-1,1169,1112,1111,-1,1169,1111,1170,-1,1170,1111,1109,-1,1170,1109,1171,-1,1171,1109,1108,-1,1171,1108,1172,-1,1172,1108,1115,-1,1172,1115,1173,-1,1173,1115,1114,-1,1173,1114,1174,-1,1174,1114,1113,-1,1174,1113,1175,-1,1175,1113,1118,-1,1175,1118,1176,-1,1176,1118,1117,-1,1176,1117,1177,-1,1177,1117,1116,-1,1177,1116,1178,-1,1178,1116,1121,-1,1178,1121,1179,-1,1179,1121,1120,-1,1179,1120,1180,-1,1180,1120,1119,-1,1180,1119,1181,-1,1181,1119,1124,-1,1181,1124,1158,-1,1158,1124,1123,-1,1182,1183,1184,-1,1184,1183,1185,-1,1184,1185,1186,-1,1186,1185,1187,-1,1186,1187,1188,-1,1188,1187,1189,-1,1188,1189,1190,-1,1190,1189,1191,-1,1190,1191,1192,-1,1192,1191,1193,-1,1192,1193,1194,-1,1194,1193,1195,-1,1194,1195,1196,-1,1196,1195,1197,-1,1196,1197,1198,-1,1198,1197,1199,-1,1198,1199,1200,-1,1200,1199,1201,-1,1200,1201,1202,-1,1202,1201,1203,-1,1202,1203,1204,-1,1204,1203,1205,-1,1204,1205,1206,-1,1206,1205,1207,-1,1206,1207,1208,-1,1208,1207,1209,-1,1208,1209,1210,-1,1210,1209,1211,-1,1210,1211,1212,-1,1212,1211,1213,-1,1212,1213,1214,-1,1214,1213,1215,-1,1214,1215,1216,-1,1216,1215,1217,-1,1216,1217,1218,-1,1218,1217,1219,-1,1218,1219,1220,-1,1220,1219,1221,-1,1220,1221,1222,-1,1222,1221,1223,-1,1222,1223,1224,-1,1224,1223,1225,-1,1224,1225,1226,-1,1226,1225,1227,-1,1226,1227,1228,-1,1228,1227,1229,-1,1228,1229,1182,-1,1182,1229,1183,-1,1183,1230,1185,-1,1185,1230,1231,-1,1185,1231,1187,-1,1187,1231,1232,-1,1187,1232,1189,-1,1189,1232,1233,-1,1189,1233,1191,-1,1191,1233,1234,-1,1191,1234,1193,-1,1193,1234,1235,-1,1193,1235,1195,-1,1195,1235,1236,-1,1195,1236,1197,-1,1197,1236,1237,-1,1197,1237,1199,-1,1199,1237,1238,-1,1199,1238,1201,-1,1201,1238,1239,-1,1201,1239,1203,-1,1203,1239,1240,-1,1203,1240,1205,-1,1205,1240,1241,-1,1205,1241,1207,-1,1207,1241,1242,-1,1207,1242,1209,-1,1209,1242,1243,-1,1209,1243,1211,-1,1211,1243,1244,-1,1211,1244,1213,-1,1213,1244,1245,-1,1213,1245,1215,-1,1215,1245,1246,-1,1215,1246,1217,-1,1217,1246,1247,-1,1217,1247,1219,-1,1219,1247,1248,-1,1219,1248,1221,-1,1221,1248,1249,-1,1221,1249,1223,-1,1223,1249,1250,-1,1223,1250,1225,-1,1225,1250,1251,-1,1225,1251,1227,-1,1227,1251,1252,-1,1227,1252,1229,-1,1229,1252,1253,-1,1229,1253,1183,-1,1183,1253,1230,-1,1230,1254,1231,-1,1231,1254,1255,-1,1231,1255,1232,-1,1232,1255,1256,-1,1232,1256,1233,-1,1233,1256,1257,-1,1233,1257,1234,-1,1234,1257,1258,-1,1234,1258,1235,-1,1235,1258,1259,-1,1235,1259,1236,-1,1236,1259,1260,-1,1236,1260,1237,-1,1237,1260,1261,-1,1237,1261,1238,-1,1238,1261,1262,-1,1238,1262,1239,-1,1239,1262,1263,-1,1239,1263,1240,-1,1240,1263,1264,-1,1240,1264,1241,-1,1241,1264,1265,-1,1241,1265,1242,-1,1242,1265,1266,-1,1242,1266,1243,-1,1243,1266,1267,-1,1243,1267,1244,-1,1244,1267,1268,-1,1244,1268,1245,-1,1245,1268,1269,-1,1245,1269,1246,-1,1246,1269,1270,-1,1246,1270,1247,-1,1247,1270,1271,-1,1247,1271,1248,-1,1248,1271,1272,-1,1248,1272,1249,-1,1249,1272,1273,-1,1249,1273,1250,-1,1250,1273,1274,-1,1250,1274,1251,-1,1251,1274,1275,-1,1251,1275,1252,-1,1252,1275,1276,-1,1252,1276,1253,-1,1253,1276,1277,-1,1253,1277,1230,-1,1230,1277,1254,-1,1254,1278,1255,-1,1255,1278,1279,-1,1255,1279,1256,-1,1256,1279,1280,-1,1256,1280,1257,-1,1257,1280,1281,-1,1257,1281,1258,-1,1258,1281,1282,-1,1258,1282,1259,-1,1259,1282,1283,-1,1259,1283,1260,-1,1260,1283,1284,-1,1260,1284,1261,-1,1261,1284,1285,-1,1261,1285,1262,-1,1262,1285,1286,-1,1262,1286,1263,-1,1263,1286,1287,-1,1263,1287,1264,-1,1264,1287,1288,-1,1264,1288,1265,-1,1265,1288,1289,-1,1265,1289,1266,-1,1266,1289,1290,-1,1266,1290,1267,-1,1267,1290,1291,-1,1267,1291,1268,-1,1268,1291,1292,-1,1268,1292,1269,-1,1269,1292,1293,-1,1269,1293,1270,-1,1270,1293,1294,-1,1270,1294,1271,-1,1271,1294,1295,-1,1271,1295,1272,-1,1272,1295,1296,-1,1272,1296,1273,-1,1273,1296,1297,-1,1273,1297,1274,-1,1274,1297,1298,-1,1274,1298,1275,-1,1275,1298,1299,-1,1275,1299,1276,-1,1276,1299,1300,-1,1276,1300,1277,-1,1277,1300,1301,-1,1277,1301,1254,-1,1254,1301,1278,-1,1278,1302,1279,-1,1279,1302,1303,-1,1279,1303,1280,-1,1280,1303,1304,-1,1280,1304,1281,-1,1281,1304,1305,-1,1281,1305,1282,-1,1282,1305,1306,-1,1282,1306,1283,-1,1283,1306,1307,-1,1283,1307,1284,-1,1284,1307,1308,-1,1284,1308,1285,-1,1285,1308,1309,-1,1285,1309,1286,-1,1286,1309,1310,-1,1286,1310,1287,-1,1287,1310,1311,-1,1287,1311,1288,-1,1288,1311,1312,-1,1288,1312,1289,-1,1289,1312,1313,-1,1289,1313,1290,-1,1290,1313,1314,-1,1290,1314,1291,-1,1291,1314,1315,-1,1291,1315,1292,-1,1292,1315,1316,-1,1292,1316,1293,-1,1293,1316,1317,-1,1293,1317,1294,-1,1294,1317,1318,-1,1294,1318,1295,-1,1295,1318,1319,-1,1295,1319,1296,-1,1296,1319,1320,-1,1296,1320,1297,-1,1297,1320,1321,-1,1297,1321,1298,-1,1298,1321,1322,-1,1298,1322,1299,-1,1299,1322,1323,-1,1299,1323,1300,-1,1300,1323,1324,-1,1300,1324,1301,-1,1301,1324,1325,-1,1301,1325,1278,-1,1278,1325,1302,-1,1302,1326,1303,-1,1303,1326,1327,-1,1303,1327,1304,-1,1304,1327,1328,-1,1304,1328,1305,-1,1305,1328,1329,-1,1305,1329,1306,-1,1306,1329,1330,-1,1306,1330,1307,-1,1307,1330,1331,-1,1307,1331,1308,-1,1308,1331,1332,-1,1308,1332,1309,-1,1309,1332,1333,-1,1309,1333,1310,-1,1310,1333,1334,-1,1310,1334,1311,-1,1311,1334,1335,-1,1311,1335,1312,-1,1312,1335,1336,-1,1312,1336,1313,-1,1313,1336,1337,-1,1313,1337,1314,-1,1314,1337,1338,-1,1314,1338,1315,-1,1315,1338,1339,-1,1315,1339,1316,-1,1316,1339,1340,-1,1316,1340,1317,-1,1317,1340,1341,-1,1317,1341,1318,-1,1318,1341,1342,-1,1318,1342,1319,-1,1319,1342,1343,-1,1319,1343,1320,-1,1320,1343,1344,-1,1320,1344,1321,-1,1321,1344,1345,-1,1321,1345,1322,-1,1322,1345,1346,-1,1322,1346,1323,-1,1323,1346,1347,-1,1323,1347,1324,-1,1324,1347,1348,-1,1324,1348,1325,-1,1325,1348,1349,-1,1325,1349,1302,-1,1302,1349,1326,-1,1326,1158,1327,-1,1327,1158,1159,-1,1327,1159,1328,-1,1328,1159,1160,-1,1328,1160,1329,-1,1329,1160,1161,-1,1329,1161,1330,-1,1330,1161,1162,-1,1330,1162,1331,-1,1331,1162,1163,-1,1331,1163,1332,-1,1332,1163,1164,-1,1332,1164,1333,-1,1333,1164,1165,-1,1333,1165,1334,-1,1334,1165,1166,-1,1334,1166,1335,-1,1335,1166,1167,-1,1335,1167,1336,-1,1336,1167,1168,-1,1336,1168,1337,-1,1337,1168,1169,-1,1337,1169,1338,-1,1338,1169,1170,-1,1338,1170,1339,-1,1339,1170,1171,-1,1339,1171,1340,-1,1340,1171,1172,-1,1340,1172,1341,-1,1341,1172,1173,-1,1341,1173,1342,-1,1342,1173,1174,-1,1342,1174,1343,-1,1343,1174,1175,-1,1343,1175,1344,-1,1344,1175,1176,-1,1344,1176,1345,-1,1345,1176,1177,-1,1345,1177,1346,-1,1346,1177,1178,-1,1346,1178,1347,-1,1347,1178,1179,-1,1347,1179,1348,-1,1348,1179,1180,-1,1348,1180,1349,-1,1349,1180,1181,-1,1349,1181,1326,-1,1326,1181,1158,-1,1350,1184,1351,-1,1351,1184,1186,-1,1351,1186,1352,-1,1352,1186,1188,-1,1352,1188,1353,-1,1353,1188,1190,-1,1353,1190,1354,-1,1354,1190,1192,-1,1354,1192,1355,-1,1355,1192,1194,-1,1355,1194,1356,-1,1356,1194,1196,-1,1356,1196,1357,-1,1357,1196,1198,-1,1357,1198,1358,-1,1358,1198,1200,-1,1358,1200,1359,-1,1359,1200,1202,-1,1359,1202,1360,-1,1360,1202,1204,-1,1360,1204,1361,-1,1361,1204,1206,-1,1361,1206,1362,-1,1362,1206,1208,-1,1362,1208,1363,-1,1363,1208,1210,-1,1363,1210,1364,-1,1364,1210,1212,-1,1364,1212,1365,-1,1365,1212,1214,-1,1365,1214,1366,-1,1366,1214,1216,-1,1366,1216,1367,-1,1367,1216,1218,-1,1367,1218,1368,-1,1368,1218,1220,-1,1368,1220,1369,-1,1369,1220,1222,-1,1369,1222,1370,-1,1370,1222,1224,-1,1370,1224,1371,-1,1371,1224,1226,-1,1371,1226,1372,-1,1372,1226,1228,-1,1372,1228,1373,-1,1373,1228,1182,-1,1373,1182,1350,-1,1350,1182,1184,-1,1374,1375,1376,-1,1376,1375,1377,-1,1376,1377,1378,-1,1378,1377,1379,-1,1378,1379,1380,-1,1380,1379,1381,-1,1380,1381,1382,-1,1382,1381,1383,-1,1382,1383,1384,-1,1384,1383,1385,-1,1384,1385,1386,-1,1386,1385,1387,-1,1386,1387,1388,-1,1388,1387,1389,-1,1388,1389,1390,-1,1390,1389,1391,-1,1390,1391,1392,-1,1392,1391,1393,-1,1392,1393,1394,-1,1394,1393,1395,-1,1394,1395,1396,-1,1396,1395,1397,-1,1396,1397,1398,-1,1398,1397,1399,-1,1398,1399,1400,-1,1400,1399,1401,-1,1400,1401,1402,-1,1402,1401,1403,-1,1402,1403,1404,-1,1404,1403,1405,-1,1404,1405,1406,-1,1406,1405,1407,-1,1406,1407,1408,-1,1408,1407,1409,-1,1408,1409,1410,-1,1410,1409,1411,-1,1410,1411,1412,-1,1412,1411,1413,-1,1412,1413,1414,-1,1414,1413,1415,-1,1414,1415,1416,-1,1416,1415,1417,-1,1416,1417,1418,-1,1418,1417,1419,-1,1418,1419,1420,-1,1420,1419,1421,-1,1420,1421,1374,-1,1374,1421,1375,-1,1375,1422,1377,-1,1377,1422,1423,-1,1377,1423,1379,-1,1379,1423,1424,-1,1379,1424,1381,-1,1381,1424,1425,-1,1381,1425,1383,-1,1383,1425,1426,-1,1383,1426,1385,-1,1385,1426,1427,-1,1385,1427,1387,-1,1387,1427,1428,-1,1387,1428,1389,-1,1389,1428,1429,-1,1389,1429,1391,-1,1391,1429,1430,-1,1391,1430,1393,-1,1393,1430,1431,-1,1393,1431,1395,-1,1395,1431,1432,-1,1395,1432,1397,-1,1397,1432,1433,-1,1397,1433,1399,-1,1399,1433,1434,-1,1399,1434,1401,-1,1401,1434,1435,-1,1401,1435,1403,-1,1403,1435,1436,-1,1403,1436,1405,-1,1405,1436,1437,-1,1405,1437,1407,-1,1407,1437,1438,-1,1407,1438,1409,-1,1409,1438,1439,-1,1409,1439,1411,-1,1411,1439,1440,-1,1411,1440,1413,-1,1413,1440,1441,-1,1413,1441,1415,-1,1415,1441,1442,-1,1415,1442,1417,-1,1417,1442,1443,-1,1417,1443,1419,-1,1419,1443,1444,-1,1419,1444,1421,-1,1421,1444,1445,-1,1421,1445,1375,-1,1375,1445,1422,-1,1422,1446,1423,-1,1423,1446,1447,-1,1423,1447,1424,-1,1424,1447,1448,-1,1424,1448,1425,-1,1425,1448,1449,-1,1425,1449,1426,-1,1426,1449,1450,-1,1426,1450,1427,-1,1427,1450,1451,-1,1427,1451,1428,-1,1428,1451,1452,-1,1428,1452,1429,-1,1429,1452,1453,-1,1429,1453,1430,-1,1430,1453,1454,-1,1430,1454,1431,-1,1431,1454,1455,-1,1431,1455,1432,-1,1432,1455,1456,-1,1432,1456,1433,-1,1433,1456,1457,-1,1433,1457,1434,-1,1434,1457,1458,-1,1434,1458,1435,-1,1435,1458,1459,-1,1435,1459,1436,-1,1436,1459,1460,-1,1436,1460,1437,-1,1437,1460,1461,-1,1437,1461,1438,-1,1438,1461,1462,-1,1438,1462,1439,-1,1439,1462,1463,-1,1439,1463,1440,-1,1440,1463,1464,-1,1440,1464,1441,-1,1441,1464,1465,-1,1441,1465,1442,-1,1442,1465,1466,-1,1442,1466,1443,-1,1443,1466,1467,-1,1443,1467,1444,-1,1444,1467,1468,-1,1444,1468,1445,-1,1445,1468,1469,-1,1445,1469,1422,-1,1422,1469,1446,-1,1446,1470,1447,-1,1447,1470,1471,-1,1447,1471,1448,-1,1448,1471,1472,-1,1448,1472,1449,-1,1449,1472,1473,-1,1449,1473,1450,-1,1450,1473,1474,-1,1450,1474,1451,-1,1451,1474,1475,-1,1451,1475,1452,-1,1452,1475,1476,-1,1452,1476,1453,-1,1453,1476,1477,-1,1453,1477,1454,-1,1454,1477,1478,-1,1454,1478,1455,-1,1455,1478,1479,-1,1455,1479,1456,-1,1456,1479,1480,-1,1456,1480,1457,-1,1457,1480,1481,-1,1457,1481,1458,-1,1458,1481,1482,-1,1458,1482,1459,-1,1459,1482,1483,-1,1459,1483,1460,-1,1460,1483,1484,-1,1460,1484,1461,-1,1461,1484,1485,-1,1461,1485,1462,-1,1462,1485,1486,-1,1462,1486,1463,-1,1463,1486,1487,-1,1463,1487,1464,-1,1464,1487,1488,-1,1464,1488,1465,-1,1465,1488,1489,-1,1465,1489,1466,-1,1466,1489,1490,-1,1466,1490,1467,-1,1467,1490,1491,-1,1467,1491,1468,-1,1468,1491,1492,-1,1468,1492,1469,-1,1469,1492,1493,-1,1469,1493,1446,-1,1446,1493,1470,-1,1470,1494,1471,-1,1471,1494,1495,-1,1471,1495,1472,-1,1472,1495,1496,-1,1472,1496,1473,-1,1473,1496,1497,-1,1473,1497,1474,-1,1474,1497,1498,-1,1474,1498,1475,-1,1475,1498,1499,-1,1475,1499,1476,-1,1476,1499,1500,-1,1476,1500,1477,-1,1477,1500,1501,-1,1477,1501,1478,-1,1478,1501,1502,-1,1478,1502,1479,-1,1479,1502,1503,-1,1479,1503,1480,-1,1480,1503,1504,-1,1480,1504,1481,-1,1481,1504,1505,-1,1481,1505,1482,-1,1482,1505,1506,-1,1482,1506,1483,-1,1483,1506,1507,-1,1483,1507,1484,-1,1484,1507,1508,-1,1484,1508,1485,-1,1485,1508,1509,-1,1485,1509,1486,-1,1486,1509,1510,-1,1486,1510,1487,-1,1487,1510,1511,-1,1487,1511,1488,-1,1488,1511,1512,-1,1488,1512,1489,-1,1489,1512,1513,-1,1489,1513,1490,-1,1490,1513,1514,-1,1490,1514,1491,-1,1491,1514,1515,-1,1491,1515,1492,-1,1492,1515,1516,-1,1492,1516,1493,-1,1493,1516,1517,-1,1493,1517,1470,-1,1470,1517,1494,-1,1494,1518,1495,-1,1495,1518,1519,-1,1495,1519,1496,-1,1496,1519,1520,-1,1496,1520,1497,-1,1497,1520,1521,-1,1497,1521,1498,-1,1498,1521,1522,-1,1498,1522,1499,-1,1499,1522,1523,-1,1499,1523,1500,-1,1500,1523,1524,-1,1500,1524,1501,-1,1501,1524,1525,-1,1501,1525,1502,-1,1502,1525,1526,-1,1502,1526,1503,-1,1503,1526,1527,-1,1503,1527,1504,-1,1504,1527,1528,-1,1504,1528,1505,-1,1505,1528,1529,-1,1505,1529,1506,-1,1506,1529,1530,-1,1506,1530,1507,-1,1507,1530,1531,-1,1507,1531,1508,-1,1508,1531,1532,-1,1508,1532,1509,-1,1509,1532,1533,-1,1509,1533,1510,-1,1510,1533,1534,-1,1510,1534,1511,-1,1511,1534,1535,-1,1511,1535,1512,-1,1512,1535,1536,-1,1512,1536,1513,-1,1513,1536,1537,-1,1513,1537,1514,-1,1514,1537,1538,-1,1514,1538,1515,-1,1515,1538,1539,-1,1515,1539,1516,-1,1516,1539,1540,-1,1516,1540,1517,-1,1517,1540,1541,-1,1517,1541,1494,-1,1494,1541,1518,-1,1518,1542,1519,-1,1519,1542,1543,-1,1519,1543,1520,-1,1520,1543,1544,-1,1520,1544,1521,-1,1521,1544,1545,-1,1521,1545,1522,-1,1522,1545,1546,-1,1522,1546,1523,-1,1523,1546,1547,-1,1523,1547,1524,-1,1524,1547,1548,-1,1524,1548,1525,-1,1525,1548,1549,-1,1525,1549,1526,-1,1526,1549,1550,-1,1526,1550,1527,-1,1527,1550,1551,-1,1527,1551,1528,-1,1528,1551,1552,-1,1528,1552,1529,-1,1529,1552,1553,-1,1529,1553,1530,-1,1530,1553,1554,-1,1530,1554,1531,-1,1531,1554,1555,-1,1531,1555,1532,-1,1532,1555,1556,-1,1532,1556,1533,-1,1533,1556,1557,-1,1533,1557,1534,-1,1534,1557,1558,-1,1534,1558,1535,-1,1535,1558,1559,-1,1535,1559,1536,-1,1536,1559,1560,-1,1536,1560,1537,-1,1537,1560,1561,-1,1537,1561,1538,-1,1538,1561,1562,-1,1538,1562,1539,-1,1539,1562,1563,-1,1539,1563,1540,-1,1540,1563,1564,-1,1540,1564,1541,-1,1541,1564,1565,-1,1541,1565,1518,-1,1518,1565,1542,-1,1542,1566,1543,-1,1543,1566,1567,-1,1543,1567,1544,-1,1544,1567,1568,-1,1544,1568,1545,-1,1545,1568,1569,-1,1545,1569,1546,-1,1546,1569,1570,-1,1546,1570,1547,-1,1547,1570,1571,-1,1547,1571,1548,-1,1548,1571,1572,-1,1548,1572,1549,-1,1549,1572,1573,-1,1549,1573,1550,-1,1550,1573,1574,-1,1550,1574,1551,-1,1551,1574,1575,-1,1551,1575,1552,-1,1552,1575,1576,-1,1552,1576,1553,-1,1553,1576,1577,-1,1553,1577,1554,-1,1554,1577,1578,-1,1554,1578,1555,-1,1555,1578,1579,-1,1555,1579,1556,-1,1556,1579,1580,-1,1556,1580,1557,-1,1557,1580,1581,-1,1557,1581,1558,-1,1558,1581,1582,-1,1558,1582,1559,-1,1559,1582,1583,-1,1559,1583,1560,-1,1560,1583,1584,-1,1560,1584,1561,-1,1561,1584,1585,-1,1561,1585,1562,-1,1562,1585,1586,-1,1562,1586,1563,-1,1563,1586,1587,-1,1563,1587,1564,-1,1564,1587,1588,-1,1564,1588,1565,-1,1565,1588,1589,-1,1565,1589,1542,-1,1542,1589,1566,-1,1566,1590,1567,-1,1567,1590,1591,-1,1567,1591,1568,-1,1568,1591,1592,-1,1568,1592,1569,-1,1569,1592,1593,-1,1569,1593,1570,-1,1570,1593,1594,-1,1570,1594,1571,-1,1571,1594,1595,-1,1571,1595,1572,-1,1572,1595,1596,-1,1572,1596,1573,-1,1573,1596,1597,-1,1573,1597,1574,-1,1574,1597,1598,-1,1574,1598,1575,-1,1575,1598,1599,-1,1575,1599,1576,-1,1576,1599,1600,-1,1576,1600,1577,-1,1577,1600,1601,-1,1577,1601,1578,-1,1578,1601,1602,-1,1578,1602,1579,-1,1579,1602,1603,-1,1579,1603,1580,-1,1580,1603,1604,-1,1580,1604,1581,-1,1581,1604,1605,-1,1581,1605,1582,-1,1582,1605,1606,-1,1582,1606,1583,-1,1583,1606,1607,-1,1583,1607,1584,-1,1584,1607,1608,-1,1584,1608,1585,-1,1585,1608,1609,-1,1585,1609,1586,-1,1586,1609,1610,-1,1586,1610,1587,-1,1587,1610,1611,-1,1587,1611,1588,-1,1588,1611,1612,-1,1588,1612,1589,-1,1589,1612,1613,-1,1589,1613,1566,-1,1566,1613,1590,-1,1590,1614,1591,-1,1591,1614,1615,-1,1591,1615,1592,-1,1592,1615,1616,-1,1592,1616,1593,-1,1593,1616,1617,-1,1593,1617,1594,-1,1594,1617,1618,-1,1594,1618,1595,-1,1595,1618,1619,-1,1595,1619,1596,-1,1596,1619,1620,-1,1596,1620,1597,-1,1597,1620,1621,-1,1597,1621,1598,-1,1598,1621,1622,-1,1598,1622,1599,-1,1599,1622,1623,-1,1599,1623,1600,-1,1600,1623,1624,-1,1600,1624,1601,-1,1601,1624,1625,-1,1601,1625,1602,-1,1602,1625,1626,-1,1602,1626,1603,-1,1603,1626,1627,-1,1603,1627,1604,-1,1604,1627,1628,-1,1604,1628,1605,-1,1605,1628,1629,-1,1605,1629,1606,-1,1606,1629,1630,-1,1606,1630,1607,-1,1607,1630,1631,-1,1607,1631,1608,-1,1608,1631,1632,-1,1608,1632,1609,-1,1609,1632,1633,-1,1609,1633,1610,-1,1610,1633,1634,-1,1610,1634,1611,-1,1611,1634,1635,-1,1611,1635,1612,-1,1612,1635,1636,-1,1612,1636,1613,-1,1613,1636,1637,-1,1613,1637,1590,-1,1590,1637,1614,-1,1614,1638,1615,-1,1615,1638,1639,-1,1615,1639,1616,-1,1616,1639,1640,-1,1616,1640,1617,-1,1617,1640,1641,-1,1617,1641,1618,-1,1618,1641,1642,-1,1618,1642,1619,-1,1619,1642,1643,-1,1619,1643,1620,-1,1620,1643,1644,-1,1620,1644,1621,-1,1621,1644,1645,-1,1621,1645,1622,-1,1622,1645,1646,-1,1622,1646,1623,-1,1623,1646,1647,-1,1623,1647,1624,-1,1624,1647,1648,-1,1624,1648,1625,-1,1625,1648,1649,-1,1625,1649,1626,-1,1626,1649,1650,-1,1626,1650,1627,-1,1627,1650,1651,-1,1627,1651,1628,-1,1628,1651,1652,-1,1628,1652,1629,-1,1629,1652,1653,-1,1629,1653,1630,-1,1630,1653,1654,-1,1630,1654,1631,-1,1631,1654,1655,-1,1631,1655,1632,-1,1632,1655,1656,-1,1632,1656,1633,-1,1633,1656,1657,-1,1633,1657,1634,-1,1634,1657,1658,-1,1634,1658,1635,-1,1635,1658,1659,-1,1635,1659,1636,-1,1636,1659,1660,-1,1636,1660,1637,-1,1637,1660,1661,-1,1637,1661,1614,-1,1614,1661,1638,-1,1638,1362,1639,-1,1639,1362,1363,-1,1639,1363,1640,-1,1640,1363,1364,-1,1640,1364,1641,-1,1641,1364,1365,-1,1641,1365,1642,-1,1642,1365,1366,-1,1642,1366,1643,-1,1643,1366,1367,-1,1643,1367,1644,-1,1644,1367,1368,-1,1644,1368,1645,-1,1645,1368,1369,-1,1645,1369,1646,-1,1646,1369,1370,-1,1646,1370,1647,-1,1647,1370,1371,-1,1647,1371,1648,-1,1648,1371,1372,-1,1648,1372,1649,-1,1649,1372,1373,-1,1649,1373,1650,-1,1650,1373,1350,-1,1650,1350,1651,-1,1651,1350,1351,-1,1651,1351,1652,-1,1652,1351,1352,-1,1652,1352,1653,-1,1653,1352,1353,-1,1653,1353,1654,-1,1654,1353,1354,-1,1654,1354,1655,-1,1655,1354,1355,-1,1655,1355,1656,-1,1656,1355,1356,-1,1656,1356,1657,-1,1657,1356,1357,-1,1657,1357,1658,-1,1658,1357,1358,-1,1658,1358,1659,-1,1659,1358,1359,-1,1659,1359,1660,-1,1660,1359,1360,-1,1660,1360,1661,-1,1661,1360,1361,-1,1661,1361,1638,-1,1638,1361,1362,-1,1149,1400,1144,-1,1144,1400,1402,-1,1144,1402,1145,-1,1145,1402,1404,-1,1145,1404,1146,-1,1146,1404,1406,-1,1146,1406,1141,-1,1141,1406,1408,-1,1141,1408,1142,-1,1142,1408,1410,-1,1142,1410,1143,-1,1143,1410,1412,-1,1143,1412,1138,-1,1138,1412,1414,-1,1138,1414,1139,-1,1139,1414,1416,-1,1139,1416,1140,-1,1140,1416,1418,-1,1140,1418,1133,-1,1133,1418,1420,-1,1133,1420,1134,-1,1134,1420,1374,-1,1134,1374,1136,-1,1136,1374,1376,-1,1136,1376,1137,-1,1137,1376,1378,-1,1137,1378,1156,-1,1156,1378,1380,-1,1156,1380,1157,-1,1157,1380,1382,-1,1157,1382,1153,-1,1153,1382,1384,-1,1153,1384,1154,-1,1154,1384,1386,-1,1154,1386,1155,-1,1155,1386,1388,-1,1155,1388,1150,-1,1150,1388,1390,-1,1150,1390,1151,-1,1151,1390,1392,-1,1151,1392,1152,-1,1152,1392,1394,-1,1152,1394,1147,-1,1147,1394,1396,-1,1147,1396,1148,-1,1148,1396,1398,-1,1148,1398,1149,-1,1149,1398,1400,-1,1662,1663,1664,-1,1664,1663,1665,-1,1664,1665,1666,-1,1667,1668,1664,-1,1664,1668,1669,-1,1664,1669,1662,-1,1670,1671,1664,-1,1664,1671,1672,-1,1664,1672,1667,-1,1673,1674,1664,-1,1664,1674,1675,-1,1664,1675,1670,-1,1676,1677,1664,-1,1664,1677,1678,-1,1664,1678,1673,-1,1679,1680,1664,-1,1664,1680,1681,-1,1664,1681,1676,-1,1682,1683,1664,-1,1664,1683,1684,-1,1664,1684,1679,-1,1666,1685,1664,-1,1664,1685,1686,-1,1664,1686,1682,-1,1687,1688,1689,-1,1689,1688,1690,-1,1689,1690,1691,-1,1692,1693,1689,-1,1689,1693,1694,-1,1689,1694,1687,-1,1695,1696,1689,-1,1689,1696,1697,-1,1689,1697,1692,-1,1698,1699,1689,-1,1689,1699,1700,-1,1689,1700,1695,-1,1701,1702,1689,-1,1689,1702,1703,-1,1689,1703,1698,-1,1704,1705,1689,-1,1689,1705,1706,-1,1689,1706,1701,-1,1707,1708,1689,-1,1689,1708,1709,-1,1689,1709,1704,-1,1691,1710,1689,-1,1689,1710,1711,-1,1689,1711,1707,-1,1712,1677,1713,-1,1713,1677,1676,-1,1713,1676,1714,-1,1714,1676,1681,-1,1714,1681,1715,-1,1715,1681,1680,-1,1715,1680,1716,-1,1716,1680,1679,-1,1716,1679,1717,-1,1717,1679,1684,-1,1717,1684,1718,-1,1718,1684,1683,-1,1718,1683,1719,-1,1719,1683,1682,-1,1719,1682,1720,-1,1720,1682,1686,-1,1720,1686,1721,-1,1721,1686,1685,-1,1721,1685,1722,-1,1722,1685,1666,-1,1722,1666,1723,-1,1723,1666,1665,-1,1723,1665,1724,-1,1724,1665,1663,-1,1724,1663,1725,-1,1725,1663,1662,-1,1725,1662,1726,-1,1726,1662,1669,-1,1726,1669,1727,-1,1727,1669,1668,-1,1727,1668,1728,-1,1728,1668,1667,-1,1728,1667,1729,-1,1729,1667,1672,-1,1729,1672,1730,-1,1730,1672,1671,-1,1730,1671,1731,-1,1731,1671,1670,-1,1731,1670,1732,-1,1732,1670,1675,-1,1732,1675,1733,-1,1733,1675,1674,-1,1733,1674,1734,-1,1734,1674,1673,-1,1734,1673,1735,-1,1735,1673,1678,-1,1735,1678,1712,-1,1712,1678,1677,-1,1736,1737,1738,-1,1738,1737,1739,-1,1738,1739,1740,-1,1740,1739,1741,-1,1740,1741,1742,-1,1742,1741,1743,-1,1742,1743,1744,-1,1744,1743,1745,-1,1744,1745,1746,-1,1746,1745,1747,-1,1746,1747,1748,-1,1748,1747,1749,-1,1748,1749,1750,-1,1750,1749,1751,-1,1750,1751,1752,-1,1752,1751,1753,-1,1752,1753,1754,-1,1754,1753,1755,-1,1754,1755,1756,-1,1756,1755,1757,-1,1756,1757,1758,-1,1758,1757,1759,-1,1758,1759,1760,-1,1760,1759,1761,-1,1760,1761,1762,-1,1762,1761,1763,-1,1762,1763,1764,-1,1764,1763,1765,-1,1764,1765,1766,-1,1766,1765,1767,-1,1766,1767,1768,-1,1768,1767,1769,-1,1768,1769,1770,-1,1770,1769,1771,-1,1770,1771,1772,-1,1772,1771,1773,-1,1772,1773,1774,-1,1774,1773,1775,-1,1774,1775,1776,-1,1776,1775,1777,-1,1776,1777,1778,-1,1778,1777,1779,-1,1778,1779,1780,-1,1780,1779,1781,-1,1780,1781,1782,-1,1782,1781,1783,-1,1782,1783,1736,-1,1736,1783,1737,-1,1737,1784,1739,-1,1739,1784,1785,-1,1739,1785,1741,-1,1741,1785,1786,-1,1741,1786,1743,-1,1743,1786,1787,-1,1743,1787,1745,-1,1745,1787,1788,-1,1745,1788,1747,-1,1747,1788,1789,-1,1747,1789,1749,-1,1749,1789,1790,-1,1749,1790,1751,-1,1751,1790,1791,-1,1751,1791,1753,-1,1753,1791,1792,-1,1753,1792,1755,-1,1755,1792,1793,-1,1755,1793,1757,-1,1757,1793,1794,-1,1757,1794,1759,-1,1759,1794,1795,-1,1759,1795,1761,-1,1761,1795,1796,-1,1761,1796,1763,-1,1763,1796,1797,-1,1763,1797,1765,-1,1765,1797,1798,-1,1765,1798,1767,-1,1767,1798,1799,-1,1767,1799,1769,-1,1769,1799,1800,-1,1769,1800,1771,-1,1771,1800,1801,-1,1771,1801,1773,-1,1773,1801,1802,-1,1773,1802,1775,-1,1775,1802,1803,-1,1775,1803,1777,-1,1777,1803,1804,-1,1777,1804,1779,-1,1779,1804,1805,-1,1779,1805,1781,-1,1781,1805,1806,-1,1781,1806,1783,-1,1783,1806,1807,-1,1783,1807,1737,-1,1737,1807,1784,-1,1784,1808,1785,-1,1785,1808,1809,-1,1785,1809,1786,-1,1786,1809,1810,-1,1786,1810,1787,-1,1787,1810,1811,-1,1787,1811,1788,-1,1788,1811,1812,-1,1788,1812,1789,-1,1789,1812,1813,-1,1789,1813,1790,-1,1790,1813,1814,-1,1790,1814,1791,-1,1791,1814,1815,-1,1791,1815,1792,-1,1792,1815,1816,-1,1792,1816,1793,-1,1793,1816,1817,-1,1793,1817,1794,-1,1794,1817,1818,-1,1794,1818,1795,-1,1795,1818,1819,-1,1795,1819,1796,-1,1796,1819,1820,-1,1796,1820,1797,-1,1797,1820,1821,-1,1797,1821,1798,-1,1798,1821,1822,-1,1798,1822,1799,-1,1799,1822,1823,-1,1799,1823,1800,-1,1800,1823,1824,-1,1800,1824,1801,-1,1801,1824,1825,-1,1801,1825,1802,-1,1802,1825,1826,-1,1802,1826,1803,-1,1803,1826,1827,-1,1803,1827,1804,-1,1804,1827,1828,-1,1804,1828,1805,-1,1805,1828,1829,-1,1805,1829,1806,-1,1806,1829,1830,-1,1806,1830,1807,-1,1807,1830,1831,-1,1807,1831,1784,-1,1784,1831,1808,-1,1808,1832,1809,-1,1809,1832,1833,-1,1809,1833,1810,-1,1810,1833,1834,-1,1810,1834,1811,-1,1811,1834,1835,-1,1811,1835,1812,-1,1812,1835,1836,-1,1812,1836,1813,-1,1813,1836,1837,-1,1813,1837,1814,-1,1814,1837,1838,-1,1814,1838,1815,-1,1815,1838,1839,-1,1815,1839,1816,-1,1816,1839,1840,-1,1816,1840,1817,-1,1817,1840,1841,-1,1817,1841,1818,-1,1818,1841,1842,-1,1818,1842,1819,-1,1819,1842,1843,-1,1819,1843,1820,-1,1820,1843,1844,-1,1820,1844,1821,-1,1821,1844,1845,-1,1821,1845,1822,-1,1822,1845,1846,-1,1822,1846,1823,-1,1823,1846,1847,-1,1823,1847,1824,-1,1824,1847,1848,-1,1824,1848,1825,-1,1825,1848,1849,-1,1825,1849,1826,-1,1826,1849,1850,-1,1826,1850,1827,-1,1827,1850,1851,-1,1827,1851,1828,-1,1828,1851,1852,-1,1828,1852,1829,-1,1829,1852,1853,-1,1829,1853,1830,-1,1830,1853,1854,-1,1830,1854,1831,-1,1831,1854,1855,-1,1831,1855,1808,-1,1808,1855,1832,-1,1832,1856,1833,-1,1833,1856,1857,-1,1833,1857,1834,-1,1834,1857,1858,-1,1834,1858,1835,-1,1835,1858,1859,-1,1835,1859,1836,-1,1836,1859,1860,-1,1836,1860,1837,-1,1837,1860,1861,-1,1837,1861,1838,-1,1838,1861,1862,-1,1838,1862,1839,-1,1839,1862,1863,-1,1839,1863,1840,-1,1840,1863,1864,-1,1840,1864,1841,-1,1841,1864,1865,-1,1841,1865,1842,-1,1842,1865,1866,-1,1842,1866,1843,-1,1843,1866,1867,-1,1843,1867,1844,-1,1844,1867,1868,-1,1844,1868,1845,-1,1845,1868,1869,-1,1845,1869,1846,-1,1846,1869,1870,-1,1846,1870,1847,-1,1847,1870,1871,-1,1847,1871,1848,-1,1848,1871,1872,-1,1848,1872,1849,-1,1849,1872,1873,-1,1849,1873,1850,-1,1850,1873,1874,-1,1850,1874,1851,-1,1851,1874,1875,-1,1851,1875,1852,-1,1852,1875,1876,-1,1852,1876,1853,-1,1853,1876,1877,-1,1853,1877,1854,-1,1854,1877,1878,-1,1854,1878,1855,-1,1855,1878,1879,-1,1855,1879,1832,-1,1832,1879,1856,-1,1856,1880,1857,-1,1857,1880,1881,-1,1857,1881,1858,-1,1858,1881,1882,-1,1858,1882,1859,-1,1859,1882,1883,-1,1859,1883,1860,-1,1860,1883,1884,-1,1860,1884,1861,-1,1861,1884,1885,-1,1861,1885,1862,-1,1862,1885,1886,-1,1862,1886,1863,-1,1863,1886,1887,-1,1863,1887,1864,-1,1864,1887,1888,-1,1864,1888,1865,-1,1865,1888,1889,-1,1865,1889,1866,-1,1866,1889,1890,-1,1866,1890,1867,-1,1867,1890,1891,-1,1867,1891,1868,-1,1868,1891,1892,-1,1868,1892,1869,-1,1869,1892,1893,-1,1869,1893,1870,-1,1870,1893,1894,-1,1870,1894,1871,-1,1871,1894,1895,-1,1871,1895,1872,-1,1872,1895,1896,-1,1872,1896,1873,-1,1873,1896,1897,-1,1873,1897,1874,-1,1874,1897,1898,-1,1874,1898,1875,-1,1875,1898,1899,-1,1875,1899,1876,-1,1876,1899,1900,-1,1876,1900,1877,-1,1877,1900,1901,-1,1877,1901,1878,-1,1878,1901,1902,-1,1878,1902,1879,-1,1879,1902,1903,-1,1879,1903,1856,-1,1856,1903,1880,-1,1880,1712,1881,-1,1881,1712,1713,-1,1881,1713,1882,-1,1882,1713,1714,-1,1882,1714,1883,-1,1883,1714,1715,-1,1883,1715,1884,-1,1884,1715,1716,-1,1884,1716,1885,-1,1885,1716,1717,-1,1885,1717,1886,-1,1886,1717,1718,-1,1886,1718,1887,-1,1887,1718,1719,-1,1887,1719,1888,-1,1888,1719,1720,-1,1888,1720,1889,-1,1889,1720,1721,-1,1889,1721,1890,-1,1890,1721,1722,-1,1890,1722,1891,-1,1891,1722,1723,-1,1891,1723,1892,-1,1892,1723,1724,-1,1892,1724,1893,-1,1893,1724,1725,-1,1893,1725,1894,-1,1894,1725,1726,-1,1894,1726,1895,-1,1895,1726,1727,-1,1895,1727,1896,-1,1896,1727,1728,-1,1896,1728,1897,-1,1897,1728,1729,-1,1897,1729,1898,-1,1898,1729,1730,-1,1898,1730,1899,-1,1899,1730,1731,-1,1899,1731,1900,-1,1900,1731,1732,-1,1900,1732,1901,-1,1901,1732,1733,-1,1901,1733,1902,-1,1902,1733,1734,-1,1902,1734,1903,-1,1903,1734,1735,-1,1903,1735,1880,-1,1880,1735,1712,-1,1904,1738,1905,-1,1905,1738,1740,-1,1905,1740,1906,-1,1906,1740,1742,-1,1906,1742,1907,-1,1907,1742,1744,-1,1907,1744,1908,-1,1908,1744,1746,-1,1908,1746,1909,-1,1909,1746,1748,-1,1909,1748,1910,-1,1910,1748,1750,-1,1910,1750,1911,-1,1911,1750,1752,-1,1911,1752,1912,-1,1912,1752,1754,-1,1912,1754,1913,-1,1913,1754,1756,-1,1913,1756,1914,-1,1914,1756,1758,-1,1914,1758,1915,-1,1915,1758,1760,-1,1915,1760,1916,-1,1916,1760,1762,-1,1916,1762,1917,-1,1917,1762,1764,-1,1917,1764,1918,-1,1918,1764,1766,-1,1918,1766,1919,-1,1919,1766,1768,-1,1919,1768,1920,-1,1920,1768,1770,-1,1920,1770,1921,-1,1921,1770,1772,-1,1921,1772,1922,-1,1922,1772,1774,-1,1922,1774,1923,-1,1923,1774,1776,-1,1923,1776,1924,-1,1924,1776,1778,-1,1924,1778,1925,-1,1925,1778,1780,-1,1925,1780,1926,-1,1926,1780,1782,-1,1926,1782,1927,-1,1927,1782,1736,-1,1927,1736,1904,-1,1904,1736,1738,-1,1928,1929,1930,-1,1930,1929,1931,-1,1930,1931,1932,-1,1932,1931,1933,-1,1932,1933,1934,-1,1934,1933,1935,-1,1934,1935,1936,-1,1936,1935,1937,-1,1936,1937,1938,-1,1938,1937,1939,-1,1938,1939,1940,-1,1940,1939,1941,-1,1940,1941,1942,-1,1942,1941,1943,-1,1942,1943,1944,-1,1944,1943,1945,-1,1944,1945,1946,-1,1946,1945,1947,-1,1946,1947,1948,-1,1948,1947,1949,-1,1948,1949,1950,-1,1950,1949,1951,-1,1950,1951,1952,-1,1952,1951,1953,-1,1952,1953,1954,-1,1954,1953,1955,-1,1954,1955,1956,-1,1956,1955,1957,-1,1956,1957,1958,-1,1958,1957,1959,-1,1958,1959,1960,-1,1960,1959,1961,-1,1960,1961,1962,-1,1962,1961,1963,-1,1962,1963,1964,-1,1964,1963,1965,-1,1964,1965,1966,-1,1966,1965,1967,-1,1966,1967,1968,-1,1968,1967,1969,-1,1968,1969,1970,-1,1970,1969,1971,-1,1970,1971,1972,-1,1972,1971,1973,-1,1972,1973,1974,-1,1974,1973,1975,-1,1974,1975,1928,-1,1928,1975,1929,-1,1929,1976,1931,-1,1931,1976,1977,-1,1931,1977,1933,-1,1933,1977,1978,-1,1933,1978,1935,-1,1935,1978,1979,-1,1935,1979,1937,-1,1937,1979,1980,-1,1937,1980,1939,-1,1939,1980,1981,-1,1939,1981,1941,-1,1941,1981,1982,-1,1941,1982,1943,-1,1943,1982,1983,-1,1943,1983,1945,-1,1945,1983,1984,-1,1945,1984,1947,-1,1947,1984,1985,-1,1947,1985,1949,-1,1949,1985,1986,-1,1949,1986,1951,-1,1951,1986,1987,-1,1951,1987,1953,-1,1953,1987,1988,-1,1953,1988,1955,-1,1955,1988,1989,-1,1955,1989,1957,-1,1957,1989,1990,-1,1957,1990,1959,-1,1959,1990,1991,-1,1959,1991,1961,-1,1961,1991,1992,-1,1961,1992,1963,-1,1963,1992,1993,-1,1963,1993,1965,-1,1965,1993,1994,-1,1965,1994,1967,-1,1967,1994,1995,-1,1967,1995,1969,-1,1969,1995,1996,-1,1969,1996,1971,-1,1971,1996,1997,-1,1971,1997,1973,-1,1973,1997,1998,-1,1973,1998,1975,-1,1975,1998,1999,-1,1975,1999,1929,-1,1929,1999,1976,-1,1976,2000,1977,-1,1977,2000,2001,-1,1977,2001,1978,-1,1978,2001,2002,-1,1978,2002,1979,-1,1979,2002,2003,-1,1979,2003,1980,-1,1980,2003,2004,-1,1980,2004,1981,-1,1981,2004,2005,-1,1981,2005,1982,-1,1982,2005,2006,-1,1982,2006,1983,-1,1983,2006,2007,-1,1983,2007,1984,-1,1984,2007,2008,-1,1984,2008,1985,-1,1985,2008,2009,-1,1985,2009,1986,-1,1986,2009,2010,-1,1986,2010,1987,-1,1987,2010,2011,-1,1987,2011,1988,-1,1988,2011,2012,-1,1988,2012,1989,-1,1989,2012,2013,-1,1989,2013,1990,-1,1990,2013,2014,-1,1990,2014,1991,-1,1991,2014,2015,-1,1991,2015,1992,-1,1992,2015,2016,-1,1992,2016,1993,-1,1993,2016,2017,-1,1993,2017,1994,-1,1994,2017,2018,-1,1994,2018,1995,-1,1995,2018,2019,-1,1995,2019,1996,-1,1996,2019,2020,-1,1996,2020,1997,-1,1997,2020,2021,-1,1997,2021,1998,-1,1998,2021,2022,-1,1998,2022,1999,-1,1999,2022,2023,-1,1999,2023,1976,-1,1976,2023,2000,-1,2000,2024,2001,-1,2001,2024,2025,-1,2001,2025,2002,-1,2002,2025,2026,-1,2002,2026,2003,-1,2003,2026,2027,-1,2003,2027,2004,-1,2004,2027,2028,-1,2004,2028,2005,-1,2005,2028,2029,-1,2005,2029,2006,-1,2006,2029,2030,-1,2006,2030,2007,-1,2007,2030,2031,-1,2007,2031,2008,-1,2008,2031,2032,-1,2008,2032,2009,-1,2009,2032,2033,-1,2009,2033,2010,-1,2010,2033,2034,-1,2010,2034,2011,-1,2011,2034,2035,-1,2011,2035,2012,-1,2012,2035,2036,-1,2012,2036,2013,-1,2013,2036,2037,-1,2013,2037,2014,-1,2014,2037,2038,-1,2014,2038,2015,-1,2015,2038,2039,-1,2015,2039,2016,-1,2016,2039,2040,-1,2016,2040,2017,-1,2017,2040,2041,-1,2017,2041,2018,-1,2018,2041,2042,-1,2018,2042,2019,-1,2019,2042,2043,-1,2019,2043,2020,-1,2020,2043,2044,-1,2020,2044,2021,-1,2021,2044,2045,-1,2021,2045,2022,-1,2022,2045,2046,-1,2022,2046,2023,-1,2023,2046,2047,-1,2023,2047,2000,-1,2000,2047,2024,-1,2024,2048,2025,-1,2025,2048,2049,-1,2025,2049,2026,-1,2026,2049,2050,-1,2026,2050,2027,-1,2027,2050,2051,-1,2027,2051,2028,-1,2028,2051,2052,-1,2028,2052,2029,-1,2029,2052,2053,-1,2029,2053,2030,-1,2030,2053,2054,-1,2030,2054,2031,-1,2031,2054,2055,-1,2031,2055,2032,-1,2032,2055,2056,-1,2032,2056,2033,-1,2033,2056,2057,-1,2033,2057,2034,-1,2034,2057,2058,-1,2034,2058,2035,-1,2035,2058,2059,-1,2035,2059,2036,-1,2036,2059,2060,-1,2036,2060,2037,-1,2037,2060,2061,-1,2037,2061,2038,-1,2038,2061,2062,-1,2038,2062,2039,-1,2039,2062,2063,-1,2039,2063,2040,-1,2040,2063,2064,-1,2040,2064,2041,-1,2041,2064,2065,-1,2041,2065,2042,-1,2042,2065,2066,-1,2042,2066,2043,-1,2043,2066,2067,-1,2043,2067,2044,-1,2044,2067,2068,-1,2044,2068,2045,-1,2045,2068,2069,-1,2045,2069,2046,-1,2046,2069,2070,-1,2046,2070,2047,-1,2047,2070,2071,-1,2047,2071,2024,-1,2024,2071,2048,-1,2048,2072,2049,-1,2049,2072,2073,-1,2049,2073,2050,-1,2050,2073,2074,-1,2050,2074,2051,-1,2051,2074,2075,-1,2051,2075,2052,-1,2052,2075,2076,-1,2052,2076,2053,-1,2053,2076,2077,-1,2053,2077,2054,-1,2054,2077,2078,-1,2054,2078,2055,-1,2055,2078,2079,-1,2055,2079,2056,-1,2056,2079,2080,-1,2056,2080,2057,-1,2057,2080,2081,-1,2057,2081,2058,-1,2058,2081,2082,-1,2058,2082,2059,-1,2059,2082,2083,-1,2059,2083,2060,-1,2060,2083,2084,-1,2060,2084,2061,-1,2061,2084,2085,-1,2061,2085,2062,-1,2062,2085,2086,-1,2062,2086,2063,-1,2063,2086,2087,-1,2063,2087,2064,-1,2064,2087,2088,-1,2064,2088,2065,-1,2065,2088,2089,-1,2065,2089,2066,-1,2066,2089,2090,-1,2066,2090,2067,-1,2067,2090,2091,-1,2067,2091,2068,-1,2068,2091,2092,-1,2068,2092,2069,-1,2069,2092,2093,-1,2069,2093,2070,-1,2070,2093,2094,-1,2070,2094,2071,-1,2071,2094,2095,-1,2071,2095,2048,-1,2048,2095,2072,-1,2072,2096,2073,-1,2073,2096,2097,-1,2073,2097,2074,-1,2074,2097,2098,-1,2074,2098,2075,-1,2075,2098,2099,-1,2075,2099,2076,-1,2076,2099,2100,-1,2076,2100,2077,-1,2077,2100,2101,-1,2077,2101,2078,-1,2078,2101,2102,-1,2078,2102,2079,-1,2079,2102,2103,-1,2079,2103,2080,-1,2080,2103,2104,-1,2080,2104,2081,-1,2081,2104,2105,-1,2081,2105,2082,-1,2082,2105,2106,-1,2082,2106,2083,-1,2083,2106,2107,-1,2083,2107,2084,-1,2084,2107,2108,-1,2084,2108,2085,-1,2085,2108,2109,-1,2085,2109,2086,-1,2086,2109,2110,-1,2086,2110,2087,-1,2087,2110,2111,-1,2087,2111,2088,-1,2088,2111,2112,-1,2088,2112,2089,-1,2089,2112,2113,-1,2089,2113,2090,-1,2090,2113,2114,-1,2090,2114,2091,-1,2091,2114,2115,-1,2091,2115,2092,-1,2092,2115,2116,-1,2092,2116,2093,-1,2093,2116,2117,-1,2093,2117,2094,-1,2094,2117,2118,-1,2094,2118,2095,-1,2095,2118,2119,-1,2095,2119,2072,-1,2072,2119,2096,-1,2096,2120,2097,-1,2097,2120,2121,-1,2097,2121,2098,-1,2098,2121,2122,-1,2098,2122,2099,-1,2099,2122,2123,-1,2099,2123,2100,-1,2100,2123,2124,-1,2100,2124,2101,-1,2101,2124,2125,-1,2101,2125,2102,-1,2102,2125,2126,-1,2102,2126,2103,-1,2103,2126,2127,-1,2103,2127,2104,-1,2104,2127,2128,-1,2104,2128,2105,-1,2105,2128,2129,-1,2105,2129,2106,-1,2106,2129,2130,-1,2106,2130,2107,-1,2107,2130,2131,-1,2107,2131,2108,-1,2108,2131,2132,-1,2108,2132,2109,-1,2109,2132,2133,-1,2109,2133,2110,-1,2110,2133,2134,-1,2110,2134,2111,-1,2111,2134,2135,-1,2111,2135,2112,-1,2112,2135,2136,-1,2112,2136,2113,-1,2113,2136,2137,-1,2113,2137,2114,-1,2114,2137,2138,-1,2114,2138,2115,-1,2115,2138,2139,-1,2115,2139,2116,-1,2116,2139,2140,-1,2116,2140,2117,-1,2117,2140,2141,-1,2117,2141,2118,-1,2118,2141,2142,-1,2118,2142,2119,-1,2119,2142,2143,-1,2119,2143,2096,-1,2096,2143,2120,-1,2120,2144,2121,-1,2121,2144,2145,-1,2121,2145,2122,-1,2122,2145,2146,-1,2122,2146,2123,-1,2123,2146,2147,-1,2123,2147,2124,-1,2124,2147,2148,-1,2124,2148,2125,-1,2125,2148,2149,-1,2125,2149,2126,-1,2126,2149,2150,-1,2126,2150,2127,-1,2127,2150,2151,-1,2127,2151,2128,-1,2128,2151,2152,-1,2128,2152,2129,-1,2129,2152,2153,-1,2129,2153,2130,-1,2130,2153,2154,-1,2130,2154,2131,-1,2131,2154,2155,-1,2131,2155,2132,-1,2132,2155,2156,-1,2132,2156,2133,-1,2133,2156,2157,-1,2133,2157,2134,-1,2134,2157,2158,-1,2134,2158,2135,-1,2135,2158,2159,-1,2135,2159,2136,-1,2136,2159,2160,-1,2136,2160,2137,-1,2137,2160,2161,-1,2137,2161,2138,-1,2138,2161,2162,-1,2138,2162,2139,-1,2139,2162,2163,-1,2139,2163,2140,-1,2140,2163,2164,-1,2140,2164,2141,-1,2141,2164,2165,-1,2141,2165,2142,-1,2142,2165,2166,-1,2142,2166,2143,-1,2143,2166,2167,-1,2143,2167,2120,-1,2120,2167,2144,-1,2144,2168,2145,-1,2145,2168,2169,-1,2145,2169,2146,-1,2146,2169,2170,-1,2146,2170,2147,-1,2147,2170,2171,-1,2147,2171,2148,-1,2148,2171,2172,-1,2148,2172,2149,-1,2149,2172,2173,-1,2149,2173,2150,-1,2150,2173,2174,-1,2150,2174,2151,-1,2151,2174,2175,-1,2151,2175,2152,-1,2152,2175,2176,-1,2152,2176,2153,-1,2153,2176,2177,-1,2153,2177,2154,-1,2154,2177,2178,-1,2154,2178,2155,-1,2155,2178,2179,-1,2155,2179,2156,-1,2156,2179,2180,-1,2156,2180,2157,-1,2157,2180,2181,-1,2157,2181,2158,-1,2158,2181,2182,-1,2158,2182,2159,-1,2159,2182,2183,-1,2159,2183,2160,-1,2160,2183,2184,-1,2160,2184,2161,-1,2161,2184,2185,-1,2161,2185,2162,-1,2162,2185,2186,-1,2162,2186,2163,-1,2163,2186,2187,-1,2163,2187,2164,-1,2164,2187,2188,-1,2164,2188,2165,-1,2165,2188,2189,-1,2165,2189,2166,-1,2166,2189,2190,-1,2166,2190,2167,-1,2167,2190,2191,-1,2167,2191,2144,-1,2144,2191,2168,-1,2168,2192,2169,-1,2169,2192,2193,-1,2169,2193,2170,-1,2170,2193,2194,-1,2170,2194,2171,-1,2171,2194,2195,-1,2171,2195,2172,-1,2172,2195,2196,-1,2172,2196,2173,-1,2173,2196,2197,-1,2173,2197,2174,-1,2174,2197,2198,-1,2174,2198,2175,-1,2175,2198,2199,-1,2175,2199,2176,-1,2176,2199,2200,-1,2176,2200,2177,-1,2177,2200,2201,-1,2177,2201,2178,-1,2178,2201,2202,-1,2178,2202,2179,-1,2179,2202,2203,-1,2179,2203,2180,-1,2180,2203,2204,-1,2180,2204,2181,-1,2181,2204,2205,-1,2181,2205,2182,-1,2182,2205,2206,-1,2182,2206,2183,-1,2183,2206,2207,-1,2183,2207,2184,-1,2184,2207,2208,-1,2184,2208,2185,-1,2185,2208,2209,-1,2185,2209,2186,-1,2186,2209,2210,-1,2186,2210,2187,-1,2187,2210,2211,-1,2187,2211,2188,-1,2188,2211,2212,-1,2188,2212,2189,-1,2189,2212,2213,-1,2189,2213,2190,-1,2190,2213,2214,-1,2190,2214,2191,-1,2191,2214,2215,-1,2191,2215,2168,-1,2168,2215,2192,-1,2192,1916,2193,-1,2193,1916,1917,-1,2193,1917,2194,-1,2194,1917,1918,-1,2194,1918,2195,-1,2195,1918,1919,-1,2195,1919,2196,-1,2196,1919,1920,-1,2196,1920,2197,-1,2197,1920,1921,-1,2197,1921,2198,-1,2198,1921,1922,-1,2198,1922,2199,-1,2199,1922,1923,-1,2199,1923,2200,-1,2200,1923,1924,-1,2200,1924,2201,-1,2201,1924,1925,-1,2201,1925,2202,-1,2202,1925,1926,-1,2202,1926,2203,-1,2203,1926,1927,-1,2203,1927,2204,-1,2204,1927,1904,-1,2204,1904,2205,-1,2205,1904,1905,-1,2205,1905,2206,-1,2206,1905,1906,-1,2206,1906,2207,-1,2207,1906,1907,-1,2207,1907,2208,-1,2208,1907,1908,-1,2208,1908,2209,-1,2209,1908,1909,-1,2209,1909,2210,-1,2210,1909,1910,-1,2210,1910,2211,-1,2211,1910,1911,-1,2211,1911,2212,-1,2212,1911,1912,-1,2212,1912,2213,-1,2213,1912,1913,-1,2213,1913,2214,-1,2214,1913,1914,-1,2214,1914,2215,-1,2215,1914,1915,-1,2215,1915,2192,-1,2192,1915,1916,-1,1703,1954,1698,-1,1698,1954,1956,-1,1698,1956,1699,-1,1699,1956,1958,-1,1699,1958,1700,-1,1700,1958,1960,-1,1700,1960,1695,-1,1695,1960,1962,-1,1695,1962,1696,-1,1696,1962,1964,-1,1696,1964,1697,-1,1697,1964,1966,-1,1697,1966,1692,-1,1692,1966,1968,-1,1692,1968,1693,-1,1693,1968,1970,-1,1693,1970,1694,-1,1694,1970,1972,-1,1694,1972,1687,-1,1687,1972,1974,-1,1687,1974,1688,-1,1688,1974,1928,-1,1688,1928,1690,-1,1690,1928,1930,-1,1690,1930,1691,-1,1691,1930,1932,-1,1691,1932,1710,-1,1710,1932,1934,-1,1710,1934,1711,-1,1711,1934,1936,-1,1711,1936,1707,-1,1707,1936,1938,-1,1707,1938,1708,-1,1708,1938,1940,-1,1708,1940,1709,-1,1709,1940,1942,-1,1709,1942,1704,-1,1704,1942,1944,-1,1704,1944,1705,-1,1705,1944,1946,-1,1705,1946,1706,-1,1706,1946,1948,-1,1706,1948,1701,-1,1701,1948,1950,-1,1701,1950,1702,-1,1702,1950,1952,-1,1702,1952,1703,-1,1703,1952,1954,-1,2216,2217,2218,-1,2218,2217,2219,-1,2218,2219,2220,-1,2221,2222,2218,-1,2218,2222,2223,-1,2218,2223,2216,-1,2224,2225,2218,-1,2218,2225,2226,-1,2218,2226,2221,-1,2227,2228,2218,-1,2218,2228,2229,-1,2218,2229,2224,-1,2230,2231,2218,-1,2218,2231,2232,-1,2218,2232,2227,-1,2233,2234,2218,-1,2218,2234,2235,-1,2218,2235,2230,-1,2236,2237,2218,-1,2218,2237,2238,-1,2218,2238,2233,-1,2220,2239,2218,-1,2218,2239,2240,-1,2218,2240,2236,-1,2241,2242,2243,-1,2243,2242,2244,-1,2243,2244,2245,-1,2246,2247,2243,-1,2243,2247,2248,-1,2243,2248,2241,-1,2249,2250,2243,-1,2243,2250,2251,-1,2243,2251,2246,-1,2252,2253,2243,-1,2243,2253,2254,-1,2243,2254,2249,-1,2255,2256,2243,-1,2243,2256,2257,-1,2243,2257,2252,-1,2258,2259,2243,-1,2243,2259,2260,-1,2243,2260,2255,-1,2261,2262,2243,-1,2243,2262,2263,-1,2243,2263,2258,-1,2245,2264,2243,-1,2243,2264,2265,-1,2243,2265,2261,-1,2266,2231,2267,-1,2267,2231,2230,-1,2267,2230,2268,-1,2268,2230,2235,-1,2268,2235,2269,-1,2269,2235,2234,-1,2269,2234,2270,-1,2270,2234,2233,-1,2270,2233,2271,-1,2271,2233,2238,-1,2271,2238,2272,-1,2272,2238,2237,-1,2272,2237,2273,-1,2273,2237,2236,-1,2273,2236,2274,-1,2274,2236,2240,-1,2274,2240,2275,-1,2275,2240,2239,-1,2275,2239,2276,-1,2276,2239,2220,-1,2276,2220,2277,-1,2277,2220,2219,-1,2277,2219,2278,-1,2278,2219,2217,-1,2278,2217,2279,-1,2279,2217,2216,-1,2279,2216,2280,-1,2280,2216,2223,-1,2280,2223,2281,-1,2281,2223,2222,-1,2281,2222,2282,-1,2282,2222,2221,-1,2282,2221,2283,-1,2283,2221,2226,-1,2283,2226,2284,-1,2284,2226,2225,-1,2284,2225,2285,-1,2285,2225,2224,-1,2285,2224,2286,-1,2286,2224,2229,-1,2286,2229,2287,-1,2287,2229,2228,-1,2287,2228,2288,-1,2288,2228,2227,-1,2288,2227,2289,-1,2289,2227,2232,-1,2289,2232,2266,-1,2266,2232,2231,-1,2290,2291,2292,-1,2292,2291,2293,-1,2292,2293,2294,-1,2294,2293,2295,-1,2294,2295,2296,-1,2296,2295,2297,-1,2296,2297,2298,-1,2298,2297,2299,-1,2298,2299,2300,-1,2300,2299,2301,-1,2300,2301,2302,-1,2302,2301,2303,-1,2302,2303,2304,-1,2304,2303,2305,-1,2304,2305,2306,-1,2306,2305,2307,-1,2306,2307,2308,-1,2308,2307,2309,-1,2308,2309,2310,-1,2310,2309,2311,-1,2310,2311,2312,-1,2312,2311,2313,-1,2312,2313,2314,-1,2314,2313,2315,-1,2314,2315,2316,-1,2316,2315,2317,-1,2316,2317,2318,-1,2318,2317,2319,-1,2318,2319,2320,-1,2320,2319,2321,-1,2320,2321,2322,-1,2322,2321,2323,-1,2322,2323,2324,-1,2324,2323,2325,-1,2324,2325,2326,-1,2326,2325,2327,-1,2326,2327,2328,-1,2328,2327,2329,-1,2328,2329,2330,-1,2330,2329,2331,-1,2330,2331,2332,-1,2332,2331,2333,-1,2332,2333,2334,-1,2334,2333,2335,-1,2334,2335,2336,-1,2336,2335,2337,-1,2336,2337,2290,-1,2290,2337,2291,-1,2291,2338,2293,-1,2293,2338,2339,-1,2293,2339,2295,-1,2295,2339,2340,-1,2295,2340,2297,-1,2297,2340,2341,-1,2297,2341,2299,-1,2299,2341,2342,-1,2299,2342,2301,-1,2301,2342,2343,-1,2301,2343,2303,-1,2303,2343,2344,-1,2303,2344,2305,-1,2305,2344,2345,-1,2305,2345,2307,-1,2307,2345,2346,-1,2307,2346,2309,-1,2309,2346,2347,-1,2309,2347,2311,-1,2311,2347,2348,-1,2311,2348,2313,-1,2313,2348,2349,-1,2313,2349,2315,-1,2315,2349,2350,-1,2315,2350,2317,-1,2317,2350,2351,-1,2317,2351,2319,-1,2319,2351,2352,-1,2319,2352,2321,-1,2321,2352,2353,-1,2321,2353,2323,-1,2323,2353,2354,-1,2323,2354,2325,-1,2325,2354,2355,-1,2325,2355,2327,-1,2327,2355,2356,-1,2327,2356,2329,-1,2329,2356,2357,-1,2329,2357,2331,-1,2331,2357,2358,-1,2331,2358,2333,-1,2333,2358,2359,-1,2333,2359,2335,-1,2335,2359,2360,-1,2335,2360,2337,-1,2337,2360,2361,-1,2337,2361,2291,-1,2291,2361,2338,-1,2338,2362,2339,-1,2339,2362,2363,-1,2339,2363,2340,-1,2340,2363,2364,-1,2340,2364,2341,-1,2341,2364,2365,-1,2341,2365,2342,-1,2342,2365,2366,-1,2342,2366,2343,-1,2343,2366,2367,-1,2343,2367,2344,-1,2344,2367,2368,-1,2344,2368,2345,-1,2345,2368,2369,-1,2345,2369,2346,-1,2346,2369,2370,-1,2346,2370,2347,-1,2347,2370,2371,-1,2347,2371,2348,-1,2348,2371,2372,-1,2348,2372,2349,-1,2349,2372,2373,-1,2349,2373,2350,-1,2350,2373,2374,-1,2350,2374,2351,-1,2351,2374,2375,-1,2351,2375,2352,-1,2352,2375,2376,-1,2352,2376,2353,-1,2353,2376,2377,-1,2353,2377,2354,-1,2354,2377,2378,-1,2354,2378,2355,-1,2355,2378,2379,-1,2355,2379,2356,-1,2356,2379,2380,-1,2356,2380,2357,-1,2357,2380,2381,-1,2357,2381,2358,-1,2358,2381,2382,-1,2358,2382,2359,-1,2359,2382,2383,-1,2359,2383,2360,-1,2360,2383,2384,-1,2360,2384,2361,-1,2361,2384,2385,-1,2361,2385,2338,-1,2338,2385,2362,-1,2362,2386,2363,-1,2363,2386,2387,-1,2363,2387,2364,-1,2364,2387,2388,-1,2364,2388,2365,-1,2365,2388,2389,-1,2365,2389,2366,-1,2366,2389,2390,-1,2366,2390,2367,-1,2367,2390,2391,-1,2367,2391,2368,-1,2368,2391,2392,-1,2368,2392,2369,-1,2369,2392,2393,-1,2369,2393,2370,-1,2370,2393,2394,-1,2370,2394,2371,-1,2371,2394,2395,-1,2371,2395,2372,-1,2372,2395,2396,-1,2372,2396,2373,-1,2373,2396,2397,-1,2373,2397,2374,-1,2374,2397,2398,-1,2374,2398,2375,-1,2375,2398,2399,-1,2375,2399,2376,-1,2376,2399,2400,-1,2376,2400,2377,-1,2377,2400,2401,-1,2377,2401,2378,-1,2378,2401,2402,-1,2378,2402,2379,-1,2379,2402,2403,-1,2379,2403,2380,-1,2380,2403,2404,-1,2380,2404,2381,-1,2381,2404,2405,-1,2381,2405,2382,-1,2382,2405,2406,-1,2382,2406,2383,-1,2383,2406,2407,-1,2383,2407,2384,-1,2384,2407,2408,-1,2384,2408,2385,-1,2385,2408,2409,-1,2385,2409,2362,-1,2362,2409,2386,-1,2386,2410,2387,-1,2387,2410,2411,-1,2387,2411,2388,-1,2388,2411,2412,-1,2388,2412,2389,-1,2389,2412,2413,-1,2389,2413,2390,-1,2390,2413,2414,-1,2390,2414,2391,-1,2391,2414,2415,-1,2391,2415,2392,-1,2392,2415,2416,-1,2392,2416,2393,-1,2393,2416,2417,-1,2393,2417,2394,-1,2394,2417,2418,-1,2394,2418,2395,-1,2395,2418,2419,-1,2395,2419,2396,-1,2396,2419,2420,-1,2396,2420,2397,-1,2397,2420,2421,-1,2397,2421,2398,-1,2398,2421,2422,-1,2398,2422,2399,-1,2399,2422,2423,-1,2399,2423,2400,-1,2400,2423,2424,-1,2400,2424,2401,-1,2401,2424,2425,-1,2401,2425,2402,-1,2402,2425,2426,-1,2402,2426,2403,-1,2403,2426,2427,-1,2403,2427,2404,-1,2404,2427,2428,-1,2404,2428,2405,-1,2405,2428,2429,-1,2405,2429,2406,-1,2406,2429,2430,-1,2406,2430,2407,-1,2407,2430,2431,-1,2407,2431,2408,-1,2408,2431,2432,-1,2408,2432,2409,-1,2409,2432,2433,-1,2409,2433,2386,-1,2386,2433,2410,-1,2410,2434,2411,-1,2411,2434,2435,-1,2411,2435,2412,-1,2412,2435,2436,-1,2412,2436,2413,-1,2413,2436,2437,-1,2413,2437,2414,-1,2414,2437,2438,-1,2414,2438,2415,-1,2415,2438,2439,-1,2415,2439,2416,-1,2416,2439,2440,-1,2416,2440,2417,-1,2417,2440,2441,-1,2417,2441,2418,-1,2418,2441,2442,-1,2418,2442,2419,-1,2419,2442,2443,-1,2419,2443,2420,-1,2420,2443,2444,-1,2420,2444,2421,-1,2421,2444,2445,-1,2421,2445,2422,-1,2422,2445,2446,-1,2422,2446,2423,-1,2423,2446,2447,-1,2423,2447,2424,-1,2424,2447,2448,-1,2424,2448,2425,-1,2425,2448,2449,-1,2425,2449,2426,-1,2426,2449,2450,-1,2426,2450,2427,-1,2427,2450,2451,-1,2427,2451,2428,-1,2428,2451,2452,-1,2428,2452,2429,-1,2429,2452,2453,-1,2429,2453,2430,-1,2430,2453,2454,-1,2430,2454,2431,-1,2431,2454,2455,-1,2431,2455,2432,-1,2432,2455,2456,-1,2432,2456,2433,-1,2433,2456,2457,-1,2433,2457,2410,-1,2410,2457,2434,-1,2434,2266,2435,-1,2435,2266,2267,-1,2435,2267,2436,-1,2436,2267,2268,-1,2436,2268,2437,-1,2437,2268,2269,-1,2437,2269,2438,-1,2438,2269,2270,-1,2438,2270,2439,-1,2439,2270,2271,-1,2439,2271,2440,-1,2440,2271,2272,-1,2440,2272,2441,-1,2441,2272,2273,-1,2441,2273,2442,-1,2442,2273,2274,-1,2442,2274,2443,-1,2443,2274,2275,-1,2443,2275,2444,-1,2444,2275,2276,-1,2444,2276,2445,-1,2445,2276,2277,-1,2445,2277,2446,-1,2446,2277,2278,-1,2446,2278,2447,-1,2447,2278,2279,-1,2447,2279,2448,-1,2448,2279,2280,-1,2448,2280,2449,-1,2449,2280,2281,-1,2449,2281,2450,-1,2450,2281,2282,-1,2450,2282,2451,-1,2451,2282,2283,-1,2451,2283,2452,-1,2452,2283,2284,-1,2452,2284,2453,-1,2453,2284,2285,-1,2453,2285,2454,-1,2454,2285,2286,-1,2454,2286,2455,-1,2455,2286,2287,-1,2455,2287,2456,-1,2456,2287,2288,-1,2456,2288,2457,-1,2457,2288,2289,-1,2457,2289,2434,-1,2434,2289,2266,-1,2458,2292,2459,-1,2459,2292,2294,-1,2459,2294,2460,-1,2460,2294,2296,-1,2460,2296,2461,-1,2461,2296,2298,-1,2461,2298,2462,-1,2462,2298,2300,-1,2462,2300,2463,-1,2463,2300,2302,-1,2463,2302,2464,-1,2464,2302,2304,-1,2464,2304,2465,-1,2465,2304,2306,-1,2465,2306,2466,-1,2466,2306,2308,-1,2466,2308,2467,-1,2467,2308,2310,-1,2467,2310,2468,-1,2468,2310,2312,-1,2468,2312,2469,-1,2469,2312,2314,-1,2469,2314,2470,-1,2470,2314,2316,-1,2470,2316,2471,-1,2471,2316,2318,-1,2471,2318,2472,-1,2472,2318,2320,-1,2472,2320,2473,-1,2473,2320,2322,-1,2473,2322,2474,-1,2474,2322,2324,-1,2474,2324,2475,-1,2475,2324,2326,-1,2475,2326,2476,-1,2476,2326,2328,-1,2476,2328,2477,-1,2477,2328,2330,-1,2477,2330,2478,-1,2478,2330,2332,-1,2478,2332,2479,-1,2479,2332,2334,-1,2479,2334,2480,-1,2480,2334,2336,-1,2480,2336,2481,-1,2481,2336,2290,-1,2481,2290,2458,-1,2458,2290,2292,-1,2482,2483,2484,-1,2484,2483,2485,-1,2484,2485,2486,-1,2486,2485,2487,-1,2486,2487,2488,-1,2488,2487,2489,-1,2488,2489,2490,-1,2490,2489,2491,-1,2490,2491,2492,-1,2492,2491,2493,-1,2492,2493,2494,-1,2494,2493,2495,-1,2494,2495,2496,-1,2496,2495,2497,-1,2496,2497,2498,-1,2498,2497,2499,-1,2498,2499,2500,-1,2500,2499,2501,-1,2500,2501,2502,-1,2502,2501,2503,-1,2502,2503,2504,-1,2504,2503,2505,-1,2504,2505,2506,-1,2506,2505,2507,-1,2506,2507,2508,-1,2508,2507,2509,-1,2508,2509,2510,-1,2510,2509,2511,-1,2510,2511,2512,-1,2512,2511,2513,-1,2512,2513,2514,-1,2514,2513,2515,-1,2514,2515,2516,-1,2516,2515,2517,-1,2516,2517,2518,-1,2518,2517,2519,-1,2518,2519,2520,-1,2520,2519,2521,-1,2520,2521,2522,-1,2522,2521,2523,-1,2522,2523,2524,-1,2524,2523,2525,-1,2524,2525,2526,-1,2526,2525,2527,-1,2526,2527,2528,-1,2528,2527,2529,-1,2528,2529,2482,-1,2482,2529,2483,-1,2483,2530,2485,-1,2485,2530,2531,-1,2485,2531,2487,-1,2487,2531,2532,-1,2487,2532,2489,-1,2489,2532,2533,-1,2489,2533,2491,-1,2491,2533,2534,-1,2491,2534,2493,-1,2493,2534,2535,-1,2493,2535,2495,-1,2495,2535,2536,-1,2495,2536,2497,-1,2497,2536,2537,-1,2497,2537,2499,-1,2499,2537,2538,-1,2499,2538,2501,-1,2501,2538,2539,-1,2501,2539,2503,-1,2503,2539,2540,-1,2503,2540,2505,-1,2505,2540,2541,-1,2505,2541,2507,-1,2507,2541,2542,-1,2507,2542,2509,-1,2509,2542,2543,-1,2509,2543,2511,-1,2511,2543,2544,-1,2511,2544,2513,-1,2513,2544,2545,-1,2513,2545,2515,-1,2515,2545,2546,-1,2515,2546,2517,-1,2517,2546,2547,-1,2517,2547,2519,-1,2519,2547,2548,-1,2519,2548,2521,-1,2521,2548,2549,-1,2521,2549,2523,-1,2523,2549,2550,-1,2523,2550,2525,-1,2525,2550,2551,-1,2525,2551,2527,-1,2527,2551,2552,-1,2527,2552,2529,-1,2529,2552,2553,-1,2529,2553,2483,-1,2483,2553,2530,-1,2530,2554,2531,-1,2531,2554,2555,-1,2531,2555,2532,-1,2532,2555,2556,-1,2532,2556,2533,-1,2533,2556,2557,-1,2533,2557,2534,-1,2534,2557,2558,-1,2534,2558,2535,-1,2535,2558,2559,-1,2535,2559,2536,-1,2536,2559,2560,-1,2536,2560,2537,-1,2537,2560,2561,-1,2537,2561,2538,-1,2538,2561,2562,-1,2538,2562,2539,-1,2539,2562,2563,-1,2539,2563,2540,-1,2540,2563,2564,-1,2540,2564,2541,-1,2541,2564,2565,-1,2541,2565,2542,-1,2542,2565,2566,-1,2542,2566,2543,-1,2543,2566,2567,-1,2543,2567,2544,-1,2544,2567,2568,-1,2544,2568,2545,-1,2545,2568,2569,-1,2545,2569,2546,-1,2546,2569,2570,-1,2546,2570,2547,-1,2547,2570,2571,-1,2547,2571,2548,-1,2548,2571,2572,-1,2548,2572,2549,-1,2549,2572,2573,-1,2549,2573,2550,-1,2550,2573,2574,-1,2550,2574,2551,-1,2551,2574,2575,-1,2551,2575,2552,-1,2552,2575,2576,-1,2552,2576,2553,-1,2553,2576,2577,-1,2553,2577,2530,-1,2530,2577,2554,-1,2554,2578,2555,-1,2555,2578,2579,-1,2555,2579,2556,-1,2556,2579,2580,-1,2556,2580,2557,-1,2557,2580,2581,-1,2557,2581,2558,-1,2558,2581,2582,-1,2558,2582,2559,-1,2559,2582,2583,-1,2559,2583,2560,-1,2560,2583,2584,-1,2560,2584,2561,-1,2561,2584,2585,-1,2561,2585,2562,-1,2562,2585,2586,-1,2562,2586,2563,-1,2563,2586,2587,-1,2563,2587,2564,-1,2564,2587,2588,-1,2564,2588,2565,-1,2565,2588,2589,-1,2565,2589,2566,-1,2566,2589,2590,-1,2566,2590,2567,-1,2567,2590,2591,-1,2567,2591,2568,-1,2568,2591,2592,-1,2568,2592,2569,-1,2569,2592,2593,-1,2569,2593,2570,-1,2570,2593,2594,-1,2570,2594,2571,-1,2571,2594,2595,-1,2571,2595,2572,-1,2572,2595,2596,-1,2572,2596,2573,-1,2573,2596,2597,-1,2573,2597,2574,-1,2574,2597,2598,-1,2574,2598,2575,-1,2575,2598,2599,-1,2575,2599,2576,-1,2576,2599,2600,-1,2576,2600,2577,-1,2577,2600,2601,-1,2577,2601,2554,-1,2554,2601,2578,-1,2578,2602,2579,-1,2579,2602,2603,-1,2579,2603,2580,-1,2580,2603,2604,-1,2580,2604,2581,-1,2581,2604,2605,-1,2581,2605,2582,-1,2582,2605,2606,-1,2582,2606,2583,-1,2583,2606,2607,-1,2583,2607,2584,-1,2584,2607,2608,-1,2584,2608,2585,-1,2585,2608,2609,-1,2585,2609,2586,-1,2586,2609,2610,-1,2586,2610,2587,-1,2587,2610,2611,-1,2587,2611,2588,-1,2588,2611,2612,-1,2588,2612,2589,-1,2589,2612,2613,-1,2589,2613,2590,-1,2590,2613,2614,-1,2590,2614,2591,-1,2591,2614,2615,-1,2591,2615,2592,-1,2592,2615,2616,-1,2592,2616,2593,-1,2593,2616,2617,-1,2593,2617,2594,-1,2594,2617,2618,-1,2594,2618,2595,-1,2595,2618,2619,-1,2595,2619,2596,-1,2596,2619,2620,-1,2596,2620,2597,-1,2597,2620,2621,-1,2597,2621,2598,-1,2598,2621,2622,-1,2598,2622,2599,-1,2599,2622,2623,-1,2599,2623,2600,-1,2600,2623,2624,-1,2600,2624,2601,-1,2601,2624,2625,-1,2601,2625,2578,-1,2578,2625,2602,-1,2602,2626,2603,-1,2603,2626,2627,-1,2603,2627,2604,-1,2604,2627,2628,-1,2604,2628,2605,-1,2605,2628,2629,-1,2605,2629,2606,-1,2606,2629,2630,-1,2606,2630,2607,-1,2607,2630,2631,-1,2607,2631,2608,-1,2608,2631,2632,-1,2608,2632,2609,-1,2609,2632,2633,-1,2609,2633,2610,-1,2610,2633,2634,-1,2610,2634,2611,-1,2611,2634,2635,-1,2611,2635,2612,-1,2612,2635,2636,-1,2612,2636,2613,-1,2613,2636,2637,-1,2613,2637,2614,-1,2614,2637,2638,-1,2614,2638,2615,-1,2615,2638,2639,-1,2615,2639,2616,-1,2616,2639,2640,-1,2616,2640,2617,-1,2617,2640,2641,-1,2617,2641,2618,-1,2618,2641,2642,-1,2618,2642,2619,-1,2619,2642,2643,-1,2619,2643,2620,-1,2620,2643,2644,-1,2620,2644,2621,-1,2621,2644,2645,-1,2621,2645,2622,-1,2622,2645,2646,-1,2622,2646,2623,-1,2623,2646,2647,-1,2623,2647,2624,-1,2624,2647,2648,-1,2624,2648,2625,-1,2625,2648,2649,-1,2625,2649,2602,-1,2602,2649,2626,-1,2626,2650,2627,-1,2627,2650,2651,-1,2627,2651,2628,-1,2628,2651,2652,-1,2628,2652,2629,-1,2629,2652,2653,-1,2629,2653,2630,-1,2630,2653,2654,-1,2630,2654,2631,-1,2631,2654,2655,-1,2631,2655,2632,-1,2632,2655,2656,-1,2632,2656,2633,-1,2633,2656,2657,-1,2633,2657,2634,-1,2634,2657,2658,-1,2634,2658,2635,-1,2635,2658,2659,-1,2635,2659,2636,-1,2636,2659,2660,-1,2636,2660,2637,-1,2637,2660,2661,-1,2637,2661,2638,-1,2638,2661,2662,-1,2638,2662,2639,-1,2639,2662,2663,-1,2639,2663,2640,-1,2640,2663,2664,-1,2640,2664,2641,-1,2641,2664,2665,-1,2641,2665,2642,-1,2642,2665,2666,-1,2642,2666,2643,-1,2643,2666,2667,-1,2643,2667,2644,-1,2644,2667,2668,-1,2644,2668,2645,-1,2645,2668,2669,-1,2645,2669,2646,-1,2646,2669,2670,-1,2646,2670,2647,-1,2647,2670,2671,-1,2647,2671,2648,-1,2648,2671,2672,-1,2648,2672,2649,-1,2649,2672,2673,-1,2649,2673,2626,-1,2626,2673,2650,-1,2650,2674,2651,-1,2651,2674,2675,-1,2651,2675,2652,-1,2652,2675,2676,-1,2652,2676,2653,-1,2653,2676,2677,-1,2653,2677,2654,-1,2654,2677,2678,-1,2654,2678,2655,-1,2655,2678,2679,-1,2655,2679,2656,-1,2656,2679,2680,-1,2656,2680,2657,-1,2657,2680,2681,-1,2657,2681,2658,-1,2658,2681,2682,-1,2658,2682,2659,-1,2659,2682,2683,-1,2659,2683,2660,-1,2660,2683,2684,-1,2660,2684,2661,-1,2661,2684,2685,-1,2661,2685,2662,-1,2662,2685,2686,-1,2662,2686,2663,-1,2663,2686,2687,-1,2663,2687,2664,-1,2664,2687,2688,-1,2664,2688,2665,-1,2665,2688,2689,-1,2665,2689,2666,-1,2666,2689,2690,-1,2666,2690,2667,-1,2667,2690,2691,-1,2667,2691,2668,-1,2668,2691,2692,-1,2668,2692,2669,-1,2669,2692,2693,-1,2669,2693,2670,-1,2670,2693,2694,-1,2670,2694,2671,-1,2671,2694,2695,-1,2671,2695,2672,-1,2672,2695,2696,-1,2672,2696,2673,-1,2673,2696,2697,-1,2673,2697,2650,-1,2650,2697,2674,-1,2674,2698,2675,-1,2675,2698,2699,-1,2675,2699,2676,-1,2676,2699,2700,-1,2676,2700,2677,-1,2677,2700,2701,-1,2677,2701,2678,-1,2678,2701,2702,-1,2678,2702,2679,-1,2679,2702,2703,-1,2679,2703,2680,-1,2680,2703,2704,-1,2680,2704,2681,-1,2681,2704,2705,-1,2681,2705,2682,-1,2682,2705,2706,-1,2682,2706,2683,-1,2683,2706,2707,-1,2683,2707,2684,-1,2684,2707,2708,-1,2684,2708,2685,-1,2685,2708,2709,-1,2685,2709,2686,-1,2686,2709,2710,-1,2686,2710,2687,-1,2687,2710,2711,-1,2687,2711,2688,-1,2688,2711,2712,-1,2688,2712,2689,-1,2689,2712,2713,-1,2689,2713,2690,-1,2690,2713,2714,-1,2690,2714,2691,-1,2691,2714,2715,-1,2691,2715,2692,-1,2692,2715,2716,-1,2692,2716,2693,-1,2693,2716,2717,-1,2693,2717,2694,-1,2694,2717,2718,-1,2694,2718,2695,-1,2695,2718,2719,-1,2695,2719,2696,-1,2696,2719,2720,-1,2696,2720,2697,-1,2697,2720,2721,-1,2697,2721,2674,-1,2674,2721,2698,-1,2698,2722,2699,-1,2699,2722,2723,-1,2699,2723,2700,-1,2700,2723,2724,-1,2700,2724,2701,-1,2701,2724,2725,-1,2701,2725,2702,-1,2702,2725,2726,-1,2702,2726,2703,-1,2703,2726,2727,-1,2703,2727,2704,-1,2704,2727,2728,-1,2704,2728,2705,-1,2705,2728,2729,-1,2705,2729,2706,-1,2706,2729,2730,-1,2706,2730,2707,-1,2707,2730,2731,-1,2707,2731,2708,-1,2708,2731,2732,-1,2708,2732,2709,-1,2709,2732,2733,-1,2709,2733,2710,-1,2710,2733,2734,-1,2710,2734,2711,-1,2711,2734,2735,-1,2711,2735,2712,-1,2712,2735,2736,-1,2712,2736,2713,-1,2713,2736,2737,-1,2713,2737,2714,-1,2714,2737,2738,-1,2714,2738,2715,-1,2715,2738,2739,-1,2715,2739,2716,-1,2716,2739,2740,-1,2716,2740,2717,-1,2717,2740,2741,-1,2717,2741,2718,-1,2718,2741,2742,-1,2718,2742,2719,-1,2719,2742,2743,-1,2719,2743,2720,-1,2720,2743,2744,-1,2720,2744,2721,-1,2721,2744,2745,-1,2721,2745,2698,-1,2698,2745,2722,-1,2722,2746,2723,-1,2723,2746,2747,-1,2723,2747,2724,-1,2724,2747,2748,-1,2724,2748,2725,-1,2725,2748,2749,-1,2725,2749,2726,-1,2726,2749,2750,-1,2726,2750,2727,-1,2727,2750,2751,-1,2727,2751,2728,-1,2728,2751,2752,-1,2728,2752,2729,-1,2729,2752,2753,-1,2729,2753,2730,-1,2730,2753,2754,-1,2730,2754,2731,-1,2731,2754,2755,-1,2731,2755,2732,-1,2732,2755,2756,-1,2732,2756,2733,-1,2733,2756,2757,-1,2733,2757,2734,-1,2734,2757,2758,-1,2734,2758,2735,-1,2735,2758,2759,-1,2735,2759,2736,-1,2736,2759,2760,-1,2736,2760,2737,-1,2737,2760,2761,-1,2737,2761,2738,-1,2738,2761,2762,-1,2738,2762,2739,-1,2739,2762,2763,-1,2739,2763,2740,-1,2740,2763,2764,-1,2740,2764,2741,-1,2741,2764,2765,-1,2741,2765,2742,-1,2742,2765,2766,-1,2742,2766,2743,-1,2743,2766,2767,-1,2743,2767,2744,-1,2744,2767,2768,-1,2744,2768,2745,-1,2745,2768,2769,-1,2745,2769,2722,-1,2722,2769,2746,-1,2746,2470,2747,-1,2747,2470,2471,-1,2747,2471,2748,-1,2748,2471,2472,-1,2748,2472,2749,-1,2749,2472,2473,-1,2749,2473,2750,-1,2750,2473,2474,-1,2750,2474,2751,-1,2751,2474,2475,-1,2751,2475,2752,-1,2752,2475,2476,-1,2752,2476,2753,-1,2753,2476,2477,-1,2753,2477,2754,-1,2754,2477,2478,-1,2754,2478,2755,-1,2755,2478,2479,-1,2755,2479,2756,-1,2756,2479,2480,-1,2756,2480,2757,-1,2757,2480,2481,-1,2757,2481,2758,-1,2758,2481,2458,-1,2758,2458,2759,-1,2759,2458,2459,-1,2759,2459,2760,-1,2760,2459,2460,-1,2760,2460,2761,-1,2761,2460,2461,-1,2761,2461,2762,-1,2762,2461,2462,-1,2762,2462,2763,-1,2763,2462,2463,-1,2763,2463,2764,-1,2764,2463,2464,-1,2764,2464,2765,-1,2765,2464,2465,-1,2765,2465,2766,-1,2766,2465,2466,-1,2766,2466,2767,-1,2767,2466,2467,-1,2767,2467,2768,-1,2768,2467,2468,-1,2768,2468,2769,-1,2769,2468,2469,-1,2769,2469,2746,-1,2746,2469,2470,-1,2257,2508,2252,-1,2252,2508,2510,-1,2252,2510,2253,-1,2253,2510,2512,-1,2253,2512,2254,-1,2254,2512,2514,-1,2254,2514,2249,-1,2249,2514,2516,-1,2249,2516,2250,-1,2250,2516,2518,-1,2250,2518,2251,-1,2251,2518,2520,-1,2251,2520,2246,-1,2246,2520,2522,-1,2246,2522,2247,-1,2247,2522,2524,-1,2247,2524,2248,-1,2248,2524,2526,-1,2248,2526,2241,-1,2241,2526,2528,-1,2241,2528,2242,-1,2242,2528,2482,-1,2242,2482,2244,-1,2244,2482,2484,-1,2244,2484,2245,-1,2245,2484,2486,-1,2245,2486,2264,-1,2264,2486,2488,-1,2264,2488,2265,-1,2265,2488,2490,-1,2265,2490,2261,-1,2261,2490,2492,-1,2261,2492,2262,-1,2262,2492,2494,-1,2262,2494,2263,-1,2263,2494,2496,-1,2263,2496,2258,-1,2258,2496,2498,-1,2258,2498,2259,-1,2259,2498,2500,-1,2259,2500,2260,-1,2260,2500,2502,-1,2260,2502,2255,-1,2255,2502,2504,-1,2255,2504,2256,-1,2256,2504,2506,-1,2256,2506,2257,-1,2257,2506,2508,-1,2770,2771,2772,-1,2772,2771,2773,-1,2772,2773,2774,-1,2775,2776,2772,-1,2772,2776,2777,-1,2772,2777,2770,-1,2778,2779,2772,-1,2772,2779,2780,-1,2772,2780,2775,-1,2781,2782,2772,-1,2772,2782,2783,-1,2772,2783,2778,-1,2784,2785,2772,-1,2772,2785,2786,-1,2772,2786,2781,-1,2787,2788,2772,-1,2772,2788,2789,-1,2772,2789,2784,-1,2790,2791,2772,-1,2772,2791,2792,-1,2772,2792,2787,-1,2774,2793,2772,-1,2772,2793,2794,-1,2772,2794,2790,-1,2795,2796,2797,-1,2797,2796,2798,-1,2797,2798,2799,-1,2800,2801,2797,-1,2797,2801,2802,-1,2797,2802,2795,-1,2803,2804,2797,-1,2797,2804,2805,-1,2797,2805,2800,-1,2806,2807,2797,-1,2797,2807,2808,-1,2797,2808,2803,-1,2809,2810,2797,-1,2797,2810,2811,-1,2797,2811,2806,-1,2812,2813,2797,-1,2797,2813,2814,-1,2797,2814,2809,-1,2815,2816,2797,-1,2797,2816,2817,-1,2797,2817,2812,-1,2799,2818,2797,-1,2797,2818,2819,-1,2797,2819,2815,-1,2820,2791,2821,-1,2821,2791,2790,-1,2821,2790,2822,-1,2822,2790,2794,-1,2822,2794,2823,-1,2823,2794,2793,-1,2823,2793,2824,-1,2824,2793,2774,-1,2824,2774,2825,-1,2825,2774,2773,-1,2825,2773,2826,-1,2826,2773,2771,-1,2826,2771,2827,-1,2827,2771,2770,-1,2827,2770,2828,-1,2828,2770,2777,-1,2828,2777,2829,-1,2829,2777,2776,-1,2829,2776,2830,-1,2830,2776,2775,-1,2830,2775,2831,-1,2831,2775,2780,-1,2831,2780,2832,-1,2832,2780,2779,-1,2832,2779,2833,-1,2833,2779,2778,-1,2833,2778,2834,-1,2834,2778,2783,-1,2834,2783,2835,-1,2835,2783,2782,-1,2835,2782,2836,-1,2836,2782,2781,-1,2836,2781,2837,-1,2837,2781,2786,-1,2837,2786,2838,-1,2838,2786,2785,-1,2838,2785,2839,-1,2839,2785,2784,-1,2839,2784,2840,-1,2840,2784,2789,-1,2840,2789,2841,-1,2841,2789,2788,-1,2841,2788,2842,-1,2842,2788,2787,-1,2842,2787,2843,-1,2843,2787,2792,-1,2843,2792,2820,-1,2820,2792,2791,-1,2844,2845,2846,-1,2846,2845,2847,-1,2846,2847,2848,-1,2848,2847,2849,-1,2848,2849,2850,-1,2850,2849,2851,-1,2850,2851,2852,-1,2852,2851,2853,-1,2852,2853,2854,-1,2854,2853,2855,-1,2854,2855,2856,-1,2856,2855,2857,-1,2856,2857,2858,-1,2858,2857,2859,-1,2858,2859,2860,-1,2860,2859,2861,-1,2860,2861,2862,-1,2862,2861,2863,-1,2862,2863,2864,-1,2864,2863,2865,-1,2864,2865,2866,-1,2866,2865,2867,-1,2866,2867,2868,-1,2868,2867,2869,-1,2868,2869,2870,-1,2870,2869,2871,-1,2870,2871,2872,-1,2872,2871,2873,-1,2872,2873,2874,-1,2874,2873,2875,-1,2874,2875,2876,-1,2876,2875,2877,-1,2876,2877,2878,-1,2878,2877,2879,-1,2878,2879,2880,-1,2880,2879,2881,-1,2880,2881,2882,-1,2882,2881,2883,-1,2882,2883,2884,-1,2884,2883,2885,-1,2884,2885,2886,-1,2886,2885,2887,-1,2886,2887,2888,-1,2888,2887,2889,-1,2888,2889,2890,-1,2890,2889,2891,-1,2890,2891,2844,-1,2844,2891,2845,-1,2845,2892,2847,-1,2847,2892,2893,-1,2847,2893,2849,-1,2849,2893,2894,-1,2849,2894,2851,-1,2851,2894,2895,-1,2851,2895,2853,-1,2853,2895,2896,-1,2853,2896,2855,-1,2855,2896,2897,-1,2855,2897,2857,-1,2857,2897,2898,-1,2857,2898,2859,-1,2859,2898,2899,-1,2859,2899,2861,-1,2861,2899,2900,-1,2861,2900,2863,-1,2863,2900,2901,-1,2863,2901,2865,-1,2865,2901,2902,-1,2865,2902,2867,-1,2867,2902,2903,-1,2867,2903,2869,-1,2869,2903,2904,-1,2869,2904,2871,-1,2871,2904,2905,-1,2871,2905,2873,-1,2873,2905,2906,-1,2873,2906,2875,-1,2875,2906,2907,-1,2875,2907,2877,-1,2877,2907,2908,-1,2877,2908,2879,-1,2879,2908,2909,-1,2879,2909,2881,-1,2881,2909,2910,-1,2881,2910,2883,-1,2883,2910,2911,-1,2883,2911,2885,-1,2885,2911,2912,-1,2885,2912,2887,-1,2887,2912,2913,-1,2887,2913,2889,-1,2889,2913,2914,-1,2889,2914,2891,-1,2891,2914,2915,-1,2891,2915,2845,-1,2845,2915,2892,-1,2892,2916,2893,-1,2893,2916,2917,-1,2893,2917,2894,-1,2894,2917,2918,-1,2894,2918,2895,-1,2895,2918,2919,-1,2895,2919,2896,-1,2896,2919,2920,-1,2896,2920,2897,-1,2897,2920,2921,-1,2897,2921,2898,-1,2898,2921,2922,-1,2898,2922,2899,-1,2899,2922,2923,-1,2899,2923,2900,-1,2900,2923,2924,-1,2900,2924,2901,-1,2901,2924,2925,-1,2901,2925,2902,-1,2902,2925,2926,-1,2902,2926,2903,-1,2903,2926,2927,-1,2903,2927,2904,-1,2904,2927,2928,-1,2904,2928,2905,-1,2905,2928,2929,-1,2905,2929,2906,-1,2906,2929,2930,-1,2906,2930,2907,-1,2907,2930,2931,-1,2907,2931,2908,-1,2908,2931,2932,-1,2908,2932,2909,-1,2909,2932,2933,-1,2909,2933,2910,-1,2910,2933,2934,-1,2910,2934,2911,-1,2911,2934,2935,-1,2911,2935,2912,-1,2912,2935,2936,-1,2912,2936,2913,-1,2913,2936,2937,-1,2913,2937,2914,-1,2914,2937,2938,-1,2914,2938,2915,-1,2915,2938,2939,-1,2915,2939,2892,-1,2892,2939,2916,-1,2916,2940,2917,-1,2917,2940,2941,-1,2917,2941,2918,-1,2918,2941,2942,-1,2918,2942,2919,-1,2919,2942,2943,-1,2919,2943,2920,-1,2920,2943,2944,-1,2920,2944,2921,-1,2921,2944,2945,-1,2921,2945,2922,-1,2922,2945,2946,-1,2922,2946,2923,-1,2923,2946,2947,-1,2923,2947,2924,-1,2924,2947,2948,-1,2924,2948,2925,-1,2925,2948,2949,-1,2925,2949,2926,-1,2926,2949,2950,-1,2926,2950,2927,-1,2927,2950,2951,-1,2927,2951,2928,-1,2928,2951,2952,-1,2928,2952,2929,-1,2929,2952,2953,-1,2929,2953,2930,-1,2930,2953,2954,-1,2930,2954,2931,-1,2931,2954,2955,-1,2931,2955,2932,-1,2932,2955,2956,-1,2932,2956,2933,-1,2933,2956,2957,-1,2933,2957,2934,-1,2934,2957,2958,-1,2934,2958,2935,-1,2935,2958,2959,-1,2935,2959,2936,-1,2936,2959,2960,-1,2936,2960,2937,-1,2937,2960,2961,-1,2937,2961,2938,-1,2938,2961,2962,-1,2938,2962,2939,-1,2939,2962,2963,-1,2939,2963,2916,-1,2916,2963,2940,-1,2940,2964,2941,-1,2941,2964,2965,-1,2941,2965,2942,-1,2942,2965,2966,-1,2942,2966,2943,-1,2943,2966,2967,-1,2943,2967,2944,-1,2944,2967,2968,-1,2944,2968,2945,-1,2945,2968,2969,-1,2945,2969,2946,-1,2946,2969,2970,-1,2946,2970,2947,-1,2947,2970,2971,-1,2947,2971,2948,-1,2948,2971,2972,-1,2948,2972,2949,-1,2949,2972,2973,-1,2949,2973,2950,-1,2950,2973,2974,-1,2950,2974,2951,-1,2951,2974,2975,-1,2951,2975,2952,-1,2952,2975,2976,-1,2952,2976,2953,-1,2953,2976,2977,-1,2953,2977,2954,-1,2954,2977,2978,-1,2954,2978,2955,-1,2955,2978,2979,-1,2955,2979,2956,-1,2956,2979,2980,-1,2956,2980,2957,-1,2957,2980,2981,-1,2957,2981,2958,-1,2958,2981,2982,-1,2958,2982,2959,-1,2959,2982,2983,-1,2959,2983,2960,-1,2960,2983,2984,-1,2960,2984,2961,-1,2961,2984,2985,-1,2961,2985,2962,-1,2962,2985,2986,-1,2962,2986,2963,-1,2963,2986,2987,-1,2963,2987,2940,-1,2940,2987,2964,-1,2964,2988,2965,-1,2965,2988,2989,-1,2965,2989,2966,-1,2966,2989,2990,-1,2966,2990,2967,-1,2967,2990,2991,-1,2967,2991,2968,-1,2968,2991,2992,-1,2968,2992,2969,-1,2969,2992,2993,-1,2969,2993,2970,-1,2970,2993,2994,-1,2970,2994,2971,-1,2971,2994,2995,-1,2971,2995,2972,-1,2972,2995,2996,-1,2972,2996,2973,-1,2973,2996,2997,-1,2973,2997,2974,-1,2974,2997,2998,-1,2974,2998,2975,-1,2975,2998,2999,-1,2975,2999,2976,-1,2976,2999,3000,-1,2976,3000,2977,-1,2977,3000,3001,-1,2977,3001,2978,-1,2978,3001,3002,-1,2978,3002,2979,-1,2979,3002,3003,-1,2979,3003,2980,-1,2980,3003,3004,-1,2980,3004,2981,-1,2981,3004,3005,-1,2981,3005,2982,-1,2982,3005,3006,-1,2982,3006,2983,-1,2983,3006,3007,-1,2983,3007,2984,-1,2984,3007,3008,-1,2984,3008,2985,-1,2985,3008,3009,-1,2985,3009,2986,-1,2986,3009,3010,-1,2986,3010,2987,-1,2987,3010,3011,-1,2987,3011,2964,-1,2964,3011,2988,-1,2988,2838,2989,-1,2989,2838,2839,-1,2989,2839,2990,-1,2990,2839,2840,-1,2990,2840,2991,-1,2991,2840,2841,-1,2991,2841,2992,-1,2992,2841,2842,-1,2992,2842,2993,-1,2993,2842,2843,-1,2993,2843,2994,-1,2994,2843,2820,-1,2994,2820,2995,-1,2995,2820,2821,-1,2995,2821,2996,-1,2996,2821,2822,-1,2996,2822,2997,-1,2997,2822,2823,-1,2997,2823,2998,-1,2998,2823,2824,-1,2998,2824,2999,-1,2999,2824,2825,-1,2999,2825,3000,-1,3000,2825,2826,-1,3000,2826,3001,-1,3001,2826,2827,-1,3001,2827,3002,-1,3002,2827,2828,-1,3002,2828,3003,-1,3003,2828,2829,-1,3003,2829,3004,-1,3004,2829,2830,-1,3004,2830,3005,-1,3005,2830,2831,-1,3005,2831,3006,-1,3006,2831,2832,-1,3006,2832,3007,-1,3007,2832,2833,-1,3007,2833,3008,-1,3008,2833,2834,-1,3008,2834,3009,-1,3009,2834,2835,-1,3009,2835,3010,-1,3010,2835,2836,-1,3010,2836,3011,-1,3011,2836,2837,-1,3011,2837,2988,-1,2988,2837,2838,-1,3012,2846,3013,-1,3013,2846,2848,-1,3013,2848,3014,-1,3014,2848,2850,-1,3014,2850,3015,-1,3015,2850,2852,-1,3015,2852,3016,-1,3016,2852,2854,-1,3016,2854,3017,-1,3017,2854,2856,-1,3017,2856,3018,-1,3018,2856,2858,-1,3018,2858,3019,-1,3019,2858,2860,-1,3019,2860,3020,-1,3020,2860,2862,-1,3020,2862,3021,-1,3021,2862,2864,-1,3021,2864,3022,-1,3022,2864,2866,-1,3022,2866,3023,-1,3023,2866,2868,-1,3023,2868,3024,-1,3024,2868,2870,-1,3024,2870,3025,-1,3025,2870,2872,-1,3025,2872,3026,-1,3026,2872,2874,-1,3026,2874,3027,-1,3027,2874,2876,-1,3027,2876,3028,-1,3028,2876,2878,-1,3028,2878,3029,-1,3029,2878,2880,-1,3029,2880,3030,-1,3030,2880,2882,-1,3030,2882,3031,-1,3031,2882,2884,-1,3031,2884,3032,-1,3032,2884,2886,-1,3032,2886,3033,-1,3033,2886,2888,-1,3033,2888,3034,-1,3034,2888,2890,-1,3034,2890,3035,-1,3035,2890,2844,-1,3035,2844,3012,-1,3012,2844,2846,-1,3036,3037,3038,-1,3038,3037,3039,-1,3038,3039,3040,-1,3040,3039,3041,-1,3040,3041,3042,-1,3042,3041,3043,-1,3042,3043,3044,-1,3044,3043,3045,-1,3044,3045,3046,-1,3046,3045,3047,-1,3046,3047,3048,-1,3048,3047,3049,-1,3048,3049,3050,-1,3050,3049,3051,-1,3050,3051,3052,-1,3052,3051,3053,-1,3052,3053,3054,-1,3054,3053,3055,-1,3054,3055,3056,-1,3056,3055,3057,-1,3056,3057,3058,-1,3058,3057,3059,-1,3058,3059,3060,-1,3060,3059,3061,-1,3060,3061,3062,-1,3062,3061,3063,-1,3062,3063,3064,-1,3064,3063,3065,-1,3064,3065,3066,-1,3066,3065,3067,-1,3066,3067,3068,-1,3068,3067,3069,-1,3068,3069,3070,-1,3070,3069,3071,-1,3070,3071,3072,-1,3072,3071,3073,-1,3072,3073,3074,-1,3074,3073,3075,-1,3074,3075,3076,-1,3076,3075,3077,-1,3076,3077,3078,-1,3078,3077,3079,-1,3078,3079,3080,-1,3080,3079,3081,-1,3080,3081,3082,-1,3082,3081,3083,-1,3082,3083,3036,-1,3036,3083,3037,-1,3037,3084,3039,-1,3039,3084,3085,-1,3039,3085,3041,-1,3041,3085,3086,-1,3041,3086,3043,-1,3043,3086,3087,-1,3043,3087,3045,-1,3045,3087,3088,-1,3045,3088,3047,-1,3047,3088,3089,-1,3047,3089,3049,-1,3049,3089,3090,-1,3049,3090,3051,-1,3051,3090,3091,-1,3051,3091,3053,-1,3053,3091,3092,-1,3053,3092,3055,-1,3055,3092,3093,-1,3055,3093,3057,-1,3057,3093,3094,-1,3057,3094,3059,-1,3059,3094,3095,-1,3059,3095,3061,-1,3061,3095,3096,-1,3061,3096,3063,-1,3063,3096,3097,-1,3063,3097,3065,-1,3065,3097,3098,-1,3065,3098,3067,-1,3067,3098,3099,-1,3067,3099,3069,-1,3069,3099,3100,-1,3069,3100,3071,-1,3071,3100,3101,-1,3071,3101,3073,-1,3073,3101,3102,-1,3073,3102,3075,-1,3075,3102,3103,-1,3075,3103,3077,-1,3077,3103,3104,-1,3077,3104,3079,-1,3079,3104,3105,-1,3079,3105,3081,-1,3081,3105,3106,-1,3081,3106,3083,-1,3083,3106,3107,-1,3083,3107,3037,-1,3037,3107,3084,-1,3084,3108,3085,-1,3085,3108,3109,-1,3085,3109,3086,-1,3086,3109,3110,-1,3086,3110,3087,-1,3087,3110,3111,-1,3087,3111,3088,-1,3088,3111,3112,-1,3088,3112,3089,-1,3089,3112,3113,-1,3089,3113,3090,-1,3090,3113,3114,-1,3090,3114,3091,-1,3091,3114,3115,-1,3091,3115,3092,-1,3092,3115,3116,-1,3092,3116,3093,-1,3093,3116,3117,-1,3093,3117,3094,-1,3094,3117,3118,-1,3094,3118,3095,-1,3095,3118,3119,-1,3095,3119,3096,-1,3096,3119,3120,-1,3096,3120,3097,-1,3097,3120,3121,-1,3097,3121,3098,-1,3098,3121,3122,-1,3098,3122,3099,-1,3099,3122,3123,-1,3099,3123,3100,-1,3100,3123,3124,-1,3100,3124,3101,-1,3101,3124,3125,-1,3101,3125,3102,-1,3102,3125,3126,-1,3102,3126,3103,-1,3103,3126,3127,-1,3103,3127,3104,-1,3104,3127,3128,-1,3104,3128,3105,-1,3105,3128,3129,-1,3105,3129,3106,-1,3106,3129,3130,-1,3106,3130,3107,-1,3107,3130,3131,-1,3107,3131,3084,-1,3084,3131,3108,-1,3108,3132,3109,-1,3109,3132,3133,-1,3109,3133,3110,-1,3110,3133,3134,-1,3110,3134,3111,-1,3111,3134,3135,-1,3111,3135,3112,-1,3112,3135,3136,-1,3112,3136,3113,-1,3113,3136,3137,-1,3113,3137,3114,-1,3114,3137,3138,-1,3114,3138,3115,-1,3115,3138,3139,-1,3115,3139,3116,-1,3116,3139,3140,-1,3116,3140,3117,-1,3117,3140,3141,-1,3117,3141,3118,-1,3118,3141,3142,-1,3118,3142,3119,-1,3119,3142,3143,-1,3119,3143,3120,-1,3120,3143,3144,-1,3120,3144,3121,-1,3121,3144,3145,-1,3121,3145,3122,-1,3122,3145,3146,-1,3122,3146,3123,-1,3123,3146,3147,-1,3123,3147,3124,-1,3124,3147,3148,-1,3124,3148,3125,-1,3125,3148,3149,-1,3125,3149,3126,-1,3126,3149,3150,-1,3126,3150,3127,-1,3127,3150,3151,-1,3127,3151,3128,-1,3128,3151,3152,-1,3128,3152,3129,-1,3129,3152,3153,-1,3129,3153,3130,-1,3130,3153,3154,-1,3130,3154,3131,-1,3131,3154,3155,-1,3131,3155,3108,-1,3108,3155,3132,-1,3132,3156,3133,-1,3133,3156,3157,-1,3133,3157,3134,-1,3134,3157,3158,-1,3134,3158,3135,-1,3135,3158,3159,-1,3135,3159,3136,-1,3136,3159,3160,-1,3136,3160,3137,-1,3137,3160,3161,-1,3137,3161,3138,-1,3138,3161,3162,-1,3138,3162,3139,-1,3139,3162,3163,-1,3139,3163,3140,-1,3140,3163,3164,-1,3140,3164,3141,-1,3141,3164,3165,-1,3141,3165,3142,-1,3142,3165,3166,-1,3142,3166,3143,-1,3143,3166,3167,-1,3143,3167,3144,-1,3144,3167,3168,-1,3144,3168,3145,-1,3145,3168,3169,-1,3145,3169,3146,-1,3146,3169,3170,-1,3146,3170,3147,-1,3147,3170,3171,-1,3147,3171,3148,-1,3148,3171,3172,-1,3148,3172,3149,-1,3149,3172,3173,-1,3149,3173,3150,-1,3150,3173,3174,-1,3150,3174,3151,-1,3151,3174,3175,-1,3151,3175,3152,-1,3152,3175,3176,-1,3152,3176,3153,-1,3153,3176,3177,-1,3153,3177,3154,-1,3154,3177,3178,-1,3154,3178,3155,-1,3155,3178,3179,-1,3155,3179,3132,-1,3132,3179,3156,-1,3156,3180,3157,-1,3157,3180,3181,-1,3157,3181,3158,-1,3158,3181,3182,-1,3158,3182,3159,-1,3159,3182,3183,-1,3159,3183,3160,-1,3160,3183,3184,-1,3160,3184,3161,-1,3161,3184,3185,-1,3161,3185,3162,-1,3162,3185,3186,-1,3162,3186,3163,-1,3163,3186,3187,-1,3163,3187,3164,-1,3164,3187,3188,-1,3164,3188,3165,-1,3165,3188,3189,-1,3165,3189,3166,-1,3166,3189,3190,-1,3166,3190,3167,-1,3167,3190,3191,-1,3167,3191,3168,-1,3168,3191,3192,-1,3168,3192,3169,-1,3169,3192,3193,-1,3169,3193,3170,-1,3170,3193,3194,-1,3170,3194,3171,-1,3171,3194,3195,-1,3171,3195,3172,-1,3172,3195,3196,-1,3172,3196,3173,-1,3173,3196,3197,-1,3173,3197,3174,-1,3174,3197,3198,-1,3174,3198,3175,-1,3175,3198,3199,-1,3175,3199,3176,-1,3176,3199,3200,-1,3176,3200,3177,-1,3177,3200,3201,-1,3177,3201,3178,-1,3178,3201,3202,-1,3178,3202,3179,-1,3179,3202,3203,-1,3179,3203,3156,-1,3156,3203,3180,-1,3180,3204,3181,-1,3181,3204,3205,-1,3181,3205,3182,-1,3182,3205,3206,-1,3182,3206,3183,-1,3183,3206,3207,-1,3183,3207,3184,-1,3184,3207,3208,-1,3184,3208,3185,-1,3185,3208,3209,-1,3185,3209,3186,-1,3186,3209,3210,-1,3186,3210,3187,-1,3187,3210,3211,-1,3187,3211,3188,-1,3188,3211,3212,-1,3188,3212,3189,-1,3189,3212,3213,-1,3189,3213,3190,-1,3190,3213,3214,-1,3190,3214,3191,-1,3191,3214,3215,-1,3191,3215,3192,-1,3192,3215,3216,-1,3192,3216,3193,-1,3193,3216,3217,-1,3193,3217,3194,-1,3194,3217,3218,-1,3194,3218,3195,-1,3195,3218,3219,-1,3195,3219,3196,-1,3196,3219,3220,-1,3196,3220,3197,-1,3197,3220,3221,-1,3197,3221,3198,-1,3198,3221,3222,-1,3198,3222,3199,-1,3199,3222,3223,-1,3199,3223,3200,-1,3200,3223,3224,-1,3200,3224,3201,-1,3201,3224,3225,-1,3201,3225,3202,-1,3202,3225,3226,-1,3202,3226,3203,-1,3203,3226,3227,-1,3203,3227,3180,-1,3180,3227,3204,-1,3204,3228,3205,-1,3205,3228,3229,-1,3205,3229,3206,-1,3206,3229,3230,-1,3206,3230,3207,-1,3207,3230,3231,-1,3207,3231,3208,-1,3208,3231,3232,-1,3208,3232,3209,-1,3209,3232,3233,-1,3209,3233,3210,-1,3210,3233,3234,-1,3210,3234,3211,-1,3211,3234,3235,-1,3211,3235,3212,-1,3212,3235,3236,-1,3212,3236,3213,-1,3213,3236,3237,-1,3213,3237,3214,-1,3214,3237,3238,-1,3214,3238,3215,-1,3215,3238,3239,-1,3215,3239,3216,-1,3216,3239,3240,-1,3216,3240,3217,-1,3217,3240,3241,-1,3217,3241,3218,-1,3218,3241,3242,-1,3218,3242,3219,-1,3219,3242,3243,-1,3219,3243,3220,-1,3220,3243,3244,-1,3220,3244,3221,-1,3221,3244,3245,-1,3221,3245,3222,-1,3222,3245,3246,-1,3222,3246,3223,-1,3223,3246,3247,-1,3223,3247,3224,-1,3224,3247,3248,-1,3224,3248,3225,-1,3225,3248,3249,-1,3225,3249,3226,-1,3226,3249,3250,-1,3226,3250,3227,-1,3227,3250,3251,-1,3227,3251,3204,-1,3204,3251,3228,-1,3228,3252,3229,-1,3229,3252,3253,-1,3229,3253,3230,-1,3230,3253,3254,-1,3230,3254,3231,-1,3231,3254,3255,-1,3231,3255,3232,-1,3232,3255,3256,-1,3232,3256,3233,-1,3233,3256,3257,-1,3233,3257,3234,-1,3234,3257,3258,-1,3234,3258,3235,-1,3235,3258,3259,-1,3235,3259,3236,-1,3236,3259,3260,-1,3236,3260,3237,-1,3237,3260,3261,-1,3237,3261,3238,-1,3238,3261,3262,-1,3238,3262,3239,-1,3239,3262,3263,-1,3239,3263,3240,-1,3240,3263,3264,-1,3240,3264,3241,-1,3241,3264,3265,-1,3241,3265,3242,-1,3242,3265,3266,-1,3242,3266,3243,-1,3243,3266,3267,-1,3243,3267,3244,-1,3244,3267,3268,-1,3244,3268,3245,-1,3245,3268,3269,-1,3245,3269,3246,-1,3246,3269,3270,-1,3246,3270,3247,-1,3247,3270,3271,-1,3247,3271,3248,-1,3248,3271,3272,-1,3248,3272,3249,-1,3249,3272,3273,-1,3249,3273,3250,-1,3250,3273,3274,-1,3250,3274,3251,-1,3251,3274,3275,-1,3251,3275,3228,-1,3228,3275,3252,-1,3252,3276,3253,-1,3253,3276,3277,-1,3253,3277,3254,-1,3254,3277,3278,-1,3254,3278,3255,-1,3255,3278,3279,-1,3255,3279,3256,-1,3256,3279,3280,-1,3256,3280,3257,-1,3257,3280,3281,-1,3257,3281,3258,-1,3258,3281,3282,-1,3258,3282,3259,-1,3259,3282,3283,-1,3259,3283,3260,-1,3260,3283,3284,-1,3260,3284,3261,-1,3261,3284,3285,-1,3261,3285,3262,-1,3262,3285,3286,-1,3262,3286,3263,-1,3263,3286,3287,-1,3263,3287,3264,-1,3264,3287,3288,-1,3264,3288,3265,-1,3265,3288,3289,-1,3265,3289,3266,-1,3266,3289,3290,-1,3266,3290,3267,-1,3267,3290,3291,-1,3267,3291,3268,-1,3268,3291,3292,-1,3268,3292,3269,-1,3269,3292,3293,-1,3269,3293,3270,-1,3270,3293,3294,-1,3270,3294,3271,-1,3271,3294,3295,-1,3271,3295,3272,-1,3272,3295,3296,-1,3272,3296,3273,-1,3273,3296,3297,-1,3273,3297,3274,-1,3274,3297,3298,-1,3274,3298,3275,-1,3275,3298,3299,-1,3275,3299,3252,-1,3252,3299,3276,-1,3276,3300,3277,-1,3277,3300,3301,-1,3277,3301,3278,-1,3278,3301,3302,-1,3278,3302,3279,-1,3279,3302,3303,-1,3279,3303,3280,-1,3280,3303,3304,-1,3280,3304,3281,-1,3281,3304,3305,-1,3281,3305,3282,-1,3282,3305,3306,-1,3282,3306,3283,-1,3283,3306,3307,-1,3283,3307,3284,-1,3284,3307,3308,-1,3284,3308,3285,-1,3285,3308,3309,-1,3285,3309,3286,-1,3286,3309,3310,-1,3286,3310,3287,-1,3287,3310,3311,-1,3287,3311,3288,-1,3288,3311,3312,-1,3288,3312,3289,-1,3289,3312,3313,-1,3289,3313,3290,-1,3290,3313,3314,-1,3290,3314,3291,-1,3291,3314,3315,-1,3291,3315,3292,-1,3292,3315,3316,-1,3292,3316,3293,-1,3293,3316,3317,-1,3293,3317,3294,-1,3294,3317,3318,-1,3294,3318,3295,-1,3295,3318,3319,-1,3295,3319,3296,-1,3296,3319,3320,-1,3296,3320,3297,-1,3297,3320,3321,-1,3297,3321,3298,-1,3298,3321,3322,-1,3298,3322,3299,-1,3299,3322,3323,-1,3299,3323,3276,-1,3276,3323,3300,-1,3300,3024,3301,-1,3301,3024,3025,-1,3301,3025,3302,-1,3302,3025,3026,-1,3302,3026,3303,-1,3303,3026,3027,-1,3303,3027,3304,-1,3304,3027,3028,-1,3304,3028,3305,-1,3305,3028,3029,-1,3305,3029,3306,-1,3306,3029,3030,-1,3306,3030,3307,-1,3307,3030,3031,-1,3307,3031,3308,-1,3308,3031,3032,-1,3308,3032,3309,-1,3309,3032,3033,-1,3309,3033,3310,-1,3310,3033,3034,-1,3310,3034,3311,-1,3311,3034,3035,-1,3311,3035,3312,-1,3312,3035,3012,-1,3312,3012,3313,-1,3313,3012,3013,-1,3313,3013,3314,-1,3314,3013,3014,-1,3314,3014,3315,-1,3315,3014,3015,-1,3315,3015,3316,-1,3316,3015,3016,-1,3316,3016,3317,-1,3317,3016,3017,-1,3317,3017,3318,-1,3318,3017,3018,-1,3318,3018,3319,-1,3319,3018,3019,-1,3319,3019,3320,-1,3320,3019,3020,-1,3320,3020,3321,-1,3321,3020,3021,-1,3321,3021,3322,-1,3322,3021,3022,-1,3322,3022,3323,-1,3323,3022,3023,-1,3323,3023,3300,-1,3300,3023,3024,-1,2811,3062,2806,-1,2806,3062,3064,-1,2806,3064,2807,-1,2807,3064,3066,-1,2807,3066,2808,-1,2808,3066,3068,-1,2808,3068,2803,-1,2803,3068,3070,-1,2803,3070,2804,-1,2804,3070,3072,-1,2804,3072,2805,-1,2805,3072,3074,-1,2805,3074,2800,-1,2800,3074,3076,-1,2800,3076,2801,-1,2801,3076,3078,-1,2801,3078,2802,-1,2802,3078,3080,-1,2802,3080,2795,-1,2795,3080,3082,-1,2795,3082,2796,-1,2796,3082,3036,-1,2796,3036,2798,-1,2798,3036,3038,-1,2798,3038,2799,-1,2799,3038,3040,-1,2799,3040,2818,-1,2818,3040,3042,-1,2818,3042,2819,-1,2819,3042,3044,-1,2819,3044,2815,-1,2815,3044,3046,-1,2815,3046,2816,-1,2816,3046,3048,-1,2816,3048,2817,-1,2817,3048,3050,-1,2817,3050,2812,-1,2812,3050,3052,-1,2812,3052,2813,-1,2813,3052,3054,-1,2813,3054,2814,-1,2814,3054,3056,-1,2814,3056,2809,-1,2809,3056,3058,-1,2809,3058,2810,-1,2810,3058,3060,-1,2810,3060,2811,-1,2811,3060,3062,-1,3324,3325,3326,-1,3326,3325,3327,-1,3326,3327,3328,-1,3329,3330,3326,-1,3326,3330,3331,-1,3326,3331,3324,-1,3332,3333,3326,-1,3326,3333,3334,-1,3326,3334,3329,-1,3335,3336,3326,-1,3326,3336,3337,-1,3326,3337,3332,-1,3338,3339,3326,-1,3326,3339,3340,-1,3326,3340,3335,-1,3341,3342,3326,-1,3326,3342,3343,-1,3326,3343,3338,-1,3344,3345,3326,-1,3326,3345,3346,-1,3326,3346,3341,-1,3328,3347,3326,-1,3326,3347,3348,-1,3326,3348,3344,-1,3349,3350,3351,-1,3351,3350,3352,-1,3351,3352,3353,-1,3354,3355,3351,-1,3351,3355,3356,-1,3351,3356,3349,-1,3357,3358,3351,-1,3351,3358,3359,-1,3351,3359,3354,-1,3360,3361,3351,-1,3351,3361,3362,-1,3351,3362,3357,-1,3363,3364,3351,-1,3351,3364,3365,-1,3351,3365,3360,-1,3366,3367,3351,-1,3351,3367,3368,-1,3351,3368,3363,-1,3369,3370,3351,-1,3351,3370,3371,-1,3351,3371,3366,-1,3353,3372,3351,-1,3351,3372,3373,-1,3351,3373,3369,-1,3374,3345,3375,-1,3375,3345,3344,-1,3375,3344,3376,-1,3376,3344,3348,-1,3376,3348,3377,-1,3377,3348,3347,-1,3377,3347,3378,-1,3378,3347,3328,-1,3378,3328,3379,-1,3379,3328,3327,-1,3379,3327,3380,-1,3380,3327,3325,-1,3380,3325,3381,-1,3381,3325,3324,-1,3381,3324,3382,-1,3382,3324,3331,-1,3382,3331,3383,-1,3383,3331,3330,-1,3383,3330,3384,-1,3384,3330,3329,-1,3384,3329,3385,-1,3385,3329,3334,-1,3385,3334,3386,-1,3386,3334,3333,-1,3386,3333,3387,-1,3387,3333,3332,-1,3387,3332,3388,-1,3388,3332,3337,-1,3388,3337,3389,-1,3389,3337,3336,-1,3389,3336,3390,-1,3390,3336,3335,-1,3390,3335,3391,-1,3391,3335,3340,-1,3391,3340,3392,-1,3392,3340,3339,-1,3392,3339,3393,-1,3393,3339,3338,-1,3393,3338,3394,-1,3394,3338,3343,-1,3394,3343,3395,-1,3395,3343,3342,-1,3395,3342,3396,-1,3396,3342,3341,-1,3396,3341,3397,-1,3397,3341,3346,-1,3397,3346,3374,-1,3374,3346,3345,-1,3398,3399,3400,-1,3400,3399,3401,-1,3400,3401,3402,-1,3402,3401,3403,-1,3402,3403,3404,-1,3404,3403,3405,-1,3404,3405,3406,-1,3406,3405,3407,-1,3406,3407,3408,-1,3408,3407,3409,-1,3408,3409,3410,-1,3410,3409,3411,-1,3410,3411,3412,-1,3412,3411,3413,-1,3412,3413,3414,-1,3414,3413,3415,-1,3414,3415,3416,-1,3416,3415,3417,-1,3416,3417,3418,-1,3418,3417,3419,-1,3418,3419,3420,-1,3420,3419,3421,-1,3420,3421,3422,-1,3422,3421,3423,-1,3422,3423,3424,-1,3424,3423,3425,-1,3424,3425,3426,-1,3426,3425,3427,-1,3426,3427,3428,-1,3428,3427,3429,-1,3428,3429,3430,-1,3430,3429,3431,-1,3430,3431,3432,-1,3432,3431,3433,-1,3432,3433,3434,-1,3434,3433,3435,-1,3434,3435,3436,-1,3436,3435,3437,-1,3436,3437,3438,-1,3438,3437,3439,-1,3438,3439,3440,-1,3440,3439,3441,-1,3440,3441,3442,-1,3442,3441,3443,-1,3442,3443,3444,-1,3444,3443,3445,-1,3444,3445,3398,-1,3398,3445,3399,-1,3399,3446,3401,-1,3401,3446,3447,-1,3401,3447,3403,-1,3403,3447,3448,-1,3403,3448,3405,-1,3405,3448,3449,-1,3405,3449,3407,-1,3407,3449,3450,-1,3407,3450,3409,-1,3409,3450,3451,-1,3409,3451,3411,-1,3411,3451,3452,-1,3411,3452,3413,-1,3413,3452,3453,-1,3413,3453,3415,-1,3415,3453,3454,-1,3415,3454,3417,-1,3417,3454,3455,-1,3417,3455,3419,-1,3419,3455,3456,-1,3419,3456,3421,-1,3421,3456,3457,-1,3421,3457,3423,-1,3423,3457,3458,-1,3423,3458,3425,-1,3425,3458,3459,-1,3425,3459,3427,-1,3427,3459,3460,-1,3427,3460,3429,-1,3429,3460,3461,-1,3429,3461,3431,-1,3431,3461,3462,-1,3431,3462,3433,-1,3433,3462,3463,-1,3433,3463,3435,-1,3435,3463,3464,-1,3435,3464,3437,-1,3437,3464,3465,-1,3437,3465,3439,-1,3439,3465,3466,-1,3439,3466,3441,-1,3441,3466,3467,-1,3441,3467,3443,-1,3443,3467,3468,-1,3443,3468,3445,-1,3445,3468,3469,-1,3445,3469,3399,-1,3399,3469,3446,-1,3446,3470,3447,-1,3447,3470,3471,-1,3447,3471,3448,-1,3448,3471,3472,-1,3448,3472,3449,-1,3449,3472,3473,-1,3449,3473,3450,-1,3450,3473,3474,-1,3450,3474,3451,-1,3451,3474,3475,-1,3451,3475,3452,-1,3452,3475,3476,-1,3452,3476,3453,-1,3453,3476,3477,-1,3453,3477,3454,-1,3454,3477,3478,-1,3454,3478,3455,-1,3455,3478,3479,-1,3455,3479,3456,-1,3456,3479,3480,-1,3456,3480,3457,-1,3457,3480,3481,-1,3457,3481,3458,-1,3458,3481,3482,-1,3458,3482,3459,-1,3459,3482,3483,-1,3459,3483,3460,-1,3460,3483,3484,-1,3460,3484,3461,-1,3461,3484,3485,-1,3461,3485,3462,-1,3462,3485,3486,-1,3462,3486,3463,-1,3463,3486,3487,-1,3463,3487,3464,-1,3464,3487,3488,-1,3464,3488,3465,-1,3465,3488,3489,-1,3465,3489,3466,-1,3466,3489,3490,-1,3466,3490,3467,-1,3467,3490,3491,-1,3467,3491,3468,-1,3468,3491,3492,-1,3468,3492,3469,-1,3469,3492,3493,-1,3469,3493,3446,-1,3446,3493,3470,-1,3470,3494,3471,-1,3471,3494,3495,-1,3471,3495,3472,-1,3472,3495,3496,-1,3472,3496,3473,-1,3473,3496,3497,-1,3473,3497,3474,-1,3474,3497,3498,-1,3474,3498,3475,-1,3475,3498,3499,-1,3475,3499,3476,-1,3476,3499,3500,-1,3476,3500,3477,-1,3477,3500,3501,-1,3477,3501,3478,-1,3478,3501,3502,-1,3478,3502,3479,-1,3479,3502,3503,-1,3479,3503,3480,-1,3480,3503,3504,-1,3480,3504,3481,-1,3481,3504,3505,-1,3481,3505,3482,-1,3482,3505,3506,-1,3482,3506,3483,-1,3483,3506,3507,-1,3483,3507,3484,-1,3484,3507,3508,-1,3484,3508,3485,-1,3485,3508,3509,-1,3485,3509,3486,-1,3486,3509,3510,-1,3486,3510,3487,-1,3487,3510,3511,-1,3487,3511,3488,-1,3488,3511,3512,-1,3488,3512,3489,-1,3489,3512,3513,-1,3489,3513,3490,-1,3490,3513,3514,-1,3490,3514,3491,-1,3491,3514,3515,-1,3491,3515,3492,-1,3492,3515,3516,-1,3492,3516,3493,-1,3493,3516,3517,-1,3493,3517,3470,-1,3470,3517,3494,-1,3494,3518,3495,-1,3495,3518,3519,-1,3495,3519,3496,-1,3496,3519,3520,-1,3496,3520,3497,-1,3497,3520,3521,-1,3497,3521,3498,-1,3498,3521,3522,-1,3498,3522,3499,-1,3499,3522,3523,-1,3499,3523,3500,-1,3500,3523,3524,-1,3500,3524,3501,-1,3501,3524,3525,-1,3501,3525,3502,-1,3502,3525,3526,-1,3502,3526,3503,-1,3503,3526,3527,-1,3503,3527,3504,-1,3504,3527,3528,-1,3504,3528,3505,-1,3505,3528,3529,-1,3505,3529,3506,-1,3506,3529,3530,-1,3506,3530,3507,-1,3507,3530,3531,-1,3507,3531,3508,-1,3508,3531,3532,-1,3508,3532,3509,-1,3509,3532,3533,-1,3509,3533,3510,-1,3510,3533,3534,-1,3510,3534,3511,-1,3511,3534,3535,-1,3511,3535,3512,-1,3512,3535,3536,-1,3512,3536,3513,-1,3513,3536,3537,-1,3513,3537,3514,-1,3514,3537,3538,-1,3514,3538,3515,-1,3515,3538,3539,-1,3515,3539,3516,-1,3516,3539,3540,-1,3516,3540,3517,-1,3517,3540,3541,-1,3517,3541,3494,-1,3494,3541,3518,-1,3518,3542,3519,-1,3519,3542,3543,-1,3519,3543,3520,-1,3520,3543,3544,-1,3520,3544,3521,-1,3521,3544,3545,-1,3521,3545,3522,-1,3522,3545,3546,-1,3522,3546,3523,-1,3523,3546,3547,-1,3523,3547,3524,-1,3524,3547,3548,-1,3524,3548,3525,-1,3525,3548,3549,-1,3525,3549,3526,-1,3526,3549,3550,-1,3526,3550,3527,-1,3527,3550,3551,-1,3527,3551,3528,-1,3528,3551,3552,-1,3528,3552,3529,-1,3529,3552,3553,-1,3529,3553,3530,-1,3530,3553,3554,-1,3530,3554,3531,-1,3531,3554,3555,-1,3531,3555,3532,-1,3532,3555,3556,-1,3532,3556,3533,-1,3533,3556,3557,-1,3533,3557,3534,-1,3534,3557,3558,-1,3534,3558,3535,-1,3535,3558,3559,-1,3535,3559,3536,-1,3536,3559,3560,-1,3536,3560,3537,-1,3537,3560,3561,-1,3537,3561,3538,-1,3538,3561,3562,-1,3538,3562,3539,-1,3539,3562,3563,-1,3539,3563,3540,-1,3540,3563,3564,-1,3540,3564,3541,-1,3541,3564,3565,-1,3541,3565,3518,-1,3518,3565,3542,-1,3542,3392,3543,-1,3543,3392,3393,-1,3543,3393,3544,-1,3544,3393,3394,-1,3544,3394,3545,-1,3545,3394,3395,-1,3545,3395,3546,-1,3546,3395,3396,-1,3546,3396,3547,-1,3547,3396,3397,-1,3547,3397,3548,-1,3548,3397,3374,-1,3548,3374,3549,-1,3549,3374,3375,-1,3549,3375,3550,-1,3550,3375,3376,-1,3550,3376,3551,-1,3551,3376,3377,-1,3551,3377,3552,-1,3552,3377,3378,-1,3552,3378,3553,-1,3553,3378,3379,-1,3553,3379,3554,-1,3554,3379,3380,-1,3554,3380,3555,-1,3555,3380,3381,-1,3555,3381,3556,-1,3556,3381,3382,-1,3556,3382,3557,-1,3557,3382,3383,-1,3557,3383,3558,-1,3558,3383,3384,-1,3558,3384,3559,-1,3559,3384,3385,-1,3559,3385,3560,-1,3560,3385,3386,-1,3560,3386,3561,-1,3561,3386,3387,-1,3561,3387,3562,-1,3562,3387,3388,-1,3562,3388,3563,-1,3563,3388,3389,-1,3563,3389,3564,-1,3564,3389,3390,-1,3564,3390,3565,-1,3565,3390,3391,-1,3565,3391,3542,-1,3542,3391,3392,-1,3566,3400,3567,-1,3567,3400,3402,-1,3567,3402,3568,-1,3568,3402,3404,-1,3568,3404,3569,-1,3569,3404,3406,-1,3569,3406,3570,-1,3570,3406,3408,-1,3570,3408,3571,-1,3571,3408,3410,-1,3571,3410,3572,-1,3572,3410,3412,-1,3572,3412,3573,-1,3573,3412,3414,-1,3573,3414,3574,-1,3574,3414,3416,-1,3574,3416,3575,-1,3575,3416,3418,-1,3575,3418,3576,-1,3576,3418,3420,-1,3576,3420,3577,-1,3577,3420,3422,-1,3577,3422,3578,-1,3578,3422,3424,-1,3578,3424,3579,-1,3579,3424,3426,-1,3579,3426,3580,-1,3580,3426,3428,-1,3580,3428,3581,-1,3581,3428,3430,-1,3581,3430,3582,-1,3582,3430,3432,-1,3582,3432,3583,-1,3583,3432,3434,-1,3583,3434,3584,-1,3584,3434,3436,-1,3584,3436,3585,-1,3585,3436,3438,-1,3585,3438,3586,-1,3586,3438,3440,-1,3586,3440,3587,-1,3587,3440,3442,-1,3587,3442,3588,-1,3588,3442,3444,-1,3588,3444,3589,-1,3589,3444,3398,-1,3589,3398,3566,-1,3566,3398,3400,-1,3590,3591,3592,-1,3592,3591,3593,-1,3592,3593,3594,-1,3594,3593,3595,-1,3594,3595,3596,-1,3596,3595,3597,-1,3596,3597,3598,-1,3598,3597,3599,-1,3598,3599,3600,-1,3600,3599,3601,-1,3600,3601,3602,-1,3602,3601,3603,-1,3602,3603,3604,-1,3604,3603,3605,-1,3604,3605,3606,-1,3606,3605,3607,-1,3606,3607,3608,-1,3608,3607,3609,-1,3608,3609,3610,-1,3610,3609,3611,-1,3610,3611,3612,-1,3612,3611,3613,-1,3612,3613,3614,-1,3614,3613,3615,-1,3614,3615,3616,-1,3616,3615,3617,-1,3616,3617,3618,-1,3618,3617,3619,-1,3618,3619,3620,-1,3620,3619,3621,-1,3620,3621,3622,-1,3622,3621,3623,-1,3622,3623,3624,-1,3624,3623,3625,-1,3624,3625,3626,-1,3626,3625,3627,-1,3626,3627,3628,-1,3628,3627,3629,-1,3628,3629,3630,-1,3630,3629,3631,-1,3630,3631,3632,-1,3632,3631,3633,-1,3632,3633,3634,-1,3634,3633,3635,-1,3634,3635,3636,-1,3636,3635,3637,-1,3636,3637,3590,-1,3590,3637,3591,-1,3591,3638,3593,-1,3593,3638,3639,-1,3593,3639,3595,-1,3595,3639,3640,-1,3595,3640,3597,-1,3597,3640,3641,-1,3597,3641,3599,-1,3599,3641,3642,-1,3599,3642,3601,-1,3601,3642,3643,-1,3601,3643,3603,-1,3603,3643,3644,-1,3603,3644,3605,-1,3605,3644,3645,-1,3605,3645,3607,-1,3607,3645,3646,-1,3607,3646,3609,-1,3609,3646,3647,-1,3609,3647,3611,-1,3611,3647,3648,-1,3611,3648,3613,-1,3613,3648,3649,-1,3613,3649,3615,-1,3615,3649,3650,-1,3615,3650,3617,-1,3617,3650,3651,-1,3617,3651,3619,-1,3619,3651,3652,-1,3619,3652,3621,-1,3621,3652,3653,-1,3621,3653,3623,-1,3623,3653,3654,-1,3623,3654,3625,-1,3625,3654,3655,-1,3625,3655,3627,-1,3627,3655,3656,-1,3627,3656,3629,-1,3629,3656,3657,-1,3629,3657,3631,-1,3631,3657,3658,-1,3631,3658,3633,-1,3633,3658,3659,-1,3633,3659,3635,-1,3635,3659,3660,-1,3635,3660,3637,-1,3637,3660,3661,-1,3637,3661,3591,-1,3591,3661,3638,-1,3638,3662,3639,-1,3639,3662,3663,-1,3639,3663,3640,-1,3640,3663,3664,-1,3640,3664,3641,-1,3641,3664,3665,-1,3641,3665,3642,-1,3642,3665,3666,-1,3642,3666,3643,-1,3643,3666,3667,-1,3643,3667,3644,-1,3644,3667,3668,-1,3644,3668,3645,-1,3645,3668,3669,-1,3645,3669,3646,-1,3646,3669,3670,-1,3646,3670,3647,-1,3647,3670,3671,-1,3647,3671,3648,-1,3648,3671,3672,-1,3648,3672,3649,-1,3649,3672,3673,-1,3649,3673,3650,-1,3650,3673,3674,-1,3650,3674,3651,-1,3651,3674,3675,-1,3651,3675,3652,-1,3652,3675,3676,-1,3652,3676,3653,-1,3653,3676,3677,-1,3653,3677,3654,-1,3654,3677,3678,-1,3654,3678,3655,-1,3655,3678,3679,-1,3655,3679,3656,-1,3656,3679,3680,-1,3656,3680,3657,-1,3657,3680,3681,-1,3657,3681,3658,-1,3658,3681,3682,-1,3658,3682,3659,-1,3659,3682,3683,-1,3659,3683,3660,-1,3660,3683,3684,-1,3660,3684,3661,-1,3661,3684,3685,-1,3661,3685,3638,-1,3638,3685,3662,-1,3662,3686,3663,-1,3663,3686,3687,-1,3663,3687,3664,-1,3664,3687,3688,-1,3664,3688,3665,-1,3665,3688,3689,-1,3665,3689,3666,-1,3666,3689,3690,-1,3666,3690,3667,-1,3667,3690,3691,-1,3667,3691,3668,-1,3668,3691,3692,-1,3668,3692,3669,-1,3669,3692,3693,-1,3669,3693,3670,-1,3670,3693,3694,-1,3670,3694,3671,-1,3671,3694,3695,-1,3671,3695,3672,-1,3672,3695,3696,-1,3672,3696,3673,-1,3673,3696,3697,-1,3673,3697,3674,-1,3674,3697,3698,-1,3674,3698,3675,-1,3675,3698,3699,-1,3675,3699,3676,-1,3676,3699,3700,-1,3676,3700,3677,-1,3677,3700,3701,-1,3677,3701,3678,-1,3678,3701,3702,-1,3678,3702,3679,-1,3679,3702,3703,-1,3679,3703,3680,-1,3680,3703,3704,-1,3680,3704,3681,-1,3681,3704,3705,-1,3681,3705,3682,-1,3682,3705,3706,-1,3682,3706,3683,-1,3683,3706,3707,-1,3683,3707,3684,-1,3684,3707,3708,-1,3684,3708,3685,-1,3685,3708,3709,-1,3685,3709,3662,-1,3662,3709,3686,-1,3686,3710,3687,-1,3687,3710,3711,-1,3687,3711,3688,-1,3688,3711,3712,-1,3688,3712,3689,-1,3689,3712,3713,-1,3689,3713,3690,-1,3690,3713,3714,-1,3690,3714,3691,-1,3691,3714,3715,-1,3691,3715,3692,-1,3692,3715,3716,-1,3692,3716,3693,-1,3693,3716,3717,-1,3693,3717,3694,-1,3694,3717,3718,-1,3694,3718,3695,-1,3695,3718,3719,-1,3695,3719,3696,-1,3696,3719,3720,-1,3696,3720,3697,-1,3697,3720,3721,-1,3697,3721,3698,-1,3698,3721,3722,-1,3698,3722,3699,-1,3699,3722,3723,-1,3699,3723,3700,-1,3700,3723,3724,-1,3700,3724,3701,-1,3701,3724,3725,-1,3701,3725,3702,-1,3702,3725,3726,-1,3702,3726,3703,-1,3703,3726,3727,-1,3703,3727,3704,-1,3704,3727,3728,-1,3704,3728,3705,-1,3705,3728,3729,-1,3705,3729,3706,-1,3706,3729,3730,-1,3706,3730,3707,-1,3707,3730,3731,-1,3707,3731,3708,-1,3708,3731,3732,-1,3708,3732,3709,-1,3709,3732,3733,-1,3709,3733,3686,-1,3686,3733,3710,-1,3710,3734,3711,-1,3711,3734,3735,-1,3711,3735,3712,-1,3712,3735,3736,-1,3712,3736,3713,-1,3713,3736,3737,-1,3713,3737,3714,-1,3714,3737,3738,-1,3714,3738,3715,-1,3715,3738,3739,-1,3715,3739,3716,-1,3716,3739,3740,-1,3716,3740,3717,-1,3717,3740,3741,-1,3717,3741,3718,-1,3718,3741,3742,-1,3718,3742,3719,-1,3719,3742,3743,-1,3719,3743,3720,-1,3720,3743,3744,-1,3720,3744,3721,-1,3721,3744,3745,-1,3721,3745,3722,-1,3722,3745,3746,-1,3722,3746,3723,-1,3723,3746,3747,-1,3723,3747,3724,-1,3724,3747,3748,-1,3724,3748,3725,-1,3725,3748,3749,-1,3725,3749,3726,-1,3726,3749,3750,-1,3726,3750,3727,-1,3727,3750,3751,-1,3727,3751,3728,-1,3728,3751,3752,-1,3728,3752,3729,-1,3729,3752,3753,-1,3729,3753,3730,-1,3730,3753,3754,-1,3730,3754,3731,-1,3731,3754,3755,-1,3731,3755,3732,-1,3732,3755,3756,-1,3732,3756,3733,-1,3733,3756,3757,-1,3733,3757,3710,-1,3710,3757,3734,-1,3734,3758,3735,-1,3735,3758,3759,-1,3735,3759,3736,-1,3736,3759,3760,-1,3736,3760,3737,-1,3737,3760,3761,-1,3737,3761,3738,-1,3738,3761,3762,-1,3738,3762,3739,-1,3739,3762,3763,-1,3739,3763,3740,-1,3740,3763,3764,-1,3740,3764,3741,-1,3741,3764,3765,-1,3741,3765,3742,-1,3742,3765,3766,-1,3742,3766,3743,-1,3743,3766,3767,-1,3743,3767,3744,-1,3744,3767,3768,-1,3744,3768,3745,-1,3745,3768,3769,-1,3745,3769,3746,-1,3746,3769,3770,-1,3746,3770,3747,-1,3747,3770,3771,-1,3747,3771,3748,-1,3748,3771,3772,-1,3748,3772,3749,-1,3749,3772,3773,-1,3749,3773,3750,-1,3750,3773,3774,-1,3750,3774,3751,-1,3751,3774,3775,-1,3751,3775,3752,-1,3752,3775,3776,-1,3752,3776,3753,-1,3753,3776,3777,-1,3753,3777,3754,-1,3754,3777,3778,-1,3754,3778,3755,-1,3755,3778,3779,-1,3755,3779,3756,-1,3756,3779,3780,-1,3756,3780,3757,-1,3757,3780,3781,-1,3757,3781,3734,-1,3734,3781,3758,-1,3758,3782,3759,-1,3759,3782,3783,-1,3759,3783,3760,-1,3760,3783,3784,-1,3760,3784,3761,-1,3761,3784,3785,-1,3761,3785,3762,-1,3762,3785,3786,-1,3762,3786,3763,-1,3763,3786,3787,-1,3763,3787,3764,-1,3764,3787,3788,-1,3764,3788,3765,-1,3765,3788,3789,-1,3765,3789,3766,-1,3766,3789,3790,-1,3766,3790,3767,-1,3767,3790,3791,-1,3767,3791,3768,-1,3768,3791,3792,-1,3768,3792,3769,-1,3769,3792,3793,-1,3769,3793,3770,-1,3770,3793,3794,-1,3770,3794,3771,-1,3771,3794,3795,-1,3771,3795,3772,-1,3772,3795,3796,-1,3772,3796,3773,-1,3773,3796,3797,-1,3773,3797,3774,-1,3774,3797,3798,-1,3774,3798,3775,-1,3775,3798,3799,-1,3775,3799,3776,-1,3776,3799,3800,-1,3776,3800,3777,-1,3777,3800,3801,-1,3777,3801,3778,-1,3778,3801,3802,-1,3778,3802,3779,-1,3779,3802,3803,-1,3779,3803,3780,-1,3780,3803,3804,-1,3780,3804,3781,-1,3781,3804,3805,-1,3781,3805,3758,-1,3758,3805,3782,-1,3782,3806,3783,-1,3783,3806,3807,-1,3783,3807,3784,-1,3784,3807,3808,-1,3784,3808,3785,-1,3785,3808,3809,-1,3785,3809,3786,-1,3786,3809,3810,-1,3786,3810,3787,-1,3787,3810,3811,-1,3787,3811,3788,-1,3788,3811,3812,-1,3788,3812,3789,-1,3789,3812,3813,-1,3789,3813,3790,-1,3790,3813,3814,-1,3790,3814,3791,-1,3791,3814,3815,-1,3791,3815,3792,-1,3792,3815,3816,-1,3792,3816,3793,-1,3793,3816,3817,-1,3793,3817,3794,-1,3794,3817,3818,-1,3794,3818,3795,-1,3795,3818,3819,-1,3795,3819,3796,-1,3796,3819,3820,-1,3796,3820,3797,-1,3797,3820,3821,-1,3797,3821,3798,-1,3798,3821,3822,-1,3798,3822,3799,-1,3799,3822,3823,-1,3799,3823,3800,-1,3800,3823,3824,-1,3800,3824,3801,-1,3801,3824,3825,-1,3801,3825,3802,-1,3802,3825,3826,-1,3802,3826,3803,-1,3803,3826,3827,-1,3803,3827,3804,-1,3804,3827,3828,-1,3804,3828,3805,-1,3805,3828,3829,-1,3805,3829,3782,-1,3782,3829,3806,-1,3806,3830,3807,-1,3807,3830,3831,-1,3807,3831,3808,-1,3808,3831,3832,-1,3808,3832,3809,-1,3809,3832,3833,-1,3809,3833,3810,-1,3810,3833,3834,-1,3810,3834,3811,-1,3811,3834,3835,-1,3811,3835,3812,-1,3812,3835,3836,-1,3812,3836,3813,-1,3813,3836,3837,-1,3813,3837,3814,-1,3814,3837,3838,-1,3814,3838,3815,-1,3815,3838,3839,-1,3815,3839,3816,-1,3816,3839,3840,-1,3816,3840,3817,-1,3817,3840,3841,-1,3817,3841,3818,-1,3818,3841,3842,-1,3818,3842,3819,-1,3819,3842,3843,-1,3819,3843,3820,-1,3820,3843,3844,-1,3820,3844,3821,-1,3821,3844,3845,-1,3821,3845,3822,-1,3822,3845,3846,-1,3822,3846,3823,-1,3823,3846,3847,-1,3823,3847,3824,-1,3824,3847,3848,-1,3824,3848,3825,-1,3825,3848,3849,-1,3825,3849,3826,-1,3826,3849,3850,-1,3826,3850,3827,-1,3827,3850,3851,-1,3827,3851,3828,-1,3828,3851,3852,-1,3828,3852,3829,-1,3829,3852,3853,-1,3829,3853,3806,-1,3806,3853,3830,-1,3830,3854,3831,-1,3831,3854,3855,-1,3831,3855,3832,-1,3832,3855,3856,-1,3832,3856,3833,-1,3833,3856,3857,-1,3833,3857,3834,-1,3834,3857,3858,-1,3834,3858,3835,-1,3835,3858,3859,-1,3835,3859,3836,-1,3836,3859,3860,-1,3836,3860,3837,-1,3837,3860,3861,-1,3837,3861,3838,-1,3838,3861,3862,-1,3838,3862,3839,-1,3839,3862,3863,-1,3839,3863,3840,-1,3840,3863,3864,-1,3840,3864,3841,-1,3841,3864,3865,-1,3841,3865,3842,-1,3842,3865,3866,-1,3842,3866,3843,-1,3843,3866,3867,-1,3843,3867,3844,-1,3844,3867,3868,-1,3844,3868,3845,-1,3845,3868,3869,-1,3845,3869,3846,-1,3846,3869,3870,-1,3846,3870,3847,-1,3847,3870,3871,-1,3847,3871,3848,-1,3848,3871,3872,-1,3848,3872,3849,-1,3849,3872,3873,-1,3849,3873,3850,-1,3850,3873,3874,-1,3850,3874,3851,-1,3851,3874,3875,-1,3851,3875,3852,-1,3852,3875,3876,-1,3852,3876,3853,-1,3853,3876,3877,-1,3853,3877,3830,-1,3830,3877,3854,-1,3854,3578,3855,-1,3855,3578,3579,-1,3855,3579,3856,-1,3856,3579,3580,-1,3856,3580,3857,-1,3857,3580,3581,-1,3857,3581,3858,-1,3858,3581,3582,-1,3858,3582,3859,-1,3859,3582,3583,-1,3859,3583,3860,-1,3860,3583,3584,-1,3860,3584,3861,-1,3861,3584,3585,-1,3861,3585,3862,-1,3862,3585,3586,-1,3862,3586,3863,-1,3863,3586,3587,-1,3863,3587,3864,-1,3864,3587,3588,-1,3864,3588,3865,-1,3865,3588,3589,-1,3865,3589,3866,-1,3866,3589,3566,-1,3866,3566,3867,-1,3867,3566,3567,-1,3867,3567,3868,-1,3868,3567,3568,-1,3868,3568,3869,-1,3869,3568,3569,-1,3869,3569,3870,-1,3870,3569,3570,-1,3870,3570,3871,-1,3871,3570,3571,-1,3871,3571,3872,-1,3872,3571,3572,-1,3872,3572,3873,-1,3873,3572,3573,-1,3873,3573,3874,-1,3874,3573,3574,-1,3874,3574,3875,-1,3875,3574,3575,-1,3875,3575,3876,-1,3876,3575,3576,-1,3876,3576,3877,-1,3877,3576,3577,-1,3877,3577,3854,-1,3854,3577,3578,-1,3365,3616,3360,-1,3360,3616,3618,-1,3360,3618,3361,-1,3361,3618,3620,-1,3361,3620,3362,-1,3362,3620,3622,-1,3362,3622,3357,-1,3357,3622,3624,-1,3357,3624,3358,-1,3358,3624,3626,-1,3358,3626,3359,-1,3359,3626,3628,-1,3359,3628,3354,-1,3354,3628,3630,-1,3354,3630,3355,-1,3355,3630,3632,-1,3355,3632,3356,-1,3356,3632,3634,-1,3356,3634,3349,-1,3349,3634,3636,-1,3349,3636,3350,-1,3350,3636,3590,-1,3350,3590,3352,-1,3352,3590,3592,-1,3352,3592,3353,-1,3353,3592,3594,-1,3353,3594,3372,-1,3372,3594,3596,-1,3372,3596,3373,-1,3373,3596,3598,-1,3373,3598,3369,-1,3369,3598,3600,-1,3369,3600,3370,-1,3370,3600,3602,-1,3370,3602,3371,-1,3371,3602,3604,-1,3371,3604,3366,-1,3366,3604,3606,-1,3366,3606,3367,-1,3367,3606,3608,-1,3367,3608,3368,-1,3368,3608,3610,-1,3368,3610,3363,-1,3363,3610,3612,-1,3363,3612,3364,-1,3364,3612,3614,-1,3364,3614,3365,-1,3365,3614,3616,-1,3878,3879,3880,-1,3880,3879,3881,-1,3880,3881,3882,-1,3883,3884,3880,-1,3880,3884,3885,-1,3880,3885,3878,-1,3886,3887,3880,-1,3880,3887,3888,-1,3880,3888,3883,-1,3889,3890,3880,-1,3880,3890,3891,-1,3880,3891,3886,-1,3892,3893,3880,-1,3880,3893,3894,-1,3880,3894,3889,-1,3895,3896,3880,-1,3880,3896,3897,-1,3880,3897,3892,-1,3898,3899,3880,-1,3880,3899,3900,-1,3880,3900,3895,-1,3882,3901,3880,-1,3880,3901,3902,-1,3880,3902,3898,-1,3903,3904,3905,-1,3905,3904,3906,-1,3905,3906,3907,-1,3908,3909,3905,-1,3905,3909,3910,-1,3905,3910,3903,-1,3911,3912,3905,-1,3905,3912,3913,-1,3905,3913,3908,-1,3914,3915,3905,-1,3905,3915,3916,-1,3905,3916,3911,-1,3917,3918,3905,-1,3905,3918,3919,-1,3905,3919,3914,-1,3920,3921,3905,-1,3905,3921,3922,-1,3905,3922,3917,-1,3923,3924,3905,-1,3905,3924,3925,-1,3905,3925,3920,-1,3907,3926,3905,-1,3905,3926,3927,-1,3905,3927,3923,-1,3928,3899,3929,-1,3929,3899,3898,-1,3929,3898,3930,-1,3930,3898,3902,-1,3930,3902,3931,-1,3931,3902,3901,-1,3931,3901,3932,-1,3932,3901,3882,-1,3932,3882,3933,-1,3933,3882,3881,-1,3933,3881,3934,-1,3934,3881,3879,-1,3934,3879,3935,-1,3935,3879,3878,-1,3935,3878,3936,-1,3936,3878,3885,-1,3936,3885,3937,-1,3937,3885,3884,-1,3937,3884,3938,-1,3938,3884,3883,-1,3938,3883,3939,-1,3939,3883,3888,-1,3939,3888,3940,-1,3940,3888,3887,-1,3940,3887,3941,-1,3941,3887,3886,-1,3941,3886,3942,-1,3942,3886,3891,-1,3942,3891,3943,-1,3943,3891,3890,-1,3943,3890,3944,-1,3944,3890,3889,-1,3944,3889,3945,-1,3945,3889,3894,-1,3945,3894,3946,-1,3946,3894,3893,-1,3946,3893,3947,-1,3947,3893,3892,-1,3947,3892,3948,-1,3948,3892,3897,-1,3948,3897,3949,-1,3949,3897,3896,-1,3949,3896,3950,-1,3950,3896,3895,-1,3950,3895,3951,-1,3951,3895,3900,-1,3951,3900,3928,-1,3928,3900,3899,-1,3952,3953,3954,-1,3954,3953,3955,-1,3954,3955,3956,-1,3956,3955,3957,-1,3956,3957,3958,-1,3958,3957,3959,-1,3958,3959,3960,-1,3960,3959,3961,-1,3960,3961,3962,-1,3962,3961,3963,-1,3962,3963,3964,-1,3964,3963,3965,-1,3964,3965,3966,-1,3966,3965,3967,-1,3966,3967,3968,-1,3968,3967,3969,-1,3968,3969,3970,-1,3970,3969,3971,-1,3970,3971,3972,-1,3972,3971,3973,-1,3972,3973,3974,-1,3974,3973,3975,-1,3974,3975,3976,-1,3976,3975,3977,-1,3976,3977,3978,-1,3978,3977,3979,-1,3978,3979,3980,-1,3980,3979,3981,-1,3980,3981,3982,-1,3982,3981,3983,-1,3982,3983,3984,-1,3984,3983,3985,-1,3984,3985,3986,-1,3986,3985,3987,-1,3986,3987,3988,-1,3988,3987,3989,-1,3988,3989,3990,-1,3990,3989,3991,-1,3990,3991,3992,-1,3992,3991,3993,-1,3992,3993,3994,-1,3994,3993,3995,-1,3994,3995,3996,-1,3996,3995,3997,-1,3996,3997,3998,-1,3998,3997,3999,-1,3998,3999,3952,-1,3952,3999,3953,-1,3953,4000,3955,-1,3955,4000,4001,-1,3955,4001,3957,-1,3957,4001,4002,-1,3957,4002,3959,-1,3959,4002,4003,-1,3959,4003,3961,-1,3961,4003,4004,-1,3961,4004,3963,-1,3963,4004,4005,-1,3963,4005,3965,-1,3965,4005,4006,-1,3965,4006,3967,-1,3967,4006,4007,-1,3967,4007,3969,-1,3969,4007,4008,-1,3969,4008,3971,-1,3971,4008,4009,-1,3971,4009,3973,-1,3973,4009,4010,-1,3973,4010,3975,-1,3975,4010,4011,-1,3975,4011,3977,-1,3977,4011,4012,-1,3977,4012,3979,-1,3979,4012,4013,-1,3979,4013,3981,-1,3981,4013,4014,-1,3981,4014,3983,-1,3983,4014,4015,-1,3983,4015,3985,-1,3985,4015,4016,-1,3985,4016,3987,-1,3987,4016,4017,-1,3987,4017,3989,-1,3989,4017,4018,-1,3989,4018,3991,-1,3991,4018,4019,-1,3991,4019,3993,-1,3993,4019,4020,-1,3993,4020,3995,-1,3995,4020,4021,-1,3995,4021,3997,-1,3997,4021,4022,-1,3997,4022,3999,-1,3999,4022,4023,-1,3999,4023,3953,-1,3953,4023,4000,-1,4000,4024,4001,-1,4001,4024,4025,-1,4001,4025,4002,-1,4002,4025,4026,-1,4002,4026,4003,-1,4003,4026,4027,-1,4003,4027,4004,-1,4004,4027,4028,-1,4004,4028,4005,-1,4005,4028,4029,-1,4005,4029,4006,-1,4006,4029,4030,-1,4006,4030,4007,-1,4007,4030,4031,-1,4007,4031,4008,-1,4008,4031,4032,-1,4008,4032,4009,-1,4009,4032,4033,-1,4009,4033,4010,-1,4010,4033,4034,-1,4010,4034,4011,-1,4011,4034,4035,-1,4011,4035,4012,-1,4012,4035,4036,-1,4012,4036,4013,-1,4013,4036,4037,-1,4013,4037,4014,-1,4014,4037,4038,-1,4014,4038,4015,-1,4015,4038,4039,-1,4015,4039,4016,-1,4016,4039,4040,-1,4016,4040,4017,-1,4017,4040,4041,-1,4017,4041,4018,-1,4018,4041,4042,-1,4018,4042,4019,-1,4019,4042,4043,-1,4019,4043,4020,-1,4020,4043,4044,-1,4020,4044,4021,-1,4021,4044,4045,-1,4021,4045,4022,-1,4022,4045,4046,-1,4022,4046,4023,-1,4023,4046,4047,-1,4023,4047,4000,-1,4000,4047,4024,-1,4024,4048,4025,-1,4025,4048,4049,-1,4025,4049,4026,-1,4026,4049,4050,-1,4026,4050,4027,-1,4027,4050,4051,-1,4027,4051,4028,-1,4028,4051,4052,-1,4028,4052,4029,-1,4029,4052,4053,-1,4029,4053,4030,-1,4030,4053,4054,-1,4030,4054,4031,-1,4031,4054,4055,-1,4031,4055,4032,-1,4032,4055,4056,-1,4032,4056,4033,-1,4033,4056,4057,-1,4033,4057,4034,-1,4034,4057,4058,-1,4034,4058,4035,-1,4035,4058,4059,-1,4035,4059,4036,-1,4036,4059,4060,-1,4036,4060,4037,-1,4037,4060,4061,-1,4037,4061,4038,-1,4038,4061,4062,-1,4038,4062,4039,-1,4039,4062,4063,-1,4039,4063,4040,-1,4040,4063,4064,-1,4040,4064,4041,-1,4041,4064,4065,-1,4041,4065,4042,-1,4042,4065,4066,-1,4042,4066,4043,-1,4043,4066,4067,-1,4043,4067,4044,-1,4044,4067,4068,-1,4044,4068,4045,-1,4045,4068,4069,-1,4045,4069,4046,-1,4046,4069,4070,-1,4046,4070,4047,-1,4047,4070,4071,-1,4047,4071,4024,-1,4024,4071,4048,-1,4048,4072,4049,-1,4049,4072,4073,-1,4049,4073,4050,-1,4050,4073,4074,-1,4050,4074,4051,-1,4051,4074,4075,-1,4051,4075,4052,-1,4052,4075,4076,-1,4052,4076,4053,-1,4053,4076,4077,-1,4053,4077,4054,-1,4054,4077,4078,-1,4054,4078,4055,-1,4055,4078,4079,-1,4055,4079,4056,-1,4056,4079,4080,-1,4056,4080,4057,-1,4057,4080,4081,-1,4057,4081,4058,-1,4058,4081,4082,-1,4058,4082,4059,-1,4059,4082,4083,-1,4059,4083,4060,-1,4060,4083,4084,-1,4060,4084,4061,-1,4061,4084,4085,-1,4061,4085,4062,-1,4062,4085,4086,-1,4062,4086,4063,-1,4063,4086,4087,-1,4063,4087,4064,-1,4064,4087,4088,-1,4064,4088,4065,-1,4065,4088,4089,-1,4065,4089,4066,-1,4066,4089,4090,-1,4066,4090,4067,-1,4067,4090,4091,-1,4067,4091,4068,-1,4068,4091,4092,-1,4068,4092,4069,-1,4069,4092,4093,-1,4069,4093,4070,-1,4070,4093,4094,-1,4070,4094,4071,-1,4071,4094,4095,-1,4071,4095,4048,-1,4048,4095,4072,-1,4072,4096,4073,-1,4073,4096,4097,-1,4073,4097,4074,-1,4074,4097,4098,-1,4074,4098,4075,-1,4075,4098,4099,-1,4075,4099,4076,-1,4076,4099,4100,-1,4076,4100,4077,-1,4077,4100,4101,-1,4077,4101,4078,-1,4078,4101,4102,-1,4078,4102,4079,-1,4079,4102,4103,-1,4079,4103,4080,-1,4080,4103,4104,-1,4080,4104,4081,-1,4081,4104,4105,-1,4081,4105,4082,-1,4082,4105,4106,-1,4082,4106,4083,-1,4083,4106,4107,-1,4083,4107,4084,-1,4084,4107,4108,-1,4084,4108,4085,-1,4085,4108,4109,-1,4085,4109,4086,-1,4086,4109,4110,-1,4086,4110,4087,-1,4087,4110,4111,-1,4087,4111,4088,-1,4088,4111,4112,-1,4088,4112,4089,-1,4089,4112,4113,-1,4089,4113,4090,-1,4090,4113,4114,-1,4090,4114,4091,-1,4091,4114,4115,-1,4091,4115,4092,-1,4092,4115,4116,-1,4092,4116,4093,-1,4093,4116,4117,-1,4093,4117,4094,-1,4094,4117,4118,-1,4094,4118,4095,-1,4095,4118,4119,-1,4095,4119,4072,-1,4072,4119,4096,-1,4096,3946,4097,-1,4097,3946,3947,-1,4097,3947,4098,-1,4098,3947,3948,-1,4098,3948,4099,-1,4099,3948,3949,-1,4099,3949,4100,-1,4100,3949,3950,-1,4100,3950,4101,-1,4101,3950,3951,-1,4101,3951,4102,-1,4102,3951,3928,-1,4102,3928,4103,-1,4103,3928,3929,-1,4103,3929,4104,-1,4104,3929,3930,-1,4104,3930,4105,-1,4105,3930,3931,-1,4105,3931,4106,-1,4106,3931,3932,-1,4106,3932,4107,-1,4107,3932,3933,-1,4107,3933,4108,-1,4108,3933,3934,-1,4108,3934,4109,-1,4109,3934,3935,-1,4109,3935,4110,-1,4110,3935,3936,-1,4110,3936,4111,-1,4111,3936,3937,-1,4111,3937,4112,-1,4112,3937,3938,-1,4112,3938,4113,-1,4113,3938,3939,-1,4113,3939,4114,-1,4114,3939,3940,-1,4114,3940,4115,-1,4115,3940,3941,-1,4115,3941,4116,-1,4116,3941,3942,-1,4116,3942,4117,-1,4117,3942,3943,-1,4117,3943,4118,-1,4118,3943,3944,-1,4118,3944,4119,-1,4119,3944,3945,-1,4119,3945,4096,-1,4096,3945,3946,-1,4120,3954,4121,-1,4121,3954,3956,-1,4121,3956,4122,-1,4122,3956,3958,-1,4122,3958,4123,-1,4123,3958,3960,-1,4123,3960,4124,-1,4124,3960,3962,-1,4124,3962,4125,-1,4125,3962,3964,-1,4125,3964,4126,-1,4126,3964,3966,-1,4126,3966,4127,-1,4127,3966,3968,-1,4127,3968,4128,-1,4128,3968,3970,-1,4128,3970,4129,-1,4129,3970,3972,-1,4129,3972,4130,-1,4130,3972,3974,-1,4130,3974,4131,-1,4131,3974,3976,-1,4131,3976,4132,-1,4132,3976,3978,-1,4132,3978,4133,-1,4133,3978,3980,-1,4133,3980,4134,-1,4134,3980,3982,-1,4134,3982,4135,-1,4135,3982,3984,-1,4135,3984,4136,-1,4136,3984,3986,-1,4136,3986,4137,-1,4137,3986,3988,-1,4137,3988,4138,-1,4138,3988,3990,-1,4138,3990,4139,-1,4139,3990,3992,-1,4139,3992,4140,-1,4140,3992,3994,-1,4140,3994,4141,-1,4141,3994,3996,-1,4141,3996,4142,-1,4142,3996,3998,-1,4142,3998,4143,-1,4143,3998,3952,-1,4143,3952,4120,-1,4120,3952,3954,-1,4144,4145,4146,-1,4146,4145,4147,-1,4146,4147,4148,-1,4148,4147,4149,-1,4148,4149,4150,-1,4150,4149,4151,-1,4150,4151,4152,-1,4152,4151,4153,-1,4152,4153,4154,-1,4154,4153,4155,-1,4154,4155,4156,-1,4156,4155,4157,-1,4156,4157,4158,-1,4158,4157,4159,-1,4158,4159,4160,-1,4160,4159,4161,-1,4160,4161,4162,-1,4162,4161,4163,-1,4162,4163,4164,-1,4164,4163,4165,-1,4164,4165,4166,-1,4166,4165,4167,-1,4166,4167,4168,-1,4168,4167,4169,-1,4168,4169,4170,-1,4170,4169,4171,-1,4170,4171,4172,-1,4172,4171,4173,-1,4172,4173,4174,-1,4174,4173,4175,-1,4174,4175,4176,-1,4176,4175,4177,-1,4176,4177,4178,-1,4178,4177,4179,-1,4178,4179,4180,-1,4180,4179,4181,-1,4180,4181,4182,-1,4182,4181,4183,-1,4182,4183,4184,-1,4184,4183,4185,-1,4184,4185,4186,-1,4186,4185,4187,-1,4186,4187,4188,-1,4188,4187,4189,-1,4188,4189,4190,-1,4190,4189,4191,-1,4190,4191,4144,-1,4144,4191,4145,-1,4145,4192,4147,-1,4147,4192,4193,-1,4147,4193,4149,-1,4149,4193,4194,-1,4149,4194,4151,-1,4151,4194,4195,-1,4151,4195,4153,-1,4153,4195,4196,-1,4153,4196,4155,-1,4155,4196,4197,-1,4155,4197,4157,-1,4157,4197,4198,-1,4157,4198,4159,-1,4159,4198,4199,-1,4159,4199,4161,-1,4161,4199,4200,-1,4161,4200,4163,-1,4163,4200,4201,-1,4163,4201,4165,-1,4165,4201,4202,-1,4165,4202,4167,-1,4167,4202,4203,-1,4167,4203,4169,-1,4169,4203,4204,-1,4169,4204,4171,-1,4171,4204,4205,-1,4171,4205,4173,-1,4173,4205,4206,-1,4173,4206,4175,-1,4175,4206,4207,-1,4175,4207,4177,-1,4177,4207,4208,-1,4177,4208,4179,-1,4179,4208,4209,-1,4179,4209,4181,-1,4181,4209,4210,-1,4181,4210,4183,-1,4183,4210,4211,-1,4183,4211,4185,-1,4185,4211,4212,-1,4185,4212,4187,-1,4187,4212,4213,-1,4187,4213,4189,-1,4189,4213,4214,-1,4189,4214,4191,-1,4191,4214,4215,-1,4191,4215,4145,-1,4145,4215,4192,-1,4192,4216,4193,-1,4193,4216,4217,-1,4193,4217,4194,-1,4194,4217,4218,-1,4194,4218,4195,-1,4195,4218,4219,-1,4195,4219,4196,-1,4196,4219,4220,-1,4196,4220,4197,-1,4197,4220,4221,-1,4197,4221,4198,-1,4198,4221,4222,-1,4198,4222,4199,-1,4199,4222,4223,-1,4199,4223,4200,-1,4200,4223,4224,-1,4200,4224,4201,-1,4201,4224,4225,-1,4201,4225,4202,-1,4202,4225,4226,-1,4202,4226,4203,-1,4203,4226,4227,-1,4203,4227,4204,-1,4204,4227,4228,-1,4204,4228,4205,-1,4205,4228,4229,-1,4205,4229,4206,-1,4206,4229,4230,-1,4206,4230,4207,-1,4207,4230,4231,-1,4207,4231,4208,-1,4208,4231,4232,-1,4208,4232,4209,-1,4209,4232,4233,-1,4209,4233,4210,-1,4210,4233,4234,-1,4210,4234,4211,-1,4211,4234,4235,-1,4211,4235,4212,-1,4212,4235,4236,-1,4212,4236,4213,-1,4213,4236,4237,-1,4213,4237,4214,-1,4214,4237,4238,-1,4214,4238,4215,-1,4215,4238,4239,-1,4215,4239,4192,-1,4192,4239,4216,-1,4216,4240,4217,-1,4217,4240,4241,-1,4217,4241,4218,-1,4218,4241,4242,-1,4218,4242,4219,-1,4219,4242,4243,-1,4219,4243,4220,-1,4220,4243,4244,-1,4220,4244,4221,-1,4221,4244,4245,-1,4221,4245,4222,-1,4222,4245,4246,-1,4222,4246,4223,-1,4223,4246,4247,-1,4223,4247,4224,-1,4224,4247,4248,-1,4224,4248,4225,-1,4225,4248,4249,-1,4225,4249,4226,-1,4226,4249,4250,-1,4226,4250,4227,-1,4227,4250,4251,-1,4227,4251,4228,-1,4228,4251,4252,-1,4228,4252,4229,-1,4229,4252,4253,-1,4229,4253,4230,-1,4230,4253,4254,-1,4230,4254,4231,-1,4231,4254,4255,-1,4231,4255,4232,-1,4232,4255,4256,-1,4232,4256,4233,-1,4233,4256,4257,-1,4233,4257,4234,-1,4234,4257,4258,-1,4234,4258,4235,-1,4235,4258,4259,-1,4235,4259,4236,-1,4236,4259,4260,-1,4236,4260,4237,-1,4237,4260,4261,-1,4237,4261,4238,-1,4238,4261,4262,-1,4238,4262,4239,-1,4239,4262,4263,-1,4239,4263,4216,-1,4216,4263,4240,-1,4240,4264,4241,-1,4241,4264,4265,-1,4241,4265,4242,-1,4242,4265,4266,-1,4242,4266,4243,-1,4243,4266,4267,-1,4243,4267,4244,-1,4244,4267,4268,-1,4244,4268,4245,-1,4245,4268,4269,-1,4245,4269,4246,-1,4246,4269,4270,-1,4246,4270,4247,-1,4247,4270,4271,-1,4247,4271,4248,-1,4248,4271,4272,-1,4248,4272,4249,-1,4249,4272,4273,-1,4249,4273,4250,-1,4250,4273,4274,-1,4250,4274,4251,-1,4251,4274,4275,-1,4251,4275,4252,-1,4252,4275,4276,-1,4252,4276,4253,-1,4253,4276,4277,-1,4253,4277,4254,-1,4254,4277,4278,-1,4254,4278,4255,-1,4255,4278,4279,-1,4255,4279,4256,-1,4256,4279,4280,-1,4256,4280,4257,-1,4257,4280,4281,-1,4257,4281,4258,-1,4258,4281,4282,-1,4258,4282,4259,-1,4259,4282,4283,-1,4259,4283,4260,-1,4260,4283,4284,-1,4260,4284,4261,-1,4261,4284,4285,-1,4261,4285,4262,-1,4262,4285,4286,-1,4262,4286,4263,-1,4263,4286,4287,-1,4263,4287,4240,-1,4240,4287,4264,-1,4264,4288,4265,-1,4265,4288,4289,-1,4265,4289,4266,-1,4266,4289,4290,-1,4266,4290,4267,-1,4267,4290,4291,-1,4267,4291,4268,-1,4268,4291,4292,-1,4268,4292,4269,-1,4269,4292,4293,-1,4269,4293,4270,-1,4270,4293,4294,-1,4270,4294,4271,-1,4271,4294,4295,-1,4271,4295,4272,-1,4272,4295,4296,-1,4272,4296,4273,-1,4273,4296,4297,-1,4273,4297,4274,-1,4274,4297,4298,-1,4274,4298,4275,-1,4275,4298,4299,-1,4275,4299,4276,-1,4276,4299,4300,-1,4276,4300,4277,-1,4277,4300,4301,-1,4277,4301,4278,-1,4278,4301,4302,-1,4278,4302,4279,-1,4279,4302,4303,-1,4279,4303,4280,-1,4280,4303,4304,-1,4280,4304,4281,-1,4281,4304,4305,-1,4281,4305,4282,-1,4282,4305,4306,-1,4282,4306,4283,-1,4283,4306,4307,-1,4283,4307,4284,-1,4284,4307,4308,-1,4284,4308,4285,-1,4285,4308,4309,-1,4285,4309,4286,-1,4286,4309,4310,-1,4286,4310,4287,-1,4287,4310,4311,-1,4287,4311,4264,-1,4264,4311,4288,-1,4288,4312,4289,-1,4289,4312,4313,-1,4289,4313,4290,-1,4290,4313,4314,-1,4290,4314,4291,-1,4291,4314,4315,-1,4291,4315,4292,-1,4292,4315,4316,-1,4292,4316,4293,-1,4293,4316,4317,-1,4293,4317,4294,-1,4294,4317,4318,-1,4294,4318,4295,-1,4295,4318,4319,-1,4295,4319,4296,-1,4296,4319,4320,-1,4296,4320,4297,-1,4297,4320,4321,-1,4297,4321,4298,-1,4298,4321,4322,-1,4298,4322,4299,-1,4299,4322,4323,-1,4299,4323,4300,-1,4300,4323,4324,-1,4300,4324,4301,-1,4301,4324,4325,-1,4301,4325,4302,-1,4302,4325,4326,-1,4302,4326,4303,-1,4303,4326,4327,-1,4303,4327,4304,-1,4304,4327,4328,-1,4304,4328,4305,-1,4305,4328,4329,-1,4305,4329,4306,-1,4306,4329,4330,-1,4306,4330,4307,-1,4307,4330,4331,-1,4307,4331,4308,-1,4308,4331,4332,-1,4308,4332,4309,-1,4309,4332,4333,-1,4309,4333,4310,-1,4310,4333,4334,-1,4310,4334,4311,-1,4311,4334,4335,-1,4311,4335,4288,-1,4288,4335,4312,-1,4312,4336,4313,-1,4313,4336,4337,-1,4313,4337,4314,-1,4314,4337,4338,-1,4314,4338,4315,-1,4315,4338,4339,-1,4315,4339,4316,-1,4316,4339,4340,-1,4316,4340,4317,-1,4317,4340,4341,-1,4317,4341,4318,-1,4318,4341,4342,-1,4318,4342,4319,-1,4319,4342,4343,-1,4319,4343,4320,-1,4320,4343,4344,-1,4320,4344,4321,-1,4321,4344,4345,-1,4321,4345,4322,-1,4322,4345,4346,-1,4322,4346,4323,-1,4323,4346,4347,-1,4323,4347,4324,-1,4324,4347,4348,-1,4324,4348,4325,-1,4325,4348,4349,-1,4325,4349,4326,-1,4326,4349,4350,-1,4326,4350,4327,-1,4327,4350,4351,-1,4327,4351,4328,-1,4328,4351,4352,-1,4328,4352,4329,-1,4329,4352,4353,-1,4329,4353,4330,-1,4330,4353,4354,-1,4330,4354,4331,-1,4331,4354,4355,-1,4331,4355,4332,-1,4332,4355,4356,-1,4332,4356,4333,-1,4333,4356,4357,-1,4333,4357,4334,-1,4334,4357,4358,-1,4334,4358,4335,-1,4335,4358,4359,-1,4335,4359,4312,-1,4312,4359,4336,-1,4336,4360,4337,-1,4337,4360,4361,-1,4337,4361,4338,-1,4338,4361,4362,-1,4338,4362,4339,-1,4339,4362,4363,-1,4339,4363,4340,-1,4340,4363,4364,-1,4340,4364,4341,-1,4341,4364,4365,-1,4341,4365,4342,-1,4342,4365,4366,-1,4342,4366,4343,-1,4343,4366,4367,-1,4343,4367,4344,-1,4344,4367,4368,-1,4344,4368,4345,-1,4345,4368,4369,-1,4345,4369,4346,-1,4346,4369,4370,-1,4346,4370,4347,-1,4347,4370,4371,-1,4347,4371,4348,-1,4348,4371,4372,-1,4348,4372,4349,-1,4349,4372,4373,-1,4349,4373,4350,-1,4350,4373,4374,-1,4350,4374,4351,-1,4351,4374,4375,-1,4351,4375,4352,-1,4352,4375,4376,-1,4352,4376,4353,-1,4353,4376,4377,-1,4353,4377,4354,-1,4354,4377,4378,-1,4354,4378,4355,-1,4355,4378,4379,-1,4355,4379,4356,-1,4356,4379,4380,-1,4356,4380,4357,-1,4357,4380,4381,-1,4357,4381,4358,-1,4358,4381,4382,-1,4358,4382,4359,-1,4359,4382,4383,-1,4359,4383,4336,-1,4336,4383,4360,-1,4360,4384,4361,-1,4361,4384,4385,-1,4361,4385,4362,-1,4362,4385,4386,-1,4362,4386,4363,-1,4363,4386,4387,-1,4363,4387,4364,-1,4364,4387,4388,-1,4364,4388,4365,-1,4365,4388,4389,-1,4365,4389,4366,-1,4366,4389,4390,-1,4366,4390,4367,-1,4367,4390,4391,-1,4367,4391,4368,-1,4368,4391,4392,-1,4368,4392,4369,-1,4369,4392,4393,-1,4369,4393,4370,-1,4370,4393,4394,-1,4370,4394,4371,-1,4371,4394,4395,-1,4371,4395,4372,-1,4372,4395,4396,-1,4372,4396,4373,-1,4373,4396,4397,-1,4373,4397,4374,-1,4374,4397,4398,-1,4374,4398,4375,-1,4375,4398,4399,-1,4375,4399,4376,-1,4376,4399,4400,-1,4376,4400,4377,-1,4377,4400,4401,-1,4377,4401,4378,-1,4378,4401,4402,-1,4378,4402,4379,-1,4379,4402,4403,-1,4379,4403,4380,-1,4380,4403,4404,-1,4380,4404,4381,-1,4381,4404,4405,-1,4381,4405,4382,-1,4382,4405,4406,-1,4382,4406,4383,-1,4383,4406,4407,-1,4383,4407,4360,-1,4360,4407,4384,-1,4384,4408,4385,-1,4385,4408,4409,-1,4385,4409,4386,-1,4386,4409,4410,-1,4386,4410,4387,-1,4387,4410,4411,-1,4387,4411,4388,-1,4388,4411,4412,-1,4388,4412,4389,-1,4389,4412,4413,-1,4389,4413,4390,-1,4390,4413,4414,-1,4390,4414,4391,-1,4391,4414,4415,-1,4391,4415,4392,-1,4392,4415,4416,-1,4392,4416,4393,-1,4393,4416,4417,-1,4393,4417,4394,-1,4394,4417,4418,-1,4394,4418,4395,-1,4395,4418,4419,-1,4395,4419,4396,-1,4396,4419,4420,-1,4396,4420,4397,-1,4397,4420,4421,-1,4397,4421,4398,-1,4398,4421,4422,-1,4398,4422,4399,-1,4399,4422,4423,-1,4399,4423,4400,-1,4400,4423,4424,-1,4400,4424,4401,-1,4401,4424,4425,-1,4401,4425,4402,-1,4402,4425,4426,-1,4402,4426,4403,-1,4403,4426,4427,-1,4403,4427,4404,-1,4404,4427,4428,-1,4404,4428,4405,-1,4405,4428,4429,-1,4405,4429,4406,-1,4406,4429,4430,-1,4406,4430,4407,-1,4407,4430,4431,-1,4407,4431,4384,-1,4384,4431,4408,-1,4408,4132,4409,-1,4409,4132,4133,-1,4409,4133,4410,-1,4410,4133,4134,-1,4410,4134,4411,-1,4411,4134,4135,-1,4411,4135,4412,-1,4412,4135,4136,-1,4412,4136,4413,-1,4413,4136,4137,-1,4413,4137,4414,-1,4414,4137,4138,-1,4414,4138,4415,-1,4415,4138,4139,-1,4415,4139,4416,-1,4416,4139,4140,-1,4416,4140,4417,-1,4417,4140,4141,-1,4417,4141,4418,-1,4418,4141,4142,-1,4418,4142,4419,-1,4419,4142,4143,-1,4419,4143,4420,-1,4420,4143,4120,-1,4420,4120,4421,-1,4421,4120,4121,-1,4421,4121,4422,-1,4422,4121,4122,-1,4422,4122,4423,-1,4423,4122,4123,-1,4423,4123,4424,-1,4424,4123,4124,-1,4424,4124,4425,-1,4425,4124,4125,-1,4425,4125,4426,-1,4426,4125,4126,-1,4426,4126,4427,-1,4427,4126,4127,-1,4427,4127,4428,-1,4428,4127,4128,-1,4428,4128,4429,-1,4429,4128,4129,-1,4429,4129,4430,-1,4430,4129,4130,-1,4430,4130,4431,-1,4431,4130,4131,-1,4431,4131,4408,-1,4408,4131,4132,-1,3919,4170,3914,-1,3914,4170,4172,-1,3914,4172,3915,-1,3915,4172,4174,-1,3915,4174,3916,-1,3916,4174,4176,-1,3916,4176,3911,-1,3911,4176,4178,-1,3911,4178,3912,-1,3912,4178,4180,-1,3912,4180,3913,-1,3913,4180,4182,-1,3913,4182,3908,-1,3908,4182,4184,-1,3908,4184,3909,-1,3909,4184,4186,-1,3909,4186,3910,-1,3910,4186,4188,-1,3910,4188,3903,-1,3903,4188,4190,-1,3903,4190,3904,-1,3904,4190,4144,-1,3904,4144,3906,-1,3906,4144,4146,-1,3906,4146,3907,-1,3907,4146,4148,-1,3907,4148,3926,-1,3926,4148,4150,-1,3926,4150,3927,-1,3927,4150,4152,-1,3927,4152,3923,-1,3923,4152,4154,-1,3923,4154,3924,-1,3924,4154,4156,-1,3924,4156,3925,-1,3925,4156,4158,-1,3925,4158,3920,-1,3920,4158,4160,-1,3920,4160,3921,-1,3921,4160,4162,-1,3921,4162,3922,-1,3922,4162,4164,-1,3922,4164,3917,-1,3917,4164,4166,-1,3917,4166,3918,-1,3918,4166,4168,-1,3918,4168,3919,-1,3919,4168,4170,-1,
        ]
    }
}
Shape{
    appearance Appearance {
        material  Material 	{
            diffuseColor 0.2235294117647059 0.2235294117647059 0.2235294117647059
            specularColor 0.11372549019607843 0.11372549019607843 0.11372549019607843
            ambientIntensity 0.2
            transparency 0
            shininess 0.5
        }
    }
    geometry IndexedFaceSet {
        ccw TRUE
        solid FALSE
        coord DEF co Coordinate {
            point [
                -1.2638 2.5984 4.8031, -1.1269 2.5984 4.8031, -1.1269 2.5984 1.7707, -0.846 2.5984 1.3524, -0.8462 2.5984 1.3529, -0.8419 2.5984 1.3529, -0.4182 2.5984 1.3544, -0.4028 2.5984 1.3529, -0.4543 2.5984 1.3529, -0.1705 2.5984 1.7714, -0.1705 2.5984 1.7707, -0.2367 2.5984 1.7707, -0.2495 2.5984 1.6451, -0.2463 2.5984 1.6537, -0.2463 2.5984 1.608, -0.3527 2.5984 1.7686, -0.3527 2.5984 1.7707, -0.3456 2.5984 1.7707, 0.0555 2.5984 1.6481, 0.0248 2.5984 1.6218, -0.0819 2.5984 1.7707, -0.0819 2.5984 1.608, 0.2025 2.5984 1.7901, 0.1746 2.5984 1.7707, 0.1556 2.5984 1.7575, 0.1181 2.5984 1.7134, 0.0948 2.5984 1.6671, 0.0892 2.5984 1.6652, 0.2592 2.5984 1.8116, -0.0819 2.5984 4.8031, 0.4171 2.5984 1.7924, 0.3644 2.5984 1.8118, 1.2638 2.5984 4.8031, 0.3101 2.5984 1.8178, 1.2638 2.5984 1.7707, 0.4513 2.5984 1.7707, 0.447 2.5984 1.7744, 1.2638 2.5984 1.608, 0.6963 2.5984 1.608, 0.6826 2.5984 1.6385, 0.6549 2.5984 1.6734, 0.5685 2.5984 1.7219, 0.5236 2.5984 1.7271, 0.4739 2.5984 1.7516, 0.5105 2.5984 1.7263, 0.4975 2.5984 1.7246, 0.6472 2.5984 1.6806, 0.6108 2.5984 1.7058, 0.5717 2.5984 1.3642, 0.5861 2.5984 1.3686, 1.2638 2.5984 1.3529, 0.6271 2.5984 1.389, 0.6624 2.5984 1.4195, 0.6882 2.5984 1.4568, 0.7042 2.5984 1.4993, 1.2638 2.5984 1.5622, 0.7094 2.5984 1.5439, 0.709 2.5984 1.5549, 0.7076 2.5984 1.5622, 0.701 2.5984 1.5976, 1.2638 2.5984 1.3263, 0.5605 2.5984 1.3397, 0.5666 2.5984 1.3529, 0.3883 2.5984 1.3144, 0.4111 2.5984 1.2988, -0.0819 2.5984 1.0367, 0.4953 2.5984 1.2905, 0.5215 2.5984 1.3017, 1.2638 2.5984 1.0367, 0.5437 2.5984 1.3187, 0.5498 2.5984 1.3263, 0.3775 2.5984 1.3263, 0.4365 2.5984 1.2892, 0.4641 2.5984 1.286, 0.4685 2.5984 1.2861, 0.3604 2.5984 1.3529, 0.3707 2.5984 1.3338, -0.0819 2.5984 1.3263, -0.0119 2.5984 1.5544, -0.0169 2.5984 1.5172, -0.0819 2.5984 1.5622, 0.2111 2.5984 1.4257, 0.2032 2.5984 1.4288, 0.1894 2.5984 1.4936, 0.3774 2.5984 1.4756, 0.2243 2.5984 1.5542, 0.3972 2.5984 1.4938, 0.4212 2.5984 1.5069, 0.2181 2.5984 1.4208, 0.0542 2.5984 1.5266, 0.0594 2.5984 1.5485, 0.0667 2.5984 1.5622, 0.6355 2.5984 1.5622, 0.0032 2.5984 1.4406, 0.026 2.5984 1.4093, -0.0819 2.5984 1.3529, 0.0572 2.5984 1.3833, 0.092 2.5984 1.3665, 0.1944 2.5984 1.4298, 0.1933 2.5984 1.4298, 0.1899 2.5984 1.429, -0.0114 2.5984 1.4766, 0.6284 2.5984 1.5002, 0.615 2.5984 1.4771, 0.5573 2.5984 1.4649, 0.5948 2.5984 1.456, 0.5701 2.5984 1.4405, 0.5149 2.5984 1.5023, 0.5383 2.5984 1.4862, 0.6376 2.5984 1.5457, 0.6364 2.5984 1.5281, 0.4897 2.5984 1.5117, 0.4625 2.5984 1.5149, 0.4487 2.5984 1.514, 0.0773 2.5984 1.4565, 0.0646 2.5984 1.4741, 0.0566 2.5984 1.4944, 0.0537 2.5984 1.5165, 0.2299 2.5984 1.3948, 0.2296 2.5984 1.3993, 0.3494 2.5984 1.4105, 0.2273 2.5984 1.4079, 0.2228 2.5984 1.4157, 0.2111 2.5984 1.3634, 0.2184 2.5984 1.3687, 0.357 2.5984 1.3591, 0.2211 2.5984 1.3714, 0.226 2.5984 1.3786, 0.2289 2.5984 1.3863, 0.3502 2.5984 1.3872, 0.3495 2.5984 1.3991, 0.1876 2.5984 1.4287, 0.1363 2.5984 1.4283, 0.1158 2.5984 1.4321, 0.13 2.5984 1.3588, 0.1972 2.5984 1.3593, 0.2036 2.5984 1.3604, 0.0957 2.5984 1.4413, 0.0788 2.5984 1.4549, 0.151 2.5984 1.606, 0.6241 2.5984 1.5986, 0.634 2.5984 1.5733, 0.1419 2.5984 1.606, 0.0699 2.5984 1.5682, 0.0829 2.5984 1.5829, 0.1004 2.5984 1.5953, 0.1203 2.5984 1.6031, 0.1751 2.5984 1.6746, 0.2006 2.5984 1.7055, 0.4627 2.5984 1.6413, 0.2034 2.5984 1.7081, 0.2352 2.5984 1.7305, 0.4451 2.5984 1.6772, 0.6175 2.5984 1.608, 0.4708 2.5984 1.6457, 0.1514 2.5984 1.608, 0.1578 2.5984 1.6378, 0.4962 2.5984 1.6552, 0.523 2.5984 1.6588, 0.5349 2.5984 1.6582, 0.4193 2.5984 1.7075, 0.2708 2.5984 1.7444, 0.3887 2.5984 1.7296, 0.3094 2.5984 1.7495, 0.3514 2.5984 1.7444, 0.563 2.5984 1.6517, 0.5885 2.5984 1.6384, 0.6082 2.5984 1.6212, 0.015 2.5984 1.608, 0.0018 2.5984 1.5893, -0.0089 2.5984 1.5622, -0.6917 2.5984 1.7707, -0.7094 2.5984 1.7676, -0.7315 2.5984 1.7674, -0.6431 2.5984 1.608, -0.6473 2.5984 1.608, -0.6917 2.5984 1.7221, -0.6473 2.5984 1.6079, -0.6431 2.5984 1.5622, -0.6701 2.5984 1.6077, -0.6917 2.5984 1.5622, -0.6702 2.5984 1.608, -0.6917 2.5984 1.608, -0.6917 2.5984 1.6514, -0.6858 2.5984 1.6514, -0.7525 2.5984 1.6509, -0.7682 2.5984 1.608, -0.7685 2.5984 1.607, -0.7914 2.5984 1.6069, -0.8419 2.5984 1.5622, -0.7909 2.5984 1.608, -0.8419 2.5984 1.608, -0.8419 2.5984 1.7707, -0.4701 2.5984 1.6813, -0.4929 2.5984 1.608, -0.4702 2.5984 1.6996, -0.4929 2.5984 1.7707, -0.4543 2.5984 1.7707, -0.4753 2.5984 1.7693, -0.4751 2.5984 1.7508, -0.4543 2.5984 1.6997, -0.4543 2.5984 1.751, -0.4133 2.5984 1.7513, -0.4129 2.5984 1.7, -0.3916 2.5984 1.6097, -0.3815 2.5984 1.608, -0.4543 2.5984 1.608, -0.4128 2.5984 1.6817, -0.4124 2.5984 1.6278, -0.4543 2.5984 1.6814, -0.4543 2.5984 1.6275, -0.4779 2.5984 1.6274, -0.4778 2.5984 1.6091, -0.4543 2.5984 1.6093, -0.3815 2.5984 1.7707, -0.3928 2.5984 1.7698, -0.4543 2.5984 1.7694, -0.3607 2.5984 1.7662, -0.3605 2.5984 1.7446, -0.3527 2.5984 1.7479, -0.3183 2.5984 1.6259, -0.3285 2.5984 1.6264, -0.2779 2.5984 1.7357, -0.2701 2.5984 1.7246, -0.2621 2.5984 1.6825, -0.2646 2.5984 1.6666, -0.3463 2.5984 1.6301, -0.3527 2.5984 1.6331, -0.3588 2.5984 1.7456, -0.3598 2.5984 1.6364, -0.3229 2.5984 1.7544, -0.316 2.5984 1.7541, -0.2791 2.5984 1.7369, -0.3022 2.5984 1.7514, -0.2896 2.5984 1.7455, -0.2647 2.5984 1.7107, -0.2619 2.5984 1.6889, -0.2698 2.5984 1.6537, -0.2773 2.5984 1.6431, -0.2814 2.5984 1.6391, -0.3426 2.5984 1.7519, -0.292 2.5984 1.6319, -0.3037 2.5984 1.6276, -0.3437 2.5984 1.7712, -0.3527 2.5984 4.8031, -0.3228 2.5984 1.773, -0.2463 2.5984 4.8031, -0.3022 2.5984 1.7707, -0.2463 2.5984 1.7707, -0.2521 2.5984 1.7348, -0.2638 2.5984 1.7499, -0.2674 2.5984 1.7532, -0.2829 2.5984 1.7641, -0.2997 2.5984 1.7704, -0.2444 2.5984 1.7171, -0.2463 2.5984 1.7215, -0.2432 2.5984 1.6619, -0.2367 2.5984 1.608, -0.2402 2.5984 1.6878, -0.2406 2.5984 1.6962, -0.3033 2.5984 1.6083, -0.2864 2.5984 1.6124, -0.2716 2.5984 1.6201, -0.2604 2.5984 1.6298, -0.259 2.5984 1.6313, -0.3203 2.5984 1.608, -0.3152 2.5984 1.6075, -0.3527 2.5984 1.5622, -0.3085 2.5984 1.608, -0.3596 2.5984 1.6166, -0.3569 2.5984 1.6152, -0.3527 2.5984 1.608, -0.3527 2.5984 1.6139, -0.3397 2.5984 1.6097, -0.1695 2.5984 1.6295, -0.2333 2.5984 1.6291, -0.2331 2.5984 1.6108, -0.1487 2.5984 1.6114, -0.1498 2.5984 1.7707, -0.1498 2.5984 1.7716, -0.2367 2.5984 4.8031, -0.372 2.5984 1.4393, -0.3728 2.5984 1.4465, -0.375 2.5984 1.4254, -0.3728 2.5984 1.4315, -0.3715 2.5984 1.3805, -0.3789 2.5984 1.3758, -0.3815 2.5984 1.3748, -0.3815 2.5984 1.4173, -0.3776 2.5984 1.4212, -0.3808 2.5984 1.4177, -0.4019 2.5984 1.3529, -0.3842 2.5984 1.355, -0.3815 2.5984 1.3529, -0.3815 2.5984 1.356, -0.3527 2.5984 1.3529, -0.3713 2.5984 1.3598, -0.4543 2.5984 1.3263, -0.3815 2.5984 1.3263, -0.4023 2.5984 1.3529, -0.4438 2.5984 1.4672, -0.4437 2.5984 1.4477, -0.385 2.5984 1.4636, -0.391 2.5984 1.4671, -0.3815 2.5984 1.5622, -0.4477 2.5984 1.3783, -0.4452 2.5984 1.372, -0.4415 2.5984 1.3667, -0.3753 2.5984 1.4529, -0.379 2.5984 1.4583, -0.3815 2.5984 1.4605, -0.402 2.5984 1.471, -0.4168 2.5984 1.4725, -0.4543 2.5984 1.5622, -0.4301 2.5984 1.4713, -0.4422 2.5984 1.4053, -0.4459 2.5984 1.3998, -0.448 2.5984 1.3938, -0.4488 2.5984 1.3864, -0.4357 2.5984 1.3617, -0.4293 2.5984 1.3581, -0.4147 2.5984 1.4562, -0.4088 2.5984 1.4558, -0.3927 2.5984 1.441, -0.4034 2.5984 1.4544, -0.3989 2.5984 1.452, -0.3929 2.5984 1.4383, -0.3936 2.5984 1.4352, -0.395 2.5984 1.4325, -0.397 2.5984 1.4303, -0.404 2.5984 1.4258, -0.4282 2.5984 1.4545, -0.4164 2.5984 1.4203, -0.4394 2.5984 1.4502, -0.4242 2.5984 1.4171, -0.4374 2.5984 1.4096, -0.3958 2.5984 1.4494, -0.3941 2.5984 1.4469, -0.3931 2.5984 1.4442, -0.3914 2.5984 1.3709, -0.4021 2.5984 1.4058, -0.3902 2.5984 1.4114, -0.4044 2.5984 1.3692, -0.4053 2.5984 1.3692, -0.4153 2.5984 1.4002, -0.4156 2.5984 1.3703, -0.4281 2.5984 1.3845, -0.428 2.5984 1.387, -0.4207 2.5984 1.3722, -0.4226 2.5984 1.3733, -0.4249 2.5984 1.3753, -0.4267 2.5984 1.3779, -0.4277 2.5984 1.3807, -0.4271 2.5984 1.3902, -0.4255 2.5984 1.3928, -0.4231 2.5984 1.3955, -0.5915 2.5984 1.5144, -0.6431 2.5984 1.514, -0.5115 2.5984 1.3832, -0.5139 2.5984 1.3738, -0.5144 2.5984 1.3738, -0.5696 2.5984 1.4688, -0.4929 2.5984 1.5622, -0.5488 2.5984 1.4689, -0.4929 2.5984 1.4378, -0.5169 2.5984 1.383, -0.5154 2.5984 1.3777, -0.4929 2.5984 1.3529, -0.4929 2.5984 1.3834, -0.4598 2.5984 1.4695, -0.4822 2.5984 1.4694, -0.5038 2.5984 1.3551, -0.5029 2.5984 1.3529, -0.4949 2.5984 1.3344, -0.4901 2.5984 1.3263, -0.4909 2.5984 1.3272, -0.4929 2.5984 1.3309, -0.4791 2.5984 1.3189, -0.4835 2.5984 1.3205, -0.4742 2.5984 1.3184, -0.4871 2.5984 1.323, -0.467 2.5984 1.3194, -0.4629 2.5984 1.3208, -0.4627 2.5984 1.3029, -0.4917 2.5984 1.305, -0.4838 2.5984 1.3021, -0.4929 2.5984 1.0367, -0.4757 2.5984 1.3012, -0.4543 2.5984 1.0367, -0.4712 2.5984 1.3014, -0.5109 2.5984 1.3263, -0.5075 2.5984 1.3199, -0.6431 2.5984 1.0367, -0.5001 2.5984 1.3111, -0.4987 2.5984 1.3099, -0.4929 2.5984 1.3059, -0.5229 2.5984 1.3529, -0.5167 2.5984 1.3375, -0.6431 2.5984 1.3263, -0.6689 2.5984 1.4442, -0.6688 2.5984 1.4258, -0.6917 2.5984 1.3529, -0.6116 2.5984 1.4262, -0.6112 2.5984 1.3724, -0.6431 2.5984 1.426, -0.6431 2.5984 1.3721, -0.6766 2.5984 1.3719, -0.6765 2.5984 1.3536, -0.6431 2.5984 1.3529, -0.6431 2.5984 1.3539, -0.5904 2.5984 1.3542, -0.674 2.5984 1.5138, -0.6739 2.5984 1.4954, -0.6431 2.5984 1.4956, -0.612 2.5984 1.4958, -0.6431 2.5984 1.4443, -0.6117 2.5984 1.4446, -0.9081 2.5984 1.5121, -0.9302 2.5984 1.512, -0.8691 2.5984 1.3529, -0.8688 2.5984 1.3523, -0.9672 2.5984 1.3516, -0.9901 2.5984 1.3514, -1.1269 2.5984 1.3263, -0.8419 2.5984 1.3263, -0.9668 2.5984 1.3529, -0.9512 2.5984 1.3955, -0.8845 2.5984 1.396, -0.2367 2.5984 1.5622, -0.2304 2.5984 1.4985, -0.1686 2.5984 1.499, -0.1682 2.5984 1.4477, -0.2367 2.5984 1.3529, -0.2305 2.5984 1.5169, -0.1681 2.5984 1.4294, -0.1677 2.5984 1.3755, -0.2253 2.5984 1.429, -0.2331 2.5984 1.375, -0.2255 2.5984 1.4473, -0.233 2.5984 1.3568, -0.1469 2.5984 1.3574, -0.148 2.5984 1.5175, -0.2463 2.5984 1.5622, -0.2463 2.5984 1.3529, -0.2607 2.5984 1.4111, -0.264 2.5984 1.4434, -0.2566 2.5984 1.4054, -0.2538 2.5984 1.3983, -0.3306 2.5984 1.4657, -0.3359 2.5984 1.4606, -0.314 2.5984 1.3622, -0.307 2.5984 1.3577, -0.324 2.5984 1.3561, -0.2988 2.5984 1.3548, -0.2885 2.5984 1.3537, -0.3036 2.5984 1.4733, -0.3155 2.5984 1.4721, -0.3239 2.5984 1.4695, -0.34 2.5984 1.4541, -0.3431 2.5984 1.4451, -0.3446 2.5984 1.4296, -0.2557 2.5984 1.3714, -0.2534 2.5984 1.3782, -0.2834 2.5984 1.471, -0.2684 2.5984 1.4653, -0.2641 2.5984 1.4629, -0.2669 2.5984 1.4164, -0.2754 2.5984 1.4207, -0.2765 2.5984 1.4514, -0.2906 2.5984 1.4243, -0.3084 2.5984 1.4562, -0.3016 2.5984 1.457, -0.2891 2.5984 1.4557, -0.3441 2.5984 1.356, -0.3242 2.5984 1.3738, -0.3236 2.5984 1.3738, -0.3204 2.5984 1.369, -0.2688 2.5984 1.3581, -0.2621 2.5984 1.3629, -0.2599 2.5984 1.3652, -0.3246 2.5984 1.4288, -0.3239 2.5984 1.4377, -0.3219 2.5984 1.4449, -0.3196 2.5984 1.449, -0.2765 2.5984 1.3552, -0.2524 2.5984 1.3873, -0.2525 2.5984 1.3897, -0.3166 2.5984 1.4523, -0.313 2.5984 1.4546, -0.2367 2.5984 1.3263, -0.2463 2.5984 1.3263, -0.3527 2.5984 1.3263, -0.2367 2.5984 1.0367, -0.2463 2.5984 1.0367, -0.3527 2.5984 1.0367, -0.3815 2.5984 1.0367, -0.638 2.5984 1.6766, -0.6334 2.5984 1.6584, -0.6307 2.5984 1.7274, -0.6365 2.5984 1.712, -0.6431 2.5984 1.7707, -0.639 2.5984 1.6901, -0.5548 2.5984 1.7687, -0.5793 2.5984 1.7658, -0.5985 2.5984 1.7586, -0.6248 2.5984 1.6423, -0.6144 2.5984 1.6306, -0.5975 2.5984 1.6186, -0.5791 2.5984 1.6116, -0.5521 2.5984 1.6086, -0.508 2.5984 1.6089, -0.5091 2.5984 1.769, -0.6152 2.5984 1.7471, -0.6209 2.5984 1.7414, -0.3815 2.5984 4.8031, -0.4543 2.5984 4.8031, -0.4929 2.5984 4.8031, -0.6431 2.5984 4.8031, -0.6917 2.5984 4.8031, -0.8419 2.5984 4.8031, -0.7067 2.5984 1.3534, -0.8322 2.5984 1.403, -0.8235 2.5984 1.3868, -0.7508 2.5984 1.3531, -0.7779 2.5984 1.3562, -0.8131 2.5984 1.3751, -0.7962 2.5984 1.3632, -0.7079 2.5984 1.5136, -0.7536 2.5984 1.5132, -0.778 2.5984 1.5104, -0.7973 2.5984 1.5032, -0.814 2.5984 1.4916, -0.8196 2.5984 1.486, -0.8294 2.5984 1.4719, -0.8352 2.5984 1.4566, -0.8377 2.5984 1.4346, -0.8368 2.5984 1.4212, -0.6917 2.5984 1.3263, -0.9895 2.5984 1.3529, -1.1269 2.5984 1.3529, -1.1269 2.5984 1.5622, -1.1269 2.5984 1.608, -0.6917 2.5984 1.0367, -0.8419 2.5984 1.0367, -1.1269 2.5984 1.0367, -1.2638 2.5984 1.7707, -1.2638 2.5984 1.608, -1.2638 2.5984 1.5622, -1.2638 2.5984 1.3529, -1.2638 2.5984 1.3263, -1.2638 2.5984 1.0367, 1.2638 2.5984 0.7874, -0.0819 2.5984 0.7874, -0.2367 2.5984 0.7874, -0.2463 2.5984 0.7874, -0.3527 2.5984 0.7874, -0.3815 2.5984 0.7874, -0.4543 2.5984 0.7874, -0.4929 2.5984 0.7874, -0.6431 2.5984 0.7874, -0.6917 2.5984 0.7874, -0.8419 2.5984 0.7874, -1.1269 2.5984 0.7874, -1.2638 2.5984 0.7874, 1.7008 2.3819 4.2717, 1.9523 2.3819 3.4499, 1.9331 2.3819 3.1546, 1.8976 2.3819 4.4685, 1.7008 2.3819 4.4685, 1.6575 2.3819 5.1181, 1.6575 2.3819 0.0, 1.9331 2.3819 0.0, 2.4823 2.3819 3.7402, 2.6024 2.3819 4.2717, 2.5398 2.3819 3.4499, 2.7992 2.3819 4.2717, 2.5591 2.3819 3.1546, 2.5591 2.3819 0.0, 2.8346 2.3819 0.0, 2.8346 2.3819 5.1181, 2.7992 2.3819 4.4685, 2.6024 2.3819 4.4685, 1.8976 2.3819 4.2717, 2.0098 2.3819 3.7402, 2.4409 -2.9921 0.6496, 1.5945 -2.9921 0.6496, 1.5945 -2.9921 0.2756, 0.8661 -2.9921 4.9803, 0.8661 -2.9921 4.1535, 1.3386 -2.9921 4.1535, 1.5571 -2.9921 4.0157, 1.3386 -2.9921 3.4843, 2.935 -2.9921 4.0157, 3.1299 -2.9921 0.0, 2.7559 -2.9921 1.437, 2.4409 -2.9921 1.437, 2.4409 -2.9921 3.4843, 2.4409 -2.9921 2.7756, 2.7559 -2.9921 2.7756, -3.1299 -2.9921 0.0, -1.5945 -2.9921 0.2756, -1.5945 -2.9921 0.6496, -2.4409 -2.9921 0.6496, -2.4409 -2.9921 1.437, -2.7559 -2.9921 1.437, -2.935 -2.9921 4.7244, -1.5571 -2.9921 4.7244, -0.8661 -2.9921 4.9803, -0.8661 -2.9921 4.1535, -2.7559 -2.9921 2.7756, -2.935 -2.9921 4.0157, -3.1299 -2.9921 5.1181, 3.1299 -2.9921 5.1181, 1.5571 -2.9921 4.7244, 2.935 -2.9921 4.7244, -2.4409 -2.9921 2.7756, -2.4409 -2.9921 3.4843, -1.5571 -2.9921 4.0157, -1.3386 -2.9921 3.4843, -1.3386 -2.9921 4.1535, -2.6024 2.3819 4.2717, -2.4823 2.3819 3.7402, -2.7992 2.3819 4.2717, -2.5398 2.3819 3.4499, -2.5591 2.3819 3.1546, -2.6024 2.3819 4.4685, -2.7992 2.3819 4.4685, -2.8346 2.3819 5.1181, -2.8346 2.3819 0.0, -2.5591 2.3819 0.0, -1.9331 2.3819 3.1546, -1.9523 2.3819 3.4499, -1.7008 2.3819 4.2717, -2.0098 2.3819 3.7402, -1.8976 2.3819 4.2717, -1.6575 2.3819 5.1181, -1.8976 2.3819 4.4685, -1.9331 2.3819 -0.0, -1.6575 2.3819 0.0, -1.7008 2.3819 4.4685, -2.8366 -2.2047 4.0354, -2.857 -2.2047 4.0381, -2.935 -2.2047 4.0157, -1.6351 -2.2047 4.702, -1.6161 -2.2047 4.6942, -1.5571 -2.2047 4.7244, -1.6555 -2.2047 4.0354, -1.5571 -2.2047 4.0157, -1.6351 -2.2047 4.0381, -2.876 -2.2047 4.046, -2.8923 -2.2047 4.0585, -2.9048 -2.2047 4.0748, -2.9127 -2.2047 4.6464, -2.9048 -2.2047 4.6654, -2.935 -2.2047 4.7244, -2.8923 -2.2047 4.6817, -2.876 -2.2047 4.6942, -1.5998 -2.2047 4.6817, -1.5873 -2.2047 4.6654, -1.5795 -2.2047 4.6464, -1.5873 -2.2047 4.0748, -1.5998 -2.2047 4.0585, -1.6161 -2.2047 4.046, -2.9127 -2.2047 4.0938, -2.9154 -2.2047 4.1142, -2.9154 -2.2047 4.626, -2.857 -2.2047 4.702, -2.8366 -2.2047 4.7047, -1.6555 -2.2047 4.7047, -1.5768 -2.2047 4.626, -1.5768 -2.2047 4.1142, -1.5795 -2.2047 4.0938, -1.6929 0.9449 0.7283, -2.3622 0.9449 0.7283, -1.6929 0.5512 0.7283, -2.3622 -2.9134 0.7283, -1.5157 0.5512 0.7283, -1.5157 -2.9134 0.7283, -1.2953 -2.0079 0.7283, -1.1142 -2.0079 0.7283, -1.2953 0.5512 0.7283, -1.1142 0.5512 0.7283, -0.8937 -2.0079 0.7283, -0.7126 -2.0079 0.7283, -0.8937 0.5512 0.7283, -0.7126 0.5512 0.7283, -0.4921 -2.0079 0.7283, -0.311 -2.0079 0.7283, -0.4921 0.5512 0.7283, -0.311 0.5512 0.7283, -0.0906 -2.0079 0.7283, 0.0906 -2.0079 0.7283, -0.0906 0.5512 0.7283, 0.0906 0.5512 0.7283, 0.311 -2.0079 0.7283, 0.4921 -2.0079 0.7283, 0.311 0.5512 0.7283, 0.4921 0.5512 0.7283, 0.7126 -2.0079 0.7283, 0.8937 -2.0079 0.7283, 0.7126 0.5512 0.7283, 0.8937 0.5512 0.7283, 1.1142 -2.0079 0.7283, 1.2953 -2.0079 0.7283, 1.1142 0.5512 0.7283, 1.2953 0.5512 0.7283, -1.1142 -2.2047 0.2756, -1.1142 -2.2047 0.5315, -1.2953 -2.2047 0.2756, -1.2953 -2.2047 0.5315, -0.7126 -2.2047 0.2756, -0.7126 -2.2047 0.5315, -0.8937 -2.2047 0.2756, -0.8937 -2.2047 0.5315, -0.311 -2.2047 0.2756, -0.311 -2.2047 0.5315, -0.4921 -2.2047 0.2756, -0.4921 -2.2047 0.5315, 0.0906 -2.2047 0.2756, 0.0906 -2.2047 0.5315, -0.0906 -2.2047 0.2756, -0.0906 -2.2047 0.5315, 0.4921 -2.2047 0.2756, 0.4921 -2.2047 0.5315, 0.311 -2.2047 0.2756, 0.311 -2.2047 0.5315, 0.8937 -2.2047 0.2756, 0.8937 -2.2047 0.5315, 0.7126 -2.2047 0.2756, 0.7126 -2.2047 0.5315, -1.5157 0.9449 2.3031, -1.6929 0.9449 2.3031, -1.5157 0.748 2.3031, -1.6929 0.748 2.3031, -1.2953 0.748 2.3031, -1.1142 0.748 2.3031, -1.2953 0.9449 2.3031, -1.1142 0.9449 2.3031, -0.8937 0.748 2.3031, -0.7126 0.748 2.3031, -0.8937 0.9449 2.3031, -0.7126 0.9449 2.3031, -0.4921 0.748 2.3031, -0.311 0.748 2.3031, -0.4921 0.9449 2.3031, -0.311 0.9449 2.3031, -0.0906 0.748 2.3031, 0.0906 0.748 2.3031, -0.0906 0.9449 2.3031, 0.0906 0.9449 2.3031, 0.311 0.748 2.3031, 0.4921 0.748 2.3031, 0.311 0.9449 2.3031, 0.4921 0.9449 2.3031, 0.7126 0.748 2.3031, 0.8937 0.748 2.3031, 0.7126 0.9449 2.3031, 0.8937 0.9449 2.3031, 1.1142 0.748 2.3031, 1.2953 0.748 2.3031, 1.1142 0.9449 2.3031, 1.2953 0.9449 2.3031, -1.6929 0.5512 2.1063, -1.5157 0.5512 2.1063, -1.1142 0.5512 2.1063, -1.2953 0.5512 2.1063, -0.7126 0.5512 2.1063, -0.8937 0.5512 2.1063, -0.311 0.5512 2.1063, -0.4921 0.5512 2.1063, 0.0906 0.5512 2.1063, -0.0906 0.5512 2.1063, 0.4921 0.5512 2.1063, 0.311 0.5512 2.1063, 0.8937 0.5512 2.1063, 0.7126 0.5512 2.1063, 1.2953 0.5512 2.1063, 1.1142 0.5512 2.1063, -1.2953 -2.0588 0.7216, -1.1142 -2.0588 0.7216, -1.2953 -2.1063 0.702, -1.1142 -2.1063 0.702, -1.2953 -2.1471 0.6707, -1.1142 -2.1471 0.6707, -1.2953 -2.1784 0.6299, -1.1142 -2.1784 0.6299, -1.2953 -2.198 0.5824, -1.1142 -2.198 0.5824, -0.8937 -2.0588 0.7216, -0.7126 -2.0588 0.7216, -0.8937 -2.1063 0.702, -0.7126 -2.1063 0.702, -0.8937 -2.1471 0.6707, -0.7126 -2.1471 0.6707, -0.8937 -2.1784 0.6299, -0.7126 -2.1784 0.6299, -0.8937 -2.198 0.5824, -0.7126 -2.198 0.5824, -0.4921 -2.0588 0.7216, -0.311 -2.0588 0.7216, -0.4921 -2.1063 0.702, -0.311 -2.1063 0.702, -0.4921 -2.1471 0.6707, -0.311 -2.1471 0.6707, -0.4921 -2.1784 0.6299, -0.311 -2.1784 0.6299, -0.4921 -2.198 0.5824, -0.311 -2.198 0.5824, -0.0906 -2.0588 0.7216, 0.0906 -2.0588 0.7216, -0.0906 -2.1063 0.702, 0.0906 -2.1063 0.702, -0.0906 -2.1471 0.6707, 0.0906 -2.1471 0.6707, -0.0906 -2.1784 0.6299, 0.0906 -2.1784 0.6299, -0.0906 -2.198 0.5824, 0.0906 -2.198 0.5824, 0.311 -2.0588 0.7216, 0.4921 -2.0588 0.7216, 0.311 -2.1063 0.702, 0.4921 -2.1063 0.702, 0.311 -2.1471 0.6707, 0.4921 -2.1471 0.6707, 0.311 -2.1784 0.6299, 0.4921 -2.1784 0.6299, 0.311 -2.198 0.5824, 0.4921 -2.198 0.5824, 0.7126 -2.0588 0.7216, 0.8937 -2.0588 0.7216, 0.7126 -2.1063 0.702, 0.8937 -2.1063 0.702, 0.7126 -2.1471 0.6707, 0.8937 -2.1471 0.6707, 0.7126 -2.1784 0.6299, 0.8937 -2.1784 0.6299, 0.7126 -2.198 0.5824, 0.8937 -2.198 0.5824, -1.5157 0.5579 2.1572, -1.6929 0.5579 2.1572, -1.5157 0.5776 2.2047, -1.6929 0.5776 2.2047, -1.5157 0.6088 2.2455, -1.6929 0.6088 2.2455, -1.5157 0.6496 2.2768, -1.6929 0.6496 2.2768, -1.5157 0.6971 2.2964, -1.6929 0.6971 2.2964, -1.1142 0.5579 2.1572, -1.2953 0.5579 2.1572, -1.1142 0.5776 2.2047, -1.2953 0.5776 2.2047, -1.1142 0.6088 2.2455, -1.2953 0.6088 2.2455, -1.1142 0.6496 2.2768, -1.2953 0.6496 2.2768, -1.1142 0.6971 2.2964, -1.2953 0.6971 2.2964, -0.7126 0.5579 2.1572, -0.8937 0.5579 2.1572, -0.7126 0.5776 2.2047, -0.8937 0.5776 2.2047, -0.7126 0.6088 2.2455, -0.8937 0.6088 2.2455, -0.7126 0.6496 2.2768, -0.8937 0.6496 2.2768, -0.7126 0.6971 2.2964, -0.8937 0.6971 2.2964, -0.311 0.5579 2.1572, -0.4921 0.5579 2.1572, -0.311 0.5776 2.2047, -0.4921 0.5776 2.2047, -0.311 0.6088 2.2455, -0.4921 0.6088 2.2455, -0.311 0.6496 2.2768, -0.4921 0.6496 2.2768, -0.311 0.6971 2.2964, -0.4921 0.6971 2.2964, 0.0906 0.5579 2.1572, -0.0906 0.5579 2.1572, 0.0906 0.5776 2.2047, -0.0906 0.5776 2.2047, 0.0906 0.6088 2.2455, -0.0906 0.6088 2.2455, 0.0906 0.6496 2.2768, -0.0906 0.6496 2.2768, 0.0906 0.6971 2.2964, -0.0906 0.6971 2.2964, 0.4921 0.5579 2.1572, 0.311 0.5579 2.1572, 0.4921 0.5776 2.2047, 0.311 0.5776 2.2047, 0.4921 0.6088 2.2455, 0.311 0.6088 2.2455, 0.4921 0.6496 2.2768, 0.311 0.6496 2.2768, 0.4921 0.6971 2.2964, 0.311 0.6971 2.2964, 0.8937 0.5579 2.1572, 0.7126 0.5579 2.1572, 0.8937 0.5776 2.2047, 0.7126 0.5776 2.2047, 0.8937 0.6088 2.2455, 0.7126 0.6088 2.2455, 0.8937 0.6496 2.2768, 0.7126 0.6496 2.2768, 0.8937 0.6971 2.2964, 0.7126 0.6971 2.2964, 1.2953 0.5579 2.1572, 1.1142 0.5579 2.1572, 1.2953 0.5776 2.2047, 1.1142 0.5776 2.2047, 1.2953 0.6088 2.2455, 1.1142 0.6088 2.2455, 1.2953 0.6496 2.2768, 1.1142 0.6496 2.2768, 1.2953 0.6971 2.2964, 1.1142 0.6971 2.2964, 2.3622 0.9449 0.7283, 1.6929 0.9449 0.7283, 1.6929 0.5512 0.7283, 1.5157 0.5512 0.7283, 1.5157 -2.9134 0.7283, 2.3622 -2.9134 0.7283, -1.5157 0.9449 0.2756, -1.5 0.9449 0.2756, -1.5 0.9449 0.3937, 2.3622 0.9449 2.6969, 2.3622 0.9449 3.0512, 1.6929 0.9449 2.3031, 1.5157 0.9449 2.3031, 0.4921 0.9449 0.3937, 0.7126 0.9449 0.3937, 1.2598 0.9449 4.0748, 0.7874 0.9449 4.9803, -0.7874 0.9449 4.9803, 0.7874 0.9449 4.0748, -0.7874 0.9449 4.0748, 2.3622 0.9449 1.5157, 2.6772 0.9449 1.5157, 2.6772 0.9449 2.6969, 1.2598 0.9449 3.0512, -1.1142 0.9449 0.3937, -0.8937 0.9449 0.3937, 1.2953 0.9449 0.3937, 1.5 0.9449 0.3937, -0.311 0.9449 0.3937, -0.0906 0.9449 0.3937, -1.2598 0.9449 4.0748, -1.2598 0.9449 3.0512, 1.5 0.9449 0.2756, 1.5157 0.9449 0.2756, 1.1142 0.9449 0.3937, 0.8937 0.9449 0.3937, -0.4921 0.9449 0.3937, -0.7126 0.9449 0.3937, -2.3622 0.9449 3.0512, -2.3622 0.9449 2.6969, -1.2953 0.9449 0.3937, -2.3622 0.9449 1.5157, -2.6772 0.9449 1.5157, -2.6772 0.9449 2.6969, 0.0906 0.9449 0.3937, 0.311 0.9449 0.3937, 0.7874 -2.9134 4.0748, 1.2598 -2.9134 4.0748, -2.3622 0.5512 3.0512, -1.2598 0.5512 3.0512, 1.2598 -2.9134 3.4055, 1.2598 0.5512 3.4055, 1.2598 0.5512 3.0512, 2.3622 0.5512 3.0512, -3.0398 -1.135 -0.0461, -3.0371 -1.1469 -0.0617, -3.0372 -1.147 0.0, -3.0282 -1.1811 -0.1575, -3.0282 -1.1811 -0.7874, -2.9913 -1.2734 -0.7874, -2.9913 -1.2734 0.0, -3.034 -1.16 -0.0787, -3.0316 -1.1691 -0.0972, -3.0298 -1.1757 -0.1167, -3.0286 -1.1798 -0.1369, -3.0497 -1.0644 -0.0054, -3.0508 -1.0442 -0.0014, -3.0512 -1.0236 0.0, -3.0479 -1.084 -0.012, -3.0455 -1.1024 -0.0211, -1.9602 -1.135 -0.0461, -1.9545 -1.1024 -0.0211, -1.9628 -1.147 0.0, -1.9521 -1.0839 -0.012, -1.9503 -1.0644 -0.0054, -1.9492 -1.0442 -0.0013, -1.9488 -1.0236 0.0, -1.9718 -1.1811 -0.1575, -1.9714 -1.1797 -0.1369, -2.0087 -1.2734 0.0, -1.9702 -1.1757 -0.1167, -1.9684 -1.1691 -0.0971, -1.966 -1.16 -0.0787, -1.9629 -1.1469 -0.0617, -2.9163 -1.3849 -0.7874, -2.9163 -1.3849 0.0, -2.8164 -1.475 -0.7874, -2.8164 -1.475 0.0, -2.6977 -1.5381 -0.7874, -2.6977 -1.5381 0.0, -2.5672 -1.5707 -0.7874, -2.5672 -1.5707 0.0, -2.4328 -1.5707 -0.7874, -2.4328 -1.5707 0.0, -2.3023 -1.5381 -0.7874, -2.3023 -1.5381 0.0, -2.1836 -1.475 -0.7874, -2.1836 -1.475 0.0, -2.0837 -1.3849 -0.7874, -2.0837 -1.3849 0.0, -2.0087 -1.2734 -0.7874, -1.9718 -1.1811 -0.7874, 1.9602 -1.135 -0.0461, 1.9629 -1.1469 -0.0617, 1.9628 -1.147 0.0, 1.9718 -1.1811 -0.1575, 1.9718 -1.1811 -0.7874, 2.0087 -1.2734 -0.7874, 2.0087 -1.2734 0.0, 1.966 -1.16 -0.0787, 1.9684 -1.1691 -0.0972, 1.9702 -1.1757 -0.1167, 1.9714 -1.1798 -0.1369, 1.9503 -1.0644 -0.0054, 1.9492 -1.0442 -0.0014, 1.9488 -1.0236 0.0, 1.9521 -1.084 -0.012, 1.9545 -1.1024 -0.0211, 3.0398 -1.135 -0.0461, 3.0455 -1.1024 -0.0211, 3.0372 -1.147 0.0, 3.0479 -1.0839 -0.012, 3.0497 -1.0644 -0.0054, 3.0508 -1.0442 -0.0013, 3.0512 -1.0236 0.0, 3.0282 -1.1811 -0.1575, 3.0286 -1.1797 -0.1369, 2.9913 -1.2734 0.0, 3.0298 -1.1757 -0.1167, 3.0316 -1.1691 -0.0971, 3.034 -1.16 -0.0787, 3.0371 -1.1469 -0.0617, 2.0837 -1.3849 -0.7874, 2.0837 -1.3849 0.0, 2.1836 -1.475 -0.7874, 2.1836 -1.475 0.0, 2.3023 -1.5381 -0.7874, 2.3023 -1.5381 0.0, 2.4328 -1.5707 -0.7874, 2.4328 -1.5707 0.0, 2.5672 -1.5707 -0.7874, 2.5672 -1.5707 0.0, 2.6977 -1.5381 -0.7874, 2.6977 -1.5381 0.0, 2.8164 -1.475 -0.7874, 2.8164 -1.475 0.0, 2.9163 -1.3849 -0.7874, 2.9163 -1.3849 0.0, 2.9913 -1.2734 -0.7874, 3.0282 -1.1811 -0.7874, 1.967 -1.1811 -0.7874, 3.033 -1.1811 -0.7874, 3.0027 -1.2605 -0.7874, 2.9438 -1.3582 -0.7874, 2.8662 -1.4417 -0.7874, 2.7732 -1.5076 -0.7874, 2.6686 -1.5532 -0.7874, 1.9973 -1.2606 -0.7874, 2.0562 -1.3582 -0.7874, 2.1338 -1.4417 -0.7874, 2.2269 -1.5076 -0.7874, 2.3314 -1.5532 -0.7874, 2.443 -1.5765 -0.7874, 2.557 -1.5765 -0.7874, 2.0472 -1.1811 -1.378, 2.9528 -1.1811 -1.378, 2.0765 -1.2483 -1.378, 2.9235 -1.2483 -1.378, 2.8653 -1.3341 -1.378, 2.397 -1.4918 -1.378, 2.2988 -1.4587 -1.378, 2.21 -1.4053 -1.378, 2.79 -1.4053 -1.378, 2.7012 -1.4587 -1.378, 2.603 -1.4918 -1.378, 2.5 -1.503 -1.378, 2.1347 -1.3341 -1.378, -3.033 -1.1811 -0.7874, -1.967 -1.1811 -0.7874, -1.9973 -1.2605 -0.7874, -2.0562 -1.3582 -0.7874, -2.1338 -1.4417 -0.7874, -2.2268 -1.5076 -0.7874, -2.3314 -1.5532 -0.7874, -3.0027 -1.2606 -0.7874, -2.9438 -1.3582 -0.7874, -2.8662 -1.4417 -0.7874, -2.7731 -1.5076 -0.7874, -2.6686 -1.5532 -0.7874, -2.557 -1.5765 -0.7874, -2.443 -1.5765 -0.7874, -2.9235 -1.2483 -1.378, -2.9528 -1.1811 -1.378, -2.0472 -1.1811 -1.378, -2.5 -1.503 -1.378, -2.603 -1.4918 -1.378, -2.0765 -1.2483 -1.378, -2.1347 -1.3341 -1.378, -2.21 -1.4053 -1.378, -2.2988 -1.4587 -1.378, -2.397 -1.4918 -1.378, -2.7012 -1.4587 -1.378, -2.79 -1.4053 -1.378, -2.8653 -1.3341 -1.378, -2.2755 -1.613 -0.8798, -2.3025 -1.5414 -1.3129, -2.2662 -1.5291 -1.3129, -2.1887 -1.5752 -0.8798, -2.1834 -1.4793 -1.3129, -2.1407 -1.5411 -0.8798, -2.163 -1.4671 -1.3129, -2.0827 -1.5 -0.8798, -2.0823 -1.3906 -1.3129, -2.0266 -1.4396 -0.8798, -2.0756 -1.3843 -1.3129, -1.9943 -1.4048 -0.8798, -2.008 -1.2847 -1.3129, -1.9395 -1.3141 -0.8798, -2.006 -1.2798 -1.3129, -1.9271 -1.2936 -0.8798, -1.9658 -1.1811 -1.3129, -1.8866 -1.1811 -0.8798, -2.3803 -1.5676 -1.3129, -2.3078 -1.6271 -0.8798, -2.4329 -1.5733 -1.3129, -3.1134 -1.1811 -0.8798, -3.0342 -1.1811 -1.3129, -3.0729 -1.2936 -0.8798, -2.994 -1.2798 -1.3129, -3.0605 -1.3141 -0.8798, -2.992 -1.2847 -1.3129, -3.0057 -1.4049 -0.8798, -2.9244 -1.3843 -1.3129, -2.9734 -1.4396 -0.8798, -2.9177 -1.3906 -1.3129, -2.9173 -1.5 -0.8798, -2.837 -1.4671 -1.3129, -2.8593 -1.5411 -0.8798, -2.8166 -1.4793 -1.3129, -2.8113 -1.5752 -0.8798, -2.7338 -1.5291 -1.3129, -2.7245 -1.613 -0.8798, -2.6975 -1.5414 -1.3129, -2.6922 -1.6271 -0.8798, -2.6197 -1.5676 -1.3129, -2.5765 -1.6512 -0.8798, -2.5671 -1.5733 -1.3129, -2.565 -1.6536 -0.8798, -2.5 -1.5806 -1.3129, -2.435 -1.6536 -0.8798, -2.4235 -1.6512 -0.8798, 2.7245 -1.613 -0.8798, 2.6975 -1.5414 -1.3129, 2.7338 -1.5291 -1.3129, 2.8113 -1.5752 -0.8798, 2.8166 -1.4793 -1.3129, 2.8593 -1.5411 -0.8798, 2.837 -1.4671 -1.3129, 2.9173 -1.5 -0.8798, 2.9177 -1.3906 -1.3129, 2.9734 -1.4396 -0.8798, 2.9244 -1.3843 -1.3129, 3.0057 -1.4048 -0.8798, 2.992 -1.2847 -1.3129, 3.0605 -1.3141 -0.8798, 2.994 -1.2798 -1.3129, 3.0729 -1.2936 -0.8798, 3.0342 -1.1811 -1.3129, 3.1134 -1.1811 -0.8798, 2.6197 -1.5676 -1.3129, 2.6922 -1.6271 -0.8798, 2.5671 -1.5733 -1.3129, 1.8866 -1.1811 -0.8798, 1.9658 -1.1811 -1.3129, 1.9271 -1.2936 -0.8798, 2.006 -1.2798 -1.3129, 1.9395 -1.3141 -0.8798, 2.008 -1.2847 -1.3129, 1.9943 -1.4049 -0.8798, 2.0756 -1.3843 -1.3129, 2.0266 -1.4396 -0.8798, 2.0823 -1.3906 -1.3129, 2.0827 -1.5 -0.8798, 2.163 -1.4671 -1.3129, 2.1407 -1.5411 -0.8798, 2.1834 -1.4793 -1.3129, 2.1887 -1.5752 -0.8798, 2.2662 -1.5291 -1.3129, 2.2755 -1.613 -0.8798, 2.3025 -1.5414 -1.3129, 2.3078 -1.6271 -0.8798, 2.3803 -1.5676 -1.3129, 2.4235 -1.6512 -0.8798, 2.4329 -1.5733 -1.3129, 2.435 -1.6536 -0.8798, 2.5 -1.5806 -1.3129, 2.565 -1.6536 -0.8798, 2.5765 -1.6512 -0.8798, -3.1144 -1.1811 -0.8722, -1.9484 -1.1811 -0.7895, -1.9797 -1.2688 -0.7898, -1.9468 -1.1811 -0.79, -1.9219 -1.1811 -0.8004, -1.9299 -1.1811 -0.796, -1.9632 -1.2766 -0.797, -1.9072 -1.1811 -0.8124, -1.9117 -1.1811 -0.8088, -1.9488 -1.2834 -0.8084, -1.8919 -1.1811 -0.8351, -1.8987 -1.1811 -0.8236, -1.9374 -1.2887 -0.8234, -1.9013 -1.1811 -0.8193, -1.9297 -1.2924 -0.8411, -1.8889 -1.1811 -0.8432, -1.9262 -1.294 -0.8603, -1.8854 -1.1811 -0.869, -1.8855 -1.1811 -0.861, -1.8857 -1.1811 -0.8603, -3.0738 -1.294 -0.8603, -3.1142 -1.1811 -0.8603, -3.0702 -1.2924 -0.8411, -3.1097 -1.1811 -0.8391, -3.1141 -1.1811 -0.8568, -3.0964 -1.1811 -0.8164, -3.1012 -1.1811 -0.8237, -3.0626 -1.2888 -0.8234, -3.1066 -1.1811 -0.8319, -3.0512 -1.2834 -0.8084, -3.0884 -1.1811 -0.8087, -3.0913 -1.1811 -0.811, -3.0436 -1.1811 -0.7881, -3.051 -1.1811 -0.7893, -3.0203 -1.2688 -0.7898, -3.0531 -1.1811 -0.7901, -3.0697 -1.1811 -0.7958, -3.0065 -1.4054 -0.8603, -2.9179 -1.5008 -0.8603, -2.8117 -1.576 -0.8603, -2.6924 -1.628 -0.8603, -2.5651 -1.6546 -0.8603, -2.4349 -1.6546 -0.8603, -2.3075 -1.628 -0.8603, -2.1882 -1.576 -0.8603, -2.0821 -1.5008 -0.8603, -1.9935 -1.4054 -0.8603, -1.9966 -1.4031 -0.8411, -2.0846 -1.4978 -0.8411, -2.1901 -1.5726 -0.8411, -2.3087 -1.6243 -0.8411, -2.4353 -1.6507 -0.8411, -2.5647 -1.6507 -0.8411, -2.6913 -1.6243 -0.8411, -2.8098 -1.5726 -0.8411, -2.9154 -1.4979 -0.8411, -3.0034 -1.4031 -0.8411, -2.0034 -1.398 -0.8234, -2.0902 -1.4914 -0.8234, -2.1943 -1.5652 -0.8234, -2.3113 -1.6162 -0.8234, -2.4362 -1.6423 -0.8234, -2.5638 -1.6423 -0.8234, -2.6887 -1.6162 -0.8234, -2.8057 -1.5652 -0.8234, -2.9098 -1.4915 -0.8234, -2.9966 -1.398 -0.8234, -2.0134 -1.3904 -0.8084, -2.0985 -1.482 -0.8084, -2.2005 -1.5543 -0.8084, -2.3151 -1.6042 -0.8084, -2.4375 -1.6297 -0.8084, -2.5625 -1.6297 -0.8084, -2.6849 -1.6042 -0.8084, -2.7995 -1.5543 -0.8084, -2.9015 -1.482 -0.8084, -2.9866 -1.3904 -0.8084, -2.0261 -1.3808 -0.797, -2.109 -1.47 -0.797, -2.2083 -1.5404 -0.797, -2.3199 -1.5891 -0.797, -2.4391 -1.6139 -0.797, -2.5609 -1.6139 -0.797, -2.68 -1.5891 -0.797, -2.7917 -1.5404 -0.797, -2.891 -1.47 -0.797, -2.9739 -1.3808 -0.797, -3.0368 -1.2766 -0.797, -3.0761 -1.1811 -0.7992, -2.0407 -1.3699 -0.7898, -2.121 -1.4563 -0.7898, -2.2173 -1.5245 -0.7898, -2.3255 -1.5717 -0.7898, -2.441 -1.5958 -0.7898, -2.559 -1.5958 -0.7898, -2.6745 -1.5717 -0.7898, -2.7827 -1.5246 -0.7898, -2.879 -1.4563 -0.7898, -2.9593 -1.3699 -0.7898, -2.1662 -1.4629 -1.3304, -2.2684 -1.5244 -1.3304, -2.3814 -1.5624 -1.3304, -2.8338 -1.4629 -1.3304, -2.9204 -1.3809 -1.3304, -1.9669 -1.1811 -1.3182, -1.9717 -1.1811 -1.3303, -2.0127 -1.2822 -1.3304, -2.0207 -1.2779 -1.3462, -1.9773 -1.1811 -1.3414, -1.9736 -1.1811 -1.3351, -2.0117 -1.1811 -1.3704, -2.0101 -1.1811 -1.3694, -2.0453 -1.2649 -1.3696, -1.9948 -1.1811 -1.3603, -2.0318 -1.2721 -1.3595, -1.9895 -1.1811 -1.3557, -1.9812 -1.1811 -1.3459, -2.0605 -1.2568 -1.3758, -2.0458 -1.1811 -1.3779, -2.0383 -1.1811 -1.3775, -2.0282 -1.1811 -1.3752, -2.0183 -1.1811 -1.373, -2.9535 -1.1811 -1.378, -2.9395 -1.2568 -1.3758, -2.9719 -1.1811 -1.3756, -2.9739 -1.1811 -1.3754, -2.9547 -1.2649 -1.3696, -2.9828 -1.1811 -1.3727, -2.9793 -1.2779 -1.3462, -3.008 -1.1811 -1.358, -2.9682 -1.2721 -1.3595, -3.0003 -1.1811 -1.3638, -2.9898 -1.1811 -1.3691, -2.9873 -1.2822 -1.3304, -3.0206 -1.1811 -1.3443, -3.019 -1.1811 -1.3461, -3.0322 -1.1811 -1.3213, -3.0296 -1.1811 -1.3284, -3.0286 -1.1811 -1.3303, -2.7089 -1.4752 -1.3758, -2.6069 -1.5096 -1.3758, -2.7161 -1.4908 -1.3696, -2.6106 -1.5263 -1.3696, -2.7225 -1.5047 -1.3595, -2.6139 -1.5413 -1.3595, -2.7277 -1.5161 -1.3462, -2.801 -1.4198 -1.3758, -2.8114 -1.4335 -1.3696, -2.8207 -1.4456 -1.3595, -2.8283 -1.4556 -1.3462, -2.6166 -1.5535 -1.3462, -2.6186 -1.5624 -1.3304, -2.7316 -1.5244 -1.3304, -2.8791 -1.3458 -1.3758, -2.8922 -1.357 -1.3696, -2.9039 -1.3669 -1.3595, -2.9134 -1.375 -1.3462, -2.5 -1.5753 -1.3304, -2.5 -1.5662 -1.3462, -2.5 -1.5536 -1.3595, -2.5 -1.5384 -1.3696, -2.5 -1.5212 -1.3758, -2.3834 -1.5535 -1.3462, -2.3861 -1.5413 -1.3595, -2.3894 -1.5263 -1.3696, -2.3931 -1.5096 -1.3758, -2.2723 -1.5161 -1.3462, -2.2775 -1.5047 -1.3595, -2.2839 -1.4908 -1.3696, -2.2911 -1.4752 -1.3758, -2.1717 -1.4556 -1.3462, -2.1793 -1.4456 -1.3595, -2.1886 -1.4335 -1.3696, -2.199 -1.4198 -1.3758, -2.0796 -1.3809 -1.3304, -2.0866 -1.375 -1.3462, -2.0961 -1.3669 -1.3595, -2.1078 -1.357 -1.3696, -2.1209 -1.3458 -1.3758, 1.8856 -1.1811 -0.8722, 3.0516 -1.1811 -0.7895, 3.0203 -1.2688 -0.7898, 3.0532 -1.1811 -0.79, 3.0781 -1.1811 -0.8004, 3.0701 -1.1811 -0.796, 3.0368 -1.2766 -0.797, 3.0928 -1.1811 -0.8124, 3.0883 -1.1811 -0.8088, 3.0512 -1.2834 -0.8084, 3.1081 -1.1811 -0.8351, 3.1013 -1.1811 -0.8236, 3.0626 -1.2887 -0.8234, 3.0987 -1.1811 -0.8193, 3.0703 -1.2924 -0.8411, 3.1111 -1.1811 -0.8432, 3.0738 -1.294 -0.8603, 3.1146 -1.1811 -0.869, 3.1145 -1.1811 -0.861, 3.1143 -1.1811 -0.8603, 1.9262 -1.294 -0.8603, 1.8858 -1.1811 -0.8603, 1.9298 -1.2924 -0.8411, 1.8903 -1.1811 -0.8391, 1.8859 -1.1811 -0.8568, 1.9036 -1.1811 -0.8164, 1.8988 -1.1811 -0.8237, 1.9374 -1.2888 -0.8234, 1.8934 -1.1811 -0.8319, 1.9488 -1.2834 -0.8084, 1.9116 -1.1811 -0.8087, 1.9087 -1.1811 -0.811, 1.9564 -1.1811 -0.7881, 1.949 -1.1811 -0.7893, 1.9797 -1.2688 -0.7898, 1.9469 -1.1811 -0.7901, 1.9303 -1.1811 -0.7958, 1.9935 -1.4054 -0.8603, 2.0821 -1.5008 -0.8603, 2.1883 -1.576 -0.8603, 2.3076 -1.628 -0.8603, 2.4349 -1.6546 -0.8603, 2.5651 -1.6546 -0.8603, 2.6925 -1.628 -0.8603, 2.8118 -1.576 -0.8603, 2.9179 -1.5008 -0.8603, 3.0065 -1.4054 -0.8603, 3.0034 -1.4031 -0.8411, 2.9154 -1.4978 -0.8411, 2.8099 -1.5726 -0.8411, 2.6913 -1.6243 -0.8411, 2.5647 -1.6507 -0.8411, 2.4353 -1.6507 -0.8411, 2.3087 -1.6243 -0.8411, 2.1902 -1.5726 -0.8411, 2.0846 -1.4979 -0.8411, 1.9966 -1.4031 -0.8411, 2.9966 -1.398 -0.8234, 2.9098 -1.4914 -0.8234, 2.8057 -1.5652 -0.8234, 2.6887 -1.6162 -0.8234, 2.5638 -1.6423 -0.8234, 2.4362 -1.6423 -0.8234, 2.3113 -1.6162 -0.8234, 2.1943 -1.5652 -0.8234, 2.0902 -1.4915 -0.8234, 2.0034 -1.398 -0.8234, 2.9866 -1.3904 -0.8084, 2.9015 -1.482 -0.8084, 2.7995 -1.5543 -0.8084, 2.6849 -1.6042 -0.8084, 2.5625 -1.6297 -0.8084, 2.4375 -1.6297 -0.8084, 2.3151 -1.6042 -0.8084, 2.2005 -1.5543 -0.8084, 2.0985 -1.482 -0.8084, 2.0134 -1.3904 -0.8084, 2.9739 -1.3808 -0.797, 2.891 -1.47 -0.797, 2.7917 -1.5404 -0.797, 2.6801 -1.5891 -0.797, 2.5609 -1.6139 -0.797, 2.4391 -1.6139 -0.797, 2.32 -1.5891 -0.797, 2.2083 -1.5404 -0.797, 2.109 -1.47 -0.797, 2.0261 -1.3808 -0.797, 1.9632 -1.2766 -0.797, 1.9239 -1.1811 -0.7992, 2.9593 -1.3699 -0.7898, 2.879 -1.4563 -0.7898, 2.7827 -1.5245 -0.7898, 2.6745 -1.5717 -0.7898, 2.559 -1.5958 -0.7898, 2.441 -1.5958 -0.7898, 2.3255 -1.5717 -0.7898, 2.2173 -1.5246 -0.7898, 2.121 -1.4563 -0.7898, 2.0407 -1.3699 -0.7898, 2.8338 -1.4629 -1.3304, 2.7316 -1.5244 -1.3304, 2.6186 -1.5624 -1.3304, 2.1662 -1.4629 -1.3304, 2.0796 -1.3809 -1.3304, 3.0331 -1.1811 -1.3182, 3.0283 -1.1811 -1.3303, 2.9873 -1.2822 -1.3304, 2.9793 -1.2779 -1.3462, 3.0227 -1.1811 -1.3414, 3.0264 -1.1811 -1.3351, 2.9883 -1.1811 -1.3704, 2.9899 -1.1811 -1.3694, 2.9547 -1.2649 -1.3696, 3.0052 -1.1811 -1.3603, 2.9682 -1.2721 -1.3595, 3.0105 -1.1811 -1.3557, 3.0188 -1.1811 -1.3459, 2.9395 -1.2568 -1.3758, 2.9542 -1.1811 -1.3779, 2.9617 -1.1811 -1.3775, 2.9718 -1.1811 -1.3752, 2.9817 -1.1811 -1.373, 2.0465 -1.1811 -1.378, 2.0605 -1.2568 -1.3758, 2.0281 -1.1811 -1.3756, 2.0261 -1.1811 -1.3754, 2.0453 -1.2649 -1.3696, 2.0172 -1.1811 -1.3727, 2.0207 -1.2779 -1.3462, 1.992 -1.1811 -1.358, 2.0318 -1.2721 -1.3595, 1.9997 -1.1811 -1.3638, 2.0102 -1.1811 -1.3691, 2.0127 -1.2822 -1.3304, 1.9794 -1.1811 -1.3443, 1.981 -1.1811 -1.3461, 1.9678 -1.1811 -1.3213, 1.9704 -1.1811 -1.3284, 1.9714 -1.1811 -1.3303, 2.2911 -1.4752 -1.3758, 2.3931 -1.5096 -1.3758, 2.2839 -1.4908 -1.3696, 2.3894 -1.5263 -1.3696, 2.2775 -1.5047 -1.3595, 2.3861 -1.5413 -1.3595, 2.2723 -1.5161 -1.3462, 2.199 -1.4198 -1.3758, 2.1886 -1.4335 -1.3696, 2.1793 -1.4456 -1.3595, 2.1717 -1.4556 -1.3462, 2.3834 -1.5535 -1.3462, 2.3814 -1.5624 -1.3304, 2.2684 -1.5244 -1.3304, 2.1209 -1.3458 -1.3758, 2.1078 -1.357 -1.3696, 2.0961 -1.3669 -1.3595, 2.0866 -1.375 -1.3462, 2.5 -1.5753 -1.3304, 2.5 -1.5662 -1.3462, 2.5 -1.5536 -1.3595, 2.5 -1.5384 -1.3696, 2.5 -1.5212 -1.3758, 2.6166 -1.5535 -1.3462, 2.6139 -1.5413 -1.3595, 2.6106 -1.5263 -1.3696, 2.6069 -1.5096 -1.3758, 2.7277 -1.5161 -1.3462, 2.7225 -1.5047 -1.3595, 2.7161 -1.4908 -1.3696, 2.7089 -1.4752 -1.3758, 2.8283 -1.4556 -1.3462, 2.8207 -1.4456 -1.3595, 2.8114 -1.4335 -1.3696, 2.801 -1.4198 -1.3758, 2.9204 -1.3809 -1.3304, 2.9134 -1.375 -1.3462, 2.9039 -1.3669 -1.3595, 2.8922 -1.357 -1.3696, 2.8791 -1.3458 -1.3758, -1.9602 -0.9123 -0.0461, -1.9651 -0.891 -0.0739, -1.965 -0.8909 0.0, -1.9718 -0.8661 -0.1575, -1.9718 -0.8661 -0.7874, -2.0127 -0.7661 -0.7874, -2.0127 -0.7661 0.0, -1.966 -0.8872 -0.0787, -1.9684 -0.8781 -0.0972, -1.9702 -0.8715 -0.1167, -1.9714 -0.8675 -0.1369, -1.9503 -0.9829 -0.0054, -1.9492 -1.003 -0.0014, -1.9521 -0.9633 -0.012, -1.9545 -0.9449 -0.0211, -3.0398 -0.9123 -0.0461, -3.0455 -0.9449 -0.0211, -3.0374 -0.901 0.0, -3.0479 -0.9633 -0.012, -3.0497 -0.9829 -0.0054, -3.0508 -1.0031 -0.0013, -3.0282 -0.8661 -0.1575, -3.0286 -0.8675 -0.1369, -2.9921 -0.7753 0.0, -3.0298 -0.8715 -0.1167, -3.0316 -0.8782 -0.0971, -3.034 -0.8872 -0.0787, -3.0372 -0.9011 -0.0607, -2.089 -0.6563 -0.7874, -2.089 -0.6563 0.0, -2.1895 -0.5682 -0.7874, -2.1895 -0.5682 0.0, -2.3083 -0.5069 -0.7874, -2.3083 -0.5069 0.0, -2.4383 -0.4759 -0.7874, -2.4383 -0.4759 0.0, -2.572 -0.4772 -0.7874, -2.572 -0.4772 0.0, -2.7014 -0.5106 -0.7874, -2.7014 -0.5106 0.0, -2.819 -0.5741 -0.7874, -2.819 -0.5741 0.0, -2.9178 -0.6641 -0.7874, -2.9178 -0.6641 0.0, -2.9921 -0.7753 -0.7874, -3.0282 -0.8661 -0.7874, -2.0098 2.9921 3.7402, -2.0492 2.9921 3.7402, -2.0492 2.5984 3.7402, -2.4429 2.9921 3.7402, -2.4823 2.9921 3.7402, -2.4429 2.5984 3.7402, -2.4429 2.9921 0.3937, -2.5591 2.9921 3.1546, -2.5398 2.9921 3.4499, -1.9523 2.9921 3.4499, -1.9331 2.9921 3.1546, -2.0492 2.9921 0.3937, -1.9331 2.9921 0.0, -2.5591 2.9921 0.0, 3.0398 -0.9123 -0.0461, 3.0349 -0.891 -0.0739, 3.035 -0.8909 0.0, 3.0282 -0.8661 -0.1575, 3.0282 -0.8661 -0.7874, 2.9873 -0.7661 -0.7874, 2.9873 -0.7661 0.0, 3.034 -0.8872 -0.0787, 3.0316 -0.8781 -0.0972, 3.0298 -0.8715 -0.1167, 3.0286 -0.8675 -0.1369, 3.0497 -0.9829 -0.0054, 3.0508 -1.003 -0.0014, 3.0479 -0.9633 -0.012, 3.0455 -0.9449 -0.0211, 1.9602 -0.9123 -0.0461, 1.9545 -0.9449 -0.0211, 1.9626 -0.901 0.0, 1.9521 -0.9633 -0.012, 1.9503 -0.9829 -0.0054, 1.9492 -1.0031 -0.0013, 1.9718 -0.8661 -0.1575, 1.9714 -0.8675 -0.1369, 2.0079 -0.7753 0.0, 1.9702 -0.8715 -0.1167, 1.9684 -0.8782 -0.0971, 1.966 -0.8872 -0.0787, 1.9628 -0.9011 -0.0607, 2.911 -0.6563 -0.7874, 2.911 -0.6563 0.0, 2.8105 -0.5682 -0.7874, 2.8105 -0.5682 0.0, 2.6917 -0.5069 -0.7874, 2.6917 -0.5069 0.0, 2.5617 -0.4759 -0.7874, 2.5617 -0.4759 0.0, 2.428 -0.4772 -0.7874, 2.428 -0.4772 0.0, 2.2986 -0.5106 -0.7874, 2.2986 -0.5106 0.0, 2.181 -0.5741 -0.7874, 2.181 -0.5741 0.0, 2.0822 -0.6641 -0.7874, 2.0822 -0.6641 0.0, 2.0079 -0.7753 -0.7874, 1.9718 -0.8661 -0.7874, 1.0984 0.7362 0.0, 1.0984 0.7362 0.2756, 1.311 0.7362 0.0, 1.1142 0.7362 0.2756, 1.311 0.7362 0.2756, 1.2953 0.7362 0.2756, 1.2953 0.7362 0.3937, 1.1142 0.7362 0.3937, 0.2953 0.7362 0.0, 0.2953 0.7362 0.2756, 0.5079 0.7362 0.0, 0.311 0.7362 0.2756, 0.5079 0.7362 0.2756, 0.4921 0.7362 0.2756, 0.4921 0.7362 0.3937, 0.311 0.7362 0.3937, -0.1063 0.7362 0.0, -0.1063 0.7362 0.2756, 0.1063 0.7362 0.0, -0.0906 0.7362 0.2756, 0.1063 0.7362 0.2756, 0.0906 0.7362 0.2756, 0.0906 0.7362 0.3937, -0.0906 0.7362 0.3937, -0.5079 0.7362 0.0, -0.5079 0.7362 0.2756, -0.2953 0.7362 0.0, -0.4921 0.7362 0.2756, -0.2953 0.7362 0.2756, -0.311 0.7362 0.2756, -0.311 0.7362 0.3937, -0.4921 0.7362 0.3937, -0.9094 0.7362 0.0, -0.9094 0.7362 0.2756, -0.6969 0.7362 0.0, -0.8937 0.7362 0.2756, -0.6969 0.7362 0.2756, -0.7126 0.7362 0.2756, -0.7126 0.7362 0.3937, -0.8937 0.7362 0.3937, -1.311 0.7362 0.0, -1.311 0.7362 0.2756, -1.0984 0.7362 0.0, -1.2953 0.7362 0.2756, -1.0984 0.7362 0.2756, -1.1142 0.7362 0.2756, -1.1142 0.7362 0.3937, -1.2953 0.7362 0.3937, 1.6575 2.9921 5.1181, 1.6575 2.9921 0.0, 1.5 2.9921 0.3937, 1.5 2.9921 0.0, -1.5 2.9921 0.0, -1.6575 2.9921 0.0, -1.5 2.9921 0.3937, -1.6575 2.9921 5.1181, 1.2638 2.9921 4.8031, 1.2638 2.9921 0.7874, -1.2638 2.9921 0.7874, -1.2638 2.9921 4.8031, 3.0315 2.9921 0.0, 2.8346 2.9921 0.0, 3.0315 2.9921 5.1181, 2.8346 2.9921 5.1181, 3.1299 1.372 5.1181, 3.1299 1.372 0.0, -3.0315 2.9921 5.1181, -2.8346 2.9921 5.1181, -3.0315 2.9921 0.0, -2.8346 2.9921 0.0, -3.1299 1.372 0.0, -3.1299 1.372 5.1181, 3.0315 1.4173 5.1181, 3.0846 1.4173 5.1181, 3.1239 1.3947 5.1181, 3.1167 1.4041 5.1181, 3.1073 1.4113 5.1181, 3.1284 1.3838 5.1181, 3.0964 1.4158 5.1181, -3.0315 1.4173 5.1181, -3.1284 1.3838 5.1181, -3.0846 1.4173 5.1181, -3.0964 1.4158 5.1181, -3.1073 1.4113 5.1181, -3.1167 1.4041 5.1181, -3.1239 1.3947 5.1181, 1.9331 2.9921 0.0, 2.5591 2.9921 0.0, -3.0846 1.4173 0.0, -3.0315 1.4173 0.0, -1.0984 -0.2362 0.0, -0.6969 0.4646 0.0, 3.0315 1.4173 0.0, -0.2953 -0.2362 0.0, -0.1063 -0.2362 0.0, -0.5079 0.4646 0.0, -1.5 0.4646 0.0, 0.1063 0.4646 0.0, -3.1284 1.3838 0.0, -3.1239 1.3947 0.0, -3.1167 1.4041 0.0, -0.9094 -0.2362 0.0, -1.311 0.4646 0.0, -3.1073 1.4113 0.0, -3.0964 1.4158 0.0, 0.2953 0.4646 0.0, 0.5079 -0.2362 0.0, 0.6969 0.7362 0.0, 0.9094 0.7362 0.0, 0.9094 0.4646 0.0, 1.0984 0.4646 0.0, 1.311 -0.2362 0.0, 0.6969 -0.2362 0.0, 1.5 -0.2362 0.0, 3.0846 1.4173 0.0, 3.1284 1.3838 0.0, 3.0964 1.4158 0.0, 3.1073 1.4113 0.0, 3.1167 1.4041 0.0, 3.1239 1.3947 0.0, 1.5 -0.2362 0.2756, -1.5 0.4646 0.2756, 0.6969 0.7362 0.2756, 0.7126 0.7362 0.2756, 0.9094 0.7362 0.2756, 0.8937 0.7362 0.2756, 0.8937 0.7362 0.3937, 0.7126 0.7362 0.3937, -1.311 0.4646 0.2756, -1.0984 -0.2362 0.2756, -0.9094 -0.2362 0.2756, -0.6969 0.4646 0.2756, -0.5079 0.4646 0.2756, -0.2953 -0.2362 0.2756, -0.1063 -0.2362 0.2756, 0.1063 0.4646 0.2756, 0.2953 0.4646 0.2756, 0.5079 -0.2362 0.2756, 0.6969 -0.2362 0.2756, 1.0984 0.4646 0.2756, 0.9094 0.4646 0.2756, 1.311 -0.2362 0.2756, 2.4823 2.9921 3.7402, 2.4429 2.9921 3.7402, 2.4429 2.5984 3.7402, 2.0492 2.9921 3.7402, 2.0098 2.9921 3.7402, 2.0492 2.5984 3.7402, 1.9331 2.9921 3.1546, 1.9523 2.9921 3.4499, 2.5591 2.9921 3.1546, 2.5398 2.9921 3.4499, 2.0492 2.9921 0.3937, 2.4429 2.9921 0.3937, 2.4429 2.5984 0.3937, 2.0492 2.5984 0.3937, 1.967 -0.8661 -0.7874, 1.9973 -0.7867 -0.7874, 2.0562 -0.6891 -0.7874, 2.1338 -0.6056 -0.7874, 2.2268 -0.5396 -0.7874, 2.3314 -0.4941 -0.7874, 2.443 -0.4708 -0.7874, 2.557 -0.4708 -0.7874, 2.6686 -0.4941 -0.7874, 2.7732 -0.5396 -0.7874, 2.8662 -0.6056 -0.7874, 2.9438 -0.6891 -0.7874, 3.0027 -0.7867 -0.7874, 3.033 -0.8661 -0.7874, 2.9528 -0.8661 -1.378, 2.0472 -0.8661 -1.378, 2.9235 -0.7989 -1.378, 2.0765 -0.7989 -1.378, 2.1347 -0.7132 -1.378, 2.21 -0.6419 -1.378, 2.2988 -0.5885 -1.378, 2.397 -0.5554 -1.378, 2.603 -0.5554 -1.378, 2.7012 -0.5885 -1.378, 2.79 -0.6419 -1.378, 2.5 -0.5442 -1.378, 2.8653 -0.7132 -1.378, -2.0492 2.5984 0.3937, -2.4429 2.5984 0.3937, -3.033 -0.8661 -0.7874, -3.0027 -0.7867 -0.7874, -2.9438 -0.6891 -0.7874, -2.8662 -0.6056 -0.7874, -2.7732 -0.5396 -0.7874, -2.6686 -0.4941 -0.7874, -2.557 -0.4708 -0.7874, -2.443 -0.4708 -0.7874, -2.3314 -0.4941 -0.7874, -2.2268 -0.5396 -0.7874, -2.1338 -0.6056 -0.7874, -2.0562 -0.6891 -0.7874, -1.9973 -0.7867 -0.7874, -1.967 -0.8661 -0.7874, -2.0472 -0.8661 -1.378, -2.9528 -0.8661 -1.378, -2.0765 -0.7989 -1.378, -2.9235 -0.7989 -1.378, -2.8653 -0.7132 -1.378, -2.79 -0.6419 -1.378, -2.7012 -0.5885 -1.378, -2.603 -0.5554 -1.378, -2.5 -0.5442 -1.378, -2.397 -0.5554 -1.378, -2.2988 -0.5885 -1.378, -2.21 -0.6419 -1.378, -2.1347 -0.7132 -1.378, -2.7245 -0.4343 -0.8798, -2.6975 -0.5059 -1.3129, -2.7338 -0.5181 -1.3129, -2.8113 -0.4721 -0.8798, -2.8166 -0.5679 -1.3129, -2.8593 -0.5061 -0.8798, -2.837 -0.5802 -1.3129, -2.9173 -0.5472 -0.8798, -2.9177 -0.6566 -1.3129, -2.9734 -0.6076 -0.8798, -2.9244 -0.6629 -1.3129, -3.0057 -0.6424 -0.8798, -2.992 -0.7626 -1.3129, -3.0605 -0.7332 -0.8798, -2.994 -0.7675 -1.3129, -3.0729 -0.7537 -0.8798, -3.0342 -0.8661 -1.3129, -3.1134 -0.8661 -0.8798, -2.6197 -0.4797 -1.3129, -2.6922 -0.4202 -0.8798, -2.5671 -0.474 -1.3129, -1.8866 -0.8661 -0.8798, -1.9658 -0.8661 -1.3129, -1.9271 -0.7537 -0.8798, -2.006 -0.7675 -1.3129, -1.9395 -0.7332 -0.8798, -2.008 -0.7626 -1.3129, -1.9943 -0.6424 -0.8798, -2.0756 -0.6629 -1.3129, -2.0266 -0.6076 -0.8798, -2.0823 -0.6566 -1.3129, -2.0827 -0.5472 -0.8798, -2.163 -0.5802 -1.3129, -2.1407 -0.5061 -0.8798, -2.1834 -0.5679 -1.3129, -2.1887 -0.4721 -0.8798, -2.2662 -0.5181 -1.3129, -2.2755 -0.4343 -0.8798, -2.3025 -0.5059 -1.3129, -2.3078 -0.4202 -0.8798, -2.3803 -0.4797 -1.3129, -2.4235 -0.396 -0.8798, -2.4329 -0.474 -1.3129, -2.435 -0.3937 -0.8798, -2.5 -0.4667 -1.3129, -2.565 -0.3937 -0.8798, -2.5765 -0.396 -0.8798, 2.2755 -0.4343 -0.8798, 2.3025 -0.5059 -1.3129, 2.2662 -0.5181 -1.3129, 2.1887 -0.4721 -0.8798, 2.1834 -0.5679 -1.3129, 2.1407 -0.5061 -0.8798, 2.163 -0.5802 -1.3129, 2.0827 -0.5472 -0.8798, 2.0823 -0.6566 -1.3129, 2.0266 -0.6076 -0.8798, 2.0756 -0.6629 -1.3129, 1.9943 -0.6424 -0.8798, 2.008 -0.7626 -1.3129, 1.9395 -0.7332 -0.8798, 2.006 -0.7675 -1.3129, 1.9271 -0.7537 -0.8798, 1.9658 -0.8661 -1.3129, 1.8866 -0.8661 -0.8798, 2.3803 -0.4797 -1.3129, 2.3078 -0.4202 -0.8798, 2.4329 -0.474 -1.3129, 3.1134 -0.8661 -0.8798, 3.0342 -0.8661 -1.3129, 3.0729 -0.7537 -0.8798, 2.994 -0.7675 -1.3129, 3.0605 -0.7332 -0.8798, 2.992 -0.7626 -1.3129, 3.0057 -0.6424 -0.8798, 2.9244 -0.6629 -1.3129, 2.9734 -0.6076 -0.8798, 2.9177 -0.6566 -1.3129, 2.9173 -0.5472 -0.8798, 2.837 -0.5802 -1.3129, 2.8593 -0.5061 -0.8798, 2.8166 -0.5679 -1.3129, 2.8113 -0.4721 -0.8798, 2.7338 -0.5181 -1.3129, 2.7245 -0.4343 -0.8798, 2.6975 -0.5059 -1.3129, 2.6922 -0.4202 -0.8798, 2.6197 -0.4797 -1.3129, 2.5765 -0.396 -0.8798, 2.5671 -0.474 -1.3129, 2.565 -0.3937 -0.8798, 2.5 -0.4667 -1.3129, 2.435 -0.3937 -0.8798, 2.4235 -0.396 -0.8798, -3.0491 -0.8661 -0.7889, -1.8855 -0.8661 -0.8619, -1.9262 -0.7532 -0.8603, -1.8856 -0.8661 -0.8603, -1.9297 -0.7549 -0.8411, -1.8895 -0.8661 -0.8413, -1.8857 -0.8661 -0.8591, -1.9019 -0.8661 -0.8185, -1.8988 -0.8661 -0.8237, -1.9374 -0.7585 -0.8234, -1.8923 -0.8661 -0.8343, -1.9488 -0.7639 -0.8084, -1.9117 -0.8661 -0.8088, -1.9067 -0.8661 -0.813, -1.9632 -0.7707 -0.797, -1.9277 -0.8661 -0.7971, -1.9214 -0.8661 -0.8008, -1.9797 -0.7784 -0.7898, -1.9468 -0.8661 -0.7899, -1.9461 -0.8661 -0.79, -1.9534 -0.8661 -0.7885, -3.0679 -0.8661 -0.7949, -3.0531 -0.8661 -0.7902, -3.0203 -0.7784 -0.7898, -3.0759 -0.8661 -0.7991, -3.0721 -0.8661 -0.7971, -3.0368 -0.7707 -0.797, -3.0911 -0.8661 -0.8107, -3.0884 -0.8661 -0.8087, -3.0512 -0.7639 -0.8084, -3.1071 -0.8661 -0.833, -3.1012 -0.8661 -0.8237, -3.0626 -0.7585 -0.8234, -3.0972 -0.8661 -0.8174, -3.1141 -0.8661 -0.8568, -3.1104 -0.8661 -0.841, -3.0703 -0.7549 -0.8411, -3.0738 -0.7532 -0.8603, -3.1141 -0.8661 -0.8603, -3.1142 -0.8661 -0.8748, -1.9935 -0.6418 -0.8603, -2.0821 -0.5465 -0.8603, -2.1882 -0.4712 -0.8603, -2.3075 -0.4192 -0.8603, -2.4349 -0.3927 -0.8603, -2.5651 -0.3927 -0.8603, -2.6925 -0.4192 -0.8603, -2.8118 -0.4712 -0.8603, -2.9179 -0.5465 -0.8603, -3.0065 -0.6418 -0.8603, -3.0034 -0.6442 -0.8411, -2.9154 -0.5494 -0.8411, -2.8099 -0.4746 -0.8411, -2.6913 -0.4229 -0.8411, -2.5647 -0.3965 -0.8411, -2.4353 -0.3965 -0.8411, -2.3087 -0.4229 -0.8411, -2.1902 -0.4746 -0.8411, -2.0846 -0.5494 -0.8411, -1.9966 -0.6442 -0.8411, -2.9966 -0.6493 -0.8234, -2.9098 -0.5558 -0.8234, -2.8057 -0.482 -0.8234, -2.6887 -0.431 -0.8234, -2.5638 -0.405 -0.8234, -2.4362 -0.405 -0.8234, -2.3113 -0.431 -0.8234, -2.1943 -0.482 -0.8234, -2.0902 -0.5558 -0.8234, -2.0034 -0.6493 -0.8234, -2.9866 -0.6569 -0.8084, -2.9015 -0.5653 -0.8084, -2.7995 -0.493 -0.8084, -2.6849 -0.443 -0.8084, -2.5625 -0.4175 -0.8084, -2.4375 -0.4175 -0.8084, -2.3151 -0.443 -0.8084, -2.2005 -0.493 -0.8084, -2.0985 -0.5653 -0.8084, -2.0134 -0.6569 -0.8084, -2.9739 -0.6664 -0.797, -2.891 -0.5772 -0.797, -2.7917 -0.5068 -0.797, -2.6801 -0.4582 -0.797, -2.5609 -0.4333 -0.797, -2.4391 -0.4333 -0.797, -2.3199 -0.4582 -0.797, -2.2083 -0.5068 -0.797, -2.109 -0.5772 -0.797, -2.0261 -0.6664 -0.797, -2.9593 -0.6774 -0.7898, -2.879 -0.5909 -0.7898, -2.7827 -0.5227 -0.7898, -2.6745 -0.4755 -0.7898, -2.559 -0.4515 -0.7898, -2.441 -0.4515 -0.7898, -2.3255 -0.4755 -0.7898, -2.2173 -0.5227 -0.7898, -2.121 -0.5909 -0.7898, -2.0407 -0.6774 -0.7898, -2.8338 -0.5843 -1.3304, -2.7316 -0.5229 -1.3304, -2.6186 -0.4848 -1.3304, -2.1662 -0.5843 -1.3304, -2.0796 -0.6663 -1.3304, -2.0403 -0.8661 -1.3777, -2.0605 -0.7904 -1.3758, -2.0282 -0.8661 -1.3753, -2.0203 -0.8661 -1.3737, -2.0453 -0.7823 -1.3696, -2.0115 -0.8661 -1.3703, -1.9948 -0.8661 -1.3602, -2.0318 -0.7752 -1.3595, -1.994 -0.8661 -1.3595, -1.9876 -0.8661 -1.3539, -2.0207 -0.7693 -1.3462, -1.9812 -0.8661 -1.3459, -1.976 -0.8661 -1.3394, -2.0127 -0.765 -1.3304, -1.9717 -0.8661 -1.3314, -1.9714 -0.8661 -1.3304, -3.0289 -0.8661 -1.33, -3.0287 -0.8661 -1.3304, -2.9873 -0.765 -1.3304, -2.9793 -0.7693 -1.3462, -3.0206 -0.8661 -1.3443, -3.0278 -0.8661 -1.3324, -2.9682 -0.7752 -1.3595, -3.0077 -0.8661 -1.3582, -3.019 -0.8661 -1.3461, -2.9834 -0.8661 -1.3724, -2.9898 -0.8661 -1.3691, -2.9547 -0.7823 -1.3696, -3.001 -0.8661 -1.3633, -3.006 -0.8661 -1.3595, -2.9764 -0.8661 -1.3747, -2.9395 -0.7904 -1.3758, -2.9719 -0.8661 -1.3754, -2.9561 -0.8661 -1.3779, -2.2911 -0.572 -1.3758, -2.3931 -0.5377 -1.3758, -2.2839 -0.5564 -1.3696, -2.3894 -0.5209 -1.3696, -2.2775 -0.5426 -1.3595, -2.3861 -0.506 -1.3595, -2.2723 -0.5312 -1.3462, -2.199 -0.6274 -1.3758, -2.1886 -0.6138 -1.3696, -2.1793 -0.6016 -1.3595, -2.1717 -0.5916 -1.3462, -2.3834 -0.4937 -1.3462, -2.3814 -0.4848 -1.3304, -2.2684 -0.5229 -1.3304, -2.1209 -0.7014 -1.3758, -2.1078 -0.6903 -1.3696, -2.0961 -0.6804 -1.3595, -2.0866 -0.6723 -1.3462, -2.5 -0.4719 -1.3304, -2.5 -0.4811 -1.3462, -2.5 -0.4936 -1.3595, -2.5 -0.5089 -1.3696, -2.5 -0.5261 -1.3758, -2.6166 -0.4937 -1.3462, -2.6139 -0.506 -1.3595, -2.6106 -0.5209 -1.3696, -2.6069 -0.5377 -1.3758, -2.7277 -0.5312 -1.3462, -2.7225 -0.5426 -1.3595, -2.7161 -0.5564 -1.3696, -2.7089 -0.572 -1.3758, -2.8283 -0.5916 -1.3462, -2.8207 -0.6016 -1.3595, -2.8114 -0.6138 -1.3696, -2.801 -0.6274 -1.3758, -2.9204 -0.6663 -1.3304, -2.9134 -0.6723 -1.3462, -2.9039 -0.6804 -1.3595, -2.8922 -0.6903 -1.3696, -2.8791 -0.7014 -1.3758, 1.9509 -0.8661 -0.7889, 3.1145 -0.8661 -0.8619, 3.0738 -0.7532 -0.8603, 3.1144 -0.8661 -0.8603, 3.0703 -0.7549 -0.8411, 3.1105 -0.8661 -0.8413, 3.1143 -0.8661 -0.8591, 3.0981 -0.8661 -0.8185, 3.1012 -0.8661 -0.8237, 3.0626 -0.7585 -0.8234, 3.1077 -0.8661 -0.8343, 3.0512 -0.7639 -0.8084, 3.0883 -0.8661 -0.8088, 3.0933 -0.8661 -0.813, 3.0368 -0.7707 -0.797, 3.0723 -0.8661 -0.7971, 3.0786 -0.8661 -0.8008, 3.0203 -0.7784 -0.7898, 3.0532 -0.8661 -0.7899, 3.0539 -0.8661 -0.79, 3.0466 -0.8661 -0.7885, 1.9321 -0.8661 -0.7949, 1.9469 -0.8661 -0.7902, 1.9797 -0.7784 -0.7898, 1.9241 -0.8661 -0.7991, 1.9279 -0.8661 -0.7971, 1.9632 -0.7707 -0.797, 1.9089 -0.8661 -0.8107, 1.9116 -0.8661 -0.8087, 1.9488 -0.7639 -0.8084, 1.8929 -0.8661 -0.833, 1.8988 -0.8661 -0.8237, 1.9374 -0.7585 -0.8234, 1.9028 -0.8661 -0.8174, 1.8859 -0.8661 -0.8568, 1.8896 -0.8661 -0.841, 1.9297 -0.7549 -0.8411, 1.9262 -0.7532 -0.8603, 1.8859 -0.8661 -0.8603, 1.8858 -0.8661 -0.8748, 3.0065 -0.6418 -0.8603, 2.9179 -0.5465 -0.8603, 2.8118 -0.4712 -0.8603, 2.6925 -0.4192 -0.8603, 2.5651 -0.3927 -0.8603, 2.4349 -0.3927 -0.8603, 2.3075 -0.4192 -0.8603, 2.1882 -0.4712 -0.8603, 2.0821 -0.5465 -0.8603, 1.9935 -0.6418 -0.8603, 1.9966 -0.6442 -0.8411, 2.0846 -0.5494 -0.8411, 2.1901 -0.4746 -0.8411, 2.3087 -0.4229 -0.8411, 2.4353 -0.3965 -0.8411, 2.5647 -0.3965 -0.8411, 2.6913 -0.4229 -0.8411, 2.8098 -0.4746 -0.8411, 2.9154 -0.5494 -0.8411, 3.0034 -0.6442 -0.8411, 2.0034 -0.6493 -0.8234, 2.0902 -0.5558 -0.8234, 2.1943 -0.482 -0.8234, 2.3113 -0.431 -0.8234, 2.4362 -0.405 -0.8234, 2.5638 -0.405 -0.8234, 2.6887 -0.431 -0.8234, 2.8057 -0.482 -0.8234, 2.9098 -0.5558 -0.8234, 2.9966 -0.6493 -0.8234, 2.0134 -0.6569 -0.8084, 2.0985 -0.5653 -0.8084, 2.2005 -0.493 -0.8084, 2.3151 -0.443 -0.8084, 2.4375 -0.4175 -0.8084, 2.5625 -0.4175 -0.8084, 2.6849 -0.443 -0.8084, 2.7995 -0.493 -0.8084, 2.9015 -0.5653 -0.8084, 2.9866 -0.6569 -0.8084, 2.0261 -0.6664 -0.797, 2.109 -0.5772 -0.797, 2.2083 -0.5068 -0.797, 2.3199 -0.4582 -0.797, 2.4391 -0.4333 -0.797, 2.5609 -0.4333 -0.797, 2.6801 -0.4582 -0.797, 2.7917 -0.5068 -0.797, 2.891 -0.5772 -0.797, 2.9739 -0.6664 -0.797, 2.0407 -0.6774 -0.7898, 2.121 -0.5909 -0.7898, 2.2173 -0.5227 -0.7898, 2.3255 -0.4755 -0.7898, 2.441 -0.4515 -0.7898, 2.559 -0.4515 -0.7898, 2.6745 -0.4755 -0.7898, 2.7827 -0.5227 -0.7898, 2.879 -0.5909 -0.7898, 2.9593 -0.6774 -0.7898, 2.1662 -0.5843 -1.3304, 2.2684 -0.5229 -1.3304, 2.3814 -0.4848 -1.3304, 2.8338 -0.5843 -1.3304, 2.9204 -0.6663 -1.3304, 2.9597 -0.8661 -1.3777, 2.9395 -0.7904 -1.3758, 2.9718 -0.8661 -1.3753, 2.9797 -0.8661 -1.3737, 2.9547 -0.7823 -1.3696, 2.9885 -0.8661 -1.3703, 3.0052 -0.8661 -1.3602, 2.9682 -0.7752 -1.3595, 3.006 -0.8661 -1.3595, 3.0124 -0.8661 -1.3539, 2.9793 -0.7693 -1.3462, 3.0188 -0.8661 -1.3459, 3.024 -0.8661 -1.3394, 2.9873 -0.765 -1.3304, 3.0283 -0.8661 -1.3314, 3.0286 -0.8661 -1.3304, 1.9711 -0.8661 -1.33, 1.9713 -0.8661 -1.3304, 2.0127 -0.765 -1.3304, 2.0207 -0.7693 -1.3462, 1.9794 -0.8661 -1.3443, 1.9722 -0.8661 -1.3324, 2.0318 -0.7752 -1.3595, 1.9923 -0.8661 -1.3582, 1.981 -0.8661 -1.3461, 2.0166 -0.8661 -1.3724, 2.0102 -0.8661 -1.3691, 2.0453 -0.7823 -1.3696, 1.999 -0.8661 -1.3633, 1.994 -0.8661 -1.3595, 2.0236 -0.8661 -1.3747, 2.0605 -0.7904 -1.3758, 2.0281 -0.8661 -1.3754, 2.0439 -0.8661 -1.3779, 2.7089 -0.572 -1.3758, 2.6069 -0.5377 -1.3758, 2.7161 -0.5564 -1.3696, 2.6106 -0.5209 -1.3696, 2.7225 -0.5426 -1.3595, 2.6139 -0.506 -1.3595, 2.7277 -0.5312 -1.3462, 2.801 -0.6274 -1.3758, 2.8114 -0.6138 -1.3696, 2.8207 -0.6016 -1.3595, 2.8283 -0.5916 -1.3462, 2.6166 -0.4937 -1.3462, 2.6186 -0.4848 -1.3304, 2.7316 -0.5229 -1.3304, 2.8791 -0.7014 -1.3758, 2.8922 -0.6903 -1.3696, 2.9039 -0.6804 -1.3595, 2.9134 -0.6723 -1.3462, 2.5 -0.4719 -1.3304, 2.5 -0.4811 -1.3462, 2.5 -0.4936 -1.3595, 2.5 -0.5089 -1.3696, 2.5 -0.5261 -1.3758, 2.3834 -0.4937 -1.3462, 2.3861 -0.506 -1.3595, 2.3894 -0.5209 -1.3696, 2.3931 -0.5377 -1.3758, 2.2723 -0.5312 -1.3462, 2.2775 -0.5426 -1.3595, 2.2839 -0.5564 -1.3696, 2.2911 -0.572 -1.3758, 2.1717 -0.5916 -1.3462, 2.1793 -0.6016 -1.3595, 2.1886 -0.6138 -1.3696, 2.199 -0.6274 -1.3758, 2.0796 -0.6663 -1.3304, 2.0866 -0.6723 -1.3462, 2.0961 -0.6804 -1.3595, 2.1078 -0.6903 -1.3696, 2.1209 -0.7014 -1.3758, -2.3622 -2.9134 1.5157, -2.6772 -2.9134 1.5157, -2.6772 -2.9134 2.6969, -2.3622 -2.9134 2.6969, -2.3622 0.5512 3.4055, -2.3622 -2.9134 3.4055, -1.2598 0.5512 3.4055, -1.2598 -2.9134 3.4055, -1.2598 -2.9134 4.0748, 2.3622 -2.9134 2.6969, 2.3622 0.5512 3.4055, 2.3622 -2.9134 3.4055, 2.6772 -2.9134 2.6969, 2.6772 -2.9134 1.5157, 2.3622 -2.9134 1.5157, -0.7874 -2.9134 4.0748, 1.5157 -2.9134 0.2756, 1.2953 -2.2047 0.2756, 1.1142 -2.2047 0.2756, -1.5157 -2.9134 0.2756, 1.5157 0.5512 2.1063, 1.5157 0.748 2.3031, 1.5157 0.5579 2.1572, 1.5157 0.5776 2.2047, 1.5157 0.6088 2.2455, 1.5157 0.6496 2.2768, 1.5157 0.6971 2.2964, 1.2953 -2.2047 0.5315, 1.1142 -2.2047 0.5315, 0.7874 -2.9134 4.9803, -0.7874 -2.9134 4.9803, 1.6929 0.5512 2.1063, 1.6929 0.5776 2.2047, 1.6929 0.6971 2.2964, 1.6929 0.6088 2.2455, 1.6929 0.6496 2.2768, 1.6929 0.748 2.3031, 1.6929 0.5579 2.1572, 1.1142 -2.0588 0.7216, 1.2953 -2.0588 0.7216, 1.1142 -2.1063 0.702, 1.2953 -2.1063 0.702, 1.1142 -2.1471 0.6707, 1.2953 -2.1471 0.6707, 1.1142 -2.1784 0.6299, 1.2953 -2.1784 0.6299, 1.1142 -2.198 0.5824, 1.2953 -2.198 0.5824, 1.2953 -2.198 0.5824
            ]
        }
        coordIndex [
            0,1,2,-1,3,4,5,-1,6,7,8,-1,9,10,11,-1,12,13,14,-1,15,16,17,-1,18,19,20,-1,20,19,21,-1,22,23,20,-1,20,23,24,-1,20,24,25,-1,25,26,20,-1,20,26,27,-1,20,27,18,-1,28,22,29,-1,30,31,32,-1,32,31,29,-1,29,31,33,-1,29,33,28,-1,34,35,32,-1,32,35,36,-1,32,36,30,-1,37,38,34,-1,34,38,39,-1,34,39,40,-1,34,41,35,-1,35,41,42,-1,35,42,43,-1,43,42,44,-1,43,44,45,-1,40,46,34,-1,34,46,47,-1,34,47,41,-1,48,49,50,-1,50,49,51,-1,50,51,52,-1,52,53,50,-1,50,53,54,-1,50,54,55,-1,55,54,56,-1,56,57,55,-1,55,57,58,-1,55,58,37,-1,37,58,59,-1,37,59,38,-1,60,61,50,-1,50,61,62,-1,50,62,48,-1,63,64,65,-1,66,67,68,-1,68,67,69,-1,68,69,60,-1,60,69,70,-1,60,70,61,-1,63,65,71,-1,64,72,65,-1,65,72,73,-1,65,73,68,-1,68,73,74,-1,68,74,66,-1,75,76,77,-1,78,79,80,-1,81,82,83,-1,84,85,86,-1,86,85,87,-1,81,83,88,-1,89,90,85,-1,85,90,91,-1,85,91,92,-1,93,94,95,-1,95,94,96,-1,95,96,97,-1,82,98,83,-1,83,98,99,-1,83,99,100,-1,80,79,95,-1,95,79,101,-1,95,101,93,-1,102,103,104,-1,104,103,105,-1,104,105,106,-1,107,92,108,-1,108,92,109,-1,108,109,104,-1,104,109,110,-1,104,110,102,-1,107,111,92,-1,92,111,112,-1,92,112,85,-1,85,112,113,-1,85,113,87,-1,114,115,83,-1,83,115,116,-1,83,116,85,-1,85,116,117,-1,85,117,89,-1,118,119,120,-1,120,119,121,-1,120,121,83,-1,83,121,122,-1,83,122,88,-1,123,124,125,-1,125,124,126,-1,126,127,125,-1,125,127,128,-1,125,128,129,-1,129,128,118,-1,129,118,130,-1,130,118,120,-1,100,131,83,-1,83,131,132,-1,83,132,133,-1,97,134,95,-1,95,134,135,-1,95,135,125,-1,125,135,136,-1,125,136,123,-1,133,137,83,-1,83,137,138,-1,83,138,114,-1,139,140,141,-1,141,92,139,-1,139,92,91,-1,139,91,142,-1,142,91,143,-1,143,144,142,-1,142,144,145,-1,142,145,146,-1,147,148,149,-1,148,150,149,-1,149,150,151,-1,149,151,152,-1,153,149,154,-1,140,139,153,-1,153,139,155,-1,153,155,149,-1,149,155,156,-1,149,156,147,-1,154,157,153,-1,153,157,158,-1,153,158,159,-1,152,151,160,-1,160,151,161,-1,160,161,162,-1,162,161,163,-1,162,163,164,-1,165,166,159,-1,159,166,167,-1,159,167,153,-1,19,168,21,-1,21,168,169,-1,21,169,80,-1,80,169,170,-1,80,170,78,-1,171,172,173,-1,174,175,176,-1,177,178,179,-1,179,178,180,-1,179,180,181,-1,180,182,181,-1,181,182,183,-1,181,183,184,-1,185,183,186,-1,186,183,182,-1,186,182,187,-1,187,182,180,-1,187,180,188,-1,188,180,189,-1,188,189,190,-1,190,189,191,-1,190,191,173,-1,173,191,192,-1,173,192,171,-1,193,194,195,-1,195,194,196,-1,197,198,196,-1,196,198,199,-1,196,199,195,-1,195,199,200,-1,199,201,200,-1,200,201,202,-1,200,202,203,-1,204,205,206,-1,207,208,209,-1,209,208,210,-1,209,210,193,-1,193,210,211,-1,193,211,194,-1,194,211,212,-1,194,212,206,-1,206,212,213,-1,206,213,204,-1,214,215,197,-1,197,215,216,-1,197,216,198,-1,16,15,214,-1,214,15,217,-1,214,217,218,-1,219,220,221,-1,219,222,223,-1,219,224,225,-1,221,226,219,-1,219,226,227,-1,219,227,228,-1,228,227,229,-1,228,229,218,-1,218,229,205,-1,218,205,214,-1,214,205,204,-1,214,204,215,-1,230,231,232,-1,232,231,233,-1,232,233,234,-1,223,235,219,-1,219,235,236,-1,219,236,224,-1,225,237,219,-1,219,237,238,-1,219,238,239,-1,222,219,232,-1,232,219,240,-1,232,240,230,-1,239,241,219,-1,219,241,242,-1,219,242,220,-1,243,244,245,-1,245,244,246,-1,245,246,247,-1,248,249,250,-1,250,251,248,-1,248,251,252,-1,248,252,253,-1,11,254,248,-1,248,254,255,-1,248,255,249,-1,13,256,257,-1,257,256,258,-1,257,258,11,-1,11,258,259,-1,11,259,254,-1,260,261,14,-1,14,261,262,-1,262,263,14,-1,14,263,264,-1,14,264,12,-1,265,266,267,-1,267,266,268,-1,229,269,205,-1,205,269,270,-1,205,270,271,-1,271,270,272,-1,271,272,273,-1,10,274,11,-1,11,274,275,-1,11,275,257,-1,257,275,276,-1,257,276,277,-1,20,278,279,-1,22,20,29,-1,29,20,279,-1,29,279,280,-1,281,282,267,-1,283,284,285,-1,286,287,288,-1,283,285,289,-1,286,288,285,-1,285,288,290,-1,285,290,289,-1,291,292,293,-1,293,292,294,-1,293,294,295,-1,295,294,296,-1,295,296,285,-1,297,8,298,-1,298,8,7,-1,298,7,299,-1,300,301,8,-1,302,303,304,-1,305,306,8,-1,8,306,307,-1,282,308,267,-1,267,308,309,-1,267,309,304,-1,304,309,310,-1,304,310,302,-1,303,311,304,-1,304,311,312,-1,304,312,313,-1,313,312,314,-1,313,314,300,-1,315,316,301,-1,301,316,317,-1,301,317,8,-1,8,317,318,-1,8,318,305,-1,307,319,8,-1,8,319,320,-1,8,320,6,-1,321,322,323,-1,323,322,324,-1,323,324,325,-1,323,326,321,-1,321,326,327,-1,321,327,328,-1,328,329,321,-1,321,329,330,-1,321,330,331,-1,331,330,332,-1,331,332,333,-1,333,332,334,-1,333,334,301,-1,301,334,335,-1,301,335,315,-1,336,337,325,-1,325,337,338,-1,325,338,323,-1,339,340,287,-1,287,340,341,-1,287,341,288,-1,339,342,340,-1,340,342,343,-1,340,343,344,-1,344,343,345,-1,344,346,347,-1,345,348,344,-1,344,348,349,-1,344,349,350,-1,350,351,344,-1,344,351,352,-1,344,352,346,-1,347,353,344,-1,344,353,354,-1,344,354,355,-1,356,357,178,-1,358,359,360,-1,361,362,363,-1,363,362,364,-1,363,364,365,-1,365,364,358,-1,365,358,366,-1,366,358,360,-1,367,368,8,-1,8,368,369,-1,300,8,313,-1,313,8,369,-1,313,369,362,-1,362,369,370,-1,362,370,364,-1,371,368,372,-1,372,368,367,-1,372,367,373,-1,297,374,8,-1,8,374,375,-1,8,375,367,-1,367,375,376,-1,367,376,373,-1,377,378,379,-1,379,378,380,-1,379,380,381,-1,381,380,374,-1,381,374,382,-1,382,374,297,-1,382,297,383,-1,384,385,386,-1,386,385,387,-1,386,387,388,-1,388,387,389,-1,390,391,392,-1,391,393,392,-1,392,393,394,-1,392,394,386,-1,386,394,395,-1,386,395,384,-1,396,397,398,-1,399,400,401,-1,402,403,404,-1,404,403,405,-1,404,405,400,-1,400,405,406,-1,400,406,401,-1,401,406,407,-1,401,407,408,-1,408,407,409,-1,408,409,410,-1,178,357,180,-1,180,357,411,-1,180,411,412,-1,413,414,415,-1,415,414,416,-1,5,4,189,-1,189,4,417,-1,189,417,418,-1,419,420,421,-1,422,421,423,-1,423,421,420,-1,423,420,424,-1,421,425,419,-1,419,425,426,-1,419,426,427,-1,278,20,277,-1,277,20,21,-1,277,21,257,-1,257,21,80,-1,257,80,428,-1,429,430,431,-1,432,428,429,-1,429,428,433,-1,434,435,436,-1,436,435,437,-1,436,437,438,-1,431,438,429,-1,429,438,437,-1,429,437,432,-1,432,437,439,-1,432,439,440,-1,433,428,441,-1,441,428,80,-1,441,80,440,-1,440,80,95,-1,440,95,432,-1,279,9,280,-1,280,9,11,-1,280,11,246,-1,246,11,248,-1,246,248,247,-1,247,248,253,-1,13,257,14,-1,14,257,428,-1,14,428,442,-1,442,428,432,-1,442,432,443,-1,444,445,446,-1,446,445,447,-1,448,449,267,-1,450,451,452,-1,452,451,453,-1,452,453,454,-1,455,456,267,-1,267,456,457,-1,267,457,448,-1,449,458,267,-1,267,458,459,-1,267,459,460,-1,443,461,462,-1,463,442,464,-1,464,442,465,-1,260,14,268,-1,268,14,442,-1,268,442,267,-1,267,442,463,-1,267,463,455,-1,444,466,445,-1,445,466,467,-1,445,467,468,-1,468,467,469,-1,470,471,469,-1,469,471,472,-1,469,472,468,-1,284,281,285,-1,285,281,267,-1,285,267,295,-1,295,267,460,-1,295,460,473,-1,474,475,452,-1,452,475,476,-1,452,476,450,-1,477,478,443,-1,443,478,479,-1,443,479,461,-1,480,481,469,-1,469,481,482,-1,469,482,483,-1,473,452,295,-1,295,452,454,-1,295,454,443,-1,443,454,484,-1,443,484,477,-1,462,485,443,-1,443,485,486,-1,443,486,442,-1,442,486,447,-1,442,447,465,-1,465,447,445,-1,483,487,469,-1,469,487,488,-1,469,488,470,-1,125,75,95,-1,95,75,77,-1,95,77,432,-1,432,77,489,-1,432,489,443,-1,443,489,490,-1,443,490,295,-1,295,490,491,-1,295,491,293,-1,293,491,298,-1,293,298,291,-1,291,298,299,-1,76,71,77,-1,77,71,65,-1,77,65,489,-1,489,65,492,-1,489,492,490,-1,490,492,493,-1,490,493,491,-1,491,493,494,-1,491,494,298,-1,298,494,495,-1,298,495,297,-1,297,495,388,-1,297,388,383,-1,383,388,389,-1,273,265,271,-1,271,265,267,-1,271,267,205,-1,205,267,304,-1,205,304,206,-1,206,304,313,-1,206,313,194,-1,194,313,362,-1,194,362,174,-1,496,497,174,-1,498,499,500,-1,500,499,501,-1,196,502,500,-1,500,502,503,-1,500,503,504,-1,497,505,174,-1,174,505,506,-1,174,506,507,-1,507,508,174,-1,174,508,509,-1,174,509,194,-1,194,509,510,-1,194,510,196,-1,196,510,511,-1,196,511,502,-1,504,512,500,-1,500,512,513,-1,500,513,498,-1,172,171,176,-1,176,171,500,-1,176,500,174,-1,174,500,501,-1,174,501,496,-1,243,17,244,-1,244,17,16,-1,244,16,514,-1,514,16,214,-1,514,214,515,-1,515,214,197,-1,515,197,516,-1,516,197,196,-1,516,196,517,-1,517,196,500,-1,517,500,518,-1,518,500,171,-1,518,171,519,-1,519,171,192,-1,413,415,412,-1,412,415,399,-1,412,399,180,-1,180,399,401,-1,180,401,520,-1,5,521,522,-1,520,401,523,-1,523,401,5,-1,523,5,524,-1,522,525,5,-1,5,525,526,-1,5,526,524,-1,520,527,180,-1,180,527,528,-1,180,528,189,-1,189,528,529,-1,189,529,530,-1,530,531,189,-1,189,531,532,-1,189,532,533,-1,533,534,189,-1,189,534,535,-1,189,535,5,-1,5,535,536,-1,5,536,521,-1,420,3,424,-1,424,3,5,-1,424,5,537,-1,537,5,401,-1,537,401,398,-1,398,401,408,-1,398,408,396,-1,396,408,410,-1,396,410,361,-1,361,410,356,-1,361,356,362,-1,362,356,178,-1,362,178,174,-1,174,178,177,-1,174,177,175,-1,422,423,538,-1,538,423,539,-1,538,539,418,-1,418,539,540,-1,418,540,189,-1,189,540,541,-1,189,541,191,-1,191,541,2,-1,191,2,192,-1,192,2,1,-1,192,1,519,-1,397,390,398,-1,398,390,392,-1,398,392,537,-1,537,392,542,-1,537,542,424,-1,424,542,543,-1,424,543,423,-1,423,543,544,-1,0,2,545,-1,545,2,541,-1,545,541,546,-1,546,541,540,-1,546,540,547,-1,547,540,539,-1,547,539,548,-1,548,539,423,-1,548,423,549,-1,549,423,544,-1,549,544,550,-1,68,551,65,-1,65,551,552,-1,65,552,492,-1,492,552,553,-1,492,553,493,-1,493,553,554,-1,493,554,494,-1,494,554,555,-1,494,555,495,-1,495,555,556,-1,495,556,388,-1,388,556,557,-1,388,557,386,-1,386,557,558,-1,386,558,392,-1,392,558,559,-1,392,559,542,-1,542,559,560,-1,542,560,543,-1,543,560,561,-1,543,561,544,-1,544,561,562,-1,544,562,550,-1,550,562,563,-1,564,565,566,-1,567,568,569,-1,569,568,564,-1,569,564,570,-1,570,564,566,-1,570,566,571,-1,572,573,574,-1,574,573,575,-1,574,575,576,-1,577,576,578,-1,578,576,575,-1,578,575,579,-1,579,575,580,-1,579,580,569,-1,569,580,581,-1,569,581,567,-1,567,581,573,-1,567,573,582,-1,582,573,572,-1,582,572,564,-1,564,572,583,-1,564,583,565,-1,584,585,586,-1,587,588,589,-1,587,589,590,-1,590,589,591,-1,590,591,592,-1,593,594,595,-1,591,596,592,-1,592,596,597,-1,592,597,598,-1,595,584,593,-1,593,584,586,-1,593,586,599,-1,599,586,600,-1,599,600,601,-1,601,602,599,-1,599,602,603,-1,599,603,604,-1,605,606,607,-1,607,606,608,-1,604,609,599,-1,599,609,610,-1,599,610,611,-1,587,612,607,-1,607,612,611,-1,607,611,605,-1,605,611,610,-1,590,613,587,-1,587,613,614,-1,587,614,612,-1,612,614,592,-1,612,592,593,-1,593,592,598,-1,593,598,594,-1,609,615,610,-1,610,615,616,-1,610,616,617,-1,617,616,618,-1,617,618,606,-1,606,618,619,-1,606,619,608,-1,620,621,622,-1,622,621,623,-1,622,623,624,-1,625,626,627,-1,627,626,622,-1,627,622,628,-1,628,622,624,-1,628,624,629,-1,630,631,632,-1,632,631,633,-1,632,633,634,-1,627,635,625,-1,625,635,636,-1,625,636,620,-1,620,636,634,-1,620,634,621,-1,621,634,633,-1,637,630,638,-1,638,630,632,-1,638,632,635,-1,635,632,639,-1,635,639,636,-1,640,641,642,-1,643,644,645,-1,640,642,646,-1,646,642,647,-1,646,647,648,-1,641,649,642,-1,642,649,650,-1,642,650,651,-1,652,653,654,-1,654,653,655,-1,654,655,656,-1,644,657,645,-1,645,657,658,-1,645,658,659,-1,660,661,647,-1,647,661,662,-1,647,662,648,-1,651,663,642,-1,642,663,664,-1,642,664,654,-1,654,664,665,-1,654,665,652,-1,656,666,654,-1,654,666,667,-1,654,667,645,-1,645,667,668,-1,645,668,643,-1,659,669,645,-1,645,669,670,-1,645,670,647,-1,647,670,671,-1,647,671,660,-1,672,673,674,-1,674,673,675,-1,674,675,676,-1,676,675,677,-1,678,679,680,-1,680,679,681,-1,682,683,684,-1,684,683,685,-1,686,687,688,-1,688,687,689,-1,690,691,692,-1,692,691,693,-1,694,695,696,-1,696,695,697,-1,698,699,700,-1,700,699,701,-1,702,703,704,-1,704,703,705,-1,706,707,708,-1,708,707,709,-1,710,711,712,-1,712,711,713,-1,714,715,716,-1,716,715,717,-1,718,719,720,-1,720,719,721,-1,722,723,724,-1,724,723,725,-1,726,727,728,-1,728,727,729,-1,730,731,732,-1,732,731,733,-1,734,735,736,-1,736,735,737,-1,738,739,740,-1,740,739,741,-1,742,743,744,-1,744,743,745,-1,746,747,748,-1,748,747,749,-1,750,751,752,-1,752,751,753,-1,754,755,756,-1,756,755,757,-1,758,759,760,-1,760,759,761,-1,762,674,763,-1,763,674,676,-1,681,764,680,-1,680,764,765,-1,685,766,684,-1,684,766,767,-1,689,768,688,-1,688,768,769,-1,693,770,692,-1,692,770,771,-1,697,772,696,-1,696,772,773,-1,701,774,700,-1,700,774,775,-1,705,776,704,-1,704,776,777,-1,679,678,778,-1,679,778,779,-1,779,778,780,-1,779,780,781,-1,781,780,782,-1,781,782,783,-1,783,782,784,-1,783,784,785,-1,785,784,786,-1,785,786,787,-1,787,786,709,-1,787,709,707,-1,683,682,788,-1,683,788,789,-1,789,788,790,-1,789,790,791,-1,791,790,792,-1,791,792,793,-1,793,792,794,-1,793,794,795,-1,795,794,796,-1,795,796,797,-1,797,796,713,-1,797,713,711,-1,687,686,798,-1,687,798,799,-1,799,798,800,-1,799,800,801,-1,801,800,802,-1,801,802,803,-1,803,802,804,-1,803,804,805,-1,805,804,806,-1,805,806,807,-1,807,806,717,-1,807,717,715,-1,691,690,808,-1,691,808,809,-1,809,808,810,-1,809,810,811,-1,811,810,812,-1,811,812,813,-1,813,812,814,-1,813,814,815,-1,815,814,816,-1,815,816,817,-1,817,816,721,-1,817,721,719,-1,695,694,818,-1,695,818,819,-1,819,818,820,-1,819,820,821,-1,821,820,822,-1,821,822,823,-1,823,822,824,-1,823,824,825,-1,825,824,826,-1,825,826,827,-1,827,826,725,-1,827,725,723,-1,699,698,828,-1,699,828,829,-1,829,828,830,-1,829,830,831,-1,831,830,832,-1,831,832,833,-1,833,832,834,-1,833,834,835,-1,835,834,836,-1,835,836,837,-1,837,836,729,-1,837,729,727,-1,762,763,838,-1,762,838,839,-1,839,838,840,-1,839,840,841,-1,841,840,842,-1,841,842,843,-1,843,842,844,-1,843,844,845,-1,845,844,846,-1,845,846,847,-1,847,846,732,-1,847,732,733,-1,765,764,848,-1,765,848,849,-1,849,848,850,-1,849,850,851,-1,851,850,852,-1,851,852,853,-1,853,852,854,-1,853,854,855,-1,855,854,856,-1,855,856,857,-1,857,856,735,-1,857,735,734,-1,767,766,858,-1,767,858,859,-1,859,858,860,-1,859,860,861,-1,861,860,862,-1,861,862,863,-1,863,862,864,-1,863,864,865,-1,865,864,866,-1,865,866,867,-1,867,866,739,-1,867,739,738,-1,769,768,868,-1,769,868,869,-1,869,868,870,-1,869,870,871,-1,871,870,872,-1,871,872,873,-1,873,872,874,-1,873,874,875,-1,875,874,876,-1,875,876,877,-1,877,876,743,-1,877,743,742,-1,771,770,878,-1,771,878,879,-1,879,878,880,-1,879,880,881,-1,881,880,882,-1,881,882,883,-1,883,882,884,-1,883,884,885,-1,885,884,886,-1,885,886,887,-1,887,886,747,-1,887,747,746,-1,773,772,888,-1,773,888,889,-1,889,888,890,-1,889,890,891,-1,891,890,892,-1,891,892,893,-1,893,892,894,-1,893,894,895,-1,895,894,896,-1,895,896,897,-1,897,896,751,-1,897,751,750,-1,775,774,898,-1,775,898,899,-1,899,898,900,-1,899,900,901,-1,901,900,902,-1,901,902,903,-1,903,902,904,-1,903,904,905,-1,905,904,906,-1,905,906,907,-1,907,906,755,-1,907,755,754,-1,777,776,908,-1,777,908,909,-1,909,908,910,-1,909,910,911,-1,911,910,912,-1,911,912,913,-1,913,912,914,-1,913,914,915,-1,915,914,916,-1,915,916,917,-1,917,916,759,-1,917,759,758,-1,918,919,920,-1,921,922,920,-1,920,922,923,-1,920,923,918,-1,924,925,926,-1,927,928,929,-1,929,928,930,-1,753,931,932,-1,740,741,933,-1,934,935,936,-1,936,935,937,-1,919,918,929,-1,929,918,938,-1,929,938,927,-1,927,938,939,-1,927,939,940,-1,757,928,756,-1,756,928,941,-1,737,942,943,-1,761,944,945,-1,745,946,947,-1,948,949,937,-1,937,949,740,-1,937,740,936,-1,936,740,933,-1,950,951,945,-1,945,951,930,-1,945,930,761,-1,761,930,928,-1,761,928,760,-1,760,928,757,-1,760,757,952,-1,952,757,953,-1,947,748,745,-1,745,748,933,-1,745,933,744,-1,744,933,741,-1,744,741,954,-1,954,741,955,-1,956,957,731,-1,924,926,730,-1,730,926,958,-1,730,958,736,-1,673,672,959,-1,959,672,731,-1,959,731,960,-1,960,731,957,-1,960,957,961,-1,962,963,749,-1,749,963,752,-1,731,730,956,-1,956,730,736,-1,956,736,949,-1,949,736,737,-1,949,737,740,-1,740,737,943,-1,932,756,753,-1,753,756,941,-1,753,941,752,-1,752,941,933,-1,752,933,749,-1,749,933,748,-1,964,936,965,-1,965,936,933,-1,966,956,967,-1,967,956,949,-1,968,965,969,-1,969,965,933,-1,969,933,970,-1,970,933,941,-1,941,928,970,-1,970,928,971,-1,972,973,974,-1,975,976,977,-1,974,973,978,-1,978,973,979,-1,978,979,980,-1,980,981,978,-1,978,981,982,-1,978,982,975,-1,983,974,984,-1,984,974,985,-1,983,986,974,-1,974,986,987,-1,974,987,972,-1,988,989,990,-1,990,989,991,-1,991,992,990,-1,990,992,993,-1,990,993,994,-1,995,996,997,-1,997,996,998,-1,998,999,997,-1,997,999,1000,-1,997,1000,990,-1,990,1000,1001,-1,990,1001,988,-1,975,977,978,-1,978,977,1002,-1,978,1002,1003,-1,1003,1002,1004,-1,1003,1004,1005,-1,1005,1004,1006,-1,1005,1006,1007,-1,1007,1006,1008,-1,1007,1008,1009,-1,1009,1008,1010,-1,1009,1010,1011,-1,1011,1010,1012,-1,1011,1012,1013,-1,1013,1012,1014,-1,1013,1014,1015,-1,1015,1014,1016,-1,1015,1016,1017,-1,1017,1016,1018,-1,1017,1018,997,-1,997,1018,1019,-1,997,1019,995,-1,1020,1021,1022,-1,1023,1024,1025,-1,1022,1021,1026,-1,1026,1021,1027,-1,1026,1027,1028,-1,1028,1029,1026,-1,1026,1029,1030,-1,1026,1030,1023,-1,1031,1022,1032,-1,1032,1022,1033,-1,1031,1034,1022,-1,1022,1034,1035,-1,1022,1035,1020,-1,1036,1037,1038,-1,1038,1037,1039,-1,1039,1040,1038,-1,1038,1040,1041,-1,1038,1041,1042,-1,1043,1044,1045,-1,1045,1044,1046,-1,1046,1047,1045,-1,1045,1047,1048,-1,1045,1048,1038,-1,1038,1048,1049,-1,1038,1049,1036,-1,1023,1025,1026,-1,1026,1025,1050,-1,1026,1050,1051,-1,1051,1050,1052,-1,1051,1052,1053,-1,1053,1052,1054,-1,1053,1054,1055,-1,1055,1054,1056,-1,1055,1056,1057,-1,1057,1056,1058,-1,1057,1058,1059,-1,1059,1058,1060,-1,1059,1060,1061,-1,1061,1060,1062,-1,1061,1062,1063,-1,1063,1062,1064,-1,1063,1064,1065,-1,1065,1064,1066,-1,1065,1066,1045,-1,1045,1066,1067,-1,1045,1067,1043,-1,1025,1024,1068,-1,1069,1067,1070,-1,1070,1067,1066,-1,1070,1066,1071,-1,1071,1066,1064,-1,1071,1064,1072,-1,1072,1064,1062,-1,1072,1062,1073,-1,1073,1062,1060,-1,1073,1060,1074,-1,1074,1060,1058,-1,1068,1075,1025,-1,1025,1075,1076,-1,1025,1076,1050,-1,1050,1076,1077,-1,1050,1077,1052,-1,1052,1077,1078,-1,1052,1078,1054,-1,1054,1078,1079,-1,1054,1079,1056,-1,1056,1079,1080,-1,1056,1080,1058,-1,1058,1080,1081,-1,1058,1081,1074,-1,1082,1083,1084,-1,1084,1083,1085,-1,1084,1085,1086,-1,1087,1088,1089,-1,1086,1090,1084,-1,1084,1090,1091,-1,1084,1091,1092,-1,1092,1093,1084,-1,1084,1093,1087,-1,1084,1087,1094,-1,1094,1087,1089,-1,977,976,1095,-1,1096,1019,1097,-1,1097,1019,1018,-1,1097,1018,1098,-1,1098,1018,1016,-1,1098,1016,1099,-1,1099,1016,1014,-1,1099,1014,1100,-1,1100,1014,1012,-1,1100,1012,1101,-1,1101,1012,1010,-1,1095,1102,977,-1,977,1102,1103,-1,977,1103,1002,-1,1002,1103,1104,-1,1002,1104,1004,-1,1004,1104,1105,-1,1004,1105,1006,-1,1006,1105,1106,-1,1006,1106,1008,-1,1008,1106,1107,-1,1008,1107,1010,-1,1010,1107,1108,-1,1010,1108,1101,-1,1109,1110,1111,-1,1112,1113,1109,-1,1111,1114,1109,-1,1109,1114,1115,-1,1109,1115,1116,-1,1116,1117,1109,-1,1109,1117,1118,-1,1109,1118,1112,-1,1119,1120,1113,-1,1113,1120,1121,-1,1113,1121,1109,-1,1122,1123,1124,-1,1122,1124,1125,-1,1125,1124,1126,-1,1125,1126,1127,-1,1127,1126,1128,-1,1127,1128,1129,-1,1129,1128,1130,-1,1129,1130,1131,-1,1131,1130,1132,-1,1131,1132,1133,-1,1133,1132,1134,-1,1133,1134,1135,-1,1135,1134,1136,-1,1135,1136,1137,-1,1137,1136,1138,-1,1137,1138,1139,-1,1123,1122,1140,-1,1140,1122,1141,-1,1140,1141,1142,-1,1143,1144,1145,-1,1145,1144,1146,-1,1145,1146,1147,-1,1147,1146,1148,-1,1147,1148,1149,-1,1149,1148,1150,-1,1149,1150,1151,-1,1151,1150,1152,-1,1151,1152,1153,-1,1153,1152,1154,-1,1153,1154,1155,-1,1155,1154,1156,-1,1155,1156,1157,-1,1157,1156,1158,-1,1157,1158,1159,-1,1159,1158,1160,-1,1159,1160,1161,-1,1161,1160,1162,-1,1161,1162,1163,-1,1163,1162,1164,-1,1163,1164,1165,-1,1165,1164,1166,-1,1165,1166,1167,-1,1167,1166,1142,-1,1167,1142,1168,-1,1168,1142,1141,-1,1169,1170,1171,-1,1169,1171,1172,-1,1172,1171,1173,-1,1172,1173,1174,-1,1174,1173,1175,-1,1174,1175,1176,-1,1176,1175,1177,-1,1176,1177,1178,-1,1178,1177,1179,-1,1178,1179,1180,-1,1180,1179,1181,-1,1180,1181,1182,-1,1182,1181,1183,-1,1182,1183,1184,-1,1184,1183,1185,-1,1184,1185,1186,-1,1170,1169,1187,-1,1187,1169,1188,-1,1187,1188,1189,-1,1190,1191,1192,-1,1192,1191,1193,-1,1192,1193,1194,-1,1194,1193,1195,-1,1194,1195,1196,-1,1196,1195,1197,-1,1196,1197,1198,-1,1198,1197,1199,-1,1198,1199,1200,-1,1200,1199,1201,-1,1200,1201,1202,-1,1202,1201,1203,-1,1202,1203,1204,-1,1204,1203,1205,-1,1204,1205,1206,-1,1206,1205,1207,-1,1206,1207,1208,-1,1208,1207,1209,-1,1208,1209,1210,-1,1210,1209,1211,-1,1210,1211,1212,-1,1212,1211,1213,-1,1212,1213,1214,-1,1214,1213,1189,-1,1214,1189,1215,-1,1215,1189,1188,-1,1216,1143,1145,-1,1217,1096,1097,-1,1218,1219,1217,-1,1220,1221,1222,-1,1222,1221,1219,-1,1223,1224,1225,-1,1225,1224,1220,-1,1226,1227,1228,-1,1228,1227,1229,-1,1228,1229,1223,-1,1230,1231,1226,-1,1137,1139,1232,-1,1232,1139,1233,-1,1233,1234,1232,-1,1232,1234,1235,-1,1232,1235,1231,-1,1236,1237,1216,-1,1238,1239,1240,-1,1241,1242,1243,-1,1243,1242,1244,-1,1245,1246,1247,-1,1248,1249,1250,-1,1250,1249,1251,-1,1250,1251,1252,-1,1216,1145,1236,-1,1236,1145,1147,-1,1236,1147,1253,-1,1147,1149,1253,-1,1253,1149,1151,-1,1253,1151,1254,-1,1254,1151,1153,-1,1254,1153,1255,-1,1153,1155,1255,-1,1255,1155,1157,-1,1255,1157,1256,-1,1157,1159,1256,-1,1256,1159,1161,-1,1256,1161,1257,-1,1257,1161,1163,-1,1163,1165,1257,-1,1257,1165,1167,-1,1257,1167,1258,-1,1258,1167,1168,-1,1258,1168,1259,-1,1168,1141,1259,-1,1259,1141,1122,-1,1259,1122,1260,-1,1122,1125,1260,-1,1260,1125,1127,-1,1260,1127,1261,-1,1261,1127,1129,-1,1261,1129,1262,-1,1129,1131,1262,-1,1262,1131,1133,-1,1262,1133,1232,-1,1232,1133,1135,-1,1232,1135,1137,-1,1231,1230,1232,-1,1232,1230,1263,-1,1232,1263,1262,-1,1262,1263,1264,-1,1262,1264,1261,-1,1261,1264,1265,-1,1261,1265,1260,-1,1260,1265,1266,-1,1260,1266,1259,-1,1259,1266,1267,-1,1259,1267,1258,-1,1258,1267,1268,-1,1258,1268,1257,-1,1257,1268,1269,-1,1257,1269,1256,-1,1256,1269,1270,-1,1256,1270,1255,-1,1255,1270,1271,-1,1255,1271,1254,-1,1254,1271,1272,-1,1254,1272,1253,-1,1253,1272,1238,-1,1253,1238,1236,-1,1236,1238,1240,-1,1236,1240,1237,-1,1226,1228,1230,-1,1230,1228,1273,-1,1230,1273,1263,-1,1263,1273,1274,-1,1263,1274,1264,-1,1264,1274,1275,-1,1264,1275,1265,-1,1265,1275,1276,-1,1265,1276,1266,-1,1266,1276,1277,-1,1266,1277,1267,-1,1267,1277,1278,-1,1267,1278,1268,-1,1268,1278,1279,-1,1268,1279,1269,-1,1269,1279,1280,-1,1269,1280,1270,-1,1270,1280,1281,-1,1270,1281,1271,-1,1271,1281,1282,-1,1271,1282,1272,-1,1272,1282,1243,-1,1272,1243,1238,-1,1238,1243,1244,-1,1238,1244,1239,-1,1223,1225,1228,-1,1228,1225,1283,-1,1228,1283,1273,-1,1273,1283,1284,-1,1273,1284,1274,-1,1274,1284,1285,-1,1274,1285,1275,-1,1275,1285,1286,-1,1275,1286,1276,-1,1276,1286,1287,-1,1276,1287,1277,-1,1277,1287,1288,-1,1277,1288,1278,-1,1278,1288,1289,-1,1278,1289,1279,-1,1279,1289,1290,-1,1279,1290,1280,-1,1280,1290,1291,-1,1280,1291,1281,-1,1281,1291,1292,-1,1281,1292,1282,-1,1282,1292,1245,-1,1282,1245,1243,-1,1243,1245,1247,-1,1243,1247,1241,-1,1220,1222,1225,-1,1225,1222,1293,-1,1225,1293,1283,-1,1283,1293,1294,-1,1283,1294,1284,-1,1284,1294,1295,-1,1284,1295,1285,-1,1285,1295,1296,-1,1285,1296,1286,-1,1286,1296,1297,-1,1286,1297,1287,-1,1287,1297,1298,-1,1287,1298,1288,-1,1288,1298,1299,-1,1288,1299,1289,-1,1289,1299,1300,-1,1289,1300,1290,-1,1290,1300,1301,-1,1290,1301,1291,-1,1291,1301,1302,-1,1291,1302,1292,-1,1292,1302,1303,-1,1292,1303,1245,-1,1245,1303,1304,-1,1245,1304,1246,-1,1219,1218,1222,-1,1222,1218,1305,-1,1222,1305,1293,-1,1293,1305,1306,-1,1293,1306,1294,-1,1294,1306,1307,-1,1294,1307,1295,-1,1295,1307,1308,-1,1295,1308,1296,-1,1296,1308,1309,-1,1296,1309,1297,-1,1297,1309,1310,-1,1297,1310,1298,-1,1298,1310,1311,-1,1298,1311,1299,-1,1299,1311,1312,-1,1299,1312,1300,-1,1300,1312,1313,-1,1300,1313,1301,-1,1301,1313,1314,-1,1301,1314,1302,-1,1302,1314,1250,-1,1302,1250,1303,-1,1303,1250,1252,-1,1303,1252,1304,-1,1217,1097,1218,-1,1218,1097,1098,-1,1218,1098,1305,-1,1305,1098,1099,-1,1305,1099,1306,-1,1306,1099,1100,-1,1306,1100,1307,-1,1307,1100,1101,-1,1307,1101,1308,-1,1308,1101,1108,-1,1308,1108,1309,-1,1309,1108,1107,-1,1309,1107,1310,-1,1310,1107,1106,-1,1310,1106,1311,-1,1311,1106,1105,-1,1311,1105,1312,-1,1312,1105,1104,-1,1312,1104,1313,-1,1313,1104,1103,-1,1313,1103,1314,-1,1314,1103,1102,-1,1314,1102,1250,-1,1250,1102,1095,-1,1250,1095,1248,-1,1130,1128,1315,-1,1126,1124,1316,-1,1123,1140,1317,-1,1156,1154,1318,-1,1152,1150,1319,-1,1320,1138,1136,-1,1321,1320,1322,-1,1322,1320,1136,-1,1322,1136,1134,-1,1323,1324,1322,-1,1322,1324,1325,-1,1322,1325,1321,-1,1326,1327,1328,-1,1328,1327,1329,-1,1328,1329,1330,-1,1330,1329,1331,-1,1330,1331,1323,-1,1323,1331,1332,-1,1323,1332,1324,-1,1114,1111,1333,-1,1333,1111,1334,-1,1334,1335,1333,-1,1333,1335,1336,-1,1333,1336,1328,-1,1328,1336,1337,-1,1328,1337,1326,-1,1110,1109,1338,-1,1338,1109,1339,-1,1338,1339,1340,-1,1340,1339,1341,-1,1341,1339,1342,-1,1341,1342,1343,-1,1344,1345,1346,-1,1346,1345,1347,-1,1346,1347,1342,-1,1342,1347,1348,-1,1342,1348,1343,-1,1349,1350,1344,-1,1344,1350,1351,-1,1344,1351,1345,-1,1349,1148,1146,-1,1144,1352,1146,-1,1146,1352,1353,-1,1146,1353,1349,-1,1349,1353,1354,-1,1349,1354,1350,-1,1119,1113,1355,-1,1355,1113,1356,-1,1355,1356,1357,-1,1357,1356,1358,-1,1357,1358,1359,-1,1359,1358,1360,-1,1359,1360,1361,-1,1120,1119,1362,-1,1362,1119,1355,-1,1362,1355,1363,-1,1363,1355,1357,-1,1363,1357,1364,-1,1364,1357,1359,-1,1364,1359,1365,-1,1365,1359,1361,-1,1365,1361,1318,-1,1366,1367,1368,-1,1109,1121,1339,-1,1339,1121,1369,-1,1339,1369,1342,-1,1342,1369,1370,-1,1342,1370,1346,-1,1346,1370,1371,-1,1346,1371,1344,-1,1344,1371,1372,-1,1344,1372,1349,-1,1349,1372,1319,-1,1349,1319,1148,-1,1148,1319,1150,-1,1154,1152,1318,-1,1318,1152,1319,-1,1318,1319,1365,-1,1365,1319,1372,-1,1365,1372,1364,-1,1364,1372,1371,-1,1364,1371,1363,-1,1363,1371,1370,-1,1363,1370,1362,-1,1362,1370,1369,-1,1362,1369,1120,-1,1120,1369,1121,-1,1360,1366,1361,-1,1361,1366,1368,-1,1361,1368,1318,-1,1318,1368,1158,-1,1318,1158,1156,-1,1142,1166,1373,-1,1373,1166,1367,-1,1373,1367,1374,-1,1374,1367,1366,-1,1374,1366,1375,-1,1375,1366,1360,-1,1375,1360,1376,-1,1376,1360,1358,-1,1376,1358,1377,-1,1377,1358,1356,-1,1377,1356,1112,-1,1112,1356,1113,-1,1166,1164,1367,-1,1367,1164,1162,-1,1367,1162,1368,-1,1368,1162,1160,-1,1368,1160,1158,-1,1140,1142,1317,-1,1317,1142,1373,-1,1317,1373,1378,-1,1378,1373,1374,-1,1378,1374,1379,-1,1379,1374,1375,-1,1379,1375,1380,-1,1380,1375,1376,-1,1380,1376,1381,-1,1381,1376,1377,-1,1381,1377,1118,-1,1118,1377,1112,-1,1124,1123,1316,-1,1316,1123,1317,-1,1316,1317,1382,-1,1382,1317,1378,-1,1382,1378,1383,-1,1383,1378,1379,-1,1383,1379,1384,-1,1384,1379,1380,-1,1384,1380,1385,-1,1385,1380,1381,-1,1385,1381,1117,-1,1117,1381,1118,-1,1128,1126,1315,-1,1315,1126,1316,-1,1315,1316,1386,-1,1386,1316,1382,-1,1386,1382,1387,-1,1387,1382,1383,-1,1387,1383,1388,-1,1388,1383,1384,-1,1388,1384,1389,-1,1389,1384,1385,-1,1389,1385,1116,-1,1116,1385,1117,-1,1132,1130,1390,-1,1390,1130,1315,-1,1390,1315,1391,-1,1391,1315,1386,-1,1391,1386,1392,-1,1392,1386,1387,-1,1392,1387,1393,-1,1393,1387,1388,-1,1393,1388,1394,-1,1394,1388,1389,-1,1394,1389,1115,-1,1115,1389,1116,-1,1115,1114,1394,-1,1394,1114,1333,-1,1394,1333,1393,-1,1393,1333,1328,-1,1393,1328,1392,-1,1392,1328,1330,-1,1392,1330,1391,-1,1391,1330,1323,-1,1391,1323,1390,-1,1390,1323,1322,-1,1390,1322,1132,-1,1132,1322,1134,-1,1395,1190,1192,-1,1396,1069,1070,-1,1397,1398,1396,-1,1399,1400,1401,-1,1401,1400,1398,-1,1402,1403,1404,-1,1404,1403,1399,-1,1405,1406,1407,-1,1407,1406,1408,-1,1407,1408,1402,-1,1409,1410,1405,-1,1184,1186,1411,-1,1411,1186,1412,-1,1412,1413,1411,-1,1411,1413,1414,-1,1411,1414,1410,-1,1415,1416,1395,-1,1417,1418,1419,-1,1420,1421,1422,-1,1422,1421,1423,-1,1424,1425,1426,-1,1427,1428,1429,-1,1429,1428,1430,-1,1429,1430,1431,-1,1395,1192,1415,-1,1415,1192,1194,-1,1415,1194,1432,-1,1194,1196,1432,-1,1432,1196,1198,-1,1432,1198,1433,-1,1433,1198,1200,-1,1433,1200,1434,-1,1200,1202,1434,-1,1434,1202,1204,-1,1434,1204,1435,-1,1204,1206,1435,-1,1435,1206,1208,-1,1435,1208,1436,-1,1436,1208,1210,-1,1210,1212,1436,-1,1436,1212,1214,-1,1436,1214,1437,-1,1437,1214,1215,-1,1437,1215,1438,-1,1215,1188,1438,-1,1438,1188,1169,-1,1438,1169,1439,-1,1169,1172,1439,-1,1439,1172,1174,-1,1439,1174,1440,-1,1440,1174,1176,-1,1440,1176,1441,-1,1176,1178,1441,-1,1441,1178,1180,-1,1441,1180,1411,-1,1411,1180,1182,-1,1411,1182,1184,-1,1410,1409,1411,-1,1411,1409,1442,-1,1411,1442,1441,-1,1441,1442,1443,-1,1441,1443,1440,-1,1440,1443,1444,-1,1440,1444,1439,-1,1439,1444,1445,-1,1439,1445,1438,-1,1438,1445,1446,-1,1438,1446,1437,-1,1437,1446,1447,-1,1437,1447,1436,-1,1436,1447,1448,-1,1436,1448,1435,-1,1435,1448,1449,-1,1435,1449,1434,-1,1434,1449,1450,-1,1434,1450,1433,-1,1433,1450,1451,-1,1433,1451,1432,-1,1432,1451,1417,-1,1432,1417,1415,-1,1415,1417,1419,-1,1415,1419,1416,-1,1405,1407,1409,-1,1409,1407,1452,-1,1409,1452,1442,-1,1442,1452,1453,-1,1442,1453,1443,-1,1443,1453,1454,-1,1443,1454,1444,-1,1444,1454,1455,-1,1444,1455,1445,-1,1445,1455,1456,-1,1445,1456,1446,-1,1446,1456,1457,-1,1446,1457,1447,-1,1447,1457,1458,-1,1447,1458,1448,-1,1448,1458,1459,-1,1448,1459,1449,-1,1449,1459,1460,-1,1449,1460,1450,-1,1450,1460,1461,-1,1450,1461,1451,-1,1451,1461,1422,-1,1451,1422,1417,-1,1417,1422,1423,-1,1417,1423,1418,-1,1402,1404,1407,-1,1407,1404,1462,-1,1407,1462,1452,-1,1452,1462,1463,-1,1452,1463,1453,-1,1453,1463,1464,-1,1453,1464,1454,-1,1454,1464,1465,-1,1454,1465,1455,-1,1455,1465,1466,-1,1455,1466,1456,-1,1456,1466,1467,-1,1456,1467,1457,-1,1457,1467,1468,-1,1457,1468,1458,-1,1458,1468,1469,-1,1458,1469,1459,-1,1459,1469,1470,-1,1459,1470,1460,-1,1460,1470,1471,-1,1460,1471,1461,-1,1461,1471,1424,-1,1461,1424,1422,-1,1422,1424,1426,-1,1422,1426,1420,-1,1399,1401,1404,-1,1404,1401,1472,-1,1404,1472,1462,-1,1462,1472,1473,-1,1462,1473,1463,-1,1463,1473,1474,-1,1463,1474,1464,-1,1464,1474,1475,-1,1464,1475,1465,-1,1465,1475,1476,-1,1465,1476,1466,-1,1466,1476,1477,-1,1466,1477,1467,-1,1467,1477,1478,-1,1467,1478,1468,-1,1468,1478,1479,-1,1468,1479,1469,-1,1469,1479,1480,-1,1469,1480,1470,-1,1470,1480,1481,-1,1470,1481,1471,-1,1471,1481,1482,-1,1471,1482,1424,-1,1424,1482,1483,-1,1424,1483,1425,-1,1398,1397,1401,-1,1401,1397,1484,-1,1401,1484,1472,-1,1472,1484,1485,-1,1472,1485,1473,-1,1473,1485,1486,-1,1473,1486,1474,-1,1474,1486,1487,-1,1474,1487,1475,-1,1475,1487,1488,-1,1475,1488,1476,-1,1476,1488,1489,-1,1476,1489,1477,-1,1477,1489,1490,-1,1477,1490,1478,-1,1478,1490,1491,-1,1478,1491,1479,-1,1479,1491,1492,-1,1479,1492,1480,-1,1480,1492,1493,-1,1480,1493,1481,-1,1481,1493,1429,-1,1481,1429,1482,-1,1482,1429,1431,-1,1482,1431,1483,-1,1396,1070,1397,-1,1397,1070,1071,-1,1397,1071,1484,-1,1484,1071,1072,-1,1484,1072,1485,-1,1485,1072,1073,-1,1485,1073,1486,-1,1486,1073,1074,-1,1486,1074,1487,-1,1487,1074,1081,-1,1487,1081,1488,-1,1488,1081,1080,-1,1488,1080,1489,-1,1489,1080,1079,-1,1489,1079,1490,-1,1490,1079,1078,-1,1490,1078,1491,-1,1491,1078,1077,-1,1491,1077,1492,-1,1492,1077,1076,-1,1492,1076,1493,-1,1493,1076,1075,-1,1493,1075,1429,-1,1429,1075,1068,-1,1429,1068,1427,-1,1177,1175,1494,-1,1173,1171,1495,-1,1170,1187,1496,-1,1203,1201,1497,-1,1199,1197,1498,-1,1499,1185,1183,-1,1500,1499,1501,-1,1501,1499,1183,-1,1501,1183,1181,-1,1502,1503,1501,-1,1501,1503,1504,-1,1501,1504,1500,-1,1505,1506,1507,-1,1507,1506,1508,-1,1507,1508,1509,-1,1509,1508,1510,-1,1509,1510,1502,-1,1502,1510,1511,-1,1502,1511,1503,-1,1085,1083,1512,-1,1512,1083,1513,-1,1513,1514,1512,-1,1512,1514,1515,-1,1512,1515,1507,-1,1507,1515,1516,-1,1507,1516,1505,-1,1082,1084,1517,-1,1517,1084,1518,-1,1517,1518,1519,-1,1519,1518,1520,-1,1520,1518,1521,-1,1520,1521,1522,-1,1523,1524,1525,-1,1525,1524,1526,-1,1525,1526,1521,-1,1521,1526,1527,-1,1521,1527,1522,-1,1528,1529,1523,-1,1523,1529,1530,-1,1523,1530,1524,-1,1528,1195,1193,-1,1191,1531,1193,-1,1193,1531,1532,-1,1193,1532,1528,-1,1528,1532,1533,-1,1528,1533,1529,-1,1088,1087,1534,-1,1534,1087,1535,-1,1534,1535,1536,-1,1536,1535,1537,-1,1536,1537,1538,-1,1538,1537,1539,-1,1538,1539,1540,-1,1089,1088,1541,-1,1541,1088,1534,-1,1541,1534,1542,-1,1542,1534,1536,-1,1542,1536,1543,-1,1543,1536,1538,-1,1543,1538,1544,-1,1544,1538,1540,-1,1544,1540,1497,-1,1545,1546,1547,-1,1084,1094,1518,-1,1518,1094,1548,-1,1518,1548,1521,-1,1521,1548,1549,-1,1521,1549,1525,-1,1525,1549,1550,-1,1525,1550,1523,-1,1523,1550,1551,-1,1523,1551,1528,-1,1528,1551,1498,-1,1528,1498,1195,-1,1195,1498,1197,-1,1201,1199,1497,-1,1497,1199,1498,-1,1497,1498,1544,-1,1544,1498,1551,-1,1544,1551,1543,-1,1543,1551,1550,-1,1543,1550,1542,-1,1542,1550,1549,-1,1542,1549,1541,-1,1541,1549,1548,-1,1541,1548,1089,-1,1089,1548,1094,-1,1539,1545,1540,-1,1540,1545,1547,-1,1540,1547,1497,-1,1497,1547,1205,-1,1497,1205,1203,-1,1189,1213,1552,-1,1552,1213,1546,-1,1552,1546,1553,-1,1553,1546,1545,-1,1553,1545,1554,-1,1554,1545,1539,-1,1554,1539,1555,-1,1555,1539,1537,-1,1555,1537,1556,-1,1556,1537,1535,-1,1556,1535,1093,-1,1093,1535,1087,-1,1213,1211,1546,-1,1546,1211,1209,-1,1546,1209,1547,-1,1547,1209,1207,-1,1547,1207,1205,-1,1187,1189,1496,-1,1496,1189,1552,-1,1496,1552,1557,-1,1557,1552,1553,-1,1557,1553,1558,-1,1558,1553,1554,-1,1558,1554,1559,-1,1559,1554,1555,-1,1559,1555,1560,-1,1560,1555,1556,-1,1560,1556,1092,-1,1092,1556,1093,-1,1171,1170,1495,-1,1495,1170,1496,-1,1495,1496,1561,-1,1561,1496,1557,-1,1561,1557,1562,-1,1562,1557,1558,-1,1562,1558,1563,-1,1563,1558,1559,-1,1563,1559,1564,-1,1564,1559,1560,-1,1564,1560,1091,-1,1091,1560,1092,-1,1175,1173,1494,-1,1494,1173,1495,-1,1494,1495,1565,-1,1565,1495,1561,-1,1565,1561,1566,-1,1566,1561,1562,-1,1566,1562,1567,-1,1567,1562,1563,-1,1567,1563,1568,-1,1568,1563,1564,-1,1568,1564,1090,-1,1090,1564,1091,-1,1179,1177,1569,-1,1569,1177,1494,-1,1569,1494,1570,-1,1570,1494,1565,-1,1570,1565,1571,-1,1571,1565,1566,-1,1571,1566,1572,-1,1572,1566,1567,-1,1572,1567,1573,-1,1573,1567,1568,-1,1573,1568,1086,-1,1086,1568,1090,-1,1086,1085,1573,-1,1573,1085,1512,-1,1573,1512,1572,-1,1572,1512,1507,-1,1572,1507,1571,-1,1571,1507,1509,-1,1571,1509,1570,-1,1570,1509,1502,-1,1570,1502,1569,-1,1569,1502,1501,-1,1569,1501,1179,-1,1179,1501,1181,-1,1574,1575,1576,-1,1577,1578,1579,-1,1576,1575,1580,-1,1580,1575,1581,-1,1580,1581,1582,-1,1582,1583,1580,-1,1580,1583,1584,-1,1580,1584,1577,-1,1585,1576,1586,-1,1586,1576,994,-1,1585,1587,1576,-1,1576,1587,1588,-1,1576,1588,1574,-1,1589,1590,1591,-1,1591,1590,1592,-1,1592,1593,1591,-1,1591,1593,1594,-1,1591,1594,985,-1,1595,1596,1597,-1,1597,1596,1598,-1,1598,1599,1597,-1,1597,1599,1600,-1,1597,1600,1591,-1,1591,1600,1601,-1,1591,1601,1589,-1,1577,1579,1580,-1,1580,1579,1602,-1,1580,1602,1603,-1,1603,1602,1604,-1,1603,1604,1605,-1,1605,1604,1606,-1,1605,1606,1607,-1,1607,1606,1608,-1,1607,1608,1609,-1,1609,1608,1610,-1,1609,1610,1611,-1,1611,1610,1612,-1,1611,1612,1613,-1,1613,1612,1614,-1,1613,1614,1615,-1,1615,1614,1616,-1,1615,1616,1617,-1,1617,1616,1618,-1,1617,1618,1597,-1,1597,1618,1619,-1,1597,1619,1595,-1,1620,1621,1622,-1,1623,1624,1625,-1,1625,1624,621,-1,1625,621,1622,-1,1622,621,633,-1,1622,633,1620,-1,1626,1627,1623,-1,1623,1627,1628,-1,1623,1628,1624,-1,1620,1629,1621,-1,1621,1629,1630,-1,1621,1630,1631,-1,1631,1630,1632,-1,1631,1632,1626,-1,1626,1632,1633,-1,1626,1633,1627,-1,1634,1635,1636,-1,1637,1638,1639,-1,1636,1635,1640,-1,1640,1635,1641,-1,1640,1641,1642,-1,1642,1643,1640,-1,1640,1643,1644,-1,1640,1644,1637,-1,1645,1636,1646,-1,1646,1636,1042,-1,1645,1647,1636,-1,1636,1647,1648,-1,1636,1648,1634,-1,1649,1650,1651,-1,1651,1650,1652,-1,1652,1653,1651,-1,1651,1653,1654,-1,1651,1654,1033,-1,1655,1656,1657,-1,1657,1656,1658,-1,1658,1659,1657,-1,1657,1659,1660,-1,1657,1660,1651,-1,1651,1660,1661,-1,1651,1661,1649,-1,1637,1639,1640,-1,1640,1639,1662,-1,1640,1662,1663,-1,1663,1662,1664,-1,1663,1664,1665,-1,1665,1664,1666,-1,1665,1666,1667,-1,1667,1666,1668,-1,1667,1668,1669,-1,1669,1668,1670,-1,1669,1670,1671,-1,1671,1670,1672,-1,1671,1672,1673,-1,1673,1672,1674,-1,1673,1674,1675,-1,1675,1674,1676,-1,1675,1676,1677,-1,1677,1676,1678,-1,1677,1678,1657,-1,1657,1678,1679,-1,1657,1679,1655,-1,1680,1681,1682,-1,1682,1681,1683,-1,1684,1682,1685,-1,1685,1682,1683,-1,1685,1683,1686,-1,1686,1683,1687,-1,1688,1689,1690,-1,1690,1689,1691,-1,1692,1690,1693,-1,1693,1690,1691,-1,1693,1691,1694,-1,1694,1691,1695,-1,1696,1697,1698,-1,1698,1697,1699,-1,1700,1698,1701,-1,1701,1698,1699,-1,1701,1699,1702,-1,1702,1699,1703,-1,1704,1705,1706,-1,1706,1705,1707,-1,1708,1706,1709,-1,1709,1706,1707,-1,1709,1707,1710,-1,1710,1707,1711,-1,1712,1713,1714,-1,1714,1713,1715,-1,1716,1714,1717,-1,1717,1714,1715,-1,1717,1715,1718,-1,1718,1715,1719,-1,1720,1721,1722,-1,1722,1721,1723,-1,1724,1722,1725,-1,1725,1722,1723,-1,1725,1723,1726,-1,1726,1723,1727,-1,1728,1729,1730,-1,1730,1729,1731,-1,1732,1733,1734,-1,1734,1733,1735,-1,1736,1728,1737,-1,1737,1728,1730,-1,1737,1730,1738,-1,1738,1730,1734,-1,1738,1734,1739,-1,1739,1734,1735,-1,1739,1735,1736,-1,1736,1735,1728,-1,1740,1741,1742,-1,1742,1741,1743,-1,1744,612,1745,-1,1745,612,593,-1,1746,1747,1748,-1,1748,1747,1749,-1,1750,599,1751,-1,1751,599,611,-1,1752,611,1753,-1,1753,611,612,-1,1753,612,1744,-1,1742,1743,579,-1,569,1728,1735,-1,1754,1755,1756,-1,1744,1757,1753,-1,1753,1757,1754,-1,1753,1754,1758,-1,1758,1754,1756,-1,1747,1746,627,-1,627,1746,1759,-1,1735,635,569,-1,569,635,611,-1,569,611,579,-1,579,611,1752,-1,579,1752,1742,-1,1760,1751,1761,-1,1761,1751,611,-1,1761,611,1759,-1,1759,611,635,-1,1759,635,627,-1,1762,1763,1764,-1,1762,1764,1761,-1,1761,1764,1765,-1,1761,1765,1760,-1,1766,1767,571,-1,571,1767,577,-1,1768,1769,1770,-1,1712,1714,1771,-1,1769,1748,628,-1,628,1748,1749,-1,1741,1740,578,-1,578,1740,1772,-1,578,1772,577,-1,1773,1774,1669,-1,1704,1706,1775,-1,1775,1706,1773,-1,1733,1732,638,-1,638,1732,1776,-1,638,1776,637,-1,637,1776,629,-1,637,629,1632,-1,1632,629,1633,-1,1671,1673,1770,-1,1770,1673,1675,-1,1770,1675,1677,-1,1696,1698,1777,-1,1750,1778,1770,-1,1770,1778,1779,-1,1770,1779,1780,-1,1712,1771,1781,-1,628,629,1769,-1,1769,629,1776,-1,1769,1776,1770,-1,1770,1776,1782,-1,1770,1782,1722,-1,1722,1782,1720,-1,1780,1783,1770,-1,1770,1783,1784,-1,1770,1784,1768,-1,1671,1770,1669,-1,1669,1770,1781,-1,1669,1781,1773,-1,1773,1781,1771,-1,1773,1771,1775,-1,1677,1657,1770,-1,1770,1657,1651,-1,1770,1651,1033,-1,1688,1690,1785,-1,1785,1690,1786,-1,1785,1786,1777,-1,1787,1788,1789,-1,1680,1682,1790,-1,1790,1682,1791,-1,1731,1729,570,-1,1787,1789,1792,-1,1770,1576,1580,-1,1696,1777,1774,-1,1774,1777,1786,-1,1774,1786,1669,-1,1669,1786,1792,-1,1669,1792,1791,-1,1791,1792,1789,-1,1791,1789,1790,-1,1607,1750,1605,-1,1605,1750,1770,-1,1605,1770,1603,-1,1603,1770,1580,-1,1607,1609,1750,-1,1750,1609,1611,-1,1750,1611,1613,-1,1731,570,1793,-1,1613,1615,1750,-1,1750,1615,1617,-1,1750,1617,1597,-1,1665,1667,570,-1,570,1667,1669,-1,570,1669,1793,-1,1793,1669,1791,-1,577,1772,571,-1,571,1772,1640,-1,571,1640,570,-1,570,1640,1663,-1,570,1663,1665,-1,599,978,1003,-1,1003,1005,599,-1,599,1005,1007,-1,599,1007,1009,-1,1063,1065,593,-1,593,1065,1045,-1,1597,1591,1750,-1,1750,1591,985,-1,1750,985,599,-1,599,985,974,-1,599,974,978,-1,1009,1011,599,-1,599,1011,1013,-1,599,1013,593,-1,593,1013,1015,-1,593,1015,1017,-1,1057,1059,593,-1,593,1059,1061,-1,593,1061,1063,-1,1017,1053,593,-1,593,1053,1055,-1,593,1055,1057,-1,1794,1042,1772,-1,1772,1042,1636,-1,1772,1636,1640,-1,1576,1770,994,-1,994,1770,1033,-1,994,1033,990,-1,990,1033,1022,-1,990,1022,997,-1,997,1022,1026,-1,997,1026,1017,-1,1017,1026,1051,-1,1017,1051,1053,-1,1045,1038,593,-1,593,1038,1042,-1,593,1042,1745,-1,1745,1042,1794,-1,1745,1794,1795,-1,1794,1796,1797,-1,1797,1798,1794,-1,1794,1798,1799,-1,1794,1799,1795,-1,579,1743,578,-1,578,1743,1741,-1,570,1729,569,-1,569,1729,1728,-1,635,1735,638,-1,638,1735,1733,-1,628,1749,627,-1,627,1749,1747,-1,1794,1772,1753,-1,1753,1772,1752,-1,1772,1740,1752,-1,1752,1740,1742,-1,1748,1769,1746,-1,1746,1769,1759,-1,1761,1759,1768,-1,1768,1759,1769,-1,1794,1753,1758,-1,1794,1758,1796,-1,1796,1758,1756,-1,1796,1756,1797,-1,1797,1756,1755,-1,1797,1755,1798,-1,1798,1755,1754,-1,1798,1754,1799,-1,1799,1754,1757,-1,1799,1757,1795,-1,1795,1757,1744,-1,1795,1744,1745,-1,1750,1751,1760,-1,1750,1760,1778,-1,1778,1760,1765,-1,1778,1765,1779,-1,1779,1765,1764,-1,1779,1764,1780,-1,1780,1764,1763,-1,1780,1763,1783,-1,1783,1763,1762,-1,1783,1762,1784,-1,1784,1762,1761,-1,1784,1761,1768,-1,551,32,1737,-1,1737,32,1736,-1,32,0,1736,-1,1736,0,1739,-1,0,563,1739,-1,1739,563,1738,-1,563,551,1738,-1,1738,551,1737,-1,1793,1800,950,-1,945,1730,950,-1,950,1730,1731,-1,950,1731,1793,-1,1801,1776,925,-1,925,1776,1732,-1,925,1732,926,-1,926,1732,1734,-1,1787,1802,1788,-1,1788,1802,1803,-1,1804,1788,1805,-1,1805,1788,1803,-1,1805,1803,1806,-1,1806,1803,1807,-1,926,1734,958,-1,958,1734,1730,-1,942,1726,1727,-1,1730,945,944,-1,1686,1687,944,-1,944,1687,952,-1,944,952,1730,-1,1730,952,953,-1,1806,1807,953,-1,953,1807,932,-1,953,932,1730,-1,1730,932,931,-1,1694,1695,931,-1,931,1695,963,-1,931,963,1730,-1,1730,963,962,-1,1702,1703,962,-1,962,1703,947,-1,962,947,1730,-1,1730,947,946,-1,1710,1711,946,-1,946,1711,954,-1,946,954,1730,-1,1730,954,955,-1,1718,1719,955,-1,955,1719,943,-1,955,943,1730,-1,1730,943,942,-1,1730,942,958,-1,958,942,1727,-1,1808,1782,1801,-1,1801,1782,1776,-1,1721,1720,1808,-1,1808,1720,1782,-1,1809,1770,1724,-1,1724,1770,1722,-1,1810,1781,1809,-1,1809,1781,1770,-1,1713,1712,1810,-1,1810,1712,1781,-1,1811,1771,1716,-1,1716,1771,1714,-1,1812,1775,1811,-1,1811,1775,1771,-1,1705,1704,1812,-1,1812,1704,1775,-1,1813,1773,1708,-1,1708,1773,1706,-1,1814,1774,1813,-1,1813,1774,1773,-1,1697,1696,1814,-1,1814,1696,1774,-1,1815,1777,1700,-1,1700,1777,1698,-1,1816,1785,1815,-1,1815,1785,1777,-1,1689,1688,1816,-1,1816,1688,1785,-1,1817,1786,1692,-1,1692,1786,1690,-1,1818,1792,1817,-1,1817,1792,1786,-1,1802,1787,1818,-1,1818,1787,1792,-1,1681,1680,1819,-1,1819,1680,1790,-1,1820,1789,1804,-1,1804,1789,1788,-1,1819,1790,1820,-1,1820,1790,1789,-1,1821,1791,1684,-1,1684,1791,1682,-1,1800,1793,1821,-1,1821,1793,1791,-1,1822,1823,1824,-1,1825,1826,1827,-1,1827,1826,583,-1,1827,583,1824,-1,1824,583,572,-1,1824,572,1822,-1,1828,566,565,-1,1828,565,1829,-1,1829,565,583,-1,1829,583,1826,-1,1766,571,1828,-1,1828,571,566,-1,1830,576,1767,-1,1767,576,577,-1,1822,572,574,-1,1822,574,1831,-1,1831,574,576,-1,1831,576,1830,-1,1832,1828,1825,-1,1825,1828,1829,-1,1825,1829,1826,-1,1822,1831,1823,-1,1823,1831,1830,-1,1823,1830,1833,-1,1833,1830,1767,-1,1833,1767,1832,-1,1832,1767,1766,-1,1832,1766,1828,-1,1834,1835,1824,-1,1824,1835,1827,-1,1832,1825,1835,-1,1835,1825,1827,-1,1834,1824,1833,-1,1833,1824,1823,-1,1835,1834,1832,-1,1832,1834,1833,-1,1836,1679,1837,-1,1837,1679,1678,-1,1837,1678,1838,-1,1838,1678,1676,-1,1838,1676,1839,-1,1839,1676,1674,-1,1839,1674,1840,-1,1840,1674,1672,-1,1840,1672,1841,-1,1841,1672,1670,-1,1841,1670,1842,-1,1842,1670,1843,-1,1843,1670,1668,-1,1843,1668,1844,-1,1844,1668,1666,-1,1844,1666,1845,-1,1845,1666,1664,-1,1845,1664,1846,-1,1846,1664,1662,-1,1846,1662,1847,-1,1847,1662,1639,-1,1847,1639,1848,-1,1848,1639,1638,-1,1848,1638,1849,-1,1850,1851,1852,-1,1852,1851,1853,-1,1852,1853,1854,-1,1854,1855,1852,-1,1852,1855,1856,-1,1852,1856,1857,-1,1858,1859,1860,-1,1857,1861,1852,-1,1852,1861,1858,-1,1852,1858,1862,-1,1862,1858,1860,-1,1627,624,623,-1,1627,623,1628,-1,1628,623,621,-1,1628,621,1624,-1,1620,633,631,-1,1620,631,1629,-1,1629,631,630,-1,1629,630,1630,-1,630,637,1630,-1,1630,637,1632,-1,629,624,1633,-1,1633,624,1627,-1,1863,1622,1631,-1,1631,1622,1621,-1,1626,1623,1864,-1,1864,1623,1625,-1,1864,1863,1626,-1,1626,1863,1631,-1,1864,1625,1863,-1,1863,1625,1622,-1,1865,1619,1866,-1,1866,1619,1618,-1,1866,1618,1867,-1,1867,1618,1616,-1,1867,1616,1868,-1,1868,1616,1614,-1,1868,1614,1869,-1,1869,1614,1612,-1,1869,1612,1870,-1,1870,1612,1610,-1,1870,1610,1871,-1,1871,1610,1872,-1,1872,1610,1608,-1,1872,1608,1873,-1,1873,1608,1606,-1,1873,1606,1874,-1,1874,1606,1604,-1,1874,1604,1875,-1,1875,1604,1602,-1,1875,1602,1876,-1,1876,1602,1579,-1,1876,1579,1877,-1,1877,1579,1578,-1,1877,1578,1878,-1,1879,1880,1881,-1,1881,1880,1882,-1,1882,1883,1881,-1,1881,1883,1884,-1,1881,1884,1885,-1,1885,1886,1881,-1,1881,1886,1887,-1,1881,1887,1888,-1,1888,1889,1881,-1,1881,1889,1890,-1,1881,1890,1891,-1,1892,1893,1894,-1,1892,1894,1895,-1,1895,1894,1896,-1,1895,1896,1897,-1,1897,1896,1898,-1,1897,1898,1899,-1,1899,1898,1900,-1,1899,1900,1901,-1,1901,1900,1902,-1,1901,1902,1903,-1,1903,1902,1904,-1,1903,1904,1905,-1,1905,1904,1906,-1,1905,1906,1907,-1,1907,1906,1908,-1,1907,1908,1909,-1,1893,1892,1910,-1,1910,1892,1911,-1,1910,1911,1912,-1,1913,1914,1915,-1,1915,1914,1916,-1,1915,1916,1917,-1,1917,1916,1918,-1,1917,1918,1919,-1,1919,1918,1920,-1,1919,1920,1921,-1,1921,1920,1922,-1,1921,1922,1923,-1,1923,1922,1924,-1,1923,1924,1925,-1,1925,1924,1926,-1,1925,1926,1927,-1,1927,1926,1928,-1,1927,1928,1929,-1,1929,1928,1930,-1,1929,1930,1931,-1,1931,1930,1932,-1,1931,1932,1933,-1,1933,1932,1934,-1,1933,1934,1935,-1,1935,1934,1936,-1,1935,1936,1937,-1,1937,1936,1912,-1,1937,1912,1938,-1,1938,1912,1911,-1,1939,1940,1941,-1,1939,1941,1942,-1,1942,1941,1943,-1,1942,1943,1944,-1,1944,1943,1945,-1,1944,1945,1946,-1,1946,1945,1947,-1,1946,1947,1948,-1,1948,1947,1949,-1,1948,1949,1950,-1,1950,1949,1951,-1,1950,1951,1952,-1,1952,1951,1953,-1,1952,1953,1954,-1,1954,1953,1955,-1,1954,1955,1956,-1,1940,1939,1957,-1,1957,1939,1958,-1,1957,1958,1959,-1,1960,1961,1962,-1,1962,1961,1963,-1,1962,1963,1964,-1,1964,1963,1965,-1,1964,1965,1966,-1,1966,1965,1967,-1,1966,1967,1968,-1,1968,1967,1969,-1,1968,1969,1970,-1,1970,1969,1971,-1,1970,1971,1972,-1,1972,1971,1973,-1,1972,1973,1974,-1,1974,1973,1975,-1,1974,1975,1976,-1,1976,1975,1977,-1,1976,1977,1978,-1,1978,1977,1979,-1,1978,1979,1980,-1,1980,1979,1981,-1,1980,1981,1982,-1,1982,1981,1983,-1,1982,1983,1984,-1,1984,1983,1959,-1,1984,1959,1985,-1,1985,1959,1958,-1,1986,1865,1866,-1,1987,1913,1915,-1,1988,1989,1987,-1,1990,1991,1992,-1,1993,1994,1995,-1,1995,1994,1996,-1,1997,1998,1999,-1,2000,2001,2002,-1,2003,2004,2005,-1,1877,1878,2006,-1,2007,2008,2009,-1,2009,2008,1986,-1,2010,2011,2012,-1,2012,2011,2007,-1,2013,2014,2015,-1,2015,2014,2010,-1,2016,2017,2018,-1,2018,2017,2019,-1,2018,2019,2013,-1,2020,2021,2022,-1,2022,2021,2016,-1,2023,2024,2020,-1,2024,2023,2025,-1,2025,2023,1907,-1,2025,1907,1909,-1,1987,1915,1988,-1,1988,1915,1917,-1,1988,1917,2026,-1,1917,1919,2026,-1,2026,1919,1921,-1,2026,1921,2027,-1,2027,1921,1923,-1,2027,1923,2028,-1,1923,1925,2028,-1,2028,1925,1927,-1,2028,1927,2029,-1,1927,1929,2029,-1,2029,1929,1931,-1,2029,1931,2030,-1,2030,1931,1933,-1,1933,1935,2030,-1,2030,1935,1937,-1,2030,1937,2031,-1,2031,1937,1938,-1,2031,1938,2032,-1,1938,1911,2032,-1,2032,1911,1892,-1,2032,1892,2033,-1,1892,1895,2033,-1,2033,1895,1897,-1,2033,1897,2034,-1,2034,1897,1899,-1,2034,1899,2035,-1,1899,1901,2035,-1,2035,1901,1903,-1,2035,1903,2023,-1,2023,1903,1905,-1,2023,1905,1907,-1,2020,2022,2023,-1,2023,2022,2036,-1,2023,2036,2035,-1,2035,2036,2037,-1,2035,2037,2034,-1,2034,2037,2038,-1,2034,2038,2033,-1,2033,2038,2039,-1,2033,2039,2032,-1,2032,2039,2040,-1,2032,2040,2031,-1,2031,2040,2041,-1,2031,2041,2030,-1,2030,2041,2042,-1,2030,2042,2029,-1,2029,2042,2043,-1,2029,2043,2028,-1,2028,2043,2044,-1,2028,2044,2027,-1,2027,2044,2045,-1,2027,2045,2026,-1,2026,2045,1990,-1,2026,1990,1988,-1,1988,1990,1992,-1,1988,1992,1989,-1,2016,2018,2022,-1,2022,2018,2046,-1,2022,2046,2036,-1,2036,2046,2047,-1,2036,2047,2037,-1,2037,2047,2048,-1,2037,2048,2038,-1,2038,2048,2049,-1,2038,2049,2039,-1,2039,2049,2050,-1,2039,2050,2040,-1,2040,2050,2051,-1,2040,2051,2041,-1,2041,2051,2052,-1,2041,2052,2042,-1,2042,2052,2053,-1,2042,2053,2043,-1,2043,2053,2054,-1,2043,2054,2044,-1,2044,2054,2055,-1,2044,2055,2045,-1,2045,2055,1995,-1,2045,1995,1990,-1,1990,1995,1996,-1,1990,1996,1991,-1,2013,2015,2018,-1,2018,2015,2056,-1,2018,2056,2046,-1,2046,2056,2057,-1,2046,2057,2047,-1,2047,2057,2058,-1,2047,2058,2048,-1,2048,2058,2059,-1,2048,2059,2049,-1,2049,2059,2060,-1,2049,2060,2050,-1,2050,2060,2061,-1,2050,2061,2051,-1,2051,2061,2062,-1,2051,2062,2052,-1,2052,2062,2063,-1,2052,2063,2053,-1,2053,2063,2064,-1,2053,2064,2054,-1,2054,2064,2065,-1,2054,2065,2055,-1,2055,2065,1997,-1,2055,1997,1995,-1,1995,1997,1999,-1,1995,1999,1993,-1,2010,2012,2015,-1,2015,2012,2066,-1,2015,2066,2056,-1,2056,2066,2067,-1,2056,2067,2057,-1,2057,2067,2068,-1,2057,2068,2058,-1,2058,2068,2069,-1,2058,2069,2059,-1,2059,2069,2070,-1,2059,2070,2060,-1,2060,2070,2071,-1,2060,2071,2061,-1,2061,2071,2072,-1,2061,2072,2062,-1,2062,2072,2073,-1,2062,2073,2063,-1,2063,2073,2074,-1,2063,2074,2064,-1,2064,2074,2075,-1,2064,2075,2065,-1,2065,2075,2000,-1,2065,2000,1997,-1,1997,2000,2002,-1,1997,2002,1998,-1,2007,2009,2012,-1,2012,2009,2076,-1,2012,2076,2066,-1,2066,2076,2077,-1,2066,2077,2067,-1,2067,2077,2078,-1,2067,2078,2068,-1,2068,2078,2079,-1,2068,2079,2069,-1,2069,2079,2080,-1,2069,2080,2070,-1,2070,2080,2081,-1,2070,2081,2071,-1,2071,2081,2082,-1,2071,2082,2072,-1,2072,2082,2083,-1,2072,2083,2073,-1,2073,2083,2084,-1,2073,2084,2074,-1,2074,2084,2085,-1,2074,2085,2075,-1,2075,2085,2003,-1,2075,2003,2000,-1,2000,2003,2005,-1,2000,2005,2001,-1,1986,1866,2009,-1,2009,1866,1867,-1,2009,1867,2076,-1,2076,1867,1868,-1,2076,1868,2077,-1,2077,1868,1869,-1,2077,1869,2078,-1,2078,1869,1870,-1,2078,1870,2079,-1,2079,1870,1871,-1,2079,1871,2080,-1,2080,1871,1872,-1,2080,1872,2081,-1,2081,1872,1873,-1,2081,1873,2082,-1,2082,1873,1874,-1,2082,1874,2083,-1,2083,1874,1875,-1,2083,1875,2084,-1,2084,1875,1876,-1,2084,1876,2085,-1,2085,1876,1877,-1,2085,1877,2003,-1,2003,1877,2006,-1,2003,2006,2004,-1,1900,1898,2086,-1,1896,1894,2087,-1,1893,1910,2088,-1,1926,1924,2089,-1,1922,1920,2090,-1,1879,1881,2091,-1,2091,1881,2092,-1,2091,2092,2093,-1,2093,2092,2094,-1,2094,2092,2095,-1,2094,2095,2096,-1,2096,2095,2097,-1,2097,2095,2098,-1,2097,2098,2099,-1,2099,2098,2100,-1,2100,2098,2101,-1,2100,2101,2102,-1,2102,2101,2103,-1,2103,2101,2104,-1,2103,2104,2105,-1,2104,1918,1916,-1,2105,2104,2106,-1,2106,2104,1916,-1,2106,1916,1914,-1,2107,1908,1906,-1,2108,2107,2109,-1,2109,2107,1906,-1,2109,1906,1904,-1,2110,2111,2109,-1,2109,2111,2112,-1,2109,2112,2108,-1,2113,2114,2110,-1,2110,2114,2115,-1,2110,2115,2111,-1,2116,2117,2118,-1,2118,2117,2119,-1,2118,2119,2113,-1,2113,2119,2120,-1,2113,2120,2114,-1,2116,2118,2121,-1,2121,2118,2122,-1,2121,2122,2123,-1,2123,2122,2124,-1,2124,2122,1882,-1,2124,1882,1880,-1,1889,1888,2125,-1,2125,1888,2126,-1,2125,2126,2127,-1,2127,2126,2128,-1,2127,2128,2129,-1,2129,2128,2130,-1,2129,2130,2131,-1,1890,1889,2132,-1,2132,1889,2125,-1,2132,2125,2133,-1,2133,2125,2127,-1,2133,2127,2134,-1,2134,2127,2129,-1,2134,2129,2135,-1,2135,2129,2131,-1,2135,2131,2089,-1,2136,2137,2138,-1,1881,1891,2092,-1,2092,1891,2139,-1,2092,2139,2095,-1,2095,2139,2140,-1,2095,2140,2098,-1,2098,2140,2141,-1,2098,2141,2101,-1,2101,2141,2142,-1,2101,2142,2104,-1,2104,2142,2090,-1,2104,2090,1918,-1,1918,2090,1920,-1,1924,1922,2089,-1,2089,1922,2090,-1,2089,2090,2135,-1,2135,2090,2142,-1,2135,2142,2134,-1,2134,2142,2141,-1,2134,2141,2133,-1,2133,2141,2140,-1,2133,2140,2132,-1,2132,2140,2139,-1,2132,2139,1890,-1,1890,2139,1891,-1,2130,2136,2131,-1,2131,2136,2138,-1,2131,2138,2089,-1,2089,2138,1928,-1,2089,1928,1926,-1,1912,1936,2143,-1,2143,1936,2137,-1,2143,2137,2144,-1,2144,2137,2136,-1,2144,2136,2145,-1,2145,2136,2130,-1,2145,2130,2146,-1,2146,2130,2128,-1,2146,2128,2147,-1,2147,2128,2126,-1,2147,2126,1887,-1,1887,2126,1888,-1,1936,1934,2137,-1,2137,1934,1932,-1,2137,1932,2138,-1,2138,1932,1930,-1,2138,1930,1928,-1,1910,1912,2088,-1,2088,1912,2143,-1,2088,2143,2148,-1,2148,2143,2144,-1,2148,2144,2149,-1,2149,2144,2145,-1,2149,2145,2150,-1,2150,2145,2146,-1,2150,2146,2151,-1,2151,2146,2147,-1,2151,2147,1886,-1,1886,2147,1887,-1,1894,1893,2087,-1,2087,1893,2088,-1,2087,2088,2152,-1,2152,2088,2148,-1,2152,2148,2153,-1,2153,2148,2149,-1,2153,2149,2154,-1,2154,2149,2150,-1,2154,2150,2155,-1,2155,2150,2151,-1,2155,2151,1885,-1,1885,2151,1886,-1,1898,1896,2086,-1,2086,1896,2087,-1,2086,2087,2156,-1,2156,2087,2152,-1,2156,2152,2157,-1,2157,2152,2153,-1,2157,2153,2158,-1,2158,2153,2154,-1,2158,2154,2159,-1,2159,2154,2155,-1,2159,2155,1884,-1,1884,2155,1885,-1,1902,1900,2160,-1,2160,1900,2086,-1,2160,2086,2161,-1,2161,2086,2156,-1,2161,2156,2162,-1,2162,2156,2157,-1,2162,2157,2163,-1,2163,2157,2158,-1,2163,2158,2164,-1,2164,2158,2159,-1,2164,2159,1883,-1,1883,2159,1884,-1,1883,1882,2164,-1,2164,1882,2122,-1,2164,2122,2163,-1,2163,2122,2118,-1,2163,2118,2162,-1,2162,2118,2113,-1,2162,2113,2161,-1,2161,2113,2110,-1,2161,2110,2160,-1,2160,2110,2109,-1,2160,2109,1902,-1,1902,2109,1904,-1,2165,1836,1837,-1,2166,1960,1962,-1,2167,2168,2166,-1,2169,2170,2171,-1,2172,2173,2174,-1,2174,2173,2175,-1,2176,2177,2178,-1,2179,2180,2181,-1,2182,2183,2184,-1,1848,1849,2185,-1,2186,2187,2188,-1,2188,2187,2165,-1,2189,2190,2191,-1,2191,2190,2186,-1,2192,2193,2194,-1,2194,2193,2189,-1,2195,2196,2197,-1,2197,2196,2198,-1,2197,2198,2192,-1,2199,2200,2201,-1,2201,2200,2195,-1,2202,2203,2199,-1,2203,2202,2204,-1,2204,2202,1954,-1,2204,1954,1956,-1,2166,1962,2167,-1,2167,1962,1964,-1,2167,1964,2205,-1,1964,1966,2205,-1,2205,1966,1968,-1,2205,1968,2206,-1,2206,1968,1970,-1,2206,1970,2207,-1,1970,1972,2207,-1,2207,1972,1974,-1,2207,1974,2208,-1,1974,1976,2208,-1,2208,1976,1978,-1,2208,1978,2209,-1,2209,1978,1980,-1,1980,1982,2209,-1,2209,1982,1984,-1,2209,1984,2210,-1,2210,1984,1985,-1,2210,1985,2211,-1,1985,1958,2211,-1,2211,1958,1939,-1,2211,1939,2212,-1,1939,1942,2212,-1,2212,1942,1944,-1,2212,1944,2213,-1,2213,1944,1946,-1,2213,1946,2214,-1,1946,1948,2214,-1,2214,1948,1950,-1,2214,1950,2202,-1,2202,1950,1952,-1,2202,1952,1954,-1,2199,2201,2202,-1,2202,2201,2215,-1,2202,2215,2214,-1,2214,2215,2216,-1,2214,2216,2213,-1,2213,2216,2217,-1,2213,2217,2212,-1,2212,2217,2218,-1,2212,2218,2211,-1,2211,2218,2219,-1,2211,2219,2210,-1,2210,2219,2220,-1,2210,2220,2209,-1,2209,2220,2221,-1,2209,2221,2208,-1,2208,2221,2222,-1,2208,2222,2207,-1,2207,2222,2223,-1,2207,2223,2206,-1,2206,2223,2224,-1,2206,2224,2205,-1,2205,2224,2169,-1,2205,2169,2167,-1,2167,2169,2171,-1,2167,2171,2168,-1,2195,2197,2201,-1,2201,2197,2225,-1,2201,2225,2215,-1,2215,2225,2226,-1,2215,2226,2216,-1,2216,2226,2227,-1,2216,2227,2217,-1,2217,2227,2228,-1,2217,2228,2218,-1,2218,2228,2229,-1,2218,2229,2219,-1,2219,2229,2230,-1,2219,2230,2220,-1,2220,2230,2231,-1,2220,2231,2221,-1,2221,2231,2232,-1,2221,2232,2222,-1,2222,2232,2233,-1,2222,2233,2223,-1,2223,2233,2234,-1,2223,2234,2224,-1,2224,2234,2174,-1,2224,2174,2169,-1,2169,2174,2175,-1,2169,2175,2170,-1,2192,2194,2197,-1,2197,2194,2235,-1,2197,2235,2225,-1,2225,2235,2236,-1,2225,2236,2226,-1,2226,2236,2237,-1,2226,2237,2227,-1,2227,2237,2238,-1,2227,2238,2228,-1,2228,2238,2239,-1,2228,2239,2229,-1,2229,2239,2240,-1,2229,2240,2230,-1,2230,2240,2241,-1,2230,2241,2231,-1,2231,2241,2242,-1,2231,2242,2232,-1,2232,2242,2243,-1,2232,2243,2233,-1,2233,2243,2244,-1,2233,2244,2234,-1,2234,2244,2176,-1,2234,2176,2174,-1,2174,2176,2178,-1,2174,2178,2172,-1,2189,2191,2194,-1,2194,2191,2245,-1,2194,2245,2235,-1,2235,2245,2246,-1,2235,2246,2236,-1,2236,2246,2247,-1,2236,2247,2237,-1,2237,2247,2248,-1,2237,2248,2238,-1,2238,2248,2249,-1,2238,2249,2239,-1,2239,2249,2250,-1,2239,2250,2240,-1,2240,2250,2251,-1,2240,2251,2241,-1,2241,2251,2252,-1,2241,2252,2242,-1,2242,2252,2253,-1,2242,2253,2243,-1,2243,2253,2254,-1,2243,2254,2244,-1,2244,2254,2179,-1,2244,2179,2176,-1,2176,2179,2181,-1,2176,2181,2177,-1,2186,2188,2191,-1,2191,2188,2255,-1,2191,2255,2245,-1,2245,2255,2256,-1,2245,2256,2246,-1,2246,2256,2257,-1,2246,2257,2247,-1,2247,2257,2258,-1,2247,2258,2248,-1,2248,2258,2259,-1,2248,2259,2249,-1,2249,2259,2260,-1,2249,2260,2250,-1,2250,2260,2261,-1,2250,2261,2251,-1,2251,2261,2262,-1,2251,2262,2252,-1,2252,2262,2263,-1,2252,2263,2253,-1,2253,2263,2264,-1,2253,2264,2254,-1,2254,2264,2182,-1,2254,2182,2179,-1,2179,2182,2184,-1,2179,2184,2180,-1,2165,1837,2188,-1,2188,1837,1838,-1,2188,1838,2255,-1,2255,1838,1839,-1,2255,1839,2256,-1,2256,1839,1840,-1,2256,1840,2257,-1,2257,1840,1841,-1,2257,1841,2258,-1,2258,1841,1842,-1,2258,1842,2259,-1,2259,1842,1843,-1,2259,1843,2260,-1,2260,1843,1844,-1,2260,1844,2261,-1,2261,1844,1845,-1,2261,1845,2262,-1,2262,1845,1846,-1,2262,1846,2263,-1,2263,1846,1847,-1,2263,1847,2264,-1,2264,1847,1848,-1,2264,1848,2182,-1,2182,1848,2185,-1,2182,2185,2183,-1,1947,1945,2265,-1,1943,1941,2266,-1,1940,1957,2267,-1,1973,1971,2268,-1,1969,1967,2269,-1,1850,1852,2270,-1,2270,1852,2271,-1,2270,2271,2272,-1,2272,2271,2273,-1,2273,2271,2274,-1,2273,2274,2275,-1,2275,2274,2276,-1,2276,2274,2277,-1,2276,2277,2278,-1,2278,2277,2279,-1,2279,2277,2280,-1,2279,2280,2281,-1,2281,2280,2282,-1,2282,2280,2283,-1,2282,2283,2284,-1,2283,1965,1963,-1,2284,2283,2285,-1,2285,2283,1963,-1,2285,1963,1961,-1,2286,1955,1953,-1,2287,2286,2288,-1,2288,2286,1953,-1,2288,1953,1951,-1,2289,2290,2288,-1,2288,2290,2291,-1,2288,2291,2287,-1,2292,2293,2289,-1,2289,2293,2294,-1,2289,2294,2290,-1,2295,2296,2297,-1,2297,2296,2298,-1,2297,2298,2292,-1,2292,2298,2299,-1,2292,2299,2293,-1,2295,2297,2300,-1,2300,2297,2301,-1,2300,2301,2302,-1,2302,2301,2303,-1,2303,2301,1853,-1,2303,1853,1851,-1,1859,1858,2304,-1,2304,1858,2305,-1,2304,2305,2306,-1,2306,2305,2307,-1,2306,2307,2308,-1,2308,2307,2309,-1,2308,2309,2310,-1,1860,1859,2311,-1,2311,1859,2304,-1,2311,2304,2312,-1,2312,2304,2306,-1,2312,2306,2313,-1,2313,2306,2308,-1,2313,2308,2314,-1,2314,2308,2310,-1,2314,2310,2268,-1,2315,2316,2317,-1,1852,1862,2271,-1,2271,1862,2318,-1,2271,2318,2274,-1,2274,2318,2319,-1,2274,2319,2277,-1,2277,2319,2320,-1,2277,2320,2280,-1,2280,2320,2321,-1,2280,2321,2283,-1,2283,2321,2269,-1,2283,2269,1965,-1,1965,2269,1967,-1,1971,1969,2268,-1,2268,1969,2269,-1,2268,2269,2314,-1,2314,2269,2321,-1,2314,2321,2313,-1,2313,2321,2320,-1,2313,2320,2312,-1,2312,2320,2319,-1,2312,2319,2311,-1,2311,2319,2318,-1,2311,2318,1860,-1,1860,2318,1862,-1,2309,2315,2310,-1,2310,2315,2317,-1,2310,2317,2268,-1,2268,2317,1975,-1,2268,1975,1973,-1,1959,1983,2322,-1,2322,1983,2316,-1,2322,2316,2323,-1,2323,2316,2315,-1,2323,2315,2324,-1,2324,2315,2309,-1,2324,2309,2325,-1,2325,2309,2307,-1,2325,2307,2326,-1,2326,2307,2305,-1,2326,2305,1861,-1,1861,2305,1858,-1,1983,1981,2316,-1,2316,1981,1979,-1,2316,1979,2317,-1,2317,1979,1977,-1,2317,1977,1975,-1,1957,1959,2267,-1,2267,1959,2322,-1,2267,2322,2327,-1,2327,2322,2323,-1,2327,2323,2328,-1,2328,2323,2324,-1,2328,2324,2329,-1,2329,2324,2325,-1,2329,2325,2330,-1,2330,2325,2326,-1,2330,2326,1857,-1,1857,2326,1861,-1,1941,1940,2266,-1,2266,1940,2267,-1,2266,2267,2331,-1,2331,2267,2327,-1,2331,2327,2332,-1,2332,2327,2328,-1,2332,2328,2333,-1,2333,2328,2329,-1,2333,2329,2334,-1,2334,2329,2330,-1,2334,2330,1856,-1,1856,2330,1857,-1,1945,1943,2265,-1,2265,1943,2266,-1,2265,2266,2335,-1,2335,2266,2331,-1,2335,2331,2336,-1,2336,2331,2332,-1,2336,2332,2337,-1,2337,2332,2333,-1,2337,2333,2338,-1,2338,2333,2334,-1,2338,2334,1855,-1,1855,2334,1856,-1,1949,1947,2339,-1,2339,1947,2265,-1,2339,2265,2340,-1,2340,2265,2335,-1,2340,2335,2341,-1,2341,2335,2336,-1,2341,2336,2342,-1,2342,2336,2337,-1,2342,2337,2343,-1,2343,2337,2338,-1,2343,2338,1854,-1,1854,2338,1855,-1,1854,1853,2343,-1,2343,1853,2301,-1,2343,2301,2342,-1,2342,2301,2297,-1,2342,2297,2341,-1,2341,2297,2292,-1,2341,2292,2340,-1,2340,2292,2289,-1,2340,2289,2339,-1,2339,2289,2288,-1,2339,2288,1949,-1,1949,2288,1951,-1,1043,1067,1023,-1,1023,1067,1024,-1,1530,1529,1533,-1,1519,1416,1517,-1,1517,1416,1082,-1,1522,1527,1533,-1,1428,1427,1083,-1,1083,1427,1068,-1,1083,1068,1024,-1,1522,1533,1520,-1,1395,1416,1190,-1,1190,1416,1519,-1,1190,1519,1191,-1,1191,1519,1531,-1,1082,1416,1083,-1,1083,1416,1419,-1,1083,1419,1418,-1,1418,1423,1083,-1,1083,1423,1421,-1,1083,1421,1420,-1,1414,1406,1410,-1,1410,1406,1405,-1,1412,1186,1067,-1,1420,1426,1083,-1,1083,1426,1425,-1,1083,1425,1483,-1,1483,1431,1083,-1,1083,1431,1430,-1,1083,1430,1428,-1,1398,1414,1396,-1,1396,1414,1069,-1,1398,1400,1414,-1,1414,1400,1399,-1,1414,1399,1403,-1,1403,1402,1414,-1,1414,1402,1408,-1,1414,1408,1406,-1,1024,1067,1083,-1,1083,1067,1186,-1,1083,1186,1185,-1,1185,1499,1083,-1,1083,1499,1500,-1,1083,1500,1504,-1,1516,1515,1505,-1,1505,1515,1506,-1,1527,1526,1533,-1,1533,1526,1524,-1,1533,1524,1530,-1,1520,1533,1519,-1,1519,1533,1532,-1,1519,1532,1531,-1,1069,1414,1067,-1,1067,1414,1413,-1,1067,1413,1412,-1,1504,1503,1083,-1,1083,1503,1511,-1,1083,1511,1510,-1,1510,1508,1083,-1,1083,1508,1506,-1,1083,1506,1513,-1,1513,1506,1515,-1,1513,1515,1514,-1,2279,2281,1638,-1,1638,1850,2270,-1,2293,2299,2203,-1,2203,2299,2298,-1,2203,2298,2296,-1,2270,2272,1638,-1,1638,2272,2273,-1,1638,2273,2275,-1,2275,2276,1638,-1,1638,2276,2278,-1,1638,2278,2279,-1,2165,2187,1850,-1,1850,2187,2186,-1,1850,2186,2190,-1,2190,2189,1850,-1,1850,2189,2193,-1,1850,2193,2192,-1,2192,2198,1850,-1,1850,2198,2196,-1,1850,2196,2195,-1,2195,2200,1850,-1,1850,2200,2199,-1,1850,2199,2203,-1,2203,2287,2291,-1,2281,2282,1638,-1,1638,2282,2284,-1,1638,2284,2285,-1,1637,1655,1638,-1,1638,1655,1679,-1,1638,1679,1850,-1,1850,1679,1836,-1,1850,1836,2165,-1,2291,2290,2203,-1,2203,2290,2294,-1,2203,2294,2293,-1,2296,2295,2203,-1,2203,2295,2300,-1,2203,2300,2302,-1,2302,2303,2203,-1,2203,2303,1851,-1,2203,1851,1850,-1,2183,2185,2285,-1,2285,2185,1849,-1,2285,1849,1638,-1,2286,2287,1955,-1,1955,2287,2203,-1,1955,2203,1956,-1,1956,2203,2204,-1,2172,2285,2173,-1,2173,2285,1961,-1,1961,1960,2173,-1,2173,1960,2166,-1,2173,2166,2168,-1,2168,2171,2173,-1,2173,2171,2170,-1,2173,2170,2175,-1,2172,2178,2285,-1,2285,2178,2177,-1,2285,2177,2181,-1,2181,2180,2285,-1,2285,2180,2184,-1,2285,2184,2183,-1,1351,1350,1354,-1,995,1019,975,-1,975,1019,976,-1,1352,1144,1111,-1,1111,1144,1143,-1,1111,1143,1216,-1,1249,1248,1111,-1,1111,1248,1095,-1,1111,1095,976,-1,1340,1354,1338,-1,1338,1354,1110,-1,1216,1237,1111,-1,1111,1237,1240,-1,1111,1240,1239,-1,1239,1244,1111,-1,1111,1244,1242,-1,1111,1242,1241,-1,1235,1227,1231,-1,1231,1227,1226,-1,1233,1139,1019,-1,1340,1341,1354,-1,1354,1341,1343,-1,1354,1343,1348,-1,1110,1354,1111,-1,1111,1354,1353,-1,1111,1353,1352,-1,1241,1247,1111,-1,1111,1247,1246,-1,1111,1246,1304,-1,1304,1252,1111,-1,1111,1252,1251,-1,1111,1251,1249,-1,1219,1235,1217,-1,1217,1235,1096,-1,1219,1221,1235,-1,1235,1221,1220,-1,1235,1220,1224,-1,1224,1223,1235,-1,1235,1223,1229,-1,1235,1229,1227,-1,976,1019,1111,-1,1111,1019,1139,-1,1111,1139,1138,-1,1138,1320,1111,-1,1111,1320,1321,-1,1111,1321,1325,-1,1337,1336,1326,-1,1326,1336,1327,-1,1348,1347,1354,-1,1354,1347,1345,-1,1354,1345,1351,-1,1096,1235,1019,-1,1019,1235,1234,-1,1019,1234,1233,-1,1325,1324,1111,-1,1111,1324,1332,-1,1111,1332,1331,-1,1331,1329,1111,-1,1111,1329,1327,-1,1111,1327,1334,-1,1334,1327,1336,-1,1334,1336,1335,-1,2100,2102,1578,-1,1578,1879,2091,-1,2114,2120,2024,-1,2024,2120,2119,-1,2024,2119,2117,-1,2091,2093,1578,-1,1578,2093,2094,-1,1578,2094,2096,-1,2096,2097,1578,-1,1578,2097,2099,-1,1578,2099,2100,-1,1986,2008,1879,-1,1879,2008,2007,-1,1879,2007,2011,-1,2011,2010,1879,-1,1879,2010,2014,-1,1879,2014,2013,-1,2013,2019,1879,-1,1879,2019,2017,-1,1879,2017,2016,-1,2016,2021,1879,-1,1879,2021,2020,-1,1879,2020,2024,-1,2024,2108,2112,-1,2102,2103,1578,-1,1578,2103,2105,-1,1578,2105,2106,-1,1577,1595,1578,-1,1578,1595,1619,-1,1578,1619,1879,-1,1879,1619,1865,-1,1879,1865,1986,-1,2112,2111,2024,-1,2024,2111,2115,-1,2024,2115,2114,-1,2117,2116,2024,-1,2024,2116,2121,-1,2024,2121,2123,-1,2123,2124,2024,-1,2024,2124,1880,-1,2024,1880,1879,-1,2004,2006,2106,-1,2106,2006,1878,-1,2106,1878,1578,-1,2107,2108,1908,-1,1908,2108,2024,-1,1908,2024,1909,-1,1909,2024,2025,-1,1993,2106,1994,-1,1994,2106,1914,-1,1914,1913,1994,-1,1994,1913,1987,-1,1994,1987,1989,-1,1989,1992,1994,-1,1994,1992,1991,-1,1994,1991,1996,-1,1993,1999,2106,-1,2106,1999,1998,-1,2106,1998,2002,-1,2002,2001,2106,-1,2106,2001,2005,-1,2106,2005,2004,-1,1595,1577,1596,-1,1596,1577,1584,-1,1596,1584,1598,-1,1598,1584,1583,-1,1598,1583,1599,-1,1599,1583,1582,-1,1599,1582,1600,-1,1600,1582,1581,-1,1600,1581,1601,-1,1601,1581,1575,-1,1601,1575,1589,-1,1589,1575,1574,-1,1589,1574,1588,-1,994,985,1586,-1,1586,985,1594,-1,1586,1594,1585,-1,1585,1594,1593,-1,1585,1593,1587,-1,1587,1593,1592,-1,1587,1592,1588,-1,1588,1592,1590,-1,1588,1590,1589,-1,985,994,984,-1,984,994,993,-1,984,993,983,-1,983,993,992,-1,983,992,986,-1,986,992,991,-1,986,991,987,-1,987,991,989,-1,987,989,988,-1,995,975,996,-1,996,975,982,-1,996,982,998,-1,998,982,981,-1,998,981,999,-1,999,981,980,-1,999,980,1000,-1,1000,980,979,-1,1000,979,1001,-1,1001,979,973,-1,1001,973,988,-1,988,973,972,-1,988,972,987,-1,1655,1637,1656,-1,1656,1637,1644,-1,1656,1644,1658,-1,1658,1644,1643,-1,1658,1643,1659,-1,1659,1643,1642,-1,1659,1642,1660,-1,1660,1642,1641,-1,1660,1641,1661,-1,1661,1641,1635,-1,1661,1635,1649,-1,1649,1635,1634,-1,1649,1634,1648,-1,1042,1033,1646,-1,1646,1033,1654,-1,1646,1654,1645,-1,1645,1654,1653,-1,1645,1653,1647,-1,1647,1653,1652,-1,1647,1652,1648,-1,1648,1652,1650,-1,1648,1650,1649,-1,1033,1042,1032,-1,1032,1042,1041,-1,1032,1041,1031,-1,1031,1041,1040,-1,1031,1040,1034,-1,1034,1040,1039,-1,1034,1039,1035,-1,1035,1039,1037,-1,1035,1037,1036,-1,1043,1023,1044,-1,1044,1023,1030,-1,1044,1030,1046,-1,1046,1030,1029,-1,1046,1029,1047,-1,1047,1029,1028,-1,1047,1028,1048,-1,1048,1028,1027,-1,1048,1027,1049,-1,1049,1027,1021,-1,1049,1021,1036,-1,1036,1021,1020,-1,1036,1020,1035,-1,675,673,2344,-1,2344,673,959,-1,2344,959,2345,-1,2345,959,960,-1,2345,960,2346,-1,2346,960,961,-1,2346,961,2347,-1,2347,961,957,-1,957,956,966,-1,2348,2349,966,-1,966,2349,2347,-1,966,2347,957,-1,967,949,2350,-1,2350,949,948,-1,2350,948,2351,-1,2351,948,2352,-1,928,927,971,-1,971,927,2353,-1,971,2353,2354,-1,2354,2353,2355,-1,2353,927,2356,-1,2356,927,940,-1,2356,940,2357,-1,2357,940,939,-1,2357,939,2358,-1,2358,939,938,-1,2358,938,923,-1,923,938,918,-1,2352,948,2359,-1,2359,948,937,-1,968,969,2355,-1,2355,969,2354,-1,2354,969,971,-1,971,969,970,-1,2349,2348,2351,-1,2351,2348,2350,-1,967,2350,966,-1,966,2350,2348,-1,2360,951,1800,-1,1800,951,950,-1,1820,1804,1805,-1,1684,1685,1821,-1,1821,1685,2361,-1,1821,2361,1800,-1,600,586,2360,-1,1805,726,1820,-1,1820,726,2362,-1,1820,2362,1819,-1,1819,2362,1683,-1,1819,1683,1681,-1,1800,2361,2360,-1,2360,2361,2362,-1,2360,2362,600,-1,600,2362,726,-1,600,726,728,-1,728,1803,1818,-1,1818,1803,1802,-1,1692,1693,1817,-1,1817,1693,722,-1,718,720,600,-1,1815,724,1816,-1,1816,724,1691,-1,1816,1691,1689,-1,1700,1701,1815,-1,1815,1701,718,-1,1815,718,724,-1,724,718,600,-1,724,600,722,-1,722,600,728,-1,722,728,1817,-1,1817,728,1818,-1,720,1699,1814,-1,1814,1699,1697,-1,1708,1709,1813,-1,1813,1709,714,-1,716,1707,1812,-1,1812,1707,1705,-1,1716,1717,1811,-1,1811,1717,710,-1,1801,925,924,-1,1715,1713,712,-1,712,1713,1810,-1,1724,1725,1809,-1,1809,1725,706,-1,1814,1813,720,-1,720,1813,714,-1,720,714,600,-1,600,714,716,-1,600,716,2363,-1,706,708,2363,-1,924,2363,1801,-1,1801,2363,708,-1,1801,708,1808,-1,1808,708,1723,-1,1808,1723,1721,-1,1812,1811,716,-1,716,1811,710,-1,716,710,2363,-1,2363,710,712,-1,2363,712,706,-1,706,712,1810,-1,706,1810,1809,-1,924,730,732,-1,846,844,763,-1,844,842,763,-1,763,842,840,-1,763,840,838,-1,677,2363,676,-1,676,2363,924,-1,676,924,763,-1,763,924,732,-1,763,732,846,-1,2360,922,951,-1,951,922,921,-1,951,921,930,-1,930,921,2364,-1,930,2364,2365,-1,2365,2364,2366,-1,2365,2366,2367,-1,2368,2369,2367,-1,2367,2369,2370,-1,2367,2370,2365,-1,2361,2371,2362,-1,2362,2371,2372,-1,2373,934,964,-1,964,934,936,-1,2359,937,2374,-1,2374,937,935,-1,587,607,2374,-1,935,934,2374,-1,2374,934,2373,-1,2374,2373,587,-1,733,731,672,-1,672,674,733,-1,733,674,762,-1,733,762,847,-1,847,762,839,-1,839,841,847,-1,847,841,843,-1,847,843,845,-1,920,919,2375,-1,2375,919,929,-1,2376,2377,2378,-1,2378,2377,2379,-1,929,2380,2375,-1,2375,2380,2377,-1,2375,2377,2381,-1,2381,2377,2376,-1,2365,2380,930,-1,930,2380,929,-1,920,2375,921,-1,921,2375,2364,-1,703,702,2382,-1,703,2382,2383,-1,2383,2382,2384,-1,2383,2384,2385,-1,2385,2384,2386,-1,2385,2386,2387,-1,2387,2386,2388,-1,2387,2388,2389,-1,2389,2388,2390,-1,2389,2390,2391,-1,2391,2390,2372,-1,2391,2372,2371,-1,2364,2375,2381,-1,2364,2381,2366,-1,2366,2381,2376,-1,2366,2376,2367,-1,2367,2376,2378,-1,2367,2378,2368,-1,2368,2378,2379,-1,2368,2379,2369,-1,2369,2379,2377,-1,2369,2377,2370,-1,2370,2377,2380,-1,2370,2380,2365,-1,761,776,944,-1,944,776,705,-1,944,705,1686,-1,2361,1685,2371,-1,2371,1685,1686,-1,2383,2385,2371,-1,761,759,776,-1,776,759,916,-1,776,916,914,-1,914,912,776,-1,776,912,910,-1,776,910,908,-1,1686,705,2371,-1,2371,705,703,-1,2371,703,2383,-1,2387,2389,2385,-1,2385,2389,2391,-1,2385,2391,2371,-1,757,774,953,-1,953,774,701,-1,953,701,1806,-1,726,1805,727,-1,727,1805,1806,-1,829,831,727,-1,757,755,774,-1,774,755,906,-1,774,906,904,-1,904,902,774,-1,774,902,900,-1,774,900,898,-1,1806,701,727,-1,727,701,699,-1,727,699,829,-1,833,835,831,-1,831,835,837,-1,831,837,727,-1,704,952,1687,-1,1683,2362,1687,-1,1687,2362,2372,-1,2388,2386,2384,-1,704,1687,702,-1,702,1687,2372,-1,702,2372,2382,-1,915,917,913,-1,913,917,758,-1,913,758,911,-1,952,704,760,-1,760,704,777,-1,760,777,758,-1,758,777,909,-1,758,909,911,-1,2382,2372,2384,-1,2384,2372,2390,-1,2384,2390,2388,-1,753,772,931,-1,931,772,697,-1,931,697,1694,-1,722,1693,723,-1,723,1693,1694,-1,819,821,723,-1,753,751,772,-1,772,751,896,-1,772,896,894,-1,894,892,772,-1,772,892,890,-1,772,890,888,-1,1694,697,723,-1,723,697,695,-1,723,695,819,-1,823,825,821,-1,821,825,827,-1,821,827,723,-1,700,932,1807,-1,1803,728,1807,-1,1807,728,729,-1,834,832,830,-1,700,1807,698,-1,698,1807,729,-1,698,729,828,-1,905,907,903,-1,903,907,754,-1,903,754,901,-1,932,700,756,-1,756,700,775,-1,756,775,754,-1,754,775,899,-1,754,899,901,-1,828,729,830,-1,830,729,836,-1,830,836,834,-1,749,770,962,-1,962,770,693,-1,962,693,1702,-1,718,1701,719,-1,719,1701,1702,-1,809,811,719,-1,749,747,770,-1,770,747,886,-1,770,886,884,-1,884,882,770,-1,770,882,880,-1,770,880,878,-1,1702,693,719,-1,719,693,691,-1,719,691,809,-1,813,815,811,-1,811,815,817,-1,811,817,719,-1,696,963,1695,-1,1691,724,1695,-1,1695,724,725,-1,824,822,820,-1,696,1695,694,-1,694,1695,725,-1,694,725,818,-1,895,897,893,-1,893,897,750,-1,893,750,891,-1,963,696,752,-1,752,696,773,-1,752,773,750,-1,750,773,889,-1,750,889,891,-1,818,725,820,-1,820,725,826,-1,820,826,824,-1,745,768,946,-1,946,768,689,-1,946,689,1710,-1,714,1709,715,-1,715,1709,1710,-1,799,801,715,-1,745,743,768,-1,768,743,876,-1,768,876,874,-1,874,872,768,-1,768,872,870,-1,768,870,868,-1,1710,689,715,-1,715,689,687,-1,715,687,799,-1,803,805,801,-1,801,805,807,-1,801,807,715,-1,692,947,1703,-1,1699,720,1703,-1,1703,720,721,-1,814,812,810,-1,692,1703,690,-1,690,1703,721,-1,690,721,808,-1,885,887,883,-1,883,887,746,-1,883,746,881,-1,947,692,748,-1,748,692,771,-1,748,771,746,-1,746,771,879,-1,746,879,881,-1,808,721,810,-1,810,721,816,-1,810,816,814,-1,741,766,955,-1,955,766,685,-1,955,685,1718,-1,710,1717,711,-1,711,1717,1718,-1,789,791,711,-1,741,739,766,-1,766,739,866,-1,766,866,864,-1,864,862,766,-1,766,862,860,-1,766,860,858,-1,1718,685,711,-1,711,685,683,-1,711,683,789,-1,793,795,791,-1,791,795,797,-1,791,797,711,-1,688,954,1711,-1,1707,716,1711,-1,1711,716,717,-1,804,802,800,-1,688,1711,686,-1,686,1711,717,-1,686,717,798,-1,875,877,873,-1,873,877,742,-1,873,742,871,-1,954,688,744,-1,744,688,769,-1,744,769,742,-1,742,769,869,-1,742,869,871,-1,798,717,800,-1,800,717,806,-1,800,806,804,-1,737,764,942,-1,942,764,681,-1,942,681,1726,-1,706,1725,707,-1,707,1725,1726,-1,779,781,707,-1,737,735,764,-1,764,735,856,-1,764,856,854,-1,854,852,764,-1,764,852,850,-1,764,850,848,-1,1726,681,707,-1,707,681,679,-1,707,679,779,-1,783,785,781,-1,781,785,787,-1,781,787,707,-1,684,943,1719,-1,1715,712,1719,-1,1719,712,713,-1,794,792,790,-1,684,1719,682,-1,682,1719,713,-1,682,713,788,-1,865,867,863,-1,863,867,738,-1,863,738,861,-1,943,684,740,-1,740,684,767,-1,740,767,738,-1,738,767,859,-1,738,859,861,-1,788,713,790,-1,790,713,796,-1,790,796,794,-1,680,958,1727,-1,1723,708,1727,-1,1727,708,709,-1,784,782,780,-1,680,1727,678,-1,678,1727,709,-1,678,709,778,-1,855,857,853,-1,853,857,734,-1,853,734,851,-1,958,680,736,-1,736,680,765,-1,736,765,734,-1,734,765,849,-1,734,849,851,-1,778,709,780,-1,780,709,786,-1,780,786,784,-1,585,922,586,-1,586,922,2360,-1,584,923,585,-1,585,923,922,-1,595,2358,584,-1,584,2358,923,-1,594,2357,595,-1,595,2357,2358,-1,598,2356,594,-1,594,2356,2357,-1,597,2353,598,-1,598,2353,2356,-1,596,2355,597,-1,597,2355,2353,-1,591,968,596,-1,596,968,2355,-1,589,965,591,-1,591,965,968,-1,588,964,589,-1,589,964,965,-1,964,588,2373,-1,2373,588,587,-1,677,601,2363,-1,2363,601,600,-1,675,602,677,-1,677,602,601,-1,2344,603,675,-1,675,603,602,-1,2345,604,2344,-1,2344,604,603,-1,2346,609,2345,-1,2345,609,604,-1,2347,615,2346,-1,2346,615,609,-1,2349,616,2347,-1,2347,616,615,-1,2351,618,2349,-1,2349,618,616,-1,2352,619,2351,-1,2351,619,618,-1,2359,608,2352,-1,2352,608,619,-1,608,2359,607,-1,607,2359,2374,-1,642,654,610,-1,610,654,605,-1,654,645,605,-1,605,645,606,-1,645,647,606,-1,606,647,617,-1,647,642,617,-1,617,642,610,-1,
        ]
    }
}
Shape{
    appearance Appearance {
        material  Material 	{
            diffuseColor 1.0 0.8196078431372549 0.2784313725490196
            specularColor 0.5019607843137255 0.4117647058823529 0.1411764705882353
            ambientIntensity 0.2
            transparency 0
            shininess 0.5
        }
    }
    geometry IndexedFaceSet {
        ccw TRUE
        solid FALSE
        coord DEF co Coordinate {
            point [
                -2.8366 -2.2047 4.0354, -1.6555 -2.2047 4.0354, -2.8366 -2.9528 4.0354, -1.6555 -2.9528 4.0354, -1.5768 -2.9528 4.626, -1.5768 -2.9528 4.1142, -1.5768 -2.2047 4.626, -1.5768 -2.2047 4.1142, -1.6555 -2.2047 4.7047, -2.8366 -2.2047 4.7047, -1.6555 -2.9528 4.7047, -2.8366 -2.9528 4.7047, -2.9154 -2.9528 4.1142, -2.9154 -2.9528 4.626, -2.9154 -2.2047 4.1142, -2.9154 -2.2047 4.626, -2.8366 -3.0315 4.1142, -1.6555 -3.0315 4.1142, -2.8366 -3.0315 4.626, -1.6555 -3.0315 4.626, -1.5795 -2.2047 4.6464, -1.5795 -2.9528 4.6464, -1.5873 -2.2047 4.6654, -1.5873 -2.9528 4.6654, -1.5998 -2.2047 4.6817, -1.5998 -2.9528 4.6817, -1.6161 -2.2047 4.6942, -1.6161 -2.9528 4.6942, -1.6351 -2.2047 4.702, -1.6351 -2.9528 4.702, -1.6351 -3.0288 4.1142, -1.6351 -3.0288 4.626, -1.6161 -3.0209 4.1142, -1.6161 -3.0209 4.626, -1.5998 -3.0084 4.1142, -1.5998 -3.0084 4.626, -1.5873 -2.9921 4.1142, -1.5873 -2.9921 4.626, -1.5795 -2.9731 4.1142, -1.5795 -2.9731 4.626, -1.6351 -2.2047 4.0381, -1.6351 -2.9528 4.0381, -1.6161 -2.2047 4.046, -1.6161 -2.9528 4.046, -1.5998 -2.2047 4.0585, -1.5998 -2.9528 4.0585, -1.5873 -2.2047 4.0748, -1.5873 -2.9528 4.0748, -1.5795 -2.2047 4.0938, -1.5795 -2.9528 4.0938, -1.582 -2.9724 4.6464, -1.6214 -2.9724 4.6942, -1.6379 -2.9629 4.702, -1.6411 -2.9672 4.702, -1.6555 -2.9731 4.702, -1.6502 -2.9724 4.702, -1.6358 -2.958 4.702, -1.6175 -2.9629 4.6942, -1.6017 -2.9672 4.6817, -1.6277 -2.9806 4.6942, -1.6453 -2.9704 4.702, -1.6358 -2.9869 4.6942, -1.6453 -2.9908 4.6942, -1.6555 -2.9921 4.6942, -1.6073 -2.9806 4.6817, -1.6161 -2.9921 4.6817, -1.6277 -3.001 4.6817, -1.6411 -3.0065 4.6817, -1.6555 -3.0084 4.6817, -1.5896 -2.9704 4.6654, -1.5965 -2.9869 4.6654, -1.6073 -3.001 4.6654, -1.6214 -3.0118 4.6654, -1.6379 -3.0186 4.6654, -1.6555 -3.0209 4.6654, -1.5896 -2.9908 4.6464, -1.6017 -3.0065 4.6464, -1.6175 -3.0186 4.6464, -1.6358 -3.0262 4.6464, -1.6555 -3.0288 4.6464, -1.582 -2.9724 4.0938, -1.5896 -2.9908 4.0938, -1.5896 -2.9704 4.0748, -1.5965 -2.9869 4.0748, -1.6017 -2.9672 4.0585, -1.6073 -2.9806 4.0585, -1.6175 -2.9629 4.046, -1.6214 -2.9724 4.046, -1.6358 -2.958 4.0381, -1.6379 -2.9629 4.0381, -1.6017 -3.0065 4.0938, -1.6073 -3.001 4.0748, -1.6161 -2.9921 4.0585, -1.6277 -2.9806 4.046, -1.6411 -2.9672 4.0381, -1.6175 -3.0186 4.0938, -1.6358 -3.0262 4.0938, -1.6214 -3.0118 4.0748, -1.6379 -3.0186 4.0748, -1.6277 -3.001 4.0585, -1.6411 -3.0065 4.0585, -1.6358 -2.9869 4.046, -1.6453 -2.9908 4.046, -1.6453 -2.9704 4.0381, -1.6502 -2.9724 4.0381, -1.6555 -3.0288 4.0938, -1.6555 -3.0209 4.0748, -1.6555 -3.0084 4.0585, -1.6555 -2.9921 4.046, -1.6555 -2.9731 4.0381, -2.857 -2.2047 4.702, -2.857 -2.9528 4.702, -2.876 -2.2047 4.6942, -2.876 -2.9528 4.6942, -2.8923 -2.2047 4.6817, -2.8923 -2.9528 4.6817, -2.9048 -2.2047 4.6654, -2.9048 -2.9528 4.6654, -2.9127 -2.2047 4.6464, -2.9127 -2.9528 4.6464, -2.8366 -3.0288 4.6464, -2.8366 -3.0209 4.6654, -2.8366 -3.0084 4.6817, -2.8366 -2.9921 4.6942, -2.8366 -2.9731 4.702, -2.8366 -3.0288 4.0938, -2.8366 -3.0209 4.0748, -2.8366 -3.0084 4.0585, -2.8366 -2.9921 4.046, -2.8366 -2.9731 4.0381, -2.9127 -2.2047 4.0938, -2.9127 -2.9528 4.0938, -2.9048 -2.2047 4.0748, -2.9048 -2.9528 4.0748, -2.8923 -2.2047 4.0585, -2.8923 -2.9528 4.0585, -2.876 -2.2047 4.046, -2.876 -2.9528 4.046, -2.857 -2.2047 4.0381, -2.857 -2.9528 4.0381, -2.8563 -3.0262 4.6464, -2.8563 -2.9869 4.6942, -2.8468 -2.9704 4.702, -2.851 -2.9672 4.702, -2.8563 -2.958 4.702, -2.8419 -2.9724 4.702, -2.8468 -2.9908 4.6942, -2.851 -3.0065 4.6817, -2.8645 -2.9806 4.6942, -2.8543 -2.9629 4.702, -2.8707 -2.9724 4.6942, -2.8746 -2.9629 4.6942, -2.8645 -3.001 4.6817, -2.876 -2.9921 4.6817, -2.8848 -2.9806 4.6817, -2.8904 -2.9672 4.6817, -2.8543 -3.0186 4.6654, -2.8707 -3.0118 4.6654, -2.8848 -3.001 4.6654, -2.8957 -2.9869 4.6654, -2.9025 -2.9704 4.6654, -2.8746 -3.0186 4.6464, -2.8904 -3.0065 4.6464, -2.9025 -2.9908 4.6464, -2.9101 -2.9724 4.6464, -2.857 -3.0288 4.626, -2.876 -3.0209 4.626, -2.8923 -3.0084 4.626, -2.9048 -2.9921 4.626, -2.9127 -2.9731 4.626, -2.857 -3.0288 4.1142, -2.876 -3.0209 4.1142, -2.8563 -3.0262 4.0938, -2.8746 -3.0186 4.0938, -2.8543 -3.0186 4.0748, -2.8707 -3.0118 4.0748, -2.851 -3.0065 4.0585, -2.8645 -3.001 4.0585, -2.8468 -2.9908 4.046, -2.8563 -2.9869 4.046, -2.8419 -2.9724 4.0381, -2.8468 -2.9704 4.0381, -2.8923 -3.0084 4.1142, -2.8904 -3.0065 4.0938, -2.8848 -3.001 4.0748, -2.876 -2.9921 4.0585, -2.8645 -2.9806 4.046, -2.851 -2.9672 4.0381, -2.9048 -2.9921 4.1142, -2.9127 -2.9731 4.1142, -2.9025 -2.9908 4.0938, -2.9101 -2.9724 4.0938, -2.8957 -2.9869 4.0748, -2.9025 -2.9704 4.0748, -2.8848 -2.9806 4.0585, -2.8904 -2.9672 4.0585, -2.8707 -2.9724 4.046, -2.8746 -2.9629 4.046, -2.8543 -2.9629 4.0381, -2.8563 -2.958 4.0381, -2.8563 -2.958 4.0381
            ]
        }
        coordIndex [
            0,1,2,-1,2,1,3,-1,4,5,6,-1,6,5,7,-1,8,9,10,-1,10,9,11,-1,12,13,14,-1,14,13,15,-1,16,17,18,-1,18,17,19,-1,4,6,20,-1,4,20,21,-1,21,20,22,-1,21,22,23,-1,23,22,24,-1,23,24,25,-1,25,24,26,-1,25,26,27,-1,27,26,28,-1,27,28,29,-1,29,28,8,-1,29,8,10,-1,19,17,30,-1,19,30,31,-1,31,30,32,-1,31,32,33,-1,33,32,34,-1,33,34,35,-1,35,34,36,-1,35,36,37,-1,37,36,38,-1,37,38,39,-1,39,38,5,-1,39,5,4,-1,3,1,40,-1,3,40,41,-1,41,40,42,-1,41,42,43,-1,43,42,44,-1,43,44,45,-1,45,44,46,-1,45,46,47,-1,47,46,48,-1,47,48,49,-1,49,48,7,-1,49,7,5,-1,4,21,50,-1,51,52,53,-1,10,54,55,-1,53,52,10,-1,56,10,52,-1,56,52,57,-1,57,52,51,-1,57,51,58,-1,29,10,56,-1,59,60,61,-1,61,60,55,-1,61,55,62,-1,62,55,54,-1,62,54,63,-1,29,56,27,-1,27,56,57,-1,27,57,25,-1,25,57,58,-1,25,58,23,-1,64,59,65,-1,65,59,61,-1,65,61,66,-1,66,61,62,-1,66,62,67,-1,67,62,63,-1,67,63,68,-1,69,64,70,-1,70,64,65,-1,70,65,71,-1,71,65,66,-1,71,66,72,-1,72,66,67,-1,72,67,73,-1,73,67,68,-1,73,68,74,-1,21,69,50,-1,50,69,70,-1,50,70,75,-1,75,70,71,-1,75,71,76,-1,76,71,72,-1,76,72,77,-1,77,72,73,-1,77,73,78,-1,78,73,74,-1,78,74,79,-1,4,50,39,-1,39,50,75,-1,39,75,37,-1,37,75,76,-1,37,76,35,-1,35,76,77,-1,35,77,33,-1,33,77,78,-1,33,78,31,-1,31,78,79,-1,31,79,19,-1,60,10,55,-1,21,23,69,-1,69,23,58,-1,69,58,64,-1,64,58,51,-1,64,51,59,-1,59,51,53,-1,59,53,60,-1,60,53,10,-1,38,36,80,-1,80,36,81,-1,80,81,82,-1,82,81,83,-1,82,83,84,-1,84,83,85,-1,84,85,86,-1,86,85,87,-1,86,87,88,-1,88,87,89,-1,88,89,3,-1,36,34,81,-1,81,34,90,-1,81,90,83,-1,83,90,91,-1,83,91,85,-1,85,91,92,-1,85,92,87,-1,87,92,93,-1,87,93,89,-1,89,93,94,-1,89,94,3,-1,5,38,49,-1,49,38,80,-1,49,80,47,-1,47,80,82,-1,47,82,45,-1,45,82,84,-1,45,84,43,-1,43,84,86,-1,43,86,41,-1,41,86,88,-1,41,88,3,-1,32,30,95,-1,95,30,96,-1,95,96,97,-1,97,96,98,-1,97,98,99,-1,99,98,100,-1,99,100,101,-1,101,100,102,-1,101,102,103,-1,103,102,104,-1,103,104,3,-1,30,17,96,-1,96,17,105,-1,96,105,98,-1,98,105,106,-1,98,106,100,-1,100,106,107,-1,100,107,102,-1,102,107,108,-1,102,108,104,-1,104,108,109,-1,104,109,3,-1,34,32,90,-1,90,32,95,-1,90,95,91,-1,91,95,97,-1,91,97,92,-1,92,97,99,-1,92,99,93,-1,93,99,101,-1,93,101,94,-1,94,101,103,-1,94,103,3,-1,11,9,110,-1,11,110,111,-1,111,110,112,-1,111,112,113,-1,113,112,114,-1,113,114,115,-1,115,114,116,-1,115,116,117,-1,117,116,118,-1,117,118,119,-1,119,118,15,-1,119,15,13,-1,18,19,79,-1,18,79,120,-1,120,79,74,-1,120,74,121,-1,121,74,68,-1,121,68,122,-1,122,68,63,-1,122,63,123,-1,123,63,54,-1,123,54,124,-1,124,54,10,-1,124,10,11,-1,17,16,125,-1,17,125,105,-1,105,125,126,-1,105,126,106,-1,106,126,127,-1,106,127,107,-1,107,127,128,-1,107,128,108,-1,108,128,129,-1,108,129,109,-1,109,129,2,-1,109,2,3,-1,12,14,130,-1,12,130,131,-1,131,130,132,-1,131,132,133,-1,133,132,134,-1,133,134,135,-1,135,134,136,-1,135,136,137,-1,137,136,138,-1,137,138,139,-1,139,138,0,-1,139,0,2,-1,18,120,140,-1,141,142,143,-1,11,111,144,-1,143,142,11,-1,145,11,142,-1,145,142,146,-1,146,142,141,-1,146,141,147,-1,124,11,145,-1,148,149,150,-1,150,149,144,-1,150,144,151,-1,151,144,111,-1,151,111,113,-1,124,145,123,-1,123,145,146,-1,123,146,122,-1,122,146,147,-1,122,147,121,-1,152,148,153,-1,153,148,150,-1,153,150,154,-1,154,150,151,-1,154,151,155,-1,155,151,113,-1,155,113,115,-1,156,152,157,-1,157,152,153,-1,157,153,158,-1,158,153,154,-1,158,154,159,-1,159,154,155,-1,159,155,160,-1,160,155,115,-1,160,115,117,-1,120,156,140,-1,140,156,157,-1,140,157,161,-1,161,157,158,-1,161,158,162,-1,162,158,159,-1,162,159,163,-1,163,159,160,-1,163,160,164,-1,164,160,117,-1,164,117,119,-1,18,140,165,-1,165,140,161,-1,165,161,166,-1,166,161,162,-1,166,162,167,-1,167,162,163,-1,167,163,168,-1,168,163,164,-1,168,164,169,-1,169,164,119,-1,169,119,13,-1,149,11,144,-1,120,121,156,-1,156,121,147,-1,156,147,152,-1,152,147,141,-1,152,141,148,-1,148,141,143,-1,148,143,149,-1,149,143,11,-1,170,171,172,-1,172,171,173,-1,172,173,174,-1,174,173,175,-1,174,175,176,-1,176,175,177,-1,176,177,178,-1,178,177,179,-1,178,179,180,-1,180,179,181,-1,180,181,2,-1,171,182,173,-1,173,182,183,-1,173,183,175,-1,175,183,184,-1,175,184,177,-1,177,184,185,-1,177,185,179,-1,179,185,186,-1,179,186,181,-1,181,186,187,-1,181,187,2,-1,16,170,125,-1,125,170,172,-1,125,172,126,-1,126,172,174,-1,126,174,127,-1,127,174,176,-1,127,176,128,-1,128,176,178,-1,128,178,129,-1,129,178,180,-1,129,180,2,-1,188,189,190,-1,190,189,191,-1,190,191,192,-1,192,191,193,-1,192,193,194,-1,194,193,195,-1,194,195,196,-1,196,195,197,-1,196,197,198,-1,198,197,199,-1,198,199,2,-1,189,12,191,-1,191,12,131,-1,191,131,193,-1,193,131,133,-1,193,133,195,-1,195,133,135,-1,195,135,197,-1,197,135,137,-1,197,137,199,-1,199,137,139,-1,199,139,2,-1,182,188,183,-1,183,188,190,-1,183,190,184,-1,184,190,192,-1,184,192,185,-1,185,192,194,-1,185,194,186,-1,186,194,196,-1,186,196,187,-1,187,196,198,-1,187,198,2,-1,16,18,165,-1,16,165,170,-1,170,165,166,-1,170,166,171,-1,171,166,167,-1,171,167,182,-1,182,167,168,-1,182,168,188,-1,188,168,169,-1,188,169,189,-1,189,169,13,-1,189,13,12,-1,
        ]
    }
}
Shape{
    appearance Appearance {
        material  Material 	{
            diffuseColor 0.6470588235294118 0.6196078431372549 0.5882352941176471
            specularColor 0.45098039215686275 0.43529411764705883 0.4117647058823529
            ambientIntensity 0.2
            transparency 0
            shininess 0.5
        }
    }
    geometry IndexedFaceSet {
        ccw TRUE
        solid FALSE
        coord DEF co Coordinate {
            point [
                -2.7992 2.3819 4.2717, -2.7992 2.3819 4.4685, -2.7992 2.3921 4.2703, -2.7992 2.443 4.4605, -2.7992 2.4016 4.2664, -2.7992 2.5 4.4369, -2.7992 2.4097 4.2601, -2.7992 2.5489 4.3993, -2.7992 2.416 4.252, -2.7992 2.5865 4.3504, -2.7992 2.4199 4.2425, -2.7992 2.6101 4.2934, -2.7992 2.4213 4.2323, -2.7992 2.6181 4.2323, -2.7992 2.4213 -1.378, -2.7992 2.6181 -1.378, -2.6024 2.4213 -1.378, -2.6024 2.6181 -1.378, -2.6024 2.4213 4.2323, -2.6024 2.6181 4.2323, -2.6024 2.4199 4.2425, -2.6024 2.6101 4.2934, -2.6024 2.416 4.252, -2.6024 2.5865 4.3504, -2.6024 2.4097 4.2601, -2.6024 2.5489 4.3993, -2.6024 2.4016 4.2664, -2.6024 2.5 4.4369, -2.6024 2.3921 4.2703, -2.6024 2.443 4.4605, -2.6024 2.3819 4.2717, -2.6024 2.3819 4.4685, -1.8976 2.3819 4.2717, -1.8976 2.3819 4.4685, -1.8976 2.3921 4.2703, -1.8976 2.443 4.4605, -1.8976 2.4016 4.2664, -1.8976 2.5 4.4369, -1.8976 2.4097 4.2601, -1.8976 2.5489 4.3993, -1.8976 2.416 4.252, -1.8976 2.5865 4.3504, -1.8976 2.4199 4.2425, -1.8976 2.6101 4.2934, -1.8976 2.4213 4.2323, -1.8976 2.6181 4.2323, -1.8976 2.4213 -1.378, -1.8976 2.6181 -1.378, -1.7008 2.4213 -1.378, -1.7008 2.6181 -1.378, -1.7008 2.4213 4.2323, -1.7008 2.6181 4.2323, -1.7008 2.4199 4.2425, -1.7008 2.6101 4.2934, -1.7008 2.416 4.252, -1.7008 2.5865 4.3504, -1.7008 2.4097 4.2601, -1.7008 2.5489 4.3993, -1.7008 2.4016 4.2664, -1.7008 2.5 4.4369, -1.7008 2.3921 4.2703, -1.7008 2.443 4.4605, -1.7008 2.3819 4.2717, -1.7008 2.3819 4.4685, -1.7008 2.3819 4.4685
            ]
        }
        coordIndex [
            0,1,2,-1,2,1,3,-1,2,3,4,-1,4,3,5,-1,4,5,6,-1,6,5,7,-1,6,7,8,-1,8,7,9,-1,8,9,10,-1,10,9,11,-1,10,11,12,-1,12,11,13,-1,12,13,14,-1,14,13,15,-1,16,17,18,-1,18,17,19,-1,18,19,20,-1,20,19,21,-1,20,21,22,-1,22,21,23,-1,22,23,24,-1,24,23,25,-1,24,25,26,-1,26,25,27,-1,26,27,28,-1,28,27,29,-1,28,29,30,-1,30,29,31,-1,12,14,18,-1,18,14,16,-1,12,18,10,-1,10,18,20,-1,10,20,8,-1,8,20,22,-1,8,22,6,-1,6,22,24,-1,6,24,4,-1,4,24,26,-1,4,26,2,-1,2,26,28,-1,2,28,0,-1,0,28,30,-1,1,31,29,-1,1,29,3,-1,3,29,27,-1,3,27,5,-1,5,27,25,-1,5,25,7,-1,7,25,23,-1,7,23,9,-1,9,23,21,-1,9,21,11,-1,11,21,19,-1,11,19,13,-1,15,13,17,-1,17,13,19,-1,14,15,16,-1,16,15,17,-1,32,33,34,-1,34,33,35,-1,34,35,36,-1,36,35,37,-1,36,37,38,-1,38,37,39,-1,38,39,40,-1,40,39,41,-1,40,41,42,-1,42,41,43,-1,42,43,44,-1,44,43,45,-1,44,45,46,-1,46,45,47,-1,48,49,50,-1,50,49,51,-1,50,51,52,-1,52,51,53,-1,52,53,54,-1,54,53,55,-1,54,55,56,-1,56,55,57,-1,56,57,58,-1,58,57,59,-1,58,59,60,-1,60,59,61,-1,60,61,62,-1,62,61,63,-1,44,46,50,-1,50,46,48,-1,44,50,42,-1,42,50,52,-1,42,52,40,-1,40,52,54,-1,40,54,38,-1,38,54,56,-1,38,56,36,-1,36,56,58,-1,36,58,34,-1,34,58,60,-1,34,60,32,-1,32,60,62,-1,33,63,61,-1,33,61,35,-1,35,61,59,-1,35,59,37,-1,37,59,57,-1,37,57,39,-1,39,57,55,-1,39,55,41,-1,41,55,53,-1,41,53,43,-1,43,53,51,-1,43,51,45,-1,47,45,49,-1,49,45,51,-1,46,47,48,-1,48,47,49,-1,
        ]
    }
}
Shape{
    appearance Appearance {
        material  Material 	{
            diffuseColor 0.2235294117647059 0.2235294117647059 0.2235294117647059
            specularColor 0.11372549019607843 0.11372549019607843 0.11372549019607843
            ambientIntensity 0.2
            transparency 0
            shininess 0.5
        }
    }
    geometry IndexedFaceSet {
        ccw TRUE
        solid FALSE
        coord DEF co Coordinate {
            point [
                2.935 -2.2047 4.7244, 2.935 -2.2047 4.0157, 2.935 -2.9921 4.7244, 2.935 -2.9921 4.0157, 1.5571 -2.2047 4.0157, 1.5571 -2.9921 4.0157, 1.5571 -2.2047 4.7244, 1.5571 -2.9921 4.7244, 1.6555 -2.2047 4.0354, 1.6351 -2.2047 4.0381, 2.857 -2.2047 4.702, 2.876 -2.2047 4.6942, 2.8366 -2.2047 4.0354, 2.857 -2.2047 4.0381, 1.6161 -2.2047 4.046, 1.5998 -2.2047 4.0585, 1.5873 -2.2047 4.0748, 1.5795 -2.2047 4.6464, 1.5873 -2.2047 4.6654, 1.5998 -2.2047 4.6817, 1.6161 -2.2047 4.6942, 2.8923 -2.2047 4.6817, 2.9048 -2.2047 4.6654, 2.9127 -2.2047 4.6464, 2.9048 -2.2047 4.0748, 2.8923 -2.2047 4.0585, 2.876 -2.2047 4.046, 1.5795 -2.2047 4.0938, 1.5768 -2.2047 4.1142, 1.5768 -2.2047 4.626, 1.6351 -2.2047 4.702, 1.6555 -2.2047 4.7047, 2.8366 -2.2047 4.7047, 2.9154 -2.2047 4.626, 2.9154 -2.2047 4.1142, 2.9127 -2.2047 4.0938, 2.9127 -2.2047 4.0938
            ]
        }
        coordIndex [
            0,1,2,-1,2,1,3,-1,1,4,3,-1,3,4,5,-1,4,6,5,-1,5,6,7,-1,6,0,7,-1,7,0,2,-1,8,9,4,-1,10,11,0,-1,8,4,12,-1,12,4,1,-1,12,1,13,-1,9,14,4,-1,4,14,15,-1,4,15,16,-1,17,18,6,-1,6,18,19,-1,6,19,20,-1,11,21,0,-1,0,21,22,-1,0,22,23,-1,24,25,1,-1,1,25,26,-1,1,26,13,-1,16,27,4,-1,4,27,28,-1,4,28,6,-1,6,28,29,-1,6,29,17,-1,20,30,6,-1,6,30,31,-1,6,31,0,-1,0,31,32,-1,0,32,10,-1,23,33,0,-1,0,33,34,-1,0,34,1,-1,1,34,35,-1,1,35,24,-1,
        ]
    }
}
Shape{
    appearance Appearance {
        material  Material 	{
            diffuseColor 0.0 0.8745098039215686 0.3764705882352941
            specularColor 0.0 0.4392156862745098 0.18823529411764706
            ambientIntensity 0.2
            transparency 0
            shininess 0.5
        }
    }
    geometry IndexedFaceSet {
        ccw TRUE
        solid FALSE
        coord DEF co Coordinate {
            point [
                2.8366 -2.9528 4.0354, 1.6555 -2.9528 4.0354, 2.8366 -2.2047 4.0354, 1.6555 -2.2047 4.0354, 2.9154 -2.2047 4.1142, 2.9154 -2.2047 4.626, 2.9154 -2.9528 4.1142, 2.9154 -2.9528 4.626, 1.6555 -2.9528 4.7047, 2.8366 -2.9528 4.7047, 1.6555 -2.2047 4.7047, 2.8366 -2.2047 4.7047, 1.5768 -2.2047 4.626, 1.5768 -2.2047 4.1142, 1.5768 -2.9528 4.626, 1.5768 -2.9528 4.1142, 1.6555 -3.0315 4.1142, 2.8366 -3.0315 4.1142, 1.6555 -3.0315 4.626, 2.8366 -3.0315 4.626, 2.857 -2.2047 4.0381, 2.857 -2.9528 4.0381, 2.876 -2.2047 4.046, 2.876 -2.9528 4.046, 2.8923 -2.2047 4.0585, 2.8923 -2.9528 4.0585, 2.9048 -2.2047 4.0748, 2.9048 -2.9528 4.0748, 2.9127 -2.2047 4.0938, 2.9127 -2.9528 4.0938, 2.9127 -2.2047 4.6464, 2.9127 -2.9528 4.6464, 2.9048 -2.2047 4.6654, 2.9048 -2.9528 4.6654, 2.8923 -2.2047 4.6817, 2.8923 -2.9528 4.6817, 2.876 -2.2047 4.6942, 2.876 -2.9528 4.6942, 2.857 -2.2047 4.702, 2.857 -2.9528 4.702, 2.857 -3.0288 4.1142, 2.857 -3.0288 4.626, 2.876 -3.0209 4.1142, 2.876 -3.0209 4.626, 2.8923 -3.0084 4.1142, 2.8923 -3.0084 4.626, 2.9048 -2.9921 4.1142, 2.9048 -2.9921 4.626, 2.9127 -2.9731 4.1142, 2.9127 -2.9731 4.626, 2.9101 -2.9724 4.0938, 2.9025 -2.9908 4.0938, 2.9025 -2.9704 4.0748, 2.8957 -2.9869 4.0748, 2.8904 -2.9672 4.0585, 2.8848 -2.9806 4.0585, 2.8746 -2.9629 4.046, 2.8707 -2.9724 4.046, 2.8563 -2.958 4.0381, 2.8543 -2.9629 4.0381, 2.8904 -3.0065 4.0938, 2.8848 -3.001 4.0748, 2.876 -2.9921 4.0585, 2.8645 -2.9806 4.046, 2.851 -2.9672 4.0381, 2.8746 -3.0186 4.0938, 2.8563 -3.0262 4.0938, 2.8707 -3.0118 4.0748, 2.8543 -3.0186 4.0748, 2.8645 -3.001 4.0585, 2.851 -3.0065 4.0585, 2.8563 -2.9869 4.046, 2.8468 -2.9908 4.046, 2.8468 -2.9704 4.0381, 2.8419 -2.9724 4.0381, 2.8366 -3.0288 4.0938, 2.8366 -3.0209 4.0748, 2.8366 -3.0084 4.0585, 2.8366 -2.9921 4.046, 2.8366 -2.9731 4.0381, 2.9101 -2.9724 4.6464, 2.8707 -2.9724 4.6942, 2.8543 -2.9629 4.702, 2.851 -2.9672 4.702, 2.8366 -2.9731 4.702, 2.8419 -2.9724 4.702, 2.8563 -2.958 4.702, 2.8746 -2.9629 4.6942, 2.8904 -2.9672 4.6817, 2.8645 -2.9806 4.6942, 2.8468 -2.9704 4.702, 2.8563 -2.9869 4.6942, 2.8468 -2.9908 4.6942, 2.8366 -2.9921 4.6942, 2.8848 -2.9806 4.6817, 2.876 -2.9921 4.6817, 2.8645 -3.001 4.6817, 2.851 -3.0065 4.6817, 2.8366 -3.0084 4.6817, 2.9025 -2.9704 4.6654, 2.8957 -2.9869 4.6654, 2.8848 -3.001 4.6654, 2.8707 -3.0118 4.6654, 2.8543 -3.0186 4.6654, 2.8366 -3.0209 4.6654, 2.9025 -2.9908 4.6464, 2.8904 -3.0065 4.6464, 2.8746 -3.0186 4.6464, 2.8563 -3.0262 4.6464, 2.8366 -3.0288 4.6464, 1.6555 -3.0288 4.0938, 1.6555 -3.0209 4.0748, 1.6555 -3.0084 4.0585, 1.6555 -2.9921 4.046, 1.6555 -2.9731 4.0381, 1.5795 -2.2047 4.0938, 1.5795 -2.9528 4.0938, 1.5873 -2.2047 4.0748, 1.5873 -2.9528 4.0748, 1.5998 -2.2047 4.0585, 1.5998 -2.9528 4.0585, 1.6161 -2.2047 4.046, 1.6161 -2.9528 4.046, 1.6351 -2.2047 4.0381, 1.6351 -2.9528 4.0381, 1.6351 -2.2047 4.702, 1.6351 -2.9528 4.702, 1.6161 -2.2047 4.6942, 1.6161 -2.9528 4.6942, 1.5998 -2.2047 4.6817, 1.5998 -2.9528 4.6817, 1.5873 -2.2047 4.6654, 1.5873 -2.9528 4.6654, 1.5795 -2.2047 4.6464, 1.5795 -2.9528 4.6464, 1.6555 -3.0288 4.6464, 1.6555 -3.0209 4.6654, 1.6555 -3.0084 4.6817, 1.6555 -2.9921 4.6942, 1.6555 -2.9731 4.702, 1.6351 -3.0288 4.1142, 1.6161 -3.0209 4.1142, 1.6358 -3.0262 4.0938, 1.6175 -3.0186 4.0938, 1.6379 -3.0186 4.0748, 1.6214 -3.0118 4.0748, 1.6411 -3.0065 4.0585, 1.6277 -3.001 4.0585, 1.6453 -2.9908 4.046, 1.6358 -2.9869 4.046, 1.6502 -2.9724 4.0381, 1.6453 -2.9704 4.0381, 1.5998 -3.0084 4.1142, 1.6017 -3.0065 4.0938, 1.6073 -3.001 4.0748, 1.6161 -2.9921 4.0585, 1.6277 -2.9806 4.046, 1.6411 -2.9672 4.0381, 1.5873 -2.9921 4.1142, 1.5795 -2.9731 4.1142, 1.5896 -2.9908 4.0938, 1.582 -2.9724 4.0938, 1.5965 -2.9869 4.0748, 1.5896 -2.9704 4.0748, 1.6073 -2.9806 4.0585, 1.6017 -2.9672 4.0585, 1.6214 -2.9724 4.046, 1.6175 -2.9629 4.046, 1.6379 -2.9629 4.0381, 1.6358 -2.958 4.0381, 1.6358 -3.0262 4.6464, 1.6358 -2.9869 4.6942, 1.6453 -2.9704 4.702, 1.6411 -2.9672 4.702, 1.6358 -2.958 4.702, 1.6502 -2.9724 4.702, 1.6453 -2.9908 4.6942, 1.6411 -3.0065 4.6817, 1.6277 -2.9806 4.6942, 1.6379 -2.9629 4.702, 1.6214 -2.9724 4.6942, 1.6175 -2.9629 4.6942, 1.6277 -3.001 4.6817, 1.6161 -2.9921 4.6817, 1.6073 -2.9806 4.6817, 1.6017 -2.9672 4.6817, 1.6379 -3.0186 4.6654, 1.6214 -3.0118 4.6654, 1.6073 -3.001 4.6654, 1.5965 -2.9869 4.6654, 1.5896 -2.9704 4.6654, 1.6175 -3.0186 4.6464, 1.6017 -3.0065 4.6464, 1.5896 -2.9908 4.6464, 1.582 -2.9724 4.6464, 1.6351 -3.0288 4.626, 1.6161 -3.0209 4.626, 1.5998 -3.0084 4.626, 1.5873 -2.9921 4.626, 1.5795 -2.9731 4.626, 1.5795 -2.9731 4.626
            ]
        }
        coordIndex [
            0,1,2,-1,2,1,3,-1,4,5,6,-1,6,5,7,-1,8,9,10,-1,10,9,11,-1,12,13,14,-1,14,13,15,-1,16,17,18,-1,18,17,19,-1,0,2,20,-1,0,20,21,-1,21,20,22,-1,21,22,23,-1,23,22,24,-1,23,24,25,-1,25,24,26,-1,25,26,27,-1,27,26,28,-1,27,28,29,-1,29,28,4,-1,29,4,6,-1,7,5,30,-1,7,30,31,-1,31,30,32,-1,31,32,33,-1,33,32,34,-1,33,34,35,-1,35,34,36,-1,35,36,37,-1,37,36,38,-1,37,38,39,-1,39,38,11,-1,39,11,9,-1,19,17,40,-1,19,40,41,-1,41,40,42,-1,41,42,43,-1,43,42,44,-1,43,44,45,-1,45,44,46,-1,45,46,47,-1,47,46,48,-1,47,48,49,-1,49,48,6,-1,49,6,7,-1,48,46,50,-1,50,46,51,-1,50,51,52,-1,52,51,53,-1,52,53,54,-1,54,53,55,-1,54,55,56,-1,56,55,57,-1,56,57,58,-1,58,57,59,-1,58,59,0,-1,46,44,51,-1,51,44,60,-1,51,60,53,-1,53,60,61,-1,53,61,55,-1,55,61,62,-1,55,62,57,-1,57,62,63,-1,57,63,59,-1,59,63,64,-1,59,64,0,-1,6,48,29,-1,29,48,50,-1,29,50,27,-1,27,50,52,-1,27,52,25,-1,25,52,54,-1,25,54,23,-1,23,54,56,-1,23,56,21,-1,21,56,58,-1,21,58,0,-1,42,40,65,-1,65,40,66,-1,65,66,67,-1,67,66,68,-1,67,68,69,-1,69,68,70,-1,69,70,71,-1,71,70,72,-1,71,72,73,-1,73,72,74,-1,73,74,0,-1,40,17,66,-1,66,17,75,-1,66,75,68,-1,68,75,76,-1,68,76,70,-1,70,76,77,-1,70,77,72,-1,72,77,78,-1,72,78,74,-1,74,78,79,-1,74,79,0,-1,44,42,60,-1,60,42,65,-1,60,65,61,-1,61,65,67,-1,61,67,62,-1,62,67,69,-1,62,69,63,-1,63,69,71,-1,63,71,64,-1,64,71,73,-1,64,73,0,-1,7,31,80,-1,81,82,83,-1,9,84,85,-1,83,82,9,-1,86,9,82,-1,86,82,87,-1,87,82,81,-1,87,81,88,-1,39,9,86,-1,89,90,91,-1,91,90,85,-1,91,85,92,-1,92,85,84,-1,92,84,93,-1,39,86,37,-1,37,86,87,-1,37,87,35,-1,35,87,88,-1,35,88,33,-1,94,89,95,-1,95,89,91,-1,95,91,96,-1,96,91,92,-1,96,92,97,-1,97,92,93,-1,97,93,98,-1,99,94,100,-1,100,94,95,-1,100,95,101,-1,101,95,96,-1,101,96,102,-1,102,96,97,-1,102,97,103,-1,103,97,98,-1,103,98,104,-1,31,99,80,-1,80,99,100,-1,80,100,105,-1,105,100,101,-1,105,101,106,-1,106,101,102,-1,106,102,107,-1,107,102,103,-1,107,103,108,-1,108,103,104,-1,108,104,109,-1,7,80,49,-1,49,80,105,-1,49,105,47,-1,47,105,106,-1,47,106,45,-1,45,106,107,-1,45,107,43,-1,43,107,108,-1,43,108,41,-1,41,108,109,-1,41,109,19,-1,90,9,85,-1,31,33,99,-1,99,33,88,-1,99,88,94,-1,94,88,81,-1,94,81,89,-1,89,81,83,-1,89,83,90,-1,90,83,9,-1,17,16,110,-1,17,110,75,-1,75,110,111,-1,75,111,76,-1,76,111,112,-1,76,112,77,-1,77,112,113,-1,77,113,78,-1,78,113,114,-1,78,114,79,-1,79,114,1,-1,79,1,0,-1,15,13,115,-1,15,115,116,-1,116,115,117,-1,116,117,118,-1,118,117,119,-1,118,119,120,-1,120,119,121,-1,120,121,122,-1,122,121,123,-1,122,123,124,-1,124,123,3,-1,124,3,1,-1,8,10,125,-1,8,125,126,-1,126,125,127,-1,126,127,128,-1,128,127,129,-1,128,129,130,-1,130,129,131,-1,130,131,132,-1,132,131,133,-1,132,133,134,-1,134,133,12,-1,134,12,14,-1,18,19,109,-1,18,109,135,-1,135,109,104,-1,135,104,136,-1,136,104,98,-1,136,98,137,-1,137,98,93,-1,137,93,138,-1,138,93,84,-1,138,84,139,-1,139,84,9,-1,139,9,8,-1,140,141,142,-1,142,141,143,-1,142,143,144,-1,144,143,145,-1,144,145,146,-1,146,145,147,-1,146,147,148,-1,148,147,149,-1,148,149,150,-1,150,149,151,-1,150,151,1,-1,141,152,143,-1,143,152,153,-1,143,153,145,-1,145,153,154,-1,145,154,147,-1,147,154,155,-1,147,155,149,-1,149,155,156,-1,149,156,151,-1,151,156,157,-1,151,157,1,-1,16,140,110,-1,110,140,142,-1,110,142,111,-1,111,142,144,-1,111,144,112,-1,112,144,146,-1,112,146,113,-1,113,146,148,-1,113,148,114,-1,114,148,150,-1,114,150,1,-1,158,159,160,-1,160,159,161,-1,160,161,162,-1,162,161,163,-1,162,163,164,-1,164,163,165,-1,164,165,166,-1,166,165,167,-1,166,167,168,-1,168,167,169,-1,168,169,1,-1,159,15,161,-1,161,15,116,-1,161,116,163,-1,163,116,118,-1,163,118,165,-1,165,118,120,-1,165,120,167,-1,167,120,122,-1,167,122,169,-1,169,122,124,-1,169,124,1,-1,152,158,153,-1,153,158,160,-1,153,160,154,-1,154,160,162,-1,154,162,155,-1,155,162,164,-1,155,164,156,-1,156,164,166,-1,156,166,157,-1,157,166,168,-1,157,168,1,-1,18,135,170,-1,171,172,173,-1,8,126,174,-1,173,172,8,-1,175,8,172,-1,175,172,176,-1,176,172,171,-1,176,171,177,-1,139,8,175,-1,178,179,180,-1,180,179,174,-1,180,174,181,-1,181,174,126,-1,181,126,128,-1,139,175,138,-1,138,175,176,-1,138,176,137,-1,137,176,177,-1,137,177,136,-1,182,178,183,-1,183,178,180,-1,183,180,184,-1,184,180,181,-1,184,181,185,-1,185,181,128,-1,185,128,130,-1,186,182,187,-1,187,182,183,-1,187,183,188,-1,188,183,184,-1,188,184,189,-1,189,184,185,-1,189,185,190,-1,190,185,130,-1,190,130,132,-1,135,186,170,-1,170,186,187,-1,170,187,191,-1,191,187,188,-1,191,188,192,-1,192,188,189,-1,192,189,193,-1,193,189,190,-1,193,190,194,-1,194,190,132,-1,194,132,134,-1,18,170,195,-1,195,170,191,-1,195,191,196,-1,196,191,192,-1,196,192,197,-1,197,192,193,-1,197,193,198,-1,198,193,194,-1,198,194,199,-1,199,194,134,-1,199,134,14,-1,179,8,174,-1,135,136,186,-1,186,136,177,-1,186,177,182,-1,182,177,171,-1,182,171,178,-1,178,171,173,-1,178,173,179,-1,179,173,8,-1,16,18,195,-1,16,195,140,-1,140,195,196,-1,140,196,141,-1,141,196,197,-1,141,197,152,-1,152,197,198,-1,152,198,158,-1,158,198,199,-1,158,199,159,-1,159,199,14,-1,159,14,15,-1,
        ]
    }
}
Shape{
    appearance Appearance {
        material  Material 	{
            diffuseColor 0.6470588235294118 0.6196078431372549 0.5882352941176471
            specularColor 0.45098039215686275 0.43529411764705883 0.4117647058823529
            ambientIntensity 0.2
            transparency 0
            shininess 0.5
        }
    }
    geometry IndexedFaceSet {
        ccw TRUE
        solid FALSE
        coord DEF co Coordinate {
            point [
                2.7992 2.4213 -1.378, 2.7992 2.6181 -1.378, 2.7992 2.4213 4.2323, 2.7992 2.6181 4.2323, 2.7992 2.4199 4.2425, 2.7992 2.6101 4.2934, 2.7992 2.416 4.252, 2.7992 2.5865 4.3504, 2.7992 2.4097 4.2601, 2.7992 2.5489 4.3993, 2.7992 2.4016 4.2664, 2.7992 2.5 4.4369, 2.7992 2.3921 4.2703, 2.7992 2.443 4.4605, 2.7992 2.3819 4.2717, 2.7992 2.3819 4.4685, 2.6024 2.3819 4.2717, 2.6024 2.3819 4.4685, 2.6024 2.3921 4.2703, 2.6024 2.443 4.4605, 2.6024 2.4016 4.2664, 2.6024 2.5 4.4369, 2.6024 2.4097 4.2601, 2.6024 2.5489 4.3993, 2.6024 2.416 4.252, 2.6024 2.5865 4.3504, 2.6024 2.4199 4.2425, 2.6024 2.6101 4.2934, 2.6024 2.4213 4.2323, 2.6024 2.6181 4.2323, 2.6024 2.4213 -1.378, 2.6024 2.6181 -1.378, 1.8976 2.4213 -1.378, 1.8976 2.6181 -1.378, 1.8976 2.4213 4.2323, 1.8976 2.6181 4.2323, 1.8976 2.4199 4.2425, 1.8976 2.6101 4.2934, 1.8976 2.416 4.252, 1.8976 2.5865 4.3504, 1.8976 2.4097 4.2601, 1.8976 2.5489 4.3993, 1.8976 2.4016 4.2664, 1.8976 2.5 4.4369, 1.8976 2.3921 4.2703, 1.8976 2.443 4.4605, 1.8976 2.3819 4.2717, 1.8976 2.3819 4.4685, 1.7008 2.3819 4.2717, 1.7008 2.3819 4.4685, 1.7008 2.3921 4.2703, 1.7008 2.443 4.4605, 1.7008 2.4016 4.2664, 1.7008 2.5 4.4369, 1.7008 2.4097 4.2601, 1.7008 2.5489 4.3993, 1.7008 2.416 4.252, 1.7008 2.5865 4.3504, 1.7008 2.4199 4.2425, 1.7008 2.6101 4.2934, 1.7008 2.4213 4.2323, 1.7008 2.6181 4.2323, 1.7008 2.4213 -1.378, 1.7008 2.6181 -1.378, 1.7008 2.6181 -1.378
            ]
        }
        coordIndex [
            0,1,2,-1,2,1,3,-1,2,3,4,-1,4,3,5,-1,4,5,6,-1,6,5,7,-1,6,7,8,-1,8,7,9,-1,8,9,10,-1,10,9,11,-1,10,11,12,-1,12,11,13,-1,12,13,14,-1,14,13,15,-1,16,17,18,-1,18,17,19,-1,18,19,20,-1,20,19,21,-1,20,21,22,-1,22,21,23,-1,22,23,24,-1,24,23,25,-1,24,25,26,-1,26,25,27,-1,26,27,28,-1,28,27,29,-1,28,29,30,-1,30,29,31,-1,0,2,30,-1,30,2,28,-1,1,0,31,-1,31,0,30,-1,3,1,29,-1,29,1,31,-1,3,29,27,-1,3,27,5,-1,5,27,25,-1,5,25,7,-1,7,25,23,-1,7,23,9,-1,9,23,21,-1,9,21,11,-1,11,21,19,-1,11,19,13,-1,13,19,17,-1,13,17,15,-1,14,16,12,-1,12,16,18,-1,12,18,10,-1,10,18,20,-1,10,20,8,-1,8,20,22,-1,8,22,6,-1,6,22,24,-1,6,24,4,-1,4,24,26,-1,4,26,2,-1,2,26,28,-1,32,33,34,-1,34,33,35,-1,34,35,36,-1,36,35,37,-1,36,37,38,-1,38,37,39,-1,38,39,40,-1,40,39,41,-1,40,41,42,-1,42,41,43,-1,42,43,44,-1,44,43,45,-1,44,45,46,-1,46,45,47,-1,48,49,50,-1,50,49,51,-1,50,51,52,-1,52,51,53,-1,52,53,54,-1,54,53,55,-1,54,55,56,-1,56,55,57,-1,56,57,58,-1,58,57,59,-1,58,59,60,-1,60,59,61,-1,60,61,62,-1,62,61,63,-1,32,34,62,-1,62,34,60,-1,33,32,63,-1,63,32,62,-1,35,33,61,-1,61,33,63,-1,35,61,59,-1,35,59,37,-1,37,59,57,-1,37,57,39,-1,39,57,55,-1,39,55,41,-1,41,55,53,-1,41,53,43,-1,43,53,51,-1,43,51,45,-1,45,51,49,-1,45,49,47,-1,46,48,44,-1,44,48,50,-1,44,50,42,-1,42,50,52,-1,42,52,40,-1,40,52,54,-1,40,54,38,-1,38,54,56,-1,38,56,36,-1,36,56,58,-1,36,58,34,-1,34,58,60,-1,
        ]
    }
}
Shape{
    appearance Appearance {
        material  Material 	{
            diffuseColor 1.0 1.0 1.0
            specularColor 0.8784313725490196 0.8784313725490196 0.8784313725490196
            ambientIntensity 0.2
            transparency 0
            shininess 0.5
        }
    }
    geometry IndexedFaceSet {
        ccw TRUE
        solid FALSE
        coord DEF co Coordinate {
            point [
                -0.2333 2.5988 1.6291, -0.2331 2.5988 1.6108, -0.2333 2.5984 1.6291, -0.2331 2.5984 1.6108, -0.1695 2.5988 1.6295, -0.1695 2.5984 1.6295, -0.1705 2.5988 1.7714, -0.1705 2.5984 1.7707, -0.1705 2.5984 1.7714, -0.1498 2.5988 1.7716, -0.1498 2.5984 1.7716, -0.1487 2.5984 1.6114, -0.1487 2.5988 1.6114, -0.1498 2.5984 1.7707, -0.3596 2.5984 1.6166, -0.3596 2.5988 1.6166, -0.3569 2.5988 1.6152, -0.3152 2.5988 1.6075, -0.3152 2.5984 1.6075, -0.3203 2.5984 1.608, -0.3397 2.5988 1.6097, -0.3397 2.5984 1.6097, -0.3527 2.5984 1.6139, -0.3569 2.5984 1.6152, -0.3598 2.5988 1.6364, -0.3598 2.5984 1.6364, -0.3463 2.5988 1.6301, -0.3527 2.5984 1.6331, -0.3463 2.5984 1.6301, -0.3285 2.5984 1.6264, -0.3285 2.5988 1.6264, -0.3183 2.5984 1.6259, -0.3183 2.5988 1.6259, -0.3037 2.5984 1.6276, -0.3037 2.5988 1.6276, -0.292 2.5984 1.6319, -0.292 2.5988 1.6319, -0.2814 2.5984 1.6391, -0.2814 2.5988 1.6391, -0.2773 2.5984 1.6431, -0.2773 2.5988 1.6431, -0.2698 2.5984 1.6537, -0.2698 2.5988 1.6537, -0.2646 2.5984 1.6666, -0.2646 2.5988 1.6666, -0.2621 2.5984 1.6825, -0.2621 2.5988 1.6825, -0.2619 2.5984 1.6889, -0.2619 2.5988 1.6889, -0.2647 2.5984 1.7107, -0.2647 2.5988 1.7107, -0.2701 2.5984 1.7246, -0.2701 2.5988 1.7246, -0.2779 2.5984 1.7357, -0.2779 2.5988 1.7357, -0.2791 2.5984 1.7369, -0.2791 2.5988 1.7369, -0.2896 2.5984 1.7455, -0.2896 2.5988 1.7455, -0.3022 2.5984 1.7514, -0.3022 2.5988 1.7514, -0.316 2.5984 1.7541, -0.316 2.5988 1.7541, -0.3229 2.5984 1.7544, -0.3229 2.5988 1.7544, -0.3605 2.5984 1.7446, -0.3605 2.5988 1.7446, -0.3588 2.5988 1.7456, -0.3426 2.5984 1.7519, -0.3426 2.5988 1.7519, -0.3527 2.5984 1.7479, -0.3588 2.5984 1.7456, -0.3607 2.5988 1.7662, -0.3607 2.5984 1.7662, -0.3456 2.5984 1.7707, -0.3437 2.5988 1.7712, -0.3527 2.5984 1.7686, -0.3437 2.5984 1.7712, -0.3228 2.5984 1.773, -0.3228 2.5988 1.773, -0.2997 2.5988 1.7704, -0.3022 2.5984 1.7707, -0.2997 2.5984 1.7704, -0.2829 2.5984 1.7641, -0.2829 2.5988 1.7641, -0.2674 2.5984 1.7532, -0.2674 2.5988 1.7532, -0.2638 2.5984 1.7499, -0.2638 2.5988 1.7499, -0.2521 2.5984 1.7348, -0.2521 2.5988 1.7348, -0.2463 2.5984 1.7215, -0.2444 2.5988 1.7171, -0.2444 2.5984 1.7171, -0.2406 2.5984 1.6962, -0.2406 2.5988 1.6962, -0.2402 2.5984 1.6878, -0.2402 2.5988 1.6878, -0.2432 2.5984 1.6619, -0.2432 2.5988 1.6619, -0.2463 2.5984 1.6537, -0.2495 2.5988 1.6451, -0.2495 2.5984 1.6451, -0.259 2.5984 1.6313, -0.259 2.5988 1.6313, -0.2604 2.5984 1.6298, -0.2604 2.5988 1.6298, -0.3085 2.5984 1.608, -0.3033 2.5988 1.6083, -0.3033 2.5984 1.6083, -0.2864 2.5988 1.6124, -0.2864 2.5984 1.6124, -0.2716 2.5988 1.6201, -0.2716 2.5984 1.6201, -0.4779 2.5988 1.6274, -0.4778 2.5988 1.6091, -0.4779 2.5984 1.6274, -0.4778 2.5984 1.6091, -0.4124 2.5984 1.6278, -0.4124 2.5988 1.6278, -0.4543 2.5984 1.6275, -0.4128 2.5988 1.6817, -0.4128 2.5984 1.6817, -0.4701 2.5984 1.6813, -0.4701 2.5988 1.6813, -0.4543 2.5984 1.6814, -0.4702 2.5988 1.6996, -0.4702 2.5984 1.6996, -0.4129 2.5984 1.7, -0.4129 2.5988 1.7, -0.4543 2.5984 1.6997, -0.4133 2.5988 1.7513, -0.4133 2.5984 1.7513, -0.4751 2.5984 1.7508, -0.4751 2.5988 1.7508, -0.4543 2.5984 1.751, -0.4753 2.5988 1.7693, -0.4753 2.5984 1.7693, -0.3928 2.5984 1.7698, -0.3928 2.5988 1.7698, -0.4543 2.5984 1.7694, -0.3916 2.5988 1.6097, -0.3916 2.5984 1.6097, -0.4543 2.5984 1.6093, -0.6078 2.5988 1.653, -0.5998 2.5988 1.6432, -0.6144 2.5988 1.6306, -0.5978 2.5988 1.6414, -0.5975 2.5988 1.6186, -0.5874 2.5988 1.6343, -0.5791 2.5988 1.6116, -0.5741 2.5988 1.6293, -0.5521 2.5988 1.6086, -0.5521 2.5988 1.6268, -0.508 2.5988 1.6089, -0.5288 2.5988 1.627, -0.5091 2.5988 1.769, -0.5297 2.5988 1.7504, -0.5548 2.5988 1.7687, -0.5539 2.5988 1.7503, -0.5793 2.5988 1.7658, -0.5752 2.5988 1.7477, -0.5985 2.5988 1.7586, -0.5889 2.5988 1.7424, -0.6152 2.5988 1.7471, -0.6 2.5988 1.7349, -0.6209 2.5988 1.7414, -0.6045 2.5988 1.7304, -0.6307 2.5988 1.7274, -0.6106 2.5988 1.7213, -0.6365 2.5988 1.712, -0.615 2.5988 1.7095, -0.639 2.5988 1.6901, -0.6172 2.5988 1.6897, -0.638 2.5988 1.6766, -0.6166 2.5988 1.6795, -0.6334 2.5988 1.6584, -0.6134 2.5988 1.6649, -0.6248 2.5988 1.6423, -0.5521 2.5984 1.6086, -0.508 2.5984 1.6089, -0.5791 2.5984 1.6116, -0.5975 2.5984 1.6186, -0.6144 2.5984 1.6306, -0.6248 2.5984 1.6423, -0.6334 2.5984 1.6584, -0.638 2.5984 1.6766, -0.639 2.5984 1.6901, -0.6365 2.5984 1.712, -0.6307 2.5984 1.7274, -0.6209 2.5984 1.7414, -0.6152 2.5984 1.7471, -0.5985 2.5984 1.7586, -0.5793 2.5984 1.7658, -0.5548 2.5984 1.7687, -0.5091 2.5984 1.769, -0.5539 2.5984 1.7503, -0.5297 2.5984 1.7504, -0.5288 2.5984 1.627, -0.5521 2.5984 1.6268, -0.5998 2.5984 1.6432, -0.5978 2.5984 1.6414, -0.5874 2.5984 1.6343, -0.5741 2.5984 1.6293, -0.6172 2.5984 1.6897, -0.6166 2.5984 1.6795, -0.6134 2.5984 1.6649, -0.6078 2.5984 1.653, -0.6 2.5984 1.7349, -0.6045 2.5984 1.7304, -0.6106 2.5984 1.7213, -0.615 2.5984 1.7095, -0.5752 2.5984 1.7477, -0.5889 2.5984 1.7424, -0.5889 2.5984 1.7424
            ]
        }
        coordIndex [
            0,1,2,-1,2,1,3,-1,4,0,5,-1,5,0,2,-1,4,5,6,-1,6,5,7,-1,6,7,8,-1,9,6,10,-1,10,6,8,-1,11,12,13,-1,13,12,9,-1,13,9,10,-1,1,12,3,-1,3,12,11,-1,6,9,4,-1,4,9,12,-1,4,12,0,-1,0,12,1,-1,14,15,16,-1,17,18,19,-1,17,19,20,-1,19,21,20,-1,20,21,22,-1,20,22,16,-1,16,22,23,-1,16,23,14,-1,24,15,25,-1,25,15,14,-1,26,24,27,-1,27,24,25,-1,27,28,26,-1,26,28,29,-1,26,29,30,-1,30,29,31,-1,30,31,32,-1,32,31,33,-1,32,33,34,-1,34,33,35,-1,34,35,36,-1,36,35,37,-1,36,37,38,-1,38,37,39,-1,38,39,40,-1,40,39,41,-1,40,41,42,-1,42,41,43,-1,42,43,44,-1,44,43,45,-1,44,45,46,-1,46,45,47,-1,46,47,48,-1,48,47,49,-1,48,49,50,-1,50,49,51,-1,50,51,52,-1,52,51,53,-1,52,53,54,-1,54,53,55,-1,54,55,56,-1,56,55,57,-1,56,57,58,-1,58,57,59,-1,58,59,60,-1,60,59,61,-1,60,61,62,-1,62,61,63,-1,62,63,64,-1,65,66,67,-1,64,63,68,-1,64,68,69,-1,69,68,70,-1,69,70,67,-1,67,70,71,-1,67,71,65,-1,72,66,73,-1,73,66,65,-1,74,75,76,-1,76,75,72,-1,76,72,73,-1,74,77,75,-1,75,77,78,-1,75,78,79,-1,80,79,81,-1,81,79,78,-1,81,82,80,-1,80,82,83,-1,80,83,84,-1,84,83,85,-1,84,85,86,-1,86,85,87,-1,86,87,88,-1,88,87,89,-1,88,89,90,-1,90,89,91,-1,90,91,92,-1,91,93,92,-1,92,93,94,-1,92,94,95,-1,95,94,96,-1,95,96,97,-1,97,96,98,-1,97,98,99,-1,99,98,100,-1,99,100,101,-1,100,102,101,-1,101,102,103,-1,101,103,104,-1,104,103,105,-1,104,105,106,-1,18,17,107,-1,107,17,108,-1,107,108,109,-1,109,108,110,-1,109,110,111,-1,111,110,112,-1,111,112,113,-1,113,112,106,-1,113,106,105,-1,50,52,90,-1,58,60,80,-1,90,52,88,-1,80,60,79,-1,80,84,58,-1,58,84,86,-1,58,86,56,-1,56,86,88,-1,56,88,54,-1,54,88,52,-1,60,62,79,-1,79,62,64,-1,79,64,75,-1,75,64,69,-1,75,69,72,-1,72,69,67,-1,72,67,66,-1,97,48,95,-1,95,48,50,-1,95,50,92,-1,92,50,90,-1,15,24,16,-1,16,24,26,-1,16,26,20,-1,20,26,30,-1,20,30,17,-1,17,30,32,-1,17,32,108,-1,108,32,34,-1,108,34,110,-1,110,34,36,-1,110,36,112,-1,112,36,38,-1,112,38,106,-1,106,38,40,-1,106,40,104,-1,104,40,42,-1,104,42,101,-1,101,42,99,-1,99,42,44,-1,99,44,97,-1,97,44,46,-1,97,46,48,-1,114,115,116,-1,116,115,117,-1,118,119,120,-1,120,119,114,-1,120,114,116,-1,121,119,122,-1,122,119,118,-1,123,124,125,-1,125,124,121,-1,125,121,122,-1,126,124,127,-1,127,124,123,-1,128,129,130,-1,130,129,126,-1,130,126,127,-1,131,129,132,-1,132,129,128,-1,133,134,135,-1,135,134,131,-1,135,131,132,-1,136,134,137,-1,137,134,133,-1,138,139,140,-1,140,139,136,-1,140,136,137,-1,141,139,142,-1,142,139,138,-1,117,115,143,-1,143,115,141,-1,143,141,142,-1,141,115,114,-1,114,119,141,-1,141,119,121,-1,141,121,139,-1,134,136,131,-1,131,136,139,-1,131,139,129,-1,129,139,121,-1,129,121,126,-1,126,121,124,-1,144,145,146,-1,146,145,147,-1,146,147,148,-1,148,147,149,-1,148,149,150,-1,150,149,151,-1,150,151,152,-1,152,151,153,-1,152,153,154,-1,154,153,155,-1,154,155,156,-1,156,155,157,-1,156,157,158,-1,158,157,159,-1,158,159,160,-1,160,159,161,-1,160,161,162,-1,162,161,163,-1,162,163,164,-1,164,163,165,-1,164,165,166,-1,166,165,167,-1,166,167,168,-1,168,167,169,-1,168,169,170,-1,170,169,171,-1,170,171,172,-1,172,171,173,-1,172,173,174,-1,174,173,175,-1,174,175,176,-1,176,175,177,-1,176,177,178,-1,178,177,144,-1,178,144,146,-1,152,154,179,-1,179,154,180,-1,152,179,181,-1,152,181,150,-1,150,181,182,-1,150,182,148,-1,148,182,183,-1,148,183,146,-1,146,183,184,-1,146,184,178,-1,178,184,185,-1,178,185,176,-1,176,185,186,-1,176,186,174,-1,174,186,187,-1,174,187,172,-1,172,187,188,-1,172,188,170,-1,170,188,189,-1,170,189,168,-1,168,189,190,-1,168,190,166,-1,166,190,191,-1,166,191,164,-1,164,191,192,-1,164,192,162,-1,162,192,193,-1,162,193,160,-1,160,193,194,-1,160,194,158,-1,156,158,195,-1,195,158,194,-1,154,156,180,-1,180,156,195,-1,159,157,196,-1,196,157,197,-1,157,155,197,-1,197,155,198,-1,155,153,198,-1,198,153,199,-1,145,200,201,-1,145,201,147,-1,147,201,202,-1,147,202,149,-1,149,202,203,-1,149,203,151,-1,151,203,199,-1,151,199,153,-1,173,204,205,-1,173,205,175,-1,175,205,206,-1,175,206,177,-1,177,206,207,-1,177,207,144,-1,144,207,200,-1,144,200,145,-1,165,208,209,-1,165,209,167,-1,167,209,210,-1,167,210,169,-1,169,210,211,-1,169,211,171,-1,171,211,204,-1,171,204,173,-1,159,196,212,-1,159,212,161,-1,161,212,213,-1,161,213,163,-1,163,213,208,-1,163,208,165,-1,
        ]
    }
}
Shape{
    appearance Appearance {
        material  Material 	{
            diffuseColor 0.2235294117647059 0.2235294117647059 0.2235294117647059
            specularColor 0.11372549019607843 0.11372549019607843 0.11372549019607843
            ambientIntensity 0.2
            transparency 0
            shininess 0.5
        }
    }
    geometry IndexedFaceSet {
        ccw TRUE
        solid FALSE
        coord DEF co Coordinate {
            point [
                -0.5297 2.5984 1.7504, -0.5288 2.5984 1.627, -0.5539 2.5984 1.7503, -0.5521 2.5984 1.6268, -0.5741 2.5984 1.6293, -0.5874 2.5984 1.6343, -0.5978 2.5984 1.6414, -0.5998 2.5984 1.6432, -0.6078 2.5984 1.653, -0.6134 2.5984 1.6649, -0.6172 2.5984 1.6897, -0.6 2.5984 1.7349, -0.5889 2.5984 1.7424, -0.615 2.5984 1.7095, -0.6106 2.5984 1.7213, -0.6045 2.5984 1.7304, -0.6166 2.5984 1.6795, -0.5752 2.5984 1.7477, -0.5752 2.5984 1.7477
            ]
        }
        coordIndex [
            0,1,2,-1,2,1,3,-1,3,4,2,-1,2,4,5,-1,2,5,6,-1,6,7,2,-1,2,7,8,-1,2,8,9,-1,10,11,12,-1,13,14,10,-1,10,14,15,-1,10,15,11,-1,9,16,2,-1,2,16,10,-1,2,10,17,-1,17,10,12,-1,
        ]
    }
}
Shape{
    appearance Appearance {
        material  Material 	{
            diffuseColor 1.0 1.0 1.0
            specularColor 0.8784313725490196 0.8784313725490196 0.8784313725490196
            ambientIntensity 0.2
            transparency 0
            shininess 0.5
        }
    }
    geometry IndexedFaceSet {
        ccw TRUE
        solid FALSE
        coord DEF co Coordinate {
            point [
                -0.6925 2.5988 1.6695, -0.7169 2.5988 1.7359, -0.7094 2.5988 1.7676, -0.6473 2.5988 1.6079, -0.6701 2.5988 1.6077, -0.6858 2.5988 1.6514, -0.7183 2.5988 1.7406, -0.7196 2.5988 1.7471, -0.7315 2.5988 1.7674, -0.7201 2.5988 1.7471, -0.7213 2.5988 1.7403, -0.7225 2.5988 1.7358, -0.7462 2.5988 1.6691, -0.7914 2.5988 1.6069, -0.7685 2.5988 1.607, -0.7525 2.5988 1.6509, -0.7315 2.5984 1.7674, -0.7909 2.5984 1.608, -0.7914 2.5984 1.6069, -0.7094 2.5984 1.7676, -0.6473 2.5984 1.608, -0.6473 2.5984 1.6079, -0.6917 2.5984 1.7221, -0.6701 2.5984 1.6077, -0.6858 2.5984 1.6514, -0.6702 2.5984 1.608, -0.7525 2.5984 1.6509, -0.6917 2.5984 1.6514, -0.7682 2.5984 1.608, -0.7685 2.5984 1.607, -0.6925 2.5984 1.6695, -0.7462 2.5984 1.6691, -0.7225 2.5984 1.7358, -0.7201 2.5984 1.7471, -0.7213 2.5984 1.7403, -0.7196 2.5984 1.7471, -0.7169 2.5984 1.7359, -0.7183 2.5984 1.7406, -0.7183 2.5984 1.7406
            ]
        }
        coordIndex [
            0,1,2,-1,3,4,5,-1,1,6,2,-1,2,6,7,-1,2,7,8,-1,8,7,9,-1,8,9,10,-1,10,11,8,-1,8,11,12,-1,8,12,13,-1,14,13,15,-1,15,13,12,-1,15,12,5,-1,5,12,0,-1,5,0,3,-1,3,0,2,-1,16,8,17,-1,17,8,13,-1,17,13,18,-1,2,8,19,-1,19,8,16,-1,20,21,3,-1,20,3,22,-1,22,3,2,-1,22,2,19,-1,4,3,23,-1,23,3,21,-1,24,5,25,-1,25,5,4,-1,25,4,23,-1,26,15,27,-1,27,15,5,-1,27,5,24,-1,15,26,14,-1,14,26,28,-1,14,28,29,-1,13,14,18,-1,18,14,29,-1,0,12,30,-1,30,12,31,-1,12,11,31,-1,31,11,32,-1,9,33,34,-1,9,34,10,-1,10,34,32,-1,10,32,11,-1,9,7,33,-1,33,7,35,-1,1,36,37,-1,1,37,6,-1,6,37,35,-1,6,35,7,-1,1,0,36,-1,36,0,30,-1,
        ]
    }
}
Shape{
    appearance Appearance {
        material  Material 	{
            diffuseColor 0.2235294117647059 0.2235294117647059 0.2235294117647059
            specularColor 0.11372549019607843 0.11372549019607843 0.11372549019607843
            ambientIntensity 0.2
            transparency 0
            shininess 0.5
        }
    }
    geometry IndexedFaceSet {
        ccw TRUE
        solid FALSE
        coord DEF co Coordinate {
            point [
                -0.7201 2.5984 1.7471, -0.7196 2.5984 1.7471, -0.7213 2.5984 1.7403, -0.7183 2.5984 1.7406, -0.7225 2.5984 1.7358, -0.7169 2.5984 1.7359, -0.7462 2.5984 1.6691, -0.6925 2.5984 1.6695, -0.6925 2.5984 1.6695
            ]
        }
        coordIndex [
            0,1,2,-1,2,1,3,-1,2,3,4,-1,4,3,5,-1,4,5,6,-1,6,5,7,-1,
        ]
    }
}
Shape{
    appearance Appearance {
        material  Material 	{
            diffuseColor 1.0 1.0 1.0
            specularColor 0.8784313725490196 0.8784313725490196 0.8784313725490196
            ambientIntensity 0.2
            transparency 0
            shininess 0.5
        }
    }
    geometry IndexedFaceSet {
        ccw TRUE
        solid FALSE
        coord DEF co Coordinate {
            point [
                -0.2331 2.5988 1.375, -0.233 2.5988 1.3568, -0.2331 2.5984 1.375, -0.233 2.5984 1.3568, -0.1677 2.5988 1.3755, -0.1677 2.5984 1.3755, -0.1681 2.5988 1.4294, -0.1681 2.5984 1.4294, -0.2253 2.5988 1.429, -0.2253 2.5984 1.429, -0.2255 2.5988 1.4473, -0.2255 2.5984 1.4473, -0.1682 2.5988 1.4477, -0.1682 2.5984 1.4477, -0.1686 2.5988 1.499, -0.1686 2.5984 1.499, -0.2304 2.5988 1.4985, -0.2304 2.5984 1.4985, -0.2305 2.5988 1.5169, -0.2305 2.5984 1.5169, -0.148 2.5988 1.5175, -0.148 2.5984 1.5175, -0.1469 2.5988 1.3574, -0.1469 2.5984 1.3574, -0.324 2.5988 1.3561, -0.3441 2.5988 1.356, -0.3242 2.5988 1.3738, -0.3446 2.5988 1.4296, -0.3246 2.5988 1.4288, -0.2808 2.5988 1.4052, -0.2855 2.5988 1.4074, -0.3236 2.5988 1.3738, -0.3131 2.5988 1.3768, -0.3204 2.5988 1.369, -0.3074 2.5988 1.3731, -0.2977 2.5988 1.4101, -0.3245 2.5988 1.4135, -0.3244 2.5988 1.4026, -0.3243 2.5988 1.4012, -0.323 2.5988 1.3923, -0.32 2.5988 1.3851, -0.3156 2.5988 1.3793, -0.3239 2.5988 1.4377, -0.3431 2.5988 1.4451, -0.3219 2.5988 1.4449, -0.34 2.5988 1.4541, -0.3196 2.5988 1.449, -0.3359 2.5988 1.4606, -0.3166 2.5988 1.4523, -0.3306 2.5988 1.4657, -0.313 2.5988 1.4546, -0.3239 2.5988 1.4695, -0.3084 2.5988 1.4562, -0.3155 2.5988 1.4721, -0.3016 2.5988 1.457, -0.3036 2.5988 1.4733, -0.2891 2.5988 1.4557, -0.2834 2.5988 1.471, -0.2765 2.5988 1.4514, -0.2684 2.5988 1.4653, -0.264 2.5988 1.4434, -0.2641 2.5988 1.4629, -0.2768 2.5988 1.3771, -0.2621 2.5988 1.3629, -0.2785 2.5988 1.3754, -0.2688 2.5988 1.3581, -0.2825 2.5988 1.3726, -0.2765 2.5988 1.3552, -0.287 2.5988 1.3709, -0.2885 2.5988 1.3537, -0.2938 2.5988 1.3701, -0.2988 2.5988 1.3548, -0.3013 2.5988 1.3709, -0.307 2.5988 1.3577, -0.314 2.5988 1.3622, -0.273 2.5988 1.3919, -0.2525 2.5988 1.3897, -0.2728 2.5988 1.3888, -0.2524 2.5988 1.3873, -0.2733 2.5988 1.3841, -0.2534 2.5988 1.3782, -0.2746 2.5988 1.3805, -0.2557 2.5988 1.3714, -0.2599 2.5988 1.3652, -0.2906 2.5988 1.4243, -0.2754 2.5988 1.4207, -0.2782 2.5988 1.4032, -0.2669 2.5988 1.4164, -0.2758 2.5988 1.4003, -0.2607 2.5988 1.4111, -0.274 2.5988 1.3965, -0.2566 2.5988 1.4054, -0.2538 2.5988 1.3983, -0.3036 2.5984 1.4733, -0.2834 2.5984 1.471, -0.2684 2.5984 1.4653, -0.2641 2.5984 1.4629, -0.264 2.5984 1.4434, -0.2765 2.5984 1.4514, -0.2891 2.5984 1.4557, -0.3016 2.5984 1.457, -0.3084 2.5984 1.4562, -0.313 2.5984 1.4546, -0.3166 2.5984 1.4523, -0.3196 2.5984 1.449, -0.3219 2.5984 1.4449, -0.3239 2.5984 1.4377, -0.3246 2.5984 1.4288, -0.2906 2.5984 1.4243, -0.2754 2.5984 1.4207, -0.2669 2.5984 1.4164, -0.2607 2.5984 1.4111, -0.2566 2.5984 1.4054, -0.2538 2.5984 1.3983, -0.2525 2.5984 1.3897, -0.2524 2.5984 1.3873, -0.2534 2.5984 1.3782, -0.2557 2.5984 1.3714, -0.2599 2.5984 1.3652, -0.2621 2.5984 1.3629, -0.2688 2.5984 1.3581, -0.2765 2.5984 1.3552, -0.2885 2.5984 1.3537, -0.2988 2.5984 1.3548, -0.307 2.5984 1.3577, -0.314 2.5984 1.3622, -0.3204 2.5984 1.369, -0.3236 2.5984 1.3738, -0.3242 2.5984 1.3738, -0.324 2.5984 1.3561, -0.3441 2.5984 1.356, -0.3446 2.5984 1.4296, -0.3431 2.5984 1.4451, -0.34 2.5984 1.4541, -0.3359 2.5984 1.4606, -0.3306 2.5984 1.4657, -0.3239 2.5984 1.4695, -0.3155 2.5984 1.4721, -0.2782 2.5984 1.4032, -0.2808 2.5984 1.4052, -0.2855 2.5984 1.4074, -0.2977 2.5984 1.4101, -0.2728 2.5984 1.3888, -0.273 2.5984 1.3919, -0.274 2.5984 1.3965, -0.2758 2.5984 1.4003, -0.2785 2.5984 1.3754, -0.2768 2.5984 1.3771, -0.2746 2.5984 1.3805, -0.2733 2.5984 1.3841, -0.2938 2.5984 1.3701, -0.287 2.5984 1.3709, -0.2825 2.5984 1.3726, -0.3156 2.5984 1.3793, -0.3131 2.5984 1.3768, -0.3074 2.5984 1.3731, -0.3013 2.5984 1.3709, -0.3244 2.5984 1.4026, -0.3243 2.5984 1.4012, -0.323 2.5984 1.3923, -0.32 2.5984 1.3851, -0.3245 2.5984 1.4135, -0.3245 2.5984 1.4135
            ]
        }
        coordIndex [
            0,1,2,-1,2,1,3,-1,4,0,5,-1,5,0,2,-1,6,4,7,-1,7,4,5,-1,8,6,9,-1,9,6,7,-1,10,8,11,-1,11,8,9,-1,12,10,13,-1,13,10,11,-1,14,12,15,-1,15,12,13,-1,16,14,17,-1,17,14,15,-1,18,16,19,-1,19,16,17,-1,20,18,21,-1,21,18,19,-1,22,20,23,-1,23,20,21,-1,1,22,3,-1,3,22,23,-1,22,1,0,-1,0,4,22,-1,22,4,6,-1,22,6,20,-1,16,18,14,-1,14,18,20,-1,14,20,12,-1,12,20,6,-1,12,6,10,-1,10,6,8,-1,24,25,26,-1,26,25,27,-1,28,29,30,-1,31,32,33,-1,33,32,34,-1,35,36,27,-1,27,36,37,-1,37,38,27,-1,27,38,39,-1,27,39,26,-1,26,39,40,-1,26,40,31,-1,31,40,41,-1,31,41,32,-1,30,35,28,-1,28,35,27,-1,28,27,42,-1,42,27,43,-1,42,43,44,-1,44,43,45,-1,44,45,46,-1,46,45,47,-1,46,47,48,-1,48,47,49,-1,48,49,50,-1,50,49,51,-1,50,51,52,-1,52,51,53,-1,52,53,54,-1,54,53,55,-1,54,55,56,-1,56,55,57,-1,56,57,58,-1,58,57,59,-1,58,59,60,-1,60,59,61,-1,62,63,64,-1,64,63,65,-1,64,65,66,-1,66,65,67,-1,66,67,68,-1,68,67,69,-1,68,69,70,-1,70,69,71,-1,70,71,72,-1,72,71,73,-1,72,73,34,-1,34,73,74,-1,34,74,33,-1,75,76,77,-1,77,76,78,-1,77,78,79,-1,79,78,80,-1,79,80,81,-1,81,80,82,-1,81,82,62,-1,62,82,83,-1,62,83,63,-1,28,84,29,-1,29,84,85,-1,29,85,86,-1,86,85,87,-1,86,87,88,-1,88,87,89,-1,88,89,90,-1,90,89,91,-1,90,91,75,-1,75,91,92,-1,75,92,76,-1,55,93,94,-1,55,94,57,-1,57,94,95,-1,57,95,59,-1,59,95,96,-1,59,96,61,-1,60,61,97,-1,97,61,96,-1,60,97,98,-1,60,98,58,-1,58,98,99,-1,58,99,56,-1,56,99,100,-1,56,100,54,-1,54,100,101,-1,54,101,52,-1,52,101,102,-1,52,102,50,-1,50,102,103,-1,50,103,48,-1,48,103,104,-1,48,104,46,-1,46,104,105,-1,46,105,44,-1,44,105,106,-1,44,106,42,-1,42,106,107,-1,42,107,28,-1,84,28,108,-1,108,28,107,-1,84,108,109,-1,84,109,85,-1,85,109,110,-1,85,110,87,-1,87,110,111,-1,87,111,89,-1,89,111,112,-1,89,112,91,-1,91,112,113,-1,91,113,92,-1,92,113,114,-1,92,114,76,-1,76,114,115,-1,76,115,78,-1,78,115,116,-1,78,116,80,-1,80,116,117,-1,80,117,82,-1,82,117,118,-1,82,118,83,-1,83,118,119,-1,83,119,63,-1,63,119,120,-1,63,120,65,-1,65,120,121,-1,65,121,67,-1,67,121,122,-1,67,122,69,-1,69,122,123,-1,69,123,71,-1,71,123,124,-1,71,124,73,-1,73,124,125,-1,73,125,74,-1,74,125,126,-1,74,126,33,-1,33,126,127,-1,33,127,31,-1,26,31,128,-1,128,31,127,-1,24,26,129,-1,129,26,128,-1,25,24,130,-1,130,24,129,-1,27,25,131,-1,131,25,130,-1,27,131,132,-1,27,132,43,-1,43,132,133,-1,43,133,45,-1,45,133,134,-1,45,134,47,-1,47,134,135,-1,47,135,49,-1,49,135,136,-1,49,136,51,-1,51,136,137,-1,51,137,53,-1,53,137,93,-1,53,93,55,-1,86,138,139,-1,86,139,29,-1,29,139,140,-1,29,140,30,-1,30,140,141,-1,30,141,35,-1,77,142,143,-1,77,143,75,-1,75,143,144,-1,75,144,90,-1,90,144,145,-1,90,145,88,-1,88,145,138,-1,88,138,86,-1,64,146,147,-1,64,147,62,-1,62,147,148,-1,62,148,81,-1,81,148,149,-1,81,149,79,-1,79,149,142,-1,79,142,77,-1,70,150,151,-1,70,151,68,-1,68,151,152,-1,68,152,66,-1,66,152,146,-1,66,146,64,-1,41,153,154,-1,41,154,32,-1,32,154,155,-1,32,155,34,-1,34,155,156,-1,34,156,72,-1,72,156,150,-1,72,150,70,-1,37,157,158,-1,37,158,38,-1,38,158,159,-1,38,159,39,-1,39,159,160,-1,39,160,40,-1,40,160,153,-1,40,153,41,-1,37,36,157,-1,157,36,161,-1,36,35,161,-1,161,35,141,-1,
        ]
    }
}
Shape{
    appearance Appearance {
        material  Material 	{
            diffuseColor 0.2235294117647059 0.2235294117647059 0.2235294117647059
            specularColor 0.11372549019607843 0.11372549019607843 0.11372549019607843
            ambientIntensity 0.2
            transparency 0
            shininess 0.5
        }
    }
    geometry IndexedFaceSet {
        ccw TRUE
        solid FALSE
        coord DEF co Coordinate {
            point [
                -0.3243 2.5984 1.4012, -0.3244 2.5984 1.4026, -0.2782 2.5984 1.4032, -0.3245 2.5984 1.4135, -0.2977 2.5984 1.4101, -0.2855 2.5984 1.4074, -0.2808 2.5984 1.4052, -0.323 2.5984 1.3923, -0.2758 2.5984 1.4003, -0.32 2.5984 1.3851, -0.2768 2.5984 1.3771, -0.2785 2.5984 1.3754, -0.3131 2.5984 1.3768, -0.2746 2.5984 1.3805, -0.3074 2.5984 1.3731, -0.3013 2.5984 1.3709, -0.2938 2.5984 1.3701, -0.274 2.5984 1.3965, -0.273 2.5984 1.3919, -0.3156 2.5984 1.3793, -0.2728 2.5984 1.3888, -0.2733 2.5984 1.3841, -0.2825 2.5984 1.3726, -0.287 2.5984 1.3709, -0.287 2.5984 1.3709
            ]
        }
        coordIndex [
            0,1,2,-1,1,3,4,-1,4,5,1,-1,1,5,6,-1,1,6,2,-1,0,2,7,-1,7,2,8,-1,7,8,9,-1,10,11,12,-1,10,12,13,-1,14,12,15,-1,15,12,16,-1,8,17,9,-1,9,17,18,-1,9,18,19,-1,19,18,20,-1,19,20,12,-1,12,20,21,-1,12,21,13,-1,11,22,12,-1,12,22,23,-1,12,23,16,-1,
        ]
    }
}
Shape{
    appearance Appearance {
        material  Material 	{
            diffuseColor 1.0 1.0 1.0
            specularColor 0.8784313725490196 0.8784313725490196 0.8784313725490196
            ambientIntensity 0.2
            transparency 0
            shininess 0.5
        }
    }
    geometry IndexedFaceSet {
        ccw TRUE
        solid FALSE
        coord DEF co Coordinate {
            point [
                -0.3715 2.5984 1.3805, -0.3715 2.5988 1.3805, -0.3789 2.5988 1.3758, -0.4044 2.5988 1.3692, -0.4044 2.5984 1.3692, -0.3914 2.5984 1.3709, -0.3914 2.5988 1.3709, -0.3815 2.5984 1.3748, -0.3789 2.5984 1.3758, -0.3713 2.5988 1.3598, -0.3713 2.5984 1.3598, -0.3815 2.5984 1.356, -0.3842 2.5988 1.355, -0.3842 2.5984 1.355, -0.4023 2.5988 1.3529, -0.4019 2.5984 1.3529, -0.4023 2.5984 1.3529, -0.4028 2.5984 1.3529, -0.4182 2.5988 1.3544, -0.4182 2.5984 1.3544, -0.4293 2.5984 1.3581, -0.4293 2.5988 1.3581, -0.4357 2.5984 1.3617, -0.4357 2.5988 1.3617, -0.4415 2.5984 1.3667, -0.4415 2.5988 1.3667, -0.4452 2.5984 1.372, -0.4452 2.5988 1.372, -0.4477 2.5984 1.3783, -0.4477 2.5988 1.3783, -0.4488 2.5984 1.3864, -0.4488 2.5988 1.3864, -0.448 2.5984 1.3938, -0.448 2.5988 1.3938, -0.4459 2.5984 1.3998, -0.4459 2.5988 1.3998, -0.4422 2.5984 1.4053, -0.4422 2.5988 1.4053, -0.4374 2.5984 1.4096, -0.4374 2.5988 1.4096, -0.4242 2.5984 1.4171, -0.4242 2.5988 1.4171, -0.4164 2.5984 1.4203, -0.4164 2.5988 1.4203, -0.404 2.5984 1.4258, -0.404 2.5988 1.4258, -0.397 2.5984 1.4303, -0.397 2.5988 1.4303, -0.395 2.5984 1.4325, -0.395 2.5988 1.4325, -0.3936 2.5984 1.4352, -0.3936 2.5988 1.4352, -0.3929 2.5984 1.4383, -0.3929 2.5988 1.4383, -0.3927 2.5984 1.441, -0.3927 2.5988 1.441, -0.3931 2.5984 1.4442, -0.3931 2.5988 1.4442, -0.3941 2.5984 1.4469, -0.3941 2.5988 1.4469, -0.3958 2.5984 1.4494, -0.3958 2.5988 1.4494, -0.3989 2.5984 1.452, -0.3989 2.5988 1.452, -0.4034 2.5984 1.4544, -0.4034 2.5988 1.4544, -0.4088 2.5984 1.4558, -0.4088 2.5988 1.4558, -0.4147 2.5984 1.4562, -0.4147 2.5988 1.4562, -0.4282 2.5984 1.4545, -0.4282 2.5988 1.4545, -0.4394 2.5984 1.4502, -0.4394 2.5988 1.4502, -0.4437 2.5984 1.4477, -0.4437 2.5988 1.4477, -0.4438 2.5988 1.4672, -0.4438 2.5984 1.4672, -0.4301 2.5984 1.4713, -0.4301 2.5988 1.4713, -0.4168 2.5984 1.4725, -0.4168 2.5988 1.4725, -0.402 2.5984 1.471, -0.402 2.5988 1.471, -0.391 2.5984 1.4671, -0.391 2.5988 1.4671, -0.385 2.5984 1.4636, -0.385 2.5988 1.4636, -0.379 2.5988 1.4583, -0.3815 2.5984 1.4605, -0.379 2.5984 1.4583, -0.3753 2.5984 1.4529, -0.3753 2.5988 1.4529, -0.3728 2.5984 1.4465, -0.3728 2.5988 1.4465, -0.372 2.5984 1.4393, -0.372 2.5988 1.4393, -0.3728 2.5984 1.4315, -0.3728 2.5988 1.4315, -0.375 2.5984 1.4254, -0.375 2.5988 1.4254, -0.3776 2.5984 1.4212, -0.3776 2.5988 1.4212, -0.4021 2.5984 1.4058, -0.4021 2.5988 1.4058, -0.3902 2.5988 1.4114, -0.3808 2.5984 1.4177, -0.3808 2.5988 1.4177, -0.3815 2.5984 1.4173, -0.3902 2.5984 1.4114, -0.4153 2.5984 1.4002, -0.4153 2.5988 1.4002, -0.4231 2.5984 1.3955, -0.4231 2.5988 1.3955, -0.4255 2.5984 1.3928, -0.4255 2.5988 1.3928, -0.4271 2.5984 1.3902, -0.4271 2.5988 1.3902, -0.428 2.5984 1.387, -0.428 2.5988 1.387, -0.4281 2.5984 1.3845, -0.4281 2.5988 1.3845, -0.4277 2.5984 1.3807, -0.4277 2.5988 1.3807, -0.4267 2.5984 1.3779, -0.4267 2.5988 1.3779, -0.4249 2.5984 1.3753, -0.4249 2.5988 1.3753, -0.4226 2.5984 1.3733, -0.4226 2.5988 1.3733, -0.4207 2.5984 1.3722, -0.4207 2.5988 1.3722, -0.4156 2.5984 1.3703, -0.4156 2.5988 1.3703, -0.4053 2.5984 1.3692, -0.4053 2.5988 1.3692, -0.5488 2.5988 1.4689, -0.5696 2.5988 1.4688, -0.5488 2.5984 1.4689, -0.5696 2.5984 1.4688, -0.5169 2.5988 1.383, -0.5169 2.5984 1.383, -0.5154 2.5984 1.3777, -0.5154 2.5988 1.3777, -0.5144 2.5984 1.3738, -0.5144 2.5988 1.3738, -0.5139 2.5988 1.3738, -0.5139 2.5984 1.3738, -0.5115 2.5988 1.3832, -0.5115 2.5984 1.3832, -0.4822 2.5984 1.4694, -0.4822 2.5988 1.4694, -0.4929 2.5984 1.4378, -0.4598 2.5988 1.4695, -0.4598 2.5984 1.4695, -0.5038 2.5984 1.3551, -0.5038 2.5988 1.3551, -0.4929 2.5984 1.3834, -0.4949 2.5984 1.3344, -0.4949 2.5988 1.3344, -0.5029 2.5984 1.3529, -0.4929 2.5984 1.3309, -0.4909 2.5988 1.3272, -0.4909 2.5984 1.3272, -0.4901 2.5984 1.3263, -0.4871 2.5988 1.323, -0.4871 2.5984 1.323, -0.4835 2.5984 1.3205, -0.4835 2.5988 1.3205, -0.4791 2.5984 1.3189, -0.4791 2.5988 1.3189, -0.4742 2.5984 1.3184, -0.4742 2.5988 1.3184, -0.467 2.5984 1.3194, -0.467 2.5988 1.3194, -0.4629 2.5984 1.3208, -0.4629 2.5988 1.3208, -0.4627 2.5988 1.3029, -0.4627 2.5984 1.3029, -0.4712 2.5984 1.3014, -0.4712 2.5988 1.3014, -0.4757 2.5984 1.3012, -0.4757 2.5988 1.3012, -0.4838 2.5984 1.3021, -0.4838 2.5988 1.3021, -0.4917 2.5984 1.305, -0.4917 2.5988 1.305, -0.4929 2.5984 1.3059, -0.4987 2.5988 1.3099, -0.5167 2.5984 1.3375, -0.5167 2.5988 1.3375, -0.5109 2.5984 1.3263, -0.5075 2.5988 1.3199, -0.5075 2.5984 1.3199, -0.5001 2.5988 1.3111, -0.5001 2.5984 1.3111, -0.4987 2.5984 1.3099, -0.5229 2.5984 1.3529, -0.6766 2.5988 1.3719, -0.6765 2.5988 1.3536, -0.6766 2.5984 1.3719, -0.6765 2.5984 1.3536, -0.6112 2.5984 1.3724, -0.6112 2.5988 1.3724, -0.6431 2.5984 1.3721, -0.6116 2.5988 1.4262, -0.6116 2.5984 1.4262, -0.6688 2.5984 1.4258, -0.6688 2.5988 1.4258, -0.6431 2.5984 1.426, -0.6689 2.5988 1.4442, -0.6689 2.5984 1.4442, -0.6117 2.5984 1.4446, -0.6117 2.5988 1.4446, -0.6431 2.5984 1.4443, -0.612 2.5988 1.4958, -0.612 2.5984 1.4958, -0.6739 2.5984 1.4954, -0.6739 2.5988 1.4954, -0.6431 2.5984 1.4956, -0.674 2.5988 1.5138, -0.674 2.5984 1.5138, -0.5915 2.5984 1.5144, -0.5915 2.5988 1.5144, -0.6431 2.5984 1.514, -0.5904 2.5988 1.3542, -0.5904 2.5984 1.3542, -0.6431 2.5984 1.3539, -0.8066 2.5988 1.3976, -0.7985 2.5988 1.3877, -0.8131 2.5988 1.3751, -0.7965 2.5988 1.3859, -0.7962 2.5988 1.3632, -0.7861 2.5988 1.3788, -0.7779 2.5988 1.3562, -0.7728 2.5988 1.3738, -0.7508 2.5988 1.3531, -0.7508 2.5988 1.3714, -0.7067 2.5988 1.3534, -0.7275 2.5988 1.3715, -0.7079 2.5988 1.5136, -0.7284 2.5988 1.495, -0.7536 2.5988 1.5132, -0.7526 2.5988 1.4948, -0.778 2.5988 1.5104, -0.774 2.5988 1.4922, -0.7973 2.5988 1.5032, -0.7877 2.5988 1.487, -0.814 2.5988 1.4916, -0.7987 2.5988 1.4794, -0.8196 2.5988 1.486, -0.8032 2.5988 1.4749, -0.8294 2.5988 1.4719, -0.8094 2.5988 1.4659, -0.8352 2.5988 1.4566, -0.8138 2.5988 1.4541, -0.8377 2.5988 1.4346, -0.816 2.5988 1.4342, -0.8368 2.5988 1.4212, -0.8154 2.5988 1.4241, -0.8322 2.5988 1.403, -0.8122 2.5988 1.4094, -0.8235 2.5988 1.3868, -0.7508 2.5984 1.3531, -0.7067 2.5984 1.3534, -0.7779 2.5984 1.3562, -0.7962 2.5984 1.3632, -0.8131 2.5984 1.3751, -0.8235 2.5984 1.3868, -0.8322 2.5984 1.403, -0.8368 2.5984 1.4212, -0.8377 2.5984 1.4346, -0.8352 2.5984 1.4566, -0.8294 2.5984 1.4719, -0.8196 2.5984 1.486, -0.814 2.5984 1.4916, -0.7973 2.5984 1.5032, -0.778 2.5984 1.5104, -0.7536 2.5984 1.5132, -0.7079 2.5984 1.5136, -0.7526 2.5984 1.4948, -0.7284 2.5984 1.495, -0.7275 2.5984 1.3715, -0.7508 2.5984 1.3714, -0.7985 2.5984 1.3877, -0.7965 2.5984 1.3859, -0.7861 2.5984 1.3788, -0.7728 2.5984 1.3738, -0.816 2.5984 1.4342, -0.8154 2.5984 1.4241, -0.8122 2.5984 1.4094, -0.8066 2.5984 1.3976, -0.7987 2.5984 1.4794, -0.8032 2.5984 1.4749, -0.8094 2.5984 1.4659, -0.8138 2.5984 1.4541, -0.774 2.5984 1.4922, -0.7877 2.5984 1.487, -0.7877 2.5984 1.487
            ]
        }
        coordIndex [
            0,1,2,-1,3,4,5,-1,3,5,6,-1,6,5,7,-1,6,7,2,-1,2,7,8,-1,2,8,0,-1,9,1,10,-1,10,1,0,-1,9,10,11,-1,9,11,12,-1,12,11,13,-1,12,13,14,-1,14,13,15,-1,14,15,16,-1,14,16,17,-1,14,17,18,-1,17,19,18,-1,18,19,20,-1,18,20,21,-1,21,20,22,-1,21,22,23,-1,23,22,24,-1,23,24,25,-1,25,24,26,-1,25,26,27,-1,27,26,28,-1,27,28,29,-1,29,28,30,-1,29,30,31,-1,31,30,32,-1,31,32,33,-1,33,32,34,-1,33,34,35,-1,35,34,36,-1,35,36,37,-1,37,36,38,-1,37,38,39,-1,39,38,40,-1,39,40,41,-1,41,40,42,-1,41,42,43,-1,43,42,44,-1,43,44,45,-1,45,44,46,-1,45,46,47,-1,47,46,48,-1,47,48,49,-1,49,48,50,-1,49,50,51,-1,51,50,52,-1,51,52,53,-1,53,52,54,-1,53,54,55,-1,55,54,56,-1,55,56,57,-1,57,56,58,-1,57,58,59,-1,59,58,60,-1,59,60,61,-1,61,60,62,-1,61,62,63,-1,63,62,64,-1,63,64,65,-1,65,64,66,-1,65,66,67,-1,67,66,68,-1,67,68,69,-1,69,68,70,-1,69,70,71,-1,71,70,72,-1,71,72,73,-1,73,72,74,-1,73,74,75,-1,76,75,77,-1,77,75,74,-1,76,77,78,-1,76,78,79,-1,79,78,80,-1,79,80,81,-1,81,80,82,-1,81,82,83,-1,83,82,84,-1,83,84,85,-1,85,84,86,-1,85,86,87,-1,88,87,89,-1,89,87,86,-1,89,90,88,-1,88,90,91,-1,88,91,92,-1,92,91,93,-1,92,93,94,-1,94,93,95,-1,94,95,96,-1,96,95,97,-1,96,97,98,-1,98,97,99,-1,98,99,100,-1,100,99,101,-1,100,101,102,-1,103,104,105,-1,102,101,106,-1,102,106,107,-1,107,106,108,-1,107,108,105,-1,105,108,109,-1,105,109,103,-1,104,103,110,-1,104,110,111,-1,111,110,112,-1,111,112,113,-1,113,112,114,-1,113,114,115,-1,115,114,116,-1,115,116,117,-1,117,116,118,-1,117,118,119,-1,119,118,120,-1,119,120,121,-1,121,120,122,-1,121,122,123,-1,123,122,124,-1,123,124,125,-1,125,124,126,-1,125,126,127,-1,127,126,128,-1,127,128,129,-1,129,128,130,-1,129,130,131,-1,131,130,132,-1,131,132,133,-1,133,132,134,-1,133,134,135,-1,135,134,4,-1,135,4,3,-1,61,63,85,-1,85,63,83,-1,111,43,104,-1,104,43,45,-1,21,23,127,-1,127,23,25,-1,127,25,125,-1,125,25,27,-1,125,27,123,-1,123,27,29,-1,123,29,121,-1,121,29,31,-1,121,31,119,-1,119,31,33,-1,119,33,117,-1,117,33,35,-1,117,35,115,-1,115,35,37,-1,115,37,113,-1,113,37,39,-1,113,39,111,-1,111,39,41,-1,111,41,43,-1,14,3,12,-1,12,3,6,-1,12,6,9,-1,9,6,2,-1,9,2,1,-1,63,65,83,-1,83,65,67,-1,83,67,81,-1,81,67,69,-1,81,69,79,-1,79,69,71,-1,79,71,76,-1,76,71,73,-1,76,73,75,-1,127,129,21,-1,21,129,131,-1,21,131,18,-1,18,131,133,-1,18,133,14,-1,14,133,135,-1,14,135,3,-1,85,87,61,-1,61,87,88,-1,61,88,59,-1,59,88,92,-1,59,92,57,-1,57,92,94,-1,57,94,55,-1,55,94,96,-1,55,96,53,-1,53,96,98,-1,53,98,51,-1,51,98,100,-1,51,100,49,-1,49,100,102,-1,49,102,47,-1,47,102,107,-1,47,107,45,-1,45,107,105,-1,45,105,104,-1,136,137,138,-1,138,137,139,-1,140,136,141,-1,141,136,138,-1,140,141,142,-1,140,142,143,-1,143,142,144,-1,143,144,145,-1,146,145,147,-1,147,145,144,-1,148,146,149,-1,149,146,147,-1,150,151,152,-1,152,151,148,-1,152,148,149,-1,153,151,154,-1,154,151,150,-1,155,156,157,-1,157,156,153,-1,157,153,154,-1,158,159,160,-1,160,159,156,-1,160,156,155,-1,159,158,161,-1,159,161,162,-1,161,163,162,-1,162,163,164,-1,162,164,165,-1,164,166,165,-1,165,166,167,-1,165,167,168,-1,168,167,169,-1,168,169,170,-1,170,169,171,-1,170,171,172,-1,172,171,173,-1,172,173,174,-1,174,173,175,-1,174,175,176,-1,177,176,178,-1,178,176,175,-1,177,178,179,-1,177,179,180,-1,180,179,181,-1,180,181,182,-1,182,181,183,-1,182,183,184,-1,184,183,185,-1,184,185,186,-1,186,185,187,-1,186,187,188,-1,189,190,191,-1,191,190,192,-1,191,192,193,-1,193,192,194,-1,193,194,195,-1,195,194,188,-1,195,188,196,-1,196,188,187,-1,139,137,197,-1,197,137,190,-1,197,190,189,-1,143,145,190,-1,137,136,190,-1,190,136,140,-1,190,140,143,-1,151,153,148,-1,148,153,156,-1,148,156,146,-1,176,177,174,-1,174,177,180,-1,174,180,172,-1,172,180,182,-1,172,182,170,-1,170,182,184,-1,170,184,168,-1,168,184,186,-1,168,186,165,-1,192,162,194,-1,194,162,165,-1,194,165,188,-1,188,165,186,-1,145,146,190,-1,190,146,156,-1,190,156,192,-1,192,156,159,-1,192,159,162,-1,198,199,200,-1,200,199,201,-1,202,203,204,-1,204,203,198,-1,204,198,200,-1,205,203,206,-1,206,203,202,-1,207,208,209,-1,209,208,205,-1,209,205,206,-1,210,208,211,-1,211,208,207,-1,212,213,214,-1,214,213,210,-1,214,210,211,-1,215,213,216,-1,216,213,212,-1,217,218,219,-1,219,218,215,-1,219,215,216,-1,220,218,221,-1,221,218,217,-1,222,223,224,-1,224,223,220,-1,224,220,221,-1,225,223,226,-1,226,223,222,-1,201,199,227,-1,227,199,225,-1,227,225,226,-1,225,199,198,-1,198,203,225,-1,225,203,205,-1,225,205,223,-1,218,220,215,-1,215,220,223,-1,215,223,213,-1,213,223,205,-1,213,205,210,-1,210,205,208,-1,228,229,230,-1,230,229,231,-1,230,231,232,-1,232,231,233,-1,232,233,234,-1,234,233,235,-1,234,235,236,-1,236,235,237,-1,236,237,238,-1,238,237,239,-1,238,239,240,-1,240,239,241,-1,240,241,242,-1,242,241,243,-1,242,243,244,-1,244,243,245,-1,244,245,246,-1,246,245,247,-1,246,247,248,-1,248,247,249,-1,248,249,250,-1,250,249,251,-1,250,251,252,-1,252,251,253,-1,252,253,254,-1,254,253,255,-1,254,255,256,-1,256,255,257,-1,256,257,258,-1,258,257,259,-1,258,259,260,-1,260,259,261,-1,260,261,262,-1,262,261,228,-1,262,228,230,-1,236,238,263,-1,263,238,264,-1,236,263,265,-1,236,265,234,-1,234,265,266,-1,234,266,232,-1,232,266,267,-1,232,267,230,-1,230,267,268,-1,230,268,262,-1,262,268,269,-1,262,269,260,-1,260,269,270,-1,260,270,258,-1,258,270,271,-1,258,271,256,-1,256,271,272,-1,256,272,254,-1,254,272,273,-1,254,273,252,-1,252,273,274,-1,252,274,250,-1,250,274,275,-1,250,275,248,-1,248,275,276,-1,248,276,246,-1,246,276,277,-1,246,277,244,-1,244,277,278,-1,244,278,242,-1,240,242,279,-1,279,242,278,-1,238,240,264,-1,264,240,279,-1,243,241,280,-1,280,241,281,-1,241,239,281,-1,281,239,282,-1,239,237,282,-1,282,237,283,-1,229,284,285,-1,229,285,231,-1,231,285,286,-1,231,286,233,-1,233,286,287,-1,233,287,235,-1,235,287,283,-1,235,283,237,-1,257,288,289,-1,257,289,259,-1,259,289,290,-1,259,290,261,-1,261,290,291,-1,261,291,228,-1,228,291,284,-1,228,284,229,-1,249,292,293,-1,249,293,251,-1,251,293,294,-1,251,294,253,-1,253,294,295,-1,253,295,255,-1,255,295,288,-1,255,288,257,-1,243,280,296,-1,243,296,245,-1,245,296,297,-1,245,297,247,-1,247,297,292,-1,247,292,249,-1,
        ]
    }
}
Shape{
    appearance Appearance {
        material  Material 	{
            diffuseColor 0.2235294117647059 0.2235294117647059 0.2235294117647059
            specularColor 0.11372549019607843 0.11372549019607843 0.11372549019607843
            ambientIntensity 0.2
            transparency 0
            shininess 0.5
        }
    }
    geometry IndexedFaceSet {
        ccw TRUE
        solid FALSE
        coord DEF co Coordinate {
            point [
                -0.7284 2.5984 1.495, -0.7275 2.5984 1.3715, -0.7526 2.5984 1.4948, -0.7508 2.5984 1.3714, -0.7728 2.5984 1.3738, -0.7861 2.5984 1.3788, -0.7965 2.5984 1.3859, -0.7985 2.5984 1.3877, -0.8066 2.5984 1.3976, -0.8122 2.5984 1.4094, -0.816 2.5984 1.4342, -0.7987 2.5984 1.4794, -0.7877 2.5984 1.487, -0.8138 2.5984 1.4541, -0.8094 2.5984 1.4659, -0.8032 2.5984 1.4749, -0.8154 2.5984 1.4241, -0.774 2.5984 1.4922, -0.774 2.5984 1.4922
            ]
        }
        coordIndex [
            0,1,2,-1,2,1,3,-1,3,4,2,-1,2,4,5,-1,2,5,6,-1,6,7,2,-1,2,7,8,-1,2,8,9,-1,10,11,12,-1,13,14,10,-1,10,14,15,-1,10,15,11,-1,9,16,2,-1,2,16,10,-1,2,10,17,-1,17,10,12,-1,
        ]
    }
}
Shape{
    appearance Appearance {
        material  Material 	{
            diffuseColor 1.0 1.0 1.0
            specularColor 0.8784313725490196 0.8784313725490196 0.8784313725490196
            ambientIntensity 0.2
            transparency 0
            shininess 0.5
        }
    }
    geometry IndexedFaceSet {
        ccw TRUE
        solid FALSE
        coord DEF co Coordinate {
            point [
                -0.8912 2.5988 1.414, -0.9156 2.5988 1.4804, -0.9081 2.5988 1.5121, -0.846 2.5988 1.3524, -0.8688 2.5988 1.3523, -0.8845 2.5988 1.396, -0.9171 2.5988 1.4852, -0.9183 2.5988 1.4916, -0.9302 2.5988 1.512, -0.9188 2.5988 1.4916, -0.9201 2.5988 1.4848, -0.9212 2.5988 1.4804, -0.945 2.5988 1.4136, -0.9901 2.5988 1.3514, -0.9672 2.5988 1.3516, -0.9512 2.5988 1.3955, -0.9302 2.5984 1.512, -0.9895 2.5984 1.3529, -0.9901 2.5984 1.3514, -0.9081 2.5984 1.5121, -0.8462 2.5984 1.3529, -0.846 2.5984 1.3524, -0.8688 2.5984 1.3523, -0.8845 2.5984 1.396, -0.8691 2.5984 1.3529, -0.9512 2.5984 1.3955, -0.9672 2.5984 1.3516, -0.9668 2.5984 1.3529, -0.8912 2.5984 1.414, -0.945 2.5984 1.4136, -0.9212 2.5984 1.4804, -0.9188 2.5984 1.4916, -0.9201 2.5984 1.4848, -0.9183 2.5984 1.4916, -0.9156 2.5984 1.4804, -0.9171 2.5984 1.4852, -0.9171 2.5984 1.4852
            ]
        }
        coordIndex [
            0,1,2,-1,3,4,5,-1,1,6,2,-1,2,6,7,-1,2,7,8,-1,8,7,9,-1,8,9,10,-1,10,11,8,-1,8,11,12,-1,8,12,13,-1,14,13,15,-1,15,13,12,-1,15,12,5,-1,5,12,0,-1,5,0,3,-1,3,0,2,-1,16,8,17,-1,17,8,13,-1,17,13,18,-1,2,8,19,-1,19,8,16,-1,2,19,3,-1,3,19,20,-1,3,20,21,-1,4,3,22,-1,22,3,21,-1,23,5,24,-1,24,5,4,-1,24,4,22,-1,15,5,25,-1,25,5,23,-1,26,14,27,-1,27,14,15,-1,27,15,25,-1,13,14,18,-1,18,14,26,-1,0,12,28,-1,28,12,29,-1,12,11,29,-1,29,11,30,-1,9,31,32,-1,9,32,10,-1,10,32,30,-1,10,30,11,-1,9,7,31,-1,31,7,33,-1,1,34,35,-1,1,35,6,-1,6,35,33,-1,6,33,7,-1,1,0,34,-1,34,0,28,-1,
        ]
    }
}
Shape{
    appearance Appearance {
        material  Material 	{
            diffuseColor 0.2235294117647059 0.2235294117647059 0.2235294117647059
            specularColor 0.11372549019607843 0.11372549019607843 0.11372549019607843
            ambientIntensity 0.2
            transparency 0
            shininess 0.5
        }
    }
    geometry IndexedFaceSet {
        ccw TRUE
        solid FALSE
        coord DEF co Coordinate {
            point [
                -0.9188 2.5984 1.4916, -0.9183 2.5984 1.4916, -0.9201 2.5984 1.4848, -0.9171 2.5984 1.4852, -0.9212 2.5984 1.4804, -0.9156 2.5984 1.4804, -0.945 2.5984 1.4136, -0.8912 2.5984 1.414, -0.8912 2.5984 1.414
            ]
        }
        coordIndex [
            0,1,2,-1,2,1,3,-1,2,3,4,-1,4,3,5,-1,4,5,6,-1,6,5,7,-1,
        ]
    }
}
Shape{
    appearance Appearance {
        material  Material 	{
            diffuseColor 1.0 1.0 1.0
            specularColor 0.8784313725490196 0.8784313725490196 0.8784313725490196
            ambientIntensity 0.2
            transparency 0
            shininess 0.5
        }
    }
    geometry IndexedFaceSet {
        ccw TRUE
        solid FALSE
        coord DEF co Coordinate {
            point [
                0.5605 2.5988 1.3397, 0.5437 2.5988 1.3187, 0.5701 2.5988 1.4405, 0.1894 2.5988 1.4936, 0.2243 2.5988 1.5542, 0.3774 2.5988 1.4756, 0.4547 2.5988 1.4421, 0.4441 2.5988 1.4382, 0.5885 2.5988 1.6384, 0.563 2.5988 1.6517, 0.5685 2.5988 1.7219, 0.4975 2.5988 1.7246, 0.4627 2.5988 1.6413, 0.4451 2.5988 1.6772, 0.5948 2.5988 1.456, 0.5861 2.5988 1.3686, 0.5717 2.5988 1.3642, 0.5236 2.5988 1.7271, 0.435 2.5988 1.4319, 0.4277 2.5988 1.4237, 0.3494 2.5988 1.4105, 0.4753 2.5988 1.4418, 0.4897 2.5988 1.5117, 0.4853 2.5988 1.4379, 0.5149 2.5988 1.5023, 0.4942 2.5988 1.4317, 0.5383 2.5988 1.4862, 0.4987 2.5988 1.427, 0.5573 2.5988 1.4649, 0.5047 2.5988 1.4176, 0.5081 2.5988 1.4069, 0.5088 2.5988 1.3958, 0.4212 2.5988 1.5069, 0.4487 2.5988 1.514, 0.4625 2.5988 1.5149, 0.151 2.5988 1.606, 0.1419 2.5988 1.606, 0.0948 2.5988 1.6671, 0.1203 2.5988 1.6031, 0.0892 2.5988 1.6652, 0.1004 2.5988 1.5953, 0.0555 2.5988 1.6481, 0.0248 2.5988 1.6218, 0.4739 2.5988 1.7516, 0.4193 2.5988 1.7075, 0.447 2.5988 1.7744, 0.3887 2.5988 1.7296, 0.4171 2.5988 1.7924, 0.5349 2.5988 1.6582, 0.523 2.5988 1.6588, 0.5105 2.5988 1.7263, 0.4962 2.5988 1.6552, 0.4708 2.5988 1.6457, 0.4229 2.5988 1.4143, 0.4203 2.5988 1.4037, 0.3495 2.5988 1.3991, 0.4204 2.5988 1.3933, 0.3502 2.5988 1.3872, 0.026 2.5988 1.4093, 0.0788 2.5988 1.4549, 0.0572 2.5988 1.3833, 0.0957 2.5988 1.4413, 0.092 2.5988 1.3665, 0.1158 2.5988 1.4321, 0.13 2.5988 1.3588, 0.1363 2.5988 1.4283, 0.1972 2.5988 1.3593, 0.1876 2.5988 1.4287, 0.2036 2.5988 1.3604, 0.4642 2.5988 1.4431, 0.3972 2.5988 1.4938, 0.0829 2.5988 1.5829, 0.0699 2.5988 1.5682, 0.0018 2.5988 1.5893, 0.0594 2.5988 1.5485, -0.0119 2.5988 1.5544, 0.0542 2.5988 1.5266, -0.0169 2.5988 1.5172, 0.0537 2.5988 1.5165, -0.0114 2.5988 1.4766, 0.0566 2.5988 1.4944, 0.0032 2.5988 1.4406, 0.0646 2.5988 1.4741, 0.0773 2.5988 1.4565, 0.1556 2.5988 1.7575, 0.2006 2.5988 1.7055, 0.1181 2.5988 1.7134, 0.1751 2.5988 1.6746, 0.1578 2.5988 1.6378, 0.634 2.5988 1.5733, 0.709 2.5988 1.5549, 0.6376 2.5988 1.5457, 0.7094 2.5988 1.5439, 0.6364 2.5988 1.5281, 0.7042 2.5988 1.4993, 0.6284 2.5988 1.5002, 0.6882 2.5988 1.4568, 0.615 2.5988 1.4771, 0.6624 2.5988 1.4195, 0.6271 2.5988 1.389, 0.5067 2.5988 1.3851, 0.5023 2.5988 1.3755, 0.3644 2.5988 1.8118, 0.3514 2.5988 1.7444, 0.3101 2.5988 1.8178, 0.3094 2.5988 1.7495, 0.2592 2.5988 1.8116, 0.2708 2.5988 1.7444, 0.2025 2.5988 1.7901, 0.2352 2.5988 1.7305, 0.2034 2.5988 1.7081, 0.6108 2.5988 1.7058, 0.6472 2.5988 1.6806, 0.6082 2.5988 1.6212, 0.6549 2.5988 1.6734, 0.6241 2.5988 1.5986, 0.6826 2.5988 1.6385, 0.701 2.5988 1.5976, 0.357 2.5988 1.3591, 0.4232 2.5988 1.3824, 0.3707 2.5988 1.3338, 0.4286 2.5988 1.3727, 0.3883 2.5988 1.3144, 0.4348 2.5988 1.3657, 0.4111 2.5988 1.2988, 0.4435 2.5988 1.3596, 0.4365 2.5988 1.2892, 0.4534 2.5988 1.3557, 0.4641 2.5988 1.286, 0.4648 2.5988 1.3543, 0.4685 2.5988 1.2861, 0.4667 2.5988 1.3544, 0.4953 2.5988 1.2905, 0.4769 2.5988 1.3561, 0.5215 2.5988 1.3017, 0.4872 2.5988 1.3606, 0.4959 2.5988 1.3674, 0.1933 2.5988 1.4298, 0.2211 2.5988 1.3714, 0.2184 2.5988 1.3687, 0.1899 2.5988 1.429, 0.2111 2.5988 1.3634, 0.2299 2.5988 1.3948, 0.2289 2.5988 1.3863, 0.226 2.5988 1.3786, 0.2032 2.5988 1.4288, 0.2111 2.5988 1.4257, 0.2296 2.5988 1.3993, 0.2181 2.5988 1.4208, 0.2228 2.5988 1.4157, 0.2273 2.5988 1.4079, 0.1944 2.5988 1.4298, -0.0169 2.5984 1.5172, -0.0119 2.5984 1.5544, 0.015 2.5984 1.608, -0.0089 2.5984 1.5622, 0.0018 2.5984 1.5893, 0.0248 2.5984 1.6218, 0.0555 2.5984 1.6481, 0.0892 2.5984 1.6652, 0.0948 2.5984 1.6671, 0.1181 2.5984 1.7134, 0.1556 2.5984 1.7575, 0.1746 2.5984 1.7707, 0.2025 2.5984 1.7901, 0.2592 2.5984 1.8116, 0.3101 2.5984 1.8178, 0.3644 2.5984 1.8118, 0.4171 2.5984 1.7924, 0.447 2.5984 1.7744, 0.4975 2.5984 1.7246, 0.4513 2.5984 1.7707, 0.4739 2.5984 1.7516, 0.5105 2.5984 1.7263, 0.5236 2.5984 1.7271, 0.5685 2.5984 1.7219, 0.6108 2.5984 1.7058, 0.6472 2.5984 1.6806, 0.6549 2.5984 1.6734, 0.7094 2.5984 1.5439, 0.6826 2.5984 1.6385, 0.6963 2.5984 1.608, 0.701 2.5984 1.5976, 0.7076 2.5984 1.5622, 0.709 2.5984 1.5549, 0.7042 2.5984 1.4993, 0.6882 2.5984 1.4568, 0.6624 2.5984 1.4195, 0.6271 2.5984 1.389, 0.5861 2.5984 1.3686, 0.5717 2.5984 1.3642, 0.5666 2.5984 1.3529, 0.5498 2.5984 1.3263, 0.5605 2.5984 1.3397, 0.5437 2.5984 1.3187, 0.5215 2.5984 1.3017, 0.4953 2.5984 1.2905, 0.4685 2.5984 1.2861, 0.4641 2.5984 1.286, 0.4365 2.5984 1.2892, 0.3604 2.5984 1.3529, 0.4111 2.5984 1.2988, 0.3883 2.5984 1.3144, 0.3775 2.5984 1.3263, 0.3707 2.5984 1.3338, 0.357 2.5984 1.3591, 0.3502 2.5984 1.3872, 0.3495 2.5984 1.3991, 0.3494 2.5984 1.4105, 0.1894 2.5984 1.4936, 0.2243 2.5984 1.5542, 0.3774 2.5984 1.4756, 0.3972 2.5984 1.4938, 0.4212 2.5984 1.5069, 0.4487 2.5984 1.514, 0.4625 2.5984 1.5149, 0.4897 2.5984 1.5117, 0.5149 2.5984 1.5023, 0.5383 2.5984 1.4862, 0.5573 2.5984 1.4649, 0.5701 2.5984 1.4405, 0.5948 2.5984 1.456, 0.615 2.5984 1.4771, 0.6284 2.5984 1.5002, 0.6364 2.5984 1.5281, 0.6376 2.5984 1.5457, 0.6355 2.5984 1.5622, 0.634 2.5984 1.5733, 0.6241 2.5984 1.5986, 0.6175 2.5984 1.608, 0.6082 2.5984 1.6212, 0.5885 2.5984 1.6384, 0.563 2.5984 1.6517, 0.5349 2.5984 1.6582, 0.523 2.5984 1.6588, 0.4962 2.5984 1.6552, 0.4708 2.5984 1.6457, 0.4627 2.5984 1.6413, 0.4451 2.5984 1.6772, 0.4193 2.5984 1.7075, 0.3887 2.5984 1.7296, 0.3514 2.5984 1.7444, 0.3094 2.5984 1.7495, 0.151 2.5984 1.606, 0.1514 2.5984 1.608, 0.1578 2.5984 1.6378, 0.1751 2.5984 1.6746, 0.2006 2.5984 1.7055, 0.2034 2.5984 1.7081, 0.2352 2.5984 1.7305, 0.2708 2.5984 1.7444, 0.1419 2.5984 1.606, 0.1203 2.5984 1.6031, 0.1004 2.5984 1.5953, 0.0829 2.5984 1.5829, 0.0699 2.5984 1.5682, 0.0667 2.5984 1.5622, 0.0594 2.5984 1.5485, 0.0542 2.5984 1.5266, 0.0537 2.5984 1.5165, 0.0566 2.5984 1.4944, 0.0646 2.5984 1.4741, 0.0773 2.5984 1.4565, 0.0788 2.5984 1.4549, 0.0957 2.5984 1.4413, 0.1158 2.5984 1.4321, 0.1363 2.5984 1.4283, 0.1876 2.5984 1.4287, 0.1899 2.5984 1.429, 0.1933 2.5984 1.4298, 0.1944 2.5984 1.4298, 0.2032 2.5984 1.4288, 0.2111 2.5984 1.4257, 0.2181 2.5984 1.4208, 0.2228 2.5984 1.4157, 0.2273 2.5984 1.4079, 0.2296 2.5984 1.3993, 0.2299 2.5984 1.3948, 0.2289 2.5984 1.3863, 0.226 2.5984 1.3786, 0.2211 2.5984 1.3714, 0.2184 2.5984 1.3687, 0.2111 2.5984 1.3634, 0.2036 2.5984 1.3604, 0.1972 2.5984 1.3593, 0.13 2.5984 1.3588, 0.092 2.5984 1.3665, 0.0572 2.5984 1.3833, 0.026 2.5984 1.4093, 0.0032 2.5984 1.4406, -0.0114 2.5984 1.4766, 0.4642 2.5984 1.4431, 0.4547 2.5984 1.4421, 0.4441 2.5984 1.4382, 0.435 2.5984 1.4319, 0.4277 2.5984 1.4237, 0.4229 2.5984 1.4143, 0.4203 2.5984 1.4037, 0.4204 2.5984 1.3933, 0.4232 2.5984 1.3824, 0.4286 2.5984 1.3727, 0.4348 2.5984 1.3657, 0.4435 2.5984 1.3596, 0.4534 2.5984 1.3557, 0.4648 2.5984 1.3543, 0.4667 2.5984 1.3544, 0.4769 2.5984 1.3561, 0.4872 2.5984 1.3606, 0.4959 2.5984 1.3674, 0.5023 2.5984 1.3755, 0.5067 2.5984 1.3851, 0.5088 2.5984 1.3958, 0.5081 2.5984 1.4069, 0.5047 2.5984 1.4176, 0.4987 2.5984 1.427, 0.4942 2.5984 1.4317, 0.4853 2.5984 1.4379, 0.4753 2.5984 1.4418, 0.4753 2.5984 1.4418
            ]
        }
        coordIndex [
            0,1,2,-1,3,4,5,-1,6,7,3,-1,8,9,10,-1,11,12,13,-1,14,15,2,-1,2,15,16,-1,2,16,0,-1,10,9,17,-1,7,18,3,-1,3,18,19,-1,3,19,20,-1,21,22,23,-1,23,22,24,-1,23,24,25,-1,25,24,26,-1,25,26,27,-1,27,26,28,-1,27,28,29,-1,29,28,2,-1,29,2,30,-1,30,2,31,-1,32,33,21,-1,21,33,34,-1,21,34,22,-1,35,36,37,-1,37,36,38,-1,37,38,39,-1,39,38,40,-1,39,40,41,-1,41,40,42,-1,11,13,43,-1,43,13,44,-1,43,44,45,-1,45,44,46,-1,45,46,47,-1,9,48,17,-1,17,48,49,-1,17,49,50,-1,50,49,51,-1,50,51,11,-1,11,51,52,-1,11,52,12,-1,19,53,20,-1,20,53,54,-1,20,54,55,-1,55,54,56,-1,55,56,57,-1,58,59,60,-1,60,59,61,-1,60,61,62,-1,62,61,63,-1,62,63,64,-1,64,63,65,-1,64,65,66,-1,66,65,67,-1,66,67,68,-1,6,3,69,-1,69,3,5,-1,69,5,21,-1,21,5,70,-1,21,70,32,-1,40,71,42,-1,42,71,72,-1,42,72,73,-1,73,72,74,-1,73,74,75,-1,75,74,76,-1,75,76,77,-1,77,76,78,-1,77,78,79,-1,79,78,80,-1,79,80,81,-1,81,80,82,-1,81,82,58,-1,58,82,83,-1,58,83,59,-1,84,85,86,-1,86,85,87,-1,86,87,37,-1,37,87,88,-1,37,88,35,-1,89,90,91,-1,91,90,92,-1,91,92,93,-1,93,92,94,-1,93,94,95,-1,95,94,96,-1,95,96,97,-1,97,96,98,-1,97,98,14,-1,14,98,99,-1,14,99,15,-1,31,2,100,-1,100,2,1,-1,100,1,101,-1,47,46,102,-1,102,46,103,-1,102,103,104,-1,104,103,105,-1,104,105,106,-1,106,105,107,-1,106,107,108,-1,108,107,109,-1,108,109,84,-1,84,109,110,-1,84,110,85,-1,10,111,8,-1,8,111,112,-1,8,112,113,-1,113,112,114,-1,113,114,115,-1,115,114,116,-1,115,116,89,-1,89,116,117,-1,89,117,90,-1,57,56,118,-1,118,56,119,-1,118,119,120,-1,120,119,121,-1,120,121,122,-1,122,121,123,-1,122,123,124,-1,124,123,125,-1,124,125,126,-1,126,125,127,-1,126,127,128,-1,128,127,129,-1,128,129,130,-1,130,129,131,-1,130,131,132,-1,132,131,133,-1,132,133,134,-1,134,133,135,-1,134,135,1,-1,1,135,136,-1,1,136,101,-1,137,138,139,-1,67,140,68,-1,68,140,137,-1,68,137,141,-1,141,137,139,-1,142,143,137,-1,137,143,144,-1,137,144,138,-1,145,146,147,-1,146,148,147,-1,147,148,149,-1,147,149,150,-1,142,137,147,-1,147,137,151,-1,147,151,145,-1,77,152,153,-1,154,42,73,-1,77,153,75,-1,75,153,155,-1,75,155,73,-1,73,155,156,-1,73,156,154,-1,154,157,42,-1,42,157,158,-1,42,158,41,-1,41,158,159,-1,41,159,39,-1,39,159,160,-1,39,160,37,-1,37,160,161,-1,37,161,86,-1,86,161,162,-1,86,162,84,-1,84,162,163,-1,84,163,108,-1,163,164,108,-1,108,164,165,-1,108,165,106,-1,106,165,166,-1,106,166,104,-1,104,166,167,-1,104,167,102,-1,102,167,168,-1,102,168,47,-1,47,168,169,-1,47,169,45,-1,170,11,43,-1,45,169,171,-1,45,171,43,-1,43,171,172,-1,43,172,170,-1,11,170,173,-1,11,173,50,-1,50,173,174,-1,50,174,17,-1,17,174,175,-1,17,175,10,-1,10,175,176,-1,10,176,111,-1,111,176,177,-1,111,177,112,-1,112,177,178,-1,112,178,114,-1,179,92,90,-1,114,178,180,-1,114,180,116,-1,116,180,181,-1,116,181,117,-1,181,182,117,-1,117,182,183,-1,117,183,90,-1,90,183,184,-1,90,184,179,-1,92,179,185,-1,92,185,94,-1,94,185,186,-1,94,186,96,-1,96,186,187,-1,96,187,98,-1,98,187,188,-1,98,188,99,-1,99,188,189,-1,99,189,15,-1,15,189,190,-1,15,190,16,-1,16,190,191,-1,192,1,0,-1,16,191,0,-1,0,191,193,-1,0,193,192,-1,192,194,1,-1,1,194,195,-1,1,195,134,-1,134,195,196,-1,134,196,132,-1,132,196,197,-1,132,197,130,-1,130,197,198,-1,130,198,128,-1,128,198,199,-1,200,118,120,-1,128,199,126,-1,126,199,201,-1,126,201,124,-1,124,201,202,-1,124,202,122,-1,122,202,203,-1,122,203,120,-1,120,203,204,-1,120,204,200,-1,200,205,118,-1,118,205,206,-1,118,206,57,-1,57,206,207,-1,57,207,55,-1,20,55,208,-1,208,55,207,-1,3,20,209,-1,209,20,208,-1,4,3,210,-1,210,3,209,-1,5,4,211,-1,211,4,210,-1,5,211,212,-1,5,212,70,-1,70,212,213,-1,70,213,32,-1,32,213,214,-1,32,214,33,-1,33,214,215,-1,33,215,34,-1,34,215,216,-1,34,216,22,-1,22,216,217,-1,22,217,24,-1,24,217,218,-1,24,218,26,-1,26,218,219,-1,26,219,28,-1,28,219,220,-1,28,220,2,-1,2,220,221,-1,2,221,14,-1,14,221,222,-1,14,222,97,-1,97,222,223,-1,97,223,95,-1,95,223,224,-1,95,224,93,-1,93,224,225,-1,93,225,91,-1,89,91,226,-1,226,91,225,-1,226,227,89,-1,89,227,228,-1,89,228,115,-1,115,228,229,-1,115,229,113,-1,229,230,113,-1,113,230,231,-1,113,231,8,-1,8,231,232,-1,8,232,9,-1,9,232,233,-1,9,233,48,-1,48,233,234,-1,48,234,49,-1,49,234,235,-1,49,235,51,-1,51,235,236,-1,51,236,52,-1,52,236,237,-1,52,237,12,-1,12,237,238,-1,12,238,13,-1,13,238,239,-1,13,239,44,-1,44,239,240,-1,44,240,46,-1,46,240,241,-1,46,241,103,-1,103,241,242,-1,103,242,105,-1,243,35,244,-1,244,35,88,-1,244,88,245,-1,245,88,87,-1,245,87,246,-1,246,87,85,-1,246,85,247,-1,247,85,110,-1,247,110,248,-1,248,110,109,-1,248,109,249,-1,249,109,107,-1,249,107,250,-1,250,107,105,-1,250,105,242,-1,36,35,251,-1,251,35,243,-1,36,251,252,-1,36,252,38,-1,38,252,253,-1,38,253,40,-1,40,253,254,-1,40,254,71,-1,71,254,255,-1,71,255,72,-1,72,255,256,-1,72,256,74,-1,256,257,74,-1,74,257,258,-1,74,258,76,-1,76,258,259,-1,76,259,78,-1,78,259,260,-1,78,260,80,-1,80,260,261,-1,80,261,82,-1,82,261,262,-1,82,262,83,-1,83,262,263,-1,83,263,59,-1,59,263,264,-1,59,264,61,-1,61,264,265,-1,61,265,63,-1,63,265,266,-1,63,266,65,-1,67,65,267,-1,267,65,266,-1,67,267,268,-1,67,268,140,-1,140,268,269,-1,140,269,137,-1,137,269,270,-1,137,270,151,-1,151,270,271,-1,151,271,145,-1,145,271,272,-1,145,272,146,-1,146,272,273,-1,146,273,148,-1,148,273,274,-1,148,274,149,-1,149,274,275,-1,149,275,150,-1,150,275,276,-1,150,276,147,-1,147,276,277,-1,147,277,142,-1,142,277,278,-1,142,278,143,-1,143,278,279,-1,143,279,144,-1,144,279,280,-1,144,280,138,-1,138,280,281,-1,138,281,139,-1,139,281,282,-1,139,282,141,-1,141,282,283,-1,141,283,68,-1,68,283,284,-1,68,284,66,-1,64,66,285,-1,285,66,284,-1,64,285,286,-1,64,286,62,-1,62,286,287,-1,62,287,60,-1,60,287,288,-1,60,288,58,-1,58,288,289,-1,58,289,81,-1,81,289,290,-1,81,290,79,-1,79,290,152,-1,79,152,77,-1,69,291,292,-1,69,292,6,-1,6,292,293,-1,6,293,7,-1,7,293,294,-1,7,294,18,-1,18,294,295,-1,18,295,19,-1,19,295,296,-1,19,296,53,-1,53,296,297,-1,53,297,54,-1,54,297,298,-1,54,298,56,-1,56,298,299,-1,56,299,119,-1,119,299,300,-1,119,300,121,-1,121,300,301,-1,121,301,123,-1,123,301,302,-1,123,302,125,-1,125,302,303,-1,125,303,127,-1,127,303,304,-1,127,304,129,-1,129,304,305,-1,129,305,131,-1,131,305,306,-1,131,306,133,-1,133,306,307,-1,133,307,135,-1,135,307,308,-1,135,308,136,-1,136,308,309,-1,136,309,101,-1,101,309,310,-1,101,310,100,-1,100,310,311,-1,100,311,31,-1,31,311,312,-1,31,312,30,-1,30,312,313,-1,30,313,29,-1,29,313,314,-1,29,314,27,-1,27,314,315,-1,27,315,25,-1,25,315,316,-1,25,316,23,-1,23,316,317,-1,23,317,21,-1,21,317,291,-1,21,291,69,-1,
        ]
    }
}
Shape{
    appearance Appearance {
        material  Material 	{
            diffuseColor 0.2235294117647059 0.2235294117647059 0.2235294117647059
            specularColor 0.11372549019607843 0.11372549019607843 0.11372549019607843
            ambientIntensity 0.2
            transparency 0
            shininess 0.5
        }
    }
    geometry IndexedFaceSet {
        ccw TRUE
        solid FALSE
        coord DEF co Coordinate {
            point [
                0.4667 2.5984 1.3544, 0.4942 2.5984 1.4317, 0.4987 2.5984 1.427, 0.4534 2.5984 1.3557, 0.4435 2.5984 1.3596, 0.4547 2.5984 1.4421, 0.4642 2.5984 1.4431, 0.4753 2.5984 1.4418, 0.4853 2.5984 1.4379, 0.5067 2.5984 1.3851, 0.5023 2.5984 1.3755, 0.4959 2.5984 1.3674, 0.4648 2.5984 1.3543, 0.5047 2.5984 1.4176, 0.5081 2.5984 1.4069, 0.5088 2.5984 1.3958, 0.4872 2.5984 1.3606, 0.4769 2.5984 1.3561, 0.4348 2.5984 1.3657, 0.4286 2.5984 1.3727, 0.4232 2.5984 1.3824, 0.4204 2.5984 1.3933, 0.4203 2.5984 1.4037, 0.4229 2.5984 1.4143, 0.4277 2.5984 1.4237, 0.435 2.5984 1.4319, 0.4441 2.5984 1.4382, 0.4441 2.5984 1.4382
            ]
        }
        coordIndex [
            0,1,2,-1,3,4,5,-1,6,7,0,-1,0,7,8,-1,0,8,1,-1,9,10,2,-1,2,10,11,-1,6,0,5,-1,5,0,12,-1,5,12,3,-1,13,14,2,-1,2,14,15,-1,2,15,9,-1,11,16,2,-1,2,16,17,-1,2,17,0,-1,4,18,5,-1,5,18,19,-1,5,19,20,-1,20,21,5,-1,5,21,22,-1,5,22,23,-1,23,24,5,-1,5,24,25,-1,5,25,26,-1,
        ]
    }
}