#VRML V2.0 utf8
# 3D model generated by easyeda2kicad.py (https://github.com/uPesy/easyeda2kicad.py)

Shape{
    appearance Appearance {
        material  Material 	{
            diffuseColor 0.803921568627451 0.5843137254901961 0.19215686274509805
            specularColor 0.7529411764705882 0.7529411764705882 0.7529411764705882
            ambientIntensity 0.2
            transparency 0
            shininess 0.5
        }
    }
    geometry IndexedFaceSet {
        ccw TRUE
        solid FALSE
        coord DEF co Coordinate {
            point [
                -1.2992 -1.0077 0.7001, -1.3098 -1.028 0.7338, -1.3098 -1.0939 0.6842, -1.3386 -1.1149 0.3898, -1.378 -1.1043 0.3898, -1.378 -1.0983 0.4478, -1.3386 -1.2422 0.4777, -1.3098 -1.214 0.4718, -1.3098 -1.1889 0.5504, -1.3386 -1.2513 0.3898, -1.3098 -1.2224 0.3898, -1.2992 -1.0671 0.6554, -1.378 -1.0137 0.5975, -1.3386 -1.0606 0.56, -1.378 -1.0518 0.5541, -1.378 -1.2618 0.3898, -1.3386 -1.0208 0.6054, -1.3098 -1.0404 0.6265, -1.3098 -1.0841 0.5766, -1.378 -1.0805 0.5034, -1.3386 -1.0903 0.5074, -1.3386 -1.1087 0.4498, -1.3098 -0.9874 0.6663, -1.3386 -0.9725 0.6417, -1.378 -0.9671 0.6326, -1.378 -1.1207 0.7131, -1.3386 -1.0428 0.7585, -1.378 -1.0483 0.7675, -1.3386 -1.1135 0.7054, -1.3386 -1.2153 0.5619, -1.3386 -1.1718 0.6389, -1.378 -1.225 0.5662, -1.2992 -1.1162 0.5994, -1.2992 -1.1528 0.5347, -1.378 -1.1804 0.645, -1.378 -1.2525 0.4799, -1.3098 -1.1483 0.6222, -1.3098 -1.1167 0.5189, -1.3098 -1.1369 0.4557, -1.2992 -1.1754 0.4638, -1.2992 -1.1831 0.3898, -1.3098 -1.1437 0.3898, -1.2992 1.7409 2.3547, -1.3098 1.7206 2.3885, -1.3386 1.7057 2.4132, -1.378 1.7003 2.4222, -1.3098 1.7612 2.321, -1.3386 1.7761 2.2963, -1.378 1.7815 2.2873, -1.3098 1.7845 2.4195, -1.3098 1.8529 2.4385, -1.3386 1.7743 2.4464, -1.3386 1.8723 2.3327, -1.3386 1.8225 2.3189, -1.378 1.8739 2.3222, -1.3098 1.9237 2.4449, -1.2992 1.9237 2.4055, -1.2992 1.86 2.3997, -1.3098 1.8123 2.3458, -1.3386 1.9237 2.3373, -1.3098 1.9237 2.3661, -1.3098 1.8671 2.361, -1.378 1.8265 2.3091, -1.378 1.9237 2.3268, -1.3386 1.8478 2.4668, -1.378 1.9237 2.4843, -1.378 1.8459 2.4772, -1.3386 1.9237 2.4737, -1.378 1.7706 2.4563, -1.2992 1.7984 2.3826, -1.2992 2.2933 2.4055, -1.3098 2.2933 2.4449, -1.3386 2.2933 2.4737, -1.378 2.2933 2.4843, -1.3098 2.2933 2.3661, -1.3386 2.2933 2.3373, -1.378 2.2933 2.3268, -1.378 2.2933 2.3268
            ]
        }
        coordIndex [
            0,1,2,-1,3,4,5,-1,6,7,8,-1,7,9,10,-1,2,11,0,-1,12,13,14,-1,15,9,6,-1,16,17,18,-1,19,20,21,-1,11,17,22,-1,5,19,21,-1,11,22,0,-1,22,17,23,-1,16,24,23,-1,25,26,27,-1,28,2,1,-1,29,30,31,-1,32,33,18,-1,28,26,25,-1,1,26,28,-1,25,34,28,-1,29,31,35,-1,34,30,28,-1,17,11,32,-1,30,36,2,-1,32,18,17,-1,32,11,36,-1,16,13,12,-1,24,16,12,-1,23,17,16,-1,28,30,2,-1,34,31,30,-1,37,13,18,-1,2,36,11,-1,29,8,36,-1,38,20,37,-1,33,32,8,-1,16,18,13,-1,18,33,37,-1,14,13,20,-1,30,29,36,-1,15,6,35,-1,7,39,33,-1,36,8,32,-1,7,33,8,-1,39,38,37,-1,39,37,33,-1,21,3,5,-1,14,20,19,-1,13,37,20,-1,29,35,6,-1,8,29,6,-1,39,10,40,-1,9,7,6,-1,38,40,41,-1,10,39,7,-1,21,41,3,-1,40,38,39,-1,41,21,38,-1,20,38,21,-1,0,42,43,-1,44,1,43,-1,0,43,1,-1,44,45,26,-1,26,1,44,-1,45,27,26,-1,22,42,0,-1,22,23,46,-1,46,42,22,-1,47,23,24,-1,23,47,46,-1,47,24,48,-1,49,50,51,-1,52,53,54,-1,55,50,56,-1,50,57,56,-1,45,44,51,-1,52,58,53,-1,59,60,61,-1,61,58,52,-1,62,47,48,-1,60,57,61,-1,52,63,59,-1,57,60,56,-1,64,50,55,-1,65,66,67,-1,67,64,55,-1,64,67,66,-1,66,68,64,-1,51,68,45,-1,49,44,43,-1,49,69,57,-1,49,57,50,-1,69,58,61,-1,69,61,57,-1,62,54,53,-1,63,52,54,-1,59,61,52,-1,64,68,51,-1,50,64,51,-1,69,43,42,-1,44,49,51,-1,58,42,46,-1,43,69,49,-1,53,46,47,-1,42,58,69,-1,46,53,58,-1,47,62,53,-1,56,70,71,-1,72,55,71,-1,56,71,55,-1,72,73,67,-1,67,55,72,-1,73,65,67,-1,60,70,56,-1,60,59,74,-1,74,70,60,-1,75,59,63,-1,59,75,74,-1,75,63,76,-1,
        ]
    }
}
Shape{
    appearance Appearance {
        material  Material 	{
            diffuseColor 0.2549019607843137 0.2549019607843137 0.2549019607843137
            specularColor 0.7529411764705882 0.7529411764705882 0.7529411764705882
            ambientIntensity 0.2
            transparency 0
            shininess 0.5
        }
    }
    geometry IndexedFaceSet {
        ccw TRUE
        solid FALSE
        coord DEF co Coordinate {
            point [
                1.6535 2.2933 2.5811, 2.4134 2.2933 1.6831, 2.4134 2.2933 2.8642, 1.7047 2.2933 3.6811, 1.4961 2.2933 2.5811, -1.7047 2.2933 3.6811, -1.1024 2.2933 2.5811, -0.8661 2.2933 2.5811, 1.6535 2.2933 0.7087, 2.4134 2.2933 0.7087, 2.6496 2.2933 2.8642, 2.6496 2.2933 1.6831, 2.4134 2.2933 3.6811, 0.315 2.2933 2.5811, 0.4724 2.2933 2.5811, 1.4685 2.2933 3.8386, 1.7047 2.2933 3.8386, 1.4685 2.2933 4.1142, -1.4685 2.2933 4.1142, -1.4685 2.2933 3.8386, -1.7047 2.2933 3.8386, -1.6535 2.2933 2.5811, -1.4961 2.2933 2.5811, -2.4134 2.2933 3.6811, -2.4134 2.2933 2.8642, -2.6496 2.2933 2.8642, -2.6496 2.2933 1.6831, -2.4134 2.2933 1.6831, -1.3098 2.2933 2.3661, -1.3386 2.2933 2.3373, -1.2598 2.2933 0.315, -2.4134 2.2933 0.7087, -1.6535 2.2933 0.7087, -1.2598 2.2933 2.5811, -1.2992 2.2933 2.4055, -0.9161 2.2933 2.3661, -0.8661 2.2933 0.315, -0.9055 2.2933 2.4055, -0.7087 2.2933 2.5811, -0.9449 2.2933 2.3373, -0.5224 2.2933 2.3661, -0.4724 2.2933 0.315, -0.5118 2.2933 2.4055, -0.4724 2.2933 2.5811, -0.315 2.2933 2.5811, -0.5512 2.2933 2.3373, -0.1287 2.2933 2.3661, -0.0787 2.2933 0.315, -0.1181 2.2933 2.4055, -0.0787 2.2933 2.5811, 0.0787 2.2933 2.5811, -0.1575 2.2933 2.3373, 0.265 2.2933 2.3661, 0.315 2.2933 0.315, 0.2756 2.2933 2.4055, 0.2362 2.2933 2.3373, 0.6587 2.2933 2.3661, 0.7087 2.2933 0.315, 0.6693 2.2933 2.4055, 0.7087 2.2933 2.5811, 0.8661 2.2933 2.5811, 0.6299 2.2933 2.3373, 1.0524 2.2933 2.3661, 1.1024 2.2933 0.315, 1.063 2.2933 2.4055, 1.1024 2.2933 2.5811, 1.0236 2.2933 2.3373, 1.4173 2.2933 2.3373, 1.4961 2.2933 0.315, 1.4461 2.2933 2.3661, 1.2598 2.2933 2.5811, 1.4567 2.2933 2.4055, 1.4173 2.2933 2.4737, 1.378 2.2933 2.4843, 1.4461 2.2933 2.4449, 1.2598 2.2933 0.315, 1.378 2.2933 2.3268, 1.3098 2.2933 2.3661, 1.3386 2.2933 2.3373, 1.2992 2.2933 2.4055, 1.3386 2.2933 2.4737, 1.3098 2.2933 2.4449, 1.0236 2.2933 2.4737, 0.9843 2.2933 2.4843, 1.0524 2.2933 2.4449, 0.8661 2.2933 0.315, 0.9843 2.2933 2.3268, 0.9161 2.2933 2.3661, 0.9449 2.2933 2.3373, 0.9055 2.2933 2.4055, 0.9449 2.2933 2.4737, 0.9161 2.2933 2.4449, 0.6299 2.2933 2.4737, 0.5906 2.2933 2.4843, 0.6587 2.2933 2.4449, 0.4724 2.2933 0.315, 0.5906 2.2933 2.3268, 0.5224 2.2933 2.3661, 0.5512 2.2933 2.3373, 0.5118 2.2933 2.4055, 0.5512 2.2933 2.4737, 0.5224 2.2933 2.4449, 0.2362 2.2933 2.4737, 0.1969 2.2933 2.4843, 0.265 2.2933 2.4449, 0.0787 2.2933 0.315, 0.1969 2.2933 2.3268, 0.1287 2.2933 2.3661, 0.1575 2.2933 2.3373, 0.1181 2.2933 2.4055, 0.1575 2.2933 2.4737, 0.1287 2.2933 2.4449, -0.1575 2.2933 2.4737, -0.1969 2.2933 2.4843, -0.1287 2.2933 2.4449, -0.315 2.2933 0.315, -0.1969 2.2933 2.3268, -0.265 2.2933 2.3661, -0.2362 2.2933 2.3373, -0.2756 2.2933 2.4055, -0.2362 2.2933 2.4737, -0.265 2.2933 2.4449, -0.5512 2.2933 2.4737, -0.5906 2.2933 2.4843, -0.5224 2.2933 2.4449, -0.7087 2.2933 0.315, -0.5906 2.2933 2.3268, -0.6587 2.2933 2.3661, -0.6299 2.2933 2.3373, -0.6693 2.2933 2.4055, -0.6299 2.2933 2.4737, -0.6587 2.2933 2.4449, -0.9449 2.2933 2.4737, -0.9843 2.2933 2.4843, -0.9161 2.2933 2.4449, -1.1024 2.2933 0.315, -0.9843 2.2933 2.3268, -1.0524 2.2933 2.3661, -1.0236 2.2933 2.3373, -1.063 2.2933 2.4055, -1.0236 2.2933 2.4737, -1.0524 2.2933 2.4449, -1.3386 2.2933 2.4737, -1.378 2.2933 2.4843, -1.3098 2.2933 2.4449, -1.4961 2.2933 0.315, -1.378 2.2933 2.3268, -1.4461 2.2933 2.3661, -1.4173 2.2933 2.3373, -1.4567 2.2933 2.4055, -1.4173 2.2933 2.4737, -1.4461 2.2933 2.4449, 1.4961 2.1752 2.5811, 1.4961 2.1039 2.5717, 1.4961 2.0374 2.5441, 1.4961 1.8996 0.315, 1.4961 1.8996 2.3055, 1.4961 1.9365 2.4433, 1.4961 1.9803 2.5004, 1.4961 1.909 2.3768, 1.6535 1.9803 2.5004, 1.6535 1.9365 2.4433, 1.6535 1.909 2.3768, 1.6535 1.8996 2.3055, 1.6535 2.0374 2.5441, 1.6535 2.1039 2.5717, 1.6535 2.1752 2.5811, 1.6535 1.8996 0.7087, -1.6535 1.8996 0.7087, -1.5748 -2.9035 0.7087, -2.4134 -2.9035 0.7087, -1.5748 1.8996 0.7087, 2.4134 -2.9035 0.7087, 1.5748 1.8996 0.7087, 1.5748 -2.9035 0.7087, -1.4961 1.8996 0.315, -1.4961 1.8996 2.3055, -1.6535 1.8996 2.3055, -1.5748 1.8996 0.315, -1.6535 1.9803 2.5004, -1.6535 1.9365 2.4433, -1.4961 1.9803 2.5004, -1.4961 1.9365 2.4433, -1.6535 1.909 2.3768, -1.4961 1.909 2.3768, -1.4961 2.0374 2.5441, -1.4961 2.1039 2.5717, -1.6535 2.0374 2.5441, -1.6535 2.1039 2.5717, -1.4961 2.1752 2.5811, -1.6535 2.1752 2.5811, -1.3098 -1.1437 0.315, -1.2992 -1.1831 0.315, -1.2598 -1.4469 0.315, -1.3098 -1.2224 0.315, -1.3386 -1.2513 0.315, -1.5748 -3.0217 0.315, -1.1024 -1.4469 0.315, -1.378 -1.1043 0.315, -1.4173 -1.1149 0.315, -0.8661 -1.4469 0.315, -0.9843 -1.1043 0.315, -0.7087 -1.4469 0.315, -0.9843 -1.2618 0.315, -1.0236 -1.2513 0.315, -0.4724 -1.4469 0.315, -0.5906 -1.1043 0.315, -0.315 -1.4469 0.315, -0.5906 -1.2618 0.315, -0.6299 -1.2513 0.315, -0.0787 -1.4469 0.315, -0.1969 -1.1043 0.315, 0.0787 -1.4469 0.315, -0.1969 -1.2618 0.315, -0.2362 -1.2513 0.315, 1.5748 -3.0217 0.315, 0.1969 -1.1043 0.315, 0.315 -1.4469 0.315, 0.1969 -1.2618 0.315, 0.1575 -1.2513 0.315, 0.4724 -1.4469 0.315, 0.5906 -1.1043 0.315, 0.7087 -1.4469 0.315, 0.5906 -1.2618 0.315, 0.5512 -1.2513 0.315, 0.8661 -1.4469 0.315, 0.9843 -1.1043 0.315, 1.1024 -1.4469 0.315, 0.9843 -1.2618 0.315, 0.9449 -1.2513 0.315, 1.2598 -1.4469 0.315, 1.378 -1.1043 0.315, 1.5748 1.8996 0.315, 1.3386 -1.1149 0.315, 1.4173 -1.2513 0.315, 1.3386 -1.2513 0.315, 1.3098 -1.2224 0.315, 1.3098 -1.1437 0.315, 1.2992 -1.1831 0.315, 1.378 -1.2618 0.315, 1.4567 -1.1831 0.315, 1.4461 -1.1437 0.315, 1.4461 -1.2224 0.315, 1.4173 -1.1149 0.315, 1.0524 -1.2224 0.315, 1.0236 -1.2513 0.315, 0.9161 -1.1437 0.315, 0.9449 -1.1149 0.315, 0.9055 -1.1831 0.315, 0.9161 -1.2224 0.315, 1.063 -1.1831 0.315, 1.0236 -1.1149 0.315, 1.0524 -1.1437 0.315, 0.6587 -1.2224 0.315, 0.6299 -1.2513 0.315, 0.5224 -1.1437 0.315, 0.5512 -1.1149 0.315, 0.5118 -1.1831 0.315, 0.5224 -1.2224 0.315, 0.6693 -1.1831 0.315, 0.6299 -1.1149 0.315, 0.6587 -1.1437 0.315, 0.265 -1.2224 0.315, 0.2362 -1.2513 0.315, 0.1287 -1.1437 0.315, 0.1575 -1.1149 0.315, 0.1181 -1.1831 0.315, 0.1287 -1.2224 0.315, 0.2756 -1.1831 0.315, 0.2362 -1.1149 0.315, 0.265 -1.1437 0.315, -0.1287 -1.2224 0.315, -0.1575 -1.2513 0.315, -0.265 -1.1437 0.315, -0.2362 -1.1149 0.315, -0.2756 -1.1831 0.315, -0.265 -1.2224 0.315, -0.1181 -1.1831 0.315, -0.1575 -1.1149 0.315, -0.1287 -1.1437 0.315, -0.5224 -1.2224 0.315, -0.5512 -1.2513 0.315, -0.6587 -1.1437 0.315, -0.6299 -1.1149 0.315, -0.6693 -1.1831 0.315, -0.6587 -1.2224 0.315, -0.5118 -1.1831 0.315, -0.5512 -1.1149 0.315, -0.5224 -1.1437 0.315, -0.9161 -1.2224 0.315, -0.9449 -1.2513 0.315, -1.0524 -1.1437 0.315, -1.0236 -1.1149 0.315, -1.063 -1.1831 0.315, -1.0524 -1.2224 0.315, -0.9055 -1.1831 0.315, -0.9449 -1.1149 0.315, -0.9161 -1.1437 0.315, -1.4173 -1.2513 0.315, -1.4461 -1.1437 0.315, -1.4567 -1.1831 0.315, -1.4461 -1.2224 0.315, -1.378 -1.2618 0.315, -1.3386 -1.1149 0.315, 1.5748 -3.0217 0.5906, 2.5315 -3.0217 0.5906, 2.5315 -3.0217 1.6831, 2.4134 -2.9035 1.6831, 2.6496 -3.0217 1.6831, 2.4134 0.9941 3.6811, 2.4134 -2.9035 2.8642, 2.4134 -2.9035 3.8386, 2.4134 0.9941 3.8386, 2.5315 -3.0217 2.8642, 2.5315 -3.0217 3.9567, 2.6496 -3.0217 2.8642, -1.5748 -3.0217 0.5906, -2.5315 -3.0217 0.5906, 1.7008 -3.0217 4.8622, 1.1142 -3.0217 4.5079, 1.7008 -3.0217 4.5079, -3.122 -3.0217 5.0984, -1.7008 -3.0217 4.8622, -1.1142 -3.0217 5.0357, -1.1142 -3.0217 4.5079, 3.122 -3.0217 5.0984, 2.8898 -3.0217 4.8622, 2.8898 -3.0217 4.0748, 3.122 -3.0217 0.0, 1.7047 -3.0217 4.0748, 1.7047 -3.0217 3.9567, -3.122 -3.0217 0.0, -2.8898 -3.0217 4.0748, -2.6496 -3.0217 2.8642, -2.5315 -3.0217 1.6831, -2.6496 -3.0217 1.6831, -2.5315 -3.0217 2.8642, -2.5315 -3.0217 3.9567, -1.7047 -3.0217 3.9567, -1.7047 -3.0217 4.0748, -2.8898 -3.0217 4.8622, 1.1142 -3.0217 5.0357, -1.7008 -3.0217 4.5079, -3.0039 1.565 0.0, -2.6313 -0.6184 0.0, -3.122 1.4469 0.0, -2.8189 3.0217 0.0, -2.8189 2.4626 0.0, -3.0039 3.0217 0.0, -2.25 3.0217 0.0, -2.5827 2.4626 0.0, -2.5827 3.0217 0.0, 2.3819 -1.5906 0.0, 0.998 -1.1378 0.0, 1.1555 -0.6654 0.0, 2.4089 -0.4182 -0.0, 2.3891 -0.4379 -0.0, 1.5197 -0.1398 0.0, -2.6313 2.2293 0.0, -2.5722 2.2293 0.0, -3.0436 -0.855 0.0, -3.0818 -0.8845 -0.0, -3.1082 -0.9248 -0.0, -3.122 -0.9716 0.0, -2.4237 -1.6324 0.0, -2.5722 -2.072 0.0, -2.4949 -1.6324 0.0, -2.6698 -0.6556 0.0, -2.648 -0.6397 0.0, -2.6313 -1.4383 0.0, -2.6899 -1.377 0.0, -2.6557 -1.403 -0.0, 2.3819 -0.465 0.0, -2.25 1.25 0.0, -2.5722 -0.4109 0.0, -1.5157 0.561 0.0, -2.4089 -0.4182 -0.0, -2.4359 -0.4109 0.0, -0.9803 -1.1378 0.0, -0.9803 -0.7257 0.0, -0.6063 -0.977 0.0, 3.1087 -1.0989 0.0, 3.122 -1.0299 0.0, -2.3941 -1.6201 -0.0, 2.6313 -2.072 0.0, 2.6899 -1.377 0.0, 3.0169 -1.2025 0.0, -2.5662 -1.6321 0.0, -2.5722 -1.632 0.0, -3.122 -2.3577 0.0, -2.6313 -2.072 0.0, 2.3941 -1.6201 -0.0, 2.5722 -2.072 0.0, 0.4954 -2.2119 0.0, -3.122 -1.6938 0.0, -3.0721 -1.159 0.0, -3.0169 -1.2025 0.0, -3.122 -1.0299 0.0, -3.1087 -1.0989 0.0, 2.5722 -0.4109 0.0, 2.4359 -0.4109 0.0, 2.25 1.25 0.0, 3.0721 -1.159 0.0, 2.6313 -1.4383 0.0, 2.6698 -0.6556 0.0, 3.122 -0.1654 0.0, 3.0436 -0.855 0.0, 2.4237 -1.6324 0.0, 2.6557 -1.403 -0.0, 0.5256 -1.1378 0.0, 0.5748 -1.1277 0.0, -0.1437 -1.1378 0.0, 0.2106 -1.1378 0.0, 2.4949 -1.6324 0.0, 2.5662 -1.6321 0.0, 2.5722 -1.632 0.0, 1.0571 -0.786 0.0, 0.8602 -0.786 0.0, 0.8209 -0.6654 0.0, 1.2835 -0.1398 0.0, 0.4843 -0.1398 0.0, 0.2894 -0.6654 0.0, 0.2106 -0.6654 0.0, 3.1082 -0.9248 -0.0, 3.0818 -0.8845 -0.0, 1.5197 1.25 0.0, 3.122 -0.9716 0.0, 2.5722 2.2293 0.0, 2.6313 2.2293 0.0, 2.5827 2.4626 0.0, 2.8189 2.4626 0.0, 2.6313 -0.6184 0.0, 2.648 -0.6397 0.0, 3.122 0.6407 0.0, 3.0039 1.565 0.0, 3.122 1.4469 0.0, 3.0039 3.0217 0.0, 2.8189 3.0217 0.0, 2.25 3.0217 0.0, 2.5827 3.0217 0.0, 0.7618 -0.6654 0.0, 0.7205 -0.1398 0.0, 0.8819 0.561 0.0, 1.1181 0.561 0.0, 1.1181 1.25 0.0, 1.2835 1.25 0.0, 0.2894 -1.1378 0.0, 0.2106 -1.0775 0.0, 0.1713 -0.9468 0.0, 0.7205 1.25 0.0, 0.8819 1.25 0.0, 0.0827 0.561 0.0, 0.3189 0.561 0.0, -0.0787 -0.1398 0.0, 0.3189 1.25 0.0, 0.4843 1.25 0.0, 0.5748 -0.6754 0.0, -0.0787 1.25 0.0, 0.0827 1.25 0.0, -0.0846 -0.8865 0.0, -0.0846 -0.7257 0.0, 0.1713 -0.8865 0.0, -0.315 -0.1398 0.0, -0.7165 0.561 0.0, -0.4803 0.561 0.0, -0.878 -0.1398 0.0, -0.4803 1.25 0.0, -0.315 1.25 0.0, -2.3891 -0.4379 -0.0, -1.1142 -0.1398 0.0, -2.3819 -0.465 0.0, -0.878 1.25 0.0, -0.7165 1.25 0.0, -1.2795 0.561 0.0, -1.2795 1.25 0.0, -1.1142 1.25 0.0, -1.5157 1.25 0.0, 0.5256 -0.6654 0.0, -0.4954 -2.2119 0.0, 0.6831 -0.8262 0.0, 0.6732 -0.7759 0.0, 1.0965 -0.6654 0.0, 0.9193 -1.1378 0.0, -0.2815 -0.786 0.0, -0.3602 -0.7257 0.0, -0.3209 -0.7357 0.0, -0.0846 -0.9468 0.0, -0.0846 -1.0775 0.0, -0.1437 -0.6654 0.0, 0.6142 -0.6955 0.0, 0.6535 -0.7357 0.0, 0.6831 -0.977 0.0, 0.6732 -1.0272 0.0, 0.6535 -1.0674 0.0, 0.6142 -1.1076 0.0, 0.2106 -0.7257 0.0, -0.4488 -0.7257 0.0, -0.4954 -2.543 0.0, -0.4488 -1.0775 0.0, -0.4882 -1.0674 0.0, -0.5374 -1.0172 0.0, 0.4954 -2.543 0.0, -0.311 -1.1277 0.0, -0.3602 -1.1378 0.0, -0.2224 -0.786 0.0, -0.2224 -1.0172 0.0, -0.311 -0.6754 0.0, -0.3602 -0.6654 0.0, -0.2717 -0.6955 0.0, -0.685 -0.6654 0.0, -0.498 -0.6754 0.0, -0.5374 -0.6955 0.0, -0.5768 -0.7357 0.0, -0.685 -0.7257 0.0, -0.2913 -0.7558 0.0, -0.5374 -0.786 0.0, -0.5177 -0.7558 0.0, -0.4882 -0.7357 0.0, -0.5472 -0.8262 0.0, -0.2815 -1.0172 0.0, -0.5472 -0.977 0.0, -0.5177 -1.0473 0.0, -1.0394 -1.1378 0.0, -0.3602 -1.0775 0.0, -0.2717 -1.1076 0.0, -0.3209 -1.0674 0.0, -0.2323 -1.0674 0.0, -0.2913 -1.0473 0.0, -0.4488 -1.1378 0.0, -0.5374 -1.1076 0.0, -0.498 -1.1277 0.0, -0.5768 -1.0674 0.0, -0.5965 -1.0272 0.0, -0.6063 -0.8262 0.0, -0.5965 -0.7759 0.0, -1.0394 -0.6654 0.0, -0.4488 -0.6654 0.0, -0.2323 -0.7357 0.0, -2.3819 -1.5906 0.0, 0.624 -0.977 0.0, 0.6142 -1.0172 0.0, 0.5945 -1.0473 0.0, 0.624 -0.8262 0.0, 0.5256 -0.7257 0.0, 0.565 -0.7357 0.0, 0.565 -1.0674 0.0, 0.5945 -0.7558 0.0, 0.6142 -0.786 0.0, 0.5256 -1.0775 0.0, 0.3484 -1.0775 0.0, 0.3484 -0.7257 0.0, 0.8701 -0.8262 0.0, 1.0472 -0.8262 0.0, 0.9587 -1.0976 0.0, 0.4954 -2.543 -0.0394, -0.4954 -2.543 -0.0394, -0.4954 -2.3068 -0.1181, 0.4954 -2.3068 -0.1181, -0.4954 -2.2119 -0.1181, 0.4954 -2.2119 -0.1181, -1.5157 1.25 0.2362, -1.5157 0.561 0.2362, -1.2795 0.561 0.2362, -1.2795 1.25 0.2362, 1.1181 1.25 0.2362, 0.8819 1.25 0.2362, 1.2795 2.4311 0.2362, -1.4961 0.5807 0.2362, -1.2992 0.5807 0.2362, 1.2835 1.25 0.2362, 1.5197 1.25 0.2362, -1.9173 2.4626 0.2362, -2.25 1.25 0.2362, -2.25 3.0217 0.2362, -1.9173 3.0217 0.2362, -1.6811 2.4626 0.2362, -1.2795 2.4311 0.2362, -1.5551 3.0217 0.2362, -1.4173 2.9847 0.2362, -1.3602 2.9409 0.2362, -1.3164 2.8839 0.2362, -1.4838 3.0123 0.2362, -1.2889 2.8174 0.2362, -1.6811 3.0217 0.2362, -1.2795 2.7461 0.2362, 1.4173 2.9847 0.2362, 1.4838 3.0123 0.2362, 1.5551 3.0217 0.2362, 1.9173 2.4626 0.2362, 2.25 1.25 0.2362, 1.3602 2.9409 0.2362, 1.3164 2.8839 0.2362, 1.2889 2.8174 0.2362, 1.6811 3.0217 0.2362, 1.9173 3.0217 0.2362, 2.25 3.0217 0.2362, 1.2795 2.7461 0.2362, 1.6811 2.4626 0.2362, 1.5 -0.1201 0.2362, 1.2835 -0.1398 0.2362, 1.3031 -0.1201 0.2362, 1.5197 -0.1398 0.2362, 0.7008 -0.1201 0.2362, 0.7205 -0.1398 0.2362, 0.4843 -0.1398 0.2362, 0.7205 1.25 0.2362, 0.8819 0.561 0.2362, 0.9016 0.5807 0.2362, 1.0984 0.5807 0.2362, 1.1181 0.561 0.2362, 0.4843 1.25 0.2362, 0.3189 1.25 0.2362, 0.5039 -0.1201 0.2362, -0.0984 -0.1201 0.2362, -0.0787 -0.1398 0.2362, -0.315 -0.1398 0.2362, 0.0827 1.25 0.2362, -0.0787 1.25 0.2362, 0.0827 0.561 0.2362, 0.1024 0.5807 0.2362, 0.2992 0.5807 0.2362, 0.3189 0.561 0.2362, -0.315 1.25 0.2362, -0.2953 -0.1201 0.2362, -0.8976 -0.1201 0.2362, -0.878 -0.1398 0.2362, -1.1142 -0.1398 0.2362, -0.4803 1.25 0.2362, -0.7165 1.25 0.2362, -0.7165 0.561 0.2362, -0.6969 0.5807 0.2362, -0.5 0.5807 0.2362, -0.4803 0.561 0.2362, -0.878 1.25 0.2362, -1.1142 1.25 0.2362, -1.0945 -0.1201 0.2362, -1.2992 0.7776 0.2362, -1.4961 0.7776 0.2362, -0.8976 0.0768 0.2362, -1.0945 0.0768 0.2362, -0.5 0.7776 0.2362, -0.6969 0.7776 0.2362, -0.0984 0.0768 0.2362, -0.2953 0.0768 0.2362, 0.2992 0.7776 0.2362, 0.1024 0.7776 0.2362, 0.7008 0.0768 0.2362, 0.5039 0.0768 0.2362, 1.0984 0.7776 0.2362, 0.9016 0.7776 0.2362, 1.5 0.0768 0.2362, 1.3031 0.0768 0.2362, 2.5827 3.0217 1.5748, 1.4685 3.0217 4.1142, 2.8189 3.0217 1.5748, 3.0039 3.0217 5.0984, 1.9173 3.0217 1.5748, 1.5551 3.0217 1.7717, 1.6811 3.0217 1.5748, -1.4685 3.0217 4.7835, 1.4685 3.0217 4.7835, 0.5118 3.0217 2.6772, -1.5551 3.0217 1.7717, -1.6811 3.0217 1.5748, 0.5118 3.0217 1.7717, -0.5118 3.0217 2.6772, -1.4685 3.0217 4.1142, -1.9173 3.0217 1.5748, -2.5827 3.0217 1.5748, -0.5118 3.0217 1.7717, -2.8189 3.0217 1.5748, -3.0039 3.0217 5.0984, 1.4685 -2.2343 4.7835, 1.4685 -1.0531 4.3898, 1.4685 -2.2343 4.3898, 1.4685 -1.0531 3.8386, 0.9961 -2.9035 4.3898, 0.9961 -2.2343 4.3898, 1.7008 -1.0531 4.3898, 1.7008 -2.9035 4.3898, 1.7008 -1.0531 4.8622, 2.8898 -1.0531 4.8622, 2.8898 -1.0531 4.0748, 1.7047 -1.0531 4.0748, 1.7047 -1.0531 3.8386, 1.7047 -2.9035 3.8386, 1.7047 0.9941 3.8386, -2.4134 0.9941 3.8386, -1.7047 0.9941 3.6811, -1.7047 0.9941 3.8386, -2.4134 0.9941 3.6811, 1.7047 0.9941 3.6811, -1.7047 -1.0531 3.8386, -1.7047 -2.9035 3.8386, -2.4134 -2.9035 3.8386, -1.4685 -1.0531 3.8386, -1.7047 -1.0531 4.0748, -2.8898 -1.0531 4.0748, -2.8898 -1.0531 4.8622, -1.7008 -1.0531 4.8622, -1.7008 -1.0531 4.3898, -1.7008 -2.9035 4.3898, -0.9961 -2.9035 4.3898, -1.0217 -2.9292 4.9204, -0.9961 -2.9035 4.9147, -0.9961 -2.2343 4.3898, -0.9961 -2.313 4.7835, -0.9961 -2.2343 4.7835, 0.9961 -2.9035 4.9147, 1.0217 -2.9292 4.9204, 0.9961 -2.313 4.7835, 0.9961 -2.2343 4.7835, -1.4685 -2.2343 4.7835, -1.4685 -2.2343 4.3898, -1.4685 -1.0531 4.3898, 1.7244 -1.0531 4.6811, 1.7244 -1.0531 4.2559, 2.8542 -1.0531 4.1956, 2.82 -1.0531 4.1446, 1.7364 -1.0531 4.1956, 1.7364 -1.0531 4.7414, 1.8216 -1.0531 4.8266, 1.7705 -1.0531 4.7924, 1.8819 -1.0531 4.8386, 2.7087 -1.0531 4.8386, 2.82 -1.0531 4.7924, 2.7689 -1.0531 4.8266, 2.8542 -1.0531 4.7414, 2.8661 -1.0531 4.6811, 2.8661 -1.0531 4.2559, 2.7087 -1.0531 4.0984, 1.8819 -1.0531 4.0984, 2.7689 -1.0531 4.1104, 1.7705 -1.0531 4.1446, 1.8216 -1.0531 4.1104, -1.7244 -1.0531 4.2559, -1.7364 -1.0531 4.1956, -1.8819 -1.0531 4.0984, -2.7087 -1.0531 4.0984, -1.8819 -1.0531 4.8386, -2.82 -1.0531 4.1446, -2.7689 -1.0531 4.1104, -2.8542 -1.0531 4.1956, -2.8661 -1.0531 4.2559, -2.8661 -1.0531 4.6811, -2.82 -1.0531 4.7924, -2.8542 -1.0531 4.7414, -2.7087 -1.0531 4.8386, -2.7689 -1.0531 4.8266, -1.7705 -1.0531 4.7924, -1.8216 -1.0531 4.8266, -1.7244 -1.0531 4.6811, -1.7364 -1.0531 4.7414, -1.7705 -1.0531 4.1446, -1.8216 -1.0531 4.1104, -1.8216 -1.0531 4.1104
            ]
        }
        coordIndex [
            0,1,2,-1,0,3,4,-1,5,6,7,-1,8,1,0,-1,8,9,1,-1,10,2,11,-1,1,11,2,-1,3,0,2,-1,12,3,2,-1,13,14,15,-1,16,15,3,-1,15,17,18,-1,18,19,15,-1,19,20,5,-1,21,22,5,-1,5,23,24,-1,21,5,24,-1,25,26,27,-1,24,25,27,-1,27,21,24,-1,28,29,30,-1,27,31,32,-1,32,21,27,-1,6,5,33,-1,22,33,5,-1,34,28,30,-1,35,36,37,-1,7,19,5,-1,19,7,38,-1,35,39,36,-1,40,41,42,-1,19,38,43,-1,19,43,44,-1,40,45,41,-1,46,47,48,-1,19,44,49,-1,19,49,50,-1,46,51,47,-1,52,53,54,-1,15,19,50,-1,13,15,50,-1,52,55,53,-1,56,57,58,-1,14,59,15,-1,15,59,60,-1,56,61,57,-1,62,63,64,-1,3,15,60,-1,65,3,60,-1,62,66,63,-1,67,68,69,-1,70,3,65,-1,4,3,70,-1,68,71,69,-1,72,4,73,-1,4,70,73,-1,71,4,74,-1,4,72,74,-1,68,4,71,-1,75,68,76,-1,67,76,68,-1,77,75,78,-1,75,76,78,-1,70,75,79,-1,75,77,79,-1,80,70,81,-1,70,79,81,-1,73,70,80,-1,82,65,83,-1,65,60,83,-1,64,65,84,-1,65,82,84,-1,63,65,64,-1,85,63,86,-1,66,86,63,-1,87,85,88,-1,85,86,88,-1,60,85,89,-1,85,87,89,-1,90,60,91,-1,60,89,91,-1,83,60,90,-1,92,59,93,-1,59,14,93,-1,58,59,94,-1,59,92,94,-1,57,59,58,-1,95,57,96,-1,61,96,57,-1,97,95,98,-1,95,96,98,-1,14,95,99,-1,95,97,99,-1,100,14,101,-1,14,99,101,-1,93,14,100,-1,102,13,103,-1,13,50,103,-1,54,13,104,-1,13,102,104,-1,53,13,54,-1,105,53,106,-1,55,106,53,-1,107,105,108,-1,105,106,108,-1,50,105,109,-1,105,107,109,-1,110,50,111,-1,50,109,111,-1,103,50,110,-1,112,49,113,-1,49,44,113,-1,48,49,114,-1,49,112,114,-1,47,49,48,-1,115,47,116,-1,51,116,47,-1,117,115,118,-1,115,116,118,-1,44,115,119,-1,115,117,119,-1,120,44,121,-1,44,119,121,-1,113,44,120,-1,122,43,123,-1,43,38,123,-1,42,43,124,-1,43,122,124,-1,41,43,42,-1,125,41,126,-1,45,126,41,-1,127,125,128,-1,125,126,128,-1,38,125,129,-1,125,127,129,-1,130,38,131,-1,38,129,131,-1,123,38,130,-1,132,7,133,-1,7,6,133,-1,37,7,134,-1,7,132,134,-1,36,7,37,-1,135,36,136,-1,39,136,36,-1,137,135,138,-1,135,136,138,-1,6,135,139,-1,135,137,139,-1,140,6,141,-1,6,139,141,-1,133,6,140,-1,142,33,143,-1,33,22,143,-1,34,33,144,-1,33,142,144,-1,30,33,34,-1,145,30,146,-1,29,146,30,-1,147,145,148,-1,145,146,148,-1,22,145,149,-1,145,147,149,-1,150,22,151,-1,22,149,151,-1,143,22,150,-1,152,68,153,-1,152,4,68,-1,154,153,155,-1,68,155,153,-1,156,157,158,-1,155,158,154,-1,157,156,159,-1,156,158,155,-1,158,157,160,-1,161,157,159,-1,157,161,160,-1,156,162,159,-1,161,159,162,-1,163,162,156,-1,164,158,160,-1,164,165,154,-1,154,158,164,-1,153,165,166,-1,165,153,154,-1,153,166,152,-1,152,166,0,-1,0,4,152,-1,160,161,163,-1,167,160,163,-1,162,163,161,-1,167,164,160,-1,167,8,165,-1,165,164,167,-1,165,8,166,-1,8,0,166,-1,31,168,32,-1,169,168,170,-1,31,170,168,-1,168,169,171,-1,167,172,9,-1,167,173,174,-1,9,8,167,-1,172,167,174,-1,171,175,176,-1,171,177,168,-1,171,178,175,-1,176,177,171,-1,179,180,181,-1,182,180,183,-1,180,182,181,-1,177,184,183,-1,182,183,184,-1,176,184,177,-1,185,179,181,-1,185,186,187,-1,187,179,185,-1,188,186,189,-1,186,188,187,-1,188,189,190,-1,187,168,179,-1,21,32,190,-1,180,177,183,-1,177,180,179,-1,188,168,187,-1,168,177,179,-1,190,32,188,-1,188,32,168,-1,189,21,190,-1,21,189,22,-1,145,189,186,-1,175,145,186,-1,145,22,189,-1,175,185,181,-1,186,185,175,-1,182,176,181,-1,175,181,176,-1,176,182,184,-1,191,192,30,-1,193,194,195,-1,175,30,145,-1,196,197,193,-1,198,175,199,-1,197,196,200,-1,36,135,201,-1,200,196,202,-1,197,203,204,-1,202,196,205,-1,41,125,206,-1,205,196,207,-1,202,208,209,-1,207,196,210,-1,47,115,211,-1,210,196,212,-1,207,213,214,-1,196,215,212,-1,53,105,216,-1,215,217,212,-1,212,218,219,-1,215,220,217,-1,57,95,221,-1,215,222,220,-1,220,223,224,-1,215,225,222,-1,63,85,226,-1,215,227,225,-1,225,228,229,-1,215,230,227,-1,68,75,155,-1,155,231,232,-1,231,155,233,-1,230,215,234,-1,230,235,236,-1,75,237,155,-1,233,155,237,-1,230,238,75,-1,75,238,237,-1,230,236,238,-1,230,239,235,-1,239,230,234,-1,240,232,241,-1,240,242,215,-1,215,242,234,-1,232,240,215,-1,231,243,232,-1,232,243,241,-1,227,244,245,-1,246,247,85,-1,85,247,226,-1,225,248,85,-1,85,248,246,-1,225,229,249,-1,225,249,248,-1,225,227,228,-1,227,245,228,-1,63,250,227,-1,227,250,244,-1,251,252,63,-1,63,252,250,-1,226,251,63,-1,222,253,254,-1,255,256,95,-1,95,256,221,-1,220,257,95,-1,95,257,255,-1,220,224,258,-1,220,258,257,-1,220,222,223,-1,222,254,223,-1,57,259,222,-1,222,259,253,-1,260,261,57,-1,57,261,259,-1,221,260,57,-1,217,262,263,-1,264,265,105,-1,105,265,216,-1,212,266,105,-1,105,266,264,-1,212,219,267,-1,212,267,266,-1,212,217,218,-1,217,263,218,-1,53,268,217,-1,217,268,262,-1,269,270,53,-1,53,270,268,-1,216,269,53,-1,210,271,272,-1,273,274,115,-1,115,274,211,-1,207,275,115,-1,115,275,273,-1,207,214,276,-1,207,276,275,-1,207,210,213,-1,210,272,213,-1,47,277,210,-1,210,277,271,-1,278,279,47,-1,47,279,277,-1,211,278,47,-1,205,280,281,-1,282,283,125,-1,125,283,206,-1,202,284,125,-1,125,284,282,-1,202,209,285,-1,202,285,284,-1,202,205,208,-1,205,281,208,-1,41,286,205,-1,205,286,280,-1,287,288,41,-1,41,288,286,-1,206,287,41,-1,200,289,290,-1,291,292,135,-1,135,292,201,-1,197,293,135,-1,135,293,291,-1,197,204,294,-1,197,294,293,-1,197,200,203,-1,200,290,203,-1,36,295,200,-1,200,295,289,-1,296,297,36,-1,36,297,295,-1,201,296,36,-1,298,196,193,-1,299,199,178,-1,175,178,199,-1,196,300,178,-1,178,300,299,-1,196,298,301,-1,196,301,300,-1,193,302,298,-1,193,195,302,-1,30,192,193,-1,193,192,194,-1,303,191,175,-1,30,175,191,-1,198,303,175,-1,163,156,173,-1,155,232,173,-1,173,156,155,-1,173,167,163,-1,304,232,215,-1,304,173,232,-1,304,174,173,-1,304,172,174,-1,172,304,305,-1,172,305,306,-1,172,306,307,-1,306,308,11,-1,11,1,306,-1,306,1,307,-1,309,12,2,-1,309,2,310,-1,311,309,310,-1,309,311,312,-1,172,307,1,-1,1,9,172,-1,313,311,310,-1,311,313,314,-1,313,2,10,-1,313,310,2,-1,10,315,313,-1,196,316,317,-1,306,305,308,-1,318,319,320,-1,321,322,323,-1,322,324,323,-1,325,326,327,-1,318,326,325,-1,325,327,328,-1,329,330,314,-1,304,215,305,-1,314,313,315,-1,329,314,327,-1,328,327,315,-1,314,315,327,-1,315,308,328,-1,196,331,328,-1,308,305,328,-1,328,215,196,-1,305,215,328,-1,332,331,333,-1,196,317,331,-1,317,334,335,-1,317,335,331,-1,331,335,333,-1,333,336,337,-1,337,338,339,-1,332,321,331,-1,333,337,332,-1,339,332,337,-1,321,332,340,-1,319,318,341,-1,321,340,322,-1,324,322,342,-1,321,323,341,-1,318,325,341,-1,321,341,325,-1,343,344,345,-1,346,347,348,-1,349,350,351,-1,352,353,354,-1,355,356,357,-1,347,358,343,-1,350,349,359,-1,347,343,348,-1,343,358,344,-1,360,361,345,-1,345,361,362,-1,345,362,363,-1,364,365,366,-1,360,344,367,-1,367,344,368,-1,369,370,371,-1,372,357,356,-1,345,344,360,-1,347,350,358,-1,349,373,359,-1,350,359,358,-1,374,359,373,-1,375,376,377,-1,373,377,374,-1,378,379,380,-1,328,381,382,-1,352,354,372,-1,383,365,364,-1,384,385,386,-1,387,365,388,-1,387,366,365,-1,365,389,390,-1,331,389,365,-1,391,392,393,-1,394,395,396,-1,370,369,394,-1,370,394,396,-1,394,397,398,-1,395,394,398,-1,389,394,390,-1,369,390,394,-1,399,400,401,-1,384,386,402,-1,328,402,381,-1,384,403,385,-1,404,405,406,-1,391,407,392,-1,385,403,408,-1,402,328,384,-1,392,384,328,-1,409,410,393,-1,393,411,412,-1,413,414,392,-1,392,414,415,-1,391,393,353,-1,392,407,413,-1,416,417,418,-1,419,357,354,-1,357,401,400,-1,420,421,422,-1,405,423,424,-1,401,357,425,-1,423,405,426,-1,427,399,401,-1,428,429,430,-1,431,404,432,-1,405,404,431,-1,406,405,424,-1,431,433,405,-1,433,431,428,-1,428,434,433,-1,433,434,435,-1,434,430,436,-1,428,427,429,-1,437,436,430,-1,428,430,434,-1,427,438,429,-1,438,439,429,-1,438,427,401,-1,357,400,355,-1,440,441,418,-1,442,419,441,-1,443,419,442,-1,443,444,445,-1,419,443,445,-1,446,447,448,-1,449,450,442,-1,442,441,449,-1,353,352,391,-1,420,451,452,-1,420,453,451,-1,452,454,455,-1,420,452,455,-1,441,440,456,-1,457,458,451,-1,451,453,457,-1,459,460,461,-1,462,463,464,-1,462,465,463,-1,464,466,467,-1,462,464,467,-1,468,469,470,-1,471,472,463,-1,471,463,465,-1,446,461,421,-1,375,469,468,-1,473,469,375,-1,473,474,475,-1,469,473,475,-1,377,373,375,-1,468,376,375,-1,373,476,375,-1,456,477,441,-1,393,478,411,-1,420,441,477,-1,479,480,440,-1,418,441,481,-1,354,357,372,-1,354,481,419,-1,441,419,481,-1,418,481,416,-1,410,482,393,-1,483,484,485,-1,486,448,487,-1,453,420,422,-1,453,488,462,-1,420,477,421,-1,489,456,440,-1,440,480,490,-1,440,490,489,-1,482,479,440,-1,491,479,482,-1,492,491,482,-1,493,492,482,-1,494,493,482,-1,410,494,482,-1,393,412,446,-1,409,393,446,-1,495,461,460,-1,496,484,483,-1,497,331,365,-1,461,495,421,-1,448,461,446,-1,498,499,500,-1,446,412,447,-1,448,447,487,-1,392,501,393,-1,502,411,503,-1,483,504,505,-1,411,505,504,-1,453,422,488,-1,421,495,422,-1,506,507,462,-1,508,506,488,-1,509,510,511,-1,512,513,509,-1,488,506,462,-1,483,485,514,-1,515,516,517,-1,517,496,515,-1,379,513,380,-1,518,515,496,-1,496,483,518,-1,518,519,520,-1,500,499,521,-1,478,383,522,-1,498,500,520,-1,523,498,519,-1,504,488,411,-1,411,502,524,-1,519,525,523,-1,526,411,524,-1,525,519,527,-1,498,520,519,-1,519,518,483,-1,411,526,505,-1,483,505,519,-1,503,478,528,-1,478,522,378,-1,529,530,378,-1,365,383,478,-1,529,378,531,-1,378,380,532,-1,533,380,513,-1,513,512,534,-1,512,509,511,-1,535,469,465,-1,462,510,509,-1,509,465,462,-1,462,536,510,-1,462,507,536,-1,488,537,508,-1,488,504,537,-1,469,535,470,-1,465,509,535,-1,533,513,534,-1,535,522,470,-1,531,378,532,-1,497,365,478,-1,470,522,538,-1,383,538,522,-1,478,503,411,-1,331,497,328,-1,528,478,530,-1,378,530,478,-1,482,353,393,-1,392,328,501,-1,497,501,328,-1,539,540,541,-1,542,543,544,-1,539,541,545,-1,542,546,547,-1,544,546,542,-1,542,539,543,-1,548,543,539,-1,549,550,548,-1,539,545,548,-1,548,550,543,-1,551,552,553,-1,554,497,555,-1,497,554,501,-1,556,554,555,-1,554,556,557,-1,556,478,558,-1,497,478,555,-1,478,556,555,-1,557,558,559,-1,558,557,556,-1,557,559,393,-1,393,554,557,-1,393,501,554,-1,393,559,558,-1,393,558,478,-1,375,476,560,-1,560,561,375,-1,473,375,561,-1,561,562,473,-1,474,562,563,-1,474,473,562,-1,564,565,566,-1,567,568,561,-1,569,566,570,-1,561,568,562,-1,571,572,573,-1,573,574,571,-1,575,576,560,-1,575,560,571,-1,560,572,571,-1,577,578,579,-1,577,579,580,-1,581,578,577,-1,580,582,583,-1,583,577,580,-1,583,584,575,-1,584,583,582,-1,575,584,576,-1,560,576,563,-1,585,586,587,-1,588,589,570,-1,590,587,591,-1,590,585,587,-1,592,591,593,-1,587,593,591,-1,594,595,588,-1,596,592,593,-1,597,596,593,-1,588,570,597,-1,596,597,566,-1,588,595,589,-1,598,599,600,-1,597,570,566,-1,601,599,598,-1,602,603,604,-1,564,566,569,-1,565,605,566,-1,606,607,608,-1,606,608,609,-1,566,605,610,-1,566,610,611,-1,604,612,602,-1,613,614,615,-1,566,611,616,-1,566,616,617,-1,618,619,620,-1,618,620,621,-1,576,566,617,-1,622,576,617,-1,615,623,613,-1,624,625,626,-1,627,576,622,-1,628,576,627,-1,629,630,631,-1,631,632,629,-1,633,576,628,-1,634,576,633,-1,626,635,624,-1,563,576,634,-1,562,568,636,-1,563,636,637,-1,562,636,563,-1,561,560,637,-1,563,637,560,-1,561,637,567,-1,625,624,638,-1,633,638,639,-1,625,638,633,-1,626,634,639,-1,633,639,634,-1,626,639,635,-1,632,631,640,-1,627,640,641,-1,632,640,627,-1,629,628,641,-1,627,641,628,-1,629,641,630,-1,614,613,642,-1,617,642,643,-1,614,642,617,-1,615,622,643,-1,617,643,622,-1,615,643,623,-1,621,620,644,-1,611,644,645,-1,621,644,611,-1,618,616,645,-1,611,645,616,-1,618,645,619,-1,603,602,646,-1,605,646,647,-1,603,646,605,-1,604,610,647,-1,605,647,610,-1,604,647,612,-1,609,608,648,-1,564,648,649,-1,609,648,564,-1,606,565,649,-1,564,649,565,-1,606,649,607,-1,601,598,650,-1,570,650,651,-1,601,650,570,-1,599,569,651,-1,570,651,569,-1,599,651,600,-1,445,444,564,-1,564,569,445,-1,401,425,570,-1,570,589,401,-1,455,454,611,-1,611,610,455,-1,450,449,605,-1,605,565,450,-1,467,466,627,-1,627,622,467,-1,458,457,617,-1,617,616,458,-1,572,476,373,-1,572,560,476,-1,475,474,563,-1,563,634,475,-1,472,471,633,-1,633,628,472,-1,444,609,564,-1,444,443,609,-1,443,442,606,-1,606,609,443,-1,442,450,565,-1,565,606,442,-1,419,445,569,-1,569,599,419,-1,357,419,599,-1,599,601,357,-1,425,601,570,-1,425,357,601,-1,438,401,589,-1,589,595,438,-1,652,653,654,-1,654,655,436,-1,652,595,656,-1,657,656,658,-1,658,587,657,-1,659,655,660,-1,658,593,587,-1,657,661,653,-1,662,577,663,-1,657,664,661,-1,653,665,666,-1,662,667,668,-1,439,595,652,-1,665,669,662,-1,351,668,573,-1,577,583,663,-1,663,667,662,-1,670,666,668,-1,667,573,668,-1,667,574,573,-1,348,671,670,-1,573,349,351,-1,666,670,671,-1,668,666,662,-1,670,346,348,-1,437,654,436,-1,657,652,656,-1,652,657,653,-1,438,595,439,-1,656,595,594,-1,654,653,655,-1,662,666,665,-1,665,653,661,-1,653,660,655,-1,671,655,659,-1,666,671,659,-1,18,653,666,-1,18,17,653,-1,672,673,674,-1,17,15,675,-1,17,660,653,-1,660,673,672,-1,673,17,675,-1,17,673,660,-1,674,676,677,-1,674,678,679,-1,676,674,679,-1,674,673,678,-1,319,676,679,-1,319,679,320,-1,320,678,680,-1,320,679,678,-1,680,318,320,-1,326,318,680,-1,680,681,326,-1,327,326,681,-1,681,682,327,-1,682,329,327,-1,682,683,329,-1,330,329,683,-1,683,684,330,-1,330,684,685,-1,311,314,330,-1,311,330,685,-1,684,675,686,-1,684,312,311,-1,686,675,15,-1,686,15,16,-1,684,311,685,-1,686,312,684,-1,687,688,689,-1,688,687,690,-1,686,691,309,-1,686,309,312,-1,19,689,20,-1,687,689,692,-1,693,694,692,-1,689,19,695,-1,695,692,689,-1,692,694,687,-1,338,694,693,-1,694,338,337,-1,338,692,696,-1,338,693,692,-1,696,339,338,-1,332,339,696,-1,696,697,332,-1,340,332,697,-1,697,698,340,-1,322,340,698,-1,698,699,322,-1,342,322,699,-1,699,700,342,-1,342,700,701,-1,701,324,342,-1,324,701,702,-1,702,703,324,-1,703,323,324,-1,703,702,704,-1,705,706,702,-1,706,705,707,-1,706,704,702,-1,704,706,708,-1,708,709,704,-1,706,710,708,-1,709,703,704,-1,341,323,703,-1,341,703,709,-1,709,676,319,-1,708,676,709,-1,319,341,709,-1,710,677,676,-1,710,711,677,-1,676,708,710,-1,705,712,707,-1,705,713,712,-1,711,672,674,-1,674,677,711,-1,18,659,714,-1,18,666,659,-1,19,18,695,-1,659,712,714,-1,18,714,695,-1,714,712,713,-1,700,713,701,-1,713,700,714,-1,705,702,713,-1,702,701,713,-1,675,684,683,-1,715,678,716,-1,683,673,675,-1,717,718,682,-1,719,673,683,-1,673,716,678,-1,720,680,715,-1,680,678,715,-1,721,680,722,-1,680,720,722,-1,680,723,724,-1,680,721,723,-1,680,724,681,-1,725,681,726,-1,681,724,726,-1,681,725,727,-1,682,681,728,-1,681,727,728,-1,682,728,729,-1,683,730,731,-1,682,729,717,-1,683,682,730,-1,682,718,732,-1,682,732,730,-1,733,683,734,-1,683,731,734,-1,673,719,716,-1,683,733,719,-1,714,735,736,-1,696,692,695,-1,695,714,696,-1,714,700,735,-1,696,737,738,-1,698,739,699,-1,696,738,697,-1,740,697,741,-1,697,738,741,-1,697,740,742,-1,698,697,743,-1,697,742,743,-1,698,743,744,-1,745,698,746,-1,698,744,746,-1,698,747,739,-1,698,745,748,-1,698,748,747,-1,749,699,750,-1,699,739,750,-1,700,699,751,-1,699,749,752,-1,699,752,751,-1,751,735,700,-1,753,696,736,-1,714,736,696,-1,737,696,754,-1,696,753,754,-1,
        ]
    }
}
Shape{
    appearance Appearance {
        material  Material 	{
            diffuseColor 0.3333333333333333 0.8117647058823529 0.43529411764705883
            specularColor 0.7529411764705882 0.7529411764705882 0.7529411764705882
            ambientIntensity 0.2
            transparency 0
            shininess 0.5
        }
    }
    geometry IndexedFaceSet {
        ccw TRUE
        solid FALSE
        coord DEF co Coordinate {
            point [
                1.7244 -2.9402 4.6811, 1.7244 -1.0531 4.2559, 1.7244 -2.9402 4.2559, 1.7244 -1.0531 4.6811, 1.7438 -3.0157 4.6811, 1.7332 -2.992 4.2559, 1.7585 -3.038 4.2559, 1.7975 -3.0731 4.2559, 1.7975 -3.0731 4.6811, 1.767 -3.0478 4.6811, 1.7294 -2.9795 4.6811, 1.9302 -3.143 4.2559, 2.3702 -3.2147 4.2559, 2.2203 -3.2147 4.6811, 2.2203 -3.2147 4.2559, 2.0723 -3.1906 4.2559, 2.0723 -3.1906 4.6811, 1.9302 -3.143 4.6811, 2.6604 -3.143 4.6811, 2.5182 -3.1906 4.6811, 2.6604 -3.143 4.2559, 2.3702 -3.2147 4.6811, 2.5182 -3.1906 4.2559, 2.793 -3.0731 4.2559, 2.793 -3.0731 4.6811, 1.9684 -3.0536 4.8266, 1.8496 -2.991 4.8266, 1.9483 -3.1006 4.7924, 1.9349 -3.132 4.7414, 1.8039 -3.063 4.7414, 1.8222 -3.0342 4.7924, 1.8819 -2.9402 4.8386, 2.0834 -3.1458 4.7924, 2.2213 -3.2027 4.7414, 2.0752 -3.1789 4.7414, 2.3693 -3.2027 4.7414, 2.224 -3.1687 4.7924, 2.0957 -3.0962 4.8266, 2.2282 -3.1178 4.8266, 2.3665 -3.1687 4.7924, 2.5153 -3.1789 4.7414, 2.6422 -3.1006 4.7924, 2.5071 -3.1458 4.7924, 2.6557 -3.132 4.7414, 2.7767 -3.0474 4.7741, 2.7888 -3.0665 4.73, 2.4949 -3.0962 4.8266, 2.3624 -3.1178 4.8266, 2.6222 -3.0536 4.8266, 2.3575 -3.0577 4.8386, 2.4804 -3.0377 4.8386, 2.5985 -2.9982 4.8386, 2.7349 -2.9815 4.8307, 2.7087 -2.9402 4.8386, 1.9921 -2.9982 4.8386, 2.1101 -3.0377 4.8386, 2.233 -3.0577 4.8386, 2.758 -3.0179 4.8088, 1.7769 -2.9958 4.7844, 1.8216 -2.9402 4.8266, 1.7705 -2.9402 4.7924, 1.762 -3.0276 4.7339, 1.7342 -2.9847 4.7126, 1.7364 -2.9402 4.7414, 1.7705 -1.0531 4.7924, 1.8819 -1.0531 4.8386, 1.8216 -1.0531 4.8266, 1.7364 -1.0531 4.7414, 2.7087 -1.0531 4.8386, 2.82 -1.0531 4.7924, 2.8016 -2.9402 4.8081, 2.8363 -2.9402 4.7731, 2.8661 -1.0531 4.6811, 2.8542 -1.0531 4.7414, 2.8583 -2.9402 4.73, 2.7576 -2.9402 4.8307, 2.7689 -1.0531 4.8266, 2.8661 -2.9402 4.6811, 2.8661 -2.9402 4.2559, 2.8661 -1.0531 4.2559, 2.8468 -3.0157 4.2559, 2.8574 -2.992 4.6811, 2.8321 -3.038 4.6811, 2.8236 -3.0478 4.2559, 2.8611 -2.9795 4.2559, 2.847 -2.9863 4.7405, 2.8175 -2.97 4.7909, 2.7922 -3.0161 4.7909, 2.8217 -3.0323 4.7405, 2.7866 -3.063 4.1956, 2.8285 -3.0276 4.2031, 2.8564 -2.9847 4.2244, 2.7683 -3.0342 4.1446, 2.8137 -2.9958 4.1526, 2.7409 -2.991 4.1104, 2.7689 -2.9402 4.1104, 2.7087 -2.9402 4.0984, 2.82 -2.9402 4.1446, 2.8542 -2.9402 4.1956, 2.82 -1.0531 4.1446, 2.7087 -1.0531 4.0984, 2.7689 -1.0531 4.1104, 2.8542 -1.0531 4.1956, 2.5985 -2.9982 4.0984, 2.4804 -3.0377 4.0984, 2.3575 -3.0577 4.0984, 2.233 -3.0577 4.0984, 1.8819 -1.0531 4.0984, 2.1101 -3.0377 4.0984, 1.9921 -2.9982 4.0984, 1.8819 -2.9402 4.0984, 1.7705 -1.0531 4.1446, 1.7889 -2.9402 4.1289, 1.7542 -2.9402 4.1639, 1.7364 -1.0531 4.1956, 1.7322 -2.9402 4.207, 1.8329 -2.9402 4.1063, 1.8216 -1.0531 4.1104, 1.7435 -2.9863 4.1965, 1.773 -2.97 4.1461, 1.8557 -2.9815 4.1063, 1.7983 -3.0161 4.1461, 1.7688 -3.0323 4.1965, 1.8017 -3.0665 4.207, 1.8135 -3.048 4.1639, 1.8321 -3.0186 4.1289, 2.6557 -3.1319 4.1956, 2.0752 -3.1789 4.1956, 1.9349 -3.132 4.1956, 1.9483 -3.1006 4.1446, 2.4949 -3.0962 4.1104, 2.5071 -3.1458 4.1446, 2.3624 -3.1178 4.1104, 2.3693 -3.2027 4.1956, 2.3665 -3.1687 4.1446, 2.5153 -3.1789 4.1956, 2.6222 -3.0536 4.1104, 2.6422 -3.1006 4.1446, 2.224 -3.1687 4.1446, 2.2213 -3.2027 4.1956, 2.0834 -3.1458 4.1446, 2.2282 -3.1178 4.1104, 1.9684 -3.0536 4.1104, 2.0957 -3.0962 4.1104, 2.0957 -3.0962 4.1104
            ]
        }
        coordIndex [
            0,1,2,-1,1,0,3,-1,4,5,6,-1,7,8,9,-1,0,2,10,-1,10,2,5,-1,6,9,4,-1,10,5,4,-1,7,9,6,-1,11,8,7,-1,12,13,14,-1,15,16,17,-1,18,19,20,-1,21,22,19,-1,23,24,18,-1,18,20,23,-1,12,22,21,-1,19,22,20,-1,13,16,14,-1,21,13,12,-1,15,17,11,-1,14,16,15,-1,8,11,17,-1,25,26,27,-1,17,28,29,-1,29,8,17,-1,26,30,27,-1,28,17,16,-1,31,26,25,-1,28,27,30,-1,25,27,32,-1,13,33,34,-1,33,21,35,-1,36,37,32,-1,38,36,39,-1,40,35,19,-1,41,42,43,-1,44,41,43,-1,24,45,18,-1,46,47,42,-1,40,43,42,-1,48,46,41,-1,49,46,50,-1,51,52,53,-1,18,45,43,-1,30,29,28,-1,16,34,28,-1,27,34,32,-1,54,25,37,-1,25,54,31,-1,28,34,27,-1,16,13,34,-1,54,37,55,-1,32,37,25,-1,36,32,33,-1,55,37,38,-1,34,33,32,-1,13,21,33,-1,55,38,56,-1,36,38,37,-1,39,36,35,-1,56,38,47,-1,33,35,36,-1,21,19,35,-1,56,47,49,-1,39,47,38,-1,39,40,42,-1,49,47,46,-1,35,40,39,-1,19,18,40,-1,51,50,48,-1,39,42,47,-1,46,42,41,-1,50,46,48,-1,18,43,40,-1,45,44,43,-1,44,57,41,-1,57,52,48,-1,57,48,41,-1,52,51,48,-1,30,26,58,-1,31,59,26,-1,59,60,58,-1,61,62,4,-1,61,30,58,-1,10,62,0,-1,9,29,61,-1,8,29,9,-1,30,61,29,-1,58,26,59,-1,60,63,58,-1,58,62,61,-1,4,9,61,-1,63,62,58,-1,0,62,63,-1,4,62,10,-1,64,60,59,-1,31,65,66,-1,0,63,3,-1,3,63,67,-1,60,67,63,-1,60,64,67,-1,31,66,59,-1,66,64,59,-1,54,65,31,-1,54,55,65,-1,65,55,56,-1,65,49,68,-1,49,65,56,-1,68,50,51,-1,49,50,68,-1,51,53,68,-1,69,70,71,-1,72,73,74,-1,53,75,68,-1,68,75,76,-1,76,70,69,-1,75,70,76,-1,73,71,74,-1,69,71,73,-1,72,74,77,-1,78,72,77,-1,72,78,79,-1,80,81,82,-1,24,23,83,-1,78,77,84,-1,84,77,81,-1,82,83,80,-1,84,81,80,-1,24,83,82,-1,85,81,74,-1,81,77,74,-1,71,85,74,-1,86,52,87,-1,75,86,70,-1,75,53,52,-1,85,87,88,-1,82,81,88,-1,85,88,81,-1,82,45,24,-1,71,70,86,-1,88,45,82,-1,85,86,87,-1,44,45,88,-1,71,86,85,-1,57,44,87,-1,88,87,44,-1,52,86,75,-1,52,57,87,-1,89,90,83,-1,80,90,91,-1,89,92,90,-1,78,84,91,-1,90,92,93,-1,83,23,89,-1,94,93,92,-1,93,94,95,-1,96,95,94,-1,95,97,93,-1,97,98,93,-1,93,91,90,-1,80,83,90,-1,98,91,93,-1,78,91,98,-1,80,91,84,-1,99,97,95,-1,96,100,101,-1,78,98,79,-1,79,98,102,-1,97,102,98,-1,97,99,102,-1,96,101,95,-1,101,99,95,-1,103,100,96,-1,103,104,100,-1,100,104,105,-1,100,106,107,-1,106,100,105,-1,107,108,109,-1,106,108,107,-1,109,110,107,-1,111,112,113,-1,1,114,115,-1,110,116,107,-1,107,116,117,-1,117,112,111,-1,116,112,117,-1,114,113,115,-1,111,113,114,-1,1,115,2,-1,118,5,115,-1,5,2,115,-1,113,118,115,-1,119,120,121,-1,116,119,112,-1,116,110,120,-1,118,121,122,-1,6,5,122,-1,118,122,5,-1,6,123,7,-1,113,112,119,-1,122,123,6,-1,118,119,121,-1,124,123,122,-1,113,119,118,-1,125,124,121,-1,122,121,124,-1,120,119,116,-1,120,125,121,-1,20,126,23,-1,127,128,129,-1,130,131,132,-1,133,134,135,-1,103,94,136,-1,94,92,136,-1,135,22,133,-1,137,130,136,-1,103,96,94,-1,138,133,139,-1,139,127,140,-1,132,141,106,-1,125,142,129,-1,108,141,143,-1,128,123,124,-1,128,124,129,-1,7,123,11,-1,142,125,120,-1,142,120,109,-1,108,143,109,-1,109,120,110,-1,126,135,131,-1,125,129,124,-1,143,142,109,-1,123,128,11,-1,129,140,127,-1,15,11,128,-1,143,140,142,-1,106,141,108,-1,127,15,128,-1,142,140,129,-1,140,138,139,-1,14,15,127,-1,141,138,143,-1,105,132,106,-1,139,14,127,-1,143,138,140,-1,138,134,133,-1,12,14,139,-1,132,134,141,-1,104,130,105,-1,133,12,139,-1,141,134,138,-1,134,131,135,-1,22,12,133,-1,105,130,132,-1,104,103,136,-1,135,126,20,-1,132,131,134,-1,131,137,126,-1,20,22,135,-1,104,136,130,-1,130,137,131,-1,92,89,137,-1,136,92,137,-1,23,126,89,-1,137,89,126,-1,
        ]
    }
}
Shape{
    appearance Appearance {
        material  Material 	{
            diffuseColor 1.0 1.0 0.5294117647058824
            specularColor 0.7529411764705882 0.7529411764705882 0.7529411764705882
            ambientIntensity 0.2
            transparency 0
            shininess 0.5
        }
    }
    geometry IndexedFaceSet {
        ccw TRUE
        solid FALSE
        coord DEF co Coordinate {
            point [
                -2.7087 -1.0531 4.0984, -2.5985 -2.9982 4.0984, -2.7087 -2.9402 4.0984, -2.4804 -3.0377 4.0984, -2.3575 -3.0577 4.0984, -1.8819 -1.0531 4.0984, -2.233 -3.0577 4.0984, -1.9921 -2.9982 4.0984, -2.1101 -3.0377 4.0984, -1.8819 -2.9402 4.0984, -2.8583 -2.9402 4.207, -2.8661 -1.0531 4.2559, -2.8542 -1.0531 4.1956, -2.7576 -2.9402 4.1063, -2.7689 -1.0531 4.1104, -2.82 -1.0531 4.1446, -2.8016 -2.9402 4.1289, -2.8363 -2.9402 4.1639, -2.8661 -2.9402 4.2559, -2.8661 -2.9402 4.6811, -2.8661 -1.0531 4.6811, -2.7689 -1.0531 4.8266, -2.7087 -2.9402 4.8386, -2.7087 -1.0531 4.8386, -2.8542 -2.9402 4.7414, -2.8542 -1.0531 4.7414, -2.82 -1.0531 4.7924, -2.82 -2.9402 4.7924, -2.7689 -2.9402 4.8266, -1.8819 -1.0531 4.8386, -1.9921 -2.9982 4.8386, -1.8819 -2.9402 4.8386, -2.233 -3.0577 4.8386, -2.1101 -3.0377 4.8386, -2.3575 -3.0577 4.8386, -2.4804 -3.0377 4.8386, -2.5985 -2.9982 4.8386, -1.7322 -2.9402 4.73, -1.7244 -1.0531 4.6811, -1.7364 -1.0531 4.7414, -1.833 -2.9402 4.8308, -1.8216 -1.0531 4.8266, -1.7705 -1.0531 4.7924, -1.7889 -2.9402 4.8081, -1.7542 -2.9402 4.7731, -1.7244 -2.9402 4.6811, -1.7244 -2.9402 4.2559, -1.7244 -1.0531 4.2559, -1.8216 -1.0531 4.1104, -1.7364 -2.9402 4.1956, -1.7364 -1.0531 4.1956, -1.7705 -1.0531 4.1446, -1.7705 -2.9402 4.1446, -1.8216 -2.9402 4.1104, -1.8222 -3.0342 4.1446, -1.8496 -2.991 4.1104, -1.7769 -2.9958 4.1526, -1.762 -3.0276 4.2031, -1.7342 -2.9847 4.2244, -1.7441 -3.0163 4.2559, -1.7294 -2.9795 4.2559, -1.767 -3.0478 4.2559, -1.8039 -3.063 4.1956, -1.7975 -3.0731 4.2559, -1.9684 -3.0536 4.1104, -1.9483 -3.1006 4.1446, -1.9302 -3.143 4.2559, -1.9349 -3.132 4.1956, -2.0723 -3.1906 4.2559, -2.0834 -3.1458 4.1446, -2.2203 -3.2147 4.2559, -2.2213 -3.2027 4.1956, -2.0752 -3.1789 4.1956, -2.3702 -3.2147 4.2559, -2.3693 -3.2027 4.1956, -2.224 -3.1687 4.1446, -2.0957 -3.0962 4.1104, -2.2282 -3.1178 4.1104, -2.3665 -3.1687 4.1446, -2.5153 -3.1789 4.1956, -2.5182 -3.1906 4.2559, -2.6422 -3.1006 4.1446, -2.5071 -3.1458 4.1446, -2.6557 -3.132 4.1956, -2.7767 -3.0474 4.163, -2.793 -3.0731 4.2559, -2.7888 -3.0665 4.207, -2.6604 -3.143 4.2559, -2.4949 -3.0962 4.1104, -2.3624 -3.1178 4.1104, -2.6222 -3.0536 4.1104, -2.7349 -2.9815 4.1063, -2.758 -3.0179 4.1282, -1.9302 -3.143 4.6811, -1.7975 -3.0731 4.6811, -2.3702 -3.2147 4.6811, -2.2203 -3.2147 4.6811, -2.0723 -3.1906 4.6811, -2.6604 -3.143 4.6811, -2.5182 -3.1906 4.6811, -2.793 -3.0731 4.6811, -1.7332 -2.992 4.6811, -1.7585 -3.038 4.6811, -1.773 -2.97 4.7909, -1.7688 -3.0323 4.7405, -1.8557 -2.9815 4.8307, -1.7983 -3.0161 4.7909, -1.7435 -2.9863 4.7405, -1.8017 -3.0665 4.73, -1.8135 -3.048 4.7731, -1.8321 -3.0186 4.8081, -2.6557 -3.132 4.7414, -2.0752 -3.1789 4.7414, -1.9349 -3.132 4.7414, -1.9483 -3.1006 4.7924, -2.5153 -3.1789 4.7414, -2.3693 -3.2027 4.7414, -2.3665 -3.1687 4.7924, -2.6422 -3.1006 4.7924, -2.4949 -3.0962 4.8266, -2.6222 -3.0536 4.8266, -2.7409 -2.991 4.8266, -2.7683 -3.0342 4.7924, -2.5071 -3.1458 4.7924, -2.3624 -3.1178 4.8266, -2.224 -3.1687 4.7924, -2.2213 -3.2027 4.7414, -2.0834 -3.1458 4.7924, -2.2282 -3.1178 4.8266, -1.9684 -3.0536 4.8266, -2.0957 -3.0962 4.8266, -2.7866 -3.063 4.7414, -2.8137 -2.9958 4.7844, -2.8285 -3.0276 4.7339, -2.8564 -2.9847 4.7126, -2.8464 -3.0163 4.6811, -2.8611 -2.9795 4.6811, -2.8236 -3.0478 4.6811, -2.8574 -2.992 4.2559, -2.8321 -3.038 4.2559, -2.847 -2.9863 4.1965, -2.8175 -2.97 4.1461, -2.7922 -3.0161 4.1461, -2.8217 -3.0323 4.1965, -2.8217 -3.0323 4.1965
            ]
        }
        coordIndex [
            0,1,2,-1,3,1,0,-1,0,4,3,-1,0,5,6,-1,6,4,0,-1,5,7,8,-1,6,5,8,-1,5,9,7,-1,10,11,12,-1,0,13,14,-1,15,16,17,-1,2,13,0,-1,15,14,16,-1,13,16,14,-1,12,17,10,-1,15,17,12,-1,11,10,18,-1,18,19,20,-1,20,11,18,-1,21,22,23,-1,20,24,25,-1,26,27,28,-1,19,24,20,-1,24,27,25,-1,27,26,25,-1,22,21,28,-1,21,26,28,-1,29,30,31,-1,29,32,33,-1,30,29,33,-1,34,23,35,-1,32,29,34,-1,36,23,22,-1,36,35,23,-1,29,23,34,-1,37,38,39,-1,29,40,41,-1,42,43,44,-1,31,40,29,-1,42,41,43,-1,40,43,41,-1,39,44,37,-1,42,44,39,-1,38,37,45,-1,45,46,47,-1,47,38,45,-1,48,9,5,-1,47,49,50,-1,51,52,53,-1,46,49,47,-1,49,52,50,-1,52,51,50,-1,9,48,53,-1,48,51,53,-1,54,55,56,-1,9,53,55,-1,53,52,56,-1,57,58,59,-1,57,54,56,-1,60,58,46,-1,61,62,57,-1,63,62,61,-1,54,57,62,-1,56,55,53,-1,52,49,56,-1,56,58,57,-1,59,61,57,-1,49,58,56,-1,46,58,49,-1,59,58,60,-1,64,55,65,-1,66,67,62,-1,62,63,66,-1,55,54,65,-1,67,66,68,-1,9,55,64,-1,67,65,54,-1,64,65,69,-1,70,71,72,-1,71,73,74,-1,75,76,69,-1,77,75,78,-1,79,74,80,-1,81,82,83,-1,84,81,83,-1,85,86,87,-1,88,89,82,-1,79,83,82,-1,90,88,81,-1,4,88,3,-1,1,91,2,-1,87,86,83,-1,54,62,67,-1,68,72,67,-1,65,72,69,-1,7,64,76,-1,64,7,9,-1,67,72,65,-1,68,70,72,-1,7,76,8,-1,69,76,64,-1,75,69,71,-1,8,76,77,-1,72,71,69,-1,70,73,71,-1,8,77,6,-1,75,77,76,-1,78,75,74,-1,6,77,89,-1,71,74,75,-1,73,80,74,-1,6,89,4,-1,78,89,77,-1,78,79,82,-1,4,89,88,-1,74,79,78,-1,80,87,79,-1,1,3,90,-1,78,82,89,-1,88,82,81,-1,3,88,90,-1,87,83,79,-1,86,84,83,-1,84,92,81,-1,92,91,90,-1,92,90,81,-1,91,1,90,-1,93,63,94,-1,95,70,96,-1,97,68,66,-1,87,80,98,-1,73,99,80,-1,100,85,87,-1,87,98,100,-1,95,99,73,-1,80,99,98,-1,70,68,96,-1,73,70,95,-1,97,66,93,-1,96,68,97,-1,63,93,66,-1,59,101,102,-1,94,63,61,-1,46,45,60,-1,60,45,101,-1,102,61,59,-1,60,101,59,-1,94,61,102,-1,43,40,103,-1,104,102,101,-1,103,105,106,-1,31,105,40,-1,107,106,104,-1,103,106,107,-1,104,101,107,-1,108,94,102,-1,37,101,45,-1,107,37,44,-1,37,107,101,-1,44,43,103,-1,109,108,104,-1,102,104,108,-1,44,103,107,-1,110,109,106,-1,104,106,109,-1,105,103,40,-1,105,110,106,-1,98,111,100,-1,112,113,114,-1,115,116,117,-1,118,119,120,-1,121,120,36,-1,115,99,116,-1,121,122,120,-1,119,123,124,-1,36,22,121,-1,125,116,126,-1,126,112,127,-1,124,128,32,-1,110,129,114,-1,33,128,130,-1,113,108,109,-1,113,109,114,-1,94,108,93,-1,129,110,105,-1,129,105,30,-1,33,130,30,-1,30,105,31,-1,115,123,111,-1,110,114,109,-1,130,129,30,-1,108,113,93,-1,114,127,112,-1,97,93,113,-1,130,127,129,-1,32,128,33,-1,112,97,113,-1,129,127,114,-1,127,125,126,-1,96,97,112,-1,128,125,130,-1,34,124,32,-1,126,96,112,-1,130,125,127,-1,125,117,116,-1,95,96,126,-1,124,117,128,-1,35,119,34,-1,116,95,126,-1,128,117,125,-1,117,123,115,-1,99,95,116,-1,34,119,124,-1,120,35,36,-1,115,111,98,-1,124,123,117,-1,123,118,111,-1,98,99,115,-1,35,120,119,-1,119,118,123,-1,122,131,118,-1,120,122,118,-1,100,111,131,-1,118,131,111,-1,122,121,132,-1,22,28,121,-1,28,27,132,-1,133,134,135,-1,133,122,132,-1,136,134,19,-1,137,131,133,-1,100,131,137,-1,122,133,131,-1,132,121,28,-1,27,24,132,-1,132,134,133,-1,135,137,133,-1,24,134,132,-1,19,134,24,-1,135,134,136,-1,135,138,139,-1,85,100,137,-1,19,18,136,-1,136,18,138,-1,139,137,135,-1,136,138,135,-1,85,137,139,-1,140,138,10,-1,138,18,10,-1,17,140,10,-1,141,91,142,-1,13,141,16,-1,13,2,91,-1,140,142,143,-1,139,138,143,-1,140,143,138,-1,139,86,85,-1,17,16,141,-1,143,86,139,-1,140,141,142,-1,84,86,143,-1,17,141,140,-1,92,84,142,-1,143,142,84,-1,91,141,13,-1,91,92,142,-1,
        ]
    }
}
Shape{
    appearance Appearance {
        material  Material 	{
            diffuseColor 0.2549019607843137 0.2549019607843137 0.2549019607843137
            specularColor 0.7529411764705882 0.7529411764705882 0.7529411764705882
            ambientIntensity 0.2
            transparency 0
            shininess 0.5
        }
    }
    geometry IndexedFaceSet {
        ccw TRUE
        solid FALSE
        coord DEF co Coordinate {
            point [
                -0.9961 -2.2343 4.7835, 0.9961 -2.313 4.7835, -0.9961 -2.313 4.7835, -1.4685 3.0217 4.7835, -1.4685 -2.2343 4.7835, 0.9961 -2.2343 4.7835, 1.4685 3.0217 4.7835, 1.4685 -2.2343 4.7835, -2.4134 -2.9035 3.8386, -2.5315 -3.0217 3.9567, -2.5315 -3.0217 2.8642, -2.4134 -2.9035 2.8642, -2.6496 -3.0217 2.8642, -2.6496 2.2933 2.8642, -2.4134 2.2933 2.8642, -2.4134 0.9941 3.6811, -2.4134 2.2933 3.6811, -2.4134 0.9941 3.8386, -2.4134 -2.9035 1.6831, -2.4134 -2.9035 0.7087, -2.4134 2.2933 0.7087, -2.4134 2.2933 1.6831, -1.7047 2.2933 3.6811, -1.7047 0.9941 3.6811, -1.7047 2.2933 3.8386, -1.7047 0.9941 3.8386, -2.5315 -3.0217 1.6831, -2.5315 -3.0217 0.5906, -2.6496 2.2933 1.6831, -2.6496 -3.0217 1.6831, -1.5748 -3.0217 0.5906, -1.5748 -2.9035 0.7087, -1.5748 1.8996 0.7087, -1.5748 1.8996 0.315, -1.5748 -3.0217 0.315, 2.4134 2.2933 3.6811, 2.4134 0.9941 3.6811, 1.7047 0.9941 3.6811, 1.7047 2.2933 3.6811, 1.7047 0.9941 3.8386, 1.7047 2.2933 3.8386, 2.5827 2.4626 0.0, 2.5827 3.0217 1.5748, 2.5827 2.4626 1.5748, 2.5827 3.0217 0.0, 2.6024 2.6791 1.5748, 2.8189 3.0217 1.5748, 2.7992 2.6791 1.5748, 2.8189 2.4626 1.5748, 2.6024 2.4823 1.5748, 2.7992 2.4823 1.5748, 1.7008 2.6791 1.5748, 1.9173 3.0217 1.5748, 1.8976 2.6791 1.5748, 1.6811 3.0217 1.5748, 1.6811 2.4626 1.5748, 1.9173 2.4626 1.5748, 1.7008 2.4823 1.5748, 1.8976 2.4823 1.5748, -1.8976 2.6791 1.5748, -1.8976 2.4823 1.5748, -1.9173 2.4626 1.5748, -1.9173 3.0217 1.5748, -1.6811 2.4626 1.5748, -1.7008 2.4823 1.5748, -1.7008 2.6791 1.5748, -1.6811 3.0217 1.5748, -2.7992 2.6791 1.5748, -2.7992 2.4823 1.5748, -2.8189 2.4626 1.5748, -2.8189 3.0217 1.5748, -2.5827 2.4626 1.5748, -2.6024 2.4823 1.5748, -2.6024 2.6791 1.5748, -2.5827 3.0217 1.5748, 2.8189 2.4626 0.0, 2.8189 3.0217 0.0, 1.6811 2.4626 0.2362, 1.6811 3.0217 0.2362, 1.9173 2.4626 0.2362, 1.9173 3.0217 0.2362, -1.9173 2.4626 0.2362, -1.9173 3.0217 0.2362, -1.6811 2.4626 0.2362, -1.6811 3.0217 0.2362, -2.8189 2.4626 0.0, -2.8189 3.0217 0.0, -2.5827 2.4626 0.0, -2.5827 3.0217 0.0, -2.5827 3.0217 0.0
            ]
        }
        coordIndex [
            0,1,2,-1,3,0,4,-1,1,0,5,-1,5,6,7,-1,0,3,5,-1,5,3,6,-1,8,9,10,-1,8,10,11,-1,10,12,13,-1,13,14,10,-1,10,14,11,-1,8,11,15,-1,14,16,15,-1,15,11,14,-1,15,17,8,-1,18,19,20,-1,20,21,18,-1,22,23,15,-1,22,15,16,-1,24,25,23,-1,24,23,22,-1,26,19,18,-1,19,26,27,-1,26,21,28,-1,26,18,21,-1,28,29,26,-1,12,29,28,-1,28,13,12,-1,19,27,30,-1,19,30,31,-1,30,32,31,-1,30,33,32,-1,30,34,33,-1,35,36,37,-1,35,37,38,-1,38,37,39,-1,38,39,40,-1,41,42,43,-1,41,44,42,-1,45,46,47,-1,42,45,43,-1,46,48,47,-1,49,50,43,-1,46,45,42,-1,49,43,45,-1,47,48,50,-1,43,50,48,-1,51,52,53,-1,54,51,55,-1,52,56,53,-1,57,58,55,-1,52,51,54,-1,57,55,51,-1,53,56,58,-1,55,58,56,-1,59,60,61,-1,59,61,62,-1,63,64,65,-1,63,61,64,-1,66,65,59,-1,63,65,66,-1,66,59,62,-1,64,61,60,-1,67,68,69,-1,67,69,70,-1,71,72,73,-1,71,69,72,-1,74,73,67,-1,71,73,74,-1,74,67,70,-1,72,69,68,-1,75,41,43,-1,43,48,75,-1,76,75,48,-1,48,46,76,-1,77,78,54,-1,54,55,77,-1,79,77,55,-1,55,56,79,-1,80,79,56,-1,56,52,80,-1,81,82,62,-1,62,61,81,-1,83,81,61,-1,61,63,83,-1,84,83,63,-1,63,66,84,-1,85,86,70,-1,70,69,85,-1,87,85,69,-1,69,71,87,-1,88,71,74,-1,88,87,71,-1,
        ]
    }
}
Shape{
    appearance Appearance {
        material  Material 	{
            diffuseColor 0.8117647058823529 0.8117647058823529 0.8117647058823529
            specularColor 0.7529411764705882 0.7529411764705882 0.7529411764705882
            ambientIntensity 0.2
            transparency 0
            shininess 0.5
        }
    }
    geometry IndexedFaceSet {
        ccw TRUE
        solid FALSE
        coord DEF co Coordinate {
            point [
                -1.7008 2.4823 1.5748, -1.7008 2.4823 -1.0787, -1.7008 2.6791 -1.0787, -1.7008 2.6791 1.5748, -1.8976 2.6791 -1.0787, -1.8976 2.6791 1.5748, -1.8976 2.4823 -1.0787, -1.8976 2.4823 1.5748, -2.6024 2.6791 -1.0787, -2.7992 2.4823 -1.0787, -2.7992 2.6791 -1.0787, -2.6024 2.4823 -1.0787, 1.8976 2.6791 -1.0787, 1.7008 2.4823 -1.0787, 1.7008 2.6791 -1.0787, 1.8976 2.4823 -1.0787, 2.7992 2.6791 -1.0787, 2.6024 2.4823 -1.0787, 2.6024 2.6791 -1.0787, 2.7992 2.4823 -1.0787, -2.6024 2.4823 1.5748, -2.6024 2.6791 1.5748, -2.7992 2.6791 1.5748, -2.7992 2.4823 1.5748, 1.8976 2.6791 1.5748, 1.7008 2.6791 1.5748, 1.7008 2.4823 1.5748, 1.8976 2.4823 1.5748, 2.7992 2.6791 1.5748, 2.6024 2.6791 1.5748, 2.6024 2.4823 1.5748, 2.7992 2.4823 1.5748, 2.7992 2.4823 1.5748
            ]
        }
        coordIndex [
            0,1,2,-1,0,2,3,-1,3,2,4,-1,3,4,5,-1,5,4,6,-1,5,6,7,-1,7,6,1,-1,7,1,0,-1,2,6,4,-1,6,2,1,-1,8,9,10,-1,9,8,11,-1,12,13,14,-1,13,12,15,-1,16,17,18,-1,17,16,19,-1,20,11,8,-1,20,8,21,-1,21,8,10,-1,21,10,22,-1,22,10,9,-1,22,9,23,-1,23,9,11,-1,23,11,20,-1,24,12,14,-1,24,14,25,-1,25,14,13,-1,25,13,26,-1,26,13,15,-1,26,15,27,-1,27,15,12,-1,27,12,24,-1,28,16,18,-1,28,18,29,-1,29,18,17,-1,29,17,30,-1,30,17,19,-1,30,19,31,-1,31,19,16,-1,31,16,28,-1,
        ]
    }
}
Shape{
    appearance Appearance {
        material  Material 	{
            diffuseColor 0.2549019607843137 0.2549019607843137 0.2549019607843137
            specularColor 0.7529411764705882 0.7529411764705882 0.7529411764705882
            ambientIntensity 0.2
            transparency 0
            shininess 0.5
        }
    }
    geometry IndexedFaceSet {
        ccw TRUE
        solid FALSE
        coord DEF co Coordinate {
            point [
                3.0039 3.0217 5.0984, 3.0039 1.565 0.0, 3.0039 3.0217 0.0, 3.0039 1.565 5.0984, 3.122 1.4469 5.0984, 3.122 1.4469 0.0, 3.122 -1.0007 0.0, 3.122 -0.9716 0.0, 3.122 -3.0217 5.0984, 3.122 -1.0299 0.0, 3.122 -0.1654 0.0, 3.122 0.6407 0.0, 3.122 -3.0217 0.0, 3.1217 -1.0007 -0.9004, 3.1199 -0.9702 -0.9, 3.12 -0.9709 -0.45, 3.122 -1.0307 -0.45, 3.122 -1.0316 -0.9001, 2.4603 -0.5601 -1.3307, 2.3819 -0.5303 -1.2166, 2.3819 -0.5086 -1.1593, 2.3819 -0.5521 -1.274, 2.3819 -0.487 -1.1022, 2.3819 -0.5737 -1.3307, 2.3812 -0.4651 -1.0438, 2.3869 -0.4421 -0.9858, 2.3831 -0.4537 -1.0147, 2.3944 -0.4302 -0.9578, 2.4085 -0.4183 -0.9323, 2.4359 -0.4109 -0.9219, 2.5069 -0.4109 -0.9309, 2.5398 -0.5601 -1.3307, 2.5785 -0.4109 -0.9174, 2.5985 -0.4165 -0.9245, 2.6144 -0.4339 -0.9633, 2.6186 -0.4705 -1.0583, 2.6089 -0.4252 -0.9429, 2.6172 -0.4424 -0.9844, 2.6174 -0.4505 -1.0058, 2.6181 -0.4902 -1.1107, 2.6181 -0.5099 -1.1627, 2.6181 -0.5496 -1.2675, 2.6181 -0.5298 -1.2152, 2.6182 -0.5738 -1.3307, 2.6182 -0.5694 -1.3193, 2.9309 -1.1918 -1.3307, 2.9551 -1.1081 -1.3307, 3.0497 -1.1811 -1.0355, 2.955 -0.9347 -1.3307, 2.9632 -1.0213 -1.3307, 3.0813 -1.1487 -0.9742, 3.0171 -1.202 -1.1023, 3.1078 -1.1005 -0.9249, 2.9875 -1.2185 -1.1614, 2.9571 -1.2344 -1.2197, 2.8914 -1.2695 -1.3307, 2.9249 -1.2516 -1.2765, 2.9565 -0.8085 -1.2207, 2.987 -0.8248 -1.163, 2.9309 -0.8515 -1.3307, 3.0152 -0.8399 -1.1061, 3.0437 -0.8557 -1.0456, 2.9239 -0.7912 -1.278, 2.8914 -0.7738 -1.3307, 3.0581 -0.8639 -1.0143, 3.0728 -0.8755 -0.9842, 3.0872 -0.8907 -0.9556, 3.101 -0.9106 -0.9297, 3.113 -0.9369 -0.9092, 2.5417 -1.483 -1.3307, 2.619 -1.4829 -1.2953, 2.618 -1.4967 -1.2597, 2.621 -1.4688 -1.3307, 2.6181 -1.5175 -1.2047, 2.6181 -1.5385 -1.1493, 2.6169 -1.5913 -1.0102, 2.6133 -1.6024 -0.9825, 2.6187 -1.5804 -1.0382, 2.6181 -1.5593 -1.0943, 2.6061 -1.6139 -0.9556, 2.5926 -1.6253 -0.9311, 2.5662 -1.6324 -0.9213, 2.4951 -1.6324 -0.931, 2.4612 -1.4833 -1.3307, 2.4237 -1.6324 -0.9181, 2.4025 -1.6265 -0.9257, 2.3858 -1.6082 -0.9667, 2.3813 -1.5703 -1.065, 2.3916 -1.6174 -0.9451, 2.3824 -1.5907 -1.0114, 2.3828 -1.5993 -0.9889, 2.3819 -1.5502 -1.1184, 2.3819 -1.5099 -1.2247, 2.3819 -1.5301 -1.1714, 2.3819 -1.4696 -1.3307, 2.3819 -1.4896 -1.278, 2.6582 -1.4004 -1.3307, 2.6346 -1.4319 -1.3307, 2.6254 -0.6065 -1.3307, 2.6434 -0.6349 -1.3307, 2.6698 -0.6556 -1.3307, 2.6899 -1.377 -1.3307, 2.6698 -0.6556 0.0, 3.0436 -0.855 0.0, 3.0818 -0.8845 -0.0, 3.1082 -0.9248 -0.0, 2.648 -0.6397 0.0, 2.6181 -0.5694 -0.0787, 2.6215 -0.5948 -0.0787, 2.6313 -0.6184 0.0, 2.6313 -0.6184 -0.0787, 2.6181 -0.4506 -0.0787, 2.6313 2.2293 -0.0787, 2.6065 -0.4225 -0.0787, 2.5722 2.2293 -0.0787, 2.5722 -0.4109 -0.0787, 2.5785 -0.4109 -0.0787, 2.6181 -1.5805 -0.0787, 2.6214 -1.4667 -0.0787, 2.6313 -1.4383 -0.0787, 2.5722 -2.072 -0.0787, 2.5722 -1.632 -0.0787, 2.5956 -1.6233 -0.0787, 2.6313 -2.072 -0.0787, 2.6121 -1.6047 -0.0787, 2.6181 -1.4966 -0.0787, 2.4359 -0.4109 0.0, 2.5722 -0.4109 0.0, 2.5722 -1.632 0.0, 2.5722 -2.072 0.0, 2.5722 2.2293 0.0, 2.6313 -2.072 0.0, 2.6313 2.2293 0.0, 2.6313 -1.4383 0.0, 2.6557 -1.403 -0.0, 2.6899 -1.377 0.0, 3.0169 -1.2025 0.0, 3.1087 -1.0989 0.0, 3.0721 -1.159 0.0, 2.5662 -1.6321 0.0, 2.4949 -1.6324 0.0, 2.4237 -1.6324 0.0, 2.3941 -1.6201 -0.0, 2.3819 -1.5906 0.0, 2.3819 -0.465 0.0, 2.3891 -0.4379 -0.0, 2.4089 -0.4182 -0.0, -3.0039 3.0217 5.0984, -3.0039 1.565 5.0984, -3.122 1.4469 5.0984, -3.122 -3.0217 5.0984, -3.122 -1.0217 0.0, -3.122 -1.0299 0.0, -3.122 -0.9716 0.0, -3.122 -1.6938 0.0, -3.122 -2.3577 0.0, -3.122 -3.0217 0.0, -3.1211 -0.9882 0.0, -3.122 1.4469 0.0, -3.1218 -1.0049 0.0, -3.122 -1.0316 -0.9001, -3.122 -1.0307 -0.45, -3.1217 -1.0007 -0.9004, -3.1199 -0.9702 -0.9, -3.12 -0.9709 -0.45, -2.5398 -0.5601 -1.3307, -2.6182 -0.5694 -1.3193, -2.6181 -0.5496 -1.2675, -2.6182 -0.5738 -1.3307, -2.6181 -0.5298 -1.2152, -2.6181 -0.5099 -1.1628, -2.6181 -0.4901 -1.1106, -2.6174 -0.4505 -1.0058, -2.6172 -0.4424 -0.9844, -2.6181 -0.4705 -1.0585, -2.609 -0.4252 -0.9428, -2.6144 -0.4339 -0.9633, -2.5988 -0.4164 -0.9241, -2.5785 -0.4109 -0.9174, -2.5069 -0.4109 -0.9309, -2.4603 -0.5601 -1.3307, -2.4359 -0.4109 -0.9219, -2.4087 -0.4184 -0.9327, -2.3818 -0.487 -1.1022, -2.3869 -0.4421 -0.9858, -2.3831 -0.4537 -1.0147, -2.3946 -0.4302 -0.9579, -2.3812 -0.4651 -1.0438, -2.3819 -0.5303 -1.2165, -2.3819 -0.5086 -1.1594, -2.3819 -0.5737 -1.3307, -2.3819 -0.5521 -1.274, -2.9309 -1.1918 -1.3307, -3.0171 -1.202 -1.1023, -3.0494 -1.1806 -1.036, -2.957 -1.2345 -1.2199, -2.9877 -1.2181 -1.1615, -2.9551 -1.1081 -1.3307, -2.9249 -1.2516 -1.2765, -3.0806 -1.1483 -0.9755, -2.8914 -1.2695 -1.3307, -2.9632 -1.0213 -1.3307, -3.1078 -1.1005 -0.925, -2.955 -0.9347 -1.3307, -3.1065 -0.9239 -0.9203, -3.0884 -0.8904 -0.9532, -3.0659 -0.8696 -0.9983, -3.0437 -0.8557 -1.0456, -2.9309 -0.8515 -1.3307, -2.9865 -0.8245 -1.164, -3.0153 -0.8395 -1.1055, -2.9239 -0.7912 -1.278, -2.9569 -0.8088 -1.2198, -2.8914 -0.7738 -1.3307, -2.3819 -1.5099 -1.2248, -2.4612 -1.4833 -1.3307, -2.3819 -1.4896 -1.278, -2.3819 -1.5301 -1.1714, -2.3819 -1.5503 -1.1182, -2.3819 -1.4696 -1.3307, -2.3824 -1.5907 -1.0114, -2.3828 -1.5993 -0.9889, -2.3819 -1.5704 -1.0651, -2.3915 -1.6174 -0.9451, -2.3858 -1.6082 -0.9666, -2.4023 -1.6266 -0.9254, -2.4237 -1.6324 -0.9181, -2.4951 -1.6324 -0.931, -2.5417 -1.483 -1.3307, -2.5662 -1.6324 -0.9213, -2.5923 -1.6251 -0.9315, -2.6133 -1.6024 -0.9825, -2.617 -1.5913 -1.0102, -2.6187 -1.5804 -1.0382, -2.6059 -1.6138 -0.9557, -2.6181 -1.5593 -1.0944, -2.6181 -1.5385 -1.1493, -2.6181 -1.5175 -1.2047, -2.618 -1.4967 -1.2597, -2.621 -1.4688 -1.3307, -2.619 -1.4829 -1.2953, -2.6582 -1.4004 -1.3307, -2.6346 -1.4319 -1.3307, -2.6434 -0.6349 -1.3307, -2.6254 -0.6065 -1.3307, -2.6698 -0.6556 -1.3307, -2.6899 -1.377 -1.3307, -2.6899 -1.377 0.0, -3.0169 -1.2025 0.0, -3.0721 -1.159 0.0, -3.1087 -1.0989 0.0, -2.6181 -1.4966 -0.0787, -2.6214 -1.4667 -0.0787, -2.6557 -1.403 -0.0, -2.6313 -1.4383 -0.0787, -2.6313 -1.4383 0.0, -2.5722 -2.072 -0.0787, -2.6313 -2.072 -0.0787, -2.5956 -1.6233 -0.0787, -2.6181 -1.5805 -0.0787, -2.6121 -1.6047 -0.0787, -2.5722 -1.632 -0.0787, -2.6313 -0.6184 -0.0787, -2.6181 -0.4506 -0.0787, -2.6215 -0.5948 -0.0787, -2.6181 -0.5694 -0.0787, -2.6313 2.2293 -0.0787, -2.6065 -0.4225 -0.0787, -2.5785 -0.4109 -0.0787, -2.5722 2.2293 -0.0787, -2.5722 -0.4109 -0.0787, -2.5722 -1.632 0.0, -2.5722 -2.072 0.0, -2.5722 2.2293 0.0, -2.5722 -0.4109 0.0, -2.6313 -2.072 0.0, -2.6313 -0.6184 0.0, -2.6313 2.2293 0.0, -2.648 -0.6397 0.0, -2.6698 -0.6556 0.0, -3.0436 -0.855 0.0, -3.1082 -0.9248 -0.0, -3.0818 -0.8845 -0.0, -2.4359 -0.4109 0.0, -2.3891 -0.4379 -0.0, -2.4089 -0.4182 -0.0, -2.3819 -0.465 0.0, -2.3819 -1.5906 0.0, -2.3941 -1.6201 -0.0, -2.4237 -1.6324 0.0, -2.4949 -1.6324 0.0, -2.5662 -1.6321 0.0, -3.0039 1.565 0.0, -3.0039 3.0217 0.0, -2.25 1.25 0.0, -2.25 3.0217 0.0, -2.25 3.0217 0.2362, -2.25 1.25 0.2362, -1.3602 2.9409 0.2362, -1.4173 2.9847 0.2362, -1.3602 2.9409 1.7717, -1.4173 2.9847 1.7717, -1.4838 3.0123 0.2362, -1.5551 3.0217 0.2362, -1.4838 3.0123 1.7717, -1.5551 3.0217 1.7717, -1.3164 2.8839 1.7717, -1.2889 2.8174 1.7717, -1.3164 2.8839 0.2362, -1.2889 2.8174 0.2362, -1.2795 2.7461 1.7717, -1.2795 2.7461 0.2362, -1.2795 2.4311 0.2362, -1.2795 2.4311 1.7717, 0.3937 2.4311 1.7717, 1.2795 2.4311 0.2362, -0.3937 2.4311 1.7717, -0.3937 2.4311 2.6772, 0.3937 2.4311 2.6772, 1.2795 2.4311 1.7717, 1.2795 2.7461 0.2362, 1.2795 2.7461 1.7717, 1.3602 2.9409 1.7717, 1.3602 2.9409 0.2362, 1.3164 2.8839 0.2362, 1.2889 2.8174 0.2362, 1.3164 2.8839 1.7717, 1.2889 2.8174 1.7717, 1.4173 2.9847 1.7717, 1.4838 3.0123 1.7717, 1.4173 2.9847 0.2362, 1.4838 3.0123 0.2362, 1.5551 3.0217 1.7717, 1.5551 3.0217 0.2362, -0.5118 3.0217 1.7717, -0.4666 3.0127 1.7717, -0.4283 2.9871 1.7717, -0.3937 2.9035 1.7717, -0.4027 2.9487 1.7717, 0.3937 2.9035 1.7717, 0.5118 3.0217 1.7717, 0.4283 2.9871 1.7717, 0.4666 3.0127 1.7717, 0.4027 2.9487 1.7717, -0.3937 2.9035 2.6772, -0.4283 2.9871 2.6772, -0.4666 3.0127 2.6772, -0.5118 3.0217 2.6772, -0.4027 2.9487 2.6772, 0.3937 2.9035 2.6772, 0.4666 3.0127 2.6772, 0.4283 2.9871 2.6772, 0.5118 3.0217 2.6772, 0.4027 2.9487 2.6772, 0.3189 1.25 0.0, 0.3189 0.561 0.2362, 0.3189 1.25 0.2362, 0.3189 0.561 0.0, 0.0827 0.561 0.0, 0.0827 0.561 0.2362, 0.0827 1.25 0.0, 0.0827 1.25 0.2362, 0.4843 -0.1398 0.0, 0.4843 1.25 0.0, 0.4843 1.25 0.2362, 0.4843 -0.1398 0.2362, 0.7205 -0.1398 0.0, 0.7205 -0.1398 0.2362, 0.7205 1.25 0.0, 0.7205 1.25 0.2362, -0.4803 1.25 0.0, -0.4803 0.561 0.2362, -0.4803 1.25 0.2362, -0.4803 0.561 0.0, -0.7165 0.561 0.0, -0.7165 0.561 0.2362, -0.7165 1.25 0.0, -0.7165 1.25 0.2362, -0.315 -0.1398 0.0, -0.315 1.25 0.0, -0.315 1.25 0.2362, -0.315 -0.1398 0.2362, -0.0787 -0.1398 0.0, -0.0787 -0.1398 0.2362, -0.0787 1.25 0.0, -0.0787 1.25 0.2362, -1.1142 -0.1398 0.0, -1.1142 1.25 0.0, -1.1142 1.25 0.2362, -1.1142 -0.1398 0.2362, -0.878 -0.1398 0.0, -0.878 -0.1398 0.2362, -0.878 1.25 0.0, -0.878 1.25 0.2362, -0.878 1.25 0.2362
            ]
        }
        coordIndex [
            0,1,2,-1,0,3,1,-1,4,5,1,-1,4,1,3,-1,6,7,8,-1,6,8,9,-1,4,7,10,-1,7,4,8,-1,10,11,4,-1,11,5,4,-1,9,8,12,-1,13,14,15,-1,13,15,7,-1,6,13,7,-1,6,9,13,-1,13,9,16,-1,17,13,16,-1,18,19,20,-1,18,21,19,-1,18,20,22,-1,18,23,21,-1,22,24,25,-1,25,24,26,-1,27,22,25,-1,27,28,18,-1,18,22,27,-1,29,30,18,-1,29,18,28,-1,18,30,31,-1,31,32,33,-1,30,32,31,-1,34,35,36,-1,33,36,31,-1,35,37,38,-1,37,35,34,-1,35,39,36,-1,40,31,39,-1,36,39,31,-1,41,31,42,-1,31,40,42,-1,43,31,44,-1,31,41,44,-1,45,46,47,-1,48,14,49,-1,47,46,50,-1,51,45,47,-1,52,50,46,-1,53,45,51,-1,54,45,53,-1,49,52,46,-1,55,45,56,-1,45,54,56,-1,52,49,17,-1,14,13,49,-1,49,13,17,-1,57,58,59,-1,59,58,60,-1,60,61,59,-1,59,62,57,-1,59,63,62,-1,48,61,64,-1,61,48,59,-1,48,65,66,-1,64,65,48,-1,48,67,68,-1,66,67,48,-1,48,68,14,-1,69,70,71,-1,69,72,70,-1,69,71,73,-1,73,74,69,-1,75,76,77,-1,78,69,74,-1,79,78,76,-1,77,76,78,-1,79,80,69,-1,69,78,79,-1,81,82,69,-1,81,69,80,-1,69,82,83,-1,83,84,85,-1,82,84,83,-1,86,87,88,-1,85,88,83,-1,86,89,87,-1,86,90,89,-1,83,88,91,-1,87,91,88,-1,92,83,93,-1,83,91,93,-1,94,83,95,-1,83,92,95,-1,83,94,18,-1,48,46,45,-1,69,83,96,-1,94,23,18,-1,96,97,69,-1,97,72,69,-1,31,98,99,-1,18,31,99,-1,98,31,43,-1,83,18,99,-1,100,101,96,-1,99,96,83,-1,99,100,96,-1,100,63,101,-1,59,55,63,-1,101,63,55,-1,49,46,48,-1,59,48,45,-1,59,45,55,-1,63,100,102,-1,103,61,60,-1,103,60,58,-1,103,58,57,-1,102,57,62,-1,57,102,103,-1,102,62,63,-1,104,105,67,-1,65,104,66,-1,104,67,66,-1,64,103,104,-1,104,65,64,-1,61,103,64,-1,67,105,68,-1,105,7,68,-1,68,15,14,-1,68,7,15,-1,100,99,106,-1,107,43,44,-1,98,43,108,-1,106,99,109,-1,100,106,102,-1,110,98,108,-1,98,110,99,-1,99,110,109,-1,43,107,108,-1,110,108,111,-1,111,108,107,-1,112,113,114,-1,111,112,110,-1,112,111,113,-1,115,114,116,-1,114,113,116,-1,117,118,119,-1,120,121,122,-1,120,122,123,-1,123,122,124,-1,119,123,117,-1,123,124,117,-1,118,117,125,-1,32,30,115,-1,29,126,30,-1,126,127,115,-1,32,115,116,-1,30,126,115,-1,128,121,120,-1,128,120,129,-1,130,114,115,-1,130,115,127,-1,129,120,123,-1,129,123,131,-1,109,110,112,-1,109,112,132,-1,131,123,119,-1,131,119,133,-1,132,112,114,-1,132,114,130,-1,97,119,72,-1,97,134,133,-1,119,118,72,-1,135,96,101,-1,134,96,135,-1,96,134,97,-1,97,133,119,-1,70,125,71,-1,70,118,125,-1,118,70,72,-1,135,101,55,-1,56,135,55,-1,136,56,54,-1,136,135,56,-1,51,136,53,-1,54,53,136,-1,137,50,52,-1,16,9,137,-1,17,137,52,-1,16,137,17,-1,50,137,138,-1,138,47,50,-1,138,136,47,-1,47,136,51,-1,117,77,78,-1,74,73,125,-1,78,74,117,-1,71,125,73,-1,125,117,74,-1,122,80,79,-1,121,80,122,-1,139,121,128,-1,121,81,80,-1,121,139,81,-1,79,124,122,-1,124,76,75,-1,79,76,124,-1,124,75,117,-1,117,75,77,-1,140,141,84,-1,81,139,140,-1,82,140,84,-1,140,82,81,-1,142,143,86,-1,85,142,88,-1,142,86,88,-1,85,84,141,-1,141,142,85,-1,90,86,143,-1,90,143,89,-1,144,89,143,-1,89,144,24,-1,22,91,87,-1,19,21,95,-1,19,93,20,-1,21,94,95,-1,21,23,94,-1,92,93,19,-1,95,92,19,-1,20,91,22,-1,20,93,91,-1,89,24,87,-1,24,22,87,-1,145,146,27,-1,26,145,25,-1,145,27,25,-1,26,24,144,-1,144,145,26,-1,28,27,146,-1,28,146,29,-1,29,146,126,-1,37,111,38,-1,111,37,34,-1,34,113,111,-1,113,36,33,-1,34,36,113,-1,113,33,116,-1,116,33,32,-1,111,107,39,-1,107,44,41,-1,107,42,40,-1,41,42,107,-1,39,35,111,-1,40,39,107,-1,38,111,35,-1,147,148,3,-1,149,150,148,-1,8,148,150,-1,4,3,8,-1,147,3,0,-1,8,3,148,-1,150,151,152,-1,150,149,153,-1,150,154,155,-1,152,154,150,-1,155,156,150,-1,150,153,157,-1,149,158,153,-1,151,150,159,-1,150,157,159,-1,151,160,161,-1,152,151,161,-1,162,160,151,-1,162,159,157,-1,151,159,162,-1,162,157,163,-1,163,157,164,-1,157,153,164,-1,165,166,167,-1,165,168,166,-1,165,167,169,-1,170,171,165,-1,170,165,169,-1,172,173,174,-1,175,171,174,-1,174,173,175,-1,173,176,175,-1,175,177,165,-1,171,175,165,-1,178,179,165,-1,178,165,177,-1,165,179,180,-1,180,181,182,-1,179,181,180,-1,183,184,185,-1,182,186,180,-1,186,184,183,-1,185,187,183,-1,186,183,180,-1,188,180,189,-1,180,183,189,-1,190,180,191,-1,180,188,191,-1,192,193,194,-1,192,195,196,-1,192,196,193,-1,194,197,192,-1,192,198,195,-1,199,197,194,-1,192,200,198,-1,201,197,202,-1,199,202,197,-1,162,201,160,-1,201,202,160,-1,163,203,201,-1,201,162,163,-1,204,205,203,-1,204,203,163,-1,206,207,203,-1,206,203,205,-1,203,207,208,-1,209,208,210,-1,208,207,210,-1,211,208,212,-1,208,209,212,-1,213,208,211,-1,214,215,216,-1,215,214,217,-1,218,215,217,-1,215,219,216,-1,220,221,222,-1,223,218,222,-1,222,221,223,-1,221,224,223,-1,223,225,215,-1,218,223,215,-1,226,227,215,-1,226,215,225,-1,215,227,228,-1,228,229,230,-1,227,229,228,-1,231,232,233,-1,230,234,228,-1,231,233,235,-1,235,234,231,-1,236,228,235,-1,234,235,228,-1,228,236,237,-1,228,237,238,-1,239,228,240,-1,228,238,240,-1,241,215,228,-1,213,200,208,-1,208,200,192,-1,219,180,190,-1,241,228,242,-1,242,228,239,-1,165,180,243,-1,219,215,180,-1,244,165,243,-1,168,165,244,-1,215,241,243,-1,243,180,215,-1,243,241,245,-1,241,246,245,-1,208,192,203,-1,246,213,245,-1,197,203,192,-1,203,197,201,-1,200,213,246,-1,200,246,247,-1,200,247,198,-1,198,247,248,-1,248,196,195,-1,198,248,195,-1,196,248,193,-1,199,249,250,-1,161,250,152,-1,249,194,248,-1,194,249,199,-1,194,193,248,-1,250,202,199,-1,202,250,160,-1,250,161,160,-1,240,238,251,-1,240,252,239,-1,241,253,247,-1,242,254,255,-1,246,241,247,-1,241,242,253,-1,253,242,255,-1,252,254,239,-1,239,254,242,-1,240,251,252,-1,256,257,258,-1,259,254,252,-1,259,252,251,-1,254,259,257,-1,257,260,258,-1,256,258,261,-1,259,260,257,-1,262,263,264,-1,265,264,263,-1,266,267,263,-1,263,262,266,-1,268,267,269,-1,270,268,269,-1,269,267,266,-1,256,261,271,-1,271,272,256,-1,270,269,273,-1,273,274,270,-1,257,256,272,-1,272,275,257,-1,266,262,276,-1,276,277,266,-1,254,257,275,-1,275,255,254,-1,277,269,266,-1,277,273,269,-1,278,245,279,-1,276,243,278,-1,244,243,262,-1,264,244,262,-1,245,278,243,-1,243,276,262,-1,168,264,265,-1,166,168,265,-1,244,264,168,-1,209,210,280,-1,210,207,280,-1,212,209,280,-1,279,211,212,-1,212,280,279,-1,211,279,213,-1,279,245,213,-1,204,281,205,-1,281,164,153,-1,204,163,281,-1,282,205,281,-1,163,164,281,-1,282,206,205,-1,282,280,206,-1,206,280,207,-1,170,169,265,-1,263,171,265,-1,170,265,171,-1,172,174,263,-1,263,174,171,-1,265,169,167,-1,167,166,265,-1,268,177,267,-1,178,177,268,-1,175,267,177,-1,263,267,176,-1,175,176,267,-1,263,176,173,-1,263,173,172,-1,179,283,181,-1,283,270,274,-1,178,270,179,-1,283,179,270,-1,270,178,268,-1,186,284,184,-1,186,182,285,-1,285,284,186,-1,181,285,182,-1,181,283,285,-1,185,184,284,-1,284,286,185,-1,185,286,187,-1,187,222,183,-1,216,188,214,-1,217,214,188,-1,216,191,188,-1,191,219,190,-1,219,191,216,-1,189,217,188,-1,189,218,217,-1,218,183,222,-1,183,218,189,-1,187,286,220,-1,187,220,222,-1,286,287,220,-1,225,223,288,-1,288,224,287,-1,224,288,223,-1,224,221,287,-1,221,220,287,-1,289,225,288,-1,225,289,226,-1,227,226,290,-1,227,290,229,-1,290,226,289,-1,290,291,229,-1,232,231,260,-1,229,261,230,-1,261,291,271,-1,259,233,232,-1,232,260,259,-1,231,234,260,-1,258,234,230,-1,234,258,260,-1,258,230,261,-1,261,229,291,-1,237,251,238,-1,236,259,251,-1,251,237,236,-1,236,235,259,-1,235,233,259,-1,148,292,158,-1,148,158,149,-1,293,292,148,-1,148,147,293,-1,294,295,296,-1,296,297,294,-1,298,299,300,-1,301,299,302,-1,299,301,300,-1,303,304,302,-1,301,302,304,-1,305,304,303,-1,306,298,300,-1,306,307,308,-1,308,298,306,-1,309,307,310,-1,307,309,308,-1,309,310,311,-1,312,311,310,-1,310,313,312,-1,314,315,316,-1,314,316,317,-1,314,317,318,-1,312,316,315,-1,316,312,313,-1,314,319,315,-1,320,315,319,-1,319,321,320,-1,322,323,324,-1,325,326,324,-1,322,324,326,-1,325,320,327,-1,327,326,325,-1,320,321,327,-1,328,323,322,-1,328,329,330,-1,330,323,328,-1,331,329,332,-1,329,331,330,-1,331,332,333,-1,334,335,336,-1,310,307,337,-1,336,338,334,-1,338,337,334,-1,313,310,316,-1,310,337,316,-1,307,334,337,-1,334,306,300,-1,307,306,334,-1,334,301,304,-1,300,301,334,-1,304,305,334,-1,339,340,327,-1,341,342,340,-1,340,343,341,-1,332,329,340,-1,339,343,340,-1,328,340,329,-1,340,322,326,-1,328,322,340,-1,327,321,339,-1,326,327,340,-1,319,314,321,-1,339,321,314,-1,316,337,344,-1,344,317,316,-1,345,336,335,-1,334,346,335,-1,345,335,346,-1,347,346,334,-1,348,336,345,-1,338,348,344,-1,348,338,336,-1,338,344,337,-1,349,317,344,-1,350,351,345,-1,345,351,348,-1,346,350,345,-1,352,350,346,-1,346,347,352,-1,344,348,353,-1,351,353,348,-1,317,349,318,-1,344,353,349,-1,318,339,314,-1,318,349,339,-1,351,341,343,-1,339,349,353,-1,340,342,352,-1,352,342,350,-1,350,341,351,-1,342,341,350,-1,353,343,339,-1,351,343,353,-1,354,355,356,-1,354,357,355,-1,357,358,359,-1,359,355,357,-1,358,360,361,-1,361,359,358,-1,362,363,364,-1,364,365,362,-1,366,362,365,-1,365,367,366,-1,368,367,369,-1,368,366,367,-1,370,371,372,-1,370,373,371,-1,373,374,375,-1,375,371,373,-1,374,376,377,-1,377,375,374,-1,378,379,380,-1,380,381,378,-1,382,378,381,-1,381,383,382,-1,384,383,385,-1,384,382,383,-1,386,387,388,-1,388,389,386,-1,390,386,389,-1,389,391,390,-1,392,391,393,-1,392,390,391,-1,
        ]
    }
}
Shape{
    appearance Appearance {
        material  Material 	{
            diffuseColor 0.8117647058823529 0.8117647058823529 0.8117647058823529
            specularColor 0.7529411764705882 0.7529411764705882 0.7529411764705882
            ambientIntensity 0.2
            transparency 0
            shininess 0.5
        }
    }
    geometry IndexedFaceSet {
        ccw TRUE
        solid FALSE
        coord DEF co Coordinate {
            point [
                1.5 -0.1201 0.2362, 1.5 -0.1201 -1.0787, 1.5 0.0768 -1.0787, 1.5 0.0768 0.2362, 1.3031 0.0768 -1.0787, 1.3031 0.0768 0.2362, 1.3031 -0.1201 -1.0787, 1.3031 -0.1201 0.2362, 1.0984 0.7776 -1.0787, 0.9016 0.5807 -1.0787, 0.9016 0.7776 -1.0787, 1.0984 0.5807 -1.0787, 1.0984 0.5807 0.2362, 1.0984 0.7776 0.2362, 0.9016 0.7776 0.2362, 0.9016 0.5807 0.2362, 0.7008 -0.1201 0.2362, 0.7008 -0.1201 -1.0787, 0.7008 0.0768 -1.0787, 0.7008 0.0768 0.2362, 0.5039 0.0768 -1.0787, 0.5039 0.0768 0.2362, 0.5039 -0.1201 -1.0787, 0.5039 -0.1201 0.2362, 0.2992 0.7776 -1.0787, 0.1024 0.5807 -1.0787, 0.1024 0.7776 -1.0787, 0.2992 0.5807 -1.0787, 0.2992 0.5807 0.2362, 0.2992 0.7776 0.2362, 0.1024 0.7776 0.2362, 0.1024 0.5807 0.2362, -0.0984 -0.1201 0.2362, -0.0984 -0.1201 -1.0787, -0.0984 0.0768 -1.0787, -0.0984 0.0768 0.2362, -0.2953 0.0768 -1.0787, -0.2953 0.0768 0.2362, -0.2953 -0.1201 -1.0787, -0.2953 -0.1201 0.2362, -0.5 0.7776 -1.0787, -0.6969 0.5807 -1.0787, -0.6969 0.7776 -1.0787, -0.5 0.5807 -1.0787, -0.5 0.5807 0.2362, -0.5 0.7776 0.2362, -0.6969 0.7776 0.2362, -0.6969 0.5807 0.2362, -0.8976 -0.1201 0.2362, -0.8976 -0.1201 -1.0787, -0.8976 0.0768 -1.0787, -0.8976 0.0768 0.2362, -1.0945 0.0768 -1.0787, -1.0945 0.0768 0.2362, -1.0945 -0.1201 -1.0787, -1.0945 -0.1201 0.2362, -1.2992 0.7776 -1.0787, -1.4961 0.5807 -1.0787, -1.4961 0.7776 -1.0787, -1.2992 0.5807 -1.0787, -1.2992 0.5807 0.2362, -1.2992 0.7776 0.2362, -1.4961 0.7776 0.2362, -1.4961 0.5807 0.2362, -1.4961 0.5807 0.2362
            ]
        }
        coordIndex [
            0,1,2,-1,0,2,3,-1,3,2,4,-1,3,4,5,-1,5,4,6,-1,5,6,7,-1,1,7,6,-1,7,1,0,-1,2,6,4,-1,6,2,1,-1,8,9,10,-1,9,8,11,-1,12,11,8,-1,12,8,13,-1,13,8,10,-1,13,10,14,-1,14,10,9,-1,14,9,15,-1,15,9,11,-1,15,11,12,-1,16,17,18,-1,16,18,19,-1,19,18,20,-1,19,20,21,-1,21,20,22,-1,21,22,23,-1,23,22,17,-1,23,17,16,-1,18,22,20,-1,22,18,17,-1,24,25,26,-1,25,24,27,-1,28,27,24,-1,28,24,29,-1,29,24,26,-1,29,26,30,-1,30,26,25,-1,30,25,31,-1,31,25,27,-1,31,27,28,-1,32,33,34,-1,32,34,35,-1,35,34,36,-1,35,36,37,-1,37,36,38,-1,37,38,39,-1,39,38,33,-1,39,33,32,-1,34,38,36,-1,38,34,33,-1,40,41,42,-1,41,40,43,-1,44,43,40,-1,44,40,45,-1,45,40,42,-1,45,42,46,-1,46,42,41,-1,46,41,47,-1,47,41,43,-1,47,43,44,-1,48,49,50,-1,48,50,51,-1,51,50,52,-1,51,52,53,-1,53,52,54,-1,53,54,55,-1,55,54,49,-1,55,49,48,-1,50,54,52,-1,54,50,49,-1,56,57,58,-1,57,56,59,-1,60,59,56,-1,60,56,61,-1,61,56,58,-1,61,58,62,-1,62,58,57,-1,62,57,63,-1,63,57,59,-1,63,59,60,-1,
        ]
    }
}
Shape{
    appearance Appearance {
        material  Material 	{
            diffuseColor 0.9098039215686274 0.9098039215686274 0.9098039215686274
            specularColor 0.7529411764705882 0.7529411764705882 0.7529411764705882
            ambientIntensity 0.2
            transparency 0
            shininess 0.5
        }
    }
    geometry IndexedFaceSet {
        ccw TRUE
        solid FALSE
        coord DEF co Coordinate {
            point [
                -1.0394 -0.6654 0.0, -1.0394 -0.6654 -0.0118, -1.0394 -1.1378 -0.0118, -1.0394 -1.1378 0.0, -0.9803 -1.1378 -0.0118, -0.9803 -1.1378 0.0, -0.9803 -0.7257 -0.0118, -0.9803 -0.7257 0.0, -0.685 -0.7257 -0.0118, -0.685 -0.7257 0.0, -0.685 -0.6654 -0.0118, -0.685 -0.6654 0.0, -0.5177 -1.0473 -0.0118, -0.5768 -1.0674 -0.0118, -0.5374 -1.0172 -0.0118, -0.2224 -1.0172 -0.0118, -0.2323 -1.0674 -0.0118, -0.2815 -1.0172 -0.0118, -0.498 -0.6754 -0.0118, -0.4488 -0.7257 -0.0118, -0.4882 -0.7357 -0.0118, -0.3602 -0.7257 -0.0118, -0.311 -0.6754 -0.0118, -0.3209 -0.7357 -0.0118, -0.2717 -0.6955 -0.0118, -0.2913 -0.7558 -0.0118, -0.3602 -0.6654 -0.0118, -0.4488 -0.6654 -0.0118, -0.5177 -0.7558 -0.0118, -0.5374 -0.6955 -0.0118, -0.5374 -0.786 -0.0118, -0.5768 -0.7357 -0.0118, -0.5965 -0.7759 -0.0118, -0.5472 -0.8262 -0.0118, -0.5965 -1.0272 -0.0118, -0.5472 -0.977 -0.0118, -0.6063 -0.977 -0.0118, -0.6063 -0.8262 -0.0118, -0.4882 -1.0674 -0.0118, -0.5374 -1.1076 -0.0118, -0.498 -1.1277 -0.0118, -0.4488 -1.0775 -0.0118, -0.3602 -1.1378 -0.0118, -0.4488 -1.1378 -0.0118, -0.3602 -1.0775 -0.0118, -0.3209 -1.0674 -0.0118, -0.311 -1.1277 -0.0118, -0.2913 -1.0473 -0.0118, -0.2717 -1.1076 -0.0118, -0.2323 -0.7357 -0.0118, -0.2815 -0.786 -0.0118, -0.2224 -0.786 -0.0118, -0.1437 -0.6654 -0.0118, -0.0846 -0.8865 -0.0118, -0.1437 -1.1378 -0.0118, -0.0846 -0.9468 -0.0118, 0.2106 -0.6654 -0.0118, -0.0846 -0.7257 -0.0118, 0.1713 -0.8865 -0.0118, 0.1713 -0.9468 -0.0118, -0.0846 -1.0775 -0.0118, 0.2106 -1.0775 -0.0118, 0.2106 -1.1378 -0.0118, 0.2106 -0.7257 -0.0118, 0.6732 -0.7759 -0.0118, 0.624 -0.8262 -0.0118, 0.6142 -0.786 -0.0118, 0.6831 -0.8262 -0.0118, 0.624 -0.977 -0.0118, 0.6831 -0.977 -0.0118, 0.6535 -1.0674 -0.0118, 0.5945 -1.0473 -0.0118, 0.6142 -1.0172 -0.0118, 0.565 -1.0674 -0.0118, 0.6142 -1.1076 -0.0118, 0.5748 -1.1277 -0.0118, 0.5256 -1.0775 -0.0118, 0.5256 -1.1378 -0.0118, 0.6732 -1.0272 -0.0118, 0.3484 -1.0775 -0.0118, 0.2894 -1.1378 -0.0118, 0.3484 -0.7257 -0.0118, 0.2894 -0.6654 -0.0118, 0.5256 -0.7257 -0.0118, 0.5748 -0.6754 -0.0118, 0.565 -0.7357 -0.0118, 0.5945 -0.7558 -0.0118, 0.6142 -0.6955 -0.0118, 0.6535 -0.7357 -0.0118, 0.5256 -0.6654 -0.0118, 1.1555 -0.6654 -0.0118, 0.998 -1.1378 -0.0118, 1.0472 -0.8262 -0.0118, 0.8602 -0.786 -0.0118, 0.7618 -0.6654 -0.0118, 0.8209 -0.6654 -0.0118, 0.8701 -0.8262 -0.0118, 1.0965 -0.6654 -0.0118, 1.0571 -0.786 -0.0118, 0.9193 -1.1378 -0.0118, 0.9587 -1.0976 -0.0118, -0.2815 -0.786 0.0, -0.2224 -0.786 0.0, -0.2323 -0.7357 0.0, -0.2717 -0.6955 0.0, -0.311 -0.6754 0.0, -0.3602 -0.6654 0.0, -0.4488 -0.6654 0.0, -0.498 -0.6754 0.0, -0.5374 -0.6955 0.0, -0.5768 -0.7357 0.0, -0.5965 -0.7759 0.0, -0.6063 -0.8262 0.0, -0.6063 -0.977 0.0, -0.5965 -1.0272 0.0, -0.5768 -1.0674 0.0, -0.5374 -1.1076 0.0, -0.498 -1.1277 0.0, -0.4488 -1.1378 0.0, -0.3602 -1.1378 0.0, -0.311 -1.1277 0.0, -0.2717 -1.1076 0.0, -0.2323 -1.0674 0.0, -0.2224 -1.0172 0.0, -0.2815 -1.0172 0.0, -0.2913 -1.0473 0.0, -0.3209 -1.0674 0.0, -0.3602 -1.0775 0.0, -0.4488 -1.0775 0.0, -0.4882 -1.0674 0.0, -0.5177 -1.0473 0.0, -0.5374 -1.0172 0.0, -0.5472 -0.977 0.0, -0.5472 -0.8262 0.0, -0.5374 -0.786 0.0, -0.5177 -0.7558 0.0, -0.4882 -0.7357 0.0, -0.4488 -0.7257 0.0, -0.3602 -0.7257 0.0, -0.3209 -0.7357 0.0, -0.2913 -0.7558 0.0, -0.0846 -0.7257 0.0, 0.2106 -0.7257 0.0, 0.2106 -0.6654 0.0, -0.1437 -0.6654 0.0, -0.1437 -1.1378 0.0, 0.2106 -1.1378 0.0, 0.2106 -1.0775 0.0, -0.0846 -1.0775 0.0, -0.0846 -0.9468 0.0, 0.1713 -0.9468 0.0, 0.1713 -0.8865 0.0, -0.0846 -0.8865 0.0, 0.2894 -1.1378 0.0, 0.5256 -1.1378 0.0, 0.5748 -1.1277 0.0, 0.6142 -1.1076 0.0, 0.6535 -1.0674 0.0, 0.6732 -1.0272 0.0, 0.6831 -0.977 0.0, 0.6831 -0.8262 0.0, 0.6732 -0.7759 0.0, 0.6535 -0.7357 0.0, 0.6142 -0.6955 0.0, 0.5748 -0.6754 0.0, 0.5256 -0.6654 0.0, 0.2894 -0.6654 0.0, 0.5256 -1.0775 0.0, 0.3484 -1.0775 0.0, 0.3484 -0.7257 0.0, 0.5256 -0.7257 0.0, 0.565 -0.7357 0.0, 0.5945 -0.7558 0.0, 0.6142 -0.786 0.0, 0.624 -0.8262 0.0, 0.624 -0.977 0.0, 0.6142 -1.0172 0.0, 0.5945 -1.0473 0.0, 0.565 -1.0674 0.0, 0.9193 -1.1378 0.0, 0.998 -1.1378 0.0, 1.1555 -0.6654 0.0, 1.0965 -0.6654 0.0, 1.0571 -0.786 0.0, 0.8602 -0.786 0.0, 0.8209 -0.6654 0.0, 0.7618 -0.6654 0.0, 1.0472 -0.8262 0.0, 0.9587 -1.0976 0.0, 0.8701 -0.8262 0.0, 0.8701 -0.8262 0.0
            ]
        }
        coordIndex [
            0,1,2,-1,0,2,3,-1,3,2,4,-1,3,4,5,-1,5,4,6,-1,5,6,7,-1,7,6,8,-1,7,8,9,-1,9,8,10,-1,9,10,11,-1,11,10,1,-1,11,1,0,-1,6,10,8,-1,6,2,1,-1,6,4,2,-1,10,6,1,-1,12,13,14,-1,15,16,17,-1,18,19,20,-1,21,22,23,-1,23,24,25,-1,26,19,27,-1,28,29,20,-1,30,31,28,-1,32,31,30,-1,30,33,32,-1,14,34,35,-1,33,36,37,-1,38,39,12,-1,40,39,38,-1,41,40,38,-1,42,43,44,-1,45,46,44,-1,47,48,45,-1,17,16,47,-1,25,49,50,-1,16,48,47,-1,48,46,45,-1,46,42,44,-1,43,41,44,-1,43,40,41,-1,12,39,13,-1,13,34,14,-1,34,36,35,-1,35,36,33,-1,37,32,33,-1,28,31,29,-1,20,29,18,-1,18,27,19,-1,26,21,19,-1,26,22,21,-1,22,24,23,-1,24,49,25,-1,49,51,50,-1,52,53,54,-1,53,55,54,-1,52,56,57,-1,55,58,59,-1,60,61,62,-1,62,54,60,-1,60,54,55,-1,58,55,53,-1,53,52,57,-1,56,63,57,-1,64,65,66,-1,67,65,64,-1,67,68,65,-1,67,69,68,-1,70,71,72,-1,73,71,74,-1,75,73,74,-1,75,76,73,-1,76,75,77,-1,68,78,72,-1,79,77,80,-1,81,80,82,-1,83,84,85,-1,79,76,77,-1,86,85,87,-1,74,71,70,-1,70,72,78,-1,78,68,69,-1,86,88,66,-1,88,64,66,-1,88,86,87,-1,87,85,84,-1,89,83,81,-1,84,83,89,-1,80,81,79,-1,89,81,82,-1,90,91,92,-1,93,94,95,-1,93,96,94,-1,97,90,98,-1,92,96,98,-1,92,98,90,-1,91,99,100,-1,96,93,98,-1,91,100,92,-1,100,99,96,-1,94,96,99,-1,101,50,51,-1,101,51,102,-1,102,51,49,-1,102,49,103,-1,103,49,24,-1,103,24,104,-1,104,24,22,-1,104,22,105,-1,105,22,26,-1,105,26,106,-1,106,26,27,-1,106,27,107,-1,107,27,18,-1,107,18,108,-1,108,18,29,-1,108,29,109,-1,109,29,31,-1,109,31,110,-1,110,31,32,-1,110,32,111,-1,111,32,37,-1,111,37,112,-1,112,37,36,-1,112,36,113,-1,113,36,34,-1,113,34,114,-1,114,34,13,-1,114,13,115,-1,115,13,39,-1,115,39,116,-1,116,39,40,-1,116,40,117,-1,117,40,43,-1,117,43,118,-1,118,43,42,-1,118,42,119,-1,119,42,46,-1,119,46,120,-1,120,46,48,-1,120,48,121,-1,121,48,16,-1,121,16,122,-1,122,16,15,-1,122,15,123,-1,123,15,17,-1,123,17,124,-1,124,17,47,-1,124,47,125,-1,125,47,45,-1,125,45,126,-1,126,45,44,-1,126,44,127,-1,127,44,41,-1,127,41,128,-1,128,41,38,-1,128,38,129,-1,129,38,12,-1,129,12,130,-1,130,12,14,-1,130,14,131,-1,131,14,35,-1,131,35,132,-1,132,35,33,-1,132,33,133,-1,133,33,30,-1,133,30,134,-1,134,30,28,-1,134,28,135,-1,135,28,20,-1,135,20,136,-1,136,20,19,-1,136,19,137,-1,137,19,21,-1,137,21,138,-1,138,21,23,-1,138,23,139,-1,139,23,25,-1,139,25,140,-1,140,25,50,-1,140,50,101,-1,141,57,63,-1,141,63,142,-1,142,63,56,-1,142,56,143,-1,143,56,52,-1,143,52,144,-1,144,52,54,-1,144,54,145,-1,145,54,62,-1,145,62,146,-1,146,62,61,-1,146,61,147,-1,147,61,60,-1,147,60,148,-1,148,60,55,-1,148,55,149,-1,149,55,59,-1,149,59,150,-1,150,59,58,-1,150,58,151,-1,151,58,53,-1,151,53,152,-1,152,53,57,-1,152,57,141,-1,153,80,77,-1,153,77,154,-1,154,77,75,-1,154,75,155,-1,155,75,74,-1,155,74,156,-1,156,74,70,-1,156,70,157,-1,157,70,78,-1,157,78,158,-1,158,78,69,-1,158,69,159,-1,159,69,67,-1,159,67,160,-1,160,67,64,-1,160,64,161,-1,161,64,88,-1,161,88,162,-1,162,88,87,-1,162,87,163,-1,163,87,84,-1,163,84,164,-1,164,84,89,-1,164,89,165,-1,165,89,82,-1,165,82,166,-1,166,82,80,-1,166,80,153,-1,167,76,79,-1,167,79,168,-1,168,79,81,-1,168,81,169,-1,169,81,83,-1,169,83,170,-1,170,83,85,-1,170,85,171,-1,171,85,86,-1,171,86,172,-1,172,86,66,-1,172,66,173,-1,173,66,65,-1,173,65,174,-1,174,65,68,-1,174,68,175,-1,175,68,72,-1,175,72,176,-1,176,72,71,-1,176,71,177,-1,177,71,73,-1,177,73,178,-1,178,73,76,-1,178,76,167,-1,179,99,91,-1,179,91,180,-1,180,91,90,-1,180,90,181,-1,181,90,97,-1,181,97,182,-1,182,97,98,-1,182,98,183,-1,183,98,93,-1,183,93,184,-1,184,93,95,-1,184,95,185,-1,185,95,94,-1,185,94,186,-1,186,94,99,-1,186,99,179,-1,187,92,100,-1,187,100,188,-1,188,100,96,-1,188,96,189,-1,189,96,92,-1,189,92,187,-1,
        ]
    }
}
Shape{
    appearance Appearance {
        material  Material 	{
            diffuseColor 0.2549019607843137 0.2549019607843137 0.2549019607843137
            specularColor 0.7529411764705882 0.7529411764705882 0.7529411764705882
            ambientIntensity 0.2
            transparency 0
            shininess 0.5
        }
    }
    geometry IndexedFaceSet {
        ccw TRUE
        solid FALSE
        coord DEF co Coordinate {
            point [
                2.6496 -3.0217 1.6831, 2.6496 -3.0217 2.8642, 2.6496 2.2933 2.8642, 2.6496 2.2933 1.6831, -1.2598 1.8996 0.7087, -1.2598 -1.4469 0.315, -1.2598 -1.1713 0.7087, -1.2598 2.0374 2.5441, -1.2598 2.1039 2.5717, -1.2598 2.1752 2.5811, -1.2598 2.2933 0.315, -1.2598 2.2933 2.5811, -1.2598 1.9803 2.5004, -1.2598 1.9365 2.4433, -1.2598 1.909 2.3768, -1.2598 -1.3091 0.6717, -1.2598 -1.3661 0.6279, -1.2598 1.8996 2.3055, -1.2598 -1.4375 0.5044, -1.2598 -1.4469 0.4331, -1.2598 -1.4099 0.5709, -1.2598 -1.2426 0.6993, -1.1024 -1.3661 0.6279, -1.1024 -1.4099 0.5709, -1.1024 -1.4375 0.5044, -1.1024 -1.4469 0.4331, -1.1024 -1.3091 0.6717, -1.1024 -1.2426 0.6993, -1.1024 -1.1713 0.7087, -1.1024 1.8996 0.7087, -1.1024 1.8996 2.3055, -1.1024 1.9803 2.5004, -1.1024 1.9365 2.4433, -1.1024 1.909 2.3768, -1.1024 2.0374 2.5441, -1.1024 2.1039 2.5717, -1.1024 2.1752 2.5811, -1.1024 2.2933 2.5811, -1.1024 -1.4469 0.315, -1.1024 2.2933 0.315, -0.8661 1.8996 0.7087, -0.8661 -1.4469 0.315, -0.8661 -1.1713 0.7087, -0.8661 2.0374 2.5441, -0.8661 2.1039 2.5717, -0.8661 2.1752 2.5811, -0.8661 2.2933 0.315, -0.8661 2.2933 2.5811, -0.8661 1.9803 2.5004, -0.8661 1.9365 2.4433, -0.8661 1.909 2.3768, -0.8661 -1.3091 0.6717, -0.8661 -1.3661 0.6279, -0.8661 1.8996 2.3055, -0.8661 -1.4375 0.5044, -0.8661 -1.4469 0.4331, -0.8661 -1.4099 0.5709, -0.8661 -1.2426 0.6993, -0.7087 -1.3661 0.6279, -0.7087 -1.4099 0.5709, -0.7087 -1.4375 0.5044, -0.7087 -1.4469 0.4331, -0.7087 -1.3091 0.6717, -0.7087 -1.2426 0.6993, -0.7087 -1.1713 0.7087, -0.7087 1.8996 0.7087, -0.7087 1.8996 2.3055, -0.7087 1.9803 2.5004, -0.7087 1.9365 2.4433, -0.7087 1.909 2.3768, -0.7087 2.0374 2.5441, -0.7087 2.1039 2.5717, -0.7087 2.1752 2.5811, -0.7087 2.2933 2.5811, -0.7087 -1.4469 0.315, -0.7087 2.2933 0.315, -0.4724 1.8996 0.7087, -0.4724 -1.4469 0.315, -0.4724 -1.1713 0.7087, -0.4724 2.0374 2.5441, -0.4724 2.1039 2.5717, -0.4724 2.1752 2.5811, -0.4724 2.2933 0.315, -0.4724 2.2933 2.5811, -0.4724 1.9803 2.5004, -0.4724 1.9365 2.4433, -0.4724 1.909 2.3768, -0.4724 -1.3091 0.6717, -0.4724 -1.3661 0.6279, -0.4724 1.8996 2.3055, -0.4724 -1.4375 0.5044, -0.4724 -1.4469 0.4331, -0.4724 -1.4099 0.5709, -0.4724 -1.2426 0.6993, -0.315 -1.3661 0.6279, -0.315 -1.4099 0.5709, -0.315 -1.4375 0.5044, -0.315 -1.4469 0.4331, -0.315 -1.3091 0.6717, -0.315 -1.2426 0.6993, -0.315 -1.1713 0.7087, -0.315 1.8996 0.7087, -0.315 1.8996 2.3055, -0.315 1.9803 2.5004, -0.315 1.9365 2.4433, -0.315 1.909 2.3768, -0.315 2.0374 2.5441, -0.315 2.1039 2.5717, -0.315 2.1752 2.5811, -0.315 2.2933 2.5811, -0.315 -1.4469 0.315, -0.315 2.2933 0.315, -0.0787 1.8996 0.7087, -0.0787 -1.4469 0.315, -0.0787 -1.1713 0.7087, -0.0787 2.0374 2.5441, -0.0787 2.1039 2.5717, -0.0787 2.1752 2.5811, -0.0787 2.2933 0.315, -0.0787 2.2933 2.5811, -0.0787 1.9803 2.5004, -0.0787 1.9365 2.4433, -0.0787 1.909 2.3768, -0.0787 -1.3091 0.6717, -0.0787 -1.3661 0.6279, -0.0787 1.8996 2.3055, -0.0787 -1.4375 0.5044, -0.0787 -1.4469 0.4331, -0.0787 -1.4099 0.5709, -0.0787 -1.2426 0.6993, 0.0787 -1.3661 0.6279, 0.0787 -1.4099 0.5709, 0.0787 -1.4375 0.5044, 0.0787 -1.4469 0.4331, 0.0787 -1.3091 0.6717, 0.0787 -1.2426 0.6993, 0.0787 -1.1713 0.7087, 0.0787 1.8996 0.7087, 0.0787 1.8996 2.3055, 0.0787 1.9803 2.5004, 0.0787 1.9365 2.4433, 0.0787 1.909 2.3768, 0.0787 2.0374 2.5441, 0.0787 2.1039 2.5717, 0.0787 2.1752 2.5811, 0.0787 2.2933 2.5811, 0.0787 -1.4469 0.315, 0.0787 2.2933 0.315, 0.315 1.8996 0.7087, 0.315 -1.4469 0.315, 0.315 -1.1713 0.7087, 0.315 2.0374 2.5441, 0.315 2.1039 2.5717, 0.315 2.1752 2.5811, 0.315 2.2933 0.315, 0.315 2.2933 2.5811, 0.315 1.9803 2.5004, 0.315 1.9365 2.4433, 0.315 1.909 2.3768, 0.315 -1.3091 0.6717, 0.315 -1.3661 0.6279, 0.315 1.8996 2.3055, 0.315 -1.4375 0.5044, 0.315 -1.4469 0.4331, 0.315 -1.4099 0.5709, 0.315 -1.2426 0.6993, 0.4724 -1.3661 0.6279, 0.4724 -1.4099 0.5709, 0.4724 -1.4375 0.5044, 0.4724 -1.4469 0.4331, 0.4724 -1.3091 0.6717, 0.4724 -1.2426 0.6993, 0.4724 -1.1713 0.7087, 0.4724 1.8996 0.7087, 0.4724 1.8996 2.3055, 0.4724 1.9803 2.5004, 0.4724 1.9365 2.4433, 0.4724 1.909 2.3768, 0.4724 2.0374 2.5441, 0.4724 2.1039 2.5717, 0.4724 2.1752 2.5811, 0.4724 2.2933 2.5811, 0.4724 -1.4469 0.315, 0.4724 2.2933 0.315, 0.7087 1.8996 0.7087, 0.7087 -1.4469 0.315, 0.7087 -1.1713 0.7087, 0.7087 2.0374 2.5441, 0.7087 2.1039 2.5717, 0.7087 2.1752 2.5811, 0.7087 2.2933 0.315, 0.7087 2.2933 2.5811, 0.7087 1.9803 2.5004, 0.7087 1.9365 2.4433, 0.7087 1.909 2.3768, 0.7087 -1.3091 0.6717, 0.7087 -1.3661 0.6279, 0.7087 1.8996 2.3055, 0.7087 -1.4375 0.5044, 0.7087 -1.4469 0.4331, 0.7087 -1.4099 0.5709, 0.7087 -1.2426 0.6993, 0.8661 -1.3661 0.6279, 0.8661 -1.4099 0.5709, 0.8661 -1.4375 0.5044, 0.8661 -1.4469 0.4331, 0.8661 -1.3091 0.6717, 0.8661 -1.2426 0.6993, 0.8661 -1.1713 0.7087, 0.8661 1.8996 0.7087, 0.8661 1.8996 2.3055, 0.8661 1.9803 2.5004, 0.8661 1.9365 2.4433, 0.8661 1.909 2.3768, 0.8661 2.0374 2.5441, 0.8661 2.1039 2.5717, 0.8661 2.1752 2.5811, 0.8661 2.2933 2.5811, 0.8661 -1.4469 0.315, 0.8661 2.2933 0.315, 1.1024 1.8996 0.7087, 1.1024 -1.4469 0.315, 1.1024 -1.1713 0.7087, 1.1024 2.0374 2.5441, 1.1024 2.1039 2.5717, 1.1024 2.1752 2.5811, 1.1024 2.2933 0.315, 1.1024 2.2933 2.5811, 1.1024 1.9803 2.5004, 1.1024 1.9365 2.4433, 1.1024 1.909 2.3768, 1.1024 -1.3091 0.6717, 1.1024 -1.3661 0.6279, 1.1024 1.8996 2.3055, 1.1024 -1.4375 0.5044, 1.1024 -1.4469 0.4331, 1.1024 -1.4099 0.5709, 1.1024 -1.2426 0.6993, 1.2598 -1.3661 0.6279, 1.2598 -1.4099 0.5709, 1.2598 -1.4375 0.5044, 1.2598 -1.4469 0.4331, 1.2598 -1.3091 0.6717, 1.2598 -1.2426 0.6993, 1.2598 -1.1713 0.7087, 1.2598 1.8996 0.7087, 1.2598 1.8996 2.3055, 1.2598 1.9803 2.5004, 1.2598 1.9365 2.4433, 1.2598 1.909 2.3768, 1.2598 2.0374 2.5441, 1.2598 2.1039 2.5717, 1.2598 2.1752 2.5811, 1.2598 2.2933 2.5811, 1.2598 -1.4469 0.315, 1.2598 2.2933 0.315, 1.2598 2.2933 0.315
            ]
        }
        coordIndex [
            0,1,2,-1,2,3,0,-1,4,5,6,-1,7,8,9,-1,10,4,11,-1,7,9,12,-1,11,13,12,-1,12,9,11,-1,11,14,13,-1,15,6,16,-1,17,14,11,-1,11,4,17,-1,4,10,5,-1,18,6,19,-1,6,5,19,-1,16,6,20,-1,6,18,20,-1,6,15,21,-1,16,20,22,-1,23,20,18,-1,20,23,22,-1,19,24,18,-1,23,18,24,-1,25,24,19,-1,26,16,22,-1,26,27,15,-1,15,16,26,-1,21,27,28,-1,27,21,15,-1,21,28,6,-1,28,4,6,-1,4,28,29,-1,17,29,30,-1,29,17,4,-1,12,13,31,-1,32,13,14,-1,13,32,31,-1,17,33,14,-1,32,14,33,-1,30,33,17,-1,34,12,31,-1,34,35,7,-1,7,12,34,-1,8,35,36,-1,35,8,7,-1,8,36,9,-1,36,11,9,-1,11,36,37,-1,38,39,29,-1,36,34,31,-1,36,35,34,-1,37,36,31,-1,37,32,33,-1,31,32,37,-1,33,30,37,-1,30,29,37,-1,29,28,38,-1,37,29,39,-1,25,38,28,-1,28,26,22,-1,28,27,26,-1,28,23,24,-1,22,23,28,-1,28,24,25,-1,19,38,25,-1,38,19,5,-1,40,41,42,-1,43,44,45,-1,46,40,47,-1,43,45,48,-1,47,49,48,-1,48,45,47,-1,47,50,49,-1,51,42,52,-1,53,50,47,-1,47,40,53,-1,40,46,41,-1,54,42,55,-1,42,41,55,-1,52,42,56,-1,42,54,56,-1,42,51,57,-1,52,56,58,-1,59,56,54,-1,56,59,58,-1,55,60,54,-1,59,54,60,-1,61,60,55,-1,62,52,58,-1,62,63,51,-1,51,52,62,-1,57,63,64,-1,63,57,51,-1,57,64,42,-1,64,40,42,-1,40,64,65,-1,53,65,66,-1,65,53,40,-1,48,49,67,-1,68,49,50,-1,49,68,67,-1,53,69,50,-1,68,50,69,-1,66,69,53,-1,70,48,67,-1,70,71,43,-1,43,48,70,-1,44,71,72,-1,71,44,43,-1,44,72,45,-1,72,47,45,-1,47,72,73,-1,74,75,65,-1,72,70,67,-1,72,71,70,-1,73,72,67,-1,73,68,69,-1,67,68,73,-1,69,66,73,-1,66,65,73,-1,65,64,74,-1,73,65,75,-1,61,74,64,-1,64,62,58,-1,64,63,62,-1,64,59,60,-1,58,59,64,-1,64,60,61,-1,55,74,61,-1,74,55,41,-1,76,77,78,-1,79,80,81,-1,82,76,83,-1,79,81,84,-1,83,85,84,-1,84,81,83,-1,83,86,85,-1,87,78,88,-1,89,86,83,-1,83,76,89,-1,76,82,77,-1,90,78,91,-1,78,77,91,-1,88,78,92,-1,78,90,92,-1,78,87,93,-1,88,92,94,-1,95,92,90,-1,92,95,94,-1,91,96,90,-1,95,90,96,-1,97,96,91,-1,98,88,94,-1,98,99,87,-1,87,88,98,-1,93,99,100,-1,99,93,87,-1,93,100,78,-1,100,76,78,-1,76,100,101,-1,89,101,102,-1,101,89,76,-1,84,85,103,-1,104,85,86,-1,85,104,103,-1,89,105,86,-1,104,86,105,-1,102,105,89,-1,106,84,103,-1,106,107,79,-1,79,84,106,-1,80,107,108,-1,107,80,79,-1,80,108,81,-1,108,83,81,-1,83,108,109,-1,110,111,101,-1,108,106,103,-1,108,107,106,-1,109,108,103,-1,109,104,105,-1,103,104,109,-1,105,102,109,-1,102,101,109,-1,101,100,110,-1,109,101,111,-1,97,110,100,-1,100,98,94,-1,100,99,98,-1,100,95,96,-1,94,95,100,-1,100,96,97,-1,91,110,97,-1,110,91,77,-1,112,113,114,-1,115,116,117,-1,118,112,119,-1,115,117,120,-1,119,121,120,-1,120,117,119,-1,119,122,121,-1,123,114,124,-1,125,122,119,-1,119,112,125,-1,112,118,113,-1,126,114,127,-1,114,113,127,-1,124,114,128,-1,114,126,128,-1,114,123,129,-1,124,128,130,-1,131,128,126,-1,128,131,130,-1,127,132,126,-1,131,126,132,-1,133,132,127,-1,134,124,130,-1,134,135,123,-1,123,124,134,-1,129,135,136,-1,135,129,123,-1,129,136,114,-1,136,112,114,-1,112,136,137,-1,125,137,138,-1,137,125,112,-1,120,121,139,-1,140,121,122,-1,121,140,139,-1,125,141,122,-1,140,122,141,-1,138,141,125,-1,142,120,139,-1,142,143,115,-1,115,120,142,-1,116,143,144,-1,143,116,115,-1,116,144,117,-1,144,119,117,-1,119,144,145,-1,146,147,137,-1,144,142,139,-1,144,143,142,-1,145,144,139,-1,145,140,141,-1,139,140,145,-1,141,138,145,-1,138,137,145,-1,137,136,146,-1,145,137,147,-1,133,146,136,-1,136,134,130,-1,136,135,134,-1,136,131,132,-1,130,131,136,-1,136,132,133,-1,127,146,133,-1,146,127,113,-1,148,149,150,-1,151,152,153,-1,154,148,155,-1,151,153,156,-1,155,157,156,-1,156,153,155,-1,155,158,157,-1,159,150,160,-1,161,158,155,-1,155,148,161,-1,148,154,149,-1,162,150,163,-1,150,149,163,-1,160,150,164,-1,150,162,164,-1,150,159,165,-1,160,164,166,-1,167,164,162,-1,164,167,166,-1,163,168,162,-1,167,162,168,-1,169,168,163,-1,170,160,166,-1,170,171,159,-1,159,160,170,-1,165,171,172,-1,171,165,159,-1,165,172,150,-1,172,148,150,-1,148,172,173,-1,161,173,174,-1,173,161,148,-1,156,157,175,-1,176,157,158,-1,157,176,175,-1,161,177,158,-1,176,158,177,-1,174,177,161,-1,178,156,175,-1,178,179,151,-1,151,156,178,-1,152,179,180,-1,179,152,151,-1,152,180,153,-1,180,155,153,-1,155,180,181,-1,182,183,173,-1,180,178,175,-1,180,179,178,-1,181,180,175,-1,181,176,177,-1,175,176,181,-1,177,174,181,-1,174,173,181,-1,173,172,182,-1,181,173,183,-1,169,182,172,-1,172,170,166,-1,172,171,170,-1,172,167,168,-1,166,167,172,-1,172,168,169,-1,163,182,169,-1,182,163,149,-1,184,185,186,-1,187,188,189,-1,190,184,191,-1,187,189,192,-1,191,193,192,-1,192,189,191,-1,191,194,193,-1,195,186,196,-1,197,194,191,-1,191,184,197,-1,184,190,185,-1,198,186,199,-1,186,185,199,-1,196,186,200,-1,186,198,200,-1,186,195,201,-1,196,200,202,-1,203,200,198,-1,200,203,202,-1,199,204,198,-1,203,198,204,-1,205,204,199,-1,206,196,202,-1,206,207,195,-1,195,196,206,-1,201,207,208,-1,207,201,195,-1,201,208,186,-1,208,184,186,-1,184,208,209,-1,197,209,210,-1,209,197,184,-1,192,193,211,-1,212,193,194,-1,193,212,211,-1,197,213,194,-1,212,194,213,-1,210,213,197,-1,214,192,211,-1,214,215,187,-1,187,192,214,-1,188,215,216,-1,215,188,187,-1,188,216,189,-1,216,191,189,-1,191,216,217,-1,218,219,209,-1,216,214,211,-1,216,215,214,-1,217,216,211,-1,217,212,213,-1,211,212,217,-1,213,210,217,-1,210,209,217,-1,209,208,218,-1,217,209,219,-1,205,218,208,-1,208,206,202,-1,208,207,206,-1,208,203,204,-1,202,203,208,-1,208,204,205,-1,199,218,205,-1,218,199,185,-1,220,221,222,-1,223,224,225,-1,226,220,227,-1,223,225,228,-1,227,229,228,-1,228,225,227,-1,227,230,229,-1,231,222,232,-1,233,230,227,-1,227,220,233,-1,220,226,221,-1,234,222,235,-1,222,221,235,-1,232,222,236,-1,222,234,236,-1,222,231,237,-1,232,236,238,-1,239,236,234,-1,236,239,238,-1,235,240,234,-1,239,234,240,-1,241,240,235,-1,242,232,238,-1,242,243,231,-1,231,232,242,-1,237,243,244,-1,243,237,231,-1,237,244,222,-1,244,220,222,-1,220,244,245,-1,233,245,246,-1,245,233,220,-1,228,229,247,-1,248,229,230,-1,229,248,247,-1,233,249,230,-1,248,230,249,-1,246,249,233,-1,250,228,247,-1,250,251,223,-1,223,228,250,-1,224,251,252,-1,251,224,223,-1,224,252,225,-1,252,227,225,-1,227,252,253,-1,254,255,245,-1,252,250,247,-1,252,251,250,-1,253,252,247,-1,253,248,249,-1,247,248,253,-1,249,246,253,-1,246,245,253,-1,245,244,254,-1,253,245,255,-1,241,254,244,-1,244,242,238,-1,244,243,242,-1,244,239,240,-1,238,239,244,-1,244,240,241,-1,235,254,241,-1,254,235,221,-1,
        ]
    }
}
Shape{
    appearance Appearance {
        material  Material 	{
            diffuseColor 0.803921568627451 0.5843137254901961 0.19215686274509805
            specularColor 0.7529411764705882 0.7529411764705882 0.7529411764705882
            ambientIntensity 0.2
            transparency 0
            shininess 0.5
        }
    }
    geometry IndexedFaceSet {
        ccw TRUE
        solid FALSE
        coord DEF co Coordinate {
            point [
                -1.2992 -1.1831 0.315, -1.3098 -1.1437 0.315, -1.2992 -1.1831 0.3898, -1.3098 -1.1437 0.3898, -1.3386 -1.1149 0.315, -1.378 -1.1043 0.315, -1.3386 -1.1149 0.3898, -1.378 -1.1043 0.3898, -1.3098 -1.2224 0.3898, -1.3386 -1.2513 0.3898, -1.3098 -1.2224 0.315, -1.3386 -1.2513 0.315, -1.378 -1.2618 0.3898, -1.378 -1.2618 0.315, -1.4567 -1.1831 0.315, -1.4461 -1.2224 0.315, -1.4567 -1.1831 0.3898, -1.4461 -1.2224 0.3898, -1.4173 -1.2513 0.315, -1.4173 -1.2513 0.3898, -1.4461 -1.1437 0.3898, -1.4173 -1.1149 0.3898, -1.4461 -1.1437 0.315, -1.4173 -1.1149 0.315, -1.4173 -1.1087 0.4498, -1.378 -1.0983 0.4478, -1.378 -1.225 0.5662, -1.4173 -1.2153 0.5619, -1.378 -1.2525 0.4799, -1.4173 -1.0903 0.5074, -1.4461 -1.1167 0.5189, -1.4173 -1.0606 0.56, -1.4461 -1.1369 0.4557, -1.4461 -1.0939 0.6842, -1.4567 -1.0077 0.7001, -1.4567 -1.0671 0.6554, -1.4461 -1.1483 0.6222, -1.4173 -1.1718 0.6389, -1.4461 -0.9874 0.6663, -1.4173 -1.2422 0.4777, -1.4173 -1.1135 0.7054, -1.4461 -1.028 0.7338, -1.4567 -1.1162 0.5994, -1.4567 -1.1528 0.5347, -1.4461 -1.1889 0.5504, -1.4173 -1.0428 0.7585, -1.378 -1.0483 0.7675, -1.378 -1.1207 0.7131, -1.4461 -1.0404 0.6265, -1.4173 -0.9725 0.6417, -1.378 -0.9671 0.6326, -1.4173 -1.0208 0.6054, -1.378 -1.0137 0.5975, -1.378 -1.0518 0.5541, -1.4567 -1.1754 0.4638, -1.4461 -1.0841 0.5766, -1.378 -1.1804 0.645, -1.378 -1.0805 0.5034, -1.4461 -1.214 0.4718, -1.4461 1.7612 2.321, -1.4173 1.7761 2.2963, -1.378 1.7815 2.2873, -1.4567 1.7409 2.3547, -1.4461 1.7206 2.3885, -1.4173 1.7057 2.4132, -1.378 1.7003 2.4222, -1.4173 1.8225 2.3189, -1.378 1.8459 2.4772, -1.378 1.9237 2.4843, -1.4173 1.9237 2.4737, -1.378 1.8265 2.3091, -1.4567 1.9237 2.4055, -1.4461 1.9237 2.3661, -1.4567 1.86 2.3997, -1.4461 1.8671 2.361, -1.4461 1.9237 2.4449, -1.4173 1.8478 2.4668, -1.378 1.7706 2.4563, -1.4173 1.7743 2.4464, -1.4461 1.8529 2.4385, -1.4567 1.7984 2.3826, -1.4173 1.8723 2.3327, -1.4173 1.9237 2.3373, -1.4461 1.8123 2.3458, -1.378 1.9237 2.3268, -1.378 1.8739 2.3222, -1.4461 1.7845 2.4195, -1.4567 2.2933 2.4055, -1.4461 2.2933 2.3661, -1.4173 2.2933 2.3373, -1.378 2.2933 2.3268, -1.4461 2.2933 2.4449, -1.4173 2.2933 2.4737, -1.378 2.2933 2.4843, -0.9055 -1.1831 0.315, -0.9161 -1.1437 0.315, -0.9055 -1.1831 0.3898, -0.9161 -1.1437 0.3898, -0.9449 -1.1149 0.315, -0.9843 -1.1043 0.315, -0.9449 -1.1149 0.3898, -0.9843 -1.1043 0.3898, -0.9161 -1.2224 0.3898, -0.9449 -1.2513 0.3898, -0.9161 -1.2224 0.315, -0.9449 -1.2513 0.315, -0.9843 -1.2618 0.3898, -0.9843 -1.2618 0.315, -1.063 -1.1831 0.315, -1.0524 -1.2224 0.315, -1.063 -1.1831 0.3898, -1.0524 -1.2224 0.3898, -1.0236 -1.2513 0.315, -1.0236 -1.2513 0.3898, -1.0524 -1.1437 0.3898, -1.0236 -1.1149 0.3898, -1.0524 -1.1437 0.315, -1.0236 -1.1149 0.315, -1.0236 -1.1087 0.4498, -0.9843 -1.0983 0.4478, -0.9843 -1.225 0.5662, -1.0236 -1.2153 0.5619, -0.9843 -1.2525 0.4799, -1.0236 -1.0903 0.5074, -1.0524 -1.1167 0.5189, -1.0236 -1.0606 0.56, -1.0524 -1.1369 0.4557, -1.0524 -1.0939 0.6842, -1.063 -1.0077 0.7001, -1.063 -1.0671 0.6554, -1.0524 -1.1483 0.6222, -1.0236 -1.1718 0.6389, -1.0524 -0.9874 0.6663, -1.0236 -1.2422 0.4777, -1.0236 -1.1135 0.7054, -1.0524 -1.028 0.7338, -1.063 -1.1162 0.5994, -1.063 -1.1528 0.5347, -1.0524 -1.1889 0.5504, -1.0236 -1.0428 0.7585, -0.9843 -1.0483 0.7675, -0.9843 -1.1207 0.7131, -1.0524 -1.0404 0.6265, -1.0236 -0.9725 0.6417, -0.9843 -0.9671 0.6326, -1.0236 -1.0208 0.6054, -0.9843 -1.0137 0.5975, -0.9843 -1.0521 0.5536, -1.063 -1.1754 0.4638, -1.0524 -1.0841 0.5766, -0.9843 -1.1804 0.645, -0.9843 -1.0808 0.5029, -1.0524 -1.214 0.4718, -1.0524 1.7612 2.321, -1.0236 1.7761 2.2963, -0.9843 1.7815 2.2873, -1.063 1.7409 2.3547, -1.0524 1.7206 2.3885, -1.0236 1.7057 2.4132, -0.9843 1.7003 2.4222, -1.0236 1.8225 2.3189, -0.9843 1.8459 2.4772, -0.9843 1.9237 2.4843, -1.0236 1.9237 2.4737, -0.9843 1.8265 2.3091, -1.063 1.9237 2.4055, -1.0524 1.9237 2.3661, -1.063 1.86 2.3997, -1.0524 1.8671 2.361, -1.0524 1.9237 2.4449, -1.0236 1.8478 2.4668, -0.9843 1.7706 2.4563, -1.0236 1.7743 2.4464, -1.0524 1.8529 2.4385, -1.063 1.7984 2.3826, -1.0236 1.8723 2.3327, -1.0236 1.9237 2.3373, -1.0524 1.8123 2.3458, -0.9843 1.9237 2.3268, -0.9843 1.8739 2.3222, -1.0524 1.7845 2.4195, -1.063 2.2933 2.4055, -1.0524 2.2933 2.3661, -1.0236 2.2933 2.3373, -0.9843 2.2933 2.3268, -1.0524 2.2933 2.4449, -1.0236 2.2933 2.4737, -0.9843 2.2933 2.4843, -0.9055 1.9237 2.4055, -0.9055 2.2933 2.4055, -0.9161 2.2933 2.4449, -0.9449 2.2933 2.4737, -0.9161 1.9237 2.4449, -0.9449 1.9237 2.4737, -0.9161 1.9237 2.3661, -0.9449 1.9237 2.3373, -0.9161 2.2933 2.3661, -0.9449 2.2933 2.3373, -0.9161 1.7845 2.4195, -0.9161 1.8529 2.4385, -0.9449 1.7743 2.4464, -0.9449 1.8723 2.3327, -0.9449 1.8225 2.3189, -0.9055 1.86 2.3997, -0.9449 1.7057 2.4132, -0.9161 1.8123 2.3458, -0.9161 1.8671 2.361, -0.9449 1.7761 2.2963, -0.9449 1.8478 2.4668, -0.9161 1.7206 2.3885, -0.9055 1.7984 2.3826, -0.9055 1.7409 2.3547, -0.9161 1.7612 2.321, -0.9055 -1.0077 0.7001, -0.9161 -1.028 0.7338, -0.9449 -1.0428 0.7585, -0.9161 -0.9874 0.6663, -0.9449 -0.9725 0.6417, -0.9161 -1.0939 0.6842, -0.9449 -1.2422 0.4777, -0.9161 -1.214 0.4718, -0.9161 -1.1889 0.5504, -0.9055 -1.0671 0.6554, -0.9449 -1.0606 0.56, -0.9449 -1.0208 0.6054, -0.9161 -1.0404 0.6265, -0.9161 -1.0841 0.5766, -0.9449 -1.0903 0.5074, -0.9449 -1.1087 0.4498, -0.9449 -1.1135 0.7054, -0.9449 -1.2153 0.5619, -0.9449 -1.1718 0.6389, -0.9055 -1.1162 0.5994, -0.9055 -1.1528 0.5347, -0.9161 -1.1483 0.6222, -0.9161 -1.1167 0.5189, -0.9161 -1.1369 0.4557, -0.9055 -1.1754 0.4638, -0.5118 -1.1831 0.315, -0.5224 -1.1437 0.315, -0.5118 -1.1831 0.3898, -0.5224 -1.1437 0.3898, -0.5512 -1.1149 0.315, -0.5906 -1.1043 0.315, -0.5512 -1.1149 0.3898, -0.5906 -1.1043 0.3898, -0.5224 -1.2224 0.3898, -0.5512 -1.2513 0.3898, -0.5224 -1.2224 0.315, -0.5512 -1.2513 0.315, -0.5906 -1.2618 0.3898, -0.5906 -1.2618 0.315, -0.6693 -1.1831 0.315, -0.6587 -1.2224 0.315, -0.6693 -1.1831 0.3898, -0.6587 -1.2224 0.3898, -0.6299 -1.2513 0.315, -0.6299 -1.2513 0.3898, -0.6587 -1.1437 0.3898, -0.6299 -1.1149 0.3898, -0.6587 -1.1437 0.315, -0.6299 -1.1149 0.315, -0.6299 -1.1087 0.4498, -0.5906 -1.0983 0.4478, -0.5906 -1.225 0.5662, -0.6299 -1.2153 0.5619, -0.5906 -1.2525 0.4799, -0.6299 -1.0903 0.5074, -0.6587 -1.1167 0.5189, -0.6299 -1.0606 0.56, -0.6587 -1.1369 0.4557, -0.6587 -1.0939 0.6842, -0.6693 -1.0077 0.7001, -0.6693 -1.0671 0.6554, -0.6587 -1.1483 0.6222, -0.6299 -1.1718 0.6389, -0.6587 -0.9874 0.6663, -0.6299 -1.2422 0.4777, -0.6299 -1.1135 0.7054, -0.6587 -1.028 0.7338, -0.6693 -1.1162 0.5994, -0.6693 -1.1528 0.5347, -0.6587 -1.1889 0.5504, -0.6299 -1.0428 0.7585, -0.5906 -1.0483 0.7675, -0.5906 -1.1207 0.7131, -0.6587 -1.0404 0.6265, -0.6299 -0.9725 0.6417, -0.5906 -0.9671 0.6326, -0.6299 -1.0208 0.6054, -0.5906 -1.0137 0.5975, -0.5906 -1.0521 0.5536, -0.6693 -1.1754 0.4638, -0.6587 -1.0841 0.5766, -0.5906 -1.1804 0.645, -0.5906 -1.0808 0.5029, -0.6587 -1.214 0.4718, -0.6587 1.7612 2.321, -0.6299 1.7761 2.2963, -0.5906 1.7815 2.2873, -0.6693 1.7409 2.3547, -0.6587 1.7206 2.3885, -0.6299 1.7057 2.4132, -0.5906 1.7003 2.4222, -0.5906 1.8265 2.3091, -0.5906 1.8459 2.4772, -0.5906 1.9237 2.4843, -0.6299 1.9237 2.4737, -0.6299 1.8225 2.3189, -0.6693 1.9237 2.4055, -0.6587 1.9237 2.3661, -0.6693 1.86 2.3997, -0.6587 1.8671 2.361, -0.6587 1.9237 2.4449, -0.6299 1.8478 2.4668, -0.5906 1.7706 2.4563, -0.6299 1.7743 2.4464, -0.6587 1.8529 2.4385, -0.6693 1.7984 2.3826, -0.6299 1.8723 2.3327, -0.6299 1.9237 2.3373, -0.6587 1.8123 2.3458, -0.5906 1.9237 2.3268, -0.5906 1.8739 2.3222, -0.6587 1.7845 2.4195, -0.6693 2.2933 2.4055, -0.6587 2.2933 2.3661, -0.6299 2.2933 2.3373, -0.5906 2.2933 2.3268, -0.6587 2.2933 2.4449, -0.6299 2.2933 2.4737, -0.5906 2.2933 2.4843, -0.5118 1.9237 2.4055, -0.5118 2.2933 2.4055, -0.5224 2.2933 2.4449, -0.5512 2.2933 2.4737, -0.5224 1.9237 2.4449, -0.5512 1.9237 2.4737, -0.5224 1.9237 2.3661, -0.5512 1.9237 2.3373, -0.5224 2.2933 2.3661, -0.5512 2.2933 2.3373, -0.5224 1.7845 2.4195, -0.5224 1.8529 2.4385, -0.5512 1.7743 2.4464, -0.5512 1.8723 2.3327, -0.5512 1.8225 2.3189, -0.5118 1.86 2.3997, -0.5512 1.7057 2.4132, -0.5224 1.8123 2.3458, -0.5224 1.8671 2.361, -0.5512 1.7761 2.2963, -0.5512 1.8478 2.4668, -0.5224 1.7206 2.3885, -0.5118 1.7984 2.3826, -0.5118 1.7409 2.3547, -0.5224 1.7612 2.321, -0.5118 -1.0077 0.7001, -0.5224 -1.028 0.7338, -0.5512 -1.0428 0.7585, -0.5224 -0.9874 0.6663, -0.5512 -0.9725 0.6417, -0.5224 -1.0939 0.6842, -0.5512 -1.2422 0.4777, -0.5224 -1.214 0.4718, -0.5224 -1.1889 0.5504, -0.5118 -1.0671 0.6554, -0.5512 -1.0606 0.56, -0.5512 -1.0208 0.6054, -0.5224 -1.0404 0.6265, -0.5224 -1.0841 0.5766, -0.5512 -1.0903 0.5074, -0.5512 -1.1087 0.4498, -0.5512 -1.1135 0.7054, -0.5512 -1.2153 0.5619, -0.5512 -1.1718 0.6389, -0.5118 -1.1162 0.5994, -0.5118 -1.1528 0.5347, -0.5224 -1.1483 0.6222, -0.5224 -1.1167 0.5189, -0.5224 -1.1369 0.4557, -0.5118 -1.1754 0.4638, -0.1181 -1.1831 0.315, -0.1287 -1.1437 0.315, -0.1181 -1.1831 0.3898, -0.1287 -1.1437 0.3898, -0.1575 -1.1149 0.315, -0.1969 -1.1043 0.315, -0.1575 -1.1149 0.3898, -0.1969 -1.1043 0.3898, -0.1287 -1.2224 0.3898, -0.1575 -1.2513 0.3898, -0.1287 -1.2224 0.315, -0.1575 -1.2513 0.315, -0.1969 -1.2618 0.3898, -0.1969 -1.2618 0.315, -0.2756 -1.1831 0.315, -0.265 -1.2224 0.315, -0.2756 -1.1831 0.3898, -0.265 -1.2224 0.3898, -0.2362 -1.2513 0.315, -0.2362 -1.2513 0.3898, -0.265 -1.1437 0.3898, -0.2362 -1.1149 0.3898, -0.265 -1.1437 0.315, -0.2362 -1.1149 0.315, -0.2362 -1.1087 0.4498, -0.1969 -1.0983 0.4478, -0.1969 -1.225 0.5662, -0.2362 -1.2153 0.5619, -0.1969 -1.2525 0.4799, -0.2362 -1.0903 0.5074, -0.265 -1.1167 0.5189, -0.2362 -1.0606 0.56, -0.265 -1.1369 0.4557, -0.265 -1.0939 0.6842, -0.2756 -1.0077 0.7001, -0.2756 -1.0671 0.6554, -0.265 -1.1483 0.6222, -0.2362 -1.1718 0.6389, -0.265 -0.9874 0.6663, -0.2362 -1.2422 0.4777, -0.2362 -1.1135 0.7054, -0.265 -1.028 0.7338, -0.2756 -1.1162 0.5994, -0.2756 -1.1528 0.5347, -0.265 -1.1889 0.5504, -0.2362 -1.0428 0.7585, -0.1969 -1.0483 0.7675, -0.1969 -1.1207 0.7131, -0.265 -1.0404 0.6265, -0.2362 -0.9725 0.6417, -0.1969 -0.9671 0.6326, -0.2362 -1.0208 0.6054, -0.1969 -1.0137 0.5975, -0.1969 -1.0521 0.5536, -0.2756 -1.1754 0.4638, -0.265 -1.0841 0.5766, -0.1969 -1.1804 0.645, -0.1969 -1.0808 0.5029, -0.265 -1.214 0.4718, -0.265 1.7612 2.321, -0.2362 1.7761 2.2963, -0.1969 1.7815 2.2873, -0.2756 1.7409 2.3547, -0.265 1.7206 2.3885, -0.2362 1.7057 2.4132, -0.1969 1.7003 2.4222, -0.1969 1.8265 2.3091, -0.1969 1.8459 2.4772, -0.1969 1.9237 2.4843, -0.2362 1.9237 2.4737, -0.2362 1.8225 2.3189, -0.2756 1.9237 2.4055, -0.265 1.9237 2.3661, -0.2756 1.86 2.3997, -0.265 1.8671 2.361, -0.265 1.9237 2.4449, -0.2362 1.8478 2.4668, -0.1969 1.7706 2.4563, -0.2362 1.7743 2.4464, -0.265 1.8529 2.4385, -0.2756 1.7984 2.3826, -0.2362 1.8723 2.3327, -0.2362 1.9237 2.3373, -0.265 1.8123 2.3458, -0.1969 1.9237 2.3268, -0.1969 1.8739 2.3222, -0.265 1.7845 2.4195, -0.2756 2.2933 2.4055, -0.265 2.2933 2.3661, -0.2362 2.2933 2.3373, -0.1969 2.2933 2.3268, -0.265 2.2933 2.4449, -0.2362 2.2933 2.4737, -0.1969 2.2933 2.4843, -0.1181 1.9237 2.4055, -0.1181 2.2933 2.4055, -0.1287 2.2933 2.4449, -0.1575 2.2933 2.4737, -0.1287 1.9237 2.4449, -0.1575 1.9237 2.4737, -0.1287 1.9237 2.3661, -0.1575 1.9237 2.3373, -0.1287 2.2933 2.3661, -0.1575 2.2933 2.3373, -0.1287 1.7845 2.4195, -0.1287 1.8529 2.4385, -0.1575 1.7743 2.4464, -0.1575 1.8723 2.3327, -0.1575 1.8225 2.3189, -0.1181 1.86 2.3997, -0.1575 1.7057 2.4132, -0.1287 1.8123 2.3458, -0.1287 1.8671 2.361, -0.1575 1.7761 2.2963, -0.1575 1.8478 2.4668, -0.1287 1.7206 2.3885, -0.1181 1.7984 2.3826, -0.1181 1.7409 2.3547, -0.1287 1.7612 2.321, -0.1181 -1.0077 0.7001, -0.1287 -1.028 0.7338, -0.1575 -1.0428 0.7585, -0.1287 -0.9874 0.6663, -0.1575 -0.9725 0.6417, -0.1287 -1.0939 0.6842, -0.1575 -1.2422 0.4777, -0.1287 -1.214 0.4718, -0.1287 -1.1889 0.5504, -0.1181 -1.0671 0.6554, -0.1575 -1.0606 0.56, -0.1575 -1.0208 0.6054, -0.1287 -1.0404 0.6265, -0.1287 -1.0841 0.5766, -0.1575 -1.0903 0.5074, -0.1575 -1.1087 0.4498, -0.1575 -1.1135 0.7054, -0.1575 -1.2153 0.5619, -0.1575 -1.1718 0.6389, -0.1181 -1.1162 0.5994, -0.1181 -1.1528 0.5347, -0.1287 -1.1483 0.6222, -0.1287 -1.1167 0.5189, -0.1287 -1.1369 0.4557, -0.1181 -1.1754 0.4638, 0.2756 -1.1831 0.315, 0.265 -1.1437 0.315, 0.2756 -1.1831 0.3898, 0.265 -1.1437 0.3898, 0.2362 -1.1149 0.315, 0.1969 -1.1043 0.315, 0.2362 -1.1149 0.3898, 0.1969 -1.1043 0.3898, 0.265 -1.2224 0.3898, 0.2362 -1.2513 0.3898, 0.265 -1.2224 0.315, 0.2362 -1.2513 0.315, 0.1969 -1.2618 0.3898, 0.1969 -1.2618 0.315, 0.1181 -1.1831 0.315, 0.1287 -1.2224 0.315, 0.1181 -1.1831 0.3898, 0.1287 -1.2224 0.3898, 0.1575 -1.2513 0.315, 0.1575 -1.2513 0.3898, 0.1287 -1.1437 0.3898, 0.1575 -1.1149 0.3898, 0.1287 -1.1437 0.315, 0.1575 -1.1149 0.315, 0.1575 -1.1087 0.4498, 0.1969 -1.0983 0.4478, 0.1969 -1.225 0.5662, 0.1575 -1.2153 0.5619, 0.1969 -1.2525 0.4799, 0.1575 -1.0903 0.5074, 0.1287 -1.1167 0.5189, 0.1575 -1.0606 0.56, 0.1287 -1.1369 0.4557, 0.1287 -1.0939 0.6842, 0.1181 -1.0077 0.7001, 0.1181 -1.0671 0.6554, 0.1287 -1.1483 0.6222, 0.1575 -1.1718 0.6389, 0.1287 -0.9874 0.6663, 0.1575 -1.2422 0.4777, 0.1575 -1.1135 0.7054, 0.1287 -1.028 0.7338, 0.1181 -1.1162 0.5994, 0.1181 -1.1528 0.5347, 0.1287 -1.1889 0.5504, 0.1575 -1.0428 0.7585, 0.1969 -1.0483 0.7675, 0.1969 -1.1207 0.7131, 0.1287 -1.0404 0.6265, 0.1575 -0.9725 0.6417, 0.1969 -0.9671 0.6326, 0.1575 -1.0208 0.6054, 0.1969 -1.0137 0.5975, 0.1969 -1.0521 0.5536, 0.1181 -1.1754 0.4638, 0.1287 -1.0841 0.5766, 0.1969 -1.1804 0.645, 0.1969 -1.0808 0.5029, 0.1287 -1.214 0.4718, 0.1287 1.7612 2.321, 0.1575 1.7761 2.2963, 0.1969 1.7815 2.2873, 0.1181 1.7409 2.3547, 0.1287 1.7206 2.3885, 0.1575 1.7057 2.4132, 0.1969 1.7003 2.4222, 0.1969 1.8265 2.3091, 0.1969 1.8459 2.4772, 0.1969 1.9237 2.4843, 0.1575 1.9237 2.4737, 0.1575 1.8225 2.3189, 0.1181 1.9237 2.4055, 0.1287 1.9237 2.3661, 0.1181 1.86 2.3997, 0.1287 1.8671 2.361, 0.1287 1.9237 2.4449, 0.1575 1.8478 2.4668, 0.1969 1.7706 2.4563, 0.1575 1.7743 2.4464, 0.1287 1.8529 2.4385, 0.1181 1.7984 2.3826, 0.1575 1.8723 2.3327, 0.1575 1.9237 2.3373, 0.1287 1.8123 2.3458, 0.1969 1.9237 2.3268, 0.1969 1.8739 2.3222, 0.1287 1.7845 2.4195, 0.1181 2.2933 2.4055, 0.1287 2.2933 2.3661, 0.1575 2.2933 2.3373, 0.1969 2.2933 2.3268, 0.1287 2.2933 2.4449, 0.1575 2.2933 2.4737, 0.1969 2.2933 2.4843, 0.2756 1.9237 2.4055, 0.2756 2.2933 2.4055, 0.265 2.2933 2.4449, 0.2362 2.2933 2.4737, 0.265 1.9237 2.4449, 0.2362 1.9237 2.4737, 0.265 1.9237 2.3661, 0.2362 1.9237 2.3373, 0.265 2.2933 2.3661, 0.2362 2.2933 2.3373, 0.265 1.7845 2.4195, 0.265 1.8529 2.4385, 0.2362 1.7743 2.4464, 0.2362 1.8723 2.3327, 0.2362 1.8225 2.3189, 0.2756 1.86 2.3997, 0.2362 1.7057 2.4132, 0.265 1.8123 2.3458, 0.265 1.8671 2.361, 0.2362 1.7761 2.2963, 0.2362 1.8478 2.4668, 0.265 1.7206 2.3885, 0.2756 1.7984 2.3826, 0.2756 1.7409 2.3547, 0.265 1.7612 2.321, 0.2756 -1.0077 0.7001, 0.265 -1.028 0.7338, 0.2362 -1.0428 0.7585, 0.265 -0.9874 0.6663, 0.2362 -0.9725 0.6417, 0.265 -1.0939 0.6842, 0.2362 -1.2422 0.4777, 0.265 -1.214 0.4718, 0.265 -1.1889 0.5504, 0.2756 -1.0671 0.6554, 0.2362 -1.0606 0.56, 0.2362 -1.0208 0.6054, 0.265 -1.0404 0.6265, 0.265 -1.0841 0.5766, 0.2362 -1.0903 0.5074, 0.2362 -1.1087 0.4498, 0.2362 -1.1135 0.7054, 0.2362 -1.2153 0.5619, 0.2362 -1.1718 0.6389, 0.2756 -1.1162 0.5994, 0.2756 -1.1528 0.5347, 0.265 -1.1483 0.6222, 0.265 -1.1167 0.5189, 0.265 -1.1369 0.4557, 0.2756 -1.1754 0.4638, 0.6693 -1.1831 0.315, 0.6587 -1.1437 0.315, 0.6693 -1.1831 0.3898, 0.6587 -1.1437 0.3898, 0.6299 -1.1149 0.315, 0.5906 -1.1043 0.315, 0.6299 -1.1149 0.3898, 0.5906 -1.1043 0.3898, 0.6587 -1.2224 0.3898, 0.6299 -1.2513 0.3898, 0.6587 -1.2224 0.315, 0.6299 -1.2513 0.315, 0.5906 -1.2618 0.3898, 0.5906 -1.2618 0.315, 0.5118 -1.1831 0.315, 0.5224 -1.2224 0.315, 0.5118 -1.1831 0.3898, 0.5224 -1.2224 0.3898, 0.5512 -1.2513 0.315, 0.5512 -1.2513 0.3898, 0.5224 -1.1437 0.3898, 0.5512 -1.1149 0.3898, 0.5224 -1.1437 0.315, 0.5512 -1.1149 0.315, 0.5512 -1.1087 0.4498, 0.5906 -1.0983 0.4478, 0.5906 -1.225 0.5662, 0.5512 -1.2153 0.5619, 0.5906 -1.2525 0.4799, 0.5512 -1.0903 0.5074, 0.5224 -1.1167 0.5189, 0.5512 -1.0606 0.56, 0.5224 -1.1369 0.4557, 0.5224 -1.0939 0.6842, 0.5118 -1.0077 0.7001, 0.5118 -1.0671 0.6554, 0.5224 -1.1483 0.6222, 0.5512 -1.1718 0.6389, 0.5224 -0.9874 0.6663, 0.5512 -1.2422 0.4777, 0.5512 -1.1135 0.7054, 0.5224 -1.028 0.7338, 0.5118 -1.1162 0.5994, 0.5118 -1.1528 0.5347, 0.5224 -1.1889 0.5504, 0.5512 -1.0428 0.7585, 0.5906 -1.0483 0.7675, 0.5906 -1.1207 0.7131, 0.5224 -1.0404 0.6265, 0.5512 -0.9725 0.6417, 0.5906 -0.9671 0.6326, 0.5512 -1.0208 0.6054, 0.5906 -1.0137 0.5975, 0.5906 -1.0521 0.5536, 0.5118 -1.1754 0.4638, 0.5224 -1.0841 0.5766, 0.5906 -1.1804 0.645, 0.5906 -1.0808 0.5029, 0.5224 -1.214 0.4718, 0.5224 1.7612 2.321, 0.5512 1.7761 2.2963, 0.5906 1.7815 2.2873, 0.5118 1.7409 2.3547, 0.5224 1.7206 2.3885, 0.5512 1.7057 2.4132, 0.5906 1.7003 2.4222, 0.5906 1.8265 2.3091, 0.5906 1.8459 2.4772, 0.5906 1.9237 2.4843, 0.5512 1.9237 2.4737, 0.5512 1.8225 2.3189, 0.5118 1.9237 2.4055, 0.5224 1.9237 2.3661, 0.5118 1.86 2.3997, 0.5224 1.8671 2.361, 0.5224 1.9237 2.4449, 0.5512 1.8478 2.4668, 0.5906 1.7706 2.4563, 0.5512 1.7743 2.4464, 0.5224 1.8529 2.4385, 0.5118 1.7984 2.3826, 0.5512 1.8723 2.3327, 0.5512 1.9237 2.3373, 0.5224 1.8123 2.3458, 0.5906 1.9237 2.3268, 0.5906 1.8739 2.3222, 0.5224 1.7845 2.4195, 0.5118 2.2933 2.4055, 0.5224 2.2933 2.3661, 0.5512 2.2933 2.3373, 0.5906 2.2933 2.3268, 0.5224 2.2933 2.4449, 0.5512 2.2933 2.4737, 0.5906 2.2933 2.4843, 0.6693 1.9237 2.4055, 0.6693 2.2933 2.4055, 0.6587 2.2933 2.4449, 0.6299 2.2933 2.4737, 0.6587 1.9237 2.4449, 0.6299 1.9237 2.4737, 0.6587 1.9237 2.3661, 0.6299 1.9237 2.3373, 0.6587 2.2933 2.3661, 0.6299 2.2933 2.3373, 0.6587 1.7845 2.4195, 0.6587 1.8529 2.4385, 0.6299 1.7743 2.4464, 0.6299 1.8723 2.3327, 0.6299 1.8225 2.3189, 0.6693 1.86 2.3997, 0.6299 1.7057 2.4132, 0.6587 1.8123 2.3458, 0.6587 1.8671 2.361, 0.6299 1.7761 2.2963, 0.6299 1.8478 2.4668, 0.6587 1.7206 2.3885, 0.6693 1.7984 2.3826, 0.6693 1.7409 2.3547, 0.6587 1.7612 2.321, 0.6693 -1.0077 0.7001, 0.6587 -1.028 0.7338, 0.6299 -1.0428 0.7585, 0.6587 -0.9874 0.6663, 0.6299 -0.9725 0.6417, 0.6587 -1.0939 0.6842, 0.6299 -1.2422 0.4777, 0.6587 -1.214 0.4718, 0.6587 -1.1889 0.5504, 0.6693 -1.0671 0.6554, 0.6299 -1.0606 0.56, 0.6299 -1.0208 0.6054, 0.6587 -1.0404 0.6265, 0.6587 -1.0841 0.5766, 0.6299 -1.0903 0.5074, 0.6299 -1.1087 0.4498, 0.6299 -1.1135 0.7054, 0.6299 -1.2153 0.5619, 0.6299 -1.1718 0.6389, 0.6693 -1.1162 0.5994, 0.6693 -1.1528 0.5347, 0.6587 -1.1483 0.6222, 0.6587 -1.1167 0.5189, 0.6587 -1.1369 0.4557, 0.6693 -1.1754 0.4638, 1.063 -1.1831 0.315, 1.0524 -1.1437 0.315, 1.063 -1.1831 0.3898, 1.0524 -1.1437 0.3898, 1.0236 -1.1149 0.315, 0.9843 -1.1043 0.315, 1.0236 -1.1149 0.3898, 0.9843 -1.1043 0.3898, 1.0524 -1.2224 0.3898, 1.0236 -1.2513 0.3898, 1.0524 -1.2224 0.315, 1.0236 -1.2513 0.315, 0.9843 -1.2618 0.3898, 0.9843 -1.2618 0.315, 0.9055 -1.1831 0.315, 0.9161 -1.2224 0.315, 0.9055 -1.1831 0.3898, 0.9161 -1.2224 0.3898, 0.9449 -1.2513 0.315, 0.9449 -1.2513 0.3898, 0.9161 -1.1437 0.3898, 0.9449 -1.1149 0.3898, 0.9161 -1.1437 0.315, 0.9449 -1.1149 0.315, 0.9449 -1.1087 0.4498, 0.9843 -1.0983 0.4478, 0.9843 -1.225 0.5662, 0.9449 -1.2153 0.5619, 0.9843 -1.2525 0.4799, 0.9449 -1.0903 0.5074, 0.9161 -1.1167 0.5189, 0.9449 -1.0606 0.56, 0.9161 -1.1369 0.4557, 0.9161 -1.0939 0.6842, 0.9055 -1.0077 0.7001, 0.9055 -1.0671 0.6554, 0.9161 -1.1483 0.6222, 0.9449 -1.1718 0.6389, 0.9161 -0.9874 0.6663, 0.9449 -1.2422 0.4777, 0.9449 -1.1135 0.7054, 0.9161 -1.028 0.7338, 0.9055 -1.1162 0.5994, 0.9055 -1.1528 0.5347, 0.9161 -1.1889 0.5504, 0.9449 -1.0428 0.7585, 0.9843 -1.0483 0.7675, 0.9843 -1.1207 0.7131, 0.9161 -1.0404 0.6265, 0.9449 -0.9725 0.6417, 0.9843 -0.9671 0.6326, 0.9449 -1.0208 0.6054, 0.9843 -1.0137 0.5975, 0.9843 -1.0521 0.5536, 0.9055 -1.1754 0.4638, 0.9161 -1.0841 0.5766, 0.9843 -1.1804 0.645, 0.9843 -1.0808 0.5029, 0.9161 -1.214 0.4718, 0.9161 1.7612 2.321, 0.9449 1.7761 2.2963, 0.9843 1.7815 2.2873, 0.9055 1.7409 2.3547, 0.9161 1.7206 2.3885, 0.9449 1.7057 2.4132, 0.9843 1.7003 2.4222, 0.9449 1.8225 2.3189, 0.9843 1.8459 2.4772, 0.9843 1.9237 2.4843, 0.9449 1.9237 2.4737, 0.9843 1.8265 2.3091, 0.9055 1.9237 2.4055, 0.9161 1.9237 2.3661, 0.9055 1.86 2.3997, 0.9161 1.8671 2.361, 0.9161 1.9237 2.4449, 0.9449 1.8478 2.4668, 0.9843 1.7706 2.4563, 0.9449 1.7743 2.4464, 0.9161 1.8529 2.4385, 0.9055 1.7984 2.3826, 0.9449 1.8723 2.3327, 0.9449 1.9237 2.3373, 0.9161 1.8123 2.3458, 0.9843 1.9237 2.3268, 0.9843 1.8739 2.3222, 0.9161 1.7845 2.4195, 0.9055 2.2933 2.4055, 0.9161 2.2933 2.3661, 0.9449 2.2933 2.3373, 0.9843 2.2933 2.3268, 0.9161 2.2933 2.4449, 0.9449 2.2933 2.4737, 0.9843 2.2933 2.4843, 1.063 1.9237 2.4055, 1.063 2.2933 2.4055, 1.0524 2.2933 2.4449, 1.0236 2.2933 2.4737, 1.0524 1.9237 2.4449, 1.0236 1.9237 2.4737, 1.0524 1.9237 2.3661, 1.0236 1.9237 2.3373, 1.0524 2.2933 2.3661, 1.0236 2.2933 2.3373, 1.0524 1.7845 2.4195, 1.0524 1.8529 2.4385, 1.0236 1.7743 2.4464, 1.0236 1.8723 2.3327, 1.0236 1.8225 2.3189, 1.063 1.86 2.3997, 1.0236 1.7057 2.4132, 1.0524 1.8123 2.3458, 1.0524 1.8671 2.361, 1.0236 1.7761 2.2963, 1.0236 1.8478 2.4668, 1.0524 1.7206 2.3885, 1.063 1.7984 2.3826, 1.063 1.7409 2.3547, 1.0524 1.7612 2.321, 1.063 -1.0077 0.7001, 1.0524 -1.028 0.7338, 1.0236 -1.0428 0.7585, 1.0524 -0.9874 0.6663, 1.0236 -0.9725 0.6417, 1.0524 -1.0939 0.6842, 1.0236 -1.2422 0.4777, 1.0524 -1.214 0.4718, 1.0524 -1.1889 0.5504, 1.063 -1.0671 0.6554, 1.0236 -1.0606 0.56, 1.0236 -1.0208 0.6054, 1.0524 -1.0404 0.6265, 1.0524 -1.0841 0.5766, 1.0236 -1.0903 0.5074, 1.0236 -1.1087 0.4498, 1.0236 -1.1135 0.7054, 1.0236 -1.2153 0.5619, 1.0236 -1.1718 0.6389, 1.063 -1.1162 0.5994, 1.063 -1.1528 0.5347, 1.0524 -1.1483 0.6222, 1.0524 -1.1167 0.5189, 1.0524 -1.1369 0.4557, 1.063 -1.1754 0.4638, 1.4567 -1.1831 0.315, 1.4461 -1.1437 0.315, 1.4567 -1.1831 0.3898, 1.4461 -1.1437 0.3898, 1.4173 -1.1149 0.315, 1.378 -1.1043 0.315, 1.4173 -1.1149 0.3898, 1.378 -1.1043 0.3898, 1.4461 -1.2224 0.3898, 1.4173 -1.2513 0.3898, 1.4461 -1.2224 0.315, 1.4173 -1.2513 0.315, 1.378 -1.2618 0.3898, 1.378 -1.2618 0.315, 1.2992 -1.1831 0.315, 1.3098 -1.2224 0.315, 1.2992 -1.1831 0.3898, 1.3098 -1.2224 0.3898, 1.3386 -1.2513 0.315, 1.3386 -1.2513 0.3898, 1.3098 -1.1437 0.3898, 1.3386 -1.1149 0.3898, 1.3098 -1.1437 0.315, 1.3386 -1.1149 0.315, 1.3386 -1.1087 0.4498, 1.378 -1.0983 0.4478, 1.378 -1.225 0.5662, 1.3386 -1.2153 0.5619, 1.378 -1.2525 0.4799, 1.3386 -1.0903 0.5074, 1.3098 -1.1167 0.5189, 1.3386 -1.0606 0.56, 1.3098 -1.1369 0.4557, 1.3098 -1.0939 0.6842, 1.2992 -1.0077 0.7001, 1.2992 -1.0671 0.6554, 1.3098 -1.1483 0.6222, 1.3386 -1.1718 0.6389, 1.3098 -0.9874 0.6663, 1.3386 -1.2422 0.4777, 1.3386 -1.1135 0.7054, 1.3098 -1.028 0.7338, 1.2992 -1.1162 0.5994, 1.2992 -1.1528 0.5347, 1.3098 -1.1889 0.5504, 1.3386 -1.0428 0.7585, 1.378 -1.0483 0.7675, 1.378 -1.1207 0.7131, 1.3098 -1.0404 0.6265, 1.3386 -0.9725 0.6417, 1.378 -0.9671 0.6326, 1.3386 -1.0208 0.6054, 1.378 -1.0137 0.5975, 1.378 -1.0521 0.5536, 1.2992 -1.1754 0.4638, 1.3098 -1.0841 0.5766, 1.378 -1.1804 0.645, 1.378 -1.0808 0.5029, 1.3098 -1.214 0.4718, 1.3098 1.7612 2.321, 1.3386 1.7761 2.2963, 1.378 1.7815 2.2873, 1.2992 1.7409 2.3547, 1.3098 1.7206 2.3885, 1.3386 1.7057 2.4132, 1.378 1.7003 2.4222, 1.3386 1.8225 2.3189, 1.378 1.8459 2.4772, 1.378 1.9237 2.4843, 1.3386 1.9237 2.4737, 1.378 1.8265 2.3091, 1.2992 1.9237 2.4055, 1.3098 1.9237 2.3661, 1.2992 1.86 2.3997, 1.3098 1.8671 2.361, 1.3098 1.9237 2.4449, 1.3386 1.8478 2.4668, 1.378 1.7706 2.4563, 1.3386 1.7743 2.4464, 1.3098 1.8529 2.4385, 1.2992 1.7984 2.3826, 1.3386 1.8723 2.3327, 1.3386 1.9237 2.3373, 1.3098 1.8123 2.3458, 1.378 1.9237 2.3268, 1.378 1.8739 2.3222, 1.3098 1.7845 2.4195, 1.2992 2.2933 2.4055, 1.3098 2.2933 2.3661, 1.3386 2.2933 2.3373, 1.378 2.2933 2.3268, 1.3098 2.2933 2.4449, 1.3386 2.2933 2.4737, 1.378 2.2933 2.4843, 1.4567 1.9237 2.4055, 1.4567 2.2933 2.4055, 1.4461 2.2933 2.4449, 1.4173 2.2933 2.4737, 1.4461 1.9237 2.4449, 1.4173 1.9237 2.4737, 1.4461 1.9237 2.3661, 1.4173 1.9237 2.3373, 1.4461 2.2933 2.3661, 1.4173 2.2933 2.3373, 1.4461 1.7845 2.4195, 1.4461 1.8529 2.4385, 1.4173 1.7743 2.4464, 1.4173 1.8723 2.3327, 1.4173 1.8225 2.3189, 1.4567 1.86 2.3997, 1.4173 1.7057 2.4132, 1.4461 1.8123 2.3458, 1.4461 1.8671 2.361, 1.4173 1.7761 2.2963, 1.4173 1.8478 2.4668, 1.4461 1.7206 2.3885, 1.4567 1.7984 2.3826, 1.4567 1.7409 2.3547, 1.4461 1.7612 2.321, 1.4567 -1.0077 0.7001, 1.4461 -1.028 0.7338, 1.4173 -1.0428 0.7585, 1.4461 -0.9874 0.6663, 1.4173 -0.9725 0.6417, 1.4461 -1.0939 0.6842, 1.4173 -1.2422 0.4777, 1.4461 -1.214 0.4718, 1.4461 -1.1889 0.5504, 1.4567 -1.0671 0.6554, 1.4173 -1.0606 0.56, 1.4173 -1.0208 0.6054, 1.4461 -1.0404 0.6265, 1.4461 -1.0841 0.5766, 1.4173 -1.0903 0.5074, 1.4173 -1.1087 0.4498, 1.4173 -1.1135 0.7054, 1.4173 -1.2153 0.5619, 1.4173 -1.1718 0.6389, 1.4567 -1.1162 0.5994, 1.4567 -1.1528 0.5347, 1.4461 -1.1483 0.6222, 1.4461 -1.1167 0.5189, 1.4461 -1.1369 0.4557, 1.4567 -1.1754 0.4638, 1.4567 -1.1754 0.4638
            ]
        }
        coordIndex [
            0,1,2,-1,3,1,4,-1,1,3,2,-1,5,6,4,-1,3,4,6,-1,7,6,5,-1,8,0,2,-1,8,9,10,-1,10,0,8,-1,11,9,12,-1,9,11,10,-1,11,12,13,-1,14,15,16,-1,17,15,18,-1,15,17,16,-1,13,19,18,-1,17,18,19,-1,12,19,13,-1,20,14,16,-1,20,21,22,-1,22,14,20,-1,23,21,7,-1,21,23,22,-1,23,7,5,-1,21,24,25,-1,26,27,28,-1,29,30,31,-1,24,21,20,-1,29,24,32,-1,33,34,35,-1,25,7,21,-1,36,27,37,-1,35,34,38,-1,28,39,12,-1,33,37,40,-1,33,40,41,-1,42,43,44,-1,45,41,40,-1,46,45,47,-1,48,38,49,-1,50,51,49,-1,38,48,35,-1,49,51,48,-1,51,50,52,-1,53,31,52,-1,54,43,30,-1,31,51,52,-1,35,42,36,-1,48,51,55,-1,35,48,42,-1,40,47,45,-1,34,33,41,-1,33,36,37,-1,56,47,40,-1,31,55,51,-1,57,29,53,-1,43,42,55,-1,55,42,48,-1,55,30,43,-1,36,42,44,-1,37,56,40,-1,35,36,33,-1,36,44,27,-1,26,56,37,-1,53,29,31,-1,24,57,25,-1,44,43,58,-1,31,30,55,-1,30,32,54,-1,27,44,39,-1,43,54,58,-1,27,39,28,-1,58,39,44,-1,26,37,27,-1,57,24,29,-1,29,32,30,-1,20,16,32,-1,24,20,32,-1,16,17,54,-1,32,16,54,-1,17,19,58,-1,54,17,58,-1,12,39,19,-1,58,19,39,-1,59,60,38,-1,49,38,60,-1,49,60,61,-1,59,38,34,-1,61,50,49,-1,62,59,34,-1,62,34,41,-1,41,45,63,-1,63,62,41,-1,64,45,46,-1,45,64,63,-1,64,46,65,-1,66,60,59,-1,67,68,69,-1,61,60,70,-1,60,66,70,-1,71,72,73,-1,73,72,74,-1,75,76,69,-1,77,78,65,-1,71,79,75,-1,75,79,76,-1,78,77,76,-1,73,79,71,-1,74,80,73,-1,81,74,82,-1,81,66,83,-1,81,84,85,-1,84,81,82,-1,66,85,70,-1,79,73,86,-1,82,74,72,-1,74,83,80,-1,76,79,78,-1,80,86,73,-1,69,76,67,-1,79,86,78,-1,77,67,76,-1,85,66,81,-1,81,83,74,-1,59,62,83,-1,66,59,83,-1,62,63,80,-1,83,62,80,-1,63,64,86,-1,80,63,86,-1,65,78,64,-1,86,64,78,-1,71,87,88,-1,89,72,88,-1,71,88,72,-1,89,90,82,-1,82,72,89,-1,90,84,82,-1,75,87,71,-1,75,69,91,-1,91,87,75,-1,92,69,68,-1,69,92,91,-1,92,68,93,-1,94,95,96,-1,97,95,98,-1,95,97,96,-1,99,100,98,-1,97,98,100,-1,101,100,99,-1,102,94,96,-1,102,103,104,-1,104,94,102,-1,105,103,106,-1,103,105,104,-1,105,106,107,-1,108,109,110,-1,111,109,112,-1,109,111,110,-1,107,113,112,-1,111,112,113,-1,106,113,107,-1,114,108,110,-1,114,115,116,-1,116,108,114,-1,117,115,101,-1,115,117,116,-1,117,101,99,-1,115,118,119,-1,120,121,122,-1,123,124,125,-1,118,115,114,-1,123,118,126,-1,127,128,129,-1,119,101,115,-1,130,121,131,-1,129,128,132,-1,122,133,106,-1,127,131,134,-1,127,134,135,-1,136,137,138,-1,139,135,134,-1,140,139,141,-1,142,132,143,-1,144,145,143,-1,132,142,129,-1,143,145,142,-1,145,144,146,-1,147,125,146,-1,148,137,124,-1,125,145,146,-1,129,136,130,-1,142,145,149,-1,129,142,136,-1,134,141,139,-1,128,127,135,-1,127,130,131,-1,150,141,134,-1,125,149,145,-1,151,123,147,-1,137,136,149,-1,149,136,142,-1,149,124,137,-1,130,136,138,-1,131,150,134,-1,129,130,127,-1,130,138,121,-1,120,150,131,-1,147,123,125,-1,118,151,119,-1,138,137,152,-1,125,124,149,-1,124,126,148,-1,121,138,133,-1,137,148,152,-1,121,133,122,-1,152,133,138,-1,120,131,121,-1,151,118,123,-1,123,126,124,-1,114,110,126,-1,118,114,126,-1,110,111,148,-1,126,110,148,-1,111,113,152,-1,148,111,152,-1,106,133,113,-1,152,113,133,-1,153,154,132,-1,143,132,154,-1,143,154,155,-1,153,132,128,-1,155,144,143,-1,156,153,128,-1,156,128,135,-1,135,139,157,-1,157,156,135,-1,158,139,140,-1,139,158,157,-1,158,140,159,-1,160,154,153,-1,161,162,163,-1,155,154,164,-1,154,160,164,-1,165,166,167,-1,167,166,168,-1,169,170,163,-1,171,172,159,-1,165,173,169,-1,169,173,170,-1,172,171,170,-1,167,173,165,-1,168,174,167,-1,175,168,176,-1,175,160,177,-1,175,178,179,-1,178,175,176,-1,160,179,164,-1,173,167,180,-1,176,168,166,-1,168,177,174,-1,170,173,172,-1,174,180,167,-1,163,170,161,-1,173,180,172,-1,171,161,170,-1,179,160,175,-1,175,177,168,-1,153,156,177,-1,160,153,177,-1,156,157,174,-1,177,156,174,-1,157,158,180,-1,174,157,180,-1,159,172,158,-1,180,158,172,-1,165,181,182,-1,183,166,182,-1,165,182,166,-1,183,184,176,-1,176,166,183,-1,184,178,176,-1,169,181,165,-1,169,163,185,-1,185,181,169,-1,186,163,162,-1,163,186,185,-1,186,162,187,-1,188,189,190,-1,191,192,190,-1,188,190,192,-1,191,187,193,-1,193,192,191,-1,187,162,193,-1,194,189,188,-1,194,195,196,-1,196,189,194,-1,197,195,178,-1,195,197,196,-1,197,178,184,-1,198,199,200,-1,201,202,179,-1,192,199,188,-1,199,203,188,-1,159,204,200,-1,201,205,202,-1,195,194,206,-1,206,205,201,-1,164,207,155,-1,194,203,206,-1,201,178,195,-1,203,194,188,-1,208,199,192,-1,162,161,193,-1,193,208,192,-1,208,193,161,-1,161,171,208,-1,200,171,159,-1,198,204,209,-1,198,210,203,-1,198,203,199,-1,210,205,206,-1,210,206,203,-1,164,179,202,-1,178,201,179,-1,195,206,201,-1,208,171,200,-1,199,208,200,-1,210,209,211,-1,204,198,200,-1,205,211,212,-1,209,210,198,-1,202,212,207,-1,211,205,210,-1,212,202,205,-1,207,164,202,-1,213,211,209,-1,204,214,209,-1,213,209,214,-1,204,159,215,-1,215,214,204,-1,159,140,215,-1,216,211,213,-1,216,217,212,-1,212,211,216,-1,207,217,144,-1,217,207,212,-1,207,144,155,-1,213,214,218,-1,100,101,119,-1,219,220,221,-1,220,103,102,-1,218,222,213,-1,146,223,147,-1,106,103,219,-1,224,225,226,-1,151,227,228,-1,222,225,216,-1,119,151,228,-1,222,216,213,-1,216,225,217,-1,224,144,217,-1,141,215,140,-1,229,218,214,-1,230,231,120,-1,232,233,226,-1,229,215,141,-1,214,215,229,-1,141,150,229,-1,230,120,122,-1,150,231,229,-1,225,222,232,-1,231,234,218,-1,232,226,225,-1,232,222,234,-1,224,223,146,-1,144,224,146,-1,217,225,224,-1,229,231,218,-1,150,120,231,-1,235,223,226,-1,218,234,222,-1,230,221,234,-1,236,227,235,-1,233,232,221,-1,224,226,223,-1,226,233,235,-1,147,223,227,-1,231,230,234,-1,106,219,122,-1,220,237,233,-1,234,221,232,-1,220,233,221,-1,237,236,235,-1,237,235,233,-1,228,100,119,-1,147,227,151,-1,223,235,227,-1,230,122,219,-1,221,230,219,-1,237,102,96,-1,103,220,219,-1,236,96,97,-1,102,237,220,-1,228,97,100,-1,96,236,237,-1,97,228,236,-1,227,236,228,-1,238,239,240,-1,241,239,242,-1,239,241,240,-1,243,244,242,-1,241,242,244,-1,245,244,243,-1,246,238,240,-1,246,247,248,-1,248,238,246,-1,249,247,250,-1,247,249,248,-1,249,250,251,-1,252,253,254,-1,255,253,256,-1,253,255,254,-1,251,257,256,-1,255,256,257,-1,250,257,251,-1,258,252,254,-1,258,259,260,-1,260,252,258,-1,261,259,245,-1,259,261,260,-1,261,245,243,-1,259,262,263,-1,264,265,266,-1,267,268,269,-1,262,259,258,-1,267,262,270,-1,271,272,273,-1,263,245,259,-1,274,265,275,-1,273,272,276,-1,266,277,250,-1,271,275,278,-1,271,278,279,-1,280,281,282,-1,283,279,278,-1,284,283,285,-1,286,276,287,-1,288,289,287,-1,276,286,273,-1,287,289,286,-1,289,288,290,-1,291,269,290,-1,292,281,268,-1,269,289,290,-1,273,280,274,-1,286,289,293,-1,273,286,280,-1,278,285,283,-1,272,271,279,-1,271,274,275,-1,294,285,278,-1,269,293,289,-1,295,267,291,-1,281,280,293,-1,293,280,286,-1,293,268,281,-1,274,280,282,-1,275,294,278,-1,273,274,271,-1,274,282,265,-1,264,294,275,-1,291,267,269,-1,262,295,263,-1,282,281,296,-1,269,268,293,-1,268,270,292,-1,265,282,277,-1,281,292,296,-1,265,277,266,-1,296,277,282,-1,264,275,265,-1,295,262,267,-1,267,270,268,-1,258,254,270,-1,262,258,270,-1,254,255,292,-1,270,254,292,-1,255,257,296,-1,292,255,296,-1,250,277,257,-1,296,257,277,-1,297,298,276,-1,287,276,298,-1,287,298,299,-1,297,276,272,-1,299,288,287,-1,300,297,272,-1,300,272,279,-1,279,283,301,-1,301,300,279,-1,302,283,284,-1,283,302,301,-1,302,284,303,-1,298,304,299,-1,305,306,307,-1,298,297,308,-1,304,298,308,-1,309,310,311,-1,311,310,312,-1,313,314,307,-1,315,316,303,-1,309,317,313,-1,313,317,314,-1,316,315,314,-1,311,317,309,-1,312,318,311,-1,319,312,320,-1,319,308,321,-1,319,322,323,-1,322,319,320,-1,308,323,304,-1,317,311,324,-1,320,312,310,-1,312,321,318,-1,314,317,316,-1,318,324,311,-1,307,314,305,-1,317,324,316,-1,315,305,314,-1,323,308,319,-1,319,321,312,-1,297,300,321,-1,308,297,321,-1,300,301,318,-1,321,300,318,-1,301,302,324,-1,318,301,324,-1,303,316,302,-1,324,302,316,-1,309,325,326,-1,327,310,326,-1,309,326,310,-1,327,328,320,-1,320,310,327,-1,328,322,320,-1,313,325,309,-1,313,307,329,-1,329,325,313,-1,330,307,306,-1,307,330,329,-1,330,306,331,-1,332,333,334,-1,335,336,334,-1,332,334,336,-1,335,331,337,-1,337,336,335,-1,331,306,337,-1,338,333,332,-1,338,339,340,-1,340,333,338,-1,341,339,322,-1,339,341,340,-1,341,322,328,-1,342,343,344,-1,345,346,323,-1,336,343,332,-1,343,347,332,-1,303,348,344,-1,345,349,346,-1,339,338,350,-1,350,349,345,-1,304,351,299,-1,338,347,350,-1,345,322,339,-1,347,338,332,-1,352,343,336,-1,306,305,337,-1,337,352,336,-1,352,337,305,-1,305,315,352,-1,344,315,303,-1,342,348,353,-1,342,354,347,-1,342,347,343,-1,354,349,350,-1,354,350,347,-1,304,323,346,-1,322,345,323,-1,339,350,345,-1,352,315,344,-1,343,352,344,-1,354,353,355,-1,348,342,344,-1,349,355,356,-1,353,354,342,-1,346,356,351,-1,355,349,354,-1,356,346,349,-1,351,304,346,-1,357,355,353,-1,348,358,353,-1,357,353,358,-1,348,303,359,-1,359,358,348,-1,303,284,359,-1,360,355,357,-1,360,361,356,-1,356,355,360,-1,351,361,288,-1,361,351,356,-1,351,288,299,-1,357,358,362,-1,244,245,263,-1,363,364,365,-1,364,247,246,-1,362,366,357,-1,290,367,291,-1,250,247,363,-1,368,369,370,-1,295,371,372,-1,366,369,360,-1,263,295,372,-1,366,360,357,-1,360,369,361,-1,368,288,361,-1,285,359,284,-1,373,362,358,-1,374,375,264,-1,376,377,370,-1,373,359,285,-1,358,359,373,-1,285,294,373,-1,374,264,266,-1,294,375,373,-1,369,366,376,-1,375,378,362,-1,376,370,369,-1,376,366,378,-1,368,367,290,-1,288,368,290,-1,361,369,368,-1,373,375,362,-1,294,264,375,-1,379,367,370,-1,362,378,366,-1,374,365,378,-1,380,371,379,-1,377,376,365,-1,368,370,367,-1,370,377,379,-1,291,367,371,-1,375,374,378,-1,250,363,266,-1,364,381,377,-1,378,365,376,-1,364,377,365,-1,381,380,379,-1,381,379,377,-1,372,244,263,-1,291,371,295,-1,367,379,371,-1,374,266,363,-1,365,374,363,-1,381,246,240,-1,247,364,363,-1,380,240,241,-1,246,381,364,-1,372,241,244,-1,240,380,381,-1,241,372,380,-1,371,380,372,-1,382,383,384,-1,385,383,386,-1,383,385,384,-1,387,388,386,-1,385,386,388,-1,389,388,387,-1,390,382,384,-1,390,391,392,-1,392,382,390,-1,393,391,394,-1,391,393,392,-1,393,394,395,-1,396,397,398,-1,399,397,400,-1,397,399,398,-1,395,401,400,-1,399,400,401,-1,394,401,395,-1,402,396,398,-1,402,403,404,-1,404,396,402,-1,405,403,389,-1,403,405,404,-1,405,389,387,-1,403,406,407,-1,408,409,410,-1,411,412,413,-1,406,403,402,-1,411,406,414,-1,415,416,417,-1,407,389,403,-1,418,409,419,-1,417,416,420,-1,410,421,394,-1,415,419,422,-1,415,422,423,-1,424,425,426,-1,427,423,422,-1,428,427,429,-1,430,420,431,-1,432,433,431,-1,420,430,417,-1,431,433,430,-1,433,432,434,-1,435,413,434,-1,436,425,412,-1,413,433,434,-1,417,424,418,-1,430,433,437,-1,417,430,424,-1,422,429,427,-1,416,415,423,-1,415,418,419,-1,438,429,422,-1,413,437,433,-1,439,411,435,-1,425,424,437,-1,437,424,430,-1,437,412,425,-1,418,424,426,-1,419,438,422,-1,417,418,415,-1,418,426,409,-1,408,438,419,-1,435,411,413,-1,406,439,407,-1,426,425,440,-1,413,412,437,-1,412,414,436,-1,409,426,421,-1,425,436,440,-1,409,421,410,-1,440,421,426,-1,408,419,409,-1,439,406,411,-1,411,414,412,-1,402,398,414,-1,406,402,414,-1,398,399,436,-1,414,398,436,-1,399,401,440,-1,436,399,440,-1,394,421,401,-1,440,401,421,-1,441,442,420,-1,431,420,442,-1,431,442,443,-1,441,420,416,-1,443,432,431,-1,444,441,416,-1,444,416,423,-1,423,427,445,-1,445,444,423,-1,446,427,428,-1,427,446,445,-1,446,428,447,-1,442,448,443,-1,449,450,451,-1,442,441,452,-1,448,442,452,-1,453,454,455,-1,455,454,456,-1,457,458,451,-1,459,460,447,-1,453,461,457,-1,457,461,458,-1,460,459,458,-1,455,461,453,-1,456,462,455,-1,463,456,464,-1,463,452,465,-1,463,466,467,-1,466,463,464,-1,452,467,448,-1,461,455,468,-1,464,456,454,-1,456,465,462,-1,458,461,460,-1,462,468,455,-1,451,458,449,-1,461,468,460,-1,459,449,458,-1,467,452,463,-1,463,465,456,-1,441,444,465,-1,452,441,465,-1,444,445,462,-1,465,444,462,-1,445,446,468,-1,462,445,468,-1,447,460,446,-1,468,446,460,-1,453,469,470,-1,471,454,470,-1,453,470,454,-1,471,472,464,-1,464,454,471,-1,472,466,464,-1,457,469,453,-1,457,451,473,-1,473,469,457,-1,474,451,450,-1,451,474,473,-1,474,450,475,-1,476,477,478,-1,479,480,478,-1,476,478,480,-1,479,475,481,-1,481,480,479,-1,475,450,481,-1,482,477,476,-1,482,483,484,-1,484,477,482,-1,485,483,466,-1,483,485,484,-1,485,466,472,-1,486,487,488,-1,489,490,467,-1,480,487,476,-1,487,491,476,-1,447,492,488,-1,489,493,490,-1,483,482,494,-1,494,493,489,-1,448,495,443,-1,482,491,494,-1,489,466,483,-1,491,482,476,-1,496,487,480,-1,450,449,481,-1,481,496,480,-1,496,481,449,-1,449,459,496,-1,488,459,447,-1,486,492,497,-1,486,498,491,-1,486,491,487,-1,498,493,494,-1,498,494,491,-1,448,467,490,-1,466,489,467,-1,483,494,489,-1,496,459,488,-1,487,496,488,-1,498,497,499,-1,492,486,488,-1,493,499,500,-1,497,498,486,-1,490,500,495,-1,499,493,498,-1,500,490,493,-1,495,448,490,-1,501,499,497,-1,492,502,497,-1,501,497,502,-1,492,447,503,-1,503,502,492,-1,447,428,503,-1,504,499,501,-1,504,505,500,-1,500,499,504,-1,495,505,432,-1,505,495,500,-1,495,432,443,-1,501,502,506,-1,388,389,407,-1,507,508,509,-1,508,391,390,-1,506,510,501,-1,434,511,435,-1,394,391,507,-1,512,513,514,-1,439,515,516,-1,510,513,504,-1,407,439,516,-1,510,504,501,-1,504,513,505,-1,512,432,505,-1,429,503,428,-1,517,506,502,-1,518,519,408,-1,520,521,514,-1,517,503,429,-1,502,503,517,-1,429,438,517,-1,518,408,410,-1,438,519,517,-1,513,510,520,-1,519,522,506,-1,520,514,513,-1,520,510,522,-1,512,511,434,-1,432,512,434,-1,505,513,512,-1,517,519,506,-1,438,408,519,-1,523,511,514,-1,506,522,510,-1,518,509,522,-1,524,515,523,-1,521,520,509,-1,512,514,511,-1,514,521,523,-1,435,511,515,-1,519,518,522,-1,394,507,410,-1,508,525,521,-1,522,509,520,-1,508,521,509,-1,525,524,523,-1,525,523,521,-1,516,388,407,-1,435,515,439,-1,511,523,515,-1,518,410,507,-1,509,518,507,-1,525,390,384,-1,391,508,507,-1,524,384,385,-1,390,525,508,-1,516,385,388,-1,384,524,525,-1,385,516,524,-1,515,524,516,-1,526,527,528,-1,529,527,530,-1,527,529,528,-1,531,532,530,-1,529,530,532,-1,533,532,531,-1,534,526,528,-1,534,535,536,-1,536,526,534,-1,537,535,538,-1,535,537,536,-1,537,538,539,-1,540,541,542,-1,543,541,544,-1,541,543,542,-1,539,545,544,-1,543,544,545,-1,538,545,539,-1,546,540,542,-1,546,547,548,-1,548,540,546,-1,549,547,533,-1,547,549,548,-1,549,533,531,-1,547,550,551,-1,552,553,554,-1,555,556,557,-1,550,547,546,-1,555,550,558,-1,559,560,561,-1,551,533,547,-1,562,553,563,-1,561,560,564,-1,554,565,538,-1,559,563,566,-1,559,566,567,-1,568,569,570,-1,571,567,566,-1,572,571,573,-1,574,564,575,-1,576,577,575,-1,564,574,561,-1,575,577,574,-1,577,576,578,-1,579,557,578,-1,580,569,556,-1,557,577,578,-1,561,568,562,-1,574,577,581,-1,561,574,568,-1,566,573,571,-1,560,559,567,-1,559,562,563,-1,582,573,566,-1,557,581,577,-1,583,555,579,-1,569,568,581,-1,581,568,574,-1,581,556,569,-1,562,568,570,-1,563,582,566,-1,561,562,559,-1,562,570,553,-1,552,582,563,-1,579,555,557,-1,550,583,551,-1,570,569,584,-1,557,556,581,-1,556,558,580,-1,553,570,565,-1,569,580,584,-1,553,565,554,-1,584,565,570,-1,552,563,553,-1,583,550,555,-1,555,558,556,-1,546,542,558,-1,550,546,558,-1,542,543,580,-1,558,542,580,-1,543,545,584,-1,580,543,584,-1,538,565,545,-1,584,545,565,-1,585,586,564,-1,575,564,586,-1,575,586,587,-1,585,564,560,-1,587,576,575,-1,588,585,560,-1,588,560,567,-1,567,571,589,-1,589,588,567,-1,590,571,572,-1,571,590,589,-1,590,572,591,-1,586,592,587,-1,593,594,595,-1,586,585,596,-1,592,586,596,-1,597,598,599,-1,599,598,600,-1,601,602,595,-1,603,604,591,-1,597,605,601,-1,601,605,602,-1,604,603,602,-1,599,605,597,-1,600,606,599,-1,607,600,608,-1,607,596,609,-1,607,610,611,-1,610,607,608,-1,596,611,592,-1,605,599,612,-1,608,600,598,-1,600,609,606,-1,602,605,604,-1,606,612,599,-1,595,602,593,-1,605,612,604,-1,603,593,602,-1,611,596,607,-1,607,609,600,-1,585,588,609,-1,596,585,609,-1,588,589,606,-1,609,588,606,-1,589,590,612,-1,606,589,612,-1,591,604,590,-1,612,590,604,-1,597,613,614,-1,615,598,614,-1,597,614,598,-1,615,616,608,-1,608,598,615,-1,616,610,608,-1,601,613,597,-1,601,595,617,-1,617,613,601,-1,618,595,594,-1,595,618,617,-1,618,594,619,-1,620,621,622,-1,623,624,622,-1,620,622,624,-1,623,619,625,-1,625,624,623,-1,619,594,625,-1,626,621,620,-1,626,627,628,-1,628,621,626,-1,629,627,610,-1,627,629,628,-1,629,610,616,-1,630,631,632,-1,633,634,611,-1,624,631,620,-1,631,635,620,-1,591,636,632,-1,633,637,634,-1,627,626,638,-1,638,637,633,-1,592,639,587,-1,626,635,638,-1,633,610,627,-1,635,626,620,-1,640,631,624,-1,594,593,625,-1,625,640,624,-1,640,625,593,-1,593,603,640,-1,632,603,591,-1,630,636,641,-1,630,642,635,-1,630,635,631,-1,642,637,638,-1,642,638,635,-1,592,611,634,-1,610,633,611,-1,627,638,633,-1,640,603,632,-1,631,640,632,-1,642,641,643,-1,636,630,632,-1,637,643,644,-1,641,642,630,-1,634,644,639,-1,643,637,642,-1,644,634,637,-1,639,592,634,-1,645,643,641,-1,636,646,641,-1,645,641,646,-1,636,591,647,-1,647,646,636,-1,591,572,647,-1,648,643,645,-1,648,649,644,-1,644,643,648,-1,639,649,576,-1,649,639,644,-1,639,576,587,-1,645,646,650,-1,532,533,551,-1,651,652,653,-1,652,535,534,-1,650,654,645,-1,578,655,579,-1,538,535,651,-1,656,657,658,-1,583,659,660,-1,654,657,648,-1,551,583,660,-1,654,648,645,-1,648,657,649,-1,656,576,649,-1,573,647,572,-1,661,650,646,-1,662,663,552,-1,664,665,658,-1,661,647,573,-1,646,647,661,-1,573,582,661,-1,662,552,554,-1,582,663,661,-1,657,654,664,-1,663,666,650,-1,664,658,657,-1,664,654,666,-1,656,655,578,-1,576,656,578,-1,649,657,656,-1,661,663,650,-1,582,552,663,-1,667,655,658,-1,650,666,654,-1,662,653,666,-1,668,659,667,-1,665,664,653,-1,656,658,655,-1,658,665,667,-1,579,655,659,-1,663,662,666,-1,538,651,554,-1,652,669,665,-1,666,653,664,-1,652,665,653,-1,669,668,667,-1,669,667,665,-1,660,532,551,-1,579,659,583,-1,655,667,659,-1,662,554,651,-1,653,662,651,-1,669,534,528,-1,535,652,651,-1,668,528,529,-1,534,669,652,-1,660,529,532,-1,528,668,669,-1,529,660,668,-1,659,668,660,-1,670,671,672,-1,673,671,674,-1,671,673,672,-1,675,676,674,-1,673,674,676,-1,677,676,675,-1,678,670,672,-1,678,679,680,-1,680,670,678,-1,681,679,682,-1,679,681,680,-1,681,682,683,-1,684,685,686,-1,687,685,688,-1,685,687,686,-1,683,689,688,-1,687,688,689,-1,682,689,683,-1,690,684,686,-1,690,691,692,-1,692,684,690,-1,693,691,677,-1,691,693,692,-1,693,677,675,-1,691,694,695,-1,696,697,698,-1,699,700,701,-1,694,691,690,-1,699,694,702,-1,703,704,705,-1,695,677,691,-1,706,697,707,-1,705,704,708,-1,698,709,682,-1,703,707,710,-1,703,710,711,-1,712,713,714,-1,715,711,710,-1,716,715,717,-1,718,708,719,-1,720,721,719,-1,708,718,705,-1,719,721,718,-1,721,720,722,-1,723,701,722,-1,724,713,700,-1,701,721,722,-1,705,712,706,-1,718,721,725,-1,705,718,712,-1,710,717,715,-1,704,703,711,-1,703,706,707,-1,726,717,710,-1,701,725,721,-1,727,699,723,-1,713,712,725,-1,725,712,718,-1,725,700,713,-1,706,712,714,-1,707,726,710,-1,705,706,703,-1,706,714,697,-1,696,726,707,-1,723,699,701,-1,694,727,695,-1,714,713,728,-1,701,700,725,-1,700,702,724,-1,697,714,709,-1,713,724,728,-1,697,709,698,-1,728,709,714,-1,696,707,697,-1,727,694,699,-1,699,702,700,-1,690,686,702,-1,694,690,702,-1,686,687,724,-1,702,686,724,-1,687,689,728,-1,724,687,728,-1,682,709,689,-1,728,689,709,-1,729,730,708,-1,719,708,730,-1,719,730,731,-1,729,708,704,-1,731,720,719,-1,732,729,704,-1,732,704,711,-1,711,715,733,-1,733,732,711,-1,734,715,716,-1,715,734,733,-1,734,716,735,-1,730,736,731,-1,737,738,739,-1,730,729,740,-1,736,730,740,-1,741,742,743,-1,743,742,744,-1,745,746,739,-1,747,748,735,-1,741,749,745,-1,745,749,746,-1,748,747,746,-1,743,749,741,-1,744,750,743,-1,751,744,752,-1,751,740,753,-1,751,754,755,-1,754,751,752,-1,740,755,736,-1,749,743,756,-1,752,744,742,-1,744,753,750,-1,746,749,748,-1,750,756,743,-1,739,746,737,-1,749,756,748,-1,747,737,746,-1,755,740,751,-1,751,753,744,-1,729,732,753,-1,740,729,753,-1,732,733,750,-1,753,732,750,-1,733,734,756,-1,750,733,756,-1,735,748,734,-1,756,734,748,-1,741,757,758,-1,759,742,758,-1,741,758,742,-1,759,760,752,-1,752,742,759,-1,760,754,752,-1,745,757,741,-1,745,739,761,-1,761,757,745,-1,762,739,738,-1,739,762,761,-1,762,738,763,-1,764,765,766,-1,767,768,766,-1,764,766,768,-1,767,763,769,-1,769,768,767,-1,763,738,769,-1,770,765,764,-1,770,771,772,-1,772,765,770,-1,773,771,754,-1,771,773,772,-1,773,754,760,-1,774,775,776,-1,777,778,755,-1,768,775,764,-1,775,779,764,-1,735,780,776,-1,777,781,778,-1,771,770,782,-1,782,781,777,-1,736,783,731,-1,770,779,782,-1,777,754,771,-1,779,770,764,-1,784,775,768,-1,738,737,769,-1,769,784,768,-1,784,769,737,-1,737,747,784,-1,776,747,735,-1,774,780,785,-1,774,786,779,-1,774,779,775,-1,786,781,782,-1,786,782,779,-1,736,755,778,-1,754,777,755,-1,771,782,777,-1,784,747,776,-1,775,784,776,-1,786,785,787,-1,780,774,776,-1,781,787,788,-1,785,786,774,-1,778,788,783,-1,787,781,786,-1,788,778,781,-1,783,736,778,-1,789,787,785,-1,780,790,785,-1,789,785,790,-1,780,735,791,-1,791,790,780,-1,735,716,791,-1,792,787,789,-1,792,793,788,-1,788,787,792,-1,783,793,720,-1,793,783,788,-1,783,720,731,-1,789,790,794,-1,676,677,695,-1,795,796,797,-1,796,679,678,-1,794,798,789,-1,722,799,723,-1,682,679,795,-1,800,801,802,-1,727,803,804,-1,798,801,792,-1,695,727,804,-1,798,792,789,-1,792,801,793,-1,800,720,793,-1,717,791,716,-1,805,794,790,-1,806,807,696,-1,808,809,802,-1,805,791,717,-1,790,791,805,-1,717,726,805,-1,806,696,698,-1,726,807,805,-1,801,798,808,-1,807,810,794,-1,808,802,801,-1,808,798,810,-1,800,799,722,-1,720,800,722,-1,793,801,800,-1,805,807,794,-1,726,696,807,-1,811,799,802,-1,794,810,798,-1,806,797,810,-1,812,803,811,-1,809,808,797,-1,800,802,799,-1,802,809,811,-1,723,799,803,-1,807,806,810,-1,682,795,698,-1,796,813,809,-1,810,797,808,-1,796,809,797,-1,813,812,811,-1,813,811,809,-1,804,676,695,-1,723,803,727,-1,799,811,803,-1,806,698,795,-1,797,806,795,-1,813,678,672,-1,679,796,795,-1,812,672,673,-1,678,813,796,-1,804,673,676,-1,672,812,813,-1,673,804,812,-1,803,812,804,-1,814,815,816,-1,817,815,818,-1,815,817,816,-1,819,820,818,-1,817,818,820,-1,821,820,819,-1,822,814,816,-1,822,823,824,-1,824,814,822,-1,825,823,826,-1,823,825,824,-1,825,826,827,-1,828,829,830,-1,831,829,832,-1,829,831,830,-1,827,833,832,-1,831,832,833,-1,826,833,827,-1,834,828,830,-1,834,835,836,-1,836,828,834,-1,837,835,821,-1,835,837,836,-1,837,821,819,-1,835,838,839,-1,840,841,842,-1,843,844,845,-1,838,835,834,-1,843,838,846,-1,847,848,849,-1,839,821,835,-1,850,841,851,-1,849,848,852,-1,842,853,826,-1,847,851,854,-1,847,854,855,-1,856,857,858,-1,859,855,854,-1,860,859,861,-1,862,852,863,-1,864,865,863,-1,852,862,849,-1,863,865,862,-1,865,864,866,-1,867,845,866,-1,868,857,844,-1,845,865,866,-1,849,856,850,-1,862,865,869,-1,849,862,856,-1,854,861,859,-1,848,847,855,-1,847,850,851,-1,870,861,854,-1,845,869,865,-1,871,843,867,-1,857,856,869,-1,869,856,862,-1,869,844,857,-1,850,856,858,-1,851,870,854,-1,849,850,847,-1,850,858,841,-1,840,870,851,-1,867,843,845,-1,838,871,839,-1,858,857,872,-1,845,844,869,-1,844,846,868,-1,841,858,853,-1,857,868,872,-1,841,853,842,-1,872,853,858,-1,840,851,841,-1,871,838,843,-1,843,846,844,-1,834,830,846,-1,838,834,846,-1,830,831,868,-1,846,830,868,-1,831,833,872,-1,868,831,872,-1,826,853,833,-1,872,833,853,-1,873,874,852,-1,863,852,874,-1,863,874,875,-1,873,852,848,-1,875,864,863,-1,876,873,848,-1,876,848,855,-1,855,859,877,-1,877,876,855,-1,878,859,860,-1,859,878,877,-1,878,860,879,-1,880,874,873,-1,881,882,883,-1,875,874,884,-1,874,880,884,-1,885,886,887,-1,887,886,888,-1,889,890,883,-1,891,892,879,-1,885,893,889,-1,889,893,890,-1,892,891,890,-1,887,893,885,-1,888,894,887,-1,895,888,896,-1,895,880,897,-1,895,898,899,-1,898,895,896,-1,880,899,884,-1,893,887,900,-1,896,888,886,-1,888,897,894,-1,890,893,892,-1,894,900,887,-1,883,890,881,-1,893,900,892,-1,891,881,890,-1,899,880,895,-1,895,897,888,-1,873,876,897,-1,880,873,897,-1,876,877,894,-1,897,876,894,-1,877,878,900,-1,894,877,900,-1,879,892,878,-1,900,878,892,-1,885,901,902,-1,903,886,902,-1,885,902,886,-1,903,904,896,-1,896,886,903,-1,904,898,896,-1,889,901,885,-1,889,883,905,-1,905,901,889,-1,906,883,882,-1,883,906,905,-1,906,882,907,-1,908,909,910,-1,911,912,910,-1,908,910,912,-1,911,907,913,-1,913,912,911,-1,907,882,913,-1,914,909,908,-1,914,915,916,-1,916,909,914,-1,917,915,898,-1,915,917,916,-1,917,898,904,-1,918,919,920,-1,921,922,899,-1,912,919,908,-1,919,923,908,-1,879,924,920,-1,921,925,922,-1,915,914,926,-1,926,925,921,-1,884,927,875,-1,914,923,926,-1,921,898,915,-1,923,914,908,-1,928,919,912,-1,882,881,913,-1,913,928,912,-1,928,913,881,-1,881,891,928,-1,920,891,879,-1,918,924,929,-1,918,930,923,-1,918,923,919,-1,930,925,926,-1,930,926,923,-1,884,899,922,-1,898,921,899,-1,915,926,921,-1,928,891,920,-1,919,928,920,-1,930,929,931,-1,924,918,920,-1,925,931,932,-1,929,930,918,-1,922,932,927,-1,931,925,930,-1,932,922,925,-1,927,884,922,-1,933,931,929,-1,924,934,929,-1,933,929,934,-1,924,879,935,-1,935,934,924,-1,879,860,935,-1,936,931,933,-1,936,937,932,-1,932,931,936,-1,927,937,864,-1,937,927,932,-1,927,864,875,-1,933,934,938,-1,820,821,839,-1,939,940,941,-1,940,823,822,-1,938,942,933,-1,866,943,867,-1,826,823,939,-1,944,945,946,-1,871,947,948,-1,942,945,936,-1,839,871,948,-1,942,936,933,-1,936,945,937,-1,944,864,937,-1,861,935,860,-1,949,938,934,-1,950,951,840,-1,952,953,946,-1,949,935,861,-1,934,935,949,-1,861,870,949,-1,950,840,842,-1,870,951,949,-1,945,942,952,-1,951,954,938,-1,952,946,945,-1,952,942,954,-1,944,943,866,-1,864,944,866,-1,937,945,944,-1,949,951,938,-1,870,840,951,-1,955,943,946,-1,938,954,942,-1,950,941,954,-1,956,947,955,-1,953,952,941,-1,944,946,943,-1,946,953,955,-1,867,943,947,-1,951,950,954,-1,826,939,842,-1,940,957,953,-1,954,941,952,-1,940,953,941,-1,957,956,955,-1,957,955,953,-1,948,820,839,-1,867,947,871,-1,943,955,947,-1,950,842,939,-1,941,950,939,-1,957,822,816,-1,823,940,939,-1,956,816,817,-1,822,957,940,-1,948,817,820,-1,816,956,957,-1,817,948,956,-1,947,956,948,-1,958,959,960,-1,961,959,962,-1,959,961,960,-1,963,964,962,-1,961,962,964,-1,965,964,963,-1,966,958,960,-1,966,967,968,-1,968,958,966,-1,969,967,970,-1,967,969,968,-1,969,970,971,-1,972,973,974,-1,975,973,976,-1,973,975,974,-1,971,977,976,-1,975,976,977,-1,970,977,971,-1,978,972,974,-1,978,979,980,-1,980,972,978,-1,981,979,965,-1,979,981,980,-1,981,965,963,-1,979,982,983,-1,984,985,986,-1,987,988,989,-1,982,979,978,-1,987,982,990,-1,991,992,993,-1,983,965,979,-1,994,985,995,-1,993,992,996,-1,986,997,970,-1,991,995,998,-1,991,998,999,-1,1000,1001,1002,-1,1003,999,998,-1,1004,1003,1005,-1,1006,996,1007,-1,1008,1009,1007,-1,996,1006,993,-1,1007,1009,1006,-1,1009,1008,1010,-1,1011,989,1010,-1,1012,1001,988,-1,989,1009,1010,-1,993,1000,994,-1,1006,1009,1013,-1,993,1006,1000,-1,998,1005,1003,-1,992,991,999,-1,991,994,995,-1,1014,1005,998,-1,989,1013,1009,-1,1015,987,1011,-1,1001,1000,1013,-1,1013,1000,1006,-1,1013,988,1001,-1,994,1000,1002,-1,995,1014,998,-1,993,994,991,-1,994,1002,985,-1,984,1014,995,-1,1011,987,989,-1,982,1015,983,-1,1002,1001,1016,-1,989,988,1013,-1,988,990,1012,-1,985,1002,997,-1,1001,1012,1016,-1,985,997,986,-1,1016,997,1002,-1,984,995,985,-1,1015,982,987,-1,987,990,988,-1,978,974,990,-1,982,978,990,-1,974,975,1012,-1,990,974,1012,-1,975,977,1016,-1,1012,975,1016,-1,970,997,977,-1,1016,977,997,-1,1017,1018,996,-1,1007,996,1018,-1,1007,1018,1019,-1,1017,996,992,-1,1019,1008,1007,-1,1020,1017,992,-1,1020,992,999,-1,999,1003,1021,-1,1021,1020,999,-1,1022,1003,1004,-1,1003,1022,1021,-1,1022,1004,1023,-1,1024,1018,1017,-1,1025,1026,1027,-1,1019,1018,1028,-1,1018,1024,1028,-1,1029,1030,1031,-1,1031,1030,1032,-1,1033,1034,1027,-1,1035,1036,1023,-1,1029,1037,1033,-1,1033,1037,1034,-1,1036,1035,1034,-1,1031,1037,1029,-1,1032,1038,1031,-1,1039,1032,1040,-1,1039,1024,1041,-1,1039,1042,1043,-1,1042,1039,1040,-1,1024,1043,1028,-1,1037,1031,1044,-1,1040,1032,1030,-1,1032,1041,1038,-1,1034,1037,1036,-1,1038,1044,1031,-1,1027,1034,1025,-1,1037,1044,1036,-1,1035,1025,1034,-1,1043,1024,1039,-1,1039,1041,1032,-1,1017,1020,1041,-1,1024,1017,1041,-1,1020,1021,1038,-1,1041,1020,1038,-1,1021,1022,1044,-1,1038,1021,1044,-1,1023,1036,1022,-1,1044,1022,1036,-1,1029,1045,1046,-1,1047,1030,1046,-1,1029,1046,1030,-1,1047,1048,1040,-1,1040,1030,1047,-1,1048,1042,1040,-1,1033,1045,1029,-1,1033,1027,1049,-1,1049,1045,1033,-1,1050,1027,1026,-1,1027,1050,1049,-1,1050,1026,1051,-1,1052,1053,1054,-1,1055,1056,1054,-1,1052,1054,1056,-1,1055,1051,1057,-1,1057,1056,1055,-1,1051,1026,1057,-1,1058,1053,1052,-1,1058,1059,1060,-1,1060,1053,1058,-1,1061,1059,1042,-1,1059,1061,1060,-1,1061,1042,1048,-1,1062,1063,1064,-1,1065,1066,1043,-1,1056,1063,1052,-1,1063,1067,1052,-1,1023,1068,1064,-1,1065,1069,1066,-1,1059,1058,1070,-1,1070,1069,1065,-1,1028,1071,1019,-1,1058,1067,1070,-1,1065,1042,1059,-1,1067,1058,1052,-1,1072,1063,1056,-1,1026,1025,1057,-1,1057,1072,1056,-1,1072,1057,1025,-1,1025,1035,1072,-1,1064,1035,1023,-1,1062,1068,1073,-1,1062,1074,1067,-1,1062,1067,1063,-1,1074,1069,1070,-1,1074,1070,1067,-1,1028,1043,1066,-1,1042,1065,1043,-1,1059,1070,1065,-1,1072,1035,1064,-1,1063,1072,1064,-1,1074,1073,1075,-1,1068,1062,1064,-1,1069,1075,1076,-1,1073,1074,1062,-1,1066,1076,1071,-1,1075,1069,1074,-1,1076,1066,1069,-1,1071,1028,1066,-1,1077,1075,1073,-1,1068,1078,1073,-1,1077,1073,1078,-1,1068,1023,1079,-1,1079,1078,1068,-1,1023,1004,1079,-1,1080,1075,1077,-1,1080,1081,1076,-1,1076,1075,1080,-1,1071,1081,1008,-1,1081,1071,1076,-1,1071,1008,1019,-1,1077,1078,1082,-1,964,965,983,-1,1083,1084,1085,-1,1084,967,966,-1,1082,1086,1077,-1,1010,1087,1011,-1,970,967,1083,-1,1088,1089,1090,-1,1015,1091,1092,-1,1086,1089,1080,-1,983,1015,1092,-1,1086,1080,1077,-1,1080,1089,1081,-1,1088,1008,1081,-1,1005,1079,1004,-1,1093,1082,1078,-1,1094,1095,984,-1,1096,1097,1090,-1,1093,1079,1005,-1,1078,1079,1093,-1,1005,1014,1093,-1,1094,984,986,-1,1014,1095,1093,-1,1089,1086,1096,-1,1095,1098,1082,-1,1096,1090,1089,-1,1096,1086,1098,-1,1088,1087,1010,-1,1008,1088,1010,-1,1081,1089,1088,-1,1093,1095,1082,-1,1014,984,1095,-1,1099,1087,1090,-1,1082,1098,1086,-1,1094,1085,1098,-1,1100,1091,1099,-1,1097,1096,1085,-1,1088,1090,1087,-1,1090,1097,1099,-1,1011,1087,1091,-1,1095,1094,1098,-1,970,1083,986,-1,1084,1101,1097,-1,1098,1085,1096,-1,1084,1097,1085,-1,1101,1100,1099,-1,1101,1099,1097,-1,1092,964,983,-1,1011,1091,1015,-1,1087,1099,1091,-1,1094,986,1083,-1,1085,1094,1083,-1,1101,966,960,-1,967,1084,1083,-1,1100,960,961,-1,966,1101,1084,-1,1092,961,964,-1,960,1100,1101,-1,961,1092,1100,-1,1091,1100,1092,-1,
        ]
    }
}
Shape{
    appearance Appearance {
        material  Material 	{
            diffuseColor 0.9098039215686274 0.9098039215686274 0.9098039215686274
            specularColor 0.7529411764705882 0.7529411764705882 0.7529411764705882
            ambientIntensity 0.2
            transparency 0
            shininess 0.5
        }
    }
    geometry IndexedFaceSet {
        ccw TRUE
        solid FALSE
        coord DEF co Coordinate {
            point [
                3.2008 -1.9081 4.3523, 3.1417 -1.8104 4.3361, 3.2008 -1.8104 4.3361, 3.1417 -1.9081 4.3523, 3.1417 -1.7116 4.3307, 3.2008 -1.7116 4.3307, 3.2008 0.1416 -1.6074, 3.2008 0.1938 -1.6596, 3.2008 0.0965 -1.4685, 3.2008 0.108 -1.5415, 3.2008 1.4469 0.689, 3.2008 1.3786 0.0, 3.2008 1.4469 0.0394, 3.2008 0.0177 0.0, 3.2008 -1.7116 0.8465, 3.2008 -3.0217 0.0, 3.2008 1.4075 0.0, 3.2008 1.4353 0.0115, 3.2008 1.3507 -0.0115, 3.2008 -1.8104 1.8361, 3.2008 -1.7116 1.8307, 3.2008 -1.7116 3.3465, 3.2008 0.6083 -0.0105, 3.2008 0.6476 0.0, 3.2008 -0.0 0.9646, 3.2008 1.4762 0.7501, 3.2008 1.4962 0.7619, 3.2008 -0.009 1.7578, 3.2008 -0.009 0.9194, 3.2008 0.0571 -0.0105, 3.2008 0.0859 -0.0394, 3.2006 1.5191 0.7673, 3.2008 -0.0 3.4646, 3.2008 -0.009 3.4194, 3.2008 1.5191 5.0984, 3.2008 0.0 1.7126, 3.2008 0.5794 -0.0394, 3.2008 0.0965 -0.0787, 3.2008 0.5689 -0.0787, 3.2008 0.2597 -1.6932, 3.2008 0.3327 -1.7047, 3.2008 0.5238 -1.6074, 3.2008 0.5573 -1.5415, 3.2008 0.5689 -1.4685, 3.2008 0.4057 -1.6932, 3.2008 0.4715 -1.6596, 3.2008 0.7765 -0.0115, 3.2008 0.788 -0.0394, 3.2008 1.4603 0.733, 3.2008 0.7486 0.0, 3.2008 1.4506 0.7126, 3.2008 1.3392 -0.0394, 3.2008 -1.8104 3.3411, 3.2008 -1.9081 0.8249, 3.2008 -2.6685 0.6559, 3.2008 -0.1181 1.8307, 3.2008 -0.1181 3.3465, 3.2008 -0.0346 1.7961, 3.2008 -0.0346 0.8811, 3.2008 -0.1181 0.8465, 3.2008 -0.0729 0.8554, 3.2008 -1.8104 0.8411, 3.2008 -2.7488 0.8252, 3.2008 -2.7488 1.852, 3.2008 -2.7757 0.7919, 3.2008 -2.7497 0.6749, 3.2008 -2.7113 0.6561, 3.2008 -2.7854 0.7502, 3.2008 -2.7762 0.7085, 3.2008 -2.7102 1.8337, 3.2008 -2.7102 0.8435, 3.2001 -2.6808 1.8271, 3.2001 -2.6808 0.85, 3.2008 -2.7757 1.8853, 3.2008 -2.7854 1.9269, 3.2008 -3.0217 5.0984, 3.2008 -2.7497 2.0022, 3.2008 -2.7113 2.021, 3.2008 -2.7113 3.1561, 3.2008 -2.7497 3.1749, 3.2008 -2.6685 3.1559, 3.2008 -1.9081 1.8523, 3.2008 -1.9081 3.3249, 3.2008 -2.6685 2.0213, 3.2008 -2.7762 4.4687, 3.2008 -2.7497 4.5022, 3.2008 -2.7762 1.9687, 3.2008 -2.7762 3.2085, 3.2008 -2.7854 3.2502, 3.2008 -2.7488 3.3252, 3.2008 -2.7102 3.3435, 3.2008 -2.7102 4.3337, 3.2008 -2.7757 3.2919, 3.2008 -2.7757 4.3853, 3.2001 -2.6808 4.3272, 3.2001 -2.6808 3.35, 3.2008 -2.7488 4.352, 3.2008 -2.7854 4.4269, 3.2008 -2.7113 4.521, 3.2008 -2.6685 4.5213, 3.2008 -0.0346 3.3811, 3.2008 -0.0729 1.8217, 3.2008 -0.1181 4.3307, 3.2008 -0.0346 4.2961, 3.2008 -0.0729 4.3217, 3.2008 -0.009 4.2578, 3.2008 0.0 4.2126, 3.2008 -0.0729 3.3554, 3.1417 -1.7116 1.8307, 3.1417 -1.8104 1.8361, 3.1417 -1.9081 1.8523, 3.1417 1.4469 0.689, 3.1417 1.3786 0.0, 3.1417 1.3507 -0.0115, 3.1417 0.5689 -1.4685, 3.1417 0.5238 -1.6074, 3.1417 0.4715 -1.6596, 3.1417 0.7765 -0.0115, 3.1417 0.7486 0.0, 3.1417 -0.0346 0.8811, 3.1417 0.0177 0.0, 3.1417 -0.0729 0.8554, 3.1417 1.4506 0.7126, 3.1417 1.3392 -0.0394, 3.1417 1.3392 -0.0197, 3.1417 0.0859 -0.0394, 3.1417 -0.009 0.9194, 3.1417 0.5794 -0.0394, 3.1417 0.788 -0.0197, 3.1417 0.788 -0.0394, 3.1417 0.0571 -0.0105, 3.1417 0.5689 -0.0787, 3.1417 0.0965 -1.4685, 3.1417 0.3327 -1.7047, 3.1417 0.5573 -1.5415, 3.1417 0.4057 -1.6932, 3.1417 1.4353 0.0115, 3.1417 1.4075 0.0, 3.1417 1.4469 0.0394, 3.1417 0.2597 -1.6932, 3.1417 0.1938 -1.6596, 3.1417 0.1416 -1.6074, 3.1417 0.108 -1.5415, 3.1417 0.6083 -0.0105, 3.1417 0.0 0.9646, 3.1417 0.0965 -0.0787, 3.1417 0.6476 0.0, 3.1417 -0.1181 1.8307, 3.1417 -0.1181 3.3465, 3.1417 -0.0729 1.8217, 3.1417 1.4767 0.7506, 3.1417 -0.0 1.7126, 3.1417 -0.009 1.7578, 3.1417 -0.0346 3.3811, 3.1417 -0.0346 1.7961, 3.1417 -0.1181 0.8465, 3.1417 -2.7762 0.7085, 3.1417 -2.7497 0.6749, 3.1417 -3.0413 0.0, 3.1417 -2.6685 2.0213, 3.1417 -2.6685 3.1559, 3.1417 -1.9081 3.3249, 3.1417 -2.7854 3.2502, 3.1417 -2.7762 3.2085, 3.1417 -2.7762 1.9687, 3.1417 -2.7757 1.8853, 3.1417 -2.7488 0.8252, 3.1417 -2.7757 0.7919, 3.1417 -2.7488 3.3252, 3.1417 -2.7488 4.352, 3.1417 -2.7102 3.3435, 3.1417 -2.7854 1.9269, 3.1417 -2.7757 4.3853, 3.1417 -3.0413 5.0984, 3.1417 -2.7102 1.8337, 3.1417 -2.7102 0.8435, 3.1417 -2.7488 1.852, 3.1412 -2.6808 0.85, 3.1412 -2.6808 1.8271, 3.1417 -2.7854 0.7502, 3.1417 -2.7113 0.6561, 3.1417 -2.6685 0.6559, 3.1417 -1.9081 0.8249, 3.1417 -1.8104 0.8411, 3.1417 -1.7116 0.8465, 3.1417 1.4609 0.7337, 3.1418 1.4963 0.762, 3.1417 -0.0729 3.3554, 3.1417 -0.009 3.4194, 3.1417 0.0 3.4646, 3.1414 1.5191 0.7673, 3.1417 -1.8104 3.3411, 3.1417 -1.7116 3.3465, 3.1417 -0.1181 4.3307, 3.1417 1.5191 5.0984, 3.1417 -0.0 4.2126, 3.1417 -0.0346 4.2961, 3.1417 -0.009 4.2578, 3.1417 -0.0729 4.3217, 3.1417 -2.6685 4.5213, 3.1417 -2.7102 4.3337, 3.1417 -2.7497 4.5022, 3.1417 -2.7113 4.521, 3.1417 -2.7854 4.4269, 3.1417 -2.7762 4.4687, 3.1417 -2.7757 3.2919, 3.1412 -2.6808 3.35, 3.1412 -2.6808 4.3272, 3.1417 -2.7497 3.1749, 3.1417 -2.7497 2.0022, 3.1417 -2.7113 2.021, 3.1417 -2.7113 3.1561, 3.2473 -2.5125 0.8874, 3.2393 -2.4043 0.9115, 3.2929 -2.4294 0.9059, 3.1952 -2.4822 0.8942, 3.2211 -2.5658 0.8756, 3.172 -2.5291 0.8837, 3.2059 -2.6223 0.863, 3.1552 -2.5783 0.8728, 3.145 -2.6291 0.8615, 3.2806 -2.3252 0.9291, 3.3365 -2.3454 0.9245, 3.3193 -2.2447 0.9469, 3.3555 -2.1632 0.9651, 3.3773 -2.2601 0.9435, 3.389 -2.0806 0.9834, 3.4152 -2.1734 0.9628, 3.4502 -2.0857 0.9823, 3.4199 -1.9967 1.0024, 3.4824 -1.9967 1.0023, 3.4808 -1.8002 1.0236, 3.5419 -1.8002 1.0236, 3.5235 -1.8666 1.0212, 3.462 -1.8667 1.0212, 3.5037 -1.9321 1.0135, 3.4416 -1.9321 1.0136, 3.5157 -0.2449 1.1417, 3.5157 -0.2449 1.5354, 3.5183 -0.2535 1.5806, 3.5976 -0.5962 1.6535, 3.5474 -0.3587 1.0236, 3.5474 -0.3587 1.6535, 3.5255 -0.278 1.6189, 3.5183 -0.2535 1.0966, 3.5255 -0.278 1.0582, 3.5359 -0.315 1.6446, 3.5359 -0.315 1.0326, 3.6257 -1.3223 1.6535, 3.6369 -1.0798 1.0236, 3.6369 -1.0798 1.6535, 3.6275 -0.8372 1.6535, 3.6275 -0.8372 1.0236, 3.5976 -0.5962 1.0236, 3.4586 -2.0635 1.69, 3.5235 -1.8666 1.656, 3.5419 -1.8002 1.6535, 3.4331 -2.1296 1.7047, 3.4061 -2.1951 1.7192, 3.3774 -2.26 1.7336, 3.347 -2.3241 1.7479, 3.3151 -2.3875 1.762, 3.2811 -2.4499 1.7758, 3.2473 -2.5125 1.7897, 3.4824 -1.9967 1.6749, 3.5037 -1.9321 1.6632, 3.5939 -1.5631 1.0236, 3.5939 -1.5631 1.6535, 3.6257 -1.3223 1.0236, 3.4689 -0.295 1.0582, 3.4618 -0.2705 1.0966, 3.4592 -0.2619 1.1417, 3.4793 -0.332 1.0326, 3.4908 -0.3757 1.0236, 3.4689 -0.295 1.6189, 3.4793 -0.332 1.6446, 3.4618 -0.2705 1.5806, 3.4592 -0.2619 1.5354, 3.4908 -0.3757 1.6535, 3.5778 -1.0886 1.6535, 3.5692 -0.8488 1.6535, 3.5692 -0.8488 1.0236, 3.5401 -0.6106 1.0236, 3.5401 -0.6106 1.6535, 3.4416 -1.9321 1.6632, 3.5778 -1.0886 1.0236, 3.5658 -1.3283 1.0236, 3.5658 -1.3283 1.6535, 3.3654 -2.1396 1.7069, 3.3936 -2.0685 1.6911, 3.3352 -2.2098 1.7225, 3.3032 -2.2792 1.7379, 3.2692 -2.3477 1.7531, 3.2333 -2.4154 1.7682, 3.1952 -2.4822 1.783, 3.4199 -1.9967 1.6748, 3.462 -1.8667 1.656, 3.5334 -1.5661 1.0236, 3.4808 -1.8002 1.6535, 3.5334 -1.5661 1.6535, 3.2059 -2.6223 1.8142, 3.145 -2.629 1.8156, 3.1551 -2.5781 1.8043, 3.2211 -2.5659 1.8016, 3.1729 -2.5293 1.7935, 3.1952 -2.4822 3.3942, 3.2473 -2.5125 3.3874, 3.2211 -2.5659 3.3756, 3.2806 -2.3252 3.4291, 3.3365 -2.3454 3.4245, 3.2929 -2.4294 3.4059, 3.3193 -2.2447 3.4469, 3.3773 -2.2601 3.4435, 3.145 -2.629 3.3615, 3.1551 -2.5781 3.3729, 3.2059 -2.6223 3.363, 3.2393 -2.4043 3.4115, 3.3555 -2.1632 3.4651, 3.1729 -2.5293 3.3837, 3.389 -2.0806 3.4834, 3.4152 -2.1734 3.4628, 3.4199 -1.9967 3.5024, 3.4502 -2.0857 3.4823, 3.4824 -1.9967 3.5023, 3.4808 -1.8002 3.5236, 3.5419 -1.8002 3.5236, 3.5235 -1.8666 3.5212, 3.462 -1.8667 3.5212, 3.5037 -1.9321 3.5135, 3.4416 -1.9321 3.5136, 3.5255 -0.278 4.1189, 3.5359 -0.315 4.1446, 3.5255 -0.278 3.5582, 3.5183 -0.2535 4.0806, 3.5157 -0.2449 3.6417, 3.5157 -0.2449 4.0354, 3.5474 -0.3587 4.1535, 3.5474 -0.3587 3.5236, 3.5359 -0.315 3.5326, 3.6369 -1.0798 3.5236, 3.6369 -1.0798 4.1535, 3.6257 -1.3223 4.1535, 3.5976 -0.5962 3.5236, 3.5976 -0.5962 4.1535, 3.6275 -0.8372 4.1535, 3.4824 -1.9967 4.1749, 3.4586 -2.0635 4.19, 3.4331 -2.1296 4.2046, 3.5037 -1.9321 4.1632, 3.4061 -2.1951 4.2192, 3.3151 -2.3875 4.262, 3.347 -2.3241 4.2479, 3.2816 -2.4501 4.2759, 3.3774 -2.26 4.2336, 3.2473 -2.5125 4.2898, 3.5235 -1.8666 4.156, 3.5939 -1.5631 3.5236, 3.5419 -1.8002 4.1535, 3.5939 -1.5631 4.1535, 3.6257 -1.3223 3.5236, 3.6275 -0.8372 3.5236, 3.5183 -0.2535 3.5966, 3.4618 -0.2705 4.0806, 3.4689 -0.295 4.1189, 3.4592 -0.2619 4.0354, 3.4793 -0.332 4.1445, 3.4908 -0.3757 4.1535, 3.5334 -1.5661 4.1535, 3.4808 -1.8002 4.1535, 3.5401 -0.6106 4.1535, 3.5778 -1.0886 4.1535, 3.5658 -1.3283 4.1535, 3.5692 -0.8488 4.1535, 3.462 -1.8667 4.156, 3.4416 -1.9321 4.1632, 3.4199 -1.9967 4.1748, 3.2692 -2.3477 4.2531, 3.2333 -2.4154 4.2681, 3.1952 -2.4822 4.283, 3.172 -2.5291 4.2934, 3.2211 -2.5658 4.3016, 3.2059 -2.6223 4.3141, 3.1552 -2.5783 4.3044, 3.145 -2.6291 4.3156, 3.3032 -2.2792 4.2379, 3.3352 -2.2098 4.2225, 3.3654 -2.1396 4.2069, 3.3936 -2.0685 4.1911, 3.4793 -0.332 3.5326, 3.4908 -0.3757 3.5236, 3.5334 -1.5661 3.5236, 3.5658 -1.3283 3.5236, 3.5778 -1.0886 3.5236, 3.5692 -0.8488 3.5236, 3.5401 -0.6106 3.5236, 3.4618 -0.2705 3.5966, 3.4592 -0.2619 3.6417, 3.4689 -0.295 3.5582, 3.4689 -0.295 3.5582
            ]
        }
        coordIndex [
            0,1,2,-1,3,1,0,-1,4,2,1,-1,2,4,5,-1,6,7,8,-1,9,6,8,-1,10,11,12,-1,13,14,15,-1,16,17,12,-1,12,11,16,-1,18,11,10,-1,19,20,21,-1,22,23,24,-1,25,26,27,-1,28,29,30,-1,31,32,33,-1,31,34,32,-1,25,27,35,-1,36,30,37,-1,22,28,36,-1,37,38,36,-1,7,39,8,-1,8,39,40,-1,41,42,43,-1,44,45,43,-1,41,43,45,-1,43,8,40,-1,40,44,43,-1,18,46,47,-1,43,38,8,-1,46,18,10,-1,8,38,37,-1,35,48,25,-1,24,28,22,-1,24,49,50,-1,48,35,50,-1,10,49,46,-1,50,49,10,-1,18,47,51,-1,19,21,52,-1,15,53,54,-1,30,36,28,-1,55,56,20,-1,33,27,26,-1,57,27,33,-1,24,50,35,-1,24,23,49,-1,13,29,58,-1,28,58,29,-1,59,13,60,-1,13,58,60,-1,59,14,13,-1,15,14,53,-1,14,61,53,-1,62,63,64,-1,65,15,66,-1,15,54,66,-1,67,15,68,-1,15,65,68,-1,69,63,62,-1,69,70,71,-1,70,69,62,-1,70,72,71,-1,64,63,73,-1,67,73,74,-1,73,67,64,-1,75,15,74,-1,67,74,15,-1,76,77,78,-1,78,79,76,-1,77,80,78,-1,81,19,52,-1,52,82,81,-1,81,82,83,-1,84,85,75,-1,83,82,80,-1,77,83,80,-1,76,79,86,-1,74,86,87,-1,79,87,86,-1,75,74,88,-1,74,87,88,-1,89,90,91,-1,88,92,93,-1,90,94,91,-1,90,95,94,-1,89,91,96,-1,97,75,88,-1,93,92,96,-1,89,96,92,-1,93,97,88,-1,75,97,84,-1,75,98,99,-1,75,85,98,-1,99,0,75,-1,2,5,0,-1,100,101,57,-1,5,75,0,-1,33,100,57,-1,5,102,75,-1,75,102,34,-1,103,34,104,-1,34,102,104,-1,33,26,31,-1,34,103,105,-1,34,105,106,-1,34,106,32,-1,55,101,107,-1,100,107,101,-1,56,55,107,-1,20,56,21,-1,108,19,109,-1,20,19,108,-1,81,109,19,-1,109,81,110,-1,111,112,113,-1,114,115,116,-1,111,117,118,-1,119,120,121,-1,122,111,118,-1,113,123,124,-1,125,126,127,-1,113,124,111,-1,128,129,117,-1,130,126,125,-1,127,131,125,-1,119,130,120,-1,132,114,133,-1,134,115,114,-1,114,116,135,-1,136,137,138,-1,132,139,140,-1,133,114,135,-1,141,132,140,-1,132,141,142,-1,132,133,139,-1,143,126,144,-1,145,114,132,-1,145,131,114,-1,145,125,131,-1,143,144,146,-1,119,126,130,-1,147,148,149,-1,112,111,138,-1,150,151,152,-1,153,152,154,-1,121,120,155,-1,127,126,143,-1,124,128,111,-1,117,111,128,-1,138,137,112,-1,156,157,158,-1,159,160,110,-1,109,110,161,-1,162,163,164,-1,165,166,167,-1,168,169,170,-1,164,171,162,-1,168,172,169,-1,158,173,171,-1,174,175,176,-1,174,177,175,-1,174,178,177,-1,176,175,166,-1,179,158,171,-1,165,167,171,-1,176,166,165,-1,171,167,179,-1,158,179,156,-1,158,180,181,-1,158,157,180,-1,181,182,158,-1,183,184,182,-1,184,158,182,-1,158,184,120,-1,184,155,120,-1,144,122,118,-1,146,144,118,-1,151,185,122,-1,151,122,144,-1,151,150,185,-1,186,150,152,-1,154,149,187,-1,153,154,187,-1,149,148,187,-1,188,189,190,-1,109,191,108,-1,191,109,161,-1,191,192,108,-1,193,173,194,-1,108,192,147,-1,152,153,188,-1,147,192,148,-1,186,188,190,-1,188,186,152,-1,190,189,194,-1,194,189,195,-1,196,194,197,-1,194,195,197,-1,194,198,193,-1,194,196,198,-1,4,173,193,-1,173,4,3,-1,4,1,3,-1,199,173,3,-1,169,200,170,-1,201,173,202,-1,173,199,202,-1,203,173,204,-1,173,201,204,-1,172,168,205,-1,206,170,200,-1,207,206,200,-1,208,209,163,-1,163,209,164,-1,203,205,162,-1,203,172,205,-1,171,173,162,-1,203,162,173,-1,210,208,211,-1,208,210,209,-1,210,211,159,-1,110,160,161,-1,159,211,160,-1,20,147,55,-1,147,20,108,-1,149,154,57,-1,149,101,147,-1,101,149,57,-1,147,101,55,-1,27,57,154,-1,152,35,27,-1,27,154,152,-1,152,151,35,-1,35,151,144,-1,35,144,24,-1,126,119,58,-1,126,28,144,-1,28,126,58,-1,144,28,24,-1,60,58,119,-1,121,59,60,-1,60,119,121,-1,121,155,59,-1,59,155,184,-1,59,184,14,-1,182,61,183,-1,53,61,182,-1,14,183,61,-1,183,14,184,-1,53,181,54,-1,181,53,182,-1,156,179,67,-1,167,64,179,-1,67,179,64,-1,62,167,166,-1,167,62,64,-1,70,62,166,-1,70,166,175,-1,67,68,156,-1,157,68,65,-1,68,157,156,-1,65,66,180,-1,180,157,65,-1,180,66,181,-1,66,54,181,-1,212,213,214,-1,72,175,177,-1,215,213,212,-1,215,216,217,-1,216,215,212,-1,218,219,217,-1,218,220,219,-1,218,72,220,-1,177,220,72,-1,72,70,175,-1,217,216,218,-1,214,221,222,-1,214,213,221,-1,221,223,222,-1,224,225,223,-1,222,223,225,-1,224,226,227,-1,227,225,224,-1,228,226,229,-1,226,228,227,-1,228,229,230,-1,231,232,233,-1,233,234,231,-1,235,234,233,-1,234,235,236,-1,235,230,236,-1,230,229,236,-1,237,238,239,-1,240,241,242,-1,239,243,244,-1,244,237,239,-1,243,245,244,-1,246,245,243,-1,247,246,242,-1,246,247,245,-1,247,242,241,-1,248,249,250,-1,251,252,253,-1,230,254,228,-1,255,232,256,-1,254,257,228,-1,258,227,257,-1,228,257,227,-1,225,227,258,-1,259,260,225,-1,259,225,258,-1,222,260,261,-1,260,222,225,-1,262,214,261,-1,222,261,214,-1,262,263,212,-1,212,214,262,-1,254,230,264,-1,264,235,265,-1,235,264,230,-1,255,265,233,-1,235,233,265,-1,256,232,266,-1,255,233,232,-1,267,256,266,-1,248,268,249,-1,268,267,266,-1,268,248,267,-1,250,252,251,-1,249,252,250,-1,240,253,241,-1,251,253,240,-1,245,269,270,-1,271,244,270,-1,245,270,244,-1,237,244,271,-1,247,269,245,-1,272,247,241,-1,247,272,269,-1,272,241,273,-1,274,270,269,-1,272,275,269,-1,271,276,277,-1,273,278,272,-1,279,280,281,-1,282,283,273,-1,236,284,234,-1,285,286,287,-1,226,288,289,-1,289,229,226,-1,290,288,224,-1,226,224,288,-1,223,290,224,-1,223,221,291,-1,291,290,223,-1,213,292,221,-1,291,221,292,-1,293,213,215,-1,213,293,292,-1,294,293,215,-1,295,229,289,-1,279,281,285,-1,295,284,236,-1,236,229,295,-1,234,284,296,-1,234,296,231,-1,297,231,298,-1,296,298,231,-1,286,297,299,-1,299,297,298,-1,287,286,299,-1,287,279,285,-1,280,283,282,-1,280,282,281,-1,278,273,283,-1,269,275,274,-1,275,272,278,-1,271,270,276,-1,276,270,274,-1,277,237,271,-1,277,238,237,-1,276,274,239,-1,277,276,238,-1,239,238,276,-1,239,274,243,-1,275,243,274,-1,246,275,278,-1,275,246,243,-1,246,278,242,-1,298,256,299,-1,279,251,280,-1,280,240,283,-1,251,279,250,-1,267,279,287,-1,279,248,250,-1,287,299,256,-1,279,267,248,-1,287,256,267,-1,251,240,280,-1,242,283,240,-1,283,242,278,-1,296,265,255,-1,298,296,255,-1,298,255,256,-1,296,284,265,-1,265,284,264,-1,284,295,264,-1,263,293,294,-1,295,254,264,-1,292,261,291,-1,290,291,260,-1,300,301,71,-1,174,69,71,-1,174,71,178,-1,71,301,178,-1,300,302,301,-1,263,294,303,-1,293,262,292,-1,291,261,260,-1,260,259,290,-1,304,300,303,-1,300,304,302,-1,304,303,294,-1,263,262,293,-1,261,292,262,-1,259,258,288,-1,288,290,259,-1,289,258,257,-1,258,289,288,-1,254,295,257,-1,289,257,295,-1,300,71,72,-1,263,216,212,-1,303,218,216,-1,216,263,303,-1,303,300,218,-1,72,218,300,-1,171,164,86,-1,209,210,77,-1,164,209,76,-1,209,77,76,-1,210,83,77,-1,86,164,76,-1,83,210,159,-1,74,171,86,-1,165,74,73,-1,74,165,171,-1,73,63,176,-1,176,165,73,-1,176,63,174,-1,63,69,174,-1,83,159,110,-1,83,110,81,-1,301,302,219,-1,177,301,220,-1,301,219,220,-1,178,301,177,-1,302,217,219,-1,217,304,294,-1,302,304,217,-1,217,294,215,-1,232,286,266,-1,268,266,285,-1,249,268,285,-1,285,266,286,-1,297,286,232,-1,241,253,282,-1,282,273,241,-1,252,281,253,-1,232,231,297,-1,252,249,285,-1,252,285,281,-1,253,281,282,-1,21,191,52,-1,192,191,21,-1,161,52,191,-1,52,161,82,-1,80,82,161,-1,161,160,80,-1,88,87,163,-1,79,208,87,-1,163,87,208,-1,211,79,78,-1,79,211,208,-1,160,211,78,-1,160,78,80,-1,163,162,88,-1,92,162,205,-1,162,92,88,-1,205,168,89,-1,89,92,205,-1,89,168,90,-1,168,170,90,-1,305,306,307,-1,308,309,310,-1,311,312,309,-1,95,206,313,-1,314,315,313,-1,170,206,95,-1,90,170,95,-1,95,313,315,-1,316,306,305,-1,316,310,306,-1,311,309,308,-1,311,317,312,-1,318,307,315,-1,315,314,318,-1,318,305,307,-1,310,316,308,-1,317,319,320,-1,320,312,317,-1,321,322,319,-1,320,319,322,-1,321,323,322,-1,324,325,326,-1,326,327,324,-1,328,327,326,-1,327,328,329,-1,328,323,329,-1,323,321,329,-1,330,331,332,-1,333,334,335,-1,336,337,338,-1,338,331,336,-1,339,340,341,-1,342,343,344,-1,345,346,323,-1,323,328,345,-1,322,346,347,-1,346,322,323,-1,348,345,328,-1,322,347,320,-1,349,320,347,-1,350,310,309,-1,349,312,320,-1,309,351,350,-1,312,351,309,-1,306,310,352,-1,352,310,350,-1,351,312,353,-1,306,352,354,-1,312,349,353,-1,328,326,348,-1,325,355,326,-1,348,326,355,-1,325,356,357,-1,357,355,325,-1,358,356,359,-1,356,358,357,-1,358,359,341,-1,340,339,360,-1,341,359,339,-1,360,342,344,-1,344,340,360,-1,343,337,336,-1,343,342,337,-1,361,330,332,-1,338,332,331,-1,333,361,334,-1,361,333,330,-1,362,363,333,-1,364,362,335,-1,333,335,362,-1,333,363,330,-1,365,330,363,-1,331,365,366,-1,365,331,330,-1,331,366,336,-1,367,368,357,-1,336,366,369,-1,340,370,341,-1,357,371,367,-1,344,343,372,-1,370,340,344,-1,369,343,336,-1,372,370,344,-1,369,372,343,-1,370,358,341,-1,357,358,371,-1,358,370,371,-1,373,348,355,-1,368,373,355,-1,368,355,357,-1,373,374,348,-1,348,374,345,-1,374,375,345,-1,376,352,350,-1,352,376,377,-1,200,94,207,-1,354,377,378,-1,377,354,352,-1,378,379,380,-1,380,354,378,-1,381,379,382,-1,381,382,383,-1,381,383,94,-1,207,94,383,-1,94,200,91,-1,379,381,380,-1,384,350,351,-1,350,384,376,-1,385,384,351,-1,353,386,385,-1,385,351,353,-1,387,386,349,-1,353,349,386,-1,387,347,375,-1,347,387,349,-1,375,347,346,-1,346,345,375,-1,95,315,381,-1,354,307,306,-1,315,380,381,-1,95,381,94,-1,354,380,307,-1,315,307,380,-1,203,97,172,-1,93,169,172,-1,172,97,93,-1,169,96,200,-1,93,96,169,-1,203,84,97,-1,200,96,91,-1,84,203,204,-1,85,204,201,-1,204,85,84,-1,201,202,98,-1,98,85,201,-1,98,202,99,-1,202,199,99,-1,199,0,99,-1,199,3,0,-1,382,318,314,-1,379,378,318,-1,379,318,382,-1,378,305,318,-1,314,383,382,-1,383,313,206,-1,314,313,383,-1,383,206,207,-1,374,327,329,-1,366,388,389,-1,329,321,375,-1,375,374,329,-1,319,387,321,-1,375,321,387,-1,386,319,317,-1,319,386,387,-1,385,386,317,-1,308,384,311,-1,385,317,311,-1,316,376,308,-1,384,308,376,-1,376,316,377,-1,305,377,316,-1,378,377,305,-1,385,311,384,-1,327,374,373,-1,368,324,373,-1,327,373,324,-1,390,368,367,-1,368,390,324,-1,367,371,391,-1,391,390,367,-1,391,371,392,-1,393,392,370,-1,371,370,392,-1,393,372,394,-1,372,393,370,-1,369,389,394,-1,394,372,369,-1,363,362,395,-1,369,366,389,-1,395,362,396,-1,364,396,362,-1,363,397,365,-1,395,397,363,-1,366,365,388,-1,365,397,388,-1,391,325,390,-1,360,339,392,-1,393,342,360,-1,393,360,392,-1,337,342,394,-1,393,394,342,-1,337,394,389,-1,391,392,356,-1,339,359,392,-1,356,392,359,-1,325,391,356,-1,324,390,325,-1,332,397,395,-1,396,361,395,-1,332,395,361,-1,334,361,396,-1,338,397,332,-1,388,338,337,-1,338,388,397,-1,388,337,389,-1,335,334,396,-1,335,396,364,-1,148,21,56,-1,148,192,21,-1,107,100,153,-1,107,187,56,-1,187,107,153,-1,56,187,148,-1,188,153,100,-1,33,189,188,-1,188,100,33,-1,33,32,189,-1,32,106,195,-1,195,189,32,-1,105,103,196,-1,105,197,106,-1,197,105,196,-1,106,197,195,-1,198,196,103,-1,104,193,198,-1,198,103,104,-1,104,102,193,-1,102,5,4,-1,4,193,102,-1,
        ]
    }
}
Shape{
    appearance Appearance {
        material  Material 	{
            diffuseColor 0.8117647058823529 0.8117647058823529 0.8117647058823529
            specularColor 0.7529411764705882 0.7529411764705882 0.7529411764705882
            ambientIntensity 0.2
            transparency 0
            shininess 0.5
        }
    }
    geometry IndexedFaceSet {
        ccw TRUE
        solid FALSE
        coord DEF co Coordinate {
            point [
                3.2008 1.4075 0.0, 3.1417 1.4353 0.0115, 3.2008 1.4353 0.0115, 3.1417 1.4075 0.0, 3.1417 1.4469 0.0394, 3.2008 1.4469 0.0394, 3.2008 1.4469 0.0394
            ]
        }
        coordIndex [
            0,1,2,-1,3,1,0,-1,4,2,1,-1,2,4,5,-1,
        ]
    }
}
Shape{
    appearance Appearance {
        material  Material 	{
            diffuseColor 0.9098039215686274 0.9098039215686274 0.9098039215686274
            specularColor 0.7529411764705882 0.7529411764705882 0.7529411764705882
            ambientIntensity 0.2
            transparency 0
            shininess 0.5
        }
    }
    geometry IndexedFaceSet {
        ccw TRUE
        solid FALSE
        coord DEF co Coordinate {
            point [
                3.2008 1.4469 0.689, 3.2008 1.4469 0.0394, 3.1417 1.4469 0.0394, 3.1417 1.4469 0.689, 3.1417 1.4767 0.7506, 3.2008 1.4762 0.7501, 3.1417 1.4609 0.7337, 3.2008 1.4603 0.733, 3.2008 1.4506 0.7126, 3.1417 1.4506 0.7126, 3.2008 1.4962 0.7619, 3.1418 1.4963 0.762, 3.2006 1.5191 0.7673, 3.1414 1.5191 0.7673, 3.2005 1.5256 0.7675, 3.1412 1.5256 0.7677, 3.0864 1.7504 0.7677, 3.0798 1.6075 0.7677, 3.0512 1.6506 0.7677, 3.0334 1.6991 0.7677, 3.0273 1.7504 0.7677, 3.0963 1.6947 0.7677, 3.1317 1.5464 0.7677, 3.1248 1.6458 0.7677, 3.1767 1.5846 0.7677, 3.1394 1.533 0.7677, 3.1889 1.5666 0.7677, 3.1969 1.5468 0.7677, 3.1362 1.54 0.7677, 3.0273 2.7056 0.7677, 3.0864 2.7056 0.7677, 3.0273 2.8967 0.8651, 3.0864 2.8445 0.8128, 3.0273 2.8445 0.8128, 3.0273 2.7786 0.7793, 3.0864 2.7786 0.7793, 3.0864 2.8967 0.8651, 3.0273 2.9303 0.9309, 3.0864 2.9303 0.9309, 3.0273 2.9419 1.0039, 3.0864 2.9419 1.0039, 3.0864 2.8967 5.0011, 3.0864 2.8445 5.0533, 3.0864 2.9419 4.8622, 3.0864 2.9303 4.9352, 3.0864 2.7056 5.0984, 3.0864 2.4699 3.1337, 3.0864 2.7786 5.0869, 3.0864 2.1582 3.1337, 3.0864 1.7504 5.0984, 3.0864 2.4699 2.0434, 3.0864 2.1582 2.0434, 3.0963 1.6947 5.0984, 3.1248 1.6458 5.0984, 3.0273 2.7056 5.0984, 3.0273 1.7504 5.0984, 3.0334 1.6991 5.0984, 3.1417 -3.0413 5.0984, 3.122 -3.0413 5.0984, 3.122 -3.1004 5.0984, 3.0798 1.6075 5.0984, 3.0512 1.6506 5.0984, 3.1317 1.5464 5.0984, 3.1767 1.5846 5.0984, 3.1614 -3.0898 5.0984, 3.1902 -3.061 5.0984, 3.1391 1.5337 5.0984, 3.1417 1.5191 5.0984, 3.2008 -3.0217 5.0984, 3.2008 1.5191 5.0984, 3.1946 1.554 5.0984, 3.0273 2.8445 5.0533, 3.0273 2.7786 5.0869, 3.0273 2.8967 5.0011, 3.0273 2.9303 4.9352, 3.0273 2.9419 4.8622, 3.1614 -3.0898 0.0, 3.1902 -3.061 0.0, 3.2008 -3.0217 0.0, 3.122 -3.1004 -0.0, -2.2165 3.1004 0.0, -3.122 3.0413 0.0, -3.122 3.1004 0.0, -2.2165 3.0413 0.0, 3.122 3.1004 0.0, 3.122 3.0413 0.0, 2.2165 3.0413 0.0, 2.2165 3.1004 0.0, -3.1902 -3.061 -0.0, -3.2008 -3.0217 0.0, -3.1417 -3.0413 0.0, -2.3622 -3.0413 0.0, -2.3622 -3.1004 0.0, -3.122 -3.1004 0.0, -3.1614 -3.0898 -0.0, -3.1417 0.0177 0.0, -3.2008 0.0177 0.0, 3.1417 -3.0413 0.0, 2.3622 -3.0413 0.0, 2.3622 -3.1004 0.0, 3.1417 0.0177 0.0, 3.2008 0.0177 0.0, 3.2008 0.7486 0.0, 3.2008 0.6476 0.0, 3.1417 0.6476 0.0, 3.1417 0.7486 0.0, 3.2008 1.4075 0.0, 3.1417 1.3786 0.0, 3.1417 1.4075 0.0, 3.2008 1.3786 0.0, -3.1417 0.7486 0.0, -3.2008 0.6476 0.0, -3.2008 0.7486 0.0, -3.1417 0.6476 0.0, -3.1417 1.4075 0.0, -3.2008 1.3786 0.0, -3.2008 1.4075 0.0, -3.1417 1.3786 0.0, -2.2165 3.1004 0.2756, -2.2165 3.0413 0.2756, -2.0238 3.0413 0.6757, -2.1049 3.0413 0.5947, -2.1049 3.1004 0.5947, -2.1659 3.0413 0.4977, -2.1659 3.1004 0.4977, -2.2037 3.1004 0.3895, -2.2037 3.0413 0.3895, -2.0238 3.1004 0.6757, -1.9268 3.0413 0.7367, -1.9268 3.1004 0.7367, -1.8186 3.1004 0.7746, -1.8186 3.0413 0.7746, -1.7047 3.0413 0.7874, -1.7047 3.1004 0.7874, 1.7047 3.0413 0.7874, 1.7047 3.1004 0.7874, -3.122 3.0413 1.4322, -3.048 3.0413 1.4926, -3.0925 3.0413 1.4703, -3.1138 3.0413 1.4563, -3.0403 3.0413 1.6699, -3.0403 3.0413 3.5073, -3.0827 3.0413 1.696, -3.0167 3.0413 1.5313, -3.004 3.0413 1.5795, -3.0124 3.0413 1.6286, -0.3839 3.0413 2.6772, -0.3346 3.0413 5.0394, -0.4183 3.0413 2.6679, -3.122 3.0413 5.0787, -3.122 3.0413 3.745, -2.5 3.0413 5.0394, -3.0827 3.0413 3.4812, 0.3242 3.0413 2.6427, -0.315 3.0413 2.6083, 0.315 3.0413 2.6083, 0.3346 3.0413 5.0394, 0.3839 3.0413 2.6772, 0.4183 3.0413 2.6679, -0.3242 3.0413 2.6427, 0.3494 3.0413 2.6679, -0.3494 3.0413 2.6679, -3.048 3.0413 3.6845, -3.0167 3.0413 3.6458, -2.5 3.0413 5.0787, -3.0925 3.0413 3.7069, -3.1138 3.0413 3.7209, -3.004 3.0413 3.5977, -0.3346 3.0413 5.0787, 0.3346 3.0413 5.0787, 2.5 3.0413 5.0394, 3.122 3.0413 5.0787, 2.5 3.0413 5.0787, 3.0925 3.0413 3.7069, 3.1138 3.0413 3.7209, 3.122 3.0413 3.745, 0.4435 3.0413 2.6427, 3.0124 3.0413 3.5486, 3.004 3.0413 3.5977, 3.0403 3.0413 3.5073, 3.048 3.0413 3.6845, 0.4528 3.0413 2.6083, 3.0403 3.0413 1.6699, 3.0167 3.0413 3.6458, 3.0827 3.0413 3.4812, 3.0827 3.0413 1.696, 0.3167 3.0413 1.7813, 0.2559 3.0413 1.7717, 0.4528 3.0413 1.9685, 3.0124 3.0413 1.6286, 1.8186 3.0413 0.7746, 1.9268 3.0413 0.7367, 3.0167 3.0413 1.5313, 3.004 3.0413 1.5795, 3.0925 3.0413 1.4703, 3.122 3.0413 1.4322, 3.1138 3.0413 1.4563, 3.048 3.0413 1.4926, 2.0238 3.0413 0.6757, 2.1659 3.0413 0.4977, 2.2037 3.0413 0.3895, 2.2165 3.0413 0.2756, 2.1049 3.0413 0.5947, -0.315 3.0413 2.5787, -0.4528 3.0413 2.6083, -0.4435 3.0413 2.6427, 0.315 3.0413 2.5787, -3.0124 3.0413 3.5486, -0.4528 3.0413 1.9685, -0.4152 3.0413 1.8528, -0.4431 3.0413 1.9077, -0.3167 3.0413 1.7813, -0.3716 3.0413 1.8092, -0.2559 3.0413 1.7717, 0.4152 3.0413 1.8528, 0.3716 3.0413 1.8092, 0.4431 3.0413 1.9077, 2.2165 3.1004 0.2756, 2.0238 3.1004 0.6757, 1.9268 3.1004 0.7367, 1.8186 3.1004 0.7746, 2.1049 3.1004 0.5947, 2.1659 3.1004 0.4977, 2.2037 3.1004 0.3895, -3.122 3.1004 1.4322, -3.0614 3.1004 1.4834, -0.4183 3.1004 2.6679, -0.4435 3.1004 2.6427, -3.0047 3.1004 3.5804, 3.122 3.1004 5.0984, 3.122 3.1004 3.745, 2.5 3.1004 5.0394, -3.1138 3.1004 1.4563, -3.0925 3.1004 1.4703, -3.0527 3.1004 3.4969, -0.4528 3.1004 2.6083, -3.0526 3.1004 1.68, -3.0361 3.1004 1.5037, -3.0168 3.1004 1.5311, -3.0062 3.1004 1.5624, -3.0045 3.1004 1.5955, -3.0123 3.1004 1.6282, -3.0126 3.1004 3.5484, -3.0827 3.1008 1.6959, -3.0827 3.1008 3.4812, -3.0355 3.1004 3.6727, -2.5 3.1004 5.0394, -3.0166 3.1004 3.6457, -3.0059 3.1004 3.6139, 0.3494 3.1004 2.6679, 0.3242 3.1004 2.6427, -0.3242 3.1004 2.6427, -0.3346 3.1004 5.0394, -3.0614 3.1004 3.6938, -3.122 3.1004 3.745, -3.122 3.1004 5.0984, -2.5 3.1004 5.0984, -3.0925 3.1004 3.7069, -3.1138 3.1004 3.7209, -0.3346 3.1004 5.0984, 0.3346 3.1004 5.0984, -0.3839 3.1004 2.6772, 3.0062 3.1004 3.6148, 3.0045 3.1004 3.5816, 0.4183 3.1004 2.6679, 0.3346 3.1004 5.0394, 2.5 3.1004 5.0984, 3.1138 3.1004 3.7209, 3.0925 3.1004 3.7069, -0.315 3.1004 2.6083, 0.315 3.1004 2.6083, -0.315 3.1004 2.5591, 3.0614 3.1004 3.6938, 0.4435 3.1004 2.6427, 3.0123 3.1004 3.5489, 3.0168 3.1004 3.646, 3.0361 3.1004 3.6735, 0.3716 3.1004 1.8092, 0.4152 3.1004 1.8528, 3.0288 3.1004 3.5202, 3.0827 3.1008 3.4812, 3.0527 3.1004 1.6802, 3.0526 3.1004 3.4971, 3.0293 3.1004 1.6577, 0.4528 3.1004 1.9685, 0.4528 3.1004 2.6083, 3.0827 3.1008 1.6959, 3.0126 3.1004 1.6288, 3.0047 3.1004 1.5968, 3.0166 3.1004 1.5314, 3.0355 3.1004 1.5045, 3.0059 3.1004 1.5632, 3.122 3.1004 1.4322, 3.0614 3.1004 1.4833, 3.0925 3.1004 1.4703, 3.1138 3.1004 1.4563, 0.3167 3.1004 1.7813, 0.2559 3.1004 1.7717, -3.0288 3.1004 1.657, -3.0293 3.1004 3.5194, -0.3494 3.1004 2.6679, 0.3839 3.1004 2.6772, -0.4528 3.1004 1.9685, -0.4152 3.1004 1.8528, -0.4431 3.1004 1.9077, -0.3167 3.1004 1.7813, -0.3716 3.1004 1.8092, -0.2559 3.1004 1.7717, 0.4431 3.1004 1.9077, 0.315 3.1004 2.5591, 3.122 3.0898 5.1378, 3.122 3.0298 5.1066, 3.122 3.002 5.1181, 3.122 3.061 5.1666, 3.122 3.0217 5.1772, 3.122 -3.0217 5.1772, 3.122 -3.061 5.1666, 3.122 -3.0898 5.1378, 3.122 -3.0413 5.1181, 3.0969 3.0396 1.7, 3.1022 3.0984 1.7011, 3.1102 3.0345 1.7021, 3.122 3.0936 1.7028, 3.122 3.0262 1.703, 3.122 3.0262 3.4742, 3.1101 3.0346 3.475, 3.0969 3.0396 3.4772, 3.1328 3.0134 3.4744, 3.1329 3.0134 1.7028, 3.1394 2.9988 1.7028, 3.1394 2.9988 3.4744, 3.1417 2.9823 3.4744, 3.1417 2.9823 1.7028, 3.1417 1.8012 3.3563, 3.1417 1.8102 3.4015, 3.1417 1.8358 3.4398, 3.1417 1.8741 3.4654, 3.1417 1.9193 3.4744, 3.1417 2.1909 1.9587, 3.1417 2.4272 1.9587, 3.1417 1.9193 1.7028, 3.1417 1.8741 1.7117, 3.1417 1.8012 1.8209, 3.1417 1.8102 1.7757, 3.1417 1.8358 1.7374, 3.1417 2.1122 2.0374, 3.1417 2.5059 2.0374, 3.1417 2.4954 3.1791, 3.1417 2.5059 3.1398, 3.1417 2.4665 3.208, 3.1417 2.4272 3.2185, 3.1417 2.1909 3.2185, 3.1417 2.1516 3.208, 3.1417 2.1228 3.1791, 3.1417 2.1122 3.1398, 3.1417 2.1516 1.9692, 3.1417 2.1228 1.998, 3.1417 2.4954 1.998, 3.1417 2.4665 1.9692, 3.2008 2.5059 2.0374, 3.2008 2.5059 3.1398, 3.2008 2.4954 3.1791, 3.2008 2.4665 3.208, 3.2008 2.4272 3.2185, 3.2008 2.1909 3.2185, 3.2008 2.1516 3.208, 3.2008 2.1228 3.1791, 3.2008 2.1122 3.1398, 3.2008 2.1122 2.0374, 3.2008 2.1228 1.998, 3.2008 2.1516 1.9692, 3.2008 2.1909 1.9587, 3.2008 2.4272 1.9587, 3.2008 2.4665 1.9692, 3.2008 2.4954 1.998, 3.2008 1.9193 3.4744, 3.2008 1.8012 3.3563, 3.2008 1.8102 3.4015, 3.2008 1.8358 3.4398, 3.2008 1.8741 3.4654, 3.2008 1.8358 1.7374, 3.2008 1.8012 1.8209, 3.2008 1.8102 1.7757, 3.2008 1.9193 1.7028, 3.2008 1.8741 1.7117, 3.2008 2.9823 1.7028, 3.2008 2.9823 3.4744, 3.191 3.0294 3.4744, 3.122 3.0936 3.4744, 3.1632 3.0687 3.4744, 3.1022 3.0984 3.476, 3.191 3.0294 1.7028, 3.1632 3.0687 1.7028, 2.5 3.061 5.1666, 2.5 3.0217 5.1772, 2.5 3.0898 5.1378, -0.3346 3.061 5.1666, 0.3346 3.061 5.1666, 0.3346 3.0898 5.1378, -0.3346 3.0217 5.1772, 0.3346 3.0217 5.1772, -0.3346 3.0898 5.1378, -3.122 3.0898 5.1378, -3.122 3.061 5.1666, -2.5 3.0898 5.1378, -2.5 3.061 5.1666, -3.122 3.0217 5.1772, -2.5 3.0217 5.1772, 2.5 2.9626 5.1772, 2.5 3.002 5.1181, 2.5 2.9626 5.1181, 2.5 3.0298 5.1066, 0.7858 -2.6685 5.1772, 0.9529 -1.9165 5.1772, -0.9529 -1.9165 5.1772, -2.5 2.9626 5.1772, -1.9665 -1.8104 5.1772, -1.9606 -1.703 5.1772, -1.9841 -1.9165 5.1772, 1.011 -0.0346 5.1772, 1.0493 -0.009 5.1772, 0.3346 2.9626 5.1772, 0.9854 -0.0729 5.1772, -1.011 -0.0346 5.1772, -0.3346 2.9626 5.1772, -0.7861 -2.7113 5.1772, 0.8048 -2.7497 5.1772, 0.7861 -2.7113 5.1772, 1.9606 -1.703 5.1772, 1.9841 -1.9165 5.1772, 1.9665 -1.8104 5.1772, 2.1512 -2.6685 5.1772, 0.9734 -2.7102 5.1772, 0.9551 -2.7488 5.1772, 1.9819 -2.7488 5.1772, 2.1322 -2.7497 5.1772, 2.1509 -2.7113 5.1772, 2.0568 -2.7854 5.1772, 2.0986 -2.7762 5.1772, 2.0152 -2.7757 5.1772, 1.9636 -2.7102 5.1772, 0.9799 -2.6808 5.1765, 1.9571 -2.6808 5.1765, 0.9218 -2.7757 5.1772, 0.8802 -2.7854 5.1772, -0.8802 -2.7854 5.1772, -0.8048 -2.7497 5.1772, -0.9705 -1.8104 5.1772, -0.9764 -1.703 5.1772, 0.9705 -1.8104 5.1772, 0.9764 -1.703 5.1772, 1.0945 0.0 5.1772, -0.7858 -2.6685 5.1772, -1.9606 -0.1181 5.1772, -3.122 -3.0217 5.1772, -1.926 -0.0346 5.1772, -1.8877 -0.009 5.1772, 1.9606 -0.1181 5.1772, 1.8425 -0.0 5.1772, 1.8877 -0.009 5.1772, 1.926 -0.0346 5.1772, 1.9516 -0.0729 5.1772, -1.0493 -0.009 5.1772, -1.9516 -0.0729 5.1772, -0.9854 -0.0729 5.1772, -0.9764 -0.1181 5.1772, 0.9764 -0.1181 5.1772, -1.0945 -0.0 5.1772, -1.8425 0.0 5.1772, 0.8384 -2.7762 5.1772, -0.8384 -2.7762 5.1772, -0.9551 -2.7488 5.1772, -0.9734 -2.7102 5.1772, -1.9636 -2.7102 5.1772, -1.9819 -2.7488 5.1772, -0.9218 -2.7757 5.1772, -1.9571 -2.6808 5.1765, -0.9799 -2.6808 5.1765, -2.0568 -2.7854 5.1772, -2.0986 -2.7762 5.1772, -2.0152 -2.7757 5.1772, -2.1509 -2.7113 5.1772, -2.1322 -2.7497 5.1772, -2.1512 -2.6685 5.1772, -0.3346 3.002 5.1181, -0.3346 2.9626 5.1181, -0.3346 3.0298 5.1066, -2.5 2.9626 5.1181, -2.5 3.0298 5.1066, -2.5 3.002 5.1181, 0.3346 3.0298 5.1066, 0.3346 3.002 5.1181, -3.122 3.002 5.1181, -3.122 3.0298 5.1066, 0.3346 2.9626 5.1181, 1.9841 -1.9165 5.1181, 1.9606 -1.703 5.1181, 1.0945 -0.0 5.1181, 1.9665 -1.8104 5.1181, 1.8425 0.0 5.1181, -1.0493 -0.009 5.1181, -1.011 -0.0346 5.1181, 1.926 -0.0346 5.1181, 1.8877 -0.009 5.1181, 0.9551 -2.7488 5.1181, 1.9819 -2.7488 5.1181, 0.9218 -2.7757 5.1181, -0.9764 -1.703 5.1181, 0.9764 -0.1181 5.1181, 0.9764 -1.703 5.1181, 1.9606 -0.1181 5.1181, 1.9516 -0.0729 5.1181, 1.0493 -0.009 5.1181, 1.011 -0.0346 5.1181, 0.9854 -0.0729 5.1181, -0.9764 -0.1181 5.1181, -0.9854 -0.0729 5.1181, -0.7858 -2.6685 5.1181, 0.7858 -2.6685 5.1181, -0.7861 -2.7113 5.1181, 0.9705 -1.8104 5.1181, 0.9529 -1.9165 5.1181, -0.9529 -1.9165 5.1181, -0.9734 -2.7102 5.1181, -1.9819 -2.7488 5.1181, -1.9636 -2.7102 5.1181, -1.9606 -1.703 5.1181, -1.9841 -1.9165 5.1181, -3.122 -3.0413 5.1181, -2.0986 -2.7762 5.1181, -2.0568 -2.7854 5.1181, 0.8802 -2.7854 5.1181, 0.9734 -2.7102 5.1181, 1.9571 -2.6808 5.1176, 1.9636 -2.7102 5.1181, 0.9799 -2.6808 5.1176, 2.0568 -2.7854 5.1181, 2.0152 -2.7757 5.1181, 2.1322 -2.7497 5.1181, 2.0986 -2.7762 5.1181, 2.1509 -2.7113 5.1181, 2.1512 -2.6685 5.1181, -0.9705 -1.8104 5.1181, -0.8802 -2.7854 5.1181, 0.8384 -2.7762 5.1181, -1.9665 -1.8104 5.1181, -2.1512 -2.6685 5.1181, -0.8384 -2.7762 5.1181, -0.9551 -2.7488 5.1181, -2.1322 -2.7497 5.1181, -2.1509 -2.7113 5.1181, -0.9218 -2.7757 5.1181, -2.0152 -2.7757 5.1181, -0.9799 -2.6808 5.1176, -1.9571 -2.6808 5.1176, -0.8048 -2.7497 5.1181, 0.8048 -2.7497 5.1181, 0.7861 -2.7113 5.1181, -1.0945 0.0 5.1181, -1.9606 -0.1181 5.1181, -1.8425 -0.0 5.1181, -1.8877 -0.009 5.1181, -1.926 -0.0346 5.1181, -1.9516 -0.0729 5.1181, -3.122 -3.0898 5.1378, -3.122 -3.061 5.1666, -3.122 -3.0413 5.0984, -3.122 -3.1004 5.0984, -3.0969 3.0396 1.7, -3.1022 3.0984 1.7011, -3.1101 3.0346 1.7022, -3.122 3.0936 1.7028, -3.122 3.0262 1.703, -3.1022 3.0984 3.476, -3.1632 3.0687 1.7028, -3.122 3.0936 3.4744, -3.2008 2.9823 1.7028, -3.2008 2.9823 3.4744, -3.191 3.0294 3.4744, -3.191 3.0294 1.7028, -3.1632 3.0687 3.4744, -3.0969 3.0396 3.4772, -3.1102 3.0345 3.475, -3.122 3.0262 3.4742, -3.1328 3.0134 1.7028, -3.1329 3.0134 3.4744, -3.1394 2.9988 3.4744, -3.1394 2.9988 1.7028, -3.1417 2.9823 1.7028, -3.1417 2.9823 3.4744, -3.1417 1.8358 1.7374, -3.1417 1.8012 1.8209, -3.1417 1.8102 1.7757, -3.1417 1.9193 1.7028, -3.1417 2.1122 2.0374, -3.1417 1.8741 1.7117, -3.1417 1.9193 3.4744, -3.1417 2.4272 3.2185, -3.1417 1.8741 3.4654, -3.1417 1.8012 3.3563, -3.1417 1.8358 3.4398, -3.1417 1.8102 3.4015, -3.1417 2.1516 3.208, -3.1417 2.1909 3.2185, -3.1417 2.4665 1.9692, -3.1417 2.4272 1.9587, -3.1417 2.1122 3.1398, -3.1417 2.5059 2.0374, -3.1417 2.4954 1.998, -3.1417 2.5059 3.1398, -3.1417 2.4665 3.208, -3.1417 2.4954 3.1791, -3.1417 2.1228 3.1791, -3.1417 2.1228 1.998, -3.1417 2.1516 1.9692, -3.1417 2.1909 1.9587, -3.2008 2.1909 1.9587, -3.2008 2.4272 1.9587, -3.2008 2.1516 1.9692, -3.2008 2.1228 1.998, -3.2008 2.1122 2.0374, -3.2008 2.1122 3.1398, -3.2008 2.1228 3.1791, -3.2008 2.1516 3.208, -3.2008 2.1909 3.2185, -3.2008 2.4272 3.2185, -3.2008 2.4665 3.208, -3.2008 2.4954 3.1791, -3.2008 2.5059 3.1398, -3.2008 2.5059 2.0374, -3.2008 2.4954 1.998, -3.2008 2.4665 1.9692, -3.2008 1.8358 3.4398, -3.2008 1.8012 3.3563, -3.2008 1.8102 3.4015, -3.2008 1.8741 3.4654, -3.2008 1.9193 3.4744, -3.2008 1.8358 1.7374, -3.2008 1.8012 1.8209, -3.2008 1.8741 1.7117, -3.2008 1.8102 1.7757, -3.2008 1.9193 1.7028, 2.7091 -3.1004 0.6061, -2.751 -3.1004 1.8088, -2.7091 -3.1004 1.8209, -2.7091 -3.1004 2.7264, -2.78 -3.1004 1.7764, -2.751 -3.1004 2.7384, -2.78 -3.1004 2.7709, 1.2251 -3.1004 4.8989, 2.9532 -3.1004 4.8989, 1.181 -3.1004 5.0504, -2.7874 -3.1004 2.8138, -2.9532 -3.1004 3.989, -2.654 -3.1004 2.7264, 2.751 -3.1004 2.7384, 2.751 -3.1004 1.8088, 2.78 -3.1004 2.7709, -2.7091 -3.1004 0.6061, -2.654 -3.1004 1.8209, -2.7874 -3.1004 1.7335, -2.7354 -3.1004 1.6679, -2.7708 -3.1004 1.6932, -2.7091 -3.1004 1.6308, -2.7163 -3.1004 1.6535, 2.7091 -3.1004 1.6308, 2.7708 -3.1004 1.6932, 2.7354 -3.1004 1.6679, 2.7163 -3.1004 1.6535, 2.78 -3.1004 1.7764, 2.7874 -3.1004 1.7335, 2.7874 -3.1004 2.8138, 2.654 -3.1004 1.8209, 2.7091 -3.1004 2.7264, 2.654 -3.1004 2.7264, 2.7091 -3.1004 1.8209, -2.7091 -3.1004 2.9165, -2.7708 -3.1004 2.8541, 2.7091 -3.1004 2.9165, 2.7708 -3.1004 2.8541, 2.9532 -3.1004 3.989, 2.7354 -3.1004 2.8794, 2.7163 -3.1004 2.8937, -1.2251 -3.1004 4.8989, -1.181 -3.1004 5.0504, -2.9532 -3.1004 4.8989, 2.7091 -3.1004 3.9179, -2.7354 -3.1004 2.8794, -2.7091 -3.1004 3.9179, -2.7163 -3.1004 2.8937, -3.1902 -3.061 5.0984, -3.2008 -3.0217 5.0984, -3.1614 -3.0898 5.0984, -3.0334 1.6991 5.0984, -3.0273 1.7504 5.0984, -3.0273 2.7056 5.0984, -3.1417 -3.0413 5.0984, -3.0798 1.6075 5.0984, -3.0864 1.7504 5.0984, -3.0963 1.6947 5.0984, -3.0512 1.6506 5.0984, -3.0864 2.7056 5.0984, -3.1248 1.6458 5.0984, -3.1391 1.5337 5.0984, -3.1317 1.5464 5.0984, -3.1417 1.5191 5.0984, -3.1767 1.5846 5.0984, -3.2008 1.5191 5.0984, -3.1946 1.554 5.0984, -3.0273 2.8967 5.0011, -3.0864 2.8445 5.0533, -3.0273 2.8445 5.0533, -3.0273 2.7786 5.0869, -3.0864 2.7786 5.0869, -3.0864 2.8967 5.0011, -3.0273 2.9303 4.9352, -3.0864 2.9303 4.9352, -3.0273 2.9419 4.8622, -3.0864 2.9419 4.8622, -3.0864 2.9419 1.0039, -3.0864 2.4699 3.1337, -3.0864 2.7786 0.7793, -3.0864 2.7056 0.7677, -3.0864 2.4699 2.0434, -3.0864 2.8445 0.8128, -3.0864 2.8967 0.8651, -3.0864 2.9303 0.9309, -3.0864 2.1582 3.1337, -3.0864 2.1582 2.0434, -3.0864 1.7504 0.7677, -3.0273 2.8445 0.8128, -3.0273 2.7786 0.7793, -3.0273 2.7056 0.7677, -3.0273 2.8967 0.8651, -3.0273 2.9303 0.9309, -3.0273 2.9419 1.0039, -3.0273 1.7504 0.7677, -3.0512 1.6506 0.7677, -3.0798 1.6075 0.7677, -3.1317 1.5464 0.7677, -3.0963 1.6947 0.7677, -3.2005 1.5256 0.7675, -3.1889 1.5666 0.7677, -3.1767 1.5846 0.7677, -3.1969 1.5469 0.7677, -3.1412 1.5256 0.7677, -3.1394 1.5331 0.7677, -3.1362 1.54 0.7677, -3.1248 1.6458 0.7677, -3.0334 1.6991 0.7677, -3.2006 1.5191 0.7673, -3.1417 1.4762 0.7501, -3.1417 1.4603 0.733, -3.2008 1.4609 0.7337, -3.2008 1.4506 0.7126, -3.1417 1.4506 0.7126, -3.2008 1.4469 0.689, -3.2008 1.4767 0.7506, -3.1417 1.4469 0.689, -3.1417 1.4962 0.7619, -3.2008 1.4963 0.762, -3.1414 1.5191 0.7673, -3.2008 -0.0729 1.8217, -3.2008 -0.1181 1.8307, -3.2008 -0.1181 3.3465, -3.2008 0.7765 -0.0115, -3.2008 0.5689 -1.4685, -3.2008 0.5238 -1.6074, -3.2008 0.4715 -1.6596, -3.2008 -0.0346 0.8811, -3.2008 -0.0729 0.8554, -3.2008 -0.009 0.9194, -3.2008 0.5794 -0.0394, -3.2008 0.0859 -0.0394, -3.2008 0.0571 -0.0105, -3.2008 0.5689 -0.0787, -3.2008 0.0965 -1.4685, -3.2008 0.3327 -1.7047, -3.2008 0.5573 -1.5415, -3.2008 1.4469 0.0394, -3.2008 0.4057 -1.6932, -3.2008 0.2597 -1.6932, -3.2008 0.1938 -1.6596, -3.2008 0.1416 -1.6074, -3.2008 0.108 -1.5415, -3.2008 0.6083 -0.0105, -3.2008 0.0 0.9646, -3.2008 0.0965 -0.0787, -3.2008 -0.0 1.7126, -3.2008 -0.009 1.7578, -3.2008 -0.0346 3.3811, -3.2008 -0.0346 1.7961, -3.2008 -0.1181 0.8465, -3.2008 1.4353 0.0115, -3.2008 1.3507 -0.0115, -3.2008 1.3392 -0.0394, -3.2008 0.788 -0.0394, -3.2008 -2.7762 0.7085, -3.2008 -2.7497 0.6749, -3.2008 -2.6685 2.0213, -3.2008 -2.6685 3.1559, -3.2008 -1.9081 1.8523, -3.2008 -1.8104 1.8361, -3.2008 -1.9081 3.3249, -3.2008 -2.7854 3.2502, -3.2008 -2.7762 3.2085, -3.2008 -2.7762 1.9687, -3.2008 -2.7757 1.8853, -3.2008 -2.7488 0.8252, -3.2008 -2.7757 0.7919, -3.2008 -2.7488 3.3252, -3.2008 -2.7488 4.352, -3.2008 -2.7102 3.3435, -3.2008 -2.6685 4.5213, -3.2008 -1.9081 4.3523, -3.2008 -2.7757 4.3853, -3.2008 -2.7757 3.2919, -3.2008 -2.7854 1.9269, -3.2008 -2.7102 1.8337, -3.2008 -2.7102 0.8435, -3.2008 -2.7488 1.852, -3.2001 -2.6808 0.85, -3.2001 -2.6808 1.8271, -3.2008 -2.7854 0.7502, -3.2008 -2.7113 0.6561, -3.2008 -2.6685 0.6559, -3.2008 -1.9081 0.8249, -3.2008 -1.8104 0.8411, -3.2008 -1.7116 0.8465, -3.2008 -0.0729 3.3554, -3.2008 -0.009 3.4194, -3.2008 0.0 3.4646, -3.2008 -1.8104 3.3411, -3.2008 -1.7116 1.8307, -3.2008 -1.7116 3.3465, -3.2008 -0.1181 4.3307, -3.2008 -0.0 4.2126, -3.2008 -0.0346 4.2961, -3.2008 -0.009 4.2578, -3.2008 -0.0729 4.3217, -3.2008 -1.7116 4.3307, -3.2008 -1.8104 4.3361, -3.2008 -2.7102 4.3337, -3.2008 -2.7497 4.5022, -3.2008 -2.7113 4.521, -3.2008 -2.7854 4.4269, -3.2008 -2.7762 4.4687, -3.2001 -2.6808 3.35, -3.2001 -2.6808 4.3272, -3.2008 -2.7497 3.1749, -3.2008 -2.7497 2.0022, -3.2008 -2.7113 2.021, -3.2008 -2.7113 3.1561, -3.1417 -1.8104 1.8361, -3.1417 -1.7116 1.8307, -3.1417 -1.9081 1.8523, -3.1417 -2.6685 2.0213, -3.1417 -2.7762 1.9687, -3.1417 -2.7497 2.0022, -3.1417 -2.7113 2.021, -3.1417 -2.7854 1.9269, -3.1417 -2.7757 1.8853, -3.1417 -2.7488 1.852, -3.1417 -2.7102 1.8337, -3.2473 -2.5125 1.7897, -3.1952 -2.4822 1.783, -3.2333 -2.4154 1.7682, -3.4199 -1.9967 1.6748, -3.4824 -1.9967 1.6749, -3.4586 -2.0635 1.69, -3.2692 -2.3477 1.7531, -3.3032 -2.2792 1.7379, -3.3151 -2.3875 1.762, -3.3352 -2.2098 1.7225, -3.347 -2.3241 1.7479, -3.2059 -2.6223 1.8142, -3.145 -2.629 1.8156, -3.1412 -2.6808 1.8271, -3.1551 -2.5781 1.8043, -3.2211 -2.5659 1.8016, -3.2811 -2.4499 1.7758, -3.3774 -2.26 1.7336, -3.1729 -2.5293 1.7935, -3.3654 -2.1396 1.7069, -3.4061 -2.1951 1.7192, -3.3936 -2.0685 1.6911, -3.4331 -2.1296 1.7047, -3.4808 -1.8002 1.6535, -3.5419 -1.8002 1.6535, -3.5235 -1.8666 1.656, -3.462 -1.8667 1.656, -3.5037 -1.9321 1.6637, -3.4416 -1.9321 1.6636, -3.5255 -0.278 1.0582, -3.5359 -0.315 1.0326, -3.5255 -0.278 1.6189, -3.5183 -0.2535 1.0966, -3.5157 -0.2449 1.5354, -3.5157 -0.2449 1.1417, -3.5474 -0.3587 1.0236, -3.5474 -0.3587 1.6535, -3.5359 -0.315 1.6446, -3.6369 -1.0798 1.6535, -3.6369 -1.0798 1.0236, -3.6257 -1.3223 1.0236, -3.5976 -0.5962 1.6535, -3.5976 -0.5962 1.0236, -3.6275 -0.8372 1.0236, -3.4331 -2.1296 0.9725, -3.4586 -2.0635 0.9872, -3.4061 -2.1951 0.958, -3.4824 -1.9967 1.0023, -3.3774 -2.26 0.9435, -3.2816 -2.4501 0.9013, -3.3151 -2.3875 0.9152, -3.347 -2.3241 0.9293, -3.2473 -2.5125 0.8874, -3.5037 -1.9321 1.014, -3.5235 -1.8666 1.0212, -3.5939 -1.5631 1.6535, -3.5419 -1.8002 1.0236, -3.5939 -1.5631 1.0236, -3.6257 -1.3223 1.6535, -3.6275 -0.8372 1.6535, -3.5183 -0.2535 1.5806, -3.4618 -0.2705 1.0966, -3.4689 -0.295 1.0582, -3.4592 -0.2619 1.1417, -3.4793 -0.332 1.0326, -3.4908 -0.3757 1.0236, -3.5334 -1.5661 1.0236, -3.4808 -1.8002 1.0236, -3.5401 -0.6106 1.0236, -3.5778 -1.0886 1.0236, -3.5658 -1.3283 1.0236, -3.5692 -0.8488 1.0236, -3.462 -1.8667 1.0212, -3.4416 -1.9321 1.014, -3.4199 -1.9967 1.0024, -3.2692 -2.3477 0.924, -3.2333 -2.4154 0.909, -3.1417 -2.7102 0.8435, -3.1412 -2.6808 0.85, -3.1952 -2.4822 0.8942, -3.172 -2.5291 0.8837, -3.2211 -2.5658 0.8756, -3.2059 -2.6223 0.863, -3.1552 -2.5783 0.8728, -3.145 -2.6291 0.8615, -3.3032 -2.2792 0.9393, -3.3352 -2.2098 0.9547, -3.3654 -2.1396 0.9703, -3.3936 -2.0685 0.9861, -3.1417 -2.7854 0.7502, -3.1417 -2.7757 0.7919, -3.1417 -2.7488 0.8252, -3.1417 -2.7762 0.7085, -3.1417 -2.7497 0.6749, -3.1417 -2.7113 0.6561, -3.1417 -2.6685 0.6559, -3.1417 -1.9081 0.8249, -3.1417 -1.8104 0.8411, -3.1417 -1.7116 0.8465, -3.1417 -0.1181 0.8465, -3.1417 -0.0346 0.8811, -3.1417 -0.009 0.9194, -3.1417 -0.0 0.9646, -3.1417 -0.0729 0.8554, -3.1417 0.0 1.7126, -3.1417 -0.0346 1.7961, -3.1417 -0.0729 1.8217, -3.1417 -0.1181 1.8307, -3.1417 -0.009 1.7578, -3.1417 0.6083 -0.0105, -3.1417 -1.7116 3.3465, -3.1417 0.0571 -0.0105, -3.1417 0.0859 -0.0394, -3.1417 -0.0 3.4646, -3.1417 -0.009 3.4194, -3.1417 0.5794 -0.0394, -3.1417 0.0965 -0.0787, -3.1417 0.5689 -0.0787, -3.1417 0.2597 -1.6932, -3.1417 0.3327 -1.7047, -3.1417 0.0965 -1.4685, -3.1417 0.108 -1.5415, -3.1417 0.1416 -1.6074, -3.1417 0.1938 -1.6596, -3.1417 0.5689 -1.4685, -3.1417 0.5238 -1.6074, -3.1417 0.5573 -1.5415, -3.1417 0.4057 -1.6932, -3.1417 0.4715 -1.6596, -3.1417 1.4353 0.0115, -3.1417 1.4469 0.0394, -3.1417 0.7765 -0.0115, -3.1417 0.788 -0.0197, -3.1417 1.3392 -0.0197, -3.1417 0.788 -0.0394, -3.1417 1.3392 -0.0394, -3.1417 1.3507 -0.0115, -3.1417 -1.8104 3.3411, -3.1417 -0.1181 3.3465, -3.1417 -2.7113 3.1561, -3.1417 -2.7497 3.1749, -3.1417 -2.6685 3.1559, -3.1417 -1.9081 3.3249, -3.1417 -2.7762 4.4687, -3.1417 -2.7497 4.5022, -3.1417 -2.7762 3.2085, -3.1417 -2.7854 3.2502, -3.1417 -2.7488 3.3252, -3.1417 -2.7102 3.3435, -3.1417 -2.7102 4.3337, -3.1417 -2.7757 3.2919, -3.1417 -2.7757 4.3853, -3.1412 -2.6808 4.3272, -3.1412 -2.6808 3.35, -3.1417 -2.7488 4.352, -3.1417 -2.7854 4.4269, -3.1417 -2.7113 4.521, -3.1417 -2.6685 4.5213, -3.1417 -1.9081 4.3523, -3.1417 -1.8104 4.3361, -3.1417 -1.7116 4.3307, -3.1417 -0.0346 3.3811, -3.1417 -0.1181 4.3307, -3.1417 -0.0346 4.2961, -3.1417 -0.0729 4.3217, -3.1417 -0.009 4.2578, -3.1417 0.0 4.2126, -3.1417 -0.0729 3.3554, -3.4793 -0.332 1.6446, -3.4908 -0.3757 1.6535, -3.5334 -1.5661 1.6535, -3.5658 -1.3283 1.6535, -3.5778 -1.0886 1.6535, -3.5692 -0.8488 1.6535, -3.5401 -0.6106 1.6535, -3.4618 -0.2705 1.5806, -3.4592 -0.2619 1.5354, -3.4689 -0.295 1.6189, -3.1952 -2.4822 3.3942, -3.2211 -2.5659 3.3756, -3.2473 -2.5125 3.3874, -3.2806 -2.3252 3.429, -3.2929 -2.4294 3.4059, -3.3365 -2.3454 3.4245, -3.3193 -2.2447 3.4469, -3.3773 -2.2601 3.4435, -3.145 -2.629 3.3615, -3.1551 -2.5781 3.3729, -3.2059 -2.6223 3.363, -3.2393 -2.4043 3.4115, -3.3555 -2.1631 3.4651, -3.1729 -2.5293 3.3837, -3.4152 -2.1734 3.4628, -3.3889 -2.0806 3.4834, -3.4199 -1.9967 3.5024, -3.4502 -2.0857 3.4823, -3.4824 -1.9967 3.5023, -3.462 -1.8667 3.5212, -3.5037 -1.9321 3.514, -3.5235 -1.8666 3.5212, -3.4808 -1.8002 3.5236, -3.5419 -1.8002 3.5236, -3.4416 -1.9321 3.514, -3.4689 -0.295 3.5582, -3.4618 -0.2705 4.0806, -3.4689 -0.295 4.1189, -3.4793 -0.332 4.1446, -3.4793 -0.332 3.5326, -3.4592 -0.2619 4.0354, -3.4618 -0.2705 3.5966, -3.4592 -0.2619 3.6417, -3.4908 -0.3757 4.1535, -3.4908 -0.3757 3.5236, -3.5778 -1.0886 3.5236, -3.5692 -0.8488 3.5236, -3.5692 -0.8488 4.1535, -3.5401 -0.6106 4.1535, -3.5401 -0.6106 3.5236, -3.4416 -1.9321 4.1636, -3.5778 -1.0886 4.1535, -3.5658 -1.3283 4.1535, -3.5658 -1.3283 3.5236, -3.3654 -2.1396 4.2069, -3.3936 -2.0685 4.1911, -3.3352 -2.2098 4.2225, -3.3032 -2.2792 4.2379, -3.2692 -2.3477 4.2531, -3.2333 -2.4154 4.2681, -3.1952 -2.4822 4.283, -3.4199 -1.9967 4.1748, -3.462 -1.8667 4.156, -3.4808 -1.8002 4.1535, -3.5334 -1.5661 4.1535, -3.5334 -1.5661 3.5236, -3.5255 -0.278 4.1189, -3.5183 -0.2535 4.0806, -3.5157 -0.2449 4.0354, -3.5359 -0.315 4.1445, -3.5474 -0.3587 4.1535, -3.5419 -1.8002 4.1535, -3.5939 -1.5631 4.1535, -3.6257 -1.3223 4.1535, -3.6369 -1.0798 4.1535, -3.5976 -0.5962 4.1535, -3.6275 -0.8372 4.1535, -3.5235 -1.8666 4.156, -3.5037 -1.9321 4.1637, -3.4824 -1.9967 4.1749, -3.3151 -2.3875 4.262, -3.2816 -2.4501 4.2759, -3.2473 -2.5125 4.2898, -3.2211 -2.5658 4.3016, -3.172 -2.5291 4.2934, -3.2059 -2.6223 4.3141, -3.1552 -2.5783 4.3044, -3.145 -2.6291 4.3156, -3.347 -2.3241 4.2479, -3.3774 -2.26 4.2336, -3.4061 -2.1951 4.2192, -3.4331 -2.1296 4.2046, -3.4586 -2.0635 4.19, -3.5157 -0.2449 3.6417, -3.5183 -0.2535 3.5966, -3.5976 -0.5962 3.5236, -3.5474 -0.3587 3.5236, -3.5255 -0.278 3.5582, -3.5359 -0.315 3.5326, -3.6257 -1.3223 3.5236, -3.6369 -1.0798 3.5236, -3.6275 -0.8372 3.5236, -3.5939 -1.5631 3.5236, -3.5939 -1.5631 3.5236
            ]
        }
        coordIndex [
            0,1,2,-1,2,3,0,-1,4,5,6,-1,6,5,7,-1,8,3,9,-1,7,8,9,-1,6,7,9,-1,8,0,3,-1,10,5,4,-1,10,11,12,-1,11,10,4,-1,12,11,13,-1,12,13,14,-1,13,15,14,-1,16,17,18,-1,18,19,20,-1,17,21,22,-1,23,24,25,-1,26,27,14,-1,14,15,24,-1,24,26,14,-1,22,23,28,-1,15,25,24,-1,23,25,28,-1,23,22,21,-1,16,18,20,-1,16,21,17,-1,29,16,20,-1,16,29,30,-1,31,32,33,-1,34,33,35,-1,32,35,33,-1,30,29,34,-1,34,35,30,-1,32,31,36,-1,36,37,38,-1,37,36,31,-1,37,39,38,-1,38,39,40,-1,41,42,43,-1,43,44,41,-1,45,46,47,-1,47,43,42,-1,46,45,48,-1,16,48,49,-1,49,48,45,-1,46,50,40,-1,48,16,51,-1,36,40,32,-1,40,35,32,-1,40,36,38,-1,50,51,30,-1,50,35,40,-1,40,43,46,-1,46,43,47,-1,35,50,30,-1,30,51,16,-1,23,52,53,-1,49,21,16,-1,21,49,52,-1,23,21,52,-1,54,55,56,-1,57,58,59,-1,60,49,45,-1,56,61,54,-1,53,52,62,-1,63,64,65,-1,66,63,53,-1,67,57,64,-1,67,64,63,-1,57,59,64,-1,65,68,69,-1,69,70,65,-1,65,70,63,-1,67,63,66,-1,62,52,60,-1,62,66,53,-1,45,61,60,-1,60,52,49,-1,54,61,45,-1,41,71,42,-1,47,42,72,-1,71,72,42,-1,54,45,47,-1,47,72,54,-1,71,41,73,-1,73,44,74,-1,44,73,41,-1,44,43,74,-1,74,43,75,-1,20,55,54,-1,73,74,75,-1,20,54,29,-1,73,75,71,-1,71,75,72,-1,54,75,29,-1,72,75,54,-1,75,39,29,-1,39,31,33,-1,39,37,31,-1,29,39,34,-1,33,34,39,-1,39,43,40,-1,43,39,75,-1,56,19,18,-1,55,19,56,-1,55,20,19,-1,56,18,61,-1,18,17,61,-1,61,17,60,-1,60,17,22,-1,60,22,62,-1,25,15,66,-1,66,28,25,-1,66,62,28,-1,22,28,62,-1,15,67,66,-1,15,13,67,-1,63,24,23,-1,63,23,53,-1,70,69,27,-1,70,27,26,-1,70,26,63,-1,24,63,26,-1,27,69,14,-1,14,69,12,-1,64,76,77,-1,78,68,65,-1,76,64,59,-1,59,79,76,-1,78,65,77,-1,77,65,64,-1,80,81,82,-1,81,80,83,-1,84,85,86,-1,84,86,87,-1,88,89,90,-1,91,92,93,-1,94,90,93,-1,91,93,90,-1,89,95,90,-1,90,94,88,-1,89,96,95,-1,79,97,76,-1,77,76,97,-1,98,97,79,-1,99,98,79,-1,78,97,100,-1,97,78,77,-1,100,101,78,-1,102,103,104,-1,102,104,105,-1,106,107,108,-1,107,106,109,-1,110,111,112,-1,111,110,113,-1,114,115,116,-1,115,114,117,-1,80,118,119,-1,119,83,80,-1,120,121,122,-1,123,124,121,-1,122,121,124,-1,125,123,126,-1,123,125,124,-1,118,125,126,-1,118,126,119,-1,122,127,120,-1,128,127,129,-1,127,128,120,-1,129,130,131,-1,131,128,129,-1,131,130,132,-1,130,133,132,-1,134,133,135,-1,134,132,133,-1,81,123,136,-1,137,120,128,-1,138,139,136,-1,136,120,137,-1,123,121,136,-1,121,120,136,-1,126,81,119,-1,126,123,81,-1,81,83,119,-1,136,137,138,-1,140,141,142,-1,128,143,137,-1,143,131,144,-1,131,143,128,-1,132,145,144,-1,144,131,132,-1,146,147,148,-1,149,150,151,-1,152,142,141,-1,153,154,155,-1,156,157,158,-1,159,160,161,-1,162,163,151,-1,164,149,151,-1,165,150,166,-1,150,165,162,-1,162,151,150,-1,163,167,147,-1,151,163,147,-1,168,147,169,-1,170,171,172,-1,173,174,175,-1,176,177,178,-1,147,156,169,-1,171,170,175,-1,177,176,179,-1,173,175,180,-1,179,181,182,-1,170,183,180,-1,180,175,170,-1,156,178,183,-1,170,156,183,-1,181,179,176,-1,184,182,185,-1,134,186,187,-1,184,179,182,-1,188,134,189,-1,190,191,192,-1,134,193,189,-1,194,195,196,-1,195,197,198,-1,195,194,197,-1,199,85,195,-1,85,200,201,-1,85,201,86,-1,199,195,202,-1,200,85,199,-1,198,197,191,-1,202,195,198,-1,192,193,190,-1,197,192,191,-1,134,190,193,-1,167,148,147,-1,178,156,158,-1,176,178,158,-1,161,157,146,-1,159,153,160,-1,203,155,154,-1,141,204,205,-1,141,140,204,-1,206,155,203,-1,167,207,148,-1,154,153,159,-1,146,157,156,-1,157,161,160,-1,156,147,146,-1,207,141,205,-1,148,207,205,-1,204,140,208,-1,208,140,145,-1,208,145,132,-1,209,210,132,-1,132,210,208,-1,211,212,132,-1,132,212,209,-1,132,213,211,-1,213,132,187,-1,132,134,187,-1,134,214,215,-1,186,134,215,-1,134,188,216,-1,214,134,216,-1,182,181,188,-1,189,182,188,-1,86,217,87,-1,86,201,217,-1,202,198,218,-1,191,219,198,-1,218,198,219,-1,220,191,190,-1,191,220,219,-1,135,220,190,-1,135,190,134,-1,218,221,202,-1,199,221,222,-1,221,199,202,-1,222,223,200,-1,200,199,222,-1,200,223,201,-1,223,217,201,-1,124,82,224,-1,127,224,225,-1,226,227,228,-1,229,230,231,-1,127,122,224,-1,224,232,233,-1,124,224,122,-1,125,118,82,-1,125,82,124,-1,82,118,80,-1,224,233,225,-1,234,235,236,-1,237,127,225,-1,237,238,129,-1,129,127,237,-1,129,239,130,-1,239,129,238,-1,133,130,240,-1,239,240,130,-1,133,240,241,-1,228,227,242,-1,234,236,243,-1,234,243,244,-1,245,246,247,-1,226,228,248,-1,249,250,251,-1,252,226,248,-1,245,253,246,-1,252,247,246,-1,253,254,246,-1,255,246,254,-1,256,246,255,-1,254,257,258,-1,252,259,260,-1,254,253,257,-1,226,252,261,-1,262,263,264,-1,252,248,247,-1,260,265,252,-1,266,229,231,-1,230,267,268,-1,269,270,271,-1,268,272,230,-1,230,272,231,-1,273,263,274,-1,265,231,275,-1,272,276,231,-1,262,265,275,-1,276,275,231,-1,135,277,278,-1,279,273,274,-1,280,281,282,-1,283,284,285,-1,281,283,285,-1,286,281,280,-1,135,287,288,-1,220,135,288,-1,289,290,219,-1,291,220,288,-1,292,222,221,-1,218,293,292,-1,223,84,217,-1,223,222,84,-1,294,295,292,-1,87,217,84,-1,293,294,292,-1,292,84,222,-1,218,292,221,-1,293,218,290,-1,291,289,219,-1,290,218,219,-1,296,135,297,-1,220,291,219,-1,285,282,281,-1,282,285,279,-1,273,264,263,-1,235,298,236,-1,299,235,234,-1,249,300,301,-1,265,261,252,-1,301,265,264,-1,227,235,299,-1,227,299,242,-1,235,302,298,-1,302,241,298,-1,302,133,241,-1,303,133,304,-1,133,302,304,-1,305,133,306,-1,133,303,306,-1,133,305,307,-1,307,297,133,-1,133,297,135,-1,308,135,278,-1,296,277,135,-1,135,284,287,-1,284,135,308,-1,287,284,283,-1,249,251,300,-1,279,285,273,-1,301,300,261,-1,262,264,265,-1,261,265,301,-1,251,250,269,-1,271,270,309,-1,269,250,270,-1,292,195,85,-1,85,84,292,-1,171,175,230,-1,310,311,229,-1,312,310,313,-1,314,315,312,-1,314,312,313,-1,316,317,318,-1,318,59,58,-1,316,318,315,-1,318,317,59,-1,318,312,315,-1,311,310,312,-1,229,311,171,-1,171,230,229,-1,195,295,196,-1,292,295,195,-1,294,196,295,-1,196,294,194,-1,189,283,182,-1,281,185,182,-1,182,283,281,-1,319,185,286,-1,281,286,185,-1,319,320,321,-1,320,319,286,-1,321,320,322,-1,321,322,323,-1,189,287,283,-1,193,288,189,-1,287,189,288,-1,291,193,192,-1,193,291,288,-1,289,192,290,-1,289,291,192,-1,197,293,290,-1,290,192,197,-1,197,194,293,-1,194,294,293,-1,324,321,323,-1,324,325,321,-1,319,325,326,-1,325,319,321,-1,185,319,326,-1,185,326,184,-1,327,324,323,-1,328,327,323,-1,328,329,330,-1,330,327,328,-1,330,329,331,-1,329,332,331,-1,333,334,335,-1,336,337,333,-1,336,333,335,-1,338,339,340,-1,341,342,340,-1,343,342,344,-1,342,341,344,-1,340,342,345,-1,331,332,346,-1,347,331,348,-1,331,346,348,-1,331,349,350,-1,331,347,349,-1,337,350,351,-1,331,350,337,-1,337,352,353,-1,351,352,337,-1,353,354,337,-1,342,333,354,-1,337,354,333,-1,342,354,345,-1,355,340,356,-1,340,345,356,-1,340,339,332,-1,340,355,338,-1,357,332,358,-1,332,339,358,-1,346,332,357,-1,359,360,348,-1,348,346,359,-1,361,349,347,-1,360,361,347,-1,360,347,348,-1,361,362,349,-1,349,362,350,-1,362,363,350,-1,351,363,364,-1,351,350,363,-1,365,353,352,-1,364,365,352,-1,364,352,351,-1,365,366,353,-1,353,366,354,-1,366,367,354,-1,345,367,368,-1,345,354,367,-1,369,355,356,-1,368,369,356,-1,368,356,345,-1,369,370,355,-1,355,370,338,-1,370,371,338,-1,371,372,339,-1,339,338,371,-1,373,357,358,-1,372,373,358,-1,372,358,339,-1,373,374,357,-1,357,374,346,-1,374,359,346,-1,375,376,367,-1,368,367,376,-1,377,376,378,-1,378,376,379,-1,376,375,379,-1,380,381,382,-1,371,383,372,-1,383,381,384,-1,380,384,381,-1,383,385,372,-1,371,370,383,-1,383,369,368,-1,370,369,383,-1,376,381,368,-1,383,368,381,-1,364,363,375,-1,365,375,366,-1,375,367,366,-1,375,365,364,-1,386,375,363,-1,361,386,362,-1,386,363,362,-1,386,361,360,-1,386,360,385,-1,374,385,359,-1,385,360,359,-1,372,385,373,-1,385,374,373,-1,380,344,341,-1,340,384,341,-1,380,341,384,-1,383,384,340,-1,382,344,380,-1,343,382,381,-1,382,343,344,-1,343,381,342,-1,381,376,333,-1,381,333,342,-1,335,378,379,-1,375,336,379,-1,335,379,336,-1,337,336,375,-1,334,378,335,-1,377,334,333,-1,334,377,378,-1,377,333,376,-1,375,386,387,-1,388,324,327,-1,387,389,375,-1,389,388,330,-1,327,330,388,-1,389,331,337,-1,389,330,331,-1,337,375,389,-1,279,274,177,-1,282,179,184,-1,282,279,179,-1,390,280,326,-1,280,282,184,-1,388,390,325,-1,326,325,390,-1,263,177,274,-1,324,388,325,-1,263,262,178,-1,178,262,183,-1,183,262,275,-1,178,177,263,-1,326,280,184,-1,177,179,279,-1,183,276,180,-1,276,183,275,-1,272,173,180,-1,180,276,272,-1,272,268,173,-1,230,174,267,-1,175,174,230,-1,173,267,174,-1,267,173,268,-1,286,390,320,-1,389,322,388,-1,280,390,286,-1,388,320,390,-1,320,388,322,-1,386,385,391,-1,387,391,392,-1,389,387,392,-1,386,391,387,-1,322,389,392,-1,391,385,383,-1,322,328,323,-1,392,340,332,-1,329,328,322,-1,392,332,329,-1,329,322,392,-1,392,383,340,-1,383,392,391,-1,393,313,310,-1,394,313,393,-1,394,314,313,-1,393,310,395,-1,310,229,395,-1,395,229,266,-1,396,397,398,-1,399,400,397,-1,396,399,397,-1,401,396,398,-1,398,260,401,-1,401,260,259,-1,402,403,404,-1,256,255,402,-1,402,404,256,-1,404,403,405,-1,403,406,405,-1,405,406,407,-1,408,409,410,-1,172,266,231,-1,231,170,172,-1,408,394,409,-1,172,411,266,-1,394,411,409,-1,395,266,411,-1,395,411,393,-1,411,394,393,-1,412,413,414,-1,314,394,408,-1,415,407,406,-1,416,417,418,-1,419,420,421,-1,400,399,421,-1,422,419,423,-1,421,399,424,-1,425,426,427,-1,315,428,429,-1,428,430,429,-1,431,315,429,-1,432,433,434,-1,435,315,436,-1,315,431,436,-1,437,315,438,-1,315,435,438,-1,433,439,434,-1,440,432,434,-1,440,441,432,-1,440,442,441,-1,439,433,443,-1,437,443,444,-1,443,437,439,-1,315,444,445,-1,437,444,315,-1,425,446,426,-1,413,447,414,-1,413,448,447,-1,448,449,450,-1,413,449,448,-1,408,421,451,-1,427,412,452,-1,453,454,417,-1,415,455,456,-1,424,419,421,-1,420,451,421,-1,314,457,315,-1,451,458,408,-1,458,459,408,-1,314,408,460,-1,459,460,408,-1,314,461,457,-1,314,460,461,-1,428,315,457,-1,423,419,424,-1,454,418,417,-1,452,412,414,-1,423,424,462,-1,453,406,454,-1,453,463,406,-1,464,465,466,-1,406,455,415,-1,463,455,406,-1,424,467,462,-1,456,468,415,-1,468,467,415,-1,415,467,424,-1,422,464,466,-1,423,464,422,-1,450,466,465,-1,448,450,465,-1,427,452,425,-1,469,426,446,-1,444,469,470,-1,446,470,469,-1,315,445,454,-1,444,470,445,-1,471,472,473,-1,471,474,475,-1,472,476,473,-1,472,477,476,-1,478,479,454,-1,474,471,473,-1,474,480,475,-1,478,445,480,-1,475,480,445,-1,454,445,478,-1,481,454,482,-1,454,479,482,-1,418,454,483,-1,454,481,483,-1,484,485,424,-1,486,484,399,-1,168,259,252,-1,486,401,259,-1,168,252,147,-1,259,168,486,-1,396,401,486,-1,396,486,399,-1,399,484,424,-1,485,487,415,-1,485,415,424,-1,488,405,407,-1,489,415,487,-1,164,246,256,-1,488,256,404,-1,164,151,246,-1,256,488,164,-1,405,488,404,-1,407,489,488,-1,407,415,489,-1,252,246,151,-1,252,151,147,-1,311,312,409,-1,171,411,172,-1,411,311,409,-1,171,311,411,-1,490,491,484,-1,169,486,168,-1,486,490,484,-1,169,490,486,-1,492,488,489,-1,164,493,149,-1,493,164,488,-1,492,493,488,-1,491,494,485,-1,487,492,489,-1,409,312,410,-1,495,496,318,-1,497,494,410,-1,498,496,495,-1,497,410,499,-1,500,485,501,-1,491,485,484,-1,410,502,503,-1,504,505,506,-1,507,508,509,-1,510,318,496,-1,510,312,318,-1,312,511,502,-1,510,511,312,-1,312,502,410,-1,503,499,410,-1,512,494,497,-1,513,494,512,-1,514,515,516,-1,501,513,516,-1,514,508,515,-1,517,518,519,-1,520,521,522,-1,523,524,525,-1,526,527,528,-1,528,529,530,-1,318,528,531,-1,532,533,534,-1,532,534,504,-1,532,535,533,-1,531,536,318,-1,505,504,534,-1,505,537,506,-1,531,537,536,-1,506,537,531,-1,538,318,539,-1,318,536,539,-1,318,538,540,-1,495,318,541,-1,318,540,541,-1,542,509,522,-1,543,544,531,-1,526,545,527,-1,546,528,527,-1,544,543,547,-1,524,523,548,-1,549,528,550,-1,528,546,550,-1,548,551,552,-1,528,549,529,-1,548,552,524,-1,553,523,525,-1,554,553,525,-1,555,556,547,-1,547,556,544,-1,557,519,518,-1,530,551,543,-1,551,530,552,-1,531,528,543,-1,530,543,528,-1,555,519,557,-1,555,557,556,-1,517,521,518,-1,517,522,521,-1,522,509,520,-1,558,487,485,-1,542,507,509,-1,507,515,508,-1,501,494,513,-1,513,514,516,-1,494,501,485,-1,500,558,485,-1,492,559,528,-1,558,560,487,-1,560,561,487,-1,492,487,562,-1,561,562,487,-1,492,563,559,-1,492,562,563,-1,526,528,559,-1,224,81,136,-1,81,224,82,-1,254,149,255,-1,149,254,150,-1,149,493,255,-1,492,402,493,-1,492,454,406,-1,528,564,565,-1,528,566,567,-1,565,454,528,-1,528,567,564,-1,528,454,492,-1,492,403,402,-1,492,406,403,-1,402,255,493,-1,224,139,232,-1,136,139,224,-1,138,232,139,-1,232,138,233,-1,241,145,298,-1,140,142,236,-1,298,140,236,-1,243,568,569,-1,236,142,243,-1,569,570,571,-1,570,569,568,-1,571,570,572,-1,239,144,240,-1,240,145,241,-1,239,143,144,-1,143,239,238,-1,568,243,142,-1,145,140,298,-1,240,144,145,-1,143,237,137,-1,237,143,238,-1,225,138,137,-1,137,237,225,-1,225,233,138,-1,244,569,573,-1,574,575,571,-1,243,569,244,-1,571,573,569,-1,573,571,575,-1,576,577,578,-1,579,578,580,-1,574,579,580,-1,576,578,579,-1,575,574,580,-1,141,207,299,-1,141,234,152,-1,234,141,299,-1,244,581,152,-1,152,234,244,-1,582,581,573,-1,244,573,581,-1,582,575,583,-1,575,582,573,-1,207,242,299,-1,167,228,207,-1,242,207,228,-1,248,167,163,-1,167,248,228,-1,247,163,245,-1,247,248,163,-1,162,253,245,-1,245,163,162,-1,162,165,253,-1,165,257,253,-1,150,258,166,-1,254,258,150,-1,257,166,258,-1,166,257,165,-1,572,582,583,-1,572,570,582,-1,581,570,568,-1,570,581,582,-1,152,581,568,-1,152,568,142,-1,584,572,583,-1,585,584,583,-1,585,586,587,-1,587,584,585,-1,587,586,588,-1,586,589,588,-1,590,591,592,-1,593,594,591,-1,590,595,591,-1,589,596,597,-1,593,591,595,-1,596,598,599,-1,599,598,600,-1,599,600,601,-1,596,602,603,-1,604,605,588,-1,588,605,593,-1,606,591,594,-1,588,607,608,-1,588,608,604,-1,588,589,607,-1,589,609,607,-1,610,611,589,-1,589,611,609,-1,589,597,610,-1,596,603,597,-1,596,606,612,-1,602,596,612,-1,591,606,599,-1,596,599,606,-1,593,613,594,-1,593,614,613,-1,605,615,593,-1,593,615,614,-1,616,605,617,-1,605,616,615,-1,613,618,619,-1,594,613,619,-1,594,619,620,-1,613,614,618,-1,618,614,616,-1,614,615,616,-1,621,606,594,-1,621,594,620,-1,602,622,623,-1,603,602,623,-1,603,623,624,-1,602,612,622,-1,622,612,621,-1,612,606,621,-1,625,597,603,-1,625,603,624,-1,611,626,627,-1,609,611,627,-1,609,627,628,-1,611,610,626,-1,626,610,625,-1,610,597,625,-1,629,609,628,-1,609,629,607,-1,604,630,631,-1,605,604,631,-1,605,631,617,-1,604,608,630,-1,630,608,629,-1,608,607,629,-1,632,633,634,-1,632,635,633,-1,633,635,636,-1,637,638,639,-1,640,638,637,-1,639,638,641,-1,576,628,577,-1,621,620,633,-1,631,630,576,-1,576,630,629,-1,576,617,631,-1,641,616,617,-1,576,641,617,-1,641,619,618,-1,616,641,618,-1,619,641,620,-1,633,620,638,-1,641,638,620,-1,621,633,636,-1,624,636,625,-1,623,622,636,-1,636,622,621,-1,636,624,623,-1,577,625,636,-1,627,626,577,-1,577,626,625,-1,576,629,628,-1,577,628,627,-1,580,596,589,-1,580,589,586,-1,580,578,636,-1,596,580,636,-1,578,577,636,-1,586,585,575,-1,575,580,586,-1,585,583,575,-1,632,600,598,-1,596,635,598,-1,632,598,635,-1,636,635,596,-1,634,600,632,-1,601,634,633,-1,634,601,600,-1,601,633,599,-1,599,633,638,-1,638,591,599,-1,590,637,639,-1,641,595,639,-1,590,639,595,-1,593,595,641,-1,592,637,590,-1,640,592,591,-1,592,640,637,-1,640,591,638,-1,584,571,572,-1,571,584,587,-1,574,593,641,-1,574,588,593,-1,574,641,579,-1,579,641,576,-1,571,587,574,-1,574,587,588,-1,317,316,564,-1,567,59,317,-1,317,564,567,-1,564,316,565,-1,316,315,565,-1,565,315,454,-1,92,99,642,-1,643,644,645,-1,646,647,648,-1,649,650,651,-1,93,652,653,-1,567,93,653,-1,644,654,645,-1,655,656,657,-1,658,92,642,-1,659,654,644,-1,93,660,652,-1,643,645,647,-1,661,662,663,-1,646,648,660,-1,643,647,646,-1,648,652,660,-1,93,662,660,-1,661,663,664,-1,93,658,662,-1,662,658,663,-1,92,658,93,-1,665,666,667,-1,79,642,99,-1,665,667,668,-1,79,666,642,-1,642,666,665,-1,669,670,671,-1,79,670,666,-1,672,673,674,-1,673,675,655,-1,672,675,673,-1,676,653,677,-1,678,679,680,-1,657,656,669,-1,655,675,656,-1,670,79,671,-1,657,669,671,-1,79,680,671,-1,681,678,682,-1,683,684,685,-1,678,681,679,-1,686,678,680,-1,79,59,680,-1,679,671,680,-1,680,59,650,-1,59,684,651,-1,650,59,651,-1,567,684,59,-1,677,687,676,-1,684,567,685,-1,685,567,653,-1,677,653,652,-1,653,676,688,-1,687,689,676,-1,690,88,94,-1,691,89,88,-1,690,691,88,-1,692,690,94,-1,94,93,692,-1,692,93,567,-1,693,694,695,-1,696,567,566,-1,697,698,699,-1,700,695,701,-1,702,703,704,-1,705,706,692,-1,705,703,706,-1,705,692,696,-1,706,690,692,-1,696,692,567,-1,690,707,691,-1,707,690,708,-1,703,702,706,-1,690,706,708,-1,704,699,702,-1,701,698,697,-1,699,704,697,-1,701,697,700,-1,693,695,700,-1,709,710,711,-1,712,711,713,-1,710,713,711,-1,701,695,712,-1,712,713,701,-1,710,709,714,-1,714,715,716,-1,715,714,709,-1,715,717,716,-1,716,717,718,-1,718,714,716,-1,718,719,720,-1,714,718,710,-1,713,720,701,-1,710,718,713,-1,721,722,723,-1,719,721,723,-1,719,724,721,-1,724,719,725,-1,726,725,719,-1,720,719,723,-1,713,718,720,-1,698,701,727,-1,727,728,729,-1,729,728,722,-1,722,728,723,-1,701,720,727,-1,729,698,727,-1,725,730,724,-1,721,724,731,-1,730,731,724,-1,732,722,721,-1,721,731,732,-1,730,725,733,-1,733,726,734,-1,726,733,725,-1,726,719,734,-1,734,719,735,-1,709,717,715,-1,695,694,736,-1,717,709,711,-1,717,712,695,-1,711,712,717,-1,732,735,717,-1,730,733,735,-1,731,730,735,-1,735,733,734,-1,732,717,695,-1,732,731,735,-1,695,736,732,-1,729,737,738,-1,729,732,736,-1,738,739,740,-1,732,729,722,-1,741,742,743,-1,742,741,744,-1,745,741,743,-1,745,743,746,-1,739,747,748,-1,748,747,746,-1,743,748,746,-1,748,740,739,-1,749,737,736,-1,729,738,740,-1,736,737,729,-1,740,748,702,-1,729,699,698,-1,699,740,702,-1,729,740,699,-1,748,706,702,-1,748,743,706,-1,742,744,708,-1,744,707,708,-1,744,741,707,-1,741,750,707,-1,708,706,742,-1,742,706,743,-1,751,752,753,-1,754,753,752,-1,755,756,754,-1,754,752,755,-1,757,751,753,-1,755,758,756,-1,757,759,751,-1,759,760,761,-1,760,759,757,-1,761,760,750,-1,761,750,745,-1,750,741,745,-1,762,763,764,-1,112,756,765,-1,766,767,768,-1,769,96,770,-1,771,772,773,-1,773,774,771,-1,772,775,773,-1,769,774,96,-1,776,766,777,-1,778,767,766,-1,115,756,779,-1,766,768,780,-1,776,781,782,-1,777,766,780,-1,783,776,782,-1,776,783,784,-1,776,777,781,-1,785,771,786,-1,787,766,776,-1,787,775,766,-1,787,773,775,-1,785,786,111,-1,769,771,774,-1,756,112,754,-1,757,788,789,-1,790,789,791,-1,770,96,792,-1,772,771,785,-1,116,115,779,-1,116,779,793,-1,756,794,765,-1,794,795,765,-1,756,115,794,-1,765,795,796,-1,797,798,89,-1,799,800,801,-1,802,801,803,-1,804,805,806,-1,807,808,809,-1,810,811,812,-1,813,691,814,-1,815,810,816,-1,89,691,817,-1,818,819,820,-1,818,821,819,-1,818,822,821,-1,820,819,808,-1,823,89,817,-1,807,809,817,-1,820,808,807,-1,817,809,823,-1,89,823,797,-1,89,824,825,-1,89,798,824,-1,825,826,89,-1,827,828,826,-1,828,89,826,-1,89,828,96,-1,828,792,96,-1,786,754,112,-1,111,786,112,-1,788,753,754,-1,788,754,786,-1,788,757,753,-1,760,757,789,-1,791,762,829,-1,790,791,829,-1,762,764,829,-1,830,831,750,-1,802,832,833,-1,832,802,803,-1,832,834,833,-1,835,691,707,-1,833,834,763,-1,789,790,830,-1,763,834,764,-1,760,830,750,-1,830,760,789,-1,750,831,707,-1,707,831,836,-1,837,707,838,-1,707,836,838,-1,707,839,835,-1,707,837,839,-1,840,691,835,-1,691,840,814,-1,840,841,814,-1,812,811,842,-1,806,817,804,-1,843,691,844,-1,691,813,844,-1,845,691,846,-1,691,843,846,-1,811,810,815,-1,847,812,842,-1,848,847,842,-1,849,850,805,-1,805,850,806,-1,845,816,804,-1,816,845,815,-1,817,691,804,-1,845,804,691,-1,851,849,852,-1,849,851,850,-1,851,852,799,-1,801,800,803,-1,799,852,800,-1,833,853,802,-1,854,853,833,-1,855,802,853,-1,802,855,801,-1,799,801,855,-1,855,856,799,-1,817,806,857,-1,850,858,806,-1,857,806,858,-1,859,850,851,-1,850,859,858,-1,856,859,851,-1,856,851,799,-1,857,860,817,-1,807,860,861,-1,860,807,817,-1,861,862,820,-1,820,807,861,-1,820,862,818,-1,862,863,818,-1,864,865,866,-1,867,868,869,-1,870,871,872,-1,873,874,871,-1,875,822,876,-1,863,822,818,-1,863,877,822,-1,822,877,876,-1,875,876,878,-1,864,879,865,-1,866,870,880,-1,871,874,872,-1,874,873,881,-1,882,879,875,-1,875,878,882,-1,882,865,879,-1,864,866,880,-1,872,880,870,-1,881,883,884,-1,883,881,873,-1,885,886,884,-1,884,883,885,-1,869,886,867,-1,885,867,886,-1,887,888,889,-1,889,890,887,-1,891,890,889,-1,890,891,892,-1,891,868,892,-1,868,867,892,-1,893,894,895,-1,896,897,898,-1,899,900,901,-1,901,894,899,-1,902,903,904,-1,905,906,907,-1,908,869,909,-1,868,909,869,-1,908,910,886,-1,886,869,908,-1,909,868,911,-1,910,884,886,-1,884,910,912,-1,913,872,914,-1,881,884,912,-1,874,914,872,-1,915,914,874,-1,880,913,916,-1,880,872,913,-1,874,881,915,-1,880,916,864,-1,912,915,881,-1,891,911,868,-1,917,891,889,-1,891,917,911,-1,888,918,889,-1,917,889,918,-1,888,919,920,-1,920,918,888,-1,921,919,922,-1,919,921,920,-1,921,922,904,-1,903,902,923,-1,904,922,902,-1,923,905,907,-1,907,903,923,-1,906,900,899,-1,906,905,900,-1,924,893,895,-1,901,895,894,-1,896,924,897,-1,924,896,893,-1,925,926,896,-1,927,925,898,-1,896,898,925,-1,896,926,893,-1,928,893,926,-1,894,928,929,-1,928,894,893,-1,894,929,899,-1,930,931,920,-1,899,929,932,-1,903,933,904,-1,920,934,930,-1,907,906,935,-1,933,903,907,-1,932,906,899,-1,935,933,907,-1,932,935,906,-1,933,921,904,-1,920,921,934,-1,921,933,934,-1,936,917,918,-1,931,936,918,-1,931,918,920,-1,936,937,917,-1,917,937,911,-1,937,938,911,-1,939,913,914,-1,913,939,940,-1,941,821,942,-1,916,940,943,-1,940,916,913,-1,943,944,945,-1,945,916,943,-1,946,944,947,-1,946,947,948,-1,946,948,821,-1,942,821,948,-1,821,941,819,-1,944,946,945,-1,949,914,915,-1,914,949,939,-1,950,949,915,-1,912,951,950,-1,950,915,912,-1,952,951,910,-1,912,910,951,-1,952,908,938,-1,908,952,910,-1,938,908,909,-1,909,911,938,-1,822,875,946,-1,916,879,864,-1,875,945,946,-1,822,946,821,-1,916,945,879,-1,875,879,945,-1,797,823,953,-1,809,954,823,-1,953,823,954,-1,955,809,808,-1,809,955,954,-1,941,955,808,-1,941,808,819,-1,953,956,797,-1,798,956,957,-1,956,798,797,-1,957,958,824,-1,824,798,957,-1,824,958,825,-1,958,959,825,-1,959,826,825,-1,959,960,826,-1,826,961,827,-1,960,961,826,-1,962,827,961,-1,827,962,828,-1,792,828,962,-1,962,963,792,-1,771,769,964,-1,771,965,786,-1,965,771,964,-1,786,965,966,-1,967,964,769,-1,770,963,967,-1,967,769,770,-1,770,792,963,-1,788,786,966,-1,966,968,788,-1,762,791,969,-1,762,970,763,-1,970,762,969,-1,763,970,971,-1,972,969,791,-1,789,968,972,-1,972,791,789,-1,789,788,968,-1,971,833,763,-1,971,854,833,-1,966,973,113,-1,974,853,854,-1,95,962,90,-1,751,759,972,-1,965,975,976,-1,761,977,978,-1,761,705,977,-1,979,973,965,-1,972,968,751,-1,976,980,979,-1,981,979,980,-1,982,983,984,-1,985,986,984,-1,987,982,984,-1,987,984,986,-1,988,989,990,-1,988,991,992,-1,988,992,989,-1,988,983,991,-1,114,993,994,-1,988,984,983,-1,988,981,984,-1,984,981,980,-1,968,752,751,-1,966,965,973,-1,966,110,755,-1,755,110,758,-1,752,968,755,-1,110,995,758,-1,995,996,758,-1,996,997,758,-1,995,998,996,-1,999,1000,997,-1,758,1000,117,-1,758,997,1000,-1,758,117,994,-1,117,114,994,-1,853,974,1001,-1,90,960,959,-1,976,979,965,-1,971,1002,854,-1,978,972,759,-1,969,972,978,-1,966,755,968,-1,966,113,110,-1,95,975,964,-1,965,964,975,-1,963,95,967,-1,95,964,967,-1,963,962,95,-1,90,962,960,-1,962,961,960,-1,955,862,954,-1,957,90,958,-1,90,959,958,-1,953,90,956,-1,90,957,956,-1,863,862,955,-1,863,941,877,-1,941,863,955,-1,941,942,877,-1,954,862,861,-1,953,861,860,-1,861,953,954,-1,696,90,860,-1,953,860,90,-1,858,859,1003,-1,1003,1004,858,-1,859,1005,1003,-1,855,853,1001,-1,1001,1006,855,-1,855,1006,856,-1,1007,1008,696,-1,856,1006,1005,-1,859,856,1005,-1,858,1004,857,-1,860,857,1009,-1,1004,1009,857,-1,696,860,1010,-1,860,1009,1010,-1,1011,1012,1013,-1,1010,1014,1015,-1,1012,1016,1013,-1,1012,1017,1016,-1,1011,1013,1018,-1,1019,696,1010,-1,1015,1014,1018,-1,1011,1018,1014,-1,1015,1019,1010,-1,696,1019,1007,-1,696,1020,1021,-1,696,1008,1020,-1,1021,1022,696,-1,1023,1024,1022,-1,1025,970,969,-1,1024,696,1022,-1,978,1025,969,-1,1024,1026,696,-1,696,1026,705,-1,1027,705,1028,-1,705,1026,1028,-1,978,759,761,-1,705,1027,1029,-1,705,1029,1030,-1,705,1030,977,-1,971,970,1031,-1,1025,1031,970,-1,1002,971,1031,-1,854,1002,974,-1,947,882,878,-1,944,943,882,-1,944,882,947,-1,943,865,882,-1,878,948,947,-1,948,876,877,-1,878,876,948,-1,948,877,942,-1,938,937,892,-1,929,1032,1033,-1,938,867,952,-1,867,938,892,-1,885,951,952,-1,952,867,885,-1,950,951,883,-1,885,883,951,-1,873,950,883,-1,871,939,949,-1,949,950,873,-1,870,940,939,-1,939,871,870,-1,940,870,866,-1,866,943,940,-1,865,943,866,-1,949,873,871,-1,890,892,937,-1,936,887,890,-1,890,937,936,-1,1034,887,931,-1,936,931,887,-1,930,1034,931,-1,930,934,1035,-1,1035,1034,930,-1,1035,934,1036,-1,1037,1036,933,-1,934,933,1036,-1,1037,935,1038,-1,935,1037,933,-1,932,1033,1038,-1,1038,935,932,-1,926,925,1039,-1,932,929,1033,-1,1039,925,1040,-1,927,1040,925,-1,926,1041,928,-1,1039,1041,926,-1,929,928,1032,-1,928,1041,1032,-1,1035,888,1034,-1,923,902,1036,-1,1037,905,923,-1,1037,923,1036,-1,900,905,1038,-1,1037,1038,905,-1,900,1038,1033,-1,1035,1036,919,-1,902,922,1036,-1,919,1036,922,-1,888,1035,919,-1,887,1034,888,-1,895,1041,1039,-1,1040,924,1039,-1,895,1039,924,-1,897,924,1040,-1,901,1041,895,-1,1032,901,900,-1,901,1032,1041,-1,1032,900,1033,-1,898,897,1040,-1,898,1040,927,-1,974,832,1001,-1,834,832,974,-1,803,1001,832,-1,1001,803,1006,-1,800,1005,1006,-1,800,1006,803,-1,1010,1009,805,-1,1004,1003,852,-1,1009,1004,849,-1,1004,852,849,-1,1003,800,852,-1,805,1009,849,-1,800,1003,1005,-1,804,1010,805,-1,1014,804,816,-1,804,1014,1010,-1,816,810,1011,-1,1011,1014,816,-1,1011,810,1012,-1,810,812,1012,-1,1042,1043,1044,-1,1045,1046,1047,-1,1048,1047,1049,-1,847,1050,1017,-1,1051,1050,1052,-1,1012,847,1017,-1,812,847,1012,-1,847,1052,1050,-1,1053,1042,1044,-1,1053,1044,1046,-1,1048,1045,1047,-1,1048,1049,1054,-1,1055,1052,1043,-1,1052,1055,1051,-1,1055,1043,1042,-1,1046,1045,1053,-1,1054,1056,1057,-1,1056,1054,1049,-1,1058,1057,1059,-1,1056,1059,1057,-1,1058,1059,1060,-1,1061,1062,1063,-1,1064,1061,1063,-1,1064,1063,1065,-1,1061,1066,1062,-1,1062,1066,1060,-1,1066,1058,1060,-1,1067,1068,1069,-1,1070,1071,1069,-1,1072,1073,1074,-1,1075,1076,1070,-1,1077,1078,1079,-1,1080,1081,1075,-1,1082,1058,1066,-1,1083,1084,1085,-1,1086,1054,1057,-1,1057,1087,1086,-1,1048,1054,1088,-1,1086,1088,1054,-1,1089,1048,1088,-1,1089,1090,1045,-1,1045,1048,1089,-1,1091,1053,1090,-1,1045,1090,1053,-1,1042,1091,1092,-1,1091,1042,1053,-1,1087,1057,1058,-1,1077,1079,1083,-1,1093,1058,1082,-1,1093,1087,1058,-1,1094,1082,1066,-1,1061,1095,1094,-1,1094,1066,1061,-1,1096,1095,1064,-1,1061,1064,1095,-1,1084,1096,1097,-1,1097,1096,1064,-1,1085,1084,1097,-1,1085,1077,1083,-1,1078,1081,1080,-1,1078,1080,1079,-1,1076,1075,1081,-1,1069,1071,1067,-1,1071,1070,1076,-1,1072,1068,1073,-1,1073,1068,1067,-1,1098,1069,1068,-1,1072,1099,1068,-1,1098,1068,1099,-1,1100,1099,1072,-1,1101,1069,1098,-1,1070,1101,1102,-1,1101,1070,1069,-1,1070,1102,1075,-1,1103,1084,1104,-1,1105,1104,1083,-1,1106,1105,1083,-1,1083,1104,1084,-1,1096,1084,1103,-1,1102,1107,1080,-1,1080,1075,1102,-1,1108,1079,1107,-1,1103,1095,1096,-1,1108,1106,1083,-1,1108,1083,1079,-1,1107,1079,1080,-1,1095,1103,1109,-1,1109,1094,1095,-1,1110,1094,1109,-1,1094,1110,1082,-1,1110,1111,1082,-1,1111,1093,1082,-1,1090,1112,1113,-1,1113,1091,1090,-1,1013,1016,848,-1,1114,1092,1091,-1,1091,1113,1114,-1,1092,1115,1116,-1,1115,1092,1114,-1,1117,1118,1116,-1,1117,1119,1118,-1,1117,848,1119,-1,1016,1119,848,-1,848,842,1013,-1,1116,1115,1117,-1,1089,1120,1112,-1,1112,1090,1089,-1,1088,1120,1089,-1,1121,1088,1086,-1,1088,1121,1120,-1,1087,1122,1086,-1,1121,1086,1122,-1,1087,1093,1123,-1,1123,1122,1087,-1,1093,1124,1123,-1,1124,1093,1111,-1,1050,1051,1118,-1,1016,1050,1119,-1,1050,1118,1119,-1,1017,1050,1016,-1,1051,1116,1118,-1,1116,1055,1042,-1,1051,1055,1116,-1,1116,1042,1092,-1,1007,1019,845,-1,1015,811,815,-1,1019,1015,815,-1,842,811,1018,-1,1015,1018,811,-1,1013,842,1018,-1,845,1019,815,-1,1007,845,846,-1,1008,846,843,-1,846,1008,1007,-1,843,844,1020,-1,1020,1008,843,-1,1020,844,1021,-1,844,813,1021,-1,814,1021,813,-1,1021,814,1022,-1,1022,841,1023,-1,814,841,1022,-1,840,1023,841,-1,1023,840,1024,-1,835,1026,1024,-1,835,1024,840,-1,1029,1027,837,-1,1029,838,1030,-1,838,1029,837,-1,1030,838,836,-1,839,837,1027,-1,1028,835,839,-1,839,1027,1028,-1,1028,1026,835,-1,831,977,1030,-1,831,1030,836,-1,1031,1025,790,-1,1031,829,1002,-1,829,1031,790,-1,1002,829,764,-1,830,790,1025,-1,978,831,830,-1,830,1025,978,-1,978,977,831,-1,834,1002,764,-1,1002,834,974,-1,1052,847,848,-1,1044,1115,1114,-1,1043,1117,1115,-1,1115,1044,1043,-1,1043,1052,1117,-1,848,1117,1052,-1,1100,1125,1126,-1,1127,1102,1128,-1,1126,1129,1099,-1,1099,1100,1126,-1,1129,1098,1099,-1,1130,1098,1129,-1,1101,1130,1128,-1,1130,1101,1098,-1,1101,1128,1102,-1,1131,1106,1132,-1,1133,1108,1107,-1,1059,1056,1123,-1,1063,1103,1065,-1,1056,1122,1123,-1,1121,1122,1049,-1,1056,1049,1122,-1,1120,1121,1049,-1,1120,1047,1112,-1,1047,1120,1049,-1,1113,1112,1046,-1,1047,1046,1112,-1,1044,1114,1113,-1,1113,1046,1044,-1,1124,1059,1123,-1,1124,1111,1060,-1,1060,1059,1124,-1,1060,1110,1062,-1,1110,1060,1111,-1,1063,1062,1109,-1,1110,1109,1062,-1,1065,1103,1104,-1,1063,1109,1103,-1,1134,1065,1104,-1,1131,1105,1106,-1,1105,1134,1104,-1,1105,1131,1134,-1,1132,1108,1133,-1,1106,1108,1132,-1,1127,1107,1102,-1,1133,1107,1127,-1,1064,1065,1097,-1,1077,1133,1078,-1,1078,1127,1081,-1,1133,1077,1132,-1,1134,1077,1085,-1,1077,1131,1132,-1,1085,1097,1065,-1,1077,1134,1131,-1,1085,1065,1134,-1,1133,1127,1078,-1,1128,1081,1127,-1,1081,1128,1076,-1,1073,1067,1126,-1,1074,1073,1125,-1,1126,1125,1073,-1,1126,1067,1129,-1,1071,1129,1067,-1,1130,1071,1076,-1,1071,1130,1129,-1,1130,1076,1128,-1,1074,1100,1072,-1,1074,1125,1100,-1,
        ]
    }
}
Shape{
    appearance Appearance {
        material  Material 	{
            diffuseColor 0.8117647058823529 0.8117647058823529 0.8117647058823529
            specularColor 0.7529411764705882 0.7529411764705882 0.7529411764705882
            ambientIntensity 0.2
            transparency 0
            shininess 0.5
        }
    }
    geometry IndexedFaceSet {
        ccw TRUE
        solid FALSE
        coord DEF co Coordinate {
            point [
                -3.1417 1.4075 0.0, -3.2008 1.4353 0.0115, -3.1417 1.4353 0.0115, -3.2008 1.4075 0.0, -3.2008 1.4469 0.0394, -3.1417 1.4469 0.0394, -3.1417 1.4469 0.0394
            ]
        }
        coordIndex [
            0,1,2,-1,3,1,0,-1,4,2,1,-1,2,4,5,-1,
        ]
    }
}
Shape{
    appearance Appearance {
        material  Material 	{
            diffuseColor 0.9098039215686274 0.9098039215686274 0.9098039215686274
            specularColor 0.7529411764705882 0.7529411764705882 0.7529411764705882
            ambientIntensity 0.2
            transparency 0
            shininess 0.5
        }
    }
    geometry IndexedFaceSet {
        ccw TRUE
        solid FALSE
        coord DEF co Coordinate {
            point [
                -3.2008 1.4469 0.689, -3.1417 1.4469 0.689, -3.1417 1.4469 0.0394, -3.2008 1.4469 0.0394, -3.2008 1.4469 0.0394
            ]
        }
        coordIndex [
            0,1,2,-1,0,2,3,-1,
        ]
    }
}
Shape{
    appearance Appearance {
        material  Material 	{
            diffuseColor 0.8117647058823529 0.8117647058823529 0.8117647058823529
            specularColor 0.7529411764705882 0.7529411764705882 0.7529411764705882
            ambientIntensity 0.2
            transparency 0
            shininess 0.5
        }
    }
    geometry IndexedFaceSet {
        ccw TRUE
        solid FALSE
        coord DEF co Coordinate {
            point [
                -3.1417 1.3786 0.0, -3.1417 1.3507 -0.0115, -3.2008 1.3507 -0.0115, -3.2008 1.3786 0.0, -3.2008 1.3392 -0.0394, -3.1417 1.3392 -0.0394, -3.1302 1.3392 -0.0475, -3.1024 1.3392 -0.0591, -3.1902 1.3392 -0.0787, -3.1417 1.3392 -0.0197, -2.9252 1.3392 -0.0591, -2.9252 1.3392 -0.1181, -3.122 1.3392 -0.1181, -3.1614 1.3392 -0.1076, -3.1614 0.788 -0.1076, -3.1902 0.788 -0.0787, -3.122 0.788 -0.1181, -3.2008 0.788 -0.0394, -3.1302 0.788 -0.0475, -3.1024 0.788 -0.0591, -3.1417 0.788 -0.0197, -3.1417 0.788 -0.0394, -2.9252 0.788 -0.1181, -2.9252 0.788 -0.0591, -3.2008 0.7486 0.0, -3.2008 0.7765 -0.0115, -3.1417 0.7765 -0.0115, -3.1417 0.7486 0.0, -2.8465 0.8668 -0.0591, -2.8858 0.7986 -0.0591, -2.857 0.8274 -0.0591, -2.8465 1.2605 -0.0591, -2.8858 1.3286 -0.0591, -2.857 1.2998 -0.0591, -2.8858 1.3286 -0.1181, -2.857 1.2998 -0.1181, -2.8465 1.2605 -0.1181, -2.8465 0.8668 -0.1181, -2.857 0.8274 -0.1181, -2.8858 0.7986 -0.1181, -3.2008 0.5794 -0.0394, -3.1417 0.6083 -0.0105, -3.1417 0.5794 -0.0394, -3.2008 0.5689 -0.0787, -3.1417 0.5689 -0.0787, -3.2008 0.6083 -0.0105, -3.1417 0.6476 0.0, -3.2008 0.6476 0.0, -3.2008 0.5689 -1.4685, -3.1417 0.5689 -1.4685, -3.2008 0.3327 -1.7047, -3.1417 0.3327 -1.7047, -3.1417 0.2597 -1.6932, -3.1417 0.1938 -1.6596, -3.2008 0.2597 -1.6932, -3.1417 0.1416 -1.6074, -3.2008 0.1938 -1.6596, -3.2008 0.1416 -1.6074, -3.1417 0.108 -1.5415, -3.1417 0.0965 -1.4685, -3.2008 0.108 -1.5415, -3.2008 0.0965 -1.4685, -3.2008 0.4057 -1.6932, -3.1417 0.4057 -1.6932, -3.2008 0.4715 -1.6596, -3.2008 0.5238 -1.6074, -3.1417 0.4715 -1.6596, -3.2008 0.5573 -1.5415, -3.1417 0.5238 -1.6074, -3.1417 0.5573 -1.5415, -3.2008 0.0965 -0.0787, -3.1417 0.0965 -0.0787, -3.1417 0.0859 -0.0394, -3.2008 0.0571 -0.0105, -3.2008 0.0859 -0.0394, -3.1417 0.0571 -0.0105, -3.2008 0.0177 0.0, -3.1417 0.0177 0.0, -3.1417 0.0177 0.0
            ]
        }
        coordIndex [
            0,1,2,-1,3,0,2,-1,4,2,1,-1,1,5,4,-1,6,7,8,-1,9,6,5,-1,7,10,11,-1,4,6,8,-1,5,6,4,-1,7,12,13,-1,8,7,13,-1,7,11,12,-1,14,15,13,-1,12,16,14,-1,14,13,12,-1,13,15,8,-1,15,17,8,-1,8,17,4,-1,18,15,19,-1,18,20,21,-1,15,18,17,-1,14,19,15,-1,16,22,19,-1,19,22,23,-1,19,14,16,-1,17,18,21,-1,24,25,26,-1,27,24,26,-1,21,26,25,-1,25,17,21,-1,6,18,7,-1,7,18,19,-1,20,18,6,-1,6,9,20,-1,7,19,23,-1,28,23,29,-1,7,23,10,-1,28,10,23,-1,29,30,28,-1,28,31,10,-1,10,31,32,-1,31,33,32,-1,32,33,34,-1,11,10,32,-1,32,34,11,-1,34,33,35,-1,33,31,35,-1,35,31,36,-1,37,38,39,-1,36,34,35,-1,37,39,22,-1,36,37,11,-1,11,37,22,-1,11,34,36,-1,11,22,12,-1,22,16,12,-1,30,29,38,-1,37,28,30,-1,30,38,37,-1,38,29,39,-1,29,23,39,-1,39,23,22,-1,37,36,31,-1,31,28,37,-1,40,41,42,-1,43,40,42,-1,43,42,44,-1,40,45,41,-1,41,45,46,-1,45,47,46,-1,48,44,49,-1,44,48,43,-1,50,51,52,-1,53,54,52,-1,50,52,54,-1,53,55,56,-1,56,54,53,-1,57,55,58,-1,55,57,56,-1,59,60,58,-1,57,58,60,-1,61,60,59,-1,62,51,50,-1,63,62,64,-1,62,63,51,-1,65,66,64,-1,63,64,66,-1,65,67,68,-1,68,66,65,-1,69,67,48,-1,67,69,68,-1,69,48,49,-1,59,70,61,-1,70,59,71,-1,72,73,74,-1,71,72,74,-1,71,74,70,-1,72,75,73,-1,73,75,76,-1,75,77,76,-1,
        ]
    }
}
Shape{
    appearance Appearance {
        material  Material 	{
            diffuseColor 0.9098039215686274 0.9098039215686274 0.9098039215686274
            specularColor 0.7529411764705882 0.7529411764705882 0.7529411764705882
            ambientIntensity 0.2
            transparency 0
            shininess 0.5
        }
    }
    geometry IndexedFaceSet {
        ccw TRUE
        solid FALSE
        coord DEF co Coordinate {
            point [
                -2.9532 -3.0413 4.8989, -3.1417 -3.0413 5.0984, -3.122 -3.0413 5.0984, -2.9532 -3.0413 3.989, 2.9532 -3.0413 3.989, 2.9532 -3.0413 4.8989, 3.1417 -3.0413 5.0984, 3.122 -3.0413 5.0984, -3.122 -3.0413 5.1181, -2.78 -3.0413 2.7709, -2.751 -3.0413 1.8088, -2.78 -3.0413 1.7764, -3.1417 -3.0413 0.0, 2.654 -3.0413 1.8209, 2.654 -3.0413 2.7264, 2.7091 -3.0413 1.8209, -1.181 -3.0413 5.0504, 1.181 -3.0413 5.0504, -2.7091 -3.0413 3.9179, -2.7091 -3.0413 2.9165, 3.122 -3.0413 5.1181, -1.2251 -3.0413 4.8989, 1.2251 -3.0413 4.8989, 2.7091 -3.0413 2.9165, 2.7091 -3.0413 3.9179, 3.1417 -3.0413 0.0, 2.7091 -3.0413 2.7264, 2.78 -3.0413 1.7764, 2.751 -3.0413 2.7384, 2.78 -3.0413 2.7709, 2.7354 -3.0413 2.8794, 2.7163 -3.0413 2.8937, 2.7708 -3.0413 2.8541, 2.7874 -3.0413 2.8138, 2.751 -3.0413 1.8088, -2.654 -3.0413 1.8209, -2.7091 -3.0413 2.7264, -2.654 -3.0413 2.7264, -2.7091 -3.0413 1.8209, 2.7091 -3.0413 0.6061, 2.3622 -3.0413 0.0, -2.7091 -3.0413 0.6061, 2.7874 -3.0413 1.7335, 2.7354 -3.0413 1.6679, 2.7708 -3.0413 1.6932, 2.7091 -3.0413 1.6308, 2.7163 -3.0413 1.6535, -2.3622 -3.0413 0.0, -2.7091 -3.0413 1.6308, -2.7708 -3.0413 1.6932, -2.7354 -3.0413 1.6679, -2.7163 -3.0413 1.6535, -2.7874 -3.0413 1.7335, -2.7874 -3.0413 2.8138, -2.751 -3.0413 2.7384, -2.7354 -3.0413 2.8794, -2.7708 -3.0413 2.8541, -2.7163 -3.0413 2.8937, 2.3622 -3.0356 -0.0139, 2.3622 -3.0217 -0.0197, -2.3622 -3.0217 -0.0197, -2.3622 -3.0356 -0.0139, -2.3622 -3.1004 0.0, -2.3622 -3.0898 -0.0394, -2.3622 -1.998 -0.0197, -2.3622 -1.998 -0.0787, -2.3622 -3.061 -0.0682, -2.3622 -3.0217 -0.0787, 2.3622 -3.061 -0.0682, 2.3622 -3.0898 -0.0394, 2.3622 -3.0217 -0.0787, 2.3622 -3.1004 0.0, 2.3622 -1.998 -0.0197, 2.3622 -1.998 -0.0787, -0.5512 -2.1555 -0.0197, 2.2835 -1.9193 -0.0197, -2.2835 -1.9193 -0.0197, -2.3228 -1.9298 -0.0197, -2.3517 -1.9587 -0.0197, 0.5512 -2.1555 -0.0197, 2.3517 -1.9587 -0.0197, 2.3228 -1.9298 -0.0197, 0.5512 -2.628 -0.0197, -0.5512 -2.628 -0.0197, -0.5512 -2.1555 -0.0787, -0.5512 -2.628 -0.0787, 2.3228 -1.9298 -0.0787, 2.3517 -1.9587 -0.0787, 2.2835 -1.9193 -0.0787, -2.2835 -1.9193 -0.0787, -2.3517 -1.9587 -0.0787, -2.3228 -1.9298 -0.0787, 0.5512 -2.628 -0.0787, 0.5512 -2.1555 -0.0787, -2.7163 -3.1004 2.8937, -2.7091 -3.1004 2.9165, -2.7354 -3.1004 2.8794, -2.7874 -3.1004 2.8138, -2.78 -3.1004 2.7709, -2.751 -3.1004 2.7384, -2.7091 -3.1004 2.7264, -2.7708 -3.1004 2.8541, -2.3783 -2.5057 2.7264, -2.3219 -2.5231 2.7264, -2.3063 -2.2525 2.7264, -2.2487 -2.2654 2.7264, -2.2529 -1.9948 2.7264, -2.5763 -2.9931 2.7264, -2.5234 -3.0192 2.7264, -2.4685 -2.753 2.7264, -2.4136 -2.7748 2.7264, -2.5556 -3.0621 2.7264, -2.5955 -3.0186 2.7264, -2.6226 -3.0355 2.7264, -2.654 -3.1004 2.7264, -2.6012 -3.0905 2.7264, -2.1944 -2.0031 2.7264, -2.2183 -1.7338 2.7264, -2.1594 -1.7375 2.7264, -2.1524 -1.6543 2.6918, -2.2113 -1.6506 2.6918, -2.2143 -1.6889 2.7174, -2.1554 -1.6926 2.7174, -2.1506 -1.6288 2.6534, -2.2096 -1.625 2.6534, -2.1501 -1.6198 2.6083, -2.209 -1.6161 2.6083, -2.2143 -1.6889 1.8298, -2.2183 -1.7338 1.8209, -2.209 -1.6161 1.939, -2.2113 -1.6506 1.8554, -2.2096 -1.625 1.8938, -2.3063 -2.2525 1.8209, -2.2529 -1.9948 1.8209, -2.4685 -2.753 1.8209, -2.3783 -2.5057 1.8209, -2.5763 -2.9931 1.8209, -2.1594 -1.7375 1.8209, -2.1554 -1.6926 1.8299, -2.1524 -1.6543 1.8554, -2.1506 -1.6288 1.8939, -2.1501 -1.6198 1.939, -2.3219 -2.5231 1.8209, -2.2487 -2.2654 1.8209, -2.1944 -2.0031 1.8209, -2.5234 -3.0192 1.8209, -2.4136 -2.7748 1.8209, -2.5955 -3.0186 1.8209, -2.6012 -3.0905 1.8209, -2.6226 -3.0355 1.8209, -2.5556 -3.0621 1.8209, -2.654 -3.1004 1.8209, -2.7091 -3.1004 1.8209, -2.78 -3.1004 1.7764, -2.751 -3.1004 1.8088, -2.7874 -3.1004 1.7335, -2.7708 -3.1004 1.6932, -2.7354 -3.1004 1.6679, -2.7091 -3.1004 1.6308, -2.7163 -3.1004 1.6535, -2.7091 -3.1004 3.9179, -2.7091 -3.1004 0.6061, -2.9532 -3.1004 3.989, -2.9532 -3.1004 4.8989, -1.2251 -3.1004 4.8989, -1.181 -3.1004 5.0504, 1.181 -3.1004 5.0504, 1.2251 -3.1004 4.8989, 2.9532 -3.1004 4.8989, 2.9532 -3.1004 3.989, 2.7091 -3.1004 3.9179, 2.7091 -3.1004 0.6061, 2.7091 -3.1004 1.6308, 2.7091 -3.1004 2.9165, 2.7163 -3.1004 1.6535, 2.7354 -3.1004 1.6679, 2.78 -3.1004 1.7764, 2.7874 -3.1004 1.7335, 2.751 -3.1004 1.8088, 2.7091 -3.1004 1.8209, 2.7708 -3.1004 1.6932, 2.3783 -2.5057 1.8209, 2.3219 -2.5231 1.8209, 2.3063 -2.2525 1.8209, 2.2487 -2.2654 1.8209, 2.2529 -1.9948 1.8209, 2.5763 -2.9931 1.8209, 2.5234 -3.0192 1.8209, 2.4685 -2.753 1.8209, 2.4136 -2.7748 1.8209, 2.5556 -3.0621 1.8209, 2.5955 -3.0186 1.8209, 2.6226 -3.0355 1.8209, 2.654 -3.1004 1.8209, 2.6012 -3.0905 1.8209, 2.1944 -2.0031 1.8209, 2.2183 -1.7338 1.8209, 2.1594 -1.7375 1.8209, 2.1524 -1.6543 1.8554, 2.2113 -1.6506 1.8554, 2.2143 -1.6889 1.8299, 2.1554 -1.6926 1.8299, 2.1506 -1.6288 1.8939, 2.2096 -1.625 1.8939, 2.1501 -1.6198 1.939, 2.209 -1.6161 1.939, 2.3063 -2.2525 2.7264, 2.3783 -2.5057 2.7264, 2.2096 -1.625 2.6534, 2.4685 -2.753 2.7264, 2.5763 -2.9931 2.7264, 2.2529 -1.9948 2.7264, 2.2183 -1.7338 2.7264, 2.2143 -1.6889 2.7174, 2.209 -1.6161 2.6083, 2.2113 -1.6506 2.6918, 2.5955 -3.0186 2.7264, 2.6226 -3.0355 2.7264, 2.2487 -2.2654 2.7264, 2.3219 -2.5231 2.7264, 2.6012 -3.0905 2.7264, 2.5556 -3.0621 2.7264, 2.654 -3.1004 2.7264, 2.7091 -3.1004 2.7264, 2.5234 -3.0192 2.7264, 2.1944 -2.0031 2.7264, 2.4136 -2.7748 2.7264, 2.1594 -1.7375 2.7264, 2.1554 -1.6926 2.7174, 2.1524 -1.6543 2.6918, 2.1506 -1.6288 2.6534, 2.1501 -1.6198 2.6083, 2.78 -3.1004 2.7709, 2.751 -3.1004 2.7384, 2.7874 -3.1004 2.8138, 2.7708 -3.1004 2.8541, 2.7354 -3.1004 2.8794, 2.7163 -3.1004 2.8937, -3.1317 1.5464 5.0984, -3.1362 1.54 0.7677, -3.1317 1.5464 0.7677, -3.1391 1.5337 5.0984, -3.1412 1.5256 0.7677, -3.1394 1.5331 0.7677, -3.1417 1.5191 5.0984, -3.1414 1.5191 0.7673, -3.0798 1.6075 5.0984, -3.0798 1.6075 0.7677, -3.0512 1.6506 0.7677, -3.0334 1.6991 0.7677, -3.0512 1.6506 5.0984, -3.0334 1.6991 5.0984, -3.0273 1.7504 0.7677, -3.0273 1.7504 5.0984, -3.0273 2.9419 1.0039, -3.0864 2.9419 1.0039, -3.0864 2.9419 4.8622, -3.0273 2.9419 4.8622, -3.2221 2.2331 3.1337, -3.2126 2.1697 3.1337, -3.2159 2.2503 3.1337, -3.1848 2.1582 3.1337, -3.0864 2.4699 3.1337, -3.1061 2.4699 3.1337, -3.0864 2.1582 3.1337, -3.2242 2.2151 3.1337, -3.2242 2.1975 3.1337, -3.2126 2.1697 2.0434, -3.2242 2.1975 2.0434, -3.1848 2.1582 2.0434, -3.0864 2.1582 2.0434, -3.1061 2.4699 2.0434, -3.0864 2.4699 2.0434, -3.2159 2.2503 2.0434, -3.2242 2.2151 2.0434, -3.2221 2.2331 2.0434, 2.5 2.9626 5.1772, 2.5 2.9626 5.1181, 0.3346 2.9626 5.1181, 0.3346 2.9626 5.1772, 0.3346 3.061 5.1666, 0.3346 3.0217 5.1772, 0.3346 3.0298 5.1066, 0.3346 3.002 5.1181, 0.3346 3.1004 5.0984, 0.3346 3.0898 5.1378, 0.3346 3.0413 5.0787, 0.3346 3.0413 5.0394, 0.3346 3.1004 5.0394, 2.5 3.0413 5.0394, 2.5 3.1004 5.0394, -1.9841 -1.9165 5.1772, -1.9665 -1.8104 5.1181, -1.9665 -1.8104 5.1772, -1.9841 -1.9165 5.1181, -1.9606 -1.703 5.1181, -1.9606 -1.703 5.1772, -1.9606 -0.1181 5.1772, -1.9606 -0.1181 5.1181, -1.8877 -0.009 5.1772, -1.926 -0.0346 5.1772, -1.926 -0.0346 5.1181, -1.8877 -0.009 5.1181, -1.8425 0.0 5.1772, -1.8425 -0.0 5.1181, -1.9516 -0.0729 5.1181, -1.9516 -0.0729 5.1772, -1.0945 -0.0 5.1772, -1.0945 0.0 5.1181, -0.9854 -0.0729 5.1772, -1.011 -0.0346 5.1772, -1.011 -0.0346 5.1181, -0.9854 -0.0729 5.1181, -0.9764 -0.1181 5.1772, -0.9764 -0.1181 5.1181, -1.0493 -0.009 5.1181, -1.0493 -0.009 5.1772, -0.9764 -1.703 5.1772, -0.9764 -1.703 5.1181, -0.9705 -1.8104 5.1181, -0.9705 -1.8104 5.1772, -0.9529 -1.9165 5.1181, -0.9529 -1.9165 5.1772, -0.7858 -2.6685 5.1772, -0.7858 -2.6685 5.1181, -0.8802 -2.7854 5.1772, -0.8384 -2.7762 5.1772, -0.8384 -2.7762 5.1181, -0.8048 -2.7497 5.1772, -0.8048 -2.7497 5.1181, -0.7861 -2.7113 5.1181, -0.7861 -2.7113 5.1772, -0.8802 -2.7854 5.1181, -0.9218 -2.7757 5.1772, -0.9218 -2.7757 5.1181, -0.9551 -2.7488 5.1181, -0.9551 -2.7488 5.1772, -0.9734 -2.7102 5.1772, -0.9734 -2.7102 5.1181, -1.0173 -2.5125 5.2237, -1.0241 -2.4821 5.1715, -1.0387 -2.4165 5.2091, -1.0535 -2.35 5.2444, -1.0684 -2.2826 5.2779, -1.0539 -2.3481 5.3115, -1.0725 -2.2642 5.3518, -1.0836 -2.2145 5.3095, -0.9929 -2.6224 5.1822, -0.9799 -2.6808 5.1765, -0.9915 -2.629 5.1214, -0.9799 -2.6808 5.1176, -1.0028 -2.5781 5.1315, -1.0055 -2.5659 5.1974, -1.0355 -2.4307 5.2685, -1.0989 -2.1455 5.3393, -1.0136 -2.5293 5.1492, -1.1144 -2.0757 5.3672, -1.0914 -2.179 5.3893, -1.1301 -2.0051 5.3933, -1.1106 -2.0928 5.4239, -1.1305 -2.0051 5.4558, -1.1535 -1.7916 5.4595, -1.1535 -1.7916 5.5206, -1.1509 -1.8638 5.5007, -1.1477 -1.8982 5.4287, -1.1427 -1.9349 5.4791, -1.2717 -0.2449 5.4921, -1.6654 -0.2449 5.4921, -1.7105 -0.2535 5.4947, -1.7835 -0.5948 5.5738, -1.1535 -0.3587 5.5238, -1.7835 -0.3587 5.5238, -1.7488 -0.278 5.5019, -1.2265 -0.2535 5.4947, -1.1882 -0.278 5.5019, -1.7745 -0.315 5.5122, -1.1625 -0.315 5.5122, -1.7835 -1.3164 5.6026, -1.1535 -1.0753 5.6133, -1.7835 -1.0753 5.6133, -1.7835 -0.8342 5.6037, -1.1535 -0.8342 5.6037, -1.1535 -0.5948 5.5738, -1.8264 -2.0928 5.4239, -1.7861 -1.8638 5.5007, -1.7835 -1.7916 5.5206, -1.8456 -2.179 5.3893, -1.8645 -2.2642 5.3518, -1.8831 -2.3481 5.3115, -1.9015 -2.4307 5.2685, -1.9197 -2.5125 5.2237, -1.8065 -2.0051 5.4558, -1.794 -1.935 5.4791, -1.1535 -1.5557 5.5716, -1.7835 -1.5557 5.5716, -1.1535 -1.3164 5.6026, -1.1881 -0.295 5.4453, -1.2265 -0.2705 5.4381, -1.2717 -0.2619 5.4356, -1.1625 -0.3321 5.4557, -1.1535 -0.3757 5.4672, -1.7488 -0.295 5.4453, -1.7745 -0.332 5.4557, -1.7105 -0.2705 5.4381, -1.6654 -0.2619 5.4356, -1.7835 -0.3757 5.4672, -1.7835 -1.0841 5.5542, -1.7835 -0.8458 5.5454, -1.1535 -0.8458 5.5454, -1.1535 -0.6091 5.5163, -1.7835 -0.6091 5.5163, -1.8069 -2.0051 5.3933, -1.1535 -1.0841 5.5542, -1.1535 -1.3223 5.5428, -1.7835 -1.3223 5.5428, -1.8534 -2.2145 5.3095, -1.8381 -2.1455 5.3393, -1.8686 -2.2826 5.2779, -1.8835 -2.35 5.2444, -1.8983 -2.4165 5.2091, -1.9129 -2.4821 5.1715, -1.8226 -2.0757 5.3672, -1.7893 -1.8982 5.4287, -1.7835 -1.7916 5.4595, -1.1535 -1.5587 5.5111, -1.7835 -1.5587 5.5111, -1.9571 -2.6808 5.1765, -1.9571 -2.6808 5.1176, -1.9636 -2.7102 5.1181, -1.9234 -2.5291 5.1483, -1.9315 -2.5658 5.1974, -1.9441 -2.6223 5.1822, -1.9343 -2.5783 5.1316, -1.9456 -2.6291 5.1214, -1.9636 -2.7102 5.1772, -2.0986 -2.7762 5.1772, -2.0568 -2.7854 5.1772, -2.0568 -2.7854 5.1181, -2.0152 -2.7757 5.1772, -2.0152 -2.7757 5.1181, -1.9819 -2.7488 5.1181, -1.9819 -2.7488 5.1772, -2.0986 -2.7762 5.1181, -2.1322 -2.7497 5.1772, -2.1322 -2.7497 5.1181, -2.1509 -2.7113 5.1181, -2.1509 -2.7113 5.1772, -2.1512 -2.6685 5.1772, -2.1512 -2.6685 5.1181, 1.9841 -1.9165 5.1181, 1.9665 -1.8104 5.1772, 1.9665 -1.8104 5.1181, 1.9841 -1.9165 5.1772, 1.9606 -1.703 5.1772, 1.9606 -1.703 5.1181, 1.9606 -0.1181 5.1772, 1.9606 -0.1181 5.1181, 1.8877 -0.009 5.1181, 1.926 -0.0346 5.1181, 1.926 -0.0346 5.1772, 1.8877 -0.009 5.1772, 1.8425 0.0 5.1181, 1.8425 -0.0 5.1772, 1.9516 -0.0729 5.1772, 1.9516 -0.0729 5.1181, 1.0945 0.0 5.1772, 1.0945 -0.0 5.1181, 0.9854 -0.0729 5.1181, 1.011 -0.0346 5.1181, 1.011 -0.0346 5.1772, 0.9854 -0.0729 5.1772, 0.9764 -0.1181 5.1181, 0.9764 -0.1181 5.1772, 1.0493 -0.009 5.1772, 1.0493 -0.009 5.1181, 0.9764 -1.703 5.1772, 0.9764 -1.703 5.1181, 0.9705 -1.8104 5.1772, 0.9705 -1.8104 5.1181, 0.9529 -1.9165 5.1772, 0.9529 -1.9165 5.1181, 0.7858 -2.6685 5.1772, 0.7858 -2.6685 5.1181, 0.8802 -2.7854 5.1181, 0.8384 -2.7762 5.1181, 0.8384 -2.7762 5.1772, 0.8048 -2.7497 5.1181, 0.8048 -2.7497 5.1772, 0.7861 -2.7113 5.1772, 0.7861 -2.7113 5.1181, 0.8802 -2.7854 5.1772, 0.9218 -2.7757 5.1181, 0.9218 -2.7757 5.1772, 0.9551 -2.7488 5.1772, 0.9551 -2.7488 5.1181, 0.9734 -2.7102 5.1181, 0.9734 -2.7102 5.1772, 1.0173 -2.5125 5.2237, 1.0387 -2.4165 5.2091, 1.0241 -2.4821 5.1715, 1.0535 -2.35 5.2444, 1.0539 -2.3481 5.3115, 1.0684 -2.2826 5.2779, 1.0725 -2.2642 5.3518, 1.0836 -2.2145 5.3095, 0.9929 -2.6224 5.1822, 0.9915 -2.629 5.1214, 0.9799 -2.6808 5.1765, 0.9799 -2.6808 5.1176, 1.0028 -2.5781 5.1315, 1.0055 -2.5659 5.1974, 1.0355 -2.4307 5.2685, 1.0989 -2.1455 5.3393, 1.0136 -2.5293 5.1492, 1.0915 -2.179 5.3893, 1.1144 -2.0757 5.3672, 1.1301 -2.0051 5.3933, 1.1106 -2.0928 5.4239, 1.1305 -2.0051 5.4558, 1.1477 -1.8982 5.4287, 1.1509 -1.8638 5.5007, 1.1535 -1.7916 5.4595, 1.1535 -1.7916 5.5206, 1.143 -1.935 5.4791, 1.7893 -1.8982 5.4287, 1.8069 -2.0051 5.3933, 1.1535 -0.3757 5.4672, 1.7745 -0.332 5.4557, 1.7835 -0.3757 5.4672, 1.8226 -2.0757 5.3672, 1.8381 -2.1455 5.3393, 1.8534 -2.2145 5.3095, 1.8686 -2.2826 5.2779, 1.8835 -2.35 5.2444, 1.8983 -2.4165 5.2091, 1.9129 -2.4821 5.1715, 1.7835 -1.7916 5.4595, 1.7835 -1.5587 5.5111, 1.1535 -1.5587 5.5111, 1.7835 -1.3223 5.5428, 1.1535 -1.3223 5.5428, 1.7835 -1.0841 5.5542, 1.7835 -0.8458 5.5454, 1.1535 -1.0841 5.5542, 1.1535 -0.8458 5.5454, 1.7835 -0.6091 5.5163, 1.1535 -0.6091 5.5163, 1.1882 -0.295 5.4453, 1.2265 -0.2705 5.4381, 1.7105 -0.2705 5.4381, 1.6654 -0.2619 5.4356, 1.2717 -0.2619 5.4356, 1.7488 -0.295 5.4453, 1.1625 -0.332 5.4557, 1.2265 -0.2535 5.4947, 1.2717 -0.2449 5.4921, 1.1881 -0.278 5.5019, 1.1625 -0.315 5.5122, 1.1535 -0.3587 5.5238, 1.7488 -0.278 5.5019, 1.6654 -0.2449 5.4921, 1.7835 -0.3587 5.5238, 1.7745 -0.315 5.5122, 1.7835 -1.0753 5.6133, 1.1535 -1.0753 5.6133, 1.1535 -1.3164 5.6026, 1.7835 -0.5948 5.5738, 1.1535 -0.5948 5.5738, 1.1535 -0.8342 5.6037, 1.8065 -2.0051 5.4558, 1.7943 -1.9349 5.4791, 1.8264 -2.0928 5.4239, 1.8456 -2.179 5.3893, 1.8831 -2.3481 5.3115, 1.8645 -2.2642 5.3518, 1.9015 -2.4307 5.2685, 1.9197 -2.5125 5.2237, 1.7861 -1.8638 5.5007, 1.7835 -1.7916 5.5206, 1.7835 -1.5557 5.5716, 1.1535 -1.5557 5.5716, 1.7835 -1.3164 5.6026, 1.7835 -0.8342 5.6037, 1.7105 -0.2535 5.4947, 1.9571 -2.6808 5.1765, 1.9636 -2.7102 5.1181, 1.9571 -2.6808 5.1176, 1.9315 -2.5658 5.1974, 1.9234 -2.5291 5.1483, 1.9441 -2.6223 5.1822, 1.9343 -2.5783 5.1316, 1.9456 -2.6291 5.1214, 1.9636 -2.7102 5.1772, 2.0986 -2.7762 5.1181, 2.0568 -2.7854 5.1181, 2.0568 -2.7854 5.1772, 2.0152 -2.7757 5.1181, 2.0152 -2.7757 5.1772, 1.9819 -2.7488 5.1772, 1.9819 -2.7488 5.1181, 2.0986 -2.7762 5.1772, 2.1322 -2.7497 5.1181, 2.1322 -2.7497 5.1772, 2.1509 -2.7113 5.1772, 2.1509 -2.7113 5.1181, 2.1512 -2.6685 5.1181, 2.1512 -2.6685 5.1772, 0.315 3.0898 2.5197, 0.315 3.061 2.4909, -0.315 3.0898 2.5197, -0.315 3.1004 2.5591, 0.315 3.1004 2.5591, -0.315 3.061 2.4909, 0.315 3.0217 2.4803, -0.315 3.0217 2.4803, -0.315 2.5492 2.5288, -0.315 2.5886 2.5394, -0.315 2.6083 2.4803, -0.315 2.5204 2.5, -0.315 2.5804 2.4688, -0.315 2.5098 2.4606, -0.315 2.5689 2.4409, -0.315 2.5689 2.2205, -0.315 2.5098 2.2205, -0.315 3.002 2.5394, -0.315 3.0298 2.5509, -0.315 3.1004 2.6083, -0.315 3.0413 2.5787, -0.315 3.0413 2.6083, -0.3839 3.0413 2.6772, -0.4183 3.1004 2.6679, -0.3839 3.1004 2.6772, -0.4435 3.1004 2.6427, -0.4183 3.0413 2.6679, -0.4435 3.0413 2.6427, -0.4528 3.1004 2.6083, -0.4528 3.0413 2.6083, -0.3494 3.0413 2.6679, -0.3494 3.1004 2.6679, -0.3242 3.0413 2.6427, -0.3242 3.1004 2.6427, -0.4528 3.1004 1.9685, -0.4528 3.0413 1.9685, -0.3167 3.0413 1.7813, -0.2559 3.0413 1.7717, -0.2559 3.1004 1.7717, -0.4431 3.0413 1.9077, -0.4152 3.0413 1.8528, -0.4152 3.1004 1.8528, -0.3716 3.0413 1.8092, -0.3167 3.1004 1.7813, -0.3716 3.1004 1.8092, -0.4431 3.1004 1.9077, 0.2559 3.1004 1.7717, 0.2559 3.0413 1.7717, 0.4431 3.0413 1.9077, 0.4528 3.0413 1.9685, 0.4528 3.1004 1.9685, 0.3167 3.0413 1.7813, 0.3716 3.0413 1.8092, 0.3716 3.1004 1.8092, 0.4152 3.0413 1.8528, 0.4431 3.1004 1.9077, 0.4152 3.1004 1.8528, 0.3167 3.1004 1.7813, 0.4528 3.1004 2.6083, 0.4528 3.0413 2.6083, 0.3839 3.0413 2.6772, 0.3494 3.1004 2.6679, 0.3839 3.1004 2.6772, 0.3242 3.1004 2.6427, 0.3494 3.0413 2.6679, 0.3242 3.0413 2.6427, 0.315 3.1004 2.6083, 0.315 3.0413 2.6083, 0.4183 3.0413 2.6679, 0.4183 3.1004 2.6679, 0.4435 3.0413 2.6427, 0.4435 3.1004 2.6427, 0.315 3.0413 2.5787, 0.315 3.002 2.5394, 0.315 2.5689 2.4409, 0.315 2.5804 2.4688, 0.315 2.5098 2.4606, 0.315 3.0298 2.5509, 0.315 2.5204 2.5, 0.315 2.5492 2.5288, 0.315 2.5689 2.2205, 0.315 2.5098 2.2205, 0.315 2.6083 2.4803, 0.315 2.5886 2.5394, 0.2758 2.5689 2.1258, 0.1811 2.5689 2.0866, 0.3048 2.5689 2.1692, 0.2323 2.5689 2.0968, -0.1811 2.5689 2.0866, -0.2758 2.5689 2.1258, -0.2323 2.5689 2.0968, -0.3048 2.5689 2.1692, -0.2758 2.5098 2.1258, -0.2323 2.5098 2.0968, -0.1811 2.5098 2.0866, -0.3048 2.5098 2.1692, 0.2758 2.5098 2.1258, 0.1811 2.5098 2.0866, 0.2323 2.5098 2.0968, 0.3048 2.5098 2.1692, 0.3048 2.5098 2.1692
            ]
        }
        coordIndex [
            0,1,2,-1,3,1,0,-1,4,5,6,-1,6,5,7,-1,2,8,0,-1,9,10,11,-1,1,3,12,-1,13,14,15,-1,16,8,17,-1,18,19,3,-1,20,17,8,-1,0,16,21,-1,0,8,16,-1,22,17,5,-1,7,5,20,-1,5,17,20,-1,4,23,24,-1,6,25,4,-1,14,26,15,-1,27,28,29,-1,23,30,31,-1,4,32,23,-1,30,23,32,-1,25,33,4,-1,4,33,32,-1,34,15,26,-1,35,36,37,-1,38,36,35,-1,39,40,41,-1,25,42,33,-1,28,34,26,-1,43,44,45,-1,27,29,42,-1,34,28,27,-1,29,33,42,-1,25,44,42,-1,46,43,45,-1,44,39,45,-1,40,39,25,-1,44,25,39,-1,12,41,47,-1,47,41,40,-1,48,49,50,-1,48,50,51,-1,41,49,48,-1,41,12,49,-1,11,52,53,-1,12,52,49,-1,36,38,54,-1,54,38,10,-1,55,56,19,-1,9,11,53,-1,54,10,9,-1,52,12,53,-1,3,53,12,-1,19,56,3,-1,3,56,53,-1,19,57,55,-1,58,59,60,-1,61,58,60,-1,58,61,40,-1,61,47,40,-1,61,62,47,-1,61,60,63,-1,63,60,64,-1,63,64,65,-1,66,65,67,-1,63,65,66,-1,63,62,61,-1,68,69,66,-1,67,70,68,-1,68,66,67,-1,66,69,63,-1,69,71,63,-1,63,71,62,-1,72,59,69,-1,58,40,71,-1,58,69,59,-1,69,73,72,-1,58,71,69,-1,68,73,69,-1,73,68,70,-1,74,75,76,-1,77,78,76,-1,79,75,74,-1,64,76,78,-1,80,75,72,-1,81,75,80,-1,72,79,82,-1,60,82,83,-1,60,83,64,-1,72,82,59,-1,60,59,82,-1,72,75,79,-1,64,74,76,-1,83,74,64,-1,84,83,85,-1,83,84,74,-1,86,87,88,-1,89,65,90,-1,90,91,89,-1,84,89,88,-1,88,87,73,-1,70,92,73,-1,73,93,88,-1,93,73,92,-1,65,84,85,-1,84,65,89,-1,67,85,92,-1,65,85,67,-1,67,92,70,-1,88,93,84,-1,93,74,84,-1,74,93,79,-1,92,79,93,-1,79,92,82,-1,85,82,92,-1,82,85,83,-1,87,86,80,-1,72,73,87,-1,87,80,72,-1,80,86,81,-1,86,88,81,-1,81,88,75,-1,89,76,75,-1,89,75,88,-1,91,90,77,-1,76,89,91,-1,91,77,76,-1,77,90,78,-1,90,65,78,-1,78,65,64,-1,19,94,57,-1,95,94,19,-1,96,57,94,-1,57,96,55,-1,97,98,9,-1,99,54,98,-1,9,98,54,-1,36,99,100,-1,99,36,54,-1,9,53,97,-1,53,56,101,-1,101,97,53,-1,101,56,96,-1,56,55,96,-1,102,103,104,-1,104,105,106,-1,107,108,109,-1,110,102,109,-1,108,107,111,-1,111,107,112,-1,113,37,114,-1,113,115,112,-1,36,114,37,-1,36,100,114,-1,115,111,112,-1,114,115,113,-1,109,108,110,-1,103,105,104,-1,110,103,102,-1,105,116,106,-1,106,116,117,-1,117,116,118,-1,119,120,121,-1,117,122,121,-1,119,121,122,-1,118,122,117,-1,123,120,119,-1,124,123,125,-1,123,124,120,-1,124,125,126,-1,117,127,128,-1,129,124,126,-1,121,130,127,-1,130,120,131,-1,132,102,104,-1,106,128,133,-1,134,107,109,-1,109,135,134,-1,102,135,109,-1,134,136,107,-1,132,135,102,-1,104,106,133,-1,104,133,132,-1,117,128,106,-1,130,121,120,-1,121,127,117,-1,129,131,124,-1,124,131,120,-1,137,128,127,-1,127,130,138,-1,138,137,127,-1,130,139,138,-1,131,139,130,-1,140,131,129,-1,131,140,139,-1,140,129,141,-1,123,141,125,-1,138,118,137,-1,140,123,119,-1,123,140,141,-1,140,119,139,-1,122,139,119,-1,138,122,118,-1,122,138,139,-1,118,116,137,-1,110,142,103,-1,143,144,105,-1,108,145,146,-1,146,110,108,-1,142,110,146,-1,105,103,143,-1,143,103,142,-1,116,144,137,-1,105,144,116,-1,132,143,142,-1,147,148,149,-1,147,136,150,-1,142,135,132,-1,35,149,151,-1,38,35,151,-1,38,151,152,-1,148,147,150,-1,151,149,148,-1,150,136,145,-1,143,133,144,-1,145,134,146,-1,144,128,137,-1,128,144,133,-1,133,143,132,-1,134,135,146,-1,142,146,135,-1,145,136,134,-1,149,35,37,-1,136,112,107,-1,147,113,112,-1,149,113,147,-1,136,147,112,-1,37,113,149,-1,11,153,52,-1,154,11,10,-1,11,154,153,-1,152,154,10,-1,152,10,38,-1,153,155,52,-1,155,156,49,-1,49,52,155,-1,49,156,50,-1,156,157,50,-1,158,51,159,-1,48,51,158,-1,50,159,51,-1,159,50,157,-1,160,95,19,-1,19,18,160,-1,41,158,161,-1,41,48,158,-1,162,160,18,-1,18,3,162,-1,163,162,3,-1,3,0,163,-1,164,163,0,-1,0,21,164,-1,165,164,21,-1,21,16,165,-1,166,165,16,-1,16,17,166,-1,167,166,17,-1,17,22,167,-1,168,167,22,-1,22,5,168,-1,169,168,5,-1,5,4,169,-1,170,169,4,-1,4,24,170,-1,171,172,45,-1,45,39,171,-1,24,173,170,-1,24,23,173,-1,45,174,46,-1,172,174,45,-1,175,46,174,-1,46,175,43,-1,176,27,177,-1,34,176,178,-1,176,34,27,-1,15,34,178,-1,15,178,179,-1,27,42,177,-1,42,44,180,-1,180,177,42,-1,180,44,175,-1,44,43,175,-1,181,182,183,-1,183,184,185,-1,186,187,188,-1,189,181,188,-1,187,186,190,-1,190,186,191,-1,192,13,193,-1,192,194,191,-1,15,193,13,-1,15,179,193,-1,194,190,191,-1,193,194,192,-1,188,187,189,-1,182,184,183,-1,189,182,181,-1,184,195,185,-1,185,195,196,-1,196,195,197,-1,198,199,200,-1,196,201,200,-1,198,200,201,-1,197,201,196,-1,202,199,198,-1,203,202,204,-1,202,203,199,-1,203,204,205,-1,206,207,181,-1,203,208,199,-1,209,188,207,-1,181,207,188,-1,186,209,210,-1,209,186,188,-1,181,183,206,-1,183,185,211,-1,211,206,183,-1,211,185,212,-1,213,212,196,-1,185,196,212,-1,205,214,203,-1,214,208,203,-1,199,208,215,-1,200,199,215,-1,196,200,213,-1,200,215,213,-1,192,216,217,-1,210,191,186,-1,191,216,192,-1,13,217,14,-1,13,192,217,-1,210,216,191,-1,206,218,219,-1,216,220,217,-1,216,210,221,-1,219,207,206,-1,14,217,222,-1,26,14,222,-1,26,222,223,-1,220,216,221,-1,222,217,220,-1,221,210,224,-1,218,211,225,-1,224,209,226,-1,225,212,227,-1,212,225,211,-1,211,218,206,-1,209,207,226,-1,219,226,207,-1,224,210,209,-1,227,212,213,-1,213,215,228,-1,228,227,213,-1,215,229,228,-1,208,229,215,-1,230,208,214,-1,208,230,229,-1,230,214,231,-1,201,229,198,-1,227,197,195,-1,201,197,228,-1,182,189,219,-1,195,184,225,-1,226,189,187,-1,189,226,219,-1,219,218,182,-1,226,187,224,-1,184,182,218,-1,227,195,225,-1,225,184,218,-1,197,227,228,-1,230,198,229,-1,201,228,229,-1,202,230,231,-1,230,202,198,-1,202,231,204,-1,204,214,205,-1,214,204,231,-1,221,190,194,-1,224,190,221,-1,224,187,190,-1,221,194,220,-1,194,193,220,-1,220,193,222,-1,33,29,232,-1,28,233,29,-1,232,29,233,-1,223,28,26,-1,28,223,233,-1,232,234,33,-1,234,235,32,-1,32,33,234,-1,32,235,30,-1,235,236,30,-1,173,31,237,-1,23,31,173,-1,30,237,31,-1,237,30,236,-1,161,171,39,-1,39,41,161,-1,148,150,115,-1,114,151,148,-1,148,115,114,-1,115,150,111,-1,150,145,111,-1,111,145,108,-1,141,129,126,-1,126,125,141,-1,238,239,240,-1,241,242,243,-1,238,241,239,-1,241,244,242,-1,241,243,239,-1,245,242,244,-1,240,246,238,-1,240,247,246,-1,248,249,250,-1,246,247,248,-1,248,250,246,-1,250,249,251,-1,249,252,251,-1,251,252,253,-1,254,255,256,-1,256,257,254,-1,258,259,260,-1,261,260,259,-1,262,263,264,-1,263,261,264,-1,261,263,260,-1,259,258,265,-1,265,266,259,-1,266,267,259,-1,268,267,266,-1,269,259,267,-1,259,269,261,-1,261,269,270,-1,270,264,261,-1,271,272,270,-1,273,274,275,-1,267,268,274,-1,271,269,273,-1,273,267,274,-1,267,273,269,-1,269,271,270,-1,271,263,262,-1,262,272,271,-1,273,263,271,-1,263,273,260,-1,274,258,275,-1,265,258,274,-1,260,275,258,-1,275,260,273,-1,274,266,265,-1,274,268,266,-1,276,277,278,-1,278,279,276,-1,280,281,282,-1,281,283,282,-1,279,283,281,-1,278,283,279,-1,282,284,285,-1,280,282,285,-1,284,282,286,-1,287,288,286,-1,286,288,284,-1,289,290,288,-1,288,287,289,-1,291,292,293,-1,294,292,291,-1,295,293,292,-1,293,295,296,-1,297,296,295,-1,295,298,297,-1,299,300,301,-1,299,302,303,-1,302,299,301,-1,303,302,304,-1,305,301,300,-1,306,298,305,-1,305,300,306,-1,306,297,298,-1,307,303,304,-1,304,308,307,-1,309,310,311,-1,309,312,313,-1,312,309,311,-1,313,312,314,-1,315,311,310,-1,316,308,315,-1,315,310,316,-1,316,307,308,-1,314,317,313,-1,314,318,317,-1,317,319,320,-1,318,319,317,-1,321,320,319,-1,320,321,322,-1,323,322,321,-1,321,324,323,-1,325,326,327,-1,328,329,326,-1,327,326,329,-1,330,328,331,-1,328,330,329,-1,324,330,331,-1,324,331,323,-1,327,332,325,-1,333,332,334,-1,332,333,325,-1,334,335,336,-1,336,333,334,-1,336,335,337,-1,335,338,337,-1,339,340,341,-1,342,343,344,-1,345,344,346,-1,347,348,349,-1,338,348,337,-1,338,350,348,-1,348,350,349,-1,347,349,351,-1,339,352,340,-1,341,342,353,-1,346,344,343,-1,346,354,345,-1,355,352,347,-1,347,351,355,-1,355,340,352,-1,339,341,353,-1,344,353,342,-1,354,356,357,-1,357,345,354,-1,358,359,356,-1,357,356,359,-1,358,360,359,-1,361,362,363,-1,363,364,361,-1,365,364,363,-1,364,365,358,-1,365,360,358,-1,366,367,368,-1,369,370,371,-1,368,372,373,-1,373,366,368,-1,372,374,373,-1,375,374,372,-1,376,375,371,-1,375,376,374,-1,376,371,370,-1,377,378,379,-1,380,381,382,-1,360,383,359,-1,384,362,385,-1,383,386,359,-1,387,357,386,-1,359,386,357,-1,345,357,387,-1,345,388,344,-1,388,345,387,-1,353,344,389,-1,388,389,344,-1,390,339,353,-1,353,389,390,-1,360,391,383,-1,391,365,392,-1,365,391,360,-1,384,392,363,-1,365,363,392,-1,385,362,393,-1,384,363,362,-1,394,385,393,-1,377,395,378,-1,395,394,393,-1,395,377,394,-1,379,381,380,-1,378,381,379,-1,369,382,370,-1,380,382,369,-1,374,396,397,-1,398,373,397,-1,374,397,373,-1,366,373,398,-1,376,396,374,-1,399,376,370,-1,376,399,396,-1,399,370,400,-1,401,397,396,-1,399,402,396,-1,398,403,404,-1,400,405,399,-1,406,407,408,-1,409,410,400,-1,358,411,364,-1,412,413,414,-1,354,415,416,-1,416,356,354,-1,417,415,346,-1,354,346,415,-1,417,343,418,-1,343,417,346,-1,342,419,418,-1,418,343,342,-1,420,419,341,-1,342,341,419,-1,340,420,341,-1,356,416,421,-1,406,408,412,-1,421,411,358,-1,358,356,421,-1,364,411,422,-1,423,361,422,-1,364,422,361,-1,424,423,425,-1,423,424,361,-1,413,424,425,-1,414,413,425,-1,414,406,412,-1,407,410,409,-1,407,409,408,-1,405,400,410,-1,396,402,401,-1,402,399,405,-1,398,397,403,-1,403,397,401,-1,398,367,366,-1,367,398,404,-1,403,401,368,-1,404,403,367,-1,368,367,403,-1,368,401,372,-1,402,372,401,-1,375,402,405,-1,402,375,372,-1,375,405,371,-1,425,423,385,-1,371,405,410,-1,406,379,380,-1,385,414,425,-1,406,377,379,-1,410,369,371,-1,407,380,369,-1,407,406,380,-1,410,407,369,-1,394,377,406,-1,385,394,414,-1,394,406,414,-1,422,384,423,-1,423,384,385,-1,392,384,422,-1,422,411,392,-1,411,391,392,-1,390,389,419,-1,426,427,428,-1,420,390,419,-1,420,429,430,-1,430,390,420,-1,431,429,432,-1,431,432,433,-1,431,433,426,-1,427,426,433,-1,426,428,434,-1,429,431,430,-1,389,388,418,-1,389,418,419,-1,418,388,417,-1,387,415,388,-1,417,388,415,-1,416,387,386,-1,387,416,415,-1,386,383,421,-1,421,416,386,-1,421,383,411,-1,383,391,411,-1,348,347,431,-1,390,352,339,-1,347,430,431,-1,348,431,426,-1,390,430,352,-1,347,352,430,-1,435,436,437,-1,438,439,436,-1,437,436,439,-1,440,438,441,-1,438,440,439,-1,428,440,441,-1,428,441,434,-1,437,442,435,-1,443,442,444,-1,442,443,435,-1,444,445,446,-1,446,443,444,-1,446,445,447,-1,445,448,447,-1,448,291,447,-1,448,294,291,-1,432,355,351,-1,429,420,355,-1,429,355,432,-1,420,340,355,-1,351,433,432,-1,433,349,350,-1,351,349,433,-1,433,350,427,-1,393,362,413,-1,412,408,381,-1,408,382,381,-1,381,378,412,-1,370,382,409,-1,408,409,382,-1,370,409,400,-1,393,413,412,-1,412,378,395,-1,393,412,395,-1,361,424,362,-1,362,424,413,-1,449,450,451,-1,452,450,449,-1,453,451,450,-1,451,453,454,-1,455,456,454,-1,455,454,453,-1,457,458,459,-1,457,460,461,-1,460,457,459,-1,461,460,462,-1,463,459,458,-1,464,455,463,-1,463,458,464,-1,464,456,455,-1,465,466,461,-1,465,461,462,-1,467,468,469,-1,467,470,471,-1,470,467,469,-1,471,470,472,-1,473,469,468,-1,474,465,473,-1,473,468,474,-1,474,466,465,-1,475,471,472,-1,471,475,476,-1,476,477,478,-1,475,477,476,-1,479,478,477,-1,478,479,480,-1,481,482,480,-1,481,480,479,-1,483,484,485,-1,486,487,484,-1,485,484,487,-1,488,486,489,-1,486,488,487,-1,481,488,489,-1,481,489,482,-1,485,490,483,-1,491,490,492,-1,490,491,483,-1,492,493,494,-1,494,491,492,-1,494,493,495,-1,493,496,495,-1,497,498,499,-1,500,501,502,-1,503,504,501,-1,505,506,507,-1,495,496,507,-1,495,507,508,-1,507,506,508,-1,505,509,506,-1,497,499,510,-1,498,511,500,-1,504,502,501,-1,504,503,512,-1,513,505,510,-1,505,513,509,-1,513,510,499,-1,497,511,498,-1,501,500,511,-1,512,514,515,-1,514,512,503,-1,516,515,517,-1,514,517,515,-1,516,517,518,-1,519,520,521,-1,521,520,522,-1,523,520,519,-1,519,516,523,-1,516,518,523,-1,516,524,525,-1,526,527,528,-1,525,529,515,-1,515,516,525,-1,530,512,529,-1,515,529,512,-1,504,530,531,-1,530,504,512,-1,532,500,502,-1,502,504,531,-1,533,498,500,-1,500,532,533,-1,499,498,534,-1,533,534,498,-1,535,499,534,-1,532,502,531,-1,516,519,524,-1,521,536,519,-1,524,519,536,-1,537,521,538,-1,521,537,536,-1,539,537,538,-1,540,541,539,-1,539,538,540,-1,542,541,543,-1,540,543,541,-1,542,544,545,-1,544,542,543,-1,546,528,545,-1,545,544,546,-1,547,548,549,-1,546,526,528,-1,549,548,550,-1,551,550,548,-1,547,552,553,-1,549,552,547,-1,526,553,527,-1,553,552,527,-1,548,547,554,-1,551,548,555,-1,554,555,548,-1,554,547,556,-1,553,556,547,-1,557,553,526,-1,553,557,556,-1,557,526,558,-1,556,557,559,-1,554,560,555,-1,558,561,562,-1,562,557,558,-1,563,564,565,-1,566,567,568,-1,518,517,569,-1,569,570,518,-1,571,517,514,-1,517,571,569,-1,523,518,570,-1,571,514,572,-1,503,572,514,-1,573,574,501,-1,503,574,572,-1,575,573,511,-1,501,511,573,-1,497,576,575,-1,575,511,497,-1,503,501,574,-1,570,577,523,-1,578,520,577,-1,523,577,520,-1,578,579,522,-1,522,520,578,-1,580,579,581,-1,579,580,522,-1,580,581,565,-1,564,563,582,-1,565,581,563,-1,582,566,568,-1,568,564,582,-1,567,561,558,-1,567,566,561,-1,583,556,559,-1,562,559,557,-1,554,583,560,-1,583,554,556,-1,551,555,560,-1,560,550,551,-1,559,552,549,-1,550,583,549,-1,559,549,583,-1,560,583,550,-1,562,552,559,-1,527,562,561,-1,562,527,552,-1,527,561,528,-1,578,539,579,-1,581,579,541,-1,563,581,541,-1,541,579,539,-1,537,539,578,-1,561,566,545,-1,545,528,561,-1,582,542,566,-1,578,536,537,-1,582,563,541,-1,582,541,542,-1,566,542,545,-1,536,578,577,-1,577,524,536,-1,570,524,577,-1,524,570,525,-1,570,569,525,-1,576,534,575,-1,584,585,586,-1,535,534,576,-1,535,587,588,-1,587,535,576,-1,589,590,588,-1,589,591,590,-1,589,584,591,-1,586,591,584,-1,584,592,585,-1,588,587,589,-1,575,533,573,-1,575,534,533,-1,533,532,573,-1,574,573,531,-1,532,531,573,-1,530,572,574,-1,574,531,530,-1,572,529,571,-1,529,572,530,-1,529,525,571,-1,571,525,569,-1,506,509,590,-1,586,506,591,-1,506,590,591,-1,508,506,586,-1,509,588,590,-1,588,513,499,-1,509,513,588,-1,588,499,535,-1,593,594,595,-1,596,597,594,-1,595,594,597,-1,598,596,599,-1,596,598,597,-1,592,598,599,-1,592,599,585,-1,595,600,593,-1,601,600,602,-1,600,601,593,-1,602,603,604,-1,604,601,602,-1,604,603,605,-1,603,606,605,-1,452,605,606,-1,605,452,449,-1,505,507,584,-1,497,587,576,-1,510,589,587,-1,587,497,510,-1,510,505,589,-1,584,589,505,-1,521,522,538,-1,543,568,544,-1,544,567,546,-1,568,543,564,-1,580,540,522,-1,543,565,564,-1,540,538,522,-1,565,543,580,-1,540,580,543,-1,568,567,544,-1,558,546,567,-1,546,558,526,-1,607,608,609,-1,610,611,607,-1,607,609,610,-1,609,608,612,-1,608,613,612,-1,612,613,614,-1,615,616,617,-1,618,619,620,-1,619,615,617,-1,619,621,620,-1,622,623,621,-1,621,623,620,-1,615,619,618,-1,617,616,624,-1,624,614,617,-1,609,612,625,-1,626,610,627,-1,625,627,610,-1,627,628,626,-1,612,624,625,-1,610,609,625,-1,624,612,614,-1,629,630,631,-1,632,630,633,-1,629,633,630,-1,632,634,635,-1,634,632,633,-1,635,634,636,-1,637,629,631,-1,637,638,639,-1,638,637,631,-1,640,628,639,-1,639,638,640,-1,640,626,628,-1,641,635,636,-1,636,642,641,-1,643,644,645,-1,646,647,648,-1,649,650,651,-1,642,652,641,-1,652,642,646,-1,648,647,651,-1,652,646,648,-1,649,643,650,-1,647,649,651,-1,645,650,643,-1,653,645,644,-1,644,654,653,-1,655,656,657,-1,658,659,660,-1,661,662,663,-1,654,664,653,-1,664,654,658,-1,660,659,663,-1,664,658,660,-1,661,655,662,-1,659,661,663,-1,657,662,655,-1,656,665,657,-1,656,666,665,-1,667,668,669,-1,670,668,671,-1,667,671,668,-1,670,672,673,-1,672,670,671,-1,673,672,674,-1,675,667,669,-1,675,676,677,-1,676,675,669,-1,678,666,677,-1,677,676,678,-1,678,665,666,-1,673,674,679,-1,680,613,608,-1,681,682,683,-1,673,679,611,-1,611,679,684,-1,685,683,682,-1,686,685,682,-1,687,681,688,-1,613,680,689,-1,688,681,683,-1,682,689,686,-1,680,690,689,-1,686,689,690,-1,684,680,608,-1,611,684,607,-1,608,607,684,-1,613,617,614,-1,617,613,689,-1,619,682,621,-1,621,682,681,-1,689,682,619,-1,619,617,689,-1,681,622,621,-1,622,681,687,-1,691,692,693,-1,692,687,693,-1,691,694,692,-1,692,695,687,-1,696,695,697,-1,687,695,622,-1,622,695,698,-1,696,698,695,-1,699,696,697,-1,695,700,697,-1,699,697,700,-1,701,700,695,-1,702,696,699,-1,698,702,623,-1,702,698,696,-1,698,623,622,-1,703,704,705,-1,704,706,688,-1,703,706,704,-1,704,688,701,-1,699,701,702,-1,700,701,699,-1,701,688,623,-1,623,702,701,-1,620,623,683,-1,623,688,683,-1,685,686,618,-1,620,683,685,-1,685,618,620,-1,618,686,615,-1,686,690,615,-1,615,690,616,-1,690,680,624,-1,690,624,616,-1,684,625,680,-1,680,625,624,-1,627,625,684,-1,684,679,627,-1,691,703,705,-1,704,694,705,-1,691,705,694,-1,692,694,704,-1,693,703,691,-1,706,693,687,-1,693,706,703,-1,706,687,688,-1,692,704,701,-1,692,701,695,-1,
        ]
    }
}
Shape{
    appearance Appearance {
        material  Material 	{
            diffuseColor 0.8117647058823529 0.8117647058823529 0.8117647058823529
            specularColor 0.7529411764705882 0.7529411764705882 0.7529411764705882
            ambientIntensity 0.2
            transparency 0
            shininess 0.5
        }
    }
    geometry IndexedFaceSet {
        ccw TRUE
        solid FALSE
        coord DEF co Coordinate {
            point [
                3.2008 0.0859 -0.0394, 3.1417 0.0571 -0.0105, 3.1417 0.0859 -0.0394, 3.2008 0.0965 -0.0787, 3.1417 0.0965 -0.0787, 3.2008 0.0571 -0.0105, 3.1417 0.0177 0.0, 3.2008 0.0177 0.0, 3.1417 0.0965 -1.4685, 3.2008 0.0965 -1.4685, 3.1417 0.3327 -1.7047, 3.2008 0.3327 -1.7047, 3.2008 0.2597 -1.6932, 3.2008 0.1938 -1.6596, 3.1417 0.2597 -1.6932, 3.2008 0.1416 -1.6074, 3.1417 0.1938 -1.6596, 3.1417 0.1416 -1.6074, 3.2008 0.108 -1.5415, 3.1417 0.108 -1.5415, 3.1417 0.4057 -1.6932, 3.2008 0.4057 -1.6932, 3.1417 0.4715 -1.6596, 3.1417 0.5238 -1.6074, 3.2008 0.4715 -1.6596, 3.1417 0.5573 -1.5415, 3.2008 0.5238 -1.6074, 3.2008 0.5573 -1.5415, 3.1417 0.5689 -1.4685, 3.2008 0.5689 -1.4685, 3.1417 0.5689 -0.0787, 3.2008 0.5689 -0.0787, 3.1417 0.5794 -0.0394, 3.2008 0.6083 -0.0105, 3.2008 0.5794 -0.0394, 3.1417 0.6083 -0.0105, 3.2008 0.6476 0.0, 3.1417 0.6476 0.0, 3.1417 0.7486 0.0, 3.1417 0.7765 -0.0115, 3.2008 0.7765 -0.0115, 3.2008 0.7486 0.0, 3.2008 0.788 -0.0394, 3.1417 0.788 -0.0394, 3.1302 0.788 -0.0475, 3.1024 0.788 -0.0591, 3.1902 0.788 -0.0787, 3.1614 0.788 -0.1076, 3.1417 0.788 -0.0197, 2.9252 0.788 -0.1181, 3.122 0.788 -0.1181, 2.9252 0.788 -0.0591, 3.1614 1.3392 -0.1076, 3.1902 1.3392 -0.0787, 3.122 1.3392 -0.1181, 3.2008 1.3392 -0.0394, 2.9252 1.3392 -0.1181, 2.9252 1.3392 -0.0591, 3.1024 1.3392 -0.0591, 3.1302 1.3392 -0.0475, 3.1417 1.3392 -0.0197, 3.1417 1.3392 -0.0394, 3.2008 1.3786 0.0, 3.2008 1.3507 -0.0115, 3.1417 1.3507 -0.0115, 3.1417 1.3786 0.0, 2.8858 0.7986 -0.0591, 2.8465 0.8668 -0.0591, 2.857 0.8274 -0.0591, 2.8465 1.2605 -0.0591, 2.8858 1.3286 -0.0591, 2.857 1.2998 -0.0591, 2.8858 1.3286 -0.1181, 2.857 1.2998 -0.1181, 2.8465 1.2605 -0.1181, 2.8465 0.8668 -0.1181, 2.857 0.8274 -0.1181, 2.8858 0.7986 -0.1181, 2.8858 0.7986 -0.1181
            ]
        }
        coordIndex [
            0,1,2,-1,3,0,2,-1,3,2,4,-1,0,5,1,-1,1,5,6,-1,5,7,6,-1,8,9,3,-1,3,4,8,-1,10,11,12,-1,13,14,12,-1,10,12,14,-1,13,15,16,-1,16,14,13,-1,17,15,18,-1,15,17,16,-1,9,19,18,-1,17,18,19,-1,8,19,9,-1,20,11,10,-1,21,20,22,-1,20,21,11,-1,23,24,22,-1,21,22,24,-1,23,25,26,-1,26,24,23,-1,27,25,28,-1,25,27,26,-1,27,28,29,-1,29,28,30,-1,30,31,29,-1,32,33,34,-1,30,32,34,-1,30,34,31,-1,32,35,33,-1,33,35,36,-1,35,37,36,-1,38,39,40,-1,41,38,40,-1,42,40,39,-1,39,43,42,-1,44,42,43,-1,44,45,46,-1,45,47,46,-1,48,44,43,-1,49,50,45,-1,45,51,49,-1,50,47,45,-1,44,46,42,-1,52,53,47,-1,50,54,52,-1,52,47,50,-1,47,53,46,-1,53,55,46,-1,46,55,42,-1,56,57,58,-1,59,60,61,-1,55,59,61,-1,56,58,54,-1,59,55,53,-1,59,53,58,-1,54,58,52,-1,53,52,58,-1,62,63,64,-1,65,62,64,-1,61,64,63,-1,63,55,61,-1,44,59,45,-1,45,59,58,-1,60,59,44,-1,44,48,60,-1,66,67,68,-1,51,45,58,-1,51,67,66,-1,57,69,67,-1,57,70,69,-1,51,57,67,-1,69,70,71,-1,51,58,57,-1,72,73,70,-1,57,56,72,-1,72,70,57,-1,70,73,71,-1,73,74,71,-1,71,74,69,-1,75,67,69,-1,75,69,74,-1,76,77,68,-1,67,75,76,-1,76,68,67,-1,68,77,66,-1,77,49,66,-1,66,49,51,-1,75,77,76,-1,56,74,72,-1,74,56,75,-1,49,77,75,-1,72,74,73,-1,56,54,49,-1,75,56,49,-1,54,50,49,-1,
        ]
    }
}
Shape{
    appearance Appearance {
        material  Material 	{
            diffuseColor 0.9098039215686274 0.9098039215686274 0.9098039215686274
            specularColor 0.7529411764705882 0.7529411764705882 0.7529411764705882
            ambientIntensity 0.2
            transparency 0
            shininess 0.5
        }
    }
    geometry IndexedFaceSet {
        ccw TRUE
        solid FALSE
        coord DEF co Coordinate {
            point [
                3.1061 2.4699 3.1337, 3.1848 2.1582 3.1337, 3.2159 2.2503 3.1337, 3.0864 2.4699 3.1337, 3.0864 2.1582 3.1337, 3.2126 2.1697 3.1337, 3.2242 2.1975 3.1337, 3.2242 2.2151 3.1337, 3.2221 2.2331 3.1337, 3.2221 2.2331 2.0434, 3.2242 2.2151 2.0434, 3.2159 2.2503 2.0434, 3.1061 2.4699 2.0434, 3.0864 2.4699 2.0434, 3.2242 2.1975 2.0434, 3.2126 2.1697 2.0434, 3.1848 2.1582 2.0434, 3.0864 2.1582 2.0434, 3.0864 2.1582 2.0434
            ]
        }
        coordIndex [
            0,1,2,-1,0,3,4,-1,4,1,0,-1,2,1,5,-1,5,6,7,-1,2,5,8,-1,7,8,5,-1,7,9,8,-1,10,9,7,-1,11,8,9,-1,8,11,2,-1,2,12,0,-1,12,2,11,-1,12,3,0,-1,3,12,13,-1,10,14,15,-1,12,11,16,-1,16,11,15,-1,13,12,17,-1,12,16,17,-1,9,10,11,-1,11,10,15,-1,1,17,16,-1,17,1,4,-1,14,5,15,-1,6,5,14,-1,1,15,5,-1,15,1,16,-1,6,14,10,-1,6,10,7,-1,
        ]
    }
}