#VRML V2.0 utf8
# 3D model generated by easyeda2kicad.py (https://github.com/uPesy/easyeda2kicad.py)

Shape{
    appearance Appearance {
        material  Material 	{
            diffuseColor 0.7529411764705882 0.7529411764705882 0.0
            specularColor 0.3764705882352941 0.3764705882352941 0.0
            ambientIntensity 0.2
            transparency 0
            shininess 0.5
        }
    }
    geometry IndexedFaceSet {
        ccw TRUE
        solid FALSE
        coord DEF co Coordinate {
            point [
                -1.5748 -0.0402 0.062, -1.1811 -0.0402 0.062, -1.1811 0.0037 0.0751, -1.5748 0.0037 0.0751, -1.1811 0.0488 0.0831, -1.5748 0.0488 0.0831, -1.1811 0.0945 0.0858, -1.5748 0.0945 0.0858, -1.5748 0.0945 -0.0324, -1.1811 0.0945 -0.0324, -1.5748 0.0625 -0.0342, -1.1811 0.0625 -0.0342, -1.5748 0.0309 -0.0398, -1.1811 0.0309 -0.0398, -1.5748 0.0002 -0.049, -1.1811 0.0002 -0.049, -1.5748 -0.6771 -0.2955, -1.1811 -0.6771 -0.2955, -1.1811 -0.7216 -0.3085, -1.5748 -0.7216 -0.3085, -1.1811 -0.7674 -0.3155, -1.5748 -0.7674 -0.3155, -1.1811 -0.8137 -0.3165, -1.5748 -0.8137 -0.3165, -1.1811 -0.8598 -0.3115, -1.5748 -0.8598 -0.3115, -1.1811 -0.9048 -0.3005, -1.5748 -0.9048 -0.3005, -1.1811 -0.948 -0.2837, -1.5748 -0.948 -0.2837, -1.1811 -0.9886 -0.2614, -1.5748 -0.9886 -0.2614, -1.1811 -1.026 -0.234, -1.5748 -1.026 -0.234, -1.5748 -1.2992 -0.0047, -1.1811 -1.2992 -0.0047, -1.5748 -1.2233 0.0858, -1.1811 -1.2233 0.0858, -1.5748 -0.9501 -0.1435, -1.1811 -0.9501 -0.1435, -1.5748 -0.9164 -0.1671, -1.1811 -0.9164 -0.1671, -1.5748 -0.879 -0.1845, -1.1811 -0.879 -0.1845, -1.5748 -0.8393 -0.1952, -1.1811 -0.8393 -0.1952, -1.5748 -0.7983 -0.1987, -1.1811 -0.7983 -0.1987, -1.5748 -0.7572 -0.1952, -1.1811 -0.7572 -0.1952, -1.5748 -0.7175 -0.1845, -1.1811 -0.7175 -0.1845, -0.5906 -0.0402 0.062, -0.1969 -0.0402 0.062, -0.1969 0.0037 0.0751, -0.5906 0.0037 0.0751, -0.1969 0.0488 0.0831, -0.5906 0.0488 0.0831, -0.1969 0.0945 0.0858, -0.5906 0.0945 0.0858, -0.5906 0.0945 -0.0324, -0.1969 0.0945 -0.0324, -0.5906 0.0625 -0.0342, -0.1969 0.0625 -0.0342, -0.5906 0.0309 -0.0398, -0.1969 0.0309 -0.0398, -0.5906 0.0002 -0.049, -0.1969 0.0002 -0.049, -0.5906 -0.6771 -0.2955, -0.1969 -0.6771 -0.2955, -0.1969 -0.7216 -0.3085, -0.5906 -0.7216 -0.3085, -0.1969 -0.7674 -0.3155, -0.5906 -0.7674 -0.3155, -0.1969 -0.8137 -0.3165, -0.5906 -0.8137 -0.3165, -0.1969 -0.8598 -0.3115, -0.5906 -0.8598 -0.3115, -0.1969 -0.9048 -0.3005, -0.5906 -0.9048 -0.3005, -0.1969 -0.948 -0.2837, -0.5906 -0.948 -0.2837, -0.1969 -0.9886 -0.2614, -0.5906 -0.9886 -0.2614, -0.1969 -1.026 -0.234, -0.5906 -1.026 -0.234, -0.5906 -1.2992 -0.0047, -0.1969 -1.2992 -0.0047, -0.5906 -1.2233 0.0858, -0.1969 -1.2233 0.0858, -0.5906 -0.9501 -0.1435, -0.1969 -0.9501 -0.1435, -0.5906 -0.9164 -0.1671, -0.1969 -0.9164 -0.1671, -0.5906 -0.879 -0.1845, -0.1969 -0.879 -0.1845, -0.5906 -0.8393 -0.1952, -0.1969 -0.8393 -0.1952, -0.5906 -0.7983 -0.1987, -0.1969 -0.7983 -0.1987, -0.5906 -0.7572 -0.1952, -0.1969 -0.7572 -0.1952, -0.5906 -0.7175 -0.1845, -0.1969 -0.7175 -0.1845, 0.5906 0.0945 0.0858, 0.1969 0.0945 0.0858, 0.1969 0.0488 0.0831, 0.5906 0.0488 0.0831, 0.1969 0.0037 0.0751, 0.5906 0.0037 0.0751, 0.1969 -0.0402 0.062, 0.5906 -0.0402 0.062, 0.5906 0.0945 -0.0324, 0.1969 0.0945 -0.0324, 0.5906 0.0002 -0.049, 0.1969 0.0002 -0.049, 0.5906 0.0309 -0.0398, 0.1969 0.0309 -0.0398, 0.5906 0.0625 -0.0342, 0.1969 0.0625 -0.0342, 0.5906 -0.6771 -0.2955, 0.1969 -0.6771 -0.2955, 0.5906 -1.026 -0.234, 0.1969 -1.026 -0.234, 0.1969 -0.9886 -0.2614, 0.5906 -0.9886 -0.2614, 0.1969 -0.948 -0.2837, 0.5906 -0.948 -0.2837, 0.1969 -0.9048 -0.3005, 0.5906 -0.9048 -0.3005, 0.1969 -0.8598 -0.3115, 0.5906 -0.8598 -0.3115, 0.1969 -0.8137 -0.3165, 0.5906 -0.8137 -0.3165, 0.1969 -0.7674 -0.3155, 0.5906 -0.7674 -0.3155, 0.1969 -0.7216 -0.3085, 0.5906 -0.7216 -0.3085, 0.5906 -1.2992 -0.0047, 0.1969 -1.2992 -0.0047, 0.5906 -1.2233 0.0858, 0.1969 -1.2233 0.0858, 0.5906 -0.9501 -0.1435, 0.1969 -0.9501 -0.1435, 0.5906 -0.7175 -0.1845, 0.1969 -0.7175 -0.1845, 0.5906 -0.7572 -0.1952, 0.1969 -0.7572 -0.1952, 0.5906 -0.7983 -0.1987, 0.1969 -0.7983 -0.1987, 0.5906 -0.8393 -0.1952, 0.1969 -0.8393 -0.1952, 0.5906 -0.879 -0.1845, 0.1969 -0.879 -0.1845, 0.5906 -0.9164 -0.1671, 0.1969 -0.9164 -0.1671, 1.5748 0.0945 0.0858, 1.1811 0.0945 0.0858, 1.1811 0.0488 0.0831, 1.5748 0.0488 0.0831, 1.1811 0.0037 0.0751, 1.5748 0.0037 0.0751, 1.1811 -0.0402 0.062, 1.5748 -0.0402 0.062, 1.5748 0.0945 -0.0324, 1.1811 0.0945 -0.0324, 1.5748 0.0002 -0.049, 1.1811 0.0002 -0.049, 1.5748 0.0309 -0.0398, 1.1811 0.0309 -0.0398, 1.5748 0.0625 -0.0342, 1.1811 0.0625 -0.0342, 1.5748 -0.6771 -0.2955, 1.1811 -0.6771 -0.2955, 1.5748 -1.026 -0.234, 1.1811 -1.026 -0.234, 1.1811 -0.9886 -0.2614, 1.5748 -0.9886 -0.2614, 1.1811 -0.948 -0.2837, 1.5748 -0.948 -0.2837, 1.1811 -0.9048 -0.3005, 1.5748 -0.9048 -0.3005, 1.1811 -0.8598 -0.3115, 1.5748 -0.8598 -0.3115, 1.1811 -0.8137 -0.3165, 1.5748 -0.8137 -0.3165, 1.1811 -0.7674 -0.3155, 1.5748 -0.7674 -0.3155, 1.1811 -0.7216 -0.3085, 1.5748 -0.7216 -0.3085, 1.5748 -1.2992 -0.0047, 1.1811 -1.2992 -0.0047, 1.5748 -1.2233 0.0858, 1.1811 -1.2233 0.0858, 1.5748 -0.9501 -0.1435, 1.1811 -0.9501 -0.1435, 1.5748 -0.7175 -0.1845, 1.1811 -0.7175 -0.1845, 1.5748 -0.7572 -0.1952, 1.1811 -0.7572 -0.1952, 1.5748 -0.7983 -0.1987, 1.1811 -0.7983 -0.1987, 1.5748 -0.8393 -0.1952, 1.1811 -0.8393 -0.1952, 1.5748 -0.879 -0.1845, 1.1811 -0.879 -0.1845, 1.5748 -0.9164 -0.1671, 1.1811 -0.9164 -0.1671, 1.1811 -0.9164 -0.1671
            ]
        }
        coordIndex [
            0,1,2,-1,0,2,3,-1,3,2,4,-1,3,4,5,-1,5,4,6,-1,5,6,7,-1,8,7,9,-1,9,7,6,-1,8,9,10,-1,10,9,11,-1,10,11,12,-1,12,11,13,-1,12,13,14,-1,14,13,15,-1,16,14,17,-1,17,14,15,-1,16,17,18,-1,16,18,19,-1,19,18,20,-1,19,20,21,-1,21,20,22,-1,21,22,23,-1,23,22,24,-1,23,24,25,-1,25,24,26,-1,25,26,27,-1,27,26,28,-1,27,28,29,-1,29,28,30,-1,29,30,31,-1,31,30,32,-1,31,32,33,-1,34,33,35,-1,35,33,32,-1,36,34,37,-1,37,34,35,-1,38,36,39,-1,39,36,37,-1,38,39,40,-1,40,39,41,-1,40,41,42,-1,42,41,43,-1,42,43,44,-1,44,43,45,-1,44,45,46,-1,46,45,47,-1,46,47,48,-1,48,47,49,-1,48,49,50,-1,50,49,51,-1,0,50,1,-1,1,50,51,-1,34,36,33,-1,33,36,38,-1,33,38,31,-1,31,38,40,-1,31,40,29,-1,29,40,42,-1,48,21,46,-1,46,21,23,-1,46,23,44,-1,44,23,25,-1,44,25,42,-1,42,25,27,-1,42,27,29,-1,7,8,5,-1,5,8,10,-1,5,10,3,-1,3,10,12,-1,3,12,0,-1,0,12,14,-1,0,14,50,-1,50,14,16,-1,50,16,48,-1,48,16,19,-1,48,19,21,-1,37,35,39,-1,39,35,32,-1,39,32,41,-1,9,6,11,-1,11,6,4,-1,11,4,13,-1,13,4,2,-1,13,2,15,-1,15,2,1,-1,15,1,17,-1,17,1,51,-1,17,51,18,-1,18,51,49,-1,18,49,20,-1,20,49,47,-1,32,30,41,-1,41,30,28,-1,41,28,43,-1,43,28,26,-1,43,26,45,-1,45,26,24,-1,45,24,47,-1,47,24,22,-1,47,22,20,-1,52,53,54,-1,52,54,55,-1,55,54,56,-1,55,56,57,-1,57,56,58,-1,57,58,59,-1,60,59,61,-1,61,59,58,-1,60,61,62,-1,62,61,63,-1,62,63,64,-1,64,63,65,-1,64,65,66,-1,66,65,67,-1,68,66,69,-1,69,66,67,-1,68,69,70,-1,68,70,71,-1,71,70,72,-1,71,72,73,-1,73,72,74,-1,73,74,75,-1,75,74,76,-1,75,76,77,-1,77,76,78,-1,77,78,79,-1,79,78,80,-1,79,80,81,-1,81,80,82,-1,81,82,83,-1,83,82,84,-1,83,84,85,-1,86,85,87,-1,87,85,84,-1,88,86,89,-1,89,86,87,-1,90,88,91,-1,91,88,89,-1,90,91,92,-1,92,91,93,-1,92,93,94,-1,94,93,95,-1,94,95,96,-1,96,95,97,-1,96,97,98,-1,98,97,99,-1,98,99,100,-1,100,99,101,-1,100,101,102,-1,102,101,103,-1,52,102,53,-1,53,102,103,-1,86,88,85,-1,85,88,90,-1,85,90,83,-1,83,90,92,-1,83,92,81,-1,81,92,94,-1,100,73,98,-1,98,73,75,-1,98,75,96,-1,96,75,77,-1,96,77,94,-1,94,77,79,-1,94,79,81,-1,59,60,57,-1,57,60,62,-1,57,62,55,-1,55,62,64,-1,55,64,52,-1,52,64,66,-1,52,66,102,-1,102,66,68,-1,102,68,100,-1,100,68,71,-1,100,71,73,-1,89,87,91,-1,91,87,84,-1,91,84,93,-1,61,58,63,-1,63,58,56,-1,63,56,65,-1,65,56,54,-1,65,54,67,-1,67,54,53,-1,67,53,69,-1,69,53,103,-1,69,103,70,-1,70,103,101,-1,70,101,72,-1,72,101,99,-1,84,82,93,-1,93,82,80,-1,93,80,95,-1,95,80,78,-1,95,78,97,-1,97,78,76,-1,97,76,99,-1,99,76,74,-1,99,74,72,-1,104,105,106,-1,104,106,107,-1,107,106,108,-1,107,108,109,-1,109,108,110,-1,109,110,111,-1,104,112,105,-1,105,112,113,-1,114,115,116,-1,116,115,117,-1,116,117,118,-1,118,117,119,-1,118,119,112,-1,112,119,113,-1,114,120,115,-1,115,120,121,-1,122,123,124,-1,122,124,125,-1,125,124,126,-1,125,126,127,-1,127,126,128,-1,127,128,129,-1,129,128,130,-1,129,130,131,-1,131,130,132,-1,131,132,133,-1,133,132,134,-1,133,134,135,-1,135,134,136,-1,135,136,137,-1,137,136,121,-1,137,121,120,-1,122,138,123,-1,123,138,139,-1,138,140,139,-1,139,140,141,-1,140,142,141,-1,141,142,143,-1,144,145,146,-1,146,145,147,-1,146,147,148,-1,148,147,149,-1,148,149,150,-1,150,149,151,-1,150,151,152,-1,152,151,153,-1,152,153,154,-1,154,153,155,-1,154,155,142,-1,142,155,143,-1,144,111,145,-1,145,111,110,-1,140,138,142,-1,142,138,122,-1,142,122,154,-1,112,104,118,-1,118,104,107,-1,118,107,116,-1,116,107,109,-1,116,109,114,-1,114,109,111,-1,114,111,120,-1,120,111,144,-1,120,144,137,-1,137,144,146,-1,137,146,135,-1,135,146,148,-1,122,125,154,-1,154,125,127,-1,154,127,152,-1,152,127,129,-1,152,129,150,-1,150,129,131,-1,150,131,148,-1,148,131,133,-1,148,133,135,-1,139,141,123,-1,123,141,143,-1,123,143,124,-1,124,143,155,-1,124,155,126,-1,126,155,153,-1,147,134,149,-1,149,134,132,-1,149,132,151,-1,151,132,130,-1,151,130,153,-1,153,130,128,-1,153,128,126,-1,105,113,106,-1,106,113,119,-1,106,119,108,-1,108,119,117,-1,108,117,110,-1,110,117,115,-1,110,115,145,-1,145,115,121,-1,145,121,147,-1,147,121,136,-1,147,136,134,-1,156,157,158,-1,156,158,159,-1,159,158,160,-1,159,160,161,-1,161,160,162,-1,161,162,163,-1,156,164,157,-1,157,164,165,-1,166,167,168,-1,168,167,169,-1,168,169,170,-1,170,169,171,-1,170,171,164,-1,164,171,165,-1,166,172,167,-1,167,172,173,-1,174,175,176,-1,174,176,177,-1,177,176,178,-1,177,178,179,-1,179,178,180,-1,179,180,181,-1,181,180,182,-1,181,182,183,-1,183,182,184,-1,183,184,185,-1,185,184,186,-1,185,186,187,-1,187,186,188,-1,187,188,189,-1,189,188,173,-1,189,173,172,-1,174,190,175,-1,175,190,191,-1,190,192,191,-1,191,192,193,-1,192,194,193,-1,193,194,195,-1,196,197,198,-1,198,197,199,-1,198,199,200,-1,200,199,201,-1,200,201,202,-1,202,201,203,-1,202,203,204,-1,204,203,205,-1,204,205,206,-1,206,205,207,-1,206,207,194,-1,194,207,195,-1,196,163,197,-1,197,163,162,-1,192,190,194,-1,194,190,174,-1,194,174,206,-1,164,156,170,-1,170,156,159,-1,170,159,168,-1,168,159,161,-1,168,161,166,-1,166,161,163,-1,166,163,172,-1,172,163,196,-1,172,196,189,-1,189,196,198,-1,189,198,187,-1,187,198,200,-1,174,177,206,-1,206,177,179,-1,206,179,204,-1,204,179,181,-1,204,181,202,-1,202,181,183,-1,202,183,200,-1,200,183,185,-1,200,185,187,-1,191,193,175,-1,175,193,195,-1,175,195,176,-1,176,195,207,-1,176,207,178,-1,178,207,205,-1,199,186,201,-1,201,186,184,-1,201,184,203,-1,203,184,182,-1,203,182,205,-1,205,182,180,-1,205,180,178,-1,157,165,158,-1,158,165,171,-1,158,171,160,-1,160,171,169,-1,160,169,162,-1,162,169,167,-1,162,167,197,-1,197,167,173,-1,197,173,199,-1,199,173,188,-1,199,188,186,-1,
        ]
    }
}
Shape{
    appearance Appearance {
        material  Material 	{
            diffuseColor 0.6666666666666666 0.6666666666666666 0.6666666666666666
            specularColor 0.4666666666666667 0.4666666666666667 0.4666666666666667
            ambientIntensity 0.2
            transparency 0
            shininess 0.5
        }
    }
    geometry IndexedFaceSet {
        ccw TRUE
        solid FALSE
        coord DEF co Coordinate {
            point [
                -3.0709 2.6083 -1.5157, -3.0709 2.6083 -1.6339, -3.0709 2.4114 -1.5157, -3.0709 2.4114 -1.6339, -3.0709 1.624 -1.6339, -3.0709 1.624 -1.5157, -3.0709 1.8209 -1.6339, -3.0709 1.8209 -1.5157, -2.5787 2.6083 -1.122, -2.5787 2.6673 -1.122, -2.5787 2.6083 -0.8071, -2.5787 2.6673 -0.0591, -2.5787 2.5492 -0.8071, -2.5787 2.5492 -0.0591, 3.0709 2.6083 -1.6339, 3.0709 2.6083 -1.5157, 3.0709 2.4114 -1.6339, 3.0709 2.4114 -1.5157, 2.5787 1.9103 -1.1194, 2.5787 1.8913 -1.1115, 2.5787 1.624 -1.4764, 2.5787 1.6135 -0.8465, 2.5787 1.8546 -1.0637, 2.5787 1.601 -0.8301, 2.5787 1.852 -1.0433, 2.5787 1.852 -0.0591, 2.5787 -0.1744 -0.3009, 2.5787 -0.1863 -0.3103, 2.5787 1.2133 -0.8654, 2.5787 -2.9035 0.9252, 2.5787 -1.3884 0.2148, 2.5787 -1.364 0.2611, 2.5787 -1.3293 0.3002, 2.5787 -1.2861 0.3298, 2.5787 -1.2371 0.3482, 2.5787 -0.2305 0.5925, 2.5787 -0.2153 0.5942, 2.5787 2.5492 0.9252, 2.5787 -0.2003 0.5919, 2.5787 2.5492 -0.0591, 2.5787 2.6083 -1.4764, 2.5787 2.6083 -1.122, 2.5787 1.9307 -1.122, 2.5787 1.875 -1.099, 2.5787 1.8625 -1.0827, 2.5787 1.624 -0.8858, 2.5787 1.6213 -0.8654, 2.5787 -0.2153 -0.3186, 2.5787 -0.2305 -0.3169, 2.5787 -2.9035 -0.9252, 2.5787 -1.2371 -0.0726, 2.5787 -1.2861 -0.0542, 2.5787 -1.3293 -0.0246, 2.5787 -1.364 0.0145, 2.5787 -1.3884 0.0608, 2.5787 -1.401 0.1116, 2.5787 -1.401 0.164, 2.5787 -0.1793 -0.2137, 2.5787 -0.1701 -0.223, 2.5787 1.2212 -0.8465, 2.5787 -0.1632 -0.2342, 2.5787 -0.1589 -0.2465, 2.5787 1.25 -0.8176, 2.5787 1.269 -0.8098, 2.5787 -0.1744 0.5765, 2.5787 1.2894 -0.8071, 2.5787 -0.2003 -0.3163, 2.5787 1.2106 -0.8858, 2.5787 1.2106 -0.9252, 2.5787 -0.1575 -0.2595, 2.5787 -0.1594 -0.2746, 2.5787 -0.1652 -0.2887, 2.5787 -0.1903 -0.2066, 2.5787 -0.1575 0.5351, 2.5787 -0.2015 -0.2024, 2.5787 1.2337 -0.8301, 2.5787 -0.1652 0.5643, 2.5787 -0.1594 0.5502, 2.5787 1.5453 -0.8071, 2.5787 1.5657 -0.8098, 2.5787 1.5846 -0.8176, 2.5787 -0.1589 0.5221, 2.5787 -0.1632 0.5098, 2.5787 -0.1701 0.4986, 2.5787 -0.1793 0.4893, 2.5787 -0.1903 0.4822, 2.5787 -0.2015 0.478, 2.5787 -0.1863 0.5859, 2.2638 2.5689 1.122, 1.8701 2.5689 1.122, 2.2638 2.5492 1.122, 1.8701 2.5492 1.122, -0.6044 -2.3701 1.122, -0.6204 -2.3819 1.122, 0.5835 -2.3367 1.122, -2.3819 2.5492 1.122, -2.3819 -2.9035 1.122, -2.2638 2.5492 1.122, -1.8701 2.5492 1.122, -2.2638 2.5689 1.122, -1.8701 2.5689 1.122, 1.7418 -2.3819 1.122, 1.7233 -2.3892 1.122, 2.3819 -2.9035 1.122, 1.7036 -2.3917 1.122, 0.6586 -2.3917 1.122, 0.6389 -2.3892 1.122, 0.6204 -2.3819 1.122, -0.6586 -2.3917 1.122, 0.6044 -2.3701 1.122, -0.6389 -2.3892 1.122, -1.7526 -0.2874 1.122, -1.74 -0.3028 1.122, -0.6222 -0.3028 1.122, -1.7317 -0.3208 1.122, 1.74 -0.3028 1.122, 0.5554 -0.2657 1.122, 1.7317 -0.3208 1.122, 0.5751 -0.2683 1.122, 0.5936 -0.2756 1.122, 0.6096 -0.2874 1.122, 0.6222 -0.3028 1.122, -0.5835 -2.3367 1.122, -0.5918 -2.3547 1.122, 0.4768 -0.3486 1.122, 1.7823 -2.3171 1.122, 1.7787 -2.3367 1.122, 0.5918 -2.3547 1.122, -1.8249 -0.2679 1.122, -1.8068 -0.2657 1.122, -1.7871 -0.2683 1.122, -1.7686 -0.2756 1.122, 0.3937 2.5689 1.122, -0.3937 2.5689 1.122, 0.3937 2.5492 1.122, -0.3937 2.5492 1.122, 0.634 -0.3404 1.122, 0.6824 -1.2635 1.122, 1.6798 -1.2635 1.122, 1.7704 -2.3547 1.122, 1.7578 -2.3701 1.122, -0.6096 -0.2874 1.122, -0.5936 -0.2756 1.122, -0.5751 -0.2683 1.122, -0.5554 -0.2657 1.122, -1.7578 -2.3701 1.122, -1.7418 -2.3819 1.122, -1.7233 -2.3892 1.122, 0.6305 -0.3208 1.122, 1.7282 -0.3404 1.122, -1.7036 -2.3917 1.122, -1.7704 -2.3547 1.122, -1.7787 -2.3367 1.122, -1.7823 -2.3171 1.122, 2.3819 2.5492 1.122, 1.8068 -0.2657 1.122, 0.5799 -2.3171 1.122, -1.6798 -1.2635 1.122, -0.6824 -1.2635 1.122, -1.7282 -0.3404 1.122, -0.634 -0.3404 1.122, -0.6305 -0.3208 1.122, -1.8854 -0.3486 1.122, -1.8843 -0.3304 1.122, -1.879 -0.313 1.122, -1.8698 -0.2973 1.122, -1.8573 -0.284 1.122, -1.842 -0.2741 1.122, 1.8854 -0.3486 1.122, 1.8843 -0.3304 1.122, -0.5373 -0.2679 1.122, -0.5202 -0.2741 1.122, -0.505 -0.284 1.122, -0.4779 -0.3304 1.122, -0.4768 -0.3486 1.122, -0.5799 -2.3171 1.122, 0.4779 -0.3304 1.122, 0.4832 -0.313 1.122, 0.4924 -0.2973 1.122, 1.8249 -0.2679 1.122, 1.842 -0.2741 1.122, 1.8573 -0.284 1.122, 1.8698 -0.2973 1.122, 1.879 -0.313 1.122, -0.4924 -0.2973 1.122, -0.4832 -0.313 1.122, 0.5373 -0.2679 1.122, 1.7526 -0.2874 1.122, 1.7686 -0.2756 1.122, 1.7871 -0.2683 1.122, 0.505 -0.284 1.122, 0.5202 -0.2741 1.122, -2.2638 2.5689 1.0039, -1.8701 2.5689 1.0039, -2.2638 2.5492 1.0039, -1.8701 2.5492 1.0039, 1.8701 2.5689 1.0039, 2.2638 2.5689 1.0039, 1.8701 2.5492 1.0039, 2.2638 2.5492 1.0039, -0.3937 2.5689 1.0039, 0.3937 2.5689 1.0039, -0.3937 2.5492 1.0039, 0.3937 2.5492 1.0039, 1.7871 -0.2683 1.0039, 1.7686 -0.2756 1.0039, 0.5936 -0.2756 1.0039, 1.7317 -0.3208 1.0039, 0.6096 -0.2874 1.0039, 0.6222 -0.3028 1.0039, 1.7526 -0.2874 1.0039, 1.74 -0.3028 1.0039, 0.5554 -0.2657 1.0039, 0.5751 -0.2683 1.0039, 1.8068 -0.2657 1.0039, 1.8249 -0.2679 1.0039, -2.3819 -2.9035 1.0039, -1.7787 -2.3367 1.0039, -1.7704 -2.3547 1.0039, 1.879 -0.313 1.0039, 1.8698 -0.2973 1.0039, 1.6781 -1.2961 1.0039, 0.6841 -1.2961 1.0039, 1.7282 -0.3404 1.0039, 0.634 -0.3404 1.0039, 0.6305 -0.3208 1.0039, -1.7578 -2.3701 1.0039, -1.7418 -2.3819 1.0039, -1.7233 -2.3892 1.0039, 1.7704 -2.3547 1.0039, 1.7787 -2.3367 1.0039, 2.3819 -2.9035 1.0039, 1.7823 -2.3171 1.0039, 2.3819 2.5492 1.0039, 1.8854 -0.3486 1.0039, 1.8843 -0.3304 1.0039, -1.8068 -0.2657 1.0039, -1.8249 -0.2679 1.0039, -2.3819 2.5492 1.0039, -1.8698 -0.2973 1.0039, -1.879 -0.313 1.0039, -0.5918 -2.3547 1.0039, -0.6044 -2.3701 1.0039, -0.6204 -2.3819 1.0039, 1.8573 -0.284 1.0039, 1.842 -0.2741 1.0039, -1.842 -0.2741 1.0039, -1.8573 -0.284 1.0039, -0.5936 -0.2756 1.0039, -0.6096 -0.2874 1.0039, -1.74 -0.3028 1.0039, -0.6222 -0.3028 1.0039, -1.7317 -0.3208 1.0039, -1.7871 -0.2683 1.0039, -1.7686 -0.2756 1.0039, 1.7036 -2.3917 1.0039, 1.7233 -2.3892 1.0039, -1.8843 -0.3304 1.0039, -1.8854 -0.3486 1.0039, -1.7823 -2.3171 1.0039, 1.7418 -2.3819 1.0039, 1.7578 -2.3701 1.0039, -1.7036 -2.3917 1.0039, -0.6586 -2.3917 1.0039, -0.6389 -2.3892 1.0039, -0.634 -0.3404 1.0039, -0.6841 -1.2961 1.0039, -1.6781 -1.2961 1.0039, -0.6305 -0.3208 1.0039, -1.7282 -0.3404 1.0039, 0.6044 -2.3701 1.0039, 0.6204 -2.3819 1.0039, 0.6389 -2.3892 1.0039, 0.6586 -2.3917 1.0039, 0.5373 -0.2679 1.0039, 0.5202 -0.2741 1.0039, -0.5202 -0.2741 1.0039, -0.5373 -0.2679 1.0039, -0.5554 -0.2657 1.0039, -1.7526 -0.2874 1.0039, -0.5751 -0.2683 1.0039, 0.4924 -0.2973 1.0039, -0.4779 -0.3304 1.0039, 0.505 -0.284 1.0039, -0.4832 -0.313 1.0039, -0.4924 -0.2973 1.0039, -0.505 -0.284 1.0039, 0.4832 -0.313 1.0039, 0.4779 -0.3304 1.0039, -0.4768 -0.3486 1.0039, 0.4768 -0.3486 1.0039, -0.5799 -2.3171 1.0039, 0.5799 -2.3171 1.0039, -0.5835 -2.3367 1.0039, 0.5835 -2.3367 1.0039, 0.5918 -2.3547 1.0039, -1.3293 0.7776 -1.122, -1.3293 1.2106 -1.122, -0.5545 1.2106 -1.122, -0.634 -0.3404 -1.122, -0.6824 -1.2635 -1.122, -1.3293 -1.2635 -1.122, -0.2065 0.7776 -1.122, -0.2065 0.3791 -1.122, -0.2449 0.7116 -1.122, -0.2449 0.7548 -1.122, -0.2868 0.772 -1.122, -0.3266 0.7776 -1.122, -0.3027 0.3791 -1.122, -0.2904 0.3799 -1.122, -0.2449 0.3923 -1.122, -0.2449 0.4451 -1.122, -0.2892 0.4261 -1.122, -0.2519 0.7155 -1.122, -0.3371 0.4199 -1.122, -0.3758 0.4242 -1.122, -0.4053 0.4349 -1.122, -0.4325 0.4531 -1.122, -0.4563 0.4793 -1.122, -0.4849 0.5825 -1.122, -0.4809 0.6251 -1.122, -0.4702 0.659 -1.122, -0.3826 0.7326 -1.122, -0.3459 0.7368 -1.122, -0.4113 0.7221 -1.122, -0.4355 0.7058 -1.122, -0.454 0.6863 -1.122, -0.2937 0.731 -1.122, -0.4726 0.5097 -1.122, -0.483 0.5519 -1.122, -0.2065 0.0555 -1.122, -0.3375 0.3767 -1.122, -0.4715 0.7416 -1.122, -0.5011 0.7104 -1.122, -0.5545 0.7776 -1.122, -0.5545 0.3791 -1.122, -0.4939 0.4484 -1.122, -0.4583 0.4142 -1.122, -0.3763 0.7776 -1.122, -0.4017 0.7749 -1.122, -0.4399 0.7618 -1.122, -0.5377 0.5857 -1.122, -0.5321 0.5298 -1.122, -0.517 0.4852 -1.122, -0.4209 0.3926 -1.122, -0.3771 0.3799 -1.122, -0.3669 0.3791 -1.122, -0.5221 0.673 -1.122, -0.5339 0.6313 -1.122, -0.3424 0.7798 -1.122, -0.2065 1.2106 -1.122, -0.5545 0.0555 -1.122, -0.5545 -0.2658 -1.122, -0.5554 -0.2657 -1.122, -0.6222 -0.3028 -1.122, -0.6305 -0.3208 -1.122, -1.3293 0.0555 -1.122, -0.5751 -0.2683 -1.122, -0.5936 -0.2756 -1.122, -0.6096 -0.2874 -1.122, -0.505 -0.284 -1.122, -0.5202 -0.2741 -1.122, -0.4768 -0.3486 -1.122, -0.4779 -0.3304 -1.122, -0.5373 -0.2679 -1.122, -0.5545 -1.8323 -1.122, -0.4832 -0.313 -1.122, -0.4924 -0.2973 -1.122, -0.5545 -2.9035 -1.122, -0.6389 -2.3892 -1.122, -0.6204 -2.3819 -1.122, -0.6044 -2.3701 -1.122, -0.5918 -2.3547 -1.122, -0.5835 -2.3367 -1.122, -0.5799 -2.3171 -1.122, -0.2065 -2.9035 -1.122, -1.7282 -0.3404 -1.122, -1.7317 -0.3208 -1.122, -1.6798 -1.2635 -1.122, -1.7418 -2.3819 -1.122, -1.7233 -2.3892 -1.122, -2.3819 -2.9035 -1.122, -1.3293 -2.9035 -1.122, -1.74 -0.3028 -1.122, -1.7526 -0.2874 -1.122, -1.7686 -0.2756 -1.122, -1.7036 -2.3917 -1.122, -1.3293 -2.3917 -1.122, -0.6586 -2.3917 -1.122, -1.7787 -2.3367 -1.122, -1.7704 -2.3547 -1.122, -1.7578 -2.3701 -1.122, -1.842 -0.2741 -1.122, -1.8573 -0.284 -1.122, -2.3819 0.0555 -1.122, -1.8698 -0.2973 -1.122, -1.879 -0.313 -1.122, -1.7871 -0.2683 -1.122, -1.8068 -0.2657 -1.122, -1.8249 -0.2679 -1.122, -1.8843 -0.3304 -1.122, -1.8854 -0.3486 -1.122, -1.7823 -2.3171 -1.122, 0.7634 0.7752 -1.122, 0.7236 0.6647 -1.122, 0.5609 0.6647 -1.122, 0.4712 0.7607 -1.122, 0.6146 0.3815 -1.122, 0.4712 0.3791 -1.122, 0.6674 0.3815 -1.122, 0.5233 0.7752 -1.122, 0.4712 0.7776 -1.122, 0.821 0.7752 -1.122, 2.3819 0.7776 -1.122, 2.3819 0.3791 -1.122, 0.4513 0.3791 -1.122, 0.4513 0.7776 -1.122, 0.4657 0.7752 -1.122, 0.4712 0.7752 -1.122, -2.3819 1.2106 -1.122, -2.3819 0.7776 -1.122, -2.3819 0.3791 -1.122, -1.3293 0.3791 -1.122, -0.5713 0.7752 -1.122, -0.773 0.7752 -1.122, -0.5713 0.732 -1.122, -0.7202 0.732 -1.122, -0.7202 0.3815 -1.122, -0.773 0.3815 -1.122, -0.3532 0.78 -1.122, 0.0336 0.3815 -1.122, 0.0816 0.3791 -1.122, 0.0336 0.4247 -1.122, 0.0432 0.732 -1.122, 0.0816 0.7776 -1.122, 0.0432 0.7752 -1.122, -0.168 0.7752 -1.122, -0.168 0.3815 -1.122, -0.1152 0.5975 -1.122, -0.1152 0.732 -1.122, 0.024 0.5975 -1.122, 0.024 0.5543 -1.122, -0.1152 0.5543 -1.122, -0.1152 0.4247 -1.122, 0.2311 0.3815 -1.122, 0.288 0.3875 -1.122, 0.3341 0.4037 -1.122, 0.3769 0.4324 -1.122, 0.4173 0.6673 -1.122, 0.3947 0.7025 -1.122, 0.3623 0.7335 -1.122, 0.3212 0.7574 -1.122, 0.3773 0.4328 -1.122, 0.4052 0.4637 -1.122, 0.4235 0.4975 -1.122, 0.2758 0.7709 -1.122, 0.2271 0.7752 -1.122, 0.12 0.7752 -1.122, 0.12 0.3815 -1.122, 0.4341 0.5363 -1.122, 0.4369 0.5734 -1.122, 0.4314 0.6261 -1.122, 0.5799 -2.3171 -1.122, 0.5835 -2.3367 -1.122, 0.4712 -2.9035 -1.122, 0.5918 -2.3547 -1.122, 0.6044 -2.3701 -1.122, 0.6204 -2.3819 -1.122, 1.8068 -0.2657 -1.122, 1.7871 -0.2683 -1.122, 2.3819 0.0555 -1.122, 0.5936 -0.2756 -1.122, 0.5751 -0.2683 -1.122, 0.4712 0.0555 -1.122, 0.5554 -0.2657 -1.122, 0.5373 -0.2679 -1.122, 1.7233 -2.3892 -1.122, 1.7418 -2.3819 -1.122, 2.3819 -2.9035 -1.122, 1.7578 -2.3701 -1.122, 1.7704 -2.3547 -1.122, 1.7686 -0.2756 -1.122, 1.7526 -0.2874 -1.122, 0.6222 -0.3028 -1.122, 1.74 -0.3028 -1.122, 1.7317 -0.3208 -1.122, 0.5202 -0.2741 -1.122, 0.505 -0.284 -1.122, 0.4924 -0.2973 -1.122, 0.4832 -0.313 -1.122, 0.4779 -0.3304 -1.122, 0.4768 -0.3486 -1.122, 0.6389 -2.3892 -1.122, 0.6586 -2.3917 -1.122, 1.7036 -2.3917 -1.122, 0.0816 0.0555 -1.122, 0.0816 -2.9035 -1.122, 0.4513 0.0555 -1.122, 0.4513 -2.9035 -1.122, 0.6096 -0.2874 -1.122, 1.8843 -0.3304 -1.122, 1.879 -0.313 -1.122, 1.8698 -0.2973 -1.122, 1.8573 -0.284 -1.122, 1.842 -0.2741 -1.122, 1.8249 -0.2679 -1.122, 1.6798 -1.2635 -1.122, 0.6824 -1.2635 -1.122, 1.7282 -0.3404 -1.122, 0.634 -0.3404 -1.122, 0.6305 -0.3208 -1.122, 1.7787 -2.3367 -1.122, 1.7823 -2.3171 -1.122, 1.8854 -0.3486 -1.122, 0.0816 1.2106 -1.122, 0.4513 1.2106 -1.122, 0.4712 1.2106 -1.122, 2.3819 1.2106 -1.122, 2.4606 1.2106 -0.8858, 2.4606 1.2106 -0.9252, 2.4606 -2.9035 -0.9252, 2.4606 2.6083 -0.8071, 2.4606 2.6083 -1.4764, 2.4606 2.5492 -0.8071, 2.4606 1.624 -1.4764, 2.4606 1.624 -0.8858, 2.4606 -0.2223 0.473, 2.4606 1.25 -0.8176, 2.4606 1.2337 -0.8301, 2.4606 1.5453 -0.8071, 2.4606 1.2894 -0.8071, 2.4606 1.269 -0.8098, 2.4606 -0.1594 0.5502, 2.4606 -0.1652 0.5643, 2.4606 2.5492 0.9252, 2.4606 -0.1744 0.5765, 2.4606 -0.1863 0.5859, 2.4606 -0.2003 -0.3163, 2.4606 -0.1863 -0.3103, 2.4606 1.2212 -0.8465, 2.4606 -1.2371 0.3482, 2.4606 -1.2861 0.3298, 2.4606 -2.9035 0.9252, 2.4606 -1.3293 0.3002, 2.4606 -1.364 0.2611, 2.4606 -1.3884 0.0608, 2.4606 -1.364 0.0145, 2.4606 -1.3293 -0.0246, 2.4606 -0.2026 0.4777, 2.4606 1.5846 -0.8176, 2.4606 1.5657 -0.8098, 2.4606 -0.2153 -0.3186, 2.4606 -0.1744 -0.3009, 2.4606 -0.1652 -0.2887, 2.4606 -0.1594 -0.2746, 2.4606 -0.1575 -0.2595, 2.4606 -0.2003 0.5919, 2.4606 -0.2153 0.5942, 2.4606 -0.2305 0.5925, 2.4606 -1.3884 0.2148, 2.4606 -1.401 0.164, 2.4606 -1.401 0.1116, 2.4606 -0.1903 0.4822, 2.4606 -0.1793 0.4893, 2.4606 -0.1701 0.4986, 2.4606 -0.1793 -0.2137, 2.4606 -0.1903 -0.2066, 2.4606 -0.2026 -0.2022, 2.4606 -0.2223 -0.1974, 2.4606 1.2133 -0.8654, 2.4606 -1.2371 -0.0726, 2.4606 -1.2861 -0.0542, 2.4606 -0.2305 -0.3169, 2.4606 1.6213 -0.8654, 2.4606 1.6135 -0.8465, 2.4606 1.601 -0.8301, 2.4606 -0.1589 -0.2465, 2.4606 -0.1632 -0.2342, 2.4606 -0.1701 -0.223, 2.4606 -0.1632 0.5098, 2.4606 -0.1589 0.5221, 2.4606 -0.1575 0.5351, -2.3819 -2.9035 -1.0039, -1.7233 -2.3892 -1.0039, -1.7418 -2.3819 -1.0039, 1.7787 -2.3367 -1.0039, 1.7704 -2.3547 -1.0039, 2.3819 -2.9035 -1.0039, 1.7578 -2.3701 -1.0039, 1.7418 -2.3819 -1.0039, 1.7233 -2.3892 -1.0039, 1.7036 -2.3917 -1.0039, 0.6586 -2.3917 -1.0039, -2.3819 1.2106 -1.0039, 1.7686 -0.2756 -1.0039, 2.3819 1.2106 -1.0039, 1.7871 -0.2683 -1.0039, 0.6389 -2.3892 -1.0039, -0.6586 -2.3917 -1.0039, -1.7036 -2.3917 -1.0039, -0.5918 -2.3547 -1.0039, -0.6044 -2.3701 -1.0039, 1.7317 -0.3208 -1.0039, 1.74 -0.3028 -1.0039, 1.7526 -0.2874 -1.0039, -1.8068 -0.2657 -1.0039, -1.7871 -0.2683 -1.0039, 1.8068 -0.2657 -1.0039, 1.8249 -0.2679 -1.0039, 1.842 -0.2741 -1.0039, -0.6204 -2.3819 -1.0039, -0.6389 -2.3892 -1.0039, -1.7282 -0.3404 -1.0039, -1.6781 -1.2961 -1.0039, -0.6841 -1.2961 -1.0039, -1.7578 -2.3701 -1.0039, -1.7704 -2.3547 -1.0039, -1.7787 -2.3367 -1.0039, 0.6096 -0.2874 -1.0039, 0.6222 -0.3028 -1.0039, -0.634 -0.3404 -1.0039, -0.6305 -0.3208 -1.0039, -1.7317 -0.3208 -1.0039, -0.6222 -0.3028 -1.0039, -0.6096 -0.2874 -1.0039, 1.8573 -0.284 -1.0039, 1.8698 -0.2973 -1.0039, 1.879 -0.313 -1.0039, -1.8249 -0.2679 -1.0039, -0.5835 -2.3367 -1.0039, 0.6204 -2.3819 -1.0039, -0.5799 -2.3171 -1.0039, 0.6044 -2.3701 -1.0039, 0.5918 -2.3547 -1.0039, 0.5936 -0.2756 -1.0039, -0.5936 -0.2756 -1.0039, -0.5751 -0.2683 -1.0039, -0.5554 -0.2657 -1.0039, 1.8843 -0.3304 -1.0039, 1.8854 -0.3486 -1.0039, 1.7823 -2.3171 -1.0039, 0.634 -0.3404 -1.0039, 0.6841 -1.2961 -1.0039, 1.6781 -1.2961 -1.0039, -1.879 -0.313 -1.0039, -1.8698 -0.2973 -1.0039, -0.5373 -0.2679 -1.0039, 0.6305 -0.3208 -1.0039, 1.7282 -0.3404 -1.0039, -1.8573 -0.284 -1.0039, -1.842 -0.2741 -1.0039, 0.5751 -0.2683 -1.0039, 0.5554 -0.2657 -1.0039, -0.5202 -0.2741 -1.0039, -1.7686 -0.2756 -1.0039, -1.7526 -0.2874 -1.0039, -1.74 -0.3028 -1.0039, -0.505 -0.284 -1.0039, 0.5202 -0.2741 -1.0039, 0.5373 -0.2679 -1.0039, -1.7823 -2.3171 -1.0039, -1.8854 -0.3486 -1.0039, -1.8843 -0.3304 -1.0039, 0.4924 -0.2973 -1.0039, 0.505 -0.284 -1.0039, -0.4832 -0.313 -1.0039, -0.4924 -0.2973 -1.0039, 0.5835 -2.3367 -1.0039, 0.5799 -2.3171 -1.0039, -0.4768 -0.3486 -1.0039, 0.4768 -0.3486 -1.0039, -0.4779 -0.3304 -1.0039, 0.4779 -0.3304 -1.0039, 0.4832 -0.313 -1.0039, -2.4606 1.25 -0.8176, -2.4606 1.269 -0.8098, -2.4606 -0.1744 0.5765, -2.4606 2.6083 -1.4764, -2.4606 2.6083 -0.8071, -2.4606 1.624 -1.4764, -2.4606 2.5492 -0.8071, -2.4606 1.624 -0.8858, -2.4606 1.6213 -0.8654, -2.4606 1.5453 -0.8071, -2.4606 1.5657 -0.8098, -2.4606 2.5492 0.9252, -2.4606 -0.1863 0.5859, -2.4606 1.5846 -0.8176, -2.4606 1.601 -0.8301, -2.4606 1.6135 -0.8465, -2.4606 -0.2026 0.4777, -2.4606 -0.2223 0.473, -2.4606 -0.2223 -0.1974, -2.4606 -0.1863 -0.3103, -2.4606 1.2133 -0.8654, -2.4606 -0.1744 -0.3009, -2.4606 -0.1652 -0.2887, -2.4606 -1.2371 0.3482, -2.4606 -0.2305 0.5925, -2.4606 -2.9035 0.9252, -2.4606 -0.2153 0.5942, -2.4606 -0.2003 0.5919, -2.4606 1.2894 -0.8071, -2.4606 -0.1594 -0.2746, -2.4606 1.2212 -0.8465, -2.4606 -0.1575 -0.2595, -2.4606 -1.3884 0.2148, -2.4606 -1.364 0.2611, -2.4606 1.2337 -0.8301, -2.4606 -0.1652 0.5643, -2.4606 -0.1594 0.5502, -2.4606 -0.1575 0.5351, -2.4606 -0.1701 0.4986, -2.4606 -0.1793 0.4893, -2.4606 -0.1903 0.4822, -2.4606 -0.2153 -0.3186, -2.4606 -0.2305 -0.3169, -2.4606 -2.9035 -0.9252, -2.4606 -1.3293 -0.0246, -2.4606 -1.364 0.0145, -2.4606 -1.3884 0.0608, -2.4606 -1.401 0.1116, -2.4606 -1.401 0.164, -2.4606 -1.3293 0.3002, -2.4606 -1.2861 0.3298, -2.4606 -0.1589 0.5221, -2.4606 -0.1632 0.5098, -2.4606 -1.2371 -0.0726, -2.4606 -1.2861 -0.0542, -2.4606 -0.1701 -0.223, -2.4606 -0.1632 -0.2342, -2.4606 -0.1589 -0.2465, -2.4606 -0.2003 -0.3163, -2.4606 1.2106 -0.8858, -2.4606 1.2106 -0.9252, -2.4606 -0.2026 -0.2022, -2.4606 -0.1903 -0.2066, -2.4606 -0.1793 -0.2137, -2.5787 1.2106 -0.8858, -2.5787 1.2106 -0.9252, -2.5787 -2.9035 -0.9252, -2.5787 2.5492 0.9252, -2.5787 1.852 -0.0591, -2.5787 1.624 -0.8858, -2.5787 1.6213 -0.8654, -2.5787 1.624 -1.4764, -2.5787 1.875 -1.099, -2.5787 1.8913 -1.1115, -2.5787 1.852 -1.0433, -2.5787 1.8546 -1.0637, -2.5787 1.8625 -1.0827, -2.5787 1.2212 -0.8465, -2.5787 1.2133 -0.8654, -2.5787 -1.2371 -0.0726, -2.5787 1.5657 -0.8098, -2.5787 1.5453 -0.8071, -2.5787 -0.2015 0.478, -2.5787 2.6083 -1.4764, -2.5787 1.9307 -1.122, -2.5787 1.9103 -1.1194, -2.5787 1.2894 -0.8071, -2.5787 1.269 -0.8098, -2.5787 1.25 -0.8176, -2.5787 -0.2003 -0.3163, -2.5787 -0.1863 -0.3103, -2.5787 1.2337 -0.8301, -2.5787 -0.1575 0.5351, -2.5787 -0.1594 0.5502, -2.5787 -0.1652 0.5643, -2.5787 -0.1744 0.5765, -2.5787 -0.2153 -0.3186, -2.5787 -1.401 0.1116, -2.5787 -1.401 0.164, -2.5787 -2.9035 0.9252, -2.5787 -1.3884 0.2148, -2.5787 -1.364 0.2611, -2.5787 -1.3884 0.0608, -2.5787 -1.364 0.0145, -2.5787 -1.3293 -0.0246, -2.5787 1.5846 -0.8176, -2.5787 -0.1903 0.4822, -2.5787 -0.1793 0.4893, -2.5787 -0.2305 -0.3169, -2.5787 -0.1744 -0.3009, -2.5787 -0.1652 -0.2887, -2.5787 -0.1594 -0.2746, -2.5787 -0.1575 -0.2595, -2.5787 -1.2371 0.3482, -2.5787 -1.2861 0.3298, -2.5787 -1.3293 0.3002, -2.5787 1.6135 -0.8465, -2.5787 1.601 -0.8301, -2.5787 -0.2015 -0.2024, -2.5787 -0.1903 -0.2066, -2.5787 -0.1793 -0.2137, -2.5787 -0.1863 0.5859, -2.5787 -0.2003 0.5919, -2.5787 -0.2153 0.5942, -2.5787 -0.2305 0.5925, -2.5787 -1.2861 -0.0542, -2.5787 -0.1701 0.4986, -2.5787 -0.1632 0.5098, -2.5787 -0.1589 0.5221, -2.5787 -0.1589 -0.2465, -2.5787 -0.1632 -0.2342, -2.5787 -0.1701 -0.223, -2.5787 2.6673 0.7283, -2.5787 2.7854 -0.0591, -2.5787 2.7854 0.7283, 2.5787 2.7854 0.7283, 2.5787 2.6673 0.7283, 2.5787 2.7854 -0.0591, 2.5787 2.6673 -0.0591, 2.2244 2.6673 -1.122, 2.2244 2.7854 -1.122, 2.5787 2.6673 -1.122, 2.5787 2.7854 -1.122, 2.6093 2.7814 -1.122, 2.6378 2.7696 -1.122, 2.6623 2.7508 -1.122, 2.6969 1.9307 -1.122, 2.6969 2.6673 -1.122, 2.6928 2.6979 -1.122, 2.681 2.7264 -1.122, -2.2638 2.6673 0.7283, 2.2638 2.6673 0.7283, 2.2638 2.6673 0.9055, 1.8701 2.6673 0.9055, 1.9094 2.6673 -0.8071, 1.8701 2.6673 0.7283, -1.9094 2.6673 -0.8071, 0.3937 2.6673 0.9055, -0.3937 2.6673 0.9055, 0.3937 2.6673 0.7283, -0.3937 2.6673 0.7283, -1.8701 2.6673 0.7283, -1.8701 2.6673 0.9055, -2.2638 2.6673 0.9055, -2.2244 2.6673 -1.122, 1.8701 2.7854 0.7283, 1.8701 2.7854 0.9055, 2.2638 2.7854 0.9055, -1.9094 2.7854 -0.8071, -2.2244 2.7854 -1.122, -2.5787 2.7854 -1.122, -2.2638 2.7854 0.7283, -2.2638 2.7854 0.9055, -1.8701 2.7854 0.9055, -1.8701 2.7854 0.7283, -0.3937 2.7854 0.7283, 1.9094 2.7854 -0.8071, 2.2638 2.7854 0.7283, -0.3937 2.7854 0.9055, 0.3937 2.7854 0.9055, 0.3937 2.7854 0.7283, -2.2638 2.78 0.9537, -1.8701 2.78 0.9537, -2.2638 2.764 0.9995, -1.8701 2.764 0.9995, -2.2638 2.7382 1.0405, -1.8701 2.7382 1.0405, -2.2638 2.7039 1.0748, -1.8701 2.7039 1.0748, -2.2638 2.6628 1.1006, -1.8701 2.6628 1.1006, -2.2638 2.6171 1.1166, -1.8701 2.6171 1.1166, -0.3937 2.78 0.9537, 0.3937 2.78 0.9537, -0.3937 2.764 0.9995, 0.3937 2.764 0.9995, -0.3937 2.7382 1.0405, 0.3937 2.7382 1.0405, -0.3937 2.7039 1.0748, 0.3937 2.7039 1.0748, -0.3937 2.6628 1.1006, 0.3937 2.6628 1.1006, -0.3937 2.6171 1.1166, 0.3937 2.6171 1.1166, -1.8701 2.5908 1.0015, -2.2638 2.5908 1.0015, -1.8701 2.6116 0.9942, -2.2638 2.6116 0.9942, -1.8701 2.6303 0.9825, -2.2638 2.6303 0.9825, -1.8701 2.6458 0.9669, -2.2638 2.6458 0.9669, -1.8701 2.6576 0.9482, -2.2638 2.6576 0.9482, -1.8701 2.6649 0.9274, -2.2638 2.6649 0.9274, 0.3937 2.5908 1.0015, -0.3937 2.5908 1.0015, 0.3937 2.6116 0.9942, -0.3937 2.6116 0.9942, 0.3937 2.6303 0.9825, -0.3937 2.6303 0.9825, 0.3937 2.6458 0.9669, -0.3937 2.6458 0.9669, 0.3937 2.6576 0.9482, -0.3937 2.6576 0.9482, 0.3937 2.6649 0.9274, -0.3937 2.6649 0.9274, 1.8701 2.78 0.9537, 2.2638 2.78 0.9537, 1.8701 2.764 0.9995, 2.2638 2.764 0.9995, 1.8701 2.7382 1.0405, 2.2638 2.7382 1.0405, 1.8701 2.7039 1.0748, 2.2638 2.7039 1.0748, 1.8701 2.6628 1.1006, 2.2638 2.6628 1.1006, 1.8701 2.6171 1.1166, 2.2638 2.6171 1.1166, 2.2638 2.5908 1.0015, 1.8701 2.5908 1.0015, 2.2638 2.6116 0.9942, 1.8701 2.6116 0.9942, 2.2638 2.6303 0.9825, 1.8701 2.6303 0.9825, 2.2638 2.6458 0.9669, 1.8701 2.6458 0.9669, 2.2638 2.6576 0.9482, 1.8701 2.6576 0.9482, 2.2638 2.6649 0.9274, 1.8701 2.6649 0.9274, 2.5787 2.5492 -0.8071, 2.4023 2.5492 1.0013, 2.4328 2.5492 1.1153, 2.4213 2.5492 0.9934, 2.4803 2.5492 1.0957, 2.4376 2.5492 0.9809, 2.5211 2.5492 1.0644, 2.4501 2.5492 0.9646, 2.5524 2.5492 1.0236, 2.4579 2.5492 0.9456, 2.572 2.5492 0.9761, -2.4328 2.5492 1.1153, -2.4023 2.5492 1.0013, -2.4803 2.5492 1.0957, -2.4213 2.5492 0.9934, -2.5211 2.5492 1.0644, -2.4376 2.5492 0.9809, -2.5524 2.5492 1.0236, -2.4501 2.5492 0.9646, -2.572 2.5492 0.9761, -2.4579 2.5492 0.9456, 0.6871 -1.3518 -0.9809, 0.6944 -1.4921 -0.8405, 1.6751 -1.3518 -0.9809, 1.6678 -1.4921 -0.8405, 0.7804 -2.0638 -1.0358, 0.8082 -2.0735 -1.0414, 0.7199 -1.9791 -0.9869, 0.838 -2.0768 -1.0433, 0.7044 -1.6822 -0.8155, 1.6578 -1.6822 -0.8155, 1.5242 -2.0768 -1.0433, 1.6423 -1.9791 -0.9869, 1.554 -2.0735 -1.0414, 1.5818 -2.0638 -1.0358, 0.7251 -2.0047 -1.0017, 0.7375 -2.0283 -1.0153, 0.7563 -2.0484 -1.0269, 1.6059 -2.0484 -1.0269, 1.6247 -2.0283 -1.0153, 1.6371 -2.0047 -1.0017, 0.6974 -1.5486 -0.9022, 0.6883 -1.3749 -1.0759, 1.6648 -1.5486 -0.9022, 1.6739 -1.3749 -1.0759, 1.584 -2.0221 -1.1082, 1.5561 -2.0317 -1.1137, 1.6445 -1.9374 -1.0593, 1.5264 -2.035 -1.1156, 1.6599 -1.6436 -0.8897, 0.7023 -1.6436 -0.8897, 0.8358 -2.035 -1.1156, 0.7177 -1.9374 -1.0593, 0.8061 -2.0317 -1.1137, 0.7782 -2.0221 -1.1082, 0.7541 -2.0067 -1.0993, 0.7353 -1.9865 -1.0876, 0.7229 -1.9629 -1.074, 1.6393 -1.9629 -1.074, 1.6269 -1.9865 -1.0876, 1.6081 -2.0067 -1.0993, 0.7014 -1.6247 -0.8818, 0.7024 -1.6442 -0.7998, 0.7003 -1.6043 -0.8791, 0.7002 -1.6035 -0.7944, 0.6992 -1.5839 -0.8818, 0.6981 -1.5627 -0.7998, 0.6982 -1.5649 -0.8897, 0.6961 -1.5247 -0.8155, 0.6864 -1.3399 -0.9907, 0.687 -1.351 -1.0955, 0.6857 -1.3263 -0.9979, 0.6856 -1.3238 -1.1101, 0.6849 -1.3115 -1.0024, 0.684 -1.2942 -1.119, 1.6752 -1.351 -1.0955, 1.6765 -1.3263 -0.9979, 1.6773 -1.3115 -1.0024, 1.6766 -1.3238 -1.1101, 1.6598 -1.6442 -0.7998, 1.6608 -1.6247 -0.8818, 1.662 -1.6035 -0.7944, 1.6619 -1.6043 -0.8791, 1.6641 -1.5627 -0.7998, 1.663 -1.5839 -0.8818, 1.6661 -1.5247 -0.8155, 1.664 -1.5649 -0.8897, 1.6758 -1.3399 -0.9907, 1.6782 -1.2942 -1.119, 0.6883 -1.3749 1.0759, 0.6974 -1.5486 0.9022, 1.6739 -1.3749 1.0759, 1.6648 -1.5486 0.9022, 0.7782 -2.0221 1.1082, 0.8061 -2.0317 1.1137, 0.7177 -1.9374 1.0593, 0.8358 -2.035 1.1156, 0.7023 -1.6436 0.8897, 1.6599 -1.6436 0.8897, 1.5264 -2.035 1.1156, 1.6445 -1.9374 1.0593, 1.5561 -2.0317 1.1137, 1.584 -2.0221 1.1082, 0.7229 -1.9629 1.074, 0.7353 -1.9865 1.0876, 0.7541 -2.0067 1.0993, 1.6081 -2.0067 1.0993, 1.6269 -1.9865 1.0876, 1.6393 -1.9629 1.074, 1.5242 -2.0768 1.0433, 0.838 -2.0768 1.0433, 1.5818 -2.0638 1.0358, 1.554 -2.0735 1.0414, 1.6423 -1.9791 0.9869, 1.6578 -1.6822 0.8155, 0.7044 -1.6822 0.8155, 0.7199 -1.9791 0.9869, 0.8082 -2.0735 1.0414, 0.7804 -2.0638 1.0358, 0.7563 -2.0484 1.0269, 0.7375 -2.0283 1.0153, 0.7251 -2.0047 1.0017, 1.6371 -2.0047 1.0017, 1.6247 -2.0283 1.0153, 1.6059 -2.0484 1.0269, 0.6944 -1.4921 0.8405, 0.6871 -1.3518 0.9809, 1.6678 -1.4921 0.8405, 1.6751 -1.3518 0.9809, 0.687 -1.351 1.0955, 0.6857 -1.3263 0.9979, 0.6849 -1.3115 1.0024, 0.6856 -1.3238 1.1101, 0.7024 -1.6442 0.7998, 0.7014 -1.6247 0.8818, 0.7002 -1.6035 0.7944, 0.7003 -1.6043 0.8791, 0.6981 -1.5627 0.7998, 0.6992 -1.5839 0.8818, 0.6961 -1.5247 0.8155, 0.6982 -1.5649 0.8897, 0.6864 -1.3399 0.9907, 0.684 -1.2942 1.119, 1.6608 -1.6247 0.8818, 1.6598 -1.6442 0.7998, 1.6619 -1.6043 0.8791, 1.662 -1.6035 0.7944, 1.663 -1.5839 0.8818, 1.6641 -1.5627 0.7998, 1.664 -1.5649 0.8897, 1.6661 -1.5247 0.8155, 1.6758 -1.3399 0.9907, 1.6752 -1.351 1.0955, 1.6765 -1.3263 0.9979, 1.6766 -1.3238 1.1101, 1.6773 -1.3115 1.0024, 1.6782 -1.2942 1.119, 2.5669 -0.2688 0.4617, 2.4476 -0.5965 0.3821, 2.5669 -0.2688 -0.1861, 2.4476 -0.5965 -0.1066, 2.5617 -0.9639 0.2563, 2.5641 -0.9705 0.2363, 2.5398 -0.9036 0.3076, 2.5649 -0.9728 0.2152, 2.4476 -0.6504 0.3691, 2.4476 -0.6504 -0.0935, 2.5649 -0.9728 0.0604, 2.5398 -0.9036 -0.032, 2.5641 -0.9705 0.0393, 2.5617 -0.9639 0.0193, 2.5579 -0.9534 0.0013, 2.5527 -0.9393 -0.0137, 2.5466 -0.9224 -0.025, 2.5466 -0.9224 0.3006, 2.5527 -0.9393 0.2893, 2.5579 -0.9534 0.2743, 2.4606 -1.0107 0.0696, 2.4606 -1.0107 0.2059, 2.4574 -1.0019 0.0285, 2.4598 -1.0085 0.0485, 2.4355 -0.9416 -0.0228, 2.3442 -0.6908 -0.0837, 2.3442 -0.6908 0.3593, 2.4355 -0.9416 0.2984, 2.4598 -1.0085 0.2271, 2.4574 -1.0019 0.2471, 2.4536 -0.9913 0.2651, 2.4484 -0.9772 0.2801, 2.4423 -0.9604 0.2914, 2.4423 -0.9604 -0.0158, 2.4484 -0.9772 -0.0045, 2.4536 -0.9913 0.0105, 2.3442 -0.5561 0.3919, 2.4559 -0.2493 0.4664, 2.3442 -0.5561 -0.1164, 2.4559 -0.2493 -0.1908, 2.5787 -0.2026 0.4777, 2.5757 -0.2357 0.4697, 2.3336 -0.6463 0.3701, 2.4434 -0.6326 0.3734, 2.3336 -0.6006 0.3812, 2.4434 -0.6143 0.3778, 2.4594 -0.236 0.4696, 2.5787 -0.2026 -0.2022, 2.5757 -0.2357 -0.1941, 2.4594 -0.236 -0.194, 2.4434 -0.6326 -0.0978, 2.3336 -0.6463 -0.0945, 2.4434 -0.6143 -0.1022, 2.3336 -0.6006 -0.1056, 2.4023 1.2106 -1.0013, 2.4023 -2.9035 -1.0013, 2.4213 1.2106 -0.9934, 2.4213 -2.9035 -0.9934, 2.4376 1.2106 -0.9809, 2.4376 -2.9035 -0.9809, 2.4501 1.2106 -0.9646, 2.4501 -2.9035 -0.9646, 2.4579 1.2106 -0.9456, 2.4579 -2.9035 -0.9456, 2.4579 -2.9035 0.9456, 2.4501 -2.9035 0.9646, 2.4376 -2.9035 0.9809, 2.4213 -2.9035 0.9934, 2.4023 -2.9035 1.0013, 2.4328 -2.9035 -1.1153, 2.4328 1.2106 -1.1153, 2.4803 1.2106 -1.0957, 2.4803 -2.9035 -1.0957, 2.5211 1.2106 -1.0644, 2.5211 -2.9035 -1.0644, 2.5524 1.2106 -1.0236, 2.5524 -2.9035 -1.0236, 2.572 1.2106 -0.9761, 2.572 -2.9035 -0.9761, 2.572 -2.9035 0.9761, 2.5524 -2.9035 1.0236, 2.5211 -2.9035 1.0644, 2.4803 -2.9035 1.0957, 2.4328 -2.9035 1.1153, -2.572 1.2106 -0.9761, -2.4579 1.2106 -0.9456, -2.5524 1.2106 -1.0236, -2.4501 1.2106 -0.9646, -2.5211 1.2106 -1.0644, -2.4376 1.2106 -0.9809, -2.4803 1.2106 -1.0957, -2.4213 1.2106 -0.9934, -2.4328 1.2106 -1.1153, -2.4023 1.2106 -1.0013, 2.5787 -0.2015 -0.2024, 2.5787 -0.2026 -0.2022, 2.5787 -0.1575 0.5351, 2.5787 -0.1589 0.5221, 2.5787 -0.1632 0.5098, 2.5787 -0.1701 0.4986, 2.5787 -0.1793 0.4893, 2.5787 -0.1903 0.4822, 2.5787 -0.2026 0.4777, -0.6944 -1.4921 -0.8405, -0.6871 -1.3518 -0.9809, -1.6678 -1.4921 -0.8405, -1.6751 -1.3518 -0.9809, -1.5818 -2.0638 -1.0358, -1.554 -2.0735 -1.0414, -1.6423 -1.9791 -0.9869, -1.5242 -2.0768 -1.0433, -1.6578 -1.6822 -0.8155, -0.7044 -1.6822 -0.8155, -0.838 -2.0768 -1.0433, -0.7199 -1.9791 -0.9869, -0.8082 -2.0735 -1.0414, -0.7804 -2.0638 -1.0358, -1.6371 -2.0047 -1.0017, -1.6247 -2.0283 -1.0153, -1.6059 -2.0484 -1.0269, -0.7563 -2.0484 -1.0269, -0.7375 -2.0283 -1.0153, -0.7251 -2.0047 -1.0017, -0.6883 -1.3749 -1.0759, -0.6974 -1.5486 -0.9022, -1.6739 -1.3749 -1.0759, -1.6648 -1.5486 -0.9022, -0.7782 -2.0221 -1.1082, -0.8061 -2.0317 -1.1137, -0.7177 -1.9374 -1.0593, -0.8358 -2.035 -1.1156, -0.7023 -1.6436 -0.8897, -1.6599 -1.6436 -0.8897, -1.5264 -2.035 -1.1156, -1.6445 -1.9374 -1.0593, -1.5561 -2.0317 -1.1137, -1.584 -2.0221 -1.1082, -0.7229 -1.9629 -1.074, -0.7353 -1.9865 -1.0876, -0.7541 -2.0067 -1.0993, -1.6081 -2.0067 -1.0993, -1.6269 -1.9865 -1.0876, -1.6393 -1.9629 -1.074, -0.687 -1.351 -1.0955, -0.6857 -1.3263 -0.9979, -0.6849 -1.3115 -1.0024, -0.6856 -1.3238 -1.1101, -0.7024 -1.6442 -0.7998, -0.7014 -1.6247 -0.8818, -0.7002 -1.6035 -0.7944, -0.7003 -1.6043 -0.8791, -0.6981 -1.5627 -0.7998, -0.6992 -1.5839 -0.8818, -0.6961 -1.5247 -0.8155, -0.6982 -1.5649 -0.8897, -0.6864 -1.3399 -0.9907, -0.684 -1.2942 -1.119, -1.6608 -1.6247 -0.8818, -1.6598 -1.6442 -0.7998, -1.6619 -1.6043 -0.8791, -1.662 -1.6035 -0.7944, -1.663 -1.5839 -0.8818, -1.6641 -1.5627 -0.7998, -1.664 -1.5649 -0.8897, -1.6661 -1.5247 -0.8155, -1.6758 -1.3399 -0.9907, -1.6752 -1.351 -1.0955, -1.6765 -1.3263 -0.9979, -1.6766 -1.3238 -1.1101, -1.6773 -1.3115 -1.0024, -1.6782 -1.2942 -1.119, -0.6974 -1.5486 0.9022, -0.6883 -1.3749 1.0759, -1.6648 -1.5486 0.9022, -1.6739 -1.3749 1.0759, -1.584 -2.0221 1.1082, -1.5561 -2.0317 1.1137, -1.6445 -1.9374 1.0593, -1.5264 -2.035 1.1156, -1.6599 -1.6436 0.8897, -0.7023 -1.6436 0.8897, -0.8358 -2.035 1.1156, -0.7177 -1.9374 1.0593, -0.8061 -2.0317 1.1137, -0.7782 -2.0221 1.1082, -0.7541 -2.0067 1.0993, -0.7353 -1.9865 1.0876, -0.7229 -1.9629 1.074, -1.6393 -1.9629 1.074, -1.6269 -1.9865 1.0876, -1.6081 -2.0067 1.0993, -0.838 -2.0768 1.0433, -1.5242 -2.0768 1.0433, -0.7804 -2.0638 1.0358, -0.8082 -2.0735 1.0414, -0.7199 -1.9791 0.9869, -0.7044 -1.6822 0.8155, -1.6578 -1.6822 0.8155, -1.6423 -1.9791 0.9869, -1.554 -2.0735 1.0414, -1.5818 -2.0638 1.0358, -0.7251 -2.0047 1.0017, -0.7375 -2.0283 1.0153, -0.7563 -2.0484 1.0269, -1.6059 -2.0484 1.0269, -1.6247 -2.0283 1.0153, -1.6371 -2.0047 1.0017, -0.6871 -1.3518 0.9809, -0.6944 -1.4921 0.8405, -1.6751 -1.3518 0.9809, -1.6678 -1.4921 0.8405, -0.7014 -1.6247 0.8818, -0.7024 -1.6442 0.7998, -0.7003 -1.6043 0.8791, -0.7002 -1.6035 0.7944, -0.6992 -1.5839 0.8818, -0.6981 -1.5627 0.7998, -0.6982 -1.5649 0.8897, -0.6961 -1.5247 0.8155, -0.6864 -1.3399 0.9907, -0.687 -1.351 1.0955, -0.6857 -1.3263 0.9979, -0.6856 -1.3238 1.1101, -0.6849 -1.3115 1.0024, -0.684 -1.2942 1.119, -1.6752 -1.351 1.0955, -1.6765 -1.3263 0.9979, -1.6773 -1.3115 1.0024, -1.6766 -1.3238 1.1101, -1.6598 -1.6442 0.7998, -1.6608 -1.6247 0.8818, -1.662 -1.6035 0.7944, -1.6619 -1.6043 0.8791, -1.6641 -1.5627 0.7998, -1.663 -1.5839 0.8818, -1.6661 -1.5247 0.8155, -1.664 -1.5649 0.8897, -1.6758 -1.3399 0.9907, -1.6782 -1.2942 1.119, -2.4476 -0.5965 0.3821, -2.5669 -0.2688 0.4617, -2.4476 -0.5965 -0.1066, -2.5669 -0.2688 -0.1861, -2.5617 -0.9639 0.0193, -2.5641 -0.9705 0.0393, -2.5398 -0.9036 -0.032, -2.5649 -0.9728 0.0604, -2.4476 -0.6504 -0.0935, -2.4476 -0.6504 0.3691, -2.5649 -0.9728 0.2152, -2.5398 -0.9036 0.3076, -2.5641 -0.9705 0.2363, -2.5617 -0.9639 0.2563, -2.5466 -0.9224 -0.025, -2.5527 -0.9393 -0.0137, -2.5579 -0.9534 0.0013, -2.5579 -0.9534 0.2743, -2.5527 -0.9393 0.2893, -2.5466 -0.9224 0.3006, -2.4606 -1.0107 0.2059, -2.4606 -1.0107 0.0696, -2.4574 -1.0019 0.2471, -2.4598 -1.0085 0.2271, -2.4355 -0.9416 0.2984, -2.3442 -0.6908 0.3593, -2.3442 -0.6908 -0.0837, -2.4355 -0.9416 -0.0228, -2.4598 -1.0085 0.0485, -2.4574 -1.0019 0.0285, -2.4423 -0.9604 0.2914, -2.4484 -0.9772 0.2801, -2.4536 -0.9913 0.2651, -2.4536 -0.9913 0.0105, -2.4484 -0.9772 -0.0045, -2.4423 -0.9604 -0.0158, -2.4559 -0.2493 0.4664, -2.3442 -0.5561 0.3919, -2.4559 -0.2493 -0.1908, -2.3442 -0.5561 -0.1164, -2.5787 -0.2026 0.4777, -2.5757 -0.2357 0.4697, -2.4594 -0.236 0.4696, -2.4434 -0.6326 0.3734, -2.3336 -0.6463 0.3701, -2.4434 -0.6143 0.3778, -2.3336 -0.6006 0.3812, -2.5787 -0.2026 -0.2022, -2.5757 -0.2357 -0.1941, -2.3336 -0.6463 -0.0945, -2.4434 -0.6326 -0.0978, -2.3336 -0.6006 -0.1056, -2.4434 -0.6143 -0.1022, -2.4594 -0.236 -0.194, -2.4579 -2.9035 -0.9456, -2.4501 -2.9035 -0.9646, -2.4376 -2.9035 -0.9809, -2.4213 -2.9035 -0.9934, -2.4023 -2.9035 -1.0013, -2.4023 -2.9035 1.0013, -2.4213 -2.9035 0.9934, -2.4376 -2.9035 0.9809, -2.4501 -2.9035 0.9646, -2.4579 -2.9035 0.9456, -2.572 -2.9035 -0.9761, -2.5524 -2.9035 -1.0236, -2.5211 -2.9035 -1.0644, -2.4803 -2.9035 -1.0957, -2.4328 -2.9035 -1.1153, -2.4328 -2.9035 1.1153, -2.4803 -2.9035 1.0957, -2.5211 -2.9035 1.0644, -2.5524 -2.9035 1.0236, -2.572 -2.9035 0.9761, -2.5787 -0.1575 -0.2595, -2.5787 -0.1589 -0.2465, -2.5787 -0.1632 -0.2342, -2.5787 -0.1701 -0.223, -2.5787 -0.1793 -0.2137, -2.5787 -0.1903 -0.2066, -2.5787 -0.2026 -0.2022, -2.5787 -0.2015 0.478, -2.5787 -0.2026 0.4777, -2.5787 -0.2026 0.4777
            ]
        }
        coordIndex [
            0,1,2,-1,2,1,3,-1,4,5,6,-1,6,5,7,-1,8,9,10,-1,10,9,11,-1,10,11,12,-1,12,11,13,-1,14,15,16,-1,16,15,17,-1,18,19,20,-1,21,22,23,-1,23,22,24,-1,23,24,25,-1,26,27,28,-1,29,30,31,-1,31,32,29,-1,29,32,33,-1,29,33,34,-1,34,35,29,-1,29,35,36,-1,29,36,37,-1,37,36,38,-1,37,38,39,-1,39,38,25,-1,40,41,20,-1,20,41,42,-1,20,42,18,-1,19,43,20,-1,20,43,44,-1,20,44,45,-1,45,44,22,-1,45,22,46,-1,46,22,21,-1,47,48,49,-1,49,48,50,-1,50,51,49,-1,49,51,52,-1,49,52,53,-1,53,54,49,-1,49,54,55,-1,49,55,29,-1,29,55,56,-1,29,56,30,-1,57,58,59,-1,59,58,60,-1,59,60,61,-1,62,63,64,-1,64,63,65,-1,27,66,28,-1,28,66,47,-1,28,47,67,-1,67,47,49,-1,67,49,68,-1,61,69,59,-1,59,69,70,-1,59,70,28,-1,28,70,71,-1,28,71,26,-1,57,59,72,-1,72,59,73,-1,72,73,74,-1,62,64,75,-1,75,64,76,-1,75,76,59,-1,59,76,77,-1,59,77,73,-1,78,79,25,-1,25,79,80,-1,25,80,23,-1,73,81,74,-1,74,81,82,-1,74,82,83,-1,83,84,74,-1,74,84,85,-1,74,85,86,-1,38,87,25,-1,25,87,64,-1,25,64,78,-1,78,64,65,-1,88,89,90,-1,90,89,91,-1,92,93,94,-1,95,96,97,-1,97,96,98,-1,97,98,99,-1,99,98,100,-1,101,102,103,-1,103,102,104,-1,103,104,105,-1,106,107,108,-1,108,107,109,-1,108,109,110,-1,111,112,90,-1,113,112,114,-1,115,116,117,-1,117,116,118,-1,118,119,117,-1,117,119,120,-1,117,120,121,-1,122,123,124,-1,125,126,103,-1,110,109,93,-1,93,109,127,-1,93,127,94,-1,128,129,91,-1,91,129,130,-1,91,130,90,-1,90,130,131,-1,90,131,111,-1,132,133,134,-1,134,133,135,-1,136,137,138,-1,126,139,103,-1,103,139,140,-1,103,140,101,-1,113,141,112,-1,112,141,142,-1,112,142,90,-1,90,142,143,-1,90,143,144,-1,145,96,146,-1,146,96,147,-1,121,148,117,-1,117,148,136,-1,117,136,149,-1,149,136,138,-1,105,106,103,-1,103,106,108,-1,103,108,96,-1,96,108,150,-1,96,150,147,-1,145,151,96,-1,96,151,152,-1,96,152,153,-1,154,90,155,-1,92,94,123,-1,123,94,156,-1,123,156,124,-1,157,158,159,-1,159,158,160,-1,159,160,114,-1,114,160,161,-1,114,161,113,-1,153,162,96,-1,96,162,163,-1,96,163,98,-1,98,163,164,-1,98,164,135,-1,135,164,165,-1,135,165,134,-1,134,165,166,-1,134,166,91,-1,91,166,167,-1,91,167,128,-1,125,103,168,-1,168,103,154,-1,168,154,169,-1,144,170,90,-1,90,170,171,-1,90,171,172,-1,173,174,124,-1,124,174,175,-1,124,175,122,-1,124,176,173,-1,173,176,177,-1,173,177,178,-1,155,179,154,-1,154,179,180,-1,154,180,181,-1,181,182,154,-1,154,182,183,-1,154,183,169,-1,172,184,90,-1,90,184,185,-1,90,185,116,-1,116,185,173,-1,116,173,186,-1,115,187,116,-1,116,187,188,-1,116,188,90,-1,90,188,189,-1,90,189,155,-1,178,190,173,-1,173,190,191,-1,173,191,186,-1,192,193,194,-1,194,193,195,-1,196,197,198,-1,198,197,199,-1,200,201,202,-1,202,201,203,-1,203,204,205,-1,206,207,208,-1,208,207,209,-1,210,211,212,-1,212,211,207,-1,212,207,213,-1,213,207,206,-1,204,203,214,-1,214,203,198,-1,214,198,215,-1,216,217,218,-1,219,220,198,-1,221,222,223,-1,223,222,224,-1,223,224,207,-1,207,224,225,-1,207,225,209,-1,218,226,216,-1,216,226,227,-1,216,227,228,-1,229,230,231,-1,231,230,232,-1,231,232,233,-1,233,232,199,-1,199,232,234,-1,199,234,198,-1,198,234,235,-1,198,235,219,-1,236,237,238,-1,238,239,240,-1,241,231,242,-1,242,231,243,-1,220,244,198,-1,198,244,245,-1,198,245,215,-1,237,246,238,-1,238,246,247,-1,238,247,239,-1,248,249,250,-1,250,249,251,-1,250,251,252,-1,238,194,236,-1,236,194,195,-1,236,195,253,-1,253,195,202,-1,253,202,254,-1,255,256,231,-1,240,257,238,-1,238,257,258,-1,238,258,216,-1,216,258,259,-1,216,259,217,-1,256,260,231,-1,231,260,261,-1,231,261,229,-1,228,262,216,-1,216,262,263,-1,216,263,231,-1,231,263,264,-1,231,264,243,-1,265,266,267,-1,251,268,252,-1,252,268,265,-1,252,265,269,-1,269,265,267,-1,270,271,241,-1,241,271,272,-1,241,272,231,-1,231,272,273,-1,231,273,255,-1,205,210,203,-1,203,210,212,-1,203,212,202,-1,202,212,274,-1,202,274,275,-1,276,277,202,-1,202,277,278,-1,254,202,279,-1,279,202,278,-1,279,278,250,-1,250,278,280,-1,250,280,248,-1,281,282,283,-1,283,282,275,-1,282,284,275,-1,275,284,285,-1,275,285,202,-1,202,285,286,-1,202,286,276,-1,281,287,282,-1,282,287,288,-1,282,288,289,-1,289,288,290,-1,289,290,291,-1,291,290,292,-1,291,292,293,-1,293,292,294,-1,293,294,241,-1,241,294,295,-1,241,295,270,-1,296,297,298,-1,299,300,301,-1,302,303,304,-1,304,305,302,-1,302,305,306,-1,302,306,307,-1,303,308,309,-1,309,310,303,-1,303,310,311,-1,303,311,304,-1,304,311,312,-1,304,312,313,-1,313,312,314,-1,313,314,315,-1,315,316,313,-1,313,316,317,-1,313,317,318,-1,319,320,313,-1,313,320,321,-1,322,323,324,-1,324,323,325,-1,321,326,313,-1,313,326,325,-1,313,325,327,-1,327,325,323,-1,318,328,313,-1,313,328,329,-1,313,329,319,-1,330,331,308,-1,332,333,334,-1,335,336,337,-1,338,339,334,-1,334,339,340,-1,334,340,332,-1,341,342,335,-1,335,342,343,-1,335,343,336,-1,337,344,335,-1,335,344,345,-1,335,345,346,-1,333,347,334,-1,334,347,348,-1,334,348,341,-1,307,349,350,-1,351,352,353,-1,354,355,356,-1,356,355,299,-1,353,357,351,-1,351,357,358,-1,351,358,356,-1,356,358,359,-1,356,359,354,-1,360,361,330,-1,362,363,330,-1,330,361,351,-1,351,361,364,-1,351,364,352,-1,362,330,365,-1,363,366,330,-1,330,366,367,-1,330,367,360,-1,368,369,370,-1,370,371,368,-1,368,371,372,-1,368,372,373,-1,373,374,368,-1,368,374,365,-1,368,365,375,-1,376,377,356,-1,299,301,356,-1,356,301,378,-1,356,378,376,-1,379,380,381,-1,381,380,382,-1,377,383,356,-1,356,383,384,-1,356,384,385,-1,380,386,382,-1,382,386,387,-1,382,387,368,-1,368,387,388,-1,368,388,369,-1,389,390,381,-1,381,390,391,-1,381,391,379,-1,392,393,394,-1,394,393,395,-1,394,395,396,-1,385,397,356,-1,356,397,398,-1,356,398,394,-1,394,398,399,-1,394,399,392,-1,396,400,394,-1,394,400,401,-1,394,401,381,-1,381,401,402,-1,381,402,389,-1,403,404,405,-1,406,407,408,-1,408,407,409,-1,405,410,403,-1,403,410,411,-1,403,411,412,-1,412,411,413,-1,412,413,409,-1,409,413,414,-1,409,414,408,-1,408,415,406,-1,406,415,416,-1,406,416,417,-1,417,416,411,-1,417,411,418,-1,418,411,410,-1,419,297,420,-1,420,297,296,-1,420,296,421,-1,421,296,422,-1,331,330,346,-1,346,330,351,-1,346,351,335,-1,335,351,356,-1,335,356,422,-1,422,356,394,-1,422,394,421,-1,334,423,424,-1,341,335,334,-1,334,335,425,-1,334,425,423,-1,426,425,427,-1,427,425,335,-1,427,335,428,-1,428,335,422,-1,428,422,424,-1,424,422,296,-1,424,296,334,-1,334,296,298,-1,334,298,338,-1,338,298,350,-1,338,350,429,-1,429,350,349,-1,430,431,303,-1,430,432,431,-1,431,432,433,-1,431,433,434,-1,434,433,435,-1,434,435,302,-1,302,435,436,-1,302,436,303,-1,303,436,437,-1,303,437,430,-1,438,439,440,-1,440,439,433,-1,440,433,441,-1,441,433,432,-1,441,432,442,-1,442,432,443,-1,444,415,431,-1,444,445,415,-1,415,445,446,-1,415,446,447,-1,448,449,416,-1,416,449,450,-1,416,450,451,-1,447,452,415,-1,415,452,453,-1,415,453,454,-1,451,455,416,-1,416,455,456,-1,416,456,434,-1,434,456,457,-1,434,457,431,-1,431,457,458,-1,431,458,444,-1,454,459,415,-1,415,459,460,-1,415,460,416,-1,416,460,461,-1,416,461,448,-1,462,463,464,-1,463,465,464,-1,464,465,466,-1,464,466,467,-1,468,469,470,-1,471,472,473,-1,473,472,474,-1,473,474,475,-1,476,477,478,-1,478,477,479,-1,478,479,480,-1,481,482,483,-1,483,482,484,-1,483,484,485,-1,475,486,473,-1,473,486,487,-1,473,487,488,-1,488,489,473,-1,473,489,490,-1,473,490,491,-1,467,492,464,-1,464,492,493,-1,464,493,478,-1,478,493,494,-1,478,494,476,-1,365,330,375,-1,375,330,495,-1,375,495,496,-1,496,495,497,-1,496,497,498,-1,498,497,473,-1,498,473,464,-1,464,473,491,-1,464,491,462,-1,471,473,499,-1,499,473,470,-1,499,470,483,-1,483,470,469,-1,483,469,481,-1,500,501,470,-1,470,501,502,-1,470,502,503,-1,503,504,470,-1,470,504,505,-1,470,505,468,-1,506,507,508,-1,508,507,509,-1,508,509,485,-1,485,509,510,-1,485,510,483,-1,480,511,478,-1,478,511,512,-1,478,512,470,-1,470,512,513,-1,470,513,500,-1,308,303,330,-1,330,303,431,-1,330,431,495,-1,495,431,415,-1,495,415,497,-1,497,415,408,-1,497,408,473,-1,473,408,414,-1,473,414,470,-1,307,350,302,-1,302,350,514,-1,302,514,434,-1,434,514,515,-1,434,515,416,-1,416,515,516,-1,416,516,411,-1,411,516,517,-1,411,517,413,-1,518,519,520,-1,521,522,523,-1,523,522,524,-1,523,524,525,-1,526,527,528,-1,529,530,526,-1,526,530,531,-1,526,531,527,-1,532,533,534,-1,534,533,535,-1,534,535,536,-1,537,538,539,-1,540,541,542,-1,542,541,543,-1,542,543,544,-1,545,546,520,-1,520,546,547,-1,548,549,526,-1,526,549,550,-1,526,550,529,-1,537,539,551,-1,538,552,539,-1,539,552,553,-1,539,553,528,-1,528,553,554,-1,528,554,555,-1,536,556,534,-1,534,556,557,-1,534,557,542,-1,542,557,558,-1,542,558,540,-1,544,559,542,-1,542,559,560,-1,542,560,520,-1,520,560,561,-1,520,561,545,-1,548,562,549,-1,549,562,563,-1,549,563,564,-1,565,566,526,-1,526,566,567,-1,526,567,568,-1,569,518,570,-1,570,518,520,-1,570,520,571,-1,571,520,547,-1,569,570,539,-1,539,570,572,-1,539,572,551,-1,525,573,523,-1,523,573,574,-1,523,574,534,-1,534,574,575,-1,534,575,549,-1,555,576,528,-1,528,576,577,-1,528,577,526,-1,526,577,578,-1,526,578,565,-1,564,579,549,-1,549,579,580,-1,549,580,534,-1,534,580,581,-1,534,581,532,-1,582,583,584,-1,585,586,587,-1,587,586,588,-1,587,588,589,-1,589,590,587,-1,587,590,591,-1,587,591,592,-1,593,594,595,-1,595,594,596,-1,592,597,587,-1,587,597,598,-1,587,598,582,-1,582,598,599,-1,582,599,583,-1,597,600,601,-1,602,603,593,-1,593,603,604,-1,593,604,594,-1,605,606,593,-1,596,607,595,-1,595,607,608,-1,595,608,609,-1,601,610,597,-1,597,610,611,-1,597,611,598,-1,612,613,614,-1,584,615,582,-1,582,615,616,-1,582,616,617,-1,618,619,602,-1,614,620,612,-1,612,620,621,-1,612,621,622,-1,622,621,623,-1,622,623,624,-1,609,625,595,-1,595,625,626,-1,595,626,627,-1,605,593,628,-1,600,597,629,-1,629,597,630,-1,629,630,631,-1,631,630,632,-1,631,632,633,-1,618,602,634,-1,624,635,622,-1,622,635,636,-1,622,636,637,-1,627,638,595,-1,595,638,639,-1,595,639,587,-1,587,639,640,-1,587,640,585,-1,641,642,643,-1,593,644,645,-1,637,646,593,-1,619,647,602,-1,602,647,641,-1,602,641,648,-1,648,641,643,-1,645,649,593,-1,593,649,650,-1,593,650,628,-1,634,602,651,-1,651,602,593,-1,651,593,652,-1,652,593,646,-1,652,646,653,-1,606,654,593,-1,593,654,655,-1,593,655,637,-1,637,655,656,-1,637,656,622,-1,657,658,653,-1,653,658,659,-1,653,659,652,-1,617,660,582,-1,582,660,661,-1,582,661,593,-1,593,661,662,-1,593,662,644,-1,663,664,665,-1,665,664,658,-1,665,658,666,-1,666,658,657,-1,633,667,631,-1,631,667,668,-1,631,668,669,-1,669,668,670,-1,669,670,671,-1,671,670,672,-1,671,672,665,-1,665,672,673,-1,665,673,663,-1,674,675,676,-1,677,678,679,-1,679,678,680,-1,679,680,681,-1,681,680,682,-1,683,684,685,-1,686,676,685,-1,684,687,685,-1,685,687,688,-1,685,688,680,-1,680,688,689,-1,680,689,682,-1,690,691,692,-1,693,694,695,-1,695,694,696,-1,697,698,699,-1,699,698,700,-1,699,700,685,-1,685,700,701,-1,685,701,686,-1,676,675,685,-1,685,675,702,-1,685,702,683,-1,696,694,703,-1,703,694,704,-1,703,704,705,-1,699,706,707,-1,674,676,708,-1,708,676,709,-1,708,709,704,-1,704,709,710,-1,704,710,711,-1,712,713,692,-1,692,713,714,-1,692,714,690,-1,715,716,717,-1,717,718,719,-1,719,720,717,-1,717,720,721,-1,717,721,699,-1,699,721,722,-1,699,722,706,-1,707,723,699,-1,699,723,724,-1,699,724,697,-1,711,725,692,-1,692,725,726,-1,692,726,712,-1,716,727,717,-1,717,727,728,-1,717,728,718,-1,729,730,704,-1,704,730,731,-1,704,731,705,-1,693,732,694,-1,694,732,715,-1,694,715,733,-1,733,715,717,-1,733,717,734,-1,692,735,711,-1,711,735,736,-1,711,736,704,-1,704,736,737,-1,704,737,729,-1,738,739,740,-1,741,13,742,-1,743,744,742,-1,745,746,747,-1,742,748,743,-1,743,748,749,-1,743,749,745,-1,745,749,750,-1,745,750,746,-1,751,752,753,-1,754,755,756,-1,8,757,758,-1,758,757,745,-1,758,745,759,-1,759,745,747,-1,755,760,756,-1,756,760,761,-1,756,761,762,-1,763,764,765,-1,766,767,742,-1,742,767,768,-1,742,768,769,-1,763,765,770,-1,771,740,772,-1,772,740,773,-1,772,773,774,-1,774,773,775,-1,771,776,740,-1,740,776,777,-1,740,777,778,-1,754,756,779,-1,779,756,780,-1,779,780,781,-1,751,753,765,-1,765,753,782,-1,765,782,770,-1,764,783,765,-1,765,783,784,-1,765,784,762,-1,762,784,785,-1,762,785,786,-1,787,788,773,-1,773,788,789,-1,773,789,775,-1,744,790,742,-1,742,790,791,-1,742,791,779,-1,792,756,793,-1,793,756,794,-1,769,795,742,-1,742,795,796,-1,742,796,741,-1,741,796,797,-1,741,797,773,-1,773,797,798,-1,773,798,787,-1,752,738,753,-1,753,738,740,-1,753,740,799,-1,799,740,778,-1,781,800,779,-1,779,800,801,-1,779,801,742,-1,742,801,802,-1,742,802,766,-1,786,803,762,-1,762,803,804,-1,762,804,756,-1,756,804,805,-1,756,805,794,-1,11,806,807,-1,807,806,808,-1,809,810,811,-1,811,810,812,-1,813,814,815,-1,815,814,816,-1,816,817,815,-1,815,817,818,-1,815,818,819,-1,820,42,821,-1,821,42,41,-1,821,41,822,-1,822,41,815,-1,822,815,823,-1,823,815,819,-1,824,806,11,-1,825,826,827,-1,828,813,815,-1,827,829,825,-1,825,829,830,-1,825,830,810,-1,810,830,828,-1,810,828,812,-1,812,828,815,-1,831,832,833,-1,833,832,834,-1,835,836,837,-1,9,838,11,-1,11,838,830,-1,837,824,835,-1,835,824,11,-1,835,11,834,-1,834,11,830,-1,834,830,833,-1,833,830,829,-1,839,840,841,-1,842,843,844,-1,845,846,847,-1,848,849,850,-1,816,814,811,-1,811,814,850,-1,811,850,809,-1,809,850,851,-1,847,848,845,-1,845,848,850,-1,845,850,808,-1,808,850,842,-1,808,842,807,-1,807,842,844,-1,852,853,849,-1,849,853,854,-1,849,854,850,-1,850,854,839,-1,850,839,851,-1,851,839,841,-1,847,846,855,-1,847,855,856,-1,856,855,857,-1,856,857,858,-1,858,857,859,-1,858,859,860,-1,860,859,861,-1,860,861,862,-1,862,861,863,-1,862,863,864,-1,864,863,865,-1,864,865,866,-1,866,865,99,-1,866,99,100,-1,853,852,867,-1,853,867,868,-1,868,867,869,-1,868,869,870,-1,870,869,871,-1,870,871,872,-1,872,871,873,-1,872,873,874,-1,874,873,875,-1,874,875,876,-1,876,875,877,-1,876,877,878,-1,878,877,133,-1,878,133,132,-1,193,192,879,-1,879,192,880,-1,879,880,881,-1,881,880,882,-1,881,882,883,-1,883,882,884,-1,883,884,885,-1,885,884,886,-1,885,886,887,-1,887,886,888,-1,887,888,889,-1,889,888,890,-1,889,890,836,-1,836,890,837,-1,201,200,891,-1,891,200,892,-1,891,892,893,-1,893,892,894,-1,893,894,895,-1,895,894,896,-1,895,896,897,-1,897,896,898,-1,897,898,899,-1,899,898,900,-1,899,900,901,-1,901,900,902,-1,901,902,831,-1,831,902,832,-1,841,840,903,-1,841,903,904,-1,904,903,905,-1,904,905,906,-1,906,905,907,-1,906,907,908,-1,908,907,909,-1,908,909,910,-1,910,909,911,-1,910,911,912,-1,912,911,913,-1,912,913,914,-1,914,913,89,-1,914,89,88,-1,197,196,915,-1,915,196,916,-1,915,916,917,-1,917,916,918,-1,917,918,919,-1,919,918,920,-1,919,920,921,-1,921,920,922,-1,921,922,923,-1,923,922,924,-1,923,924,925,-1,925,924,926,-1,925,926,826,-1,826,926,827,-1,927,523,39,-1,39,523,534,-1,199,90,233,-1,233,90,154,-1,233,154,928,-1,928,154,929,-1,928,929,930,-1,930,929,931,-1,930,931,932,-1,932,931,933,-1,932,933,934,-1,934,933,935,-1,934,935,936,-1,936,935,937,-1,936,937,534,-1,534,937,37,-1,534,37,39,-1,97,194,95,-1,95,194,238,-1,95,238,938,-1,938,238,939,-1,938,939,940,-1,940,939,941,-1,940,941,942,-1,942,941,943,-1,942,943,944,-1,944,943,945,-1,944,945,946,-1,946,945,947,-1,946,947,741,-1,741,947,685,-1,741,685,13,-1,13,685,680,-1,13,680,12,-1,513,512,639,-1,639,512,640,-1,592,591,493,-1,493,591,494,-1,670,668,491,-1,491,668,462,-1,494,591,476,-1,476,591,590,-1,476,590,477,-1,477,590,589,-1,477,589,479,-1,479,589,588,-1,479,588,480,-1,480,588,586,-1,480,586,511,-1,511,586,585,-1,511,585,512,-1,512,585,640,-1,462,668,463,-1,463,668,667,-1,463,667,465,-1,465,667,633,-1,465,633,466,-1,466,633,632,-1,466,632,467,-1,467,632,630,-1,467,630,492,-1,492,630,597,-1,492,597,493,-1,493,597,592,-1,513,639,500,-1,500,639,638,-1,500,638,501,-1,501,638,627,-1,501,627,502,-1,502,627,626,-1,502,626,503,-1,503,626,625,-1,503,625,504,-1,504,625,609,-1,504,609,505,-1,505,609,608,-1,505,608,468,-1,468,608,607,-1,474,652,475,-1,475,652,659,-1,475,659,486,-1,486,659,658,-1,486,658,487,-1,487,658,664,-1,487,664,488,-1,488,664,663,-1,488,663,489,-1,489,663,673,-1,489,673,490,-1,490,673,672,-1,490,672,491,-1,491,672,670,-1,948,949,950,-1,950,949,951,-1,952,953,954,-1,954,953,955,-1,954,955,956,-1,956,955,957,-1,957,955,958,-1,957,958,959,-1,959,958,960,-1,959,960,961,-1,962,963,954,-1,954,963,964,-1,954,964,952,-1,961,965,959,-1,959,965,966,-1,959,966,967,-1,968,969,970,-1,970,969,971,-1,972,973,974,-1,974,973,975,-1,974,975,976,-1,976,975,977,-1,977,975,978,-1,977,978,979,-1,979,978,980,-1,979,980,981,-1,981,982,979,-1,979,982,983,-1,979,983,984,-1,985,986,974,-1,974,986,987,-1,974,987,972,-1,978,975,955,-1,955,975,958,-1,979,954,977,-1,977,954,956,-1,977,956,988,-1,988,956,989,-1,988,989,990,-1,990,989,991,-1,990,991,992,-1,992,991,993,-1,992,993,994,-1,994,993,995,-1,994,995,968,-1,968,995,949,-1,968,949,969,-1,949,948,969,-1,969,948,996,-1,969,996,997,-1,997,996,998,-1,997,998,999,-1,999,998,1000,-1,999,1000,1001,-1,1001,1000,642,-1,1001,642,507,-1,507,642,641,-1,507,641,509,-1,971,1002,1003,-1,1003,1002,1004,-1,1004,1002,1005,-1,1004,1005,643,-1,959,974,957,-1,957,974,976,-1,957,976,1006,-1,1006,976,1007,-1,1006,1007,1008,-1,1008,1007,1009,-1,1008,1009,1010,-1,1010,1009,1011,-1,1010,1011,1012,-1,1012,1011,1013,-1,1012,1013,951,-1,951,1013,970,-1,951,970,950,-1,950,970,971,-1,950,971,1014,-1,1014,971,1003,-1,508,648,506,-1,506,648,643,-1,506,643,1015,-1,1015,643,1005,-1,648,508,602,-1,602,508,485,-1,602,485,603,-1,603,485,484,-1,603,484,604,-1,604,484,482,-1,604,482,594,-1,594,482,481,-1,594,481,596,-1,596,481,469,-1,596,469,607,-1,607,469,468,-1,509,641,510,-1,510,641,647,-1,510,647,483,-1,483,647,619,-1,483,619,499,-1,499,619,618,-1,499,618,471,-1,471,618,634,-1,471,634,472,-1,472,634,651,-1,472,651,474,-1,474,651,652,-1,974,959,967,-1,974,967,985,-1,985,967,966,-1,985,966,986,-1,986,966,965,-1,986,965,987,-1,987,965,961,-1,987,961,972,-1,972,961,960,-1,972,960,973,-1,973,960,958,-1,973,958,975,-1,954,979,984,-1,954,984,962,-1,962,984,983,-1,962,983,963,-1,963,983,982,-1,963,982,964,-1,964,982,981,-1,964,981,952,-1,952,981,980,-1,952,980,953,-1,953,980,978,-1,953,978,955,-1,948,950,1014,-1,948,1014,996,-1,996,1014,1003,-1,996,1003,998,-1,998,1003,1004,-1,998,1004,1000,-1,1000,1004,643,-1,1000,643,642,-1,968,970,1013,-1,968,1013,994,-1,994,1013,1011,-1,994,1011,992,-1,992,1011,1009,-1,992,1009,990,-1,990,1009,1007,-1,990,1007,988,-1,988,1007,976,-1,988,976,977,-1,956,957,1006,-1,956,1006,989,-1,989,1006,1008,-1,989,1008,991,-1,991,1008,1010,-1,991,1010,993,-1,993,1010,1012,-1,993,1012,995,-1,995,1012,951,-1,995,951,949,-1,507,506,1015,-1,507,1015,1001,-1,1001,1015,1005,-1,1001,1005,999,-1,999,1005,1002,-1,999,1002,997,-1,997,1002,971,-1,997,971,969,-1,1016,1017,1018,-1,1018,1017,1019,-1,1020,1021,1022,-1,1022,1021,1023,-1,1022,1023,1024,-1,1024,1023,1025,-1,1025,1023,1026,-1,1025,1026,1027,-1,1027,1026,1028,-1,1027,1028,1029,-1,1030,1031,1022,-1,1022,1031,1032,-1,1022,1032,1020,-1,1029,1033,1027,-1,1027,1033,1034,-1,1027,1034,1035,-1,1026,1023,1036,-1,1036,1023,1037,-1,1038,1039,1040,-1,1040,1039,1036,-1,1040,1036,1041,-1,1041,1036,1042,-1,1042,1036,1037,-1,1042,1037,1043,-1,1043,1037,1044,-1,1043,1044,1045,-1,1045,1046,1043,-1,1043,1046,1047,-1,1043,1047,1048,-1,1049,1050,1040,-1,1040,1050,1051,-1,1040,1051,1038,-1,1052,1053,1054,-1,1054,1053,1055,-1,1016,1056,1057,-1,1057,1056,1058,-1,1058,1056,1059,-1,1058,1059,222,-1,1043,1022,1042,-1,1042,1022,1024,-1,1042,1024,1060,-1,1060,1024,1061,-1,1060,1061,1062,-1,1062,1061,1063,-1,1062,1063,1064,-1,1064,1063,1065,-1,1064,1065,1066,-1,1066,1065,1067,-1,1066,1067,1052,-1,1052,1067,1017,-1,1052,1017,1053,-1,1053,1017,1016,-1,1053,1016,1068,-1,1068,1016,1057,-1,136,224,137,-1,137,224,222,-1,137,222,1069,-1,1069,222,1059,-1,1027,1040,1025,-1,1025,1040,1041,-1,1025,1041,1070,-1,1070,1041,1071,-1,1070,1071,1072,-1,1072,1071,1073,-1,1072,1073,1074,-1,1074,1073,1075,-1,1074,1075,1076,-1,1076,1075,1077,-1,1076,1077,1019,-1,1019,1077,1054,-1,1019,1054,1018,-1,1054,1055,1018,-1,1018,1055,1078,-1,1018,1078,1079,-1,1079,1078,1080,-1,1079,1080,1081,-1,1081,1080,1082,-1,1081,1082,1083,-1,1083,1082,221,-1,1083,221,138,-1,138,221,223,-1,138,223,149,-1,1084,1085,1086,-1,1086,1085,1087,-1,1088,1089,1090,-1,1090,1089,1091,-1,1090,1091,1092,-1,1092,1091,1093,-1,1093,1091,1094,-1,1093,1094,1095,-1,1095,1094,1096,-1,1095,1096,1097,-1,1097,1098,1095,-1,1095,1098,1099,-1,1095,1099,1100,-1,1101,1102,1090,-1,1090,1102,1103,-1,1090,1103,1088,-1,1094,1091,1104,-1,1104,1091,1105,-1,1106,1107,1108,-1,1108,1107,1104,-1,1108,1104,1109,-1,1109,1104,1110,-1,1110,1104,1105,-1,1110,1105,1111,-1,1111,1105,1112,-1,1111,1112,1113,-1,1113,1114,1111,-1,1111,1114,1115,-1,1111,1115,1116,-1,1117,1118,1108,-1,1108,1118,1119,-1,1108,1119,1106,-1,1120,1121,1122,-1,1122,1121,1123,-1,1124,548,1125,-1,1125,548,526,-1,1125,526,1084,-1,1111,1090,1110,-1,1110,1090,1092,-1,1110,1092,1126,-1,1126,1092,1127,-1,1126,1127,1128,-1,1128,1127,1129,-1,1128,1129,1120,-1,1120,1129,1085,-1,1120,1085,1121,-1,1121,1085,1084,-1,1121,1084,1130,-1,1130,1084,526,-1,567,1131,568,-1,568,1131,1132,-1,568,1132,1133,-1,1133,1132,1086,-1,1095,1108,1093,-1,1093,1108,1109,-1,1093,1109,1134,-1,1134,1109,1135,-1,1134,1135,1136,-1,1136,1135,1137,-1,1136,1137,1087,-1,1087,1137,1122,-1,1087,1122,1086,-1,1086,1122,1123,-1,1086,1123,1133,-1,595,587,1138,-1,1138,587,1139,-1,1138,1139,1140,-1,1140,1139,1141,-1,1140,1141,1142,-1,1142,1141,1143,-1,1142,1143,1144,-1,1144,1143,1145,-1,1144,1145,1146,-1,1146,1145,1147,-1,1146,1147,519,-1,519,1147,520,-1,534,542,936,-1,936,542,1148,-1,936,1148,934,-1,934,1148,1149,-1,934,1149,932,-1,932,1149,1150,-1,932,1150,930,-1,930,1150,1151,-1,930,1151,928,-1,928,1151,1152,-1,928,1152,233,-1,233,1152,231,-1,1153,478,470,-1,470,414,1154,-1,1154,414,413,-1,1154,413,517,-1,470,1154,1153,-1,1153,1154,1155,-1,1153,1155,1156,-1,1156,1155,1157,-1,1156,1157,1158,-1,1158,1157,1159,-1,1158,1159,1160,-1,1160,1159,1161,-1,1160,1161,1162,-1,1162,1161,68,-1,1162,68,49,-1,29,37,937,-1,29,937,1163,-1,1163,937,935,-1,1163,935,1164,-1,1164,935,933,-1,1164,933,1165,-1,1165,933,931,-1,1165,931,1166,-1,1166,931,929,-1,1166,929,1167,-1,1167,929,154,-1,1167,154,103,-1,518,67,519,-1,519,67,68,-1,519,68,1146,-1,1146,68,1161,-1,1146,1161,1144,-1,1144,1161,1159,-1,1144,1159,1142,-1,1142,1159,1157,-1,1142,1157,1140,-1,1140,1157,1155,-1,1140,1155,1138,-1,1138,1155,1154,-1,1138,1154,595,-1,595,1154,517,-1,517,516,595,-1,595,516,515,-1,595,515,593,-1,515,514,593,-1,593,514,350,-1,593,350,298,-1,738,733,739,-1,739,733,734,-1,739,734,1168,-1,1168,734,1169,-1,1168,1169,1170,-1,1170,1169,1171,-1,1170,1171,1172,-1,1172,1171,1173,-1,1172,1173,1174,-1,1174,1173,1175,-1,1174,1175,1176,-1,1176,1175,1177,-1,1176,1177,419,-1,419,1177,593,-1,419,593,297,-1,297,593,298,-1,78,65,529,-1,529,65,530,-1,67,518,28,-1,28,518,569,-1,28,569,59,-1,59,569,539,-1,59,539,75,-1,75,539,528,-1,75,528,62,-1,62,528,527,-1,62,527,63,-1,63,527,531,-1,63,531,65,-1,65,531,530,-1,540,558,34,-1,34,558,35,-1,50,48,570,-1,570,48,572,-1,69,555,70,-1,70,555,554,-1,70,554,71,-1,71,554,553,-1,71,553,26,-1,26,553,552,-1,26,552,27,-1,27,552,538,-1,27,538,66,-1,66,538,537,-1,66,537,47,-1,47,537,551,-1,47,551,48,-1,48,551,572,-1,35,558,36,-1,36,558,557,-1,36,557,38,-1,38,557,556,-1,38,556,87,-1,87,556,536,-1,87,536,64,-1,64,536,535,-1,64,535,76,-1,76,535,533,-1,76,533,77,-1,77,533,532,-1,77,532,73,-1,73,532,581,-1,50,570,51,-1,51,570,571,-1,51,571,52,-1,52,571,547,-1,52,547,53,-1,53,547,546,-1,53,546,54,-1,54,546,545,-1,54,545,55,-1,55,545,561,-1,55,561,56,-1,56,561,560,-1,56,560,30,-1,30,560,559,-1,30,559,31,-1,31,559,544,-1,31,544,32,-1,32,544,543,-1,32,543,33,-1,33,543,541,-1,33,541,34,-1,34,541,540,-1,1108,1095,1100,-1,1108,1100,1117,-1,1117,1100,1099,-1,1117,1099,1118,-1,1118,1099,1098,-1,1118,1098,1119,-1,1119,1098,1097,-1,1119,1097,1106,-1,1106,1097,1096,-1,1106,1096,1107,-1,1107,1096,1094,-1,1107,1094,1104,-1,1090,1111,1116,-1,1090,1116,1101,-1,1101,1116,1115,-1,1101,1115,1102,-1,1102,1115,1114,-1,1102,1114,1103,-1,1103,1114,1113,-1,1103,1113,1088,-1,1088,1113,1112,-1,1088,1112,1089,-1,1089,1112,1105,-1,1089,1105,1091,-1,1092,1093,1134,-1,1092,1134,1127,-1,1127,1134,1136,-1,1127,1136,1129,-1,1129,1136,1087,-1,1129,1087,1085,-1,526,568,1133,-1,526,1133,1130,-1,1130,1133,1123,-1,1130,1123,1121,-1,1120,1122,1137,-1,1120,1137,1128,-1,1128,1137,1135,-1,1128,1135,1126,-1,1126,1135,1109,-1,1126,1109,1110,-1,1131,74,86,-1,1086,1132,1084,-1,1084,1132,1125,-1,1131,86,1132,-1,1132,86,1124,-1,1132,1124,1125,-1,555,69,576,-1,576,69,61,-1,576,61,577,-1,577,61,60,-1,577,60,578,-1,578,60,58,-1,578,58,565,-1,565,58,57,-1,565,57,566,-1,566,57,72,-1,566,72,567,-1,567,72,1178,-1,567,1178,1179,-1,1180,581,1181,-1,1181,581,580,-1,1181,580,1182,-1,1182,580,579,-1,1182,579,1183,-1,1183,579,564,-1,1183,564,1184,-1,1184,564,563,-1,1184,563,1185,-1,1185,563,562,-1,1185,562,86,-1,86,562,548,-1,86,548,1186,-1,125,168,232,-1,232,168,234,-1,255,273,104,-1,104,273,105,-1,292,290,156,-1,156,290,124,-1,125,232,126,-1,126,232,230,-1,126,230,139,-1,139,230,229,-1,139,229,140,-1,140,229,261,-1,140,261,101,-1,101,261,260,-1,101,260,102,-1,102,260,256,-1,102,256,104,-1,104,256,255,-1,105,273,106,-1,106,273,272,-1,106,272,107,-1,107,272,271,-1,107,271,109,-1,109,271,270,-1,109,270,127,-1,127,270,295,-1,127,295,94,-1,94,295,294,-1,94,294,156,-1,156,294,292,-1,155,214,179,-1,179,214,215,-1,179,215,180,-1,180,215,245,-1,180,245,181,-1,181,245,244,-1,181,244,182,-1,182,244,220,-1,182,220,183,-1,183,220,219,-1,183,219,169,-1,169,219,235,-1,169,235,168,-1,168,235,234,-1,124,290,176,-1,176,290,288,-1,176,288,177,-1,177,288,287,-1,177,287,178,-1,178,287,281,-1,178,281,190,-1,190,281,283,-1,190,283,191,-1,191,283,275,-1,191,275,186,-1,186,275,274,-1,186,274,116,-1,116,274,212,-1,214,155,204,-1,204,155,189,-1,204,189,205,-1,205,189,188,-1,205,188,210,-1,210,188,187,-1,210,187,211,-1,211,187,115,-1,211,115,207,-1,207,115,117,-1,207,117,223,-1,223,117,149,-1,116,212,118,-1,118,212,213,-1,118,213,119,-1,119,213,206,-1,119,206,120,-1,120,206,208,-1,120,208,121,-1,121,208,209,-1,121,209,148,-1,148,209,225,-1,148,225,136,-1,136,225,224,-1,1026,1036,1039,-1,1026,1039,1028,-1,1028,1039,1038,-1,1028,1038,1029,-1,1029,1038,1051,-1,1029,1051,1033,-1,1033,1051,1050,-1,1033,1050,1034,-1,1034,1050,1049,-1,1034,1049,1035,-1,1035,1049,1040,-1,1035,1040,1027,-1,1037,1023,1021,-1,1037,1021,1044,-1,1044,1021,1020,-1,1044,1020,1045,-1,1045,1020,1032,-1,1045,1032,1046,-1,1046,1032,1031,-1,1046,1031,1047,-1,1047,1031,1030,-1,1047,1030,1048,-1,1048,1030,1022,-1,1048,1022,1043,-1,222,221,1082,-1,222,1082,1058,-1,1058,1082,1080,-1,1058,1080,1057,-1,1057,1080,1078,-1,1057,1078,1068,-1,1068,1078,1055,-1,1068,1055,1053,-1,1024,1025,1070,-1,1024,1070,1061,-1,1061,1070,1072,-1,1061,1072,1063,-1,1063,1072,1074,-1,1063,1074,1065,-1,1065,1074,1076,-1,1065,1076,1067,-1,1067,1076,1019,-1,1067,1019,1017,-1,1052,1054,1077,-1,1052,1077,1066,-1,1066,1077,1075,-1,1066,1075,1064,-1,1064,1075,1073,-1,1064,1073,1062,-1,1062,1073,1071,-1,1062,1071,1060,-1,1060,1071,1041,-1,1060,1041,1042,-1,1016,1018,1079,-1,1016,1079,1056,-1,1056,1079,1081,-1,1056,1081,1059,-1,1059,1081,1083,-1,1059,1083,1069,-1,1069,1083,138,-1,1069,138,137,-1,402,401,660,-1,660,401,661,-1,386,599,387,-1,387,599,598,-1,387,598,388,-1,374,631,365,-1,365,631,669,-1,365,669,362,-1,402,660,389,-1,389,660,617,-1,389,617,390,-1,390,617,616,-1,390,616,391,-1,391,616,615,-1,391,615,379,-1,379,615,584,-1,379,584,380,-1,380,584,583,-1,380,583,386,-1,386,583,599,-1,388,598,369,-1,369,598,611,-1,369,611,370,-1,370,611,610,-1,370,610,371,-1,371,610,601,-1,371,601,372,-1,372,601,600,-1,372,600,373,-1,373,600,629,-1,373,629,374,-1,374,629,631,-1,398,605,399,-1,399,605,628,-1,399,628,392,-1,392,628,650,-1,392,650,393,-1,393,650,649,-1,393,649,395,-1,395,649,645,-1,395,645,396,-1,396,645,644,-1,396,644,400,-1,400,644,662,-1,400,662,401,-1,401,662,661,-1,362,669,363,-1,363,669,671,-1,363,671,366,-1,366,671,665,-1,366,665,367,-1,367,665,666,-1,367,666,360,-1,360,666,657,-1,360,657,361,-1,361,657,653,-1,361,653,364,-1,364,653,646,-1,364,646,352,-1,352,646,637,-1,352,637,353,-1,1187,1188,1189,-1,1189,1188,1190,-1,1191,1192,1193,-1,1193,1192,1194,-1,1193,1194,1195,-1,1195,1194,1196,-1,1196,1194,1197,-1,1196,1197,1198,-1,1198,1197,1199,-1,1198,1199,1200,-1,1201,1202,1193,-1,1193,1202,1203,-1,1193,1203,1191,-1,1200,1204,1198,-1,1198,1204,1205,-1,1198,1205,1206,-1,1207,1208,1209,-1,1209,1208,1210,-1,1211,1212,1213,-1,1213,1212,1214,-1,1213,1214,1215,-1,1215,1214,1216,-1,1216,1214,1217,-1,1216,1217,1218,-1,1218,1217,1219,-1,1218,1219,1220,-1,1221,1222,1213,-1,1213,1222,1223,-1,1213,1223,1211,-1,1220,1224,1218,-1,1218,1224,1225,-1,1218,1225,1226,-1,1217,1214,1194,-1,1194,1214,1197,-1,1207,1227,1228,-1,1228,1227,1229,-1,1229,1227,1230,-1,1229,1230,614,-1,1198,1213,1196,-1,1196,1213,1215,-1,1196,1215,1231,-1,1231,1215,1232,-1,1231,1232,1233,-1,1233,1232,1234,-1,1233,1234,1235,-1,1235,1234,1236,-1,1235,1236,1237,-1,1237,1236,1238,-1,1237,1238,1187,-1,1187,1238,1208,-1,1187,1208,1188,-1,1188,1208,1207,-1,1188,1207,1239,-1,1239,1207,1228,-1,299,620,300,-1,300,620,614,-1,300,614,1240,-1,1240,614,1230,-1,1218,1193,1216,-1,1216,1193,1195,-1,1216,1195,1241,-1,1241,1195,1242,-1,1241,1242,1243,-1,1243,1242,1244,-1,1243,1244,1245,-1,1245,1244,1246,-1,1245,1246,1247,-1,1247,1246,1248,-1,1247,1248,1210,-1,1210,1248,1189,-1,1210,1189,1209,-1,1189,1190,1209,-1,1209,1190,1249,-1,1209,1249,1250,-1,1250,1249,1251,-1,1250,1251,1252,-1,1252,1251,1253,-1,1252,1253,1254,-1,1254,1253,613,-1,1254,613,378,-1,378,613,612,-1,378,612,376,-1,605,398,606,-1,606,398,397,-1,606,397,654,-1,654,397,385,-1,654,385,655,-1,655,385,384,-1,655,384,656,-1,656,384,383,-1,656,383,622,-1,622,383,377,-1,622,377,612,-1,612,377,376,-1,353,637,357,-1,357,637,636,-1,357,636,358,-1,358,636,635,-1,358,635,359,-1,359,635,624,-1,359,624,354,-1,354,624,623,-1,354,623,355,-1,355,623,621,-1,355,621,299,-1,299,621,620,-1,1217,1194,1192,-1,1217,1192,1219,-1,1219,1192,1191,-1,1219,1191,1220,-1,1220,1191,1203,-1,1220,1203,1224,-1,1224,1203,1202,-1,1224,1202,1225,-1,1225,1202,1201,-1,1225,1201,1226,-1,1226,1201,1193,-1,1226,1193,1218,-1,1197,1214,1212,-1,1197,1212,1199,-1,1199,1212,1211,-1,1199,1211,1200,-1,1200,1211,1223,-1,1200,1223,1204,-1,1204,1223,1222,-1,1204,1222,1205,-1,1205,1222,1221,-1,1205,1221,1206,-1,1206,1221,1213,-1,1206,1213,1198,-1,614,613,1253,-1,614,1253,1229,-1,1229,1253,1251,-1,1229,1251,1228,-1,1228,1251,1249,-1,1228,1249,1239,-1,1239,1249,1190,-1,1239,1190,1188,-1,1215,1216,1241,-1,1215,1241,1232,-1,1232,1241,1243,-1,1232,1243,1234,-1,1234,1243,1245,-1,1234,1245,1236,-1,1236,1245,1247,-1,1236,1247,1238,-1,1238,1247,1210,-1,1238,1210,1208,-1,1187,1189,1248,-1,1187,1248,1237,-1,1237,1248,1246,-1,1237,1246,1235,-1,1235,1246,1244,-1,1235,1244,1233,-1,1233,1244,1242,-1,1233,1242,1231,-1,1231,1242,1195,-1,1231,1195,1196,-1,1207,1209,1250,-1,1254,378,301,-1,1207,1250,1227,-1,1227,1250,1252,-1,1227,1252,1230,-1,1230,1252,1254,-1,1230,1254,1240,-1,1240,1254,301,-1,1240,301,300,-1,1255,1256,1257,-1,1257,1256,1258,-1,1259,1260,1261,-1,1261,1260,1262,-1,1261,1262,1263,-1,1263,1262,1264,-1,1264,1262,1265,-1,1264,1265,1266,-1,1266,1265,1267,-1,1266,1267,1268,-1,1268,1269,1266,-1,1266,1269,1270,-1,1266,1270,1271,-1,1272,1273,1261,-1,1261,1273,1274,-1,1261,1274,1259,-1,1265,1262,1275,-1,1275,1262,1276,-1,1277,1278,1279,-1,1279,1278,1275,-1,1279,1275,1280,-1,1280,1275,1281,-1,1281,1275,1276,-1,1281,1276,1282,-1,1282,1276,1283,-1,1282,1283,1284,-1,1285,1286,1279,-1,1279,1286,1287,-1,1279,1287,1277,-1,1284,1288,1282,-1,1282,1288,1289,-1,1282,1289,1290,-1,1291,1292,1293,-1,1293,1292,1294,-1,1266,1279,1264,-1,1264,1279,1280,-1,1264,1280,1295,-1,1295,1280,1296,-1,1295,1296,1297,-1,1297,1296,1298,-1,1297,1298,1299,-1,1299,1298,1300,-1,1299,1300,1301,-1,1301,1300,1302,-1,1301,1302,1255,-1,1255,1302,1292,-1,1255,1292,1256,-1,1292,1291,1256,-1,1256,1291,1303,-1,1256,1303,1304,-1,1304,1303,1305,-1,1304,1305,1306,-1,1306,1305,1307,-1,1306,1307,1308,-1,1308,1307,266,-1,1308,266,158,-1,158,266,265,-1,158,265,160,-1,1258,1309,1310,-1,1310,1309,1311,-1,1311,1309,1312,-1,1311,1312,267,-1,1282,1261,1281,-1,1281,1261,1263,-1,1281,1263,1313,-1,1313,1263,1314,-1,1313,1314,1315,-1,1315,1314,1316,-1,1315,1316,1317,-1,1317,1316,1318,-1,1317,1318,1319,-1,1319,1318,1320,-1,1319,1320,1294,-1,1294,1320,1257,-1,1294,1257,1293,-1,1293,1257,1258,-1,1293,1258,1321,-1,1321,1258,1310,-1,159,269,157,-1,157,269,267,-1,157,267,1322,-1,1322,267,1312,-1,1323,1324,1325,-1,1325,1324,1326,-1,1327,1328,1329,-1,1329,1328,1330,-1,1329,1330,1331,-1,1331,1330,1332,-1,1332,1330,1333,-1,1332,1333,1334,-1,1334,1333,1335,-1,1334,1335,1336,-1,1337,1338,1329,-1,1329,1338,1339,-1,1329,1339,1327,-1,1336,1340,1334,-1,1334,1340,1341,-1,1334,1341,1342,-1,1333,1330,1343,-1,1343,1330,1344,-1,1345,1346,1347,-1,1347,1346,1343,-1,1347,1343,1348,-1,1348,1343,1349,-1,1349,1343,1344,-1,1349,1344,1350,-1,1350,1344,1351,-1,1350,1351,1352,-1,1353,1354,1347,-1,1347,1354,1355,-1,1347,1355,1345,-1,1352,1356,1350,-1,1350,1356,1357,-1,1350,1357,1358,-1,1359,1360,1361,-1,1361,1360,1362,-1,690,1363,691,-1,691,1363,1364,-1,691,1364,1365,-1,1365,1364,1324,-1,1334,1347,1332,-1,1332,1347,1348,-1,1332,1348,1366,-1,1366,1348,1367,-1,1366,1367,1368,-1,1368,1367,1369,-1,1368,1369,1323,-1,1323,1369,1360,-1,1323,1360,1324,-1,1324,1360,1359,-1,1324,1359,1365,-1,1370,735,1371,-1,1371,735,692,-1,1371,692,1326,-1,1350,1329,1349,-1,1349,1329,1331,-1,1349,1331,1372,-1,1372,1331,1373,-1,1372,1373,1374,-1,1374,1373,1375,-1,1374,1375,1362,-1,1362,1375,1325,-1,1362,1325,1361,-1,1361,1325,1326,-1,1361,1326,1376,-1,1376,1326,692,-1,734,717,1169,-1,1169,717,1377,-1,1169,1377,1171,-1,1171,1377,1378,-1,1171,1378,1173,-1,1173,1378,1379,-1,1173,1379,1175,-1,1175,1379,1380,-1,1175,1380,1177,-1,1177,1380,1381,-1,1177,1381,593,-1,593,1381,582,-1,238,216,939,-1,939,216,1382,-1,939,1382,941,-1,941,1382,1383,-1,941,1383,943,-1,943,1383,1384,-1,943,1384,945,-1,945,1384,1385,-1,945,1385,947,-1,947,1385,1386,-1,947,1386,685,-1,685,1386,699,-1,740,739,1168,-1,419,420,1176,-1,1176,420,421,-1,1176,421,394,-1,740,1168,1387,-1,1387,1168,1170,-1,1387,1170,1388,-1,1388,1170,1172,-1,1388,1172,1389,-1,1389,1172,1174,-1,1389,1174,1390,-1,1390,1174,1176,-1,1390,1176,1391,-1,1391,1176,394,-1,1391,394,381,-1,96,95,938,-1,96,938,1392,-1,1392,938,940,-1,1392,940,1393,-1,1393,940,942,-1,1393,942,1394,-1,1394,942,944,-1,1394,944,1395,-1,1395,944,946,-1,1395,946,1396,-1,1396,946,741,-1,1396,741,773,-1,683,702,755,-1,755,702,760,-1,760,702,761,-1,761,702,675,-1,761,675,762,-1,762,675,674,-1,762,674,765,-1,765,674,708,-1,765,708,751,-1,751,708,704,-1,751,704,752,-1,752,704,694,-1,752,694,738,-1,738,694,733,-1,698,697,798,-1,798,697,787,-1,782,753,716,-1,716,753,727,-1,782,716,770,-1,770,716,715,-1,770,715,763,-1,763,715,732,-1,763,732,764,-1,764,732,693,-1,764,693,783,-1,783,693,695,-1,783,695,784,-1,784,695,696,-1,784,696,785,-1,785,696,703,-1,785,703,786,-1,786,703,705,-1,766,711,767,-1,767,711,710,-1,767,710,768,-1,768,710,709,-1,768,709,769,-1,769,709,676,-1,769,676,795,-1,795,676,686,-1,795,686,796,-1,796,686,701,-1,796,701,797,-1,797,701,700,-1,797,700,798,-1,798,700,698,-1,787,697,788,-1,788,697,724,-1,788,724,789,-1,789,724,723,-1,789,723,775,-1,775,723,707,-1,775,707,774,-1,774,707,706,-1,774,706,772,-1,772,706,722,-1,772,722,771,-1,771,722,721,-1,771,721,776,-1,776,721,720,-1,776,720,777,-1,777,720,719,-1,777,719,778,-1,778,719,718,-1,778,718,799,-1,799,718,728,-1,799,728,753,-1,753,728,727,-1,1344,1330,1328,-1,1344,1328,1351,-1,1351,1328,1327,-1,1351,1327,1352,-1,1352,1327,1339,-1,1352,1339,1356,-1,1356,1339,1338,-1,1356,1338,1357,-1,1357,1338,1337,-1,1357,1337,1358,-1,1358,1337,1329,-1,1358,1329,1350,-1,1333,1343,1346,-1,1333,1346,1335,-1,1335,1346,1345,-1,1335,1345,1336,-1,1336,1345,1355,-1,1336,1355,1340,-1,1340,1355,1354,-1,1340,1354,1341,-1,1341,1354,1353,-1,1341,1353,1342,-1,1342,1353,1347,-1,1342,1347,1334,-1,1323,1325,1375,-1,1323,1375,1368,-1,1368,1375,1373,-1,1368,1373,1366,-1,1366,1373,1331,-1,1366,1331,1332,-1,1359,1361,1376,-1,1359,1376,1365,-1,1365,1376,692,-1,1365,692,691,-1,1348,1349,1372,-1,1348,1372,1367,-1,1367,1372,1374,-1,1367,1374,1369,-1,1369,1374,1362,-1,1369,1362,1360,-1,1370,1364,792,-1,792,1364,1363,-1,792,1363,756,-1,1370,1371,1364,-1,1364,1371,1326,-1,1364,1326,1324,-1,1397,705,1398,-1,1398,705,731,-1,1398,731,1399,-1,1399,731,730,-1,1399,730,1400,-1,1400,730,729,-1,1400,729,1401,-1,1401,729,737,-1,1401,737,1402,-1,1402,737,736,-1,1402,736,792,-1,792,736,735,-1,792,735,1403,-1,711,766,725,-1,725,766,802,-1,725,802,726,-1,726,802,801,-1,726,801,712,-1,712,801,800,-1,712,800,713,-1,713,800,781,-1,713,781,714,-1,714,781,780,-1,714,780,690,-1,690,780,1404,-1,690,1404,1405,-1,162,153,258,-1,258,153,259,-1,263,262,108,-1,108,262,150,-1,289,291,174,-1,174,291,175,-1,150,262,147,-1,147,262,228,-1,147,228,146,-1,146,228,227,-1,146,227,145,-1,145,227,226,-1,145,226,151,-1,151,226,218,-1,151,218,152,-1,152,218,217,-1,152,217,153,-1,153,217,259,-1,175,291,122,-1,122,291,293,-1,122,293,123,-1,123,293,241,-1,123,241,92,-1,92,241,242,-1,92,242,93,-1,93,242,243,-1,93,243,110,-1,110,243,264,-1,110,264,108,-1,108,264,263,-1,162,258,163,-1,163,258,257,-1,163,257,164,-1,164,257,240,-1,164,240,165,-1,165,240,239,-1,165,239,166,-1,166,239,247,-1,166,247,167,-1,167,247,246,-1,167,246,128,-1,128,246,237,-1,128,237,129,-1,129,237,236,-1,144,278,170,-1,170,278,277,-1,170,277,171,-1,171,277,276,-1,171,276,172,-1,172,276,286,-1,172,286,184,-1,184,286,285,-1,184,285,185,-1,185,285,284,-1,185,284,173,-1,173,284,282,-1,173,282,174,-1,174,282,289,-1,269,159,252,-1,252,159,114,-1,252,114,250,-1,250,114,112,-1,250,112,279,-1,279,112,111,-1,279,111,254,-1,254,111,131,-1,254,131,253,-1,253,131,130,-1,253,130,236,-1,236,130,129,-1,160,265,161,-1,161,265,268,-1,161,268,113,-1,113,268,251,-1,113,251,141,-1,141,251,249,-1,141,249,142,-1,142,249,248,-1,142,248,143,-1,143,248,280,-1,143,280,144,-1,144,280,278,-1,1261,1282,1290,-1,1261,1290,1272,-1,1272,1290,1289,-1,1272,1289,1273,-1,1273,1289,1288,-1,1273,1288,1274,-1,1274,1288,1284,-1,1274,1284,1259,-1,1259,1284,1283,-1,1259,1283,1260,-1,1260,1283,1276,-1,1260,1276,1262,-1,1279,1266,1271,-1,1279,1271,1285,-1,1285,1271,1270,-1,1285,1270,1286,-1,1286,1270,1269,-1,1286,1269,1287,-1,1287,1269,1268,-1,1287,1268,1277,-1,1277,1268,1267,-1,1277,1267,1278,-1,1278,1267,1265,-1,1278,1265,1275,-1,1291,1293,1321,-1,1291,1321,1303,-1,1303,1321,1310,-1,1303,1310,1305,-1,1305,1310,1311,-1,1305,1311,1307,-1,1307,1311,267,-1,1307,267,266,-1,1255,1257,1320,-1,1255,1320,1301,-1,1301,1320,1318,-1,1301,1318,1299,-1,1299,1318,1316,-1,1299,1316,1297,-1,1297,1316,1314,-1,1297,1314,1295,-1,1295,1314,1263,-1,1295,1263,1264,-1,1280,1281,1313,-1,1280,1313,1296,-1,1296,1313,1315,-1,1296,1315,1298,-1,1298,1315,1317,-1,1298,1317,1300,-1,1300,1317,1319,-1,1300,1319,1302,-1,1302,1319,1294,-1,1302,1294,1292,-1,158,157,1322,-1,158,1322,1308,-1,1308,1322,1312,-1,1308,1312,1306,-1,1306,1312,1309,-1,1306,1309,1304,-1,1304,1309,1258,-1,1304,1258,1256,-1,
        ]
    }
}
Shape{
    appearance Appearance {
        material  Material 	{
            diffuseColor 1.0 1.0 1.0
            specularColor 0.8784313725490196 0.8784313725490196 0.8784313725490196
            ambientIntensity 0.2
            transparency 0
            shininess 0.5
        }
    }
    geometry IndexedFaceSet {
        ccw TRUE
        solid FALSE
        coord DEF co Coordinate {
            point [
                0.6674 0.3815 -1.1142, 0.821 0.7752 -1.1142, 0.6674 0.3815 -1.122, 0.821 0.7752 -1.122, 0.7634 0.7752 -1.1142, 0.7634 0.7752 -1.122, 0.7236 0.6647 -1.1142, 0.7236 0.6647 -1.122, 0.5609 0.6647 -1.1142, 0.5609 0.6647 -1.122, 0.5233 0.7752 -1.1142, 0.5233 0.7752 -1.122, 0.4712 0.7752 -1.122, 0.4657 0.7752 -1.1142, 0.4657 0.7752 -1.122, 0.6146 0.3815 -1.1142, 0.6146 0.3815 -1.122, 0.4712 0.7607 -1.122, 0.5742 0.6215 -1.1142, 0.6329 0.4571 -1.1142, 0.6367 0.4434 -1.1142, 0.6392 0.4295 -1.1142, 0.6405 0.4295 -1.1142, 0.6431 0.4434 -1.1142, 0.7059 0.6215 -1.1142, 0.6466 0.4571 -1.1142, 0.5742 0.6215 -1.122, 0.7059 0.6215 -1.122, 0.6329 0.4571 -1.122, 0.6367 0.4434 -1.122, 0.6392 0.4295 -1.122, 0.6405 0.4295 -1.122, 0.6431 0.4434 -1.122, 0.6466 0.4571 -1.122, 0.2271 0.7752 -1.1142, 0.12 0.7752 -1.1142, 0.2271 0.7752 -1.122, 0.12 0.7752 -1.122, 0.12 0.3815 -1.1142, 0.12 0.3815 -1.122, 0.2311 0.3815 -1.1142, 0.2311 0.3815 -1.122, 0.4369 0.5734 -1.1142, 0.4369 0.5734 -1.122, 0.4341 0.5363 -1.122, 0.4341 0.5363 -1.1142, 0.4235 0.4975 -1.122, 0.4235 0.4975 -1.1142, 0.4052 0.4637 -1.122, 0.4052 0.4637 -1.1142, 0.3773 0.4328 -1.122, 0.3773 0.4328 -1.1142, 0.3769 0.4324 -1.122, 0.3769 0.4324 -1.1142, 0.3341 0.4037 -1.122, 0.3341 0.4037 -1.1142, 0.288 0.3875 -1.122, 0.288 0.3875 -1.1142, 0.2758 0.7709 -1.122, 0.2758 0.7709 -1.1142, 0.3212 0.7574 -1.122, 0.3212 0.7574 -1.1142, 0.3623 0.7335 -1.122, 0.3623 0.7335 -1.1142, 0.3947 0.7025 -1.122, 0.3947 0.7025 -1.1142, 0.4173 0.6673 -1.122, 0.4173 0.6673 -1.1142, 0.4314 0.6261 -1.122, 0.4314 0.6261 -1.1142, 0.3579 0.4799 -1.1142, 0.3388 0.4596 -1.1142, 0.31 0.441 -1.1142, 0.2775 0.4296 -1.1142, 0.2309 0.4247 -1.1142, 0.1728 0.4247 -1.1142, 0.1728 0.732 -1.1142, 0.2287 0.732 -1.1142, 0.2703 0.7281 -1.1142, 0.3034 0.7177 -1.1142, 0.3302 0.7018 -1.1142, 0.3523 0.68 -1.1142, 0.3689 0.6528 -1.1142, 0.3805 0.6158 -1.1142, 0.3841 0.5745 -1.1142, 0.3808 0.5353 -1.1142, 0.3716 0.5042 -1.1142, 0.2309 0.4247 -1.122, 0.1728 0.4247 -1.122, 0.2775 0.4296 -1.122, 0.31 0.441 -1.122, 0.3388 0.4596 -1.122, 0.3579 0.4799 -1.122, 0.3716 0.5042 -1.122, 0.3808 0.5353 -1.122, 0.3841 0.5745 -1.122, 0.3805 0.6158 -1.122, 0.3689 0.6528 -1.122, 0.3523 0.68 -1.122, 0.3302 0.7018 -1.122, 0.3034 0.7177 -1.122, 0.2703 0.7281 -1.122, 0.2287 0.732 -1.122, 0.1728 0.732 -1.122, 0.0432 0.732 -1.1142, 0.0432 0.7752 -1.1142, 0.0432 0.732 -1.122, 0.0432 0.7752 -1.122, -0.168 0.7752 -1.1142, -0.168 0.7752 -1.122, -0.168 0.3815 -1.1142, -0.168 0.3815 -1.122, 0.0336 0.3815 -1.1142, 0.0336 0.3815 -1.122, 0.0336 0.4247 -1.1142, 0.0336 0.4247 -1.122, -0.1152 0.4247 -1.1142, -0.1152 0.4247 -1.122, -0.1152 0.5543 -1.1142, -0.1152 0.5543 -1.122, 0.024 0.5543 -1.1142, 0.024 0.5543 -1.122, 0.024 0.5975 -1.1142, 0.024 0.5975 -1.122, -0.1152 0.5975 -1.1142, -0.1152 0.5975 -1.122, -0.1152 0.732 -1.1142, -0.1152 0.732 -1.122, -0.2449 0.7116 -1.1142, -0.2449 0.7548 -1.1142, -0.2449 0.7116 -1.122, -0.2449 0.7548 -1.122, -0.2868 0.772 -1.1142, -0.3532 0.78 -1.1142, -0.3532 0.78 -1.122, -0.3424 0.7798 -1.122, -0.3424 0.7798 -1.1142, -0.3266 0.7776 -1.122, -0.2868 0.772 -1.122, -0.5377 0.5857 -1.1142, -0.5377 0.5857 -1.122, -0.5339 0.6313 -1.122, -0.5339 0.6313 -1.1142, -0.5221 0.673 -1.122, -0.5221 0.673 -1.1142, -0.5011 0.7104 -1.122, -0.5011 0.7104 -1.1142, -0.4715 0.7416 -1.122, -0.4715 0.7416 -1.1142, -0.4399 0.7618 -1.122, -0.4399 0.7618 -1.1142, -0.4017 0.7749 -1.122, -0.4017 0.7749 -1.1142, -0.3763 0.7776 -1.122, -0.3375 0.3767 -1.1142, -0.3375 0.3767 -1.122, -0.3771 0.3799 -1.1142, -0.3669 0.3791 -1.122, -0.3771 0.3799 -1.122, -0.4209 0.3926 -1.122, -0.4209 0.3926 -1.1142, -0.4583 0.4142 -1.122, -0.4583 0.4142 -1.1142, -0.4939 0.4484 -1.122, -0.4939 0.4484 -1.1142, -0.517 0.4852 -1.122, -0.517 0.4852 -1.1142, -0.5321 0.5298 -1.122, -0.5321 0.5298 -1.1142, -0.3027 0.3791 -1.122, -0.2904 0.3799 -1.1142, -0.2904 0.3799 -1.122, -0.2449 0.3923 -1.1142, -0.2449 0.3923 -1.122, -0.2449 0.4451 -1.1142, -0.2449 0.4451 -1.122, -0.3371 0.4199 -1.1142, -0.3371 0.4199 -1.122, -0.2892 0.4261 -1.122, -0.2892 0.4261 -1.1142, -0.4849 0.5825 -1.1142, -0.4849 0.5825 -1.122, -0.483 0.5519 -1.122, -0.483 0.5519 -1.1142, -0.4726 0.5097 -1.122, -0.4726 0.5097 -1.1142, -0.4563 0.4793 -1.122, -0.4563 0.4793 -1.1142, -0.4325 0.4531 -1.122, -0.4325 0.4531 -1.1142, -0.4053 0.4349 -1.122, -0.4053 0.4349 -1.1142, -0.3758 0.4242 -1.122, -0.3758 0.4242 -1.1142, -0.3459 0.7368 -1.1142, -0.3459 0.7368 -1.122, -0.3826 0.7326 -1.122, -0.3826 0.7326 -1.1142, -0.4113 0.7221 -1.122, -0.4113 0.7221 -1.1142, -0.4355 0.7058 -1.122, -0.4355 0.7058 -1.1142, -0.454 0.6863 -1.122, -0.454 0.6863 -1.1142, -0.4702 0.659 -1.122, -0.4702 0.659 -1.1142, -0.4809 0.6251 -1.122, -0.4809 0.6251 -1.1142, -0.2519 0.7155 -1.122, -0.2519 0.7155 -1.1142, -0.2937 0.731 -1.122, -0.2937 0.731 -1.1142, -0.5713 0.732 -1.1142, -0.5713 0.7752 -1.1142, -0.5713 0.732 -1.122, -0.5713 0.7752 -1.122, -0.773 0.7752 -1.1142, -0.773 0.7752 -1.122, -0.773 0.3815 -1.1142, -0.773 0.3815 -1.122, -0.7202 0.3815 -1.1142, -0.7202 0.3815 -1.122, -0.7202 0.732 -1.1142, -0.7202 0.732 -1.122, -0.7202 0.732 -1.122
            ]
        }
        coordIndex [
            0,1,2,-1,2,1,3,-1,1,4,3,-1,3,4,5,-1,4,6,5,-1,5,6,7,-1,6,8,7,-1,7,8,9,-1,8,10,9,-1,9,10,11,-1,11,10,12,-1,12,10,13,-1,12,13,14,-1,15,16,13,-1,13,16,17,-1,13,17,14,-1,15,0,16,-1,16,0,2,-1,18,19,15,-1,13,10,8,-1,19,20,15,-1,15,20,21,-1,15,21,0,-1,0,21,22,-1,0,22,23,-1,15,13,18,-1,18,13,8,-1,18,8,24,-1,24,8,6,-1,23,25,0,-1,0,25,24,-1,0,24,1,-1,1,24,6,-1,1,6,4,-1,18,24,26,-1,26,24,27,-1,19,18,28,-1,28,18,26,-1,19,28,29,-1,19,29,20,-1,20,29,30,-1,20,30,21,-1,22,21,31,-1,31,21,30,-1,22,31,32,-1,22,32,23,-1,23,32,33,-1,23,33,25,-1,24,25,27,-1,27,25,33,-1,34,35,36,-1,36,35,37,-1,35,38,37,-1,37,38,39,-1,38,40,39,-1,39,40,41,-1,42,43,44,-1,42,44,45,-1,45,44,46,-1,45,46,47,-1,47,46,48,-1,47,48,49,-1,49,48,50,-1,49,50,51,-1,51,50,52,-1,51,52,53,-1,53,52,54,-1,53,54,55,-1,55,54,56,-1,55,56,57,-1,57,56,41,-1,57,41,40,-1,34,36,58,-1,34,58,59,-1,59,58,60,-1,59,60,61,-1,61,60,62,-1,61,62,63,-1,63,62,64,-1,63,64,65,-1,65,64,66,-1,65,66,67,-1,67,66,68,-1,67,68,69,-1,69,68,43,-1,69,43,42,-1,47,49,70,-1,70,49,51,-1,70,51,71,-1,71,51,53,-1,71,53,72,-1,72,53,55,-1,72,55,73,-1,73,55,57,-1,73,57,74,-1,74,57,40,-1,74,40,75,-1,75,40,38,-1,75,38,76,-1,76,38,35,-1,76,35,77,-1,77,35,34,-1,77,34,78,-1,78,34,59,-1,78,59,79,-1,79,59,61,-1,79,61,80,-1,80,61,63,-1,80,63,81,-1,81,63,65,-1,81,65,82,-1,82,65,67,-1,82,67,83,-1,83,67,69,-1,83,69,84,-1,84,69,42,-1,84,42,85,-1,85,42,45,-1,85,45,86,-1,86,45,47,-1,86,47,70,-1,74,75,87,-1,87,75,88,-1,74,87,89,-1,74,89,73,-1,73,89,90,-1,73,90,72,-1,72,90,91,-1,72,91,71,-1,71,91,92,-1,71,92,70,-1,70,92,93,-1,70,93,86,-1,86,93,94,-1,86,94,85,-1,85,94,95,-1,85,95,84,-1,84,95,96,-1,84,96,83,-1,83,96,97,-1,83,97,82,-1,82,97,98,-1,82,98,81,-1,81,98,99,-1,81,99,80,-1,80,99,100,-1,80,100,79,-1,79,100,101,-1,79,101,78,-1,78,101,102,-1,78,102,77,-1,76,77,103,-1,103,77,102,-1,75,76,88,-1,88,76,103,-1,104,105,106,-1,106,105,107,-1,105,108,107,-1,107,108,109,-1,108,110,109,-1,109,110,111,-1,110,112,111,-1,111,112,113,-1,112,114,113,-1,113,114,115,-1,114,116,115,-1,115,116,117,-1,116,118,117,-1,117,118,119,-1,118,120,119,-1,119,120,121,-1,120,122,121,-1,121,122,123,-1,122,124,123,-1,123,124,125,-1,124,126,125,-1,125,126,127,-1,126,104,127,-1,127,104,106,-1,108,105,104,-1,104,126,108,-1,108,126,124,-1,108,124,110,-1,114,112,116,-1,116,112,110,-1,116,110,118,-1,118,110,124,-1,118,124,120,-1,120,124,122,-1,128,129,130,-1,130,129,131,-1,131,129,132,-1,133,134,135,-1,133,135,136,-1,136,135,137,-1,136,137,132,-1,132,137,138,-1,132,138,131,-1,139,140,141,-1,139,141,142,-1,142,141,143,-1,142,143,144,-1,144,143,145,-1,144,145,146,-1,146,145,147,-1,146,147,148,-1,148,147,149,-1,148,149,150,-1,150,149,151,-1,150,151,152,-1,152,151,133,-1,133,151,153,-1,133,153,134,-1,154,155,156,-1,156,155,157,-1,157,158,156,-1,156,158,159,-1,156,159,160,-1,160,159,161,-1,160,161,162,-1,162,161,163,-1,162,163,164,-1,164,163,165,-1,164,165,166,-1,166,165,167,-1,166,167,168,-1,168,167,140,-1,168,140,139,-1,155,154,169,-1,169,154,170,-1,169,170,171,-1,171,170,172,-1,171,172,173,-1,172,174,173,-1,173,174,175,-1,176,177,178,-1,176,178,179,-1,179,178,175,-1,179,175,174,-1,180,181,182,-1,180,182,183,-1,183,182,184,-1,183,184,185,-1,185,184,186,-1,185,186,187,-1,187,186,188,-1,187,188,189,-1,189,188,190,-1,189,190,191,-1,191,190,192,-1,191,192,193,-1,193,192,177,-1,193,177,176,-1,194,195,196,-1,194,196,197,-1,197,196,198,-1,197,198,199,-1,199,198,200,-1,199,200,201,-1,201,200,202,-1,201,202,203,-1,203,202,204,-1,203,204,205,-1,205,204,206,-1,205,206,207,-1,207,206,181,-1,207,181,180,-1,128,130,208,-1,128,208,209,-1,209,208,210,-1,209,210,211,-1,211,210,195,-1,211,195,194,-1,197,133,194,-1,194,133,136,-1,194,136,211,-1,211,136,132,-1,211,132,209,-1,209,132,129,-1,209,129,128,-1,174,172,179,-1,179,172,170,-1,179,170,176,-1,176,170,154,-1,176,154,193,-1,193,154,156,-1,193,156,191,-1,191,156,160,-1,191,160,189,-1,189,160,162,-1,189,162,187,-1,187,162,164,-1,187,164,185,-1,185,164,166,-1,185,166,183,-1,183,166,168,-1,183,168,180,-1,180,168,139,-1,180,139,207,-1,207,139,142,-1,207,142,205,-1,205,142,144,-1,205,144,203,-1,203,144,146,-1,203,146,201,-1,201,146,148,-1,201,148,199,-1,199,148,150,-1,199,150,197,-1,197,150,152,-1,197,152,133,-1,212,213,214,-1,214,213,215,-1,213,216,215,-1,215,216,217,-1,216,218,217,-1,217,218,219,-1,218,220,219,-1,219,220,221,-1,220,222,221,-1,221,222,223,-1,222,212,223,-1,223,212,214,-1,220,218,222,-1,222,218,216,-1,222,216,212,-1,212,216,213,-1,
        ]
    }
}
Shape{
    appearance Appearance {
        material  Material 	{
            diffuseColor 0.6666666666666666 0.6666666666666666 0.6666666666666666
            specularColor 0.4666666666666667 0.4666666666666667 0.4666666666666667
            ambientIntensity 0.2
            transparency 0
            shininess 0.5
        }
    }
    geometry IndexedFaceSet {
        ccw TRUE
        solid FALSE
        coord DEF co Coordinate {
            point [
                0.5742 0.6215 -1.122, 0.7059 0.6215 -1.122, 0.6329 0.4571 -1.122, 0.6466 0.4571 -1.122, 0.6367 0.4434 -1.122, 0.6431 0.4434 -1.122, 0.6392 0.4295 -1.122, 0.6405 0.4295 -1.122, 0.1728 0.4247 -1.122, 0.1728 0.732 -1.122, 0.2309 0.4247 -1.122, 0.2287 0.732 -1.122, 0.2703 0.7281 -1.122, 0.3841 0.5745 -1.122, 0.3808 0.5353 -1.122, 0.3716 0.5042 -1.122, 0.2775 0.4296 -1.122, 0.3034 0.7177 -1.122, 0.3302 0.7018 -1.122, 0.3523 0.68 -1.122, 0.3689 0.6528 -1.122, 0.3805 0.6158 -1.122, 0.3579 0.4799 -1.122, 0.3388 0.4596 -1.122, 0.31 0.441 -1.122, -2.5787 2.6083 -1.122, -2.5787 1.9307 -1.122, -2.6969 1.9307 -1.122, -2.5787 2.6673 -1.122, -2.6623 2.7508 -1.122, -2.6378 2.7696 -1.122, -2.2244 2.7854 -1.122, -2.2244 2.6673 -1.122, -2.5787 2.7854 -1.122, -2.6093 2.7814 -1.122, -2.6969 2.6673 -1.122, -2.6928 2.6979 -1.122, -2.681 2.7264 -1.122, 2.2638 2.7854 0.7283, 2.2638 2.6673 0.7283, 2.5787 2.7854 0.7283, 2.5787 2.6673 0.7283, 2.2638 2.6673 0.9055, 2.2638 2.7854 0.9055, 2.2638 2.6649 0.9274, 2.2638 2.78 0.9537, 2.2638 2.6576 0.9482, 2.2638 2.764 0.9995, 2.2638 2.6458 0.9669, 2.2638 2.7382 1.0405, 2.2638 2.6303 0.9825, 2.2638 2.7039 1.0748, 2.2638 2.6116 0.9942, 2.2638 2.6628 1.1006, 2.2638 2.5908 1.0015, 2.2638 2.6171 1.1166, 2.2638 2.5689 1.0039, 2.2638 2.5689 1.122, 2.2638 2.5492 1.0039, 2.2638 2.5492 1.122, 0.3937 2.7854 0.7283, 0.3937 2.6673 0.7283, 1.8701 2.7854 0.7283, 1.8701 2.6673 0.7283, 1.8701 2.5492 1.0039, 1.8701 2.5492 1.122, 1.8701 2.5689 1.0039, 1.8701 2.5689 1.122, 1.8701 2.5908 1.0015, 1.8701 2.6171 1.1166, 1.8701 2.6116 0.9942, 1.8701 2.6628 1.1006, 1.8701 2.6303 0.9825, 1.8701 2.7039 1.0748, 1.8701 2.6458 0.9669, 1.8701 2.7382 1.0405, 1.8701 2.6576 0.9482, 1.8701 2.764 0.9995, 1.8701 2.6649 0.9274, 1.8701 2.78 0.9537, 1.8701 2.6673 0.9055, 1.8701 2.7854 0.9055, 0.3937 2.6673 0.9055, 0.3937 2.7854 0.9055, 0.3937 2.6649 0.9274, 0.3937 2.78 0.9537, 0.3937 2.6576 0.9482, 0.3937 2.764 0.9995, 0.3937 2.6458 0.9669, 0.3937 2.7382 1.0405, 0.3937 2.6303 0.9825, 0.3937 2.7039 1.0748, 0.3937 2.6116 0.9942, 0.3937 2.6628 1.1006, 0.3937 2.5908 1.0015, 0.3937 2.6171 1.1166, 0.3937 2.5689 1.0039, 0.3937 2.5689 1.122, 0.3937 2.5492 1.0039, 0.3937 2.5492 1.122, -2.2638 2.7854 0.7283, -2.5787 2.7854 0.7283, -2.2638 2.6673 0.7283, -2.5787 2.6673 0.7283, -2.2638 2.5492 1.0039, -2.2638 2.5492 1.122, -2.2638 2.5689 1.0039, -2.2638 2.5689 1.122, -2.2638 2.5908 1.0015, -2.2638 2.6171 1.1166, -2.2638 2.6116 0.9942, -2.2638 2.6628 1.1006, -2.2638 2.6303 0.9825, -2.2638 2.7039 1.0748, -2.2638 2.6458 0.9669, -2.2638 2.7382 1.0405, -2.2638 2.6576 0.9482, -2.2638 2.764 0.9995, -2.2638 2.6649 0.9274, -2.2638 2.78 0.9537, -2.2638 2.6673 0.9055, -2.2638 2.7854 0.9055, -0.3937 2.7854 0.7283, -1.8701 2.7854 0.7283, -0.3937 2.6673 0.7283, -1.8701 2.6673 0.7283, -1.8701 2.6673 0.9055, -1.8701 2.7854 0.9055, -1.8701 2.6649 0.9274, -1.8701 2.78 0.9537, -1.8701 2.6576 0.9482, -1.8701 2.764 0.9995, -1.8701 2.6458 0.9669, -1.8701 2.7382 1.0405, -1.8701 2.6303 0.9825, -1.8701 2.7039 1.0748, -1.8701 2.6116 0.9942, -1.8701 2.6628 1.1006, -1.8701 2.5908 1.0015, -1.8701 2.6171 1.1166, -1.8701 2.5689 1.0039, -1.8701 2.5689 1.122, -1.8701 2.5492 1.0039, -1.8701 2.5492 1.122, -0.3937 2.5492 1.0039, -0.3937 2.5492 1.122, -0.3937 2.5689 1.0039, -0.3937 2.5689 1.122, -0.3937 2.5908 1.0015, -0.3937 2.6171 1.1166, -0.3937 2.6116 0.9942, -0.3937 2.6628 1.1006, -0.3937 2.6303 0.9825, -0.3937 2.7039 1.0748, -0.3937 2.6458 0.9669, -0.3937 2.7382 1.0405, -0.3937 2.6576 0.9482, -0.3937 2.764 0.9995, -0.3937 2.6649 0.9274, -0.3937 2.78 0.9537, -0.3937 2.6673 0.9055, -0.3937 2.7854 0.9055, 1.9094 2.7854 -0.8071, 1.9094 2.6673 -0.8071, -1.9094 2.7854 -0.8071, -1.9094 2.6673 -0.8071, 2.2244 2.7854 -1.122, 2.2244 2.6673 -1.122, 2.5787 2.6673 -1.122, 2.5787 2.6083 -1.122, 2.5787 2.6083 -0.8071, 2.5787 2.5492 -0.8071, 2.5787 2.5492 -0.0591, 2.5787 2.6673 -0.0591, 2.5787 1.852 -0.0591, 2.6969 1.852 -0.0591, 2.6969 2.6673 -0.0591, 2.6928 2.6979 -0.0591, 2.681 2.7264 -0.0591, 2.6623 2.7508 -0.0591, 2.6378 2.7696 -0.0591, 2.6093 2.7814 -0.0591, 2.5787 2.7854 -0.0591, 2.6969 1.852 -1.0433, 2.5787 1.852 -1.0433, 2.6969 2.6673 -1.122, 2.6969 1.9307 -1.122, 2.6969 1.8546 -1.0637, 2.6969 1.8625 -1.0827, 2.6969 1.875 -1.099, 2.6969 1.8913 -1.1115, 2.6969 1.9103 -1.1194, -2.5787 1.852 -1.0433, -2.5787 1.852 -0.0591, -2.6969 1.852 -1.0433, -2.6969 1.852 -0.0591, -2.6969 2.6673 -0.0591, -2.5787 2.5492 -0.0591, -2.5787 2.6673 -0.0591, -2.5787 2.7854 -0.0591, -2.6093 2.7814 -0.0591, -2.6378 2.7696 -0.0591, -2.6623 2.7508 -0.0591, -2.681 2.7264 -0.0591, -2.6928 2.6979 -0.0591, -2.6969 1.8546 -1.0637, -2.6969 1.8913 -1.1115, -2.6969 1.875 -1.099, -2.6969 1.8625 -1.0827, -2.6969 1.9103 -1.1194, 2.5787 2.7854 -1.122, 2.6093 2.7814 -1.122, 2.6378 2.7696 -1.122, 2.6623 2.7508 -1.122, 2.681 2.7264 -1.122, 2.6928 2.6979 -1.122, -2.5787 1.9103 -1.1194, -2.5787 1.8913 -1.1115, -2.5787 1.875 -1.099, -2.5787 1.8625 -1.0827, -2.5787 1.8546 -1.0637, 2.5787 1.9307 -1.122, 2.5787 1.9103 -1.1194, 2.5787 1.8913 -1.1115, 2.5787 1.875 -1.099, 2.5787 1.8625 -1.0827, 2.5787 1.8546 -1.0637, -2.3819 -2.9035 -1.0039, -1.3293 -2.9035 -1.122, -0.5545 -2.9035 -1.122, -0.2065 -2.9035 -1.122, 0.0816 -2.9035 -1.122, 2.3819 -2.9035 -1.0039, 0.4513 -2.9035 -1.122, 0.4712 -2.9035 -1.122, 2.3819 -2.9035 -1.122, 2.4023 -2.9035 -1.0013, 2.4328 -2.9035 -1.1153, 2.4213 -2.9035 -0.9934, 2.4803 -2.9035 -1.0957, 2.4376 -2.9035 -0.9809, 2.5211 -2.9035 -1.0644, 2.4501 -2.9035 -0.9646, 2.5524 -2.9035 -1.0236, 2.4579 -2.9035 -0.9456, 2.572 -2.9035 -0.9761, 2.4606 -2.9035 -0.9252, 2.5787 -2.9035 -0.9252, 2.4606 -2.9035 0.9252, 2.5787 -2.9035 0.9252, 2.4579 -2.9035 0.9456, 2.572 -2.9035 0.9761, 2.4501 -2.9035 0.9646, 2.5524 -2.9035 1.0236, 2.4376 -2.9035 0.9809, 2.5211 -2.9035 1.0644, 2.4213 -2.9035 0.9934, 2.4803 -2.9035 1.0957, 2.4023 -2.9035 1.0013, 2.4328 -2.9035 1.1153, 2.3819 -2.9035 1.0039, 2.3819 -2.9035 1.122, -2.3819 -2.9035 1.0039, -2.3819 -2.9035 1.122, -2.4023 -2.9035 1.0013, -2.4328 -2.9035 1.1153, -2.4213 -2.9035 0.9934, -2.4803 -2.9035 1.0957, -2.4376 -2.9035 0.9809, -2.5211 -2.9035 1.0644, -2.4501 -2.9035 0.9646, -2.5524 -2.9035 1.0236, -2.4579 -2.9035 0.9456, -2.572 -2.9035 0.9761, -2.4606 -2.9035 0.9252, -2.5787 -2.9035 0.9252, -2.4606 -2.9035 -0.9252, -2.5787 -2.9035 -0.9252, -2.4579 -2.9035 -0.9456, -2.572 -2.9035 -0.9761, -2.4501 -2.9035 -0.9646, -2.5524 -2.9035 -1.0236, -2.4376 -2.9035 -0.9809, -2.5211 -2.9035 -1.0644, -2.4213 -2.9035 -0.9934, -2.4803 -2.9035 -1.0957, -2.4023 -2.9035 -1.0013, -2.4328 -2.9035 -1.1153, -2.3819 -2.9035 -1.122, 2.4606 2.6083 -0.8071, 2.4606 2.5492 -0.8071, 3.0709 2.6083 -1.6339, 3.0709 2.4114 -1.6339, 2.9944 2.4014 -1.6339, 2.6181 2.6083 -1.6339, 2.9232 2.3719 -1.6339, 2.8621 2.3249 -1.6339, 2.8152 2.2638 -1.6339, 2.7857 2.1926 -1.6339, 2.7756 2.1161 -1.6339, 2.6181 1.624 -1.6339, 2.7857 2.0397 -1.6339, 2.8152 1.9685 -1.6339, 2.8621 1.9074 -1.6339, 2.9232 1.8604 -1.6339, 3.0709 1.624 -1.6339, 2.9944 1.8309 -1.6339, 3.0709 1.8209 -1.6339, 3.0709 1.624 -1.5157, 3.0709 1.8209 -1.5157, 2.9944 1.8309 -1.5157, 2.8621 1.9074 -1.5157, 2.8152 1.9685 -1.5157, 2.6181 1.624 -1.5157, 2.8152 2.2638 -1.5157, 2.8621 2.3249 -1.5157, 2.6181 2.6083 -1.5157, 2.9232 2.3719 -1.5157, 3.0709 2.6083 -1.5157, 2.9944 2.4014 -1.5157, 3.0709 2.4114 -1.5157, 2.7857 2.0397 -1.5157, 2.7756 2.1161 -1.5157, 2.7857 2.1926 -1.5157, 2.9232 1.8604 -1.5157, 2.6093 1.624 -1.5148, 2.6093 2.6083 -1.5148, 2.601 1.624 -1.5118, 2.601 2.6083 -1.5118, 2.5936 1.624 -1.5072, 2.5936 2.6083 -1.5072, 2.5873 1.624 -1.5009, 2.5873 2.6083 -1.5009, 2.5826 1.624 -1.4935, 2.5826 2.6083 -1.4935, 2.5797 1.624 -1.4851, 2.5797 2.6083 -1.4851, 2.5787 1.624 -1.4764, 2.5787 2.6083 -1.4764, 2.4606 1.624 -1.4764, 2.4606 2.6083 -1.4764, 2.4646 2.6083 -1.5114, 2.4646 1.624 -1.5114, 2.4762 2.6083 -1.5447, 2.4762 1.624 -1.5447, 2.495 2.6083 -1.5746, 2.495 1.624 -1.5746, 2.5199 2.6083 -1.5995, 2.5199 1.624 -1.5995, 2.5498 2.6083 -1.6183, 2.5498 1.624 -1.6183, 2.5831 2.6083 -1.6299, 2.5831 1.624 -1.6299, 2.5787 1.624 -0.8858, 2.4606 1.624 -0.8858, -2.4606 2.5492 -0.8071, -2.4606 2.6083 -0.8071, -2.5787 2.5492 -0.8071, -2.5787 2.6083 -0.8071, -2.8621 1.9074 -1.6339, -2.8152 1.9685 -1.6339, -2.6181 1.624 -1.6339, -3.0709 1.624 -1.6339, -3.0709 1.8209 -1.6339, -2.9944 1.8309 -1.6339, -2.7857 2.0397 -1.6339, -2.7756 2.1161 -1.6339, -2.6181 2.6083 -1.6339, -2.7857 2.1926 -1.6339, -2.8152 2.2638 -1.6339, -2.9232 1.8604 -1.6339, -2.8621 2.3249 -1.6339, -2.9232 2.3719 -1.6339, -3.0709 2.6083 -1.6339, -2.9944 2.4014 -1.6339, -3.0709 2.4114 -1.6339, -2.5831 2.6083 -1.6299, -2.5831 1.624 -1.6299, -2.5498 2.6083 -1.6183, -2.5498 1.624 -1.6183, -2.5199 2.6083 -1.5995, -2.5199 1.624 -1.5995, -2.495 2.6083 -1.5746, -2.495 1.624 -1.5746, -2.4762 2.6083 -1.5447, -2.4762 1.624 -1.5447, -2.4646 2.6083 -1.5114, -2.4646 1.624 -1.5114, -2.4606 2.6083 -1.4764, -2.4606 1.624 -1.4764, -2.5787 1.624 -1.4764, -2.5787 2.6083 -1.4764, -2.5797 1.624 -1.4851, -2.5797 2.6083 -1.4851, -2.5826 1.624 -1.4935, -2.5826 2.6083 -1.4935, -2.5873 1.624 -1.5009, -2.5873 2.6083 -1.5009, -2.5936 1.624 -1.5072, -2.5936 2.6083 -1.5072, -2.601 1.624 -1.5118, -2.601 2.6083 -1.5118, -2.6093 1.624 -1.5148, -2.6093 2.6083 -1.5148, -2.6181 1.624 -1.5157, -2.6181 2.6083 -1.5157, -3.0709 2.6083 -1.5157, -3.0709 2.4114 -1.5157, -2.9944 2.4014 -1.5157, -2.8621 2.3249 -1.5157, -2.8152 2.2638 -1.5157, -2.7857 2.1926 -1.5157, -2.7756 2.1161 -1.5157, -2.7857 2.0397 -1.5157, -2.8152 1.9685 -1.5157, -2.9232 2.3719 -1.5157, -2.8621 1.9074 -1.5157, -2.9232 1.8604 -1.5157, -3.0709 1.624 -1.5157, -2.9944 1.8309 -1.5157, -3.0709 1.8209 -1.5157, -2.5787 1.624 -0.8858, -2.4606 1.624 -0.8858, -2.4606 1.5453 -0.8071, -2.5787 1.5453 -0.8071, -2.4606 1.5657 -0.8098, -2.5787 1.5657 -0.8098, -2.4606 1.5846 -0.8176, -2.5787 1.5846 -0.8176, -2.4606 1.601 -0.8301, -2.5787 1.601 -0.8301, -2.4606 1.6135 -0.8465, -2.5787 1.6135 -0.8465, -2.4606 1.6213 -0.8654, -2.5787 1.6213 -0.8654, 2.4606 1.6213 -0.8654, 2.5787 1.6213 -0.8654, 2.4606 1.6135 -0.8465, 2.5787 1.6135 -0.8465, 2.4606 1.601 -0.8301, 2.5787 1.601 -0.8301, 2.4606 1.5846 -0.8176, 2.5787 1.5846 -0.8176, 2.4606 1.5657 -0.8098, 2.5787 1.5657 -0.8098, 2.4606 1.5453 -0.8071, 2.5787 1.5453 -0.8071, 2.5787 1.5453 -0.8071
            ]
        }
        coordIndex [
            0,1,2,-1,2,1,3,-1,2,3,4,-1,4,3,5,-1,4,5,6,-1,6,5,7,-1,8,9,10,-1,10,9,11,-1,10,11,12,-1,13,14,10,-1,10,14,15,-1,10,15,16,-1,12,17,10,-1,10,17,18,-1,10,18,19,-1,19,20,10,-1,10,20,21,-1,10,21,13,-1,22,23,15,-1,15,23,24,-1,15,24,16,-1,25,26,27,-1,28,29,30,-1,31,32,33,-1,33,32,28,-1,33,28,34,-1,34,28,30,-1,27,35,25,-1,25,35,36,-1,25,36,28,-1,28,36,37,-1,28,37,29,-1,38,39,40,-1,40,39,41,-1,39,38,42,-1,42,38,43,-1,42,43,44,-1,44,43,45,-1,44,45,46,-1,46,45,47,-1,46,47,48,-1,48,47,49,-1,48,49,50,-1,50,49,51,-1,50,51,52,-1,52,51,53,-1,52,53,54,-1,54,53,55,-1,54,55,56,-1,56,55,57,-1,56,57,58,-1,58,57,59,-1,60,61,62,-1,62,61,63,-1,64,65,66,-1,66,65,67,-1,66,67,68,-1,68,67,69,-1,68,69,70,-1,70,69,71,-1,70,71,72,-1,72,71,73,-1,72,73,74,-1,74,73,75,-1,74,75,76,-1,76,75,77,-1,76,77,78,-1,78,77,79,-1,78,79,80,-1,80,79,81,-1,80,81,63,-1,63,81,62,-1,61,60,82,-1,82,60,83,-1,82,83,84,-1,84,83,85,-1,84,85,86,-1,86,85,87,-1,86,87,88,-1,88,87,89,-1,88,89,90,-1,90,89,91,-1,90,91,92,-1,92,91,93,-1,92,93,94,-1,94,93,95,-1,94,95,96,-1,96,95,97,-1,96,97,98,-1,98,97,99,-1,65,64,99,-1,99,64,98,-1,100,101,102,-1,102,101,103,-1,104,105,106,-1,106,105,107,-1,106,107,108,-1,108,107,109,-1,108,109,110,-1,110,109,111,-1,110,111,112,-1,112,111,113,-1,112,113,114,-1,114,113,115,-1,114,115,116,-1,116,115,117,-1,116,117,118,-1,118,117,119,-1,118,119,120,-1,120,119,121,-1,120,121,102,-1,102,121,100,-1,122,123,124,-1,124,123,125,-1,125,123,126,-1,126,123,127,-1,126,127,128,-1,128,127,129,-1,128,129,130,-1,130,129,131,-1,130,131,132,-1,132,131,133,-1,132,133,134,-1,134,133,135,-1,134,135,136,-1,136,135,137,-1,136,137,138,-1,138,137,139,-1,138,139,140,-1,140,139,141,-1,140,141,142,-1,142,141,143,-1,144,145,146,-1,146,145,147,-1,146,147,148,-1,148,147,149,-1,148,149,150,-1,150,149,151,-1,150,151,152,-1,152,151,153,-1,152,153,154,-1,154,153,155,-1,154,155,156,-1,156,155,157,-1,156,157,158,-1,158,157,159,-1,158,159,160,-1,160,159,161,-1,160,161,124,-1,124,161,122,-1,145,144,143,-1,143,144,142,-1,162,163,164,-1,164,163,165,-1,166,167,162,-1,162,167,163,-1,164,165,31,-1,31,165,32,-1,168,169,170,-1,171,172,170,-1,170,172,173,-1,170,173,168,-1,174,175,172,-1,172,175,176,-1,172,176,173,-1,176,177,173,-1,173,177,178,-1,173,178,179,-1,179,180,173,-1,173,180,181,-1,173,181,182,-1,183,175,184,-1,184,175,174,-1,176,175,185,-1,185,175,183,-1,185,183,186,-1,186,183,187,-1,186,187,188,-1,189,190,188,-1,188,190,191,-1,188,191,186,-1,192,193,194,-1,194,193,195,-1,195,193,196,-1,196,193,197,-1,196,197,198,-1,199,200,198,-1,198,200,201,-1,198,201,202,-1,202,203,198,-1,198,203,204,-1,198,204,196,-1,205,194,27,-1,195,196,194,-1,194,196,35,-1,194,35,27,-1,206,207,208,-1,205,27,208,-1,208,27,209,-1,208,209,206,-1,35,196,204,-1,35,204,36,-1,36,204,203,-1,36,203,37,-1,37,203,202,-1,37,202,29,-1,29,202,201,-1,29,201,30,-1,30,201,200,-1,30,200,34,-1,34,200,199,-1,34,199,33,-1,210,182,181,-1,210,181,211,-1,211,181,180,-1,211,180,212,-1,212,180,179,-1,212,179,213,-1,213,179,178,-1,213,178,214,-1,214,178,177,-1,214,177,215,-1,215,177,176,-1,215,176,185,-1,27,26,216,-1,27,216,209,-1,209,216,217,-1,209,217,206,-1,206,217,218,-1,206,218,207,-1,207,218,219,-1,207,219,208,-1,208,219,220,-1,208,220,205,-1,205,220,192,-1,205,192,194,-1,221,186,191,-1,221,191,222,-1,222,191,190,-1,222,190,223,-1,223,190,189,-1,223,189,224,-1,224,189,188,-1,224,188,225,-1,225,188,187,-1,225,187,226,-1,226,187,183,-1,226,183,184,-1,227,228,229,-1,229,230,227,-1,227,230,231,-1,227,231,232,-1,232,231,233,-1,233,234,232,-1,232,234,235,-1,232,235,236,-1,236,235,237,-1,236,237,238,-1,238,237,239,-1,238,239,240,-1,240,239,241,-1,240,241,242,-1,242,241,243,-1,242,243,244,-1,244,243,245,-1,244,245,246,-1,246,245,247,-1,246,247,248,-1,248,247,249,-1,248,249,250,-1,250,249,251,-1,250,251,252,-1,252,251,253,-1,252,253,254,-1,254,253,255,-1,254,255,256,-1,256,255,257,-1,256,257,258,-1,258,257,259,-1,258,259,260,-1,260,259,261,-1,260,261,262,-1,262,261,263,-1,262,263,264,-1,264,263,265,-1,264,265,266,-1,266,265,267,-1,266,267,268,-1,268,267,269,-1,268,269,270,-1,270,269,271,-1,270,271,272,-1,272,271,273,-1,272,273,274,-1,274,273,275,-1,274,275,276,-1,276,275,277,-1,276,277,278,-1,278,277,279,-1,278,279,280,-1,280,279,281,-1,280,281,282,-1,282,281,283,-1,282,283,284,-1,284,283,285,-1,284,285,286,-1,286,285,287,-1,286,287,227,-1,227,287,288,-1,227,288,228,-1,170,289,171,-1,171,289,290,-1,291,292,293,-1,291,293,294,-1,293,295,294,-1,294,295,296,-1,294,296,297,-1,297,298,294,-1,294,298,299,-1,294,299,300,-1,300,299,301,-1,300,301,302,-1,302,303,300,-1,300,303,304,-1,300,304,305,-1,305,304,306,-1,305,306,307,-1,308,305,309,-1,309,305,307,-1,308,309,310,-1,311,312,313,-1,314,315,316,-1,316,315,317,-1,316,317,318,-1,318,317,319,-1,318,319,320,-1,312,321,313,-1,313,321,322,-1,313,322,316,-1,316,322,323,-1,316,323,314,-1,308,310,313,-1,313,310,324,-1,313,324,311,-1,313,316,325,-1,325,316,326,-1,325,326,327,-1,327,326,328,-1,327,328,329,-1,329,328,330,-1,329,330,331,-1,331,330,332,-1,331,332,333,-1,333,332,334,-1,333,334,335,-1,335,334,336,-1,335,336,337,-1,337,336,338,-1,339,340,341,-1,339,341,342,-1,342,341,343,-1,342,343,344,-1,344,343,345,-1,344,345,346,-1,346,345,347,-1,346,347,348,-1,348,347,349,-1,348,349,350,-1,350,349,351,-1,350,351,352,-1,352,351,294,-1,352,294,300,-1,353,354,337,-1,337,354,339,-1,337,339,335,-1,335,339,342,-1,335,342,333,-1,333,342,344,-1,333,344,331,-1,331,344,346,-1,331,346,329,-1,329,346,348,-1,329,348,327,-1,327,348,350,-1,327,350,325,-1,325,350,352,-1,325,352,313,-1,313,352,300,-1,313,300,308,-1,308,300,305,-1,318,291,316,-1,316,291,294,-1,316,294,326,-1,326,294,351,-1,326,351,328,-1,328,351,349,-1,328,349,330,-1,330,349,347,-1,330,347,332,-1,332,347,345,-1,332,345,334,-1,334,345,343,-1,334,343,336,-1,336,343,341,-1,336,341,338,-1,338,341,340,-1,338,340,169,-1,169,340,289,-1,169,289,170,-1,292,320,293,-1,293,320,319,-1,293,319,295,-1,295,319,317,-1,295,317,296,-1,296,317,315,-1,296,315,297,-1,297,315,314,-1,297,314,298,-1,298,314,323,-1,298,323,299,-1,299,323,322,-1,299,322,301,-1,301,322,321,-1,301,321,302,-1,302,321,312,-1,302,312,303,-1,303,312,311,-1,303,311,304,-1,304,311,324,-1,304,324,306,-1,306,324,310,-1,306,310,307,-1,307,310,309,-1,355,356,357,-1,357,356,358,-1,359,360,361,-1,362,363,364,-1,360,365,361,-1,361,365,366,-1,361,366,367,-1,367,366,368,-1,367,368,369,-1,362,364,361,-1,361,364,370,-1,361,370,359,-1,369,371,367,-1,367,371,372,-1,367,372,373,-1,373,372,374,-1,373,374,375,-1,361,367,376,-1,361,376,377,-1,377,376,378,-1,377,378,379,-1,379,378,380,-1,379,380,381,-1,381,380,382,-1,381,382,383,-1,383,382,384,-1,383,384,385,-1,385,384,386,-1,385,386,387,-1,387,386,388,-1,387,388,389,-1,390,391,392,-1,392,391,393,-1,392,393,394,-1,394,393,395,-1,394,395,396,-1,396,395,397,-1,396,397,398,-1,398,397,399,-1,398,399,400,-1,400,399,401,-1,400,401,402,-1,402,401,403,-1,402,403,404,-1,404,403,405,-1,406,407,408,-1,409,410,405,-1,410,411,405,-1,405,411,412,-1,405,412,404,-1,404,412,413,-1,404,413,414,-1,406,408,405,-1,405,408,415,-1,405,415,409,-1,414,416,404,-1,404,416,417,-1,404,417,418,-1,418,417,419,-1,418,419,420,-1,418,362,404,-1,404,362,361,-1,404,361,402,-1,402,361,377,-1,402,377,400,-1,400,377,379,-1,400,379,398,-1,398,379,381,-1,398,381,396,-1,396,381,383,-1,396,383,394,-1,394,383,385,-1,394,385,392,-1,392,385,387,-1,392,387,390,-1,390,387,389,-1,390,389,421,-1,421,389,422,-1,373,406,367,-1,367,406,405,-1,367,405,376,-1,376,405,403,-1,376,403,378,-1,378,403,401,-1,378,401,380,-1,380,401,399,-1,380,399,382,-1,382,399,397,-1,382,397,384,-1,384,397,395,-1,384,395,386,-1,386,395,393,-1,386,393,388,-1,388,393,391,-1,388,391,356,-1,356,391,25,-1,356,25,358,-1,363,420,364,-1,364,420,419,-1,364,419,370,-1,370,419,417,-1,370,417,359,-1,359,417,416,-1,359,416,360,-1,360,416,414,-1,360,414,365,-1,365,414,413,-1,365,413,366,-1,366,413,412,-1,366,412,368,-1,368,412,411,-1,368,411,369,-1,369,411,410,-1,369,410,371,-1,371,410,409,-1,371,409,372,-1,372,409,415,-1,372,415,374,-1,374,415,408,-1,374,408,375,-1,375,408,407,-1,423,424,425,-1,425,424,426,-1,425,426,427,-1,427,426,428,-1,427,428,429,-1,429,428,430,-1,429,430,431,-1,431,430,432,-1,431,432,433,-1,433,432,434,-1,433,434,422,-1,422,434,421,-1,354,353,435,-1,435,353,436,-1,435,436,437,-1,437,436,438,-1,437,438,439,-1,439,438,440,-1,439,440,441,-1,441,440,442,-1,441,442,443,-1,443,442,444,-1,443,444,445,-1,445,444,446,-1,
        ]
    }
}
Shape{
    appearance Appearance {
        material  Material 	{
            diffuseColor 0.0 0.41568627450980394 0.6784313725490196
            specularColor 0.0 0.03137254901960784 0.047058823529411764
            ambientIntensity 0.2
            transparency 0
            shininess 0.5
        }
    }
    geometry IndexedFaceSet {
        ccw TRUE
        solid FALSE
        coord DEF co Coordinate {
            point [
                -1.0433 1.7618 -1.4252, -1.0433 2.1555 -1.4252, -0.9252 2.1555 -1.4252, 1.8307 1.7618 -1.4252, 2.0669 1.7618 -1.4252, 2.0669 1.6831 -1.4252, -1.1407 1.6179 -1.4252, -1.1417 1.6092 -1.4252, -1.1417 1.6831 -1.4252, -2.0669 1.6831 -1.4252, -1.8307 1.7618 -1.4252, -2.0669 1.7618 -1.4252, 0.8661 1.6831 -1.4252, -0.8661 1.6831 -1.4252, -0.6496 1.7618 -1.4252, -0.9252 1.7618 -1.4252, -0.2559 1.7618 -1.4252, -0.2559 2.1555 -1.4252, -0.1378 2.1555 -1.4252, -1.437 1.7618 -1.4252, -1.7126 1.7618 -1.4252, -1.7126 2.1555 -1.4252, -1.8307 2.1555 -1.4252, -0.1378 1.7618 -1.4252, 0.1378 1.7618 -1.4252, -0.96 1.6781 -1.4252, -1.0039 1.6831 -1.4252, -1.0479 1.6781 -1.4252, -1.0896 1.6635 -1.4252, -1.127 1.6399 -1.4252, -0.5315 1.7618 -1.4252, -0.5315 2.1555 -1.4252, -0.6496 2.1555 -1.4252, -0.8661 1.6092 -1.4252, -0.8671 1.6179 -1.4252, -0.87 1.6262 -1.4252, -1.437 2.1555 -1.4252, -1.3189 2.1555 -1.4252, -1.3189 1.7618 -1.4252, -0.8747 1.6337 -1.4252, -0.8809 1.6399 -1.4252, -0.9183 1.6635 -1.4252, -1.1332 1.6337 -1.4252, -1.1379 1.6262 -1.4252, 0.5315 1.7618 -1.4252, 0.5315 2.1555 -1.4252, 0.6496 2.1555 -1.4252, 0.6496 1.7618 -1.4252, 0.9252 1.7618 -1.4252, 0.2559 1.7618 -1.4252, 0.2559 2.1555 -1.4252, 0.1378 2.1555 -1.4252, 0.9252 2.1555 -1.4252, 1.0433 2.1555 -1.4252, 1.0433 1.7618 -1.4252, 1.0479 1.6781 -1.4252, 1.0039 1.6831 -1.4252, 1.3189 1.7618 -1.4252, 1.1417 1.6831 -1.4252, 1.7126 1.7618 -1.4252, 1.7126 2.1555 -1.4252, 1.8307 2.1555 -1.4252, 0.8747 1.6337 -1.4252, 0.87 1.6262 -1.4252, 0.8671 1.6179 -1.4252, 0.8661 1.6092 -1.4252, 1.0896 1.6635 -1.4252, 1.437 1.7618 -1.4252, 1.437 2.1555 -1.4252, 1.3189 2.1555 -1.4252, 0.96 1.6781 -1.4252, 0.9183 1.6635 -1.4252, 0.8809 1.6399 -1.4252, 1.1417 1.6092 -1.4252, 1.1407 1.6179 -1.4252, 1.1379 1.6262 -1.4252, 1.1332 1.6337 -1.4252, 1.127 1.6399 -1.4252, 0.87 1.3462 -1.4252, 0.8661 1.2106 -1.4252, 0.8671 1.3545 -1.4252, 0.8661 1.3633 -1.4252, 0.8747 1.3388 -1.4252, 0.8809 1.3326 -1.4252, 0.9183 1.309 -1.4252, 1.0479 1.2943 -1.4252, 1.1417 1.2106 -1.4252, 1.0039 1.2894 -1.4252, 0.96 1.2943 -1.4252, 1.0896 1.309 -1.4252, 1.127 1.3326 -1.4252, 1.1332 1.3388 -1.4252, 1.1379 1.3462 -1.4252, 1.1407 1.3545 -1.4252, 1.1417 1.3633 -1.4252, 0.4764 2.1555 -1.5827, 0.4626 2.1555 -1.5827, 0.4626 2.1555 -1.5395, -0.311 2.1555 -1.5827, -0.3248 2.1555 -1.5827, -0.3248 2.1555 -1.5395, -1.25 2.1555 -1.5827, -1.2638 2.1555 -1.5827, -1.25 2.1555 -1.5395, 1.2638 2.1555 -1.5827, 1.25 2.1555 -1.5827, 1.25 2.1555 -1.5395, 1.1122 2.1555 -1.5827, 1.0984 2.1555 -1.5827, 1.1122 2.1555 -1.5395, 0.3248 2.1555 -1.5827, 0.311 2.1555 -1.5827, 0.3248 2.1555 -1.5395, -0.4626 2.1555 -1.5827, -0.4764 2.1555 -1.5827, -0.4626 2.1555 -1.5395, -1.0984 2.1555 -1.5827, -1.1122 2.1555 -1.5827, -1.1122 2.1555 -1.5395, -1.8858 2.1555 -1.5827, -2.0669 2.1555 -1.5827, -2.0669 2.1555 1.0039, 1.6575 2.1555 -1.5827, 1.6437 2.1555 -1.5827, 1.6437 2.1555 -1.5395, 1.5059 2.1555 -1.5395, 1.5059 2.1555 -1.5827, 1.4921 2.1555 -1.5827, 2.0669 2.1555 1.0039, 1.8858 2.1555 -1.5827, 2.0669 2.1555 -1.5827, 0.8701 2.1555 -1.5827, 0.8563 2.1555 -1.5827, 0.8563 2.1555 -1.5395, 0.7185 2.1555 -1.5395, 0.7185 2.1555 -1.5827, 0.7047 2.1555 -1.5827, 0.0827 2.1555 -1.5827, 0.0689 2.1555 -1.5827, 0.0689 2.1555 -1.5395, -0.0689 2.1555 -1.5395, -0.0689 2.1555 -1.5827, -0.0827 2.1555 -1.5827, -0.7047 2.1555 -1.5827, -0.7185 2.1555 -1.5827, -0.7185 2.1555 -1.5395, -0.8563 2.1555 -1.5395, -0.8701 2.1555 -1.5827, -0.8563 2.1555 -1.5827, -1.4921 2.1555 -1.5827, -1.5059 2.1555 -1.5827, -1.5059 2.1555 -1.5395, -1.6437 2.1555 -1.5395, -1.6575 2.1555 -1.5827, -1.6437 2.1555 -1.5827, -1.6437 1.9587 -1.5827, -1.5059 1.9587 -1.5827, -1.4921 1.7618 -1.5827, -1.6575 1.7618 -1.5827, -1.25 1.9587 -1.5827, -1.1122 1.9587 -1.5827, -1.0984 1.7618 -1.5827, -1.2638 1.7618 -1.5827, -0.8563 1.9587 -1.5827, -0.7185 1.9587 -1.5827, -0.7047 1.7618 -1.5827, -0.8701 1.7618 -1.5827, -0.4626 1.9587 -1.5827, -0.3248 1.9587 -1.5827, -0.311 1.7618 -1.5827, -0.4764 1.7618 -1.5827, 1.5059 1.9587 -1.5827, 1.6437 1.9587 -1.5827, 1.6575 1.7618 -1.5827, 1.4921 1.7618 -1.5827, 1.1122 1.9587 -1.5827, 1.25 1.9587 -1.5827, 1.2638 1.7618 -1.5827, 1.0984 1.7618 -1.5827, 0.7185 1.9587 -1.5827, 0.8563 1.9587 -1.5827, 0.8701 1.7618 -1.5827, 0.7047 1.7618 -1.5827, 0.3248 1.9587 -1.5827, 0.4626 1.9587 -1.5827, 0.4764 1.7618 -1.5827, 0.311 1.7618 -1.5827, -0.0689 1.9587 -1.5827, 0.0689 1.9587 -1.5827, 0.0827 1.7618 -1.5827, -0.0827 1.7618 -1.5827, -1.8858 1.7618 -1.5827, -2.0669 1.7618 -1.5827, -0.8661 1.2106 -1.4252, -0.8661 1.2106 -1.0039, -1.1417 1.2106 -1.4252, -1.1417 1.2106 -1.0039, 1.1417 1.2106 -1.0039, 0.8661 1.2106 -1.0039, -0.8661 1.6831 1.0039, -0.8661 1.2106 1.0039, -0.8661 1.2106 0.9646, -0.8661 1.3633 -1.4252, -0.8661 1.6092 -1.8583, -0.8661 1.3633 -1.8583, 0.8661 1.6831 1.0039, -1.1417 1.2106 0.9646, -1.1417 1.2106 1.0039, -1.1417 1.6831 1.0039, -1.1417 1.3633 -1.4252, -1.1417 1.6092 -1.8583, -1.1417 1.3633 -1.8583, -2.0669 1.6831 1.0039, 0.8661 1.2106 0.9646, 0.8661 1.2106 1.0039, 0.8661 1.6092 -1.8583, 0.8661 1.3633 -1.8583, 1.1417 1.6831 1.0039, 1.1417 1.2106 1.0039, 1.1417 1.2106 0.9646, 1.1417 1.6092 -1.8583, 1.1417 1.3633 -1.8583, 2.0669 1.6831 1.0039, 2.2638 1.2106 -1.622, 2.0669 1.2106 -1.622, 2.0669 2.5492 -1.622, 2.3425 -0.4429 -1.622, 2.2638 -0.4429 -1.622, 2.4606 -0.2383 -1.622, 2.4606 2.5492 -1.622, -2.4213 2.5492 0.9934, -2.4023 2.5492 1.0013, -2.4376 2.5492 0.9809, -2.3819 2.5492 1.0039, -2.4501 2.5492 0.9646, -2.0669 2.5492 -1.622, -2.4606 2.5492 -1.622, -2.0669 2.5492 1.0039, -2.4606 2.5492 0.9252, -2.4579 2.5492 0.9456, -2.4606 1.2106 0.4921, -2.4606 1.2106 -0.4921, -2.3622 1.2106 0.4921, -2.3622 1.2106 -0.4921, 2.4528 1.2106 -0.9594, 2.4606 1.2106 -1.122, 2.4587 1.2106 -0.9427, 2.4606 1.2106 -0.9252, 2.4435 1.2106 -0.9743, 2.431 1.2106 -0.9868, 2.4161 1.2106 -0.9961, 2.0669 1.2106 -1.0039, 2.2638 1.2106 -1.122, 2.3819 1.2106 -1.0039, 2.3994 1.2106 -1.002, 2.4606 1.2106 -0.4921, 2.4606 1.2106 0.4921, 2.3622 1.2106 -0.4921, 2.3622 1.2106 0.4921, -2.3994 1.2106 -1.002, -2.4161 1.2106 -0.9961, -2.4606 1.2106 -1.122, -2.431 1.2106 -0.9868, -2.4435 1.2106 -0.9743, -2.4528 1.2106 -0.9594, -2.4587 1.2106 -0.9427, -2.4606 1.2106 -0.9252, -2.2638 1.2106 -1.622, -2.0669 1.2106 -1.622, -2.2638 1.2106 -1.122, -2.0669 1.2106 -1.0039, -2.3819 1.2106 -1.0039, -1.8701 0.4823 1.0039, -1.8701 1.2106 1.0039, -2.3819 0.4823 1.0039, -2.0669 1.2106 1.0039, 1.8701 1.2106 1.0039, 1.8701 0.4823 1.0039, 2.0669 1.2106 1.0039, 2.3819 0.4823 1.0039, 2.3819 2.5492 1.0039, 2.0669 2.5492 1.0039, -2.4606 0.4823 0.9252, -2.4579 0.4823 0.9456, -2.4501 0.4823 0.9646, -2.4376 0.4823 0.9809, -2.4213 0.4823 0.9934, -2.4023 0.4823 1.0013, 2.4579 2.5492 0.9456, 2.4606 2.5492 0.9252, 2.4023 2.5492 1.0013, 2.4213 2.5492 0.9934, 2.4376 2.5492 0.9809, 2.4501 2.5492 0.9646, -2.2638 -0.4429 -1.622, -2.3425 -0.4429 -1.622, -2.4606 -0.2383 -1.622, -2.4606 -0.2383 -1.122, -2.4606 0.4823 0.4921, -2.4606 0.4823 -0.4921, -2.4606 0.4823 -0.9252, -2.3425 -0.4429 -1.2402, -2.2638 -0.4429 -1.2402, -2.2638 -0.2383 -1.122, -2.2638 -0.2383 -1.122
            ]
        }
        coordIndex [
            0,1,2,-1,3,4,5,-1,6,7,8,-1,8,9,10,-1,10,9,11,-1,12,13,14,-1,14,13,15,-1,16,17,18,-1,19,8,20,-1,20,8,10,-1,20,10,21,-1,21,10,22,-1,23,24,12,-1,25,26,15,-1,15,26,27,-1,15,27,8,-1,8,27,28,-1,8,28,29,-1,18,23,16,-1,16,23,12,-1,16,12,30,-1,30,12,14,-1,30,14,31,-1,31,14,32,-1,33,34,13,-1,13,34,35,-1,36,37,19,-1,19,37,38,-1,19,38,8,-1,8,38,0,-1,8,0,15,-1,15,0,2,-1,35,39,13,-1,13,39,40,-1,13,40,15,-1,15,40,41,-1,15,41,25,-1,29,42,8,-1,8,42,43,-1,8,43,6,-1,44,45,46,-1,47,48,12,-1,46,47,44,-1,44,47,12,-1,44,12,49,-1,49,12,24,-1,49,24,50,-1,50,24,51,-1,52,53,54,-1,55,56,54,-1,54,56,48,-1,54,48,52,-1,57,5,58,-1,59,60,61,-1,62,63,12,-1,12,63,64,-1,12,64,65,-1,57,58,54,-1,54,58,66,-1,54,66,55,-1,61,3,59,-1,59,3,5,-1,59,5,67,-1,67,5,57,-1,67,57,68,-1,68,57,69,-1,56,70,48,-1,48,70,71,-1,48,71,12,-1,12,71,72,-1,12,72,62,-1,73,74,58,-1,58,74,75,-1,75,76,58,-1,58,76,77,-1,58,77,66,-1,78,79,80,-1,80,79,81,-1,78,82,79,-1,79,82,83,-1,79,83,84,-1,85,86,87,-1,87,86,79,-1,87,79,88,-1,88,79,84,-1,85,89,86,-1,86,89,90,-1,86,90,91,-1,91,92,86,-1,86,92,93,-1,86,93,94,-1,95,96,45,-1,45,96,97,-1,98,99,17,-1,17,99,100,-1,101,102,103,-1,103,102,37,-1,104,105,69,-1,69,105,106,-1,107,108,109,-1,109,108,53,-1,110,111,112,-1,112,111,50,-1,113,114,115,-1,115,114,31,-1,116,117,1,-1,1,117,118,-1,119,120,22,-1,22,120,121,-1,22,121,21,-1,122,123,60,-1,60,123,124,-1,60,124,125,-1,68,69,121,-1,126,127,125,-1,125,127,68,-1,125,68,60,-1,60,68,121,-1,60,121,61,-1,61,121,128,-1,61,128,129,-1,129,128,130,-1,131,132,52,-1,52,132,133,-1,52,133,134,-1,46,45,121,-1,135,136,134,-1,134,136,46,-1,134,46,52,-1,52,46,121,-1,52,121,53,-1,53,121,69,-1,53,69,109,-1,109,69,106,-1,137,138,51,-1,51,138,139,-1,51,139,140,-1,18,17,121,-1,141,142,140,-1,140,142,18,-1,140,18,51,-1,51,18,121,-1,51,121,50,-1,50,121,45,-1,50,45,112,-1,112,45,97,-1,2,1,121,-1,143,144,32,-1,32,144,145,-1,32,145,146,-1,100,115,17,-1,17,115,31,-1,17,31,121,-1,121,31,32,-1,121,32,2,-1,2,32,146,-1,2,146,147,-1,147,146,148,-1,149,150,36,-1,36,150,151,-1,36,151,152,-1,118,103,1,-1,1,103,37,-1,1,37,121,-1,121,37,36,-1,121,36,21,-1,21,36,152,-1,21,152,153,-1,153,152,154,-1,153,154,155,-1,150,149,156,-1,156,149,157,-1,156,157,155,-1,155,157,158,-1,155,158,153,-1,102,101,159,-1,117,116,160,-1,160,116,161,-1,160,161,159,-1,159,161,162,-1,159,162,102,-1,147,148,163,-1,144,143,164,-1,164,143,165,-1,164,165,163,-1,163,165,166,-1,163,166,147,-1,114,113,167,-1,99,98,168,-1,168,98,169,-1,168,169,167,-1,167,169,170,-1,167,170,114,-1,127,126,171,-1,123,122,172,-1,172,122,173,-1,172,173,171,-1,171,173,174,-1,171,174,127,-1,108,107,175,-1,105,104,176,-1,176,104,177,-1,176,177,175,-1,175,177,178,-1,175,178,108,-1,136,135,179,-1,132,131,180,-1,180,131,181,-1,180,181,179,-1,179,181,182,-1,179,182,136,-1,111,110,183,-1,96,95,184,-1,184,95,185,-1,184,185,183,-1,183,185,186,-1,183,186,111,-1,142,141,187,-1,138,137,188,-1,188,137,189,-1,188,189,187,-1,187,189,190,-1,187,190,142,-1,191,192,119,-1,119,192,120,-1,30,170,16,-1,16,170,169,-1,189,24,190,-1,190,24,23,-1,15,166,14,-1,14,166,165,-1,38,162,0,-1,0,162,161,-1,20,158,19,-1,19,158,157,-1,11,192,10,-1,10,192,191,-1,44,49,185,-1,185,49,186,-1,182,181,47,-1,47,181,48,-1,178,177,54,-1,54,177,57,-1,174,173,67,-1,67,173,59,-1,193,194,195,-1,195,194,196,-1,86,197,79,-1,79,197,198,-1,199,200,201,-1,13,199,33,-1,33,199,202,-1,33,202,203,-1,203,202,204,-1,199,201,202,-1,202,201,194,-1,202,194,193,-1,205,199,12,-1,12,199,13,-1,206,207,208,-1,208,8,7,-1,209,195,196,-1,210,211,7,-1,7,211,209,-1,7,209,208,-1,208,209,196,-1,208,196,206,-1,208,212,8,-1,8,212,9,-1,213,214,205,-1,205,12,65,-1,81,79,198,-1,215,216,65,-1,65,216,81,-1,65,81,205,-1,205,81,198,-1,205,198,213,-1,217,218,219,-1,58,217,73,-1,73,217,94,-1,73,94,220,-1,220,94,221,-1,217,219,94,-1,94,219,197,-1,94,197,86,-1,222,217,5,-1,5,217,58,-1,223,224,225,-1,226,227,228,-1,228,227,223,-1,228,223,229,-1,229,223,225,-1,230,231,232,-1,232,231,233,-1,232,233,234,-1,235,236,237,-1,237,236,238,-1,237,238,233,-1,233,238,239,-1,233,239,234,-1,240,241,242,-1,242,241,243,-1,244,245,246,-1,246,245,247,-1,244,248,245,-1,245,248,249,-1,245,249,250,-1,224,223,251,-1,251,223,252,-1,251,252,253,-1,253,252,245,-1,253,245,254,-1,254,245,250,-1,255,256,257,-1,257,256,258,-1,259,260,261,-1,261,260,262,-1,261,262,263,-1,263,264,261,-1,261,264,265,-1,261,265,266,-1,267,268,269,-1,269,268,270,-1,269,270,261,-1,261,270,271,-1,261,271,259,-1,205,214,218,-1,121,237,233,-1,217,222,128,-1,207,200,208,-1,208,200,199,-1,272,273,274,-1,274,273,275,-1,274,275,233,-1,233,275,212,-1,233,212,121,-1,218,217,205,-1,205,217,128,-1,205,128,199,-1,199,128,121,-1,199,121,208,-1,208,121,212,-1,276,277,278,-1,278,277,279,-1,278,279,222,-1,222,279,280,-1,222,280,128,-1,128,280,281,-1,238,282,283,-1,238,283,239,-1,239,283,284,-1,239,284,234,-1,234,284,285,-1,234,285,232,-1,232,285,286,-1,232,286,230,-1,230,286,287,-1,230,287,231,-1,231,287,274,-1,231,274,233,-1,288,289,280,-1,229,225,289,-1,289,225,281,-1,289,281,280,-1,290,291,292,-1,290,292,280,-1,280,292,293,-1,280,293,288,-1,200,207,201,-1,201,207,206,-1,267,294,295,-1,235,268,236,-1,236,268,267,-1,236,267,296,-1,296,267,295,-1,266,238,261,-1,261,238,236,-1,261,236,297,-1,297,236,296,-1,298,282,240,-1,240,282,238,-1,240,238,241,-1,241,238,266,-1,241,266,299,-1,299,266,300,-1,301,295,302,-1,302,295,294,-1,302,294,303,-1,303,294,267,-1,303,267,269,-1,
        ]
    }
}
Shape{
    appearance Appearance {
        material  Material 	{
            diffuseColor 0.6666666666666666 0.6666666666666666 0.6666666666666666
            specularColor 0.4666666666666667 0.4666666666666667 0.4666666666666667
            ambientIntensity 0.2
            transparency 0
            shininess 0.5
        }
    }
    geometry IndexedFaceSet {
        ccw TRUE
        solid FALSE
        coord DEF co Coordinate {
            point [
                -2.2638 -0.2383 -1.122, -2.2638 1.2106 -1.122, -2.4606 -0.2383 -1.122, -2.4606 1.2106 -1.122, -2.4606 1.2106 -1.122
            ]
        }
        coordIndex [
            0,1,2,-1,2,1,3,-1,
        ]
    }
}
Shape{
    appearance Appearance {
        material  Material 	{
            diffuseColor 0.0 0.41568627450980394 0.6784313725490196
            specularColor 0.0 0.03137254901960784 0.047058823529411764
            ambientIntensity 0.2
            transparency 0
            shininess 0.5
        }
    }
    geometry IndexedFaceSet {
        ccw TRUE
        solid FALSE
        coord DEF co Coordinate {
            point [
                -2.0669 2.5492 -1.622, -2.0669 2.5492 1.0039, -2.0669 2.1555 1.0039, -2.0669 2.1555 -1.5827, -2.0669 1.7618 -1.5827, -2.0669 1.2106 -1.622, -2.0669 1.6831 -1.4252, -2.0669 1.6831 1.0039, -2.0669 1.2106 1.0039, -2.0669 1.7618 -1.4252, -2.0669 1.2106 -1.0039, -2.4606 -0.2383 -1.122, -2.4606 -0.2383 -1.622, -2.3425 -0.4429 -1.2402, -2.3425 -0.4429 -1.622, -2.2638 -0.4429 -1.2402, -2.2638 -0.2383 -1.122, 2.3819 2.5492 1.0039, 2.3819 0.4823 1.0039, 2.4023 0.4823 1.0013, 2.4023 2.5492 1.0013, 2.4213 0.4823 0.9934, 2.4213 2.5492 0.9934, 2.4376 0.4823 0.9809, 2.4376 2.5492 0.9809, 2.4501 0.4823 0.9646, 2.4501 2.5492 0.9646, 2.4579 0.4823 0.9456, 2.4579 2.5492 0.9456, 2.4606 0.4823 0.9252, 2.4606 2.5492 0.9252, 1.1417 1.2106 1.0039, 0.8661 1.2106 1.0039, 1.1417 1.2106 0.9646, 0.8661 1.2106 0.9646, 2.4606 0.4823 0.4921, 2.4606 1.2106 0.4921, 2.4606 1.2106 -0.4921, 2.4606 2.5492 -1.622, 2.4606 -0.2383 -1.122, 2.4606 -0.2383 -1.622, 2.4606 1.2106 -1.122, 2.4606 1.2106 -0.9252, 2.4606 0.4823 -0.9252, 2.4606 0.4823 -0.4921, 2.3425 -0.4429 -1.622, 2.3425 -0.4429 -1.2402, 2.2638 -0.4429 -1.622, 2.2638 -0.4429 -1.2402, 2.2638 1.2106 -1.122, 2.2638 1.2106 -1.622, 2.2638 -0.2383 -1.122, 2.0669 1.6831 -1.4252, 2.0669 1.7618 -1.4252, 2.0669 1.7618 -1.5827, 2.0669 1.2106 1.0039, 2.0669 1.6831 1.0039, 2.0669 1.2106 -1.0039, 2.0669 1.2106 -1.622, 2.0669 2.5492 -1.622, 2.0669 2.1555 -1.5827, 2.0669 2.5492 1.0039, 2.0669 2.1555 1.0039, -0.8661 1.2106 0.9646, -0.8661 1.2106 -1.0039, 0.8661 1.2106 -1.0039, -1.8701 1.2106 1.0039, -1.8701 1.2106 0.9646, -1.1417 1.2106 0.9646, -1.1417 1.2106 -1.0039, 1.8701 1.2106 1.0039, 1.8701 1.2106 0.9646, 1.1417 1.2106 -1.0039, 1.8701 0.4823 0.9646, 1.8701 0.4823 1.0039, -1.8701 0.4823 0.9646, -1.8701 0.4823 1.0039, -2.3622 0.4823 0.4921, -2.4606 0.4823 0.4921, -2.3622 1.2106 0.4921, -2.4606 1.2106 0.4921, -2.3622 0.4823 -0.4921, -2.3622 1.2106 -0.4921, -2.4606 0.4823 -0.4921, -2.4606 1.2106 -0.4921, -2.4606 0.4823 -0.9252, -2.4606 1.2106 -0.9252, -2.4587 1.2106 -0.9427, -2.4587 0.4823 -0.9427, -2.4528 1.2106 -0.9594, -2.4528 0.4823 -0.9594, -2.4435 1.2106 -0.9743, -2.4435 0.4823 -0.9743, -2.431 1.2106 -0.9868, -2.431 0.4823 -0.9868, -2.4161 1.2106 -0.9961, -2.4161 0.4823 -0.9961, -2.3994 1.2106 -1.002, -2.3994 0.4823 -1.002, -2.3819 1.2106 -1.0039, -2.3819 0.4823 -1.0039, 2.3819 0.4823 -1.0039, 2.3819 1.2106 -1.0039, 2.3994 1.2106 -1.002, 2.3994 0.4823 -1.002, 2.4161 1.2106 -0.9961, 2.4161 0.4823 -0.9961, 2.431 1.2106 -0.9868, 2.431 0.4823 -0.9868, 2.4435 1.2106 -0.9743, 2.4435 0.4823 -0.9743, 2.4528 1.2106 -0.9594, 2.4528 0.4823 -0.9594, 2.4587 1.2106 -0.9427, 2.4587 0.4823 -0.9427, 2.3622 0.4823 -0.4921, 2.3622 1.2106 -0.4921, 2.3622 0.4823 0.4921, 2.3622 1.2106 0.4921, -2.4606 0.4823 0.9252, 1.5945 0.4823 0.0858, 1.1614 0.4823 0.0858, 1.5945 0.4823 -0.0324, 1.1614 0.4823 -0.0324, -0.1772 0.4823 -0.0324, -0.1772 0.4823 0.0858, -0.6102 0.4823 0.0858, -1.1614 0.4823 0.0858, -1.5945 0.4823 0.0858, -1.1614 0.4823 -0.0324, -1.5945 0.4823 -0.0324, -2.185 0.4823 -0.0324, 2.0928 0.4823 0.6628, 2.1428 0.4823 0.5976, -2.4213 0.4823 0.9934, -2.4023 0.4823 1.0013, -2.3819 0.4823 1.0039, -0.6102 0.4823 -0.0324, 0.1772 0.4823 -0.0324, 0.6102 0.4823 -0.0324, 0.1772 0.4823 0.0858, 0.6102 0.4823 0.0858, -2.185 0.4823 0.4401, -2.1743 0.4823 0.5216, -2.1428 0.4823 0.5976, 2.1743 0.4823 0.5216, 2.185 0.4823 0.4401, 2.185 0.4823 -0.0324, -2.4376 0.4823 0.9809, -2.4501 0.4823 0.9646, -2.4579 0.4823 0.9456, 1.9516 0.4823 0.7443, 2.0276 0.4823 0.7129, -2.0928 0.4823 0.6628, -2.0276 0.4823 0.7129, -1.9516 0.4823 0.7443, -1.8701 0.4823 0.755, 1.8701 0.4823 0.755, -0.1772 -1.2992 -0.0324, 0.1772 -1.2992 -0.0324, 2.0866 -2.4968 -0.0324, -1.1614 -1.2992 -0.0324, -0.6102 -1.2992 -0.0324, -2.185 -2.3264 -0.0324, -1.5945 -1.2992 -0.0324, -2.0866 -2.4968 -0.0324, 0.6102 -1.2992 -0.0324, 1.1614 -1.2992 -0.0324, 1.5945 -1.2992 -0.0324, 2.185 -2.3264 -0.0324, -2.185 -2.3264 0.4401, 2.185 -2.3264 0.4401, -1.8701 -2.3264 0.755, 1.8701 -2.3264 0.755, -1.9882 -2.6673 0.5582, -1.9882 -2.6673 0.0661, 1.9882 -2.6673 0.5582, 1.9882 -2.6673 0.0661, 2.1823 -2.331 0.4812, 2.1743 -2.345 0.5216, 2.1611 -2.3679 0.5606, 2.1428 -2.3995 0.5976, 2.12 -2.4391 0.6318, 2.0928 -2.4861 0.6628, 2.0276 -2.3995 0.7129, 2.0618 -2.4391 0.69, 1.9112 -2.331 0.7524, 1.9516 -2.345 0.7443, 1.9906 -2.3679 0.7311, -2.1428 -2.3995 0.5976, -2.12 -2.4391 0.6318, -2.1823 -2.331 0.4812, -2.1743 -2.345 0.5216, -2.1611 -2.3679 0.5606, -1.9112 -2.331 0.7524, -1.9906 -2.3679 0.7311, -1.9516 -2.345 0.7443, -2.0928 -2.4861 0.6628, -2.0618 -2.4391 0.69, -2.0276 -2.3995 0.7129, 0.6102 -1.2992 0.0858, 0.1772 -1.2992 0.0858, 1.5945 -1.2992 0.0858, 1.1614 -1.2992 0.0858, -1.5945 -1.2992 0.0858, -1.1614 -1.2992 0.0858, -0.6102 -1.2992 0.0858, -0.1772 -1.2992 0.0858, 1.8858 2.1555 -1.5827, 1.8858 1.7618 -1.5827, -1.127 1.3326 -1.4252, -1.0896 1.309 -1.4252, -1.1417 1.2106 -1.4252, -0.96 1.2943 -1.4252, -0.8661 1.2106 -1.4252, -1.0039 1.2894 -1.4252, -1.0479 1.2943 -1.4252, -0.9183 1.309 -1.4252, -0.8809 1.3326 -1.4252, -0.8747 1.3388 -1.4252, -0.87 1.3462 -1.4252, -0.8671 1.3545 -1.4252, -0.8661 1.3633 -1.4252, -1.1417 1.3633 -1.4252, -1.1407 1.3545 -1.4252, -1.1379 1.3462 -1.4252, -1.1332 1.3388 -1.4252, 1.8307 1.7618 -1.4252, 0.0827 1.7618 -1.5827, 0.0827 2.1555 -1.5827, 0.1378 1.7618 -1.4252, 0.1378 2.1555 -1.4252, 0.2559 1.7618 -1.4252, 0.2559 2.1555 -1.4252, 0.311 1.7618 -1.5827, 0.311 2.1555 -1.5827, 1.6575 1.7618 -1.5827, 1.6575 2.1555 -1.5827, 1.7126 1.7618 -1.4252, 1.7126 2.1555 -1.4252, 1.8307 2.1555 -1.4252, 1.2638 1.7618 -1.5827, 1.2638 2.1555 -1.5827, 1.3189 1.7618 -1.4252, 1.3189 2.1555 -1.4252, 1.437 1.7618 -1.4252, 1.437 2.1555 -1.4252, 1.4921 1.7618 -1.5827, 1.4921 2.1555 -1.5827, 0.8701 1.7618 -1.5827, 0.8701 2.1555 -1.5827, 0.9252 1.7618 -1.4252, 0.9252 2.1555 -1.4252, 1.0433 1.7618 -1.4252, 1.0433 2.1555 -1.4252, 1.0984 1.7618 -1.5827, 1.0984 2.1555 -1.5827, 0.4764 1.7618 -1.5827, 0.4764 2.1555 -1.5827, 0.5315 1.7618 -1.4252, 0.5315 2.1555 -1.4252, 0.6496 1.7618 -1.4252, 0.6496 2.1555 -1.4252, 0.7047 1.7618 -1.5827, 0.7047 2.1555 -1.5827, -1.8307 1.7618 -1.4252, -1.8858 1.7618 -1.5827, -1.8307 2.1555 -1.4252, -1.8858 2.1555 -1.5827, -1.6575 1.7618 -1.5827, -1.7126 1.7618 -1.4252, -1.6575 2.1555 -1.5827, -1.7126 2.1555 -1.4252, -1.437 1.7618 -1.4252, -1.4921 1.7618 -1.5827, -1.437 2.1555 -1.4252, -1.4921 2.1555 -1.5827, -1.2638 1.7618 -1.5827, -1.3189 1.7618 -1.4252, -1.2638 2.1555 -1.5827, -1.3189 2.1555 -1.4252, -1.0433 1.7618 -1.4252, -1.0984 1.7618 -1.5827, -1.0433 2.1555 -1.4252, -1.0984 2.1555 -1.5827, -0.8701 1.7618 -1.5827, -0.9252 1.7618 -1.4252, -0.8701 2.1555 -1.5827, -0.9252 2.1555 -1.4252, -0.6496 1.7618 -1.4252, -0.7047 1.7618 -1.5827, -0.6496 2.1555 -1.4252, -0.7047 2.1555 -1.5827, -0.4764 1.7618 -1.5827, -0.5315 1.7618 -1.4252, -0.4764 2.1555 -1.5827, -0.5315 2.1555 -1.4252, -0.2559 1.7618 -1.4252, -0.311 1.7618 -1.5827, -0.2559 2.1555 -1.4252, -0.311 2.1555 -1.5827, -0.0827 1.7618 -1.5827, -0.1378 1.7618 -1.4252, -0.0827 2.1555 -1.5827, -0.1378 2.1555 -1.4252, -0.1378 2.1555 -1.4252
            ]
        }
        coordIndex [
            0,1,2,-1,2,3,0,-1,0,3,4,-1,0,4,5,-1,6,7,8,-1,4,9,5,-1,5,9,6,-1,5,6,10,-1,10,6,8,-1,11,12,13,-1,13,12,14,-1,15,16,13,-1,13,16,11,-1,17,18,19,-1,17,19,20,-1,20,19,21,-1,20,21,22,-1,22,21,23,-1,22,23,24,-1,24,23,25,-1,24,25,26,-1,26,25,27,-1,26,27,28,-1,28,27,29,-1,28,29,30,-1,31,32,33,-1,33,32,34,-1,29,35,36,-1,37,38,36,-1,36,38,30,-1,36,30,29,-1,39,40,41,-1,41,40,38,-1,41,38,42,-1,42,38,37,-1,42,37,43,-1,43,37,44,-1,45,46,47,-1,47,46,48,-1,49,50,51,-1,51,50,47,-1,51,47,48,-1,49,51,41,-1,41,51,39,-1,52,53,54,-1,55,56,57,-1,57,56,52,-1,57,52,58,-1,58,52,54,-1,58,54,59,-1,59,54,60,-1,59,60,61,-1,61,60,62,-1,40,39,45,-1,45,39,46,-1,51,48,39,-1,39,48,46,-1,63,34,64,-1,64,34,65,-1,8,66,67,-1,68,69,67,-1,67,69,10,-1,67,10,8,-1,70,55,71,-1,71,55,57,-1,71,57,33,-1,33,57,72,-1,73,74,71,-1,71,74,70,-1,68,67,75,-1,71,33,73,-1,73,33,34,-1,73,34,75,-1,75,34,63,-1,75,63,68,-1,76,75,66,-1,66,75,67,-1,77,78,79,-1,79,78,80,-1,81,77,82,-1,82,77,79,-1,83,81,84,-1,84,81,82,-1,85,86,87,-1,85,87,88,-1,88,87,89,-1,88,89,90,-1,90,89,91,-1,90,91,92,-1,92,91,93,-1,92,93,94,-1,94,93,95,-1,94,95,96,-1,96,95,97,-1,96,97,98,-1,98,97,99,-1,98,99,100,-1,100,99,10,-1,10,69,100,-1,100,69,64,-1,100,64,101,-1,101,64,65,-1,65,72,101,-1,101,72,57,-1,101,57,102,-1,101,102,103,-1,101,103,104,-1,104,103,105,-1,104,105,106,-1,106,105,107,-1,106,107,108,-1,108,107,109,-1,108,109,110,-1,110,109,111,-1,110,111,112,-1,112,111,113,-1,112,113,114,-1,114,113,42,-1,114,42,43,-1,115,44,116,-1,116,44,37,-1,117,115,118,-1,118,115,116,-1,35,117,36,-1,36,117,118,-1,18,74,29,-1,43,44,115,-1,119,78,77,-1,120,121,122,-1,122,121,123,-1,124,125,126,-1,81,83,85,-1,18,29,19,-1,115,101,43,-1,43,101,104,-1,43,104,106,-1,106,108,43,-1,43,108,110,-1,43,110,114,-1,114,110,112,-1,127,128,129,-1,129,128,130,-1,29,27,25,-1,25,23,29,-1,29,23,21,-1,29,21,19,-1,77,81,131,-1,117,132,133,-1,134,119,135,-1,135,119,136,-1,126,137,124,-1,124,137,100,-1,124,100,138,-1,138,100,139,-1,138,139,140,-1,140,139,141,-1,90,92,131,-1,131,92,94,-1,137,129,100,-1,100,129,130,-1,100,130,98,-1,98,130,131,-1,98,131,96,-1,96,131,94,-1,131,142,77,-1,77,142,143,-1,77,143,144,-1,133,145,117,-1,117,145,146,-1,117,146,115,-1,115,146,147,-1,115,147,101,-1,101,147,122,-1,101,122,100,-1,100,122,123,-1,100,123,139,-1,134,148,119,-1,119,148,149,-1,119,149,150,-1,81,85,131,-1,131,85,88,-1,131,88,90,-1,73,151,152,-1,153,154,75,-1,152,132,73,-1,73,132,117,-1,73,117,74,-1,74,117,35,-1,74,35,29,-1,144,153,77,-1,77,153,75,-1,77,75,119,-1,119,75,76,-1,119,76,136,-1,154,155,75,-1,75,155,156,-1,75,156,73,-1,73,156,157,-1,73,157,151,-1,124,138,158,-1,158,138,159,-1,158,159,160,-1,129,137,161,-1,161,137,162,-1,131,130,163,-1,163,130,164,-1,163,164,165,-1,165,164,161,-1,165,161,160,-1,160,161,162,-1,160,162,158,-1,139,123,166,-1,166,123,167,-1,122,147,168,-1,168,147,169,-1,168,169,167,-1,167,169,160,-1,167,160,166,-1,166,160,159,-1,131,163,142,-1,142,163,170,-1,146,171,147,-1,147,171,169,-1,156,172,157,-1,157,172,173,-1,174,175,176,-1,176,175,177,-1,171,146,178,-1,178,146,145,-1,178,145,179,-1,179,145,180,-1,180,145,133,-1,180,133,181,-1,181,133,182,-1,182,133,132,-1,182,132,183,-1,152,184,132,-1,132,184,185,-1,132,185,183,-1,151,157,173,-1,173,186,151,-1,151,186,187,-1,151,187,152,-1,152,187,188,-1,152,188,184,-1,144,189,153,-1,153,189,190,-1,143,142,170,-1,170,191,143,-1,143,191,192,-1,143,192,144,-1,144,192,193,-1,144,193,189,-1,172,156,194,-1,194,156,155,-1,154,195,155,-1,155,195,196,-1,155,196,194,-1,190,197,153,-1,153,197,198,-1,153,198,154,-1,154,198,199,-1,154,199,195,-1,198,197,174,-1,199,198,172,-1,173,185,184,-1,176,183,174,-1,174,183,185,-1,174,185,198,-1,198,185,173,-1,198,173,172,-1,184,188,173,-1,173,188,187,-1,173,187,186,-1,194,196,172,-1,172,196,195,-1,172,195,199,-1,160,169,177,-1,177,169,171,-1,183,176,182,-1,182,176,177,-1,182,177,181,-1,181,177,180,-1,171,178,177,-1,177,178,179,-1,177,179,180,-1,174,197,175,-1,175,197,190,-1,190,189,175,-1,175,189,193,-1,175,193,192,-1,163,165,170,-1,170,165,175,-1,170,175,191,-1,191,175,192,-1,175,165,177,-1,177,165,160,-1,139,166,141,-1,141,166,200,-1,140,201,138,-1,138,201,159,-1,200,201,141,-1,141,201,140,-1,201,200,159,-1,159,200,166,-1,122,168,120,-1,120,168,202,-1,121,203,123,-1,123,203,167,-1,202,203,120,-1,120,203,121,-1,203,202,167,-1,167,202,168,-1,204,164,128,-1,128,164,130,-1,161,205,129,-1,129,205,127,-1,205,204,127,-1,127,204,128,-1,204,205,164,-1,164,205,161,-1,206,162,126,-1,126,162,137,-1,158,207,124,-1,124,207,125,-1,207,206,125,-1,125,206,126,-1,206,207,162,-1,162,207,158,-1,60,54,208,-1,208,54,209,-1,210,211,212,-1,213,214,215,-1,215,214,212,-1,215,212,216,-1,216,212,211,-1,213,217,214,-1,214,217,218,-1,214,218,219,-1,219,220,214,-1,214,220,221,-1,214,221,222,-1,212,223,224,-1,224,225,212,-1,212,225,226,-1,212,226,210,-1,209,54,227,-1,227,54,53,-1,228,229,230,-1,230,229,231,-1,232,233,234,-1,234,233,235,-1,236,237,238,-1,238,237,239,-1,227,240,209,-1,209,240,208,-1,241,242,243,-1,243,242,244,-1,245,246,247,-1,247,246,248,-1,249,250,251,-1,251,250,252,-1,253,254,255,-1,255,254,256,-1,257,258,259,-1,259,258,260,-1,261,262,263,-1,263,262,264,-1,265,266,267,-1,267,266,268,-1,269,270,271,-1,271,270,272,-1,273,274,275,-1,275,274,276,-1,277,278,279,-1,279,278,280,-1,281,282,283,-1,283,282,284,-1,285,286,287,-1,287,286,288,-1,289,290,291,-1,291,290,292,-1,293,294,295,-1,295,294,296,-1,297,298,299,-1,299,298,300,-1,301,302,303,-1,303,302,304,-1,
        ]
    }
}
Shape{
    appearance Appearance {
        material  Material 	{
            diffuseColor 0.6666666666666666 0.6666666666666666 0.6666666666666666
            specularColor 0.4666666666666667 0.4666666666666667 0.4666666666666667
            ambientIntensity 0.2
            transparency 0
            shininess 0.5
        }
    }
    geometry IndexedFaceSet {
        ccw TRUE
        solid FALSE
        coord DEF co Coordinate {
            point [
                0.0689 2.2809 -1.563, -0.0689 2.2809 -1.563, 0.0689 2.1555 -1.5395, -0.0689 2.1555 -1.5395, 0.0689 2.6673 -1.6417, 0.0689 2.2736 -1.6417, -0.0689 2.6673 -1.6417, -0.0689 2.2736 -1.6417, 0.0689 2.6673 -1.563, -0.0689 2.6673 -1.563, 0.0689 1.9587 -1.5827, -0.0689 1.9587 -1.5827, 0.0689 2.1555 -1.5827, -0.0689 2.1555 -1.5827, 0.4626 2.2809 -1.563, 0.3248 2.2809 -1.563, 0.4626 2.1555 -1.5395, 0.3248 2.1555 -1.5395, 0.4626 2.1555 -1.5827, 0.4626 1.9587 -1.5827, 0.4626 2.2736 -1.6417, 0.4626 2.6673 -1.563, 0.4626 2.6673 -1.6417, 0.3248 2.2736 -1.6417, 0.3248 1.9587 -1.5827, 0.3248 2.1555 -1.5827, 0.3248 2.6673 -1.563, 0.3248 2.6673 -1.6417, 0.8563 2.2809 -1.563, 0.7185 2.2809 -1.563, 0.8563 2.1555 -1.5395, 0.7185 2.1555 -1.5395, 0.8563 2.1555 -1.5827, 0.8563 1.9587 -1.5827, 0.8563 2.2736 -1.6417, 0.8563 2.6673 -1.563, 0.8563 2.6673 -1.6417, 0.7185 2.2736 -1.6417, 0.7185 1.9587 -1.5827, 0.7185 2.1555 -1.5827, 0.7185 2.6673 -1.563, 0.7185 2.6673 -1.6417, 1.25 2.2809 -1.563, 1.1122 2.2809 -1.563, 1.25 2.1555 -1.5395, 1.1122 2.1555 -1.5395, 1.25 2.1555 -1.5827, 1.25 1.9587 -1.5827, 1.25 2.2736 -1.6417, 1.25 2.6673 -1.563, 1.25 2.6673 -1.6417, 1.1122 2.2736 -1.6417, 1.1122 1.9587 -1.5827, 1.1122 2.1555 -1.5827, 1.1122 2.6673 -1.563, 1.1122 2.6673 -1.6417, 1.6437 2.2809 -1.563, 1.5059 2.2809 -1.563, 1.6437 2.1555 -1.5395, 1.5059 2.1555 -1.5395, 1.6437 2.1555 -1.5827, 1.6437 1.9587 -1.5827, 1.6437 2.2736 -1.6417, 1.6437 2.6673 -1.563, 1.6437 2.6673 -1.6417, 1.5059 2.2736 -1.6417, 1.5059 1.9587 -1.5827, 1.5059 2.1555 -1.5827, 1.5059 2.6673 -1.563, 1.5059 2.6673 -1.6417, -0.3248 2.2809 -1.563, -0.4626 2.2809 -1.563, -0.3248 2.1555 -1.5395, -0.4626 2.1555 -1.5395, -0.3248 2.1555 -1.5827, -0.3248 1.9587 -1.5827, -0.3248 2.2736 -1.6417, -0.3248 2.6673 -1.563, -0.3248 2.6673 -1.6417, -0.4626 2.2736 -1.6417, -0.4626 1.9587 -1.5827, -0.4626 2.1555 -1.5827, -0.4626 2.6673 -1.563, -0.4626 2.6673 -1.6417, -0.7185 2.2809 -1.563, -0.8563 2.2809 -1.563, -0.7185 2.1555 -1.5395, -0.8563 2.1555 -1.5395, -0.7185 2.1555 -1.5827, -0.7185 1.9587 -1.5827, -0.7185 2.2736 -1.6417, -0.7185 2.6673 -1.563, -0.7185 2.6673 -1.6417, -0.8563 2.2736 -1.6417, -0.8563 1.9587 -1.5827, -0.8563 2.1555 -1.5827, -0.8563 2.6673 -1.563, -0.8563 2.6673 -1.6417, -1.1122 2.2809 -1.563, -1.25 2.2809 -1.563, -1.1122 2.1555 -1.5395, -1.25 2.1555 -1.5395, -1.1122 2.1555 -1.5827, -1.1122 1.9587 -1.5827, -1.1122 2.2736 -1.6417, -1.1122 2.6673 -1.563, -1.1122 2.6673 -1.6417, -1.25 2.2736 -1.6417, -1.25 1.9587 -1.5827, -1.25 2.1555 -1.5827, -1.25 2.6673 -1.563, -1.25 2.6673 -1.6417, -1.5059 2.2809 -1.563, -1.6437 2.2809 -1.563, -1.5059 2.1555 -1.5395, -1.6437 2.1555 -1.5395, -1.5059 2.1555 -1.5827, -1.5059 1.9587 -1.5827, -1.5059 2.2736 -1.6417, -1.5059 2.6673 -1.563, -1.5059 2.6673 -1.6417, -1.6437 2.2736 -1.6417, -1.6437 1.9587 -1.5827, -1.6437 2.1555 -1.5827, -1.6437 2.6673 -1.563, -1.6437 2.6673 -1.6417, -1.6437 2.6673 -1.6417
            ]
        }
        coordIndex [
            0,1,2,-1,2,1,3,-1,4,5,6,-1,6,5,7,-1,8,4,9,-1,9,4,6,-1,0,8,1,-1,1,8,9,-1,5,10,7,-1,7,10,11,-1,12,10,5,-1,2,12,0,-1,0,12,5,-1,0,5,8,-1,8,5,4,-1,7,11,13,-1,9,6,1,-1,1,6,7,-1,1,7,3,-1,3,7,13,-1,14,15,16,-1,16,15,17,-1,18,19,20,-1,16,18,14,-1,14,18,20,-1,14,20,21,-1,21,20,22,-1,23,24,25,-1,26,27,15,-1,15,27,23,-1,15,23,17,-1,17,23,25,-1,22,20,27,-1,27,20,23,-1,21,22,26,-1,26,22,27,-1,14,21,15,-1,15,21,26,-1,20,19,23,-1,23,19,24,-1,28,29,30,-1,30,29,31,-1,32,33,34,-1,30,32,28,-1,28,32,34,-1,28,34,35,-1,35,34,36,-1,37,38,39,-1,40,41,29,-1,29,41,37,-1,29,37,31,-1,31,37,39,-1,36,34,41,-1,41,34,37,-1,35,36,40,-1,40,36,41,-1,28,35,29,-1,29,35,40,-1,34,33,37,-1,37,33,38,-1,42,43,44,-1,44,43,45,-1,46,47,48,-1,44,46,42,-1,42,46,48,-1,42,48,49,-1,49,48,50,-1,51,52,53,-1,54,55,43,-1,43,55,51,-1,43,51,45,-1,45,51,53,-1,50,48,55,-1,55,48,51,-1,49,50,54,-1,54,50,55,-1,42,49,43,-1,43,49,54,-1,48,47,51,-1,51,47,52,-1,56,57,58,-1,58,57,59,-1,60,61,62,-1,58,60,56,-1,56,60,62,-1,56,62,63,-1,63,62,64,-1,65,66,67,-1,68,69,57,-1,57,69,65,-1,57,65,59,-1,59,65,67,-1,64,62,69,-1,69,62,65,-1,63,64,68,-1,68,64,69,-1,56,63,57,-1,57,63,68,-1,62,61,65,-1,65,61,66,-1,70,71,72,-1,72,71,73,-1,74,75,76,-1,72,74,70,-1,70,74,76,-1,70,76,77,-1,77,76,78,-1,79,80,81,-1,82,83,71,-1,71,83,79,-1,71,79,73,-1,73,79,81,-1,78,76,83,-1,83,76,79,-1,77,78,82,-1,82,78,83,-1,70,77,71,-1,71,77,82,-1,76,75,79,-1,79,75,80,-1,84,85,86,-1,86,85,87,-1,88,89,90,-1,86,88,84,-1,84,88,90,-1,84,90,91,-1,91,90,92,-1,93,94,95,-1,96,97,85,-1,85,97,93,-1,85,93,87,-1,87,93,95,-1,92,90,97,-1,97,90,93,-1,91,92,96,-1,96,92,97,-1,84,91,85,-1,85,91,96,-1,90,89,93,-1,93,89,94,-1,98,99,100,-1,100,99,101,-1,102,103,104,-1,100,102,98,-1,98,102,104,-1,98,104,105,-1,105,104,106,-1,107,108,109,-1,110,111,99,-1,99,111,107,-1,99,107,101,-1,101,107,109,-1,106,104,111,-1,111,104,107,-1,105,106,110,-1,110,106,111,-1,98,105,99,-1,99,105,110,-1,104,103,107,-1,107,103,108,-1,112,113,114,-1,114,113,115,-1,116,117,118,-1,114,116,112,-1,112,116,118,-1,112,118,119,-1,119,118,120,-1,121,122,123,-1,124,125,113,-1,113,125,121,-1,113,121,115,-1,115,121,123,-1,120,118,125,-1,125,118,121,-1,119,120,124,-1,124,120,125,-1,112,119,113,-1,113,119,124,-1,118,117,121,-1,121,117,122,-1,
        ]
    }
}
Shape{
    appearance Appearance {
        material  Material 	{
            diffuseColor 0.0 0.41568627450980394 0.6784313725490196
            specularColor 0.0 0.03137254901960784 0.047058823529411764
            ambientIntensity 0.2
            transparency 0
            shininess 0.5
        }
    }
    geometry IndexedFaceSet {
        ccw TRUE
        solid FALSE
        coord DEF co Coordinate {
            point [
                1.127 1.3326 -1.8583, 1.127 1.3326 -1.4252, 1.0896 1.309 -1.4252, 1.0896 1.309 -1.8583, 1.0479 1.2943 -1.4252, 1.0479 1.2943 -1.8583, 1.0039 1.2894 -1.4252, 1.0039 1.2894 -1.8583, 0.96 1.2943 -1.4252, 0.96 1.2943 -1.8583, 0.9183 1.309 -1.4252, 0.9183 1.309 -1.8583, 0.8809 1.3326 -1.4252, 0.8809 1.3326 -1.8583, 0.8809 1.6399 -1.8583, 0.8809 1.6399 -1.4252, 0.9183 1.6635 -1.4252, 0.9183 1.6635 -1.8583, 0.96 1.6781 -1.4252, 0.96 1.6781 -1.8583, 1.0039 1.6831 -1.4252, 1.0039 1.6831 -1.8583, 1.0479 1.6781 -1.4252, 1.0479 1.6781 -1.8583, 1.0896 1.6635 -1.4252, 1.0896 1.6635 -1.8583, 1.127 1.6399 -1.4252, 1.127 1.6399 -1.8583, 0.9055 1.3633 -1.8976, 0.9055 1.6092 -1.8976, 0.9354 1.3444 -1.8976, 0.9354 1.628 -1.8976, 0.9688 1.6397 -1.8976, 1.0039 1.6437 -1.8976, 1.0391 1.6397 -1.8976, 1.0724 1.628 -1.8976, 1.1024 1.6092 -1.8976, 1.1024 1.3633 -1.8976, 1.0724 1.3444 -1.8976, 1.0391 1.3327 -1.8976, 1.0039 1.3287 -1.8976, 0.9688 1.3327 -1.8976, -1.127 1.6399 -1.8583, -1.127 1.6399 -1.4252, -1.0896 1.6635 -1.4252, -1.0896 1.6635 -1.8583, -1.0479 1.6781 -1.4252, -1.0479 1.6781 -1.8583, -1.0039 1.6831 -1.4252, -1.0039 1.6831 -1.8583, -0.96 1.6781 -1.4252, -0.96 1.6781 -1.8583, -0.9183 1.6635 -1.4252, -0.9183 1.6635 -1.8583, -0.8809 1.6399 -1.4252, -0.8809 1.6399 -1.8583, -0.8809 1.3326 -1.8583, -0.8809 1.3326 -1.4252, -0.9183 1.309 -1.4252, -0.9183 1.309 -1.8583, -0.96 1.2943 -1.4252, -0.96 1.2943 -1.8583, -1.0039 1.2894 -1.4252, -1.0039 1.2894 -1.8583, -1.0479 1.2943 -1.4252, -1.0479 1.2943 -1.8583, -1.0896 1.309 -1.4252, -1.0896 1.309 -1.8583, -1.127 1.3326 -1.4252, -1.127 1.3326 -1.8583, -0.9354 1.628 -1.8976, -0.9055 1.6092 -1.8976, -0.9055 1.3633 -1.8976, -1.0724 1.3444 -1.8976, -1.1024 1.3633 -1.8976, -1.1024 1.6092 -1.8976, -0.9354 1.3444 -1.8976, -0.9688 1.3327 -1.8976, -1.0039 1.3287 -1.8976, -1.0724 1.628 -1.8976, -1.0391 1.6397 -1.8976, -1.0039 1.6437 -1.8976, -1.0391 1.3327 -1.8976, -0.9688 1.6397 -1.8976, -1.1417 1.6092 -1.4252, -1.1407 1.6179 -1.4252, -1.1417 1.6092 -1.8583, -1.1406 1.6179 -1.8583, -1.1404 1.6193 -1.8583, -1.1379 1.6262 -1.4252, -1.1376 1.6261 -1.8583, -1.1365 1.6288 -1.8583, -1.1332 1.6337 -1.4252, -1.1329 1.6335 -1.8583, -1.1302 1.637 -1.8583, -0.8747 1.6337 -1.4252, -0.8747 1.6337 -1.8583, -0.87 1.6262 -1.4252, -0.87 1.6262 -1.8583, -0.8671 1.6179 -1.4252, -0.8671 1.6179 -1.8583, -0.8661 1.6092 -1.4252, -0.8661 1.6092 -1.8583, -0.8991 1.6171 -1.8963, -0.931 1.6372 -1.8963, -0.8932 1.6245 -1.8924, -0.9269 1.6457 -1.8924, -0.8881 1.6309 -1.8861, -0.9233 1.6531 -1.8861, -0.8842 1.6358 -1.878, -0.9206 1.6587 -1.878, -0.8817 1.6388 -1.8685, -0.9189 1.6623 -1.8685, -0.9665 1.6497 -1.8963, -0.9644 1.6589 -1.8924, -0.9626 1.6669 -1.8861, -0.9612 1.673 -1.878, -0.9603 1.6768 -1.8685, -1.0039 1.6539 -1.8963, -1.0039 1.6634 -1.8924, -1.0039 1.6715 -1.8861, -1.0039 1.6778 -1.878, -1.0039 1.6817 -1.8685, -1.0414 1.6497 -1.8963, -1.0435 1.6589 -1.8924, -1.0453 1.6669 -1.8861, -1.0467 1.673 -1.878, -1.0476 1.6768 -1.8685, -1.0769 1.6372 -1.8963, -1.081 1.6457 -1.8924, -1.0846 1.6531 -1.8861, -1.0873 1.6587 -1.878, -1.089 1.6623 -1.8685, -1.1087 1.6171 -1.8963, -1.1147 1.6245 -1.8924, -1.1198 1.6309 -1.8861, -1.1237 1.6358 -1.878, -1.1261 1.6388 -1.8685, -1.1293 1.636 -1.8685, -1.1353 1.6282 -1.8685, -1.1391 1.619 -1.8685, -1.1096 1.6164 -1.8963, -1.1163 1.6231 -1.8924, -1.122 1.6288 -1.8861, -1.1265 1.6333 -1.878, -1.1353 1.618 -1.878, -1.1319 1.6262 -1.878, -1.1293 1.6164 -1.8861, -1.1265 1.6231 -1.8861, -1.1214 1.6142 -1.8924, -1.1194 1.619 -1.8924, -1.1122 1.6118 -1.8963, -1.1112 1.6142 -1.8963, -1.1404 1.6092 -1.8685, -1.1365 1.6092 -1.878, -1.1302 1.6092 -1.8861, -1.122 1.6092 -1.8924, -1.1126 1.6092 -1.8963, -0.8968 1.6092 -1.8967, -0.8956 1.6114 -1.8963, -0.8671 1.6092 -1.867, -0.8684 1.6176 -1.8685, -0.8676 1.6092 -1.8684, -0.87 1.6092 -1.8754, -0.8723 1.6167 -1.878, -0.8716 1.6092 -1.8778, -0.8747 1.6092 -1.8828, -0.8784 1.6153 -1.8861, -0.8778 1.6092 -1.8859, -0.881 1.6092 -1.889, -0.8863 1.6135 -1.8924, -0.8757 1.6328 -1.8685, -0.8788 1.6304 -1.878, -0.8837 1.6265 -1.8861, -0.8901 1.6214 -1.8924, -0.8975 1.6155 -1.8963, -0.8712 1.6256 -1.8685, -0.8748 1.6239 -1.878, -0.8804 1.6212 -1.8861, -0.8878 1.6177 -1.8924, -0.8963 1.6136 -1.8963, -0.8859 1.6092 -1.8922, -0.8884 1.6092 -1.8937, -0.8954 1.6092 -1.8962, -1.1417 1.3633 -1.8583, -1.1404 1.3633 -1.8685, -1.1365 1.3633 -1.878, -1.1302 1.3633 -1.8861, -1.122 1.3633 -1.8924, -1.1126 1.3633 -1.8963, -1.1302 1.3354 -1.8583, -1.1332 1.3388 -1.4252, -1.1379 1.3462 -1.4252, -1.1365 1.3436 -1.8583, -1.1329 1.339 -1.8583, -1.1406 1.3546 -1.8583, -1.1404 1.3531 -1.8583, -1.1376 1.3463 -1.8583, -1.1407 1.3545 -1.4252, -1.1417 1.3633 -1.4252, -0.8671 1.3545 -1.4252, -0.8673 1.3546 -1.8583, -0.8661 1.3633 -1.4252, -0.8667 1.3566 -1.8583, -0.8661 1.3633 -1.8583, -0.8748 1.3388 -1.8583, -0.8743 1.3393 -1.8583, -0.87 1.3462 -1.4252, -0.8701 1.3463 -1.8583, -0.8694 1.3475 -1.8583, -0.8747 1.3388 -1.4252, -0.8673 1.3633 -1.867, -0.8675 1.3633 -1.8685, -0.8703 1.3633 -1.8752, -0.8714 1.3633 -1.878, -0.875 1.3633 -1.8826, -0.8777 1.3633 -1.8861, -0.8812 1.3633 -1.8888, -0.8858 1.3633 -1.8924, -0.8885 1.3633 -1.8935, -0.8953 1.3633 -1.8963, -0.8968 1.3633 -1.8965, -1.1391 1.3534 -1.8685, -1.1353 1.3443 -1.8685, -1.1261 1.3336 -1.8685, -1.1293 1.3364 -1.8685, -1.1237 1.3367 -1.878, -1.1265 1.3392 -1.878, -1.1198 1.3416 -1.8861, -1.122 1.3436 -1.8861, -1.1147 1.3479 -1.8924, -1.1163 1.3494 -1.8924, -1.1087 1.3553 -1.8963, -1.1096 1.3561 -1.8963, -1.1319 1.3462 -1.878, -1.1353 1.3545 -1.878, -1.1265 1.3494 -1.8861, -1.1293 1.3561 -1.8861, -1.1194 1.3534 -1.8924, -1.1214 1.3582 -1.8924, -1.1112 1.3582 -1.8963, -1.1122 1.3606 -1.8963, -0.8817 1.3336 -1.8685, -0.8753 1.3402 -1.8685, -0.8707 1.348 -1.8685, -0.868 1.3568 -1.8685, -0.8719 1.3575 -1.878, -0.8781 1.3586 -1.8861, -0.8861 1.3599 -1.8924, -0.8955 1.3616 -1.8963, -0.8743 1.3496 -1.878, -0.8785 1.3425 -1.878, -0.88 1.3521 -1.8861, -0.8834 1.3464 -1.8861, -0.8875 1.3554 -1.8924, -0.8899 1.3513 -1.8924, -0.8962 1.3592 -1.8963, -0.8974 1.3571 -1.8963, -0.8842 1.3367 -1.878, -0.8881 1.3416 -1.8861, -0.8932 1.3479 -1.8924, -0.8991 1.3553 -1.8963, -1.0769 1.3352 -1.8963, -1.081 1.3267 -1.8924, -1.0846 1.3194 -1.8861, -1.0873 1.3137 -1.878, -1.089 1.3102 -1.8685, -1.0414 1.3228 -1.8963, -1.0435 1.3135 -1.8924, -1.0453 1.3056 -1.8861, -1.0467 1.2995 -1.878, -1.0476 1.2956 -1.8685, -1.0039 1.3186 -1.8963, -1.0039 1.3091 -1.8924, -1.0039 1.3009 -1.8861, -1.0039 1.2946 -1.878, -1.0039 1.2907 -1.8685, -0.9665 1.3228 -1.8963, -0.9644 1.3135 -1.8924, -0.9626 1.3056 -1.8861, -0.9612 1.2995 -1.878, -0.9603 1.2956 -1.8685, -0.931 1.3352 -1.8963, -0.9269 1.3267 -1.8924, -0.9233 1.3194 -1.8861, -0.9206 1.3137 -1.878, -0.9189 1.3102 -1.8685, 0.8777 1.3354 -1.8583, 0.8747 1.3388 -1.4252, 0.87 1.3462 -1.4252, 0.8714 1.3436 -1.8583, 0.875 1.339 -1.8583, 0.8673 1.3546 -1.8583, 0.8675 1.3531 -1.8583, 0.8703 1.3463 -1.8583, 0.8671 1.3545 -1.4252, 0.8661 1.3633 -1.4252, 0.8661 1.3633 -1.8583, 0.8991 1.3553 -1.8963, 0.931 1.3352 -1.8963, 0.8932 1.3479 -1.8924, 0.9269 1.3267 -1.8924, 0.8881 1.3416 -1.8861, 0.9233 1.3194 -1.8861, 0.8842 1.3367 -1.878, 0.9206 1.3137 -1.878, 0.8817 1.3336 -1.8685, 0.9189 1.3102 -1.8685, 0.9665 1.3228 -1.8963, 0.9644 1.3135 -1.8924, 0.9626 1.3056 -1.8861, 0.9612 1.2995 -1.878, 0.9603 1.2956 -1.8685, 1.0039 1.3186 -1.8963, 1.0039 1.3091 -1.8924, 1.0039 1.3009 -1.8861, 1.0039 1.2946 -1.878, 1.0039 1.2907 -1.8685, 1.0414 1.3228 -1.8963, 1.0435 1.3135 -1.8924, 1.0453 1.3056 -1.8861, 1.0467 1.2995 -1.878, 1.0476 1.2956 -1.8685, 1.0769 1.3352 -1.8963, 1.081 1.3267 -1.8924, 1.0846 1.3194 -1.8861, 1.0873 1.3137 -1.878, 1.089 1.3102 -1.8685, 1.1087 1.3553 -1.8963, 1.1147 1.3479 -1.8924, 1.1198 1.3416 -1.8861, 1.1237 1.3367 -1.878, 1.1261 1.3336 -1.8685, 1.1417 1.3633 -1.8583, 1.1417 1.3633 -1.4252, 1.1415 1.359 -1.8583, 1.1407 1.3545 -1.4252, 1.1379 1.3462 -1.4252, 1.139 1.349 -1.8583, 1.1404 1.3546 -1.8583, 1.1331 1.3389 -1.8583, 1.1341 1.34 -1.8583, 1.1376 1.3464 -1.8583, 1.1332 1.3388 -1.4252, 0.8968 1.3633 -1.8967, 0.8957 1.3606 -1.8963, 0.8726 1.3443 -1.8685, 0.8786 1.3364 -1.8685, 0.8814 1.3392 -1.878, 0.8858 1.3436 -1.8861, 0.8916 1.3494 -1.8924, 0.8983 1.3561 -1.8963, 0.8671 1.3633 -1.867, 0.8688 1.3534 -1.8685, 0.8676 1.3633 -1.8684, 0.87 1.3633 -1.8754, 0.8726 1.3545 -1.878, 0.8716 1.3633 -1.8778, 0.8747 1.3633 -1.8828, 0.8786 1.3561 -1.8861, 0.8778 1.3633 -1.8859, 0.881 1.3633 -1.889, 0.8865 1.3582 -1.8924, 0.876 1.3462 -1.878, 0.8814 1.3494 -1.8861, 0.8885 1.3534 -1.8924, 0.8967 1.3582 -1.8963, 0.8859 1.3633 -1.8922, 0.8884 1.3633 -1.8937, 0.8954 1.3633 -1.8962, 1.133 1.3408 -1.8685, 1.1378 1.3495 -1.8685, 1.1406 1.3633 -1.867, 1.1402 1.3591 -1.8685, 1.1404 1.3633 -1.8685, 1.1376 1.3633 -1.8752, 1.1363 1.3595 -1.878, 1.1365 1.3633 -1.878, 1.1329 1.3633 -1.8826, 1.13 1.3602 -1.8861, 1.1302 1.3633 -1.8861, 1.1219 1.3611 -1.8924, 1.122 1.3633 -1.8924, 1.1267 1.3633 -1.8888, 1.1111 1.3633 -1.8965, 1.1125 1.3622 -1.8963, 1.1126 1.3633 -1.8963, 1.1193 1.3633 -1.8935, 1.1341 1.3509 -1.878, 1.1298 1.3431 -1.878, 1.1283 1.3532 -1.8861, 1.1248 1.3468 -1.8861, 1.1207 1.3561 -1.8924, 1.1182 1.3516 -1.8924, 1.1119 1.3596 -1.8963, 1.1106 1.3573 -1.8963, 0.8661 1.6092 -1.4252, 0.8671 1.6179 -1.4252, 0.8661 1.6092 -1.8583, 0.8673 1.6179 -1.8583, 0.8675 1.6193 -1.8583, 0.87 1.6262 -1.4252, 0.8703 1.6261 -1.8583, 0.8714 1.6288 -1.8583, 0.8747 1.6337 -1.4252, 0.875 1.6335 -1.8583, 0.8777 1.637 -1.8583, 0.8968 1.6092 -1.8965, 0.8953 1.6092 -1.8963, 0.8885 1.6092 -1.8935, 0.8858 1.6092 -1.8924, 0.8812 1.6092 -1.8888, 0.8777 1.6092 -1.8861, 0.875 1.6092 -1.8826, 0.8714 1.6092 -1.878, 0.8703 1.6092 -1.8752, 0.8675 1.6092 -1.8685, 0.8673 1.6092 -1.867, 1.1111 1.6092 -1.8965, 1.1126 1.6092 -1.8963, 1.1193 1.6092 -1.8935, 1.122 1.6092 -1.8924, 1.1267 1.6092 -1.8888, 1.1302 1.6092 -1.8861, 1.1329 1.6092 -1.8826, 1.1365 1.6092 -1.878, 1.1376 1.6092 -1.8752, 1.1404 1.6092 -1.8685, 1.1406 1.6092 -1.867, 1.1417 1.6092 -1.8583, 1.1332 1.6337 -1.4252, 1.1332 1.6337 -1.8583, 1.1379 1.6262 -1.4252, 1.1379 1.6262 -1.8583, 1.1407 1.6179 -1.4252, 1.1407 1.6179 -1.8583, 1.1417 1.6092 -1.4252, 0.8786 1.636 -1.8685, 0.8726 1.6282 -1.8685, 0.8688 1.619 -1.8685, 0.8881 1.6309 -1.8861, 0.8858 1.6288 -1.8861, 0.8814 1.6333 -1.878, 0.8983 1.6164 -1.8963, 0.8991 1.6171 -1.8963, 0.8842 1.6358 -1.878, 0.8817 1.6388 -1.8685, 0.8726 1.618 -1.878, 0.876 1.6262 -1.878, 0.8814 1.6231 -1.8861, 0.8885 1.619 -1.8924, 0.8786 1.6164 -1.8861, 0.8865 1.6142 -1.8924, 0.8957 1.6118 -1.8963, 0.8932 1.6245 -1.8924, 0.8916 1.6231 -1.8924, 0.8967 1.6142 -1.8963, 1.1123 1.6114 -1.8963, 1.1394 1.6176 -1.8685, 1.1356 1.6167 -1.878, 1.1295 1.6153 -1.8861, 1.1216 1.6135 -1.8924, 1.1261 1.6388 -1.8685, 1.1321 1.6328 -1.8685, 1.1237 1.6358 -1.878, 1.129 1.6304 -1.878, 1.1198 1.6309 -1.8861, 1.1242 1.6265 -1.8861, 1.1147 1.6245 -1.8924, 1.1178 1.6214 -1.8924, 1.1087 1.6171 -1.8963, 1.1103 1.6155 -1.8963, 1.1366 1.6256 -1.8685, 1.1331 1.6239 -1.878, 1.1275 1.6212 -1.8861, 1.1201 1.6177 -1.8924, 1.1115 1.6136 -1.8963, 1.0769 1.6372 -1.8963, 1.081 1.6457 -1.8924, 1.0846 1.6531 -1.8861, 1.0873 1.6587 -1.878, 1.089 1.6623 -1.8685, 1.0414 1.6497 -1.8963, 1.0435 1.6589 -1.8924, 1.0453 1.6669 -1.8861, 1.0467 1.673 -1.878, 1.0476 1.6768 -1.8685, 1.0039 1.6539 -1.8963, 1.0039 1.6634 -1.8924, 1.0039 1.6715 -1.8861, 1.0039 1.6778 -1.878, 1.0039 1.6817 -1.8685, 0.9665 1.6497 -1.8963, 0.9644 1.6589 -1.8924, 0.9626 1.6669 -1.8861, 0.9612 1.673 -1.878, 0.9603 1.6768 -1.8685, 0.931 1.6372 -1.8963, 0.9269 1.6457 -1.8924, 0.9233 1.6531 -1.8861, 0.9206 1.6587 -1.878, 0.9189 1.6623 -1.8685, 0.9189 1.6623 -1.8685
            ]
        }
        coordIndex [
            0,1,2,-1,0,2,3,-1,3,2,4,-1,3,4,5,-1,5,4,6,-1,5,6,7,-1,7,6,8,-1,7,8,9,-1,9,8,10,-1,9,10,11,-1,11,10,12,-1,11,12,13,-1,14,15,16,-1,14,16,17,-1,17,16,18,-1,17,18,19,-1,19,18,20,-1,19,20,21,-1,21,20,22,-1,21,22,23,-1,23,22,24,-1,23,24,25,-1,25,24,26,-1,25,26,27,-1,28,29,30,-1,30,29,31,-1,30,31,32,-1,32,33,30,-1,30,33,34,-1,30,34,35,-1,36,37,35,-1,35,37,38,-1,35,38,39,-1,39,40,35,-1,35,40,41,-1,35,41,30,-1,42,43,44,-1,42,44,45,-1,45,44,46,-1,45,46,47,-1,47,46,48,-1,47,48,49,-1,49,48,50,-1,49,50,51,-1,51,50,52,-1,51,52,53,-1,53,52,54,-1,53,54,55,-1,56,57,58,-1,56,58,59,-1,59,58,60,-1,59,60,61,-1,61,60,62,-1,61,62,63,-1,63,62,64,-1,63,64,65,-1,65,64,66,-1,65,66,67,-1,67,66,68,-1,67,68,69,-1,70,71,72,-1,73,74,75,-1,72,76,70,-1,70,76,77,-1,70,77,78,-1,75,79,73,-1,73,79,80,-1,73,80,81,-1,78,82,70,-1,70,82,73,-1,70,73,83,-1,83,73,81,-1,84,85,86,-1,86,85,87,-1,87,85,88,-1,88,85,89,-1,88,89,90,-1,90,89,91,-1,91,89,92,-1,91,92,93,-1,93,92,94,-1,94,92,43,-1,94,43,42,-1,55,54,95,-1,55,95,96,-1,96,95,97,-1,96,97,98,-1,98,97,99,-1,98,99,100,-1,100,99,101,-1,100,101,102,-1,71,70,103,-1,103,70,104,-1,103,104,105,-1,105,104,106,-1,105,106,107,-1,107,106,108,-1,107,108,109,-1,109,108,110,-1,109,110,111,-1,111,110,112,-1,111,112,55,-1,55,112,53,-1,70,83,104,-1,104,83,113,-1,104,113,106,-1,106,113,114,-1,106,114,108,-1,108,114,115,-1,108,115,110,-1,110,115,116,-1,110,116,112,-1,112,116,117,-1,112,117,53,-1,53,117,51,-1,83,81,113,-1,113,81,118,-1,113,118,114,-1,114,118,119,-1,114,119,115,-1,115,119,120,-1,115,120,116,-1,116,120,121,-1,116,121,117,-1,117,121,122,-1,117,122,51,-1,51,122,49,-1,81,80,118,-1,118,80,123,-1,118,123,119,-1,119,123,124,-1,119,124,120,-1,120,124,125,-1,120,125,121,-1,121,125,126,-1,121,126,122,-1,122,126,127,-1,122,127,49,-1,49,127,47,-1,80,79,123,-1,123,79,128,-1,123,128,124,-1,124,128,129,-1,124,129,125,-1,125,129,130,-1,125,130,126,-1,126,130,131,-1,126,131,127,-1,127,131,132,-1,127,132,47,-1,47,132,45,-1,79,75,128,-1,128,75,133,-1,128,133,129,-1,129,133,134,-1,129,134,130,-1,130,134,135,-1,130,135,131,-1,131,135,136,-1,131,136,132,-1,132,136,137,-1,132,137,45,-1,45,137,42,-1,93,94,138,-1,90,91,139,-1,87,88,140,-1,75,141,133,-1,133,141,142,-1,133,142,134,-1,134,142,143,-1,134,143,135,-1,135,143,144,-1,135,144,136,-1,136,144,138,-1,136,138,137,-1,137,138,94,-1,137,94,42,-1,88,90,140,-1,140,90,139,-1,140,139,145,-1,145,139,146,-1,145,146,147,-1,147,146,148,-1,147,148,149,-1,149,148,150,-1,149,150,151,-1,151,150,152,-1,151,152,75,-1,91,93,139,-1,139,93,138,-1,139,138,146,-1,146,138,144,-1,146,144,148,-1,148,144,143,-1,148,143,150,-1,150,143,142,-1,150,142,152,-1,152,142,141,-1,152,141,75,-1,86,87,153,-1,153,87,140,-1,153,140,154,-1,154,140,145,-1,154,145,155,-1,155,145,147,-1,155,147,156,-1,156,147,149,-1,156,149,157,-1,157,149,151,-1,157,151,75,-1,158,71,159,-1,102,160,100,-1,100,160,161,-1,160,162,161,-1,161,162,163,-1,161,163,164,-1,163,165,164,-1,164,165,166,-1,164,166,167,-1,166,168,167,-1,167,168,169,-1,167,169,170,-1,55,96,111,-1,111,96,171,-1,111,171,109,-1,109,171,172,-1,109,172,107,-1,107,172,173,-1,107,173,105,-1,105,173,174,-1,105,174,103,-1,103,174,175,-1,103,175,71,-1,98,100,176,-1,176,100,161,-1,176,161,177,-1,177,161,164,-1,177,164,178,-1,178,164,167,-1,178,167,179,-1,179,167,170,-1,179,170,180,-1,180,170,159,-1,180,159,71,-1,169,181,170,-1,170,181,182,-1,170,182,159,-1,159,182,183,-1,159,183,158,-1,96,98,171,-1,171,98,176,-1,171,176,172,-1,172,176,177,-1,172,177,173,-1,173,177,178,-1,173,178,174,-1,174,178,179,-1,174,179,175,-1,175,179,180,-1,175,180,71,-1,184,86,153,-1,184,153,185,-1,185,153,154,-1,185,154,186,-1,186,154,155,-1,186,155,187,-1,187,155,156,-1,187,156,188,-1,188,156,157,-1,188,157,189,-1,189,157,75,-1,189,75,74,-1,69,68,190,-1,190,68,191,-1,192,193,191,-1,191,193,194,-1,191,194,190,-1,195,196,192,-1,192,196,197,-1,192,197,193,-1,192,198,195,-1,195,198,199,-1,195,199,184,-1,200,201,202,-1,202,201,203,-1,202,203,204,-1,205,206,207,-1,207,206,208,-1,207,208,200,-1,200,208,209,-1,200,209,201,-1,207,210,205,-1,205,210,57,-1,205,57,56,-1,204,211,102,-1,102,211,160,-1,160,211,162,-1,162,211,212,-1,162,212,163,-1,163,212,213,-1,163,213,165,-1,165,213,214,-1,165,214,166,-1,166,214,215,-1,166,215,168,-1,168,215,216,-1,168,216,169,-1,169,216,217,-1,169,217,181,-1,181,217,218,-1,181,218,182,-1,182,218,219,-1,182,219,183,-1,183,219,220,-1,183,220,158,-1,220,221,158,-1,158,221,72,-1,158,72,71,-1,195,184,185,-1,197,196,222,-1,194,193,223,-1,69,190,224,-1,224,190,225,-1,224,225,226,-1,226,225,227,-1,226,227,228,-1,228,227,229,-1,228,229,230,-1,230,229,231,-1,230,231,232,-1,232,231,233,-1,232,233,74,-1,193,197,223,-1,223,197,222,-1,223,222,234,-1,234,222,235,-1,234,235,236,-1,236,235,237,-1,236,237,238,-1,238,237,239,-1,238,239,240,-1,240,239,241,-1,240,241,74,-1,196,195,222,-1,222,195,185,-1,222,185,235,-1,235,185,186,-1,235,186,237,-1,237,186,187,-1,237,187,239,-1,239,187,188,-1,239,188,241,-1,241,188,189,-1,241,189,74,-1,190,194,225,-1,225,194,223,-1,225,223,227,-1,227,223,234,-1,227,234,229,-1,229,234,236,-1,229,236,231,-1,231,236,238,-1,231,238,233,-1,233,238,240,-1,233,240,74,-1,205,56,242,-1,208,206,243,-1,201,209,244,-1,204,203,211,-1,211,203,245,-1,211,245,212,-1,212,245,213,-1,213,245,246,-1,213,246,214,-1,247,248,218,-1,218,217,247,-1,247,217,216,-1,247,216,246,-1,246,216,215,-1,246,215,214,-1,72,221,249,-1,249,221,220,-1,249,220,248,-1,248,220,219,-1,248,219,218,-1,209,208,244,-1,244,208,243,-1,244,243,250,-1,250,243,251,-1,250,251,252,-1,252,251,253,-1,252,253,254,-1,254,253,255,-1,254,255,256,-1,256,255,257,-1,256,257,72,-1,206,205,243,-1,243,205,242,-1,243,242,251,-1,251,242,258,-1,251,258,253,-1,253,258,259,-1,253,259,255,-1,255,259,260,-1,255,260,257,-1,257,260,261,-1,257,261,72,-1,203,201,245,-1,245,201,244,-1,245,244,246,-1,246,244,250,-1,246,250,247,-1,247,250,252,-1,247,252,248,-1,248,252,254,-1,248,254,249,-1,249,254,256,-1,249,256,72,-1,74,73,232,-1,232,73,262,-1,232,262,230,-1,230,262,263,-1,230,263,228,-1,228,263,264,-1,228,264,226,-1,226,264,265,-1,226,265,224,-1,224,265,266,-1,224,266,69,-1,69,266,67,-1,73,82,262,-1,262,82,267,-1,262,267,263,-1,263,267,268,-1,263,268,264,-1,264,268,269,-1,264,269,265,-1,265,269,270,-1,265,270,266,-1,266,270,271,-1,266,271,67,-1,67,271,65,-1,82,78,267,-1,267,78,272,-1,267,272,268,-1,268,272,273,-1,268,273,269,-1,269,273,274,-1,269,274,270,-1,270,274,275,-1,270,275,271,-1,271,275,276,-1,271,276,65,-1,65,276,63,-1,78,77,272,-1,272,77,277,-1,272,277,273,-1,273,277,278,-1,273,278,274,-1,274,278,279,-1,274,279,275,-1,275,279,280,-1,275,280,276,-1,276,280,281,-1,276,281,63,-1,63,281,61,-1,77,76,277,-1,277,76,282,-1,277,282,278,-1,278,282,283,-1,278,283,279,-1,279,283,284,-1,279,284,280,-1,280,284,285,-1,280,285,281,-1,281,285,286,-1,281,286,61,-1,61,286,59,-1,76,72,282,-1,282,72,261,-1,282,261,283,-1,283,261,260,-1,283,260,284,-1,284,260,259,-1,284,259,285,-1,285,259,258,-1,285,258,286,-1,286,258,242,-1,286,242,59,-1,59,242,56,-1,13,12,287,-1,287,12,288,-1,289,290,288,-1,288,290,291,-1,288,291,287,-1,292,293,289,-1,289,293,294,-1,289,294,290,-1,289,295,292,-1,292,295,296,-1,292,296,297,-1,28,30,298,-1,298,30,299,-1,298,299,300,-1,300,299,301,-1,300,301,302,-1,302,301,303,-1,302,303,304,-1,304,303,305,-1,304,305,306,-1,306,305,307,-1,306,307,13,-1,13,307,11,-1,30,41,299,-1,299,41,308,-1,299,308,301,-1,301,308,309,-1,301,309,303,-1,303,309,310,-1,303,310,305,-1,305,310,311,-1,305,311,307,-1,307,311,312,-1,307,312,11,-1,11,312,9,-1,41,40,308,-1,308,40,313,-1,308,313,309,-1,309,313,314,-1,309,314,310,-1,310,314,315,-1,310,315,311,-1,311,315,316,-1,311,316,312,-1,312,316,317,-1,312,317,9,-1,9,317,7,-1,40,39,313,-1,313,39,318,-1,313,318,314,-1,314,318,319,-1,314,319,315,-1,315,319,320,-1,315,320,316,-1,316,320,321,-1,316,321,317,-1,317,321,322,-1,317,322,7,-1,7,322,5,-1,39,38,318,-1,318,38,323,-1,318,323,319,-1,319,323,324,-1,319,324,320,-1,320,324,325,-1,320,325,321,-1,321,325,326,-1,321,326,322,-1,322,326,327,-1,322,327,5,-1,5,327,3,-1,38,37,323,-1,323,37,328,-1,323,328,324,-1,324,328,329,-1,324,329,325,-1,325,329,330,-1,325,330,326,-1,326,330,331,-1,326,331,327,-1,327,331,332,-1,327,332,3,-1,3,332,0,-1,333,334,335,-1,335,334,336,-1,337,338,336,-1,336,338,339,-1,336,339,335,-1,340,341,337,-1,337,341,342,-1,337,342,338,-1,337,343,340,-1,340,343,1,-1,340,1,0,-1,344,28,345,-1,291,290,346,-1,287,347,13,-1,13,347,306,-1,306,347,304,-1,304,347,348,-1,304,348,302,-1,302,348,349,-1,302,349,300,-1,300,349,350,-1,300,350,298,-1,298,350,351,-1,298,351,28,-1,297,352,292,-1,292,352,353,-1,292,353,293,-1,293,353,294,-1,352,354,353,-1,353,354,355,-1,353,355,356,-1,355,357,356,-1,356,357,358,-1,356,358,359,-1,358,360,359,-1,359,360,361,-1,359,361,362,-1,290,294,346,-1,346,294,353,-1,346,353,363,-1,363,353,356,-1,363,356,364,-1,364,356,359,-1,364,359,365,-1,365,359,362,-1,365,362,366,-1,366,362,345,-1,366,345,28,-1,361,367,362,-1,362,367,368,-1,362,368,345,-1,345,368,369,-1,345,369,344,-1,287,291,347,-1,347,291,346,-1,347,346,348,-1,348,346,363,-1,348,363,349,-1,349,363,364,-1,349,364,350,-1,350,364,365,-1,350,365,351,-1,351,365,366,-1,351,366,28,-1,340,0,332,-1,342,341,370,-1,339,338,371,-1,333,335,372,-1,372,335,373,-1,372,373,374,-1,374,373,375,-1,375,373,376,-1,375,376,377,-1,377,376,378,-1,378,376,379,-1,378,379,380,-1,381,382,379,-1,379,382,383,-1,379,383,380,-1,37,384,385,-1,385,384,386,-1,385,386,381,-1,381,386,387,-1,381,387,382,-1,338,342,371,-1,371,342,370,-1,371,370,388,-1,388,370,389,-1,388,389,390,-1,390,389,391,-1,390,391,392,-1,392,391,393,-1,392,393,394,-1,394,393,395,-1,394,395,37,-1,341,340,370,-1,370,340,332,-1,370,332,389,-1,389,332,331,-1,389,331,391,-1,391,331,330,-1,391,330,393,-1,393,330,329,-1,393,329,395,-1,395,329,328,-1,395,328,37,-1,335,339,373,-1,373,339,371,-1,373,371,376,-1,376,371,388,-1,376,388,379,-1,379,388,390,-1,379,390,381,-1,381,390,392,-1,381,392,385,-1,385,392,394,-1,385,394,37,-1,396,397,398,-1,398,397,399,-1,399,397,400,-1,400,397,401,-1,400,401,402,-1,402,401,403,-1,403,401,404,-1,403,404,405,-1,405,404,406,-1,406,404,15,-1,406,15,14,-1,28,344,29,-1,29,344,407,-1,407,344,408,-1,408,344,369,-1,408,369,409,-1,409,369,368,-1,409,368,410,-1,410,368,367,-1,410,367,411,-1,411,367,361,-1,411,361,412,-1,412,361,360,-1,412,360,413,-1,413,360,358,-1,413,358,414,-1,414,358,357,-1,414,357,415,-1,415,357,355,-1,415,355,416,-1,416,355,354,-1,416,354,417,-1,354,352,417,-1,417,352,297,-1,417,297,398,-1,36,418,37,-1,37,418,384,-1,384,418,386,-1,386,418,419,-1,386,419,387,-1,387,419,420,-1,387,420,382,-1,382,420,421,-1,382,421,383,-1,383,421,422,-1,383,422,380,-1,380,422,423,-1,380,423,378,-1,378,423,424,-1,378,424,377,-1,377,424,425,-1,377,425,375,-1,375,425,426,-1,375,426,374,-1,374,426,427,-1,374,427,372,-1,427,428,372,-1,372,428,429,-1,372,429,333,-1,27,26,430,-1,27,430,431,-1,431,430,432,-1,431,432,433,-1,433,432,434,-1,433,434,435,-1,435,434,436,-1,435,436,429,-1,405,406,437,-1,402,403,438,-1,399,400,439,-1,440,441,442,-1,29,443,444,-1,440,442,445,-1,445,442,437,-1,445,437,446,-1,446,437,406,-1,446,406,14,-1,398,399,417,-1,417,399,439,-1,417,439,416,-1,416,439,415,-1,415,439,447,-1,415,447,414,-1,403,405,438,-1,438,405,437,-1,438,437,448,-1,448,437,442,-1,448,442,449,-1,449,442,441,-1,449,441,450,-1,451,452,410,-1,410,411,451,-1,451,411,412,-1,451,412,447,-1,447,412,413,-1,447,413,414,-1,400,402,439,-1,439,402,438,-1,439,438,447,-1,447,438,448,-1,447,448,451,-1,451,448,449,-1,451,449,452,-1,452,449,450,-1,452,450,453,-1,29,407,453,-1,453,407,408,-1,453,408,452,-1,452,408,409,-1,452,409,410,-1,440,454,441,-1,441,454,455,-1,441,455,450,-1,450,455,456,-1,450,456,453,-1,453,456,29,-1,454,444,455,-1,455,444,443,-1,455,443,456,-1,456,443,29,-1,418,36,457,-1,458,435,429,-1,429,428,458,-1,458,428,427,-1,458,427,459,-1,459,427,426,-1,426,425,459,-1,459,425,424,-1,459,424,460,-1,424,423,460,-1,460,423,422,-1,460,422,461,-1,27,431,462,-1,462,431,463,-1,462,463,464,-1,464,463,465,-1,464,465,466,-1,466,465,467,-1,466,467,468,-1,468,467,469,-1,468,469,470,-1,470,469,471,-1,470,471,36,-1,433,435,472,-1,472,435,458,-1,472,458,473,-1,473,458,459,-1,473,459,474,-1,474,459,460,-1,474,460,475,-1,475,460,461,-1,475,461,476,-1,476,461,457,-1,476,457,36,-1,422,421,461,-1,461,421,420,-1,461,420,457,-1,457,420,419,-1,457,419,418,-1,431,433,463,-1,463,433,472,-1,463,472,465,-1,465,472,473,-1,465,473,467,-1,467,473,474,-1,467,474,469,-1,469,474,475,-1,469,475,471,-1,471,475,476,-1,471,476,36,-1,36,35,470,-1,470,35,477,-1,470,477,468,-1,468,477,478,-1,468,478,466,-1,466,478,479,-1,466,479,464,-1,464,479,480,-1,464,480,462,-1,462,480,481,-1,462,481,27,-1,27,481,25,-1,35,34,477,-1,477,34,482,-1,477,482,478,-1,478,482,483,-1,478,483,479,-1,479,483,484,-1,479,484,480,-1,480,484,485,-1,480,485,481,-1,481,485,486,-1,481,486,25,-1,25,486,23,-1,34,33,482,-1,482,33,487,-1,482,487,483,-1,483,487,488,-1,483,488,484,-1,484,488,489,-1,484,489,485,-1,485,489,490,-1,485,490,486,-1,486,490,491,-1,486,491,23,-1,23,491,21,-1,33,32,487,-1,487,32,492,-1,487,492,488,-1,488,492,493,-1,488,493,489,-1,489,493,494,-1,489,494,490,-1,490,494,495,-1,490,495,491,-1,491,495,496,-1,491,496,21,-1,21,496,19,-1,32,31,492,-1,492,31,497,-1,492,497,493,-1,493,497,498,-1,493,498,494,-1,494,498,499,-1,494,499,495,-1,495,499,500,-1,495,500,496,-1,496,500,501,-1,496,501,19,-1,19,501,17,-1,31,29,497,-1,497,29,444,-1,497,444,498,-1,498,444,454,-1,498,454,499,-1,499,454,440,-1,499,440,500,-1,500,440,445,-1,500,445,501,-1,501,445,446,-1,501,446,17,-1,17,446,14,-1,
        ]
    }
}