#VRML V2.0 utf8
# 3D model generated by easyeda2kicad.py (https://github.com/uPesy/easyeda2kicad.py)

Shape{
    appearance Appearance {
        material  Material 	{
            diffuseColor 0.792156862745098 0.5882352941176471 0.41568627450980394
            specularColor 0.9882352941176471 0.7372549019607844 0.5176470588235295
            ambientIntensity 0.2
            transparency 0
            shininess 0.5
        }
    }
    geometry IndexedFaceSet {
        ccw TRUE
        solid FALSE
        coord DEF co Coordinate {
            point [
                -2.1654 2.5591 -0.1969, -2.1654 2.5591 0.0, -2.1662 2.5436 0.0, -2.1662 2.5436 -0.1969, -2.1688 2.5284 0.0, -2.1688 2.5284 -0.1969, -2.1731 2.5135 0.0, -2.1731 2.5135 -0.1969, -2.179 2.4993 0.0, -2.179 2.4993 -0.1969, -2.1865 2.4857 0.0, -2.1865 2.4857 -0.1969, -2.1954 2.4731 0.0, -2.1954 2.4731 -0.1969, -2.2057 2.4616 0.0, -2.2057 2.4616 -0.1969, -2.2172 2.4513 0.0, -2.2172 2.4513 -0.1969, -2.2298 2.4424 0.0, -2.2298 2.4424 -0.1969, -2.2434 2.4349 0.0, -2.2434 2.4349 -0.1969, -2.2576 2.429 0.0, -2.2576 2.429 -0.1969, -2.2725 2.4247 0.0, -2.2725 2.4247 -0.1969, -2.2877 2.4221 0.0, -2.2877 2.4221 -0.1969, -2.3031 2.4213 0.0, -2.3031 2.4213 -0.1969, -2.3186 2.4221 0.0, -2.3186 2.4221 -0.1969, -2.3338 2.4247 0.0, -2.3338 2.4247 -0.1969, -2.3487 2.429 0.0, -2.3487 2.429 -0.1969, -2.3629 2.4349 0.0, -2.3629 2.4349 -0.1969, -2.3765 2.4424 0.0, -2.3765 2.4424 -0.1969, -2.3891 2.4513 0.0, -2.3891 2.4513 -0.1969, -2.4006 2.4616 0.0, -2.4006 2.4616 -0.1969, -2.4109 2.4731 0.0, -2.4109 2.4731 -0.1969, -2.4198 2.4857 0.0, -2.4198 2.4857 -0.1969, -2.4273 2.4993 0.0, -2.4273 2.4993 -0.1969, -2.4332 2.5135 0.0, -2.4332 2.5135 -0.1969, -2.4375 2.5284 0.0, -2.4375 2.5284 -0.1969, -2.4401 2.5436 0.0, -2.4401 2.5436 -0.1969, -2.4409 2.5591 0.0, -2.4409 2.5591 -0.1969, -2.4016 2.5591 -0.1969, -2.4016 2.5591 0.0, -2.4007 2.5462 -0.1969, -2.4007 2.5462 0.0, -2.3982 2.5336 -0.1969, -2.3982 2.5336 0.0, -2.3941 2.5214 -0.1969, -2.3941 2.5214 0.0, -2.3884 2.5098 -0.1969, -2.3884 2.5098 0.0, -2.3812 2.4991 -0.1969, -2.3812 2.4991 0.0, -2.3727 2.4895 -0.1969, -2.3727 2.4895 0.0, -2.3631 2.481 -0.1969, -2.3631 2.481 0.0, -2.3524 2.4738 -0.1969, -2.3524 2.4738 0.0, -2.3408 2.4681 -0.1969, -2.3408 2.4681 0.0, -2.3286 2.464 -0.1969, -2.3286 2.464 0.0, -2.316 2.4615 -0.1969, -2.316 2.4615 0.0, -2.3031 2.4606 -0.1969, -2.3031 2.4606 0.0, -2.2903 2.4615 -0.1969, -2.2903 2.4615 0.0, -2.2777 2.464 -0.1969, -2.2777 2.464 0.0, -2.2655 2.4681 -0.1969, -2.2655 2.4681 0.0, -2.2539 2.4738 -0.1969, -2.2539 2.4738 0.0, -2.2432 2.481 -0.1969, -2.2432 2.481 0.0, -2.2336 2.4895 -0.1969, -2.2336 2.4895 0.0, -2.2251 2.4991 -0.1969, -2.2251 2.4991 0.0, -2.2179 2.5098 -0.1969, -2.2179 2.5098 0.0, -2.2122 2.5214 -0.1969, -2.2122 2.5214 0.0, -2.2081 2.5336 -0.1969, -2.2081 2.5336 0.0, -2.2056 2.5462 -0.1969, -2.2056 2.5462 0.0, -2.2047 2.5591 -0.1969, -2.2047 2.5591 0.0, -1.811 2.5591 -0.1969, -1.811 2.5591 0.0, -1.8119 2.5436 0.0, -1.8119 2.5436 -0.1969, -1.8145 2.5284 0.0, -1.8145 2.5284 -0.1969, -1.8188 2.5135 0.0, -1.8188 2.5135 -0.1969, -1.8247 2.4993 0.0, -1.8247 2.4993 -0.1969, -1.8321 2.4857 0.0, -1.8321 2.4857 -0.1969, -1.8411 2.4731 0.0, -1.8411 2.4731 -0.1969, -1.8514 2.4616 0.0, -1.8514 2.4616 -0.1969, -1.8629 2.4513 0.0, -1.8629 2.4513 -0.1969, -1.8755 2.4424 0.0, -1.8755 2.4424 -0.1969, -1.889 2.4349 0.0, -1.889 2.4349 -0.1969, -1.9033 2.429 0.0, -1.9033 2.429 -0.1969, -1.9182 2.4247 0.0, -1.9182 2.4247 -0.1969, -1.9334 2.4221 0.0, -1.9334 2.4221 -0.1969, -1.9488 2.4213 0.0, -1.9488 2.4213 -0.1969, -1.9642 2.4221 0.0, -1.9642 2.4221 -0.1969, -1.9795 2.4247 0.0, -1.9795 2.4247 -0.1969, -1.9943 2.429 0.0, -1.9943 2.429 -0.1969, -2.0086 2.4349 0.0, -2.0086 2.4349 -0.1969, -2.0221 2.4424 0.0, -2.0221 2.4424 -0.1969, -2.0347 2.4513 0.0, -2.0347 2.4513 -0.1969, -2.0463 2.4616 0.0, -2.0463 2.4616 -0.1969, -2.0566 2.4731 0.0, -2.0566 2.4731 -0.1969, -2.0655 2.4857 0.0, -2.0655 2.4857 -0.1969, -2.073 2.4993 0.0, -2.073 2.4993 -0.1969, -2.0789 2.5135 0.0, -2.0789 2.5135 -0.1969, -2.0832 2.5284 0.0, -2.0832 2.5284 -0.1969, -2.0857 2.5436 0.0, -2.0857 2.5436 -0.1969, -2.0866 2.5591 0.0, -2.0866 2.5591 -0.1969, -2.0472 2.5591 -0.1969, -2.0472 2.5591 0.0, -2.0464 2.5462 -0.1969, -2.0464 2.5462 0.0, -2.0439 2.5336 -0.1969, -2.0439 2.5336 0.0, -2.0398 2.5214 -0.1969, -2.0398 2.5214 0.0, -2.0341 2.5098 -0.1969, -2.0341 2.5098 0.0, -2.0269 2.4991 -0.1969, -2.0269 2.4991 0.0, -2.0184 2.4895 -0.1969, -2.0184 2.4895 0.0, -2.0087 2.481 -0.1969, -2.0087 2.481 0.0, -1.998 2.4738 -0.1969, -1.998 2.4738 0.0, -1.9865 2.4681 -0.1969, -1.9865 2.4681 0.0, -1.9743 2.464 -0.1969, -1.9743 2.464 0.0, -1.9617 2.4615 -0.1969, -1.9617 2.4615 0.0, -1.9488 2.4606 -0.1969, -1.9488 2.4606 0.0, -1.936 2.4615 -0.1969, -1.936 2.4615 0.0, -1.9233 2.464 -0.1969, -1.9233 2.464 0.0, -1.9112 2.4681 -0.1969, -1.9112 2.4681 0.0, -1.8996 2.4738 -0.1969, -1.8996 2.4738 0.0, -1.8889 2.481 -0.1969, -1.8889 2.481 0.0, -1.8792 2.4895 -0.1969, -1.8792 2.4895 0.0, -1.8707 2.4991 -0.1969, -1.8707 2.4991 0.0, -1.8636 2.5098 -0.1969, -1.8636 2.5098 0.0, -1.8579 2.5214 -0.1969, -1.8579 2.5214 0.0, -1.8537 2.5336 -0.1969, -1.8537 2.5336 0.0, -1.8512 2.5462 -0.1969, -1.8512 2.5462 0.0, -1.8504 2.5591 -0.1969, -1.8504 2.5591 0.0, -1.4567 2.5591 -0.1969, -1.4567 2.5591 0.0, -1.4576 2.5436 0.0, -1.4576 2.5436 -0.1969, -1.4601 2.5284 0.0, -1.4601 2.5284 -0.1969, -1.4644 2.5135 0.0, -1.4644 2.5135 -0.1969, -1.4703 2.4993 0.0, -1.4703 2.4993 -0.1969, -1.4778 2.4857 0.0, -1.4778 2.4857 -0.1969, -1.4868 2.4731 0.0, -1.4868 2.4731 -0.1969, -1.4971 2.4616 0.0, -1.4971 2.4616 -0.1969, -1.5086 2.4513 0.0, -1.5086 2.4513 -0.1969, -1.5212 2.4424 0.0, -1.5212 2.4424 -0.1969, -1.5347 2.4349 0.0, -1.5347 2.4349 -0.1969, -1.549 2.429 0.0, -1.549 2.429 -0.1969, -1.5638 2.4247 0.0, -1.5638 2.4247 -0.1969, -1.5791 2.4221 0.0, -1.5791 2.4221 -0.1969, -1.5945 2.4213 0.0, -1.5945 2.4213 -0.1969, -1.6099 2.4221 0.0, -1.6099 2.4221 -0.1969, -1.6252 2.4247 0.0, -1.6252 2.4247 -0.1969, -1.64 2.429 0.0, -1.64 2.429 -0.1969, -1.6543 2.4349 0.0, -1.6543 2.4349 -0.1969, -1.6678 2.4424 0.0, -1.6678 2.4424 -0.1969, -1.6804 2.4513 0.0, -1.6804 2.4513 -0.1969, -1.6919 2.4616 0.0, -1.6919 2.4616 -0.1969, -1.7022 2.4731 0.0, -1.7022 2.4731 -0.1969, -1.7112 2.4857 0.0, -1.7112 2.4857 -0.1969, -1.7186 2.4993 0.0, -1.7186 2.4993 -0.1969, -1.7246 2.5135 0.0, -1.7246 2.5135 -0.1969, -1.7288 2.5284 0.0, -1.7288 2.5284 -0.1969, -1.7314 2.5436 0.0, -1.7314 2.5436 -0.1969, -1.7323 2.5591 0.0, -1.7323 2.5591 -0.1969, -1.6929 2.5591 -0.1969, -1.6929 2.5591 0.0, -1.6921 2.5462 -0.1969, -1.6921 2.5462 0.0, -1.6896 2.5336 -0.1969, -1.6896 2.5336 0.0, -1.6854 2.5214 -0.1969, -1.6854 2.5214 0.0, -1.6797 2.5098 -0.1969, -1.6797 2.5098 0.0, -1.6726 2.4991 -0.1969, -1.6726 2.4991 0.0, -1.6641 2.4895 -0.1969, -1.6641 2.4895 0.0, -1.6544 2.481 -0.1969, -1.6544 2.481 0.0, -1.6437 2.4738 -0.1969, -1.6437 2.4738 0.0, -1.6322 2.4681 -0.1969, -1.6322 2.4681 0.0, -1.62 2.464 -0.1969, -1.62 2.464 0.0, -1.6073 2.4615 -0.1969, -1.6073 2.4615 0.0, -1.5945 2.4606 -0.1969, -1.5945 2.4606 0.0, -1.5816 2.4615 -0.1969, -1.5816 2.4615 0.0, -1.569 2.464 -0.1969, -1.569 2.464 0.0, -1.5568 2.4681 -0.1969, -1.5568 2.4681 0.0, -1.5453 2.4738 -0.1969, -1.5453 2.4738 0.0, -1.5346 2.481 -0.1969, -1.5346 2.481 0.0, -1.5249 2.4895 -0.1969, -1.5249 2.4895 0.0, -1.5164 2.4991 -0.1969, -1.5164 2.4991 0.0, -1.5092 2.5098 -0.1969, -1.5092 2.5098 0.0, -1.5036 2.5214 -0.1969, -1.5036 2.5214 0.0, -1.4994 2.5336 -0.1969, -1.4994 2.5336 0.0, -1.4969 2.5462 -0.1969, -1.4969 2.5462 0.0, -1.4961 2.5591 -0.1969, -1.4961 2.5591 0.0, -1.1024 2.5591 -0.1969, -1.1024 2.5591 0.0, -1.1032 2.5436 0.0, -1.1032 2.5436 -0.1969, -1.1058 2.5284 0.0, -1.1058 2.5284 -0.1969, -1.1101 2.5135 0.0, -1.1101 2.5135 -0.1969, -1.116 2.4993 0.0, -1.116 2.4993 -0.1969, -1.1235 2.4857 0.0, -1.1235 2.4857 -0.1969, -1.1324 2.4731 0.0, -1.1324 2.4731 -0.1969, -1.1427 2.4616 0.0, -1.1427 2.4616 -0.1969, -1.1542 2.4513 0.0, -1.1542 2.4513 -0.1969, -1.1668 2.4424 0.0, -1.1668 2.4424 -0.1969, -1.1804 2.4349 0.0, -1.1804 2.4349 -0.1969, -1.1946 2.429 0.0, -1.1946 2.429 -0.1969, -1.2095 2.4247 0.0, -1.2095 2.4247 -0.1969, -1.2247 2.4221 0.0, -1.2247 2.4221 -0.1969, -1.2402 2.4213 0.0, -1.2402 2.4213 -0.1969, -1.2556 2.4221 0.0, -1.2556 2.4221 -0.1969, -1.2708 2.4247 0.0, -1.2708 2.4247 -0.1969, -1.2857 2.429 0.0, -1.2857 2.429 -0.1969, -1.2999 2.4349 0.0, -1.2999 2.4349 -0.1969, -1.3135 2.4424 0.0, -1.3135 2.4424 -0.1969, -1.3261 2.4513 0.0, -1.3261 2.4513 -0.1969, -1.3376 2.4616 0.0, -1.3376 2.4616 -0.1969, -1.3479 2.4731 0.0, -1.3479 2.4731 -0.1969, -1.3568 2.4857 0.0, -1.3568 2.4857 -0.1969, -1.3643 2.4993 0.0, -1.3643 2.4993 -0.1969, -1.3702 2.5135 0.0, -1.3702 2.5135 -0.1969, -1.3745 2.5284 0.0, -1.3745 2.5284 -0.1969, -1.3771 2.5436 0.0, -1.3771 2.5436 -0.1969, -1.378 2.5591 0.0, -1.378 2.5591 -0.1969, -1.3386 2.5591 -0.1969, -1.3386 2.5591 0.0, -1.3377 2.5462 -0.1969, -1.3377 2.5462 0.0, -1.3352 2.5336 -0.1969, -1.3352 2.5336 0.0, -1.3311 2.5214 -0.1969, -1.3311 2.5214 0.0, -1.3254 2.5098 -0.1969, -1.3254 2.5098 0.0, -1.3182 2.4991 -0.1969, -1.3182 2.4991 0.0, -1.3098 2.4895 -0.1969, -1.3098 2.4895 0.0, -1.3001 2.481 -0.1969, -1.3001 2.481 0.0, -1.2894 2.4738 -0.1969, -1.2894 2.4738 0.0, -1.2778 2.4681 -0.1969, -1.2778 2.4681 0.0, -1.2656 2.464 -0.1969, -1.2656 2.464 0.0, -1.253 2.4615 -0.1969, -1.253 2.4615 0.0, -1.2402 2.4606 -0.1969, -1.2402 2.4606 0.0, -1.2273 2.4615 -0.1969, -1.2273 2.4615 0.0, -1.2147 2.464 -0.1969, -1.2147 2.464 0.0, -1.2025 2.4681 -0.1969, -1.2025 2.4681 0.0, -1.1909 2.4738 -0.1969, -1.1909 2.4738 0.0, -1.1802 2.481 -0.1969, -1.1802 2.481 0.0, -1.1706 2.4895 -0.1969, -1.1706 2.4895 0.0, -1.1621 2.4991 -0.1969, -1.1621 2.4991 0.0, -1.1549 2.5098 -0.1969, -1.1549 2.5098 0.0, -1.1492 2.5214 -0.1969, -1.1492 2.5214 0.0, -1.1451 2.5336 -0.1969, -1.1451 2.5336 0.0, -1.1426 2.5462 -0.1969, -1.1426 2.5462 0.0, -1.1417 2.5591 -0.1969, -1.1417 2.5591 0.0, -0.748 2.5591 -0.1969, -0.748 2.5591 0.0, -0.7489 2.5436 0.0, -0.7489 2.5436 -0.1969, -0.7515 2.5284 0.0, -0.7515 2.5284 -0.1969, -0.7558 2.5135 0.0, -0.7558 2.5135 -0.1969, -0.7617 2.4993 0.0, -0.7617 2.4993 -0.1969, -0.7692 2.4857 0.0, -0.7692 2.4857 -0.1969, -0.7781 2.4731 0.0, -0.7781 2.4731 -0.1969, -0.7884 2.4616 0.0, -0.7884 2.4616 -0.1969, -0.7999 2.4513 0.0, -0.7999 2.4513 -0.1969, -0.8125 2.4424 0.0, -0.8125 2.4424 -0.1969, -0.826 2.4349 0.0, -0.826 2.4349 -0.1969, -0.8403 2.429 0.0, -0.8403 2.429 -0.1969, -0.8552 2.4247 0.0, -0.8552 2.4247 -0.1969, -0.8704 2.4221 0.0, -0.8704 2.4221 -0.1969, -0.8858 2.4213 0.0, -0.8858 2.4213 -0.1969, -0.9013 2.4221 0.0, -0.9013 2.4221 -0.1969, -0.9165 2.4247 0.0, -0.9165 2.4247 -0.1969, -0.9313 2.429 0.0, -0.9313 2.429 -0.1969, -0.9456 2.4349 0.0, -0.9456 2.4349 -0.1969, -0.9591 2.4424 0.0, -0.9591 2.4424 -0.1969, -0.9717 2.4513 0.0, -0.9717 2.4513 -0.1969, -0.9833 2.4616 0.0, -0.9833 2.4616 -0.1969, -0.9936 2.4731 0.0, -0.9936 2.4731 -0.1969, -1.0025 2.4857 0.0, -1.0025 2.4857 -0.1969, -1.01 2.4993 0.0, -1.01 2.4993 -0.1969, -1.0159 2.5135 0.0, -1.0159 2.5135 -0.1969, -1.0202 2.5284 0.0, -1.0202 2.5284 -0.1969, -1.0228 2.5436 0.0, -1.0228 2.5436 -0.1969, -1.0236 2.5591 0.0, -1.0236 2.5591 -0.1969, -0.9843 2.5591 -0.1969, -0.9843 2.5591 0.0, -0.9834 2.5462 -0.1969, -0.9834 2.5462 0.0, -0.9809 2.5336 -0.1969, -0.9809 2.5336 0.0, -0.9768 2.5214 -0.1969, -0.9768 2.5214 0.0, -0.9711 2.5098 -0.1969, -0.9711 2.5098 0.0, -0.9639 2.4991 -0.1969, -0.9639 2.4991 0.0, -0.9554 2.4895 -0.1969, -0.9554 2.4895 0.0, -0.9457 2.481 -0.1969, -0.9457 2.481 0.0, -0.935 2.4738 -0.1969, -0.935 2.4738 0.0, -0.9235 2.4681 -0.1969, -0.9235 2.4681 0.0, -0.9113 2.464 -0.1969, -0.9113 2.464 0.0, -0.8987 2.4615 -0.1969, -0.8987 2.4615 0.0, -0.8858 2.4606 -0.1969, -0.8858 2.4606 0.0, -0.873 2.4615 -0.1969, -0.873 2.4615 0.0, -0.8604 2.464 -0.1969, -0.8604 2.464 0.0, -0.8482 2.4681 -0.1969, -0.8482 2.4681 0.0, -0.8366 2.4738 -0.1969, -0.8366 2.4738 0.0, -0.8259 2.481 -0.1969, -0.8259 2.481 0.0, -0.8162 2.4895 -0.1969, -0.8162 2.4895 0.0, -0.8077 2.4991 -0.1969, -0.8077 2.4991 0.0, -0.8006 2.5098 -0.1969, -0.8006 2.5098 0.0, -0.7949 2.5214 -0.1969, -0.7949 2.5214 0.0, -0.7908 2.5336 -0.1969, -0.7908 2.5336 0.0, -0.7882 2.5462 -0.1969, -0.7882 2.5462 0.0, -0.7874 2.5591 -0.1969, -0.7874 2.5591 0.0, -0.3937 2.5591 -0.1969, -0.3937 2.5591 0.0, -0.3946 2.5436 0.0, -0.3946 2.5436 -0.1969, -0.3972 2.5284 0.0, -0.3972 2.5284 -0.1969, -0.4014 2.5135 0.0, -0.4014 2.5135 -0.1969, -0.4073 2.4993 0.0, -0.4073 2.4993 -0.1969, -0.4148 2.4857 0.0, -0.4148 2.4857 -0.1969, -0.4238 2.4731 0.0, -0.4238 2.4731 -0.1969, -0.4341 2.4616 0.0, -0.4341 2.4616 -0.1969, -0.4456 2.4513 0.0, -0.4456 2.4513 -0.1969, -0.4582 2.4424 0.0, -0.4582 2.4424 -0.1969, -0.4717 2.4349 0.0, -0.4717 2.4349 -0.1969, -0.486 2.429 0.0, -0.486 2.429 -0.1969, -0.5008 2.4247 0.0, -0.5008 2.4247 -0.1969, -0.5161 2.4221 0.0, -0.5161 2.4221 -0.1969, -0.5315 2.4213 0.0, -0.5315 2.4213 -0.1969, -0.5469 2.4221 0.0, -0.5469 2.4221 -0.1969, -0.5622 2.4247 0.0, -0.5622 2.4247 -0.1969, -0.577 2.429 0.0, -0.577 2.429 -0.1969, -0.5913 2.4349 0.0, -0.5913 2.4349 -0.1969, -0.6048 2.4424 0.0, -0.6048 2.4424 -0.1969, -0.6174 2.4513 0.0, -0.6174 2.4513 -0.1969, -0.6289 2.4616 0.0, -0.6289 2.4616 -0.1969, -0.6392 2.4731 0.0, -0.6392 2.4731 -0.1969, -0.6482 2.4857 0.0, -0.6482 2.4857 -0.1969, -0.6556 2.4993 0.0, -0.6556 2.4993 -0.1969, -0.6616 2.5135 0.0, -0.6616 2.5135 -0.1969, -0.6658 2.5284 0.0, -0.6658 2.5284 -0.1969, -0.6684 2.5436 0.0, -0.6684 2.5436 -0.1969, -0.6693 2.5591 0.0, -0.6693 2.5591 -0.1969, -0.6299 2.5591 -0.1969, -0.6299 2.5591 0.0, -0.6291 2.5462 -0.1969, -0.6291 2.5462 0.0, -0.6266 2.5336 -0.1969, -0.6266 2.5336 0.0, -0.6224 2.5214 -0.1969, -0.6224 2.5214 0.0, -0.6167 2.5098 -0.1969, -0.6167 2.5098 0.0, -0.6096 2.4991 -0.1969, -0.6096 2.4991 0.0, -0.6011 2.4895 -0.1969, -0.6011 2.4895 0.0, -0.5914 2.481 -0.1969, -0.5914 2.481 0.0, -0.5807 2.4738 -0.1969, -0.5807 2.4738 0.0, -0.5692 2.4681 -0.1969, -0.5692 2.4681 0.0, -0.557 2.464 -0.1969, -0.557 2.464 0.0, -0.5443 2.4615 -0.1969, -0.5443 2.4615 0.0, -0.5315 2.4606 -0.1969, -0.5315 2.4606 0.0, -0.5186 2.4615 -0.1969, -0.5186 2.4615 0.0, -0.506 2.464 -0.1969, -0.506 2.464 0.0, -0.4938 2.4681 -0.1969, -0.4938 2.4681 0.0, -0.4823 2.4738 -0.1969, -0.4823 2.4738 0.0, -0.4716 2.481 -0.1969, -0.4716 2.481 0.0, -0.4619 2.4895 -0.1969, -0.4619 2.4895 0.0, -0.4534 2.4991 -0.1969, -0.4534 2.4991 0.0, -0.4463 2.5098 -0.1969, -0.4463 2.5098 0.0, -0.4406 2.5214 -0.1969, -0.4406 2.5214 0.0, -0.4364 2.5336 -0.1969, -0.4364 2.5336 0.0, -0.4339 2.5462 -0.1969, -0.4339 2.5462 0.0, -0.4331 2.5591 -0.1969, -0.4331 2.5591 0.0, -0.0394 2.5591 -0.1969, -0.0394 2.5591 0.0, -0.0402 2.5436 0.0, -0.0402 2.5436 -0.1969, -0.0428 2.5284 0.0, -0.0428 2.5284 -0.1969, -0.0471 2.5135 0.0, -0.0471 2.5135 -0.1969, -0.053 2.4993 0.0, -0.053 2.4993 -0.1969, -0.0605 2.4857 0.0, -0.0605 2.4857 -0.1969, -0.0694 2.4731 0.0, -0.0694 2.4731 -0.1969, -0.0797 2.4616 0.0, -0.0797 2.4616 -0.1969, -0.0913 2.4513 0.0, -0.0913 2.4513 -0.1969, -0.1039 2.4424 0.0, -0.1039 2.4424 -0.1969, -0.1174 2.4349 0.0, -0.1174 2.4349 -0.1969, -0.1317 2.429 0.0, -0.1317 2.429 -0.1969, -0.1465 2.4247 0.0, -0.1465 2.4247 -0.1969, -0.1617 2.4221 0.0, -0.1617 2.4221 -0.1969, -0.1772 2.4213 0.0, -0.1772 2.4213 -0.1969, -0.1926 2.4221 0.0, -0.1926 2.4221 -0.1969, -0.2078 2.4247 0.0, -0.2078 2.4247 -0.1969, -0.2227 2.429 0.0, -0.2227 2.429 -0.1969, -0.237 2.4349 0.0, -0.237 2.4349 -0.1969, -0.2505 2.4424 0.0, -0.2505 2.4424 -0.1969, -0.2631 2.4513 0.0, -0.2631 2.4513 -0.1969, -0.2746 2.4616 0.0, -0.2746 2.4616 -0.1969, -0.2849 2.4731 0.0, -0.2849 2.4731 -0.1969, -0.2938 2.4857 0.0, -0.2938 2.4857 -0.1969, -0.3013 2.4993 0.0, -0.3013 2.4993 -0.1969, -0.3072 2.5135 0.0, -0.3072 2.5135 -0.1969, -0.3115 2.5284 0.0, -0.3115 2.5284 -0.1969, -0.3141 2.5436 0.0, -0.3141 2.5436 -0.1969, -0.315 2.5591 0.0, -0.315 2.5591 -0.1969, -0.2756 2.5591 -0.1969, -0.2756 2.5591 0.0, -0.2747 2.5462 -0.1969, -0.2747 2.5462 0.0, -0.2722 2.5336 -0.1969, -0.2722 2.5336 0.0, -0.2681 2.5214 -0.1969, -0.2681 2.5214 0.0, -0.2624 2.5098 -0.1969, -0.2624 2.5098 0.0, -0.2553 2.4991 -0.1969, -0.2553 2.4991 0.0, -0.2468 2.4895 -0.1969, -0.2468 2.4895 0.0, -0.2371 2.481 -0.1969, -0.2371 2.481 0.0, -0.2264 2.4738 -0.1969, -0.2264 2.4738 0.0, -0.2148 2.4681 -0.1969, -0.2148 2.4681 0.0, -0.2026 2.464 -0.1969, -0.2026 2.464 0.0, -0.19 2.4615 -0.1969, -0.19 2.4615 0.0, -0.1772 2.4606 -0.1969, -0.1772 2.4606 0.0, -0.1643 2.4615 -0.1969, -0.1643 2.4615 0.0, -0.1517 2.464 -0.1969, -0.1517 2.464 0.0, -0.1395 2.4681 -0.1969, -0.1395 2.4681 0.0, -0.128 2.4738 -0.1969, -0.128 2.4738 0.0, -0.1172 2.481 -0.1969, -0.1172 2.481 0.0, -0.1076 2.4895 -0.1969, -0.1076 2.4895 0.0, -0.0991 2.4991 -0.1969, -0.0991 2.4991 0.0, -0.0919 2.5098 -0.1969, -0.0919 2.5098 0.0, -0.0862 2.5214 -0.1969, -0.0862 2.5214 0.0, -0.0821 2.5336 -0.1969, -0.0821 2.5336 0.0, -0.0796 2.5462 -0.1969, -0.0796 2.5462 0.0, -0.0787 2.5591 -0.1969, -0.0787 2.5591 0.0, 0.315 2.5591 -0.1969, 0.315 2.5591 0.0, 0.3141 2.5436 0.0, 0.3141 2.5436 -0.1969, 0.3115 2.5284 0.0, 0.3115 2.5284 -0.1969, 0.3072 2.5135 0.0, 0.3072 2.5135 -0.1969, 0.3013 2.4993 0.0, 0.3013 2.4993 -0.1969, 0.2938 2.4857 0.0, 0.2938 2.4857 -0.1969, 0.2849 2.4731 0.0, 0.2849 2.4731 -0.1969, 0.2746 2.4616 0.0, 0.2746 2.4616 -0.1969, 0.2631 2.4513 0.0, 0.2631 2.4513 -0.1969, 0.2505 2.4424 0.0, 0.2505 2.4424 -0.1969, 0.237 2.4349 0.0, 0.237 2.4349 -0.1969, 0.2227 2.429 0.0, 0.2227 2.429 -0.1969, 0.2078 2.4247 0.0, 0.2078 2.4247 -0.1969, 0.1926 2.4221 0.0, 0.1926 2.4221 -0.1969, 0.1772 2.4213 0.0, 0.1772 2.4213 -0.1969, 0.1617 2.4221 0.0, 0.1617 2.4221 -0.1969, 0.1465 2.4247 0.0, 0.1465 2.4247 -0.1969, 0.1317 2.429 0.0, 0.1317 2.429 -0.1969, 0.1174 2.4349 0.0, 0.1174 2.4349 -0.1969, 0.1039 2.4424 0.0, 0.1039 2.4424 -0.1969, 0.0913 2.4513 0.0, 0.0913 2.4513 -0.1969, 0.0797 2.4616 0.0, 0.0797 2.4616 -0.1969, 0.0694 2.4731 0.0, 0.0694 2.4731 -0.1969, 0.0605 2.4857 0.0, 0.0605 2.4857 -0.1969, 0.053 2.4993 0.0, 0.053 2.4993 -0.1969, 0.0471 2.5135 0.0, 0.0471 2.5135 -0.1969, 0.0428 2.5284 0.0, 0.0428 2.5284 -0.1969, 0.0402 2.5436 0.0, 0.0402 2.5436 -0.1969, 0.0394 2.5591 0.0, 0.0394 2.5591 -0.1969, 0.0787 2.5591 -0.1969, 0.0787 2.5591 0.0, 0.0796 2.5462 -0.1969, 0.0796 2.5462 0.0, 0.0821 2.5336 -0.1969, 0.0821 2.5336 0.0, 0.0862 2.5214 -0.1969, 0.0862 2.5214 0.0, 0.0919 2.5098 -0.1969, 0.0919 2.5098 0.0, 0.0991 2.4991 -0.1969, 0.0991 2.4991 0.0, 0.1076 2.4895 -0.1969, 0.1076 2.4895 0.0, 0.1172 2.481 -0.1969, 0.1172 2.481 0.0, 0.128 2.4738 -0.1969, 0.128 2.4738 0.0, 0.1395 2.4681 -0.1969, 0.1395 2.4681 0.0, 0.1517 2.464 -0.1969, 0.1517 2.464 0.0, 0.1643 2.4615 -0.1969, 0.1643 2.4615 0.0, 0.1772 2.4606 -0.1969, 0.1772 2.4606 0.0, 0.19 2.4615 -0.1969, 0.19 2.4615 0.0, 0.2026 2.464 -0.1969, 0.2026 2.464 0.0, 0.2148 2.4681 -0.1969, 0.2148 2.4681 0.0, 0.2264 2.4738 -0.1969, 0.2264 2.4738 0.0, 0.2371 2.481 -0.1969, 0.2371 2.481 0.0, 0.2468 2.4895 -0.1969, 0.2468 2.4895 0.0, 0.2553 2.4991 -0.1969, 0.2553 2.4991 0.0, 0.2624 2.5098 -0.1969, 0.2624 2.5098 0.0, 0.2681 2.5214 -0.1969, 0.2681 2.5214 0.0, 0.2722 2.5336 -0.1969, 0.2722 2.5336 0.0, 0.2747 2.5462 -0.1969, 0.2747 2.5462 0.0, 0.2756 2.5591 -0.1969, 0.2756 2.5591 0.0, 0.6693 2.5591 -0.1969, 0.6693 2.5591 0.0, 0.6684 2.5436 0.0, 0.6684 2.5436 -0.1969, 0.6658 2.5284 0.0, 0.6658 2.5284 -0.1969, 0.6616 2.5135 0.0, 0.6616 2.5135 -0.1969, 0.6556 2.4993 0.0, 0.6556 2.4993 -0.1969, 0.6482 2.4857 0.0, 0.6482 2.4857 -0.1969, 0.6392 2.4731 0.0, 0.6392 2.4731 -0.1969, 0.6289 2.4616 0.0, 0.6289 2.4616 -0.1969, 0.6174 2.4513 0.0, 0.6174 2.4513 -0.1969, 0.6048 2.4424 0.0, 0.6048 2.4424 -0.1969, 0.5913 2.4349 0.0, 0.5913 2.4349 -0.1969, 0.577 2.429 0.0, 0.577 2.429 -0.1969, 0.5622 2.4247 0.0, 0.5622 2.4247 -0.1969, 0.5469 2.4221 0.0, 0.5469 2.4221 -0.1969, 0.5315 2.4213 0.0, 0.5315 2.4213 -0.1969, 0.5161 2.4221 0.0, 0.5161 2.4221 -0.1969, 0.5008 2.4247 0.0, 0.5008 2.4247 -0.1969, 0.486 2.429 0.0, 0.486 2.429 -0.1969, 0.4717 2.4349 0.0, 0.4717 2.4349 -0.1969, 0.4582 2.4424 0.0, 0.4582 2.4424 -0.1969, 0.4456 2.4513 0.0, 0.4456 2.4513 -0.1969, 0.4341 2.4616 0.0, 0.4341 2.4616 -0.1969, 0.4238 2.4731 0.0, 0.4238 2.4731 -0.1969, 0.4148 2.4857 0.0, 0.4148 2.4857 -0.1969, 0.4073 2.4993 0.0, 0.4073 2.4993 -0.1969, 0.4014 2.5135 0.0, 0.4014 2.5135 -0.1969, 0.3972 2.5284 0.0, 0.3972 2.5284 -0.1969, 0.3946 2.5436 0.0, 0.3946 2.5436 -0.1969, 0.3937 2.5591 0.0, 0.3937 2.5591 -0.1969, 0.4331 2.5591 -0.1969, 0.4331 2.5591 0.0, 0.4339 2.5462 -0.1969, 0.4339 2.5462 0.0, 0.4364 2.5336 -0.1969, 0.4364 2.5336 0.0, 0.4406 2.5214 -0.1969, 0.4406 2.5214 0.0, 0.4463 2.5098 -0.1969, 0.4463 2.5098 0.0, 0.4534 2.4991 -0.1969, 0.4534 2.4991 0.0, 0.4619 2.4895 -0.1969, 0.4619 2.4895 0.0, 0.4716 2.481 -0.1969, 0.4716 2.481 0.0, 0.4823 2.4738 -0.1969, 0.4823 2.4738 0.0, 0.4938 2.4681 -0.1969, 0.4938 2.4681 0.0, 0.506 2.464 -0.1969, 0.506 2.464 0.0, 0.5186 2.4615 -0.1969, 0.5186 2.4615 0.0, 0.5315 2.4606 -0.1969, 0.5315 2.4606 0.0, 0.5443 2.4615 -0.1969, 0.5443 2.4615 0.0, 0.557 2.464 -0.1969, 0.557 2.464 0.0, 0.5692 2.4681 -0.1969, 0.5692 2.4681 0.0, 0.5807 2.4738 -0.1969, 0.5807 2.4738 0.0, 0.5914 2.481 -0.1969, 0.5914 2.481 0.0, 0.6011 2.4895 -0.1969, 0.6011 2.4895 0.0, 0.6096 2.4991 -0.1969, 0.6096 2.4991 0.0, 0.6167 2.5098 -0.1969, 0.6167 2.5098 0.0, 0.6224 2.5214 -0.1969, 0.6224 2.5214 0.0, 0.6266 2.5336 -0.1969, 0.6266 2.5336 0.0, 0.6291 2.5462 -0.1969, 0.6291 2.5462 0.0, 0.6299 2.5591 -0.1969, 0.6299 2.5591 0.0, 1.0236 2.5591 -0.1969, 1.0236 2.5591 0.0, 1.0228 2.5436 0.0, 1.0228 2.5436 -0.1969, 1.0202 2.5284 0.0, 1.0202 2.5284 -0.1969, 1.0159 2.5135 0.0, 1.0159 2.5135 -0.1969, 1.01 2.4993 0.0, 1.01 2.4993 -0.1969, 1.0025 2.4857 0.0, 1.0025 2.4857 -0.1969, 0.9936 2.4731 0.0, 0.9936 2.4731 -0.1969, 0.9833 2.4616 0.0, 0.9833 2.4616 -0.1969, 0.9717 2.4513 0.0, 0.9717 2.4513 -0.1969, 0.9591 2.4424 0.0, 0.9591 2.4424 -0.1969, 0.9456 2.4349 0.0, 0.9456 2.4349 -0.1969, 0.9313 2.429 0.0, 0.9313 2.429 -0.1969, 0.9165 2.4247 0.0, 0.9165 2.4247 -0.1969, 0.9013 2.4221 0.0, 0.9013 2.4221 -0.1969, 0.8858 2.4213 0.0, 0.8858 2.4213 -0.1969, 0.8704 2.4221 0.0, 0.8704 2.4221 -0.1969, 0.8552 2.4247 0.0, 0.8552 2.4247 -0.1969, 0.8403 2.429 0.0, 0.8403 2.429 -0.1969, 0.826 2.4349 0.0, 0.826 2.4349 -0.1969, 0.8125 2.4424 0.0, 0.8125 2.4424 -0.1969, 0.7999 2.4513 0.0, 0.7999 2.4513 -0.1969, 0.7884 2.4616 0.0, 0.7884 2.4616 -0.1969, 0.7781 2.4731 0.0, 0.7781 2.4731 -0.1969, 0.7692 2.4857 0.0, 0.7692 2.4857 -0.1969, 0.7617 2.4993 0.0, 0.7617 2.4993 -0.1969, 0.7558 2.5135 0.0, 0.7558 2.5135 -0.1969, 0.7515 2.5284 0.0, 0.7515 2.5284 -0.1969, 0.7489 2.5436 0.0, 0.7489 2.5436 -0.1969, 0.748 2.5591 0.0, 0.748 2.5591 -0.1969, 0.7874 2.5591 -0.1969, 0.7874 2.5591 0.0, 0.7882 2.5462 -0.1969, 0.7882 2.5462 0.0, 0.7908 2.5336 -0.1969, 0.7908 2.5336 0.0, 0.7949 2.5214 -0.1969, 0.7949 2.5214 0.0, 0.8006 2.5098 -0.1969, 0.8006 2.5098 0.0, 0.8077 2.4991 -0.1969, 0.8077 2.4991 0.0, 0.8162 2.4895 -0.1969, 0.8162 2.4895 0.0, 0.8259 2.481 -0.1969, 0.8259 2.481 0.0, 0.8366 2.4738 -0.1969, 0.8366 2.4738 0.0, 0.8482 2.4681 -0.1969, 0.8482 2.4681 0.0, 0.8604 2.464 -0.1969, 0.8604 2.464 0.0, 0.873 2.4615 -0.1969, 0.873 2.4615 0.0, 0.8858 2.4606 -0.1969, 0.8858 2.4606 0.0, 0.8987 2.4615 -0.1969, 0.8987 2.4615 0.0, 0.9113 2.464 -0.1969, 0.9113 2.464 0.0, 0.9235 2.4681 -0.1969, 0.9235 2.4681 0.0, 0.935 2.4738 -0.1969, 0.935 2.4738 0.0, 0.9457 2.481 -0.1969, 0.9457 2.481 0.0, 0.9554 2.4895 -0.1969, 0.9554 2.4895 0.0, 0.9639 2.4991 -0.1969, 0.9639 2.4991 0.0, 0.9711 2.5098 -0.1969, 0.9711 2.5098 0.0, 0.9768 2.5214 -0.1969, 0.9768 2.5214 0.0, 0.9809 2.5336 -0.1969, 0.9809 2.5336 0.0, 0.9834 2.5462 -0.1969, 0.9834 2.5462 0.0, 0.9843 2.5591 -0.1969, 0.9843 2.5591 0.0, 1.378 2.5591 -0.1969, 1.378 2.5591 0.0, 1.3771 2.5436 0.0, 1.3771 2.5436 -0.1969, 1.3745 2.5284 0.0, 1.3745 2.5284 -0.1969, 1.3702 2.5135 0.0, 1.3702 2.5135 -0.1969, 1.3643 2.4993 0.0, 1.3643 2.4993 -0.1969, 1.3568 2.4857 0.0, 1.3568 2.4857 -0.1969, 1.3479 2.4731 0.0, 1.3479 2.4731 -0.1969, 1.3376 2.4616 0.0, 1.3376 2.4616 -0.1969, 1.3261 2.4513 0.0, 1.3261 2.4513 -0.1969, 1.3135 2.4424 0.0, 1.3135 2.4424 -0.1969, 1.2999 2.4349 0.0, 1.2999 2.4349 -0.1969, 1.2857 2.429 0.0, 1.2857 2.429 -0.1969, 1.2708 2.4247 0.0, 1.2708 2.4247 -0.1969, 1.2556 2.4221 0.0, 1.2556 2.4221 -0.1969, 1.2402 2.4213 0.0, 1.2402 2.4213 -0.1969, 1.2247 2.4221 0.0, 1.2247 2.4221 -0.1969, 1.2095 2.4247 0.0, 1.2095 2.4247 -0.1969, 1.1946 2.429 0.0, 1.1946 2.429 -0.1969, 1.1804 2.4349 0.0, 1.1804 2.4349 -0.1969, 1.1668 2.4424 0.0, 1.1668 2.4424 -0.1969, 1.1542 2.4513 0.0, 1.1542 2.4513 -0.1969, 1.1427 2.4616 0.0, 1.1427 2.4616 -0.1969, 1.1324 2.4731 0.0, 1.1324 2.4731 -0.1969, 1.1235 2.4857 0.0, 1.1235 2.4857 -0.1969, 1.116 2.4993 0.0, 1.116 2.4993 -0.1969, 1.1101 2.5135 0.0, 1.1101 2.5135 -0.1969, 1.1058 2.5284 0.0, 1.1058 2.5284 -0.1969, 1.1032 2.5436 0.0, 1.1032 2.5436 -0.1969, 1.1024 2.5591 0.0, 1.1024 2.5591 -0.1969, 1.1417 2.5591 -0.1969, 1.1417 2.5591 0.0, 1.1426 2.5462 -0.1969, 1.1426 2.5462 0.0, 1.1451 2.5336 -0.1969, 1.1451 2.5336 0.0, 1.1492 2.5214 -0.1969, 1.1492 2.5214 0.0, 1.1549 2.5098 -0.1969, 1.1549 2.5098 0.0, 1.1621 2.4991 -0.1969, 1.1621 2.4991 0.0, 1.1706 2.4895 -0.1969, 1.1706 2.4895 0.0, 1.1802 2.481 -0.1969, 1.1802 2.481 0.0, 1.1909 2.4738 -0.1969, 1.1909 2.4738 0.0, 1.2025 2.4681 -0.1969, 1.2025 2.4681 0.0, 1.2147 2.464 -0.1969, 1.2147 2.464 0.0, 1.2273 2.4615 -0.1969, 1.2273 2.4615 0.0, 1.2402 2.4606 -0.1969, 1.2402 2.4606 0.0, 1.253 2.4615 -0.1969, 1.253 2.4615 0.0, 1.2656 2.464 -0.1969, 1.2656 2.464 0.0, 1.2778 2.4681 -0.1969, 1.2778 2.4681 0.0, 1.2894 2.4738 -0.1969, 1.2894 2.4738 0.0, 1.3001 2.481 -0.1969, 1.3001 2.481 0.0, 1.3098 2.4895 -0.1969, 1.3098 2.4895 0.0, 1.3182 2.4991 -0.1969, 1.3182 2.4991 0.0, 1.3254 2.5098 -0.1969, 1.3254 2.5098 0.0, 1.3311 2.5214 -0.1969, 1.3311 2.5214 0.0, 1.3352 2.5336 -0.1969, 1.3352 2.5336 0.0, 1.3377 2.5462 -0.1969, 1.3377 2.5462 0.0, 1.3386 2.5591 -0.1969, 1.3386 2.5591 0.0, 1.7323 2.5591 -0.1969, 1.7323 2.5591 0.0, 1.7314 2.5436 0.0, 1.7314 2.5436 -0.1969, 1.7288 2.5284 0.0, 1.7288 2.5284 -0.1969, 1.7246 2.5135 0.0, 1.7246 2.5135 -0.1969, 1.7186 2.4993 0.0, 1.7186 2.4993 -0.1969, 1.7112 2.4857 0.0, 1.7112 2.4857 -0.1969, 1.7022 2.4731 0.0, 1.7022 2.4731 -0.1969, 1.6919 2.4616 0.0, 1.6919 2.4616 -0.1969, 1.6804 2.4513 0.0, 1.6804 2.4513 -0.1969, 1.6678 2.4424 0.0, 1.6678 2.4424 -0.1969, 1.6543 2.4349 0.0, 1.6543 2.4349 -0.1969, 1.64 2.429 0.0, 1.64 2.429 -0.1969, 1.6252 2.4247 0.0, 1.6252 2.4247 -0.1969, 1.6099 2.4221 0.0, 1.6099 2.4221 -0.1969, 1.5945 2.4213 0.0, 1.5945 2.4213 -0.1969, 1.5791 2.4221 0.0, 1.5791 2.4221 -0.1969, 1.5638 2.4247 0.0, 1.5638 2.4247 -0.1969, 1.549 2.429 0.0, 1.549 2.429 -0.1969, 1.5347 2.4349 0.0, 1.5347 2.4349 -0.1969, 1.5212 2.4424 0.0, 1.5212 2.4424 -0.1969, 1.5086 2.4513 0.0, 1.5086 2.4513 -0.1969, 1.4971 2.4616 0.0, 1.4971 2.4616 -0.1969, 1.4868 2.4731 0.0, 1.4868 2.4731 -0.1969, 1.4778 2.4857 0.0, 1.4778 2.4857 -0.1969, 1.4703 2.4993 0.0, 1.4703 2.4993 -0.1969, 1.4644 2.5135 0.0, 1.4644 2.5135 -0.1969, 1.4601 2.5284 0.0, 1.4601 2.5284 -0.1969, 1.4576 2.5436 0.0, 1.4576 2.5436 -0.1969, 1.4567 2.5591 0.0, 1.4567 2.5591 -0.1969, 1.4961 2.5591 -0.1969, 1.4961 2.5591 0.0, 1.4969 2.5462 -0.1969, 1.4969 2.5462 0.0, 1.4994 2.5336 -0.1969, 1.4994 2.5336 0.0, 1.5036 2.5214 -0.1969, 1.5036 2.5214 0.0, 1.5092 2.5098 -0.1969, 1.5092 2.5098 0.0, 1.5164 2.4991 -0.1969, 1.5164 2.4991 0.0, 1.5249 2.4895 -0.1969, 1.5249 2.4895 0.0, 1.5346 2.481 -0.1969, 1.5346 2.481 0.0, 1.5453 2.4738 -0.1969, 1.5453 2.4738 0.0, 1.5568 2.4681 -0.1969, 1.5568 2.4681 0.0, 1.569 2.464 -0.1969, 1.569 2.464 0.0, 1.5816 2.4615 -0.1969, 1.5816 2.4615 0.0, 1.5945 2.4606 -0.1969, 1.5945 2.4606 0.0, 1.6073 2.4615 -0.1969, 1.6073 2.4615 0.0, 1.62 2.464 -0.1969, 1.62 2.464 0.0, 1.6322 2.4681 -0.1969, 1.6322 2.4681 0.0, 1.6437 2.4738 -0.1969, 1.6437 2.4738 0.0, 1.6544 2.481 -0.1969, 1.6544 2.481 0.0, 1.6641 2.4895 -0.1969, 1.6641 2.4895 0.0, 1.6726 2.4991 -0.1969, 1.6726 2.4991 0.0, 1.6797 2.5098 -0.1969, 1.6797 2.5098 0.0, 1.6854 2.5214 -0.1969, 1.6854 2.5214 0.0, 1.6896 2.5336 -0.1969, 1.6896 2.5336 0.0, 1.6921 2.5462 -0.1969, 1.6921 2.5462 0.0, 1.6929 2.5591 -0.1969, 1.6929 2.5591 0.0, 2.0866 2.5591 -0.1969, 2.0866 2.5591 0.0, 2.0857 2.5436 0.0, 2.0857 2.5436 -0.1969, 2.0832 2.5284 0.0, 2.0832 2.5284 -0.1969, 2.0789 2.5135 0.0, 2.0789 2.5135 -0.1969, 2.073 2.4993 0.0, 2.073 2.4993 -0.1969, 2.0655 2.4857 0.0, 2.0655 2.4857 -0.1969, 2.0566 2.4731 0.0, 2.0566 2.4731 -0.1969, 2.0463 2.4616 0.0, 2.0463 2.4616 -0.1969, 2.0347 2.4513 0.0, 2.0347 2.4513 -0.1969, 2.0221 2.4424 0.0, 2.0221 2.4424 -0.1969, 2.0086 2.4349 0.0, 2.0086 2.4349 -0.1969, 1.9943 2.429 0.0, 1.9943 2.429 -0.1969, 1.9795 2.4247 0.0, 1.9795 2.4247 -0.1969, 1.9642 2.4221 0.0, 1.9642 2.4221 -0.1969, 1.9488 2.4213 0.0, 1.9488 2.4213 -0.1969, 1.9334 2.4221 0.0, 1.9334 2.4221 -0.1969, 1.9182 2.4247 0.0, 1.9182 2.4247 -0.1969, 1.9033 2.429 0.0, 1.9033 2.429 -0.1969, 1.889 2.4349 0.0, 1.889 2.4349 -0.1969, 1.8755 2.4424 0.0, 1.8755 2.4424 -0.1969, 1.8629 2.4513 0.0, 1.8629 2.4513 -0.1969, 1.8514 2.4616 0.0, 1.8514 2.4616 -0.1969, 1.8411 2.4731 0.0, 1.8411 2.4731 -0.1969, 1.8321 2.4857 0.0, 1.8321 2.4857 -0.1969, 1.8247 2.4993 0.0, 1.8247 2.4993 -0.1969, 1.8188 2.5135 0.0, 1.8188 2.5135 -0.1969, 1.8145 2.5284 0.0, 1.8145 2.5284 -0.1969, 1.8119 2.5436 0.0, 1.8119 2.5436 -0.1969, 1.811 2.5591 0.0, 1.811 2.5591 -0.1969, 1.8504 2.5591 -0.1969, 1.8504 2.5591 0.0, 1.8512 2.5462 -0.1969, 1.8512 2.5462 0.0, 1.8537 2.5336 -0.1969, 1.8537 2.5336 0.0, 1.8579 2.5214 -0.1969, 1.8579 2.5214 0.0, 1.8636 2.5098 -0.1969, 1.8636 2.5098 0.0, 1.8707 2.4991 -0.1969, 1.8707 2.4991 0.0, 1.8792 2.4895 -0.1969, 1.8792 2.4895 0.0, 1.8889 2.481 -0.1969, 1.8889 2.481 0.0, 1.8996 2.4738 -0.1969, 1.8996 2.4738 0.0, 1.9112 2.4681 -0.1969, 1.9112 2.4681 0.0, 1.9233 2.464 -0.1969, 1.9233 2.464 0.0, 1.936 2.4615 -0.1969, 1.936 2.4615 0.0, 1.9488 2.4606 -0.1969, 1.9488 2.4606 0.0, 1.9617 2.4615 -0.1969, 1.9617 2.4615 0.0, 1.9743 2.464 -0.1969, 1.9743 2.464 0.0, 1.9865 2.4681 -0.1969, 1.9865 2.4681 0.0, 1.998 2.4738 -0.1969, 1.998 2.4738 0.0, 2.0087 2.481 -0.1969, 2.0087 2.481 0.0, 2.0184 2.4895 -0.1969, 2.0184 2.4895 0.0, 2.0269 2.4991 -0.1969, 2.0269 2.4991 0.0, 2.0341 2.5098 -0.1969, 2.0341 2.5098 0.0, 2.0398 2.5214 -0.1969, 2.0398 2.5214 0.0, 2.0439 2.5336 -0.1969, 2.0439 2.5336 0.0, 2.0464 2.5462 -0.1969, 2.0464 2.5462 0.0, 2.0472 2.5591 -0.1969, 2.0472 2.5591 0.0, 2.4409 2.5591 -0.1969, 2.4409 2.5591 0.0, 2.4401 2.5436 0.0, 2.4401 2.5436 -0.1969, 2.4375 2.5284 0.0, 2.4375 2.5284 -0.1969, 2.4332 2.5135 0.0, 2.4332 2.5135 -0.1969, 2.4273 2.4993 0.0, 2.4273 2.4993 -0.1969, 2.4198 2.4857 0.0, 2.4198 2.4857 -0.1969, 2.4109 2.4731 0.0, 2.4109 2.4731 -0.1969, 2.4006 2.4616 0.0, 2.4006 2.4616 -0.1969, 2.3891 2.4513 0.0, 2.3891 2.4513 -0.1969, 2.3765 2.4424 0.0, 2.3765 2.4424 -0.1969, 2.3629 2.4349 0.0, 2.3629 2.4349 -0.1969, 2.3487 2.429 0.0, 2.3487 2.429 -0.1969, 2.3338 2.4247 0.0, 2.3338 2.4247 -0.1969, 2.3186 2.4221 0.0, 2.3186 2.4221 -0.1969, 2.3031 2.4213 0.0, 2.3031 2.4213 -0.1969, 2.2877 2.4221 0.0, 2.2877 2.4221 -0.1969, 2.2725 2.4247 0.0, 2.2725 2.4247 -0.1969, 2.2576 2.429 0.0, 2.2576 2.429 -0.1969, 2.2434 2.4349 0.0, 2.2434 2.4349 -0.1969, 2.2298 2.4424 0.0, 2.2298 2.4424 -0.1969, 2.2172 2.4513 0.0, 2.2172 2.4513 -0.1969, 2.2057 2.4616 0.0, 2.2057 2.4616 -0.1969, 2.1954 2.4731 0.0, 2.1954 2.4731 -0.1969, 2.1865 2.4857 0.0, 2.1865 2.4857 -0.1969, 2.179 2.4993 0.0, 2.179 2.4993 -0.1969, 2.1731 2.5135 0.0, 2.1731 2.5135 -0.1969, 2.1688 2.5284 0.0, 2.1688 2.5284 -0.1969, 2.1662 2.5436 0.0, 2.1662 2.5436 -0.1969, 2.1654 2.5591 0.0, 2.1654 2.5591 -0.1969, 2.2047 2.5591 -0.1969, 2.2047 2.5591 0.0, 2.2056 2.5462 -0.1969, 2.2056 2.5462 0.0, 2.2081 2.5336 -0.1969, 2.2081 2.5336 0.0, 2.2122 2.5214 -0.1969, 2.2122 2.5214 0.0, 2.2179 2.5098 -0.1969, 2.2179 2.5098 0.0, 2.2251 2.4991 -0.1969, 2.2251 2.4991 0.0, 2.2336 2.4895 -0.1969, 2.2336 2.4895 0.0, 2.2432 2.481 -0.1969, 2.2432 2.481 0.0, 2.2539 2.4738 -0.1969, 2.2539 2.4738 0.0, 2.2655 2.4681 -0.1969, 2.2655 2.4681 0.0, 2.2777 2.464 -0.1969, 2.2777 2.464 0.0, 2.2903 2.4615 -0.1969, 2.2903 2.4615 0.0, 2.3031 2.4606 -0.1969, 2.3031 2.4606 0.0, 2.316 2.4615 -0.1969, 2.316 2.4615 0.0, 2.3286 2.464 -0.1969, 2.3286 2.464 0.0, 2.3408 2.4681 -0.1969, 2.3408 2.4681 0.0, 2.3524 2.4738 -0.1969, 2.3524 2.4738 0.0, 2.3631 2.481 -0.1969, 2.3631 2.481 0.0, 2.3727 2.4895 -0.1969, 2.3727 2.4895 0.0, 2.3812 2.4991 -0.1969, 2.3812 2.4991 0.0, 2.3884 2.5098 -0.1969, 2.3884 2.5098 0.0, 2.3941 2.5214 -0.1969, 2.3941 2.5214 0.0, 2.3982 2.5336 -0.1969, 2.3982 2.5336 0.0, 2.4007 2.5462 -0.1969, 2.4007 2.5462 0.0, 2.4016 2.5591 -0.1969, 2.4016 2.5591 0.0, 2.4016 -2.5591 -0.1969, 2.4016 -2.5591 0.0, 2.4007 -2.5462 -0.1969, 2.4007 -2.5462 0.0, 2.3982 -2.5336 -0.1969, 2.3982 -2.5336 0.0, 2.3941 -2.5214 -0.1969, 2.3941 -2.5214 0.0, 2.3884 -2.5098 -0.1969, 2.3884 -2.5098 0.0, 2.3812 -2.4991 -0.1969, 2.3812 -2.4991 0.0, 2.3727 -2.4895 -0.1969, 2.3727 -2.4895 0.0, 2.3631 -2.481 -0.1969, 2.3631 -2.481 0.0, 2.3524 -2.4738 -0.1969, 2.3524 -2.4738 0.0, 2.3408 -2.4681 -0.1969, 2.3408 -2.4681 0.0, 2.3286 -2.464 -0.1969, 2.3286 -2.464 0.0, 2.316 -2.4615 -0.1969, 2.316 -2.4615 0.0, 2.3031 -2.4606 -0.1969, 2.3031 -2.4606 0.0, 2.2903 -2.4615 -0.1969, 2.2903 -2.4615 0.0, 2.2777 -2.464 -0.1969, 2.2777 -2.464 0.0, 2.2655 -2.4681 -0.1969, 2.2655 -2.4681 0.0, 2.2539 -2.4738 -0.1969, 2.2539 -2.4738 0.0, 2.2432 -2.481 -0.1969, 2.2432 -2.481 0.0, 2.2336 -2.4895 -0.1969, 2.2336 -2.4895 0.0, 2.2251 -2.4991 -0.1969, 2.2251 -2.4991 0.0, 2.2179 -2.5098 -0.1969, 2.2179 -2.5098 0.0, 2.2122 -2.5214 -0.1969, 2.2122 -2.5214 0.0, 2.2081 -2.5336 -0.1969, 2.2081 -2.5336 0.0, 2.2056 -2.5462 -0.1969, 2.2056 -2.5462 0.0, 2.2047 -2.5591 -0.1969, 2.2047 -2.5591 0.0, 2.1654 -2.5591 -0.1969, 2.1654 -2.5591 0.0, 2.1662 -2.5436 0.0, 2.1662 -2.5436 -0.1969, 2.1688 -2.5284 0.0, 2.1688 -2.5284 -0.1969, 2.1731 -2.5135 0.0, 2.1731 -2.5135 -0.1969, 2.179 -2.4993 0.0, 2.179 -2.4993 -0.1969, 2.1865 -2.4857 0.0, 2.1865 -2.4857 -0.1969, 2.1954 -2.4731 0.0, 2.1954 -2.4731 -0.1969, 2.2057 -2.4616 0.0, 2.2057 -2.4616 -0.1969, 2.2172 -2.4513 0.0, 2.2172 -2.4513 -0.1969, 2.2298 -2.4424 0.0, 2.2298 -2.4424 -0.1969, 2.2434 -2.4349 0.0, 2.2434 -2.4349 -0.1969, 2.2576 -2.429 0.0, 2.2576 -2.429 -0.1969, 2.2725 -2.4247 0.0, 2.2725 -2.4247 -0.1969, 2.2877 -2.4221 0.0, 2.2877 -2.4221 -0.1969, 2.3031 -2.4213 0.0, 2.3031 -2.4213 -0.1969, 2.3186 -2.4221 0.0, 2.3186 -2.4221 -0.1969, 2.3338 -2.4247 0.0, 2.3338 -2.4247 -0.1969, 2.3487 -2.429 0.0, 2.3487 -2.429 -0.1969, 2.3629 -2.4349 0.0, 2.3629 -2.4349 -0.1969, 2.3765 -2.4424 0.0, 2.3765 -2.4424 -0.1969, 2.3891 -2.4513 0.0, 2.3891 -2.4513 -0.1969, 2.4006 -2.4616 0.0, 2.4006 -2.4616 -0.1969, 2.4109 -2.4731 0.0, 2.4109 -2.4731 -0.1969, 2.4198 -2.4857 0.0, 2.4198 -2.4857 -0.1969, 2.4273 -2.4993 0.0, 2.4273 -2.4993 -0.1969, 2.4332 -2.5135 0.0, 2.4332 -2.5135 -0.1969, 2.4375 -2.5284 0.0, 2.4375 -2.5284 -0.1969, 2.4401 -2.5436 0.0, 2.4401 -2.5436 -0.1969, 2.4409 -2.5591 0.0, 2.4409 -2.5591 -0.1969, 2.0472 -2.5591 -0.1969, 2.0472 -2.5591 0.0, 2.0464 -2.5462 -0.1969, 2.0464 -2.5462 0.0, 2.0439 -2.5336 -0.1969, 2.0439 -2.5336 0.0, 2.0398 -2.5214 -0.1969, 2.0398 -2.5214 0.0, 2.0341 -2.5098 -0.1969, 2.0341 -2.5098 0.0, 2.0269 -2.4991 -0.1969, 2.0269 -2.4991 0.0, 2.0184 -2.4895 -0.1969, 2.0184 -2.4895 0.0, 2.0087 -2.481 -0.1969, 2.0087 -2.481 0.0, 1.998 -2.4738 -0.1969, 1.998 -2.4738 0.0, 1.9865 -2.4681 -0.1969, 1.9865 -2.4681 0.0, 1.9743 -2.464 -0.1969, 1.9743 -2.464 0.0, 1.9617 -2.4615 -0.1969, 1.9617 -2.4615 0.0, 1.9488 -2.4606 -0.1969, 1.9488 -2.4606 0.0, 1.936 -2.4615 -0.1969, 1.936 -2.4615 0.0, 1.9233 -2.464 -0.1969, 1.9233 -2.464 0.0, 1.9112 -2.4681 -0.1969, 1.9112 -2.4681 0.0, 1.8996 -2.4738 -0.1969, 1.8996 -2.4738 0.0, 1.8889 -2.481 -0.1969, 1.8889 -2.481 0.0, 1.8792 -2.4895 -0.1969, 1.8792 -2.4895 0.0, 1.8707 -2.4991 -0.1969, 1.8707 -2.4991 0.0, 1.8636 -2.5098 -0.1969, 1.8636 -2.5098 0.0, 1.8579 -2.5214 -0.1969, 1.8579 -2.5214 0.0, 1.8537 -2.5336 -0.1969, 1.8537 -2.5336 0.0, 1.8512 -2.5462 -0.1969, 1.8512 -2.5462 0.0, 1.8504 -2.5591 -0.1969, 1.8504 -2.5591 0.0, 1.811 -2.5591 -0.1969, 1.811 -2.5591 0.0, 1.8119 -2.5436 0.0, 1.8119 -2.5436 -0.1969, 1.8145 -2.5284 0.0, 1.8145 -2.5284 -0.1969, 1.8188 -2.5135 0.0, 1.8188 -2.5135 -0.1969, 1.8247 -2.4993 0.0, 1.8247 -2.4993 -0.1969, 1.8321 -2.4857 0.0, 1.8321 -2.4857 -0.1969, 1.8411 -2.4731 0.0, 1.8411 -2.4731 -0.1969, 1.8514 -2.4616 0.0, 1.8514 -2.4616 -0.1969, 1.8629 -2.4513 0.0, 1.8629 -2.4513 -0.1969, 1.8755 -2.4424 0.0, 1.8755 -2.4424 -0.1969, 1.889 -2.4349 0.0, 1.889 -2.4349 -0.1969, 1.9033 -2.429 0.0, 1.9033 -2.429 -0.1969, 1.9182 -2.4247 0.0, 1.9182 -2.4247 -0.1969, 1.9334 -2.4221 0.0, 1.9334 -2.4221 -0.1969, 1.9488 -2.4213 0.0, 1.9488 -2.4213 -0.1969, 1.9642 -2.4221 0.0, 1.9642 -2.4221 -0.1969, 1.9795 -2.4247 0.0, 1.9795 -2.4247 -0.1969, 1.9943 -2.429 0.0, 1.9943 -2.429 -0.1969, 2.0086 -2.4349 0.0, 2.0086 -2.4349 -0.1969, 2.0221 -2.4424 0.0, 2.0221 -2.4424 -0.1969, 2.0347 -2.4513 0.0, 2.0347 -2.4513 -0.1969, 2.0463 -2.4616 0.0, 2.0463 -2.4616 -0.1969, 2.0566 -2.4731 0.0, 2.0566 -2.4731 -0.1969, 2.0655 -2.4857 0.0, 2.0655 -2.4857 -0.1969, 2.073 -2.4993 0.0, 2.073 -2.4993 -0.1969, 2.0789 -2.5135 0.0, 2.0789 -2.5135 -0.1969, 2.0832 -2.5284 0.0, 2.0832 -2.5284 -0.1969, 2.0857 -2.5436 0.0, 2.0857 -2.5436 -0.1969, 2.0866 -2.5591 0.0, 2.0866 -2.5591 -0.1969, 1.6929 -2.5591 -0.1969, 1.6929 -2.5591 0.0, 1.6921 -2.5462 -0.1969, 1.6921 -2.5462 0.0, 1.6896 -2.5336 -0.1969, 1.6896 -2.5336 0.0, 1.6854 -2.5214 -0.1969, 1.6854 -2.5214 0.0, 1.6797 -2.5098 -0.1969, 1.6797 -2.5098 0.0, 1.6726 -2.4991 -0.1969, 1.6726 -2.4991 0.0, 1.6641 -2.4895 -0.1969, 1.6641 -2.4895 0.0, 1.6544 -2.481 -0.1969, 1.6544 -2.481 0.0, 1.6437 -2.4738 -0.1969, 1.6437 -2.4738 0.0, 1.6322 -2.4681 -0.1969, 1.6322 -2.4681 0.0, 1.62 -2.464 -0.1969, 1.62 -2.464 0.0, 1.6073 -2.4615 -0.1969, 1.6073 -2.4615 0.0, 1.5945 -2.4606 -0.1969, 1.5945 -2.4606 0.0, 1.5816 -2.4615 -0.1969, 1.5816 -2.4615 0.0, 1.569 -2.464 -0.1969, 1.569 -2.464 0.0, 1.5568 -2.4681 -0.1969, 1.5568 -2.4681 0.0, 1.5453 -2.4738 -0.1969, 1.5453 -2.4738 0.0, 1.5346 -2.481 -0.1969, 1.5346 -2.481 0.0, 1.5249 -2.4895 -0.1969, 1.5249 -2.4895 0.0, 1.5164 -2.4991 -0.1969, 1.5164 -2.4991 0.0, 1.5092 -2.5098 -0.1969, 1.5092 -2.5098 0.0, 1.5036 -2.5214 -0.1969, 1.5036 -2.5214 0.0, 1.4994 -2.5336 -0.1969, 1.4994 -2.5336 0.0, 1.4969 -2.5462 -0.1969, 1.4969 -2.5462 0.0, 1.4961 -2.5591 -0.1969, 1.4961 -2.5591 0.0, 1.4567 -2.5591 -0.1969, 1.4567 -2.5591 0.0, 1.4576 -2.5436 0.0, 1.4576 -2.5436 -0.1969, 1.4601 -2.5284 0.0, 1.4601 -2.5284 -0.1969, 1.4644 -2.5135 0.0, 1.4644 -2.5135 -0.1969, 1.4703 -2.4993 0.0, 1.4703 -2.4993 -0.1969, 1.4778 -2.4857 0.0, 1.4778 -2.4857 -0.1969, 1.4868 -2.4731 0.0, 1.4868 -2.4731 -0.1969, 1.4971 -2.4616 0.0, 1.4971 -2.4616 -0.1969, 1.5086 -2.4513 0.0, 1.5086 -2.4513 -0.1969, 1.5212 -2.4424 0.0, 1.5212 -2.4424 -0.1969, 1.5347 -2.4349 0.0, 1.5347 -2.4349 -0.1969, 1.549 -2.429 0.0, 1.549 -2.429 -0.1969, 1.5638 -2.4247 0.0, 1.5638 -2.4247 -0.1969, 1.5791 -2.4221 0.0, 1.5791 -2.4221 -0.1969, 1.5945 -2.4213 0.0, 1.5945 -2.4213 -0.1969, 1.6099 -2.4221 0.0, 1.6099 -2.4221 -0.1969, 1.6252 -2.4247 0.0, 1.6252 -2.4247 -0.1969, 1.64 -2.429 0.0, 1.64 -2.429 -0.1969, 1.6543 -2.4349 0.0, 1.6543 -2.4349 -0.1969, 1.6678 -2.4424 0.0, 1.6678 -2.4424 -0.1969, 1.6804 -2.4513 0.0, 1.6804 -2.4513 -0.1969, 1.6919 -2.4616 0.0, 1.6919 -2.4616 -0.1969, 1.7022 -2.4731 0.0, 1.7022 -2.4731 -0.1969, 1.7112 -2.4857 0.0, 1.7112 -2.4857 -0.1969, 1.7186 -2.4993 0.0, 1.7186 -2.4993 -0.1969, 1.7246 -2.5135 0.0, 1.7246 -2.5135 -0.1969, 1.7288 -2.5284 0.0, 1.7288 -2.5284 -0.1969, 1.7314 -2.5436 0.0, 1.7314 -2.5436 -0.1969, 1.7323 -2.5591 0.0, 1.7323 -2.5591 -0.1969, 1.3386 -2.5591 -0.1969, 1.3386 -2.5591 0.0, 1.3377 -2.5462 -0.1969, 1.3377 -2.5462 0.0, 1.3352 -2.5336 -0.1969, 1.3352 -2.5336 0.0, 1.3311 -2.5214 -0.1969, 1.3311 -2.5214 0.0, 1.3254 -2.5098 -0.1969, 1.3254 -2.5098 0.0, 1.3182 -2.4991 -0.1969, 1.3182 -2.4991 0.0, 1.3098 -2.4895 -0.1969, 1.3098 -2.4895 0.0, 1.3001 -2.481 -0.1969, 1.3001 -2.481 0.0, 1.2894 -2.4738 -0.1969, 1.2894 -2.4738 0.0, 1.2778 -2.4681 -0.1969, 1.2778 -2.4681 0.0, 1.2656 -2.464 -0.1969, 1.2656 -2.464 0.0, 1.253 -2.4615 -0.1969, 1.253 -2.4615 0.0, 1.2402 -2.4606 -0.1969, 1.2402 -2.4606 0.0, 1.2273 -2.4615 -0.1969, 1.2273 -2.4615 0.0, 1.2147 -2.464 -0.1969, 1.2147 -2.464 0.0, 1.2025 -2.4681 -0.1969, 1.2025 -2.4681 0.0, 1.1909 -2.4738 -0.1969, 1.1909 -2.4738 0.0, 1.1802 -2.481 -0.1969, 1.1802 -2.481 0.0, 1.1706 -2.4895 -0.1969, 1.1706 -2.4895 0.0, 1.1621 -2.4991 -0.1969, 1.1621 -2.4991 0.0, 1.1549 -2.5098 -0.1969, 1.1549 -2.5098 0.0, 1.1492 -2.5214 -0.1969, 1.1492 -2.5214 0.0, 1.1451 -2.5336 -0.1969, 1.1451 -2.5336 0.0, 1.1426 -2.5462 -0.1969, 1.1426 -2.5462 0.0, 1.1417 -2.5591 -0.1969, 1.1417 -2.5591 0.0, 1.1024 -2.5591 -0.1969, 1.1024 -2.5591 0.0, 1.1032 -2.5436 0.0, 1.1032 -2.5436 -0.1969, 1.1058 -2.5284 0.0, 1.1058 -2.5284 -0.1969, 1.1101 -2.5135 0.0, 1.1101 -2.5135 -0.1969, 1.116 -2.4993 0.0, 1.116 -2.4993 -0.1969, 1.1235 -2.4857 0.0, 1.1235 -2.4857 -0.1969, 1.1324 -2.4731 0.0, 1.1324 -2.4731 -0.1969, 1.1427 -2.4616 0.0, 1.1427 -2.4616 -0.1969, 1.1542 -2.4513 0.0, 1.1542 -2.4513 -0.1969, 1.1668 -2.4424 0.0, 1.1668 -2.4424 -0.1969, 1.1804 -2.4349 0.0, 1.1804 -2.4349 -0.1969, 1.1946 -2.429 0.0, 1.1946 -2.429 -0.1969, 1.2095 -2.4247 0.0, 1.2095 -2.4247 -0.1969, 1.2247 -2.4221 0.0, 1.2247 -2.4221 -0.1969, 1.2402 -2.4213 0.0, 1.2402 -2.4213 -0.1969, 1.2556 -2.4221 0.0, 1.2556 -2.4221 -0.1969, 1.2708 -2.4247 0.0, 1.2708 -2.4247 -0.1969, 1.2857 -2.429 0.0, 1.2857 -2.429 -0.1969, 1.2999 -2.4349 0.0, 1.2999 -2.4349 -0.1969, 1.3135 -2.4424 0.0, 1.3135 -2.4424 -0.1969, 1.3261 -2.4513 0.0, 1.3261 -2.4513 -0.1969, 1.3376 -2.4616 0.0, 1.3376 -2.4616 -0.1969, 1.3479 -2.4731 0.0, 1.3479 -2.4731 -0.1969, 1.3568 -2.4857 0.0, 1.3568 -2.4857 -0.1969, 1.3643 -2.4993 0.0, 1.3643 -2.4993 -0.1969, 1.3702 -2.5135 0.0, 1.3702 -2.5135 -0.1969, 1.3745 -2.5284 0.0, 1.3745 -2.5284 -0.1969, 1.3771 -2.5436 0.0, 1.3771 -2.5436 -0.1969, 1.378 -2.5591 0.0, 1.378 -2.5591 -0.1969, 0.9843 -2.5591 -0.1969, 0.9843 -2.5591 0.0, 0.9834 -2.5462 -0.1969, 0.9834 -2.5462 0.0, 0.9809 -2.5336 -0.1969, 0.9809 -2.5336 0.0, 0.9768 -2.5214 -0.1969, 0.9768 -2.5214 0.0, 0.9711 -2.5098 -0.1969, 0.9711 -2.5098 0.0, 0.9639 -2.4991 -0.1969, 0.9639 -2.4991 0.0, 0.9554 -2.4895 -0.1969, 0.9554 -2.4895 0.0, 0.9457 -2.481 -0.1969, 0.9457 -2.481 0.0, 0.935 -2.4738 -0.1969, 0.935 -2.4738 0.0, 0.9235 -2.4681 -0.1969, 0.9235 -2.4681 0.0, 0.9113 -2.464 -0.1969, 0.9113 -2.464 0.0, 0.8987 -2.4615 -0.1969, 0.8987 -2.4615 0.0, 0.8858 -2.4606 -0.1969, 0.8858 -2.4606 0.0, 0.873 -2.4615 -0.1969, 0.873 -2.4615 0.0, 0.8604 -2.464 -0.1969, 0.8604 -2.464 0.0, 0.8482 -2.4681 -0.1969, 0.8482 -2.4681 0.0, 0.8366 -2.4738 -0.1969, 0.8366 -2.4738 0.0, 0.8259 -2.481 -0.1969, 0.8259 -2.481 0.0, 0.8162 -2.4895 -0.1969, 0.8162 -2.4895 0.0, 0.8077 -2.4991 -0.1969, 0.8077 -2.4991 0.0, 0.8006 -2.5098 -0.1969, 0.8006 -2.5098 0.0, 0.7949 -2.5214 -0.1969, 0.7949 -2.5214 0.0, 0.7908 -2.5336 -0.1969, 0.7908 -2.5336 0.0, 0.7882 -2.5462 -0.1969, 0.7882 -2.5462 0.0, 0.7874 -2.5591 -0.1969, 0.7874 -2.5591 0.0, 0.748 -2.5591 -0.1969, 0.748 -2.5591 0.0, 0.7489 -2.5436 0.0, 0.7489 -2.5436 -0.1969, 0.7515 -2.5284 0.0, 0.7515 -2.5284 -0.1969, 0.7558 -2.5135 0.0, 0.7558 -2.5135 -0.1969, 0.7617 -2.4993 0.0, 0.7617 -2.4993 -0.1969, 0.7692 -2.4857 0.0, 0.7692 -2.4857 -0.1969, 0.7781 -2.4731 0.0, 0.7781 -2.4731 -0.1969, 0.7884 -2.4616 0.0, 0.7884 -2.4616 -0.1969, 0.7999 -2.4513 0.0, 0.7999 -2.4513 -0.1969, 0.8125 -2.4424 0.0, 0.8125 -2.4424 -0.1969, 0.826 -2.4349 0.0, 0.826 -2.4349 -0.1969, 0.8403 -2.429 0.0, 0.8403 -2.429 -0.1969, 0.8552 -2.4247 0.0, 0.8552 -2.4247 -0.1969, 0.8704 -2.4221 0.0, 0.8704 -2.4221 -0.1969, 0.8858 -2.4213 0.0, 0.8858 -2.4213 -0.1969, 0.9013 -2.4221 0.0, 0.9013 -2.4221 -0.1969, 0.9165 -2.4247 0.0, 0.9165 -2.4247 -0.1969, 0.9313 -2.429 0.0, 0.9313 -2.429 -0.1969, 0.9456 -2.4349 0.0, 0.9456 -2.4349 -0.1969, 0.9591 -2.4424 0.0, 0.9591 -2.4424 -0.1969, 0.9717 -2.4513 0.0, 0.9717 -2.4513 -0.1969, 0.9833 -2.4616 0.0, 0.9833 -2.4616 -0.1969, 0.9936 -2.4731 0.0, 0.9936 -2.4731 -0.1969, 1.0025 -2.4857 0.0, 1.0025 -2.4857 -0.1969, 1.01 -2.4993 0.0, 1.01 -2.4993 -0.1969, 1.0159 -2.5135 0.0, 1.0159 -2.5135 -0.1969, 1.0202 -2.5284 0.0, 1.0202 -2.5284 -0.1969, 1.0228 -2.5436 0.0, 1.0228 -2.5436 -0.1969, 1.0236 -2.5591 0.0, 1.0236 -2.5591 -0.1969, 0.6299 -2.5591 -0.1969, 0.6299 -2.5591 0.0, 0.6291 -2.5462 -0.1969, 0.6291 -2.5462 0.0, 0.6266 -2.5336 -0.1969, 0.6266 -2.5336 0.0, 0.6224 -2.5214 -0.1969, 0.6224 -2.5214 0.0, 0.6167 -2.5098 -0.1969, 0.6167 -2.5098 0.0, 0.6096 -2.4991 -0.1969, 0.6096 -2.4991 0.0, 0.6011 -2.4895 -0.1969, 0.6011 -2.4895 0.0, 0.5914 -2.481 -0.1969, 0.5914 -2.481 0.0, 0.5807 -2.4738 -0.1969, 0.5807 -2.4738 0.0, 0.5692 -2.4681 -0.1969, 0.5692 -2.4681 0.0, 0.557 -2.464 -0.1969, 0.557 -2.464 0.0, 0.5443 -2.4615 -0.1969, 0.5443 -2.4615 0.0, 0.5315 -2.4606 -0.1969, 0.5315 -2.4606 0.0, 0.5186 -2.4615 -0.1969, 0.5186 -2.4615 0.0, 0.506 -2.464 -0.1969, 0.506 -2.464 0.0, 0.4938 -2.4681 -0.1969, 0.4938 -2.4681 0.0, 0.4823 -2.4738 -0.1969, 0.4823 -2.4738 0.0, 0.4716 -2.481 -0.1969, 0.4716 -2.481 0.0, 0.4619 -2.4895 -0.1969, 0.4619 -2.4895 0.0, 0.4534 -2.4991 -0.1969, 0.4534 -2.4991 0.0, 0.4463 -2.5098 -0.1969, 0.4463 -2.5098 0.0, 0.4406 -2.5214 -0.1969, 0.4406 -2.5214 0.0, 0.4364 -2.5336 -0.1969, 0.4364 -2.5336 0.0, 0.4339 -2.5462 -0.1969, 0.4339 -2.5462 0.0, 0.4331 -2.5591 -0.1969, 0.4331 -2.5591 0.0, 0.3937 -2.5591 -0.1969, 0.3937 -2.5591 0.0, 0.3946 -2.5436 0.0, 0.3946 -2.5436 -0.1969, 0.3972 -2.5284 0.0, 0.3972 -2.5284 -0.1969, 0.4014 -2.5135 0.0, 0.4014 -2.5135 -0.1969, 0.4073 -2.4993 0.0, 0.4073 -2.4993 -0.1969, 0.4148 -2.4857 0.0, 0.4148 -2.4857 -0.1969, 0.4238 -2.4731 0.0, 0.4238 -2.4731 -0.1969, 0.4341 -2.4616 0.0, 0.4341 -2.4616 -0.1969, 0.4456 -2.4513 0.0, 0.4456 -2.4513 -0.1969, 0.4582 -2.4424 0.0, 0.4582 -2.4424 -0.1969, 0.4717 -2.4349 0.0, 0.4717 -2.4349 -0.1969, 0.486 -2.429 0.0, 0.486 -2.429 -0.1969, 0.5008 -2.4247 0.0, 0.5008 -2.4247 -0.1969, 0.5161 -2.4221 0.0, 0.5161 -2.4221 -0.1969, 0.5315 -2.4213 0.0, 0.5315 -2.4213 -0.1969, 0.5469 -2.4221 0.0, 0.5469 -2.4221 -0.1969, 0.5622 -2.4247 0.0, 0.5622 -2.4247 -0.1969, 0.577 -2.429 0.0, 0.577 -2.429 -0.1969, 0.5913 -2.4349 0.0, 0.5913 -2.4349 -0.1969, 0.6048 -2.4424 0.0, 0.6048 -2.4424 -0.1969, 0.6174 -2.4513 0.0, 0.6174 -2.4513 -0.1969, 0.6289 -2.4616 0.0, 0.6289 -2.4616 -0.1969, 0.6392 -2.4731 0.0, 0.6392 -2.4731 -0.1969, 0.6482 -2.4857 0.0, 0.6482 -2.4857 -0.1969, 0.6556 -2.4993 0.0, 0.6556 -2.4993 -0.1969, 0.6616 -2.5135 0.0, 0.6616 -2.5135 -0.1969, 0.6658 -2.5284 0.0, 0.6658 -2.5284 -0.1969, 0.6684 -2.5436 0.0, 0.6684 -2.5436 -0.1969, 0.6693 -2.5591 0.0, 0.6693 -2.5591 -0.1969, 0.2756 -2.5591 -0.1969, 0.2756 -2.5591 0.0, 0.2747 -2.5462 -0.1969, 0.2747 -2.5462 0.0, 0.2722 -2.5336 -0.1969, 0.2722 -2.5336 0.0, 0.2681 -2.5214 -0.1969, 0.2681 -2.5214 0.0, 0.2624 -2.5098 -0.1969, 0.2624 -2.5098 0.0, 0.2553 -2.4991 -0.1969, 0.2553 -2.4991 0.0, 0.2468 -2.4895 -0.1969, 0.2468 -2.4895 0.0, 0.2371 -2.481 -0.1969, 0.2371 -2.481 0.0, 0.2264 -2.4738 -0.1969, 0.2264 -2.4738 0.0, 0.2148 -2.4681 -0.1969, 0.2148 -2.4681 0.0, 0.2026 -2.464 -0.1969, 0.2026 -2.464 0.0, 0.19 -2.4615 -0.1969, 0.19 -2.4615 0.0, 0.1772 -2.4606 -0.1969, 0.1772 -2.4606 0.0, 0.1643 -2.4615 -0.1969, 0.1643 -2.4615 0.0, 0.1517 -2.464 -0.1969, 0.1517 -2.464 0.0, 0.1395 -2.4681 -0.1969, 0.1395 -2.4681 0.0, 0.128 -2.4738 -0.1969, 0.128 -2.4738 0.0, 0.1172 -2.481 -0.1969, 0.1172 -2.481 0.0, 0.1076 -2.4895 -0.1969, 0.1076 -2.4895 0.0, 0.0991 -2.4991 -0.1969, 0.0991 -2.4991 0.0, 0.0919 -2.5098 -0.1969, 0.0919 -2.5098 0.0, 0.0862 -2.5214 -0.1969, 0.0862 -2.5214 0.0, 0.0821 -2.5336 -0.1969, 0.0821 -2.5336 0.0, 0.0796 -2.5462 -0.1969, 0.0796 -2.5462 0.0, 0.0787 -2.5591 -0.1969, 0.0787 -2.5591 0.0, 0.0394 -2.5591 -0.1969, 0.0394 -2.5591 0.0, 0.0402 -2.5436 0.0, 0.0402 -2.5436 -0.1969, 0.0428 -2.5284 0.0, 0.0428 -2.5284 -0.1969, 0.0471 -2.5135 0.0, 0.0471 -2.5135 -0.1969, 0.053 -2.4993 0.0, 0.053 -2.4993 -0.1969, 0.0605 -2.4857 0.0, 0.0605 -2.4857 -0.1969, 0.0694 -2.4731 0.0, 0.0694 -2.4731 -0.1969, 0.0797 -2.4616 0.0, 0.0797 -2.4616 -0.1969, 0.0913 -2.4513 0.0, 0.0913 -2.4513 -0.1969, 0.1039 -2.4424 0.0, 0.1039 -2.4424 -0.1969, 0.1174 -2.4349 0.0, 0.1174 -2.4349 -0.1969, 0.1317 -2.429 0.0, 0.1317 -2.429 -0.1969, 0.1465 -2.4247 0.0, 0.1465 -2.4247 -0.1969, 0.1617 -2.4221 0.0, 0.1617 -2.4221 -0.1969, 0.1772 -2.4213 0.0, 0.1772 -2.4213 -0.1969, 0.1926 -2.4221 0.0, 0.1926 -2.4221 -0.1969, 0.2078 -2.4247 0.0, 0.2078 -2.4247 -0.1969, 0.2227 -2.429 0.0, 0.2227 -2.429 -0.1969, 0.237 -2.4349 0.0, 0.237 -2.4349 -0.1969, 0.2505 -2.4424 0.0, 0.2505 -2.4424 -0.1969, 0.2631 -2.4513 0.0, 0.2631 -2.4513 -0.1969, 0.2746 -2.4616 0.0, 0.2746 -2.4616 -0.1969, 0.2849 -2.4731 0.0, 0.2849 -2.4731 -0.1969, 0.2938 -2.4857 0.0, 0.2938 -2.4857 -0.1969, 0.3013 -2.4993 0.0, 0.3013 -2.4993 -0.1969, 0.3072 -2.5135 0.0, 0.3072 -2.5135 -0.1969, 0.3115 -2.5284 0.0, 0.3115 -2.5284 -0.1969, 0.3141 -2.5436 0.0, 0.3141 -2.5436 -0.1969, 0.315 -2.5591 0.0, 0.315 -2.5591 -0.1969, -0.0787 -2.5591 -0.1969, -0.0787 -2.5591 0.0, -0.0796 -2.5462 -0.1969, -0.0796 -2.5462 0.0, -0.0821 -2.5336 -0.1969, -0.0821 -2.5336 0.0, -0.0862 -2.5214 -0.1969, -0.0862 -2.5214 0.0, -0.0919 -2.5098 -0.1969, -0.0919 -2.5098 0.0, -0.0991 -2.4991 -0.1969, -0.0991 -2.4991 0.0, -0.1076 -2.4895 -0.1969, -0.1076 -2.4895 0.0, -0.1172 -2.481 -0.1969, -0.1172 -2.481 0.0, -0.128 -2.4738 -0.1969, -0.128 -2.4738 0.0, -0.1395 -2.4681 -0.1969, -0.1395 -2.4681 0.0, -0.1517 -2.464 -0.1969, -0.1517 -2.464 0.0, -0.1643 -2.4615 -0.1969, -0.1643 -2.4615 0.0, -0.1772 -2.4606 -0.1969, -0.1772 -2.4606 0.0, -0.19 -2.4615 -0.1969, -0.19 -2.4615 0.0, -0.2026 -2.464 -0.1969, -0.2026 -2.464 0.0, -0.2148 -2.4681 -0.1969, -0.2148 -2.4681 0.0, -0.2264 -2.4738 -0.1969, -0.2264 -2.4738 0.0, -0.2371 -2.481 -0.1969, -0.2371 -2.481 0.0, -0.2468 -2.4895 -0.1969, -0.2468 -2.4895 0.0, -0.2553 -2.4991 -0.1969, -0.2553 -2.4991 0.0, -0.2624 -2.5098 -0.1969, -0.2624 -2.5098 0.0, -0.2681 -2.5214 -0.1969, -0.2681 -2.5214 0.0, -0.2722 -2.5336 -0.1969, -0.2722 -2.5336 0.0, -0.2747 -2.5462 -0.1969, -0.2747 -2.5462 0.0, -0.2756 -2.5591 -0.1969, -0.2756 -2.5591 0.0, -0.315 -2.5591 -0.1969, -0.315 -2.5591 0.0, -0.3141 -2.5436 0.0, -0.3141 -2.5436 -0.1969, -0.3115 -2.5284 0.0, -0.3115 -2.5284 -0.1969, -0.3072 -2.5135 0.0, -0.3072 -2.5135 -0.1969, -0.3013 -2.4993 0.0, -0.3013 -2.4993 -0.1969, -0.2938 -2.4857 0.0, -0.2938 -2.4857 -0.1969, -0.2849 -2.4731 0.0, -0.2849 -2.4731 -0.1969, -0.2746 -2.4616 0.0, -0.2746 -2.4616 -0.1969, -0.2631 -2.4513 0.0, -0.2631 -2.4513 -0.1969, -0.2505 -2.4424 0.0, -0.2505 -2.4424 -0.1969, -0.237 -2.4349 0.0, -0.237 -2.4349 -0.1969, -0.2227 -2.429 0.0, -0.2227 -2.429 -0.1969, -0.2078 -2.4247 0.0, -0.2078 -2.4247 -0.1969, -0.1926 -2.4221 0.0, -0.1926 -2.4221 -0.1969, -0.1772 -2.4213 0.0, -0.1772 -2.4213 -0.1969, -0.1617 -2.4221 0.0, -0.1617 -2.4221 -0.1969, -0.1465 -2.4247 0.0, -0.1465 -2.4247 -0.1969, -0.1317 -2.429 0.0, -0.1317 -2.429 -0.1969, -0.1174 -2.4349 0.0, -0.1174 -2.4349 -0.1969, -0.1039 -2.4424 0.0, -0.1039 -2.4424 -0.1969, -0.0913 -2.4513 0.0, -0.0913 -2.4513 -0.1969, -0.0797 -2.4616 0.0, -0.0797 -2.4616 -0.1969, -0.0694 -2.4731 0.0, -0.0694 -2.4731 -0.1969, -0.0605 -2.4857 0.0, -0.0605 -2.4857 -0.1969, -0.053 -2.4993 0.0, -0.053 -2.4993 -0.1969, -0.0471 -2.5135 0.0, -0.0471 -2.5135 -0.1969, -0.0428 -2.5284 0.0, -0.0428 -2.5284 -0.1969, -0.0402 -2.5436 0.0, -0.0402 -2.5436 -0.1969, -0.0394 -2.5591 0.0, -0.0394 -2.5591 -0.1969, -0.4331 -2.5591 -0.1969, -0.4331 -2.5591 0.0, -0.4339 -2.5462 -0.1969, -0.4339 -2.5462 0.0, -0.4364 -2.5336 -0.1969, -0.4364 -2.5336 0.0, -0.4406 -2.5214 -0.1969, -0.4406 -2.5214 0.0, -0.4463 -2.5098 -0.1969, -0.4463 -2.5098 0.0, -0.4534 -2.4991 -0.1969, -0.4534 -2.4991 0.0, -0.4619 -2.4895 -0.1969, -0.4619 -2.4895 0.0, -0.4716 -2.481 -0.1969, -0.4716 -2.481 0.0, -0.4823 -2.4738 -0.1969, -0.4823 -2.4738 0.0, -0.4938 -2.4681 -0.1969, -0.4938 -2.4681 0.0, -0.506 -2.464 -0.1969, -0.506 -2.464 0.0, -0.5186 -2.4615 -0.1969, -0.5186 -2.4615 0.0, -0.5315 -2.4606 -0.1969, -0.5315 -2.4606 0.0, -0.5443 -2.4615 -0.1969, -0.5443 -2.4615 0.0, -0.557 -2.464 -0.1969, -0.557 -2.464 0.0, -0.5692 -2.4681 -0.1969, -0.5692 -2.4681 0.0, -0.5807 -2.4738 -0.1969, -0.5807 -2.4738 0.0, -0.5914 -2.481 -0.1969, -0.5914 -2.481 0.0, -0.6011 -2.4895 -0.1969, -0.6011 -2.4895 0.0, -0.6096 -2.4991 -0.1969, -0.6096 -2.4991 0.0, -0.6167 -2.5098 -0.1969, -0.6167 -2.5098 0.0, -0.6224 -2.5214 -0.1969, -0.6224 -2.5214 0.0, -0.6266 -2.5336 -0.1969, -0.6266 -2.5336 0.0, -0.6291 -2.5462 -0.1969, -0.6291 -2.5462 0.0, -0.6299 -2.5591 -0.1969, -0.6299 -2.5591 0.0, -0.6693 -2.5591 -0.1969, -0.6693 -2.5591 0.0, -0.6684 -2.5436 0.0, -0.6684 -2.5436 -0.1969, -0.6658 -2.5284 0.0, -0.6658 -2.5284 -0.1969, -0.6616 -2.5135 0.0, -0.6616 -2.5135 -0.1969, -0.6556 -2.4993 0.0, -0.6556 -2.4993 -0.1969, -0.6482 -2.4857 0.0, -0.6482 -2.4857 -0.1969, -0.6392 -2.4731 0.0, -0.6392 -2.4731 -0.1969, -0.6289 -2.4616 0.0, -0.6289 -2.4616 -0.1969, -0.6174 -2.4513 0.0, -0.6174 -2.4513 -0.1969, -0.6048 -2.4424 0.0, -0.6048 -2.4424 -0.1969, -0.5913 -2.4349 0.0, -0.5913 -2.4349 -0.1969, -0.577 -2.429 0.0, -0.577 -2.429 -0.1969, -0.5622 -2.4247 0.0, -0.5622 -2.4247 -0.1969, -0.5469 -2.4221 0.0, -0.5469 -2.4221 -0.1969, -0.5315 -2.4213 0.0, -0.5315 -2.4213 -0.1969, -0.5161 -2.4221 0.0, -0.5161 -2.4221 -0.1969, -0.5008 -2.4247 0.0, -0.5008 -2.4247 -0.1969, -0.486 -2.429 0.0, -0.486 -2.429 -0.1969, -0.4717 -2.4349 0.0, -0.4717 -2.4349 -0.1969, -0.4582 -2.4424 0.0, -0.4582 -2.4424 -0.1969, -0.4456 -2.4513 0.0, -0.4456 -2.4513 -0.1969, -0.4341 -2.4616 0.0, -0.4341 -2.4616 -0.1969, -0.4238 -2.4731 0.0, -0.4238 -2.4731 -0.1969, -0.4148 -2.4857 0.0, -0.4148 -2.4857 -0.1969, -0.4073 -2.4993 0.0, -0.4073 -2.4993 -0.1969, -0.4014 -2.5135 0.0, -0.4014 -2.5135 -0.1969, -0.3972 -2.5284 0.0, -0.3972 -2.5284 -0.1969, -0.3946 -2.5436 0.0, -0.3946 -2.5436 -0.1969, -0.3937 -2.5591 0.0, -0.3937 -2.5591 -0.1969, -0.7874 -2.5591 -0.1969, -0.7874 -2.5591 0.0, -0.7882 -2.5462 -0.1969, -0.7882 -2.5462 0.0, -0.7908 -2.5336 -0.1969, -0.7908 -2.5336 0.0, -0.7949 -2.5214 -0.1969, -0.7949 -2.5214 0.0, -0.8006 -2.5098 -0.1969, -0.8006 -2.5098 0.0, -0.8077 -2.4991 -0.1969, -0.8077 -2.4991 0.0, -0.8162 -2.4895 -0.1969, -0.8162 -2.4895 0.0, -0.8259 -2.481 -0.1969, -0.8259 -2.481 0.0, -0.8366 -2.4738 -0.1969, -0.8366 -2.4738 0.0, -0.8482 -2.4681 -0.1969, -0.8482 -2.4681 0.0, -0.8604 -2.464 -0.1969, -0.8604 -2.464 0.0, -0.873 -2.4615 -0.1969, -0.873 -2.4615 0.0, -0.8858 -2.4606 -0.1969, -0.8858 -2.4606 0.0, -0.8987 -2.4615 -0.1969, -0.8987 -2.4615 0.0, -0.9113 -2.464 -0.1969, -0.9113 -2.464 0.0, -0.9235 -2.4681 -0.1969, -0.9235 -2.4681 0.0, -0.935 -2.4738 -0.1969, -0.935 -2.4738 0.0, -0.9457 -2.481 -0.1969, -0.9457 -2.481 0.0, -0.9554 -2.4895 -0.1969, -0.9554 -2.4895 0.0, -0.9639 -2.4991 -0.1969, -0.9639 -2.4991 0.0, -0.9711 -2.5098 -0.1969, -0.9711 -2.5098 0.0, -0.9768 -2.5214 -0.1969, -0.9768 -2.5214 0.0, -0.9809 -2.5336 -0.1969, -0.9809 -2.5336 0.0, -0.9834 -2.5462 -0.1969, -0.9834 -2.5462 0.0, -0.9843 -2.5591 -0.1969, -0.9843 -2.5591 0.0, -1.0236 -2.5591 -0.1969, -1.0236 -2.5591 0.0, -1.0228 -2.5436 0.0, -1.0228 -2.5436 -0.1969, -1.0202 -2.5284 0.0, -1.0202 -2.5284 -0.1969, -1.0159 -2.5135 0.0, -1.0159 -2.5135 -0.1969, -1.01 -2.4993 0.0, -1.01 -2.4993 -0.1969, -1.0025 -2.4857 0.0, -1.0025 -2.4857 -0.1969, -0.9936 -2.4731 0.0, -0.9936 -2.4731 -0.1969, -0.9833 -2.4616 0.0, -0.9833 -2.4616 -0.1969, -0.9717 -2.4513 0.0, -0.9717 -2.4513 -0.1969, -0.9591 -2.4424 0.0, -0.9591 -2.4424 -0.1969, -0.9456 -2.4349 0.0, -0.9456 -2.4349 -0.1969, -0.9313 -2.429 0.0, -0.9313 -2.429 -0.1969, -0.9165 -2.4247 0.0, -0.9165 -2.4247 -0.1969, -0.9013 -2.4221 0.0, -0.9013 -2.4221 -0.1969, -0.8858 -2.4213 0.0, -0.8858 -2.4213 -0.1969, -0.8704 -2.4221 0.0, -0.8704 -2.4221 -0.1969, -0.8552 -2.4247 0.0, -0.8552 -2.4247 -0.1969, -0.8403 -2.429 0.0, -0.8403 -2.429 -0.1969, -0.826 -2.4349 0.0, -0.826 -2.4349 -0.1969, -0.8125 -2.4424 0.0, -0.8125 -2.4424 -0.1969, -0.7999 -2.4513 0.0, -0.7999 -2.4513 -0.1969, -0.7884 -2.4616 0.0, -0.7884 -2.4616 -0.1969, -0.7781 -2.4731 0.0, -0.7781 -2.4731 -0.1969, -0.7692 -2.4857 0.0, -0.7692 -2.4857 -0.1969, -0.7617 -2.4993 0.0, -0.7617 -2.4993 -0.1969, -0.7558 -2.5135 0.0, -0.7558 -2.5135 -0.1969, -0.7515 -2.5284 0.0, -0.7515 -2.5284 -0.1969, -0.7489 -2.5436 0.0, -0.7489 -2.5436 -0.1969, -0.748 -2.5591 0.0, -0.748 -2.5591 -0.1969, -1.1417 -2.5591 -0.1969, -1.1417 -2.5591 0.0, -1.1426 -2.5462 -0.1969, -1.1426 -2.5462 0.0, -1.1451 -2.5336 -0.1969, -1.1451 -2.5336 0.0, -1.1492 -2.5214 -0.1969, -1.1492 -2.5214 0.0, -1.1549 -2.5098 -0.1969, -1.1549 -2.5098 0.0, -1.1621 -2.4991 -0.1969, -1.1621 -2.4991 0.0, -1.1706 -2.4895 -0.1969, -1.1706 -2.4895 0.0, -1.1802 -2.481 -0.1969, -1.1802 -2.481 0.0, -1.1909 -2.4738 -0.1969, -1.1909 -2.4738 0.0, -1.2025 -2.4681 -0.1969, -1.2025 -2.4681 0.0, -1.2147 -2.464 -0.1969, -1.2147 -2.464 0.0, -1.2273 -2.4615 -0.1969, -1.2273 -2.4615 0.0, -1.2402 -2.4606 -0.1969, -1.2402 -2.4606 0.0, -1.253 -2.4615 -0.1969, -1.253 -2.4615 0.0, -1.2656 -2.464 -0.1969, -1.2656 -2.464 0.0, -1.2778 -2.4681 -0.1969, -1.2778 -2.4681 0.0, -1.2894 -2.4738 -0.1969, -1.2894 -2.4738 0.0, -1.3001 -2.481 -0.1969, -1.3001 -2.481 0.0, -1.3098 -2.4895 -0.1969, -1.3098 -2.4895 0.0, -1.3182 -2.4991 -0.1969, -1.3182 -2.4991 0.0, -1.3254 -2.5098 -0.1969, -1.3254 -2.5098 0.0, -1.3311 -2.5214 -0.1969, -1.3311 -2.5214 0.0, -1.3352 -2.5336 -0.1969, -1.3352 -2.5336 0.0, -1.3377 -2.5462 -0.1969, -1.3377 -2.5462 0.0, -1.3386 -2.5591 -0.1969, -1.3386 -2.5591 0.0, -1.378 -2.5591 -0.1969, -1.378 -2.5591 0.0, -1.3771 -2.5436 0.0, -1.3771 -2.5436 -0.1969, -1.3745 -2.5284 0.0, -1.3745 -2.5284 -0.1969, -1.3702 -2.5135 0.0, -1.3702 -2.5135 -0.1969, -1.3643 -2.4993 0.0, -1.3643 -2.4993 -0.1969, -1.3568 -2.4857 0.0, -1.3568 -2.4857 -0.1969, -1.3479 -2.4731 0.0, -1.3479 -2.4731 -0.1969, -1.3376 -2.4616 0.0, -1.3376 -2.4616 -0.1969, -1.3261 -2.4513 0.0, -1.3261 -2.4513 -0.1969, -1.3135 -2.4424 0.0, -1.3135 -2.4424 -0.1969, -1.2999 -2.4349 0.0, -1.2999 -2.4349 -0.1969, -1.2857 -2.429 0.0, -1.2857 -2.429 -0.1969, -1.2708 -2.4247 0.0, -1.2708 -2.4247 -0.1969, -1.2556 -2.4221 0.0, -1.2556 -2.4221 -0.1969, -1.2402 -2.4213 0.0, -1.2402 -2.4213 -0.1969, -1.2247 -2.4221 0.0, -1.2247 -2.4221 -0.1969, -1.2095 -2.4247 0.0, -1.2095 -2.4247 -0.1969, -1.1946 -2.429 0.0, -1.1946 -2.429 -0.1969, -1.1804 -2.4349 0.0, -1.1804 -2.4349 -0.1969, -1.1668 -2.4424 0.0, -1.1668 -2.4424 -0.1969, -1.1542 -2.4513 0.0, -1.1542 -2.4513 -0.1969, -1.1427 -2.4616 0.0, -1.1427 -2.4616 -0.1969, -1.1324 -2.4731 0.0, -1.1324 -2.4731 -0.1969, -1.1235 -2.4857 0.0, -1.1235 -2.4857 -0.1969, -1.116 -2.4993 0.0, -1.116 -2.4993 -0.1969, -1.1101 -2.5135 0.0, -1.1101 -2.5135 -0.1969, -1.1058 -2.5284 0.0, -1.1058 -2.5284 -0.1969, -1.1032 -2.5436 0.0, -1.1032 -2.5436 -0.1969, -1.1024 -2.5591 0.0, -1.1024 -2.5591 -0.1969, -1.4961 -2.5591 -0.1969, -1.4961 -2.5591 0.0, -1.4969 -2.5462 -0.1969, -1.4969 -2.5462 0.0, -1.4994 -2.5336 -0.1969, -1.4994 -2.5336 0.0, -1.5036 -2.5214 -0.1969, -1.5036 -2.5214 0.0, -1.5092 -2.5098 -0.1969, -1.5092 -2.5098 0.0, -1.5164 -2.4991 -0.1969, -1.5164 -2.4991 0.0, -1.5249 -2.4895 -0.1969, -1.5249 -2.4895 0.0, -1.5346 -2.481 -0.1969, -1.5346 -2.481 0.0, -1.5453 -2.4738 -0.1969, -1.5453 -2.4738 0.0, -1.5568 -2.4681 -0.1969, -1.5568 -2.4681 0.0, -1.569 -2.464 -0.1969, -1.569 -2.464 0.0, -1.5816 -2.4615 -0.1969, -1.5816 -2.4615 0.0, -1.5945 -2.4606 -0.1969, -1.5945 -2.4606 0.0, -1.6073 -2.4615 -0.1969, -1.6073 -2.4615 0.0, -1.62 -2.464 -0.1969, -1.62 -2.464 0.0, -1.6322 -2.4681 -0.1969, -1.6322 -2.4681 0.0, -1.6437 -2.4738 -0.1969, -1.6437 -2.4738 0.0, -1.6544 -2.481 -0.1969, -1.6544 -2.481 0.0, -1.6641 -2.4895 -0.1969, -1.6641 -2.4895 0.0, -1.6726 -2.4991 -0.1969, -1.6726 -2.4991 0.0, -1.6797 -2.5098 -0.1969, -1.6797 -2.5098 0.0, -1.6854 -2.5214 -0.1969, -1.6854 -2.5214 0.0, -1.6896 -2.5336 -0.1969, -1.6896 -2.5336 0.0, -1.6921 -2.5462 -0.1969, -1.6921 -2.5462 0.0, -1.6929 -2.5591 -0.1969, -1.6929 -2.5591 0.0, -1.7323 -2.5591 -0.1969, -1.7323 -2.5591 0.0, -1.7314 -2.5436 0.0, -1.7314 -2.5436 -0.1969, -1.7288 -2.5284 0.0, -1.7288 -2.5284 -0.1969, -1.7246 -2.5135 0.0, -1.7246 -2.5135 -0.1969, -1.7186 -2.4993 0.0, -1.7186 -2.4993 -0.1969, -1.7112 -2.4857 0.0, -1.7112 -2.4857 -0.1969, -1.7022 -2.4731 0.0, -1.7022 -2.4731 -0.1969, -1.6919 -2.4616 0.0, -1.6919 -2.4616 -0.1969, -1.6804 -2.4513 0.0, -1.6804 -2.4513 -0.1969, -1.6678 -2.4424 0.0, -1.6678 -2.4424 -0.1969, -1.6543 -2.4349 0.0, -1.6543 -2.4349 -0.1969, -1.64 -2.429 0.0, -1.64 -2.429 -0.1969, -1.6252 -2.4247 0.0, -1.6252 -2.4247 -0.1969, -1.6099 -2.4221 0.0, -1.6099 -2.4221 -0.1969, -1.5945 -2.4213 0.0, -1.5945 -2.4213 -0.1969, -1.5791 -2.4221 0.0, -1.5791 -2.4221 -0.1969, -1.5638 -2.4247 0.0, -1.5638 -2.4247 -0.1969, -1.549 -2.429 0.0, -1.549 -2.429 -0.1969, -1.5347 -2.4349 0.0, -1.5347 -2.4349 -0.1969, -1.5212 -2.4424 0.0, -1.5212 -2.4424 -0.1969, -1.5086 -2.4513 0.0, -1.5086 -2.4513 -0.1969, -1.4971 -2.4616 0.0, -1.4971 -2.4616 -0.1969, -1.4868 -2.4731 0.0, -1.4868 -2.4731 -0.1969, -1.4778 -2.4857 0.0, -1.4778 -2.4857 -0.1969, -1.4703 -2.4993 0.0, -1.4703 -2.4993 -0.1969, -1.4644 -2.5135 0.0, -1.4644 -2.5135 -0.1969, -1.4601 -2.5284 0.0, -1.4601 -2.5284 -0.1969, -1.4576 -2.5436 0.0, -1.4576 -2.5436 -0.1969, -1.4567 -2.5591 0.0, -1.4567 -2.5591 -0.1969, -1.8504 -2.5591 -0.1969, -1.8504 -2.5591 0.0, -1.8512 -2.5462 -0.1969, -1.8512 -2.5462 0.0, -1.8537 -2.5336 -0.1969, -1.8537 -2.5336 0.0, -1.8579 -2.5214 -0.1969, -1.8579 -2.5214 0.0, -1.8636 -2.5098 -0.1969, -1.8636 -2.5098 0.0, -1.8707 -2.4991 -0.1969, -1.8707 -2.4991 0.0, -1.8792 -2.4895 -0.1969, -1.8792 -2.4895 0.0, -1.8889 -2.481 -0.1969, -1.8889 -2.481 0.0, -1.8996 -2.4738 -0.1969, -1.8996 -2.4738 0.0, -1.9112 -2.4681 -0.1969, -1.9112 -2.4681 0.0, -1.9233 -2.464 -0.1969, -1.9233 -2.464 0.0, -1.936 -2.4615 -0.1969, -1.936 -2.4615 0.0, -1.9488 -2.4606 -0.1969, -1.9488 -2.4606 0.0, -1.9617 -2.4615 -0.1969, -1.9617 -2.4615 0.0, -1.9743 -2.464 -0.1969, -1.9743 -2.464 0.0, -1.9865 -2.4681 -0.1969, -1.9865 -2.4681 0.0, -1.998 -2.4738 -0.1969, -1.998 -2.4738 0.0, -2.0087 -2.481 -0.1969, -2.0087 -2.481 0.0, -2.0184 -2.4895 -0.1969, -2.0184 -2.4895 0.0, -2.0269 -2.4991 -0.1969, -2.0269 -2.4991 0.0, -2.0341 -2.5098 -0.1969, -2.0341 -2.5098 0.0, -2.0398 -2.5214 -0.1969, -2.0398 -2.5214 0.0, -2.0439 -2.5336 -0.1969, -2.0439 -2.5336 0.0, -2.0464 -2.5462 -0.1969, -2.0464 -2.5462 0.0, -2.0472 -2.5591 -0.1969, -2.0472 -2.5591 0.0, -2.0866 -2.5591 -0.1969, -2.0866 -2.5591 0.0, -2.0857 -2.5436 0.0, -2.0857 -2.5436 -0.1969, -2.0832 -2.5284 0.0, -2.0832 -2.5284 -0.1969, -2.0789 -2.5135 0.0, -2.0789 -2.5135 -0.1969, -2.073 -2.4993 0.0, -2.073 -2.4993 -0.1969, -2.0655 -2.4857 0.0, -2.0655 -2.4857 -0.1969, -2.0566 -2.4731 0.0, -2.0566 -2.4731 -0.1969, -2.0463 -2.4616 0.0, -2.0463 -2.4616 -0.1969, -2.0347 -2.4513 0.0, -2.0347 -2.4513 -0.1969, -2.0221 -2.4424 0.0, -2.0221 -2.4424 -0.1969, -2.0086 -2.4349 0.0, -2.0086 -2.4349 -0.1969, -1.9943 -2.429 0.0, -1.9943 -2.429 -0.1969, -1.9795 -2.4247 0.0, -1.9795 -2.4247 -0.1969, -1.9642 -2.4221 0.0, -1.9642 -2.4221 -0.1969, -1.9488 -2.4213 0.0, -1.9488 -2.4213 -0.1969, -1.9334 -2.4221 0.0, -1.9334 -2.4221 -0.1969, -1.9182 -2.4247 0.0, -1.9182 -2.4247 -0.1969, -1.9033 -2.429 0.0, -1.9033 -2.429 -0.1969, -1.889 -2.4349 0.0, -1.889 -2.4349 -0.1969, -1.8755 -2.4424 0.0, -1.8755 -2.4424 -0.1969, -1.8629 -2.4513 0.0, -1.8629 -2.4513 -0.1969, -1.8514 -2.4616 0.0, -1.8514 -2.4616 -0.1969, -1.8411 -2.4731 0.0, -1.8411 -2.4731 -0.1969, -1.8321 -2.4857 0.0, -1.8321 -2.4857 -0.1969, -1.8247 -2.4993 0.0, -1.8247 -2.4993 -0.1969, -1.8188 -2.5135 0.0, -1.8188 -2.5135 -0.1969, -1.8145 -2.5284 0.0, -1.8145 -2.5284 -0.1969, -1.8119 -2.5436 0.0, -1.8119 -2.5436 -0.1969, -1.811 -2.5591 0.0, -1.811 -2.5591 -0.1969, -2.4409 -2.5591 -0.1969, -2.4409 -2.5591 0.0, -2.4401 -2.5436 0.0, -2.4401 -2.5436 -0.1969, -2.4375 -2.5284 0.0, -2.4375 -2.5284 -0.1969, -2.4332 -2.5135 0.0, -2.4332 -2.5135 -0.1969, -2.4273 -2.4993 0.0, -2.4273 -2.4993 -0.1969, -2.4198 -2.4857 0.0, -2.4198 -2.4857 -0.1969, -2.4109 -2.4731 0.0, -2.4109 -2.4731 -0.1969, -2.4006 -2.4616 0.0, -2.4006 -2.4616 -0.1969, -2.3891 -2.4513 0.0, -2.3891 -2.4513 -0.1969, -2.3765 -2.4424 0.0, -2.3765 -2.4424 -0.1969, -2.3629 -2.4349 0.0, -2.3629 -2.4349 -0.1969, -2.3487 -2.429 0.0, -2.3487 -2.429 -0.1969, -2.3338 -2.4247 0.0, -2.3338 -2.4247 -0.1969, -2.3186 -2.4221 0.0, -2.3186 -2.4221 -0.1969, -2.3031 -2.4213 0.0, -2.3031 -2.4213 -0.1969, -2.2877 -2.4221 0.0, -2.2877 -2.4221 -0.1969, -2.2725 -2.4247 0.0, -2.2725 -2.4247 -0.1969, -2.2576 -2.429 0.0, -2.2576 -2.429 -0.1969, -2.2434 -2.4349 0.0, -2.2434 -2.4349 -0.1969, -2.2298 -2.4424 0.0, -2.2298 -2.4424 -0.1969, -2.2172 -2.4513 0.0, -2.2172 -2.4513 -0.1969, -2.2057 -2.4616 0.0, -2.2057 -2.4616 -0.1969, -2.1954 -2.4731 0.0, -2.1954 -2.4731 -0.1969, -2.1865 -2.4857 0.0, -2.1865 -2.4857 -0.1969, -2.179 -2.4993 0.0, -2.179 -2.4993 -0.1969, -2.1731 -2.5135 0.0, -2.1731 -2.5135 -0.1969, -2.1688 -2.5284 0.0, -2.1688 -2.5284 -0.1969, -2.1662 -2.5436 0.0, -2.1662 -2.5436 -0.1969, -2.1654 -2.5591 0.0, -2.1654 -2.5591 -0.1969, -2.2047 -2.5591 -0.1969, -2.2047 -2.5591 0.0, -2.2056 -2.5462 -0.1969, -2.2056 -2.5462 0.0, -2.2081 -2.5336 -0.1969, -2.2081 -2.5336 0.0, -2.2122 -2.5214 -0.1969, -2.2122 -2.5214 0.0, -2.2179 -2.5098 -0.1969, -2.2179 -2.5098 0.0, -2.2251 -2.4991 -0.1969, -2.2251 -2.4991 0.0, -2.2336 -2.4895 -0.1969, -2.2336 -2.4895 0.0, -2.2432 -2.481 -0.1969, -2.2432 -2.481 0.0, -2.2539 -2.4738 -0.1969, -2.2539 -2.4738 0.0, -2.2655 -2.4681 -0.1969, -2.2655 -2.4681 0.0, -2.2777 -2.464 -0.1969, -2.2777 -2.464 0.0, -2.2903 -2.4615 -0.1969, -2.2903 -2.4615 0.0, -2.3031 -2.4606 -0.1969, -2.3031 -2.4606 0.0, -2.316 -2.4615 -0.1969, -2.316 -2.4615 0.0, -2.3286 -2.464 -0.1969, -2.3286 -2.464 0.0, -2.3408 -2.4681 -0.1969, -2.3408 -2.4681 0.0, -2.3524 -2.4738 -0.1969, -2.3524 -2.4738 0.0, -2.3631 -2.481 -0.1969, -2.3631 -2.481 0.0, -2.3727 -2.4895 -0.1969, -2.3727 -2.4895 0.0, -2.3812 -2.4991 -0.1969, -2.3812 -2.4991 0.0, -2.3884 -2.5098 -0.1969, -2.3884 -2.5098 0.0, -2.3941 -2.5214 -0.1969, -2.3941 -2.5214 0.0, -2.3982 -2.5336 -0.1969, -2.3982 -2.5336 0.0, -2.4007 -2.5462 -0.1969, -2.4007 -2.5462 0.0, -2.4016 -2.5591 -0.1969, -2.4016 -2.5591 0.0, -2.9528 1.9094 -0.1969, -2.9528 1.9094 0.0, -2.9373 1.9086 0.0, -2.9373 1.9086 -0.1969, -2.9221 1.906 0.0, -2.9221 1.906 -0.1969, -2.9072 1.9017 0.0, -2.9072 1.9017 -0.1969, -2.893 1.8958 0.0, -2.893 1.8958 -0.1969, -2.8794 1.8883 0.0, -2.8794 1.8883 -0.1969, -2.8668 1.8794 0.0, -2.8668 1.8794 -0.1969, -2.8553 1.8691 0.0, -2.8553 1.8691 -0.1969, -2.845 1.8576 0.0, -2.845 1.8576 -0.1969, -2.8361 1.845 0.0, -2.8361 1.845 -0.1969, -2.8286 1.8314 0.0, -2.8286 1.8314 -0.1969, -2.8227 1.8172 0.0, -2.8227 1.8172 -0.1969, -2.8184 1.8023 0.0, -2.8184 1.8023 -0.1969, -2.8158 1.7871 0.0, -2.8158 1.7871 -0.1969, -2.815 1.7717 0.0, -2.815 1.7717 -0.1969, -2.8158 1.7562 0.0, -2.8158 1.7562 -0.1969, -2.8184 1.741 0.0, -2.8184 1.741 -0.1969, -2.8227 1.7261 0.0, -2.8227 1.7261 -0.1969, -2.8286 1.7119 0.0, -2.8286 1.7119 -0.1969, -2.8361 1.6983 0.0, -2.8361 1.6983 -0.1969, -2.845 1.6857 0.0, -2.845 1.6857 -0.1969, -2.8553 1.6742 0.0, -2.8553 1.6742 -0.1969, -2.8668 1.6639 0.0, -2.8668 1.6639 -0.1969, -2.8794 1.655 0.0, -2.8794 1.655 -0.1969, -2.893 1.6475 0.0, -2.893 1.6475 -0.1969, -2.9072 1.6416 0.0, -2.9072 1.6416 -0.1969, -2.9221 1.6373 0.0, -2.9221 1.6373 -0.1969, -2.9373 1.6347 0.0, -2.9373 1.6347 -0.1969, -2.9528 1.6339 0.0, -2.9528 1.6339 -0.1969, -2.9528 1.6732 -0.1969, -2.9528 1.6732 0.0, -2.9399 1.6741 -0.1969, -2.9399 1.6741 0.0, -2.9273 1.6766 -0.1969, -2.9273 1.6766 0.0, -2.9151 1.6807 -0.1969, -2.9151 1.6807 0.0, -2.9035 1.6864 -0.1969, -2.9035 1.6864 0.0, -2.8928 1.6936 -0.1969, -2.8928 1.6936 0.0, -2.8832 1.7021 -0.1969, -2.8832 1.7021 0.0, -2.8747 1.7117 -0.1969, -2.8747 1.7117 0.0, -2.8675 1.7224 -0.1969, -2.8675 1.7224 0.0, -2.8618 1.734 -0.1969, -2.8618 1.734 0.0, -2.8577 1.7462 -0.1969, -2.8577 1.7462 0.0, -2.8552 1.7588 -0.1969, -2.8552 1.7588 0.0, -2.8543 1.7717 -0.1969, -2.8543 1.7717 0.0, -2.8552 1.7845 -0.1969, -2.8552 1.7845 0.0, -2.8577 1.7971 -0.1969, -2.8577 1.7971 0.0, -2.8618 1.8093 -0.1969, -2.8618 1.8093 0.0, -2.8675 1.8209 -0.1969, -2.8675 1.8209 0.0, -2.8747 1.8316 -0.1969, -2.8747 1.8316 0.0, -2.8832 1.8413 -0.1969, -2.8832 1.8413 0.0, -2.8928 1.8497 -0.1969, -2.8928 1.8497 0.0, -2.9035 1.8569 -0.1969, -2.9035 1.8569 0.0, -2.9151 1.8626 -0.1969, -2.9151 1.8626 0.0, -2.9273 1.8667 -0.1969, -2.9273 1.8667 0.0, -2.9399 1.8692 -0.1969, -2.9399 1.8692 0.0, -2.9528 1.8701 -0.1969, -2.9528 1.8701 0.0, -2.9528 1.5551 -0.1969, -2.9528 1.5551 0.0, -2.9373 1.5543 0.0, -2.9373 1.5543 -0.1969, -2.9221 1.5517 0.0, -2.9221 1.5517 -0.1969, -2.9072 1.5474 0.0, -2.9072 1.5474 -0.1969, -2.893 1.5415 0.0, -2.893 1.5415 -0.1969, -2.8794 1.534 0.0, -2.8794 1.534 -0.1969, -2.8668 1.5251 0.0, -2.8668 1.5251 -0.1969, -2.8553 1.5148 0.0, -2.8553 1.5148 -0.1969, -2.845 1.5032 0.0, -2.845 1.5032 -0.1969, -2.8361 1.4906 0.0, -2.8361 1.4906 -0.1969, -2.8286 1.4771 0.0, -2.8286 1.4771 -0.1969, -2.8227 1.4628 0.0, -2.8227 1.4628 -0.1969, -2.8184 1.448 0.0, -2.8184 1.448 -0.1969, -2.8158 1.4328 0.0, -2.8158 1.4328 -0.1969, -2.815 1.4173 0.0, -2.815 1.4173 -0.1969, -2.8158 1.4019 0.0, -2.8158 1.4019 -0.1969, -2.8184 1.3867 0.0, -2.8184 1.3867 -0.1969, -2.8227 1.3718 0.0, -2.8227 1.3718 -0.1969, -2.8286 1.3575 0.0, -2.8286 1.3575 -0.1969, -2.8361 1.344 0.0, -2.8361 1.344 -0.1969, -2.845 1.3314 0.0, -2.845 1.3314 -0.1969, -2.8553 1.3199 0.0, -2.8553 1.3199 -0.1969, -2.8668 1.3096 0.0, -2.8668 1.3096 -0.1969, -2.8794 1.3006 0.0, -2.8794 1.3006 -0.1969, -2.893 1.2932 0.0, -2.893 1.2932 -0.1969, -2.9072 1.2873 0.0, -2.9072 1.2873 -0.1969, -2.9221 1.283 0.0, -2.9221 1.283 -0.1969, -2.9373 1.2804 0.0, -2.9373 1.2804 -0.1969, -2.9528 1.2795 0.0, -2.9528 1.2795 -0.1969, -2.9528 1.3189 -0.1969, -2.9528 1.3189 0.0, -2.9399 1.3197 -0.1969, -2.9399 1.3197 0.0, -2.9273 1.3223 -0.1969, -2.9273 1.3223 0.0, -2.9151 1.3264 -0.1969, -2.9151 1.3264 0.0, -2.9035 1.3321 -0.1969, -2.9035 1.3321 0.0, -2.8928 1.3392 -0.1969, -2.8928 1.3392 0.0, -2.8832 1.3477 -0.1969, -2.8832 1.3477 0.0, -2.8747 1.3574 -0.1969, -2.8747 1.3574 0.0, -2.8675 1.3681 -0.1969, -2.8675 1.3681 0.0, -2.8618 1.3797 -0.1969, -2.8618 1.3797 0.0, -2.8577 1.3918 -0.1969, -2.8577 1.3918 0.0, -2.8552 1.4045 -0.1969, -2.8552 1.4045 0.0, -2.8543 1.4173 -0.1969, -2.8543 1.4173 0.0, -2.8552 1.4302 -0.1969, -2.8552 1.4302 0.0, -2.8577 1.4428 -0.1969, -2.8577 1.4428 0.0, -2.8618 1.455 -0.1969, -2.8618 1.455 0.0, -2.8675 1.4665 -0.1969, -2.8675 1.4665 0.0, -2.8747 1.4772 -0.1969, -2.8747 1.4772 0.0, -2.8832 1.4869 -0.1969, -2.8832 1.4869 0.0, -2.8928 1.4954 -0.1969, -2.8928 1.4954 0.0, -2.9035 1.5026 -0.1969, -2.9035 1.5026 0.0, -2.9151 1.5083 -0.1969, -2.9151 1.5083 0.0, -2.9273 1.5124 -0.1969, -2.9273 1.5124 0.0, -2.9399 1.5149 -0.1969, -2.9399 1.5149 0.0, -2.9528 1.5157 -0.1969, -2.9528 1.5157 0.0, -2.9528 1.2008 -0.1969, -2.9528 1.2008 0.0, -2.9373 1.1999 0.0, -2.9373 1.1999 -0.1969, -2.9221 1.1973 0.0, -2.9221 1.1973 -0.1969, -2.9072 1.1931 0.0, -2.9072 1.1931 -0.1969, -2.893 1.1871 0.0, -2.893 1.1871 -0.1969, -2.8794 1.1797 0.0, -2.8794 1.1797 -0.1969, -2.8668 1.1707 0.0, -2.8668 1.1707 -0.1969, -2.8553 1.1604 0.0, -2.8553 1.1604 -0.1969, -2.845 1.1489 0.0, -2.845 1.1489 -0.1969, -2.8361 1.1363 0.0, -2.8361 1.1363 -0.1969, -2.8286 1.1228 0.0, -2.8286 1.1228 -0.1969, -2.8227 1.1085 0.0, -2.8227 1.1085 -0.1969, -2.8184 1.0937 0.0, -2.8184 1.0937 -0.1969, -2.8158 1.0784 0.0, -2.8158 1.0784 -0.1969, -2.815 1.063 0.0, -2.815 1.063 -0.1969, -2.8158 1.0476 0.0, -2.8158 1.0476 -0.1969, -2.8184 1.0323 0.0, -2.8184 1.0323 -0.1969, -2.8227 1.0175 0.0, -2.8227 1.0175 -0.1969, -2.8286 1.0032 0.0, -2.8286 1.0032 -0.1969, -2.8361 0.9897 0.0, -2.8361 0.9897 -0.1969, -2.845 0.9771 0.0, -2.845 0.9771 -0.1969, -2.8553 0.9656 0.0, -2.8553 0.9656 -0.1969, -2.8668 0.9553 0.0, -2.8668 0.9553 -0.1969, -2.8794 0.9463 0.0, -2.8794 0.9463 -0.1969, -2.893 0.9388 0.0, -2.893 0.9388 -0.1969, -2.9072 0.9329 0.0, -2.9072 0.9329 -0.1969, -2.9221 0.9287 0.0, -2.9221 0.9287 -0.1969, -2.9373 0.9261 0.0, -2.9373 0.9261 -0.1969, -2.9528 0.9252 0.0, -2.9528 0.9252 -0.1969, -2.9528 0.9646 -0.1969, -2.9528 0.9646 0.0, -2.9399 0.9654 -0.1969, -2.9399 0.9654 0.0, -2.9273 0.9679 -0.1969, -2.9273 0.9679 0.0, -2.9151 0.9721 -0.1969, -2.9151 0.9721 0.0, -2.9035 0.9778 -0.1969, -2.9035 0.9778 0.0, -2.8928 0.9849 -0.1969, -2.8928 0.9849 0.0, -2.8832 0.9934 -0.1969, -2.8832 0.9934 0.0, -2.8747 1.0031 -0.1969, -2.8747 1.0031 0.0, -2.8675 1.0138 -0.1969, -2.8675 1.0138 0.0, -2.8618 1.0253 -0.1969, -2.8618 1.0253 0.0, -2.8577 1.0375 -0.1969, -2.8577 1.0375 0.0, -2.8552 1.0501 -0.1969, -2.8552 1.0501 0.0, -2.8543 1.063 -0.1969, -2.8543 1.063 0.0, -2.8552 1.0758 -0.1969, -2.8552 1.0758 0.0, -2.8577 1.0885 -0.1969, -2.8577 1.0885 0.0, -2.8618 1.1007 -0.1969, -2.8618 1.1007 0.0, -2.8675 1.1122 -0.1969, -2.8675 1.1122 0.0, -2.8747 1.1229 -0.1969, -2.8747 1.1229 0.0, -2.8832 1.1326 -0.1969, -2.8832 1.1326 0.0, -2.8928 1.1411 -0.1969, -2.8928 1.1411 0.0, -2.9035 1.1482 -0.1969, -2.9035 1.1482 0.0, -2.9151 1.1539 -0.1969, -2.9151 1.1539 0.0, -2.9273 1.1581 -0.1969, -2.9273 1.1581 0.0, -2.9399 1.1606 -0.1969, -2.9399 1.1606 0.0, -2.9528 1.1614 -0.1969, -2.9528 1.1614 0.0, -2.9528 0.8465 -0.1969, -2.9528 0.8465 0.0, -2.9373 0.8456 0.0, -2.9373 0.8456 -0.1969, -2.9221 0.843 0.0, -2.9221 0.843 -0.1969, -2.9072 0.8387 0.0, -2.9072 0.8387 -0.1969, -2.893 0.8328 0.0, -2.893 0.8328 -0.1969, -2.8794 0.8253 0.0, -2.8794 0.8253 -0.1969, -2.8668 0.8164 0.0, -2.8668 0.8164 -0.1969, -2.8553 0.8061 0.0, -2.8553 0.8061 -0.1969, -2.845 0.7946 0.0, -2.845 0.7946 -0.1969, -2.8361 0.782 0.0, -2.8361 0.782 -0.1969, -2.8286 0.7684 0.0, -2.8286 0.7684 -0.1969, -2.8227 0.7542 0.0, -2.8227 0.7542 -0.1969, -2.8184 0.7393 0.0, -2.8184 0.7393 -0.1969, -2.8158 0.7241 0.0, -2.8158 0.7241 -0.1969, -2.815 0.7087 0.0, -2.815 0.7087 -0.1969, -2.8158 0.6932 0.0, -2.8158 0.6932 -0.1969, -2.8184 0.678 0.0, -2.8184 0.678 -0.1969, -2.8227 0.6632 0.0, -2.8227 0.6632 -0.1969, -2.8286 0.6489 0.0, -2.8286 0.6489 -0.1969, -2.8361 0.6353 0.0, -2.8361 0.6353 -0.1969, -2.845 0.6227 0.0, -2.845 0.6227 -0.1969, -2.8553 0.6112 0.0, -2.8553 0.6112 -0.1969, -2.8668 0.6009 0.0, -2.8668 0.6009 -0.1969, -2.8794 0.592 0.0, -2.8794 0.592 -0.1969, -2.893 0.5845 0.0, -2.893 0.5845 -0.1969, -2.9072 0.5786 0.0, -2.9072 0.5786 -0.1969, -2.9221 0.5743 0.0, -2.9221 0.5743 -0.1969, -2.9373 0.5717 0.0, -2.9373 0.5717 -0.1969, -2.9528 0.5709 0.0, -2.9528 0.5709 -0.1969, -2.9528 0.6102 -0.1969, -2.9528 0.6102 0.0, -2.9399 0.6111 -0.1969, -2.9399 0.6111 0.0, -2.9273 0.6136 -0.1969, -2.9273 0.6136 0.0, -2.9151 0.6177 -0.1969, -2.9151 0.6177 0.0, -2.9035 0.6234 -0.1969, -2.9035 0.6234 0.0, -2.8928 0.6306 -0.1969, -2.8928 0.6306 0.0, -2.8832 0.6391 -0.1969, -2.8832 0.6391 0.0, -2.8747 0.6487 -0.1969, -2.8747 0.6487 0.0, -2.8675 0.6594 -0.1969, -2.8675 0.6594 0.0, -2.8618 0.671 -0.1969, -2.8618 0.671 0.0, -2.8577 0.6832 -0.1969, -2.8577 0.6832 0.0, -2.8552 0.6958 -0.1969, -2.8552 0.6958 0.0, -2.8543 0.7087 -0.1969, -2.8543 0.7087 0.0, -2.8552 0.7215 -0.1969, -2.8552 0.7215 0.0, -2.8577 0.7341 -0.1969, -2.8577 0.7341 0.0, -2.8618 0.7463 -0.1969, -2.8618 0.7463 0.0, -2.8675 0.7579 -0.1969, -2.8675 0.7579 0.0, -2.8747 0.7686 -0.1969, -2.8747 0.7686 0.0, -2.8832 0.7783 -0.1969, -2.8832 0.7783 0.0, -2.8928 0.7867 -0.1969, -2.8928 0.7867 0.0, -2.9035 0.7939 -0.1969, -2.9035 0.7939 0.0, -2.9151 0.7996 -0.1969, -2.9151 0.7996 0.0, -2.9273 0.8037 -0.1969, -2.9273 0.8037 0.0, -2.9399 0.8062 -0.1969, -2.9399 0.8062 0.0, -2.9528 0.8071 -0.1969, -2.9528 0.8071 0.0, -2.9528 0.4921 -0.1969, -2.9528 0.4921 0.0, -2.9373 0.4913 0.0, -2.9373 0.4913 -0.1969, -2.9221 0.4887 0.0, -2.9221 0.4887 -0.1969, -2.9072 0.4844 0.0, -2.9072 0.4844 -0.1969, -2.893 0.4785 0.0, -2.893 0.4785 -0.1969, -2.8794 0.471 0.0, -2.8794 0.471 -0.1969, -2.8668 0.4621 0.0, -2.8668 0.4621 -0.1969, -2.8553 0.4518 0.0, -2.8553 0.4518 -0.1969, -2.845 0.4402 0.0, -2.845 0.4402 -0.1969, -2.8361 0.4276 0.0, -2.8361 0.4276 -0.1969, -2.8286 0.4141 0.0, -2.8286 0.4141 -0.1969, -2.8227 0.3998 0.0, -2.8227 0.3998 -0.1969, -2.8184 0.385 0.0, -2.8184 0.385 -0.1969, -2.8158 0.3698 0.0, -2.8158 0.3698 -0.1969, -2.815 0.3543 0.0, -2.815 0.3543 -0.1969, -2.8158 0.3389 0.0, -2.8158 0.3389 -0.1969, -2.8184 0.3237 0.0, -2.8184 0.3237 -0.1969, -2.8227 0.3088 0.0, -2.8227 0.3088 -0.1969, -2.8286 0.2945 0.0, -2.8286 0.2945 -0.1969, -2.8361 0.281 0.0, -2.8361 0.281 -0.1969, -2.845 0.2684 0.0, -2.845 0.2684 -0.1969, -2.8553 0.2569 0.0, -2.8553 0.2569 -0.1969, -2.8668 0.2466 0.0, -2.8668 0.2466 -0.1969, -2.8794 0.2377 0.0, -2.8794 0.2377 -0.1969, -2.893 0.2302 0.0, -2.893 0.2302 -0.1969, -2.9072 0.2243 0.0, -2.9072 0.2243 -0.1969, -2.9221 0.22 0.0, -2.9221 0.22 -0.1969, -2.9373 0.2174 0.0, -2.9373 0.2174 -0.1969, -2.9528 0.2165 0.0, -2.9528 0.2165 -0.1969, -2.9528 0.2559 -0.1969, -2.9528 0.2559 0.0, -2.9399 0.2567 -0.1969, -2.9399 0.2567 0.0, -2.9273 0.2593 -0.1969, -2.9273 0.2593 0.0, -2.9151 0.2634 -0.1969, -2.9151 0.2634 0.0, -2.9035 0.2691 -0.1969, -2.9035 0.2691 0.0, -2.8928 0.2762 -0.1969, -2.8928 0.2762 0.0, -2.8832 0.2847 -0.1969, -2.8832 0.2847 0.0, -2.8747 0.2944 -0.1969, -2.8747 0.2944 0.0, -2.8675 0.3051 -0.1969, -2.8675 0.3051 0.0, -2.8618 0.3167 -0.1969, -2.8618 0.3167 0.0, -2.8577 0.3289 -0.1969, -2.8577 0.3289 0.0, -2.8552 0.3415 -0.1969, -2.8552 0.3415 0.0, -2.8543 0.3543 -0.1969, -2.8543 0.3543 0.0, -2.8552 0.3672 -0.1969, -2.8552 0.3672 0.0, -2.8577 0.3798 -0.1969, -2.8577 0.3798 0.0, -2.8618 0.392 -0.1969, -2.8618 0.392 0.0, -2.8675 0.4035 -0.1969, -2.8675 0.4035 0.0, -2.8747 0.4142 -0.1969, -2.8747 0.4142 0.0, -2.8832 0.4239 -0.1969, -2.8832 0.4239 0.0, -2.8928 0.4324 -0.1969, -2.8928 0.4324 0.0, -2.9035 0.4396 -0.1969, -2.9035 0.4396 0.0, -2.9151 0.4453 -0.1969, -2.9151 0.4453 0.0, -2.9273 0.4494 -0.1969, -2.9273 0.4494 0.0, -2.9399 0.4519 -0.1969, -2.9399 0.4519 0.0, -2.9528 0.4528 -0.1969, -2.9528 0.4528 0.0, -2.9528 0.1378 -0.1969, -2.9528 0.1378 0.0, -2.9373 0.1369 0.0, -2.9373 0.1369 -0.1969, -2.9221 0.1343 0.0, -2.9221 0.1343 -0.1969, -2.9072 0.1301 0.0, -2.9072 0.1301 -0.1969, -2.893 0.1241 0.0, -2.893 0.1241 -0.1969, -2.8794 0.1167 0.0, -2.8794 0.1167 -0.1969, -2.8668 0.1077 0.0, -2.8668 0.1077 -0.1969, -2.8553 0.0974 0.0, -2.8553 0.0974 -0.1969, -2.845 0.0859 0.0, -2.845 0.0859 -0.1969, -2.8361 0.0733 0.0, -2.8361 0.0733 -0.1969, -2.8286 0.0598 0.0, -2.8286 0.0598 -0.1969, -2.8227 0.0455 0.0, -2.8227 0.0455 -0.1969, -2.8184 0.0307 0.0, -2.8184 0.0307 -0.1969, -2.8158 0.0154 0.0, -2.8158 0.0154 -0.1969, -2.815 0.0 0.0, -2.815 0.0 -0.1969, -2.8158 -0.0154 0.0, -2.8158 -0.0154 -0.1969, -2.8184 -0.0307 0.0, -2.8184 -0.0307 -0.1969, -2.8227 -0.0455 0.0, -2.8227 -0.0455 -0.1969, -2.8286 -0.0598 0.0, -2.8286 -0.0598 -0.1969, -2.8361 -0.0733 0.0, -2.8361 -0.0733 -0.1969, -2.845 -0.0859 0.0, -2.845 -0.0859 -0.1969, -2.8553 -0.0974 0.0, -2.8553 -0.0974 -0.1969, -2.8668 -0.1077 0.0, -2.8668 -0.1077 -0.1969, -2.8794 -0.1167 0.0, -2.8794 -0.1167 -0.1969, -2.893 -0.1241 0.0, -2.893 -0.1241 -0.1969, -2.9072 -0.1301 0.0, -2.9072 -0.1301 -0.1969, -2.9221 -0.1343 0.0, -2.9221 -0.1343 -0.1969, -2.9373 -0.1369 0.0, -2.9373 -0.1369 -0.1969, -2.9528 -0.1378 0.0, -2.9528 -0.1378 -0.1969, -2.9528 -0.0984 -0.1969, -2.9528 -0.0984 0.0, -2.9399 -0.0976 -0.1969, -2.9399 -0.0976 0.0, -2.9273 -0.0951 -0.1969, -2.9273 -0.0951 0.0, -2.9151 -0.0909 -0.1969, -2.9151 -0.0909 0.0, -2.9035 -0.0852 -0.1969, -2.9035 -0.0852 0.0, -2.8928 -0.0781 -0.1969, -2.8928 -0.0781 0.0, -2.8832 -0.0696 -0.1969, -2.8832 -0.0696 0.0, -2.8747 -0.0599 -0.1969, -2.8747 -0.0599 0.0, -2.8675 -0.0492 -0.1969, -2.8675 -0.0492 0.0, -2.8618 -0.0377 -0.1969, -2.8618 -0.0377 0.0, -2.8577 -0.0255 -0.1969, -2.8577 -0.0255 0.0, -2.8552 -0.0128 -0.1969, -2.8552 -0.0128 0.0, -2.8543 0.0 -0.1969, -2.8543 0.0 0.0, -2.8552 0.0128 -0.1969, -2.8552 0.0128 0.0, -2.8577 0.0255 -0.1969, -2.8577 0.0255 0.0, -2.8618 0.0377 -0.1969, -2.8618 0.0377 0.0, -2.8675 0.0492 -0.1969, -2.8675 0.0492 0.0, -2.8747 0.0599 -0.1969, -2.8747 0.0599 0.0, -2.8832 0.0696 -0.1969, -2.8832 0.0696 0.0, -2.8928 0.0781 -0.1969, -2.8928 0.0781 0.0, -2.9035 0.0852 -0.1969, -2.9035 0.0852 0.0, -2.9151 0.0909 -0.1969, -2.9151 0.0909 0.0, -2.9273 0.0951 -0.1969, -2.9273 0.0951 0.0, -2.9399 0.0976 -0.1969, -2.9399 0.0976 0.0, -2.9528 0.0984 -0.1969, -2.9528 0.0984 0.0, -2.9528 -0.2165 -0.1969, -2.9528 -0.2165 0.0, -2.9373 -0.2174 0.0, -2.9373 -0.2174 -0.1969, -2.9221 -0.22 0.0, -2.9221 -0.22 -0.1969, -2.9072 -0.2243 0.0, -2.9072 -0.2243 -0.1969, -2.893 -0.2302 0.0, -2.893 -0.2302 -0.1969, -2.8794 -0.2377 0.0, -2.8794 -0.2377 -0.1969, -2.8668 -0.2466 0.0, -2.8668 -0.2466 -0.1969, -2.8553 -0.2569 0.0, -2.8553 -0.2569 -0.1969, -2.845 -0.2684 0.0, -2.845 -0.2684 -0.1969, -2.8361 -0.281 0.0, -2.8361 -0.281 -0.1969, -2.8286 -0.2945 0.0, -2.8286 -0.2945 -0.1969, -2.8227 -0.3088 0.0, -2.8227 -0.3088 -0.1969, -2.8184 -0.3237 0.0, -2.8184 -0.3237 -0.1969, -2.8158 -0.3389 0.0, -2.8158 -0.3389 -0.1969, -2.815 -0.3543 0.0, -2.815 -0.3543 -0.1969, -2.8158 -0.3698 0.0, -2.8158 -0.3698 -0.1969, -2.8184 -0.385 0.0, -2.8184 -0.385 -0.1969, -2.8227 -0.3998 0.0, -2.8227 -0.3998 -0.1969, -2.8286 -0.4141 0.0, -2.8286 -0.4141 -0.1969, -2.8361 -0.4276 0.0, -2.8361 -0.4276 -0.1969, -2.845 -0.4402 0.0, -2.845 -0.4402 -0.1969, -2.8553 -0.4518 0.0, -2.8553 -0.4518 -0.1969, -2.8668 -0.4621 0.0, -2.8668 -0.4621 -0.1969, -2.8794 -0.471 0.0, -2.8794 -0.471 -0.1969, -2.893 -0.4785 0.0, -2.893 -0.4785 -0.1969, -2.9072 -0.4844 0.0, -2.9072 -0.4844 -0.1969, -2.9221 -0.4887 0.0, -2.9221 -0.4887 -0.1969, -2.9373 -0.4913 0.0, -2.9373 -0.4913 -0.1969, -2.9528 -0.4921 0.0, -2.9528 -0.4921 -0.1969, -2.9528 -0.4528 -0.1969, -2.9528 -0.4528 0.0, -2.9399 -0.4519 -0.1969, -2.9399 -0.4519 0.0, -2.9273 -0.4494 -0.1969, -2.9273 -0.4494 0.0, -2.9151 -0.4453 -0.1969, -2.9151 -0.4453 0.0, -2.9035 -0.4396 -0.1969, -2.9035 -0.4396 0.0, -2.8928 -0.4324 -0.1969, -2.8928 -0.4324 0.0, -2.8832 -0.4239 -0.1969, -2.8832 -0.4239 0.0, -2.8747 -0.4142 -0.1969, -2.8747 -0.4142 0.0, -2.8675 -0.4035 -0.1969, -2.8675 -0.4035 0.0, -2.8618 -0.392 -0.1969, -2.8618 -0.392 0.0, -2.8577 -0.3798 -0.1969, -2.8577 -0.3798 0.0, -2.8552 -0.3672 -0.1969, -2.8552 -0.3672 0.0, -2.8543 -0.3543 -0.1969, -2.8543 -0.3543 0.0, -2.8552 -0.3415 -0.1969, -2.8552 -0.3415 0.0, -2.8577 -0.3289 -0.1969, -2.8577 -0.3289 0.0, -2.8618 -0.3167 -0.1969, -2.8618 -0.3167 0.0, -2.8675 -0.3051 -0.1969, -2.8675 -0.3051 0.0, -2.8747 -0.2944 -0.1969, -2.8747 -0.2944 0.0, -2.8832 -0.2847 -0.1969, -2.8832 -0.2847 0.0, -2.8928 -0.2762 -0.1969, -2.8928 -0.2762 0.0, -2.9035 -0.2691 -0.1969, -2.9035 -0.2691 0.0, -2.9151 -0.2634 -0.1969, -2.9151 -0.2634 0.0, -2.9273 -0.2593 -0.1969, -2.9273 -0.2593 0.0, -2.9399 -0.2567 -0.1969, -2.9399 -0.2567 0.0, -2.9528 -0.2559 -0.1969, -2.9528 -0.2559 0.0, -2.9528 -0.5709 -0.1969, -2.9528 -0.5709 0.0, -2.9373 -0.5717 0.0, -2.9373 -0.5717 -0.1969, -2.9221 -0.5743 0.0, -2.9221 -0.5743 -0.1969, -2.9072 -0.5786 0.0, -2.9072 -0.5786 -0.1969, -2.893 -0.5845 0.0, -2.893 -0.5845 -0.1969, -2.8794 -0.592 0.0, -2.8794 -0.592 -0.1969, -2.8668 -0.6009 0.0, -2.8668 -0.6009 -0.1969, -2.8553 -0.6112 0.0, -2.8553 -0.6112 -0.1969, -2.845 -0.6227 0.0, -2.845 -0.6227 -0.1969, -2.8361 -0.6353 0.0, -2.8361 -0.6353 -0.1969, -2.8286 -0.6489 0.0, -2.8286 -0.6489 -0.1969, -2.8227 -0.6632 0.0, -2.8227 -0.6632 -0.1969, -2.8184 -0.678 0.0, -2.8184 -0.678 -0.1969, -2.8158 -0.6932 0.0, -2.8158 -0.6932 -0.1969, -2.815 -0.7087 0.0, -2.815 -0.7087 -0.1969, -2.8158 -0.7241 0.0, -2.8158 -0.7241 -0.1969, -2.8184 -0.7393 0.0, -2.8184 -0.7393 -0.1969, -2.8227 -0.7542 0.0, -2.8227 -0.7542 -0.1969, -2.8286 -0.7684 0.0, -2.8286 -0.7684 -0.1969, -2.8361 -0.782 0.0, -2.8361 -0.782 -0.1969, -2.845 -0.7946 0.0, -2.845 -0.7946 -0.1969, -2.8553 -0.8061 0.0, -2.8553 -0.8061 -0.1969, -2.8668 -0.8164 0.0, -2.8668 -0.8164 -0.1969, -2.8794 -0.8253 0.0, -2.8794 -0.8253 -0.1969, -2.893 -0.8328 0.0, -2.893 -0.8328 -0.1969, -2.9072 -0.8387 0.0, -2.9072 -0.8387 -0.1969, -2.9221 -0.843 0.0, -2.9221 -0.843 -0.1969, -2.9373 -0.8456 0.0, -2.9373 -0.8456 -0.1969, -2.9528 -0.8465 0.0, -2.9528 -0.8465 -0.1969, -2.9528 -0.8071 -0.1969, -2.9528 -0.8071 0.0, -2.9399 -0.8062 -0.1969, -2.9399 -0.8062 0.0, -2.9273 -0.8037 -0.1969, -2.9273 -0.8037 0.0, -2.9151 -0.7996 -0.1969, -2.9151 -0.7996 0.0, -2.9035 -0.7939 -0.1969, -2.9035 -0.7939 0.0, -2.8928 -0.7867 -0.1969, -2.8928 -0.7867 0.0, -2.8832 -0.7783 -0.1969, -2.8832 -0.7783 0.0, -2.8747 -0.7686 -0.1969, -2.8747 -0.7686 0.0, -2.8675 -0.7579 -0.1969, -2.8675 -0.7579 0.0, -2.8618 -0.7463 -0.1969, -2.8618 -0.7463 0.0, -2.8577 -0.7341 -0.1969, -2.8577 -0.7341 0.0, -2.8552 -0.7215 -0.1969, -2.8552 -0.7215 0.0, -2.8543 -0.7087 -0.1969, -2.8543 -0.7087 0.0, -2.8552 -0.6958 -0.1969, -2.8552 -0.6958 0.0, -2.8577 -0.6832 -0.1969, -2.8577 -0.6832 0.0, -2.8618 -0.671 -0.1969, -2.8618 -0.671 0.0, -2.8675 -0.6594 -0.1969, -2.8675 -0.6594 0.0, -2.8747 -0.6487 -0.1969, -2.8747 -0.6487 0.0, -2.8832 -0.6391 -0.1969, -2.8832 -0.6391 0.0, -2.8928 -0.6306 -0.1969, -2.8928 -0.6306 0.0, -2.9035 -0.6234 -0.1969, -2.9035 -0.6234 0.0, -2.9151 -0.6177 -0.1969, -2.9151 -0.6177 0.0, -2.9273 -0.6136 -0.1969, -2.9273 -0.6136 0.0, -2.9399 -0.6111 -0.1969, -2.9399 -0.6111 0.0, -2.9528 -0.6102 -0.1969, -2.9528 -0.6102 0.0, -2.9528 -0.9252 -0.1969, -2.9528 -0.9252 0.0, -2.9373 -0.9261 0.0, -2.9373 -0.9261 -0.1969, -2.9221 -0.9287 0.0, -2.9221 -0.9287 -0.1969, -2.9072 -0.9329 0.0, -2.9072 -0.9329 -0.1969, -2.893 -0.9388 0.0, -2.893 -0.9388 -0.1969, -2.8794 -0.9463 0.0, -2.8794 -0.9463 -0.1969, -2.8668 -0.9553 0.0, -2.8668 -0.9553 -0.1969, -2.8553 -0.9656 0.0, -2.8553 -0.9656 -0.1969, -2.845 -0.9771 0.0, -2.845 -0.9771 -0.1969, -2.8361 -0.9897 0.0, -2.8361 -0.9897 -0.1969, -2.8286 -1.0032 0.0, -2.8286 -1.0032 -0.1969, -2.8227 -1.0175 0.0, -2.8227 -1.0175 -0.1969, -2.8184 -1.0323 0.0, -2.8184 -1.0323 -0.1969, -2.8158 -1.0476 0.0, -2.8158 -1.0476 -0.1969, -2.815 -1.063 0.0, -2.815 -1.063 -0.1969, -2.8158 -1.0784 0.0, -2.8158 -1.0784 -0.1969, -2.8184 -1.0937 0.0, -2.8184 -1.0937 -0.1969, -2.8227 -1.1085 0.0, -2.8227 -1.1085 -0.1969, -2.8286 -1.1228 0.0, -2.8286 -1.1228 -0.1969, -2.8361 -1.1363 0.0, -2.8361 -1.1363 -0.1969, -2.845 -1.1489 0.0, -2.845 -1.1489 -0.1969, -2.8553 -1.1604 0.0, -2.8553 -1.1604 -0.1969, -2.8668 -1.1707 0.0, -2.8668 -1.1707 -0.1969, -2.8794 -1.1797 0.0, -2.8794 -1.1797 -0.1969, -2.893 -1.1871 0.0, -2.893 -1.1871 -0.1969, -2.9072 -1.1931 0.0, -2.9072 -1.1931 -0.1969, -2.9221 -1.1973 0.0, -2.9221 -1.1973 -0.1969, -2.9373 -1.1999 0.0, -2.9373 -1.1999 -0.1969, -2.9528 -1.2008 0.0, -2.9528 -1.2008 -0.1969, -2.9528 -1.1614 -0.1969, -2.9528 -1.1614 0.0, -2.9399 -1.1606 -0.1969, -2.9399 -1.1606 0.0, -2.9273 -1.1581 -0.1969, -2.9273 -1.1581 0.0, -2.9151 -1.1539 -0.1969, -2.9151 -1.1539 0.0, -2.9035 -1.1482 -0.1969, -2.9035 -1.1482 0.0, -2.8928 -1.1411 -0.1969, -2.8928 -1.1411 0.0, -2.8832 -1.1326 -0.1969, -2.8832 -1.1326 0.0, -2.8747 -1.1229 -0.1969, -2.8747 -1.1229 0.0, -2.8675 -1.1122 -0.1969, -2.8675 -1.1122 0.0, -2.8618 -1.1007 -0.1969, -2.8618 -1.1007 0.0, -2.8577 -1.0885 -0.1969, -2.8577 -1.0885 0.0, -2.8552 -1.0758 -0.1969, -2.8552 -1.0758 0.0, -2.8543 -1.063 -0.1969, -2.8543 -1.063 0.0, -2.8552 -1.0501 -0.1969, -2.8552 -1.0501 0.0, -2.8577 -1.0375 -0.1969, -2.8577 -1.0375 0.0, -2.8618 -1.0253 -0.1969, -2.8618 -1.0253 0.0, -2.8675 -1.0138 -0.1969, -2.8675 -1.0138 0.0, -2.8747 -1.0031 -0.1969, -2.8747 -1.0031 0.0, -2.8832 -0.9934 -0.1969, -2.8832 -0.9934 0.0, -2.8928 -0.9849 -0.1969, -2.8928 -0.9849 0.0, -2.9035 -0.9778 -0.1969, -2.9035 -0.9778 0.0, -2.9151 -0.9721 -0.1969, -2.9151 -0.9721 0.0, -2.9273 -0.9679 -0.1969, -2.9273 -0.9679 0.0, -2.9399 -0.9654 -0.1969, -2.9399 -0.9654 0.0, -2.9528 -0.9646 -0.1969, -2.9528 -0.9646 0.0, -2.9528 -1.2795 -0.1969, -2.9528 -1.2795 0.0, -2.9373 -1.2804 0.0, -2.9373 -1.2804 -0.1969, -2.9221 -1.283 0.0, -2.9221 -1.283 -0.1969, -2.9072 -1.2873 0.0, -2.9072 -1.2873 -0.1969, -2.893 -1.2932 0.0, -2.893 -1.2932 -0.1969, -2.8794 -1.3006 0.0, -2.8794 -1.3006 -0.1969, -2.8668 -1.3096 0.0, -2.8668 -1.3096 -0.1969, -2.8553 -1.3199 0.0, -2.8553 -1.3199 -0.1969, -2.845 -1.3314 0.0, -2.845 -1.3314 -0.1969, -2.8361 -1.344 0.0, -2.8361 -1.344 -0.1969, -2.8286 -1.3575 0.0, -2.8286 -1.3575 -0.1969, -2.8227 -1.3718 0.0, -2.8227 -1.3718 -0.1969, -2.8184 -1.3867 0.0, -2.8184 -1.3867 -0.1969, -2.8158 -1.4019 0.0, -2.8158 -1.4019 -0.1969, -2.815 -1.4173 0.0, -2.815 -1.4173 -0.1969, -2.8158 -1.4328 0.0, -2.8158 -1.4328 -0.1969, -2.8184 -1.448 0.0, -2.8184 -1.448 -0.1969, -2.8227 -1.4628 0.0, -2.8227 -1.4628 -0.1969, -2.8286 -1.4771 0.0, -2.8286 -1.4771 -0.1969, -2.8361 -1.4906 0.0, -2.8361 -1.4906 -0.1969, -2.845 -1.5032 0.0, -2.845 -1.5032 -0.1969, -2.8553 -1.5148 0.0, -2.8553 -1.5148 -0.1969, -2.8668 -1.5251 0.0, -2.8668 -1.5251 -0.1969, -2.8794 -1.534 0.0, -2.8794 -1.534 -0.1969, -2.893 -1.5415 0.0, -2.893 -1.5415 -0.1969, -2.9072 -1.5474 0.0, -2.9072 -1.5474 -0.1969, -2.9221 -1.5517 0.0, -2.9221 -1.5517 -0.1969, -2.9373 -1.5543 0.0, -2.9373 -1.5543 -0.1969, -2.9528 -1.5551 0.0, -2.9528 -1.5551 -0.1969, -2.9528 -1.5157 -0.1969, -2.9528 -1.5157 0.0, -2.9399 -1.5149 -0.1969, -2.9399 -1.5149 0.0, -2.9273 -1.5124 -0.1969, -2.9273 -1.5124 0.0, -2.9151 -1.5083 -0.1969, -2.9151 -1.5083 0.0, -2.9035 -1.5026 -0.1969, -2.9035 -1.5026 0.0, -2.8928 -1.4954 -0.1969, -2.8928 -1.4954 0.0, -2.8832 -1.4869 -0.1969, -2.8832 -1.4869 0.0, -2.8747 -1.4772 -0.1969, -2.8747 -1.4772 0.0, -2.8675 -1.4665 -0.1969, -2.8675 -1.4665 0.0, -2.8618 -1.455 -0.1969, -2.8618 -1.455 0.0, -2.8577 -1.4428 -0.1969, -2.8577 -1.4428 0.0, -2.8552 -1.4302 -0.1969, -2.8552 -1.4302 0.0, -2.8543 -1.4173 -0.1969, -2.8543 -1.4173 0.0, -2.8552 -1.4045 -0.1969, -2.8552 -1.4045 0.0, -2.8577 -1.3918 -0.1969, -2.8577 -1.3918 0.0, -2.8618 -1.3797 -0.1969, -2.8618 -1.3797 0.0, -2.8675 -1.3681 -0.1969, -2.8675 -1.3681 0.0, -2.8747 -1.3574 -0.1969, -2.8747 -1.3574 0.0, -2.8832 -1.3477 -0.1969, -2.8832 -1.3477 0.0, -2.8928 -1.3392 -0.1969, -2.8928 -1.3392 0.0, -2.9035 -1.3321 -0.1969, -2.9035 -1.3321 0.0, -2.9151 -1.3264 -0.1969, -2.9151 -1.3264 0.0, -2.9273 -1.3223 -0.1969, -2.9273 -1.3223 0.0, -2.9399 -1.3197 -0.1969, -2.9399 -1.3197 0.0, -2.9528 -1.3189 -0.1969, -2.9528 -1.3189 0.0, -2.9528 -1.6339 -0.1969, -2.9528 -1.6339 0.0, -2.9373 -1.6347 0.0, -2.9373 -1.6347 -0.1969, -2.9221 -1.6373 0.0, -2.9221 -1.6373 -0.1969, -2.9072 -1.6416 0.0, -2.9072 -1.6416 -0.1969, -2.893 -1.6475 0.0, -2.893 -1.6475 -0.1969, -2.8794 -1.655 0.0, -2.8794 -1.655 -0.1969, -2.8668 -1.6639 0.0, -2.8668 -1.6639 -0.1969, -2.8553 -1.6742 0.0, -2.8553 -1.6742 -0.1969, -2.845 -1.6857 0.0, -2.845 -1.6857 -0.1969, -2.8361 -1.6983 0.0, -2.8361 -1.6983 -0.1969, -2.8286 -1.7119 0.0, -2.8286 -1.7119 -0.1969, -2.8227 -1.7261 0.0, -2.8227 -1.7261 -0.1969, -2.8184 -1.741 0.0, -2.8184 -1.741 -0.1969, -2.8158 -1.7562 0.0, -2.8158 -1.7562 -0.1969, -2.815 -1.7717 0.0, -2.815 -1.7717 -0.1969, -2.8158 -1.7871 0.0, -2.8158 -1.7871 -0.1969, -2.8184 -1.8023 0.0, -2.8184 -1.8023 -0.1969, -2.8227 -1.8172 0.0, -2.8227 -1.8172 -0.1969, -2.8286 -1.8314 0.0, -2.8286 -1.8314 -0.1969, -2.8361 -1.845 0.0, -2.8361 -1.845 -0.1969, -2.845 -1.8576 0.0, -2.845 -1.8576 -0.1969, -2.8553 -1.8691 0.0, -2.8553 -1.8691 -0.1969, -2.8668 -1.8794 0.0, -2.8668 -1.8794 -0.1969, -2.8794 -1.8883 0.0, -2.8794 -1.8883 -0.1969, -2.893 -1.8958 0.0, -2.893 -1.8958 -0.1969, -2.9072 -1.9017 0.0, -2.9072 -1.9017 -0.1969, -2.9221 -1.906 0.0, -2.9221 -1.906 -0.1969, -2.9373 -1.9086 0.0, -2.9373 -1.9086 -0.1969, -2.9528 -1.9094 0.0, -2.9528 -1.9094 -0.1969, -2.9528 -1.8701 -0.1969, -2.9528 -1.8701 0.0, -2.9399 -1.8692 -0.1969, -2.9399 -1.8692 0.0, -2.9273 -1.8667 -0.1969, -2.9273 -1.8667 0.0, -2.9151 -1.8626 -0.1969, -2.9151 -1.8626 0.0, -2.9035 -1.8569 -0.1969, -2.9035 -1.8569 0.0, -2.8928 -1.8497 -0.1969, -2.8928 -1.8497 0.0, -2.8832 -1.8413 -0.1969, -2.8832 -1.8413 0.0, -2.8747 -1.8316 -0.1969, -2.8747 -1.8316 0.0, -2.8675 -1.8209 -0.1969, -2.8675 -1.8209 0.0, -2.8618 -1.8093 -0.1969, -2.8618 -1.8093 0.0, -2.8577 -1.7971 -0.1969, -2.8577 -1.7971 0.0, -2.8552 -1.7845 -0.1969, -2.8552 -1.7845 0.0, -2.8543 -1.7717 -0.1969, -2.8543 -1.7717 0.0, -2.8552 -1.7588 -0.1969, -2.8552 -1.7588 0.0, -2.8577 -1.7462 -0.1969, -2.8577 -1.7462 0.0, -2.8618 -1.734 -0.1969, -2.8618 -1.734 0.0, -2.8675 -1.7224 -0.1969, -2.8675 -1.7224 0.0, -2.8747 -1.7117 -0.1969, -2.8747 -1.7117 0.0, -2.8832 -1.7021 -0.1969, -2.8832 -1.7021 0.0, -2.8928 -1.6936 -0.1969, -2.8928 -1.6936 0.0, -2.9035 -1.6864 -0.1969, -2.9035 -1.6864 0.0, -2.9151 -1.6807 -0.1969, -2.9151 -1.6807 0.0, -2.9273 -1.6766 -0.1969, -2.9273 -1.6766 0.0, -2.9399 -1.6741 -0.1969, -2.9399 -1.6741 0.0, -2.9528 -1.6732 -0.1969, -2.9528 -1.6732 0.0, 2.9528 -1.6732 -0.1969, 2.9528 -1.6732 0.0, 2.9399 -1.6741 -0.1969, 2.9399 -1.6741 0.0, 2.9273 -1.6766 -0.1969, 2.9273 -1.6766 0.0, 2.9151 -1.6807 -0.1969, 2.9151 -1.6807 0.0, 2.9035 -1.6864 -0.1969, 2.9035 -1.6864 0.0, 2.8928 -1.6936 -0.1969, 2.8928 -1.6936 0.0, 2.8832 -1.7021 -0.1969, 2.8832 -1.7021 0.0, 2.8747 -1.7117 -0.1969, 2.8747 -1.7117 0.0, 2.8675 -1.7224 -0.1969, 2.8675 -1.7224 0.0, 2.8618 -1.734 -0.1969, 2.8618 -1.734 0.0, 2.8577 -1.7462 -0.1969, 2.8577 -1.7462 0.0, 2.8552 -1.7588 -0.1969, 2.8552 -1.7588 0.0, 2.8543 -1.7717 -0.1969, 2.8543 -1.7717 0.0, 2.8552 -1.7845 -0.1969, 2.8552 -1.7845 0.0, 2.8577 -1.7971 -0.1969, 2.8577 -1.7971 0.0, 2.8618 -1.8093 -0.1969, 2.8618 -1.8093 0.0, 2.8675 -1.8209 -0.1969, 2.8675 -1.8209 0.0, 2.8747 -1.8316 -0.1969, 2.8747 -1.8316 0.0, 2.8832 -1.8413 -0.1969, 2.8832 -1.8413 0.0, 2.8928 -1.8497 -0.1969, 2.8928 -1.8497 0.0, 2.9035 -1.8569 -0.1969, 2.9035 -1.8569 0.0, 2.9151 -1.8626 -0.1969, 2.9151 -1.8626 0.0, 2.9273 -1.8667 -0.1969, 2.9273 -1.8667 0.0, 2.9399 -1.8692 -0.1969, 2.9399 -1.8692 0.0, 2.9528 -1.8701 -0.1969, 2.9528 -1.8701 0.0, 2.9528 -1.9094 -0.1969, 2.9528 -1.9094 0.0, 2.9373 -1.9086 0.0, 2.9373 -1.9086 -0.1969, 2.9221 -1.906 0.0, 2.9221 -1.906 -0.1969, 2.9072 -1.9017 0.0, 2.9072 -1.9017 -0.1969, 2.893 -1.8958 0.0, 2.893 -1.8958 -0.1969, 2.8794 -1.8883 0.0, 2.8794 -1.8883 -0.1969, 2.8668 -1.8794 0.0, 2.8668 -1.8794 -0.1969, 2.8553 -1.8691 0.0, 2.8553 -1.8691 -0.1969, 2.845 -1.8576 0.0, 2.845 -1.8576 -0.1969, 2.8361 -1.845 0.0, 2.8361 -1.845 -0.1969, 2.8286 -1.8314 0.0, 2.8286 -1.8314 -0.1969, 2.8227 -1.8172 0.0, 2.8227 -1.8172 -0.1969, 2.8184 -1.8023 0.0, 2.8184 -1.8023 -0.1969, 2.8158 -1.7871 0.0, 2.8158 -1.7871 -0.1969, 2.815 -1.7717 0.0, 2.815 -1.7717 -0.1969, 2.8158 -1.7562 0.0, 2.8158 -1.7562 -0.1969, 2.8184 -1.741 0.0, 2.8184 -1.741 -0.1969, 2.8227 -1.7261 0.0, 2.8227 -1.7261 -0.1969, 2.8286 -1.7119 0.0, 2.8286 -1.7119 -0.1969, 2.8361 -1.6983 0.0, 2.8361 -1.6983 -0.1969, 2.845 -1.6857 0.0, 2.845 -1.6857 -0.1969, 2.8553 -1.6742 0.0, 2.8553 -1.6742 -0.1969, 2.8668 -1.6639 0.0, 2.8668 -1.6639 -0.1969, 2.8794 -1.655 0.0, 2.8794 -1.655 -0.1969, 2.893 -1.6475 0.0, 2.893 -1.6475 -0.1969, 2.9072 -1.6416 0.0, 2.9072 -1.6416 -0.1969, 2.9221 -1.6373 0.0, 2.9221 -1.6373 -0.1969, 2.9373 -1.6347 0.0, 2.9373 -1.6347 -0.1969, 2.9528 -1.6339 0.0, 2.9528 -1.6339 -0.1969, 2.9528 -1.3189 -0.1969, 2.9528 -1.3189 0.0, 2.9399 -1.3197 -0.1969, 2.9399 -1.3197 0.0, 2.9273 -1.3223 -0.1969, 2.9273 -1.3223 0.0, 2.9151 -1.3264 -0.1969, 2.9151 -1.3264 0.0, 2.9035 -1.3321 -0.1969, 2.9035 -1.3321 0.0, 2.8928 -1.3392 -0.1969, 2.8928 -1.3392 0.0, 2.8832 -1.3477 -0.1969, 2.8832 -1.3477 0.0, 2.8747 -1.3574 -0.1969, 2.8747 -1.3574 0.0, 2.8675 -1.3681 -0.1969, 2.8675 -1.3681 0.0, 2.8618 -1.3797 -0.1969, 2.8618 -1.3797 0.0, 2.8577 -1.3918 -0.1969, 2.8577 -1.3918 0.0, 2.8552 -1.4045 -0.1969, 2.8552 -1.4045 0.0, 2.8543 -1.4173 -0.1969, 2.8543 -1.4173 0.0, 2.8552 -1.4302 -0.1969, 2.8552 -1.4302 0.0, 2.8577 -1.4428 -0.1969, 2.8577 -1.4428 0.0, 2.8618 -1.455 -0.1969, 2.8618 -1.455 0.0, 2.8675 -1.4665 -0.1969, 2.8675 -1.4665 0.0, 2.8747 -1.4772 -0.1969, 2.8747 -1.4772 0.0, 2.8832 -1.4869 -0.1969, 2.8832 -1.4869 0.0, 2.8928 -1.4954 -0.1969, 2.8928 -1.4954 0.0, 2.9035 -1.5026 -0.1969, 2.9035 -1.5026 0.0, 2.9151 -1.5083 -0.1969, 2.9151 -1.5083 0.0, 2.9273 -1.5124 -0.1969, 2.9273 -1.5124 0.0, 2.9399 -1.5149 -0.1969, 2.9399 -1.5149 0.0, 2.9528 -1.5157 -0.1969, 2.9528 -1.5157 0.0, 2.9528 -1.5551 -0.1969, 2.9528 -1.5551 0.0, 2.9373 -1.5543 0.0, 2.9373 -1.5543 -0.1969, 2.9221 -1.5517 0.0, 2.9221 -1.5517 -0.1969, 2.9072 -1.5474 0.0, 2.9072 -1.5474 -0.1969, 2.893 -1.5415 0.0, 2.893 -1.5415 -0.1969, 2.8794 -1.534 0.0, 2.8794 -1.534 -0.1969, 2.8668 -1.5251 0.0, 2.8668 -1.5251 -0.1969, 2.8553 -1.5148 0.0, 2.8553 -1.5148 -0.1969, 2.845 -1.5032 0.0, 2.845 -1.5032 -0.1969, 2.8361 -1.4906 0.0, 2.8361 -1.4906 -0.1969, 2.8286 -1.4771 0.0, 2.8286 -1.4771 -0.1969, 2.8227 -1.4628 0.0, 2.8227 -1.4628 -0.1969, 2.8184 -1.448 0.0, 2.8184 -1.448 -0.1969, 2.8158 -1.4328 0.0, 2.8158 -1.4328 -0.1969, 2.815 -1.4173 0.0, 2.815 -1.4173 -0.1969, 2.8158 -1.4019 0.0, 2.8158 -1.4019 -0.1969, 2.8184 -1.3867 0.0, 2.8184 -1.3867 -0.1969, 2.8227 -1.3718 0.0, 2.8227 -1.3718 -0.1969, 2.8286 -1.3575 0.0, 2.8286 -1.3575 -0.1969, 2.8361 -1.344 0.0, 2.8361 -1.344 -0.1969, 2.845 -1.3314 0.0, 2.845 -1.3314 -0.1969, 2.8553 -1.3199 0.0, 2.8553 -1.3199 -0.1969, 2.8668 -1.3096 0.0, 2.8668 -1.3096 -0.1969, 2.8794 -1.3006 0.0, 2.8794 -1.3006 -0.1969, 2.893 -1.2932 0.0, 2.893 -1.2932 -0.1969, 2.9072 -1.2873 0.0, 2.9072 -1.2873 -0.1969, 2.9221 -1.283 0.0, 2.9221 -1.283 -0.1969, 2.9373 -1.2804 0.0, 2.9373 -1.2804 -0.1969, 2.9528 -1.2795 0.0, 2.9528 -1.2795 -0.1969, 2.9528 -0.9646 -0.1969, 2.9528 -0.9646 0.0, 2.9399 -0.9654 -0.1969, 2.9399 -0.9654 0.0, 2.9273 -0.9679 -0.1969, 2.9273 -0.9679 0.0, 2.9151 -0.9721 -0.1969, 2.9151 -0.9721 0.0, 2.9035 -0.9778 -0.1969, 2.9035 -0.9778 0.0, 2.8928 -0.9849 -0.1969, 2.8928 -0.9849 0.0, 2.8832 -0.9934 -0.1969, 2.8832 -0.9934 0.0, 2.8747 -1.0031 -0.1969, 2.8747 -1.0031 0.0, 2.8675 -1.0138 -0.1969, 2.8675 -1.0138 0.0, 2.8618 -1.0253 -0.1969, 2.8618 -1.0253 0.0, 2.8577 -1.0375 -0.1969, 2.8577 -1.0375 0.0, 2.8552 -1.0501 -0.1969, 2.8552 -1.0501 0.0, 2.8543 -1.063 -0.1969, 2.8543 -1.063 0.0, 2.8552 -1.0758 -0.1969, 2.8552 -1.0758 0.0, 2.8577 -1.0885 -0.1969, 2.8577 -1.0885 0.0, 2.8618 -1.1007 -0.1969, 2.8618 -1.1007 0.0, 2.8675 -1.1122 -0.1969, 2.8675 -1.1122 0.0, 2.8747 -1.1229 -0.1969, 2.8747 -1.1229 0.0, 2.8832 -1.1326 -0.1969, 2.8832 -1.1326 0.0, 2.8928 -1.1411 -0.1969, 2.8928 -1.1411 0.0, 2.9035 -1.1482 -0.1969, 2.9035 -1.1482 0.0, 2.9151 -1.1539 -0.1969, 2.9151 -1.1539 0.0, 2.9273 -1.1581 -0.1969, 2.9273 -1.1581 0.0, 2.9399 -1.1606 -0.1969, 2.9399 -1.1606 0.0, 2.9528 -1.1614 -0.1969, 2.9528 -1.1614 0.0, 2.9528 -1.2008 -0.1969, 2.9528 -1.2008 0.0, 2.9373 -1.1999 0.0, 2.9373 -1.1999 -0.1969, 2.9221 -1.1973 0.0, 2.9221 -1.1973 -0.1969, 2.9072 -1.1931 0.0, 2.9072 -1.1931 -0.1969, 2.893 -1.1871 0.0, 2.893 -1.1871 -0.1969, 2.8794 -1.1797 0.0, 2.8794 -1.1797 -0.1969, 2.8668 -1.1707 0.0, 2.8668 -1.1707 -0.1969, 2.8553 -1.1604 0.0, 2.8553 -1.1604 -0.1969, 2.845 -1.1489 0.0, 2.845 -1.1489 -0.1969, 2.8361 -1.1363 0.0, 2.8361 -1.1363 -0.1969, 2.8286 -1.1228 0.0, 2.8286 -1.1228 -0.1969, 2.8227 -1.1085 0.0, 2.8227 -1.1085 -0.1969, 2.8184 -1.0937 0.0, 2.8184 -1.0937 -0.1969, 2.8158 -1.0784 0.0, 2.8158 -1.0784 -0.1969, 2.815 -1.063 0.0, 2.815 -1.063 -0.1969, 2.8158 -1.0476 0.0, 2.8158 -1.0476 -0.1969, 2.8184 -1.0323 0.0, 2.8184 -1.0323 -0.1969, 2.8227 -1.0175 0.0, 2.8227 -1.0175 -0.1969, 2.8286 -1.0032 0.0, 2.8286 -1.0032 -0.1969, 2.8361 -0.9897 0.0, 2.8361 -0.9897 -0.1969, 2.845 -0.9771 0.0, 2.845 -0.9771 -0.1969, 2.8553 -0.9656 0.0, 2.8553 -0.9656 -0.1969, 2.8668 -0.9553 0.0, 2.8668 -0.9553 -0.1969, 2.8794 -0.9463 0.0, 2.8794 -0.9463 -0.1969, 2.893 -0.9388 0.0, 2.893 -0.9388 -0.1969, 2.9072 -0.9329 0.0, 2.9072 -0.9329 -0.1969, 2.9221 -0.9287 0.0, 2.9221 -0.9287 -0.1969, 2.9373 -0.9261 0.0, 2.9373 -0.9261 -0.1969, 2.9528 -0.9252 0.0, 2.9528 -0.9252 -0.1969, 2.9528 -0.6102 -0.1969, 2.9528 -0.6102 0.0, 2.9399 -0.6111 -0.1969, 2.9399 -0.6111 0.0, 2.9273 -0.6136 -0.1969, 2.9273 -0.6136 0.0, 2.9151 -0.6177 -0.1969, 2.9151 -0.6177 0.0, 2.9035 -0.6234 -0.1969, 2.9035 -0.6234 0.0, 2.8928 -0.6306 -0.1969, 2.8928 -0.6306 0.0, 2.8832 -0.6391 -0.1969, 2.8832 -0.6391 0.0, 2.8747 -0.6487 -0.1969, 2.8747 -0.6487 0.0, 2.8675 -0.6594 -0.1969, 2.8675 -0.6594 0.0, 2.8618 -0.671 -0.1969, 2.8618 -0.671 0.0, 2.8577 -0.6832 -0.1969, 2.8577 -0.6832 0.0, 2.8552 -0.6958 -0.1969, 2.8552 -0.6958 0.0, 2.8543 -0.7087 -0.1969, 2.8543 -0.7087 0.0, 2.8552 -0.7215 -0.1969, 2.8552 -0.7215 0.0, 2.8577 -0.7341 -0.1969, 2.8577 -0.7341 0.0, 2.8618 -0.7463 -0.1969, 2.8618 -0.7463 0.0, 2.8675 -0.7579 -0.1969, 2.8675 -0.7579 0.0, 2.8747 -0.7686 -0.1969, 2.8747 -0.7686 0.0, 2.8832 -0.7783 -0.1969, 2.8832 -0.7783 0.0, 2.8928 -0.7867 -0.1969, 2.8928 -0.7867 0.0, 2.9035 -0.7939 -0.1969, 2.9035 -0.7939 0.0, 2.9151 -0.7996 -0.1969, 2.9151 -0.7996 0.0, 2.9273 -0.8037 -0.1969, 2.9273 -0.8037 0.0, 2.9399 -0.8062 -0.1969, 2.9399 -0.8062 0.0, 2.9528 -0.8071 -0.1969, 2.9528 -0.8071 0.0, 2.9528 -0.8465 -0.1969, 2.9528 -0.8465 0.0, 2.9373 -0.8456 0.0, 2.9373 -0.8456 -0.1969, 2.9221 -0.843 0.0, 2.9221 -0.843 -0.1969, 2.9072 -0.8387 0.0, 2.9072 -0.8387 -0.1969, 2.893 -0.8328 0.0, 2.893 -0.8328 -0.1969, 2.8794 -0.8253 0.0, 2.8794 -0.8253 -0.1969, 2.8668 -0.8164 0.0, 2.8668 -0.8164 -0.1969, 2.8553 -0.8061 0.0, 2.8553 -0.8061 -0.1969, 2.845 -0.7946 0.0, 2.845 -0.7946 -0.1969, 2.8361 -0.782 0.0, 2.8361 -0.782 -0.1969, 2.8286 -0.7684 0.0, 2.8286 -0.7684 -0.1969, 2.8227 -0.7542 0.0, 2.8227 -0.7542 -0.1969, 2.8184 -0.7393 0.0, 2.8184 -0.7393 -0.1969, 2.8158 -0.7241 0.0, 2.8158 -0.7241 -0.1969, 2.815 -0.7087 0.0, 2.815 -0.7087 -0.1969, 2.8158 -0.6932 0.0, 2.8158 -0.6932 -0.1969, 2.8184 -0.678 0.0, 2.8184 -0.678 -0.1969, 2.8227 -0.6632 0.0, 2.8227 -0.6632 -0.1969, 2.8286 -0.6489 0.0, 2.8286 -0.6489 -0.1969, 2.8361 -0.6353 0.0, 2.8361 -0.6353 -0.1969, 2.845 -0.6227 0.0, 2.845 -0.6227 -0.1969, 2.8553 -0.6112 0.0, 2.8553 -0.6112 -0.1969, 2.8668 -0.6009 0.0, 2.8668 -0.6009 -0.1969, 2.8794 -0.592 0.0, 2.8794 -0.592 -0.1969, 2.893 -0.5845 0.0, 2.893 -0.5845 -0.1969, 2.9072 -0.5786 0.0, 2.9072 -0.5786 -0.1969, 2.9221 -0.5743 0.0, 2.9221 -0.5743 -0.1969, 2.9373 -0.5717 0.0, 2.9373 -0.5717 -0.1969, 2.9528 -0.5709 0.0, 2.9528 -0.5709 -0.1969, 2.9528 -0.2559 -0.1969, 2.9528 -0.2559 0.0, 2.9399 -0.2567 -0.1969, 2.9399 -0.2567 0.0, 2.9273 -0.2593 -0.1969, 2.9273 -0.2593 0.0, 2.9151 -0.2634 -0.1969, 2.9151 -0.2634 0.0, 2.9035 -0.2691 -0.1969, 2.9035 -0.2691 0.0, 2.8928 -0.2762 -0.1969, 2.8928 -0.2762 0.0, 2.8832 -0.2847 -0.1969, 2.8832 -0.2847 0.0, 2.8747 -0.2944 -0.1969, 2.8747 -0.2944 0.0, 2.8675 -0.3051 -0.1969, 2.8675 -0.3051 0.0, 2.8618 -0.3167 -0.1969, 2.8618 -0.3167 0.0, 2.8577 -0.3289 -0.1969, 2.8577 -0.3289 0.0, 2.8552 -0.3415 -0.1969, 2.8552 -0.3415 0.0, 2.8543 -0.3543 -0.1969, 2.8543 -0.3543 0.0, 2.8552 -0.3672 -0.1969, 2.8552 -0.3672 0.0, 2.8577 -0.3798 -0.1969, 2.8577 -0.3798 0.0, 2.8618 -0.392 -0.1969, 2.8618 -0.392 0.0, 2.8675 -0.4035 -0.1969, 2.8675 -0.4035 0.0, 2.8747 -0.4142 -0.1969, 2.8747 -0.4142 0.0, 2.8832 -0.4239 -0.1969, 2.8832 -0.4239 0.0, 2.8928 -0.4324 -0.1969, 2.8928 -0.4324 0.0, 2.9035 -0.4396 -0.1969, 2.9035 -0.4396 0.0, 2.9151 -0.4453 -0.1969, 2.9151 -0.4453 0.0, 2.9273 -0.4494 -0.1969, 2.9273 -0.4494 0.0, 2.9399 -0.4519 -0.1969, 2.9399 -0.4519 0.0, 2.9528 -0.4528 -0.1969, 2.9528 -0.4528 0.0, 2.9528 -0.4921 -0.1969, 2.9528 -0.4921 0.0, 2.9373 -0.4913 0.0, 2.9373 -0.4913 -0.1969, 2.9221 -0.4887 0.0, 2.9221 -0.4887 -0.1969, 2.9072 -0.4844 0.0, 2.9072 -0.4844 -0.1969, 2.893 -0.4785 0.0, 2.893 -0.4785 -0.1969, 2.8794 -0.471 0.0, 2.8794 -0.471 -0.1969, 2.8668 -0.4621 0.0, 2.8668 -0.4621 -0.1969, 2.8553 -0.4518 0.0, 2.8553 -0.4518 -0.1969, 2.845 -0.4402 0.0, 2.845 -0.4402 -0.1969, 2.8361 -0.4276 0.0, 2.8361 -0.4276 -0.1969, 2.8286 -0.4141 0.0, 2.8286 -0.4141 -0.1969, 2.8227 -0.3998 0.0, 2.8227 -0.3998 -0.1969, 2.8184 -0.385 0.0, 2.8184 -0.385 -0.1969, 2.8158 -0.3698 0.0, 2.8158 -0.3698 -0.1969, 2.815 -0.3543 0.0, 2.815 -0.3543 -0.1969, 2.8158 -0.3389 0.0, 2.8158 -0.3389 -0.1969, 2.8184 -0.3237 0.0, 2.8184 -0.3237 -0.1969, 2.8227 -0.3088 0.0, 2.8227 -0.3088 -0.1969, 2.8286 -0.2945 0.0, 2.8286 -0.2945 -0.1969, 2.8361 -0.281 0.0, 2.8361 -0.281 -0.1969, 2.845 -0.2684 0.0, 2.845 -0.2684 -0.1969, 2.8553 -0.2569 0.0, 2.8553 -0.2569 -0.1969, 2.8668 -0.2466 0.0, 2.8668 -0.2466 -0.1969, 2.8794 -0.2377 0.0, 2.8794 -0.2377 -0.1969, 2.893 -0.2302 0.0, 2.893 -0.2302 -0.1969, 2.9072 -0.2243 0.0, 2.9072 -0.2243 -0.1969, 2.9221 -0.22 0.0, 2.9221 -0.22 -0.1969, 2.9373 -0.2174 0.0, 2.9373 -0.2174 -0.1969, 2.9528 -0.2165 0.0, 2.9528 -0.2165 -0.1969, 2.9528 0.0984 -0.1969, 2.9528 0.0984 0.0, 2.9399 0.0976 -0.1969, 2.9399 0.0976 0.0, 2.9273 0.0951 -0.1969, 2.9273 0.0951 0.0, 2.9151 0.0909 -0.1969, 2.9151 0.0909 0.0, 2.9035 0.0852 -0.1969, 2.9035 0.0852 0.0, 2.8928 0.0781 -0.1969, 2.8928 0.0781 0.0, 2.8832 0.0696 -0.1969, 2.8832 0.0696 0.0, 2.8747 0.0599 -0.1969, 2.8747 0.0599 0.0, 2.8675 0.0492 -0.1969, 2.8675 0.0492 0.0, 2.8618 0.0377 -0.1969, 2.8618 0.0377 0.0, 2.8577 0.0255 -0.1969, 2.8577 0.0255 0.0, 2.8552 0.0128 -0.1969, 2.8552 0.0128 0.0, 2.8543 0.0 -0.1969, 2.8543 0.0 0.0, 2.8552 -0.0128 -0.1969, 2.8552 -0.0128 0.0, 2.8577 -0.0255 -0.1969, 2.8577 -0.0255 0.0, 2.8618 -0.0377 -0.1969, 2.8618 -0.0377 0.0, 2.8675 -0.0492 -0.1969, 2.8675 -0.0492 0.0, 2.8747 -0.0599 -0.1969, 2.8747 -0.0599 0.0, 2.8832 -0.0696 -0.1969, 2.8832 -0.0696 0.0, 2.8928 -0.0781 -0.1969, 2.8928 -0.0781 0.0, 2.9035 -0.0852 -0.1969, 2.9035 -0.0852 0.0, 2.9151 -0.0909 -0.1969, 2.9151 -0.0909 0.0, 2.9273 -0.0951 -0.1969, 2.9273 -0.0951 0.0, 2.9399 -0.0976 -0.1969, 2.9399 -0.0976 0.0, 2.9528 -0.0984 -0.1969, 2.9528 -0.0984 0.0, 2.9528 -0.1378 -0.1969, 2.9528 -0.1378 0.0, 2.9373 -0.1369 0.0, 2.9373 -0.1369 -0.1969, 2.9221 -0.1343 0.0, 2.9221 -0.1343 -0.1969, 2.9072 -0.1301 0.0, 2.9072 -0.1301 -0.1969, 2.893 -0.1241 0.0, 2.893 -0.1241 -0.1969, 2.8794 -0.1167 0.0, 2.8794 -0.1167 -0.1969, 2.8668 -0.1077 0.0, 2.8668 -0.1077 -0.1969, 2.8553 -0.0974 0.0, 2.8553 -0.0974 -0.1969, 2.845 -0.0859 0.0, 2.845 -0.0859 -0.1969, 2.8361 -0.0733 0.0, 2.8361 -0.0733 -0.1969, 2.8286 -0.0598 0.0, 2.8286 -0.0598 -0.1969, 2.8227 -0.0455 0.0, 2.8227 -0.0455 -0.1969, 2.8184 -0.0307 0.0, 2.8184 -0.0307 -0.1969, 2.8158 -0.0154 0.0, 2.8158 -0.0154 -0.1969, 2.815 0.0 0.0, 2.815 0.0 -0.1969, 2.8158 0.0154 0.0, 2.8158 0.0154 -0.1969, 2.8184 0.0307 0.0, 2.8184 0.0307 -0.1969, 2.8227 0.0455 0.0, 2.8227 0.0455 -0.1969, 2.8286 0.0598 0.0, 2.8286 0.0598 -0.1969, 2.8361 0.0733 0.0, 2.8361 0.0733 -0.1969, 2.845 0.0859 0.0, 2.845 0.0859 -0.1969, 2.8553 0.0974 0.0, 2.8553 0.0974 -0.1969, 2.8668 0.1077 0.0, 2.8668 0.1077 -0.1969, 2.8794 0.1167 0.0, 2.8794 0.1167 -0.1969, 2.893 0.1241 0.0, 2.893 0.1241 -0.1969, 2.9072 0.1301 0.0, 2.9072 0.1301 -0.1969, 2.9221 0.1343 0.0, 2.9221 0.1343 -0.1969, 2.9373 0.1369 0.0, 2.9373 0.1369 -0.1969, 2.9528 0.1378 0.0, 2.9528 0.1378 -0.1969, 2.9528 0.4528 -0.1969, 2.9528 0.4528 0.0, 2.9399 0.4519 -0.1969, 2.9399 0.4519 0.0, 2.9273 0.4494 -0.1969, 2.9273 0.4494 0.0, 2.9151 0.4453 -0.1969, 2.9151 0.4453 0.0, 2.9035 0.4396 -0.1969, 2.9035 0.4396 0.0, 2.8928 0.4324 -0.1969, 2.8928 0.4324 0.0, 2.8832 0.4239 -0.1969, 2.8832 0.4239 0.0, 2.8747 0.4142 -0.1969, 2.8747 0.4142 0.0, 2.8675 0.4035 -0.1969, 2.8675 0.4035 0.0, 2.8618 0.392 -0.1969, 2.8618 0.392 0.0, 2.8577 0.3798 -0.1969, 2.8577 0.3798 0.0, 2.8552 0.3672 -0.1969, 2.8552 0.3672 0.0, 2.8543 0.3543 -0.1969, 2.8543 0.3543 0.0, 2.8552 0.3415 -0.1969, 2.8552 0.3415 0.0, 2.8577 0.3289 -0.1969, 2.8577 0.3289 0.0, 2.8618 0.3167 -0.1969, 2.8618 0.3167 0.0, 2.8675 0.3051 -0.1969, 2.8675 0.3051 0.0, 2.8747 0.2944 -0.1969, 2.8747 0.2944 0.0, 2.8832 0.2847 -0.1969, 2.8832 0.2847 0.0, 2.8928 0.2762 -0.1969, 2.8928 0.2762 0.0, 2.9035 0.2691 -0.1969, 2.9035 0.2691 0.0, 2.9151 0.2634 -0.1969, 2.9151 0.2634 0.0, 2.9273 0.2593 -0.1969, 2.9273 0.2593 0.0, 2.9399 0.2567 -0.1969, 2.9399 0.2567 0.0, 2.9528 0.2559 -0.1969, 2.9528 0.2559 0.0, 2.9528 0.2165 -0.1969, 2.9528 0.2165 0.0, 2.9373 0.2174 0.0, 2.9373 0.2174 -0.1969, 2.9221 0.22 0.0, 2.9221 0.22 -0.1969, 2.9072 0.2243 0.0, 2.9072 0.2243 -0.1969, 2.893 0.2302 0.0, 2.893 0.2302 -0.1969, 2.8794 0.2377 0.0, 2.8794 0.2377 -0.1969, 2.8668 0.2466 0.0, 2.8668 0.2466 -0.1969, 2.8553 0.2569 0.0, 2.8553 0.2569 -0.1969, 2.845 0.2684 0.0, 2.845 0.2684 -0.1969, 2.8361 0.281 0.0, 2.8361 0.281 -0.1969, 2.8286 0.2945 0.0, 2.8286 0.2945 -0.1969, 2.8227 0.3088 0.0, 2.8227 0.3088 -0.1969, 2.8184 0.3237 0.0, 2.8184 0.3237 -0.1969, 2.8158 0.3389 0.0, 2.8158 0.3389 -0.1969, 2.815 0.3543 0.0, 2.815 0.3543 -0.1969, 2.8158 0.3698 0.0, 2.8158 0.3698 -0.1969, 2.8184 0.385 0.0, 2.8184 0.385 -0.1969, 2.8227 0.3998 0.0, 2.8227 0.3998 -0.1969, 2.8286 0.4141 0.0, 2.8286 0.4141 -0.1969, 2.8361 0.4276 0.0, 2.8361 0.4276 -0.1969, 2.845 0.4402 0.0, 2.845 0.4402 -0.1969, 2.8553 0.4518 0.0, 2.8553 0.4518 -0.1969, 2.8668 0.4621 0.0, 2.8668 0.4621 -0.1969, 2.8794 0.471 0.0, 2.8794 0.471 -0.1969, 2.893 0.4785 0.0, 2.893 0.4785 -0.1969, 2.9072 0.4844 0.0, 2.9072 0.4844 -0.1969, 2.9221 0.4887 0.0, 2.9221 0.4887 -0.1969, 2.9373 0.4913 0.0, 2.9373 0.4913 -0.1969, 2.9528 0.4921 0.0, 2.9528 0.4921 -0.1969, 2.9528 0.8071 -0.1969, 2.9528 0.8071 0.0, 2.9399 0.8062 -0.1969, 2.9399 0.8062 0.0, 2.9273 0.8037 -0.1969, 2.9273 0.8037 0.0, 2.9151 0.7996 -0.1969, 2.9151 0.7996 0.0, 2.9035 0.7939 -0.1969, 2.9035 0.7939 0.0, 2.8928 0.7867 -0.1969, 2.8928 0.7867 0.0, 2.8832 0.7783 -0.1969, 2.8832 0.7783 0.0, 2.8747 0.7686 -0.1969, 2.8747 0.7686 0.0, 2.8675 0.7579 -0.1969, 2.8675 0.7579 0.0, 2.8618 0.7463 -0.1969, 2.8618 0.7463 0.0, 2.8577 0.7341 -0.1969, 2.8577 0.7341 0.0, 2.8552 0.7215 -0.1969, 2.8552 0.7215 0.0, 2.8543 0.7087 -0.1969, 2.8543 0.7087 0.0, 2.8552 0.6958 -0.1969, 2.8552 0.6958 0.0, 2.8577 0.6832 -0.1969, 2.8577 0.6832 0.0, 2.8618 0.671 -0.1969, 2.8618 0.671 0.0, 2.8675 0.6594 -0.1969, 2.8675 0.6594 0.0, 2.8747 0.6487 -0.1969, 2.8747 0.6487 0.0, 2.8832 0.6391 -0.1969, 2.8832 0.6391 0.0, 2.8928 0.6306 -0.1969, 2.8928 0.6306 0.0, 2.9035 0.6234 -0.1969, 2.9035 0.6234 0.0, 2.9151 0.6177 -0.1969, 2.9151 0.6177 0.0, 2.9273 0.6136 -0.1969, 2.9273 0.6136 0.0, 2.9399 0.6111 -0.1969, 2.9399 0.6111 0.0, 2.9528 0.6102 -0.1969, 2.9528 0.6102 0.0, 2.9528 0.5709 -0.1969, 2.9528 0.5709 0.0, 2.9373 0.5717 0.0, 2.9373 0.5717 -0.1969, 2.9221 0.5743 0.0, 2.9221 0.5743 -0.1969, 2.9072 0.5786 0.0, 2.9072 0.5786 -0.1969, 2.893 0.5845 0.0, 2.893 0.5845 -0.1969, 2.8794 0.592 0.0, 2.8794 0.592 -0.1969, 2.8668 0.6009 0.0, 2.8668 0.6009 -0.1969, 2.8553 0.6112 0.0, 2.8553 0.6112 -0.1969, 2.845 0.6227 0.0, 2.845 0.6227 -0.1969, 2.8361 0.6353 0.0, 2.8361 0.6353 -0.1969, 2.8286 0.6489 0.0, 2.8286 0.6489 -0.1969, 2.8227 0.6632 0.0, 2.8227 0.6632 -0.1969, 2.8184 0.678 0.0, 2.8184 0.678 -0.1969, 2.8158 0.6932 0.0, 2.8158 0.6932 -0.1969, 2.815 0.7087 0.0, 2.815 0.7087 -0.1969, 2.8158 0.7241 0.0, 2.8158 0.7241 -0.1969, 2.8184 0.7393 0.0, 2.8184 0.7393 -0.1969, 2.8227 0.7542 0.0, 2.8227 0.7542 -0.1969, 2.8286 0.7684 0.0, 2.8286 0.7684 -0.1969, 2.8361 0.782 0.0, 2.8361 0.782 -0.1969, 2.845 0.7946 0.0, 2.845 0.7946 -0.1969, 2.8553 0.8061 0.0, 2.8553 0.8061 -0.1969, 2.8668 0.8164 0.0, 2.8668 0.8164 -0.1969, 2.8794 0.8253 0.0, 2.8794 0.8253 -0.1969, 2.893 0.8328 0.0, 2.893 0.8328 -0.1969, 2.9072 0.8387 0.0, 2.9072 0.8387 -0.1969, 2.9221 0.843 0.0, 2.9221 0.843 -0.1969, 2.9373 0.8456 0.0, 2.9373 0.8456 -0.1969, 2.9528 0.8465 0.0, 2.9528 0.8465 -0.1969, 2.9528 1.1614 -0.1969, 2.9528 1.1614 0.0, 2.9399 1.1606 -0.1969, 2.9399 1.1606 0.0, 2.9273 1.1581 -0.1969, 2.9273 1.1581 0.0, 2.9151 1.1539 -0.1969, 2.9151 1.1539 0.0, 2.9035 1.1482 -0.1969, 2.9035 1.1482 0.0, 2.8928 1.1411 -0.1969, 2.8928 1.1411 0.0, 2.8832 1.1326 -0.1969, 2.8832 1.1326 0.0, 2.8747 1.1229 -0.1969, 2.8747 1.1229 0.0, 2.8675 1.1122 -0.1969, 2.8675 1.1122 0.0, 2.8618 1.1007 -0.1969, 2.8618 1.1007 0.0, 2.8577 1.0885 -0.1969, 2.8577 1.0885 0.0, 2.8552 1.0758 -0.1969, 2.8552 1.0758 0.0, 2.8543 1.063 -0.1969, 2.8543 1.063 0.0, 2.8552 1.0501 -0.1969, 2.8552 1.0501 0.0, 2.8577 1.0375 -0.1969, 2.8577 1.0375 0.0, 2.8618 1.0253 -0.1969, 2.8618 1.0253 0.0, 2.8675 1.0138 -0.1969, 2.8675 1.0138 0.0, 2.8747 1.0031 -0.1969, 2.8747 1.0031 0.0, 2.8832 0.9934 -0.1969, 2.8832 0.9934 0.0, 2.8928 0.9849 -0.1969, 2.8928 0.9849 0.0, 2.9035 0.9778 -0.1969, 2.9035 0.9778 0.0, 2.9151 0.9721 -0.1969, 2.9151 0.9721 0.0, 2.9273 0.9679 -0.1969, 2.9273 0.9679 0.0, 2.9399 0.9654 -0.1969, 2.9399 0.9654 0.0, 2.9528 0.9646 -0.1969, 2.9528 0.9646 0.0, 2.9528 0.9252 -0.1969, 2.9528 0.9252 0.0, 2.9373 0.9261 0.0, 2.9373 0.9261 -0.1969, 2.9221 0.9287 0.0, 2.9221 0.9287 -0.1969, 2.9072 0.9329 0.0, 2.9072 0.9329 -0.1969, 2.893 0.9388 0.0, 2.893 0.9388 -0.1969, 2.8794 0.9463 0.0, 2.8794 0.9463 -0.1969, 2.8668 0.9553 0.0, 2.8668 0.9553 -0.1969, 2.8553 0.9656 0.0, 2.8553 0.9656 -0.1969, 2.845 0.9771 0.0, 2.845 0.9771 -0.1969, 2.8361 0.9897 0.0, 2.8361 0.9897 -0.1969, 2.8286 1.0032 0.0, 2.8286 1.0032 -0.1969, 2.8227 1.0175 0.0, 2.8227 1.0175 -0.1969, 2.8184 1.0323 0.0, 2.8184 1.0323 -0.1969, 2.8158 1.0476 0.0, 2.8158 1.0476 -0.1969, 2.815 1.063 0.0, 2.815 1.063 -0.1969, 2.8158 1.0784 0.0, 2.8158 1.0784 -0.1969, 2.8184 1.0937 0.0, 2.8184 1.0937 -0.1969, 2.8227 1.1085 0.0, 2.8227 1.1085 -0.1969, 2.8286 1.1228 0.0, 2.8286 1.1228 -0.1969, 2.8361 1.1363 0.0, 2.8361 1.1363 -0.1969, 2.845 1.1489 0.0, 2.845 1.1489 -0.1969, 2.8553 1.1604 0.0, 2.8553 1.1604 -0.1969, 2.8668 1.1707 0.0, 2.8668 1.1707 -0.1969, 2.8794 1.1797 0.0, 2.8794 1.1797 -0.1969, 2.893 1.1871 0.0, 2.893 1.1871 -0.1969, 2.9072 1.1931 0.0, 2.9072 1.1931 -0.1969, 2.9221 1.1973 0.0, 2.9221 1.1973 -0.1969, 2.9373 1.1999 0.0, 2.9373 1.1999 -0.1969, 2.9528 1.2008 0.0, 2.9528 1.2008 -0.1969, 2.9528 1.5157 -0.1969, 2.9528 1.5157 0.0, 2.9399 1.5149 -0.1969, 2.9399 1.5149 0.0, 2.9273 1.5124 -0.1969, 2.9273 1.5124 0.0, 2.9151 1.5083 -0.1969, 2.9151 1.5083 0.0, 2.9035 1.5026 -0.1969, 2.9035 1.5026 0.0, 2.8928 1.4954 -0.1969, 2.8928 1.4954 0.0, 2.8832 1.4869 -0.1969, 2.8832 1.4869 0.0, 2.8747 1.4772 -0.1969, 2.8747 1.4772 0.0, 2.8675 1.4665 -0.1969, 2.8675 1.4665 0.0, 2.8618 1.455 -0.1969, 2.8618 1.455 0.0, 2.8577 1.4428 -0.1969, 2.8577 1.4428 0.0, 2.8552 1.4302 -0.1969, 2.8552 1.4302 0.0, 2.8543 1.4173 -0.1969, 2.8543 1.4173 0.0, 2.8552 1.4045 -0.1969, 2.8552 1.4045 0.0, 2.8577 1.3918 -0.1969, 2.8577 1.3918 0.0, 2.8618 1.3797 -0.1969, 2.8618 1.3797 0.0, 2.8675 1.3681 -0.1969, 2.8675 1.3681 0.0, 2.8747 1.3574 -0.1969, 2.8747 1.3574 0.0, 2.8832 1.3477 -0.1969, 2.8832 1.3477 0.0, 2.8928 1.3392 -0.1969, 2.8928 1.3392 0.0, 2.9035 1.3321 -0.1969, 2.9035 1.3321 0.0, 2.9151 1.3264 -0.1969, 2.9151 1.3264 0.0, 2.9273 1.3223 -0.1969, 2.9273 1.3223 0.0, 2.9399 1.3197 -0.1969, 2.9399 1.3197 0.0, 2.9528 1.3189 -0.1969, 2.9528 1.3189 0.0, 2.9528 1.2795 -0.1969, 2.9528 1.2795 0.0, 2.9373 1.2804 0.0, 2.9373 1.2804 -0.1969, 2.9221 1.283 0.0, 2.9221 1.283 -0.1969, 2.9072 1.2873 0.0, 2.9072 1.2873 -0.1969, 2.893 1.2932 0.0, 2.893 1.2932 -0.1969, 2.8794 1.3006 0.0, 2.8794 1.3006 -0.1969, 2.8668 1.3096 0.0, 2.8668 1.3096 -0.1969, 2.8553 1.3199 0.0, 2.8553 1.3199 -0.1969, 2.845 1.3314 0.0, 2.845 1.3314 -0.1969, 2.8361 1.344 0.0, 2.8361 1.344 -0.1969, 2.8286 1.3575 0.0, 2.8286 1.3575 -0.1969, 2.8227 1.3718 0.0, 2.8227 1.3718 -0.1969, 2.8184 1.3867 0.0, 2.8184 1.3867 -0.1969, 2.8158 1.4019 0.0, 2.8158 1.4019 -0.1969, 2.815 1.4173 0.0, 2.815 1.4173 -0.1969, 2.8158 1.4328 0.0, 2.8158 1.4328 -0.1969, 2.8184 1.448 0.0, 2.8184 1.448 -0.1969, 2.8227 1.4628 0.0, 2.8227 1.4628 -0.1969, 2.8286 1.4771 0.0, 2.8286 1.4771 -0.1969, 2.8361 1.4906 0.0, 2.8361 1.4906 -0.1969, 2.845 1.5032 0.0, 2.845 1.5032 -0.1969, 2.8553 1.5148 0.0, 2.8553 1.5148 -0.1969, 2.8668 1.5251 0.0, 2.8668 1.5251 -0.1969, 2.8794 1.534 0.0, 2.8794 1.534 -0.1969, 2.893 1.5415 0.0, 2.893 1.5415 -0.1969, 2.9072 1.5474 0.0, 2.9072 1.5474 -0.1969, 2.9221 1.5517 0.0, 2.9221 1.5517 -0.1969, 2.9373 1.5543 0.0, 2.9373 1.5543 -0.1969, 2.9528 1.5551 0.0, 2.9528 1.5551 -0.1969, 2.9528 1.6339 -0.1969, 2.9528 1.6339 0.0, 2.9373 1.6347 0.0, 2.9373 1.6347 -0.1969, 2.9221 1.6373 0.0, 2.9221 1.6373 -0.1969, 2.9072 1.6416 0.0, 2.9072 1.6416 -0.1969, 2.893 1.6475 0.0, 2.893 1.6475 -0.1969, 2.8794 1.655 0.0, 2.8794 1.655 -0.1969, 2.8668 1.6639 0.0, 2.8668 1.6639 -0.1969, 2.8553 1.6742 0.0, 2.8553 1.6742 -0.1969, 2.845 1.6857 0.0, 2.845 1.6857 -0.1969, 2.8361 1.6983 0.0, 2.8361 1.6983 -0.1969, 2.8286 1.7119 0.0, 2.8286 1.7119 -0.1969, 2.8227 1.7261 0.0, 2.8227 1.7261 -0.1969, 2.8184 1.741 0.0, 2.8184 1.741 -0.1969, 2.8158 1.7562 0.0, 2.8158 1.7562 -0.1969, 2.815 1.7717 0.0, 2.815 1.7717 -0.1969, 2.8158 1.7871 0.0, 2.8158 1.7871 -0.1969, 2.8184 1.8023 0.0, 2.8184 1.8023 -0.1969, 2.8227 1.8172 0.0, 2.8227 1.8172 -0.1969, 2.8286 1.8314 0.0, 2.8286 1.8314 -0.1969, 2.8361 1.845 0.0, 2.8361 1.845 -0.1969, 2.845 1.8576 0.0, 2.845 1.8576 -0.1969, 2.8553 1.8691 0.0, 2.8553 1.8691 -0.1969, 2.8668 1.8794 0.0, 2.8668 1.8794 -0.1969, 2.8794 1.8883 0.0, 2.8794 1.8883 -0.1969, 2.893 1.8958 0.0, 2.893 1.8958 -0.1969, 2.9072 1.9017 0.0, 2.9072 1.9017 -0.1969, 2.9221 1.906 0.0, 2.9221 1.906 -0.1969, 2.9373 1.9086 0.0, 2.9373 1.9086 -0.1969, 2.9528 1.9094 0.0, 2.9528 1.9094 -0.1969, 2.9528 1.8701 -0.1969, 2.9528 1.8701 0.0, 2.9399 1.8692 -0.1969, 2.9399 1.8692 0.0, 2.9273 1.8667 -0.1969, 2.9273 1.8667 0.0, 2.9151 1.8626 -0.1969, 2.9151 1.8626 0.0, 2.9035 1.8569 -0.1969, 2.9035 1.8569 0.0, 2.8928 1.8497 -0.1969, 2.8928 1.8497 0.0, 2.8832 1.8413 -0.1969, 2.8832 1.8413 0.0, 2.8747 1.8316 -0.1969, 2.8747 1.8316 0.0, 2.8675 1.8209 -0.1969, 2.8675 1.8209 0.0, 2.8618 1.8093 -0.1969, 2.8618 1.8093 0.0, 2.8577 1.7971 -0.1969, 2.8577 1.7971 0.0, 2.8552 1.7845 -0.1969, 2.8552 1.7845 0.0, 2.8543 1.7717 -0.1969, 2.8543 1.7717 0.0, 2.8552 1.7588 -0.1969, 2.8552 1.7588 0.0, 2.8577 1.7462 -0.1969, 2.8577 1.7462 0.0, 2.8618 1.734 -0.1969, 2.8618 1.734 0.0, 2.8675 1.7224 -0.1969, 2.8675 1.7224 0.0, 2.8747 1.7117 -0.1969, 2.8747 1.7117 0.0, 2.8832 1.7021 -0.1969, 2.8832 1.7021 0.0, 2.8928 1.6936 -0.1969, 2.8928 1.6936 0.0, 2.9035 1.6864 -0.1969, 2.9035 1.6864 0.0, 2.9151 1.6807 -0.1969, 2.9151 1.6807 0.0, 2.9273 1.6766 -0.1969, 2.9273 1.6766 0.0, 2.9399 1.6741 -0.1969, 2.9399 1.6741 0.0, 2.9528 1.6732 -0.1969, 2.9528 1.6732 0.0, -2.4016 2.4626 -0.1969, -2.4016 2.1654 -0.1969, -2.4016 2.4626 -0.1181, -2.4016 2.1654 -0.1181, -2.39 2.4521 -0.1969, -2.39 2.4521 -0.1181, -2.3773 2.4429 -0.1969, -2.3773 2.4429 -0.1181, -2.3637 2.4353 -0.1969, -2.3637 2.4353 -0.1181, -2.3492 2.4292 -0.1969, -2.3492 2.4292 -0.1181, -2.3342 2.4248 -0.1969, -2.3342 2.4248 -0.1181, -2.3188 2.4221 -0.1969, -2.3188 2.4221 -0.1181, -2.3031 2.4213 -0.1181, -2.2875 2.4221 -0.1969, -2.2875 2.4221 -0.1181, -2.2721 2.4248 -0.1969, -2.2721 2.4248 -0.1181, -2.2571 2.4292 -0.1969, -2.2571 2.4292 -0.1181, -2.2426 2.4353 -0.1969, -2.2426 2.4353 -0.1181, -2.229 2.4429 -0.1969, -2.229 2.4429 -0.1181, -2.2163 2.4521 -0.1969, -2.2163 2.4521 -0.1181, -2.2047 2.4626 -0.1969, -2.2047 2.4626 -0.1181, -2.2047 2.1654 -0.1969, -2.2047 2.1654 -0.1181, -2.0472 2.1654 -0.1969, -1.8504 2.1654 -0.1969, -2.0472 2.1654 -0.1181, -1.8504 2.1654 -0.1181, -2.0472 2.4626 -0.1969, -2.0472 2.4626 -0.1181, -2.0357 2.4521 -0.1969, -2.0357 2.4521 -0.1181, -2.023 2.4429 -0.1969, -2.023 2.4429 -0.1181, -2.0093 2.4353 -0.1969, -2.0093 2.4353 -0.1181, -1.9949 2.4292 -0.1969, -1.9949 2.4292 -0.1181, -1.9799 2.4248 -0.1969, -1.9799 2.4248 -0.1181, -1.9644 2.4221 -0.1969, -1.9644 2.4221 -0.1181, -1.9488 2.4213 -0.1181, -1.9332 2.4221 -0.1969, -1.9332 2.4221 -0.1181, -1.9178 2.4248 -0.1969, -1.9178 2.4248 -0.1181, -1.9027 2.4292 -0.1969, -1.9027 2.4292 -0.1181, -1.8883 2.4353 -0.1969, -1.8883 2.4353 -0.1181, -1.8747 2.4429 -0.1969, -1.8747 2.4429 -0.1181, -1.862 2.4521 -0.1969, -1.862 2.4521 -0.1181, -1.8504 2.4626 -0.1969, -1.8504 2.4626 -0.1181, -1.6929 2.1654 -0.1969, -1.4961 2.1654 -0.1969, -1.6929 2.1654 -0.1181, -1.4961 2.1654 -0.1181, -1.6929 2.4626 -0.1969, -1.6929 2.4626 -0.1181, -1.6813 2.4521 -0.1969, -1.6813 2.4521 -0.1181, -1.6686 2.4429 -0.1969, -1.6686 2.4429 -0.1181, -1.655 2.4353 -0.1969, -1.655 2.4353 -0.1181, -1.6406 2.4292 -0.1969, -1.6406 2.4292 -0.1181, -1.6255 2.4248 -0.1969, -1.6255 2.4248 -0.1181, -1.6101 2.4221 -0.1969, -1.6101 2.4221 -0.1181, -1.5945 2.4213 -0.1181, -1.5789 2.4221 -0.1969, -1.5789 2.4221 -0.1181, -1.5634 2.4248 -0.1969, -1.5634 2.4248 -0.1181, -1.5484 2.4292 -0.1969, -1.5484 2.4292 -0.1181, -1.534 2.4353 -0.1969, -1.534 2.4353 -0.1181, -1.5203 2.4429 -0.1969, -1.5203 2.4429 -0.1181, -1.5076 2.4521 -0.1969, -1.5076 2.4521 -0.1181, -1.4961 2.4626 -0.1969, -1.4961 2.4626 -0.1181, -1.3386 2.1654 -0.1969, -1.1417 2.1654 -0.1969, -1.3386 2.1654 -0.1181, -1.1417 2.1654 -0.1181, -1.3386 2.4626 -0.1969, -1.3386 2.4626 -0.1181, -1.327 2.4521 -0.1969, -1.327 2.4521 -0.1181, -1.3143 2.4429 -0.1969, -1.3143 2.4429 -0.1181, -1.3007 2.4353 -0.1969, -1.3007 2.4353 -0.1181, -1.2862 2.4292 -0.1969, -1.2862 2.4292 -0.1181, -1.2712 2.4248 -0.1969, -1.2712 2.4248 -0.1181, -1.2558 2.4221 -0.1969, -1.2558 2.4221 -0.1181, -1.2402 2.4213 -0.1181, -1.2245 2.4221 -0.1969, -1.2245 2.4221 -0.1181, -1.2091 2.4248 -0.1969, -1.2091 2.4248 -0.1181, -1.1941 2.4292 -0.1969, -1.1941 2.4292 -0.1181, -1.1796 2.4353 -0.1969, -1.1796 2.4353 -0.1181, -1.166 2.4429 -0.1969, -1.166 2.4429 -0.1181, -1.1533 2.4521 -0.1969, -1.1533 2.4521 -0.1181, -1.1417 2.4626 -0.1969, -1.1417 2.4626 -0.1181, -0.9843 2.1654 -0.1969, -0.7874 2.1654 -0.1969, -0.9843 2.1654 -0.1181, -0.7874 2.1654 -0.1181, -0.9843 2.4626 -0.1969, -0.9843 2.4626 -0.1181, -0.9727 2.4521 -0.1969, -0.9727 2.4521 -0.1181, -0.96 2.4429 -0.1969, -0.96 2.4429 -0.1181, -0.9463 2.4353 -0.1969, -0.9463 2.4353 -0.1181, -0.9319 2.4292 -0.1969, -0.9319 2.4292 -0.1181, -0.9169 2.4248 -0.1969, -0.9169 2.4248 -0.1181, -0.9015 2.4221 -0.1969, -0.9015 2.4221 -0.1181, -0.8858 2.4213 -0.1181, -0.8702 2.4221 -0.1969, -0.8702 2.4221 -0.1181, -0.8548 2.4248 -0.1969, -0.8548 2.4248 -0.1181, -0.8397 2.4292 -0.1969, -0.8397 2.4292 -0.1181, -0.8253 2.4353 -0.1969, -0.8253 2.4353 -0.1181, -0.8117 2.4429 -0.1969, -0.8117 2.4429 -0.1181, -0.799 2.4521 -0.1969, -0.799 2.4521 -0.1181, -0.7874 2.4626 -0.1969, -0.7874 2.4626 -0.1181, -0.6299 2.1654 -0.1969, -0.4331 2.1654 -0.1969, -0.6299 2.1654 -0.1181, -0.4331 2.1654 -0.1181, -0.6299 2.4626 -0.1969, -0.6299 2.4626 -0.1181, -0.6183 2.4521 -0.1969, -0.6183 2.4521 -0.1181, -0.6057 2.4429 -0.1969, -0.6057 2.4429 -0.1181, -0.592 2.4353 -0.1969, -0.592 2.4353 -0.1181, -0.5776 2.4292 -0.1969, -0.5776 2.4292 -0.1181, -0.5625 2.4248 -0.1969, -0.5625 2.4248 -0.1181, -0.5471 2.4221 -0.1969, -0.5471 2.4221 -0.1181, -0.5315 2.4213 -0.1181, -0.5159 2.4221 -0.1969, -0.5159 2.4221 -0.1181, -0.5004 2.4248 -0.1969, -0.5004 2.4248 -0.1181, -0.4854 2.4292 -0.1969, -0.4854 2.4292 -0.1181, -0.471 2.4353 -0.1969, -0.471 2.4353 -0.1181, -0.4573 2.4429 -0.1969, -0.4573 2.4429 -0.1181, -0.4446 2.4521 -0.1969, -0.4446 2.4521 -0.1181, -0.4331 2.4626 -0.1969, -0.4331 2.4626 -0.1181, -0.2756 2.1654 -0.1969, -0.0787 2.1654 -0.1969, -0.2756 2.1654 -0.1181, -0.0787 2.1654 -0.1181, -0.2756 2.4626 -0.1969, -0.2756 2.4626 -0.1181, -0.264 2.4521 -0.1969, -0.264 2.4521 -0.1181, -0.2513 2.4429 -0.1969, -0.2513 2.4429 -0.1181, -0.2377 2.4353 -0.1969, -0.2377 2.4353 -0.1181, -0.2232 2.4292 -0.1969, -0.2232 2.4292 -0.1181, -0.2082 2.4248 -0.1969, -0.2082 2.4248 -0.1181, -0.1928 2.4221 -0.1969, -0.1928 2.4221 -0.1181, -0.1772 2.4213 -0.1181, -0.1615 2.4221 -0.1969, -0.1615 2.4221 -0.1181, -0.1461 2.4248 -0.1969, -0.1461 2.4248 -0.1181, -0.1311 2.4292 -0.1969, -0.1311 2.4292 -0.1181, -0.1167 2.4353 -0.1969, -0.1167 2.4353 -0.1181, -0.103 2.4429 -0.1969, -0.103 2.4429 -0.1181, -0.0903 2.4521 -0.1969, -0.0903 2.4521 -0.1181, -0.0787 2.4626 -0.1969, -0.0787 2.4626 -0.1181, 0.0787 2.1654 -0.1969, 0.2756 2.1654 -0.1969, 0.0787 2.1654 -0.1181, 0.2756 2.1654 -0.1181, 0.0787 2.4626 -0.1969, 0.0787 2.4626 -0.1181, 0.0903 2.4521 -0.1969, 0.0903 2.4521 -0.1181, 0.103 2.4429 -0.1969, 0.103 2.4429 -0.1181, 0.1167 2.4353 -0.1969, 0.1167 2.4353 -0.1181, 0.1311 2.4292 -0.1969, 0.1311 2.4292 -0.1181, 0.1461 2.4248 -0.1969, 0.1461 2.4248 -0.1181, 0.1615 2.4221 -0.1969, 0.1615 2.4221 -0.1181, 0.1772 2.4213 -0.1181, 0.1928 2.4221 -0.1969, 0.1928 2.4221 -0.1181, 0.2082 2.4248 -0.1969, 0.2082 2.4248 -0.1181, 0.2232 2.4292 -0.1969, 0.2232 2.4292 -0.1181, 0.2377 2.4353 -0.1969, 0.2377 2.4353 -0.1181, 0.2513 2.4429 -0.1969, 0.2513 2.4429 -0.1181, 0.264 2.4521 -0.1969, 0.264 2.4521 -0.1181, 0.2756 2.4626 -0.1969, 0.2756 2.4626 -0.1181, 0.4331 2.1654 -0.1969, 0.6299 2.1654 -0.1969, 0.4331 2.1654 -0.1181, 0.6299 2.1654 -0.1181, 0.4331 2.4626 -0.1969, 0.4331 2.4626 -0.1181, 0.4446 2.4521 -0.1969, 0.4446 2.4521 -0.1181, 0.4573 2.4429 -0.1969, 0.4573 2.4429 -0.1181, 0.471 2.4353 -0.1969, 0.471 2.4353 -0.1181, 0.4854 2.4292 -0.1969, 0.4854 2.4292 -0.1181, 0.5004 2.4248 -0.1969, 0.5004 2.4248 -0.1181, 0.5159 2.4221 -0.1969, 0.5159 2.4221 -0.1181, 0.5315 2.4213 -0.1181, 0.5471 2.4221 -0.1969, 0.5471 2.4221 -0.1181, 0.5625 2.4248 -0.1969, 0.5625 2.4248 -0.1181, 0.5776 2.4292 -0.1969, 0.5776 2.4292 -0.1181, 0.592 2.4353 -0.1969, 0.592 2.4353 -0.1181, 0.6057 2.4429 -0.1969, 0.6057 2.4429 -0.1181, 0.6183 2.4521 -0.1969, 0.6183 2.4521 -0.1181, 0.6299 2.4626 -0.1969, 0.6299 2.4626 -0.1181, 0.7874 2.1654 -0.1969, 0.9843 2.1654 -0.1969, 0.7874 2.1654 -0.1181, 0.9843 2.1654 -0.1181, 0.7874 2.4626 -0.1969, 0.7874 2.4626 -0.1181, 0.799 2.4521 -0.1969, 0.799 2.4521 -0.1181, 0.8117 2.4429 -0.1969, 0.8117 2.4429 -0.1181, 0.8253 2.4353 -0.1969, 0.8253 2.4353 -0.1181, 0.8397 2.4292 -0.1969, 0.8397 2.4292 -0.1181, 0.8548 2.4248 -0.1969, 0.8548 2.4248 -0.1181, 0.8702 2.4221 -0.1969, 0.8702 2.4221 -0.1181, 0.8858 2.4213 -0.1181, 0.9015 2.4221 -0.1969, 0.9015 2.4221 -0.1181, 0.9169 2.4248 -0.1969, 0.9169 2.4248 -0.1181, 0.9319 2.4292 -0.1969, 0.9319 2.4292 -0.1181, 0.9463 2.4353 -0.1969, 0.9463 2.4353 -0.1181, 0.96 2.4429 -0.1969, 0.96 2.4429 -0.1181, 0.9727 2.4521 -0.1969, 0.9727 2.4521 -0.1181, 0.9843 2.4626 -0.1969, 0.9843 2.4626 -0.1181, 1.1417 2.1654 -0.1969, 1.3386 2.1654 -0.1969, 1.1417 2.1654 -0.1181, 1.3386 2.1654 -0.1181, 1.1417 2.4626 -0.1969, 1.1417 2.4626 -0.1181, 1.1533 2.4521 -0.1969, 1.1533 2.4521 -0.1181, 1.166 2.4429 -0.1969, 1.166 2.4429 -0.1181, 1.1796 2.4353 -0.1969, 1.1796 2.4353 -0.1181, 1.1941 2.4292 -0.1969, 1.1941 2.4292 -0.1181, 1.2091 2.4248 -0.1969, 1.2091 2.4248 -0.1181, 1.2245 2.4221 -0.1969, 1.2245 2.4221 -0.1181, 1.2402 2.4213 -0.1181, 1.2558 2.4221 -0.1969, 1.2558 2.4221 -0.1181, 1.2712 2.4248 -0.1969, 1.2712 2.4248 -0.1181, 1.2862 2.4292 -0.1969, 1.2862 2.4292 -0.1181, 1.3007 2.4353 -0.1969, 1.3007 2.4353 -0.1181, 1.3143 2.4429 -0.1969, 1.3143 2.4429 -0.1181, 1.327 2.4521 -0.1969, 1.327 2.4521 -0.1181, 1.3386 2.4626 -0.1969, 1.3386 2.4626 -0.1181, 1.4961 2.1654 -0.1969, 1.6929 2.1654 -0.1969, 1.4961 2.1654 -0.1181, 1.6929 2.1654 -0.1181, 1.4961 2.4626 -0.1969, 1.4961 2.4626 -0.1181, 1.5076 2.4521 -0.1969, 1.5076 2.4521 -0.1181, 1.5203 2.4429 -0.1969, 1.5203 2.4429 -0.1181, 1.534 2.4353 -0.1969, 1.534 2.4353 -0.1181, 1.5484 2.4292 -0.1969, 1.5484 2.4292 -0.1181, 1.5634 2.4248 -0.1969, 1.5634 2.4248 -0.1181, 1.5789 2.4221 -0.1969, 1.5789 2.4221 -0.1181, 1.5945 2.4213 -0.1181, 1.6101 2.4221 -0.1969, 1.6101 2.4221 -0.1181, 1.6255 2.4248 -0.1969, 1.6255 2.4248 -0.1181, 1.6406 2.4292 -0.1969, 1.6406 2.4292 -0.1181, 1.655 2.4353 -0.1969, 1.655 2.4353 -0.1181, 1.6686 2.4429 -0.1969, 1.6686 2.4429 -0.1181, 1.6813 2.4521 -0.1969, 1.6813 2.4521 -0.1181, 1.6929 2.4626 -0.1969, 1.6929 2.4626 -0.1181, 1.8504 2.1654 -0.1969, 2.0472 2.1654 -0.1969, 1.8504 2.1654 -0.1181, 2.0472 2.1654 -0.1181, 1.8504 2.4626 -0.1969, 1.8504 2.4626 -0.1181, 1.862 2.4521 -0.1969, 1.862 2.4521 -0.1181, 1.8747 2.4429 -0.1969, 1.8747 2.4429 -0.1181, 1.8883 2.4353 -0.1969, 1.8883 2.4353 -0.1181, 1.9027 2.4292 -0.1969, 1.9027 2.4292 -0.1181, 1.9178 2.4248 -0.1969, 1.9178 2.4248 -0.1181, 1.9332 2.4221 -0.1969, 1.9332 2.4221 -0.1181, 1.9488 2.4213 -0.1181, 1.9644 2.4221 -0.1969, 1.9644 2.4221 -0.1181, 1.9799 2.4248 -0.1969, 1.9799 2.4248 -0.1181, 1.9949 2.4292 -0.1969, 1.9949 2.4292 -0.1181, 2.0093 2.4353 -0.1969, 2.0093 2.4353 -0.1181, 2.023 2.4429 -0.1969, 2.023 2.4429 -0.1181, 2.0357 2.4521 -0.1969, 2.0357 2.4521 -0.1181, 2.0472 2.4626 -0.1969, 2.0472 2.4626 -0.1181, 2.2047 2.1654 -0.1969, 2.4016 2.1654 -0.1969, 2.2047 2.1654 -0.1181, 2.4016 2.1654 -0.1181, 2.2047 2.4626 -0.1969, 2.2047 2.4626 -0.1181, 2.2163 2.4521 -0.1969, 2.2163 2.4521 -0.1181, 2.229 2.4429 -0.1969, 2.229 2.4429 -0.1181, 2.2426 2.4353 -0.1969, 2.2426 2.4353 -0.1181, 2.2571 2.4292 -0.1969, 2.2571 2.4292 -0.1181, 2.2721 2.4248 -0.1969, 2.2721 2.4248 -0.1181, 2.2875 2.4221 -0.1969, 2.2875 2.4221 -0.1181, 2.3031 2.4213 -0.1181, 2.3188 2.4221 -0.1969, 2.3188 2.4221 -0.1181, 2.3342 2.4248 -0.1969, 2.3342 2.4248 -0.1181, 2.3492 2.4292 -0.1969, 2.3492 2.4292 -0.1181, 2.3637 2.4353 -0.1969, 2.3637 2.4353 -0.1181, 2.3773 2.4429 -0.1969, 2.3773 2.4429 -0.1181, 2.39 2.4521 -0.1969, 2.39 2.4521 -0.1181, 2.4016 2.4626 -0.1969, 2.4016 2.4626 -0.1181, 2.4016 -2.4626 -0.1969, 2.4016 -2.4626 -0.1181, 2.39 -2.4521 -0.1969, 2.39 -2.4521 -0.1181, 2.3773 -2.4429 -0.1969, 2.3773 -2.4429 -0.1181, 2.3637 -2.4353 -0.1969, 2.3637 -2.4353 -0.1181, 2.3492 -2.4292 -0.1969, 2.3492 -2.4292 -0.1181, 2.3342 -2.4248 -0.1969, 2.3342 -2.4248 -0.1181, 2.3188 -2.4221 -0.1969, 2.3188 -2.4221 -0.1181, 2.3031 -2.4213 -0.1181, 2.2875 -2.4221 -0.1969, 2.2875 -2.4221 -0.1181, 2.2721 -2.4248 -0.1969, 2.2721 -2.4248 -0.1181, 2.2571 -2.4292 -0.1969, 2.2571 -2.4292 -0.1181, 2.2426 -2.4353 -0.1969, 2.2426 -2.4353 -0.1181, 2.229 -2.4429 -0.1969, 2.229 -2.4429 -0.1181, 2.2163 -2.4521 -0.1969, 2.2163 -2.4521 -0.1181, 2.2047 -2.4626 -0.1969, 2.2047 -2.4626 -0.1181, 2.2047 -2.1654 -0.1969, 2.2047 -2.1654 -0.1181, 2.4016 -2.1654 -0.1969, 2.4016 -2.1654 -0.1181, 2.0472 -2.4626 -0.1969, 2.0472 -2.4626 -0.1181, 2.0357 -2.4521 -0.1969, 2.0357 -2.4521 -0.1181, 2.023 -2.4429 -0.1969, 2.023 -2.4429 -0.1181, 2.0093 -2.4353 -0.1969, 2.0093 -2.4353 -0.1181, 1.9949 -2.4292 -0.1969, 1.9949 -2.4292 -0.1181, 1.9799 -2.4248 -0.1969, 1.9799 -2.4248 -0.1181, 1.9644 -2.4221 -0.1969, 1.9644 -2.4221 -0.1181, 1.9488 -2.4213 -0.1181, 1.9332 -2.4221 -0.1969, 1.9332 -2.4221 -0.1181, 1.9178 -2.4248 -0.1969, 1.9178 -2.4248 -0.1181, 1.9027 -2.4292 -0.1969, 1.9027 -2.4292 -0.1181, 1.8883 -2.4353 -0.1969, 1.8883 -2.4353 -0.1181, 1.8747 -2.4429 -0.1969, 1.8747 -2.4429 -0.1181, 1.862 -2.4521 -0.1969, 1.862 -2.4521 -0.1181, 1.8504 -2.4626 -0.1969, 1.8504 -2.4626 -0.1181, 1.8504 -2.1654 -0.1969, 1.8504 -2.1654 -0.1181, 2.0472 -2.1654 -0.1969, 2.0472 -2.1654 -0.1181, 1.6929 -2.4626 -0.1969, 1.6929 -2.4626 -0.1181, 1.6813 -2.4521 -0.1969, 1.6813 -2.4521 -0.1181, 1.6686 -2.4429 -0.1969, 1.6686 -2.4429 -0.1181, 1.655 -2.4353 -0.1969, 1.655 -2.4353 -0.1181, 1.6406 -2.4292 -0.1969, 1.6406 -2.4292 -0.1181, 1.6255 -2.4248 -0.1969, 1.6255 -2.4248 -0.1181, 1.6101 -2.4221 -0.1969, 1.6101 -2.4221 -0.1181, 1.5945 -2.4213 -0.1181, 1.5789 -2.4221 -0.1969, 1.5789 -2.4221 -0.1181, 1.5634 -2.4248 -0.1969, 1.5634 -2.4248 -0.1181, 1.5484 -2.4292 -0.1969, 1.5484 -2.4292 -0.1181, 1.534 -2.4353 -0.1969, 1.534 -2.4353 -0.1181, 1.5203 -2.4429 -0.1969, 1.5203 -2.4429 -0.1181, 1.5076 -2.4521 -0.1969, 1.5076 -2.4521 -0.1181, 1.4961 -2.4626 -0.1969, 1.4961 -2.4626 -0.1181, 1.4961 -2.1654 -0.1969, 1.4961 -2.1654 -0.1181, 1.6929 -2.1654 -0.1969, 1.6929 -2.1654 -0.1181, 1.3386 -2.4626 -0.1969, 1.3386 -2.4626 -0.1181, 1.327 -2.4521 -0.1969, 1.327 -2.4521 -0.1181, 1.3143 -2.4429 -0.1969, 1.3143 -2.4429 -0.1181, 1.3007 -2.4353 -0.1969, 1.3007 -2.4353 -0.1181, 1.2862 -2.4292 -0.1969, 1.2862 -2.4292 -0.1181, 1.2712 -2.4248 -0.1969, 1.2712 -2.4248 -0.1181, 1.2558 -2.4221 -0.1969, 1.2558 -2.4221 -0.1181, 1.2402 -2.4213 -0.1181, 1.2245 -2.4221 -0.1969, 1.2245 -2.4221 -0.1181, 1.2091 -2.4248 -0.1969, 1.2091 -2.4248 -0.1181, 1.1941 -2.4292 -0.1969, 1.1941 -2.4292 -0.1181, 1.1796 -2.4353 -0.1969, 1.1796 -2.4353 -0.1181, 1.166 -2.4429 -0.1969, 1.166 -2.4429 -0.1181, 1.1533 -2.4521 -0.1969, 1.1533 -2.4521 -0.1181, 1.1417 -2.4626 -0.1969, 1.1417 -2.4626 -0.1181, 1.1417 -2.1654 -0.1969, 1.1417 -2.1654 -0.1181, 1.3386 -2.1654 -0.1969, 1.3386 -2.1654 -0.1181, 0.9843 -2.4626 -0.1969, 0.9843 -2.4626 -0.1181, 0.9727 -2.4521 -0.1969, 0.9727 -2.4521 -0.1181, 0.96 -2.4429 -0.1969, 0.96 -2.4429 -0.1181, 0.9463 -2.4353 -0.1969, 0.9463 -2.4353 -0.1181, 0.9319 -2.4292 -0.1969, 0.9319 -2.4292 -0.1181, 0.9169 -2.4248 -0.1969, 0.9169 -2.4248 -0.1181, 0.9015 -2.4221 -0.1969, 0.9015 -2.4221 -0.1181, 0.8858 -2.4213 -0.1181, 0.8702 -2.4221 -0.1969, 0.8702 -2.4221 -0.1181, 0.8548 -2.4248 -0.1969, 0.8548 -2.4248 -0.1181, 0.8397 -2.4292 -0.1969, 0.8397 -2.4292 -0.1181, 0.8253 -2.4353 -0.1969, 0.8253 -2.4353 -0.1181, 0.8117 -2.4429 -0.1969, 0.8117 -2.4429 -0.1181, 0.799 -2.4521 -0.1969, 0.799 -2.4521 -0.1181, 0.7874 -2.4626 -0.1969, 0.7874 -2.4626 -0.1181, 0.7874 -2.1654 -0.1969, 0.7874 -2.1654 -0.1181, 0.9843 -2.1654 -0.1969, 0.9843 -2.1654 -0.1181, 0.6299 -2.4626 -0.1969, 0.6299 -2.4626 -0.1181, 0.6183 -2.4521 -0.1969, 0.6183 -2.4521 -0.1181, 0.6057 -2.4429 -0.1969, 0.6057 -2.4429 -0.1181, 0.592 -2.4353 -0.1969, 0.592 -2.4353 -0.1181, 0.5776 -2.4292 -0.1969, 0.5776 -2.4292 -0.1181, 0.5625 -2.4248 -0.1969, 0.5625 -2.4248 -0.1181, 0.5471 -2.4221 -0.1969, 0.5471 -2.4221 -0.1181, 0.5315 -2.4213 -0.1181, 0.5159 -2.4221 -0.1969, 0.5159 -2.4221 -0.1181, 0.5004 -2.4248 -0.1969, 0.5004 -2.4248 -0.1181, 0.4854 -2.4292 -0.1969, 0.4854 -2.4292 -0.1181, 0.471 -2.4353 -0.1969, 0.471 -2.4353 -0.1181, 0.4573 -2.4429 -0.1969, 0.4573 -2.4429 -0.1181, 0.4446 -2.4521 -0.1969, 0.4446 -2.4521 -0.1181, 0.4331 -2.4626 -0.1969, 0.4331 -2.4626 -0.1181, 0.4331 -2.1654 -0.1969, 0.4331 -2.1654 -0.1181, 0.6299 -2.1654 -0.1969, 0.6299 -2.1654 -0.1181, 0.2756 -2.4626 -0.1969, 0.2756 -2.4626 -0.1181, 0.264 -2.4521 -0.1969, 0.264 -2.4521 -0.1181, 0.2513 -2.4429 -0.1969, 0.2513 -2.4429 -0.1181, 0.2377 -2.4353 -0.1969, 0.2377 -2.4353 -0.1181, 0.2232 -2.4292 -0.1969, 0.2232 -2.4292 -0.1181, 0.2082 -2.4248 -0.1969, 0.2082 -2.4248 -0.1181, 0.1928 -2.4221 -0.1969, 0.1928 -2.4221 -0.1181, 0.1772 -2.4213 -0.1181, 0.1615 -2.4221 -0.1969, 0.1615 -2.4221 -0.1181, 0.1461 -2.4248 -0.1969, 0.1461 -2.4248 -0.1181, 0.1311 -2.4292 -0.1969, 0.1311 -2.4292 -0.1181, 0.1167 -2.4353 -0.1969, 0.1167 -2.4353 -0.1181, 0.103 -2.4429 -0.1969, 0.103 -2.4429 -0.1181, 0.0903 -2.4521 -0.1969, 0.0903 -2.4521 -0.1181, 0.0787 -2.4626 -0.1969, 0.0787 -2.4626 -0.1181, 0.0787 -2.1654 -0.1969, 0.0787 -2.1654 -0.1181, 0.2756 -2.1654 -0.1969, 0.2756 -2.1654 -0.1181, -0.0787 -2.4626 -0.1969, -0.0787 -2.4626 -0.1181, -0.0903 -2.4521 -0.1969, -0.0903 -2.4521 -0.1181, -0.103 -2.4429 -0.1969, -0.103 -2.4429 -0.1181, -0.1167 -2.4353 -0.1969, -0.1167 -2.4353 -0.1181, -0.1311 -2.4292 -0.1969, -0.1311 -2.4292 -0.1181, -0.1461 -2.4248 -0.1969, -0.1461 -2.4248 -0.1181, -0.1615 -2.4221 -0.1969, -0.1615 -2.4221 -0.1181, -0.1772 -2.4213 -0.1181, -0.1928 -2.4221 -0.1969, -0.1928 -2.4221 -0.1181, -0.2082 -2.4248 -0.1969, -0.2082 -2.4248 -0.1181, -0.2232 -2.4292 -0.1969, -0.2232 -2.4292 -0.1181, -0.2377 -2.4353 -0.1969, -0.2377 -2.4353 -0.1181, -0.2513 -2.4429 -0.1969, -0.2513 -2.4429 -0.1181, -0.264 -2.4521 -0.1969, -0.264 -2.4521 -0.1181, -0.2756 -2.4626 -0.1969, -0.2756 -2.4626 -0.1181, -0.2756 -2.1654 -0.1969, -0.2756 -2.1654 -0.1181, -0.0787 -2.1654 -0.1969, -0.0787 -2.1654 -0.1181, -0.4331 -2.4626 -0.1969, -0.4331 -2.4626 -0.1181, -0.4446 -2.4521 -0.1969, -0.4446 -2.4521 -0.1181, -0.4573 -2.4429 -0.1969, -0.4573 -2.4429 -0.1181, -0.471 -2.4353 -0.1969, -0.471 -2.4353 -0.1181, -0.4854 -2.4292 -0.1969, -0.4854 -2.4292 -0.1181, -0.5004 -2.4248 -0.1969, -0.5004 -2.4248 -0.1181, -0.5159 -2.4221 -0.1969, -0.5159 -2.4221 -0.1181, -0.5315 -2.4213 -0.1181, -0.5471 -2.4221 -0.1969, -0.5471 -2.4221 -0.1181, -0.5625 -2.4248 -0.1969, -0.5625 -2.4248 -0.1181, -0.5776 -2.4292 -0.1969, -0.5776 -2.4292 -0.1181, -0.592 -2.4353 -0.1969, -0.592 -2.4353 -0.1181, -0.6057 -2.4429 -0.1969, -0.6057 -2.4429 -0.1181, -0.6183 -2.4521 -0.1969, -0.6183 -2.4521 -0.1181, -0.6299 -2.4626 -0.1969, -0.6299 -2.4626 -0.1181, -0.6299 -2.1654 -0.1969, -0.6299 -2.1654 -0.1181, -0.4331 -2.1654 -0.1969, -0.4331 -2.1654 -0.1181, -0.7874 -2.4626 -0.1969, -0.7874 -2.4626 -0.1181, -0.799 -2.4521 -0.1969, -0.799 -2.4521 -0.1181, -0.8117 -2.4429 -0.1969, -0.8117 -2.4429 -0.1181, -0.8253 -2.4353 -0.1969, -0.8253 -2.4353 -0.1181, -0.8397 -2.4292 -0.1969, -0.8397 -2.4292 -0.1181, -0.8548 -2.4248 -0.1969, -0.8548 -2.4248 -0.1181, -0.8702 -2.4221 -0.1969, -0.8702 -2.4221 -0.1181, -0.8858 -2.4213 -0.1181, -0.9015 -2.4221 -0.1969, -0.9015 -2.4221 -0.1181, -0.9169 -2.4248 -0.1969, -0.9169 -2.4248 -0.1181, -0.9319 -2.4292 -0.1969, -0.9319 -2.4292 -0.1181, -0.9463 -2.4353 -0.1969, -0.9463 -2.4353 -0.1181, -0.96 -2.4429 -0.1969, -0.96 -2.4429 -0.1181, -0.9727 -2.4521 -0.1969, -0.9727 -2.4521 -0.1181, -0.9843 -2.4626 -0.1969, -0.9843 -2.4626 -0.1181, -0.9843 -2.1654 -0.1969, -0.9843 -2.1654 -0.1181, -0.7874 -2.1654 -0.1969, -0.7874 -2.1654 -0.1181, -1.1417 -2.4626 -0.1969, -1.1417 -2.4626 -0.1181, -1.1533 -2.4521 -0.1969, -1.1533 -2.4521 -0.1181, -1.166 -2.4429 -0.1969, -1.166 -2.4429 -0.1181, -1.1796 -2.4353 -0.1969, -1.1796 -2.4353 -0.1181, -1.1941 -2.4292 -0.1969, -1.1941 -2.4292 -0.1181, -1.2091 -2.4248 -0.1969, -1.2091 -2.4248 -0.1181, -1.2245 -2.4221 -0.1969, -1.2245 -2.4221 -0.1181, -1.2402 -2.4213 -0.1181, -1.2558 -2.4221 -0.1969, -1.2558 -2.4221 -0.1181, -1.2712 -2.4248 -0.1969, -1.2712 -2.4248 -0.1181, -1.2862 -2.4292 -0.1969, -1.2862 -2.4292 -0.1181, -1.3007 -2.4353 -0.1969, -1.3007 -2.4353 -0.1181, -1.3143 -2.4429 -0.1969, -1.3143 -2.4429 -0.1181, -1.327 -2.4521 -0.1969, -1.327 -2.4521 -0.1181, -1.3386 -2.4626 -0.1969, -1.3386 -2.4626 -0.1181, -1.3386 -2.1654 -0.1969, -1.3386 -2.1654 -0.1181, -1.1417 -2.1654 -0.1969, -1.1417 -2.1654 -0.1181, -1.4961 -2.4626 -0.1969, -1.4961 -2.4626 -0.1181, -1.5076 -2.4521 -0.1969, -1.5076 -2.4521 -0.1181, -1.5203 -2.4429 -0.1969, -1.5203 -2.4429 -0.1181, -1.534 -2.4353 -0.1969, -1.534 -2.4353 -0.1181, -1.5484 -2.4292 -0.1969, -1.5484 -2.4292 -0.1181, -1.5634 -2.4248 -0.1969, -1.5634 -2.4248 -0.1181, -1.5789 -2.4221 -0.1969, -1.5789 -2.4221 -0.1181, -1.5945 -2.4213 -0.1181, -1.6101 -2.4221 -0.1969, -1.6101 -2.4221 -0.1181, -1.6255 -2.4248 -0.1969, -1.6255 -2.4248 -0.1181, -1.6406 -2.4292 -0.1969, -1.6406 -2.4292 -0.1181, -1.655 -2.4353 -0.1969, -1.655 -2.4353 -0.1181, -1.6686 -2.4429 -0.1969, -1.6686 -2.4429 -0.1181, -1.6813 -2.4521 -0.1969, -1.6813 -2.4521 -0.1181, -1.6929 -2.4626 -0.1969, -1.6929 -2.4626 -0.1181, -1.6929 -2.1654 -0.1969, -1.6929 -2.1654 -0.1181, -1.4961 -2.1654 -0.1969, -1.4961 -2.1654 -0.1181, -1.8504 -2.4626 -0.1969, -1.8504 -2.4626 -0.1181, -1.862 -2.4521 -0.1969, -1.862 -2.4521 -0.1181, -1.8747 -2.4429 -0.1969, -1.8747 -2.4429 -0.1181, -1.8883 -2.4353 -0.1969, -1.8883 -2.4353 -0.1181, -1.9027 -2.4292 -0.1969, -1.9027 -2.4292 -0.1181, -1.9178 -2.4248 -0.1969, -1.9178 -2.4248 -0.1181, -1.9332 -2.4221 -0.1969, -1.9332 -2.4221 -0.1181, -1.9488 -2.4213 -0.1181, -1.9644 -2.4221 -0.1969, -1.9644 -2.4221 -0.1181, -1.9799 -2.4248 -0.1969, -1.9799 -2.4248 -0.1181, -1.9949 -2.4292 -0.1969, -1.9949 -2.4292 -0.1181, -2.0093 -2.4353 -0.1969, -2.0093 -2.4353 -0.1181, -2.023 -2.4429 -0.1969, -2.023 -2.4429 -0.1181, -2.0357 -2.4521 -0.1969, -2.0357 -2.4521 -0.1181, -2.0472 -2.4626 -0.1969, -2.0472 -2.4626 -0.1181, -2.0472 -2.1654 -0.1969, -2.0472 -2.1654 -0.1181, -1.8504 -2.1654 -0.1969, -1.8504 -2.1654 -0.1181, -2.2047 -2.4626 -0.1969, -2.2047 -2.4626 -0.1181, -2.2163 -2.4521 -0.1969, -2.2163 -2.4521 -0.1181, -2.229 -2.4429 -0.1969, -2.229 -2.4429 -0.1181, -2.2426 -2.4353 -0.1969, -2.2426 -2.4353 -0.1181, -2.2571 -2.4292 -0.1969, -2.2571 -2.4292 -0.1181, -2.2721 -2.4248 -0.1969, -2.2721 -2.4248 -0.1181, -2.2875 -2.4221 -0.1969, -2.2875 -2.4221 -0.1181, -2.3031 -2.4213 -0.1181, -2.3188 -2.4221 -0.1969, -2.3188 -2.4221 -0.1181, -2.3342 -2.4248 -0.1969, -2.3342 -2.4248 -0.1181, -2.3492 -2.4292 -0.1969, -2.3492 -2.4292 -0.1181, -2.3637 -2.4353 -0.1969, -2.3637 -2.4353 -0.1181, -2.3773 -2.4429 -0.1969, -2.3773 -2.4429 -0.1181, -2.39 -2.4521 -0.1969, -2.39 -2.4521 -0.1181, -2.4016 -2.4626 -0.1969, -2.4016 -2.4626 -0.1181, -2.4016 -2.1654 -0.1969, -2.4016 -2.1654 -0.1181, -2.2047 -2.1654 -0.1969, -2.2047 -2.1654 -0.1181, -2.5591 1.8701 -0.1969, -2.8563 1.8701 -0.1969, -2.5591 1.8701 -0.1181, -2.8563 1.8701 -0.1181, -2.5591 1.6732 -0.1969, -2.5591 1.6732 -0.1181, -2.8563 1.6732 -0.1969, -2.8563 1.6732 -0.1181, -2.8458 1.6848 -0.1969, -2.8458 1.6848 -0.1181, -2.8366 1.6975 -0.1969, -2.8366 1.6975 -0.1181, -2.829 1.7111 -0.1969, -2.829 1.7111 -0.1181, -2.8229 1.7256 -0.1969, -2.8229 1.7256 -0.1181, -2.8185 1.7406 -0.1969, -2.8185 1.7406 -0.1181, -2.8158 1.756 -0.1969, -2.8158 1.756 -0.1181, -2.815 1.7717 -0.1181, -2.8158 1.7873 -0.1969, -2.8158 1.7873 -0.1181, -2.8185 1.8027 -0.1969, -2.8185 1.8027 -0.1181, -2.8229 1.8177 -0.1969, -2.8229 1.8177 -0.1181, -2.829 1.8322 -0.1969, -2.829 1.8322 -0.1181, -2.8366 1.8458 -0.1969, -2.8366 1.8458 -0.1181, -2.8458 1.8585 -0.1969, -2.8458 1.8585 -0.1181, -2.5591 1.3189 -0.1969, -2.5591 1.5157 -0.1969, -2.5591 1.3189 -0.1181, -2.5591 1.5157 -0.1181, -2.8563 1.3189 -0.1969, -2.8563 1.3189 -0.1181, -2.8458 1.3305 -0.1969, -2.8458 1.3305 -0.1181, -2.8366 1.3432 -0.1969, -2.8366 1.3432 -0.1181, -2.829 1.3568 -0.1969, -2.829 1.3568 -0.1181, -2.8229 1.3712 -0.1969, -2.8229 1.3712 -0.1181, -2.8185 1.3863 -0.1969, -2.8185 1.3863 -0.1181, -2.8158 1.4017 -0.1969, -2.8158 1.4017 -0.1181, -2.815 1.4173 -0.1181, -2.8158 1.433 -0.1969, -2.8158 1.433 -0.1181, -2.8185 1.4484 -0.1969, -2.8185 1.4484 -0.1181, -2.8229 1.4634 -0.1969, -2.8229 1.4634 -0.1181, -2.829 1.4778 -0.1969, -2.829 1.4778 -0.1181, -2.8366 1.4915 -0.1969, -2.8366 1.4915 -0.1181, -2.8458 1.5042 -0.1969, -2.8458 1.5042 -0.1181, -2.8563 1.5157 -0.1969, -2.8563 1.5157 -0.1181, -2.5591 0.9646 -0.1969, -2.5591 1.1614 -0.1969, -2.5591 0.9646 -0.1181, -2.5591 1.1614 -0.1181, -2.8563 0.9646 -0.1969, -2.8563 0.9646 -0.1181, -2.8458 0.9761 -0.1969, -2.8458 0.9761 -0.1181, -2.8366 0.9888 -0.1969, -2.8366 0.9888 -0.1181, -2.829 1.0025 -0.1969, -2.829 1.0025 -0.1181, -2.8229 1.0169 -0.1969, -2.8229 1.0169 -0.1181, -2.8185 1.0319 -0.1969, -2.8185 1.0319 -0.1181, -2.8158 1.0474 -0.1969, -2.8158 1.0474 -0.1181, -2.815 1.063 -0.1181, -2.8158 1.0786 -0.1969, -2.8158 1.0786 -0.1181, -2.8185 1.094 -0.1969, -2.8185 1.094 -0.1181, -2.8229 1.1091 -0.1969, -2.8229 1.1091 -0.1181, -2.829 1.1235 -0.1969, -2.829 1.1235 -0.1181, -2.8366 1.1372 -0.1969, -2.8366 1.1372 -0.1181, -2.8458 1.1498 -0.1969, -2.8458 1.1498 -0.1181, -2.8563 1.1614 -0.1969, -2.8563 1.1614 -0.1181, -2.5591 0.6102 -0.1969, -2.5591 0.8071 -0.1969, -2.5591 0.6102 -0.1181, -2.5591 0.8071 -0.1181, -2.8563 0.6102 -0.1969, -2.8563 0.6102 -0.1181, -2.8458 0.6218 -0.1969, -2.8458 0.6218 -0.1181, -2.8366 0.6345 -0.1969, -2.8366 0.6345 -0.1181, -2.829 0.6482 -0.1969, -2.829 0.6482 -0.1181, -2.8229 0.6626 -0.1969, -2.8229 0.6626 -0.1181, -2.8185 0.6776 -0.1969, -2.8185 0.6776 -0.1181, -2.8158 0.693 -0.1969, -2.8158 0.693 -0.1181, -2.815 0.7087 -0.1181, -2.8158 0.7243 -0.1969, -2.8158 0.7243 -0.1181, -2.8185 0.7397 -0.1969, -2.8185 0.7397 -0.1181, -2.8229 0.7547 -0.1969, -2.8229 0.7547 -0.1181, -2.829 0.7692 -0.1969, -2.829 0.7692 -0.1181, -2.8366 0.7828 -0.1969, -2.8366 0.7828 -0.1181, -2.8458 0.7955 -0.1969, -2.8458 0.7955 -0.1181, -2.8563 0.8071 -0.1969, -2.8563 0.8071 -0.1181, -2.5591 0.2559 -0.1969, -2.5591 0.4528 -0.1969, -2.5591 0.2559 -0.1181, -2.5591 0.4528 -0.1181, -2.8563 0.2559 -0.1969, -2.8563 0.2559 -0.1181, -2.8458 0.2675 -0.1969, -2.8458 0.2675 -0.1181, -2.8366 0.2802 -0.1969, -2.8366 0.2802 -0.1181, -2.829 0.2938 -0.1969, -2.829 0.2938 -0.1181, -2.8229 0.3083 -0.1969, -2.8229 0.3083 -0.1181, -2.8185 0.3233 -0.1969, -2.8185 0.3233 -0.1181, -2.8158 0.3387 -0.1969, -2.8158 0.3387 -0.1181, -2.815 0.3543 -0.1181, -2.8158 0.37 -0.1969, -2.8158 0.37 -0.1181, -2.8185 0.3854 -0.1969, -2.8185 0.3854 -0.1181, -2.8229 0.4004 -0.1969, -2.8229 0.4004 -0.1181, -2.829 0.4148 -0.1969, -2.829 0.4148 -0.1181, -2.8366 0.4285 -0.1969, -2.8366 0.4285 -0.1181, -2.8458 0.4412 -0.1969, -2.8458 0.4412 -0.1181, -2.8563 0.4528 -0.1969, -2.8563 0.4528 -0.1181, -2.5591 -0.0984 -0.1969, -2.5591 0.0984 -0.1969, -2.5591 -0.0984 -0.1181, -2.5591 0.0984 -0.1181, -2.8563 -0.0984 -0.1969, -2.8563 -0.0984 -0.1181, -2.8458 -0.0869 -0.1969, -2.8458 -0.0869 -0.1181, -2.8366 -0.0742 -0.1969, -2.8366 -0.0742 -0.1181, -2.829 -0.0605 -0.1969, -2.829 -0.0605 -0.1181, -2.8229 -0.0461 -0.1969, -2.8229 -0.0461 -0.1181, -2.8185 -0.0311 -0.1969, -2.8185 -0.0311 -0.1181, -2.8158 -0.0156 -0.1969, -2.8158 -0.0156 -0.1181, -2.815 0.0 -0.1181, -2.8158 0.0156 -0.1969, -2.8158 0.0156 -0.1181, -2.8185 0.0311 -0.1969, -2.8185 0.0311 -0.1181, -2.8229 0.0461 -0.1969, -2.8229 0.0461 -0.1181, -2.829 0.0605 -0.1969, -2.829 0.0605 -0.1181, -2.8366 0.0742 -0.1969, -2.8366 0.0742 -0.1181, -2.8458 0.0869 -0.1969, -2.8458 0.0869 -0.1181, -2.8563 0.0984 -0.1969, -2.8563 0.0984 -0.1181, -2.5591 -0.4528 -0.1969, -2.5591 -0.2559 -0.1969, -2.5591 -0.4528 -0.1181, -2.5591 -0.2559 -0.1181, -2.8563 -0.4528 -0.1969, -2.8563 -0.4528 -0.1181, -2.8458 -0.4412 -0.1969, -2.8458 -0.4412 -0.1181, -2.8366 -0.4285 -0.1969, -2.8366 -0.4285 -0.1181, -2.829 -0.4148 -0.1969, -2.829 -0.4148 -0.1181, -2.8229 -0.4004 -0.1969, -2.8229 -0.4004 -0.1181, -2.8185 -0.3854 -0.1969, -2.8185 -0.3854 -0.1181, -2.8158 -0.37 -0.1969, -2.8158 -0.37 -0.1181, -2.815 -0.3543 -0.1181, -2.8158 -0.3387 -0.1969, -2.8158 -0.3387 -0.1181, -2.8185 -0.3233 -0.1969, -2.8185 -0.3233 -0.1181, -2.8229 -0.3083 -0.1969, -2.8229 -0.3083 -0.1181, -2.829 -0.2938 -0.1969, -2.829 -0.2938 -0.1181, -2.8366 -0.2802 -0.1969, -2.8366 -0.2802 -0.1181, -2.8458 -0.2675 -0.1969, -2.8458 -0.2675 -0.1181, -2.8563 -0.2559 -0.1969, -2.8563 -0.2559 -0.1181, -2.5591 -0.8071 -0.1969, -2.5591 -0.6102 -0.1969, -2.5591 -0.8071 -0.1181, -2.5591 -0.6102 -0.1181, -2.8563 -0.8071 -0.1969, -2.8563 -0.8071 -0.1181, -2.8458 -0.7955 -0.1969, -2.8458 -0.7955 -0.1181, -2.8366 -0.7828 -0.1969, -2.8366 -0.7828 -0.1181, -2.829 -0.7692 -0.1969, -2.829 -0.7692 -0.1181, -2.8229 -0.7547 -0.1969, -2.8229 -0.7547 -0.1181, -2.8185 -0.7397 -0.1969, -2.8185 -0.7397 -0.1181, -2.8158 -0.7243 -0.1969, -2.8158 -0.7243 -0.1181, -2.815 -0.7087 -0.1181, -2.8158 -0.693 -0.1969, -2.8158 -0.693 -0.1181, -2.8185 -0.6776 -0.1969, -2.8185 -0.6776 -0.1181, -2.8229 -0.6626 -0.1969, -2.8229 -0.6626 -0.1181, -2.829 -0.6482 -0.1969, -2.829 -0.6482 -0.1181, -2.8366 -0.6345 -0.1969, -2.8366 -0.6345 -0.1181, -2.8458 -0.6218 -0.1969, -2.8458 -0.6218 -0.1181, -2.8563 -0.6102 -0.1969, -2.8563 -0.6102 -0.1181, -2.5591 -1.1614 -0.1969, -2.5591 -0.9646 -0.1969, -2.5591 -1.1614 -0.1181, -2.5591 -0.9646 -0.1181, -2.8563 -1.1614 -0.1969, -2.8563 -1.1614 -0.1181, -2.8458 -1.1498 -0.1969, -2.8458 -1.1498 -0.1181, -2.8366 -1.1372 -0.1969, -2.8366 -1.1372 -0.1181, -2.829 -1.1235 -0.1969, -2.829 -1.1235 -0.1181, -2.8229 -1.1091 -0.1969, -2.8229 -1.1091 -0.1181, -2.8185 -1.094 -0.1969, -2.8185 -1.094 -0.1181, -2.8158 -1.0786 -0.1969, -2.8158 -1.0786 -0.1181, -2.815 -1.063 -0.1181, -2.8158 -1.0474 -0.1969, -2.8158 -1.0474 -0.1181, -2.8185 -1.0319 -0.1969, -2.8185 -1.0319 -0.1181, -2.8229 -1.0169 -0.1969, -2.8229 -1.0169 -0.1181, -2.829 -1.0025 -0.1969, -2.829 -1.0025 -0.1181, -2.8366 -0.9888 -0.1969, -2.8366 -0.9888 -0.1181, -2.8458 -0.9761 -0.1969, -2.8458 -0.9761 -0.1181, -2.8563 -0.9646 -0.1969, -2.8563 -0.9646 -0.1181, -2.5591 -1.5157 -0.1969, -2.5591 -1.3189 -0.1969, -2.5591 -1.5157 -0.1181, -2.5591 -1.3189 -0.1181, -2.8563 -1.5157 -0.1969, -2.8563 -1.5157 -0.1181, -2.8458 -1.5042 -0.1969, -2.8458 -1.5042 -0.1181, -2.8366 -1.4915 -0.1969, -2.8366 -1.4915 -0.1181, -2.829 -1.4778 -0.1969, -2.829 -1.4778 -0.1181, -2.8229 -1.4634 -0.1969, -2.8229 -1.4634 -0.1181, -2.8185 -1.4484 -0.1969, -2.8185 -1.4484 -0.1181, -2.8158 -1.433 -0.1969, -2.8158 -1.433 -0.1181, -2.815 -1.4173 -0.1181, -2.8158 -1.4017 -0.1969, -2.8158 -1.4017 -0.1181, -2.8185 -1.3863 -0.1969, -2.8185 -1.3863 -0.1181, -2.8229 -1.3712 -0.1969, -2.8229 -1.3712 -0.1181, -2.829 -1.3568 -0.1969, -2.829 -1.3568 -0.1181, -2.8366 -1.3432 -0.1969, -2.8366 -1.3432 -0.1181, -2.8458 -1.3305 -0.1969, -2.8458 -1.3305 -0.1181, -2.8563 -1.3189 -0.1969, -2.8563 -1.3189 -0.1181, -2.5591 -1.8701 -0.1969, -2.5591 -1.6732 -0.1969, -2.5591 -1.8701 -0.1181, -2.5591 -1.6732 -0.1181, -2.8563 -1.8701 -0.1969, -2.8563 -1.8701 -0.1181, -2.8458 -1.8585 -0.1969, -2.8458 -1.8585 -0.1181, -2.8366 -1.8458 -0.1969, -2.8366 -1.8458 -0.1181, -2.829 -1.8322 -0.1969, -2.829 -1.8322 -0.1181, -2.8229 -1.8177 -0.1969, -2.8229 -1.8177 -0.1181, -2.8185 -1.8027 -0.1969, -2.8185 -1.8027 -0.1181, -2.8158 -1.7873 -0.1969, -2.8158 -1.7873 -0.1181, -2.815 -1.7717 -0.1181, -2.8158 -1.756 -0.1969, -2.8158 -1.756 -0.1181, -2.8185 -1.7406 -0.1969, -2.8185 -1.7406 -0.1181, -2.8229 -1.7256 -0.1969, -2.8229 -1.7256 -0.1181, -2.829 -1.7111 -0.1969, -2.829 -1.7111 -0.1181, -2.8366 -1.6975 -0.1969, -2.8366 -1.6975 -0.1181, -2.8458 -1.6848 -0.1969, -2.8458 -1.6848 -0.1181, -2.8563 -1.6732 -0.1969, -2.8563 -1.6732 -0.1181, 2.8563 -1.6732 -0.1969, 2.8563 -1.6732 -0.1181, 2.8458 -1.6848 -0.1969, 2.8458 -1.6848 -0.1181, 2.8366 -1.6975 -0.1969, 2.8366 -1.6975 -0.1181, 2.829 -1.7111 -0.1969, 2.829 -1.7111 -0.1181, 2.8229 -1.7256 -0.1969, 2.8229 -1.7256 -0.1181, 2.8185 -1.7406 -0.1969, 2.8185 -1.7406 -0.1181, 2.8158 -1.756 -0.1969, 2.8158 -1.756 -0.1181, 2.815 -1.7717 -0.1181, 2.8158 -1.7873 -0.1969, 2.8158 -1.7873 -0.1181, 2.8185 -1.8027 -0.1969, 2.8185 -1.8027 -0.1181, 2.8229 -1.8177 -0.1969, 2.8229 -1.8177 -0.1181, 2.829 -1.8322 -0.1969, 2.829 -1.8322 -0.1181, 2.8366 -1.8458 -0.1969, 2.8366 -1.8458 -0.1181, 2.8458 -1.8585 -0.1969, 2.8458 -1.8585 -0.1181, 2.8563 -1.8701 -0.1969, 2.8563 -1.8701 -0.1181, 2.5591 -1.8701 -0.1969, 2.5591 -1.8701 -0.1181, 2.5591 -1.6732 -0.1969, 2.5591 -1.6732 -0.1181, 2.8563 -1.3189 -0.1969, 2.8563 -1.3189 -0.1181, 2.8458 -1.3305 -0.1969, 2.8458 -1.3305 -0.1181, 2.8366 -1.3432 -0.1969, 2.8366 -1.3432 -0.1181, 2.829 -1.3568 -0.1969, 2.829 -1.3568 -0.1181, 2.8229 -1.3712 -0.1969, 2.8229 -1.3712 -0.1181, 2.8185 -1.3863 -0.1969, 2.8185 -1.3863 -0.1181, 2.8158 -1.4017 -0.1969, 2.8158 -1.4017 -0.1181, 2.815 -1.4173 -0.1181, 2.8158 -1.433 -0.1969, 2.8158 -1.433 -0.1181, 2.8185 -1.4484 -0.1969, 2.8185 -1.4484 -0.1181, 2.8229 -1.4634 -0.1969, 2.8229 -1.4634 -0.1181, 2.829 -1.4778 -0.1969, 2.829 -1.4778 -0.1181, 2.8366 -1.4915 -0.1969, 2.8366 -1.4915 -0.1181, 2.8458 -1.5042 -0.1969, 2.8458 -1.5042 -0.1181, 2.8563 -1.5157 -0.1969, 2.8563 -1.5157 -0.1181, 2.5591 -1.5157 -0.1969, 2.5591 -1.5157 -0.1181, 2.5591 -1.3189 -0.1969, 2.5591 -1.3189 -0.1181, 2.8563 -0.9646 -0.1969, 2.8563 -0.9646 -0.1181, 2.8458 -0.9761 -0.1969, 2.8458 -0.9761 -0.1181, 2.8366 -0.9888 -0.1969, 2.8366 -0.9888 -0.1181, 2.829 -1.0025 -0.1969, 2.829 -1.0025 -0.1181, 2.8229 -1.0169 -0.1969, 2.8229 -1.0169 -0.1181, 2.8185 -1.0319 -0.1969, 2.8185 -1.0319 -0.1181, 2.8158 -1.0474 -0.1969, 2.8158 -1.0474 -0.1181, 2.815 -1.063 -0.1181, 2.8158 -1.0786 -0.1969, 2.8158 -1.0786 -0.1181, 2.8185 -1.094 -0.1969, 2.8185 -1.094 -0.1181, 2.8229 -1.1091 -0.1969, 2.8229 -1.1091 -0.1181, 2.829 -1.1235 -0.1969, 2.829 -1.1235 -0.1181, 2.8366 -1.1372 -0.1969, 2.8366 -1.1372 -0.1181, 2.8458 -1.1498 -0.1969, 2.8458 -1.1498 -0.1181, 2.8563 -1.1614 -0.1969, 2.8563 -1.1614 -0.1181, 2.5591 -1.1614 -0.1969, 2.5591 -1.1614 -0.1181, 2.5591 -0.9646 -0.1969, 2.5591 -0.9646 -0.1181, 2.8563 -0.6102 -0.1969, 2.8563 -0.6102 -0.1181, 2.8458 -0.6218 -0.1969, 2.8458 -0.6218 -0.1181, 2.8366 -0.6345 -0.1969, 2.8366 -0.6345 -0.1181, 2.829 -0.6482 -0.1969, 2.829 -0.6482 -0.1181, 2.8229 -0.6626 -0.1969, 2.8229 -0.6626 -0.1181, 2.8185 -0.6776 -0.1969, 2.8185 -0.6776 -0.1181, 2.8158 -0.693 -0.1969, 2.8158 -0.693 -0.1181, 2.815 -0.7087 -0.1181, 2.8158 -0.7243 -0.1969, 2.8158 -0.7243 -0.1181, 2.8185 -0.7397 -0.1969, 2.8185 -0.7397 -0.1181, 2.8229 -0.7547 -0.1969, 2.8229 -0.7547 -0.1181, 2.829 -0.7692 -0.1969, 2.829 -0.7692 -0.1181, 2.8366 -0.7828 -0.1969, 2.8366 -0.7828 -0.1181, 2.8458 -0.7955 -0.1969, 2.8458 -0.7955 -0.1181, 2.8563 -0.8071 -0.1969, 2.8563 -0.8071 -0.1181, 2.5591 -0.8071 -0.1969, 2.5591 -0.8071 -0.1181, 2.5591 -0.6102 -0.1969, 2.5591 -0.6102 -0.1181, 2.8563 -0.2559 -0.1969, 2.8563 -0.2559 -0.1181, 2.8458 -0.2675 -0.1969, 2.8458 -0.2675 -0.1181, 2.8366 -0.2802 -0.1969, 2.8366 -0.2802 -0.1181, 2.829 -0.2938 -0.1969, 2.829 -0.2938 -0.1181, 2.8229 -0.3083 -0.1969, 2.8229 -0.3083 -0.1181, 2.8185 -0.3233 -0.1969, 2.8185 -0.3233 -0.1181, 2.8158 -0.3387 -0.1969, 2.8158 -0.3387 -0.1181, 2.815 -0.3543 -0.1181, 2.8158 -0.37 -0.1969, 2.8158 -0.37 -0.1181, 2.8185 -0.3854 -0.1969, 2.8185 -0.3854 -0.1181, 2.8229 -0.4004 -0.1969, 2.8229 -0.4004 -0.1181, 2.829 -0.4148 -0.1969, 2.829 -0.4148 -0.1181, 2.8366 -0.4285 -0.1969, 2.8366 -0.4285 -0.1181, 2.8458 -0.4412 -0.1969, 2.8458 -0.4412 -0.1181, 2.8563 -0.4528 -0.1969, 2.8563 -0.4528 -0.1181, 2.5591 -0.4528 -0.1969, 2.5591 -0.4528 -0.1181, 2.5591 -0.2559 -0.1969, 2.5591 -0.2559 -0.1181, 2.8563 0.0984 -0.1969, 2.8563 0.0984 -0.1181, 2.8458 0.0869 -0.1969, 2.8458 0.0869 -0.1181, 2.8366 0.0742 -0.1969, 2.8366 0.0742 -0.1181, 2.829 0.0605 -0.1969, 2.829 0.0605 -0.1181, 2.8229 0.0461 -0.1969, 2.8229 0.0461 -0.1181, 2.8185 0.0311 -0.1969, 2.8185 0.0311 -0.1181, 2.8158 0.0156 -0.1969, 2.8158 0.0156 -0.1181, 2.815 0.0 -0.1181, 2.8158 -0.0156 -0.1969, 2.8158 -0.0156 -0.1181, 2.8185 -0.0311 -0.1969, 2.8185 -0.0311 -0.1181, 2.8229 -0.0461 -0.1969, 2.8229 -0.0461 -0.1181, 2.829 -0.0605 -0.1969, 2.829 -0.0605 -0.1181, 2.8366 -0.0742 -0.1969, 2.8366 -0.0742 -0.1181, 2.8458 -0.0869 -0.1969, 2.8458 -0.0869 -0.1181, 2.8563 -0.0984 -0.1969, 2.8563 -0.0984 -0.1181, 2.5591 -0.0984 -0.1969, 2.5591 -0.0984 -0.1181, 2.5591 0.0984 -0.1969, 2.5591 0.0984 -0.1181, 2.8563 0.4528 -0.1969, 2.8563 0.4528 -0.1181, 2.8458 0.4412 -0.1969, 2.8458 0.4412 -0.1181, 2.8366 0.4285 -0.1969, 2.8366 0.4285 -0.1181, 2.829 0.4148 -0.1969, 2.829 0.4148 -0.1181, 2.8229 0.4004 -0.1969, 2.8229 0.4004 -0.1181, 2.8185 0.3854 -0.1969, 2.8185 0.3854 -0.1181, 2.8158 0.37 -0.1969, 2.8158 0.37 -0.1181, 2.815 0.3543 -0.1181, 2.8158 0.3387 -0.1969, 2.8158 0.3387 -0.1181, 2.8185 0.3233 -0.1969, 2.8185 0.3233 -0.1181, 2.8229 0.3083 -0.1969, 2.8229 0.3083 -0.1181, 2.829 0.2938 -0.1969, 2.829 0.2938 -0.1181, 2.8366 0.2802 -0.1969, 2.8366 0.2802 -0.1181, 2.8458 0.2675 -0.1969, 2.8458 0.2675 -0.1181, 2.8563 0.2559 -0.1969, 2.8563 0.2559 -0.1181, 2.5591 0.2559 -0.1969, 2.5591 0.2559 -0.1181, 2.5591 0.4528 -0.1969, 2.5591 0.4528 -0.1181, 2.8563 0.8071 -0.1969, 2.8563 0.8071 -0.1181, 2.8458 0.7955 -0.1969, 2.8458 0.7955 -0.1181, 2.8366 0.7828 -0.1969, 2.8366 0.7828 -0.1181, 2.829 0.7692 -0.1969, 2.829 0.7692 -0.1181, 2.8229 0.7547 -0.1969, 2.8229 0.7547 -0.1181, 2.8185 0.7397 -0.1969, 2.8185 0.7397 -0.1181, 2.8158 0.7243 -0.1969, 2.8158 0.7243 -0.1181, 2.815 0.7087 -0.1181, 2.8158 0.693 -0.1969, 2.8158 0.693 -0.1181, 2.8185 0.6776 -0.1969, 2.8185 0.6776 -0.1181, 2.8229 0.6626 -0.1969, 2.8229 0.6626 -0.1181, 2.829 0.6482 -0.1969, 2.829 0.6482 -0.1181, 2.8366 0.6345 -0.1969, 2.8366 0.6345 -0.1181, 2.8458 0.6218 -0.1969, 2.8458 0.6218 -0.1181, 2.8563 0.6102 -0.1969, 2.8563 0.6102 -0.1181, 2.5591 0.6102 -0.1969, 2.5591 0.6102 -0.1181, 2.5591 0.8071 -0.1969, 2.5591 0.8071 -0.1181, 2.8563 1.1614 -0.1969, 2.8563 1.1614 -0.1181, 2.8458 1.1498 -0.1969, 2.8458 1.1498 -0.1181, 2.8366 1.1372 -0.1969, 2.8366 1.1372 -0.1181, 2.829 1.1235 -0.1969, 2.829 1.1235 -0.1181, 2.8229 1.1091 -0.1969, 2.8229 1.1091 -0.1181, 2.8185 1.094 -0.1969, 2.8185 1.094 -0.1181, 2.8158 1.0786 -0.1969, 2.8158 1.0786 -0.1181, 2.815 1.063 -0.1181, 2.8158 1.0474 -0.1969, 2.8158 1.0474 -0.1181, 2.8185 1.0319 -0.1969, 2.8185 1.0319 -0.1181, 2.8229 1.0169 -0.1969, 2.8229 1.0169 -0.1181, 2.829 1.0025 -0.1969, 2.829 1.0025 -0.1181, 2.8366 0.9888 -0.1969, 2.8366 0.9888 -0.1181, 2.8458 0.9761 -0.1969, 2.8458 0.9761 -0.1181, 2.8563 0.9646 -0.1969, 2.8563 0.9646 -0.1181, 2.5591 0.9646 -0.1969, 2.5591 0.9646 -0.1181, 2.5591 1.1614 -0.1969, 2.5591 1.1614 -0.1181, 2.8563 1.5157 -0.1969, 2.8563 1.5157 -0.1181, 2.8458 1.5042 -0.1969, 2.8458 1.5042 -0.1181, 2.8366 1.4915 -0.1969, 2.8366 1.4915 -0.1181, 2.829 1.4778 -0.1969, 2.829 1.4778 -0.1181, 2.8229 1.4634 -0.1969, 2.8229 1.4634 -0.1181, 2.8185 1.4484 -0.1969, 2.8185 1.4484 -0.1181, 2.8158 1.433 -0.1969, 2.8158 1.433 -0.1181, 2.815 1.4173 -0.1181, 2.8158 1.4017 -0.1969, 2.8158 1.4017 -0.1181, 2.8185 1.3863 -0.1969, 2.8185 1.3863 -0.1181, 2.8229 1.3712 -0.1969, 2.8229 1.3712 -0.1181, 2.829 1.3568 -0.1969, 2.829 1.3568 -0.1181, 2.8366 1.3432 -0.1969, 2.8366 1.3432 -0.1181, 2.8458 1.3305 -0.1969, 2.8458 1.3305 -0.1181, 2.8563 1.3189 -0.1969, 2.8563 1.3189 -0.1181, 2.5591 1.3189 -0.1969, 2.5591 1.3189 -0.1181, 2.5591 1.5157 -0.1969, 2.5591 1.5157 -0.1181, 2.8563 1.8701 -0.1969, 2.8563 1.8701 -0.1181, 2.8458 1.8585 -0.1969, 2.8458 1.8585 -0.1181, 2.8366 1.8458 -0.1969, 2.8366 1.8458 -0.1181, 2.829 1.8322 -0.1969, 2.829 1.8322 -0.1181, 2.8229 1.8177 -0.1969, 2.8229 1.8177 -0.1181, 2.8185 1.8027 -0.1969, 2.8185 1.8027 -0.1181, 2.8158 1.7873 -0.1969, 2.8158 1.7873 -0.1181, 2.815 1.7717 -0.1181, 2.8158 1.756 -0.1969, 2.8158 1.756 -0.1181, 2.8185 1.7406 -0.1969, 2.8185 1.7406 -0.1181, 2.8229 1.7256 -0.1969, 2.8229 1.7256 -0.1181, 2.829 1.7111 -0.1969, 2.829 1.7111 -0.1181, 2.8366 1.6975 -0.1969, 2.8366 1.6975 -0.1181, 2.8458 1.6848 -0.1969, 2.8458 1.6848 -0.1181, 2.8563 1.6732 -0.1969, 2.8563 1.6732 -0.1181, 2.5591 1.6732 -0.1969, 2.5591 1.6732 -0.1181, 2.5591 1.8701 -0.1969, 2.5591 1.8701 -0.1181, 2.5591 1.8701 -0.1181
            ]
        }
        coordIndex [
            0,1,2,-1,0,2,3,-1,3,2,4,-1,3,4,5,-1,5,4,6,-1,5,6,7,-1,7,6,8,-1,7,8,9,-1,9,8,10,-1,9,10,11,-1,11,10,12,-1,11,12,13,-1,13,12,14,-1,13,14,15,-1,15,14,16,-1,15,16,17,-1,17,16,18,-1,17,18,19,-1,19,18,20,-1,19,20,21,-1,21,20,22,-1,21,22,23,-1,23,22,24,-1,23,24,25,-1,25,24,26,-1,25,26,27,-1,27,26,28,-1,27,28,29,-1,29,28,30,-1,29,30,31,-1,31,30,32,-1,31,32,33,-1,33,32,34,-1,33,34,35,-1,35,34,36,-1,35,36,37,-1,37,36,38,-1,37,38,39,-1,39,38,40,-1,39,40,41,-1,41,40,42,-1,41,42,43,-1,43,42,44,-1,43,44,45,-1,45,44,46,-1,45,46,47,-1,47,46,48,-1,47,48,49,-1,49,48,50,-1,49,50,51,-1,51,50,52,-1,51,52,53,-1,53,52,54,-1,53,54,55,-1,55,54,56,-1,55,56,57,-1,58,57,59,-1,59,57,56,-1,58,59,60,-1,60,59,61,-1,60,61,62,-1,62,61,63,-1,62,63,64,-1,64,63,65,-1,64,65,66,-1,66,65,67,-1,66,67,68,-1,68,67,69,-1,68,69,70,-1,70,69,71,-1,70,71,72,-1,72,71,73,-1,72,73,74,-1,74,73,75,-1,74,75,76,-1,76,75,77,-1,76,77,78,-1,78,77,79,-1,78,79,80,-1,80,79,81,-1,80,81,82,-1,82,81,83,-1,82,83,84,-1,84,83,85,-1,84,85,86,-1,86,85,87,-1,86,87,88,-1,88,87,89,-1,88,89,90,-1,90,89,91,-1,90,91,92,-1,92,91,93,-1,92,93,94,-1,94,93,95,-1,94,95,96,-1,96,95,97,-1,96,97,98,-1,98,97,99,-1,98,99,100,-1,100,99,101,-1,100,101,102,-1,102,101,103,-1,102,103,104,-1,104,103,105,-1,104,105,106,-1,106,105,107,-1,0,106,1,-1,1,106,107,-1,57,58,55,-1,55,58,60,-1,55,60,53,-1,53,60,62,-1,53,62,51,-1,51,62,64,-1,51,64,49,-1,49,64,66,-1,76,37,74,-1,74,37,39,-1,74,39,72,-1,72,39,41,-1,72,41,70,-1,70,41,43,-1,70,43,68,-1,68,43,45,-1,68,45,66,-1,66,45,47,-1,66,47,49,-1,90,21,88,-1,88,21,23,-1,88,23,86,-1,86,23,25,-1,86,25,84,-1,84,25,27,-1,84,27,82,-1,82,27,29,-1,82,29,80,-1,80,29,31,-1,80,31,78,-1,78,31,33,-1,78,33,76,-1,76,33,35,-1,76,35,37,-1,100,9,98,-1,98,9,11,-1,98,11,96,-1,96,11,13,-1,96,13,94,-1,94,13,15,-1,94,15,92,-1,92,15,17,-1,92,17,90,-1,90,17,19,-1,90,19,21,-1,106,0,104,-1,104,0,3,-1,104,3,102,-1,102,3,5,-1,102,5,100,-1,100,5,7,-1,100,7,9,-1,1,107,2,-1,2,107,105,-1,2,105,4,-1,4,105,103,-1,4,103,6,-1,6,103,101,-1,6,101,8,-1,8,101,99,-1,89,20,91,-1,91,20,18,-1,91,18,93,-1,93,18,16,-1,93,16,95,-1,95,16,14,-1,95,14,97,-1,97,14,12,-1,97,12,99,-1,99,12,10,-1,99,10,8,-1,75,36,77,-1,77,36,34,-1,77,34,79,-1,79,34,32,-1,79,32,81,-1,81,32,30,-1,81,30,83,-1,83,30,28,-1,83,28,85,-1,85,28,26,-1,85,26,87,-1,87,26,24,-1,87,24,89,-1,89,24,22,-1,89,22,20,-1,65,48,67,-1,67,48,46,-1,67,46,69,-1,69,46,44,-1,69,44,71,-1,71,44,42,-1,71,42,73,-1,73,42,40,-1,73,40,75,-1,75,40,38,-1,75,38,36,-1,59,56,61,-1,61,56,54,-1,61,54,63,-1,63,54,52,-1,63,52,65,-1,65,52,50,-1,65,50,48,-1,108,109,110,-1,108,110,111,-1,111,110,112,-1,111,112,113,-1,113,112,114,-1,113,114,115,-1,115,114,116,-1,115,116,117,-1,117,116,118,-1,117,118,119,-1,119,118,120,-1,119,120,121,-1,121,120,122,-1,121,122,123,-1,123,122,124,-1,123,124,125,-1,125,124,126,-1,125,126,127,-1,127,126,128,-1,127,128,129,-1,129,128,130,-1,129,130,131,-1,131,130,132,-1,131,132,133,-1,133,132,134,-1,133,134,135,-1,135,134,136,-1,135,136,137,-1,137,136,138,-1,137,138,139,-1,139,138,140,-1,139,140,141,-1,141,140,142,-1,141,142,143,-1,143,142,144,-1,143,144,145,-1,145,144,146,-1,145,146,147,-1,147,146,148,-1,147,148,149,-1,149,148,150,-1,149,150,151,-1,151,150,152,-1,151,152,153,-1,153,152,154,-1,153,154,155,-1,155,154,156,-1,155,156,157,-1,157,156,158,-1,157,158,159,-1,159,158,160,-1,159,160,161,-1,161,160,162,-1,161,162,163,-1,163,162,164,-1,163,164,165,-1,166,165,167,-1,167,165,164,-1,166,167,168,-1,168,167,169,-1,168,169,170,-1,170,169,171,-1,170,171,172,-1,172,171,173,-1,172,173,174,-1,174,173,175,-1,174,175,176,-1,176,175,177,-1,176,177,178,-1,178,177,179,-1,178,179,180,-1,180,179,181,-1,180,181,182,-1,182,181,183,-1,182,183,184,-1,184,183,185,-1,184,185,186,-1,186,185,187,-1,186,187,188,-1,188,187,189,-1,188,189,190,-1,190,189,191,-1,190,191,192,-1,192,191,193,-1,192,193,194,-1,194,193,195,-1,194,195,196,-1,196,195,197,-1,196,197,198,-1,198,197,199,-1,198,199,200,-1,200,199,201,-1,200,201,202,-1,202,201,203,-1,202,203,204,-1,204,203,205,-1,204,205,206,-1,206,205,207,-1,206,207,208,-1,208,207,209,-1,208,209,210,-1,210,209,211,-1,210,211,212,-1,212,211,213,-1,212,213,214,-1,214,213,215,-1,108,214,109,-1,109,214,215,-1,165,166,163,-1,163,166,168,-1,163,168,161,-1,161,168,170,-1,161,170,159,-1,159,170,172,-1,159,172,157,-1,157,172,174,-1,184,145,182,-1,182,145,147,-1,182,147,180,-1,180,147,149,-1,180,149,178,-1,178,149,151,-1,178,151,176,-1,176,151,153,-1,176,153,174,-1,174,153,155,-1,174,155,157,-1,198,129,196,-1,196,129,131,-1,196,131,194,-1,194,131,133,-1,194,133,192,-1,192,133,135,-1,192,135,190,-1,190,135,137,-1,190,137,188,-1,188,137,139,-1,188,139,186,-1,186,139,141,-1,186,141,184,-1,184,141,143,-1,184,143,145,-1,208,117,206,-1,206,117,119,-1,206,119,204,-1,204,119,121,-1,204,121,202,-1,202,121,123,-1,202,123,200,-1,200,123,125,-1,200,125,198,-1,198,125,127,-1,198,127,129,-1,214,108,212,-1,212,108,111,-1,212,111,210,-1,210,111,113,-1,210,113,208,-1,208,113,115,-1,208,115,117,-1,109,215,110,-1,110,215,213,-1,110,213,112,-1,112,213,211,-1,112,211,114,-1,114,211,209,-1,114,209,116,-1,116,209,207,-1,197,128,199,-1,199,128,126,-1,199,126,201,-1,201,126,124,-1,201,124,203,-1,203,124,122,-1,203,122,205,-1,205,122,120,-1,205,120,207,-1,207,120,118,-1,207,118,116,-1,183,144,185,-1,185,144,142,-1,185,142,187,-1,187,142,140,-1,187,140,189,-1,189,140,138,-1,189,138,191,-1,191,138,136,-1,191,136,193,-1,193,136,134,-1,193,134,195,-1,195,134,132,-1,195,132,197,-1,197,132,130,-1,197,130,128,-1,173,156,175,-1,175,156,154,-1,175,154,177,-1,177,154,152,-1,177,152,179,-1,179,152,150,-1,179,150,181,-1,181,150,148,-1,181,148,183,-1,183,148,146,-1,183,146,144,-1,167,164,169,-1,169,164,162,-1,169,162,171,-1,171,162,160,-1,171,160,173,-1,173,160,158,-1,173,158,156,-1,216,217,218,-1,216,218,219,-1,219,218,220,-1,219,220,221,-1,221,220,222,-1,221,222,223,-1,223,222,224,-1,223,224,225,-1,225,224,226,-1,225,226,227,-1,227,226,228,-1,227,228,229,-1,229,228,230,-1,229,230,231,-1,231,230,232,-1,231,232,233,-1,233,232,234,-1,233,234,235,-1,235,234,236,-1,235,236,237,-1,237,236,238,-1,237,238,239,-1,239,238,240,-1,239,240,241,-1,241,240,242,-1,241,242,243,-1,243,242,244,-1,243,244,245,-1,245,244,246,-1,245,246,247,-1,247,246,248,-1,247,248,249,-1,249,248,250,-1,249,250,251,-1,251,250,252,-1,251,252,253,-1,253,252,254,-1,253,254,255,-1,255,254,256,-1,255,256,257,-1,257,256,258,-1,257,258,259,-1,259,258,260,-1,259,260,261,-1,261,260,262,-1,261,262,263,-1,263,262,264,-1,263,264,265,-1,265,264,266,-1,265,266,267,-1,267,266,268,-1,267,268,269,-1,269,268,270,-1,269,270,271,-1,271,270,272,-1,271,272,273,-1,274,273,275,-1,275,273,272,-1,274,275,276,-1,276,275,277,-1,276,277,278,-1,278,277,279,-1,278,279,280,-1,280,279,281,-1,280,281,282,-1,282,281,283,-1,282,283,284,-1,284,283,285,-1,284,285,286,-1,286,285,287,-1,286,287,288,-1,288,287,289,-1,288,289,290,-1,290,289,291,-1,290,291,292,-1,292,291,293,-1,292,293,294,-1,294,293,295,-1,294,295,296,-1,296,295,297,-1,296,297,298,-1,298,297,299,-1,298,299,300,-1,300,299,301,-1,300,301,302,-1,302,301,303,-1,302,303,304,-1,304,303,305,-1,304,305,306,-1,306,305,307,-1,306,307,308,-1,308,307,309,-1,308,309,310,-1,310,309,311,-1,310,311,312,-1,312,311,313,-1,312,313,314,-1,314,313,315,-1,314,315,316,-1,316,315,317,-1,316,317,318,-1,318,317,319,-1,318,319,320,-1,320,319,321,-1,320,321,322,-1,322,321,323,-1,216,322,217,-1,217,322,323,-1,322,216,320,-1,320,216,219,-1,320,219,318,-1,273,274,271,-1,271,274,276,-1,271,276,269,-1,269,276,278,-1,269,278,267,-1,267,278,280,-1,292,253,290,-1,290,253,255,-1,290,255,288,-1,288,255,257,-1,288,257,286,-1,286,257,259,-1,286,259,284,-1,284,259,261,-1,284,261,282,-1,282,261,263,-1,282,263,280,-1,280,263,265,-1,280,265,267,-1,219,221,318,-1,318,221,223,-1,318,223,316,-1,316,223,225,-1,316,225,314,-1,314,225,227,-1,314,227,312,-1,312,227,229,-1,312,229,310,-1,310,229,231,-1,310,231,308,-1,308,231,233,-1,308,233,306,-1,306,233,235,-1,306,235,304,-1,235,237,304,-1,304,237,239,-1,304,239,302,-1,302,239,241,-1,302,241,300,-1,300,241,243,-1,300,243,298,-1,298,243,245,-1,298,245,296,-1,296,245,247,-1,296,247,294,-1,294,247,249,-1,294,249,292,-1,292,249,251,-1,292,251,253,-1,275,272,277,-1,277,272,270,-1,277,270,279,-1,291,252,293,-1,293,252,250,-1,293,250,295,-1,295,250,248,-1,295,248,297,-1,297,248,246,-1,297,246,299,-1,299,246,244,-1,299,244,301,-1,301,244,242,-1,301,242,303,-1,217,323,218,-1,218,323,321,-1,218,321,220,-1,220,321,319,-1,220,319,222,-1,222,319,317,-1,270,268,279,-1,279,268,266,-1,279,266,281,-1,281,266,264,-1,281,264,283,-1,283,264,262,-1,283,262,285,-1,285,262,260,-1,285,260,287,-1,287,260,258,-1,287,258,289,-1,289,258,256,-1,289,256,291,-1,291,256,254,-1,291,254,252,-1,242,240,303,-1,303,240,238,-1,303,238,305,-1,305,238,236,-1,305,236,307,-1,307,236,234,-1,307,234,309,-1,309,234,232,-1,309,232,311,-1,311,232,230,-1,311,230,313,-1,313,230,228,-1,313,228,315,-1,315,228,226,-1,315,226,317,-1,317,226,224,-1,317,224,222,-1,324,325,326,-1,324,326,327,-1,327,326,328,-1,327,328,329,-1,329,328,330,-1,329,330,331,-1,331,330,332,-1,331,332,333,-1,333,332,334,-1,333,334,335,-1,335,334,336,-1,335,336,337,-1,337,336,338,-1,337,338,339,-1,339,338,340,-1,339,340,341,-1,341,340,342,-1,341,342,343,-1,343,342,344,-1,343,344,345,-1,345,344,346,-1,345,346,347,-1,347,346,348,-1,347,348,349,-1,349,348,350,-1,349,350,351,-1,351,350,352,-1,351,352,353,-1,353,352,354,-1,353,354,355,-1,355,354,356,-1,355,356,357,-1,357,356,358,-1,357,358,359,-1,359,358,360,-1,359,360,361,-1,361,360,362,-1,361,362,363,-1,363,362,364,-1,363,364,365,-1,365,364,366,-1,365,366,367,-1,367,366,368,-1,367,368,369,-1,369,368,370,-1,369,370,371,-1,371,370,372,-1,371,372,373,-1,373,372,374,-1,373,374,375,-1,375,374,376,-1,375,376,377,-1,377,376,378,-1,377,378,379,-1,379,378,380,-1,379,380,381,-1,382,381,383,-1,383,381,380,-1,382,383,384,-1,384,383,385,-1,384,385,386,-1,386,385,387,-1,386,387,388,-1,388,387,389,-1,388,389,390,-1,390,389,391,-1,390,391,392,-1,392,391,393,-1,392,393,394,-1,394,393,395,-1,394,395,396,-1,396,395,397,-1,396,397,398,-1,398,397,399,-1,398,399,400,-1,400,399,401,-1,400,401,402,-1,402,401,403,-1,402,403,404,-1,404,403,405,-1,404,405,406,-1,406,405,407,-1,406,407,408,-1,408,407,409,-1,408,409,410,-1,410,409,411,-1,410,411,412,-1,412,411,413,-1,412,413,414,-1,414,413,415,-1,414,415,416,-1,416,415,417,-1,416,417,418,-1,418,417,419,-1,418,419,420,-1,420,419,421,-1,420,421,422,-1,422,421,423,-1,422,423,424,-1,424,423,425,-1,424,425,426,-1,426,425,427,-1,426,427,428,-1,428,427,429,-1,428,429,430,-1,430,429,431,-1,324,430,325,-1,325,430,431,-1,400,361,398,-1,398,361,363,-1,398,363,396,-1,396,363,365,-1,396,365,394,-1,394,365,367,-1,394,367,392,-1,392,367,369,-1,392,369,390,-1,414,345,412,-1,412,345,347,-1,412,347,410,-1,410,347,349,-1,410,349,408,-1,408,349,351,-1,408,351,406,-1,406,351,353,-1,406,353,404,-1,404,353,355,-1,404,355,402,-1,402,355,357,-1,402,357,400,-1,400,357,359,-1,400,359,361,-1,369,371,390,-1,390,371,373,-1,390,373,388,-1,388,373,375,-1,388,375,386,-1,386,375,377,-1,386,377,384,-1,384,377,379,-1,384,379,382,-1,382,379,381,-1,424,333,422,-1,422,333,335,-1,422,335,420,-1,420,335,337,-1,420,337,418,-1,418,337,339,-1,418,339,416,-1,416,339,341,-1,416,341,414,-1,414,341,343,-1,414,343,345,-1,430,324,428,-1,428,324,327,-1,428,327,426,-1,426,327,329,-1,426,329,424,-1,424,329,331,-1,424,331,333,-1,399,360,401,-1,401,360,358,-1,401,358,403,-1,403,358,356,-1,403,356,405,-1,405,356,354,-1,405,354,407,-1,407,354,352,-1,407,352,409,-1,409,352,350,-1,409,350,411,-1,411,350,348,-1,411,348,413,-1,389,372,391,-1,391,372,370,-1,391,370,393,-1,393,370,368,-1,393,368,395,-1,395,368,366,-1,395,366,397,-1,397,366,364,-1,397,364,399,-1,399,364,362,-1,399,362,360,-1,383,380,385,-1,385,380,378,-1,385,378,387,-1,387,378,376,-1,387,376,389,-1,389,376,374,-1,389,374,372,-1,423,332,425,-1,425,332,330,-1,425,330,427,-1,427,330,328,-1,427,328,429,-1,429,328,326,-1,429,326,431,-1,431,326,325,-1,348,346,413,-1,413,346,344,-1,413,344,415,-1,415,344,342,-1,415,342,417,-1,417,342,340,-1,417,340,419,-1,419,340,338,-1,419,338,421,-1,421,338,336,-1,421,336,423,-1,423,336,334,-1,423,334,332,-1,432,433,434,-1,432,434,435,-1,435,434,436,-1,435,436,437,-1,437,436,438,-1,437,438,439,-1,439,438,440,-1,439,440,441,-1,441,440,442,-1,441,442,443,-1,443,442,444,-1,443,444,445,-1,445,444,446,-1,445,446,447,-1,447,446,448,-1,447,448,449,-1,449,448,450,-1,449,450,451,-1,451,450,452,-1,451,452,453,-1,453,452,454,-1,453,454,455,-1,455,454,456,-1,455,456,457,-1,457,456,458,-1,457,458,459,-1,459,458,460,-1,459,460,461,-1,461,460,462,-1,461,462,463,-1,463,462,464,-1,463,464,465,-1,465,464,466,-1,465,466,467,-1,467,466,468,-1,467,468,469,-1,469,468,470,-1,469,470,471,-1,471,470,472,-1,471,472,473,-1,473,472,474,-1,473,474,475,-1,475,474,476,-1,475,476,477,-1,477,476,478,-1,477,478,479,-1,479,478,480,-1,479,480,481,-1,481,480,482,-1,481,482,483,-1,483,482,484,-1,483,484,485,-1,485,484,486,-1,485,486,487,-1,487,486,488,-1,487,488,489,-1,490,489,491,-1,491,489,488,-1,490,491,492,-1,492,491,493,-1,492,493,494,-1,494,493,495,-1,494,495,496,-1,496,495,497,-1,496,497,498,-1,498,497,499,-1,498,499,500,-1,500,499,501,-1,500,501,502,-1,502,501,503,-1,502,503,504,-1,504,503,505,-1,504,505,506,-1,506,505,507,-1,506,507,508,-1,508,507,509,-1,508,509,510,-1,510,509,511,-1,510,511,512,-1,512,511,513,-1,512,513,514,-1,514,513,515,-1,514,515,516,-1,516,515,517,-1,516,517,518,-1,518,517,519,-1,518,519,520,-1,520,519,521,-1,520,521,522,-1,522,521,523,-1,522,523,524,-1,524,523,525,-1,524,525,526,-1,526,525,527,-1,526,527,528,-1,528,527,529,-1,528,529,530,-1,530,529,531,-1,530,531,532,-1,532,531,533,-1,532,533,534,-1,534,533,535,-1,534,535,536,-1,536,535,537,-1,536,537,538,-1,538,537,539,-1,432,538,433,-1,433,538,539,-1,508,469,506,-1,506,469,471,-1,506,471,504,-1,504,471,473,-1,504,473,502,-1,502,473,475,-1,502,475,500,-1,500,475,477,-1,500,477,498,-1,522,453,520,-1,520,453,455,-1,520,455,518,-1,518,455,457,-1,518,457,516,-1,516,457,459,-1,516,459,514,-1,514,459,461,-1,514,461,512,-1,512,461,463,-1,512,463,510,-1,510,463,465,-1,510,465,508,-1,508,465,467,-1,508,467,469,-1,477,479,498,-1,498,479,481,-1,498,481,496,-1,496,481,483,-1,496,483,494,-1,494,483,485,-1,494,485,492,-1,492,485,487,-1,492,487,490,-1,490,487,489,-1,532,441,530,-1,530,441,443,-1,530,443,528,-1,528,443,445,-1,528,445,526,-1,526,445,447,-1,526,447,524,-1,524,447,449,-1,524,449,522,-1,522,449,451,-1,522,451,453,-1,538,432,536,-1,536,432,435,-1,536,435,534,-1,534,435,437,-1,534,437,532,-1,532,437,439,-1,532,439,441,-1,507,468,509,-1,509,468,466,-1,509,466,511,-1,511,466,464,-1,511,464,513,-1,513,464,462,-1,513,462,515,-1,515,462,460,-1,515,460,517,-1,517,460,458,-1,517,458,519,-1,519,458,456,-1,519,456,521,-1,497,480,499,-1,499,480,478,-1,499,478,501,-1,501,478,476,-1,501,476,503,-1,503,476,474,-1,503,474,505,-1,505,474,472,-1,505,472,507,-1,507,472,470,-1,507,470,468,-1,491,488,493,-1,493,488,486,-1,493,486,495,-1,495,486,484,-1,495,484,497,-1,497,484,482,-1,497,482,480,-1,531,440,533,-1,533,440,438,-1,533,438,535,-1,535,438,436,-1,535,436,537,-1,537,436,434,-1,537,434,539,-1,539,434,433,-1,456,454,521,-1,521,454,452,-1,521,452,523,-1,523,452,450,-1,523,450,525,-1,525,450,448,-1,525,448,527,-1,527,448,446,-1,527,446,529,-1,529,446,444,-1,529,444,531,-1,531,444,442,-1,531,442,440,-1,540,541,542,-1,540,542,543,-1,543,542,544,-1,543,544,545,-1,545,544,546,-1,545,546,547,-1,547,546,548,-1,547,548,549,-1,549,548,550,-1,549,550,551,-1,551,550,552,-1,551,552,553,-1,553,552,554,-1,553,554,555,-1,555,554,556,-1,555,556,557,-1,557,556,558,-1,557,558,559,-1,559,558,560,-1,559,560,561,-1,561,560,562,-1,561,562,563,-1,563,562,564,-1,563,564,565,-1,565,564,566,-1,565,566,567,-1,567,566,568,-1,567,568,569,-1,569,568,570,-1,569,570,571,-1,571,570,572,-1,571,572,573,-1,573,572,574,-1,573,574,575,-1,575,574,576,-1,575,576,577,-1,577,576,578,-1,577,578,579,-1,579,578,580,-1,579,580,581,-1,581,580,582,-1,581,582,583,-1,583,582,584,-1,583,584,585,-1,585,584,586,-1,585,586,587,-1,587,586,588,-1,587,588,589,-1,589,588,590,-1,589,590,591,-1,591,590,592,-1,591,592,593,-1,593,592,594,-1,593,594,595,-1,595,594,596,-1,595,596,597,-1,598,597,599,-1,599,597,596,-1,598,599,600,-1,600,599,601,-1,600,601,602,-1,602,601,603,-1,602,603,604,-1,604,603,605,-1,604,605,606,-1,606,605,607,-1,606,607,608,-1,608,607,609,-1,608,609,610,-1,610,609,611,-1,610,611,612,-1,612,611,613,-1,612,613,614,-1,614,613,615,-1,614,615,616,-1,616,615,617,-1,616,617,618,-1,618,617,619,-1,618,619,620,-1,620,619,621,-1,620,621,622,-1,622,621,623,-1,622,623,624,-1,624,623,625,-1,624,625,626,-1,626,625,627,-1,626,627,628,-1,628,627,629,-1,628,629,630,-1,630,629,631,-1,630,631,632,-1,632,631,633,-1,632,633,634,-1,634,633,635,-1,634,635,636,-1,636,635,637,-1,636,637,638,-1,638,637,639,-1,638,639,640,-1,640,639,641,-1,640,641,642,-1,642,641,643,-1,642,643,644,-1,644,643,645,-1,644,645,646,-1,646,645,647,-1,540,646,541,-1,541,646,647,-1,630,561,628,-1,628,561,563,-1,628,563,626,-1,626,563,565,-1,626,565,624,-1,624,565,567,-1,624,567,622,-1,622,567,569,-1,622,569,620,-1,620,569,571,-1,620,571,618,-1,618,571,573,-1,618,573,616,-1,573,575,616,-1,616,575,577,-1,616,577,614,-1,614,577,579,-1,614,579,612,-1,612,579,581,-1,612,581,610,-1,610,581,583,-1,610,583,608,-1,608,583,585,-1,608,585,606,-1,646,540,644,-1,644,540,543,-1,644,543,642,-1,642,543,545,-1,642,545,640,-1,585,587,606,-1,606,587,589,-1,606,589,604,-1,604,589,591,-1,604,591,602,-1,602,591,593,-1,602,593,600,-1,600,593,595,-1,600,595,598,-1,598,595,597,-1,545,547,640,-1,640,547,549,-1,640,549,638,-1,638,549,551,-1,638,551,636,-1,636,551,553,-1,636,553,634,-1,634,553,555,-1,634,555,632,-1,632,555,557,-1,632,557,630,-1,630,557,559,-1,630,559,561,-1,615,576,617,-1,617,576,574,-1,617,574,619,-1,619,574,572,-1,619,572,621,-1,621,572,570,-1,621,570,623,-1,623,570,568,-1,623,568,625,-1,625,568,566,-1,625,566,627,-1,627,566,564,-1,627,564,629,-1,541,647,542,-1,542,647,645,-1,542,645,544,-1,544,645,643,-1,544,643,546,-1,546,643,641,-1,546,641,548,-1,548,641,639,-1,564,562,629,-1,629,562,560,-1,629,560,631,-1,631,560,558,-1,631,558,633,-1,633,558,556,-1,633,556,635,-1,635,556,554,-1,635,554,637,-1,637,554,552,-1,637,552,639,-1,639,552,550,-1,639,550,548,-1,605,588,607,-1,607,588,586,-1,607,586,609,-1,609,586,584,-1,609,584,611,-1,611,584,582,-1,611,582,613,-1,613,582,580,-1,613,580,615,-1,615,580,578,-1,615,578,576,-1,599,596,601,-1,601,596,594,-1,601,594,603,-1,603,594,592,-1,603,592,605,-1,605,592,590,-1,605,590,588,-1,648,649,650,-1,648,650,651,-1,651,650,652,-1,651,652,653,-1,653,652,654,-1,653,654,655,-1,655,654,656,-1,655,656,657,-1,657,656,658,-1,657,658,659,-1,659,658,660,-1,659,660,661,-1,661,660,662,-1,661,662,663,-1,663,662,664,-1,663,664,665,-1,665,664,666,-1,665,666,667,-1,667,666,668,-1,667,668,669,-1,669,668,670,-1,669,670,671,-1,671,670,672,-1,671,672,673,-1,673,672,674,-1,673,674,675,-1,675,674,676,-1,675,676,677,-1,677,676,678,-1,677,678,679,-1,679,678,680,-1,679,680,681,-1,681,680,682,-1,681,682,683,-1,683,682,684,-1,683,684,685,-1,685,684,686,-1,685,686,687,-1,687,686,688,-1,687,688,689,-1,689,688,690,-1,689,690,691,-1,691,690,692,-1,691,692,693,-1,693,692,694,-1,693,694,695,-1,695,694,696,-1,695,696,697,-1,697,696,698,-1,697,698,699,-1,699,698,700,-1,699,700,701,-1,701,700,702,-1,701,702,703,-1,703,702,704,-1,703,704,705,-1,706,705,707,-1,707,705,704,-1,706,707,708,-1,708,707,709,-1,708,709,710,-1,710,709,711,-1,710,711,712,-1,712,711,713,-1,712,713,714,-1,714,713,715,-1,714,715,716,-1,716,715,717,-1,716,717,718,-1,718,717,719,-1,718,719,720,-1,720,719,721,-1,720,721,722,-1,722,721,723,-1,722,723,724,-1,724,723,725,-1,724,725,726,-1,726,725,727,-1,726,727,728,-1,728,727,729,-1,728,729,730,-1,730,729,731,-1,730,731,732,-1,732,731,733,-1,732,733,734,-1,734,733,735,-1,734,735,736,-1,736,735,737,-1,736,737,738,-1,738,737,739,-1,738,739,740,-1,740,739,741,-1,740,741,742,-1,742,741,743,-1,742,743,744,-1,744,743,745,-1,744,745,746,-1,746,745,747,-1,746,747,748,-1,748,747,749,-1,748,749,750,-1,750,749,751,-1,750,751,752,-1,752,751,753,-1,752,753,754,-1,754,753,755,-1,648,754,649,-1,649,754,755,-1,738,669,736,-1,736,669,671,-1,736,671,734,-1,734,671,673,-1,734,673,732,-1,732,673,675,-1,732,675,730,-1,730,675,677,-1,730,677,728,-1,728,677,679,-1,728,679,726,-1,726,679,681,-1,726,681,724,-1,754,648,752,-1,752,648,651,-1,752,651,750,-1,750,651,653,-1,750,653,748,-1,681,683,724,-1,724,683,685,-1,724,685,722,-1,722,685,687,-1,722,687,720,-1,720,687,689,-1,720,689,718,-1,718,689,691,-1,718,691,716,-1,716,691,693,-1,716,693,714,-1,653,655,748,-1,748,655,657,-1,748,657,746,-1,746,657,659,-1,746,659,744,-1,744,659,661,-1,744,661,742,-1,742,661,663,-1,742,663,740,-1,740,663,665,-1,740,665,738,-1,738,665,667,-1,738,667,669,-1,705,706,703,-1,703,706,708,-1,703,708,701,-1,701,708,710,-1,701,710,699,-1,699,710,712,-1,699,712,697,-1,697,712,714,-1,697,714,695,-1,695,714,693,-1,649,755,650,-1,650,755,753,-1,650,753,652,-1,652,753,751,-1,652,751,654,-1,654,751,749,-1,654,749,656,-1,656,749,747,-1,723,684,725,-1,725,684,682,-1,725,682,727,-1,727,682,680,-1,727,680,729,-1,729,680,678,-1,729,678,731,-1,731,678,676,-1,731,676,733,-1,733,676,674,-1,733,674,735,-1,735,674,672,-1,735,672,737,-1,707,704,709,-1,709,704,702,-1,709,702,711,-1,711,702,700,-1,711,700,713,-1,672,670,737,-1,737,670,668,-1,737,668,739,-1,739,668,666,-1,739,666,741,-1,741,666,664,-1,741,664,743,-1,743,664,662,-1,743,662,745,-1,745,662,660,-1,745,660,747,-1,747,660,658,-1,747,658,656,-1,700,698,713,-1,713,698,696,-1,713,696,715,-1,715,696,694,-1,715,694,717,-1,717,694,692,-1,717,692,719,-1,719,692,690,-1,719,690,721,-1,721,690,688,-1,721,688,723,-1,723,688,686,-1,723,686,684,-1,756,757,758,-1,756,758,759,-1,759,758,760,-1,759,760,761,-1,761,760,762,-1,761,762,763,-1,763,762,764,-1,763,764,765,-1,765,764,766,-1,765,766,767,-1,767,766,768,-1,767,768,769,-1,769,768,770,-1,769,770,771,-1,771,770,772,-1,771,772,773,-1,773,772,774,-1,773,774,775,-1,775,774,776,-1,775,776,777,-1,777,776,778,-1,777,778,779,-1,779,778,780,-1,779,780,781,-1,781,780,782,-1,781,782,783,-1,783,782,784,-1,783,784,785,-1,785,784,786,-1,785,786,787,-1,787,786,788,-1,787,788,789,-1,789,788,790,-1,789,790,791,-1,791,790,792,-1,791,792,793,-1,793,792,794,-1,793,794,795,-1,795,794,796,-1,795,796,797,-1,797,796,798,-1,797,798,799,-1,799,798,800,-1,799,800,801,-1,801,800,802,-1,801,802,803,-1,803,802,804,-1,803,804,805,-1,805,804,806,-1,805,806,807,-1,807,806,808,-1,807,808,809,-1,809,808,810,-1,809,810,811,-1,811,810,812,-1,811,812,813,-1,814,813,815,-1,815,813,812,-1,814,815,816,-1,816,815,817,-1,816,817,818,-1,818,817,819,-1,818,819,820,-1,820,819,821,-1,820,821,822,-1,822,821,823,-1,822,823,824,-1,824,823,825,-1,824,825,826,-1,826,825,827,-1,826,827,828,-1,828,827,829,-1,828,829,830,-1,830,829,831,-1,830,831,832,-1,832,831,833,-1,832,833,834,-1,834,833,835,-1,834,835,836,-1,836,835,837,-1,836,837,838,-1,838,837,839,-1,838,839,840,-1,840,839,841,-1,840,841,842,-1,842,841,843,-1,842,843,844,-1,844,843,845,-1,844,845,846,-1,846,845,847,-1,846,847,848,-1,848,847,849,-1,848,849,850,-1,850,849,851,-1,850,851,852,-1,852,851,853,-1,852,853,854,-1,854,853,855,-1,854,855,856,-1,856,855,857,-1,856,857,858,-1,858,857,859,-1,858,859,860,-1,860,859,861,-1,860,861,862,-1,862,861,863,-1,756,862,757,-1,757,862,863,-1,846,777,844,-1,844,777,779,-1,844,779,842,-1,842,779,781,-1,842,781,840,-1,840,781,783,-1,840,783,838,-1,838,783,785,-1,838,785,836,-1,836,785,787,-1,836,787,834,-1,834,787,789,-1,834,789,832,-1,789,791,832,-1,832,791,793,-1,832,793,830,-1,830,793,795,-1,830,795,828,-1,828,795,797,-1,828,797,826,-1,826,797,799,-1,826,799,824,-1,824,799,801,-1,824,801,822,-1,862,756,860,-1,860,756,759,-1,860,759,858,-1,858,759,761,-1,858,761,856,-1,801,803,822,-1,822,803,805,-1,822,805,820,-1,820,805,807,-1,820,807,818,-1,818,807,809,-1,818,809,816,-1,816,809,811,-1,816,811,814,-1,814,811,813,-1,761,763,856,-1,856,763,765,-1,856,765,854,-1,854,765,767,-1,854,767,852,-1,852,767,769,-1,852,769,850,-1,850,769,771,-1,850,771,848,-1,848,771,773,-1,848,773,846,-1,846,773,775,-1,846,775,777,-1,831,792,833,-1,833,792,790,-1,833,790,835,-1,835,790,788,-1,835,788,837,-1,837,788,786,-1,837,786,839,-1,839,786,784,-1,839,784,841,-1,841,784,782,-1,841,782,843,-1,843,782,780,-1,843,780,845,-1,757,863,758,-1,758,863,861,-1,758,861,760,-1,760,861,859,-1,760,859,762,-1,762,859,857,-1,762,857,764,-1,764,857,855,-1,780,778,845,-1,845,778,776,-1,845,776,847,-1,847,776,774,-1,847,774,849,-1,849,774,772,-1,849,772,851,-1,851,772,770,-1,851,770,853,-1,853,770,768,-1,853,768,855,-1,855,768,766,-1,855,766,764,-1,821,804,823,-1,823,804,802,-1,823,802,825,-1,825,802,800,-1,825,800,827,-1,827,800,798,-1,827,798,829,-1,829,798,796,-1,829,796,831,-1,831,796,794,-1,831,794,792,-1,815,812,817,-1,817,812,810,-1,817,810,819,-1,819,810,808,-1,819,808,821,-1,821,808,806,-1,821,806,804,-1,864,865,866,-1,864,866,867,-1,867,866,868,-1,867,868,869,-1,869,868,870,-1,869,870,871,-1,871,870,872,-1,871,872,873,-1,873,872,874,-1,873,874,875,-1,875,874,876,-1,875,876,877,-1,877,876,878,-1,877,878,879,-1,879,878,880,-1,879,880,881,-1,881,880,882,-1,881,882,883,-1,883,882,884,-1,883,884,885,-1,885,884,886,-1,885,886,887,-1,887,886,888,-1,887,888,889,-1,889,888,890,-1,889,890,891,-1,891,890,892,-1,891,892,893,-1,893,892,894,-1,893,894,895,-1,895,894,896,-1,895,896,897,-1,897,896,898,-1,897,898,899,-1,899,898,900,-1,899,900,901,-1,901,900,902,-1,901,902,903,-1,903,902,904,-1,903,904,905,-1,905,904,906,-1,905,906,907,-1,907,906,908,-1,907,908,909,-1,909,908,910,-1,909,910,911,-1,911,910,912,-1,911,912,913,-1,913,912,914,-1,913,914,915,-1,915,914,916,-1,915,916,917,-1,917,916,918,-1,917,918,919,-1,919,918,920,-1,919,920,921,-1,922,921,923,-1,923,921,920,-1,922,923,924,-1,924,923,925,-1,924,925,926,-1,926,925,927,-1,926,927,928,-1,928,927,929,-1,928,929,930,-1,930,929,931,-1,930,931,932,-1,932,931,933,-1,932,933,934,-1,934,933,935,-1,934,935,936,-1,936,935,937,-1,936,937,938,-1,938,937,939,-1,938,939,940,-1,940,939,941,-1,940,941,942,-1,942,941,943,-1,942,943,944,-1,944,943,945,-1,944,945,946,-1,946,945,947,-1,946,947,948,-1,948,947,949,-1,948,949,950,-1,950,949,951,-1,950,951,952,-1,952,951,953,-1,952,953,954,-1,954,953,955,-1,954,955,956,-1,956,955,957,-1,956,957,958,-1,958,957,959,-1,958,959,960,-1,960,959,961,-1,960,961,962,-1,962,961,963,-1,962,963,964,-1,964,963,965,-1,964,965,966,-1,966,965,967,-1,966,967,968,-1,968,967,969,-1,968,969,970,-1,970,969,971,-1,864,970,865,-1,865,970,971,-1,954,885,952,-1,952,885,887,-1,952,887,950,-1,950,887,889,-1,950,889,948,-1,948,889,891,-1,948,891,946,-1,946,891,893,-1,946,893,944,-1,944,893,895,-1,944,895,942,-1,942,895,897,-1,942,897,940,-1,897,899,940,-1,940,899,901,-1,940,901,938,-1,938,901,903,-1,938,903,936,-1,936,903,905,-1,936,905,934,-1,934,905,907,-1,934,907,932,-1,932,907,909,-1,932,909,930,-1,970,864,968,-1,968,864,867,-1,968,867,966,-1,966,867,869,-1,966,869,964,-1,909,911,930,-1,930,911,913,-1,930,913,928,-1,928,913,915,-1,928,915,926,-1,926,915,917,-1,926,917,924,-1,924,917,919,-1,924,919,922,-1,922,919,921,-1,869,871,964,-1,964,871,873,-1,964,873,962,-1,962,873,875,-1,962,875,960,-1,960,875,877,-1,960,877,958,-1,958,877,879,-1,958,879,956,-1,956,879,881,-1,956,881,954,-1,954,881,883,-1,954,883,885,-1,939,900,941,-1,941,900,898,-1,941,898,943,-1,943,898,896,-1,943,896,945,-1,945,896,894,-1,945,894,947,-1,947,894,892,-1,947,892,949,-1,949,892,890,-1,949,890,951,-1,951,890,888,-1,951,888,953,-1,865,971,866,-1,866,971,969,-1,866,969,868,-1,868,969,967,-1,868,967,870,-1,870,967,965,-1,870,965,872,-1,872,965,963,-1,888,886,953,-1,953,886,884,-1,953,884,955,-1,955,884,882,-1,955,882,957,-1,957,882,880,-1,957,880,959,-1,959,880,878,-1,959,878,961,-1,961,878,876,-1,961,876,963,-1,963,876,874,-1,963,874,872,-1,929,912,931,-1,931,912,910,-1,931,910,933,-1,933,910,908,-1,933,908,935,-1,935,908,906,-1,935,906,937,-1,937,906,904,-1,937,904,939,-1,939,904,902,-1,939,902,900,-1,923,920,925,-1,925,920,918,-1,925,918,927,-1,927,918,916,-1,927,916,929,-1,929,916,914,-1,929,914,912,-1,972,973,974,-1,972,974,975,-1,975,974,976,-1,975,976,977,-1,977,976,978,-1,977,978,979,-1,979,978,980,-1,979,980,981,-1,981,980,982,-1,981,982,983,-1,983,982,984,-1,983,984,985,-1,985,984,986,-1,985,986,987,-1,987,986,988,-1,987,988,989,-1,989,988,990,-1,989,990,991,-1,991,990,992,-1,991,992,993,-1,993,992,994,-1,993,994,995,-1,995,994,996,-1,995,996,997,-1,997,996,998,-1,997,998,999,-1,999,998,1000,-1,999,1000,1001,-1,1001,1000,1002,-1,1001,1002,1003,-1,1003,1002,1004,-1,1003,1004,1005,-1,1005,1004,1006,-1,1005,1006,1007,-1,1007,1006,1008,-1,1007,1008,1009,-1,1009,1008,1010,-1,1009,1010,1011,-1,1011,1010,1012,-1,1011,1012,1013,-1,1013,1012,1014,-1,1013,1014,1015,-1,1015,1014,1016,-1,1015,1016,1017,-1,1017,1016,1018,-1,1017,1018,1019,-1,1019,1018,1020,-1,1019,1020,1021,-1,1021,1020,1022,-1,1021,1022,1023,-1,1023,1022,1024,-1,1023,1024,1025,-1,1025,1024,1026,-1,1025,1026,1027,-1,1027,1026,1028,-1,1027,1028,1029,-1,1030,1029,1031,-1,1031,1029,1028,-1,1030,1031,1032,-1,1032,1031,1033,-1,1032,1033,1034,-1,1034,1033,1035,-1,1034,1035,1036,-1,1036,1035,1037,-1,1036,1037,1038,-1,1038,1037,1039,-1,1038,1039,1040,-1,1040,1039,1041,-1,1040,1041,1042,-1,1042,1041,1043,-1,1042,1043,1044,-1,1044,1043,1045,-1,1044,1045,1046,-1,1046,1045,1047,-1,1046,1047,1048,-1,1048,1047,1049,-1,1048,1049,1050,-1,1050,1049,1051,-1,1050,1051,1052,-1,1052,1051,1053,-1,1052,1053,1054,-1,1054,1053,1055,-1,1054,1055,1056,-1,1056,1055,1057,-1,1056,1057,1058,-1,1058,1057,1059,-1,1058,1059,1060,-1,1060,1059,1061,-1,1060,1061,1062,-1,1062,1061,1063,-1,1062,1063,1064,-1,1064,1063,1065,-1,1064,1065,1066,-1,1066,1065,1067,-1,1066,1067,1068,-1,1068,1067,1069,-1,1068,1069,1070,-1,1070,1069,1071,-1,1070,1071,1072,-1,1072,1071,1073,-1,1072,1073,1074,-1,1074,1073,1075,-1,1074,1075,1076,-1,1076,1075,1077,-1,1076,1077,1078,-1,1078,1077,1079,-1,972,1078,973,-1,973,1078,1079,-1,1048,1009,1046,-1,1046,1009,1011,-1,1046,1011,1044,-1,1044,1011,1013,-1,1044,1013,1042,-1,1042,1013,1015,-1,1042,1015,1040,-1,1040,1015,1017,-1,1040,1017,1038,-1,1062,993,1060,-1,1060,993,995,-1,1060,995,1058,-1,1058,995,997,-1,1058,997,1056,-1,1056,997,999,-1,1056,999,1054,-1,1054,999,1001,-1,1054,1001,1052,-1,1052,1001,1003,-1,1052,1003,1050,-1,1050,1003,1005,-1,1050,1005,1048,-1,1048,1005,1007,-1,1048,1007,1009,-1,1017,1019,1038,-1,1038,1019,1021,-1,1038,1021,1036,-1,1036,1021,1023,-1,1036,1023,1034,-1,1034,1023,1025,-1,1034,1025,1032,-1,1032,1025,1027,-1,1032,1027,1030,-1,1030,1027,1029,-1,1072,981,1070,-1,1070,981,983,-1,1070,983,1068,-1,1068,983,985,-1,1068,985,1066,-1,1066,985,987,-1,1066,987,1064,-1,1064,987,989,-1,1064,989,1062,-1,1062,989,991,-1,1062,991,993,-1,1078,972,1076,-1,1076,972,975,-1,1076,975,1074,-1,1074,975,977,-1,1074,977,1072,-1,1072,977,979,-1,1072,979,981,-1,1047,1008,1049,-1,1049,1008,1006,-1,1049,1006,1051,-1,1051,1006,1004,-1,1051,1004,1053,-1,1053,1004,1002,-1,1053,1002,1055,-1,1055,1002,1000,-1,1055,1000,1057,-1,1057,1000,998,-1,1057,998,1059,-1,1059,998,996,-1,1059,996,1061,-1,1037,1020,1039,-1,1039,1020,1018,-1,1039,1018,1041,-1,1041,1018,1016,-1,1041,1016,1043,-1,1043,1016,1014,-1,1043,1014,1045,-1,1045,1014,1012,-1,1045,1012,1047,-1,1047,1012,1010,-1,1047,1010,1008,-1,1031,1028,1033,-1,1033,1028,1026,-1,1033,1026,1035,-1,1035,1026,1024,-1,1035,1024,1037,-1,1037,1024,1022,-1,1037,1022,1020,-1,1071,980,1073,-1,1073,980,978,-1,1073,978,1075,-1,1075,978,976,-1,1075,976,1077,-1,1077,976,974,-1,1077,974,1079,-1,1079,974,973,-1,996,994,1061,-1,1061,994,992,-1,1061,992,1063,-1,1063,992,990,-1,1063,990,1065,-1,1065,990,988,-1,1065,988,1067,-1,1067,988,986,-1,1067,986,1069,-1,1069,986,984,-1,1069,984,1071,-1,1071,984,982,-1,1071,982,980,-1,1080,1081,1082,-1,1080,1082,1083,-1,1083,1082,1084,-1,1083,1084,1085,-1,1085,1084,1086,-1,1085,1086,1087,-1,1087,1086,1088,-1,1087,1088,1089,-1,1089,1088,1090,-1,1089,1090,1091,-1,1091,1090,1092,-1,1091,1092,1093,-1,1093,1092,1094,-1,1093,1094,1095,-1,1095,1094,1096,-1,1095,1096,1097,-1,1097,1096,1098,-1,1097,1098,1099,-1,1099,1098,1100,-1,1099,1100,1101,-1,1101,1100,1102,-1,1101,1102,1103,-1,1103,1102,1104,-1,1103,1104,1105,-1,1105,1104,1106,-1,1105,1106,1107,-1,1107,1106,1108,-1,1107,1108,1109,-1,1109,1108,1110,-1,1109,1110,1111,-1,1111,1110,1112,-1,1111,1112,1113,-1,1113,1112,1114,-1,1113,1114,1115,-1,1115,1114,1116,-1,1115,1116,1117,-1,1117,1116,1118,-1,1117,1118,1119,-1,1119,1118,1120,-1,1119,1120,1121,-1,1121,1120,1122,-1,1121,1122,1123,-1,1123,1122,1124,-1,1123,1124,1125,-1,1125,1124,1126,-1,1125,1126,1127,-1,1127,1126,1128,-1,1127,1128,1129,-1,1129,1128,1130,-1,1129,1130,1131,-1,1131,1130,1132,-1,1131,1132,1133,-1,1133,1132,1134,-1,1133,1134,1135,-1,1135,1134,1136,-1,1135,1136,1137,-1,1138,1137,1139,-1,1139,1137,1136,-1,1138,1139,1140,-1,1140,1139,1141,-1,1140,1141,1142,-1,1142,1141,1143,-1,1142,1143,1144,-1,1144,1143,1145,-1,1144,1145,1146,-1,1146,1145,1147,-1,1146,1147,1148,-1,1148,1147,1149,-1,1148,1149,1150,-1,1150,1149,1151,-1,1150,1151,1152,-1,1152,1151,1153,-1,1152,1153,1154,-1,1154,1153,1155,-1,1154,1155,1156,-1,1156,1155,1157,-1,1156,1157,1158,-1,1158,1157,1159,-1,1158,1159,1160,-1,1160,1159,1161,-1,1160,1161,1162,-1,1162,1161,1163,-1,1162,1163,1164,-1,1164,1163,1165,-1,1164,1165,1166,-1,1166,1165,1167,-1,1166,1167,1168,-1,1168,1167,1169,-1,1168,1169,1170,-1,1170,1169,1171,-1,1170,1171,1172,-1,1172,1171,1173,-1,1172,1173,1174,-1,1174,1173,1175,-1,1174,1175,1176,-1,1176,1175,1177,-1,1176,1177,1178,-1,1178,1177,1179,-1,1178,1179,1180,-1,1180,1179,1181,-1,1180,1181,1182,-1,1182,1181,1183,-1,1182,1183,1184,-1,1184,1183,1185,-1,1184,1185,1186,-1,1186,1185,1187,-1,1080,1186,1081,-1,1081,1186,1187,-1,1156,1117,1154,-1,1154,1117,1119,-1,1154,1119,1152,-1,1152,1119,1121,-1,1152,1121,1150,-1,1150,1121,1123,-1,1150,1123,1148,-1,1148,1123,1125,-1,1148,1125,1146,-1,1170,1101,1168,-1,1168,1101,1103,-1,1168,1103,1166,-1,1166,1103,1105,-1,1166,1105,1164,-1,1164,1105,1107,-1,1164,1107,1162,-1,1162,1107,1109,-1,1162,1109,1160,-1,1160,1109,1111,-1,1160,1111,1158,-1,1158,1111,1113,-1,1158,1113,1156,-1,1156,1113,1115,-1,1156,1115,1117,-1,1125,1127,1146,-1,1146,1127,1129,-1,1146,1129,1144,-1,1144,1129,1131,-1,1144,1131,1142,-1,1142,1131,1133,-1,1142,1133,1140,-1,1140,1133,1135,-1,1140,1135,1138,-1,1138,1135,1137,-1,1180,1089,1178,-1,1178,1089,1091,-1,1178,1091,1176,-1,1176,1091,1093,-1,1176,1093,1174,-1,1174,1093,1095,-1,1174,1095,1172,-1,1172,1095,1097,-1,1172,1097,1170,-1,1170,1097,1099,-1,1170,1099,1101,-1,1186,1080,1184,-1,1184,1080,1083,-1,1184,1083,1182,-1,1182,1083,1085,-1,1182,1085,1180,-1,1180,1085,1087,-1,1180,1087,1089,-1,1155,1116,1157,-1,1157,1116,1114,-1,1157,1114,1159,-1,1159,1114,1112,-1,1159,1112,1161,-1,1161,1112,1110,-1,1161,1110,1163,-1,1163,1110,1108,-1,1163,1108,1165,-1,1165,1108,1106,-1,1165,1106,1167,-1,1167,1106,1104,-1,1167,1104,1169,-1,1145,1128,1147,-1,1147,1128,1126,-1,1147,1126,1149,-1,1149,1126,1124,-1,1149,1124,1151,-1,1151,1124,1122,-1,1151,1122,1153,-1,1153,1122,1120,-1,1153,1120,1155,-1,1155,1120,1118,-1,1155,1118,1116,-1,1139,1136,1141,-1,1141,1136,1134,-1,1141,1134,1143,-1,1143,1134,1132,-1,1143,1132,1145,-1,1145,1132,1130,-1,1145,1130,1128,-1,1179,1088,1181,-1,1181,1088,1086,-1,1181,1086,1183,-1,1183,1086,1084,-1,1183,1084,1185,-1,1185,1084,1082,-1,1185,1082,1187,-1,1187,1082,1081,-1,1104,1102,1169,-1,1169,1102,1100,-1,1169,1100,1171,-1,1171,1100,1098,-1,1171,1098,1173,-1,1173,1098,1096,-1,1173,1096,1175,-1,1175,1096,1094,-1,1175,1094,1177,-1,1177,1094,1092,-1,1177,1092,1179,-1,1179,1092,1090,-1,1179,1090,1088,-1,1188,1189,1190,-1,1188,1190,1191,-1,1191,1190,1192,-1,1191,1192,1193,-1,1193,1192,1194,-1,1193,1194,1195,-1,1195,1194,1196,-1,1195,1196,1197,-1,1197,1196,1198,-1,1197,1198,1199,-1,1199,1198,1200,-1,1199,1200,1201,-1,1201,1200,1202,-1,1201,1202,1203,-1,1203,1202,1204,-1,1203,1204,1205,-1,1205,1204,1206,-1,1205,1206,1207,-1,1207,1206,1208,-1,1207,1208,1209,-1,1209,1208,1210,-1,1209,1210,1211,-1,1211,1210,1212,-1,1211,1212,1213,-1,1213,1212,1214,-1,1213,1214,1215,-1,1215,1214,1216,-1,1215,1216,1217,-1,1217,1216,1218,-1,1217,1218,1219,-1,1219,1218,1220,-1,1219,1220,1221,-1,1221,1220,1222,-1,1221,1222,1223,-1,1223,1222,1224,-1,1223,1224,1225,-1,1225,1224,1226,-1,1225,1226,1227,-1,1227,1226,1228,-1,1227,1228,1229,-1,1229,1228,1230,-1,1229,1230,1231,-1,1231,1230,1232,-1,1231,1232,1233,-1,1233,1232,1234,-1,1233,1234,1235,-1,1235,1234,1236,-1,1235,1236,1237,-1,1237,1236,1238,-1,1237,1238,1239,-1,1239,1238,1240,-1,1239,1240,1241,-1,1241,1240,1242,-1,1241,1242,1243,-1,1243,1242,1244,-1,1243,1244,1245,-1,1246,1245,1247,-1,1247,1245,1244,-1,1246,1247,1248,-1,1248,1247,1249,-1,1248,1249,1250,-1,1250,1249,1251,-1,1250,1251,1252,-1,1252,1251,1253,-1,1252,1253,1254,-1,1254,1253,1255,-1,1254,1255,1256,-1,1256,1255,1257,-1,1256,1257,1258,-1,1258,1257,1259,-1,1258,1259,1260,-1,1260,1259,1261,-1,1260,1261,1262,-1,1262,1261,1263,-1,1262,1263,1264,-1,1264,1263,1265,-1,1264,1265,1266,-1,1266,1265,1267,-1,1266,1267,1268,-1,1268,1267,1269,-1,1268,1269,1270,-1,1270,1269,1271,-1,1270,1271,1272,-1,1272,1271,1273,-1,1272,1273,1274,-1,1274,1273,1275,-1,1274,1275,1276,-1,1276,1275,1277,-1,1276,1277,1278,-1,1278,1277,1279,-1,1278,1279,1280,-1,1280,1279,1281,-1,1280,1281,1282,-1,1282,1281,1283,-1,1282,1283,1284,-1,1284,1283,1285,-1,1284,1285,1286,-1,1286,1285,1287,-1,1286,1287,1288,-1,1288,1287,1289,-1,1288,1289,1290,-1,1290,1289,1291,-1,1290,1291,1292,-1,1292,1291,1293,-1,1292,1293,1294,-1,1294,1293,1295,-1,1188,1294,1189,-1,1189,1294,1295,-1,1264,1225,1262,-1,1262,1225,1227,-1,1262,1227,1260,-1,1260,1227,1229,-1,1260,1229,1258,-1,1258,1229,1231,-1,1258,1231,1256,-1,1256,1231,1233,-1,1256,1233,1254,-1,1278,1209,1276,-1,1276,1209,1211,-1,1276,1211,1274,-1,1274,1211,1213,-1,1274,1213,1272,-1,1272,1213,1215,-1,1272,1215,1270,-1,1270,1215,1217,-1,1270,1217,1268,-1,1268,1217,1219,-1,1268,1219,1266,-1,1266,1219,1221,-1,1266,1221,1264,-1,1264,1221,1223,-1,1264,1223,1225,-1,1233,1235,1254,-1,1254,1235,1237,-1,1254,1237,1252,-1,1252,1237,1239,-1,1252,1239,1250,-1,1250,1239,1241,-1,1250,1241,1248,-1,1248,1241,1243,-1,1248,1243,1246,-1,1246,1243,1245,-1,1288,1197,1286,-1,1286,1197,1199,-1,1286,1199,1284,-1,1284,1199,1201,-1,1284,1201,1282,-1,1282,1201,1203,-1,1282,1203,1280,-1,1280,1203,1205,-1,1280,1205,1278,-1,1278,1205,1207,-1,1278,1207,1209,-1,1294,1188,1292,-1,1292,1188,1191,-1,1292,1191,1290,-1,1290,1191,1193,-1,1290,1193,1288,-1,1288,1193,1195,-1,1288,1195,1197,-1,1189,1295,1190,-1,1190,1295,1293,-1,1190,1293,1192,-1,1192,1293,1291,-1,1192,1291,1194,-1,1194,1291,1289,-1,1194,1289,1196,-1,1196,1289,1287,-1,1277,1208,1279,-1,1279,1208,1206,-1,1279,1206,1281,-1,1281,1206,1204,-1,1281,1204,1283,-1,1283,1204,1202,-1,1283,1202,1285,-1,1285,1202,1200,-1,1285,1200,1287,-1,1287,1200,1198,-1,1287,1198,1196,-1,1263,1224,1265,-1,1265,1224,1222,-1,1265,1222,1267,-1,1267,1222,1220,-1,1267,1220,1269,-1,1269,1220,1218,-1,1269,1218,1271,-1,1271,1218,1216,-1,1271,1216,1273,-1,1273,1216,1214,-1,1273,1214,1275,-1,1275,1214,1212,-1,1275,1212,1277,-1,1277,1212,1210,-1,1277,1210,1208,-1,1253,1236,1255,-1,1255,1236,1234,-1,1255,1234,1257,-1,1257,1234,1232,-1,1257,1232,1259,-1,1259,1232,1230,-1,1259,1230,1261,-1,1261,1230,1228,-1,1261,1228,1263,-1,1263,1228,1226,-1,1263,1226,1224,-1,1247,1244,1249,-1,1249,1244,1242,-1,1249,1242,1251,-1,1251,1242,1240,-1,1251,1240,1253,-1,1253,1240,1238,-1,1253,1238,1236,-1,1296,1297,1298,-1,1296,1298,1299,-1,1299,1298,1300,-1,1299,1300,1301,-1,1301,1300,1302,-1,1301,1302,1303,-1,1303,1302,1304,-1,1303,1304,1305,-1,1305,1304,1306,-1,1305,1306,1307,-1,1307,1306,1308,-1,1307,1308,1309,-1,1309,1308,1310,-1,1309,1310,1311,-1,1311,1310,1312,-1,1311,1312,1313,-1,1313,1312,1314,-1,1313,1314,1315,-1,1315,1314,1316,-1,1315,1316,1317,-1,1317,1316,1318,-1,1317,1318,1319,-1,1319,1318,1320,-1,1319,1320,1321,-1,1321,1320,1322,-1,1321,1322,1323,-1,1323,1322,1324,-1,1323,1324,1325,-1,1325,1324,1326,-1,1325,1326,1327,-1,1327,1326,1328,-1,1327,1328,1329,-1,1329,1328,1330,-1,1329,1330,1331,-1,1331,1330,1332,-1,1331,1332,1333,-1,1333,1332,1334,-1,1333,1334,1335,-1,1335,1334,1336,-1,1335,1336,1337,-1,1337,1336,1338,-1,1337,1338,1339,-1,1339,1338,1340,-1,1339,1340,1341,-1,1341,1340,1342,-1,1341,1342,1343,-1,1343,1342,1344,-1,1343,1344,1345,-1,1345,1344,1346,-1,1345,1346,1347,-1,1347,1346,1348,-1,1347,1348,1349,-1,1349,1348,1350,-1,1349,1350,1351,-1,1351,1350,1352,-1,1351,1352,1353,-1,1354,1353,1355,-1,1355,1353,1352,-1,1354,1355,1356,-1,1356,1355,1357,-1,1356,1357,1358,-1,1358,1357,1359,-1,1358,1359,1360,-1,1360,1359,1361,-1,1360,1361,1362,-1,1362,1361,1363,-1,1362,1363,1364,-1,1364,1363,1365,-1,1364,1365,1366,-1,1366,1365,1367,-1,1366,1367,1368,-1,1368,1367,1369,-1,1368,1369,1370,-1,1370,1369,1371,-1,1370,1371,1372,-1,1372,1371,1373,-1,1372,1373,1374,-1,1374,1373,1375,-1,1374,1375,1376,-1,1376,1375,1377,-1,1376,1377,1378,-1,1378,1377,1379,-1,1378,1379,1380,-1,1380,1379,1381,-1,1380,1381,1382,-1,1382,1381,1383,-1,1382,1383,1384,-1,1384,1383,1385,-1,1384,1385,1386,-1,1386,1385,1387,-1,1386,1387,1388,-1,1388,1387,1389,-1,1388,1389,1390,-1,1390,1389,1391,-1,1390,1391,1392,-1,1392,1391,1393,-1,1392,1393,1394,-1,1394,1393,1395,-1,1394,1395,1396,-1,1396,1395,1397,-1,1396,1397,1398,-1,1398,1397,1399,-1,1398,1399,1400,-1,1400,1399,1401,-1,1400,1401,1402,-1,1402,1401,1403,-1,1296,1402,1297,-1,1297,1402,1403,-1,1353,1354,1351,-1,1351,1354,1356,-1,1351,1356,1349,-1,1349,1356,1358,-1,1349,1358,1347,-1,1347,1358,1360,-1,1347,1360,1345,-1,1345,1360,1362,-1,1372,1333,1370,-1,1370,1333,1335,-1,1370,1335,1368,-1,1368,1335,1337,-1,1368,1337,1366,-1,1366,1337,1339,-1,1366,1339,1364,-1,1364,1339,1341,-1,1364,1341,1362,-1,1362,1341,1343,-1,1362,1343,1345,-1,1386,1317,1384,-1,1384,1317,1319,-1,1384,1319,1382,-1,1382,1319,1321,-1,1382,1321,1380,-1,1380,1321,1323,-1,1380,1323,1378,-1,1378,1323,1325,-1,1378,1325,1376,-1,1376,1325,1327,-1,1376,1327,1374,-1,1374,1327,1329,-1,1374,1329,1372,-1,1372,1329,1331,-1,1372,1331,1333,-1,1396,1305,1394,-1,1394,1305,1307,-1,1394,1307,1392,-1,1392,1307,1309,-1,1392,1309,1390,-1,1390,1309,1311,-1,1390,1311,1388,-1,1388,1311,1313,-1,1388,1313,1386,-1,1386,1313,1315,-1,1386,1315,1317,-1,1402,1296,1400,-1,1400,1296,1299,-1,1400,1299,1398,-1,1398,1299,1301,-1,1398,1301,1396,-1,1396,1301,1303,-1,1396,1303,1305,-1,1297,1403,1298,-1,1298,1403,1401,-1,1298,1401,1300,-1,1300,1401,1399,-1,1300,1399,1302,-1,1302,1399,1397,-1,1302,1397,1304,-1,1304,1397,1395,-1,1385,1316,1387,-1,1387,1316,1314,-1,1387,1314,1389,-1,1389,1314,1312,-1,1389,1312,1391,-1,1391,1312,1310,-1,1391,1310,1393,-1,1393,1310,1308,-1,1393,1308,1395,-1,1395,1308,1306,-1,1395,1306,1304,-1,1371,1332,1373,-1,1373,1332,1330,-1,1373,1330,1375,-1,1375,1330,1328,-1,1375,1328,1377,-1,1377,1328,1326,-1,1377,1326,1379,-1,1379,1326,1324,-1,1379,1324,1381,-1,1381,1324,1322,-1,1381,1322,1383,-1,1383,1322,1320,-1,1383,1320,1385,-1,1385,1320,1318,-1,1385,1318,1316,-1,1361,1344,1363,-1,1363,1344,1342,-1,1363,1342,1365,-1,1365,1342,1340,-1,1365,1340,1367,-1,1367,1340,1338,-1,1367,1338,1369,-1,1369,1338,1336,-1,1369,1336,1371,-1,1371,1336,1334,-1,1371,1334,1332,-1,1355,1352,1357,-1,1357,1352,1350,-1,1357,1350,1359,-1,1359,1350,1348,-1,1359,1348,1361,-1,1361,1348,1346,-1,1361,1346,1344,-1,1404,1405,1406,-1,1404,1406,1407,-1,1407,1406,1408,-1,1407,1408,1409,-1,1409,1408,1410,-1,1409,1410,1411,-1,1411,1410,1412,-1,1411,1412,1413,-1,1413,1412,1414,-1,1413,1414,1415,-1,1415,1414,1416,-1,1415,1416,1417,-1,1417,1416,1418,-1,1417,1418,1419,-1,1419,1418,1420,-1,1419,1420,1421,-1,1421,1420,1422,-1,1421,1422,1423,-1,1423,1422,1424,-1,1423,1424,1425,-1,1425,1424,1426,-1,1425,1426,1427,-1,1427,1426,1428,-1,1427,1428,1429,-1,1429,1428,1430,-1,1429,1430,1431,-1,1431,1430,1432,-1,1431,1432,1433,-1,1433,1432,1434,-1,1433,1434,1435,-1,1435,1434,1436,-1,1435,1436,1437,-1,1437,1436,1438,-1,1437,1438,1439,-1,1439,1438,1440,-1,1439,1440,1441,-1,1441,1440,1442,-1,1441,1442,1443,-1,1443,1442,1444,-1,1443,1444,1445,-1,1445,1444,1446,-1,1445,1446,1447,-1,1447,1446,1448,-1,1447,1448,1449,-1,1449,1448,1450,-1,1449,1450,1451,-1,1451,1450,1452,-1,1451,1452,1453,-1,1453,1452,1454,-1,1453,1454,1455,-1,1455,1454,1456,-1,1455,1456,1457,-1,1457,1456,1458,-1,1457,1458,1459,-1,1459,1458,1460,-1,1459,1460,1461,-1,1462,1461,1463,-1,1463,1461,1460,-1,1462,1463,1464,-1,1464,1463,1465,-1,1464,1465,1466,-1,1466,1465,1467,-1,1466,1467,1468,-1,1468,1467,1469,-1,1468,1469,1470,-1,1470,1469,1471,-1,1470,1471,1472,-1,1472,1471,1473,-1,1472,1473,1474,-1,1474,1473,1475,-1,1474,1475,1476,-1,1476,1475,1477,-1,1476,1477,1478,-1,1478,1477,1479,-1,1478,1479,1480,-1,1480,1479,1481,-1,1480,1481,1482,-1,1482,1481,1483,-1,1482,1483,1484,-1,1484,1483,1485,-1,1484,1485,1486,-1,1486,1485,1487,-1,1486,1487,1488,-1,1488,1487,1489,-1,1488,1489,1490,-1,1490,1489,1491,-1,1490,1491,1492,-1,1492,1491,1493,-1,1492,1493,1494,-1,1494,1493,1495,-1,1494,1495,1496,-1,1496,1495,1497,-1,1496,1497,1498,-1,1498,1497,1499,-1,1498,1499,1500,-1,1500,1499,1501,-1,1500,1501,1502,-1,1502,1501,1503,-1,1502,1503,1504,-1,1504,1503,1505,-1,1504,1505,1506,-1,1506,1505,1507,-1,1506,1507,1508,-1,1508,1507,1509,-1,1508,1509,1510,-1,1510,1509,1511,-1,1404,1510,1405,-1,1405,1510,1511,-1,1461,1462,1459,-1,1459,1462,1464,-1,1459,1464,1457,-1,1457,1464,1466,-1,1457,1466,1455,-1,1455,1466,1468,-1,1455,1468,1453,-1,1453,1468,1470,-1,1480,1441,1478,-1,1478,1441,1443,-1,1478,1443,1476,-1,1476,1443,1445,-1,1476,1445,1474,-1,1474,1445,1447,-1,1474,1447,1472,-1,1472,1447,1449,-1,1472,1449,1470,-1,1470,1449,1451,-1,1470,1451,1453,-1,1494,1425,1492,-1,1492,1425,1427,-1,1492,1427,1490,-1,1490,1427,1429,-1,1490,1429,1488,-1,1488,1429,1431,-1,1488,1431,1486,-1,1486,1431,1433,-1,1486,1433,1484,-1,1484,1433,1435,-1,1484,1435,1482,-1,1482,1435,1437,-1,1482,1437,1480,-1,1480,1437,1439,-1,1480,1439,1441,-1,1504,1413,1502,-1,1502,1413,1415,-1,1502,1415,1500,-1,1500,1415,1417,-1,1500,1417,1498,-1,1498,1417,1419,-1,1498,1419,1496,-1,1496,1419,1421,-1,1496,1421,1494,-1,1494,1421,1423,-1,1494,1423,1425,-1,1510,1404,1508,-1,1508,1404,1407,-1,1508,1407,1506,-1,1506,1407,1409,-1,1506,1409,1504,-1,1504,1409,1411,-1,1504,1411,1413,-1,1405,1511,1406,-1,1406,1511,1509,-1,1406,1509,1408,-1,1408,1509,1507,-1,1408,1507,1410,-1,1410,1507,1505,-1,1410,1505,1412,-1,1412,1505,1503,-1,1493,1424,1495,-1,1495,1424,1422,-1,1495,1422,1497,-1,1497,1422,1420,-1,1497,1420,1499,-1,1499,1420,1418,-1,1499,1418,1501,-1,1501,1418,1416,-1,1501,1416,1503,-1,1503,1416,1414,-1,1503,1414,1412,-1,1479,1440,1481,-1,1481,1440,1438,-1,1481,1438,1483,-1,1483,1438,1436,-1,1483,1436,1485,-1,1485,1436,1434,-1,1485,1434,1487,-1,1487,1434,1432,-1,1487,1432,1489,-1,1489,1432,1430,-1,1489,1430,1491,-1,1491,1430,1428,-1,1491,1428,1493,-1,1493,1428,1426,-1,1493,1426,1424,-1,1469,1452,1471,-1,1471,1452,1450,-1,1471,1450,1473,-1,1473,1450,1448,-1,1473,1448,1475,-1,1475,1448,1446,-1,1475,1446,1477,-1,1477,1446,1444,-1,1477,1444,1479,-1,1479,1444,1442,-1,1479,1442,1440,-1,1463,1460,1465,-1,1465,1460,1458,-1,1465,1458,1467,-1,1467,1458,1456,-1,1467,1456,1469,-1,1469,1456,1454,-1,1469,1454,1452,-1,1512,1513,1514,-1,1514,1513,1515,-1,1514,1515,1516,-1,1516,1515,1517,-1,1516,1517,1518,-1,1518,1517,1519,-1,1518,1519,1520,-1,1520,1519,1521,-1,1520,1521,1522,-1,1522,1521,1523,-1,1522,1523,1524,-1,1524,1523,1525,-1,1524,1525,1526,-1,1526,1525,1527,-1,1526,1527,1528,-1,1528,1527,1529,-1,1528,1529,1530,-1,1530,1529,1531,-1,1530,1531,1532,-1,1532,1531,1533,-1,1532,1533,1534,-1,1534,1533,1535,-1,1534,1535,1536,-1,1536,1535,1537,-1,1536,1537,1538,-1,1538,1537,1539,-1,1538,1539,1540,-1,1540,1539,1541,-1,1540,1541,1542,-1,1542,1541,1543,-1,1542,1543,1544,-1,1544,1543,1545,-1,1544,1545,1546,-1,1546,1545,1547,-1,1546,1547,1548,-1,1548,1547,1549,-1,1548,1549,1550,-1,1550,1549,1551,-1,1550,1551,1552,-1,1552,1551,1553,-1,1552,1553,1554,-1,1554,1553,1555,-1,1554,1555,1556,-1,1556,1555,1557,-1,1556,1557,1558,-1,1558,1557,1559,-1,1558,1559,1560,-1,1560,1559,1561,-1,1562,1560,1563,-1,1563,1560,1561,-1,1562,1563,1564,-1,1562,1564,1565,-1,1565,1564,1566,-1,1565,1566,1567,-1,1567,1566,1568,-1,1567,1568,1569,-1,1569,1568,1570,-1,1569,1570,1571,-1,1571,1570,1572,-1,1571,1572,1573,-1,1573,1572,1574,-1,1573,1574,1575,-1,1575,1574,1576,-1,1575,1576,1577,-1,1577,1576,1578,-1,1577,1578,1579,-1,1579,1578,1580,-1,1579,1580,1581,-1,1581,1580,1582,-1,1581,1582,1583,-1,1583,1582,1584,-1,1583,1584,1585,-1,1585,1584,1586,-1,1585,1586,1587,-1,1587,1586,1588,-1,1587,1588,1589,-1,1589,1588,1590,-1,1589,1590,1591,-1,1591,1590,1592,-1,1591,1592,1593,-1,1593,1592,1594,-1,1593,1594,1595,-1,1595,1594,1596,-1,1595,1596,1597,-1,1597,1596,1598,-1,1597,1598,1599,-1,1599,1598,1600,-1,1599,1600,1601,-1,1601,1600,1602,-1,1601,1602,1603,-1,1603,1602,1604,-1,1603,1604,1605,-1,1605,1604,1606,-1,1605,1606,1607,-1,1607,1606,1608,-1,1607,1608,1609,-1,1609,1608,1610,-1,1609,1610,1611,-1,1611,1610,1612,-1,1611,1612,1613,-1,1613,1612,1614,-1,1613,1614,1615,-1,1615,1614,1616,-1,1615,1616,1617,-1,1617,1616,1618,-1,1617,1618,1619,-1,1512,1619,1513,-1,1513,1619,1618,-1,1619,1512,1617,-1,1617,1512,1514,-1,1617,1514,1615,-1,1615,1514,1516,-1,1615,1516,1613,-1,1613,1516,1518,-1,1613,1518,1611,-1,1611,1518,1520,-1,1530,1599,1528,-1,1528,1599,1601,-1,1528,1601,1526,-1,1526,1601,1603,-1,1526,1603,1524,-1,1524,1603,1605,-1,1524,1605,1522,-1,1522,1605,1607,-1,1522,1607,1520,-1,1520,1607,1609,-1,1520,1609,1611,-1,1544,1583,1542,-1,1542,1583,1585,-1,1542,1585,1540,-1,1540,1585,1587,-1,1540,1587,1538,-1,1538,1587,1589,-1,1538,1589,1536,-1,1536,1589,1591,-1,1536,1591,1534,-1,1534,1591,1593,-1,1534,1593,1532,-1,1532,1593,1595,-1,1532,1595,1530,-1,1530,1595,1597,-1,1530,1597,1599,-1,1554,1571,1552,-1,1552,1571,1573,-1,1552,1573,1550,-1,1550,1573,1575,-1,1550,1575,1548,-1,1548,1575,1577,-1,1548,1577,1546,-1,1546,1577,1579,-1,1546,1579,1544,-1,1544,1579,1581,-1,1544,1581,1583,-1,1560,1562,1558,-1,1558,1562,1565,-1,1558,1565,1556,-1,1556,1565,1567,-1,1556,1567,1554,-1,1554,1567,1569,-1,1554,1569,1571,-1,1563,1561,1564,-1,1564,1561,1559,-1,1564,1559,1566,-1,1566,1559,1557,-1,1566,1557,1568,-1,1568,1557,1555,-1,1568,1555,1570,-1,1570,1555,1553,-1,1543,1582,1545,-1,1545,1582,1580,-1,1545,1580,1547,-1,1547,1580,1578,-1,1547,1578,1549,-1,1549,1578,1576,-1,1549,1576,1551,-1,1551,1576,1574,-1,1551,1574,1553,-1,1553,1574,1572,-1,1553,1572,1570,-1,1529,1598,1531,-1,1531,1598,1596,-1,1531,1596,1533,-1,1533,1596,1594,-1,1533,1594,1535,-1,1535,1594,1592,-1,1535,1592,1537,-1,1537,1592,1590,-1,1537,1590,1539,-1,1539,1590,1588,-1,1539,1588,1541,-1,1541,1588,1586,-1,1541,1586,1543,-1,1543,1586,1584,-1,1543,1584,1582,-1,1519,1610,1521,-1,1521,1610,1608,-1,1521,1608,1523,-1,1523,1608,1606,-1,1523,1606,1525,-1,1525,1606,1604,-1,1525,1604,1527,-1,1527,1604,1602,-1,1527,1602,1529,-1,1529,1602,1600,-1,1529,1600,1598,-1,1513,1618,1515,-1,1515,1618,1616,-1,1515,1616,1517,-1,1517,1616,1614,-1,1517,1614,1519,-1,1519,1614,1612,-1,1519,1612,1610,-1,1620,1621,1622,-1,1622,1621,1623,-1,1622,1623,1624,-1,1624,1623,1625,-1,1624,1625,1626,-1,1626,1625,1627,-1,1626,1627,1628,-1,1628,1627,1629,-1,1628,1629,1630,-1,1630,1629,1631,-1,1630,1631,1632,-1,1632,1631,1633,-1,1632,1633,1634,-1,1634,1633,1635,-1,1634,1635,1636,-1,1636,1635,1637,-1,1636,1637,1638,-1,1638,1637,1639,-1,1638,1639,1640,-1,1640,1639,1641,-1,1640,1641,1642,-1,1642,1641,1643,-1,1642,1643,1644,-1,1644,1643,1645,-1,1644,1645,1646,-1,1646,1645,1647,-1,1646,1647,1648,-1,1648,1647,1649,-1,1648,1649,1650,-1,1650,1649,1651,-1,1650,1651,1652,-1,1652,1651,1653,-1,1652,1653,1654,-1,1654,1653,1655,-1,1654,1655,1656,-1,1656,1655,1657,-1,1656,1657,1658,-1,1658,1657,1659,-1,1658,1659,1660,-1,1660,1659,1661,-1,1660,1661,1662,-1,1662,1661,1663,-1,1662,1663,1664,-1,1664,1663,1665,-1,1664,1665,1666,-1,1666,1665,1667,-1,1666,1667,1668,-1,1668,1667,1669,-1,1670,1668,1671,-1,1671,1668,1669,-1,1670,1671,1672,-1,1670,1672,1673,-1,1673,1672,1674,-1,1673,1674,1675,-1,1675,1674,1676,-1,1675,1676,1677,-1,1677,1676,1678,-1,1677,1678,1679,-1,1679,1678,1680,-1,1679,1680,1681,-1,1681,1680,1682,-1,1681,1682,1683,-1,1683,1682,1684,-1,1683,1684,1685,-1,1685,1684,1686,-1,1685,1686,1687,-1,1687,1686,1688,-1,1687,1688,1689,-1,1689,1688,1690,-1,1689,1690,1691,-1,1691,1690,1692,-1,1691,1692,1693,-1,1693,1692,1694,-1,1693,1694,1695,-1,1695,1694,1696,-1,1695,1696,1697,-1,1697,1696,1698,-1,1697,1698,1699,-1,1699,1698,1700,-1,1699,1700,1701,-1,1701,1700,1702,-1,1701,1702,1703,-1,1703,1702,1704,-1,1703,1704,1705,-1,1705,1704,1706,-1,1705,1706,1707,-1,1707,1706,1708,-1,1707,1708,1709,-1,1709,1708,1710,-1,1709,1710,1711,-1,1711,1710,1712,-1,1711,1712,1713,-1,1713,1712,1714,-1,1713,1714,1715,-1,1715,1714,1716,-1,1715,1716,1717,-1,1717,1716,1718,-1,1717,1718,1719,-1,1719,1718,1720,-1,1719,1720,1721,-1,1721,1720,1722,-1,1721,1722,1723,-1,1723,1722,1724,-1,1723,1724,1725,-1,1725,1724,1726,-1,1725,1726,1727,-1,1620,1727,1621,-1,1621,1727,1726,-1,1727,1620,1725,-1,1725,1620,1622,-1,1725,1622,1723,-1,1723,1622,1624,-1,1723,1624,1721,-1,1721,1624,1626,-1,1721,1626,1719,-1,1719,1626,1628,-1,1638,1707,1636,-1,1636,1707,1709,-1,1636,1709,1634,-1,1634,1709,1711,-1,1634,1711,1632,-1,1632,1711,1713,-1,1632,1713,1630,-1,1630,1713,1715,-1,1630,1715,1628,-1,1628,1715,1717,-1,1628,1717,1719,-1,1652,1691,1650,-1,1650,1691,1693,-1,1650,1693,1648,-1,1648,1693,1695,-1,1648,1695,1646,-1,1646,1695,1697,-1,1646,1697,1644,-1,1644,1697,1699,-1,1644,1699,1642,-1,1642,1699,1701,-1,1642,1701,1640,-1,1640,1701,1703,-1,1640,1703,1638,-1,1638,1703,1705,-1,1638,1705,1707,-1,1662,1679,1660,-1,1660,1679,1681,-1,1660,1681,1658,-1,1658,1681,1683,-1,1658,1683,1656,-1,1656,1683,1685,-1,1656,1685,1654,-1,1654,1685,1687,-1,1654,1687,1652,-1,1652,1687,1689,-1,1652,1689,1691,-1,1668,1670,1666,-1,1666,1670,1673,-1,1666,1673,1664,-1,1664,1673,1675,-1,1664,1675,1662,-1,1662,1675,1677,-1,1662,1677,1679,-1,1671,1669,1672,-1,1672,1669,1667,-1,1672,1667,1674,-1,1674,1667,1665,-1,1674,1665,1676,-1,1676,1665,1663,-1,1676,1663,1678,-1,1678,1663,1661,-1,1651,1690,1653,-1,1653,1690,1688,-1,1653,1688,1655,-1,1655,1688,1686,-1,1655,1686,1657,-1,1657,1686,1684,-1,1657,1684,1659,-1,1659,1684,1682,-1,1659,1682,1661,-1,1661,1682,1680,-1,1661,1680,1678,-1,1637,1706,1639,-1,1639,1706,1704,-1,1639,1704,1641,-1,1641,1704,1702,-1,1641,1702,1643,-1,1643,1702,1700,-1,1643,1700,1645,-1,1645,1700,1698,-1,1645,1698,1647,-1,1647,1698,1696,-1,1647,1696,1649,-1,1649,1696,1694,-1,1649,1694,1651,-1,1651,1694,1692,-1,1651,1692,1690,-1,1627,1718,1629,-1,1629,1718,1716,-1,1629,1716,1631,-1,1631,1716,1714,-1,1631,1714,1633,-1,1633,1714,1712,-1,1633,1712,1635,-1,1635,1712,1710,-1,1635,1710,1637,-1,1637,1710,1708,-1,1637,1708,1706,-1,1621,1726,1623,-1,1623,1726,1724,-1,1623,1724,1625,-1,1625,1724,1722,-1,1625,1722,1627,-1,1627,1722,1720,-1,1627,1720,1718,-1,1728,1729,1730,-1,1730,1729,1731,-1,1730,1731,1732,-1,1732,1731,1733,-1,1732,1733,1734,-1,1734,1733,1735,-1,1734,1735,1736,-1,1736,1735,1737,-1,1736,1737,1738,-1,1738,1737,1739,-1,1738,1739,1740,-1,1740,1739,1741,-1,1740,1741,1742,-1,1742,1741,1743,-1,1742,1743,1744,-1,1744,1743,1745,-1,1744,1745,1746,-1,1746,1745,1747,-1,1746,1747,1748,-1,1748,1747,1749,-1,1748,1749,1750,-1,1750,1749,1751,-1,1750,1751,1752,-1,1752,1751,1753,-1,1752,1753,1754,-1,1754,1753,1755,-1,1754,1755,1756,-1,1756,1755,1757,-1,1756,1757,1758,-1,1758,1757,1759,-1,1758,1759,1760,-1,1760,1759,1761,-1,1760,1761,1762,-1,1762,1761,1763,-1,1762,1763,1764,-1,1764,1763,1765,-1,1764,1765,1766,-1,1766,1765,1767,-1,1766,1767,1768,-1,1768,1767,1769,-1,1768,1769,1770,-1,1770,1769,1771,-1,1770,1771,1772,-1,1772,1771,1773,-1,1772,1773,1774,-1,1774,1773,1775,-1,1774,1775,1776,-1,1776,1775,1777,-1,1778,1776,1779,-1,1779,1776,1777,-1,1778,1779,1780,-1,1778,1780,1781,-1,1781,1780,1782,-1,1781,1782,1783,-1,1783,1782,1784,-1,1783,1784,1785,-1,1785,1784,1786,-1,1785,1786,1787,-1,1787,1786,1788,-1,1787,1788,1789,-1,1789,1788,1790,-1,1789,1790,1791,-1,1791,1790,1792,-1,1791,1792,1793,-1,1793,1792,1794,-1,1793,1794,1795,-1,1795,1794,1796,-1,1795,1796,1797,-1,1797,1796,1798,-1,1797,1798,1799,-1,1799,1798,1800,-1,1799,1800,1801,-1,1801,1800,1802,-1,1801,1802,1803,-1,1803,1802,1804,-1,1803,1804,1805,-1,1805,1804,1806,-1,1805,1806,1807,-1,1807,1806,1808,-1,1807,1808,1809,-1,1809,1808,1810,-1,1809,1810,1811,-1,1811,1810,1812,-1,1811,1812,1813,-1,1813,1812,1814,-1,1813,1814,1815,-1,1815,1814,1816,-1,1815,1816,1817,-1,1817,1816,1818,-1,1817,1818,1819,-1,1819,1818,1820,-1,1819,1820,1821,-1,1821,1820,1822,-1,1821,1822,1823,-1,1823,1822,1824,-1,1823,1824,1825,-1,1825,1824,1826,-1,1825,1826,1827,-1,1827,1826,1828,-1,1827,1828,1829,-1,1829,1828,1830,-1,1829,1830,1831,-1,1831,1830,1832,-1,1831,1832,1833,-1,1833,1832,1834,-1,1833,1834,1835,-1,1728,1835,1729,-1,1729,1835,1834,-1,1835,1728,1833,-1,1833,1728,1730,-1,1833,1730,1831,-1,1831,1730,1732,-1,1831,1732,1829,-1,1829,1732,1734,-1,1829,1734,1827,-1,1827,1734,1736,-1,1746,1815,1744,-1,1744,1815,1817,-1,1744,1817,1742,-1,1742,1817,1819,-1,1742,1819,1740,-1,1740,1819,1821,-1,1740,1821,1738,-1,1738,1821,1823,-1,1738,1823,1736,-1,1736,1823,1825,-1,1736,1825,1827,-1,1760,1799,1758,-1,1758,1799,1801,-1,1758,1801,1756,-1,1756,1801,1803,-1,1756,1803,1754,-1,1754,1803,1805,-1,1754,1805,1752,-1,1752,1805,1807,-1,1752,1807,1750,-1,1750,1807,1809,-1,1750,1809,1748,-1,1748,1809,1811,-1,1748,1811,1746,-1,1746,1811,1813,-1,1746,1813,1815,-1,1770,1787,1768,-1,1768,1787,1789,-1,1768,1789,1766,-1,1766,1789,1791,-1,1766,1791,1764,-1,1764,1791,1793,-1,1764,1793,1762,-1,1762,1793,1795,-1,1762,1795,1760,-1,1760,1795,1797,-1,1760,1797,1799,-1,1776,1778,1774,-1,1774,1778,1781,-1,1774,1781,1772,-1,1772,1781,1783,-1,1772,1783,1770,-1,1770,1783,1785,-1,1770,1785,1787,-1,1745,1814,1747,-1,1747,1814,1812,-1,1747,1812,1749,-1,1749,1812,1810,-1,1749,1810,1751,-1,1751,1810,1808,-1,1751,1808,1753,-1,1753,1808,1806,-1,1753,1806,1755,-1,1755,1806,1804,-1,1755,1804,1757,-1,1757,1804,1802,-1,1757,1802,1759,-1,1735,1826,1737,-1,1737,1826,1824,-1,1737,1824,1739,-1,1739,1824,1822,-1,1739,1822,1741,-1,1741,1822,1820,-1,1741,1820,1743,-1,1743,1820,1818,-1,1743,1818,1745,-1,1745,1818,1816,-1,1745,1816,1814,-1,1729,1834,1731,-1,1731,1834,1832,-1,1731,1832,1733,-1,1733,1832,1830,-1,1733,1830,1735,-1,1735,1830,1828,-1,1735,1828,1826,-1,1769,1786,1771,-1,1771,1786,1784,-1,1771,1784,1773,-1,1773,1784,1782,-1,1773,1782,1775,-1,1775,1782,1780,-1,1775,1780,1777,-1,1777,1780,1779,-1,1802,1800,1759,-1,1759,1800,1798,-1,1759,1798,1761,-1,1761,1798,1796,-1,1761,1796,1763,-1,1763,1796,1794,-1,1763,1794,1765,-1,1765,1794,1792,-1,1765,1792,1767,-1,1767,1792,1790,-1,1767,1790,1769,-1,1769,1790,1788,-1,1769,1788,1786,-1,1836,1837,1838,-1,1838,1837,1839,-1,1838,1839,1840,-1,1840,1839,1841,-1,1840,1841,1842,-1,1842,1841,1843,-1,1842,1843,1844,-1,1844,1843,1845,-1,1844,1845,1846,-1,1846,1845,1847,-1,1846,1847,1848,-1,1848,1847,1849,-1,1848,1849,1850,-1,1850,1849,1851,-1,1850,1851,1852,-1,1852,1851,1853,-1,1852,1853,1854,-1,1854,1853,1855,-1,1854,1855,1856,-1,1856,1855,1857,-1,1856,1857,1858,-1,1858,1857,1859,-1,1858,1859,1860,-1,1860,1859,1861,-1,1860,1861,1862,-1,1862,1861,1863,-1,1862,1863,1864,-1,1864,1863,1865,-1,1864,1865,1866,-1,1866,1865,1867,-1,1866,1867,1868,-1,1868,1867,1869,-1,1868,1869,1870,-1,1870,1869,1871,-1,1870,1871,1872,-1,1872,1871,1873,-1,1872,1873,1874,-1,1874,1873,1875,-1,1874,1875,1876,-1,1876,1875,1877,-1,1876,1877,1878,-1,1878,1877,1879,-1,1878,1879,1880,-1,1880,1879,1881,-1,1880,1881,1882,-1,1882,1881,1883,-1,1882,1883,1884,-1,1884,1883,1885,-1,1886,1884,1887,-1,1887,1884,1885,-1,1886,1887,1888,-1,1886,1888,1889,-1,1889,1888,1890,-1,1889,1890,1891,-1,1891,1890,1892,-1,1891,1892,1893,-1,1893,1892,1894,-1,1893,1894,1895,-1,1895,1894,1896,-1,1895,1896,1897,-1,1897,1896,1898,-1,1897,1898,1899,-1,1899,1898,1900,-1,1899,1900,1901,-1,1901,1900,1902,-1,1901,1902,1903,-1,1903,1902,1904,-1,1903,1904,1905,-1,1905,1904,1906,-1,1905,1906,1907,-1,1907,1906,1908,-1,1907,1908,1909,-1,1909,1908,1910,-1,1909,1910,1911,-1,1911,1910,1912,-1,1911,1912,1913,-1,1913,1912,1914,-1,1913,1914,1915,-1,1915,1914,1916,-1,1915,1916,1917,-1,1917,1916,1918,-1,1917,1918,1919,-1,1919,1918,1920,-1,1919,1920,1921,-1,1921,1920,1922,-1,1921,1922,1923,-1,1923,1922,1924,-1,1923,1924,1925,-1,1925,1924,1926,-1,1925,1926,1927,-1,1927,1926,1928,-1,1927,1928,1929,-1,1929,1928,1930,-1,1929,1930,1931,-1,1931,1930,1932,-1,1931,1932,1933,-1,1933,1932,1934,-1,1933,1934,1935,-1,1935,1934,1936,-1,1935,1936,1937,-1,1937,1936,1938,-1,1937,1938,1939,-1,1939,1938,1940,-1,1939,1940,1941,-1,1941,1940,1942,-1,1941,1942,1943,-1,1836,1943,1837,-1,1837,1943,1942,-1,1854,1923,1852,-1,1852,1923,1925,-1,1852,1925,1850,-1,1850,1925,1927,-1,1850,1927,1848,-1,1848,1927,1929,-1,1848,1929,1846,-1,1846,1929,1931,-1,1846,1931,1844,-1,1868,1907,1866,-1,1866,1907,1909,-1,1866,1909,1864,-1,1864,1909,1911,-1,1864,1911,1862,-1,1862,1911,1913,-1,1862,1913,1860,-1,1860,1913,1915,-1,1860,1915,1858,-1,1858,1915,1917,-1,1858,1917,1856,-1,1856,1917,1919,-1,1856,1919,1854,-1,1854,1919,1921,-1,1854,1921,1923,-1,1931,1933,1844,-1,1844,1933,1935,-1,1844,1935,1842,-1,1842,1935,1937,-1,1842,1937,1840,-1,1840,1937,1939,-1,1840,1939,1838,-1,1838,1939,1941,-1,1838,1941,1836,-1,1836,1941,1943,-1,1878,1895,1876,-1,1876,1895,1897,-1,1876,1897,1874,-1,1874,1897,1899,-1,1874,1899,1872,-1,1872,1899,1901,-1,1872,1901,1870,-1,1870,1901,1903,-1,1870,1903,1868,-1,1868,1903,1905,-1,1868,1905,1907,-1,1884,1886,1882,-1,1882,1886,1889,-1,1882,1889,1880,-1,1880,1889,1891,-1,1880,1891,1878,-1,1878,1891,1893,-1,1878,1893,1895,-1,1853,1922,1855,-1,1855,1922,1920,-1,1855,1920,1857,-1,1857,1920,1918,-1,1857,1918,1859,-1,1859,1918,1916,-1,1859,1916,1861,-1,1861,1916,1914,-1,1861,1914,1863,-1,1863,1914,1912,-1,1863,1912,1865,-1,1865,1912,1910,-1,1865,1910,1867,-1,1843,1934,1845,-1,1845,1934,1932,-1,1845,1932,1847,-1,1847,1932,1930,-1,1847,1930,1849,-1,1849,1930,1928,-1,1849,1928,1851,-1,1851,1928,1926,-1,1851,1926,1853,-1,1853,1926,1924,-1,1853,1924,1922,-1,1837,1942,1839,-1,1839,1942,1940,-1,1839,1940,1841,-1,1841,1940,1938,-1,1841,1938,1843,-1,1843,1938,1936,-1,1843,1936,1934,-1,1877,1894,1879,-1,1879,1894,1892,-1,1879,1892,1881,-1,1881,1892,1890,-1,1881,1890,1883,-1,1883,1890,1888,-1,1883,1888,1885,-1,1885,1888,1887,-1,1910,1908,1867,-1,1867,1908,1906,-1,1867,1906,1869,-1,1869,1906,1904,-1,1869,1904,1871,-1,1871,1904,1902,-1,1871,1902,1873,-1,1873,1902,1900,-1,1873,1900,1875,-1,1875,1900,1898,-1,1875,1898,1877,-1,1877,1898,1896,-1,1877,1896,1894,-1,1944,1945,1946,-1,1946,1945,1947,-1,1946,1947,1948,-1,1948,1947,1949,-1,1948,1949,1950,-1,1950,1949,1951,-1,1950,1951,1952,-1,1952,1951,1953,-1,1952,1953,1954,-1,1954,1953,1955,-1,1954,1955,1956,-1,1956,1955,1957,-1,1956,1957,1958,-1,1958,1957,1959,-1,1958,1959,1960,-1,1960,1959,1961,-1,1960,1961,1962,-1,1962,1961,1963,-1,1962,1963,1964,-1,1964,1963,1965,-1,1964,1965,1966,-1,1966,1965,1967,-1,1966,1967,1968,-1,1968,1967,1969,-1,1968,1969,1970,-1,1970,1969,1971,-1,1970,1971,1972,-1,1972,1971,1973,-1,1972,1973,1974,-1,1974,1973,1975,-1,1974,1975,1976,-1,1976,1975,1977,-1,1976,1977,1978,-1,1978,1977,1979,-1,1978,1979,1980,-1,1980,1979,1981,-1,1980,1981,1982,-1,1982,1981,1983,-1,1982,1983,1984,-1,1984,1983,1985,-1,1984,1985,1986,-1,1986,1985,1987,-1,1986,1987,1988,-1,1988,1987,1989,-1,1988,1989,1990,-1,1990,1989,1991,-1,1990,1991,1992,-1,1992,1991,1993,-1,1994,1992,1995,-1,1995,1992,1993,-1,1994,1995,1996,-1,1994,1996,1997,-1,1997,1996,1998,-1,1997,1998,1999,-1,1999,1998,2000,-1,1999,2000,2001,-1,2001,2000,2002,-1,2001,2002,2003,-1,2003,2002,2004,-1,2003,2004,2005,-1,2005,2004,2006,-1,2005,2006,2007,-1,2007,2006,2008,-1,2007,2008,2009,-1,2009,2008,2010,-1,2009,2010,2011,-1,2011,2010,2012,-1,2011,2012,2013,-1,2013,2012,2014,-1,2013,2014,2015,-1,2015,2014,2016,-1,2015,2016,2017,-1,2017,2016,2018,-1,2017,2018,2019,-1,2019,2018,2020,-1,2019,2020,2021,-1,2021,2020,2022,-1,2021,2022,2023,-1,2023,2022,2024,-1,2023,2024,2025,-1,2025,2024,2026,-1,2025,2026,2027,-1,2027,2026,2028,-1,2027,2028,2029,-1,2029,2028,2030,-1,2029,2030,2031,-1,2031,2030,2032,-1,2031,2032,2033,-1,2033,2032,2034,-1,2033,2034,2035,-1,2035,2034,2036,-1,2035,2036,2037,-1,2037,2036,2038,-1,2037,2038,2039,-1,2039,2038,2040,-1,2039,2040,2041,-1,2041,2040,2042,-1,2041,2042,2043,-1,2043,2042,2044,-1,2043,2044,2045,-1,2045,2044,2046,-1,2045,2046,2047,-1,2047,2046,2048,-1,2047,2048,2049,-1,2049,2048,2050,-1,2049,2050,2051,-1,1944,2051,1945,-1,1945,2051,2050,-1,1962,2031,1960,-1,1960,2031,2033,-1,1960,2033,1958,-1,1958,2033,2035,-1,1958,2035,1956,-1,1956,2035,2037,-1,1956,2037,1954,-1,1954,2037,2039,-1,1954,2039,1952,-1,1976,2015,1974,-1,1974,2015,2017,-1,1974,2017,1972,-1,1972,2017,2019,-1,1972,2019,1970,-1,1970,2019,2021,-1,1970,2021,1968,-1,1968,2021,2023,-1,1968,2023,1966,-1,1966,2023,2025,-1,1966,2025,1964,-1,1964,2025,2027,-1,1964,2027,1962,-1,1962,2027,2029,-1,1962,2029,2031,-1,2039,2041,1952,-1,1952,2041,2043,-1,1952,2043,1950,-1,1950,2043,2045,-1,1950,2045,1948,-1,1948,2045,2047,-1,1948,2047,1946,-1,1946,2047,2049,-1,1946,2049,1944,-1,1944,2049,2051,-1,1986,2003,1984,-1,1984,2003,2005,-1,1984,2005,1982,-1,1982,2005,2007,-1,1982,2007,1980,-1,1980,2007,2009,-1,1980,2009,1978,-1,1978,2009,2011,-1,1978,2011,1976,-1,1976,2011,2013,-1,1976,2013,2015,-1,1992,1994,1990,-1,1990,1994,1997,-1,1990,1997,1988,-1,1988,1997,1999,-1,1988,1999,1986,-1,1986,1999,2001,-1,1986,2001,2003,-1,1961,2030,1963,-1,1963,2030,2028,-1,1963,2028,1965,-1,1965,2028,2026,-1,1965,2026,1967,-1,1967,2026,2024,-1,1967,2024,1969,-1,1969,2024,2022,-1,1969,2022,1971,-1,1971,2022,2020,-1,1971,2020,1973,-1,1973,2020,2018,-1,1973,2018,1975,-1,1951,2042,1953,-1,1953,2042,2040,-1,1953,2040,1955,-1,1955,2040,2038,-1,1955,2038,1957,-1,1957,2038,2036,-1,1957,2036,1959,-1,1959,2036,2034,-1,1959,2034,1961,-1,1961,2034,2032,-1,1961,2032,2030,-1,1945,2050,1947,-1,1947,2050,2048,-1,1947,2048,1949,-1,1949,2048,2046,-1,1949,2046,1951,-1,1951,2046,2044,-1,1951,2044,2042,-1,1985,2002,1987,-1,1987,2002,2000,-1,1987,2000,1989,-1,1989,2000,1998,-1,1989,1998,1991,-1,1991,1998,1996,-1,1991,1996,1993,-1,1993,1996,1995,-1,2018,2016,1975,-1,1975,2016,2014,-1,1975,2014,1977,-1,1977,2014,2012,-1,1977,2012,1979,-1,1979,2012,2010,-1,1979,2010,1981,-1,1981,2010,2008,-1,1981,2008,1983,-1,1983,2008,2006,-1,1983,2006,1985,-1,1985,2006,2004,-1,1985,2004,2002,-1,2052,2053,2054,-1,2054,2053,2055,-1,2054,2055,2056,-1,2056,2055,2057,-1,2056,2057,2058,-1,2058,2057,2059,-1,2058,2059,2060,-1,2060,2059,2061,-1,2060,2061,2062,-1,2062,2061,2063,-1,2062,2063,2064,-1,2064,2063,2065,-1,2064,2065,2066,-1,2066,2065,2067,-1,2066,2067,2068,-1,2068,2067,2069,-1,2068,2069,2070,-1,2070,2069,2071,-1,2070,2071,2072,-1,2072,2071,2073,-1,2072,2073,2074,-1,2074,2073,2075,-1,2074,2075,2076,-1,2076,2075,2077,-1,2076,2077,2078,-1,2078,2077,2079,-1,2078,2079,2080,-1,2080,2079,2081,-1,2080,2081,2082,-1,2082,2081,2083,-1,2082,2083,2084,-1,2084,2083,2085,-1,2084,2085,2086,-1,2086,2085,2087,-1,2086,2087,2088,-1,2088,2087,2089,-1,2088,2089,2090,-1,2090,2089,2091,-1,2090,2091,2092,-1,2092,2091,2093,-1,2092,2093,2094,-1,2094,2093,2095,-1,2094,2095,2096,-1,2096,2095,2097,-1,2096,2097,2098,-1,2098,2097,2099,-1,2098,2099,2100,-1,2100,2099,2101,-1,2102,2100,2103,-1,2103,2100,2101,-1,2102,2103,2104,-1,2102,2104,2105,-1,2105,2104,2106,-1,2105,2106,2107,-1,2107,2106,2108,-1,2107,2108,2109,-1,2109,2108,2110,-1,2109,2110,2111,-1,2111,2110,2112,-1,2111,2112,2113,-1,2113,2112,2114,-1,2113,2114,2115,-1,2115,2114,2116,-1,2115,2116,2117,-1,2117,2116,2118,-1,2117,2118,2119,-1,2119,2118,2120,-1,2119,2120,2121,-1,2121,2120,2122,-1,2121,2122,2123,-1,2123,2122,2124,-1,2123,2124,2125,-1,2125,2124,2126,-1,2125,2126,2127,-1,2127,2126,2128,-1,2127,2128,2129,-1,2129,2128,2130,-1,2129,2130,2131,-1,2131,2130,2132,-1,2131,2132,2133,-1,2133,2132,2134,-1,2133,2134,2135,-1,2135,2134,2136,-1,2135,2136,2137,-1,2137,2136,2138,-1,2137,2138,2139,-1,2139,2138,2140,-1,2139,2140,2141,-1,2141,2140,2142,-1,2141,2142,2143,-1,2143,2142,2144,-1,2143,2144,2145,-1,2145,2144,2146,-1,2145,2146,2147,-1,2147,2146,2148,-1,2147,2148,2149,-1,2149,2148,2150,-1,2149,2150,2151,-1,2151,2150,2152,-1,2151,2152,2153,-1,2153,2152,2154,-1,2153,2154,2155,-1,2155,2154,2156,-1,2155,2156,2157,-1,2157,2156,2158,-1,2157,2158,2159,-1,2052,2159,2053,-1,2053,2159,2158,-1,2084,2123,2082,-1,2082,2123,2125,-1,2082,2125,2080,-1,2080,2125,2127,-1,2080,2127,2078,-1,2078,2127,2129,-1,2078,2129,2076,-1,2076,2129,2131,-1,2076,2131,2074,-1,2074,2131,2133,-1,2074,2133,2072,-1,2072,2133,2135,-1,2072,2135,2070,-1,2060,2151,2058,-1,2058,2151,2153,-1,2058,2153,2056,-1,2056,2153,2155,-1,2056,2155,2054,-1,2054,2155,2157,-1,2054,2157,2052,-1,2052,2157,2159,-1,2135,2137,2070,-1,2070,2137,2139,-1,2070,2139,2068,-1,2068,2139,2141,-1,2068,2141,2066,-1,2066,2141,2143,-1,2066,2143,2064,-1,2064,2143,2145,-1,2064,2145,2062,-1,2062,2145,2147,-1,2062,2147,2060,-1,2060,2147,2149,-1,2060,2149,2151,-1,2094,2111,2092,-1,2092,2111,2113,-1,2092,2113,2090,-1,2090,2113,2115,-1,2090,2115,2088,-1,2088,2115,2117,-1,2088,2117,2086,-1,2086,2117,2119,-1,2086,2119,2084,-1,2084,2119,2121,-1,2084,2121,2123,-1,2100,2102,2098,-1,2098,2102,2105,-1,2098,2105,2096,-1,2096,2105,2107,-1,2096,2107,2094,-1,2094,2107,2109,-1,2094,2109,2111,-1,2069,2138,2071,-1,2071,2138,2136,-1,2071,2136,2073,-1,2073,2136,2134,-1,2073,2134,2075,-1,2075,2134,2132,-1,2075,2132,2077,-1,2077,2132,2130,-1,2077,2130,2079,-1,2079,2130,2128,-1,2079,2128,2081,-1,2081,2128,2126,-1,2081,2126,2083,-1,2126,2124,2083,-1,2083,2124,2122,-1,2083,2122,2085,-1,2085,2122,2120,-1,2085,2120,2087,-1,2087,2120,2118,-1,2087,2118,2089,-1,2089,2118,2116,-1,2089,2116,2091,-1,2091,2116,2114,-1,2091,2114,2093,-1,2114,2112,2093,-1,2093,2112,2110,-1,2093,2110,2095,-1,2095,2110,2108,-1,2095,2108,2097,-1,2097,2108,2106,-1,2097,2106,2099,-1,2099,2106,2104,-1,2099,2104,2101,-1,2101,2104,2103,-1,2059,2150,2061,-1,2061,2150,2148,-1,2061,2148,2063,-1,2063,2148,2146,-1,2063,2146,2065,-1,2065,2146,2144,-1,2065,2144,2067,-1,2067,2144,2142,-1,2067,2142,2069,-1,2069,2142,2140,-1,2069,2140,2138,-1,2053,2158,2055,-1,2055,2158,2156,-1,2055,2156,2057,-1,2057,2156,2154,-1,2057,2154,2059,-1,2059,2154,2152,-1,2059,2152,2150,-1,2160,2161,2162,-1,2162,2161,2163,-1,2162,2163,2164,-1,2164,2163,2165,-1,2164,2165,2166,-1,2166,2165,2167,-1,2166,2167,2168,-1,2168,2167,2169,-1,2168,2169,2170,-1,2170,2169,2171,-1,2170,2171,2172,-1,2172,2171,2173,-1,2172,2173,2174,-1,2174,2173,2175,-1,2174,2175,2176,-1,2176,2175,2177,-1,2176,2177,2178,-1,2178,2177,2179,-1,2178,2179,2180,-1,2180,2179,2181,-1,2180,2181,2182,-1,2182,2181,2183,-1,2182,2183,2184,-1,2184,2183,2185,-1,2184,2185,2186,-1,2186,2185,2187,-1,2186,2187,2188,-1,2188,2187,2189,-1,2188,2189,2190,-1,2190,2189,2191,-1,2190,2191,2192,-1,2192,2191,2193,-1,2192,2193,2194,-1,2194,2193,2195,-1,2194,2195,2196,-1,2196,2195,2197,-1,2196,2197,2198,-1,2198,2197,2199,-1,2198,2199,2200,-1,2200,2199,2201,-1,2200,2201,2202,-1,2202,2201,2203,-1,2202,2203,2204,-1,2204,2203,2205,-1,2204,2205,2206,-1,2206,2205,2207,-1,2206,2207,2208,-1,2208,2207,2209,-1,2210,2208,2211,-1,2211,2208,2209,-1,2210,2211,2212,-1,2210,2212,2213,-1,2213,2212,2214,-1,2213,2214,2215,-1,2215,2214,2216,-1,2215,2216,2217,-1,2217,2216,2218,-1,2217,2218,2219,-1,2219,2218,2220,-1,2219,2220,2221,-1,2221,2220,2222,-1,2221,2222,2223,-1,2223,2222,2224,-1,2223,2224,2225,-1,2225,2224,2226,-1,2225,2226,2227,-1,2227,2226,2228,-1,2227,2228,2229,-1,2229,2228,2230,-1,2229,2230,2231,-1,2231,2230,2232,-1,2231,2232,2233,-1,2233,2232,2234,-1,2233,2234,2235,-1,2235,2234,2236,-1,2235,2236,2237,-1,2237,2236,2238,-1,2237,2238,2239,-1,2239,2238,2240,-1,2239,2240,2241,-1,2241,2240,2242,-1,2241,2242,2243,-1,2243,2242,2244,-1,2243,2244,2245,-1,2245,2244,2246,-1,2245,2246,2247,-1,2247,2246,2248,-1,2247,2248,2249,-1,2249,2248,2250,-1,2249,2250,2251,-1,2251,2250,2252,-1,2251,2252,2253,-1,2253,2252,2254,-1,2253,2254,2255,-1,2255,2254,2256,-1,2255,2256,2257,-1,2257,2256,2258,-1,2257,2258,2259,-1,2259,2258,2260,-1,2259,2260,2261,-1,2261,2260,2262,-1,2261,2262,2263,-1,2263,2262,2264,-1,2263,2264,2265,-1,2265,2264,2266,-1,2265,2266,2267,-1,2160,2267,2161,-1,2161,2267,2266,-1,2192,2231,2190,-1,2190,2231,2233,-1,2190,2233,2188,-1,2188,2233,2235,-1,2188,2235,2186,-1,2186,2235,2237,-1,2186,2237,2184,-1,2184,2237,2239,-1,2184,2239,2182,-1,2182,2239,2241,-1,2182,2241,2180,-1,2180,2241,2243,-1,2180,2243,2178,-1,2243,2245,2178,-1,2178,2245,2247,-1,2178,2247,2176,-1,2176,2247,2249,-1,2176,2249,2174,-1,2174,2249,2251,-1,2174,2251,2172,-1,2172,2251,2253,-1,2172,2253,2170,-1,2170,2253,2255,-1,2170,2255,2168,-1,2267,2160,2265,-1,2265,2160,2162,-1,2265,2162,2263,-1,2263,2162,2164,-1,2263,2164,2261,-1,2261,2164,2166,-1,2261,2166,2259,-1,2259,2166,2168,-1,2259,2168,2257,-1,2257,2168,2255,-1,2202,2219,2200,-1,2200,2219,2221,-1,2200,2221,2198,-1,2198,2221,2223,-1,2198,2223,2196,-1,2196,2223,2225,-1,2196,2225,2194,-1,2194,2225,2227,-1,2194,2227,2192,-1,2192,2227,2229,-1,2192,2229,2231,-1,2208,2210,2206,-1,2206,2210,2213,-1,2206,2213,2204,-1,2204,2213,2215,-1,2204,2215,2202,-1,2202,2215,2217,-1,2202,2217,2219,-1,2177,2246,2179,-1,2179,2246,2244,-1,2179,2244,2181,-1,2181,2244,2242,-1,2181,2242,2183,-1,2183,2242,2240,-1,2183,2240,2185,-1,2185,2240,2238,-1,2185,2238,2187,-1,2187,2238,2236,-1,2187,2236,2189,-1,2189,2236,2234,-1,2189,2234,2191,-1,2201,2218,2203,-1,2203,2218,2216,-1,2203,2216,2205,-1,2205,2216,2214,-1,2205,2214,2207,-1,2207,2214,2212,-1,2207,2212,2209,-1,2209,2212,2211,-1,2234,2232,2191,-1,2191,2232,2230,-1,2191,2230,2193,-1,2193,2230,2228,-1,2193,2228,2195,-1,2195,2228,2226,-1,2195,2226,2197,-1,2197,2226,2224,-1,2197,2224,2199,-1,2199,2224,2222,-1,2199,2222,2201,-1,2201,2222,2220,-1,2201,2220,2218,-1,2161,2266,2163,-1,2163,2266,2264,-1,2163,2264,2165,-1,2165,2264,2262,-1,2165,2262,2167,-1,2262,2260,2167,-1,2167,2260,2258,-1,2167,2258,2169,-1,2169,2258,2256,-1,2169,2256,2171,-1,2171,2256,2254,-1,2171,2254,2173,-1,2173,2254,2252,-1,2173,2252,2175,-1,2175,2252,2250,-1,2175,2250,2177,-1,2177,2250,2248,-1,2177,2248,2246,-1,2268,2269,2270,-1,2270,2269,2271,-1,2270,2271,2272,-1,2272,2271,2273,-1,2272,2273,2274,-1,2274,2273,2275,-1,2274,2275,2276,-1,2276,2275,2277,-1,2276,2277,2278,-1,2278,2277,2279,-1,2278,2279,2280,-1,2280,2279,2281,-1,2280,2281,2282,-1,2282,2281,2283,-1,2282,2283,2284,-1,2284,2283,2285,-1,2284,2285,2286,-1,2286,2285,2287,-1,2286,2287,2288,-1,2288,2287,2289,-1,2288,2289,2290,-1,2290,2289,2291,-1,2290,2291,2292,-1,2292,2291,2293,-1,2292,2293,2294,-1,2294,2293,2295,-1,2294,2295,2296,-1,2296,2295,2297,-1,2296,2297,2298,-1,2298,2297,2299,-1,2298,2299,2300,-1,2300,2299,2301,-1,2300,2301,2302,-1,2302,2301,2303,-1,2302,2303,2304,-1,2304,2303,2305,-1,2304,2305,2306,-1,2306,2305,2307,-1,2306,2307,2308,-1,2308,2307,2309,-1,2308,2309,2310,-1,2310,2309,2311,-1,2310,2311,2312,-1,2312,2311,2313,-1,2312,2313,2314,-1,2314,2313,2315,-1,2314,2315,2316,-1,2316,2315,2317,-1,2318,2316,2319,-1,2319,2316,2317,-1,2318,2319,2320,-1,2318,2320,2321,-1,2321,2320,2322,-1,2321,2322,2323,-1,2323,2322,2324,-1,2323,2324,2325,-1,2325,2324,2326,-1,2325,2326,2327,-1,2327,2326,2328,-1,2327,2328,2329,-1,2329,2328,2330,-1,2329,2330,2331,-1,2331,2330,2332,-1,2331,2332,2333,-1,2333,2332,2334,-1,2333,2334,2335,-1,2335,2334,2336,-1,2335,2336,2337,-1,2337,2336,2338,-1,2337,2338,2339,-1,2339,2338,2340,-1,2339,2340,2341,-1,2341,2340,2342,-1,2341,2342,2343,-1,2343,2342,2344,-1,2343,2344,2345,-1,2345,2344,2346,-1,2345,2346,2347,-1,2347,2346,2348,-1,2347,2348,2349,-1,2349,2348,2350,-1,2349,2350,2351,-1,2351,2350,2352,-1,2351,2352,2353,-1,2353,2352,2354,-1,2353,2354,2355,-1,2355,2354,2356,-1,2355,2356,2357,-1,2357,2356,2358,-1,2357,2358,2359,-1,2359,2358,2360,-1,2359,2360,2361,-1,2361,2360,2362,-1,2361,2362,2363,-1,2363,2362,2364,-1,2363,2364,2365,-1,2365,2364,2366,-1,2365,2366,2367,-1,2367,2366,2368,-1,2367,2368,2369,-1,2369,2368,2370,-1,2369,2370,2371,-1,2371,2370,2372,-1,2371,2372,2373,-1,2373,2372,2374,-1,2373,2374,2375,-1,2268,2375,2269,-1,2269,2375,2374,-1,2300,2339,2298,-1,2298,2339,2341,-1,2298,2341,2296,-1,2296,2341,2343,-1,2296,2343,2294,-1,2294,2343,2345,-1,2294,2345,2292,-1,2292,2345,2347,-1,2292,2347,2290,-1,2290,2347,2349,-1,2290,2349,2288,-1,2288,2349,2351,-1,2288,2351,2286,-1,2316,2318,2314,-1,2314,2318,2321,-1,2314,2321,2312,-1,2312,2321,2323,-1,2312,2323,2310,-1,2276,2367,2274,-1,2274,2367,2369,-1,2274,2369,2272,-1,2272,2369,2371,-1,2272,2371,2270,-1,2270,2371,2373,-1,2270,2373,2268,-1,2268,2373,2375,-1,2351,2353,2286,-1,2286,2353,2355,-1,2286,2355,2284,-1,2284,2355,2357,-1,2284,2357,2282,-1,2282,2357,2359,-1,2282,2359,2280,-1,2280,2359,2361,-1,2280,2361,2278,-1,2278,2361,2363,-1,2278,2363,2276,-1,2276,2363,2365,-1,2276,2365,2367,-1,2323,2325,2310,-1,2310,2325,2327,-1,2310,2327,2308,-1,2308,2327,2329,-1,2308,2329,2306,-1,2306,2329,2331,-1,2306,2331,2304,-1,2304,2331,2333,-1,2304,2333,2302,-1,2302,2333,2335,-1,2302,2335,2300,-1,2300,2335,2337,-1,2300,2337,2339,-1,2285,2354,2287,-1,2287,2354,2352,-1,2287,2352,2289,-1,2289,2352,2350,-1,2289,2350,2291,-1,2291,2350,2348,-1,2291,2348,2293,-1,2293,2348,2346,-1,2293,2346,2295,-1,2295,2346,2344,-1,2295,2344,2297,-1,2297,2344,2342,-1,2297,2342,2299,-1,2319,2317,2320,-1,2320,2317,2315,-1,2320,2315,2322,-1,2322,2315,2313,-1,2322,2313,2324,-1,2324,2313,2311,-1,2324,2311,2326,-1,2326,2311,2309,-1,2342,2340,2299,-1,2299,2340,2338,-1,2299,2338,2301,-1,2301,2338,2336,-1,2301,2336,2303,-1,2303,2336,2334,-1,2303,2334,2305,-1,2305,2334,2332,-1,2305,2332,2307,-1,2307,2332,2330,-1,2307,2330,2309,-1,2309,2330,2328,-1,2309,2328,2326,-1,2275,2366,2277,-1,2277,2366,2364,-1,2277,2364,2279,-1,2279,2364,2362,-1,2279,2362,2281,-1,2281,2362,2360,-1,2281,2360,2283,-1,2283,2360,2358,-1,2283,2358,2285,-1,2285,2358,2356,-1,2285,2356,2354,-1,2269,2374,2271,-1,2271,2374,2372,-1,2271,2372,2273,-1,2273,2372,2370,-1,2273,2370,2275,-1,2275,2370,2368,-1,2275,2368,2366,-1,2376,2377,2378,-1,2378,2377,2379,-1,2378,2379,2380,-1,2380,2379,2381,-1,2380,2381,2382,-1,2382,2381,2383,-1,2382,2383,2384,-1,2384,2383,2385,-1,2384,2385,2386,-1,2386,2385,2387,-1,2386,2387,2388,-1,2388,2387,2389,-1,2388,2389,2390,-1,2390,2389,2391,-1,2390,2391,2392,-1,2392,2391,2393,-1,2392,2393,2394,-1,2394,2393,2395,-1,2394,2395,2396,-1,2396,2395,2397,-1,2396,2397,2398,-1,2398,2397,2399,-1,2398,2399,2400,-1,2400,2399,2401,-1,2400,2401,2402,-1,2402,2401,2403,-1,2402,2403,2404,-1,2404,2403,2405,-1,2404,2405,2406,-1,2406,2405,2407,-1,2406,2407,2408,-1,2408,2407,2409,-1,2408,2409,2410,-1,2410,2409,2411,-1,2410,2411,2412,-1,2412,2411,2413,-1,2412,2413,2414,-1,2414,2413,2415,-1,2414,2415,2416,-1,2416,2415,2417,-1,2416,2417,2418,-1,2418,2417,2419,-1,2418,2419,2420,-1,2420,2419,2421,-1,2420,2421,2422,-1,2422,2421,2423,-1,2422,2423,2424,-1,2424,2423,2425,-1,2426,2424,2427,-1,2427,2424,2425,-1,2426,2427,2428,-1,2426,2428,2429,-1,2429,2428,2430,-1,2429,2430,2431,-1,2431,2430,2432,-1,2431,2432,2433,-1,2433,2432,2434,-1,2433,2434,2435,-1,2435,2434,2436,-1,2435,2436,2437,-1,2437,2436,2438,-1,2437,2438,2439,-1,2439,2438,2440,-1,2439,2440,2441,-1,2441,2440,2442,-1,2441,2442,2443,-1,2443,2442,2444,-1,2443,2444,2445,-1,2445,2444,2446,-1,2445,2446,2447,-1,2447,2446,2448,-1,2447,2448,2449,-1,2449,2448,2450,-1,2449,2450,2451,-1,2451,2450,2452,-1,2451,2452,2453,-1,2453,2452,2454,-1,2453,2454,2455,-1,2455,2454,2456,-1,2455,2456,2457,-1,2457,2456,2458,-1,2457,2458,2459,-1,2459,2458,2460,-1,2459,2460,2461,-1,2461,2460,2462,-1,2461,2462,2463,-1,2463,2462,2464,-1,2463,2464,2465,-1,2465,2464,2466,-1,2465,2466,2467,-1,2467,2466,2468,-1,2467,2468,2469,-1,2469,2468,2470,-1,2469,2470,2471,-1,2471,2470,2472,-1,2471,2472,2473,-1,2473,2472,2474,-1,2473,2474,2475,-1,2475,2474,2476,-1,2475,2476,2477,-1,2477,2476,2478,-1,2477,2478,2479,-1,2479,2478,2480,-1,2479,2480,2481,-1,2481,2480,2482,-1,2481,2482,2483,-1,2376,2483,2377,-1,2377,2483,2482,-1,2408,2447,2406,-1,2406,2447,2449,-1,2406,2449,2404,-1,2404,2449,2451,-1,2404,2451,2402,-1,2402,2451,2453,-1,2402,2453,2400,-1,2400,2453,2455,-1,2400,2455,2398,-1,2398,2455,2457,-1,2398,2457,2396,-1,2396,2457,2459,-1,2396,2459,2394,-1,2384,2475,2382,-1,2382,2475,2477,-1,2382,2477,2380,-1,2380,2477,2479,-1,2380,2479,2378,-1,2378,2479,2481,-1,2378,2481,2376,-1,2376,2481,2483,-1,2459,2461,2394,-1,2394,2461,2463,-1,2394,2463,2392,-1,2392,2463,2465,-1,2392,2465,2390,-1,2390,2465,2467,-1,2390,2467,2388,-1,2388,2467,2469,-1,2388,2469,2386,-1,2386,2469,2471,-1,2386,2471,2384,-1,2384,2471,2473,-1,2384,2473,2475,-1,2418,2435,2416,-1,2416,2435,2437,-1,2416,2437,2414,-1,2414,2437,2439,-1,2414,2439,2412,-1,2412,2439,2441,-1,2412,2441,2410,-1,2410,2441,2443,-1,2410,2443,2408,-1,2408,2443,2445,-1,2408,2445,2447,-1,2424,2426,2422,-1,2422,2426,2429,-1,2422,2429,2420,-1,2420,2429,2431,-1,2420,2431,2418,-1,2418,2431,2433,-1,2418,2433,2435,-1,2393,2462,2395,-1,2395,2462,2460,-1,2395,2460,2397,-1,2397,2460,2458,-1,2397,2458,2399,-1,2399,2458,2456,-1,2399,2456,2401,-1,2401,2456,2454,-1,2401,2454,2403,-1,2403,2454,2452,-1,2403,2452,2405,-1,2405,2452,2450,-1,2405,2450,2407,-1,2450,2448,2407,-1,2407,2448,2446,-1,2407,2446,2409,-1,2409,2446,2444,-1,2409,2444,2411,-1,2411,2444,2442,-1,2411,2442,2413,-1,2413,2442,2440,-1,2413,2440,2415,-1,2415,2440,2438,-1,2415,2438,2417,-1,2438,2436,2417,-1,2417,2436,2434,-1,2417,2434,2419,-1,2419,2434,2432,-1,2419,2432,2421,-1,2421,2432,2430,-1,2421,2430,2423,-1,2423,2430,2428,-1,2423,2428,2425,-1,2425,2428,2427,-1,2383,2474,2385,-1,2385,2474,2472,-1,2385,2472,2387,-1,2387,2472,2470,-1,2387,2470,2389,-1,2389,2470,2468,-1,2389,2468,2391,-1,2391,2468,2466,-1,2391,2466,2393,-1,2393,2466,2464,-1,2393,2464,2462,-1,2377,2482,2379,-1,2379,2482,2480,-1,2379,2480,2381,-1,2381,2480,2478,-1,2381,2478,2383,-1,2383,2478,2476,-1,2383,2476,2474,-1,2484,2485,2486,-1,2486,2485,2487,-1,2486,2487,2488,-1,2488,2487,2489,-1,2488,2489,2490,-1,2490,2489,2491,-1,2490,2491,2492,-1,2492,2491,2493,-1,2492,2493,2494,-1,2494,2493,2495,-1,2494,2495,2496,-1,2496,2495,2497,-1,2496,2497,2498,-1,2498,2497,2499,-1,2498,2499,2500,-1,2500,2499,2501,-1,2500,2501,2502,-1,2502,2501,2503,-1,2502,2503,2504,-1,2504,2503,2505,-1,2504,2505,2506,-1,2506,2505,2507,-1,2506,2507,2508,-1,2508,2507,2509,-1,2508,2509,2510,-1,2510,2509,2511,-1,2510,2511,2512,-1,2512,2511,2513,-1,2512,2513,2514,-1,2514,2513,2515,-1,2514,2515,2516,-1,2516,2515,2517,-1,2516,2517,2518,-1,2518,2517,2519,-1,2518,2519,2520,-1,2520,2519,2521,-1,2520,2521,2522,-1,2522,2521,2523,-1,2522,2523,2524,-1,2524,2523,2525,-1,2524,2525,2526,-1,2526,2525,2527,-1,2526,2527,2528,-1,2528,2527,2529,-1,2528,2529,2530,-1,2530,2529,2531,-1,2530,2531,2532,-1,2532,2531,2533,-1,2534,2532,2535,-1,2535,2532,2533,-1,2534,2535,2536,-1,2534,2536,2537,-1,2537,2536,2538,-1,2537,2538,2539,-1,2539,2538,2540,-1,2539,2540,2541,-1,2541,2540,2542,-1,2541,2542,2543,-1,2543,2542,2544,-1,2543,2544,2545,-1,2545,2544,2546,-1,2545,2546,2547,-1,2547,2546,2548,-1,2547,2548,2549,-1,2549,2548,2550,-1,2549,2550,2551,-1,2551,2550,2552,-1,2551,2552,2553,-1,2553,2552,2554,-1,2553,2554,2555,-1,2555,2554,2556,-1,2555,2556,2557,-1,2557,2556,2558,-1,2557,2558,2559,-1,2559,2558,2560,-1,2559,2560,2561,-1,2561,2560,2562,-1,2561,2562,2563,-1,2563,2562,2564,-1,2563,2564,2565,-1,2565,2564,2566,-1,2565,2566,2567,-1,2567,2566,2568,-1,2567,2568,2569,-1,2569,2568,2570,-1,2569,2570,2571,-1,2571,2570,2572,-1,2571,2572,2573,-1,2573,2572,2574,-1,2573,2574,2575,-1,2575,2574,2576,-1,2575,2576,2577,-1,2577,2576,2578,-1,2577,2578,2579,-1,2579,2578,2580,-1,2579,2580,2581,-1,2581,2580,2582,-1,2581,2582,2583,-1,2583,2582,2584,-1,2583,2584,2585,-1,2585,2584,2586,-1,2585,2586,2587,-1,2587,2586,2588,-1,2587,2588,2589,-1,2589,2588,2590,-1,2589,2590,2591,-1,2484,2591,2485,-1,2485,2591,2590,-1,2502,2571,2500,-1,2500,2571,2573,-1,2500,2573,2498,-1,2498,2573,2575,-1,2498,2575,2496,-1,2496,2575,2577,-1,2496,2577,2494,-1,2494,2577,2579,-1,2494,2579,2492,-1,2516,2555,2514,-1,2514,2555,2557,-1,2514,2557,2512,-1,2512,2557,2559,-1,2512,2559,2510,-1,2510,2559,2561,-1,2510,2561,2508,-1,2508,2561,2563,-1,2508,2563,2506,-1,2506,2563,2565,-1,2506,2565,2504,-1,2504,2565,2567,-1,2504,2567,2502,-1,2502,2567,2569,-1,2502,2569,2571,-1,2579,2581,2492,-1,2492,2581,2583,-1,2492,2583,2490,-1,2490,2583,2585,-1,2490,2585,2488,-1,2488,2585,2587,-1,2488,2587,2486,-1,2486,2587,2589,-1,2486,2589,2484,-1,2484,2589,2591,-1,2526,2543,2524,-1,2524,2543,2545,-1,2524,2545,2522,-1,2522,2545,2547,-1,2522,2547,2520,-1,2520,2547,2549,-1,2520,2549,2518,-1,2518,2549,2551,-1,2518,2551,2516,-1,2516,2551,2553,-1,2516,2553,2555,-1,2532,2534,2530,-1,2530,2534,2537,-1,2530,2537,2528,-1,2528,2537,2539,-1,2528,2539,2526,-1,2526,2539,2541,-1,2526,2541,2543,-1,2501,2570,2503,-1,2503,2570,2568,-1,2503,2568,2505,-1,2505,2568,2566,-1,2505,2566,2507,-1,2507,2566,2564,-1,2507,2564,2509,-1,2509,2564,2562,-1,2509,2562,2511,-1,2511,2562,2560,-1,2511,2560,2513,-1,2513,2560,2558,-1,2513,2558,2515,-1,2491,2582,2493,-1,2493,2582,2580,-1,2493,2580,2495,-1,2495,2580,2578,-1,2495,2578,2497,-1,2497,2578,2576,-1,2497,2576,2499,-1,2499,2576,2574,-1,2499,2574,2501,-1,2501,2574,2572,-1,2501,2572,2570,-1,2485,2590,2487,-1,2487,2590,2588,-1,2487,2588,2489,-1,2489,2588,2586,-1,2489,2586,2491,-1,2491,2586,2584,-1,2491,2584,2582,-1,2525,2542,2527,-1,2527,2542,2540,-1,2527,2540,2529,-1,2529,2540,2538,-1,2529,2538,2531,-1,2531,2538,2536,-1,2531,2536,2533,-1,2533,2536,2535,-1,2558,2556,2515,-1,2515,2556,2554,-1,2515,2554,2517,-1,2517,2554,2552,-1,2517,2552,2519,-1,2519,2552,2550,-1,2519,2550,2521,-1,2521,2550,2548,-1,2521,2548,2523,-1,2523,2548,2546,-1,2523,2546,2525,-1,2525,2546,2544,-1,2525,2544,2542,-1,2592,2593,2594,-1,2594,2593,2595,-1,2594,2595,2596,-1,2596,2595,2597,-1,2596,2597,2598,-1,2598,2597,2599,-1,2598,2599,2600,-1,2600,2599,2601,-1,2600,2601,2602,-1,2602,2601,2603,-1,2602,2603,2604,-1,2604,2603,2605,-1,2604,2605,2606,-1,2606,2605,2607,-1,2606,2607,2608,-1,2608,2607,2609,-1,2608,2609,2610,-1,2610,2609,2611,-1,2610,2611,2612,-1,2612,2611,2613,-1,2612,2613,2614,-1,2614,2613,2615,-1,2614,2615,2616,-1,2616,2615,2617,-1,2616,2617,2618,-1,2618,2617,2619,-1,2618,2619,2620,-1,2620,2619,2621,-1,2620,2621,2622,-1,2622,2621,2623,-1,2622,2623,2624,-1,2624,2623,2625,-1,2624,2625,2626,-1,2626,2625,2627,-1,2626,2627,2628,-1,2628,2627,2629,-1,2628,2629,2630,-1,2630,2629,2631,-1,2630,2631,2632,-1,2632,2631,2633,-1,2632,2633,2634,-1,2634,2633,2635,-1,2634,2635,2636,-1,2636,2635,2637,-1,2636,2637,2638,-1,2638,2637,2639,-1,2638,2639,2640,-1,2640,2639,2641,-1,2642,2640,2643,-1,2643,2640,2641,-1,2642,2643,2644,-1,2642,2644,2645,-1,2645,2644,2646,-1,2645,2646,2647,-1,2647,2646,2648,-1,2647,2648,2649,-1,2649,2648,2650,-1,2649,2650,2651,-1,2651,2650,2652,-1,2651,2652,2653,-1,2653,2652,2654,-1,2653,2654,2655,-1,2655,2654,2656,-1,2655,2656,2657,-1,2657,2656,2658,-1,2657,2658,2659,-1,2659,2658,2660,-1,2659,2660,2661,-1,2661,2660,2662,-1,2661,2662,2663,-1,2663,2662,2664,-1,2663,2664,2665,-1,2665,2664,2666,-1,2665,2666,2667,-1,2667,2666,2668,-1,2667,2668,2669,-1,2669,2668,2670,-1,2669,2670,2671,-1,2671,2670,2672,-1,2671,2672,2673,-1,2673,2672,2674,-1,2673,2674,2675,-1,2675,2674,2676,-1,2675,2676,2677,-1,2677,2676,2678,-1,2677,2678,2679,-1,2679,2678,2680,-1,2679,2680,2681,-1,2681,2680,2682,-1,2681,2682,2683,-1,2683,2682,2684,-1,2683,2684,2685,-1,2685,2684,2686,-1,2685,2686,2687,-1,2687,2686,2688,-1,2687,2688,2689,-1,2689,2688,2690,-1,2689,2690,2691,-1,2691,2690,2692,-1,2691,2692,2693,-1,2693,2692,2694,-1,2693,2694,2695,-1,2695,2694,2696,-1,2695,2696,2697,-1,2697,2696,2698,-1,2697,2698,2699,-1,2592,2699,2593,-1,2593,2699,2698,-1,2610,2679,2608,-1,2608,2679,2681,-1,2608,2681,2606,-1,2606,2681,2683,-1,2606,2683,2604,-1,2604,2683,2685,-1,2604,2685,2602,-1,2602,2685,2687,-1,2602,2687,2600,-1,2624,2663,2622,-1,2622,2663,2665,-1,2622,2665,2620,-1,2620,2665,2667,-1,2620,2667,2618,-1,2618,2667,2669,-1,2618,2669,2616,-1,2616,2669,2671,-1,2616,2671,2614,-1,2614,2671,2673,-1,2614,2673,2612,-1,2612,2673,2675,-1,2612,2675,2610,-1,2610,2675,2677,-1,2610,2677,2679,-1,2687,2689,2600,-1,2600,2689,2691,-1,2600,2691,2598,-1,2598,2691,2693,-1,2598,2693,2596,-1,2596,2693,2695,-1,2596,2695,2594,-1,2594,2695,2697,-1,2594,2697,2592,-1,2592,2697,2699,-1,2634,2651,2632,-1,2632,2651,2653,-1,2632,2653,2630,-1,2630,2653,2655,-1,2630,2655,2628,-1,2628,2655,2657,-1,2628,2657,2626,-1,2626,2657,2659,-1,2626,2659,2624,-1,2624,2659,2661,-1,2624,2661,2663,-1,2640,2642,2638,-1,2638,2642,2645,-1,2638,2645,2636,-1,2636,2645,2647,-1,2636,2647,2634,-1,2634,2647,2649,-1,2634,2649,2651,-1,2609,2678,2611,-1,2611,2678,2676,-1,2611,2676,2613,-1,2613,2676,2674,-1,2613,2674,2615,-1,2615,2674,2672,-1,2615,2672,2617,-1,2617,2672,2670,-1,2617,2670,2619,-1,2619,2670,2668,-1,2619,2668,2621,-1,2621,2668,2666,-1,2621,2666,2623,-1,2599,2690,2601,-1,2601,2690,2688,-1,2601,2688,2603,-1,2603,2688,2686,-1,2603,2686,2605,-1,2605,2686,2684,-1,2605,2684,2607,-1,2607,2684,2682,-1,2607,2682,2609,-1,2609,2682,2680,-1,2609,2680,2678,-1,2593,2698,2595,-1,2595,2698,2696,-1,2595,2696,2597,-1,2597,2696,2694,-1,2597,2694,2599,-1,2599,2694,2692,-1,2599,2692,2690,-1,2633,2650,2635,-1,2635,2650,2648,-1,2635,2648,2637,-1,2637,2648,2646,-1,2637,2646,2639,-1,2639,2646,2644,-1,2639,2644,2641,-1,2641,2644,2643,-1,2666,2664,2623,-1,2623,2664,2662,-1,2623,2662,2625,-1,2625,2662,2660,-1,2625,2660,2627,-1,2627,2660,2658,-1,2627,2658,2629,-1,2629,2658,2656,-1,2629,2656,2631,-1,2631,2656,2654,-1,2631,2654,2633,-1,2633,2654,2652,-1,2633,2652,2650,-1,2700,2701,2702,-1,2702,2701,2703,-1,2702,2703,2704,-1,2704,2703,2705,-1,2704,2705,2706,-1,2706,2705,2707,-1,2706,2707,2708,-1,2708,2707,2709,-1,2708,2709,2710,-1,2710,2709,2711,-1,2710,2711,2712,-1,2712,2711,2713,-1,2712,2713,2714,-1,2714,2713,2715,-1,2714,2715,2716,-1,2716,2715,2717,-1,2716,2717,2718,-1,2718,2717,2719,-1,2718,2719,2720,-1,2720,2719,2721,-1,2720,2721,2722,-1,2722,2721,2723,-1,2722,2723,2724,-1,2724,2723,2725,-1,2724,2725,2726,-1,2726,2725,2727,-1,2726,2727,2728,-1,2728,2727,2729,-1,2728,2729,2730,-1,2730,2729,2731,-1,2730,2731,2732,-1,2732,2731,2733,-1,2732,2733,2734,-1,2734,2733,2735,-1,2734,2735,2736,-1,2736,2735,2737,-1,2736,2737,2738,-1,2738,2737,2739,-1,2738,2739,2740,-1,2740,2739,2741,-1,2740,2741,2742,-1,2742,2741,2743,-1,2742,2743,2744,-1,2744,2743,2745,-1,2744,2745,2746,-1,2746,2745,2747,-1,2746,2747,2748,-1,2748,2747,2749,-1,2750,2748,2751,-1,2751,2748,2749,-1,2750,2751,2752,-1,2750,2752,2753,-1,2753,2752,2754,-1,2753,2754,2755,-1,2755,2754,2756,-1,2755,2756,2757,-1,2757,2756,2758,-1,2757,2758,2759,-1,2759,2758,2760,-1,2759,2760,2761,-1,2761,2760,2762,-1,2761,2762,2763,-1,2763,2762,2764,-1,2763,2764,2765,-1,2765,2764,2766,-1,2765,2766,2767,-1,2767,2766,2768,-1,2767,2768,2769,-1,2769,2768,2770,-1,2769,2770,2771,-1,2771,2770,2772,-1,2771,2772,2773,-1,2773,2772,2774,-1,2773,2774,2775,-1,2775,2774,2776,-1,2775,2776,2777,-1,2777,2776,2778,-1,2777,2778,2779,-1,2779,2778,2780,-1,2779,2780,2781,-1,2781,2780,2782,-1,2781,2782,2783,-1,2783,2782,2784,-1,2783,2784,2785,-1,2785,2784,2786,-1,2785,2786,2787,-1,2787,2786,2788,-1,2787,2788,2789,-1,2789,2788,2790,-1,2789,2790,2791,-1,2791,2790,2792,-1,2791,2792,2793,-1,2793,2792,2794,-1,2793,2794,2795,-1,2795,2794,2796,-1,2795,2796,2797,-1,2797,2796,2798,-1,2797,2798,2799,-1,2799,2798,2800,-1,2799,2800,2801,-1,2801,2800,2802,-1,2801,2802,2803,-1,2803,2802,2804,-1,2803,2804,2805,-1,2805,2804,2806,-1,2805,2806,2807,-1,2700,2807,2701,-1,2701,2807,2806,-1,2807,2700,2805,-1,2805,2700,2702,-1,2805,2702,2803,-1,2803,2702,2704,-1,2803,2704,2801,-1,2801,2704,2706,-1,2748,2750,2746,-1,2746,2750,2753,-1,2746,2753,2744,-1,2744,2753,2755,-1,2744,2755,2742,-1,2755,2757,2742,-1,2742,2757,2759,-1,2742,2759,2740,-1,2740,2759,2761,-1,2740,2761,2738,-1,2738,2761,2763,-1,2738,2763,2736,-1,2736,2763,2765,-1,2736,2765,2734,-1,2734,2765,2767,-1,2734,2767,2732,-1,2732,2767,2769,-1,2732,2769,2730,-1,2720,2785,2718,-1,2718,2785,2787,-1,2718,2787,2716,-1,2716,2787,2789,-1,2716,2789,2714,-1,2714,2789,2791,-1,2714,2791,2712,-1,2712,2791,2793,-1,2712,2793,2710,-1,2710,2793,2795,-1,2710,2795,2708,-1,2708,2795,2797,-1,2708,2797,2706,-1,2706,2797,2799,-1,2706,2799,2801,-1,2769,2771,2730,-1,2730,2771,2773,-1,2730,2773,2728,-1,2728,2773,2775,-1,2728,2775,2726,-1,2726,2775,2777,-1,2726,2777,2724,-1,2724,2777,2779,-1,2724,2779,2722,-1,2722,2779,2781,-1,2722,2781,2720,-1,2720,2781,2783,-1,2720,2783,2785,-1,2751,2749,2752,-1,2752,2749,2747,-1,2752,2747,2754,-1,2754,2747,2745,-1,2754,2745,2756,-1,2756,2745,2743,-1,2756,2743,2758,-1,2758,2743,2741,-1,2729,2772,2731,-1,2731,2772,2770,-1,2731,2770,2733,-1,2733,2770,2768,-1,2733,2768,2735,-1,2735,2768,2766,-1,2735,2766,2737,-1,2737,2766,2764,-1,2737,2764,2739,-1,2739,2764,2762,-1,2739,2762,2741,-1,2741,2762,2760,-1,2741,2760,2758,-1,2701,2806,2703,-1,2703,2806,2804,-1,2703,2804,2705,-1,2719,2784,2721,-1,2721,2784,2782,-1,2721,2782,2723,-1,2723,2782,2780,-1,2723,2780,2725,-1,2725,2780,2778,-1,2725,2778,2727,-1,2727,2778,2776,-1,2727,2776,2729,-1,2729,2776,2774,-1,2729,2774,2772,-1,2804,2802,2705,-1,2705,2802,2800,-1,2705,2800,2707,-1,2707,2800,2798,-1,2707,2798,2709,-1,2709,2798,2796,-1,2709,2796,2711,-1,2711,2796,2794,-1,2711,2794,2713,-1,2713,2794,2792,-1,2713,2792,2715,-1,2715,2792,2790,-1,2715,2790,2717,-1,2717,2790,2788,-1,2717,2788,2719,-1,2719,2788,2786,-1,2719,2786,2784,-1,2808,2809,2810,-1,2810,2809,2811,-1,2810,2811,2812,-1,2812,2811,2813,-1,2812,2813,2814,-1,2814,2813,2815,-1,2814,2815,2816,-1,2816,2815,2817,-1,2816,2817,2818,-1,2818,2817,2819,-1,2818,2819,2820,-1,2820,2819,2821,-1,2820,2821,2822,-1,2822,2821,2823,-1,2822,2823,2824,-1,2824,2823,2825,-1,2824,2825,2826,-1,2826,2825,2827,-1,2826,2827,2828,-1,2828,2827,2829,-1,2828,2829,2830,-1,2830,2829,2831,-1,2830,2831,2832,-1,2832,2831,2833,-1,2832,2833,2834,-1,2834,2833,2835,-1,2834,2835,2836,-1,2836,2835,2837,-1,2836,2837,2838,-1,2838,2837,2839,-1,2838,2839,2840,-1,2840,2839,2841,-1,2840,2841,2842,-1,2842,2841,2843,-1,2842,2843,2844,-1,2844,2843,2845,-1,2844,2845,2846,-1,2846,2845,2847,-1,2846,2847,2848,-1,2848,2847,2849,-1,2848,2849,2850,-1,2850,2849,2851,-1,2850,2851,2852,-1,2852,2851,2853,-1,2852,2853,2854,-1,2854,2853,2855,-1,2854,2855,2856,-1,2856,2855,2857,-1,2858,2856,2859,-1,2859,2856,2857,-1,2858,2859,2860,-1,2858,2860,2861,-1,2861,2860,2862,-1,2861,2862,2863,-1,2863,2862,2864,-1,2863,2864,2865,-1,2865,2864,2866,-1,2865,2866,2867,-1,2867,2866,2868,-1,2867,2868,2869,-1,2869,2868,2870,-1,2869,2870,2871,-1,2871,2870,2872,-1,2871,2872,2873,-1,2873,2872,2874,-1,2873,2874,2875,-1,2875,2874,2876,-1,2875,2876,2877,-1,2877,2876,2878,-1,2877,2878,2879,-1,2879,2878,2880,-1,2879,2880,2881,-1,2881,2880,2882,-1,2881,2882,2883,-1,2883,2882,2884,-1,2883,2884,2885,-1,2885,2884,2886,-1,2885,2886,2887,-1,2887,2886,2888,-1,2887,2888,2889,-1,2889,2888,2890,-1,2889,2890,2891,-1,2891,2890,2892,-1,2891,2892,2893,-1,2893,2892,2894,-1,2893,2894,2895,-1,2895,2894,2896,-1,2895,2896,2897,-1,2897,2896,2898,-1,2897,2898,2899,-1,2899,2898,2900,-1,2899,2900,2901,-1,2901,2900,2902,-1,2901,2902,2903,-1,2903,2902,2904,-1,2903,2904,2905,-1,2905,2904,2906,-1,2905,2906,2907,-1,2907,2906,2908,-1,2907,2908,2909,-1,2909,2908,2910,-1,2909,2910,2911,-1,2911,2910,2912,-1,2911,2912,2913,-1,2913,2912,2914,-1,2913,2914,2915,-1,2808,2915,2809,-1,2809,2915,2914,-1,2915,2808,2913,-1,2913,2808,2810,-1,2913,2810,2911,-1,2911,2810,2812,-1,2911,2812,2909,-1,2909,2812,2814,-1,2909,2814,2907,-1,2907,2814,2816,-1,2826,2895,2824,-1,2824,2895,2897,-1,2824,2897,2822,-1,2822,2897,2899,-1,2822,2899,2820,-1,2820,2899,2901,-1,2820,2901,2818,-1,2818,2901,2903,-1,2818,2903,2816,-1,2816,2903,2905,-1,2816,2905,2907,-1,2840,2879,2838,-1,2838,2879,2881,-1,2838,2881,2836,-1,2836,2881,2883,-1,2836,2883,2834,-1,2834,2883,2885,-1,2834,2885,2832,-1,2832,2885,2887,-1,2832,2887,2830,-1,2830,2887,2889,-1,2830,2889,2828,-1,2828,2889,2891,-1,2828,2891,2826,-1,2826,2891,2893,-1,2826,2893,2895,-1,2850,2867,2848,-1,2848,2867,2869,-1,2848,2869,2846,-1,2846,2869,2871,-1,2846,2871,2844,-1,2844,2871,2873,-1,2844,2873,2842,-1,2842,2873,2875,-1,2842,2875,2840,-1,2840,2875,2877,-1,2840,2877,2879,-1,2856,2858,2854,-1,2854,2858,2861,-1,2854,2861,2852,-1,2852,2861,2863,-1,2852,2863,2850,-1,2850,2863,2865,-1,2850,2865,2867,-1,2859,2857,2860,-1,2860,2857,2855,-1,2860,2855,2862,-1,2862,2855,2853,-1,2862,2853,2864,-1,2864,2853,2851,-1,2864,2851,2866,-1,2866,2851,2849,-1,2839,2878,2841,-1,2841,2878,2876,-1,2841,2876,2843,-1,2843,2876,2874,-1,2843,2874,2845,-1,2845,2874,2872,-1,2845,2872,2847,-1,2847,2872,2870,-1,2847,2870,2849,-1,2849,2870,2868,-1,2849,2868,2866,-1,2825,2894,2827,-1,2827,2894,2892,-1,2827,2892,2829,-1,2829,2892,2890,-1,2829,2890,2831,-1,2831,2890,2888,-1,2831,2888,2833,-1,2833,2888,2886,-1,2833,2886,2835,-1,2835,2886,2884,-1,2835,2884,2837,-1,2837,2884,2882,-1,2837,2882,2839,-1,2839,2882,2880,-1,2839,2880,2878,-1,2815,2906,2817,-1,2817,2906,2904,-1,2817,2904,2819,-1,2819,2904,2902,-1,2819,2902,2821,-1,2821,2902,2900,-1,2821,2900,2823,-1,2823,2900,2898,-1,2823,2898,2825,-1,2825,2898,2896,-1,2825,2896,2894,-1,2809,2914,2811,-1,2811,2914,2912,-1,2811,2912,2813,-1,2813,2912,2910,-1,2813,2910,2815,-1,2815,2910,2908,-1,2815,2908,2906,-1,2916,2917,2918,-1,2916,2918,2919,-1,2919,2918,2920,-1,2919,2920,2921,-1,2921,2920,2922,-1,2921,2922,2923,-1,2923,2922,2924,-1,2923,2924,2925,-1,2925,2924,2926,-1,2925,2926,2927,-1,2927,2926,2928,-1,2927,2928,2929,-1,2929,2928,2930,-1,2929,2930,2931,-1,2931,2930,2932,-1,2931,2932,2933,-1,2933,2932,2934,-1,2933,2934,2935,-1,2935,2934,2936,-1,2935,2936,2937,-1,2937,2936,2938,-1,2937,2938,2939,-1,2939,2938,2940,-1,2939,2940,2941,-1,2941,2940,2942,-1,2941,2942,2943,-1,2943,2942,2944,-1,2943,2944,2945,-1,2945,2944,2946,-1,2945,2946,2947,-1,2947,2946,2948,-1,2947,2948,2949,-1,2949,2948,2950,-1,2949,2950,2951,-1,2951,2950,2952,-1,2951,2952,2953,-1,2953,2952,2954,-1,2953,2954,2955,-1,2955,2954,2956,-1,2955,2956,2957,-1,2957,2956,2958,-1,2957,2958,2959,-1,2959,2958,2960,-1,2959,2960,2961,-1,2961,2960,2962,-1,2961,2962,2963,-1,2963,2962,2964,-1,2963,2964,2965,-1,2965,2964,2966,-1,2965,2966,2967,-1,2967,2966,2968,-1,2967,2968,2969,-1,2969,2968,2970,-1,2969,2970,2971,-1,2971,2970,2972,-1,2971,2972,2973,-1,2974,2973,2975,-1,2975,2973,2972,-1,2974,2975,2976,-1,2976,2975,2977,-1,2976,2977,2978,-1,2978,2977,2979,-1,2978,2979,2980,-1,2980,2979,2981,-1,2980,2981,2982,-1,2982,2981,2983,-1,2982,2983,2984,-1,2984,2983,2985,-1,2984,2985,2986,-1,2986,2985,2987,-1,2986,2987,2988,-1,2988,2987,2989,-1,2988,2989,2990,-1,2990,2989,2991,-1,2990,2991,2992,-1,2992,2991,2993,-1,2992,2993,2994,-1,2994,2993,2995,-1,2994,2995,2996,-1,2996,2995,2997,-1,2996,2997,2998,-1,2998,2997,2999,-1,2998,2999,3000,-1,3000,2999,3001,-1,3000,3001,3002,-1,3002,3001,3003,-1,3002,3003,3004,-1,3004,3003,3005,-1,3004,3005,3006,-1,3006,3005,3007,-1,3006,3007,3008,-1,3008,3007,3009,-1,3008,3009,3010,-1,3010,3009,3011,-1,3010,3011,3012,-1,3012,3011,3013,-1,3012,3013,3014,-1,3014,3013,3015,-1,3014,3015,3016,-1,3016,3015,3017,-1,3016,3017,3018,-1,3018,3017,3019,-1,3018,3019,3020,-1,3020,3019,3021,-1,3020,3021,3022,-1,3022,3021,3023,-1,2916,3022,2917,-1,2917,3022,3023,-1,2973,2974,2971,-1,2971,2974,2976,-1,2971,2976,2969,-1,2969,2976,2978,-1,2969,2978,2967,-1,2967,2978,2980,-1,2967,2980,2965,-1,2965,2980,2982,-1,2992,2953,2990,-1,2990,2953,2955,-1,2990,2955,2988,-1,2988,2955,2957,-1,2988,2957,2986,-1,2986,2957,2959,-1,2986,2959,2984,-1,2984,2959,2961,-1,2984,2961,2982,-1,2982,2961,2963,-1,2982,2963,2965,-1,3006,2937,3004,-1,3004,2937,2939,-1,3004,2939,3002,-1,3002,2939,2941,-1,3002,2941,3000,-1,3000,2941,2943,-1,3000,2943,2998,-1,2998,2943,2945,-1,2998,2945,2996,-1,2996,2945,2947,-1,2996,2947,2994,-1,2994,2947,2949,-1,2994,2949,2992,-1,2992,2949,2951,-1,2992,2951,2953,-1,3016,2925,3014,-1,3014,2925,2927,-1,3014,2927,3012,-1,3012,2927,2929,-1,3012,2929,3010,-1,3010,2929,2931,-1,3010,2931,3008,-1,3008,2931,2933,-1,3008,2933,3006,-1,3006,2933,2935,-1,3006,2935,2937,-1,3022,2916,3020,-1,3020,2916,2919,-1,3020,2919,3018,-1,3018,2919,2921,-1,3018,2921,3016,-1,3016,2921,2923,-1,3016,2923,2925,-1,2917,3023,2918,-1,2918,3023,3021,-1,2918,3021,2920,-1,2920,3021,3019,-1,2920,3019,2922,-1,2922,3019,3017,-1,2922,3017,2924,-1,2924,3017,3015,-1,3005,2936,3007,-1,3007,2936,2934,-1,3007,2934,3009,-1,3009,2934,2932,-1,3009,2932,3011,-1,3011,2932,2930,-1,3011,2930,3013,-1,3013,2930,2928,-1,3013,2928,3015,-1,3015,2928,2926,-1,3015,2926,2924,-1,2991,2952,2993,-1,2993,2952,2950,-1,2993,2950,2995,-1,2995,2950,2948,-1,2995,2948,2997,-1,2997,2948,2946,-1,2997,2946,2999,-1,2999,2946,2944,-1,2999,2944,3001,-1,3001,2944,2942,-1,3001,2942,3003,-1,3003,2942,2940,-1,3003,2940,3005,-1,3005,2940,2938,-1,3005,2938,2936,-1,2981,2964,2983,-1,2983,2964,2962,-1,2983,2962,2985,-1,2985,2962,2960,-1,2985,2960,2987,-1,2987,2960,2958,-1,2987,2958,2989,-1,2989,2958,2956,-1,2989,2956,2991,-1,2991,2956,2954,-1,2991,2954,2952,-1,2975,2972,2977,-1,2977,2972,2970,-1,2977,2970,2979,-1,2979,2970,2968,-1,2979,2968,2981,-1,2981,2968,2966,-1,2981,2966,2964,-1,3024,3025,3026,-1,3024,3026,3027,-1,3027,3026,3028,-1,3027,3028,3029,-1,3029,3028,3030,-1,3029,3030,3031,-1,3031,3030,3032,-1,3031,3032,3033,-1,3033,3032,3034,-1,3033,3034,3035,-1,3035,3034,3036,-1,3035,3036,3037,-1,3037,3036,3038,-1,3037,3038,3039,-1,3039,3038,3040,-1,3039,3040,3041,-1,3041,3040,3042,-1,3041,3042,3043,-1,3043,3042,3044,-1,3043,3044,3045,-1,3045,3044,3046,-1,3045,3046,3047,-1,3047,3046,3048,-1,3047,3048,3049,-1,3049,3048,3050,-1,3049,3050,3051,-1,3051,3050,3052,-1,3051,3052,3053,-1,3053,3052,3054,-1,3053,3054,3055,-1,3055,3054,3056,-1,3055,3056,3057,-1,3057,3056,3058,-1,3057,3058,3059,-1,3059,3058,3060,-1,3059,3060,3061,-1,3061,3060,3062,-1,3061,3062,3063,-1,3063,3062,3064,-1,3063,3064,3065,-1,3065,3064,3066,-1,3065,3066,3067,-1,3067,3066,3068,-1,3067,3068,3069,-1,3069,3068,3070,-1,3069,3070,3071,-1,3071,3070,3072,-1,3071,3072,3073,-1,3073,3072,3074,-1,3073,3074,3075,-1,3075,3074,3076,-1,3075,3076,3077,-1,3077,3076,3078,-1,3077,3078,3079,-1,3079,3078,3080,-1,3079,3080,3081,-1,3082,3081,3083,-1,3083,3081,3080,-1,3082,3083,3084,-1,3084,3083,3085,-1,3084,3085,3086,-1,3086,3085,3087,-1,3086,3087,3088,-1,3088,3087,3089,-1,3088,3089,3090,-1,3090,3089,3091,-1,3090,3091,3092,-1,3092,3091,3093,-1,3092,3093,3094,-1,3094,3093,3095,-1,3094,3095,3096,-1,3096,3095,3097,-1,3096,3097,3098,-1,3098,3097,3099,-1,3098,3099,3100,-1,3100,3099,3101,-1,3100,3101,3102,-1,3102,3101,3103,-1,3102,3103,3104,-1,3104,3103,3105,-1,3104,3105,3106,-1,3106,3105,3107,-1,3106,3107,3108,-1,3108,3107,3109,-1,3108,3109,3110,-1,3110,3109,3111,-1,3110,3111,3112,-1,3112,3111,3113,-1,3112,3113,3114,-1,3114,3113,3115,-1,3114,3115,3116,-1,3116,3115,3117,-1,3116,3117,3118,-1,3118,3117,3119,-1,3118,3119,3120,-1,3120,3119,3121,-1,3120,3121,3122,-1,3122,3121,3123,-1,3122,3123,3124,-1,3124,3123,3125,-1,3124,3125,3126,-1,3126,3125,3127,-1,3126,3127,3128,-1,3128,3127,3129,-1,3128,3129,3130,-1,3130,3129,3131,-1,3024,3130,3025,-1,3025,3130,3131,-1,3081,3082,3079,-1,3079,3082,3084,-1,3079,3084,3077,-1,3077,3084,3086,-1,3077,3086,3075,-1,3075,3086,3088,-1,3075,3088,3073,-1,3073,3088,3090,-1,3100,3061,3098,-1,3098,3061,3063,-1,3098,3063,3096,-1,3096,3063,3065,-1,3096,3065,3094,-1,3094,3065,3067,-1,3094,3067,3092,-1,3092,3067,3069,-1,3092,3069,3090,-1,3090,3069,3071,-1,3090,3071,3073,-1,3114,3045,3112,-1,3112,3045,3047,-1,3112,3047,3110,-1,3110,3047,3049,-1,3110,3049,3108,-1,3108,3049,3051,-1,3108,3051,3106,-1,3106,3051,3053,-1,3106,3053,3104,-1,3104,3053,3055,-1,3104,3055,3102,-1,3102,3055,3057,-1,3102,3057,3100,-1,3100,3057,3059,-1,3100,3059,3061,-1,3124,3033,3122,-1,3122,3033,3035,-1,3122,3035,3120,-1,3120,3035,3037,-1,3120,3037,3118,-1,3118,3037,3039,-1,3118,3039,3116,-1,3116,3039,3041,-1,3116,3041,3114,-1,3114,3041,3043,-1,3114,3043,3045,-1,3130,3024,3128,-1,3128,3024,3027,-1,3128,3027,3126,-1,3126,3027,3029,-1,3126,3029,3124,-1,3124,3029,3031,-1,3124,3031,3033,-1,3123,3032,3125,-1,3125,3032,3030,-1,3125,3030,3127,-1,3127,3030,3028,-1,3127,3028,3129,-1,3129,3028,3026,-1,3129,3026,3131,-1,3131,3026,3025,-1,3113,3044,3115,-1,3115,3044,3042,-1,3115,3042,3117,-1,3117,3042,3040,-1,3117,3040,3119,-1,3119,3040,3038,-1,3119,3038,3121,-1,3121,3038,3036,-1,3121,3036,3123,-1,3123,3036,3034,-1,3123,3034,3032,-1,3099,3060,3101,-1,3101,3060,3058,-1,3101,3058,3103,-1,3103,3058,3056,-1,3103,3056,3105,-1,3105,3056,3054,-1,3105,3054,3107,-1,3107,3054,3052,-1,3107,3052,3109,-1,3109,3052,3050,-1,3109,3050,3111,-1,3111,3050,3048,-1,3111,3048,3113,-1,3113,3048,3046,-1,3113,3046,3044,-1,3089,3072,3091,-1,3091,3072,3070,-1,3091,3070,3093,-1,3093,3070,3068,-1,3093,3068,3095,-1,3095,3068,3066,-1,3095,3066,3097,-1,3097,3066,3064,-1,3097,3064,3099,-1,3099,3064,3062,-1,3099,3062,3060,-1,3083,3080,3085,-1,3085,3080,3078,-1,3085,3078,3087,-1,3087,3078,3076,-1,3087,3076,3089,-1,3089,3076,3074,-1,3089,3074,3072,-1,3132,3133,3134,-1,3132,3134,3135,-1,3135,3134,3136,-1,3135,3136,3137,-1,3137,3136,3138,-1,3137,3138,3139,-1,3139,3138,3140,-1,3139,3140,3141,-1,3141,3140,3142,-1,3141,3142,3143,-1,3143,3142,3144,-1,3143,3144,3145,-1,3145,3144,3146,-1,3145,3146,3147,-1,3147,3146,3148,-1,3147,3148,3149,-1,3149,3148,3150,-1,3149,3150,3151,-1,3151,3150,3152,-1,3151,3152,3153,-1,3153,3152,3154,-1,3153,3154,3155,-1,3155,3154,3156,-1,3155,3156,3157,-1,3157,3156,3158,-1,3157,3158,3159,-1,3159,3158,3160,-1,3159,3160,3161,-1,3161,3160,3162,-1,3161,3162,3163,-1,3163,3162,3164,-1,3163,3164,3165,-1,3165,3164,3166,-1,3165,3166,3167,-1,3167,3166,3168,-1,3167,3168,3169,-1,3169,3168,3170,-1,3169,3170,3171,-1,3171,3170,3172,-1,3171,3172,3173,-1,3173,3172,3174,-1,3173,3174,3175,-1,3175,3174,3176,-1,3175,3176,3177,-1,3177,3176,3178,-1,3177,3178,3179,-1,3179,3178,3180,-1,3179,3180,3181,-1,3181,3180,3182,-1,3181,3182,3183,-1,3183,3182,3184,-1,3183,3184,3185,-1,3185,3184,3186,-1,3185,3186,3187,-1,3187,3186,3188,-1,3187,3188,3189,-1,3190,3189,3191,-1,3191,3189,3188,-1,3190,3191,3192,-1,3192,3191,3193,-1,3192,3193,3194,-1,3194,3193,3195,-1,3194,3195,3196,-1,3196,3195,3197,-1,3196,3197,3198,-1,3198,3197,3199,-1,3198,3199,3200,-1,3200,3199,3201,-1,3200,3201,3202,-1,3202,3201,3203,-1,3202,3203,3204,-1,3204,3203,3205,-1,3204,3205,3206,-1,3206,3205,3207,-1,3206,3207,3208,-1,3208,3207,3209,-1,3208,3209,3210,-1,3210,3209,3211,-1,3210,3211,3212,-1,3212,3211,3213,-1,3212,3213,3214,-1,3214,3213,3215,-1,3214,3215,3216,-1,3216,3215,3217,-1,3216,3217,3218,-1,3218,3217,3219,-1,3218,3219,3220,-1,3220,3219,3221,-1,3220,3221,3222,-1,3222,3221,3223,-1,3222,3223,3224,-1,3224,3223,3225,-1,3224,3225,3226,-1,3226,3225,3227,-1,3226,3227,3228,-1,3228,3227,3229,-1,3228,3229,3230,-1,3230,3229,3231,-1,3230,3231,3232,-1,3232,3231,3233,-1,3232,3233,3234,-1,3234,3233,3235,-1,3234,3235,3236,-1,3236,3235,3237,-1,3236,3237,3238,-1,3238,3237,3239,-1,3132,3238,3133,-1,3133,3238,3239,-1,3222,3153,3220,-1,3220,3153,3155,-1,3220,3155,3218,-1,3218,3155,3157,-1,3218,3157,3216,-1,3216,3157,3159,-1,3216,3159,3214,-1,3214,3159,3161,-1,3214,3161,3212,-1,3212,3161,3163,-1,3212,3163,3210,-1,3210,3163,3165,-1,3210,3165,3208,-1,3165,3167,3208,-1,3208,3167,3169,-1,3208,3169,3206,-1,3206,3169,3171,-1,3206,3171,3204,-1,3204,3171,3173,-1,3204,3173,3202,-1,3202,3173,3175,-1,3202,3175,3200,-1,3200,3175,3177,-1,3200,3177,3198,-1,3238,3132,3236,-1,3236,3132,3135,-1,3236,3135,3234,-1,3234,3135,3137,-1,3234,3137,3232,-1,3177,3179,3198,-1,3198,3179,3181,-1,3198,3181,3196,-1,3196,3181,3183,-1,3196,3183,3194,-1,3194,3183,3185,-1,3194,3185,3192,-1,3192,3185,3187,-1,3192,3187,3190,-1,3190,3187,3189,-1,3137,3139,3232,-1,3232,3139,3141,-1,3232,3141,3230,-1,3230,3141,3143,-1,3230,3143,3228,-1,3228,3143,3145,-1,3228,3145,3226,-1,3226,3145,3147,-1,3226,3147,3224,-1,3224,3147,3149,-1,3224,3149,3222,-1,3222,3149,3151,-1,3222,3151,3153,-1,3207,3168,3209,-1,3209,3168,3166,-1,3209,3166,3211,-1,3211,3166,3164,-1,3211,3164,3213,-1,3213,3164,3162,-1,3213,3162,3215,-1,3215,3162,3160,-1,3215,3160,3217,-1,3217,3160,3158,-1,3217,3158,3219,-1,3219,3158,3156,-1,3219,3156,3221,-1,3133,3239,3134,-1,3134,3239,3237,-1,3134,3237,3136,-1,3136,3237,3235,-1,3136,3235,3138,-1,3138,3235,3233,-1,3138,3233,3140,-1,3140,3233,3231,-1,3197,3180,3199,-1,3199,3180,3178,-1,3199,3178,3201,-1,3201,3178,3176,-1,3201,3176,3203,-1,3203,3176,3174,-1,3203,3174,3205,-1,3205,3174,3172,-1,3205,3172,3207,-1,3207,3172,3170,-1,3207,3170,3168,-1,3191,3188,3193,-1,3193,3188,3186,-1,3193,3186,3195,-1,3195,3186,3184,-1,3195,3184,3197,-1,3197,3184,3182,-1,3197,3182,3180,-1,3156,3154,3221,-1,3221,3154,3152,-1,3221,3152,3223,-1,3223,3152,3150,-1,3223,3150,3225,-1,3225,3150,3148,-1,3225,3148,3227,-1,3227,3148,3146,-1,3227,3146,3229,-1,3229,3146,3144,-1,3229,3144,3231,-1,3231,3144,3142,-1,3231,3142,3140,-1,3240,3241,3242,-1,3240,3242,3243,-1,3243,3242,3244,-1,3243,3244,3245,-1,3245,3244,3246,-1,3245,3246,3247,-1,3247,3246,3248,-1,3247,3248,3249,-1,3249,3248,3250,-1,3249,3250,3251,-1,3251,3250,3252,-1,3251,3252,3253,-1,3253,3252,3254,-1,3253,3254,3255,-1,3255,3254,3256,-1,3255,3256,3257,-1,3257,3256,3258,-1,3257,3258,3259,-1,3259,3258,3260,-1,3259,3260,3261,-1,3261,3260,3262,-1,3261,3262,3263,-1,3263,3262,3264,-1,3263,3264,3265,-1,3265,3264,3266,-1,3265,3266,3267,-1,3267,3266,3268,-1,3267,3268,3269,-1,3269,3268,3270,-1,3269,3270,3271,-1,3271,3270,3272,-1,3271,3272,3273,-1,3273,3272,3274,-1,3273,3274,3275,-1,3275,3274,3276,-1,3275,3276,3277,-1,3277,3276,3278,-1,3277,3278,3279,-1,3279,3278,3280,-1,3279,3280,3281,-1,3281,3280,3282,-1,3281,3282,3283,-1,3283,3282,3284,-1,3283,3284,3285,-1,3285,3284,3286,-1,3285,3286,3287,-1,3287,3286,3288,-1,3287,3288,3289,-1,3289,3288,3290,-1,3289,3290,3291,-1,3291,3290,3292,-1,3291,3292,3293,-1,3293,3292,3294,-1,3293,3294,3295,-1,3295,3294,3296,-1,3295,3296,3297,-1,3298,3297,3299,-1,3299,3297,3296,-1,3298,3299,3300,-1,3300,3299,3301,-1,3300,3301,3302,-1,3302,3301,3303,-1,3302,3303,3304,-1,3304,3303,3305,-1,3304,3305,3306,-1,3306,3305,3307,-1,3306,3307,3308,-1,3308,3307,3309,-1,3308,3309,3310,-1,3310,3309,3311,-1,3310,3311,3312,-1,3312,3311,3313,-1,3312,3313,3314,-1,3314,3313,3315,-1,3314,3315,3316,-1,3316,3315,3317,-1,3316,3317,3318,-1,3318,3317,3319,-1,3318,3319,3320,-1,3320,3319,3321,-1,3320,3321,3322,-1,3322,3321,3323,-1,3322,3323,3324,-1,3324,3323,3325,-1,3324,3325,3326,-1,3326,3325,3327,-1,3326,3327,3328,-1,3328,3327,3329,-1,3328,3329,3330,-1,3330,3329,3331,-1,3330,3331,3332,-1,3332,3331,3333,-1,3332,3333,3334,-1,3334,3333,3335,-1,3334,3335,3336,-1,3336,3335,3337,-1,3336,3337,3338,-1,3338,3337,3339,-1,3338,3339,3340,-1,3340,3339,3341,-1,3340,3341,3342,-1,3342,3341,3343,-1,3342,3343,3344,-1,3344,3343,3345,-1,3344,3345,3346,-1,3346,3345,3347,-1,3240,3346,3241,-1,3241,3346,3347,-1,3330,3261,3328,-1,3328,3261,3263,-1,3328,3263,3326,-1,3326,3263,3265,-1,3326,3265,3324,-1,3324,3265,3267,-1,3324,3267,3322,-1,3322,3267,3269,-1,3322,3269,3320,-1,3320,3269,3271,-1,3320,3271,3318,-1,3318,3271,3273,-1,3318,3273,3316,-1,3273,3275,3316,-1,3316,3275,3277,-1,3316,3277,3314,-1,3314,3277,3279,-1,3314,3279,3312,-1,3312,3279,3281,-1,3312,3281,3310,-1,3310,3281,3283,-1,3310,3283,3308,-1,3308,3283,3285,-1,3308,3285,3306,-1,3346,3240,3344,-1,3344,3240,3243,-1,3344,3243,3342,-1,3342,3243,3245,-1,3342,3245,3340,-1,3285,3287,3306,-1,3306,3287,3289,-1,3306,3289,3304,-1,3304,3289,3291,-1,3304,3291,3302,-1,3302,3291,3293,-1,3302,3293,3300,-1,3300,3293,3295,-1,3300,3295,3298,-1,3298,3295,3297,-1,3245,3247,3340,-1,3340,3247,3249,-1,3340,3249,3338,-1,3338,3249,3251,-1,3338,3251,3336,-1,3336,3251,3253,-1,3336,3253,3334,-1,3334,3253,3255,-1,3334,3255,3332,-1,3332,3255,3257,-1,3332,3257,3330,-1,3330,3257,3259,-1,3330,3259,3261,-1,3315,3276,3317,-1,3317,3276,3274,-1,3317,3274,3319,-1,3319,3274,3272,-1,3319,3272,3321,-1,3321,3272,3270,-1,3321,3270,3323,-1,3323,3270,3268,-1,3323,3268,3325,-1,3325,3268,3266,-1,3325,3266,3327,-1,3327,3266,3264,-1,3327,3264,3329,-1,3241,3347,3242,-1,3242,3347,3345,-1,3242,3345,3244,-1,3244,3345,3343,-1,3244,3343,3246,-1,3246,3343,3341,-1,3246,3341,3248,-1,3248,3341,3339,-1,3305,3288,3307,-1,3307,3288,3286,-1,3307,3286,3309,-1,3309,3286,3284,-1,3309,3284,3311,-1,3311,3284,3282,-1,3311,3282,3313,-1,3313,3282,3280,-1,3313,3280,3315,-1,3315,3280,3278,-1,3315,3278,3276,-1,3299,3296,3301,-1,3301,3296,3294,-1,3301,3294,3303,-1,3303,3294,3292,-1,3303,3292,3305,-1,3305,3292,3290,-1,3305,3290,3288,-1,3264,3262,3329,-1,3329,3262,3260,-1,3329,3260,3331,-1,3331,3260,3258,-1,3331,3258,3333,-1,3333,3258,3256,-1,3333,3256,3335,-1,3335,3256,3254,-1,3335,3254,3337,-1,3337,3254,3252,-1,3337,3252,3339,-1,3339,3252,3250,-1,3339,3250,3248,-1,3348,3349,3350,-1,3348,3350,3351,-1,3351,3350,3352,-1,3351,3352,3353,-1,3353,3352,3354,-1,3353,3354,3355,-1,3355,3354,3356,-1,3355,3356,3357,-1,3357,3356,3358,-1,3357,3358,3359,-1,3359,3358,3360,-1,3359,3360,3361,-1,3361,3360,3362,-1,3361,3362,3363,-1,3363,3362,3364,-1,3363,3364,3365,-1,3365,3364,3366,-1,3365,3366,3367,-1,3367,3366,3368,-1,3367,3368,3369,-1,3369,3368,3370,-1,3369,3370,3371,-1,3371,3370,3372,-1,3371,3372,3373,-1,3373,3372,3374,-1,3373,3374,3375,-1,3375,3374,3376,-1,3375,3376,3377,-1,3377,3376,3378,-1,3377,3378,3379,-1,3379,3378,3380,-1,3379,3380,3381,-1,3381,3380,3382,-1,3381,3382,3383,-1,3383,3382,3384,-1,3383,3384,3385,-1,3385,3384,3386,-1,3385,3386,3387,-1,3387,3386,3388,-1,3387,3388,3389,-1,3389,3388,3390,-1,3389,3390,3391,-1,3391,3390,3392,-1,3391,3392,3393,-1,3393,3392,3394,-1,3393,3394,3395,-1,3395,3394,3396,-1,3395,3396,3397,-1,3397,3396,3398,-1,3397,3398,3399,-1,3399,3398,3400,-1,3399,3400,3401,-1,3401,3400,3402,-1,3401,3402,3403,-1,3403,3402,3404,-1,3403,3404,3405,-1,3406,3405,3407,-1,3407,3405,3404,-1,3406,3407,3408,-1,3408,3407,3409,-1,3408,3409,3410,-1,3410,3409,3411,-1,3410,3411,3412,-1,3412,3411,3413,-1,3412,3413,3414,-1,3414,3413,3415,-1,3414,3415,3416,-1,3416,3415,3417,-1,3416,3417,3418,-1,3418,3417,3419,-1,3418,3419,3420,-1,3420,3419,3421,-1,3420,3421,3422,-1,3422,3421,3423,-1,3422,3423,3424,-1,3424,3423,3425,-1,3424,3425,3426,-1,3426,3425,3427,-1,3426,3427,3428,-1,3428,3427,3429,-1,3428,3429,3430,-1,3430,3429,3431,-1,3430,3431,3432,-1,3432,3431,3433,-1,3432,3433,3434,-1,3434,3433,3435,-1,3434,3435,3436,-1,3436,3435,3437,-1,3436,3437,3438,-1,3438,3437,3439,-1,3438,3439,3440,-1,3440,3439,3441,-1,3440,3441,3442,-1,3442,3441,3443,-1,3442,3443,3444,-1,3444,3443,3445,-1,3444,3445,3446,-1,3446,3445,3447,-1,3446,3447,3448,-1,3448,3447,3449,-1,3448,3449,3450,-1,3450,3449,3451,-1,3450,3451,3452,-1,3452,3451,3453,-1,3452,3453,3454,-1,3454,3453,3455,-1,3348,3454,3349,-1,3349,3454,3455,-1,3438,3369,3436,-1,3436,3369,3371,-1,3436,3371,3434,-1,3434,3371,3373,-1,3434,3373,3432,-1,3432,3373,3375,-1,3432,3375,3430,-1,3430,3375,3377,-1,3430,3377,3428,-1,3428,3377,3379,-1,3428,3379,3426,-1,3426,3379,3381,-1,3426,3381,3424,-1,3381,3383,3424,-1,3424,3383,3385,-1,3424,3385,3422,-1,3422,3385,3387,-1,3422,3387,3420,-1,3420,3387,3389,-1,3420,3389,3418,-1,3418,3389,3391,-1,3418,3391,3416,-1,3416,3391,3393,-1,3416,3393,3414,-1,3393,3395,3414,-1,3414,3395,3397,-1,3414,3397,3412,-1,3412,3397,3399,-1,3412,3399,3410,-1,3410,3399,3401,-1,3410,3401,3408,-1,3408,3401,3403,-1,3408,3403,3406,-1,3406,3403,3405,-1,3454,3348,3452,-1,3452,3348,3351,-1,3452,3351,3450,-1,3450,3351,3353,-1,3450,3353,3448,-1,3353,3355,3448,-1,3448,3355,3357,-1,3448,3357,3446,-1,3446,3357,3359,-1,3446,3359,3444,-1,3444,3359,3361,-1,3444,3361,3442,-1,3442,3361,3363,-1,3442,3363,3440,-1,3440,3363,3365,-1,3440,3365,3438,-1,3438,3365,3367,-1,3438,3367,3369,-1,3423,3384,3425,-1,3425,3384,3382,-1,3425,3382,3427,-1,3427,3382,3380,-1,3427,3380,3429,-1,3429,3380,3378,-1,3429,3378,3431,-1,3431,3378,3376,-1,3431,3376,3433,-1,3433,3376,3374,-1,3433,3374,3435,-1,3435,3374,3372,-1,3435,3372,3437,-1,3349,3455,3350,-1,3350,3455,3453,-1,3350,3453,3352,-1,3352,3453,3451,-1,3352,3451,3354,-1,3354,3451,3449,-1,3354,3449,3356,-1,3356,3449,3447,-1,3372,3370,3437,-1,3437,3370,3368,-1,3437,3368,3439,-1,3439,3368,3366,-1,3439,3366,3441,-1,3441,3366,3364,-1,3441,3364,3443,-1,3443,3364,3362,-1,3443,3362,3445,-1,3445,3362,3360,-1,3445,3360,3447,-1,3447,3360,3358,-1,3447,3358,3356,-1,3413,3396,3415,-1,3415,3396,3394,-1,3415,3394,3417,-1,3417,3394,3392,-1,3417,3392,3419,-1,3419,3392,3390,-1,3419,3390,3421,-1,3421,3390,3388,-1,3421,3388,3423,-1,3423,3388,3386,-1,3423,3386,3384,-1,3407,3404,3409,-1,3409,3404,3402,-1,3409,3402,3411,-1,3411,3402,3400,-1,3411,3400,3413,-1,3413,3400,3398,-1,3413,3398,3396,-1,3456,3457,3458,-1,3456,3458,3459,-1,3459,3458,3460,-1,3459,3460,3461,-1,3461,3460,3462,-1,3461,3462,3463,-1,3463,3462,3464,-1,3463,3464,3465,-1,3465,3464,3466,-1,3465,3466,3467,-1,3467,3466,3468,-1,3467,3468,3469,-1,3469,3468,3470,-1,3469,3470,3471,-1,3471,3470,3472,-1,3471,3472,3473,-1,3473,3472,3474,-1,3473,3474,3475,-1,3475,3474,3476,-1,3475,3476,3477,-1,3477,3476,3478,-1,3477,3478,3479,-1,3479,3478,3480,-1,3479,3480,3481,-1,3481,3480,3482,-1,3481,3482,3483,-1,3483,3482,3484,-1,3483,3484,3485,-1,3485,3484,3486,-1,3485,3486,3487,-1,3487,3486,3488,-1,3487,3488,3489,-1,3489,3488,3490,-1,3489,3490,3491,-1,3491,3490,3492,-1,3491,3492,3493,-1,3493,3492,3494,-1,3493,3494,3495,-1,3495,3494,3496,-1,3495,3496,3497,-1,3497,3496,3498,-1,3497,3498,3499,-1,3499,3498,3500,-1,3499,3500,3501,-1,3501,3500,3502,-1,3501,3502,3503,-1,3503,3502,3504,-1,3503,3504,3505,-1,3505,3504,3506,-1,3505,3506,3507,-1,3507,3506,3508,-1,3507,3508,3509,-1,3509,3508,3510,-1,3509,3510,3511,-1,3511,3510,3512,-1,3511,3512,3513,-1,3514,3513,3515,-1,3515,3513,3512,-1,3514,3515,3516,-1,3516,3515,3517,-1,3516,3517,3518,-1,3518,3517,3519,-1,3518,3519,3520,-1,3520,3519,3521,-1,3520,3521,3522,-1,3522,3521,3523,-1,3522,3523,3524,-1,3524,3523,3525,-1,3524,3525,3526,-1,3526,3525,3527,-1,3526,3527,3528,-1,3528,3527,3529,-1,3528,3529,3530,-1,3530,3529,3531,-1,3530,3531,3532,-1,3532,3531,3533,-1,3532,3533,3534,-1,3534,3533,3535,-1,3534,3535,3536,-1,3536,3535,3537,-1,3536,3537,3538,-1,3538,3537,3539,-1,3538,3539,3540,-1,3540,3539,3541,-1,3540,3541,3542,-1,3542,3541,3543,-1,3542,3543,3544,-1,3544,3543,3545,-1,3544,3545,3546,-1,3546,3545,3547,-1,3546,3547,3548,-1,3548,3547,3549,-1,3548,3549,3550,-1,3550,3549,3551,-1,3550,3551,3552,-1,3552,3551,3553,-1,3552,3553,3554,-1,3554,3553,3555,-1,3554,3555,3556,-1,3556,3555,3557,-1,3556,3557,3558,-1,3558,3557,3559,-1,3558,3559,3560,-1,3560,3559,3561,-1,3560,3561,3562,-1,3562,3561,3563,-1,3456,3562,3457,-1,3457,3562,3563,-1,3546,3477,3544,-1,3544,3477,3479,-1,3544,3479,3542,-1,3542,3479,3481,-1,3542,3481,3540,-1,3540,3481,3483,-1,3540,3483,3538,-1,3538,3483,3485,-1,3538,3485,3536,-1,3536,3485,3487,-1,3536,3487,3534,-1,3534,3487,3489,-1,3534,3489,3532,-1,3489,3491,3532,-1,3532,3491,3493,-1,3532,3493,3530,-1,3530,3493,3495,-1,3530,3495,3528,-1,3528,3495,3497,-1,3528,3497,3526,-1,3526,3497,3499,-1,3526,3499,3524,-1,3524,3499,3501,-1,3524,3501,3522,-1,3558,3463,3556,-1,3556,3463,3465,-1,3556,3465,3554,-1,3554,3465,3467,-1,3554,3467,3552,-1,3552,3467,3469,-1,3552,3469,3550,-1,3550,3469,3471,-1,3550,3471,3548,-1,3548,3471,3473,-1,3548,3473,3546,-1,3546,3473,3475,-1,3546,3475,3477,-1,3562,3456,3560,-1,3560,3456,3459,-1,3560,3459,3558,-1,3558,3459,3461,-1,3558,3461,3463,-1,3513,3514,3511,-1,3511,3514,3516,-1,3511,3516,3509,-1,3509,3516,3518,-1,3509,3518,3507,-1,3507,3518,3520,-1,3507,3520,3505,-1,3505,3520,3522,-1,3505,3522,3503,-1,3503,3522,3501,-1,3531,3492,3533,-1,3533,3492,3490,-1,3533,3490,3535,-1,3535,3490,3488,-1,3535,3488,3537,-1,3537,3488,3486,-1,3537,3486,3539,-1,3539,3486,3484,-1,3539,3484,3541,-1,3541,3484,3482,-1,3541,3482,3543,-1,3543,3482,3480,-1,3543,3480,3545,-1,3457,3563,3458,-1,3458,3563,3561,-1,3458,3561,3460,-1,3460,3561,3559,-1,3460,3559,3462,-1,3462,3559,3557,-1,3462,3557,3464,-1,3464,3557,3555,-1,3480,3478,3545,-1,3545,3478,3476,-1,3545,3476,3547,-1,3547,3476,3474,-1,3547,3474,3549,-1,3549,3474,3472,-1,3549,3472,3551,-1,3551,3472,3470,-1,3551,3470,3553,-1,3553,3470,3468,-1,3553,3468,3555,-1,3555,3468,3466,-1,3555,3466,3464,-1,3515,3512,3517,-1,3517,3512,3510,-1,3517,3510,3519,-1,3519,3510,3508,-1,3519,3508,3521,-1,3508,3506,3521,-1,3521,3506,3504,-1,3521,3504,3523,-1,3523,3504,3502,-1,3523,3502,3525,-1,3525,3502,3500,-1,3525,3500,3527,-1,3527,3500,3498,-1,3527,3498,3529,-1,3529,3498,3496,-1,3529,3496,3531,-1,3531,3496,3494,-1,3531,3494,3492,-1,3564,3565,3566,-1,3564,3566,3567,-1,3567,3566,3568,-1,3567,3568,3569,-1,3569,3568,3570,-1,3569,3570,3571,-1,3571,3570,3572,-1,3571,3572,3573,-1,3573,3572,3574,-1,3573,3574,3575,-1,3575,3574,3576,-1,3575,3576,3577,-1,3577,3576,3578,-1,3577,3578,3579,-1,3579,3578,3580,-1,3579,3580,3581,-1,3581,3580,3582,-1,3581,3582,3583,-1,3583,3582,3584,-1,3583,3584,3585,-1,3585,3584,3586,-1,3585,3586,3587,-1,3587,3586,3588,-1,3587,3588,3589,-1,3589,3588,3590,-1,3589,3590,3591,-1,3591,3590,3592,-1,3591,3592,3593,-1,3593,3592,3594,-1,3593,3594,3595,-1,3595,3594,3596,-1,3595,3596,3597,-1,3597,3596,3598,-1,3597,3598,3599,-1,3599,3598,3600,-1,3599,3600,3601,-1,3601,3600,3602,-1,3601,3602,3603,-1,3603,3602,3604,-1,3603,3604,3605,-1,3605,3604,3606,-1,3605,3606,3607,-1,3607,3606,3608,-1,3607,3608,3609,-1,3609,3608,3610,-1,3609,3610,3611,-1,3611,3610,3612,-1,3611,3612,3613,-1,3613,3612,3614,-1,3613,3614,3615,-1,3615,3614,3616,-1,3615,3616,3617,-1,3617,3616,3618,-1,3617,3618,3619,-1,3619,3618,3620,-1,3619,3620,3621,-1,3622,3621,3623,-1,3623,3621,3620,-1,3622,3623,3624,-1,3624,3623,3625,-1,3624,3625,3626,-1,3626,3625,3627,-1,3626,3627,3628,-1,3628,3627,3629,-1,3628,3629,3630,-1,3630,3629,3631,-1,3630,3631,3632,-1,3632,3631,3633,-1,3632,3633,3634,-1,3634,3633,3635,-1,3634,3635,3636,-1,3636,3635,3637,-1,3636,3637,3638,-1,3638,3637,3639,-1,3638,3639,3640,-1,3640,3639,3641,-1,3640,3641,3642,-1,3642,3641,3643,-1,3642,3643,3644,-1,3644,3643,3645,-1,3644,3645,3646,-1,3646,3645,3647,-1,3646,3647,3648,-1,3648,3647,3649,-1,3648,3649,3650,-1,3650,3649,3651,-1,3650,3651,3652,-1,3652,3651,3653,-1,3652,3653,3654,-1,3654,3653,3655,-1,3654,3655,3656,-1,3656,3655,3657,-1,3656,3657,3658,-1,3658,3657,3659,-1,3658,3659,3660,-1,3660,3659,3661,-1,3660,3661,3662,-1,3662,3661,3663,-1,3662,3663,3664,-1,3664,3663,3665,-1,3664,3665,3666,-1,3666,3665,3667,-1,3666,3667,3668,-1,3668,3667,3669,-1,3668,3669,3670,-1,3670,3669,3671,-1,3564,3670,3565,-1,3565,3670,3671,-1,3654,3585,3652,-1,3652,3585,3587,-1,3652,3587,3650,-1,3650,3587,3589,-1,3650,3589,3648,-1,3648,3589,3591,-1,3648,3591,3646,-1,3646,3591,3593,-1,3646,3593,3644,-1,3644,3593,3595,-1,3644,3595,3642,-1,3642,3595,3597,-1,3642,3597,3640,-1,3621,3622,3619,-1,3619,3622,3624,-1,3619,3624,3617,-1,3617,3624,3626,-1,3617,3626,3615,-1,3615,3626,3628,-1,3615,3628,3613,-1,3613,3628,3630,-1,3597,3599,3640,-1,3640,3599,3601,-1,3640,3601,3638,-1,3638,3601,3603,-1,3638,3603,3636,-1,3636,3603,3605,-1,3636,3605,3634,-1,3634,3605,3607,-1,3634,3607,3632,-1,3632,3607,3609,-1,3632,3609,3630,-1,3630,3609,3611,-1,3630,3611,3613,-1,3666,3571,3664,-1,3664,3571,3573,-1,3664,3573,3662,-1,3662,3573,3575,-1,3662,3575,3660,-1,3660,3575,3577,-1,3660,3577,3658,-1,3658,3577,3579,-1,3658,3579,3656,-1,3656,3579,3581,-1,3656,3581,3654,-1,3654,3581,3583,-1,3654,3583,3585,-1,3670,3564,3668,-1,3668,3564,3567,-1,3668,3567,3666,-1,3666,3567,3569,-1,3666,3569,3571,-1,3639,3600,3641,-1,3641,3600,3598,-1,3641,3598,3643,-1,3643,3598,3596,-1,3643,3596,3645,-1,3645,3596,3594,-1,3645,3594,3647,-1,3647,3594,3592,-1,3647,3592,3649,-1,3649,3592,3590,-1,3649,3590,3651,-1,3651,3590,3588,-1,3651,3588,3653,-1,3623,3620,3625,-1,3625,3620,3618,-1,3625,3618,3627,-1,3627,3618,3616,-1,3627,3616,3629,-1,3565,3671,3566,-1,3566,3671,3669,-1,3566,3669,3568,-1,3568,3669,3667,-1,3568,3667,3570,-1,3570,3667,3665,-1,3616,3614,3629,-1,3629,3614,3612,-1,3629,3612,3631,-1,3631,3612,3610,-1,3631,3610,3633,-1,3633,3610,3608,-1,3633,3608,3635,-1,3635,3608,3606,-1,3635,3606,3637,-1,3637,3606,3604,-1,3637,3604,3639,-1,3639,3604,3602,-1,3639,3602,3600,-1,3588,3586,3653,-1,3653,3586,3584,-1,3653,3584,3655,-1,3655,3584,3582,-1,3655,3582,3657,-1,3657,3582,3580,-1,3657,3580,3659,-1,3659,3580,3578,-1,3659,3578,3661,-1,3661,3578,3576,-1,3661,3576,3663,-1,3663,3576,3574,-1,3663,3574,3665,-1,3665,3574,3572,-1,3665,3572,3570,-1,3672,3673,3674,-1,3672,3674,3675,-1,3675,3674,3676,-1,3675,3676,3677,-1,3677,3676,3678,-1,3677,3678,3679,-1,3679,3678,3680,-1,3679,3680,3681,-1,3681,3680,3682,-1,3681,3682,3683,-1,3683,3682,3684,-1,3683,3684,3685,-1,3685,3684,3686,-1,3685,3686,3687,-1,3687,3686,3688,-1,3687,3688,3689,-1,3689,3688,3690,-1,3689,3690,3691,-1,3691,3690,3692,-1,3691,3692,3693,-1,3693,3692,3694,-1,3693,3694,3695,-1,3695,3694,3696,-1,3695,3696,3697,-1,3697,3696,3698,-1,3697,3698,3699,-1,3699,3698,3700,-1,3699,3700,3701,-1,3701,3700,3702,-1,3701,3702,3703,-1,3703,3702,3704,-1,3703,3704,3705,-1,3705,3704,3706,-1,3705,3706,3707,-1,3707,3706,3708,-1,3707,3708,3709,-1,3709,3708,3710,-1,3709,3710,3711,-1,3711,3710,3712,-1,3711,3712,3713,-1,3713,3712,3714,-1,3713,3714,3715,-1,3715,3714,3716,-1,3715,3716,3717,-1,3717,3716,3718,-1,3717,3718,3719,-1,3719,3718,3720,-1,3719,3720,3721,-1,3721,3720,3722,-1,3721,3722,3723,-1,3723,3722,3724,-1,3723,3724,3725,-1,3725,3724,3726,-1,3725,3726,3727,-1,3727,3726,3728,-1,3727,3728,3729,-1,3730,3729,3731,-1,3731,3729,3728,-1,3730,3731,3732,-1,3732,3731,3733,-1,3732,3733,3734,-1,3734,3733,3735,-1,3734,3735,3736,-1,3736,3735,3737,-1,3736,3737,3738,-1,3738,3737,3739,-1,3738,3739,3740,-1,3740,3739,3741,-1,3740,3741,3742,-1,3742,3741,3743,-1,3742,3743,3744,-1,3744,3743,3745,-1,3744,3745,3746,-1,3746,3745,3747,-1,3746,3747,3748,-1,3748,3747,3749,-1,3748,3749,3750,-1,3750,3749,3751,-1,3750,3751,3752,-1,3752,3751,3753,-1,3752,3753,3754,-1,3754,3753,3755,-1,3754,3755,3756,-1,3756,3755,3757,-1,3756,3757,3758,-1,3758,3757,3759,-1,3758,3759,3760,-1,3760,3759,3761,-1,3760,3761,3762,-1,3762,3761,3763,-1,3762,3763,3764,-1,3764,3763,3765,-1,3764,3765,3766,-1,3766,3765,3767,-1,3766,3767,3768,-1,3768,3767,3769,-1,3768,3769,3770,-1,3770,3769,3771,-1,3770,3771,3772,-1,3772,3771,3773,-1,3772,3773,3774,-1,3774,3773,3775,-1,3774,3775,3776,-1,3776,3775,3777,-1,3776,3777,3778,-1,3778,3777,3779,-1,3672,3778,3673,-1,3673,3778,3779,-1,3762,3693,3760,-1,3760,3693,3695,-1,3760,3695,3758,-1,3758,3695,3697,-1,3758,3697,3756,-1,3756,3697,3699,-1,3756,3699,3754,-1,3754,3699,3701,-1,3754,3701,3752,-1,3752,3701,3703,-1,3752,3703,3750,-1,3750,3703,3705,-1,3750,3705,3748,-1,3778,3672,3776,-1,3776,3672,3675,-1,3776,3675,3774,-1,3705,3707,3748,-1,3748,3707,3709,-1,3748,3709,3746,-1,3746,3709,3711,-1,3746,3711,3744,-1,3744,3711,3713,-1,3744,3713,3742,-1,3742,3713,3715,-1,3742,3715,3740,-1,3740,3715,3717,-1,3740,3717,3738,-1,3675,3677,3774,-1,3774,3677,3679,-1,3774,3679,3772,-1,3772,3679,3681,-1,3772,3681,3770,-1,3770,3681,3683,-1,3770,3683,3768,-1,3768,3683,3685,-1,3768,3685,3766,-1,3766,3685,3687,-1,3766,3687,3764,-1,3764,3687,3689,-1,3764,3689,3762,-1,3762,3689,3691,-1,3762,3691,3693,-1,3717,3719,3738,-1,3738,3719,3721,-1,3738,3721,3736,-1,3736,3721,3723,-1,3736,3723,3734,-1,3734,3723,3725,-1,3734,3725,3732,-1,3732,3725,3727,-1,3732,3727,3730,-1,3730,3727,3729,-1,3673,3779,3674,-1,3674,3779,3777,-1,3674,3777,3676,-1,3676,3777,3775,-1,3676,3775,3678,-1,3678,3775,3773,-1,3678,3773,3680,-1,3680,3773,3771,-1,3747,3708,3749,-1,3749,3708,3706,-1,3749,3706,3751,-1,3751,3706,3704,-1,3751,3704,3753,-1,3753,3704,3702,-1,3753,3702,3755,-1,3755,3702,3700,-1,3755,3700,3757,-1,3757,3700,3698,-1,3757,3698,3759,-1,3759,3698,3696,-1,3759,3696,3761,-1,3696,3694,3761,-1,3761,3694,3692,-1,3761,3692,3763,-1,3763,3692,3690,-1,3763,3690,3765,-1,3765,3690,3688,-1,3765,3688,3767,-1,3767,3688,3686,-1,3767,3686,3769,-1,3769,3686,3684,-1,3769,3684,3771,-1,3771,3684,3682,-1,3771,3682,3680,-1,3737,3720,3739,-1,3739,3720,3718,-1,3739,3718,3741,-1,3741,3718,3716,-1,3741,3716,3743,-1,3743,3716,3714,-1,3743,3714,3745,-1,3745,3714,3712,-1,3745,3712,3747,-1,3747,3712,3710,-1,3747,3710,3708,-1,3731,3728,3733,-1,3733,3728,3726,-1,3733,3726,3735,-1,3735,3726,3724,-1,3735,3724,3737,-1,3737,3724,3722,-1,3737,3722,3720,-1,3780,3781,3782,-1,3780,3782,3783,-1,3783,3782,3784,-1,3783,3784,3785,-1,3785,3784,3786,-1,3785,3786,3787,-1,3787,3786,3788,-1,3787,3788,3789,-1,3789,3788,3790,-1,3789,3790,3791,-1,3791,3790,3792,-1,3791,3792,3793,-1,3793,3792,3794,-1,3793,3794,3795,-1,3795,3794,3796,-1,3795,3796,3797,-1,3797,3796,3798,-1,3797,3798,3799,-1,3799,3798,3800,-1,3799,3800,3801,-1,3801,3800,3802,-1,3801,3802,3803,-1,3803,3802,3804,-1,3803,3804,3805,-1,3805,3804,3806,-1,3805,3806,3807,-1,3807,3806,3808,-1,3807,3808,3809,-1,3809,3808,3810,-1,3809,3810,3811,-1,3811,3810,3812,-1,3811,3812,3813,-1,3813,3812,3814,-1,3813,3814,3815,-1,3815,3814,3816,-1,3815,3816,3817,-1,3817,3816,3818,-1,3817,3818,3819,-1,3819,3818,3820,-1,3819,3820,3821,-1,3821,3820,3822,-1,3821,3822,3823,-1,3823,3822,3824,-1,3823,3824,3825,-1,3825,3824,3826,-1,3825,3826,3827,-1,3827,3826,3828,-1,3827,3828,3829,-1,3829,3828,3830,-1,3829,3830,3831,-1,3831,3830,3832,-1,3831,3832,3833,-1,3833,3832,3834,-1,3833,3834,3835,-1,3835,3834,3836,-1,3835,3836,3837,-1,3838,3837,3839,-1,3839,3837,3836,-1,3838,3839,3840,-1,3840,3839,3841,-1,3840,3841,3842,-1,3842,3841,3843,-1,3842,3843,3844,-1,3844,3843,3845,-1,3844,3845,3846,-1,3846,3845,3847,-1,3846,3847,3848,-1,3848,3847,3849,-1,3848,3849,3850,-1,3850,3849,3851,-1,3850,3851,3852,-1,3852,3851,3853,-1,3852,3853,3854,-1,3854,3853,3855,-1,3854,3855,3856,-1,3856,3855,3857,-1,3856,3857,3858,-1,3858,3857,3859,-1,3858,3859,3860,-1,3860,3859,3861,-1,3860,3861,3862,-1,3862,3861,3863,-1,3862,3863,3864,-1,3864,3863,3865,-1,3864,3865,3866,-1,3866,3865,3867,-1,3866,3867,3868,-1,3868,3867,3869,-1,3868,3869,3870,-1,3870,3869,3871,-1,3870,3871,3872,-1,3872,3871,3873,-1,3872,3873,3874,-1,3874,3873,3875,-1,3874,3875,3876,-1,3876,3875,3877,-1,3876,3877,3878,-1,3878,3877,3879,-1,3878,3879,3880,-1,3880,3879,3881,-1,3880,3881,3882,-1,3882,3881,3883,-1,3882,3883,3884,-1,3884,3883,3885,-1,3884,3885,3886,-1,3886,3885,3887,-1,3780,3886,3781,-1,3781,3886,3887,-1,3870,3801,3868,-1,3868,3801,3803,-1,3868,3803,3866,-1,3866,3803,3805,-1,3866,3805,3864,-1,3864,3805,3807,-1,3864,3807,3862,-1,3862,3807,3809,-1,3862,3809,3860,-1,3860,3809,3811,-1,3860,3811,3858,-1,3858,3811,3813,-1,3858,3813,3856,-1,3813,3815,3856,-1,3856,3815,3817,-1,3856,3817,3854,-1,3854,3817,3819,-1,3854,3819,3852,-1,3852,3819,3821,-1,3852,3821,3850,-1,3850,3821,3823,-1,3850,3823,3848,-1,3848,3823,3825,-1,3848,3825,3846,-1,3882,3787,3880,-1,3880,3787,3789,-1,3880,3789,3878,-1,3878,3789,3791,-1,3878,3791,3876,-1,3876,3791,3793,-1,3876,3793,3874,-1,3874,3793,3795,-1,3874,3795,3872,-1,3872,3795,3797,-1,3872,3797,3870,-1,3870,3797,3799,-1,3870,3799,3801,-1,3886,3780,3884,-1,3884,3780,3783,-1,3884,3783,3882,-1,3882,3783,3785,-1,3882,3785,3787,-1,3825,3827,3846,-1,3846,3827,3829,-1,3846,3829,3844,-1,3844,3829,3831,-1,3844,3831,3842,-1,3842,3831,3833,-1,3842,3833,3840,-1,3840,3833,3835,-1,3840,3835,3838,-1,3838,3835,3837,-1,3855,3816,3857,-1,3857,3816,3814,-1,3857,3814,3859,-1,3859,3814,3812,-1,3859,3812,3861,-1,3861,3812,3810,-1,3861,3810,3863,-1,3863,3810,3808,-1,3863,3808,3865,-1,3865,3808,3806,-1,3865,3806,3867,-1,3867,3806,3804,-1,3867,3804,3869,-1,3781,3887,3782,-1,3782,3887,3885,-1,3782,3885,3784,-1,3784,3885,3883,-1,3784,3883,3786,-1,3786,3883,3881,-1,3786,3881,3788,-1,3788,3881,3879,-1,3804,3802,3869,-1,3869,3802,3800,-1,3869,3800,3871,-1,3871,3800,3798,-1,3871,3798,3873,-1,3873,3798,3796,-1,3873,3796,3875,-1,3875,3796,3794,-1,3875,3794,3877,-1,3877,3794,3792,-1,3877,3792,3879,-1,3879,3792,3790,-1,3879,3790,3788,-1,3845,3828,3847,-1,3847,3828,3826,-1,3847,3826,3849,-1,3849,3826,3824,-1,3849,3824,3851,-1,3851,3824,3822,-1,3851,3822,3853,-1,3853,3822,3820,-1,3853,3820,3855,-1,3855,3820,3818,-1,3855,3818,3816,-1,3839,3836,3841,-1,3841,3836,3834,-1,3841,3834,3843,-1,3843,3834,3832,-1,3843,3832,3845,-1,3845,3832,3830,-1,3845,3830,3828,-1,3888,3889,3890,-1,3888,3890,3891,-1,3891,3890,3892,-1,3891,3892,3893,-1,3893,3892,3894,-1,3893,3894,3895,-1,3895,3894,3896,-1,3895,3896,3897,-1,3897,3896,3898,-1,3897,3898,3899,-1,3899,3898,3900,-1,3899,3900,3901,-1,3901,3900,3902,-1,3901,3902,3903,-1,3903,3902,3904,-1,3903,3904,3905,-1,3905,3904,3906,-1,3905,3906,3907,-1,3907,3906,3908,-1,3907,3908,3909,-1,3909,3908,3910,-1,3909,3910,3911,-1,3911,3910,3912,-1,3911,3912,3913,-1,3913,3912,3914,-1,3913,3914,3915,-1,3915,3914,3916,-1,3915,3916,3917,-1,3917,3916,3918,-1,3917,3918,3919,-1,3919,3918,3920,-1,3919,3920,3921,-1,3921,3920,3922,-1,3921,3922,3923,-1,3923,3922,3924,-1,3923,3924,3925,-1,3925,3924,3926,-1,3925,3926,3927,-1,3927,3926,3928,-1,3927,3928,3929,-1,3929,3928,3930,-1,3929,3930,3931,-1,3931,3930,3932,-1,3931,3932,3933,-1,3933,3932,3934,-1,3933,3934,3935,-1,3935,3934,3936,-1,3935,3936,3937,-1,3937,3936,3938,-1,3937,3938,3939,-1,3939,3938,3940,-1,3939,3940,3941,-1,3941,3940,3942,-1,3941,3942,3943,-1,3943,3942,3944,-1,3943,3944,3945,-1,3946,3945,3947,-1,3947,3945,3944,-1,3946,3947,3948,-1,3948,3947,3949,-1,3948,3949,3950,-1,3950,3949,3951,-1,3950,3951,3952,-1,3952,3951,3953,-1,3952,3953,3954,-1,3954,3953,3955,-1,3954,3955,3956,-1,3956,3955,3957,-1,3956,3957,3958,-1,3958,3957,3959,-1,3958,3959,3960,-1,3960,3959,3961,-1,3960,3961,3962,-1,3962,3961,3963,-1,3962,3963,3964,-1,3964,3963,3965,-1,3964,3965,3966,-1,3966,3965,3967,-1,3966,3967,3968,-1,3968,3967,3969,-1,3968,3969,3970,-1,3970,3969,3971,-1,3970,3971,3972,-1,3972,3971,3973,-1,3972,3973,3974,-1,3974,3973,3975,-1,3974,3975,3976,-1,3976,3975,3977,-1,3976,3977,3978,-1,3978,3977,3979,-1,3978,3979,3980,-1,3980,3979,3981,-1,3980,3981,3982,-1,3982,3981,3983,-1,3982,3983,3984,-1,3984,3983,3985,-1,3984,3985,3986,-1,3986,3985,3987,-1,3986,3987,3988,-1,3988,3987,3989,-1,3988,3989,3990,-1,3990,3989,3991,-1,3990,3991,3992,-1,3992,3991,3993,-1,3992,3993,3994,-1,3994,3993,3995,-1,3888,3994,3889,-1,3889,3994,3995,-1,3978,3909,3976,-1,3976,3909,3911,-1,3976,3911,3974,-1,3974,3911,3913,-1,3974,3913,3972,-1,3972,3913,3915,-1,3972,3915,3970,-1,3970,3915,3917,-1,3970,3917,3968,-1,3968,3917,3919,-1,3968,3919,3966,-1,3966,3919,3921,-1,3966,3921,3964,-1,3921,3923,3964,-1,3964,3923,3925,-1,3964,3925,3962,-1,3962,3925,3927,-1,3962,3927,3960,-1,3960,3927,3929,-1,3960,3929,3958,-1,3958,3929,3931,-1,3958,3931,3956,-1,3956,3931,3933,-1,3956,3933,3954,-1,3994,3888,3992,-1,3992,3888,3891,-1,3992,3891,3990,-1,3990,3891,3893,-1,3990,3893,3988,-1,3933,3935,3954,-1,3954,3935,3937,-1,3954,3937,3952,-1,3952,3937,3939,-1,3952,3939,3950,-1,3950,3939,3941,-1,3950,3941,3948,-1,3948,3941,3943,-1,3948,3943,3946,-1,3946,3943,3945,-1,3893,3895,3988,-1,3988,3895,3897,-1,3988,3897,3986,-1,3986,3897,3899,-1,3986,3899,3984,-1,3984,3899,3901,-1,3984,3901,3982,-1,3982,3901,3903,-1,3982,3903,3980,-1,3980,3903,3905,-1,3980,3905,3978,-1,3978,3905,3907,-1,3978,3907,3909,-1,3963,3924,3965,-1,3965,3924,3922,-1,3965,3922,3967,-1,3967,3922,3920,-1,3967,3920,3969,-1,3969,3920,3918,-1,3969,3918,3971,-1,3971,3918,3916,-1,3971,3916,3973,-1,3973,3916,3914,-1,3973,3914,3975,-1,3975,3914,3912,-1,3975,3912,3977,-1,3889,3995,3890,-1,3890,3995,3993,-1,3890,3993,3892,-1,3892,3993,3991,-1,3892,3991,3894,-1,3894,3991,3989,-1,3894,3989,3896,-1,3896,3989,3987,-1,3953,3936,3955,-1,3955,3936,3934,-1,3955,3934,3957,-1,3957,3934,3932,-1,3957,3932,3959,-1,3959,3932,3930,-1,3959,3930,3961,-1,3961,3930,3928,-1,3961,3928,3963,-1,3963,3928,3926,-1,3963,3926,3924,-1,3947,3944,3949,-1,3949,3944,3942,-1,3949,3942,3951,-1,3951,3942,3940,-1,3951,3940,3953,-1,3953,3940,3938,-1,3953,3938,3936,-1,3912,3910,3977,-1,3977,3910,3908,-1,3977,3908,3979,-1,3979,3908,3906,-1,3979,3906,3981,-1,3981,3906,3904,-1,3981,3904,3983,-1,3983,3904,3902,-1,3983,3902,3985,-1,3985,3902,3900,-1,3985,3900,3987,-1,3987,3900,3898,-1,3987,3898,3896,-1,3996,3997,3998,-1,3996,3998,3999,-1,3999,3998,4000,-1,3999,4000,4001,-1,4001,4000,4002,-1,4001,4002,4003,-1,4003,4002,4004,-1,4003,4004,4005,-1,4005,4004,4006,-1,4005,4006,4007,-1,4007,4006,4008,-1,4007,4008,4009,-1,4009,4008,4010,-1,4009,4010,4011,-1,4011,4010,4012,-1,4011,4012,4013,-1,4013,4012,4014,-1,4013,4014,4015,-1,4015,4014,4016,-1,4015,4016,4017,-1,4017,4016,4018,-1,4017,4018,4019,-1,4019,4018,4020,-1,4019,4020,4021,-1,4021,4020,4022,-1,4021,4022,4023,-1,4023,4022,4024,-1,4023,4024,4025,-1,4025,4024,4026,-1,4025,4026,4027,-1,4027,4026,4028,-1,4027,4028,4029,-1,4029,4028,4030,-1,4029,4030,4031,-1,4031,4030,4032,-1,4031,4032,4033,-1,4033,4032,4034,-1,4033,4034,4035,-1,4035,4034,4036,-1,4035,4036,4037,-1,4037,4036,4038,-1,4037,4038,4039,-1,4039,4038,4040,-1,4039,4040,4041,-1,4041,4040,4042,-1,4041,4042,4043,-1,4043,4042,4044,-1,4043,4044,4045,-1,4045,4044,4046,-1,4045,4046,4047,-1,4047,4046,4048,-1,4047,4048,4049,-1,4049,4048,4050,-1,4049,4050,4051,-1,4051,4050,4052,-1,4051,4052,4053,-1,4054,4053,4055,-1,4055,4053,4052,-1,4054,4055,4056,-1,4056,4055,4057,-1,4056,4057,4058,-1,4058,4057,4059,-1,4058,4059,4060,-1,4060,4059,4061,-1,4060,4061,4062,-1,4062,4061,4063,-1,4062,4063,4064,-1,4064,4063,4065,-1,4064,4065,4066,-1,4066,4065,4067,-1,4066,4067,4068,-1,4068,4067,4069,-1,4068,4069,4070,-1,4070,4069,4071,-1,4070,4071,4072,-1,4072,4071,4073,-1,4072,4073,4074,-1,4074,4073,4075,-1,4074,4075,4076,-1,4076,4075,4077,-1,4076,4077,4078,-1,4078,4077,4079,-1,4078,4079,4080,-1,4080,4079,4081,-1,4080,4081,4082,-1,4082,4081,4083,-1,4082,4083,4084,-1,4084,4083,4085,-1,4084,4085,4086,-1,4086,4085,4087,-1,4086,4087,4088,-1,4088,4087,4089,-1,4088,4089,4090,-1,4090,4089,4091,-1,4090,4091,4092,-1,4092,4091,4093,-1,4092,4093,4094,-1,4094,4093,4095,-1,4094,4095,4096,-1,4096,4095,4097,-1,4096,4097,4098,-1,4098,4097,4099,-1,4098,4099,4100,-1,4100,4099,4101,-1,4100,4101,4102,-1,4102,4101,4103,-1,3996,4102,3997,-1,3997,4102,4103,-1,4086,4017,4084,-1,4084,4017,4019,-1,4084,4019,4082,-1,4082,4019,4021,-1,4082,4021,4080,-1,4080,4021,4023,-1,4080,4023,4078,-1,4078,4023,4025,-1,4078,4025,4076,-1,4076,4025,4027,-1,4076,4027,4074,-1,4074,4027,4029,-1,4074,4029,4072,-1,4029,4031,4072,-1,4072,4031,4033,-1,4072,4033,4070,-1,4070,4033,4035,-1,4070,4035,4068,-1,4068,4035,4037,-1,4068,4037,4066,-1,4066,4037,4039,-1,4066,4039,4064,-1,4064,4039,4041,-1,4064,4041,4062,-1,4102,3996,4100,-1,4100,3996,3999,-1,4100,3999,4098,-1,4098,3999,4001,-1,4098,4001,4096,-1,4041,4043,4062,-1,4062,4043,4045,-1,4062,4045,4060,-1,4060,4045,4047,-1,4060,4047,4058,-1,4058,4047,4049,-1,4058,4049,4056,-1,4056,4049,4051,-1,4056,4051,4054,-1,4054,4051,4053,-1,4001,4003,4096,-1,4096,4003,4005,-1,4096,4005,4094,-1,4094,4005,4007,-1,4094,4007,4092,-1,4092,4007,4009,-1,4092,4009,4090,-1,4090,4009,4011,-1,4090,4011,4088,-1,4088,4011,4013,-1,4088,4013,4086,-1,4086,4013,4015,-1,4086,4015,4017,-1,4071,4032,4073,-1,4073,4032,4030,-1,4073,4030,4075,-1,4075,4030,4028,-1,4075,4028,4077,-1,4077,4028,4026,-1,4077,4026,4079,-1,4079,4026,4024,-1,4079,4024,4081,-1,4081,4024,4022,-1,4081,4022,4083,-1,4083,4022,4020,-1,4083,4020,4085,-1,3997,4103,3998,-1,3998,4103,4101,-1,3998,4101,4000,-1,4000,4101,4099,-1,4000,4099,4002,-1,4002,4099,4097,-1,4002,4097,4004,-1,4004,4097,4095,-1,4061,4044,4063,-1,4063,4044,4042,-1,4063,4042,4065,-1,4065,4042,4040,-1,4065,4040,4067,-1,4067,4040,4038,-1,4067,4038,4069,-1,4069,4038,4036,-1,4069,4036,4071,-1,4071,4036,4034,-1,4071,4034,4032,-1,4055,4052,4057,-1,4057,4052,4050,-1,4057,4050,4059,-1,4059,4050,4048,-1,4059,4048,4061,-1,4061,4048,4046,-1,4061,4046,4044,-1,4020,4018,4085,-1,4085,4018,4016,-1,4085,4016,4087,-1,4087,4016,4014,-1,4087,4014,4089,-1,4089,4014,4012,-1,4089,4012,4091,-1,4091,4012,4010,-1,4091,4010,4093,-1,4093,4010,4008,-1,4093,4008,4095,-1,4095,4008,4006,-1,4095,4006,4004,-1,4104,4105,4106,-1,4104,4106,4107,-1,4107,4106,4108,-1,4107,4108,4109,-1,4109,4108,4110,-1,4109,4110,4111,-1,4111,4110,4112,-1,4111,4112,4113,-1,4113,4112,4114,-1,4113,4114,4115,-1,4115,4114,4116,-1,4115,4116,4117,-1,4117,4116,4118,-1,4117,4118,4119,-1,4119,4118,4120,-1,4119,4120,4121,-1,4121,4120,4122,-1,4121,4122,4123,-1,4123,4122,4124,-1,4123,4124,4125,-1,4125,4124,4126,-1,4125,4126,4127,-1,4127,4126,4128,-1,4127,4128,4129,-1,4129,4128,4130,-1,4129,4130,4131,-1,4131,4130,4132,-1,4131,4132,4133,-1,4133,4132,4134,-1,4133,4134,4135,-1,4135,4134,4136,-1,4135,4136,4137,-1,4137,4136,4138,-1,4137,4138,4139,-1,4139,4138,4140,-1,4139,4140,4141,-1,4141,4140,4142,-1,4141,4142,4143,-1,4143,4142,4144,-1,4143,4144,4145,-1,4145,4144,4146,-1,4145,4146,4147,-1,4147,4146,4148,-1,4147,4148,4149,-1,4149,4148,4150,-1,4149,4150,4151,-1,4151,4150,4152,-1,4151,4152,4153,-1,4153,4152,4154,-1,4153,4154,4155,-1,4155,4154,4156,-1,4155,4156,4157,-1,4157,4156,4158,-1,4157,4158,4159,-1,4159,4158,4160,-1,4159,4160,4161,-1,4162,4161,4163,-1,4163,4161,4160,-1,4162,4163,4164,-1,4164,4163,4165,-1,4164,4165,4166,-1,4166,4165,4167,-1,4166,4167,4168,-1,4168,4167,4169,-1,4168,4169,4170,-1,4170,4169,4171,-1,4170,4171,4172,-1,4172,4171,4173,-1,4172,4173,4174,-1,4174,4173,4175,-1,4174,4175,4176,-1,4176,4175,4177,-1,4176,4177,4178,-1,4178,4177,4179,-1,4178,4179,4180,-1,4180,4179,4181,-1,4180,4181,4182,-1,4182,4181,4183,-1,4182,4183,4184,-1,4184,4183,4185,-1,4184,4185,4186,-1,4186,4185,4187,-1,4186,4187,4188,-1,4188,4187,4189,-1,4188,4189,4190,-1,4190,4189,4191,-1,4190,4191,4192,-1,4192,4191,4193,-1,4192,4193,4194,-1,4194,4193,4195,-1,4194,4195,4196,-1,4196,4195,4197,-1,4196,4197,4198,-1,4198,4197,4199,-1,4198,4199,4200,-1,4200,4199,4201,-1,4200,4201,4202,-1,4202,4201,4203,-1,4202,4203,4204,-1,4204,4203,4205,-1,4204,4205,4206,-1,4206,4205,4207,-1,4206,4207,4208,-1,4208,4207,4209,-1,4208,4209,4210,-1,4210,4209,4211,-1,4104,4210,4105,-1,4105,4210,4211,-1,4161,4162,4159,-1,4159,4162,4164,-1,4159,4164,4157,-1,4157,4164,4166,-1,4157,4166,4155,-1,4155,4166,4168,-1,4155,4168,4153,-1,4153,4168,4170,-1,4180,4141,4178,-1,4178,4141,4143,-1,4178,4143,4176,-1,4176,4143,4145,-1,4176,4145,4174,-1,4174,4145,4147,-1,4174,4147,4172,-1,4172,4147,4149,-1,4172,4149,4170,-1,4170,4149,4151,-1,4170,4151,4153,-1,4194,4125,4192,-1,4192,4125,4127,-1,4192,4127,4190,-1,4190,4127,4129,-1,4190,4129,4188,-1,4188,4129,4131,-1,4188,4131,4186,-1,4186,4131,4133,-1,4186,4133,4184,-1,4184,4133,4135,-1,4184,4135,4182,-1,4182,4135,4137,-1,4182,4137,4180,-1,4180,4137,4139,-1,4180,4139,4141,-1,4204,4113,4202,-1,4202,4113,4115,-1,4202,4115,4200,-1,4200,4115,4117,-1,4200,4117,4198,-1,4198,4117,4119,-1,4198,4119,4196,-1,4196,4119,4121,-1,4196,4121,4194,-1,4194,4121,4123,-1,4194,4123,4125,-1,4210,4104,4208,-1,4208,4104,4107,-1,4208,4107,4206,-1,4206,4107,4109,-1,4206,4109,4204,-1,4204,4109,4111,-1,4204,4111,4113,-1,4203,4112,4205,-1,4205,4112,4110,-1,4205,4110,4207,-1,4207,4110,4108,-1,4207,4108,4209,-1,4209,4108,4106,-1,4209,4106,4211,-1,4211,4106,4105,-1,4193,4124,4195,-1,4195,4124,4122,-1,4195,4122,4197,-1,4197,4122,4120,-1,4197,4120,4199,-1,4199,4120,4118,-1,4199,4118,4201,-1,4201,4118,4116,-1,4201,4116,4203,-1,4203,4116,4114,-1,4203,4114,4112,-1,4179,4140,4181,-1,4181,4140,4138,-1,4181,4138,4183,-1,4183,4138,4136,-1,4183,4136,4185,-1,4185,4136,4134,-1,4185,4134,4187,-1,4187,4134,4132,-1,4187,4132,4189,-1,4189,4132,4130,-1,4189,4130,4191,-1,4191,4130,4128,-1,4191,4128,4193,-1,4193,4128,4126,-1,4193,4126,4124,-1,4169,4152,4171,-1,4171,4152,4150,-1,4171,4150,4173,-1,4173,4150,4148,-1,4173,4148,4175,-1,4175,4148,4146,-1,4175,4146,4177,-1,4177,4146,4144,-1,4177,4144,4179,-1,4179,4144,4142,-1,4179,4142,4140,-1,4163,4160,4165,-1,4165,4160,4158,-1,4165,4158,4167,-1,4167,4158,4156,-1,4167,4156,4169,-1,4169,4156,4154,-1,4169,4154,4152,-1,4212,4213,4214,-1,4214,4213,4215,-1,4214,4215,4216,-1,4216,4215,4217,-1,4216,4217,4218,-1,4218,4217,4219,-1,4218,4219,4220,-1,4220,4219,4221,-1,4220,4221,4222,-1,4222,4221,4223,-1,4222,4223,4224,-1,4224,4223,4225,-1,4224,4225,4226,-1,4226,4225,4227,-1,4226,4227,4228,-1,4228,4227,4229,-1,4228,4229,4230,-1,4230,4229,4231,-1,4230,4231,4232,-1,4232,4231,4233,-1,4232,4233,4234,-1,4234,4233,4235,-1,4234,4235,4236,-1,4236,4235,4237,-1,4236,4237,4238,-1,4238,4237,4239,-1,4238,4239,4240,-1,4240,4239,4241,-1,4240,4241,4242,-1,4242,4241,4243,-1,4242,4243,4244,-1,4244,4243,4245,-1,4244,4245,4246,-1,4246,4245,4247,-1,4246,4247,4248,-1,4248,4247,4249,-1,4248,4249,4250,-1,4250,4249,4251,-1,4250,4251,4252,-1,4252,4251,4253,-1,4252,4253,4254,-1,4254,4253,4255,-1,4254,4255,4256,-1,4256,4255,4257,-1,4256,4257,4258,-1,4258,4257,4259,-1,4258,4259,4260,-1,4260,4259,4261,-1,4262,4260,4263,-1,4263,4260,4261,-1,4262,4263,4264,-1,4262,4264,4265,-1,4265,4264,4266,-1,4265,4266,4267,-1,4267,4266,4268,-1,4267,4268,4269,-1,4269,4268,4270,-1,4269,4270,4271,-1,4271,4270,4272,-1,4271,4272,4273,-1,4273,4272,4274,-1,4273,4274,4275,-1,4275,4274,4276,-1,4275,4276,4277,-1,4277,4276,4278,-1,4277,4278,4279,-1,4279,4278,4280,-1,4279,4280,4281,-1,4281,4280,4282,-1,4281,4282,4283,-1,4283,4282,4284,-1,4283,4284,4285,-1,4285,4284,4286,-1,4285,4286,4287,-1,4287,4286,4288,-1,4287,4288,4289,-1,4289,4288,4290,-1,4289,4290,4291,-1,4291,4290,4292,-1,4291,4292,4293,-1,4293,4292,4294,-1,4293,4294,4295,-1,4295,4294,4296,-1,4295,4296,4297,-1,4297,4296,4298,-1,4297,4298,4299,-1,4299,4298,4300,-1,4299,4300,4301,-1,4301,4300,4302,-1,4301,4302,4303,-1,4303,4302,4304,-1,4303,4304,4305,-1,4305,4304,4306,-1,4305,4306,4307,-1,4307,4306,4308,-1,4307,4308,4309,-1,4309,4308,4310,-1,4309,4310,4311,-1,4311,4310,4312,-1,4311,4312,4313,-1,4313,4312,4314,-1,4313,4314,4315,-1,4315,4314,4316,-1,4315,4316,4317,-1,4317,4316,4318,-1,4317,4318,4319,-1,4212,4319,4213,-1,4213,4319,4318,-1,4319,4212,4317,-1,4317,4212,4214,-1,4317,4214,4315,-1,4315,4214,4216,-1,4315,4216,4313,-1,4313,4216,4218,-1,4313,4218,4311,-1,4311,4218,4220,-1,4230,4299,4228,-1,4228,4299,4301,-1,4228,4301,4226,-1,4226,4301,4303,-1,4226,4303,4224,-1,4224,4303,4305,-1,4224,4305,4222,-1,4222,4305,4307,-1,4222,4307,4220,-1,4220,4307,4309,-1,4220,4309,4311,-1,4244,4283,4242,-1,4242,4283,4285,-1,4242,4285,4240,-1,4240,4285,4287,-1,4240,4287,4238,-1,4238,4287,4289,-1,4238,4289,4236,-1,4236,4289,4291,-1,4236,4291,4234,-1,4234,4291,4293,-1,4234,4293,4232,-1,4232,4293,4295,-1,4232,4295,4230,-1,4230,4295,4297,-1,4230,4297,4299,-1,4254,4271,4252,-1,4252,4271,4273,-1,4252,4273,4250,-1,4250,4273,4275,-1,4250,4275,4248,-1,4248,4275,4277,-1,4248,4277,4246,-1,4246,4277,4279,-1,4246,4279,4244,-1,4244,4279,4281,-1,4244,4281,4283,-1,4260,4262,4258,-1,4258,4262,4265,-1,4258,4265,4256,-1,4256,4265,4267,-1,4256,4267,4254,-1,4254,4267,4269,-1,4254,4269,4271,-1,4263,4261,4264,-1,4264,4261,4259,-1,4264,4259,4266,-1,4266,4259,4257,-1,4266,4257,4268,-1,4268,4257,4255,-1,4268,4255,4270,-1,4270,4255,4253,-1,4243,4282,4245,-1,4245,4282,4280,-1,4245,4280,4247,-1,4247,4280,4278,-1,4247,4278,4249,-1,4249,4278,4276,-1,4249,4276,4251,-1,4251,4276,4274,-1,4251,4274,4253,-1,4253,4274,4272,-1,4253,4272,4270,-1,4229,4298,4231,-1,4231,4298,4296,-1,4231,4296,4233,-1,4233,4296,4294,-1,4233,4294,4235,-1,4235,4294,4292,-1,4235,4292,4237,-1,4237,4292,4290,-1,4237,4290,4239,-1,4239,4290,4288,-1,4239,4288,4241,-1,4241,4288,4286,-1,4241,4286,4243,-1,4243,4286,4284,-1,4243,4284,4282,-1,4219,4310,4221,-1,4221,4310,4308,-1,4221,4308,4223,-1,4223,4308,4306,-1,4223,4306,4225,-1,4225,4306,4304,-1,4225,4304,4227,-1,4227,4304,4302,-1,4227,4302,4229,-1,4229,4302,4300,-1,4229,4300,4298,-1,4213,4318,4215,-1,4215,4318,4316,-1,4215,4316,4217,-1,4217,4316,4314,-1,4217,4314,4219,-1,4219,4314,4312,-1,4219,4312,4310,-1,4320,4321,4322,-1,4322,4321,4323,-1,4322,4323,4324,-1,4324,4323,4325,-1,4324,4325,4326,-1,4326,4325,4327,-1,4326,4327,4328,-1,4328,4327,4329,-1,4328,4329,4330,-1,4330,4329,4331,-1,4330,4331,4332,-1,4332,4331,4333,-1,4332,4333,4334,-1,4334,4333,4335,-1,4334,4335,4336,-1,4336,4335,4337,-1,4336,4337,4338,-1,4338,4337,4339,-1,4338,4339,4340,-1,4340,4339,4341,-1,4340,4341,4342,-1,4342,4341,4343,-1,4342,4343,4344,-1,4344,4343,4345,-1,4344,4345,4346,-1,4346,4345,4347,-1,4346,4347,4348,-1,4348,4347,4349,-1,4348,4349,4350,-1,4350,4349,4351,-1,4350,4351,4352,-1,4352,4351,4353,-1,4352,4353,4354,-1,4354,4353,4355,-1,4354,4355,4356,-1,4356,4355,4357,-1,4356,4357,4358,-1,4358,4357,4359,-1,4358,4359,4360,-1,4360,4359,4361,-1,4360,4361,4362,-1,4362,4361,4363,-1,4362,4363,4364,-1,4364,4363,4365,-1,4364,4365,4366,-1,4366,4365,4367,-1,4366,4367,4368,-1,4368,4367,4369,-1,4370,4368,4371,-1,4371,4368,4369,-1,4370,4371,4372,-1,4370,4372,4373,-1,4373,4372,4374,-1,4373,4374,4375,-1,4375,4374,4376,-1,4375,4376,4377,-1,4377,4376,4378,-1,4377,4378,4379,-1,4379,4378,4380,-1,4379,4380,4381,-1,4381,4380,4382,-1,4381,4382,4383,-1,4383,4382,4384,-1,4383,4384,4385,-1,4385,4384,4386,-1,4385,4386,4387,-1,4387,4386,4388,-1,4387,4388,4389,-1,4389,4388,4390,-1,4389,4390,4391,-1,4391,4390,4392,-1,4391,4392,4393,-1,4393,4392,4394,-1,4393,4394,4395,-1,4395,4394,4396,-1,4395,4396,4397,-1,4397,4396,4398,-1,4397,4398,4399,-1,4399,4398,4400,-1,4399,4400,4401,-1,4401,4400,4402,-1,4401,4402,4403,-1,4403,4402,4404,-1,4403,4404,4405,-1,4405,4404,4406,-1,4405,4406,4407,-1,4407,4406,4408,-1,4407,4408,4409,-1,4409,4408,4410,-1,4409,4410,4411,-1,4411,4410,4412,-1,4411,4412,4413,-1,4413,4412,4414,-1,4413,4414,4415,-1,4415,4414,4416,-1,4415,4416,4417,-1,4417,4416,4418,-1,4417,4418,4419,-1,4419,4418,4420,-1,4419,4420,4421,-1,4421,4420,4422,-1,4421,4422,4423,-1,4423,4422,4424,-1,4423,4424,4425,-1,4425,4424,4426,-1,4425,4426,4427,-1,4320,4427,4321,-1,4321,4427,4426,-1,4338,4407,4336,-1,4336,4407,4409,-1,4336,4409,4334,-1,4334,4409,4411,-1,4334,4411,4332,-1,4332,4411,4413,-1,4332,4413,4330,-1,4330,4413,4415,-1,4330,4415,4328,-1,4352,4391,4350,-1,4350,4391,4393,-1,4350,4393,4348,-1,4348,4393,4395,-1,4348,4395,4346,-1,4346,4395,4397,-1,4346,4397,4344,-1,4344,4397,4399,-1,4344,4399,4342,-1,4342,4399,4401,-1,4342,4401,4340,-1,4340,4401,4403,-1,4340,4403,4338,-1,4338,4403,4405,-1,4338,4405,4407,-1,4415,4417,4328,-1,4328,4417,4419,-1,4328,4419,4326,-1,4326,4419,4421,-1,4326,4421,4324,-1,4324,4421,4423,-1,4324,4423,4322,-1,4322,4423,4425,-1,4322,4425,4320,-1,4320,4425,4427,-1,4362,4379,4360,-1,4360,4379,4381,-1,4360,4381,4358,-1,4358,4381,4383,-1,4358,4383,4356,-1,4356,4383,4385,-1,4356,4385,4354,-1,4354,4385,4387,-1,4354,4387,4352,-1,4352,4387,4389,-1,4352,4389,4391,-1,4368,4370,4366,-1,4366,4370,4373,-1,4366,4373,4364,-1,4364,4373,4375,-1,4364,4375,4362,-1,4362,4375,4377,-1,4362,4377,4379,-1,4337,4406,4339,-1,4339,4406,4404,-1,4339,4404,4341,-1,4341,4404,4402,-1,4341,4402,4343,-1,4343,4402,4400,-1,4343,4400,4345,-1,4345,4400,4398,-1,4345,4398,4347,-1,4347,4398,4396,-1,4347,4396,4349,-1,4349,4396,4394,-1,4349,4394,4351,-1,4327,4418,4329,-1,4329,4418,4416,-1,4329,4416,4331,-1,4331,4416,4414,-1,4331,4414,4333,-1,4333,4414,4412,-1,4333,4412,4335,-1,4335,4412,4410,-1,4335,4410,4337,-1,4337,4410,4408,-1,4337,4408,4406,-1,4321,4426,4323,-1,4323,4426,4424,-1,4323,4424,4325,-1,4325,4424,4422,-1,4325,4422,4327,-1,4327,4422,4420,-1,4327,4420,4418,-1,4361,4378,4363,-1,4363,4378,4376,-1,4363,4376,4365,-1,4365,4376,4374,-1,4365,4374,4367,-1,4367,4374,4372,-1,4367,4372,4369,-1,4369,4372,4371,-1,4394,4392,4351,-1,4351,4392,4390,-1,4351,4390,4353,-1,4353,4390,4388,-1,4353,4388,4355,-1,4355,4388,4386,-1,4355,4386,4357,-1,4357,4386,4384,-1,4357,4384,4359,-1,4359,4384,4382,-1,4359,4382,4361,-1,4361,4382,4380,-1,4361,4380,4378,-1,4428,4429,4430,-1,4430,4429,4431,-1,4430,4431,4432,-1,4432,4431,4433,-1,4432,4433,4434,-1,4434,4433,4435,-1,4434,4435,4436,-1,4436,4435,4437,-1,4436,4437,4438,-1,4438,4437,4439,-1,4438,4439,4440,-1,4440,4439,4441,-1,4440,4441,4442,-1,4442,4441,4443,-1,4442,4443,4444,-1,4444,4443,4445,-1,4444,4445,4446,-1,4446,4445,4447,-1,4446,4447,4448,-1,4448,4447,4449,-1,4448,4449,4450,-1,4450,4449,4451,-1,4450,4451,4452,-1,4452,4451,4453,-1,4452,4453,4454,-1,4454,4453,4455,-1,4454,4455,4456,-1,4456,4455,4457,-1,4456,4457,4458,-1,4458,4457,4459,-1,4458,4459,4460,-1,4460,4459,4461,-1,4460,4461,4462,-1,4462,4461,4463,-1,4462,4463,4464,-1,4464,4463,4465,-1,4464,4465,4466,-1,4466,4465,4467,-1,4466,4467,4468,-1,4468,4467,4469,-1,4468,4469,4470,-1,4470,4469,4471,-1,4470,4471,4472,-1,4472,4471,4473,-1,4472,4473,4474,-1,4474,4473,4475,-1,4474,4475,4476,-1,4476,4475,4477,-1,4478,4476,4479,-1,4479,4476,4477,-1,4478,4479,4480,-1,4478,4480,4481,-1,4481,4480,4482,-1,4481,4482,4483,-1,4483,4482,4484,-1,4483,4484,4485,-1,4485,4484,4486,-1,4485,4486,4487,-1,4487,4486,4488,-1,4487,4488,4489,-1,4489,4488,4490,-1,4489,4490,4491,-1,4491,4490,4492,-1,4491,4492,4493,-1,4493,4492,4494,-1,4493,4494,4495,-1,4495,4494,4496,-1,4495,4496,4497,-1,4497,4496,4498,-1,4497,4498,4499,-1,4499,4498,4500,-1,4499,4500,4501,-1,4501,4500,4502,-1,4501,4502,4503,-1,4503,4502,4504,-1,4503,4504,4505,-1,4505,4504,4506,-1,4505,4506,4507,-1,4507,4506,4508,-1,4507,4508,4509,-1,4509,4508,4510,-1,4509,4510,4511,-1,4511,4510,4512,-1,4511,4512,4513,-1,4513,4512,4514,-1,4513,4514,4515,-1,4515,4514,4516,-1,4515,4516,4517,-1,4517,4516,4518,-1,4517,4518,4519,-1,4519,4518,4520,-1,4519,4520,4521,-1,4521,4520,4522,-1,4521,4522,4523,-1,4523,4522,4524,-1,4523,4524,4525,-1,4525,4524,4526,-1,4525,4526,4527,-1,4527,4526,4528,-1,4527,4528,4529,-1,4529,4528,4530,-1,4529,4530,4531,-1,4531,4530,4532,-1,4531,4532,4533,-1,4533,4532,4534,-1,4533,4534,4535,-1,4428,4535,4429,-1,4429,4535,4534,-1,4446,4515,4444,-1,4444,4515,4517,-1,4444,4517,4442,-1,4442,4517,4519,-1,4442,4519,4440,-1,4440,4519,4521,-1,4440,4521,4438,-1,4438,4521,4523,-1,4438,4523,4436,-1,4460,4499,4458,-1,4458,4499,4501,-1,4458,4501,4456,-1,4456,4501,4503,-1,4456,4503,4454,-1,4454,4503,4505,-1,4454,4505,4452,-1,4452,4505,4507,-1,4452,4507,4450,-1,4450,4507,4509,-1,4450,4509,4448,-1,4448,4509,4511,-1,4448,4511,4446,-1,4446,4511,4513,-1,4446,4513,4515,-1,4523,4525,4436,-1,4436,4525,4527,-1,4436,4527,4434,-1,4434,4527,4529,-1,4434,4529,4432,-1,4432,4529,4531,-1,4432,4531,4430,-1,4430,4531,4533,-1,4430,4533,4428,-1,4428,4533,4535,-1,4470,4487,4468,-1,4468,4487,4489,-1,4468,4489,4466,-1,4466,4489,4491,-1,4466,4491,4464,-1,4464,4491,4493,-1,4464,4493,4462,-1,4462,4493,4495,-1,4462,4495,4460,-1,4460,4495,4497,-1,4460,4497,4499,-1,4476,4478,4474,-1,4474,4478,4481,-1,4474,4481,4472,-1,4472,4481,4483,-1,4472,4483,4470,-1,4470,4483,4485,-1,4470,4485,4487,-1,4445,4514,4447,-1,4447,4514,4512,-1,4447,4512,4449,-1,4449,4512,4510,-1,4449,4510,4451,-1,4451,4510,4508,-1,4451,4508,4453,-1,4453,4508,4506,-1,4453,4506,4455,-1,4455,4506,4504,-1,4455,4504,4457,-1,4457,4504,4502,-1,4457,4502,4459,-1,4435,4526,4437,-1,4437,4526,4524,-1,4437,4524,4439,-1,4439,4524,4522,-1,4439,4522,4441,-1,4441,4522,4520,-1,4441,4520,4443,-1,4443,4520,4518,-1,4443,4518,4445,-1,4445,4518,4516,-1,4445,4516,4514,-1,4429,4534,4431,-1,4431,4534,4532,-1,4431,4532,4433,-1,4433,4532,4530,-1,4433,4530,4435,-1,4435,4530,4528,-1,4435,4528,4526,-1,4469,4486,4471,-1,4471,4486,4484,-1,4471,4484,4473,-1,4473,4484,4482,-1,4473,4482,4475,-1,4475,4482,4480,-1,4475,4480,4477,-1,4477,4480,4479,-1,4502,4500,4459,-1,4459,4500,4498,-1,4459,4498,4461,-1,4461,4498,4496,-1,4461,4496,4463,-1,4463,4496,4494,-1,4463,4494,4465,-1,4465,4494,4492,-1,4465,4492,4467,-1,4467,4492,4490,-1,4467,4490,4469,-1,4469,4490,4488,-1,4469,4488,4486,-1,4536,4537,4538,-1,4538,4537,4539,-1,4538,4539,4540,-1,4540,4539,4541,-1,4540,4541,4542,-1,4542,4541,4543,-1,4542,4543,4544,-1,4544,4543,4545,-1,4544,4545,4546,-1,4546,4545,4547,-1,4546,4547,4548,-1,4548,4547,4549,-1,4548,4549,4550,-1,4550,4549,4551,-1,4550,4551,4552,-1,4552,4551,4553,-1,4552,4553,4554,-1,4554,4553,4555,-1,4554,4555,4556,-1,4556,4555,4557,-1,4556,4557,4558,-1,4558,4557,4559,-1,4558,4559,4560,-1,4560,4559,4561,-1,4560,4561,4562,-1,4562,4561,4563,-1,4562,4563,4564,-1,4564,4563,4565,-1,4564,4565,4566,-1,4566,4565,4567,-1,4566,4567,4568,-1,4568,4567,4569,-1,4568,4569,4570,-1,4570,4569,4571,-1,4570,4571,4572,-1,4572,4571,4573,-1,4572,4573,4574,-1,4574,4573,4575,-1,4574,4575,4576,-1,4576,4575,4577,-1,4576,4577,4578,-1,4578,4577,4579,-1,4578,4579,4580,-1,4580,4579,4581,-1,4580,4581,4582,-1,4582,4581,4583,-1,4582,4583,4584,-1,4584,4583,4585,-1,4586,4584,4587,-1,4587,4584,4585,-1,4586,4587,4588,-1,4586,4588,4589,-1,4589,4588,4590,-1,4589,4590,4591,-1,4591,4590,4592,-1,4591,4592,4593,-1,4593,4592,4594,-1,4593,4594,4595,-1,4595,4594,4596,-1,4595,4596,4597,-1,4597,4596,4598,-1,4597,4598,4599,-1,4599,4598,4600,-1,4599,4600,4601,-1,4601,4600,4602,-1,4601,4602,4603,-1,4603,4602,4604,-1,4603,4604,4605,-1,4605,4604,4606,-1,4605,4606,4607,-1,4607,4606,4608,-1,4607,4608,4609,-1,4609,4608,4610,-1,4609,4610,4611,-1,4611,4610,4612,-1,4611,4612,4613,-1,4613,4612,4614,-1,4613,4614,4615,-1,4615,4614,4616,-1,4615,4616,4617,-1,4617,4616,4618,-1,4617,4618,4619,-1,4619,4618,4620,-1,4619,4620,4621,-1,4621,4620,4622,-1,4621,4622,4623,-1,4623,4622,4624,-1,4623,4624,4625,-1,4625,4624,4626,-1,4625,4626,4627,-1,4627,4626,4628,-1,4627,4628,4629,-1,4629,4628,4630,-1,4629,4630,4631,-1,4631,4630,4632,-1,4631,4632,4633,-1,4633,4632,4634,-1,4633,4634,4635,-1,4635,4634,4636,-1,4635,4636,4637,-1,4637,4636,4638,-1,4637,4638,4639,-1,4639,4638,4640,-1,4639,4640,4641,-1,4641,4640,4642,-1,4641,4642,4643,-1,4536,4643,4537,-1,4537,4643,4642,-1,4568,4607,4566,-1,4566,4607,4609,-1,4566,4609,4564,-1,4564,4609,4611,-1,4564,4611,4562,-1,4562,4611,4613,-1,4562,4613,4560,-1,4560,4613,4615,-1,4560,4615,4558,-1,4558,4615,4617,-1,4558,4617,4556,-1,4556,4617,4619,-1,4556,4619,4554,-1,4544,4635,4542,-1,4542,4635,4637,-1,4542,4637,4540,-1,4540,4637,4639,-1,4540,4639,4538,-1,4538,4639,4641,-1,4538,4641,4536,-1,4536,4641,4643,-1,4619,4621,4554,-1,4554,4621,4623,-1,4554,4623,4552,-1,4552,4623,4625,-1,4552,4625,4550,-1,4550,4625,4627,-1,4550,4627,4548,-1,4548,4627,4629,-1,4548,4629,4546,-1,4546,4629,4631,-1,4546,4631,4544,-1,4544,4631,4633,-1,4544,4633,4635,-1,4578,4595,4576,-1,4576,4595,4597,-1,4576,4597,4574,-1,4574,4597,4599,-1,4574,4599,4572,-1,4572,4599,4601,-1,4572,4601,4570,-1,4570,4601,4603,-1,4570,4603,4568,-1,4568,4603,4605,-1,4568,4605,4607,-1,4584,4586,4582,-1,4582,4586,4589,-1,4582,4589,4580,-1,4580,4589,4591,-1,4580,4591,4578,-1,4578,4591,4593,-1,4578,4593,4595,-1,4553,4622,4555,-1,4555,4622,4620,-1,4555,4620,4557,-1,4557,4620,4618,-1,4557,4618,4559,-1,4559,4618,4616,-1,4559,4616,4561,-1,4561,4616,4614,-1,4561,4614,4563,-1,4563,4614,4612,-1,4563,4612,4565,-1,4565,4612,4610,-1,4565,4610,4567,-1,4577,4594,4579,-1,4579,4594,4592,-1,4579,4592,4581,-1,4581,4592,4590,-1,4581,4590,4583,-1,4583,4590,4588,-1,4583,4588,4585,-1,4585,4588,4587,-1,4610,4608,4567,-1,4567,4608,4606,-1,4567,4606,4569,-1,4569,4606,4604,-1,4569,4604,4571,-1,4571,4604,4602,-1,4571,4602,4573,-1,4573,4602,4600,-1,4573,4600,4575,-1,4575,4600,4598,-1,4575,4598,4577,-1,4577,4598,4596,-1,4577,4596,4594,-1,4543,4634,4545,-1,4545,4634,4632,-1,4545,4632,4547,-1,4547,4632,4630,-1,4547,4630,4549,-1,4549,4630,4628,-1,4549,4628,4551,-1,4551,4628,4626,-1,4551,4626,4553,-1,4553,4626,4624,-1,4553,4624,4622,-1,4537,4642,4539,-1,4539,4642,4640,-1,4539,4640,4541,-1,4541,4640,4638,-1,4541,4638,4543,-1,4543,4638,4636,-1,4543,4636,4634,-1,4644,4645,4646,-1,4646,4645,4647,-1,4646,4647,4648,-1,4648,4647,4649,-1,4648,4649,4650,-1,4650,4649,4651,-1,4650,4651,4652,-1,4652,4651,4653,-1,4652,4653,4654,-1,4654,4653,4655,-1,4654,4655,4656,-1,4656,4655,4657,-1,4656,4657,4658,-1,4658,4657,4659,-1,4658,4659,4660,-1,4660,4659,4661,-1,4660,4661,4662,-1,4662,4661,4663,-1,4662,4663,4664,-1,4664,4663,4665,-1,4664,4665,4666,-1,4666,4665,4667,-1,4666,4667,4668,-1,4668,4667,4669,-1,4668,4669,4670,-1,4670,4669,4671,-1,4670,4671,4672,-1,4672,4671,4673,-1,4672,4673,4674,-1,4674,4673,4675,-1,4674,4675,4676,-1,4676,4675,4677,-1,4676,4677,4678,-1,4678,4677,4679,-1,4678,4679,4680,-1,4680,4679,4681,-1,4680,4681,4682,-1,4682,4681,4683,-1,4682,4683,4684,-1,4684,4683,4685,-1,4684,4685,4686,-1,4686,4685,4687,-1,4686,4687,4688,-1,4688,4687,4689,-1,4688,4689,4690,-1,4690,4689,4691,-1,4690,4691,4692,-1,4692,4691,4693,-1,4694,4692,4695,-1,4695,4692,4693,-1,4694,4695,4696,-1,4694,4696,4697,-1,4697,4696,4698,-1,4697,4698,4699,-1,4699,4698,4700,-1,4699,4700,4701,-1,4701,4700,4702,-1,4701,4702,4703,-1,4703,4702,4704,-1,4703,4704,4705,-1,4705,4704,4706,-1,4705,4706,4707,-1,4707,4706,4708,-1,4707,4708,4709,-1,4709,4708,4710,-1,4709,4710,4711,-1,4711,4710,4712,-1,4711,4712,4713,-1,4713,4712,4714,-1,4713,4714,4715,-1,4715,4714,4716,-1,4715,4716,4717,-1,4717,4716,4718,-1,4717,4718,4719,-1,4719,4718,4720,-1,4719,4720,4721,-1,4721,4720,4722,-1,4721,4722,4723,-1,4723,4722,4724,-1,4723,4724,4725,-1,4725,4724,4726,-1,4725,4726,4727,-1,4727,4726,4728,-1,4727,4728,4729,-1,4729,4728,4730,-1,4729,4730,4731,-1,4731,4730,4732,-1,4731,4732,4733,-1,4733,4732,4734,-1,4733,4734,4735,-1,4735,4734,4736,-1,4735,4736,4737,-1,4737,4736,4738,-1,4737,4738,4739,-1,4739,4738,4740,-1,4739,4740,4741,-1,4741,4740,4742,-1,4741,4742,4743,-1,4743,4742,4744,-1,4743,4744,4745,-1,4745,4744,4746,-1,4745,4746,4747,-1,4747,4746,4748,-1,4747,4748,4749,-1,4749,4748,4750,-1,4749,4750,4751,-1,4644,4751,4645,-1,4645,4751,4750,-1,4676,4715,4674,-1,4674,4715,4717,-1,4674,4717,4672,-1,4672,4717,4719,-1,4672,4719,4670,-1,4670,4719,4721,-1,4670,4721,4668,-1,4668,4721,4723,-1,4668,4723,4666,-1,4666,4723,4725,-1,4666,4725,4664,-1,4664,4725,4727,-1,4664,4727,4662,-1,4727,4729,4662,-1,4662,4729,4731,-1,4662,4731,4660,-1,4660,4731,4733,-1,4660,4733,4658,-1,4658,4733,4735,-1,4658,4735,4656,-1,4656,4735,4737,-1,4656,4737,4654,-1,4654,4737,4739,-1,4654,4739,4652,-1,4688,4701,4686,-1,4686,4701,4703,-1,4686,4703,4684,-1,4684,4703,4705,-1,4684,4705,4682,-1,4682,4705,4707,-1,4682,4707,4680,-1,4680,4707,4709,-1,4680,4709,4678,-1,4678,4709,4711,-1,4678,4711,4676,-1,4676,4711,4713,-1,4676,4713,4715,-1,4692,4694,4690,-1,4690,4694,4697,-1,4690,4697,4688,-1,4688,4697,4699,-1,4688,4699,4701,-1,4751,4644,4749,-1,4749,4644,4646,-1,4749,4646,4747,-1,4747,4646,4648,-1,4747,4648,4745,-1,4745,4648,4650,-1,4745,4650,4743,-1,4743,4650,4652,-1,4743,4652,4741,-1,4741,4652,4739,-1,4661,4730,4663,-1,4663,4730,4728,-1,4663,4728,4665,-1,4665,4728,4726,-1,4665,4726,4667,-1,4667,4726,4724,-1,4667,4724,4669,-1,4669,4724,4722,-1,4669,4722,4671,-1,4671,4722,4720,-1,4671,4720,4673,-1,4673,4720,4718,-1,4673,4718,4675,-1,4695,4693,4696,-1,4696,4693,4691,-1,4696,4691,4698,-1,4698,4691,4689,-1,4698,4689,4700,-1,4700,4689,4687,-1,4718,4716,4675,-1,4675,4716,4714,-1,4675,4714,4677,-1,4677,4714,4712,-1,4677,4712,4679,-1,4679,4712,4710,-1,4679,4710,4681,-1,4681,4710,4708,-1,4681,4708,4683,-1,4683,4708,4706,-1,4683,4706,4685,-1,4685,4706,4704,-1,4685,4704,4687,-1,4687,4704,4702,-1,4687,4702,4700,-1,4645,4750,4647,-1,4647,4750,4748,-1,4647,4748,4649,-1,4649,4748,4746,-1,4649,4746,4651,-1,4746,4744,4651,-1,4651,4744,4742,-1,4651,4742,4653,-1,4653,4742,4740,-1,4653,4740,4655,-1,4655,4740,4738,-1,4655,4738,4657,-1,4657,4738,4736,-1,4657,4736,4659,-1,4659,4736,4734,-1,4659,4734,4661,-1,4661,4734,4732,-1,4661,4732,4730,-1,4752,4753,4754,-1,4754,4753,4755,-1,4754,4755,4756,-1,4756,4755,4757,-1,4756,4757,4758,-1,4758,4757,4759,-1,4758,4759,4760,-1,4760,4759,4761,-1,4760,4761,4762,-1,4762,4761,4763,-1,4762,4763,4764,-1,4764,4763,4765,-1,4764,4765,4766,-1,4766,4765,4767,-1,4766,4767,4768,-1,4768,4767,4769,-1,4768,4769,4770,-1,4770,4769,4771,-1,4770,4771,4772,-1,4772,4771,4773,-1,4772,4773,4774,-1,4774,4773,4775,-1,4774,4775,4776,-1,4776,4775,4777,-1,4776,4777,4778,-1,4778,4777,4779,-1,4778,4779,4780,-1,4780,4779,4781,-1,4780,4781,4782,-1,4782,4781,4783,-1,4782,4783,4784,-1,4784,4783,4785,-1,4784,4785,4786,-1,4786,4785,4787,-1,4786,4787,4788,-1,4788,4787,4789,-1,4788,4789,4790,-1,4790,4789,4791,-1,4790,4791,4792,-1,4792,4791,4793,-1,4792,4793,4794,-1,4794,4793,4795,-1,4794,4795,4796,-1,4796,4795,4797,-1,4796,4797,4798,-1,4798,4797,4799,-1,4798,4799,4800,-1,4800,4799,4801,-1,4802,4800,4803,-1,4803,4800,4801,-1,4802,4803,4804,-1,4802,4804,4805,-1,4805,4804,4806,-1,4805,4806,4807,-1,4807,4806,4808,-1,4807,4808,4809,-1,4809,4808,4810,-1,4809,4810,4811,-1,4811,4810,4812,-1,4811,4812,4813,-1,4813,4812,4814,-1,4813,4814,4815,-1,4815,4814,4816,-1,4815,4816,4817,-1,4817,4816,4818,-1,4817,4818,4819,-1,4819,4818,4820,-1,4819,4820,4821,-1,4821,4820,4822,-1,4821,4822,4823,-1,4823,4822,4824,-1,4823,4824,4825,-1,4825,4824,4826,-1,4825,4826,4827,-1,4827,4826,4828,-1,4827,4828,4829,-1,4829,4828,4830,-1,4829,4830,4831,-1,4831,4830,4832,-1,4831,4832,4833,-1,4833,4832,4834,-1,4833,4834,4835,-1,4835,4834,4836,-1,4835,4836,4837,-1,4837,4836,4838,-1,4837,4838,4839,-1,4839,4838,4840,-1,4839,4840,4841,-1,4841,4840,4842,-1,4841,4842,4843,-1,4843,4842,4844,-1,4843,4844,4845,-1,4845,4844,4846,-1,4845,4846,4847,-1,4847,4846,4848,-1,4847,4848,4849,-1,4849,4848,4850,-1,4849,4850,4851,-1,4851,4850,4852,-1,4851,4852,4853,-1,4853,4852,4854,-1,4853,4854,4855,-1,4855,4854,4856,-1,4855,4856,4857,-1,4857,4856,4858,-1,4857,4858,4859,-1,4752,4859,4753,-1,4753,4859,4858,-1,4784,4823,4782,-1,4782,4823,4825,-1,4782,4825,4780,-1,4780,4825,4827,-1,4780,4827,4778,-1,4778,4827,4829,-1,4778,4829,4776,-1,4776,4829,4831,-1,4776,4831,4774,-1,4774,4831,4833,-1,4774,4833,4772,-1,4772,4833,4835,-1,4772,4835,4770,-1,4800,4802,4798,-1,4798,4802,4805,-1,4798,4805,4796,-1,4796,4805,4807,-1,4796,4807,4794,-1,4835,4837,4770,-1,4770,4837,4839,-1,4770,4839,4768,-1,4768,4839,4841,-1,4768,4841,4766,-1,4766,4841,4843,-1,4766,4843,4764,-1,4764,4843,4845,-1,4764,4845,4762,-1,4762,4845,4847,-1,4762,4847,4760,-1,4807,4809,4794,-1,4794,4809,4811,-1,4794,4811,4792,-1,4792,4811,4813,-1,4792,4813,4790,-1,4790,4813,4815,-1,4790,4815,4788,-1,4788,4815,4817,-1,4788,4817,4786,-1,4786,4817,4819,-1,4786,4819,4784,-1,4784,4819,4821,-1,4784,4821,4823,-1,4847,4849,4760,-1,4760,4849,4851,-1,4760,4851,4758,-1,4758,4851,4853,-1,4758,4853,4756,-1,4756,4853,4855,-1,4756,4855,4754,-1,4754,4855,4857,-1,4754,4857,4752,-1,4752,4857,4859,-1,4769,4838,4771,-1,4771,4838,4836,-1,4771,4836,4773,-1,4773,4836,4834,-1,4773,4834,4775,-1,4775,4834,4832,-1,4775,4832,4777,-1,4777,4832,4830,-1,4777,4830,4779,-1,4779,4830,4828,-1,4779,4828,4781,-1,4781,4828,4826,-1,4781,4826,4783,-1,4803,4801,4804,-1,4804,4801,4799,-1,4804,4799,4806,-1,4806,4799,4797,-1,4806,4797,4808,-1,4808,4797,4795,-1,4808,4795,4810,-1,4810,4795,4793,-1,4826,4824,4783,-1,4783,4824,4822,-1,4783,4822,4785,-1,4785,4822,4820,-1,4785,4820,4787,-1,4787,4820,4818,-1,4787,4818,4789,-1,4789,4818,4816,-1,4789,4816,4791,-1,4791,4816,4814,-1,4791,4814,4793,-1,4793,4814,4812,-1,4793,4812,4810,-1,4759,4850,4761,-1,4761,4850,4848,-1,4761,4848,4763,-1,4763,4848,4846,-1,4763,4846,4765,-1,4765,4846,4844,-1,4765,4844,4767,-1,4767,4844,4842,-1,4767,4842,4769,-1,4769,4842,4840,-1,4769,4840,4838,-1,4753,4858,4755,-1,4755,4858,4856,-1,4755,4856,4757,-1,4757,4856,4854,-1,4757,4854,4759,-1,4759,4854,4852,-1,4759,4852,4850,-1,4860,4861,4862,-1,4862,4861,4863,-1,4862,4863,4864,-1,4864,4863,4865,-1,4864,4865,4866,-1,4866,4865,4867,-1,4866,4867,4868,-1,4868,4867,4869,-1,4868,4869,4870,-1,4870,4869,4871,-1,4870,4871,4872,-1,4872,4871,4873,-1,4872,4873,4874,-1,4874,4873,4875,-1,4874,4875,4876,-1,4876,4875,4877,-1,4876,4877,4878,-1,4878,4877,4879,-1,4878,4879,4880,-1,4880,4879,4881,-1,4880,4881,4882,-1,4882,4881,4883,-1,4882,4883,4884,-1,4884,4883,4885,-1,4884,4885,4886,-1,4886,4885,4887,-1,4886,4887,4888,-1,4888,4887,4889,-1,4888,4889,4890,-1,4890,4889,4891,-1,4890,4891,4892,-1,4892,4891,4893,-1,4892,4893,4894,-1,4894,4893,4895,-1,4894,4895,4896,-1,4896,4895,4897,-1,4896,4897,4898,-1,4898,4897,4899,-1,4898,4899,4900,-1,4900,4899,4901,-1,4900,4901,4902,-1,4902,4901,4903,-1,4902,4903,4904,-1,4904,4903,4905,-1,4904,4905,4906,-1,4906,4905,4907,-1,4906,4907,4908,-1,4908,4907,4909,-1,4910,4908,4911,-1,4911,4908,4909,-1,4910,4911,4912,-1,4910,4912,4913,-1,4913,4912,4914,-1,4913,4914,4915,-1,4915,4914,4916,-1,4915,4916,4917,-1,4917,4916,4918,-1,4917,4918,4919,-1,4919,4918,4920,-1,4919,4920,4921,-1,4921,4920,4922,-1,4921,4922,4923,-1,4923,4922,4924,-1,4923,4924,4925,-1,4925,4924,4926,-1,4925,4926,4927,-1,4927,4926,4928,-1,4927,4928,4929,-1,4929,4928,4930,-1,4929,4930,4931,-1,4931,4930,4932,-1,4931,4932,4933,-1,4933,4932,4934,-1,4933,4934,4935,-1,4935,4934,4936,-1,4935,4936,4937,-1,4937,4936,4938,-1,4937,4938,4939,-1,4939,4938,4940,-1,4939,4940,4941,-1,4941,4940,4942,-1,4941,4942,4943,-1,4943,4942,4944,-1,4943,4944,4945,-1,4945,4944,4946,-1,4945,4946,4947,-1,4947,4946,4948,-1,4947,4948,4949,-1,4949,4948,4950,-1,4949,4950,4951,-1,4951,4950,4952,-1,4951,4952,4953,-1,4953,4952,4954,-1,4953,4954,4955,-1,4955,4954,4956,-1,4955,4956,4957,-1,4957,4956,4958,-1,4957,4958,4959,-1,4959,4958,4960,-1,4959,4960,4961,-1,4961,4960,4962,-1,4961,4962,4963,-1,4963,4962,4964,-1,4963,4964,4965,-1,4965,4964,4966,-1,4965,4966,4967,-1,4860,4967,4861,-1,4861,4967,4966,-1,4892,4931,4890,-1,4890,4931,4933,-1,4890,4933,4888,-1,4888,4933,4935,-1,4888,4935,4886,-1,4886,4935,4937,-1,4886,4937,4884,-1,4884,4937,4939,-1,4884,4939,4882,-1,4882,4939,4941,-1,4882,4941,4880,-1,4880,4941,4943,-1,4880,4943,4878,-1,4904,4917,4902,-1,4902,4917,4919,-1,4902,4919,4900,-1,4900,4919,4921,-1,4900,4921,4898,-1,4898,4921,4923,-1,4898,4923,4896,-1,4896,4923,4925,-1,4896,4925,4894,-1,4894,4925,4927,-1,4894,4927,4892,-1,4892,4927,4929,-1,4892,4929,4931,-1,4908,4910,4906,-1,4906,4910,4913,-1,4906,4913,4904,-1,4904,4913,4915,-1,4904,4915,4917,-1,4868,4959,4866,-1,4866,4959,4961,-1,4866,4961,4864,-1,4864,4961,4963,-1,4864,4963,4862,-1,4862,4963,4965,-1,4862,4965,4860,-1,4860,4965,4967,-1,4943,4945,4878,-1,4878,4945,4947,-1,4878,4947,4876,-1,4876,4947,4949,-1,4876,4949,4874,-1,4874,4949,4951,-1,4874,4951,4872,-1,4872,4951,4953,-1,4872,4953,4870,-1,4870,4953,4955,-1,4870,4955,4868,-1,4868,4955,4957,-1,4868,4957,4959,-1,4877,4946,4879,-1,4879,4946,4944,-1,4879,4944,4881,-1,4881,4944,4942,-1,4881,4942,4883,-1,4883,4942,4940,-1,4883,4940,4885,-1,4885,4940,4938,-1,4885,4938,4887,-1,4887,4938,4936,-1,4887,4936,4889,-1,4889,4936,4934,-1,4889,4934,4891,-1,4911,4909,4912,-1,4912,4909,4907,-1,4912,4907,4914,-1,4914,4907,4905,-1,4914,4905,4916,-1,4916,4905,4903,-1,4934,4932,4891,-1,4891,4932,4930,-1,4891,4930,4893,-1,4893,4930,4928,-1,4893,4928,4895,-1,4895,4928,4926,-1,4895,4926,4897,-1,4897,4926,4924,-1,4897,4924,4899,-1,4899,4924,4922,-1,4899,4922,4901,-1,4901,4922,4920,-1,4901,4920,4903,-1,4903,4920,4918,-1,4903,4918,4916,-1,4867,4958,4869,-1,4869,4958,4956,-1,4869,4956,4871,-1,4871,4956,4954,-1,4871,4954,4873,-1,4873,4954,4952,-1,4873,4952,4875,-1,4875,4952,4950,-1,4875,4950,4877,-1,4877,4950,4948,-1,4877,4948,4946,-1,4861,4966,4863,-1,4863,4966,4964,-1,4863,4964,4865,-1,4865,4964,4962,-1,4865,4962,4867,-1,4867,4962,4960,-1,4867,4960,4958,-1,4968,4969,4970,-1,4970,4969,4971,-1,4970,4971,4972,-1,4972,4971,4973,-1,4972,4973,4974,-1,4974,4973,4975,-1,4974,4975,4976,-1,4976,4975,4977,-1,4976,4977,4978,-1,4978,4977,4979,-1,4978,4979,4980,-1,4980,4979,4981,-1,4980,4981,4982,-1,4982,4981,4983,-1,4982,4983,4984,-1,4984,4983,4985,-1,4984,4985,4986,-1,4986,4985,4987,-1,4986,4987,4988,-1,4988,4987,4989,-1,4988,4989,4990,-1,4990,4989,4991,-1,4990,4991,4992,-1,4992,4991,4993,-1,4992,4993,4994,-1,4994,4993,4995,-1,4994,4995,4996,-1,4996,4995,4997,-1,4996,4997,4998,-1,4998,4997,4999,-1,4998,4999,5000,-1,5000,4999,5001,-1,5000,5001,5002,-1,5002,5001,5003,-1,5002,5003,5004,-1,5004,5003,5005,-1,5004,5005,5006,-1,5006,5005,5007,-1,5006,5007,5008,-1,5008,5007,5009,-1,5008,5009,5010,-1,5010,5009,5011,-1,5010,5011,5012,-1,5012,5011,5013,-1,5012,5013,5014,-1,5014,5013,5015,-1,5014,5015,5016,-1,5016,5015,5017,-1,5018,5016,5019,-1,5019,5016,5017,-1,5018,5019,5020,-1,5018,5020,5021,-1,5021,5020,5022,-1,5021,5022,5023,-1,5023,5022,5024,-1,5023,5024,5025,-1,5025,5024,5026,-1,5025,5026,5027,-1,5027,5026,5028,-1,5027,5028,5029,-1,5029,5028,5030,-1,5029,5030,5031,-1,5031,5030,5032,-1,5031,5032,5033,-1,5033,5032,5034,-1,5033,5034,5035,-1,5035,5034,5036,-1,5035,5036,5037,-1,5037,5036,5038,-1,5037,5038,5039,-1,5039,5038,5040,-1,5039,5040,5041,-1,5041,5040,5042,-1,5041,5042,5043,-1,5043,5042,5044,-1,5043,5044,5045,-1,5045,5044,5046,-1,5045,5046,5047,-1,5047,5046,5048,-1,5047,5048,5049,-1,5049,5048,5050,-1,5049,5050,5051,-1,5051,5050,5052,-1,5051,5052,5053,-1,5053,5052,5054,-1,5053,5054,5055,-1,5055,5054,5056,-1,5055,5056,5057,-1,5057,5056,5058,-1,5057,5058,5059,-1,5059,5058,5060,-1,5059,5060,5061,-1,5061,5060,5062,-1,5061,5062,5063,-1,5063,5062,5064,-1,5063,5064,5065,-1,5065,5064,5066,-1,5065,5066,5067,-1,5067,5066,5068,-1,5067,5068,5069,-1,5069,5068,5070,-1,5069,5070,5071,-1,5071,5070,5072,-1,5071,5072,5073,-1,5073,5072,5074,-1,5073,5074,5075,-1,4968,5075,4969,-1,4969,5075,5074,-1,5000,5039,4998,-1,4998,5039,5041,-1,4998,5041,4996,-1,4996,5041,5043,-1,4996,5043,4994,-1,4994,5043,5045,-1,4994,5045,4992,-1,4992,5045,5047,-1,4992,5047,4990,-1,4990,5047,5049,-1,4990,5049,4988,-1,4988,5049,5051,-1,4988,5051,4986,-1,5012,5025,5010,-1,5010,5025,5027,-1,5010,5027,5008,-1,5008,5027,5029,-1,5008,5029,5006,-1,5006,5029,5031,-1,5006,5031,5004,-1,5004,5031,5033,-1,5004,5033,5002,-1,5002,5033,5035,-1,5002,5035,5000,-1,5000,5035,5037,-1,5000,5037,5039,-1,5016,5018,5014,-1,5014,5018,5021,-1,5014,5021,5012,-1,5012,5021,5023,-1,5012,5023,5025,-1,4976,5067,4974,-1,4974,5067,5069,-1,4974,5069,4972,-1,4972,5069,5071,-1,4972,5071,4970,-1,4970,5071,5073,-1,4970,5073,4968,-1,4968,5073,5075,-1,5051,5053,4986,-1,4986,5053,5055,-1,4986,5055,4984,-1,4984,5055,5057,-1,4984,5057,4982,-1,4982,5057,5059,-1,4982,5059,4980,-1,4980,5059,5061,-1,4980,5061,4978,-1,4978,5061,5063,-1,4978,5063,4976,-1,4976,5063,5065,-1,4976,5065,5067,-1,5019,5017,5020,-1,5020,5017,5015,-1,5020,5015,5022,-1,5022,5015,5013,-1,5022,5013,5024,-1,5024,5013,5011,-1,4999,5038,5001,-1,5001,5038,5036,-1,5001,5036,5003,-1,5003,5036,5034,-1,5003,5034,5005,-1,5005,5034,5032,-1,5005,5032,5007,-1,5007,5032,5030,-1,5007,5030,5009,-1,5009,5030,5028,-1,5009,5028,5011,-1,5011,5028,5026,-1,5011,5026,5024,-1,4985,5054,4987,-1,4987,5054,5052,-1,4987,5052,4989,-1,4989,5052,5050,-1,4989,5050,4991,-1,4991,5050,5048,-1,4991,5048,4993,-1,4993,5048,5046,-1,4993,5046,4995,-1,4995,5046,5044,-1,4995,5044,4997,-1,4997,5044,5042,-1,4997,5042,4999,-1,4999,5042,5040,-1,4999,5040,5038,-1,4975,5066,4977,-1,4977,5066,5064,-1,4977,5064,4979,-1,4979,5064,5062,-1,4979,5062,4981,-1,4981,5062,5060,-1,4981,5060,4983,-1,4983,5060,5058,-1,4983,5058,4985,-1,4985,5058,5056,-1,4985,5056,5054,-1,4969,5074,4971,-1,4971,5074,5072,-1,4971,5072,4973,-1,4973,5072,5070,-1,4973,5070,4975,-1,4975,5070,5068,-1,4975,5068,5066,-1,5076,5077,5078,-1,5078,5077,5079,-1,5078,5079,5080,-1,5080,5079,5081,-1,5080,5081,5082,-1,5082,5081,5083,-1,5082,5083,5084,-1,5084,5083,5085,-1,5084,5085,5086,-1,5086,5085,5087,-1,5086,5087,5088,-1,5088,5087,5089,-1,5088,5089,5090,-1,5090,5089,5091,-1,5090,5091,5092,-1,5092,5091,5093,-1,5092,5093,5094,-1,5094,5093,5095,-1,5094,5095,5096,-1,5096,5095,5097,-1,5096,5097,5098,-1,5098,5097,5099,-1,5098,5099,5100,-1,5100,5099,5101,-1,5100,5101,5102,-1,5102,5101,5103,-1,5102,5103,5104,-1,5104,5103,5105,-1,5104,5105,5106,-1,5106,5105,5107,-1,5106,5107,5108,-1,5108,5107,5109,-1,5108,5109,5110,-1,5110,5109,5111,-1,5110,5111,5112,-1,5112,5111,5113,-1,5112,5113,5114,-1,5114,5113,5115,-1,5114,5115,5116,-1,5116,5115,5117,-1,5116,5117,5118,-1,5118,5117,5119,-1,5118,5119,5120,-1,5120,5119,5121,-1,5120,5121,5122,-1,5122,5121,5123,-1,5122,5123,5124,-1,5124,5123,5125,-1,5126,5124,5127,-1,5127,5124,5125,-1,5126,5127,5128,-1,5126,5128,5129,-1,5129,5128,5130,-1,5129,5130,5131,-1,5131,5130,5132,-1,5131,5132,5133,-1,5133,5132,5134,-1,5133,5134,5135,-1,5135,5134,5136,-1,5135,5136,5137,-1,5137,5136,5138,-1,5137,5138,5139,-1,5139,5138,5140,-1,5139,5140,5141,-1,5141,5140,5142,-1,5141,5142,5143,-1,5143,5142,5144,-1,5143,5144,5145,-1,5145,5144,5146,-1,5145,5146,5147,-1,5147,5146,5148,-1,5147,5148,5149,-1,5149,5148,5150,-1,5149,5150,5151,-1,5151,5150,5152,-1,5151,5152,5153,-1,5153,5152,5154,-1,5153,5154,5155,-1,5155,5154,5156,-1,5155,5156,5157,-1,5157,5156,5158,-1,5157,5158,5159,-1,5159,5158,5160,-1,5159,5160,5161,-1,5161,5160,5162,-1,5161,5162,5163,-1,5163,5162,5164,-1,5163,5164,5165,-1,5165,5164,5166,-1,5165,5166,5167,-1,5167,5166,5168,-1,5167,5168,5169,-1,5169,5168,5170,-1,5169,5170,5171,-1,5171,5170,5172,-1,5171,5172,5173,-1,5173,5172,5174,-1,5173,5174,5175,-1,5175,5174,5176,-1,5175,5176,5177,-1,5177,5176,5178,-1,5177,5178,5179,-1,5179,5178,5180,-1,5179,5180,5181,-1,5181,5180,5182,-1,5181,5182,5183,-1,5076,5183,5077,-1,5077,5183,5182,-1,5094,5163,5092,-1,5092,5163,5165,-1,5092,5165,5090,-1,5090,5165,5167,-1,5090,5167,5088,-1,5088,5167,5169,-1,5088,5169,5086,-1,5086,5169,5171,-1,5086,5171,5084,-1,5108,5147,5106,-1,5106,5147,5149,-1,5106,5149,5104,-1,5104,5149,5151,-1,5104,5151,5102,-1,5102,5151,5153,-1,5102,5153,5100,-1,5100,5153,5155,-1,5100,5155,5098,-1,5098,5155,5157,-1,5098,5157,5096,-1,5096,5157,5159,-1,5096,5159,5094,-1,5094,5159,5161,-1,5094,5161,5163,-1,5171,5173,5084,-1,5084,5173,5175,-1,5084,5175,5082,-1,5082,5175,5177,-1,5082,5177,5080,-1,5080,5177,5179,-1,5080,5179,5078,-1,5078,5179,5181,-1,5078,5181,5076,-1,5076,5181,5183,-1,5118,5135,5116,-1,5116,5135,5137,-1,5116,5137,5114,-1,5114,5137,5139,-1,5114,5139,5112,-1,5112,5139,5141,-1,5112,5141,5110,-1,5110,5141,5143,-1,5110,5143,5108,-1,5108,5143,5145,-1,5108,5145,5147,-1,5124,5126,5122,-1,5122,5126,5129,-1,5122,5129,5120,-1,5120,5129,5131,-1,5120,5131,5118,-1,5118,5131,5133,-1,5118,5133,5135,-1,5093,5162,5095,-1,5095,5162,5160,-1,5095,5160,5097,-1,5097,5160,5158,-1,5097,5158,5099,-1,5099,5158,5156,-1,5099,5156,5101,-1,5101,5156,5154,-1,5101,5154,5103,-1,5103,5154,5152,-1,5103,5152,5105,-1,5105,5152,5150,-1,5105,5150,5107,-1,5083,5174,5085,-1,5085,5174,5172,-1,5085,5172,5087,-1,5087,5172,5170,-1,5087,5170,5089,-1,5089,5170,5168,-1,5089,5168,5091,-1,5091,5168,5166,-1,5091,5166,5093,-1,5093,5166,5164,-1,5093,5164,5162,-1,5077,5182,5079,-1,5079,5182,5180,-1,5079,5180,5081,-1,5081,5180,5178,-1,5081,5178,5083,-1,5083,5178,5176,-1,5083,5176,5174,-1,5117,5134,5119,-1,5119,5134,5132,-1,5119,5132,5121,-1,5121,5132,5130,-1,5121,5130,5123,-1,5123,5130,5128,-1,5123,5128,5125,-1,5125,5128,5127,-1,5150,5148,5107,-1,5107,5148,5146,-1,5107,5146,5109,-1,5109,5146,5144,-1,5109,5144,5111,-1,5111,5144,5142,-1,5111,5142,5113,-1,5113,5142,5140,-1,5113,5140,5115,-1,5115,5140,5138,-1,5115,5138,5117,-1,5117,5138,5136,-1,5117,5136,5134,-1,5184,5185,5186,-1,5186,5185,5187,-1,5186,5187,5188,-1,5188,5187,5189,-1,5188,5189,5190,-1,5190,5189,5191,-1,5190,5191,5192,-1,5192,5191,5193,-1,5192,5193,5194,-1,5194,5193,5195,-1,5194,5195,5196,-1,5196,5195,5197,-1,5196,5197,5198,-1,5198,5197,5199,-1,5198,5199,5200,-1,5200,5199,5201,-1,5200,5201,5202,-1,5202,5201,5203,-1,5202,5203,5204,-1,5204,5203,5205,-1,5204,5205,5206,-1,5206,5205,5207,-1,5206,5207,5208,-1,5208,5207,5209,-1,5208,5209,5210,-1,5210,5209,5211,-1,5210,5211,5212,-1,5212,5211,5213,-1,5212,5213,5214,-1,5214,5213,5215,-1,5214,5215,5216,-1,5216,5215,5217,-1,5216,5217,5218,-1,5218,5217,5219,-1,5218,5219,5220,-1,5220,5219,5221,-1,5220,5221,5222,-1,5222,5221,5223,-1,5222,5223,5224,-1,5224,5223,5225,-1,5224,5225,5226,-1,5226,5225,5227,-1,5226,5227,5228,-1,5228,5227,5229,-1,5228,5229,5230,-1,5230,5229,5231,-1,5230,5231,5232,-1,5232,5231,5233,-1,5234,5232,5235,-1,5235,5232,5233,-1,5234,5235,5236,-1,5234,5236,5237,-1,5237,5236,5238,-1,5237,5238,5239,-1,5239,5238,5240,-1,5239,5240,5241,-1,5241,5240,5242,-1,5241,5242,5243,-1,5243,5242,5244,-1,5243,5244,5245,-1,5245,5244,5246,-1,5245,5246,5247,-1,5247,5246,5248,-1,5247,5248,5249,-1,5249,5248,5250,-1,5249,5250,5251,-1,5251,5250,5252,-1,5251,5252,5253,-1,5253,5252,5254,-1,5253,5254,5255,-1,5255,5254,5256,-1,5255,5256,5257,-1,5257,5256,5258,-1,5257,5258,5259,-1,5259,5258,5260,-1,5259,5260,5261,-1,5261,5260,5262,-1,5261,5262,5263,-1,5263,5262,5264,-1,5263,5264,5265,-1,5265,5264,5266,-1,5265,5266,5267,-1,5267,5266,5268,-1,5267,5268,5269,-1,5269,5268,5270,-1,5269,5270,5271,-1,5271,5270,5272,-1,5271,5272,5273,-1,5273,5272,5274,-1,5273,5274,5275,-1,5275,5274,5276,-1,5275,5276,5277,-1,5277,5276,5278,-1,5277,5278,5279,-1,5279,5278,5280,-1,5279,5280,5281,-1,5281,5280,5282,-1,5281,5282,5283,-1,5283,5282,5284,-1,5283,5284,5285,-1,5285,5284,5286,-1,5285,5286,5287,-1,5287,5286,5288,-1,5287,5288,5289,-1,5289,5288,5290,-1,5289,5290,5291,-1,5184,5291,5185,-1,5185,5291,5290,-1,5202,5271,5200,-1,5200,5271,5273,-1,5200,5273,5198,-1,5198,5273,5275,-1,5198,5275,5196,-1,5196,5275,5277,-1,5196,5277,5194,-1,5194,5277,5279,-1,5194,5279,5192,-1,5216,5255,5214,-1,5214,5255,5257,-1,5214,5257,5212,-1,5212,5257,5259,-1,5212,5259,5210,-1,5210,5259,5261,-1,5210,5261,5208,-1,5208,5261,5263,-1,5208,5263,5206,-1,5206,5263,5265,-1,5206,5265,5204,-1,5204,5265,5267,-1,5204,5267,5202,-1,5202,5267,5269,-1,5202,5269,5271,-1,5279,5281,5192,-1,5192,5281,5283,-1,5192,5283,5190,-1,5190,5283,5285,-1,5190,5285,5188,-1,5188,5285,5287,-1,5188,5287,5186,-1,5186,5287,5289,-1,5186,5289,5184,-1,5184,5289,5291,-1,5226,5243,5224,-1,5224,5243,5245,-1,5224,5245,5222,-1,5222,5245,5247,-1,5222,5247,5220,-1,5220,5247,5249,-1,5220,5249,5218,-1,5218,5249,5251,-1,5218,5251,5216,-1,5216,5251,5253,-1,5216,5253,5255,-1,5232,5234,5230,-1,5230,5234,5237,-1,5230,5237,5228,-1,5228,5237,5239,-1,5228,5239,5226,-1,5226,5239,5241,-1,5226,5241,5243,-1,5201,5270,5203,-1,5203,5270,5268,-1,5203,5268,5205,-1,5205,5268,5266,-1,5205,5266,5207,-1,5207,5266,5264,-1,5207,5264,5209,-1,5209,5264,5262,-1,5209,5262,5211,-1,5211,5262,5260,-1,5211,5260,5213,-1,5213,5260,5258,-1,5213,5258,5215,-1,5191,5282,5193,-1,5193,5282,5280,-1,5193,5280,5195,-1,5195,5280,5278,-1,5195,5278,5197,-1,5197,5278,5276,-1,5197,5276,5199,-1,5199,5276,5274,-1,5199,5274,5201,-1,5201,5274,5272,-1,5201,5272,5270,-1,5185,5290,5187,-1,5187,5290,5288,-1,5187,5288,5189,-1,5189,5288,5286,-1,5189,5286,5191,-1,5191,5286,5284,-1,5191,5284,5282,-1,5225,5242,5227,-1,5227,5242,5240,-1,5227,5240,5229,-1,5229,5240,5238,-1,5229,5238,5231,-1,5231,5238,5236,-1,5231,5236,5233,-1,5233,5236,5235,-1,5258,5256,5215,-1,5215,5256,5254,-1,5215,5254,5217,-1,5217,5254,5252,-1,5217,5252,5219,-1,5219,5252,5250,-1,5219,5250,5221,-1,5221,5250,5248,-1,5221,5248,5223,-1,5223,5248,5246,-1,5223,5246,5225,-1,5225,5246,5244,-1,5225,5244,5242,-1,5292,5293,5294,-1,5292,5294,5295,-1,5295,5294,5296,-1,5295,5296,5297,-1,5297,5296,5298,-1,5297,5298,5299,-1,5299,5298,5300,-1,5299,5300,5301,-1,5301,5300,5302,-1,5301,5302,5303,-1,5303,5302,5304,-1,5303,5304,5305,-1,5305,5304,5306,-1,5305,5306,5307,-1,5307,5306,5308,-1,5307,5308,5309,-1,5309,5308,5310,-1,5309,5310,5311,-1,5311,5310,5312,-1,5311,5312,5313,-1,5313,5312,5314,-1,5313,5314,5315,-1,5315,5314,5316,-1,5315,5316,5317,-1,5317,5316,5318,-1,5317,5318,5319,-1,5319,5318,5320,-1,5319,5320,5321,-1,5321,5320,5322,-1,5321,5322,5323,-1,5323,5322,5324,-1,5323,5324,5325,-1,5325,5324,5326,-1,5325,5326,5327,-1,5327,5326,5328,-1,5327,5328,5329,-1,5329,5328,5330,-1,5329,5330,5331,-1,5331,5330,5332,-1,5331,5332,5333,-1,5333,5332,5334,-1,5333,5334,5335,-1,5335,5334,5336,-1,5335,5336,5337,-1,5337,5336,5338,-1,5337,5338,5339,-1,5339,5338,5340,-1,5339,5340,5341,-1,5341,5340,5342,-1,5341,5342,5343,-1,5343,5342,5344,-1,5343,5344,5345,-1,5345,5344,5346,-1,5345,5346,5347,-1,5347,5346,5348,-1,5347,5348,5349,-1,5350,5349,5351,-1,5351,5349,5348,-1,5350,5351,5352,-1,5352,5351,5353,-1,5352,5353,5354,-1,5354,5353,5355,-1,5354,5355,5356,-1,5356,5355,5357,-1,5356,5357,5358,-1,5358,5357,5359,-1,5358,5359,5360,-1,5360,5359,5361,-1,5360,5361,5362,-1,5362,5361,5363,-1,5362,5363,5364,-1,5364,5363,5365,-1,5364,5365,5366,-1,5366,5365,5367,-1,5366,5367,5368,-1,5368,5367,5369,-1,5368,5369,5370,-1,5370,5369,5371,-1,5370,5371,5372,-1,5372,5371,5373,-1,5372,5373,5374,-1,5374,5373,5375,-1,5374,5375,5376,-1,5376,5375,5377,-1,5376,5377,5378,-1,5378,5377,5379,-1,5378,5379,5380,-1,5380,5379,5381,-1,5380,5381,5382,-1,5382,5381,5383,-1,5382,5383,5384,-1,5384,5383,5385,-1,5384,5385,5386,-1,5386,5385,5387,-1,5386,5387,5388,-1,5388,5387,5389,-1,5388,5389,5390,-1,5390,5389,5391,-1,5390,5391,5392,-1,5392,5391,5393,-1,5392,5393,5394,-1,5394,5393,5395,-1,5394,5395,5396,-1,5396,5395,5397,-1,5396,5397,5398,-1,5398,5397,5399,-1,5292,5398,5293,-1,5293,5398,5399,-1,5349,5350,5347,-1,5347,5350,5352,-1,5347,5352,5345,-1,5345,5352,5354,-1,5345,5354,5343,-1,5343,5354,5356,-1,5343,5356,5341,-1,5341,5356,5358,-1,5368,5329,5366,-1,5366,5329,5331,-1,5366,5331,5364,-1,5364,5331,5333,-1,5364,5333,5362,-1,5362,5333,5335,-1,5362,5335,5360,-1,5360,5335,5337,-1,5360,5337,5358,-1,5358,5337,5339,-1,5358,5339,5341,-1,5382,5313,5380,-1,5380,5313,5315,-1,5380,5315,5378,-1,5378,5315,5317,-1,5378,5317,5376,-1,5376,5317,5319,-1,5376,5319,5374,-1,5374,5319,5321,-1,5374,5321,5372,-1,5372,5321,5323,-1,5372,5323,5370,-1,5370,5323,5325,-1,5370,5325,5368,-1,5368,5325,5327,-1,5368,5327,5329,-1,5392,5301,5390,-1,5390,5301,5303,-1,5390,5303,5388,-1,5388,5303,5305,-1,5388,5305,5386,-1,5386,5305,5307,-1,5386,5307,5384,-1,5384,5307,5309,-1,5384,5309,5382,-1,5382,5309,5311,-1,5382,5311,5313,-1,5398,5292,5396,-1,5396,5292,5295,-1,5396,5295,5394,-1,5394,5295,5297,-1,5394,5297,5392,-1,5392,5297,5299,-1,5392,5299,5301,-1,5293,5399,5294,-1,5294,5399,5397,-1,5294,5397,5296,-1,5296,5397,5395,-1,5296,5395,5298,-1,5298,5395,5393,-1,5298,5393,5300,-1,5300,5393,5391,-1,5381,5312,5383,-1,5383,5312,5310,-1,5383,5310,5385,-1,5385,5310,5308,-1,5385,5308,5387,-1,5387,5308,5306,-1,5387,5306,5389,-1,5389,5306,5304,-1,5389,5304,5391,-1,5391,5304,5302,-1,5391,5302,5300,-1,5367,5328,5369,-1,5369,5328,5326,-1,5369,5326,5371,-1,5371,5326,5324,-1,5371,5324,5373,-1,5373,5324,5322,-1,5373,5322,5375,-1,5375,5322,5320,-1,5375,5320,5377,-1,5377,5320,5318,-1,5377,5318,5379,-1,5379,5318,5316,-1,5379,5316,5381,-1,5381,5316,5314,-1,5381,5314,5312,-1,5357,5340,5359,-1,5359,5340,5338,-1,5359,5338,5361,-1,5361,5338,5336,-1,5361,5336,5363,-1,5363,5336,5334,-1,5363,5334,5365,-1,5365,5334,5332,-1,5365,5332,5367,-1,5367,5332,5330,-1,5367,5330,5328,-1,5351,5348,5353,-1,5353,5348,5346,-1,5353,5346,5355,-1,5355,5346,5344,-1,5355,5344,5357,-1,5357,5344,5342,-1,5357,5342,5340,-1,5400,5401,5402,-1,5402,5401,5403,-1,5400,5402,5404,-1,5404,5402,5405,-1,5404,5405,5406,-1,5406,5405,5407,-1,5406,5407,5408,-1,5408,5407,5409,-1,5408,5409,5410,-1,5410,5409,5411,-1,5410,5411,5412,-1,5412,5411,5413,-1,5412,5413,5414,-1,5414,5413,5415,-1,5414,5415,29,-1,29,5415,5416,-1,29,5416,5417,-1,5417,5416,5418,-1,5417,5418,5419,-1,5419,5418,5420,-1,5419,5420,5421,-1,5421,5420,5422,-1,5421,5422,5423,-1,5423,5422,5424,-1,5423,5424,5425,-1,5425,5424,5426,-1,5425,5426,5427,-1,5427,5426,5428,-1,5427,5428,5429,-1,5429,5428,5430,-1,5431,5429,5432,-1,5432,5429,5430,-1,5401,5431,5403,-1,5403,5431,5432,-1,5427,5429,5431,-1,5400,5404,5401,-1,5401,5404,5406,-1,5419,5421,5431,-1,5406,5408,5401,-1,5401,5408,5410,-1,5401,5410,5412,-1,5421,5423,5431,-1,5431,5423,5425,-1,5431,5425,5427,-1,5412,5414,5401,-1,5401,5414,29,-1,5401,29,5431,-1,5431,29,5417,-1,5431,5417,5419,-1,5405,5402,5403,-1,5413,5411,5403,-1,5430,5428,5432,-1,5432,5428,5426,-1,5411,5409,5403,-1,5403,5409,5407,-1,5403,5407,5405,-1,5426,5424,5432,-1,5432,5424,5422,-1,5432,5422,5420,-1,5420,5418,5432,-1,5432,5418,5416,-1,5432,5416,5403,-1,5403,5416,5415,-1,5403,5415,5413,-1,5433,5434,5435,-1,5435,5434,5436,-1,5437,5433,5438,-1,5438,5433,5435,-1,5437,5438,5439,-1,5439,5438,5440,-1,5439,5440,5441,-1,5441,5440,5442,-1,5441,5442,5443,-1,5443,5442,5444,-1,5443,5444,5445,-1,5445,5444,5446,-1,5445,5446,5447,-1,5447,5446,5448,-1,5447,5448,5449,-1,5449,5448,5450,-1,5449,5450,137,-1,137,5450,5451,-1,137,5451,5452,-1,5452,5451,5453,-1,5452,5453,5454,-1,5454,5453,5455,-1,5454,5455,5456,-1,5456,5455,5457,-1,5456,5457,5458,-1,5458,5457,5459,-1,5458,5459,5460,-1,5460,5459,5461,-1,5460,5461,5462,-1,5462,5461,5463,-1,5462,5463,5464,-1,5464,5463,5465,-1,5434,5464,5436,-1,5436,5464,5465,-1,5462,5464,5434,-1,5437,5439,5433,-1,5433,5439,5441,-1,5454,5456,5434,-1,5441,5443,5433,-1,5433,5443,5445,-1,5433,5445,5447,-1,5456,5458,5434,-1,5434,5458,5460,-1,5434,5460,5462,-1,5447,5449,5433,-1,5433,5449,137,-1,5433,137,5434,-1,5434,137,5452,-1,5434,5452,5454,-1,5440,5438,5435,-1,5448,5446,5435,-1,5465,5463,5436,-1,5436,5463,5461,-1,5446,5444,5435,-1,5435,5444,5442,-1,5435,5442,5440,-1,5461,5459,5436,-1,5436,5459,5457,-1,5436,5457,5455,-1,5455,5453,5436,-1,5436,5453,5451,-1,5436,5451,5435,-1,5435,5451,5450,-1,5435,5450,5448,-1,5466,5467,5468,-1,5468,5467,5469,-1,5470,5466,5471,-1,5471,5466,5468,-1,5470,5471,5472,-1,5472,5471,5473,-1,5472,5473,5474,-1,5474,5473,5475,-1,5474,5475,5476,-1,5476,5475,5477,-1,5476,5477,5478,-1,5478,5477,5479,-1,5478,5479,5480,-1,5480,5479,5481,-1,5480,5481,5482,-1,5482,5481,5483,-1,5482,5483,245,-1,245,5483,5484,-1,245,5484,5485,-1,5485,5484,5486,-1,5485,5486,5487,-1,5487,5486,5488,-1,5487,5488,5489,-1,5489,5488,5490,-1,5489,5490,5491,-1,5491,5490,5492,-1,5491,5492,5493,-1,5493,5492,5494,-1,5493,5494,5495,-1,5495,5494,5496,-1,5495,5496,5497,-1,5497,5496,5498,-1,5467,5497,5469,-1,5469,5497,5498,-1,5470,5472,5466,-1,5466,5472,5474,-1,5487,5489,5467,-1,5467,5489,5491,-1,5491,5493,5467,-1,5467,5493,5495,-1,5467,5495,5497,-1,5474,5476,5466,-1,5466,5476,5478,-1,5466,5478,5480,-1,5480,5482,5466,-1,5466,5482,245,-1,5466,245,5467,-1,5467,245,5485,-1,5467,5485,5487,-1,5473,5471,5468,-1,5469,5498,5496,-1,5496,5494,5469,-1,5469,5494,5492,-1,5469,5492,5490,-1,5483,5481,5468,-1,5468,5481,5479,-1,5479,5477,5468,-1,5468,5477,5475,-1,5468,5475,5473,-1,5490,5488,5469,-1,5469,5488,5486,-1,5469,5486,5468,-1,5468,5486,5484,-1,5468,5484,5483,-1,5499,5500,5501,-1,5501,5500,5502,-1,5503,5499,5504,-1,5504,5499,5501,-1,5503,5504,5505,-1,5505,5504,5506,-1,5505,5506,5507,-1,5507,5506,5508,-1,5507,5508,5509,-1,5509,5508,5510,-1,5509,5510,5511,-1,5511,5510,5512,-1,5511,5512,5513,-1,5513,5512,5514,-1,5513,5514,5515,-1,5515,5514,5516,-1,5515,5516,353,-1,353,5516,5517,-1,353,5517,5518,-1,5518,5517,5519,-1,5518,5519,5520,-1,5520,5519,5521,-1,5520,5521,5522,-1,5522,5521,5523,-1,5522,5523,5524,-1,5524,5523,5525,-1,5524,5525,5526,-1,5526,5525,5527,-1,5526,5527,5528,-1,5528,5527,5529,-1,5528,5529,5530,-1,5530,5529,5531,-1,5500,5530,5502,-1,5502,5530,5531,-1,5499,5503,5505,-1,5505,5507,5499,-1,5499,5507,5509,-1,5499,5509,5511,-1,5518,5520,5500,-1,5500,5520,5522,-1,5500,5522,5524,-1,5524,5526,5500,-1,5500,5526,5528,-1,5500,5528,5530,-1,5511,5513,5499,-1,5499,5513,5515,-1,5499,5515,5500,-1,5500,5515,353,-1,5500,353,5518,-1,5512,5510,5501,-1,5512,5501,5514,-1,5527,5502,5529,-1,5529,5502,5531,-1,5527,5525,5502,-1,5502,5525,5523,-1,5502,5523,5521,-1,5510,5508,5501,-1,5501,5508,5506,-1,5501,5506,5504,-1,5521,5519,5502,-1,5502,5519,5517,-1,5502,5517,5501,-1,5501,5517,5516,-1,5501,5516,5514,-1,5532,5533,5534,-1,5534,5533,5535,-1,5536,5532,5537,-1,5537,5532,5534,-1,5536,5537,5538,-1,5538,5537,5539,-1,5538,5539,5540,-1,5540,5539,5541,-1,5540,5541,5542,-1,5542,5541,5543,-1,5542,5543,5544,-1,5544,5543,5545,-1,5544,5545,5546,-1,5546,5545,5547,-1,5546,5547,5548,-1,5548,5547,5549,-1,5548,5549,461,-1,461,5549,5550,-1,461,5550,5551,-1,5551,5550,5552,-1,5551,5552,5553,-1,5553,5552,5554,-1,5553,5554,5555,-1,5555,5554,5556,-1,5555,5556,5557,-1,5557,5556,5558,-1,5557,5558,5559,-1,5559,5558,5560,-1,5559,5560,5561,-1,5561,5560,5562,-1,5561,5562,5563,-1,5563,5562,5564,-1,5533,5563,5535,-1,5535,5563,5564,-1,5532,5536,5538,-1,5538,5540,5532,-1,5532,5540,5542,-1,5532,5542,5544,-1,5551,5553,5533,-1,5533,5553,5555,-1,5533,5555,5557,-1,5557,5559,5533,-1,5533,5559,5561,-1,5533,5561,5563,-1,5544,5546,5532,-1,5532,5546,5548,-1,5532,5548,5533,-1,5533,5548,461,-1,5533,461,5551,-1,5545,5543,5534,-1,5545,5534,5547,-1,5560,5535,5562,-1,5562,5535,5564,-1,5560,5558,5535,-1,5535,5558,5556,-1,5535,5556,5554,-1,5543,5541,5534,-1,5534,5541,5539,-1,5534,5539,5537,-1,5554,5552,5535,-1,5535,5552,5550,-1,5535,5550,5534,-1,5534,5550,5549,-1,5534,5549,5547,-1,5565,5566,5567,-1,5567,5566,5568,-1,5569,5565,5570,-1,5570,5565,5567,-1,5569,5570,5571,-1,5571,5570,5572,-1,5571,5572,5573,-1,5573,5572,5574,-1,5573,5574,5575,-1,5575,5574,5576,-1,5575,5576,5577,-1,5577,5576,5578,-1,5577,5578,5579,-1,5579,5578,5580,-1,5579,5580,5581,-1,5581,5580,5582,-1,5581,5582,569,-1,569,5582,5583,-1,569,5583,5584,-1,5584,5583,5585,-1,5584,5585,5586,-1,5586,5585,5587,-1,5586,5587,5588,-1,5588,5587,5589,-1,5588,5589,5590,-1,5590,5589,5591,-1,5590,5591,5592,-1,5592,5591,5593,-1,5592,5593,5594,-1,5594,5593,5595,-1,5594,5595,5596,-1,5596,5595,5597,-1,5566,5596,5568,-1,5568,5596,5597,-1,5594,5596,5566,-1,5573,5565,5571,-1,5571,5565,5569,-1,5573,5575,5565,-1,5565,5575,5577,-1,5565,5577,5579,-1,5566,5586,5588,-1,5579,5581,5565,-1,5565,5581,569,-1,5565,569,5566,-1,5566,569,5584,-1,5566,5584,5586,-1,5588,5590,5566,-1,5566,5590,5592,-1,5566,5592,5594,-1,5583,5582,5567,-1,5582,5580,5567,-1,5567,5580,5578,-1,5567,5578,5576,-1,5576,5574,5567,-1,5567,5574,5572,-1,5567,5572,5570,-1,5597,5595,5568,-1,5568,5595,5593,-1,5583,5567,5585,-1,5585,5567,5568,-1,5585,5568,5587,-1,5593,5591,5568,-1,5568,5591,5589,-1,5568,5589,5587,-1,5598,5599,5600,-1,5600,5599,5601,-1,5602,5598,5603,-1,5603,5598,5600,-1,5602,5603,5604,-1,5604,5603,5605,-1,5604,5605,5606,-1,5606,5605,5607,-1,5606,5607,5608,-1,5608,5607,5609,-1,5608,5609,5610,-1,5610,5609,5611,-1,5610,5611,5612,-1,5612,5611,5613,-1,5612,5613,5614,-1,5614,5613,5615,-1,5614,5615,677,-1,677,5615,5616,-1,677,5616,5617,-1,5617,5616,5618,-1,5617,5618,5619,-1,5619,5618,5620,-1,5619,5620,5621,-1,5621,5620,5622,-1,5621,5622,5623,-1,5623,5622,5624,-1,5623,5624,5625,-1,5625,5624,5626,-1,5625,5626,5627,-1,5627,5626,5628,-1,5627,5628,5629,-1,5629,5628,5630,-1,5599,5629,5601,-1,5601,5629,5630,-1,5602,5604,5598,-1,5598,5604,5606,-1,5606,5608,5598,-1,5598,5608,5610,-1,5598,5610,5612,-1,5612,5614,5598,-1,5598,5614,677,-1,5598,677,5599,-1,5599,677,5617,-1,5617,5619,5599,-1,5599,5619,5621,-1,5599,5621,5623,-1,5623,5625,5599,-1,5599,5625,5627,-1,5599,5627,5629,-1,5605,5603,5600,-1,5611,5600,5613,-1,5613,5600,5615,-1,5611,5609,5600,-1,5600,5609,5607,-1,5600,5607,5605,-1,5601,5630,5628,-1,5628,5626,5601,-1,5601,5626,5624,-1,5601,5624,5622,-1,5622,5620,5601,-1,5601,5620,5618,-1,5601,5618,5600,-1,5600,5618,5616,-1,5600,5616,5615,-1,5631,5632,5633,-1,5633,5632,5634,-1,5635,5631,5636,-1,5636,5631,5633,-1,5635,5636,5637,-1,5637,5636,5638,-1,5637,5638,5639,-1,5639,5638,5640,-1,5639,5640,5641,-1,5641,5640,5642,-1,5641,5642,5643,-1,5643,5642,5644,-1,5643,5644,5645,-1,5645,5644,5646,-1,5645,5646,5647,-1,5647,5646,5648,-1,5647,5648,785,-1,785,5648,5649,-1,785,5649,5650,-1,5650,5649,5651,-1,5650,5651,5652,-1,5652,5651,5653,-1,5652,5653,5654,-1,5654,5653,5655,-1,5654,5655,5656,-1,5656,5655,5657,-1,5656,5657,5658,-1,5658,5657,5659,-1,5658,5659,5660,-1,5660,5659,5661,-1,5660,5661,5662,-1,5662,5661,5663,-1,5632,5662,5634,-1,5634,5662,5663,-1,5635,5637,5631,-1,5631,5637,5639,-1,5639,5641,5631,-1,5631,5641,5643,-1,5631,5643,5645,-1,5652,5654,5632,-1,5632,5654,5656,-1,5656,5658,5632,-1,5632,5658,5660,-1,5632,5660,5662,-1,5645,5647,5631,-1,5631,5647,785,-1,5631,785,5632,-1,5632,785,5650,-1,5632,5650,5652,-1,5638,5636,5633,-1,5644,5633,5646,-1,5646,5633,5648,-1,5634,5663,5661,-1,5644,5642,5633,-1,5633,5642,5640,-1,5633,5640,5638,-1,5661,5659,5634,-1,5634,5659,5657,-1,5634,5657,5655,-1,5655,5653,5634,-1,5634,5653,5651,-1,5634,5651,5633,-1,5633,5651,5649,-1,5633,5649,5648,-1,5664,5665,5666,-1,5666,5665,5667,-1,5668,5664,5669,-1,5669,5664,5666,-1,5668,5669,5670,-1,5670,5669,5671,-1,5670,5671,5672,-1,5672,5671,5673,-1,5672,5673,5674,-1,5674,5673,5675,-1,5674,5675,5676,-1,5676,5675,5677,-1,5676,5677,5678,-1,5678,5677,5679,-1,5678,5679,5680,-1,5680,5679,5681,-1,5680,5681,893,-1,893,5681,5682,-1,893,5682,5683,-1,5683,5682,5684,-1,5683,5684,5685,-1,5685,5684,5686,-1,5685,5686,5687,-1,5687,5686,5688,-1,5687,5688,5689,-1,5689,5688,5690,-1,5689,5690,5691,-1,5691,5690,5692,-1,5691,5692,5693,-1,5693,5692,5694,-1,5693,5694,5695,-1,5695,5694,5696,-1,5665,5695,5667,-1,5667,5695,5696,-1,5693,5695,5665,-1,5672,5664,5670,-1,5670,5664,5668,-1,5672,5674,5664,-1,5664,5674,5676,-1,5664,5676,5678,-1,5665,5685,5687,-1,5678,5680,5664,-1,5664,5680,893,-1,5664,893,5665,-1,5665,893,5683,-1,5665,5683,5685,-1,5687,5689,5665,-1,5665,5689,5691,-1,5665,5691,5693,-1,5682,5681,5666,-1,5681,5679,5666,-1,5666,5679,5677,-1,5666,5677,5675,-1,5675,5673,5666,-1,5666,5673,5671,-1,5666,5671,5669,-1,5696,5694,5667,-1,5667,5694,5692,-1,5682,5666,5684,-1,5684,5666,5667,-1,5684,5667,5686,-1,5692,5690,5667,-1,5667,5690,5688,-1,5667,5688,5686,-1,5697,5698,5699,-1,5699,5698,5700,-1,5701,5697,5702,-1,5702,5697,5699,-1,5701,5702,5703,-1,5703,5702,5704,-1,5703,5704,5705,-1,5705,5704,5706,-1,5705,5706,5707,-1,5707,5706,5708,-1,5707,5708,5709,-1,5709,5708,5710,-1,5709,5710,5711,-1,5711,5710,5712,-1,5711,5712,5713,-1,5713,5712,5714,-1,5713,5714,1001,-1,1001,5714,5715,-1,1001,5715,5716,-1,5716,5715,5717,-1,5716,5717,5718,-1,5718,5717,5719,-1,5718,5719,5720,-1,5720,5719,5721,-1,5720,5721,5722,-1,5722,5721,5723,-1,5722,5723,5724,-1,5724,5723,5725,-1,5724,5725,5726,-1,5726,5725,5727,-1,5726,5727,5728,-1,5728,5727,5729,-1,5698,5728,5700,-1,5700,5728,5729,-1,5697,5701,5703,-1,5703,5705,5697,-1,5697,5705,5707,-1,5697,5707,5709,-1,5716,5718,5698,-1,5698,5718,5720,-1,5698,5720,5722,-1,5722,5724,5698,-1,5698,5724,5726,-1,5698,5726,5728,-1,5709,5711,5697,-1,5697,5711,5713,-1,5697,5713,5698,-1,5698,5713,1001,-1,5698,1001,5716,-1,5710,5708,5699,-1,5710,5699,5712,-1,5725,5700,5727,-1,5727,5700,5729,-1,5725,5723,5700,-1,5700,5723,5721,-1,5700,5721,5719,-1,5708,5706,5699,-1,5699,5706,5704,-1,5699,5704,5702,-1,5719,5717,5700,-1,5700,5717,5715,-1,5700,5715,5699,-1,5699,5715,5714,-1,5699,5714,5712,-1,5730,5731,5732,-1,5732,5731,5733,-1,5734,5730,5735,-1,5735,5730,5732,-1,5734,5735,5736,-1,5736,5735,5737,-1,5736,5737,5738,-1,5738,5737,5739,-1,5738,5739,5740,-1,5740,5739,5741,-1,5740,5741,5742,-1,5742,5741,5743,-1,5742,5743,5744,-1,5744,5743,5745,-1,5744,5745,5746,-1,5746,5745,5747,-1,5746,5747,1109,-1,1109,5747,5748,-1,1109,5748,5749,-1,5749,5748,5750,-1,5749,5750,5751,-1,5751,5750,5752,-1,5751,5752,5753,-1,5753,5752,5754,-1,5753,5754,5755,-1,5755,5754,5756,-1,5755,5756,5757,-1,5757,5756,5758,-1,5757,5758,5759,-1,5759,5758,5760,-1,5759,5760,5761,-1,5761,5760,5762,-1,5731,5761,5733,-1,5733,5761,5762,-1,5730,5734,5736,-1,5736,5738,5730,-1,5730,5738,5740,-1,5730,5740,5742,-1,5749,5751,5731,-1,5731,5751,5753,-1,5731,5753,5755,-1,5755,5757,5731,-1,5731,5757,5759,-1,5731,5759,5761,-1,5742,5744,5730,-1,5730,5744,5746,-1,5730,5746,5731,-1,5731,5746,1109,-1,5731,1109,5749,-1,5743,5741,5732,-1,5743,5732,5745,-1,5758,5733,5760,-1,5760,5733,5762,-1,5758,5756,5733,-1,5733,5756,5754,-1,5733,5754,5752,-1,5741,5739,5732,-1,5732,5739,5737,-1,5732,5737,5735,-1,5752,5750,5733,-1,5733,5750,5748,-1,5733,5748,5732,-1,5732,5748,5747,-1,5732,5747,5745,-1,5763,5764,5765,-1,5765,5764,5766,-1,5767,5763,5768,-1,5768,5763,5765,-1,5767,5768,5769,-1,5769,5768,5770,-1,5769,5770,5771,-1,5771,5770,5772,-1,5771,5772,5773,-1,5773,5772,5774,-1,5773,5774,5775,-1,5775,5774,5776,-1,5775,5776,5777,-1,5777,5776,5778,-1,5777,5778,5779,-1,5779,5778,5780,-1,5779,5780,1217,-1,1217,5780,5781,-1,1217,5781,5782,-1,5782,5781,5783,-1,5782,5783,5784,-1,5784,5783,5785,-1,5784,5785,5786,-1,5786,5785,5787,-1,5786,5787,5788,-1,5788,5787,5789,-1,5788,5789,5790,-1,5790,5789,5791,-1,5790,5791,5792,-1,5792,5791,5793,-1,5792,5793,5794,-1,5794,5793,5795,-1,5764,5794,5766,-1,5766,5794,5795,-1,5792,5794,5764,-1,5767,5769,5763,-1,5763,5769,5771,-1,5784,5786,5764,-1,5771,5773,5763,-1,5763,5773,5775,-1,5763,5775,5777,-1,5786,5788,5764,-1,5764,5788,5790,-1,5764,5790,5792,-1,5777,5779,5763,-1,5763,5779,1217,-1,5763,1217,5764,-1,5764,1217,5782,-1,5764,5782,5784,-1,5770,5768,5765,-1,5778,5776,5765,-1,5795,5793,5766,-1,5766,5793,5791,-1,5776,5774,5765,-1,5765,5774,5772,-1,5765,5772,5770,-1,5791,5789,5766,-1,5766,5789,5787,-1,5766,5787,5785,-1,5785,5783,5766,-1,5766,5783,5781,-1,5766,5781,5765,-1,5765,5781,5780,-1,5765,5780,5778,-1,5796,5797,5798,-1,5798,5797,5799,-1,5800,5796,5801,-1,5801,5796,5798,-1,5800,5801,5802,-1,5802,5801,5803,-1,5802,5803,5804,-1,5804,5803,5805,-1,5804,5805,5806,-1,5806,5805,5807,-1,5806,5807,5808,-1,5808,5807,5809,-1,5808,5809,5810,-1,5810,5809,5811,-1,5810,5811,5812,-1,5812,5811,5813,-1,5812,5813,1325,-1,1325,5813,5814,-1,1325,5814,5815,-1,5815,5814,5816,-1,5815,5816,5817,-1,5817,5816,5818,-1,5817,5818,5819,-1,5819,5818,5820,-1,5819,5820,5821,-1,5821,5820,5822,-1,5821,5822,5823,-1,5823,5822,5824,-1,5823,5824,5825,-1,5825,5824,5826,-1,5825,5826,5827,-1,5827,5826,5828,-1,5797,5827,5799,-1,5799,5827,5828,-1,5825,5827,5797,-1,5800,5802,5796,-1,5796,5802,5804,-1,5817,5819,5797,-1,5804,5806,5796,-1,5796,5806,5808,-1,5796,5808,5810,-1,5819,5821,5797,-1,5797,5821,5823,-1,5797,5823,5825,-1,5810,5812,5796,-1,5796,5812,1325,-1,5796,1325,5797,-1,5797,1325,5815,-1,5797,5815,5817,-1,5803,5801,5798,-1,5811,5809,5798,-1,5828,5826,5799,-1,5799,5826,5824,-1,5809,5807,5798,-1,5798,5807,5805,-1,5798,5805,5803,-1,5824,5822,5799,-1,5799,5822,5820,-1,5799,5820,5818,-1,5818,5816,5799,-1,5799,5816,5814,-1,5799,5814,5798,-1,5798,5814,5813,-1,5798,5813,5811,-1,5829,5830,5831,-1,5831,5830,5832,-1,5833,5829,5834,-1,5834,5829,5831,-1,5833,5834,5835,-1,5835,5834,5836,-1,5835,5836,5837,-1,5837,5836,5838,-1,5837,5838,5839,-1,5839,5838,5840,-1,5839,5840,5841,-1,5841,5840,5842,-1,5841,5842,5843,-1,5843,5842,5844,-1,5843,5844,5845,-1,5845,5844,5846,-1,5845,5846,1433,-1,1433,5846,5847,-1,1433,5847,5848,-1,5848,5847,5849,-1,5848,5849,5850,-1,5850,5849,5851,-1,5850,5851,5852,-1,5852,5851,5853,-1,5852,5853,5854,-1,5854,5853,5855,-1,5854,5855,5856,-1,5856,5855,5857,-1,5856,5857,5858,-1,5858,5857,5859,-1,5858,5859,5860,-1,5860,5859,5861,-1,5830,5860,5832,-1,5832,5860,5861,-1,5858,5860,5830,-1,5833,5835,5829,-1,5829,5835,5837,-1,5850,5852,5830,-1,5837,5839,5829,-1,5829,5839,5841,-1,5829,5841,5843,-1,5852,5854,5830,-1,5830,5854,5856,-1,5830,5856,5858,-1,5843,5845,5829,-1,5829,5845,1433,-1,5829,1433,5830,-1,5830,1433,5848,-1,5830,5848,5850,-1,5836,5834,5831,-1,5844,5842,5831,-1,5861,5859,5832,-1,5832,5859,5857,-1,5842,5840,5831,-1,5831,5840,5838,-1,5831,5838,5836,-1,5857,5855,5832,-1,5832,5855,5853,-1,5832,5853,5851,-1,5851,5849,5832,-1,5832,5849,5847,-1,5832,5847,5831,-1,5831,5847,5846,-1,5831,5846,5844,-1,5862,5863,5864,-1,5864,5863,5865,-1,5864,5865,5866,-1,5866,5865,5867,-1,5866,5867,5868,-1,5868,5867,5869,-1,5868,5869,5870,-1,5870,5869,5871,-1,5870,5871,5872,-1,5872,5871,5873,-1,5872,5873,5874,-1,5874,5873,5875,-1,5874,5875,1591,-1,1591,5875,5876,-1,1591,5876,5877,-1,5877,5876,5878,-1,5877,5878,5879,-1,5879,5878,5880,-1,5879,5880,5881,-1,5881,5880,5882,-1,5881,5882,5883,-1,5883,5882,5884,-1,5883,5884,5885,-1,5885,5884,5886,-1,5885,5886,5887,-1,5887,5886,5888,-1,5887,5888,5889,-1,5889,5888,5890,-1,5891,5889,5892,-1,5892,5889,5890,-1,5893,5891,5894,-1,5894,5891,5892,-1,5862,5893,5863,-1,5863,5893,5894,-1,5887,5889,5891,-1,5862,5864,5893,-1,5893,5864,5866,-1,5879,5881,5891,-1,5866,5868,5893,-1,5893,5868,5870,-1,5893,5870,5872,-1,5881,5883,5891,-1,5891,5883,5885,-1,5891,5885,5887,-1,5872,5874,5893,-1,5893,5874,1591,-1,5893,1591,5891,-1,5891,1591,5877,-1,5891,5877,5879,-1,5865,5863,5894,-1,5890,5888,5892,-1,5892,5888,5886,-1,5873,5871,5894,-1,5886,5884,5892,-1,5892,5884,5882,-1,5892,5882,5880,-1,5871,5869,5894,-1,5894,5869,5867,-1,5894,5867,5865,-1,5880,5878,5892,-1,5892,5878,5876,-1,5892,5876,5894,-1,5894,5876,5875,-1,5894,5875,5873,-1,5895,5896,5897,-1,5897,5896,5898,-1,5897,5898,5899,-1,5899,5898,5900,-1,5899,5900,5901,-1,5901,5900,5902,-1,5901,5902,5903,-1,5903,5902,5904,-1,5903,5904,5905,-1,5905,5904,5906,-1,5905,5906,5907,-1,5907,5906,5908,-1,5907,5908,1699,-1,1699,5908,5909,-1,1699,5909,5910,-1,5910,5909,5911,-1,5910,5911,5912,-1,5912,5911,5913,-1,5912,5913,5914,-1,5914,5913,5915,-1,5914,5915,5916,-1,5916,5915,5917,-1,5916,5917,5918,-1,5918,5917,5919,-1,5918,5919,5920,-1,5920,5919,5921,-1,5920,5921,5922,-1,5922,5921,5923,-1,5924,5922,5925,-1,5925,5922,5923,-1,5926,5924,5927,-1,5927,5924,5925,-1,5895,5926,5896,-1,5896,5926,5927,-1,5920,5922,5924,-1,5895,5897,5926,-1,5926,5897,5899,-1,5912,5914,5924,-1,5899,5901,5926,-1,5926,5901,5903,-1,5926,5903,5905,-1,5914,5916,5924,-1,5924,5916,5918,-1,5924,5918,5920,-1,5905,5907,5926,-1,5926,5907,1699,-1,5926,1699,5924,-1,5924,1699,5910,-1,5924,5910,5912,-1,5898,5896,5927,-1,5923,5921,5925,-1,5925,5921,5919,-1,5906,5904,5927,-1,5919,5917,5925,-1,5925,5917,5915,-1,5925,5915,5913,-1,5904,5902,5927,-1,5927,5902,5900,-1,5927,5900,5898,-1,5913,5911,5925,-1,5925,5911,5909,-1,5925,5909,5927,-1,5927,5909,5908,-1,5927,5908,5906,-1,5928,5929,5930,-1,5930,5929,5931,-1,5930,5931,5932,-1,5932,5931,5933,-1,5932,5933,5934,-1,5934,5933,5935,-1,5934,5935,5936,-1,5936,5935,5937,-1,5936,5937,5938,-1,5938,5937,5939,-1,5938,5939,5940,-1,5940,5939,5941,-1,5940,5941,1807,-1,1807,5941,5942,-1,1807,5942,5943,-1,5943,5942,5944,-1,5943,5944,5945,-1,5945,5944,5946,-1,5945,5946,5947,-1,5947,5946,5948,-1,5947,5948,5949,-1,5949,5948,5950,-1,5949,5950,5951,-1,5951,5950,5952,-1,5951,5952,5953,-1,5953,5952,5954,-1,5953,5954,5955,-1,5955,5954,5956,-1,5957,5955,5958,-1,5958,5955,5956,-1,5959,5957,5960,-1,5960,5957,5958,-1,5928,5959,5929,-1,5929,5959,5960,-1,5953,5955,5957,-1,5945,5947,5957,-1,5947,5949,5957,-1,5957,5949,5951,-1,5957,5951,5953,-1,5928,5930,5959,-1,5959,5930,5932,-1,5932,5934,5959,-1,5959,5934,5936,-1,5959,5936,5938,-1,5938,5940,5959,-1,5959,5940,1807,-1,5959,1807,5957,-1,5957,1807,5943,-1,5957,5943,5945,-1,5931,5929,5960,-1,5952,5958,5954,-1,5954,5958,5956,-1,5939,5937,5960,-1,5952,5950,5958,-1,5958,5950,5948,-1,5958,5948,5946,-1,5937,5935,5960,-1,5960,5935,5933,-1,5960,5933,5931,-1,5946,5944,5958,-1,5958,5944,5942,-1,5958,5942,5960,-1,5960,5942,5941,-1,5960,5941,5939,-1,5961,5962,5963,-1,5963,5962,5964,-1,5963,5964,5965,-1,5965,5964,5966,-1,5965,5966,5967,-1,5967,5966,5968,-1,5967,5968,5969,-1,5969,5968,5970,-1,5969,5970,5971,-1,5971,5970,5972,-1,5971,5972,5973,-1,5973,5972,5974,-1,5973,5974,1915,-1,1915,5974,5975,-1,1915,5975,5976,-1,5976,5975,5977,-1,5976,5977,5978,-1,5978,5977,5979,-1,5978,5979,5980,-1,5980,5979,5981,-1,5980,5981,5982,-1,5982,5981,5983,-1,5982,5983,5984,-1,5984,5983,5985,-1,5984,5985,5986,-1,5986,5985,5987,-1,5986,5987,5988,-1,5988,5987,5989,-1,5990,5988,5991,-1,5991,5988,5989,-1,5992,5990,5993,-1,5993,5990,5991,-1,5961,5992,5962,-1,5962,5992,5993,-1,5986,5988,5990,-1,5961,5963,5992,-1,5992,5963,5965,-1,5990,5978,5980,-1,5965,5967,5992,-1,5992,5967,5969,-1,5992,5969,5971,-1,5980,5982,5990,-1,5990,5982,5984,-1,5990,5984,5986,-1,5971,5973,5992,-1,5992,5973,1915,-1,5992,1915,5990,-1,5990,1915,5976,-1,5990,5976,5978,-1,5964,5962,5993,-1,5985,5991,5987,-1,5987,5991,5989,-1,5985,5983,5991,-1,5991,5983,5981,-1,5991,5981,5979,-1,5993,5972,5970,-1,5979,5977,5991,-1,5991,5977,5975,-1,5991,5975,5993,-1,5993,5975,5974,-1,5993,5974,5972,-1,5970,5968,5993,-1,5993,5968,5966,-1,5993,5966,5964,-1,5994,5995,5996,-1,5996,5995,5997,-1,5996,5997,5998,-1,5998,5997,5999,-1,5998,5999,6000,-1,6000,5999,6001,-1,6000,6001,6002,-1,6002,6001,6003,-1,6002,6003,6004,-1,6004,6003,6005,-1,6004,6005,6006,-1,6006,6005,6007,-1,6006,6007,2023,-1,2023,6007,6008,-1,2023,6008,6009,-1,6009,6008,6010,-1,6009,6010,6011,-1,6011,6010,6012,-1,6011,6012,6013,-1,6013,6012,6014,-1,6013,6014,6015,-1,6015,6014,6016,-1,6015,6016,6017,-1,6017,6016,6018,-1,6017,6018,6019,-1,6019,6018,6020,-1,6019,6020,6021,-1,6021,6020,6022,-1,6023,6021,6024,-1,6024,6021,6022,-1,6025,6023,6026,-1,6026,6023,6024,-1,5994,6025,5995,-1,5995,6025,6026,-1,6019,6021,6023,-1,5994,5996,6025,-1,6025,5996,5998,-1,6023,6011,6013,-1,5998,6000,6025,-1,6025,6000,6002,-1,6025,6002,6004,-1,6013,6015,6023,-1,6023,6015,6017,-1,6023,6017,6019,-1,6004,6006,6025,-1,6025,6006,2023,-1,6025,2023,6023,-1,6023,2023,6009,-1,6023,6009,6011,-1,5997,5995,6026,-1,6018,6024,6020,-1,6020,6024,6022,-1,6018,6016,6024,-1,6024,6016,6014,-1,6024,6014,6012,-1,6026,6005,6003,-1,6012,6010,6024,-1,6024,6010,6008,-1,6024,6008,6026,-1,6026,6008,6007,-1,6026,6007,6005,-1,6003,6001,6026,-1,6026,6001,5999,-1,6026,5999,5997,-1,6027,6028,6029,-1,6029,6028,6030,-1,6029,6030,6031,-1,6031,6030,6032,-1,6031,6032,6033,-1,6033,6032,6034,-1,6033,6034,6035,-1,6035,6034,6036,-1,6035,6036,6037,-1,6037,6036,6038,-1,6037,6038,6039,-1,6039,6038,6040,-1,6039,6040,2131,-1,2131,6040,6041,-1,2131,6041,6042,-1,6042,6041,6043,-1,6042,6043,6044,-1,6044,6043,6045,-1,6044,6045,6046,-1,6046,6045,6047,-1,6046,6047,6048,-1,6048,6047,6049,-1,6048,6049,6050,-1,6050,6049,6051,-1,6050,6051,6052,-1,6052,6051,6053,-1,6052,6053,6054,-1,6054,6053,6055,-1,6056,6054,6057,-1,6057,6054,6055,-1,6058,6056,6059,-1,6059,6056,6057,-1,6027,6058,6028,-1,6028,6058,6059,-1,6052,6054,6056,-1,6031,6058,6029,-1,6029,6058,6027,-1,6031,6033,6058,-1,6058,6033,6035,-1,6058,6035,6037,-1,6056,6044,6046,-1,6037,6039,6058,-1,6058,6039,2131,-1,6058,2131,6056,-1,6056,2131,6042,-1,6056,6042,6044,-1,6046,6048,6056,-1,6056,6048,6050,-1,6056,6050,6052,-1,6030,6028,6059,-1,6051,6057,6053,-1,6053,6057,6055,-1,6059,6038,6036,-1,6051,6049,6057,-1,6057,6049,6047,-1,6057,6047,6045,-1,6036,6034,6059,-1,6059,6034,6032,-1,6059,6032,6030,-1,6045,6043,6057,-1,6057,6043,6041,-1,6057,6041,6059,-1,6059,6041,6040,-1,6059,6040,6038,-1,6060,6061,6062,-1,6062,6061,6063,-1,6062,6063,6064,-1,6064,6063,6065,-1,6064,6065,6066,-1,6066,6065,6067,-1,6066,6067,6068,-1,6068,6067,6069,-1,6068,6069,6070,-1,6070,6069,6071,-1,6070,6071,6072,-1,6072,6071,6073,-1,6072,6073,2239,-1,2239,6073,6074,-1,2239,6074,6075,-1,6075,6074,6076,-1,6075,6076,6077,-1,6077,6076,6078,-1,6077,6078,6079,-1,6079,6078,6080,-1,6079,6080,6081,-1,6081,6080,6082,-1,6081,6082,6083,-1,6083,6082,6084,-1,6083,6084,6085,-1,6085,6084,6086,-1,6085,6086,6087,-1,6087,6086,6088,-1,6089,6087,6090,-1,6090,6087,6088,-1,6091,6089,6092,-1,6092,6089,6090,-1,6060,6091,6061,-1,6061,6091,6092,-1,6085,6087,6089,-1,6091,6060,6062,-1,6075,6077,6089,-1,6089,6077,6079,-1,6062,6064,6091,-1,6091,6064,6066,-1,6091,6066,6068,-1,6079,6081,6089,-1,6089,6081,6083,-1,6089,6083,6085,-1,6068,6070,6091,-1,6091,6070,6072,-1,6091,6072,6089,-1,6089,6072,2239,-1,6089,2239,6075,-1,6063,6061,6092,-1,6088,6086,6090,-1,6090,6086,6084,-1,6071,6069,6092,-1,6084,6082,6090,-1,6090,6082,6080,-1,6090,6080,6078,-1,6069,6067,6092,-1,6092,6067,6065,-1,6092,6065,6063,-1,6078,6076,6090,-1,6090,6076,6074,-1,6090,6074,6092,-1,6092,6074,6073,-1,6092,6073,6071,-1,6093,6094,6095,-1,6095,6094,6096,-1,6095,6096,6097,-1,6097,6096,6098,-1,6097,6098,6099,-1,6099,6098,6100,-1,6099,6100,6101,-1,6101,6100,6102,-1,6101,6102,6103,-1,6103,6102,6104,-1,6103,6104,6105,-1,6105,6104,6106,-1,6105,6106,2347,-1,2347,6106,6107,-1,2347,6107,6108,-1,6108,6107,6109,-1,6108,6109,6110,-1,6110,6109,6111,-1,6110,6111,6112,-1,6112,6111,6113,-1,6112,6113,6114,-1,6114,6113,6115,-1,6114,6115,6116,-1,6116,6115,6117,-1,6116,6117,6118,-1,6118,6117,6119,-1,6118,6119,6120,-1,6120,6119,6121,-1,6122,6120,6123,-1,6123,6120,6121,-1,6124,6122,6125,-1,6125,6122,6123,-1,6093,6124,6094,-1,6094,6124,6125,-1,6118,6120,6122,-1,6093,6095,6124,-1,6124,6095,6097,-1,6122,6110,6112,-1,6097,6099,6124,-1,6124,6099,6101,-1,6124,6101,6103,-1,6103,6105,6124,-1,6124,6105,2347,-1,6124,2347,6122,-1,6122,2347,6108,-1,6122,6108,6110,-1,6112,6114,6122,-1,6122,6114,6116,-1,6122,6116,6118,-1,6096,6094,6125,-1,6117,6123,6119,-1,6119,6123,6121,-1,6125,6104,6102,-1,6117,6115,6123,-1,6123,6115,6113,-1,6123,6113,6111,-1,6111,6109,6123,-1,6123,6109,6107,-1,6123,6107,6125,-1,6125,6107,6106,-1,6125,6106,6104,-1,6102,6100,6125,-1,6125,6100,6098,-1,6125,6098,6096,-1,6126,6127,6128,-1,6128,6127,6129,-1,6128,6129,6130,-1,6130,6129,6131,-1,6130,6131,6132,-1,6132,6131,6133,-1,6132,6133,6134,-1,6134,6133,6135,-1,6134,6135,6136,-1,6136,6135,6137,-1,6136,6137,6138,-1,6138,6137,6139,-1,6138,6139,2455,-1,2455,6139,6140,-1,2455,6140,6141,-1,6141,6140,6142,-1,6141,6142,6143,-1,6143,6142,6144,-1,6143,6144,6145,-1,6145,6144,6146,-1,6145,6146,6147,-1,6147,6146,6148,-1,6147,6148,6149,-1,6149,6148,6150,-1,6149,6150,6151,-1,6151,6150,6152,-1,6151,6152,6153,-1,6153,6152,6154,-1,6155,6153,6156,-1,6156,6153,6154,-1,6157,6155,6158,-1,6158,6155,6156,-1,6126,6157,6127,-1,6127,6157,6158,-1,6151,6153,6155,-1,6130,6157,6128,-1,6128,6157,6126,-1,6130,6132,6157,-1,6157,6132,6134,-1,6157,6134,6136,-1,6155,6143,6145,-1,6136,6138,6157,-1,6157,6138,2455,-1,6157,2455,6155,-1,6155,2455,6141,-1,6155,6141,6143,-1,6145,6147,6155,-1,6155,6147,6149,-1,6155,6149,6151,-1,6129,6127,6158,-1,6150,6156,6152,-1,6152,6156,6154,-1,6158,6137,6135,-1,6150,6148,6156,-1,6156,6148,6146,-1,6156,6146,6144,-1,6135,6133,6158,-1,6158,6133,6131,-1,6158,6131,6129,-1,6144,6142,6156,-1,6156,6142,6140,-1,6156,6140,6158,-1,6158,6140,6139,-1,6158,6139,6137,-1,6159,6160,6161,-1,6161,6160,6162,-1,6161,6162,6163,-1,6163,6162,6164,-1,6163,6164,6165,-1,6165,6164,6166,-1,6165,6166,6167,-1,6167,6166,6168,-1,6167,6168,6169,-1,6169,6168,6170,-1,6169,6170,6171,-1,6171,6170,6172,-1,6171,6172,2563,-1,2563,6172,6173,-1,2563,6173,6174,-1,6174,6173,6175,-1,6174,6175,6176,-1,6176,6175,6177,-1,6176,6177,6178,-1,6178,6177,6179,-1,6178,6179,6180,-1,6180,6179,6181,-1,6180,6181,6182,-1,6182,6181,6183,-1,6182,6183,6184,-1,6184,6183,6185,-1,6184,6185,6186,-1,6186,6185,6187,-1,6188,6186,6189,-1,6189,6186,6187,-1,6190,6188,6191,-1,6191,6188,6189,-1,6159,6190,6160,-1,6160,6190,6191,-1,6184,6186,6188,-1,6159,6161,6190,-1,6190,6161,6163,-1,6188,6176,6178,-1,6163,6165,6190,-1,6190,6165,6167,-1,6190,6167,6169,-1,6178,6180,6188,-1,6188,6180,6182,-1,6188,6182,6184,-1,6169,6171,6190,-1,6190,6171,2563,-1,6190,2563,6188,-1,6188,2563,6174,-1,6188,6174,6176,-1,6162,6160,6191,-1,6183,6189,6185,-1,6185,6189,6187,-1,6183,6181,6189,-1,6189,6181,6179,-1,6189,6179,6177,-1,6191,6170,6168,-1,6177,6175,6189,-1,6189,6175,6173,-1,6189,6173,6191,-1,6191,6173,6172,-1,6191,6172,6170,-1,6168,6166,6191,-1,6191,6166,6164,-1,6191,6164,6162,-1,6192,6193,6194,-1,6194,6193,6195,-1,6194,6195,6196,-1,6196,6195,6197,-1,6196,6197,6198,-1,6198,6197,6199,-1,6198,6199,6200,-1,6200,6199,6201,-1,6200,6201,6202,-1,6202,6201,6203,-1,6202,6203,6204,-1,6204,6203,6205,-1,6204,6205,2671,-1,2671,6205,6206,-1,2671,6206,6207,-1,6207,6206,6208,-1,6207,6208,6209,-1,6209,6208,6210,-1,6209,6210,6211,-1,6211,6210,6212,-1,6211,6212,6213,-1,6213,6212,6214,-1,6213,6214,6215,-1,6215,6214,6216,-1,6215,6216,6217,-1,6217,6216,6218,-1,6217,6218,6219,-1,6219,6218,6220,-1,6221,6219,6222,-1,6222,6219,6220,-1,6223,6221,6224,-1,6224,6221,6222,-1,6192,6223,6193,-1,6193,6223,6224,-1,6217,6219,6221,-1,6192,6194,6223,-1,6223,6194,6196,-1,6221,6209,6211,-1,6196,6198,6223,-1,6223,6198,6200,-1,6223,6200,6202,-1,6211,6213,6221,-1,6221,6213,6215,-1,6221,6215,6217,-1,6202,6204,6223,-1,6223,6204,2671,-1,6223,2671,6221,-1,6221,2671,6207,-1,6221,6207,6209,-1,6195,6193,6224,-1,6216,6222,6218,-1,6218,6222,6220,-1,6216,6214,6222,-1,6222,6214,6212,-1,6222,6212,6210,-1,6224,6203,6201,-1,6210,6208,6222,-1,6222,6208,6206,-1,6222,6206,6224,-1,6224,6206,6205,-1,6224,6205,6203,-1,6201,6199,6224,-1,6224,6199,6197,-1,6224,6197,6195,-1,6225,6226,6227,-1,6227,6226,6228,-1,6227,6228,6229,-1,6229,6228,6230,-1,6229,6230,6231,-1,6231,6230,6232,-1,6231,6232,6233,-1,6233,6232,6234,-1,6233,6234,6235,-1,6235,6234,6236,-1,6235,6236,6237,-1,6237,6236,6238,-1,6237,6238,2779,-1,2779,6238,6239,-1,2779,6239,6240,-1,6240,6239,6241,-1,6240,6241,6242,-1,6242,6241,6243,-1,6242,6243,6244,-1,6244,6243,6245,-1,6244,6245,6246,-1,6246,6245,6247,-1,6246,6247,6248,-1,6248,6247,6249,-1,6248,6249,6250,-1,6250,6249,6251,-1,6250,6251,6252,-1,6252,6251,6253,-1,6254,6252,6255,-1,6255,6252,6253,-1,6256,6254,6257,-1,6257,6254,6255,-1,6225,6256,6226,-1,6226,6256,6257,-1,6250,6252,6254,-1,6256,6225,6227,-1,6227,6229,6256,-1,6256,6229,6231,-1,6256,6231,6233,-1,6242,6244,6254,-1,6242,6254,6240,-1,6244,6246,6254,-1,6254,6246,6248,-1,6254,6248,6250,-1,6233,6235,6256,-1,6256,6235,6237,-1,6256,6237,6254,-1,6254,6237,2779,-1,6254,2779,6240,-1,6228,6226,6257,-1,6253,6251,6255,-1,6255,6251,6249,-1,6257,6236,6234,-1,6234,6232,6257,-1,6257,6232,6230,-1,6257,6230,6228,-1,6249,6247,6255,-1,6255,6247,6245,-1,6255,6245,6243,-1,6243,6241,6255,-1,6255,6241,6239,-1,6255,6239,6257,-1,6257,6239,6238,-1,6257,6238,6236,-1,6258,6259,6260,-1,6260,6259,6261,-1,6260,6261,6262,-1,6262,6261,6263,-1,6262,6263,6264,-1,6264,6263,6265,-1,6264,6265,6266,-1,6266,6265,6267,-1,6266,6267,6268,-1,6268,6267,6269,-1,6268,6269,6270,-1,6270,6269,6271,-1,6270,6271,2887,-1,2887,6271,6272,-1,2887,6272,6273,-1,6273,6272,6274,-1,6273,6274,6275,-1,6275,6274,6276,-1,6275,6276,6277,-1,6277,6276,6278,-1,6277,6278,6279,-1,6279,6278,6280,-1,6279,6280,6281,-1,6281,6280,6282,-1,6281,6282,6283,-1,6283,6282,6284,-1,6283,6284,6285,-1,6285,6284,6286,-1,6287,6285,6288,-1,6288,6285,6286,-1,6289,6287,6290,-1,6290,6287,6288,-1,6258,6289,6259,-1,6259,6289,6290,-1,6283,6285,6287,-1,6258,6260,6289,-1,6289,6260,6262,-1,6275,6277,6287,-1,6262,6264,6289,-1,6289,6264,6266,-1,6289,6266,6268,-1,6277,6279,6287,-1,6287,6279,6281,-1,6287,6281,6283,-1,6268,6270,6289,-1,6289,6270,2887,-1,6289,2887,6287,-1,6287,2887,6273,-1,6287,6273,6275,-1,6261,6259,6290,-1,6286,6284,6288,-1,6288,6284,6282,-1,6269,6267,6290,-1,6282,6280,6288,-1,6288,6280,6278,-1,6288,6278,6276,-1,6267,6265,6290,-1,6290,6265,6263,-1,6290,6263,6261,-1,6276,6274,6288,-1,6288,6274,6272,-1,6288,6272,6290,-1,6290,6272,6271,-1,6290,6271,6269,-1,6291,6292,6293,-1,6293,6292,6294,-1,6293,6294,6295,-1,6295,6294,6296,-1,6295,6296,6297,-1,6297,6296,6298,-1,6297,6298,6299,-1,6299,6298,6300,-1,6299,6300,6301,-1,6301,6300,6302,-1,6301,6302,6303,-1,6303,6302,6304,-1,6303,6304,2945,-1,2945,6304,6305,-1,2945,6305,6306,-1,6306,6305,6307,-1,6306,6307,6308,-1,6308,6307,6309,-1,6308,6309,6310,-1,6310,6309,6311,-1,6310,6311,6312,-1,6312,6311,6313,-1,6312,6313,6314,-1,6314,6313,6315,-1,6314,6315,6316,-1,6316,6315,6317,-1,6316,6317,6318,-1,6318,6317,6319,-1,6320,6318,6321,-1,6321,6318,6319,-1,6322,6320,6323,-1,6323,6320,6321,-1,6291,6322,6292,-1,6292,6322,6323,-1,6316,6318,6320,-1,6291,6293,6322,-1,6322,6293,6295,-1,6308,6310,6320,-1,6295,6297,6322,-1,6322,6297,6299,-1,6322,6299,6301,-1,6310,6312,6320,-1,6320,6312,6314,-1,6320,6314,6316,-1,6301,6303,6322,-1,6322,6303,2945,-1,6322,2945,6320,-1,6320,2945,6306,-1,6320,6306,6308,-1,6294,6292,6323,-1,6319,6317,6321,-1,6321,6317,6315,-1,6302,6300,6323,-1,6315,6313,6321,-1,6321,6313,6311,-1,6321,6311,6309,-1,6300,6298,6323,-1,6323,6298,6296,-1,6323,6296,6294,-1,6309,6307,6321,-1,6321,6307,6305,-1,6321,6305,6323,-1,6323,6305,6304,-1,6323,6304,6302,-1,6324,6325,6326,-1,6326,6325,6327,-1,6328,6324,6329,-1,6329,6324,6326,-1,6330,6328,6331,-1,6331,6328,6329,-1,6330,6331,6332,-1,6332,6331,6333,-1,6332,6333,6334,-1,6334,6333,6335,-1,6334,6335,6336,-1,6336,6335,6337,-1,6336,6337,6338,-1,6338,6337,6339,-1,6338,6339,6340,-1,6340,6339,6341,-1,6340,6341,6342,-1,6342,6341,6343,-1,6342,6343,3053,-1,3053,6343,6344,-1,3053,6344,6345,-1,6345,6344,6346,-1,6345,6346,6347,-1,6347,6346,6348,-1,6347,6348,6349,-1,6349,6348,6350,-1,6349,6350,6351,-1,6351,6350,6352,-1,6351,6352,6353,-1,6353,6352,6354,-1,6353,6354,6355,-1,6355,6354,6356,-1,6355,6356,6325,-1,6325,6356,6327,-1,6355,6325,6324,-1,6330,6332,6328,-1,6328,6332,6334,-1,6347,6349,6324,-1,6334,6336,6328,-1,6328,6336,6338,-1,6328,6338,6340,-1,6349,6351,6324,-1,6324,6351,6353,-1,6324,6353,6355,-1,6340,6342,6328,-1,6328,6342,3053,-1,6328,3053,6324,-1,6324,3053,6345,-1,6324,6345,6347,-1,6333,6331,6329,-1,6327,6356,6326,-1,6326,6356,6354,-1,6329,6341,6339,-1,6354,6352,6326,-1,6326,6352,6350,-1,6326,6350,6348,-1,6339,6337,6329,-1,6329,6337,6335,-1,6329,6335,6333,-1,6348,6346,6326,-1,6326,6346,6344,-1,6326,6344,6329,-1,6329,6344,6343,-1,6329,6343,6341,-1,6357,6358,6359,-1,6359,6358,6360,-1,6361,6357,6362,-1,6362,6357,6359,-1,6361,6362,6363,-1,6363,6362,6364,-1,6363,6364,6365,-1,6365,6364,6366,-1,6365,6366,6367,-1,6367,6366,6368,-1,6367,6368,6369,-1,6369,6368,6370,-1,6369,6370,6371,-1,6371,6370,6372,-1,6371,6372,6373,-1,6373,6372,6374,-1,6373,6374,3161,-1,3161,6374,6375,-1,3161,6375,6376,-1,6376,6375,6377,-1,6376,6377,6378,-1,6378,6377,6379,-1,6378,6379,6380,-1,6380,6379,6381,-1,6380,6381,6382,-1,6382,6381,6383,-1,6382,6383,6384,-1,6384,6383,6385,-1,6384,6385,6386,-1,6386,6385,6387,-1,6386,6387,6388,-1,6388,6387,6389,-1,6358,6388,6360,-1,6360,6388,6389,-1,6386,6388,6358,-1,6361,6363,6357,-1,6357,6363,6365,-1,6358,6378,6380,-1,6365,6367,6357,-1,6357,6367,6369,-1,6357,6369,6371,-1,6371,6373,6357,-1,6357,6373,3161,-1,6357,3161,6358,-1,6358,3161,6376,-1,6358,6376,6378,-1,6380,6382,6358,-1,6358,6382,6384,-1,6358,6384,6386,-1,6364,6362,6359,-1,6389,6387,6360,-1,6360,6387,6385,-1,6385,6383,6360,-1,6360,6383,6381,-1,6360,6381,6379,-1,6379,6377,6360,-1,6360,6377,6375,-1,6360,6375,6359,-1,6375,6374,6359,-1,6359,6374,6372,-1,6359,6372,6370,-1,6370,6368,6359,-1,6359,6368,6366,-1,6359,6366,6364,-1,6390,6391,6392,-1,6392,6391,6393,-1,6394,6390,6395,-1,6395,6390,6392,-1,6394,6395,6396,-1,6396,6395,6397,-1,6396,6397,6398,-1,6398,6397,6399,-1,6398,6399,6400,-1,6400,6399,6401,-1,6400,6401,6402,-1,6402,6401,6403,-1,6402,6403,6404,-1,6404,6403,6405,-1,6404,6405,6406,-1,6406,6405,6407,-1,6406,6407,3269,-1,3269,6407,6408,-1,3269,6408,6409,-1,6409,6408,6410,-1,6409,6410,6411,-1,6411,6410,6412,-1,6411,6412,6413,-1,6413,6412,6414,-1,6413,6414,6415,-1,6415,6414,6416,-1,6415,6416,6417,-1,6417,6416,6418,-1,6417,6418,6419,-1,6419,6418,6420,-1,6419,6420,6421,-1,6421,6420,6422,-1,6391,6421,6393,-1,6393,6421,6422,-1,6394,6396,6390,-1,6390,6396,6398,-1,6398,6400,6390,-1,6390,6400,6402,-1,6390,6402,6404,-1,6404,6406,6390,-1,6390,6406,3269,-1,6390,3269,6391,-1,6391,3269,6409,-1,6409,6411,6391,-1,6391,6411,6413,-1,6391,6413,6415,-1,6415,6417,6391,-1,6391,6417,6419,-1,6391,6419,6421,-1,6397,6395,6392,-1,6418,6393,6420,-1,6420,6393,6422,-1,6418,6416,6393,-1,6393,6416,6414,-1,6393,6414,6412,-1,6412,6410,6393,-1,6393,6410,6408,-1,6393,6408,6392,-1,6408,6407,6392,-1,6392,6407,6405,-1,6392,6405,6403,-1,6403,6401,6392,-1,6392,6401,6399,-1,6392,6399,6397,-1,6423,6424,6425,-1,6425,6424,6426,-1,6427,6423,6428,-1,6428,6423,6425,-1,6427,6428,6429,-1,6429,6428,6430,-1,6429,6430,6431,-1,6431,6430,6432,-1,6431,6432,6433,-1,6433,6432,6434,-1,6433,6434,6435,-1,6435,6434,6436,-1,6435,6436,6437,-1,6437,6436,6438,-1,6437,6438,6439,-1,6439,6438,6440,-1,6439,6440,3377,-1,3377,6440,6441,-1,3377,6441,6442,-1,6442,6441,6443,-1,6442,6443,6444,-1,6444,6443,6445,-1,6444,6445,6446,-1,6446,6445,6447,-1,6446,6447,6448,-1,6448,6447,6449,-1,6448,6449,6450,-1,6450,6449,6451,-1,6450,6451,6452,-1,6452,6451,6453,-1,6452,6453,6454,-1,6454,6453,6455,-1,6424,6454,6426,-1,6426,6454,6455,-1,6452,6454,6424,-1,6427,6429,6423,-1,6423,6429,6431,-1,6444,6446,6424,-1,6431,6433,6423,-1,6423,6433,6435,-1,6423,6435,6437,-1,6446,6448,6424,-1,6424,6448,6450,-1,6424,6450,6452,-1,6437,6439,6423,-1,6423,6439,3377,-1,6423,3377,6424,-1,6424,3377,6442,-1,6424,6442,6444,-1,6426,6455,6453,-1,6434,6432,6425,-1,6425,6432,6430,-1,6425,6430,6428,-1,6453,6451,6426,-1,6426,6451,6449,-1,6426,6449,6447,-1,6440,6438,6425,-1,6425,6438,6436,-1,6425,6436,6434,-1,6447,6445,6426,-1,6426,6445,6443,-1,6426,6443,6425,-1,6425,6443,6441,-1,6425,6441,6440,-1,6456,6457,6458,-1,6458,6457,6459,-1,6460,6456,6461,-1,6461,6456,6458,-1,6460,6461,6462,-1,6462,6461,6463,-1,6462,6463,6464,-1,6464,6463,6465,-1,6464,6465,6466,-1,6466,6465,6467,-1,6466,6467,6468,-1,6468,6467,6469,-1,6468,6469,6470,-1,6470,6469,6471,-1,6470,6471,6472,-1,6472,6471,6473,-1,6472,6473,3485,-1,3485,6473,6474,-1,3485,6474,6475,-1,6475,6474,6476,-1,6475,6476,6477,-1,6477,6476,6478,-1,6477,6478,6479,-1,6479,6478,6480,-1,6479,6480,6481,-1,6481,6480,6482,-1,6481,6482,6483,-1,6483,6482,6484,-1,6483,6484,6485,-1,6485,6484,6486,-1,6485,6486,6487,-1,6487,6486,6488,-1,6457,6487,6459,-1,6459,6487,6488,-1,6456,6460,6462,-1,6462,6464,6456,-1,6456,6464,6466,-1,6456,6466,6468,-1,6475,6477,6457,-1,6457,6477,6479,-1,6457,6479,6481,-1,6481,6483,6457,-1,6457,6483,6485,-1,6457,6485,6487,-1,6468,6470,6456,-1,6456,6470,6472,-1,6456,6472,6457,-1,6457,6472,3485,-1,6457,3485,6475,-1,6463,6461,6458,-1,6471,6469,6458,-1,6488,6486,6459,-1,6459,6486,6484,-1,6469,6467,6458,-1,6458,6467,6465,-1,6458,6465,6463,-1,6484,6482,6459,-1,6459,6482,6480,-1,6459,6480,6478,-1,6478,6476,6459,-1,6459,6476,6474,-1,6459,6474,6458,-1,6458,6474,6473,-1,6458,6473,6471,-1,6489,6490,6491,-1,6491,6490,6492,-1,6493,6489,6494,-1,6494,6489,6491,-1,6493,6494,6495,-1,6495,6494,6496,-1,6495,6496,6497,-1,6497,6496,6498,-1,6497,6498,6499,-1,6499,6498,6500,-1,6499,6500,6501,-1,6501,6500,6502,-1,6501,6502,6503,-1,6503,6502,6504,-1,6503,6504,6505,-1,6505,6504,6506,-1,6505,6506,3593,-1,3593,6506,6507,-1,3593,6507,6508,-1,6508,6507,6509,-1,6508,6509,6510,-1,6510,6509,6511,-1,6510,6511,6512,-1,6512,6511,6513,-1,6512,6513,6514,-1,6514,6513,6515,-1,6514,6515,6516,-1,6516,6515,6517,-1,6516,6517,6518,-1,6518,6517,6519,-1,6518,6519,6520,-1,6520,6519,6521,-1,6490,6520,6492,-1,6492,6520,6521,-1,6489,6493,6495,-1,6495,6497,6489,-1,6489,6497,6499,-1,6489,6499,6501,-1,6508,6510,6490,-1,6490,6510,6512,-1,6490,6512,6514,-1,6514,6516,6490,-1,6490,6516,6518,-1,6490,6518,6520,-1,6501,6503,6489,-1,6489,6503,6505,-1,6489,6505,6490,-1,6490,6505,3593,-1,6490,3593,6508,-1,6496,6494,6491,-1,6504,6502,6491,-1,6517,6492,6519,-1,6519,6492,6521,-1,6517,6515,6492,-1,6492,6515,6513,-1,6492,6513,6511,-1,6502,6500,6491,-1,6491,6500,6498,-1,6491,6498,6496,-1,6511,6509,6492,-1,6492,6509,6507,-1,6492,6507,6491,-1,6491,6507,6506,-1,6491,6506,6504,-1,6522,6523,6524,-1,6524,6523,6525,-1,6526,6522,6527,-1,6527,6522,6524,-1,6526,6527,6528,-1,6528,6527,6529,-1,6528,6529,6530,-1,6530,6529,6531,-1,6530,6531,6532,-1,6532,6531,6533,-1,6532,6533,6534,-1,6534,6533,6535,-1,6534,6535,6536,-1,6536,6535,6537,-1,6536,6537,6538,-1,6538,6537,6539,-1,6538,6539,3701,-1,3701,6539,6540,-1,3701,6540,6541,-1,6541,6540,6542,-1,6541,6542,6543,-1,6543,6542,6544,-1,6543,6544,6545,-1,6545,6544,6546,-1,6545,6546,6547,-1,6547,6546,6548,-1,6547,6548,6549,-1,6549,6548,6550,-1,6549,6550,6551,-1,6551,6550,6552,-1,6551,6552,6553,-1,6553,6552,6554,-1,6523,6553,6525,-1,6525,6553,6554,-1,6522,6526,6528,-1,6528,6530,6522,-1,6522,6530,6532,-1,6522,6532,6534,-1,6541,6543,6523,-1,6523,6543,6545,-1,6523,6545,6547,-1,6547,6549,6523,-1,6523,6549,6551,-1,6523,6551,6553,-1,6534,6536,6522,-1,6522,6536,6538,-1,6522,6538,6523,-1,6523,6538,3701,-1,6523,3701,6541,-1,6529,6527,6524,-1,6537,6535,6524,-1,6535,6533,6524,-1,6524,6533,6531,-1,6524,6531,6529,-1,6554,6552,6525,-1,6525,6552,6550,-1,6550,6548,6525,-1,6525,6548,6546,-1,6525,6546,6544,-1,6544,6542,6525,-1,6525,6542,6540,-1,6525,6540,6524,-1,6524,6540,6539,-1,6524,6539,6537,-1,6555,6556,6557,-1,6557,6556,6558,-1,6559,6555,6560,-1,6560,6555,6557,-1,6559,6560,6561,-1,6561,6560,6562,-1,6561,6562,6563,-1,6563,6562,6564,-1,6563,6564,6565,-1,6565,6564,6566,-1,6565,6566,6567,-1,6567,6566,6568,-1,6567,6568,6569,-1,6569,6568,6570,-1,6569,6570,6571,-1,6571,6570,6572,-1,6571,6572,3809,-1,3809,6572,6573,-1,3809,6573,6574,-1,6574,6573,6575,-1,6574,6575,6576,-1,6576,6575,6577,-1,6576,6577,6578,-1,6578,6577,6579,-1,6578,6579,6580,-1,6580,6579,6581,-1,6580,6581,6582,-1,6582,6581,6583,-1,6582,6583,6584,-1,6584,6583,6585,-1,6584,6585,6586,-1,6586,6585,6587,-1,6556,6586,6558,-1,6558,6586,6587,-1,6559,6561,6555,-1,6555,6561,6563,-1,6563,6565,6555,-1,6555,6565,6567,-1,6555,6567,6569,-1,6576,6578,6556,-1,6556,6578,6580,-1,6580,6582,6556,-1,6556,6582,6584,-1,6556,6584,6586,-1,6569,6571,6555,-1,6555,6571,3809,-1,6555,3809,6556,-1,6556,3809,6574,-1,6556,6574,6576,-1,6562,6560,6557,-1,6570,6568,6557,-1,6558,6587,6585,-1,6570,6557,6572,-1,6568,6566,6557,-1,6557,6566,6564,-1,6557,6564,6562,-1,6585,6583,6558,-1,6558,6583,6581,-1,6558,6581,6579,-1,6579,6577,6558,-1,6558,6577,6575,-1,6558,6575,6557,-1,6557,6575,6573,-1,6557,6573,6572,-1,6588,6589,6590,-1,6590,6589,6591,-1,6592,6588,6593,-1,6593,6588,6590,-1,6592,6593,6594,-1,6594,6593,6595,-1,6594,6595,6596,-1,6596,6595,6597,-1,6596,6597,6598,-1,6598,6597,6599,-1,6598,6599,6600,-1,6600,6599,6601,-1,6600,6601,6602,-1,6602,6601,6603,-1,6602,6603,6604,-1,6604,6603,6605,-1,6604,6605,3917,-1,3917,6605,6606,-1,3917,6606,6607,-1,6607,6606,6608,-1,6607,6608,6609,-1,6609,6608,6610,-1,6609,6610,6611,-1,6611,6610,6612,-1,6611,6612,6613,-1,6613,6612,6614,-1,6613,6614,6615,-1,6615,6614,6616,-1,6615,6616,6617,-1,6617,6616,6618,-1,6617,6618,6619,-1,6619,6618,6620,-1,6589,6619,6591,-1,6591,6619,6620,-1,6617,6619,6589,-1,6592,6594,6588,-1,6588,6594,6596,-1,6589,6609,6611,-1,6596,6598,6588,-1,6588,6598,6600,-1,6588,6600,6602,-1,6602,6604,6588,-1,6588,6604,3917,-1,6588,3917,6589,-1,6589,3917,6607,-1,6589,6607,6609,-1,6611,6613,6589,-1,6589,6613,6615,-1,6589,6615,6617,-1,6595,6593,6590,-1,6620,6618,6591,-1,6591,6618,6616,-1,6616,6614,6591,-1,6591,6614,6612,-1,6591,6612,6610,-1,6610,6608,6591,-1,6591,6608,6606,-1,6591,6606,6590,-1,6606,6605,6590,-1,6590,6605,6603,-1,6590,6603,6601,-1,6601,6599,6590,-1,6590,6599,6597,-1,6590,6597,6595,-1,6621,6622,6623,-1,6623,6622,6624,-1,6625,6621,6626,-1,6626,6621,6623,-1,6625,6626,6627,-1,6627,6626,6628,-1,6627,6628,6629,-1,6629,6628,6630,-1,6629,6630,6631,-1,6631,6630,6632,-1,6631,6632,6633,-1,6633,6632,6634,-1,6633,6634,6635,-1,6635,6634,6636,-1,6635,6636,6637,-1,6637,6636,6638,-1,6637,6638,4025,-1,4025,6638,6639,-1,4025,6639,6640,-1,6640,6639,6641,-1,6640,6641,6642,-1,6642,6641,6643,-1,6642,6643,6644,-1,6644,6643,6645,-1,6644,6645,6646,-1,6646,6645,6647,-1,6646,6647,6648,-1,6648,6647,6649,-1,6648,6649,6650,-1,6650,6649,6651,-1,6650,6651,6652,-1,6652,6651,6653,-1,6622,6652,6624,-1,6624,6652,6653,-1,6650,6652,6622,-1,6625,6627,6621,-1,6621,6627,6629,-1,6622,6642,6644,-1,6629,6631,6621,-1,6621,6631,6633,-1,6621,6633,6635,-1,6635,6637,6621,-1,6621,6637,4025,-1,6621,4025,6622,-1,6622,4025,6640,-1,6622,6640,6642,-1,6644,6646,6622,-1,6622,6646,6648,-1,6622,6648,6650,-1,6628,6626,6623,-1,6653,6651,6624,-1,6624,6651,6649,-1,6649,6647,6624,-1,6624,6647,6645,-1,6624,6645,6643,-1,6643,6641,6624,-1,6624,6641,6639,-1,6624,6639,6623,-1,6639,6638,6623,-1,6623,6638,6636,-1,6623,6636,6634,-1,6634,6632,6623,-1,6623,6632,6630,-1,6623,6630,6628,-1,6654,6655,6656,-1,6656,6655,6657,-1,6658,6654,6659,-1,6659,6654,6656,-1,6658,6659,6660,-1,6660,6659,6661,-1,6660,6661,6662,-1,6662,6661,6663,-1,6662,6663,6664,-1,6664,6663,6665,-1,6664,6665,6666,-1,6666,6665,6667,-1,6666,6667,6668,-1,6668,6667,6669,-1,6668,6669,6670,-1,6670,6669,6671,-1,6670,6671,4133,-1,4133,6671,6672,-1,4133,6672,6673,-1,6673,6672,6674,-1,6673,6674,6675,-1,6675,6674,6676,-1,6675,6676,6677,-1,6677,6676,6678,-1,6677,6678,6679,-1,6679,6678,6680,-1,6679,6680,6681,-1,6681,6680,6682,-1,6681,6682,6683,-1,6683,6682,6684,-1,6683,6684,6685,-1,6685,6684,6686,-1,6655,6685,6657,-1,6657,6685,6686,-1,6683,6685,6655,-1,6658,6660,6654,-1,6654,6660,6662,-1,6675,6677,6655,-1,6662,6664,6654,-1,6654,6664,6666,-1,6654,6666,6668,-1,6677,6679,6655,-1,6655,6679,6681,-1,6655,6681,6683,-1,6668,6670,6654,-1,6654,6670,4133,-1,6654,4133,6655,-1,6655,4133,6673,-1,6655,6673,6675,-1,6661,6659,6656,-1,6686,6684,6657,-1,6657,6684,6682,-1,6656,6669,6667,-1,6682,6680,6657,-1,6657,6680,6678,-1,6657,6678,6676,-1,6667,6665,6656,-1,6656,6665,6663,-1,6656,6663,6661,-1,6676,6674,6657,-1,6657,6674,6672,-1,6657,6672,6656,-1,6656,6672,6671,-1,6656,6671,6669,-1,6687,6688,6689,-1,6689,6688,6690,-1,6689,6690,6691,-1,6691,6690,6692,-1,6691,6692,6693,-1,6693,6692,6694,-1,6693,6694,6695,-1,6695,6694,6696,-1,6695,6696,6697,-1,6697,6696,6698,-1,6697,6698,6699,-1,6699,6698,6700,-1,6699,6700,4291,-1,4291,6700,6701,-1,4291,6701,6702,-1,6702,6701,6703,-1,6702,6703,6704,-1,6704,6703,6705,-1,6704,6705,6706,-1,6706,6705,6707,-1,6706,6707,6708,-1,6708,6707,6709,-1,6708,6709,6710,-1,6710,6709,6711,-1,6710,6711,6712,-1,6712,6711,6713,-1,6712,6713,6714,-1,6714,6713,6715,-1,6716,6714,6717,-1,6717,6714,6715,-1,6718,6716,6719,-1,6719,6716,6717,-1,6687,6718,6688,-1,6688,6718,6719,-1,6712,6714,6716,-1,6687,6689,6718,-1,6718,6689,6691,-1,6704,6706,6716,-1,6691,6693,6718,-1,6718,6693,6695,-1,6718,6695,6697,-1,6706,6708,6716,-1,6716,6708,6710,-1,6716,6710,6712,-1,6697,6699,6718,-1,6718,6699,4291,-1,6718,4291,6716,-1,6716,4291,6702,-1,6716,6702,6704,-1,6690,6688,6719,-1,6715,6713,6717,-1,6717,6713,6711,-1,6719,6698,6696,-1,6711,6709,6717,-1,6717,6709,6707,-1,6717,6707,6705,-1,6696,6694,6719,-1,6719,6694,6692,-1,6719,6692,6690,-1,6705,6703,6717,-1,6717,6703,6701,-1,6717,6701,6719,-1,6719,6701,6700,-1,6719,6700,6698,-1,6720,6721,6722,-1,6722,6721,6723,-1,6722,6723,6724,-1,6724,6723,6725,-1,6724,6725,6726,-1,6726,6725,6727,-1,6726,6727,6728,-1,6728,6727,6729,-1,6728,6729,6730,-1,6730,6729,6731,-1,6730,6731,6732,-1,6732,6731,6733,-1,6732,6733,4399,-1,4399,6733,6734,-1,4399,6734,6735,-1,6735,6734,6736,-1,6735,6736,6737,-1,6737,6736,6738,-1,6737,6738,6739,-1,6739,6738,6740,-1,6739,6740,6741,-1,6741,6740,6742,-1,6741,6742,6743,-1,6743,6742,6744,-1,6743,6744,6745,-1,6745,6744,6746,-1,6745,6746,6747,-1,6747,6746,6748,-1,6749,6747,6750,-1,6750,6747,6748,-1,6751,6749,6752,-1,6752,6749,6750,-1,6720,6751,6721,-1,6721,6751,6752,-1,6720,6722,6751,-1,6751,6722,6724,-1,6724,6726,6751,-1,6751,6726,6728,-1,6751,6728,6730,-1,6730,6732,6751,-1,6751,6732,4399,-1,6751,4399,6749,-1,6749,4399,6735,-1,6735,6737,6749,-1,6749,6737,6739,-1,6749,6739,6741,-1,6741,6743,6749,-1,6749,6743,6745,-1,6749,6745,6747,-1,6723,6721,6752,-1,6744,6750,6746,-1,6746,6750,6748,-1,6744,6742,6750,-1,6750,6742,6740,-1,6750,6740,6738,-1,6738,6736,6750,-1,6750,6736,6734,-1,6750,6734,6752,-1,6734,6733,6752,-1,6752,6733,6731,-1,6752,6731,6729,-1,6729,6727,6752,-1,6752,6727,6725,-1,6752,6725,6723,-1,6753,6754,6755,-1,6755,6754,6756,-1,6755,6756,6757,-1,6757,6756,6758,-1,6757,6758,6759,-1,6759,6758,6760,-1,6759,6760,6761,-1,6761,6760,6762,-1,6761,6762,6763,-1,6763,6762,6764,-1,6763,6764,6765,-1,6765,6764,6766,-1,6765,6766,4507,-1,4507,6766,6767,-1,4507,6767,6768,-1,6768,6767,6769,-1,6768,6769,6770,-1,6770,6769,6771,-1,6770,6771,6772,-1,6772,6771,6773,-1,6772,6773,6774,-1,6774,6773,6775,-1,6774,6775,6776,-1,6776,6775,6777,-1,6776,6777,6778,-1,6778,6777,6779,-1,6778,6779,6780,-1,6780,6779,6781,-1,6782,6780,6783,-1,6783,6780,6781,-1,6784,6782,6785,-1,6785,6782,6783,-1,6753,6784,6754,-1,6754,6784,6785,-1,6753,6755,6784,-1,6784,6755,6757,-1,6757,6759,6784,-1,6784,6759,6761,-1,6784,6761,6763,-1,6763,6765,6784,-1,6784,6765,4507,-1,6784,4507,6782,-1,6782,4507,6768,-1,6768,6770,6782,-1,6782,6770,6772,-1,6782,6772,6774,-1,6774,6776,6782,-1,6782,6776,6778,-1,6782,6778,6780,-1,6756,6754,6785,-1,6777,6783,6779,-1,6779,6783,6781,-1,6777,6775,6783,-1,6783,6775,6773,-1,6783,6773,6771,-1,6771,6769,6783,-1,6783,6769,6767,-1,6783,6767,6785,-1,6767,6766,6785,-1,6785,6766,6764,-1,6785,6764,6762,-1,6762,6760,6785,-1,6785,6760,6758,-1,6785,6758,6756,-1,6786,6787,6788,-1,6788,6787,6789,-1,6788,6789,6790,-1,6790,6789,6791,-1,6790,6791,6792,-1,6792,6791,6793,-1,6792,6793,6794,-1,6794,6793,6795,-1,6794,6795,6796,-1,6796,6795,6797,-1,6796,6797,6798,-1,6798,6797,6799,-1,6798,6799,4615,-1,4615,6799,6800,-1,4615,6800,6801,-1,6801,6800,6802,-1,6801,6802,6803,-1,6803,6802,6804,-1,6803,6804,6805,-1,6805,6804,6806,-1,6805,6806,6807,-1,6807,6806,6808,-1,6807,6808,6809,-1,6809,6808,6810,-1,6809,6810,6811,-1,6811,6810,6812,-1,6811,6812,6813,-1,6813,6812,6814,-1,6815,6813,6816,-1,6816,6813,6814,-1,6817,6815,6818,-1,6818,6815,6816,-1,6786,6817,6787,-1,6787,6817,6818,-1,6817,6786,6788,-1,6788,6790,6817,-1,6817,6790,6792,-1,6817,6792,6794,-1,6801,6803,6815,-1,6815,6803,6805,-1,6815,6805,6807,-1,6807,6809,6815,-1,6815,6809,6811,-1,6815,6811,6813,-1,6794,6796,6817,-1,6817,6796,6798,-1,6817,6798,6815,-1,6815,6798,4615,-1,6815,4615,6801,-1,6810,6816,6812,-1,6812,6816,6814,-1,6810,6808,6816,-1,6816,6808,6806,-1,6816,6806,6804,-1,6797,6795,6818,-1,6818,6795,6793,-1,6793,6791,6818,-1,6818,6791,6789,-1,6818,6789,6787,-1,6804,6802,6816,-1,6816,6802,6800,-1,6816,6800,6818,-1,6818,6800,6799,-1,6818,6799,6797,-1,6819,6820,6821,-1,6821,6820,6822,-1,6821,6822,6823,-1,6823,6822,6824,-1,6823,6824,6825,-1,6825,6824,6826,-1,6825,6826,6827,-1,6827,6826,6828,-1,6827,6828,6829,-1,6829,6828,6830,-1,6829,6830,6831,-1,6831,6830,6832,-1,6831,6832,4723,-1,4723,6832,6833,-1,4723,6833,6834,-1,6834,6833,6835,-1,6834,6835,6836,-1,6836,6835,6837,-1,6836,6837,6838,-1,6838,6837,6839,-1,6838,6839,6840,-1,6840,6839,6841,-1,6840,6841,6842,-1,6842,6841,6843,-1,6842,6843,6844,-1,6844,6843,6845,-1,6844,6845,6846,-1,6846,6845,6847,-1,6848,6846,6849,-1,6849,6846,6847,-1,6850,6848,6851,-1,6851,6848,6849,-1,6819,6850,6820,-1,6820,6850,6851,-1,6850,6819,6821,-1,6834,6836,6848,-1,6848,6836,6838,-1,6848,6838,6840,-1,6840,6842,6848,-1,6848,6842,6844,-1,6848,6844,6846,-1,6821,6823,6850,-1,6850,6823,6825,-1,6850,6825,6827,-1,6827,6829,6850,-1,6850,6829,6831,-1,6850,6831,6848,-1,6848,6831,4723,-1,6848,4723,6834,-1,6822,6820,6851,-1,6843,6849,6845,-1,6845,6849,6847,-1,6843,6841,6849,-1,6849,6841,6839,-1,6849,6839,6837,-1,6851,6830,6828,-1,6837,6835,6849,-1,6849,6835,6833,-1,6849,6833,6851,-1,6851,6833,6832,-1,6851,6832,6830,-1,6828,6826,6851,-1,6851,6826,6824,-1,6851,6824,6822,-1,6852,6853,6854,-1,6854,6853,6855,-1,6854,6855,6856,-1,6856,6855,6857,-1,6856,6857,6858,-1,6858,6857,6859,-1,6858,6859,6860,-1,6860,6859,6861,-1,6860,6861,6862,-1,6862,6861,6863,-1,6862,6863,6864,-1,6864,6863,6865,-1,6864,6865,4831,-1,4831,6865,6866,-1,4831,6866,6867,-1,6867,6866,6868,-1,6867,6868,6869,-1,6869,6868,6870,-1,6869,6870,6871,-1,6871,6870,6872,-1,6871,6872,6873,-1,6873,6872,6874,-1,6873,6874,6875,-1,6875,6874,6876,-1,6875,6876,6877,-1,6877,6876,6878,-1,6877,6878,6879,-1,6879,6878,6880,-1,6881,6879,6882,-1,6882,6879,6880,-1,6883,6881,6884,-1,6884,6881,6882,-1,6852,6883,6853,-1,6853,6883,6884,-1,6856,6883,6854,-1,6854,6883,6852,-1,6856,6858,6883,-1,6883,6858,6860,-1,6883,6860,6862,-1,6862,6864,6883,-1,6883,6864,4831,-1,6883,4831,6881,-1,6881,4831,6867,-1,6867,6869,6881,-1,6881,6869,6871,-1,6881,6871,6873,-1,6873,6875,6881,-1,6881,6875,6877,-1,6881,6877,6879,-1,6876,6882,6878,-1,6878,6882,6880,-1,6876,6874,6882,-1,6882,6874,6872,-1,6882,6872,6870,-1,6870,6868,6882,-1,6882,6868,6866,-1,6882,6866,6884,-1,6884,6866,6865,-1,6865,6863,6884,-1,6884,6863,6861,-1,6884,6861,6859,-1,6859,6857,6884,-1,6884,6857,6855,-1,6884,6855,6853,-1,6885,6886,6887,-1,6887,6886,6888,-1,6887,6888,6889,-1,6889,6888,6890,-1,6889,6890,6891,-1,6891,6890,6892,-1,6891,6892,6893,-1,6893,6892,6894,-1,6893,6894,6895,-1,6895,6894,6896,-1,6895,6896,6897,-1,6897,6896,6898,-1,6897,6898,4939,-1,4939,6898,6899,-1,4939,6899,6900,-1,6900,6899,6901,-1,6900,6901,6902,-1,6902,6901,6903,-1,6902,6903,6904,-1,6904,6903,6905,-1,6904,6905,6906,-1,6906,6905,6907,-1,6906,6907,6908,-1,6908,6907,6909,-1,6908,6909,6910,-1,6910,6909,6911,-1,6910,6911,6912,-1,6912,6911,6913,-1,6914,6912,6915,-1,6915,6912,6913,-1,6916,6914,6917,-1,6917,6914,6915,-1,6885,6916,6886,-1,6886,6916,6917,-1,6910,6912,6914,-1,6916,6885,6887,-1,6887,6889,6916,-1,6916,6889,6891,-1,6916,6891,6893,-1,6900,6902,6914,-1,6914,6902,6904,-1,6893,6895,6916,-1,6916,6895,6897,-1,6916,6897,6914,-1,6914,6897,4939,-1,6914,4939,6900,-1,6904,6906,6914,-1,6914,6906,6908,-1,6914,6908,6910,-1,6896,6894,6917,-1,6917,6894,6892,-1,6892,6890,6917,-1,6917,6890,6888,-1,6917,6888,6886,-1,6913,6911,6915,-1,6915,6911,6909,-1,6909,6907,6915,-1,6915,6907,6905,-1,6915,6905,6903,-1,6903,6901,6915,-1,6915,6901,6899,-1,6915,6899,6917,-1,6917,6899,6898,-1,6917,6898,6896,-1,6918,6919,6920,-1,6920,6919,6921,-1,6920,6921,6922,-1,6922,6921,6923,-1,6922,6923,6924,-1,6924,6923,6925,-1,6924,6925,6926,-1,6926,6925,6927,-1,6926,6927,6928,-1,6928,6927,6929,-1,6928,6929,6930,-1,6930,6929,6931,-1,6930,6931,5047,-1,5047,6931,6932,-1,5047,6932,6933,-1,6933,6932,6934,-1,6933,6934,6935,-1,6935,6934,6936,-1,6935,6936,6937,-1,6937,6936,6938,-1,6937,6938,6939,-1,6939,6938,6940,-1,6939,6940,6941,-1,6941,6940,6942,-1,6941,6942,6943,-1,6943,6942,6944,-1,6943,6944,6945,-1,6945,6944,6946,-1,6947,6945,6948,-1,6948,6945,6946,-1,6949,6947,6950,-1,6950,6947,6948,-1,6918,6949,6919,-1,6919,6949,6950,-1,6949,6918,6920,-1,6933,6935,6947,-1,6947,6935,6937,-1,6947,6937,6939,-1,6939,6941,6947,-1,6947,6941,6943,-1,6947,6943,6945,-1,6920,6922,6949,-1,6949,6922,6924,-1,6949,6924,6926,-1,6926,6928,6949,-1,6949,6928,6930,-1,6949,6930,6947,-1,6947,6930,5047,-1,6947,5047,6933,-1,6921,6919,6950,-1,6942,6948,6944,-1,6944,6948,6946,-1,6942,6940,6948,-1,6948,6940,6938,-1,6948,6938,6936,-1,6950,6929,6927,-1,6936,6934,6948,-1,6948,6934,6932,-1,6948,6932,6950,-1,6950,6932,6931,-1,6950,6931,6929,-1,6927,6925,6950,-1,6950,6925,6923,-1,6950,6923,6921,-1,6951,6952,6953,-1,6953,6952,6954,-1,6953,6954,6955,-1,6955,6954,6956,-1,6955,6956,6957,-1,6957,6956,6958,-1,6957,6958,6959,-1,6959,6958,6960,-1,6959,6960,6961,-1,6961,6960,6962,-1,6961,6962,6963,-1,6963,6962,6964,-1,6963,6964,5155,-1,5155,6964,6965,-1,5155,6965,6966,-1,6966,6965,6967,-1,6966,6967,6968,-1,6968,6967,6969,-1,6968,6969,6970,-1,6970,6969,6971,-1,6970,6971,6972,-1,6972,6971,6973,-1,6972,6973,6974,-1,6974,6973,6975,-1,6974,6975,6976,-1,6976,6975,6977,-1,6976,6977,6978,-1,6978,6977,6979,-1,6980,6978,6981,-1,6981,6978,6979,-1,6982,6980,6983,-1,6983,6980,6981,-1,6951,6982,6952,-1,6952,6982,6983,-1,6955,6982,6953,-1,6953,6982,6951,-1,6955,6957,6982,-1,6982,6957,6959,-1,6982,6959,6961,-1,6961,6963,6982,-1,6982,6963,5155,-1,6982,5155,6980,-1,6980,5155,6966,-1,6966,6968,6980,-1,6980,6968,6970,-1,6980,6970,6972,-1,6972,6974,6980,-1,6980,6974,6976,-1,6980,6976,6978,-1,6954,6952,6983,-1,6983,6962,6960,-1,6975,6981,6977,-1,6977,6981,6979,-1,6975,6973,6981,-1,6981,6973,6971,-1,6981,6971,6969,-1,6960,6958,6983,-1,6983,6958,6956,-1,6983,6956,6954,-1,6969,6967,6981,-1,6981,6967,6965,-1,6981,6965,6983,-1,6983,6965,6964,-1,6983,6964,6962,-1,6984,6985,6986,-1,6986,6985,6987,-1,6986,6987,6988,-1,6988,6987,6989,-1,6988,6989,6990,-1,6990,6989,6991,-1,6990,6991,6992,-1,6992,6991,6993,-1,6992,6993,6994,-1,6994,6993,6995,-1,6994,6995,6996,-1,6996,6995,6997,-1,6996,6997,5263,-1,5263,6997,6998,-1,5263,6998,6999,-1,6999,6998,7000,-1,6999,7000,7001,-1,7001,7000,7002,-1,7001,7002,7003,-1,7003,7002,7004,-1,7003,7004,7005,-1,7005,7004,7006,-1,7005,7006,7007,-1,7007,7006,7008,-1,7007,7008,7009,-1,7009,7008,7010,-1,7009,7010,7011,-1,7011,7010,7012,-1,7013,7011,7014,-1,7014,7011,7012,-1,7015,7013,7016,-1,7016,7013,7014,-1,6984,7015,6985,-1,6985,7015,7016,-1,6984,6986,7015,-1,7015,6986,6988,-1,6988,6990,7015,-1,7015,6990,6992,-1,7015,6992,6994,-1,6994,6996,7015,-1,7015,6996,5263,-1,7015,5263,7013,-1,7013,5263,6999,-1,6999,7001,7013,-1,7013,7001,7003,-1,7013,7003,7005,-1,7005,7007,7013,-1,7013,7007,7009,-1,7013,7009,7011,-1,6987,6985,7016,-1,7008,7014,7010,-1,7010,7014,7012,-1,7008,7006,7014,-1,7014,7006,7004,-1,7014,7004,7002,-1,7002,7000,7014,-1,7014,7000,6998,-1,7014,6998,7016,-1,6998,6997,7016,-1,7016,6997,6995,-1,7016,6995,6993,-1,6993,6991,7016,-1,7016,6991,6989,-1,7016,6989,6987,-1,7017,7018,7019,-1,7019,7018,7020,-1,7019,7020,7021,-1,7021,7020,7022,-1,7021,7022,7023,-1,7023,7022,7024,-1,7023,7024,7025,-1,7025,7024,7026,-1,7025,7026,7027,-1,7027,7026,7028,-1,7027,7028,7029,-1,7029,7028,7030,-1,7029,7030,5321,-1,5321,7030,7031,-1,5321,7031,7032,-1,7032,7031,7033,-1,7032,7033,7034,-1,7034,7033,7035,-1,7034,7035,7036,-1,7036,7035,7037,-1,7036,7037,7038,-1,7038,7037,7039,-1,7038,7039,7040,-1,7040,7039,7041,-1,7040,7041,7042,-1,7042,7041,7043,-1,7042,7043,7044,-1,7044,7043,7045,-1,7046,7044,7047,-1,7047,7044,7045,-1,7048,7046,7049,-1,7049,7046,7047,-1,7017,7048,7018,-1,7018,7048,7049,-1,7042,7044,7046,-1,7017,7019,7048,-1,7048,7019,7021,-1,7034,7036,7046,-1,7021,7023,7048,-1,7048,7023,7025,-1,7048,7025,7027,-1,7036,7038,7046,-1,7046,7038,7040,-1,7046,7040,7042,-1,7027,7029,7048,-1,7048,7029,5321,-1,7048,5321,7046,-1,7046,5321,7032,-1,7046,7032,7034,-1,7020,7018,7049,-1,7045,7043,7047,-1,7047,7043,7041,-1,7049,7028,7026,-1,7041,7039,7047,-1,7047,7039,7037,-1,7047,7037,7035,-1,7026,7024,7049,-1,7049,7024,7022,-1,7049,7022,7020,-1,7035,7033,7047,-1,7047,7033,7031,-1,7047,7031,7049,-1,7049,7031,7030,-1,7049,7030,7028,-1,
        ]
    }
}
Shape{
    appearance Appearance {
        material  Material 	{
            diffuseColor 0.6039215686274509 0.6039215686274509 0.6039215686274509
            specularColor 0.7529411764705882 0.7529411764705882 0.7529411764705882
            ambientIntensity 0.2
            transparency 0
            shininess 0.5
        }
    }
    geometry IndexedFaceSet {
        ccw TRUE
        solid FALSE
        coord DEF co Coordinate {
            point [
                2.6772 2.2047 0.315, 2.6772 -2.2047 0.315, 2.6772 2.2047 0.0, 2.6772 -2.2047 0.0, 2.5984 2.2835 0.0, -2.5984 2.2835 0.0, 2.5984 2.2835 0.315, -2.5984 2.2835 0.315, -2.6772 -2.2047 0.315, -2.6772 2.2047 0.315, -2.6772 -2.2047 0.0, -2.6772 2.2047 0.0, 2.5984 -2.2835 0.315, -2.5984 -2.2835 0.315, 2.5984 -2.2835 0.0, -2.5984 -2.2835 0.0, -2.4103 1.844 0.3937, -2.3949 1.8813 0.3937, -2.5984 2.2047 0.3937, -2.1274 1.7269 0.3937, 2.5984 -2.2047 0.3937, -2.1119 1.7641 0.3937, 2.5984 2.2047 0.3937, -2.1519 1.9133 0.3937, -2.1274 1.8813 0.3937, -2.2611 1.6496 0.3937, -2.3011 1.6549 0.3937, -2.5984 -2.2047 0.3937, -2.3383 1.6703 0.3937, -2.3703 1.6949 0.3937, -2.1119 1.844 0.3937, -2.1067 1.8041 0.3937, -2.1519 1.6949 0.3937, -2.1839 1.6703 0.3937, -2.2211 1.6549 0.3937, -2.3949 1.7269 0.3937, -2.4103 1.7641 0.3937, -2.4156 1.8041 0.3937, -2.3703 1.9133 0.3937, -2.3383 1.9378 0.3937, -2.3011 1.9533 0.3937, -2.2611 1.9585 0.3937, -2.2211 1.9533 0.3937, -2.1839 1.9378 0.3937, 2.6159 -2.2815 0.0, 2.6752 2.2222 0.0, -2.6378 -2.2729 0.0, -2.6541 -2.2604 0.0, -2.6666 -2.2441 0.0, 2.66 -2.2538 0.0, 2.6694 -2.2389 0.0, 2.6752 -2.2222 0.0, 2.6475 -2.2663 0.0, 2.6326 -2.2757 0.0, -2.6188 -2.2808 0.0, -2.6745 -2.2251 0.0, -2.6666 2.2441 0.0, -2.6541 2.2604 0.0, -2.6378 2.2729 0.0, -2.6745 2.2251 0.0, -2.6188 2.2808 0.0, 2.6475 2.2663 0.0, 2.6326 2.2757 0.0, 2.6159 2.2815 0.0, 2.66 2.2538 0.0, 2.6694 2.2389 0.0, -2.6188 2.2808 0.315, -2.6378 2.2729 0.315, -2.6541 2.2604 0.315, -2.6666 2.2441 0.315, -2.6745 2.2251 0.315, -2.5984 2.2808 0.3353, 2.5984 2.2808 0.3353, -2.5984 2.2729 0.3543, 2.5984 2.2729 0.3543, -2.5984 2.2604 0.3706, 2.5984 2.2604 0.3706, -2.5984 2.2441 0.3832, 2.5984 2.2441 0.3832, -2.5984 2.2251 0.391, 2.5984 2.2251 0.391, 2.6749 2.2222 0.315, 2.6745 2.2251 0.315, 2.6689 2.2387 0.315, 2.6666 2.2441 0.315, 2.6595 2.2534 0.315, 2.6541 2.2604 0.315, 2.6471 2.2658 0.315, 2.6378 2.2729 0.315, 2.6324 2.2752 0.315, 2.6188 2.2808 0.315, 2.6159 2.2812 0.315, -2.6745 2.2047 0.3353, -2.6719 2.2244 0.3353, -2.6325 2.2244 0.3832, -2.6161 2.2149 0.391, -2.6128 2.2191 0.391, -2.6037 2.2244 0.391, -2.6181 2.21 0.391, -2.6365 2.2149 0.3832, -2.6522 2.2191 0.3706, -2.6188 2.2047 0.391, -2.6263 2.2326 0.3832, -2.6086 2.2224 0.391, -2.6181 2.2388 0.3832, -2.6086 2.2428 0.3832, -2.6378 2.2047 0.3832, -2.6541 2.2047 0.3706, -2.6666 2.2047 0.3543, -2.6466 2.2326 0.3706, -2.6378 2.2441 0.3706, -2.6263 2.2529 0.3706, -2.6128 2.2585 0.3706, -2.6643 2.2224 0.3543, -2.6575 2.2388 0.3543, -2.6466 2.2529 0.3543, -2.6325 2.2638 0.3543, -2.6161 2.2706 0.3543, -2.6643 2.2428 0.3353, -2.6522 2.2585 0.3353, -2.6365 2.2706 0.3353, -2.6181 2.2782 0.3353, 2.6719 2.2244 0.3353, 2.6643 2.2428 0.3353, 2.6522 2.2585 0.3353, 2.6365 2.2706 0.3353, 2.6181 2.2782 0.3353, 2.6161 2.2706 0.3543, 2.6128 2.2585 0.3706, 2.6086 2.2428 0.3832, 2.6037 2.2244 0.391, 2.6325 2.2638 0.3543, 2.6263 2.2529 0.3706, 2.6181 2.2388 0.3832, 2.6086 2.2224 0.391, 2.6466 2.2529 0.3543, 2.6378 2.2441 0.3706, 2.6263 2.2326 0.3832, 2.6128 2.2191 0.391, 2.6575 2.2388 0.3543, 2.6466 2.2326 0.3706, 2.6325 2.2244 0.3832, 2.6161 2.2149 0.391, 2.6643 2.2224 0.3543, 2.6522 2.2191 0.3706, 2.6365 2.2149 0.3832, 2.6181 2.21 0.391, 2.6745 2.2047 0.3353, 2.6666 2.2047 0.3543, 2.6541 2.2047 0.3706, 2.6378 2.2047 0.3832, 2.6188 2.2047 0.391, -2.6745 -2.2251 0.315, -2.6666 -2.2441 0.315, -2.6541 -2.2604 0.315, -2.6378 -2.2729 0.315, -2.6188 -2.2808 0.315, -2.6745 -2.2047 0.3353, -2.6666 -2.2047 0.3543, -2.6541 -2.2047 0.3706, -2.6378 -2.2047 0.3832, -2.6188 -2.2047 0.391, 2.6745 -2.2047 0.3353, 2.6666 -2.2047 0.3543, 2.6541 -2.2047 0.3706, 2.6378 -2.2047 0.3832, 2.6188 -2.2047 0.391, 2.6159 -2.2812 0.315, 2.6188 -2.2808 0.315, 2.6324 -2.2752 0.315, 2.6378 -2.2729 0.315, 2.6471 -2.2658 0.315, 2.6541 -2.2604 0.315, 2.6595 -2.2534 0.315, 2.6666 -2.2441 0.315, 2.6689 -2.2387 0.315, 2.6745 -2.2251 0.315, 2.6749 -2.2222 0.315, -2.5984 -2.2808 0.3353, -2.6181 -2.2782 0.3353, -2.6181 -2.2388 0.3832, -2.6086 -2.2224 0.391, -2.6128 -2.2191 0.391, -2.6181 -2.21 0.391, -2.6037 -2.2244 0.391, -2.6086 -2.2428 0.3832, -2.6128 -2.2585 0.3706, -2.5984 -2.2251 0.391, -2.6263 -2.2326 0.3832, -2.6161 -2.2149 0.391, -2.6325 -2.2244 0.3832, -2.6365 -2.2149 0.3832, -2.5984 -2.2441 0.3832, -2.5984 -2.2604 0.3706, -2.5984 -2.2729 0.3543, -2.6263 -2.2529 0.3706, -2.6378 -2.2441 0.3706, -2.6466 -2.2326 0.3706, -2.6522 -2.2191 0.3706, -2.6161 -2.2706 0.3543, -2.6325 -2.2638 0.3543, -2.6466 -2.2529 0.3543, -2.6575 -2.2388 0.3543, -2.6643 -2.2224 0.3543, -2.6365 -2.2706 0.3353, -2.6522 -2.2585 0.3353, -2.6643 -2.2428 0.3353, -2.6719 -2.2244 0.3353, 2.6181 -2.2782 0.3353, 2.6365 -2.2706 0.3353, 2.6522 -2.2585 0.3353, 2.6643 -2.2428 0.3353, 2.6719 -2.2244 0.3353, 2.6643 -2.2224 0.3543, 2.6522 -2.2191 0.3706, 2.6365 -2.2149 0.3832, 2.6181 -2.21 0.391, 2.6575 -2.2388 0.3543, 2.6466 -2.2326 0.3706, 2.6325 -2.2244 0.3832, 2.6161 -2.2149 0.391, 2.6466 -2.2529 0.3543, 2.6378 -2.2441 0.3706, 2.6263 -2.2326 0.3832, 2.6128 -2.2191 0.391, 2.6325 -2.2638 0.3543, 2.6263 -2.2529 0.3706, 2.6181 -2.2388 0.3832, 2.6086 -2.2224 0.391, 2.6161 -2.2706 0.3543, 2.6128 -2.2585 0.3706, 2.6086 -2.2428 0.3832, 2.6037 -2.2244 0.391, 2.5984 -2.2808 0.3353, 2.5984 -2.2729 0.3543, 2.5984 -2.2604 0.3706, 2.5984 -2.2441 0.3832, 2.5984 -2.2251 0.391, 2.5984 -2.2251 0.391
            ]
        }
        coordIndex [
            0,1,2,-1,2,1,3,-1,4,5,6,-1,6,5,7,-1,8,9,10,-1,10,9,11,-1,12,13,14,-1,14,13,15,-1,16,17,18,-1,19,20,21,-1,21,20,22,-1,23,24,22,-1,25,26,27,-1,27,26,28,-1,27,28,29,-1,24,30,22,-1,22,30,31,-1,22,31,21,-1,19,32,20,-1,20,32,33,-1,20,33,27,-1,27,33,34,-1,27,34,25,-1,29,35,27,-1,27,35,36,-1,27,36,18,-1,18,36,37,-1,18,37,16,-1,17,38,18,-1,18,38,39,-1,18,39,40,-1,40,41,18,-1,18,41,42,-1,18,42,22,-1,22,42,43,-1,22,43,23,-1,44,14,3,-1,5,4,14,-1,3,14,2,-1,2,14,4,-1,2,4,45,-1,46,47,48,-1,14,15,5,-1,5,15,10,-1,5,10,11,-1,49,3,50,-1,50,3,51,-1,49,52,3,-1,3,52,53,-1,3,53,44,-1,15,54,10,-1,10,54,46,-1,10,46,55,-1,55,46,48,-1,56,57,58,-1,11,59,5,-1,5,59,56,-1,5,56,60,-1,60,56,58,-1,61,4,62,-1,62,4,63,-1,61,64,4,-1,4,64,65,-1,4,65,45,-1,7,5,60,-1,7,60,66,-1,66,60,58,-1,66,58,67,-1,67,58,57,-1,67,57,68,-1,68,57,56,-1,68,56,69,-1,69,56,59,-1,69,59,70,-1,70,59,11,-1,70,11,9,-1,6,7,71,-1,6,71,72,-1,72,71,73,-1,72,73,74,-1,74,73,75,-1,74,75,76,-1,76,75,77,-1,76,77,78,-1,78,77,79,-1,78,79,80,-1,80,79,18,-1,80,18,22,-1,2,45,0,-1,0,45,81,-1,81,45,82,-1,82,45,65,-1,82,65,83,-1,83,65,84,-1,84,65,64,-1,84,64,85,-1,85,64,86,-1,86,64,61,-1,86,61,87,-1,87,61,88,-1,88,61,62,-1,88,62,89,-1,89,62,90,-1,90,62,63,-1,90,63,91,-1,91,63,4,-1,91,4,6,-1,9,92,93,-1,94,95,96,-1,18,79,97,-1,96,95,18,-1,98,18,95,-1,98,95,99,-1,99,95,94,-1,99,94,100,-1,101,18,98,-1,102,103,104,-1,104,103,97,-1,104,97,105,-1,105,97,79,-1,105,79,77,-1,101,98,106,-1,106,98,99,-1,106,99,107,-1,107,99,100,-1,107,100,108,-1,109,102,110,-1,110,102,104,-1,110,104,111,-1,111,104,105,-1,111,105,112,-1,112,105,77,-1,112,77,75,-1,113,109,114,-1,114,109,110,-1,114,110,115,-1,115,110,111,-1,115,111,116,-1,116,111,112,-1,116,112,117,-1,117,112,75,-1,117,75,73,-1,92,113,93,-1,93,113,114,-1,93,114,118,-1,118,114,115,-1,118,115,119,-1,119,115,116,-1,119,116,120,-1,120,116,117,-1,120,117,121,-1,121,117,73,-1,121,73,71,-1,9,93,70,-1,70,93,118,-1,70,118,69,-1,69,118,119,-1,69,119,68,-1,68,119,120,-1,68,120,67,-1,67,120,121,-1,67,121,66,-1,66,121,71,-1,66,71,7,-1,103,18,97,-1,92,108,113,-1,113,108,100,-1,113,100,109,-1,109,100,94,-1,109,94,102,-1,102,94,96,-1,102,96,103,-1,103,96,18,-1,81,82,122,-1,83,84,123,-1,85,86,124,-1,87,88,125,-1,89,90,126,-1,91,6,72,-1,90,91,126,-1,126,91,72,-1,126,72,127,-1,127,72,74,-1,127,74,128,-1,128,74,76,-1,128,76,129,-1,129,76,78,-1,129,78,130,-1,130,78,80,-1,130,80,22,-1,88,89,125,-1,125,89,126,-1,125,126,131,-1,131,126,127,-1,131,127,132,-1,132,127,128,-1,132,128,133,-1,133,128,129,-1,133,129,134,-1,134,129,130,-1,134,130,22,-1,86,87,124,-1,124,87,125,-1,124,125,135,-1,135,125,131,-1,135,131,136,-1,136,131,132,-1,136,132,137,-1,137,132,133,-1,137,133,138,-1,138,133,134,-1,138,134,22,-1,84,85,123,-1,123,85,124,-1,123,124,139,-1,139,124,135,-1,139,135,140,-1,140,135,136,-1,140,136,141,-1,141,136,137,-1,141,137,142,-1,142,137,138,-1,142,138,22,-1,82,83,122,-1,122,83,123,-1,122,123,143,-1,143,123,139,-1,143,139,144,-1,144,139,140,-1,144,140,145,-1,145,140,141,-1,145,141,146,-1,146,141,142,-1,146,142,22,-1,0,81,147,-1,147,81,122,-1,147,122,148,-1,148,122,143,-1,148,143,149,-1,149,143,144,-1,149,144,150,-1,150,144,145,-1,150,145,151,-1,151,145,146,-1,151,146,22,-1,8,10,55,-1,8,55,152,-1,152,55,48,-1,152,48,153,-1,153,48,47,-1,153,47,154,-1,154,47,46,-1,154,46,155,-1,155,46,54,-1,155,54,156,-1,156,54,15,-1,156,15,13,-1,9,8,157,-1,9,157,92,-1,92,157,158,-1,92,158,108,-1,108,158,159,-1,108,159,107,-1,107,159,160,-1,107,160,106,-1,106,160,161,-1,106,161,101,-1,101,161,27,-1,101,27,18,-1,1,0,147,-1,1,147,162,-1,162,147,148,-1,162,148,163,-1,163,148,149,-1,163,149,164,-1,164,149,150,-1,164,150,165,-1,165,150,151,-1,165,151,166,-1,166,151,22,-1,166,22,20,-1,14,44,12,-1,12,44,167,-1,167,44,168,-1,168,44,53,-1,168,53,169,-1,169,53,170,-1,170,53,52,-1,170,52,171,-1,171,52,172,-1,172,52,49,-1,172,49,173,-1,173,49,174,-1,174,49,50,-1,174,50,175,-1,175,50,176,-1,176,50,51,-1,176,51,177,-1,177,51,3,-1,177,3,1,-1,13,178,179,-1,180,181,182,-1,27,161,183,-1,182,181,27,-1,184,27,181,-1,184,181,185,-1,185,181,180,-1,185,180,186,-1,187,27,184,-1,188,189,190,-1,190,189,183,-1,190,183,191,-1,191,183,161,-1,191,161,160,-1,187,184,192,-1,192,184,185,-1,192,185,193,-1,193,185,186,-1,193,186,194,-1,195,188,196,-1,196,188,190,-1,196,190,197,-1,197,190,191,-1,197,191,198,-1,198,191,160,-1,198,160,159,-1,199,195,200,-1,200,195,196,-1,200,196,201,-1,201,196,197,-1,201,197,202,-1,202,197,198,-1,202,198,203,-1,203,198,159,-1,203,159,158,-1,178,199,179,-1,179,199,200,-1,179,200,204,-1,204,200,201,-1,204,201,205,-1,205,201,202,-1,205,202,206,-1,206,202,203,-1,206,203,207,-1,207,203,158,-1,207,158,157,-1,13,179,156,-1,156,179,204,-1,156,204,155,-1,155,204,205,-1,155,205,154,-1,154,205,206,-1,154,206,153,-1,153,206,207,-1,153,207,152,-1,152,207,157,-1,152,157,8,-1,189,27,183,-1,178,194,199,-1,199,194,186,-1,199,186,195,-1,195,186,180,-1,195,180,188,-1,188,180,182,-1,188,182,189,-1,189,182,27,-1,167,168,208,-1,169,170,209,-1,171,172,210,-1,173,174,211,-1,175,176,212,-1,177,1,162,-1,176,177,212,-1,212,177,162,-1,212,162,213,-1,213,162,163,-1,213,163,214,-1,214,163,164,-1,214,164,215,-1,215,164,165,-1,215,165,216,-1,216,165,166,-1,216,166,20,-1,174,175,211,-1,211,175,212,-1,211,212,217,-1,217,212,213,-1,217,213,218,-1,218,213,214,-1,218,214,219,-1,219,214,215,-1,219,215,220,-1,220,215,216,-1,220,216,20,-1,172,173,210,-1,210,173,211,-1,210,211,221,-1,221,211,217,-1,221,217,222,-1,222,217,218,-1,222,218,223,-1,223,218,219,-1,223,219,224,-1,224,219,220,-1,224,220,20,-1,170,171,209,-1,209,171,210,-1,209,210,225,-1,225,210,221,-1,225,221,226,-1,226,221,222,-1,226,222,227,-1,227,222,223,-1,227,223,228,-1,228,223,224,-1,228,224,20,-1,168,169,208,-1,208,169,209,-1,208,209,229,-1,229,209,225,-1,229,225,230,-1,230,225,226,-1,230,226,231,-1,231,226,227,-1,231,227,232,-1,232,227,228,-1,232,228,20,-1,12,167,233,-1,233,167,208,-1,233,208,234,-1,234,208,229,-1,234,229,235,-1,235,229,230,-1,235,230,236,-1,236,230,231,-1,236,231,237,-1,237,231,232,-1,237,232,20,-1,13,12,233,-1,13,233,178,-1,178,233,234,-1,178,234,194,-1,194,234,235,-1,194,235,193,-1,193,235,236,-1,193,236,192,-1,192,236,237,-1,192,237,187,-1,187,237,20,-1,187,20,27,-1,
        ]
    }
}
Shape{
    appearance Appearance {
        material  Material 	{
            diffuseColor 0.4 0.4 0.4
            specularColor 0.5019607843137255 0.5019607843137255 0.5019607843137255
            ambientIntensity 0.2
            transparency 0
            shininess 0.5
        }
    }
    geometry IndexedFaceSet {
        ccw TRUE
        solid FALSE
        coord DEF co Coordinate {
            point [
                -2.1067 1.8041 0.3898, -2.1067 1.8041 0.3937, -2.1119 1.844 0.3898, -2.1119 1.844 0.3937, -2.1274 1.8813 0.3898, -2.1274 1.8813 0.3937, -2.1519 1.9133 0.3898, -2.1519 1.9133 0.3937, -2.1839 1.9378 0.3898, -2.1839 1.9378 0.3937, -2.2211 1.9533 0.3898, -2.2211 1.9533 0.3937, -2.2611 1.9585 0.3898, -2.2611 1.9585 0.3937, -2.3011 1.9533 0.3898, -2.3011 1.9533 0.3937, -2.3383 1.9378 0.3898, -2.3383 1.9378 0.3937, -2.3703 1.9133 0.3898, -2.3703 1.9133 0.3937, -2.3949 1.8813 0.3898, -2.3949 1.8813 0.3937, -2.4103 1.844 0.3898, -2.4103 1.844 0.3937, -2.4156 1.8041 0.3898, -2.4156 1.8041 0.3937, -2.4103 1.7641 0.3898, -2.4103 1.7641 0.3937, -2.3949 1.7269 0.3898, -2.3949 1.7269 0.3937, -2.3703 1.6949 0.3898, -2.3703 1.6949 0.3937, -2.3383 1.6703 0.3898, -2.3383 1.6703 0.3937, -2.3011 1.6549 0.3898, -2.3011 1.6549 0.3937, -2.2611 1.6496 0.3898, -2.2611 1.6496 0.3937, -2.2211 1.6549 0.3898, -2.2211 1.6549 0.3937, -2.1839 1.6703 0.3898, -2.1839 1.6703 0.3937, -2.1519 1.6949 0.3898, -2.1519 1.6949 0.3937, -2.1274 1.7269 0.3898, -2.1274 1.7269 0.3937, -2.1119 1.7641 0.3898, -2.1119 1.7641 0.3937, -2.2611 1.8041 0.3898, -2.2611 1.8041 0.3898
            ]
        }
        coordIndex [
            0,1,2,-1,2,1,3,-1,2,3,4,-1,4,3,5,-1,4,5,6,-1,6,5,7,-1,6,7,8,-1,8,7,9,-1,8,9,10,-1,10,9,11,-1,10,11,12,-1,12,11,13,-1,12,13,14,-1,14,13,15,-1,14,15,16,-1,16,15,17,-1,16,17,18,-1,18,17,19,-1,18,19,20,-1,20,19,21,-1,20,21,22,-1,22,21,23,-1,22,23,24,-1,24,23,25,-1,24,25,26,-1,26,25,27,-1,26,27,28,-1,28,27,29,-1,28,29,30,-1,30,29,31,-1,30,31,32,-1,32,31,33,-1,32,33,34,-1,34,33,35,-1,34,35,36,-1,36,35,37,-1,36,37,38,-1,38,37,39,-1,38,39,40,-1,40,39,41,-1,40,41,42,-1,42,41,43,-1,42,43,44,-1,44,43,45,-1,44,45,46,-1,46,45,47,-1,46,47,0,-1,0,47,1,-1,44,46,48,-1,48,46,0,-1,48,0,2,-1,38,40,48,-1,48,40,42,-1,48,42,44,-1,32,34,48,-1,48,34,36,-1,48,36,38,-1,26,28,48,-1,48,28,30,-1,48,30,32,-1,20,22,48,-1,48,22,24,-1,48,24,26,-1,14,16,48,-1,48,16,18,-1,48,18,20,-1,8,10,48,-1,48,10,12,-1,48,12,14,-1,2,4,48,-1,48,4,6,-1,48,6,8,-1,
        ]
    }
}
Shape{
    appearance Appearance {
        material  Material 	{
            diffuseColor 0.047058823529411764 0.2235294117647059 0.0
            specularColor 0.058823529411764705 0.2784313725490196 0.0
            ambientIntensity 0.2
            transparency 0
            shininess 0.5
        }
    }
    geometry IndexedFaceSet {
        ccw TRUE
        solid FALSE
        coord DEF co Coordinate {
            point [
                0.0787 -2.1654 -0.1969, 0.0787 -2.4626 -0.1969, 0.0714 -2.4723 -0.1969, 0.0574 2.491 -0.1969, 0.0714 2.4723 -0.1969, 0.0714 0.0535 -0.1969, 0.1578 0.0535 -0.1969, 0.1693 -0.0462 -0.1969, 0.1578 -0.066 -0.1969, 0.1693 -0.0592 -0.1969, 0.1819 -0.0643 -0.1969, 0.1867 0.0535 -0.1969, 0.183 0.0533 -0.1969, 0.1693 0.0496 -0.1969, 0.1693 0.0337 -0.1969, 0.1827 0.0394 -0.1969, 0.1715 -0.0474 -0.1969, 0.197 0.0413 -0.1969, 0.2086 0.04 -0.1969, 0.2175 0.0368 -0.1969, 0.2257 0.0313 -0.1969, 0.2328 0.0235 -0.1969, 0.2414 -0.0075 -0.1969, 0.2402 -0.0203 -0.1969, 0.237 -0.0304 -0.1969, 0.2107 -0.0525 -0.1969, 0.1997 -0.0538 -0.1969, 0.2193 -0.0494 -0.1969, 0.2265 -0.0445 -0.1969, 0.2321 -0.0386 -0.1969, 0.184 -0.052 -0.1969, 0.2377 0.0143 -0.1969, 0.2408 0.0017 -0.1969, 0.251 0.0217 -0.1969, 0.2441 0.0328 -0.1969, 0.2623 0.0535 -0.1969, 0.2374 -0.0552 -0.1969, 0.2462 -0.0459 -0.1969, 0.2623 -0.066 -0.1969, 0.2525 -0.0346 -0.1969, 0.2088 -0.066 -0.1969, 0.2164 -0.0652 -0.1969, 0.2279 -0.0613 -0.1969, 0.2334 0.043 -0.1969, 0.2222 0.0495 -0.1969, 0.209 0.0533 -0.1969, 0.2561 -0.0221 -0.1969, 0.2572 -0.0085 -0.1969, 0.2555 0.0083 -0.1969, 0.2018 -0.0667 -0.1969, 0.2623 -2.1654 -0.1969, 0.1986 -0.0667 -0.1969, 0.1578 -2.1654 -0.1969, 0.1939 -0.066 -0.1969, 1.8504 2.1654 -0.1969, 2.5591 1.8701 -0.1969, 2.5591 1.6732 -0.1969, 2.5591 1.5157 -0.1969, 2.5591 1.3189 -0.1969, 1.6403 0.0535 -0.1969, 2.8847 1.6519 -0.1969, 2.8563 1.5157 -0.1969, 2.8563 1.6732 -0.1969, 2.082 2.5238 -0.1969, 2.0866 2.5591 -0.1969, 2.1654 2.5591 -0.1969, 2.8847 1.8915 -0.1969, 2.4229 2.491 -0.1969, 2.9175 1.9049 -0.1969, 2.9528 1.9094 -0.1969, 2.9528 2.5591 -0.1969, 2.4364 2.5238 -0.1969, 2.4409 2.5591 -0.1969, 2.9528 1.6339 -0.1969, 2.9528 1.5551 -0.1969, 2.9175 1.6384 -0.1969, 2.9175 1.5505 -0.1969, 2.8847 1.5371 -0.1969, 2.1699 2.5238 -0.1969, 2.1833 2.491 -0.1969, 2.0686 2.491 -0.1969, 2.2047 2.4626 -0.1969, 2.0472 2.4626 -0.1969, 2.2047 2.1654 -0.1969, 2.0472 2.1654 -0.1969, 2.8563 1.8701 -0.1969, 2.4016 2.1654 -0.1969, 2.4016 2.4626 -0.1969, 1.7277 2.5238 -0.1969, 1.7323 2.5591 -0.1969, 1.811 2.5591 -0.1969, 1.8156 2.5238 -0.1969, 1.829 2.491 -0.1969, 1.7143 2.491 -0.1969, 1.8504 2.4626 -0.1969, 1.6929 2.4626 -0.1969, 1.6929 2.1654 -0.1969, 1.6403 2.1654 -0.1969, 1.4961 2.1654 -0.1969, 2.9175 1.2841 -0.1969, 2.9528 1.2795 -0.1969, 2.9528 1.2008 -0.1969, 2.5591 1.1614 -0.1969, 2.8563 1.3189 -0.1969, 2.8563 1.1614 -0.1969, 2.8847 1.2975 -0.1969, 2.8847 1.1828 -0.1969, 2.9175 1.1962 -0.1969, 2.5591 0.4528 -0.1969, 2.5591 0.2559 -0.1969, 2.9175 0.9298 -0.1969, 2.9528 0.9252 -0.1969, 2.9528 0.8465 -0.1969, 2.8847 0.5889 -0.1969, 2.8563 0.4528 -0.1969, 2.8563 0.6102 -0.1969, 2.5591 0.6102 -0.1969, 2.5591 0.8071 -0.1969, 2.9175 0.8419 -0.1969, 2.8847 0.8285 -0.1969, 2.8847 0.9432 -0.1969, 2.8563 0.8071 -0.1969, 2.8563 0.9646 -0.1969, 2.5591 0.9646 -0.1969, 2.9528 0.5709 -0.1969, 2.9528 0.4921 -0.1969, 2.9175 0.5754 -0.1969, 2.9175 0.4876 -0.1969, 2.8847 0.4741 -0.1969, 2.8847 0.2345 -0.1969, 2.8563 0.0984 -0.1969, 2.8563 0.2559 -0.1969, 2.5591 0.0984 -0.1969, 2.9528 0.2165 -0.1969, 2.9528 0.1378 -0.1969, 2.9175 0.2211 -0.1969, 2.9175 0.1332 -0.1969, 2.8847 0.1198 -0.1969, 0.206 0.0535 -0.1969, 0.2623 2.1654 -0.1969, 0.2756 2.1654 -0.1969, 0.297 2.491 -0.1969, 0.4331 2.4626 -0.1969, 0.2756 2.4626 -0.1969, 0.4331 2.1654 -0.1969, 0.7874 2.1654 -0.1969, 0.9843 2.1654 -0.1969, 0.315 2.5591 -0.1969, 0.3937 2.5591 -0.1969, 0.3104 2.5238 -0.1969, 0.3983 2.5238 -0.1969, 0.4117 2.491 -0.1969, 0.6647 2.5238 -0.1969, 0.6693 2.5591 -0.1969, 0.748 2.5591 -0.1969, 0.7526 2.5238 -0.1969, 0.766 2.491 -0.1969, 0.6513 2.491 -0.1969, 0.7874 2.4626 -0.1969, 0.6299 2.4626 -0.1969, 0.6299 2.1654 -0.1969, 1.019 2.5238 -0.1969, 1.0236 2.5591 -0.1969, 1.1024 2.5591 -0.1969, 1.1417 2.1654 -0.1969, 0.9843 2.4626 -0.1969, 1.1417 2.4626 -0.1969, 1.0056 2.491 -0.1969, 1.1204 2.491 -0.1969, 1.1069 2.5238 -0.1969, 1.3734 2.5238 -0.1969, 1.378 2.5591 -0.1969, 1.4567 2.5591 -0.1969, 1.4613 2.5238 -0.1969, 1.4747 2.491 -0.1969, 1.36 2.491 -0.1969, 1.4961 2.4626 -0.1969, 1.3386 2.4626 -0.1969, 1.3386 2.1654 -0.1969, 0.0787 2.4626 -0.1969, 0.0787 2.1654 -0.1969, 0.1971 0.0543 -0.1969, 0.1578 2.1654 -0.1969, -0.0395 2.558 -0.1969, -0.0394 2.5591 -0.1969, 0.0394 2.5591 -0.1969, -0.6299 2.1654 -0.1969, -0.4331 2.1654 -0.1969, -0.0395 0.0535 -0.1969, -1.1069 2.5238 -0.1969, -1.1024 2.5591 -0.1969, -1.0236 2.5591 -0.1969, -0.9843 2.1654 -0.1969, -1.1417 2.4626 -0.1969, -0.9843 2.4626 -0.1969, -1.1204 2.491 -0.1969, -1.0056 2.491 -0.1969, -1.019 2.5238 -0.1969, -0.7526 2.5238 -0.1969, -0.748 2.5591 -0.1969, -0.6693 2.5591 -0.1969, -0.6647 2.5238 -0.1969, -0.6513 2.491 -0.1969, -0.766 2.491 -0.1969, -0.6299 2.4626 -0.1969, -0.7874 2.4626 -0.1969, -0.7874 2.1654 -0.1969, -1.1417 2.1654 -0.1969, -0.0787 2.4626 -0.1969, -0.0574 2.491 -0.1969, -0.0787 2.1654 -0.1969, -0.2756 2.1654 -0.1969, -0.2756 2.4626 -0.1969, -0.4331 2.4626 -0.1969, -0.297 2.491 -0.1969, 0.0439 2.5238 -0.1969, -0.0439 2.5238 -0.1969, -0.3983 2.5238 -0.1969, -0.3937 2.5591 -0.1969, -0.315 2.5591 -0.1969, -0.4117 2.491 -0.1969, -0.3104 2.5238 -0.1969, -2.25 1.691 -0.1969, -1.2002 0.0535 -0.1969, -2.5591 0.0984 -0.1969, -2.5591 0.0535 -0.1969, -1.4961 2.1654 -0.1969, -1.6929 2.1654 -0.1969, -2.25 1.8539 -0.1969, -2.8847 1.8915 -0.1969, -2.4409 2.5591 -0.1969, -2.4364 2.5238 -0.1969, -2.9528 2.5591 -0.1969, -2.9175 1.9049 -0.1969, -2.9528 1.9094 -0.1969, -2.8847 0.1198 -0.1969, -2.8563 0.2559 -0.1969, -2.8563 0.0984 -0.1969, -2.5591 0.2559 -0.1969, -2.4229 2.491 -0.1969, -2.4016 2.4626 -0.1969, -2.8563 1.8701 -0.1969, -2.4016 2.1654 -0.1969, -2.5591 1.8701 -0.1969, -2.2047 2.1654 -0.1969, -2.5591 0.6102 -0.1969, -2.5591 0.8071 -0.1969, -2.1699 2.5238 -0.1969, -2.1654 2.5591 -0.1969, -2.0866 2.5591 -0.1969, -2.8847 0.4741 -0.1969, -2.8563 0.6102 -0.1969, -2.8563 0.4528 -0.1969, -2.5591 0.4528 -0.1969, -1.8156 2.5238 -0.1969, -1.811 2.5591 -0.1969, -1.7323 2.5591 -0.1969, -1.4613 2.5238 -0.1969, -1.4567 2.5591 -0.1969, -1.378 2.5591 -0.1969, -1.2002 2.1654 -0.1969, -1.3386 2.1654 -0.1969, -1.3386 2.4626 -0.1969, -1.4961 2.4626 -0.1969, -1.36 2.491 -0.1969, -2.0472 2.1654 -0.1969, -2.2047 2.4626 -0.1969, -2.0472 2.4626 -0.1969, -2.1833 2.491 -0.1969, -2.0686 2.491 -0.1969, -2.082 2.5238 -0.1969, -2.9528 0.1378 -0.1969, -2.9528 0.2165 -0.1969, -2.9175 0.1332 -0.1969, -2.9175 0.2211 -0.1969, -2.8847 0.2345 -0.1969, -1.7277 2.5238 -0.1969, -1.7143 2.491 -0.1969, -1.829 2.491 -0.1969, -1.6929 2.4626 -0.1969, -1.8504 2.4626 -0.1969, -1.8504 2.1654 -0.1969, -1.4747 2.491 -0.1969, -1.3734 2.5238 -0.1969, -2.9528 0.4921 -0.1969, -2.9528 0.5709 -0.1969, -2.9175 0.4876 -0.1969, -2.9175 0.5754 -0.1969, -2.8847 0.5889 -0.1969, -2.9175 0.8419 -0.1969, -2.9528 0.8465 -0.1969, -2.9528 0.9252 -0.1969, -2.5591 0.9646 -0.1969, -2.8563 0.8071 -0.1969, -2.8563 0.9646 -0.1969, -2.8847 0.8285 -0.1969, -2.8847 0.9432 -0.1969, -2.9175 0.9298 -0.1969, -2.5591 1.5157 -0.1969, -2.4093 1.7725 -0.1969, -2.5591 1.3189 -0.1969, -2.9175 1.1962 -0.1969, -2.9528 1.2008 -0.1969, -2.9528 1.2795 -0.1969, -2.9175 1.2841 -0.1969, -2.8847 1.2975 -0.1969, -2.8847 1.1828 -0.1969, -2.8563 1.3189 -0.1969, -2.8563 1.1614 -0.1969, -2.5591 1.1614 -0.1969, -2.9175 1.5505 -0.1969, -2.9528 1.5551 -0.1969, -2.9528 1.6339 -0.1969, -2.5591 1.6732 -0.1969, -2.8563 1.6732 -0.1969, -2.8563 1.5157 -0.1969, -2.8847 1.6519 -0.1969, -2.8847 1.5371 -0.1969, -2.9175 1.6384 -0.1969, -2.5591 -0.066 -0.1969, -1.2002 -0.066 -0.1969, -2.5591 -0.0984 -0.1969, -1.1417 -2.1654 -0.1969, -1.2002 -2.1654 -0.1969, -1.3386 -2.1654 -0.1969, -2.8847 -0.5889 -0.1969, -2.8563 -0.4528 -0.1969, -2.8563 -0.6102 -0.1969, -2.5591 -0.4528 -0.1969, -1.36 -2.491 -0.1969, -1.4961 -2.4626 -0.1969, -1.3386 -2.4626 -0.1969, -1.4961 -2.1654 -0.1969, -2.5591 -0.8071 -0.1969, -2.5591 -0.6102 -0.1969, -1.6929 -2.4626 -0.1969, -1.829 -2.491 -0.1969, -1.8504 -2.4626 -0.1969, -2.9528 -0.5709 -0.1969, -2.9528 -0.4921 -0.1969, -2.9175 -0.5754 -0.1969, -2.9175 -0.4876 -0.1969, -2.8847 -0.4741 -0.1969, -2.8847 -0.2345 -0.1969, -2.8563 -0.0984 -0.1969, -2.8563 -0.2559 -0.1969, -2.5591 -0.2559 -0.1969, -1.378 -2.5591 -0.1969, -1.4567 -2.5591 -0.1969, -1.3734 -2.5238 -0.1969, -1.4613 -2.5238 -0.1969, -1.4747 -2.491 -0.1969, -1.7277 -2.5238 -0.1969, -1.7323 -2.5591 -0.1969, -1.811 -2.5591 -0.1969, -1.6929 -2.1654 -0.1969, -2.9175 -0.9298 -0.1969, -2.9528 -0.9252 -0.1969, -2.9528 -0.8465 -0.1969, -1.7143 -2.491 -0.1969, -1.8156 -2.5238 -0.1969, -2.4016 -2.1654 -0.1969, -2.4016 -2.4626 -0.1969, -2.4229 -2.491 -0.1969, -1.8504 -2.1654 -0.1969, -2.5591 -1.1614 -0.1969, -2.5591 -0.9646 -0.1969, -2.8563 -0.9646 -0.1969, -2.8563 -0.8071 -0.1969, -2.8847 -0.9432 -0.1969, -2.8847 -0.8285 -0.1969, -2.9175 -0.8419 -0.1969, -2.9528 -0.2165 -0.1969, -2.9528 -0.1378 -0.1969, -2.9175 -0.2211 -0.1969, -2.9175 -0.1332 -0.1969, -2.8847 -0.1198 -0.1969, -2.9175 -1.2841 -0.1969, -2.9528 -1.2795 -0.1969, -2.9528 -1.2008 -0.1969, -2.082 -2.5238 -0.1969, -2.0866 -2.5591 -0.1969, -2.1654 -2.5591 -0.1969, -2.8847 -1.8915 -0.1969, -2.8563 -1.8701 -0.1969, -2.5591 -1.8701 -0.1969, -2.9528 -1.9094 -0.1969, -2.9528 -2.5591 -0.1969, -2.4364 -2.5238 -0.1969, -2.4409 -2.5591 -0.1969, -2.9175 -1.1962 -0.1969, -2.8847 -1.1828 -0.1969, -2.8847 -1.2975 -0.1969, -2.8563 -1.1614 -0.1969, -2.8563 -1.3189 -0.1969, -2.5591 -1.3189 -0.1969, -2.5591 -1.5157 -0.1969, -2.0472 -2.1654 -0.1969, -2.2047 -2.1654 -0.1969, -2.0472 -2.4626 -0.1969, -2.2047 -2.4626 -0.1969, -2.0686 -2.491 -0.1969, -2.1833 -2.491 -0.1969, -2.1699 -2.5238 -0.1969, -2.8847 -1.6519 -0.1969, -2.8563 -1.5157 -0.1969, -2.8563 -1.6732 -0.1969, -2.5591 -1.6732 -0.1969, -2.9175 -1.9049 -0.1969, -2.9528 -1.6339 -0.1969, -2.9528 -1.5551 -0.1969, -2.9175 -1.6384 -0.1969, -2.9175 -1.5505 -0.1969, -2.8847 -1.5371 -0.1969, -0.0395 -0.066 -0.1969, -0.0395 -2.558 -0.1969, -0.0439 -2.5238 -0.1969, -0.0574 -2.491 -0.1969, -0.0787 -2.4626 -0.1969, -0.0787 -2.1654 -0.1969, -0.4331 -2.1654 -0.1969, -0.6299 -2.1654 -0.1969, -0.297 -2.491 -0.1969, -0.4331 -2.4626 -0.1969, -0.2756 -2.4626 -0.1969, -0.2756 -2.1654 -0.1969, -0.315 -2.5591 -0.1969, -0.3937 -2.5591 -0.1969, -0.3104 -2.5238 -0.1969, -0.3983 -2.5238 -0.1969, -0.4117 -2.491 -0.1969, -0.6647 -2.5238 -0.1969, -0.6693 -2.5591 -0.1969, -0.748 -2.5591 -0.1969, -0.7874 -2.1654 -0.1969, -0.6299 -2.4626 -0.1969, -0.7874 -2.4626 -0.1969, -0.6513 -2.491 -0.1969, -0.766 -2.491 -0.1969, -0.7526 -2.5238 -0.1969, -1.019 -2.5238 -0.1969, -1.0236 -2.5591 -0.1969, -1.1024 -2.5591 -0.1969, -1.1069 -2.5238 -0.1969, -1.1204 -2.491 -0.1969, -1.0056 -2.491 -0.1969, -1.1417 -2.4626 -0.1969, -0.9843 -2.4626 -0.1969, -0.9843 -2.1654 -0.1969, 0.0714 -0.066 -0.1969, 0.0574 -2.491 -0.1969, 0.0439 -2.5238 -0.1969, -0.0394 -2.5591 -0.1969, 0.0394 -2.5591 -0.1969, 1.3386 -2.1654 -0.1969, 1.1417 -2.1654 -0.1969, 1.4613 -2.5238 -0.1969, 1.4567 -2.5591 -0.1969, 1.378 -2.5591 -0.1969, 1.4961 -2.1654 -0.1969, 1.4961 -2.4626 -0.1969, 1.3386 -2.4626 -0.1969, 1.4747 -2.491 -0.1969, 1.36 -2.491 -0.1969, 1.3734 -2.5238 -0.1969, 0.6299 -2.1654 -0.1969, 0.4331 -2.1654 -0.1969, 1.1069 -2.5238 -0.1969, 1.1024 -2.5591 -0.1969, 1.0236 -2.5591 -0.1969, 0.9843 -2.1654 -0.1969, 1.1417 -2.4626 -0.1969, 0.9843 -2.4626 -0.1969, 1.1204 -2.491 -0.1969, 1.0056 -2.491 -0.1969, 1.019 -2.5238 -0.1969, 0.7526 -2.5238 -0.1969, 0.748 -2.5591 -0.1969, 0.6693 -2.5591 -0.1969, 0.6647 -2.5238 -0.1969, 0.6513 -2.491 -0.1969, 0.766 -2.491 -0.1969, 0.6299 -2.4626 -0.1969, 0.7874 -2.4626 -0.1969, 0.7874 -2.1654 -0.1969, 0.2756 -2.1654 -0.1969, 0.2756 -2.4626 -0.1969, 0.4331 -2.4626 -0.1969, 0.297 -2.491 -0.1969, 0.3983 -2.5238 -0.1969, 0.3937 -2.5591 -0.1969, 0.315 -2.5591 -0.1969, 0.4117 -2.491 -0.1969, 0.3104 -2.5238 -0.1969, 2.5591 -0.2559 -0.1969, 2.5591 -0.4528 -0.1969, 1.6403 -2.1654 -0.1969, 2.8847 -0.4741 -0.1969, 2.8563 -0.6102 -0.1969, 2.8563 -0.4528 -0.1969, 2.5591 -0.6102 -0.1969, 2.9528 -0.1378 -0.1969, 2.9528 -0.2165 -0.1969, 2.9175 -0.1332 -0.1969, 2.9175 -0.2211 -0.1969, 2.8847 -0.1198 -0.1969, 2.5591 -0.9646 -0.1969, 2.5591 -1.1614 -0.1969, 2.9528 -0.4921 -0.1969, 2.9528 -0.5709 -0.1969, 2.9175 -0.4876 -0.1969, 2.9175 -0.5754 -0.1969, 2.8847 -0.5889 -0.1969, 2.9175 -0.8419 -0.1969, 2.9528 -0.8465 -0.1969, 2.9528 -0.9252 -0.1969, 2.9175 -0.9298 -0.1969, 2.8847 -0.9432 -0.1969, 2.8847 -0.8285 -0.1969, 2.8563 -0.9646 -0.1969, 2.8563 -0.8071 -0.1969, 2.5591 -0.8071 -0.1969, 1.6929 -2.1654 -0.1969, 2.5591 -1.3189 -0.1969, 2.5591 -1.5157 -0.1969, 2.9175 -1.1962 -0.1969, 2.9528 -1.2008 -0.1969, 2.9528 -1.2795 -0.1969, 2.9175 -1.2841 -0.1969, 2.8847 -1.2975 -0.1969, 2.8847 -1.1828 -0.1969, 2.8563 -1.3189 -0.1969, 2.8563 -1.1614 -0.1969, 2.9175 -1.5505 -0.1969, 2.9528 -1.5551 -0.1969, 2.9528 -1.6339 -0.1969, 2.5591 -1.6732 -0.1969, 2.8563 -1.6732 -0.1969, 2.8563 -1.5157 -0.1969, 2.8847 -1.6519 -0.1969, 2.8847 -1.5371 -0.1969, 2.9175 -1.6384 -0.1969, 1.8156 -2.5238 -0.1969, 1.811 -2.5591 -0.1969, 1.7323 -2.5591 -0.1969, 2.8847 -1.8915 -0.1969, 2.4409 -2.5591 -0.1969, 2.4364 -2.5238 -0.1969, 2.9528 -2.5591 -0.1969, 2.9175 -1.9049 -0.1969, 2.9528 -1.9094 -0.1969, 1.7277 -2.5238 -0.1969, 1.7143 -2.491 -0.1969, 1.829 -2.491 -0.1969, 1.6929 -2.4626 -0.1969, 1.8504 -2.4626 -0.1969, 1.8504 -2.1654 -0.1969, 2.0472 -2.1654 -0.1969, 2.5591 -1.8701 -0.1969, 2.1699 -2.5238 -0.1969, 2.1654 -2.5591 -0.1969, 2.0866 -2.5591 -0.1969, 2.4229 -2.491 -0.1969, 2.4016 -2.4626 -0.1969, 2.8563 -1.8701 -0.1969, 2.4016 -2.1654 -0.1969, 2.2047 -2.1654 -0.1969, 2.2047 -2.4626 -0.1969, 2.0472 -2.4626 -0.1969, 2.1833 -2.491 -0.1969, 2.0686 -2.491 -0.1969, 2.082 -2.5238 -0.1969, 2.8847 -0.2345 -0.1969, 2.8563 -0.2559 -0.1969, 2.8563 -0.0984 -0.1969, 2.5591 -0.0984 -0.1969, 2.5591 -0.066 -0.1969, 1.6403 -0.066 -0.1969, 2.5591 0.0535 -0.1969, -0.1331 -0.0653 -0.1969, -0.1504 -0.0653 -0.1969, -0.1043 0.0528 -0.1969, -0.1212 -0.0322 -0.1969, -0.0724 -0.0322 -0.1969, -0.0611 -0.0653 -0.1969, -0.0438 -0.0653 -0.1969, -0.0885 0.0528 -0.1969, -0.0293 -0.0329 -0.1969, -0.0225 -0.0435 -0.1969, -0.0128 -0.0528 -0.1969, -0.0005 -0.06 -0.1969, 0.0265 0.0528 -0.1969, 0.0095 0.051 -0.1969, -0.0043 0.0461 -0.1969, -0.0172 0.0375 -0.1969, -0.0173 0.0374 -0.1969, -0.0257 0.0282 -0.1969, -0.0312 0.018 -0.1969, 0.0132 -0.064 -0.1969, 0.0278 -0.0653 -0.1969, 0.0599 -0.0653 -0.1969, 0.0599 0.0528 -0.1969, -0.0343 0.0064 -0.1969, -0.0352 -0.0047 -0.1969, -0.0335 -0.0206 -0.1969, 0.0858 0.0528 -0.1969, 0.0858 0.0399 -0.1969, 0.0829 -0.0523 -0.1969, 0.0829 -0.0653 -0.1969, 0.1463 -0.0653 -0.1969, 0.1463 0.0528 -0.1969, 0.1305 -0.012 -0.1969, 0.1305 -0.0523 -0.1969, 0.0887 -0.012 -0.1969, 0.0887 0.001 -0.1969, 0.1305 0.001 -0.1969, 0.1305 0.0399 -0.1969, 0.2673 -0.0523 -0.1969, 0.2673 -0.0653 -0.1969, 0.3278 -0.0653 -0.1969, 0.3119 -0.0523 -0.1969, 0.3119 0.0528 -0.1969, 0.3278 0.0528 -0.1969, 2.9528 2.5591 0.0, 2.9528 1.9094 0.0, 2.9528 1.5551 0.0, 2.9528 1.6339 0.0, 2.9528 1.2008 0.0, 2.9528 1.2795 0.0, 2.9528 0.8465 0.0, 2.9528 0.9252 0.0, 2.9528 0.4921 0.0, 2.9528 0.5709 0.0, 2.9528 0.1378 0.0, 2.9528 0.2165 0.0, 2.9528 -0.2165 0.0, 2.9528 -0.1378 0.0, 2.9528 -0.5709 0.0, 2.9528 -0.4921 0.0, 2.9528 -0.9252 0.0, 2.9528 -0.8465 0.0, 2.9528 -1.2795 0.0, 2.9528 -1.2008 0.0, 2.9528 -1.6339 0.0, 2.9528 -1.5551 0.0, -2.0866 -2.5591 0.0, -2.1654 -2.5591 0.0, -1.7323 -2.5591 0.0, -1.811 -2.5591 0.0, -1.378 -2.5591 0.0, -1.4567 -2.5591 0.0, -1.0236 -2.5591 0.0, -1.1024 -2.5591 0.0, -0.6693 -2.5591 0.0, -0.748 -2.5591 0.0, -0.315 -2.5591 0.0, -0.3937 -2.5591 0.0, 0.0394 -2.5591 0.0, -0.0394 -2.5591 0.0, 0.3937 -2.5591 0.0, 0.315 -2.5591 0.0, 0.748 -2.5591 0.0, 0.6693 -2.5591 0.0, 1.1024 -2.5591 0.0, 1.0236 -2.5591 0.0, 1.4567 -2.5591 0.0, 1.378 -2.5591 0.0, 1.811 -2.5591 0.0, 1.7323 -2.5591 0.0, 2.1654 -2.5591 0.0, 2.0866 -2.5591 0.0, -2.9528 -2.5591 0.0, -2.9528 -1.9094 0.0, -2.9528 -1.5551 0.0, -2.9528 -1.6339 0.0, -2.9528 -1.2008 0.0, -2.9528 -1.2795 0.0, -2.9528 -0.8465 0.0, -2.9528 -0.9252 0.0, -2.9528 -0.4921 0.0, -2.9528 -0.5709 0.0, -2.9528 -0.1378 0.0, -2.9528 -0.2165 0.0, -2.9528 0.2165 0.0, -2.9528 0.1378 0.0, -2.9528 0.5709 0.0, -2.9528 0.4921 0.0, -2.9528 0.9252 0.0, -2.9528 0.8465 0.0, -2.9528 1.2795 0.0, -2.9528 1.2008 0.0, 2.9528 -2.5591 0.0, 2.4409 -2.5591 0.0, -2.9528 1.6339 0.0, -2.9528 1.5551 0.0, 2.0866 2.5591 0.0, 2.1654 2.5591 0.0, 1.7323 2.5591 0.0, 1.811 2.5591 0.0, 1.378 2.5591 0.0, 1.4567 2.5591 0.0, 1.0236 2.5591 0.0, 1.1024 2.5591 0.0, 0.6693 2.5591 0.0, 0.748 2.5591 0.0, 0.315 2.5591 0.0, 0.3937 2.5591 0.0, -0.0394 2.5591 0.0, 0.0394 2.5591 0.0, -0.3937 2.5591 0.0, -0.315 2.5591 0.0, -0.748 2.5591 0.0, -0.6693 2.5591 0.0, -1.1024 2.5591 0.0, -1.0236 2.5591 0.0, -1.4567 2.5591 0.0, -1.378 2.5591 0.0, -1.811 2.5591 0.0, -1.7323 2.5591 0.0, -2.1654 2.5591 0.0, -2.0866 2.5591 0.0, -2.9528 2.5591 0.0, -2.4409 2.5591 0.0, 2.9528 -1.9094 0.0, -2.4409 -2.5591 0.0, -2.9528 1.9094 0.0, 2.4409 2.5591 0.0, -2.9171 1.2842 0.0, -2.8839 -1.298 0.0, -2.9171 -1.2842 0.0, -2.8553 -1.3199 0.0, -2.8334 -1.3484 0.0, -1.6919 -2.4616 0.0, -2.8197 -1.3817 0.0, -2.815 -1.4173 0.0, -0.6004 -2.4397 0.0, -0.5672 -2.426 0.0, -0.7665 -2.4902 0.0, -1.7276 2.5234 0.0, -2.8334 -1.4862 0.0, -2.8553 -1.5148 0.0, -2.8839 -1.6523 0.0, -1.6919 2.4616 0.0, -1.7138 2.4902 0.0, -1.8295 2.4902 0.0, -1.8157 2.5234 0.0, -2.8334 1.4862 0.0, -2.8197 1.453 0.0, -2.815 1.4173 0.0, -2.8197 1.3817 0.0, -2.8334 1.3484 0.0, -2.8553 1.3199 0.0, -2.8839 1.298 0.0, -2.8197 -1.453 0.0, -2.8553 -1.6742 0.0, -2.8334 -1.7028 0.0, -2.9171 -0.4874 0.0, -1.4614 -2.5234 0.0, -1.9132 2.426 0.0, -1.8799 2.4397 0.0, -1.8514 2.4616 0.0, -1.9488 2.4213 0.0, -1.9845 2.426 0.0, -2.0177 2.4397 0.0, -2.8553 -0.8061 0.0, -2.8839 -0.9437 0.0, -2.8334 -0.7776 0.0, -2.8197 -0.7443 0.0, 1.3376 -2.4616 0.0, 1.4752 -2.4902 0.0, 1.3091 -2.4397 0.0, 1.2758 -2.426 0.0, -2.9171 -1.5504 0.0, -2.8197 -1.736 0.0, -2.0177 -2.4397 0.0, -1.9845 -2.426 0.0, -2.1838 -2.4902 0.0, -2.9171 -0.5756 0.0, -2.8839 -0.5893 0.0, -2.8839 -0.4737 0.0, -2.8553 -0.6112 0.0, -2.8553 -0.4518 0.0, -2.8334 -0.4232 0.0, -2.8334 -0.6398 0.0, 0.7665 -2.4902 0.0, -2.8197 -0.673 0.0, -2.815 -0.7087 0.0, -2.8553 -0.9656 0.0, -2.8334 -0.9941 0.0, -2.8197 -1.0273 0.0, -2.815 -1.063 0.0, -1.3733 -2.5234 0.0, -1.3595 -2.4902 0.0, -1.4752 -2.4902 0.0, 0.8169 -2.4397 0.0, 2.815 -1.4173 0.0, 2.8197 -1.3817 0.0, -2.0682 2.4902 0.0, -2.9171 1.9048 0.0, -2.1838 2.4902 0.0, -2.0819 2.5234 0.0, -2.8839 -1.5367 0.0, -2.9171 -1.6386 0.0, -2.9171 -0.8418 0.0, -2.8334 -1.1319 0.0, -2.8553 -1.1604 0.0, -1.5945 -2.4213 0.0, -0.7527 -2.5234 0.0, 1.3733 -2.5234 0.0, 1.4971 -2.4616 0.0, 1.5256 -2.4397 0.0, 1.2402 -2.4213 0.0, 1.5588 -2.426 0.0, 2.8334 -1.4862 0.0, 1.5945 -2.4213 0.0, 0.9833 -2.4616 0.0, 1.1208 -2.4902 0.0, 0.9547 -2.4397 0.0, 0.9215 -2.426 0.0, 2.8334 -1.1319 0.0, 2.8553 -1.1604 0.0, 2.8839 -1.1823 0.0, 2.8334 -1.3484 0.0, 2.8553 -1.3199 0.0, 0.7884 -2.4616 0.0, 2.815 -0.7087 0.0, 2.8197 -0.7443 0.0, 2.8334 -0.7776 0.0, -2.8839 -1.891 0.0, -2.4362 -2.5234 0.0, -2.9171 -1.9048 0.0, -2.8839 -0.828 0.0, -2.9171 -0.9299 0.0, -1.6302 -2.426 0.0, 0.1083 -2.4397 0.0, 0.1415 -2.426 0.0, -0.0578 -2.4902 0.0, -0.6646 -2.5234 0.0, -0.6508 -2.4902 0.0, -0.6289 -2.4616 0.0, 1.3595 -2.4902 0.0, 1.4614 -2.5234 0.0, 2.9171 -1.2842 0.0, 2.8553 -0.8061 0.0, 2.8197 -1.0273 0.0, 2.8839 -0.828 0.0, 2.8334 -0.9941 0.0, 2.8553 -0.9656 0.0, 2.8334 0.9941 0.0, 2.8197 1.0273 0.0, 2.815 1.063 0.0, 2.8197 1.0987 0.0, 2.8197 1.3817 0.0, 1.3091 2.4397 0.0, 2.8334 1.3484 0.0, 1.2758 2.426 0.0, 1.2402 2.4213 0.0, -1.1427 2.4616 0.0, -1.1713 2.4397 0.0, -2.17 2.5234 0.0, -2.9171 -1.1961 0.0, -2.8839 -1.1823 0.0, -0.2128 -2.426 0.0, -0.1772 -2.4213 0.0, -0.4626 -2.4397 0.0, 1.0189 -2.5234 0.0, 1.1427 -2.4616 0.0, 1.1713 -2.4397 0.0, 0.8858 -2.4213 0.0, 0.8502 -2.426 0.0, 2.8197 -1.453 0.0, 1.2045 -2.426 0.0, 2.8839 -1.298 0.0, 2.9171 -1.1961 0.0, 2.815 -1.063 0.0, 2.8197 -1.0987 0.0, 2.8553 -0.4518 0.0, 2.8334 -0.4232 0.0, 2.8839 -0.5893 0.0, 2.8197 -0.39 0.0, 2.8553 -0.6112 0.0, 2.8553 1.3199 0.0, 2.8839 1.298 0.0, 2.8334 1.1319 0.0, 2.8553 1.1604 0.0, 2.8553 1.6742 0.0, 2.8197 1.453 0.0, 2.8839 1.6523 0.0, 2.8334 1.4862 0.0, 2.8553 1.5148 0.0, 1.0052 2.4902 0.0, 0.9833 2.4616 0.0, 0.9547 2.4397 0.0, 0.9215 2.426 0.0, -2.8197 1.8073 0.0, -2.8334 1.8406 0.0, -2.0463 2.4616 0.0, -2.8553 1.8691 0.0, -2.8839 1.891 0.0, -2.8553 1.6742 0.0, -2.8839 1.6523 0.0, -2.2675 2.426 0.0, -2.2343 2.4397 0.0, -2.2057 2.4616 0.0, -2.3031 2.4213 0.0, -2.3388 2.426 0.0, -2.372 2.4397 0.0, -1.3376 -2.4616 0.0, -1.3091 -2.4397 0.0, -1.4971 -2.4616 0.0, -1.2758 -2.426 0.0, -1.5256 -2.4397 0.0, -1.2402 -2.4213 0.0, -1.5588 -2.426 0.0, -2.8197 -1.0987 0.0, -0.5315 -2.4213 0.0, -0.4958 -2.426 0.0, -0.2746 -2.4616 0.0, -0.2461 -2.4397 0.0, -0.4122 -2.4902 0.0, -0.4341 -2.4616 0.0, -0.1415 -2.426 0.0, -0.1083 -2.4397 0.0, 0.1772 -2.4213 0.0, -0.3984 -2.5234 0.0, -0.3103 -2.5234 0.0, -0.2965 -2.4902 0.0, 1.7276 -2.5234 0.0, 1.0052 -2.4902 0.0, 1.1071 -2.5234 0.0, 2.9171 -0.9299 0.0, 2.9171 1.1961 0.0, -0.8169 2.4397 0.0, -0.8502 2.426 0.0, -2.815 1.7717 0.0, -2.8197 1.736 0.0, -2.8334 1.7028 0.0, -2.3388 -2.426 0.0, -2.8334 -1.8406 0.0, -2.372 -2.4397 0.0, -2.8553 -1.8691 0.0, -2.4006 -2.4616 0.0, -2.4225 -2.4902 0.0, -1.6634 -2.4397 0.0, -1.0052 -2.4902 0.0, -0.9833 -2.4616 0.0, -0.9547 -2.4397 0.0, -0.9215 -2.426 0.0, 1.6302 -2.426 0.0, 1.6634 -2.4397 0.0, 2.8197 -1.736 0.0, 2.8334 -1.7028 0.0, 2.8553 -1.6742 0.0, 2.8839 -1.6523 0.0, 1.8514 -2.4616 0.0, 1.7138 -2.4902 0.0, 1.8295 -2.4902 0.0, 1.8157 -2.5234 0.0, 2.8839 -0.9437 0.0, 2.9171 -0.8418 0.0, 2.8197 -0.673 0.0, 2.8334 -0.6398 0.0, 2.9171 -0.5756 0.0, 2.9171 -0.4874 0.0, 2.8839 -0.4737 0.0, 2.8839 1.1823 0.0, 2.9171 1.2842 0.0, 2.9171 1.5504 0.0, 2.8334 1.7028 0.0, 2.815 1.4173 0.0, 2.0177 2.4397 0.0, 1.9845 2.426 0.0, 2.1838 2.4902 0.0, -2.4006 2.4616 0.0, -2.4225 2.4902 0.0, -2.4362 2.5234 0.0, -1.2045 -2.426 0.0, -1.1713 -2.4397 0.0, -1.1427 -2.4616 0.0, -1.1071 -2.5234 0.0, -0.0797 -2.4616 0.0, -0.0441 -2.5234 0.0, 0.3103 -2.5234 0.0, 0.4122 -2.4902 0.0, 0.4341 -2.4616 0.0, 0.4626 -2.4397 0.0, 0.4958 -2.426 0.0, 1.8799 -2.4397 0.0, 2.8334 -1.8406 0.0, 1.6919 -2.4616 0.0, 2.8197 -1.8073 0.0, 2.815 -1.7717 0.0, 1.9132 -2.426 0.0, 1.9488 -2.4213 0.0, 1.9845 -2.426 0.0, 2.815 -0.3543 0.0, 2.8197 -0.3187 0.0, 2.8197 -0.0357 0.0, 2.815 0.0 0.0, 2.8197 0.0357 0.0, 2.8839 1.5367 0.0, 2.9171 1.6386 0.0, 1.2045 2.426 0.0, 1.1713 2.4397 0.0, 1.1427 2.4616 0.0, 1.1071 2.5234 0.0, 0.7527 2.5234 0.0, 0.2746 2.4616 0.0, 0.2461 2.4397 0.0, -0.1415 2.426 0.0, -0.1772 2.4213 0.0, 0.1083 2.4397 0.0, -0.9833 2.4616 0.0, -1.1208 2.4902 0.0, -0.9547 2.4397 0.0, -0.9215 2.426 0.0, -2.8334 1.1319 0.0, -2.8197 1.0987 0.0, -2.815 1.063 0.0, -2.9171 1.6386 0.0, -1.7138 -2.4902 0.0, -1.8799 -2.4397 0.0, -1.8514 -2.4616 0.0, -1.1208 -2.4902 0.0, -1.0189 -2.5234 0.0, -0.8858 -2.4213 0.0, -0.8502 -2.426 0.0, -0.8169 -2.4397 0.0, -0.7884 -2.4616 0.0, 0.0441 -2.5234 0.0, 0.0578 -2.4902 0.0, 0.0797 -2.4616 0.0, 0.2128 -2.426 0.0, 0.2461 -2.4397 0.0, 0.2746 -2.4616 0.0, 0.2965 -2.4902 0.0, 0.3984 -2.5234 0.0, 0.6646 -2.5234 0.0, 2.9171 -1.6386 0.0, 2.8197 1.8073 0.0, 1.6634 2.4397 0.0, 2.815 1.7717 0.0, 1.6302 2.426 0.0, 2.8839 1.891 0.0, 2.4362 2.5234 0.0, 2.9171 1.9048 0.0, 1.1208 2.4902 0.0, 1.0189 2.5234 0.0, 0.3984 2.5234 0.0, 0.2128 2.426 0.0, 0.1772 2.4213 0.0, 0.1415 2.426 0.0, 0.0441 2.5234 0.0, -0.8858 2.4213 0.0, -1.3376 2.4616 0.0, -1.4614 2.5234 0.0, -1.3091 2.4397 0.0, -1.4752 2.4902 0.0, -1.2758 2.426 0.0, -2.9171 1.5504 0.0, -2.8839 1.5367 0.0, -2.8553 1.5148 0.0, -2.3031 -2.4213 0.0, -2.2675 -2.426 0.0, -2.2343 -2.4397 0.0, -2.815 -1.7717 0.0, -2.8197 -1.8073 0.0, -1.9132 -2.426 0.0, -1.8157 -2.5234 0.0, -2.17 -2.5234 0.0, 0.5315 -2.4213 0.0, 0.5672 -2.426 0.0, 0.6004 -2.4397 0.0, 0.6289 -2.4616 0.0, 0.6508 -2.4902 0.0, 0.7527 -2.5234 0.0, 2.9171 -1.5504 0.0, 2.8839 -1.5367 0.0, 2.8553 -1.5148 0.0, 2.0682 -2.4902 0.0, 2.9171 -1.9048 0.0, 2.1838 -2.4902 0.0, 2.0819 -2.5234 0.0, 2.8553 -0.0974 0.0, 2.8334 -0.0689 0.0, 2.8839 -0.235 0.0, 2.8553 -0.2569 0.0, 2.8334 -0.2854 0.0, 2.9171 -0.2212 0.0, 2.9171 -0.1331 0.0, 2.8839 -0.1193 0.0, 2.8197 0.3187 0.0, 2.815 0.3543 0.0, 2.8197 0.39 0.0, 2.8197 1.736 0.0, 1.3376 2.4616 0.0, 1.3595 2.4902 0.0, 0.6646 2.5234 0.0, 0.6508 2.4902 0.0, 0.7665 2.4902 0.0, 0.6289 2.4616 0.0, 0.7884 2.4616 0.0, 0.6004 2.4397 0.0, 0.5672 2.426 0.0, -0.3103 2.5234 0.0, -0.6646 2.5234 0.0, -1.0189 2.5234 0.0, -1.3733 2.5234 0.0, -1.3595 2.4902 0.0, -1.5256 2.4397 0.0, -1.5588 2.426 0.0, -1.9488 -2.4213 0.0, -2.2057 -2.4616 0.0, -1.8295 -2.4902 0.0, -1.7276 -2.5234 0.0, -2.0819 -2.5234 0.0, -2.0682 -2.4902 0.0, -2.0463 -2.4616 0.0, 2.8334 0.0689 0.0, 2.8553 0.0974 0.0, 2.8839 0.1193 0.0, 2.8334 0.2854 0.0, 2.9171 0.1331 0.0, 2.8197 0.673 0.0, 2.815 0.7087 0.0, 2.8197 0.7443 0.0, 2.9171 0.4874 0.0, 2.9171 0.5756 0.0, 2.8839 0.4737 0.0, 2.8839 0.5893 0.0, 2.8553 0.6112 0.0, 0.5315 2.4213 0.0, 0.4958 2.426 0.0, 0.4626 2.4397 0.0, 0.3103 2.5234 0.0, 0.2965 2.4902 0.0, 0.4122 2.4902 0.0, 0.4341 2.4616 0.0, -0.1083 2.4397 0.0, 0.0797 2.4616 0.0, 0.0578 2.4902 0.0, -0.2461 2.4397 0.0, -0.4341 2.4616 0.0, -0.4626 2.4397 0.0, -0.6289 2.4616 0.0, -0.6508 2.4902 0.0, -0.7665 2.4902 0.0, -0.7527 2.5234 0.0, -0.5315 2.4213 0.0, -0.5672 2.426 0.0, -1.0052 2.4902 0.0, -1.1071 2.5234 0.0, -2.8197 1.0273 0.0, -2.8334 0.9941 0.0, -2.8553 0.9656 0.0, -2.9171 0.5756 0.0, -2.8334 0.0689 0.0, -2.8197 0.0357 0.0, -2.815 0.0 0.0, -2.8197 -0.0357 0.0, -2.8197 -0.3187 0.0, -2.815 -0.3543 0.0, -2.8197 -0.39 0.0, 2.8839 -1.891 0.0, 2.8553 -1.8691 0.0, 2.0463 -2.4616 0.0, 2.0177 -2.4397 0.0, 2.17 -2.5234 0.0, 2.9171 0.2212 0.0, 2.8839 0.235 0.0, 2.8553 0.2569 0.0, 2.8334 0.6398 0.0, 2.8553 0.4518 0.0, 2.8334 0.4232 0.0, 2.8553 0.9656 0.0, 2.8839 0.9437 0.0, 2.8334 0.7776 0.0, 2.8553 0.8061 0.0, 2.3388 2.426 0.0, 2.8334 1.8406 0.0, 2.372 2.4397 0.0, 2.8553 1.8691 0.0, 2.4006 2.4616 0.0, 2.4225 2.4902 0.0, 0.8858 2.4213 0.0, 0.8502 2.426 0.0, 0.8169 2.4397 0.0, -0.0441 2.5234 0.0, -0.0578 2.4902 0.0, -0.0797 2.4616 0.0, -0.3984 2.5234 0.0, -0.4122 2.4902 0.0, -0.2965 2.4902 0.0, -0.2746 2.4616 0.0, -0.4958 2.426 0.0, -0.2128 2.426 0.0, -0.7884 2.4616 0.0, -0.6004 2.4397 0.0, -1.4971 2.4616 0.0, -1.2402 2.4213 0.0, -1.2045 2.426 0.0, -1.5945 2.4213 0.0, -1.6302 2.426 0.0, -1.6634 2.4397 0.0, -2.8197 0.7443 0.0, -2.815 0.7087 0.0, -2.8197 0.673 0.0, -2.9171 0.2212 0.0, 2.2675 -2.426 0.0, 2.2343 -2.4397 0.0, 2.2057 -2.4616 0.0, 2.3031 -2.4213 0.0, 2.3388 -2.426 0.0, 2.372 -2.4397 0.0, 2.9171 0.8418 0.0, 1.5945 2.4213 0.0, 1.5588 2.426 0.0, 1.5256 2.4397 0.0, 1.4971 2.4616 0.0, 1.4614 2.5234 0.0, -2.9171 0.9299 0.0, -2.8197 0.39 0.0, -2.815 0.3543 0.0, -2.8553 -0.2569 0.0, -2.8334 -0.2854 0.0, -2.8839 -0.1193 0.0, -2.8553 -0.0974 0.0, -2.8334 -0.0689 0.0, 2.8839 0.828 0.0, 2.9171 0.9299 0.0, 1.4752 2.4902 0.0, 1.3733 2.5234 0.0, 1.7138 2.4902 0.0, 1.8799 2.4397 0.0, 1.8514 2.4616 0.0, -2.9171 1.1961 0.0, -2.8839 1.1823 0.0, -2.8553 1.1604 0.0, -2.9171 0.8418 0.0, -2.8839 0.828 0.0, -2.8839 0.9437 0.0, -2.8553 0.8061 0.0, -2.8334 0.7776 0.0, -2.9171 0.4874 0.0, -2.8839 0.4737 0.0, -2.8839 0.5893 0.0, -2.8553 0.4518 0.0, -2.9171 -0.1331 0.0, -2.9171 -0.2212 0.0, -2.8839 -0.235 0.0, 2.4006 -2.4616 0.0, 2.4225 -2.4902 0.0, 2.4362 -2.5234 0.0, 2.3031 2.4213 0.0, 2.2675 2.426 0.0, 2.2343 2.4397 0.0, 1.9132 2.426 0.0, 1.6919 2.4616 0.0, 1.8157 2.5234 0.0, 2.17 2.5234 0.0, -2.8334 0.4232 0.0, -2.8553 0.6112 0.0, -2.8334 0.6398 0.0, -2.8197 0.3187 0.0, -2.8334 0.2854 0.0, -2.8553 0.2569 0.0, -2.8839 0.235 0.0, -2.9171 0.1331 0.0, -2.8839 0.1193 0.0, -2.8553 0.0974 0.0, 1.9488 2.4213 0.0, 2.2057 2.4616 0.0, 1.8295 2.4902 0.0, 1.7276 2.5234 0.0, 2.0819 2.5234 0.0, 2.0682 2.4902 0.0, 2.0463 2.4616 0.0, 2.0463 2.4616 0.0
            ]
        }
        coordIndex [
            0,1,2,-1,3,4,5,-1,6,7,8,-1,8,7,9,-1,8,9,10,-1,6,11,12,-1,12,13,6,-1,6,13,14,-1,6,14,7,-1,7,14,15,-1,7,15,16,-1,16,15,17,-1,16,17,18,-1,18,19,16,-1,16,19,20,-1,16,20,21,-1,22,23,16,-1,16,23,24,-1,25,26,27,-1,27,26,28,-1,24,29,16,-1,16,29,28,-1,16,28,30,-1,30,28,26,-1,21,31,16,-1,16,31,32,-1,16,32,22,-1,33,34,35,-1,36,37,38,-1,38,37,39,-1,40,41,38,-1,38,41,42,-1,38,42,36,-1,34,43,35,-1,35,43,44,-1,35,44,45,-1,39,46,38,-1,38,46,47,-1,38,47,35,-1,35,47,48,-1,35,48,33,-1,49,50,51,-1,51,50,52,-1,51,52,53,-1,54,55,56,-1,57,58,59,-1,60,61,62,-1,62,61,57,-1,62,57,56,-1,56,57,59,-1,63,64,65,-1,66,67,68,-1,68,67,69,-1,69,67,70,-1,70,67,71,-1,70,71,72,-1,73,74,75,-1,75,74,76,-1,75,76,60,-1,60,76,77,-1,60,77,61,-1,65,78,63,-1,63,78,79,-1,63,79,80,-1,80,79,81,-1,80,81,82,-1,82,81,83,-1,82,83,84,-1,54,84,55,-1,55,84,83,-1,55,83,85,-1,85,83,86,-1,85,86,66,-1,66,86,87,-1,66,87,67,-1,88,89,90,-1,90,91,88,-1,88,91,92,-1,88,92,93,-1,93,92,94,-1,93,94,95,-1,95,94,54,-1,95,54,96,-1,96,54,56,-1,96,56,97,-1,97,56,59,-1,97,59,98,-1,99,100,101,-1,102,103,104,-1,104,103,105,-1,104,105,106,-1,106,105,99,-1,106,99,107,-1,107,99,101,-1,108,109,59,-1,110,111,112,-1,113,114,115,-1,115,114,108,-1,115,108,116,-1,116,108,59,-1,116,59,117,-1,112,118,110,-1,110,118,119,-1,110,119,120,-1,120,119,121,-1,120,121,122,-1,122,121,117,-1,122,117,123,-1,123,117,59,-1,123,59,102,-1,102,59,58,-1,102,58,103,-1,124,125,126,-1,126,125,127,-1,126,127,113,-1,113,127,128,-1,113,128,114,-1,129,130,131,-1,131,130,132,-1,133,134,135,-1,135,134,136,-1,135,136,129,-1,129,136,137,-1,129,137,130,-1,45,138,35,-1,35,138,139,-1,35,139,59,-1,59,139,140,-1,141,142,143,-1,143,142,144,-1,145,146,59,-1,147,148,149,-1,149,148,150,-1,149,150,141,-1,141,150,151,-1,141,151,142,-1,152,153,154,-1,154,155,152,-1,152,155,156,-1,152,156,157,-1,157,156,158,-1,157,158,159,-1,159,158,145,-1,159,145,160,-1,160,145,59,-1,160,59,144,-1,144,59,140,-1,144,140,143,-1,161,162,163,-1,164,165,166,-1,166,165,167,-1,166,167,168,-1,168,167,161,-1,168,161,169,-1,169,161,163,-1,170,171,172,-1,172,173,170,-1,170,173,174,-1,170,174,175,-1,175,174,176,-1,175,176,177,-1,177,176,98,-1,177,98,178,-1,178,98,59,-1,178,59,164,-1,164,59,146,-1,164,146,165,-1,4,179,180,-1,138,181,139,-1,139,181,11,-1,139,11,182,-1,182,11,6,-1,182,6,180,-1,183,184,185,-1,186,187,188,-1,189,190,191,-1,192,193,194,-1,194,193,195,-1,194,195,196,-1,196,195,189,-1,196,189,197,-1,197,189,191,-1,198,199,200,-1,200,201,198,-1,198,201,202,-1,198,202,203,-1,203,202,204,-1,203,204,205,-1,205,204,186,-1,205,186,206,-1,206,186,188,-1,206,188,192,-1,192,188,207,-1,192,207,193,-1,208,209,210,-1,210,209,188,-1,210,188,211,-1,211,188,187,-1,211,187,212,-1,212,187,213,-1,212,213,214,-1,185,215,183,-1,183,215,188,-1,183,188,216,-1,216,188,209,-1,217,218,219,-1,213,220,214,-1,214,220,217,-1,214,217,221,-1,221,217,219,-1,222,223,224,-1,224,223,225,-1,226,223,227,-1,227,223,222,-1,227,222,228,-1,229,230,231,-1,230,229,232,-1,232,229,233,-1,232,233,234,-1,235,236,237,-1,237,236,238,-1,231,239,229,-1,229,239,240,-1,229,240,241,-1,241,240,242,-1,241,242,243,-1,242,244,228,-1,245,246,222,-1,247,248,249,-1,250,251,252,-1,252,251,245,-1,252,245,253,-1,253,245,222,-1,253,222,238,-1,238,222,224,-1,238,224,237,-1,254,255,256,-1,257,258,259,-1,260,223,261,-1,261,223,226,-1,261,226,262,-1,262,226,263,-1,262,263,264,-1,265,266,267,-1,267,266,268,-1,267,268,269,-1,269,268,247,-1,269,247,270,-1,270,247,249,-1,271,272,273,-1,273,272,274,-1,273,274,235,-1,235,274,275,-1,235,275,236,-1,256,276,254,-1,254,276,277,-1,254,277,278,-1,278,277,279,-1,278,279,280,-1,280,279,227,-1,280,227,281,-1,281,227,228,-1,281,228,265,-1,265,228,244,-1,265,244,266,-1,263,282,264,-1,264,282,257,-1,264,257,283,-1,283,257,259,-1,284,285,286,-1,286,285,287,-1,286,287,250,-1,250,287,288,-1,250,288,251,-1,289,290,291,-1,292,293,294,-1,294,293,295,-1,294,295,296,-1,296,295,289,-1,296,289,297,-1,297,289,291,-1,298,299,300,-1,300,299,222,-1,301,302,303,-1,303,304,301,-1,301,304,305,-1,301,305,306,-1,306,305,307,-1,306,307,308,-1,308,307,300,-1,308,300,309,-1,309,300,222,-1,309,222,292,-1,292,222,246,-1,292,246,293,-1,310,311,312,-1,242,228,243,-1,243,228,299,-1,243,299,313,-1,313,299,298,-1,313,298,314,-1,314,298,315,-1,314,315,316,-1,315,317,316,-1,316,317,310,-1,316,310,318,-1,318,310,312,-1,225,223,319,-1,319,223,320,-1,319,320,321,-1,322,323,320,-1,320,323,324,-1,325,326,327,-1,327,326,328,-1,329,330,331,-1,331,330,332,-1,331,332,324,-1,324,332,333,-1,324,333,320,-1,320,333,334,-1,335,336,337,-1,338,339,340,-1,340,339,341,-1,340,341,325,-1,325,341,342,-1,325,342,326,-1,343,344,345,-1,345,344,321,-1,345,321,346,-1,346,321,320,-1,346,320,328,-1,328,320,334,-1,328,334,327,-1,347,348,349,-1,349,348,350,-1,349,350,329,-1,329,350,351,-1,329,351,330,-1,352,353,354,-1,335,337,355,-1,356,357,358,-1,335,359,336,-1,336,359,352,-1,336,352,360,-1,360,352,354,-1,361,362,363,-1,337,364,355,-1,355,364,365,-1,355,365,332,-1,332,365,366,-1,332,366,333,-1,333,366,367,-1,333,367,368,-1,368,367,369,-1,368,369,370,-1,370,369,356,-1,370,356,371,-1,371,356,358,-1,372,373,374,-1,374,373,375,-1,374,375,343,-1,343,375,376,-1,343,376,344,-1,377,378,379,-1,380,381,382,-1,383,384,385,-1,386,363,387,-1,387,363,388,-1,387,388,389,-1,379,390,377,-1,377,390,391,-1,377,391,392,-1,392,391,393,-1,392,393,394,-1,394,393,365,-1,394,365,395,-1,395,365,364,-1,395,364,396,-1,396,364,397,-1,396,397,398,-1,398,397,399,-1,398,399,400,-1,400,399,401,-1,400,401,402,-1,402,401,380,-1,402,380,403,-1,403,380,382,-1,404,405,406,-1,406,405,396,-1,406,396,407,-1,407,396,398,-1,407,398,385,-1,385,398,361,-1,385,361,383,-1,383,361,363,-1,383,363,408,-1,408,363,386,-1,409,410,411,-1,411,410,412,-1,411,412,404,-1,404,412,413,-1,404,413,405,-1,414,415,416,-1,417,418,419,-1,420,421,320,-1,422,423,424,-1,424,423,420,-1,424,420,425,-1,425,420,320,-1,425,320,419,-1,419,320,414,-1,419,414,417,-1,417,414,416,-1,426,427,428,-1,428,427,429,-1,428,429,422,-1,422,429,430,-1,422,430,423,-1,431,432,433,-1,434,435,436,-1,436,435,437,-1,436,437,438,-1,438,437,431,-1,438,431,439,-1,439,431,433,-1,440,441,442,-1,442,443,440,-1,440,443,444,-1,440,444,445,-1,445,444,446,-1,445,446,447,-1,447,446,322,-1,447,322,448,-1,448,322,320,-1,448,320,434,-1,434,320,421,-1,434,421,435,-1,10,53,8,-1,8,53,52,-1,8,52,449,-1,52,0,449,-1,449,0,2,-1,449,2,414,-1,414,2,450,-1,414,450,415,-1,415,450,451,-1,415,451,452,-1,452,451,453,-1,454,455,38,-1,456,457,458,-1,38,459,454,-1,454,459,460,-1,454,460,461,-1,461,460,462,-1,461,462,463,-1,463,462,456,-1,463,456,464,-1,464,456,458,-1,465,466,38,-1,467,468,469,-1,470,471,472,-1,472,471,473,-1,472,473,474,-1,474,473,467,-1,474,467,475,-1,475,467,469,-1,476,477,478,-1,478,479,476,-1,476,479,480,-1,476,480,481,-1,481,480,482,-1,481,482,483,-1,483,482,465,-1,483,465,484,-1,484,465,38,-1,484,38,470,-1,470,38,455,-1,470,455,471,-1,49,40,50,-1,50,40,38,-1,50,38,485,-1,485,38,466,-1,485,466,486,-1,486,466,487,-1,486,487,488,-1,489,490,491,-1,487,492,488,-1,488,492,489,-1,488,489,493,-1,493,489,491,-1,494,495,496,-1,497,498,499,-1,499,498,500,-1,501,502,503,-1,503,502,504,-1,503,504,505,-1,506,507,496,-1,508,509,510,-1,510,509,511,-1,510,511,497,-1,497,511,512,-1,497,512,498,-1,513,514,515,-1,515,516,513,-1,513,516,517,-1,513,517,518,-1,518,517,519,-1,518,519,520,-1,520,519,506,-1,520,506,521,-1,521,506,496,-1,521,496,500,-1,500,496,495,-1,500,495,499,-1,522,523,524,-1,525,526,527,-1,527,528,525,-1,525,528,529,-1,525,529,530,-1,530,529,531,-1,530,531,532,-1,532,531,523,-1,532,523,507,-1,507,523,522,-1,507,522,496,-1,533,534,535,-1,536,524,537,-1,537,524,538,-1,537,538,539,-1,538,540,539,-1,539,540,533,-1,539,533,541,-1,541,533,535,-1,542,543,544,-1,545,546,547,-1,546,545,548,-1,548,545,549,-1,548,549,550,-1,544,551,542,-1,542,551,552,-1,542,552,553,-1,553,552,554,-1,553,554,555,-1,555,554,522,-1,555,522,556,-1,556,522,524,-1,556,524,557,-1,557,524,536,-1,557,536,558,-1,559,560,561,-1,547,562,545,-1,545,562,563,-1,545,563,564,-1,564,563,565,-1,564,565,558,-1,558,565,566,-1,558,566,557,-1,557,566,567,-1,557,567,568,-1,568,567,569,-1,568,569,570,-1,570,569,559,-1,570,559,571,-1,571,559,561,-1,504,572,505,-1,505,572,573,-1,505,573,574,-1,574,573,494,-1,574,494,575,-1,575,494,496,-1,575,496,576,-1,576,496,577,-1,576,577,578,-1,578,577,59,-1,578,59,132,-1,132,59,109,-1,132,109,131,-1,579,414,580,-1,580,414,320,-1,580,320,581,-1,581,320,223,-1,581,223,188,-1,188,223,260,-1,188,260,207,-1,582,583,579,-1,579,583,584,-1,579,584,414,-1,414,584,585,-1,414,585,188,-1,188,585,586,-1,188,586,581,-1,587,588,414,-1,414,588,589,-1,414,589,590,-1,215,3,188,-1,188,3,5,-1,188,5,591,-1,591,592,188,-1,188,592,593,-1,188,593,594,-1,594,595,188,-1,188,595,596,-1,188,596,597,-1,590,598,414,-1,414,598,599,-1,414,599,449,-1,449,599,600,-1,449,600,5,-1,5,600,601,-1,5,601,591,-1,597,602,188,-1,188,602,603,-1,188,603,414,-1,414,603,604,-1,414,604,587,-1,4,180,5,-1,5,180,6,-1,5,6,605,-1,605,606,5,-1,5,606,607,-1,5,607,449,-1,449,607,608,-1,449,608,8,-1,8,608,609,-1,8,609,6,-1,6,609,610,-1,6,610,605,-1,611,612,613,-1,613,612,607,-1,613,607,614,-1,614,607,606,-1,614,606,615,-1,615,606,616,-1,35,617,38,-1,38,617,618,-1,38,618,619,-1,620,617,621,-1,621,617,35,-1,621,35,622,-1,622,35,59,-1,622,59,619,-1,619,59,577,-1,619,577,38,-1,38,577,496,-1,38,496,459,-1,70,623,69,-1,69,623,624,-1,625,74,626,-1,626,74,73,-1,627,101,628,-1,628,101,100,-1,629,112,630,-1,630,112,111,-1,631,125,632,-1,632,125,124,-1,633,134,634,-1,634,134,133,-1,635,502,636,-1,636,502,501,-1,637,509,638,-1,638,509,508,-1,639,515,640,-1,640,515,514,-1,641,527,642,-1,642,527,526,-1,643,535,644,-1,644,535,534,-1,381,645,382,-1,382,645,646,-1,353,647,354,-1,354,647,648,-1,347,649,348,-1,348,649,650,-1,441,651,442,-1,442,651,652,-1,432,653,433,-1,433,653,654,-1,426,655,427,-1,427,655,656,-1,453,657,452,-1,452,657,658,-1,490,659,491,-1,491,659,660,-1,477,661,478,-1,478,661,662,-1,468,663,469,-1,469,663,664,-1,457,665,458,-1,458,665,666,-1,543,667,544,-1,544,667,668,-1,560,669,561,-1,561,669,670,-1,387,671,386,-1,386,671,672,-1,673,410,674,-1,674,410,409,-1,675,379,676,-1,676,379,378,-1,677,358,678,-1,678,358,357,-1,679,339,680,-1,680,339,338,-1,681,373,682,-1,682,373,372,-1,683,272,684,-1,684,272,271,-1,685,285,686,-1,686,285,284,-1,687,291,688,-1,688,291,290,-1,689,303,690,-1,690,303,302,-1,548,691,546,-1,546,691,692,-1,693,312,694,-1,694,312,311,-1,64,695,65,-1,65,695,696,-1,89,697,90,-1,90,697,698,-1,171,699,172,-1,172,699,700,-1,162,701,163,-1,163,701,702,-1,153,703,154,-1,154,703,704,-1,147,705,148,-1,148,705,706,-1,184,707,185,-1,185,707,708,-1,218,709,219,-1,219,709,710,-1,199,711,200,-1,200,711,712,-1,190,713,191,-1,191,713,714,-1,258,715,259,-1,259,715,716,-1,255,717,256,-1,256,717,718,-1,248,719,249,-1,249,719,720,-1,232,721,230,-1,230,721,722,-1,691,548,723,-1,723,548,550,-1,671,387,724,-1,724,387,389,-1,721,232,725,-1,725,232,234,-1,623,70,726,-1,726,70,72,-1,727,689,690,-1,728,675,729,-1,729,675,676,-1,730,731,732,-1,732,731,733,-1,732,733,734,-1,735,736,737,-1,738,718,717,-1,739,740,741,-1,742,743,744,-1,744,743,738,-1,744,738,745,-1,745,738,717,-1,746,747,742,-1,742,747,748,-1,742,748,749,-1,749,750,742,-1,742,750,751,-1,742,751,690,-1,690,751,752,-1,690,752,727,-1,739,741,753,-1,753,741,754,-1,753,754,755,-1,756,679,680,-1,757,650,649,-1,758,746,759,-1,759,746,742,-1,759,742,760,-1,760,742,744,-1,758,761,746,-1,746,761,762,-1,746,762,763,-1,764,765,766,-1,766,765,767,-1,768,769,770,-1,770,769,771,-1,772,673,674,-1,773,732,755,-1,755,732,734,-1,755,734,753,-1,774,775,776,-1,680,777,756,-1,756,777,778,-1,756,778,779,-1,779,778,780,-1,779,780,781,-1,781,780,782,-1,780,783,784,-1,783,785,784,-1,784,785,786,-1,784,786,767,-1,765,787,767,-1,767,787,788,-1,767,788,784,-1,784,788,789,-1,784,789,790,-1,649,791,757,-1,757,791,792,-1,757,792,793,-1,794,795,796,-1,797,725,798,-1,799,797,800,-1,740,801,741,-1,741,801,772,-1,741,772,802,-1,802,772,674,-1,803,677,678,-1,804,805,806,-1,807,654,653,-1,808,666,665,-1,769,809,771,-1,771,809,810,-1,771,810,811,-1,811,810,812,-1,811,812,813,-1,813,812,814,-1,815,816,817,-1,817,816,818,-1,819,794,820,-1,820,794,796,-1,820,796,821,-1,821,796,822,-1,821,822,823,-1,780,784,782,-1,782,784,824,-1,782,824,794,-1,825,782,826,-1,826,782,827,-1,828,724,829,-1,724,828,671,-1,671,828,830,-1,671,830,672,-1,764,831,765,-1,765,831,803,-1,765,803,832,-1,832,803,678,-1,806,805,833,-1,834,835,836,-1,653,837,807,-1,807,837,838,-1,807,838,737,-1,737,838,839,-1,737,839,735,-1,768,840,769,-1,769,840,808,-1,769,808,841,-1,841,808,665,-1,842,641,642,-1,843,844,845,-1,845,844,846,-1,845,846,847,-1,848,849,782,-1,782,849,850,-1,782,850,851,-1,852,853,854,-1,854,853,855,-1,854,855,856,-1,857,858,854,-1,720,719,800,-1,800,719,859,-1,800,859,799,-1,728,730,675,-1,675,730,732,-1,675,732,860,-1,860,732,861,-1,862,863,864,-1,865,664,663,-1,816,866,818,-1,818,866,867,-1,818,867,868,-1,794,869,795,-1,795,869,868,-1,795,868,870,-1,870,868,867,-1,870,867,813,-1,813,867,871,-1,813,871,811,-1,823,872,821,-1,821,872,842,-1,821,842,873,-1,873,842,642,-1,843,827,844,-1,844,827,782,-1,844,782,874,-1,874,782,794,-1,874,794,875,-1,875,794,819,-1,876,877,878,-1,878,877,879,-1,878,879,880,-1,854,782,881,-1,881,782,851,-1,881,851,882,-1,882,851,883,-1,882,883,884,-1,885,886,887,-1,887,886,888,-1,887,888,889,-1,890,891,854,-1,854,891,892,-1,854,892,893,-1,894,763,895,-1,895,763,896,-1,895,896,897,-1,897,896,797,-1,897,797,898,-1,898,797,798,-1,899,900,746,-1,901,725,902,-1,902,725,797,-1,902,797,903,-1,903,797,799,-1,901,904,725,-1,725,904,905,-1,725,905,906,-1,792,907,793,-1,793,907,908,-1,793,908,909,-1,909,908,910,-1,909,910,911,-1,911,910,912,-1,911,912,913,-1,913,912,790,-1,913,790,806,-1,806,790,914,-1,806,914,804,-1,790,915,916,-1,917,918,919,-1,919,918,862,-1,919,862,920,-1,920,862,864,-1,921,922,923,-1,656,655,924,-1,924,655,925,-1,924,925,919,-1,919,925,926,-1,919,926,917,-1,927,668,667,-1,815,928,816,-1,816,928,865,-1,816,865,929,-1,929,865,663,-1,930,639,640,-1,931,627,628,-1,854,932,933,-1,894,934,763,-1,763,934,935,-1,763,935,746,-1,746,935,936,-1,746,936,899,-1,937,938,939,-1,939,938,940,-1,939,940,941,-1,941,940,828,-1,941,828,942,-1,942,828,829,-1,861,732,805,-1,805,732,943,-1,805,943,833,-1,944,945,790,-1,790,945,946,-1,790,946,947,-1,814,948,813,-1,813,948,949,-1,813,949,950,-1,950,951,813,-1,813,951,952,-1,813,952,953,-1,954,955,956,-1,956,955,927,-1,956,927,957,-1,957,927,667,-1,847,958,845,-1,845,958,930,-1,845,930,959,-1,959,930,640,-1,825,960,782,-1,782,960,961,-1,782,961,880,-1,637,638,962,-1,962,638,963,-1,962,963,878,-1,878,963,964,-1,878,964,876,-1,884,965,882,-1,882,965,931,-1,882,931,966,-1,966,931,628,-1,967,625,626,-1,885,968,886,-1,886,968,853,-1,886,853,969,-1,969,853,852,-1,970,971,972,-1,906,973,725,-1,725,973,974,-1,725,974,721,-1,721,974,975,-1,721,975,722,-1,912,976,790,-1,790,976,977,-1,790,977,944,-1,944,977,978,-1,979,652,651,-1,921,790,863,-1,863,790,916,-1,863,916,864,-1,923,922,835,-1,835,922,980,-1,835,980,836,-1,981,658,657,-1,982,660,659,-1,983,984,790,-1,790,984,985,-1,790,985,986,-1,954,987,955,-1,955,987,988,-1,955,988,989,-1,989,988,990,-1,989,990,949,-1,949,990,991,-1,949,991,950,-1,987,992,988,-1,988,992,993,-1,988,993,994,-1,880,879,782,-1,782,879,995,-1,782,995,996,-1,997,998,782,-1,782,998,999,-1,889,1000,887,-1,887,1000,967,-1,887,967,1001,-1,1001,967,626,-1,856,1002,854,-1,854,1002,1003,-1,854,1003,890,-1,890,1003,1004,-1,1005,702,701,-1,1006,704,703,-1,854,1007,1008,-1,1009,1010,1011,-1,1012,1013,1014,-1,1014,1013,1015,-1,858,1016,854,-1,854,1016,1017,-1,854,1017,1018,-1,1019,693,694,-1,1020,1021,1022,-1,978,1023,944,-1,944,1023,979,-1,944,979,1024,-1,1024,979,651,-1,947,1025,790,-1,790,1025,1026,-1,790,1026,915,-1,915,1026,1027,-1,915,1027,736,-1,736,1027,1028,-1,736,1028,737,-1,657,1029,981,-1,981,1029,1030,-1,981,1030,836,-1,836,1030,1031,-1,836,1031,834,-1,921,923,790,-1,790,923,1032,-1,790,1032,983,-1,983,1032,1033,-1,983,1033,1034,-1,1034,1035,983,-1,983,1035,982,-1,983,982,1036,-1,1036,982,659,-1,1037,662,661,-1,1038,643,644,-1,1039,1040,1041,-1,1041,1040,1042,-1,1043,726,1044,-1,726,1043,623,-1,623,1043,1045,-1,623,1045,624,-1,1004,1046,890,-1,890,1046,1005,-1,890,1005,1047,-1,1047,1005,701,-1,1048,706,705,-1,1008,1049,854,-1,854,1049,1050,-1,854,1050,1051,-1,1052,708,707,-1,933,1053,854,-1,854,1053,1015,-1,854,1015,857,-1,857,1015,1013,-1,1054,1055,1056,-1,1056,1055,1057,-1,1056,1057,1058,-1,694,1059,1019,-1,1019,1059,1060,-1,1019,1060,900,-1,900,1060,1061,-1,900,1061,746,-1,937,1062,938,-1,938,1062,1063,-1,938,1063,1064,-1,773,1065,732,-1,732,1065,1066,-1,732,1066,1020,-1,1020,1066,938,-1,1020,938,1021,-1,1021,938,1067,-1,1068,648,647,-1,1069,646,645,-1,986,1070,790,-1,790,1070,1071,-1,790,1071,784,-1,784,1071,1072,-1,784,1072,1073,-1,1073,1074,784,-1,784,1074,1037,-1,784,1037,1075,-1,1075,1037,661,-1,644,1076,1038,-1,1038,1076,1077,-1,1038,1077,953,-1,953,1077,1078,-1,953,1078,813,-1,1079,723,1080,-1,1081,1079,1082,-1,1083,1084,1085,-1,1085,1084,997,-1,1085,997,1086,-1,1086,997,782,-1,1086,782,1087,-1,1087,782,996,-1,635,636,1088,-1,1088,636,1089,-1,1088,1089,1085,-1,1085,1089,1090,-1,1085,1090,1083,-1,1091,1092,782,-1,782,1092,1093,-1,968,1094,853,-1,853,1094,1041,-1,853,1041,1095,-1,1095,1041,1096,-1,703,1097,1006,-1,1006,1097,1098,-1,1006,1098,1099,-1,1099,1098,1100,-1,1099,1100,1101,-1,1100,1102,854,-1,854,1102,1103,-1,1104,710,709,-1,1105,712,711,-1,1106,714,713,-1,716,715,1107,-1,1107,715,1055,-1,1107,1055,1108,-1,1108,1055,1054,-1,1109,1110,1016,-1,1067,938,1111,-1,1111,938,1064,-1,1111,1064,775,-1,775,1064,1112,-1,775,1112,776,-1,1022,1113,1020,-1,1020,1113,1068,-1,1020,1068,1114,-1,1114,1068,647,-1,645,1115,1069,-1,1069,1115,1116,-1,1069,1116,776,-1,776,1116,1117,-1,776,1117,774,-1,999,1118,782,-1,782,1118,1119,-1,782,1119,1091,-1,1091,1119,1120,-1,1091,1120,1121,-1,1122,633,634,-1,1123,1124,782,-1,782,1124,1125,-1,631,632,1126,-1,1126,632,1127,-1,1126,1127,1128,-1,1128,1127,1129,-1,1128,1129,1130,-1,1103,1131,854,-1,854,1131,1132,-1,854,1132,1007,-1,1007,1132,1133,-1,705,1134,1048,-1,1048,1134,1135,-1,1048,1135,1136,-1,1136,1135,1007,-1,1136,1007,1137,-1,1137,1007,1133,-1,1009,1011,1138,-1,1138,1011,1139,-1,1138,1139,1140,-1,1141,1142,1143,-1,1144,1145,1146,-1,1146,1145,1105,-1,1146,1105,1147,-1,1147,1105,711,-1,854,1148,1149,-1,1012,1150,1013,-1,1013,1150,1106,-1,1013,1106,1151,-1,1151,1106,713,-1,1018,1152,854,-1,854,1152,1153,-1,854,1153,1154,-1,1155,685,686,-1,1156,1157,854,-1,854,1157,1158,-1,854,1158,1159,-1,1160,1161,854,-1,854,1161,1162,-1,854,1162,782,-1,1080,1163,1079,-1,1079,1163,1164,-1,1079,1164,1165,-1,1165,1164,988,-1,1165,988,1166,-1,1166,988,994,-1,670,669,1082,-1,1082,669,1167,-1,1082,1167,1081,-1,634,1168,1122,-1,1122,1168,1169,-1,1122,1169,1120,-1,1120,1169,1170,-1,1120,1170,1121,-1,1130,1171,1128,-1,1128,1171,1123,-1,1128,1123,1172,-1,1172,1123,782,-1,1172,782,1173,-1,1173,782,1093,-1,848,782,1174,-1,1174,782,1125,-1,1174,1125,1175,-1,1175,1125,1176,-1,1175,1176,1177,-1,1178,1179,1180,-1,1180,1179,1181,-1,1180,1181,1182,-1,1182,1181,1043,-1,1182,1043,1183,-1,1183,1043,1044,-1,893,1184,854,-1,854,1184,1185,-1,854,1185,1100,-1,1100,1185,1186,-1,1100,1186,1101,-1,707,1187,1052,-1,1052,1187,1188,-1,1052,1188,1140,-1,1140,1188,1189,-1,1140,1189,1138,-1,709,1190,1104,-1,1104,1190,1191,-1,1104,1191,1192,-1,1192,1191,1142,-1,1192,1142,1193,-1,1193,1142,1141,-1,1143,1194,1141,-1,1141,1194,1148,-1,1141,1148,1195,-1,1195,1148,854,-1,1195,854,1010,-1,1010,854,1051,-1,1010,1051,1011,-1,932,854,1196,-1,1196,854,1149,-1,1196,1149,1146,-1,1146,1149,1197,-1,1146,1197,1144,-1,1057,1198,1058,-1,1058,1198,1109,-1,1058,1109,1199,-1,1199,1109,1016,-1,1199,1016,1200,-1,1200,1016,858,-1,1110,1201,1016,-1,1016,1201,1202,-1,1016,1202,1203,-1,1154,1204,854,-1,854,1204,1205,-1,854,1205,1206,-1,1207,683,684,-1,1208,723,1209,-1,1209,723,1079,-1,1209,1079,1210,-1,1210,1079,1081,-1,1208,1211,723,-1,723,1211,1212,-1,723,1212,1213,-1,1214,629,630,-1,1042,1215,1041,-1,1041,1215,1216,-1,1041,1216,1096,-1,1096,1216,1217,-1,1096,1217,1218,-1,1219,700,699,-1,1220,687,688,-1,1221,1222,854,-1,1223,1224,1225,-1,1225,1224,1160,-1,1225,1160,1226,-1,1226,1160,854,-1,1226,854,1227,-1,1227,854,1159,-1,1177,1228,1175,-1,1175,1228,1214,-1,1175,1214,1229,-1,1229,1214,630,-1,1218,1230,1096,-1,1096,1230,1219,-1,1096,1219,1231,-1,1231,1219,699,-1,1232,1233,1234,-1,690,1235,742,-1,742,1235,1236,-1,742,1236,1203,-1,1203,1236,1237,-1,1203,1237,1016,-1,688,1238,1220,-1,1220,1238,1239,-1,1220,1239,1240,-1,1240,1239,1241,-1,1240,1241,1154,-1,1154,1241,1242,-1,1154,1242,1204,-1,686,1243,1155,-1,1155,1243,1244,-1,1155,1244,1245,-1,1245,1244,1246,-1,681,682,1247,-1,1247,682,1248,-1,1247,1248,1225,-1,1225,1248,1249,-1,1225,1249,1223,-1,1213,1250,723,-1,723,1250,1251,-1,723,1251,691,-1,691,1251,1252,-1,691,1252,692,-1,1178,1253,1179,-1,1179,1253,1254,-1,1179,1254,1255,-1,1256,1233,1179,-1,1179,1233,1232,-1,1179,1232,1039,-1,1039,1232,1257,-1,1039,1257,1040,-1,1258,698,697,-1,1259,696,695,-1,1246,1260,1245,-1,1245,1260,1221,-1,1245,1221,1261,-1,1261,1221,854,-1,1261,854,1262,-1,1262,854,1206,-1,1222,1263,854,-1,854,1263,1264,-1,854,1264,1156,-1,1156,1264,1265,-1,1156,1265,1266,-1,684,1267,1207,-1,1207,1267,1268,-1,1207,1268,1266,-1,1266,1268,1269,-1,1266,1269,1156,-1,1256,1179,1270,-1,1270,1179,1255,-1,1270,1255,971,-1,971,1255,1271,-1,971,1271,972,-1,1234,1272,1232,-1,1232,1272,1258,-1,1232,1258,1273,-1,1273,1258,697,-1,695,1274,1259,-1,1259,1274,1275,-1,1259,1275,972,-1,972,1275,1276,-1,972,1276,970,-1,
        ]
    }
}
Shape{
    appearance Appearance {
        material  Material 	{
            diffuseColor 1.0 1.0 1.0
            specularColor 0.8784313725490196 0.8784313725490196 0.8784313725490196
            ambientIntensity 0.2
            transparency 0
            shininess 0.5
        }
    }
    geometry IndexedFaceSet {
        ccw TRUE
        solid FALSE
        coord DEF co Coordinate {
            point [
                -2.4016 2.4626 -0.1181, -2.4016 2.1654 -0.1181, -2.4016 2.4626 -0.1969, -2.4016 2.1654 -0.1969, -2.2047 2.1654 -0.1181, -2.2047 2.1654 -0.1969, -2.2047 2.4626 -0.1969, -2.2047 2.4626 -0.1181, -2.372 2.4397 -0.1181, -2.4006 2.4616 -0.1181, -2.2057 2.4616 -0.1181, -2.2343 2.4397 -0.1181, -2.3388 2.426 -0.1181, -2.3031 2.4213 -0.1181, -2.2675 2.426 -0.1181, -2.0472 2.4626 -0.1181, -2.0472 2.1654 -0.1181, -2.0472 2.4626 -0.1969, -2.0472 2.1654 -0.1969, -1.8504 2.1654 -0.1181, -1.8504 2.1654 -0.1969, -1.8504 2.4626 -0.1969, -1.8504 2.4626 -0.1181, -2.0177 2.4397 -0.1181, -2.0463 2.4616 -0.1181, -1.8514 2.4616 -0.1181, -1.8799 2.4397 -0.1181, -1.9845 2.426 -0.1181, -1.9488 2.4213 -0.1181, -1.9132 2.426 -0.1181, -1.6929 2.4626 -0.1181, -1.6929 2.1654 -0.1181, -1.6929 2.4626 -0.1969, -1.6929 2.1654 -0.1969, -1.4961 2.1654 -0.1181, -1.4961 2.1654 -0.1969, -1.4961 2.4626 -0.1969, -1.4961 2.4626 -0.1181, -1.5588 2.426 -0.1181, -1.5945 2.4213 -0.1181, -1.6302 2.426 -0.1181, -1.6919 2.4616 -0.1181, -1.6634 2.4397 -0.1181, -1.5256 2.4397 -0.1181, -1.4971 2.4616 -0.1181, -1.3386 2.4626 -0.1181, -1.3386 2.1654 -0.1181, -1.3386 2.4626 -0.1969, -1.3386 2.1654 -0.1969, -1.1417 2.1654 -0.1181, -1.1417 2.1654 -0.1969, -1.1417 2.4626 -0.1969, -1.1417 2.4626 -0.1181, -1.2045 2.426 -0.1181, -1.1713 2.4397 -0.1181, -1.1427 2.4616 -0.1181, -1.3376 2.4616 -0.1181, -1.3091 2.4397 -0.1181, -1.2758 2.426 -0.1181, -1.2402 2.4213 -0.1181, -0.9843 2.4626 -0.1181, -0.9843 2.1654 -0.1181, -0.9843 2.4626 -0.1969, -0.9843 2.1654 -0.1969, -0.7874 2.1654 -0.1181, -0.7874 2.1654 -0.1969, -0.7874 2.4626 -0.1969, -0.7874 2.4626 -0.1181, -0.8502 2.426 -0.1181, -0.8169 2.4397 -0.1181, -0.7884 2.4616 -0.1181, -0.9833 2.4616 -0.1181, -0.9547 2.4397 -0.1181, -0.9215 2.426 -0.1181, -0.8858 2.4213 -0.1181, -0.6299 2.4626 -0.1181, -0.6299 2.1654 -0.1181, -0.6299 2.4626 -0.1969, -0.6299 2.1654 -0.1969, -0.4331 2.1654 -0.1181, -0.4331 2.1654 -0.1969, -0.4331 2.4626 -0.1969, -0.4331 2.4626 -0.1181, -0.6004 2.4397 -0.1181, -0.6289 2.4616 -0.1181, -0.4341 2.4616 -0.1181, -0.4626 2.4397 -0.1181, -0.5672 2.426 -0.1181, -0.5315 2.4213 -0.1181, -0.4958 2.426 -0.1181, -0.2756 2.4626 -0.1181, -0.2756 2.1654 -0.1181, -0.2756 2.4626 -0.1969, -0.2756 2.1654 -0.1969, -0.0787 2.1654 -0.1181, -0.0787 2.1654 -0.1969, -0.0787 2.4626 -0.1969, -0.0787 2.4626 -0.1181, -0.2746 2.4616 -0.1181, -0.1415 2.426 -0.1181, -0.1083 2.4397 -0.1181, -0.0797 2.4616 -0.1181, -0.2461 2.4397 -0.1181, -0.2128 2.426 -0.1181, -0.1772 2.4213 -0.1181, 0.0787 2.4626 -0.1181, 0.0787 2.1654 -0.1181, 0.0787 2.4626 -0.1969, 0.0787 2.1654 -0.1969, 0.2756 2.1654 -0.1181, 0.2756 2.1654 -0.1969, 0.2756 2.4626 -0.1969, 0.2756 2.4626 -0.1181, 0.0797 2.4616 -0.1181, 0.2128 2.426 -0.1181, 0.2461 2.4397 -0.1181, 0.2746 2.4616 -0.1181, 0.1083 2.4397 -0.1181, 0.1415 2.426 -0.1181, 0.1772 2.4213 -0.1181, 0.4331 2.4626 -0.1181, 0.4331 2.1654 -0.1181, 0.4331 2.4626 -0.1969, 0.4331 2.1654 -0.1969, 0.6299 2.1654 -0.1181, 0.6299 2.1654 -0.1969, 0.6299 2.4626 -0.1969, 0.6299 2.4626 -0.1181, 0.4626 2.4397 -0.1181, 0.4341 2.4616 -0.1181, 0.6289 2.4616 -0.1181, 0.6004 2.4397 -0.1181, 0.4958 2.426 -0.1181, 0.5315 2.4213 -0.1181, 0.5672 2.426 -0.1181, 0.7874 2.4626 -0.1181, 0.7874 2.1654 -0.1181, 0.7874 2.4626 -0.1969, 0.7874 2.1654 -0.1969, 0.9843 2.1654 -0.1181, 0.9843 2.1654 -0.1969, 0.9843 2.4626 -0.1969, 0.9843 2.4626 -0.1181, 0.9215 2.426 -0.1181, 0.9547 2.4397 -0.1181, 0.9833 2.4616 -0.1181, 0.7884 2.4616 -0.1181, 0.8169 2.4397 -0.1181, 0.8502 2.426 -0.1181, 0.8858 2.4213 -0.1181, 1.1417 2.4626 -0.1181, 1.1417 2.1654 -0.1181, 1.1417 2.4626 -0.1969, 1.1417 2.1654 -0.1969, 1.3386 2.1654 -0.1181, 1.3386 2.1654 -0.1969, 1.3386 2.4626 -0.1969, 1.3386 2.4626 -0.1181, 1.2758 2.426 -0.1181, 1.3091 2.4397 -0.1181, 1.3376 2.4616 -0.1181, 1.1427 2.4616 -0.1181, 1.1713 2.4397 -0.1181, 1.2045 2.426 -0.1181, 1.2402 2.4213 -0.1181, 1.4961 2.4626 -0.1181, 1.4961 2.1654 -0.1181, 1.4961 2.4626 -0.1969, 1.4961 2.1654 -0.1969, 1.6929 2.1654 -0.1181, 1.6929 2.1654 -0.1969, 1.6929 2.4626 -0.1969, 1.6929 2.4626 -0.1181, 1.5256 2.4397 -0.1181, 1.4971 2.4616 -0.1181, 1.6919 2.4616 -0.1181, 1.6634 2.4397 -0.1181, 1.5588 2.426 -0.1181, 1.5945 2.4213 -0.1181, 1.6302 2.426 -0.1181, 1.8504 2.4626 -0.1181, 1.8504 2.1654 -0.1181, 1.8504 2.4626 -0.1969, 1.8504 2.1654 -0.1969, 2.0472 2.1654 -0.1181, 2.0472 2.1654 -0.1969, 2.0472 2.4626 -0.1969, 2.0472 2.4626 -0.1181, 1.8799 2.4397 -0.1181, 1.8514 2.4616 -0.1181, 2.0463 2.4616 -0.1181, 2.0177 2.4397 -0.1181, 1.9132 2.426 -0.1181, 1.9488 2.4213 -0.1181, 1.9845 2.426 -0.1181, 2.2047 2.4626 -0.1181, 2.2047 2.1654 -0.1181, 2.2047 2.4626 -0.1969, 2.2047 2.1654 -0.1969, 2.4016 2.1654 -0.1181, 2.4016 2.1654 -0.1969, 2.4016 2.4626 -0.1969, 2.4016 2.4626 -0.1181, 2.2343 2.4397 -0.1181, 2.2057 2.4616 -0.1181, 2.4006 2.4616 -0.1181, 2.372 2.4397 -0.1181, 2.2675 2.426 -0.1181, 2.3031 2.4213 -0.1181, 2.3388 2.426 -0.1181, 2.4016 -2.4626 -0.1181, 2.4016 -2.1654 -0.1181, 2.4016 -2.4626 -0.1969, 2.4016 -2.1654 -0.1969, 2.2047 -2.1654 -0.1181, 2.2047 -2.1654 -0.1969, 2.2047 -2.4626 -0.1969, 2.2047 -2.4626 -0.1181, 2.372 -2.4397 -0.1181, 2.4006 -2.4616 -0.1181, 2.2057 -2.4616 -0.1181, 2.2343 -2.4397 -0.1181, 2.3388 -2.426 -0.1181, 2.3031 -2.4213 -0.1181, 2.2675 -2.426 -0.1181, 2.0472 -2.4626 -0.1181, 2.0472 -2.1654 -0.1181, 2.0472 -2.4626 -0.1969, 2.0472 -2.1654 -0.1969, 1.8504 -2.1654 -0.1181, 1.8504 -2.1654 -0.1969, 1.8504 -2.4626 -0.1969, 1.8504 -2.4626 -0.1181, 2.0177 -2.4397 -0.1181, 2.0463 -2.4616 -0.1181, 1.8514 -2.4616 -0.1181, 1.8799 -2.4397 -0.1181, 1.9845 -2.426 -0.1181, 1.9488 -2.4213 -0.1181, 1.9132 -2.426 -0.1181, 1.6929 -2.4626 -0.1181, 1.6929 -2.1654 -0.1181, 1.6929 -2.4626 -0.1969, 1.6929 -2.1654 -0.1969, 1.4961 -2.1654 -0.1181, 1.4961 -2.1654 -0.1969, 1.4961 -2.4626 -0.1969, 1.4961 -2.4626 -0.1181, 1.6634 -2.4397 -0.1181, 1.6919 -2.4616 -0.1181, 1.4971 -2.4616 -0.1181, 1.5256 -2.4397 -0.1181, 1.6302 -2.426 -0.1181, 1.5945 -2.4213 -0.1181, 1.5588 -2.426 -0.1181, 1.3386 -2.4626 -0.1181, 1.3386 -2.1654 -0.1181, 1.3386 -2.4626 -0.1969, 1.3386 -2.1654 -0.1969, 1.1417 -2.1654 -0.1181, 1.1417 -2.1654 -0.1969, 1.1417 -2.4626 -0.1969, 1.1417 -2.4626 -0.1181, 1.3091 -2.4397 -0.1181, 1.3376 -2.4616 -0.1181, 1.1427 -2.4616 -0.1181, 1.1713 -2.4397 -0.1181, 1.2758 -2.426 -0.1181, 1.2402 -2.4213 -0.1181, 1.2045 -2.426 -0.1181, 0.9843 -2.4626 -0.1181, 0.9843 -2.1654 -0.1181, 0.9843 -2.4626 -0.1969, 0.9843 -2.1654 -0.1969, 0.7874 -2.1654 -0.1181, 0.7874 -2.1654 -0.1969, 0.7874 -2.4626 -0.1969, 0.7874 -2.4626 -0.1181, 0.9547 -2.4397 -0.1181, 0.9833 -2.4616 -0.1181, 0.7884 -2.4616 -0.1181, 0.8169 -2.4397 -0.1181, 0.9215 -2.426 -0.1181, 0.8858 -2.4213 -0.1181, 0.8502 -2.426 -0.1181, 0.6299 -2.4626 -0.1181, 0.6299 -2.1654 -0.1181, 0.6299 -2.4626 -0.1969, 0.6299 -2.1654 -0.1969, 0.4331 -2.1654 -0.1181, 0.4331 -2.1654 -0.1969, 0.4331 -2.4626 -0.1969, 0.4331 -2.4626 -0.1181, 0.6289 -2.4616 -0.1181, 0.4958 -2.426 -0.1181, 0.4626 -2.4397 -0.1181, 0.4341 -2.4616 -0.1181, 0.6004 -2.4397 -0.1181, 0.5672 -2.426 -0.1181, 0.5315 -2.4213 -0.1181, 0.2756 -2.4626 -0.1181, 0.2756 -2.1654 -0.1181, 0.2756 -2.4626 -0.1969, 0.2756 -2.1654 -0.1969, 0.0787 -2.1654 -0.1181, 0.0787 -2.1654 -0.1969, 0.0787 -2.4626 -0.1969, 0.0787 -2.4626 -0.1181, 0.2746 -2.4616 -0.1181, 0.1415 -2.426 -0.1181, 0.1083 -2.4397 -0.1181, 0.0797 -2.4616 -0.1181, 0.2461 -2.4397 -0.1181, 0.2128 -2.426 -0.1181, 0.1772 -2.4213 -0.1181, -0.0787 -2.4626 -0.1181, -0.0787 -2.1654 -0.1181, -0.0787 -2.4626 -0.1969, -0.0787 -2.1654 -0.1969, -0.2756 -2.1654 -0.1181, -0.2756 -2.1654 -0.1969, -0.2756 -2.4626 -0.1969, -0.2756 -2.4626 -0.1181, -0.0797 -2.4616 -0.1181, -0.2128 -2.426 -0.1181, -0.2461 -2.4397 -0.1181, -0.2746 -2.4616 -0.1181, -0.1083 -2.4397 -0.1181, -0.1415 -2.426 -0.1181, -0.1772 -2.4213 -0.1181, -0.4331 -2.4626 -0.1181, -0.4331 -2.1654 -0.1181, -0.4331 -2.4626 -0.1969, -0.4331 -2.1654 -0.1969, -0.6299 -2.1654 -0.1181, -0.6299 -2.1654 -0.1969, -0.6299 -2.4626 -0.1969, -0.6299 -2.4626 -0.1181, -0.4341 -2.4616 -0.1181, -0.5672 -2.426 -0.1181, -0.6004 -2.4397 -0.1181, -0.6289 -2.4616 -0.1181, -0.4626 -2.4397 -0.1181, -0.4958 -2.426 -0.1181, -0.5315 -2.4213 -0.1181, -0.7874 -2.4626 -0.1181, -0.7874 -2.1654 -0.1181, -0.7874 -2.4626 -0.1969, -0.7874 -2.1654 -0.1969, -0.9843 -2.1654 -0.1181, -0.9843 -2.1654 -0.1969, -0.9843 -2.4626 -0.1969, -0.9843 -2.4626 -0.1181, -0.8169 -2.4397 -0.1181, -0.7884 -2.4616 -0.1181, -0.9833 -2.4616 -0.1181, -0.9547 -2.4397 -0.1181, -0.8502 -2.426 -0.1181, -0.8858 -2.4213 -0.1181, -0.9215 -2.426 -0.1181, -1.1417 -2.4626 -0.1181, -1.1417 -2.1654 -0.1181, -1.1417 -2.4626 -0.1969, -1.1417 -2.1654 -0.1969, -1.3386 -2.1654 -0.1181, -1.3386 -2.1654 -0.1969, -1.3386 -2.4626 -0.1969, -1.3386 -2.4626 -0.1181, -1.1713 -2.4397 -0.1181, -1.1427 -2.4616 -0.1181, -1.3376 -2.4616 -0.1181, -1.3091 -2.4397 -0.1181, -1.2045 -2.426 -0.1181, -1.2402 -2.4213 -0.1181, -1.2758 -2.426 -0.1181, -1.4961 -2.4626 -0.1181, -1.4961 -2.1654 -0.1181, -1.4961 -2.4626 -0.1969, -1.4961 -2.1654 -0.1969, -1.6929 -2.1654 -0.1181, -1.6929 -2.1654 -0.1969, -1.6929 -2.4626 -0.1969, -1.6929 -2.4626 -0.1181, -1.5588 -2.426 -0.1181, -1.5945 -2.4213 -0.1181, -1.6302 -2.426 -0.1181, -1.4971 -2.4616 -0.1181, -1.5256 -2.4397 -0.1181, -1.6634 -2.4397 -0.1181, -1.6919 -2.4616 -0.1181, -1.8504 -2.4626 -0.1181, -1.8504 -2.1654 -0.1181, -1.8504 -2.4626 -0.1969, -1.8504 -2.1654 -0.1969, -2.0472 -2.1654 -0.1181, -2.0472 -2.1654 -0.1969, -2.0472 -2.4626 -0.1969, -2.0472 -2.4626 -0.1181, -1.8799 -2.4397 -0.1181, -1.8514 -2.4616 -0.1181, -2.0463 -2.4616 -0.1181, -2.0177 -2.4397 -0.1181, -1.9132 -2.426 -0.1181, -1.9488 -2.4213 -0.1181, -1.9845 -2.426 -0.1181, -2.2047 -2.4626 -0.1181, -2.2047 -2.1654 -0.1181, -2.2047 -2.4626 -0.1969, -2.2047 -2.1654 -0.1969, -2.4016 -2.1654 -0.1181, -2.4016 -2.1654 -0.1969, -2.4016 -2.4626 -0.1969, -2.4016 -2.4626 -0.1181, -2.2343 -2.4397 -0.1181, -2.2057 -2.4616 -0.1181, -2.4006 -2.4616 -0.1181, -2.372 -2.4397 -0.1181, -2.2675 -2.426 -0.1181, -2.3031 -2.4213 -0.1181, -2.3388 -2.426 -0.1181, -2.8563 1.6732 -0.1181, -2.5591 1.6732 -0.1181, -2.8563 1.6732 -0.1969, -2.5591 1.6732 -0.1969, -2.5591 1.8701 -0.1181, -2.5591 1.8701 -0.1969, -2.8563 1.8701 -0.1969, -2.8563 1.8701 -0.1181, -2.8334 1.7028 -0.1181, -2.8553 1.6742 -0.1181, -2.8553 1.8691 -0.1181, -2.8334 1.8406 -0.1181, -2.8197 1.736 -0.1181, -2.815 1.7717 -0.1181, -2.8197 1.8073 -0.1181, 2.8563 -1.6732 -0.1181, 2.5591 -1.6732 -0.1181, 2.8563 -1.6732 -0.1969, 2.5591 -1.6732 -0.1969, 2.5591 -1.8701 -0.1181, 2.5591 -1.8701 -0.1969, 2.8563 -1.8701 -0.1969, 2.8563 -1.8701 -0.1181, 2.8334 -1.7028 -0.1181, 2.8553 -1.6742 -0.1181, 2.8553 -1.8691 -0.1181, 2.8334 -1.8406 -0.1181, 2.8197 -1.736 -0.1181, 2.815 -1.7717 -0.1181, 2.8197 -1.8073 -0.1181, -2.8563 1.3189 -0.1181, -2.5591 1.3189 -0.1181, -2.8563 1.3189 -0.1969, -2.5591 1.3189 -0.1969, -2.5591 1.5157 -0.1181, -2.5591 1.5157 -0.1969, -2.8563 1.5157 -0.1969, -2.8563 1.5157 -0.1181, -2.8197 1.453 -0.1181, -2.8334 1.4862 -0.1181, -2.8553 1.5148 -0.1181, -2.8553 1.3199 -0.1181, -2.8334 1.3484 -0.1181, -2.8197 1.3817 -0.1181, -2.815 1.4173 -0.1181, -2.8563 0.9646 -0.1181, -2.5591 0.9646 -0.1181, -2.8563 0.9646 -0.1969, -2.5591 0.9646 -0.1969, -2.5591 1.1614 -0.1181, -2.5591 1.1614 -0.1969, -2.8563 1.1614 -0.1969, -2.8563 1.1614 -0.1181, -2.8197 1.0987 -0.1181, -2.8334 1.1319 -0.1181, -2.8553 1.1604 -0.1181, -2.8553 0.9656 -0.1181, -2.8334 0.9941 -0.1181, -2.8197 1.0273 -0.1181, -2.815 1.063 -0.1181, -2.8563 0.6102 -0.1181, -2.5591 0.6102 -0.1181, -2.8563 0.6102 -0.1969, -2.5591 0.6102 -0.1969, -2.5591 0.8071 -0.1181, -2.5591 0.8071 -0.1969, -2.8563 0.8071 -0.1969, -2.8563 0.8071 -0.1181, -2.8334 0.6398 -0.1181, -2.8553 0.6112 -0.1181, -2.8553 0.8061 -0.1181, -2.8334 0.7776 -0.1181, -2.8197 0.673 -0.1181, -2.815 0.7087 -0.1181, -2.8197 0.7443 -0.1181, -2.8563 0.2559 -0.1181, -2.5591 0.2559 -0.1181, -2.8563 0.2559 -0.1969, -2.5591 0.2559 -0.1969, -2.5591 0.4528 -0.1181, -2.5591 0.4528 -0.1969, -2.8563 0.4528 -0.1969, -2.8563 0.4528 -0.1181, -2.8334 0.2854 -0.1181, -2.8553 0.2569 -0.1181, -2.8553 0.4518 -0.1181, -2.8334 0.4232 -0.1181, -2.8197 0.3187 -0.1181, -2.815 0.3543 -0.1181, -2.8197 0.39 -0.1181, -2.8563 -0.0984 -0.1181, -2.5591 -0.0984 -0.1181, -2.8563 -0.0984 -0.1969, -2.5591 -0.0984 -0.1969, -2.5591 0.0984 -0.1181, -2.5591 0.0984 -0.1969, -2.8563 0.0984 -0.1969, -2.8563 0.0984 -0.1181, -2.8553 -0.0974 -0.1181, -2.8197 0.0357 -0.1181, -2.8334 0.0689 -0.1181, -2.8553 0.0974 -0.1181, -2.8334 -0.0689 -0.1181, -2.8197 -0.0357 -0.1181, -2.815 0.0 -0.1181, -2.8563 -0.4528 -0.1181, -2.5591 -0.4528 -0.1181, -2.8563 -0.4528 -0.1969, -2.5591 -0.4528 -0.1969, -2.5591 -0.2559 -0.1181, -2.5591 -0.2559 -0.1969, -2.8563 -0.2559 -0.1969, -2.8563 -0.2559 -0.1181, -2.8334 -0.4232 -0.1181, -2.8553 -0.4518 -0.1181, -2.8553 -0.2569 -0.1181, -2.8334 -0.2854 -0.1181, -2.8197 -0.39 -0.1181, -2.815 -0.3543 -0.1181, -2.8197 -0.3187 -0.1181, -2.8563 -0.8071 -0.1181, -2.5591 -0.8071 -0.1181, -2.8563 -0.8071 -0.1969, -2.5591 -0.8071 -0.1969, -2.5591 -0.6102 -0.1181, -2.5591 -0.6102 -0.1969, -2.8563 -0.6102 -0.1969, -2.8563 -0.6102 -0.1181, -2.8553 -0.6112 -0.1181, -2.8334 -0.6398 -0.1181, -2.8334 -0.7776 -0.1181, -2.8553 -0.8061 -0.1181, -2.8197 -0.7443 -0.1181, -2.815 -0.7087 -0.1181, -2.8197 -0.673 -0.1181, -2.8563 -1.1614 -0.1181, -2.5591 -1.1614 -0.1181, -2.8563 -1.1614 -0.1969, -2.5591 -1.1614 -0.1969, -2.5591 -0.9646 -0.1181, -2.5591 -0.9646 -0.1969, -2.8563 -0.9646 -0.1969, -2.8563 -0.9646 -0.1181, -2.8197 -1.0273 -0.1181, -2.8334 -0.9941 -0.1181, -2.8553 -0.9656 -0.1181, -2.8553 -1.1604 -0.1181, -2.8334 -1.1319 -0.1181, -2.8197 -1.0987 -0.1181, -2.815 -1.063 -0.1181, -2.8563 -1.5157 -0.1181, -2.5591 -1.5157 -0.1181, -2.8563 -1.5157 -0.1969, -2.5591 -1.5157 -0.1969, -2.5591 -1.3189 -0.1181, -2.5591 -1.3189 -0.1969, -2.8563 -1.3189 -0.1969, -2.8563 -1.3189 -0.1181, -2.8197 -1.3817 -0.1181, -2.8334 -1.3484 -0.1181, -2.8553 -1.3199 -0.1181, -2.8553 -1.5148 -0.1181, -2.8334 -1.4862 -0.1181, -2.8197 -1.453 -0.1181, -2.815 -1.4173 -0.1181, -2.8563 -1.8701 -0.1181, -2.5591 -1.8701 -0.1181, -2.8563 -1.8701 -0.1969, -2.5591 -1.8701 -0.1969, -2.5591 -1.6732 -0.1181, -2.5591 -1.6732 -0.1969, -2.8563 -1.6732 -0.1969, -2.8563 -1.6732 -0.1181, -2.8334 -1.8406 -0.1181, -2.8553 -1.8691 -0.1181, -2.8553 -1.6742 -0.1181, -2.8334 -1.7028 -0.1181, -2.8197 -1.8073 -0.1181, -2.815 -1.7717 -0.1181, -2.8197 -1.736 -0.1181, 2.8563 -1.3189 -0.1181, 2.5591 -1.3189 -0.1181, 2.8563 -1.3189 -0.1969, 2.5591 -1.3189 -0.1969, 2.5591 -1.5157 -0.1181, 2.5591 -1.5157 -0.1969, 2.8563 -1.5157 -0.1969, 2.8563 -1.5157 -0.1181, 2.8197 -1.453 -0.1181, 2.8334 -1.4862 -0.1181, 2.8553 -1.5148 -0.1181, 2.8553 -1.3199 -0.1181, 2.8334 -1.3484 -0.1181, 2.8197 -1.3817 -0.1181, 2.815 -1.4173 -0.1181, 2.8563 -0.9646 -0.1181, 2.5591 -0.9646 -0.1181, 2.8563 -0.9646 -0.1969, 2.5591 -0.9646 -0.1969, 2.5591 -1.1614 -0.1181, 2.5591 -1.1614 -0.1969, 2.8563 -1.1614 -0.1969, 2.8563 -1.1614 -0.1181, 2.8197 -1.0987 -0.1181, 2.8334 -1.1319 -0.1181, 2.8553 -1.1604 -0.1181, 2.8553 -0.9656 -0.1181, 2.8334 -0.9941 -0.1181, 2.8197 -1.0273 -0.1181, 2.815 -1.063 -0.1181, 2.8563 -0.6102 -0.1181, 2.5591 -0.6102 -0.1181, 2.8563 -0.6102 -0.1969, 2.5591 -0.6102 -0.1969, 2.5591 -0.8071 -0.1181, 2.5591 -0.8071 -0.1969, 2.8563 -0.8071 -0.1969, 2.8563 -0.8071 -0.1181, 2.8553 -0.8061 -0.1181, 2.8334 -0.7776 -0.1181, 2.8334 -0.6398 -0.1181, 2.8553 -0.6112 -0.1181, 2.8197 -0.673 -0.1181, 2.815 -0.7087 -0.1181, 2.8197 -0.7443 -0.1181, 2.8563 -0.2559 -0.1181, 2.5591 -0.2559 -0.1181, 2.8563 -0.2559 -0.1969, 2.5591 -0.2559 -0.1969, 2.5591 -0.4528 -0.1181, 2.5591 -0.4528 -0.1969, 2.8563 -0.4528 -0.1969, 2.8563 -0.4528 -0.1181, 2.8553 -0.2569 -0.1181, 2.8197 -0.39 -0.1181, 2.8334 -0.4232 -0.1181, 2.8553 -0.4518 -0.1181, 2.8334 -0.2854 -0.1181, 2.8197 -0.3187 -0.1181, 2.815 -0.3543 -0.1181, 2.8563 0.0984 -0.1181, 2.5591 0.0984 -0.1181, 2.8563 0.0984 -0.1969, 2.5591 0.0984 -0.1969, 2.5591 -0.0984 -0.1181, 2.5591 -0.0984 -0.1969, 2.8563 -0.0984 -0.1969, 2.8563 -0.0984 -0.1181, 2.8334 0.0689 -0.1181, 2.8553 0.0974 -0.1181, 2.8553 -0.0974 -0.1181, 2.8334 -0.0689 -0.1181, 2.8197 0.0357 -0.1181, 2.815 0.0 -0.1181, 2.8197 -0.0357 -0.1181, 2.8563 0.4528 -0.1181, 2.5591 0.4528 -0.1181, 2.8563 0.4528 -0.1969, 2.5591 0.4528 -0.1969, 2.5591 0.2559 -0.1181, 2.5591 0.2559 -0.1969, 2.8563 0.2559 -0.1969, 2.8563 0.2559 -0.1181, 2.8553 0.4518 -0.1181, 2.8197 0.3187 -0.1181, 2.8334 0.2854 -0.1181, 2.8553 0.2569 -0.1181, 2.8334 0.4232 -0.1181, 2.8197 0.39 -0.1181, 2.815 0.3543 -0.1181, 2.8563 0.8071 -0.1181, 2.5591 0.8071 -0.1181, 2.8563 0.8071 -0.1969, 2.5591 0.8071 -0.1969, 2.5591 0.6102 -0.1181, 2.5591 0.6102 -0.1969, 2.8563 0.6102 -0.1969, 2.8563 0.6102 -0.1181, 2.8334 0.7776 -0.1181, 2.8553 0.8061 -0.1181, 2.8553 0.6112 -0.1181, 2.8334 0.6398 -0.1181, 2.8197 0.7443 -0.1181, 2.815 0.7087 -0.1181, 2.8197 0.673 -0.1181, 2.8563 1.1614 -0.1181, 2.5591 1.1614 -0.1181, 2.8563 1.1614 -0.1969, 2.5591 1.1614 -0.1969, 2.5591 0.9646 -0.1181, 2.5591 0.9646 -0.1969, 2.8563 0.9646 -0.1969, 2.8563 0.9646 -0.1181, 2.8197 1.0273 -0.1181, 2.8334 0.9941 -0.1181, 2.8553 0.9656 -0.1181, 2.8553 1.1604 -0.1181, 2.8334 1.1319 -0.1181, 2.8197 1.0987 -0.1181, 2.815 1.063 -0.1181, 2.8563 1.5157 -0.1181, 2.5591 1.5157 -0.1181, 2.8563 1.5157 -0.1969, 2.5591 1.5157 -0.1969, 2.5591 1.3189 -0.1181, 2.5591 1.3189 -0.1969, 2.8563 1.3189 -0.1969, 2.8563 1.3189 -0.1181, 2.8197 1.3817 -0.1181, 2.8334 1.3484 -0.1181, 2.8553 1.3199 -0.1181, 2.8553 1.5148 -0.1181, 2.8334 1.4862 -0.1181, 2.8197 1.453 -0.1181, 2.815 1.4173 -0.1181, 2.8563 1.8701 -0.1181, 2.5591 1.8701 -0.1181, 2.8563 1.8701 -0.1969, 2.5591 1.8701 -0.1969, 2.5591 1.6732 -0.1181, 2.5591 1.6732 -0.1969, 2.8563 1.6732 -0.1969, 2.8563 1.6732 -0.1181, 2.8334 1.8406 -0.1181, 2.8553 1.8691 -0.1181, 2.8553 1.6742 -0.1181, 2.8334 1.7028 -0.1181, 2.8197 1.8073 -0.1181, 2.815 1.7717 -0.1181, 2.8197 1.736 -0.1181, -2.4225 2.4902 -0.1969, -2.1838 2.4902 0.0, -2.2057 2.4616 0.0, -2.2343 2.4397 0.0, -2.2675 2.426 0.0, -2.3031 2.4213 0.0, -2.3388 2.426 0.0, -2.372 2.4397 0.0, -2.4006 2.4616 0.0, -2.4225 2.4902 0.0, -2.4409 2.5591 -0.1969, -2.4409 2.5591 0.0, -2.4362 2.5234 -0.1969, -2.4362 2.5234 0.0, -2.1838 2.4902 -0.1969, -2.17 2.5234 -0.1969, -2.17 2.5234 0.0, -2.1654 2.5591 -0.1969, -2.1654 2.5591 0.0, -2.0682 2.4902 -0.1969, -1.8295 2.4902 0.0, -1.8514 2.4616 0.0, -1.8799 2.4397 0.0, -1.9132 2.426 0.0, -1.9488 2.4213 0.0, -1.9845 2.426 0.0, -2.0177 2.4397 0.0, -2.0463 2.4616 0.0, -2.0682 2.4902 0.0, -2.0866 2.5591 -0.1969, -2.0866 2.5591 0.0, -2.0819 2.5234 -0.1969, -2.0819 2.5234 0.0, -1.8295 2.4902 -0.1969, -1.8157 2.5234 -0.1969, -1.8157 2.5234 0.0, -1.811 2.5591 -0.1969, -1.811 2.5591 0.0, -1.7138 2.4902 -0.1969, -1.4752 2.4902 0.0, -1.4971 2.4616 0.0, -1.5256 2.4397 0.0, -1.5588 2.426 0.0, -1.5945 2.4213 0.0, -1.6302 2.426 0.0, -1.6634 2.4397 0.0, -1.6919 2.4616 0.0, -1.7138 2.4902 0.0, -1.7323 2.5591 -0.1969, -1.7323 2.5591 0.0, -1.7276 2.5234 -0.1969, -1.7276 2.5234 0.0, -1.4752 2.4902 -0.1969, -1.4614 2.5234 -0.1969, -1.4614 2.5234 0.0, -1.4567 2.5591 -0.1969, -1.4567 2.5591 0.0, -1.3595 2.4902 -0.1969, -1.1208 2.4902 0.0, -1.1427 2.4616 0.0, -1.1713 2.4397 0.0, -1.2045 2.426 0.0, -1.2402 2.4213 0.0, -1.2758 2.426 0.0, -1.3091 2.4397 0.0, -1.3376 2.4616 0.0, -1.3595 2.4902 0.0, -1.378 2.5591 -0.1969, -1.378 2.5591 0.0, -1.3733 2.5234 -0.1969, -1.3733 2.5234 0.0, -1.1208 2.4902 -0.1969, -1.1071 2.5234 -0.1969, -1.1071 2.5234 0.0, -1.1024 2.5591 -0.1969, -1.1024 2.5591 0.0, -1.0052 2.4902 -0.1969, -0.7665 2.4902 0.0, -0.7884 2.4616 0.0, -0.8169 2.4397 0.0, -0.8502 2.426 0.0, -0.8858 2.4213 0.0, -0.9215 2.426 0.0, -0.9547 2.4397 0.0, -0.9833 2.4616 0.0, -1.0052 2.4902 0.0, -1.0236 2.5591 -0.1969, -1.0236 2.5591 0.0, -1.0189 2.5234 -0.1969, -1.0189 2.5234 0.0, -0.7665 2.4902 -0.1969, -0.7527 2.5234 -0.1969, -0.7527 2.5234 0.0, -0.748 2.5591 -0.1969, -0.748 2.5591 0.0, -0.6508 2.4902 -0.1969, -0.4122 2.4902 0.0, -0.4341 2.4616 0.0, -0.4626 2.4397 0.0, -0.4958 2.426 0.0, -0.5315 2.4213 0.0, -0.5672 2.426 0.0, -0.6004 2.4397 0.0, -0.6289 2.4616 0.0, -0.6508 2.4902 0.0, -0.6693 2.5591 -0.1969, -0.6693 2.5591 0.0, -0.6646 2.5234 -0.1969, -0.6646 2.5234 0.0, -0.4122 2.4902 -0.1969, -0.3984 2.5234 -0.1969, -0.3984 2.5234 0.0, -0.3937 2.5591 -0.1969, -0.3937 2.5591 0.0, -0.2965 2.4902 -0.1969, -0.0578 2.4902 0.0, -0.0797 2.4616 0.0, -0.1083 2.4397 0.0, -0.1415 2.426 0.0, -0.1772 2.4213 0.0, -0.2128 2.426 0.0, -0.2461 2.4397 0.0, -0.2746 2.4616 0.0, -0.2965 2.4902 0.0, -0.315 2.5591 -0.1969, -0.315 2.5591 0.0, -0.3103 2.5234 -0.1969, -0.3103 2.5234 0.0, -0.0578 2.4902 -0.1969, -0.0441 2.5234 -0.1969, -0.0441 2.5234 0.0, -0.0394 2.5591 -0.1969, -0.0394 2.5591 0.0, 0.0578 2.4902 -0.1969, 0.2965 2.4902 0.0, 0.2746 2.4616 0.0, 0.2461 2.4397 0.0, 0.2128 2.426 0.0, 0.1772 2.4213 0.0, 0.1415 2.426 0.0, 0.1083 2.4397 0.0, 0.0797 2.4616 0.0, 0.0578 2.4902 0.0, 0.0394 2.5591 -0.1969, 0.0394 2.5591 0.0, 0.0441 2.5234 -0.1969, 0.0441 2.5234 0.0, 0.2965 2.4902 -0.1969, 0.3103 2.5234 -0.1969, 0.3103 2.5234 0.0, 0.315 2.5591 -0.1969, 0.315 2.5591 0.0, 0.4122 2.4902 -0.1969, 0.6508 2.4902 0.0, 0.6289 2.4616 0.0, 0.6004 2.4397 0.0, 0.5672 2.426 0.0, 0.5315 2.4213 0.0, 0.4958 2.426 0.0, 0.4626 2.4397 0.0, 0.4341 2.4616 0.0, 0.4122 2.4902 0.0, 0.3937 2.5591 -0.1969, 0.3937 2.5591 0.0, 0.3984 2.5234 -0.1969, 0.3984 2.5234 0.0, 0.6508 2.4902 -0.1969, 0.6646 2.5234 -0.1969, 0.6646 2.5234 0.0, 0.6693 2.5591 -0.1969, 0.6693 2.5591 0.0, 0.7665 2.4902 -0.1969, 1.0052 2.4902 0.0, 0.9833 2.4616 0.0, 0.9547 2.4397 0.0, 0.9215 2.426 0.0, 0.8858 2.4213 0.0, 0.8502 2.426 0.0, 0.8169 2.4397 0.0, 0.7884 2.4616 0.0, 0.7665 2.4902 0.0, 0.748 2.5591 -0.1969, 0.748 2.5591 0.0, 0.7527 2.5234 -0.1969, 0.7527 2.5234 0.0, 1.0052 2.4902 -0.1969, 1.0189 2.5234 -0.1969, 1.0189 2.5234 0.0, 1.0236 2.5591 -0.1969, 1.0236 2.5591 0.0, 1.1208 2.4902 -0.1969, 1.3595 2.4902 0.0, 1.3376 2.4616 0.0, 1.3091 2.4397 0.0, 1.2758 2.426 0.0, 1.2402 2.4213 0.0, 1.2045 2.426 0.0, 1.1713 2.4397 0.0, 1.1427 2.4616 0.0, 1.1208 2.4902 0.0, 1.1024 2.5591 -0.1969, 1.1024 2.5591 0.0, 1.1071 2.5234 -0.1969, 1.1071 2.5234 0.0, 1.3595 2.4902 -0.1969, 1.3733 2.5234 -0.1969, 1.3733 2.5234 0.0, 1.378 2.5591 -0.1969, 1.378 2.5591 0.0, 1.4752 2.4902 -0.1969, 1.7138 2.4902 0.0, 1.6919 2.4616 0.0, 1.6634 2.4397 0.0, 1.6302 2.426 0.0, 1.5945 2.4213 0.0, 1.5588 2.426 0.0, 1.5256 2.4397 0.0, 1.4971 2.4616 0.0, 1.4752 2.4902 0.0, 1.4567 2.5591 -0.1969, 1.4567 2.5591 0.0, 1.4614 2.5234 -0.1969, 1.4614 2.5234 0.0, 1.7138 2.4902 -0.1969, 1.7276 2.5234 -0.1969, 1.7276 2.5234 0.0, 1.7323 2.5591 -0.1969, 1.7323 2.5591 0.0, 1.8295 2.4902 -0.1969, 2.0682 2.4902 0.0, 2.0463 2.4616 0.0, 2.0177 2.4397 0.0, 1.9845 2.426 0.0, 1.9488 2.4213 0.0, 1.9132 2.426 0.0, 1.8799 2.4397 0.0, 1.8514 2.4616 0.0, 1.8295 2.4902 0.0, 1.811 2.5591 -0.1969, 1.811 2.5591 0.0, 1.8157 2.5234 -0.1969, 1.8157 2.5234 0.0, 2.0682 2.4902 -0.1969, 2.0819 2.5234 -0.1969, 2.0819 2.5234 0.0, 2.0866 2.5591 -0.1969, 2.0866 2.5591 0.0, 2.1838 2.4902 -0.1969, 2.4225 2.4902 0.0, 2.4006 2.4616 0.0, 2.372 2.4397 0.0, 2.3388 2.426 0.0, 2.3031 2.4213 0.0, 2.2675 2.426 0.0, 2.2343 2.4397 0.0, 2.2057 2.4616 0.0, 2.1838 2.4902 0.0, 2.1654 2.5591 -0.1969, 2.1654 2.5591 0.0, 2.17 2.5234 -0.1969, 2.17 2.5234 0.0, 2.4225 2.4902 -0.1969, 2.4362 2.5234 -0.1969, 2.4362 2.5234 0.0, 2.4409 2.5591 -0.1969, 2.4409 2.5591 0.0, 2.4225 -2.4902 -0.1969, 2.1838 -2.4902 0.0, 2.2057 -2.4616 0.0, 2.2343 -2.4397 0.0, 2.2675 -2.426 0.0, 2.3031 -2.4213 0.0, 2.3388 -2.426 0.0, 2.372 -2.4397 0.0, 2.4006 -2.4616 0.0, 2.4225 -2.4902 0.0, 2.4409 -2.5591 -0.1969, 2.4409 -2.5591 0.0, 2.4362 -2.5234 -0.1969, 2.4362 -2.5234 0.0, 2.1838 -2.4902 -0.1969, 2.17 -2.5234 -0.1969, 2.17 -2.5234 0.0, 2.1654 -2.5591 -0.1969, 2.1654 -2.5591 0.0, 2.0682 -2.4902 -0.1969, 1.8295 -2.4902 0.0, 1.8514 -2.4616 0.0, 1.8799 -2.4397 0.0, 1.9132 -2.426 0.0, 1.9488 -2.4213 0.0, 1.9845 -2.426 0.0, 2.0177 -2.4397 0.0, 2.0463 -2.4616 0.0, 2.0682 -2.4902 0.0, 2.0866 -2.5591 -0.1969, 2.0866 -2.5591 0.0, 2.0819 -2.5234 -0.1969, 2.0819 -2.5234 0.0, 1.8295 -2.4902 -0.1969, 1.8157 -2.5234 -0.1969, 1.8157 -2.5234 0.0, 1.811 -2.5591 -0.1969, 1.811 -2.5591 0.0, 1.7138 -2.4902 -0.1969, 1.4752 -2.4902 0.0, 1.4971 -2.4616 0.0, 1.5256 -2.4397 0.0, 1.5588 -2.426 0.0, 1.5945 -2.4213 0.0, 1.6302 -2.426 0.0, 1.6634 -2.4397 0.0, 1.6919 -2.4616 0.0, 1.7138 -2.4902 0.0, 1.7323 -2.5591 -0.1969, 1.7323 -2.5591 0.0, 1.7276 -2.5234 -0.1969, 1.7276 -2.5234 0.0, 1.4752 -2.4902 -0.1969, 1.4614 -2.5234 -0.1969, 1.4614 -2.5234 0.0, 1.4567 -2.5591 -0.1969, 1.4567 -2.5591 0.0, 1.3595 -2.4902 -0.1969, 1.1208 -2.4902 0.0, 1.1427 -2.4616 0.0, 1.1713 -2.4397 0.0, 1.2045 -2.426 0.0, 1.2402 -2.4213 0.0, 1.2758 -2.426 0.0, 1.3091 -2.4397 0.0, 1.3376 -2.4616 0.0, 1.3595 -2.4902 0.0, 1.378 -2.5591 -0.1969, 1.378 -2.5591 0.0, 1.3733 -2.5234 -0.1969, 1.3733 -2.5234 0.0, 1.1208 -2.4902 -0.1969, 1.1071 -2.5234 -0.1969, 1.1071 -2.5234 0.0, 1.1024 -2.5591 -0.1969, 1.1024 -2.5591 0.0, 1.0052 -2.4902 -0.1969, 0.7665 -2.4902 0.0, 0.7884 -2.4616 0.0, 0.8169 -2.4397 0.0, 0.8502 -2.426 0.0, 0.8858 -2.4213 0.0, 0.9215 -2.426 0.0, 0.9547 -2.4397 0.0, 0.9833 -2.4616 0.0, 1.0052 -2.4902 0.0, 1.0236 -2.5591 -0.1969, 1.0236 -2.5591 0.0, 1.0189 -2.5234 -0.1969, 1.0189 -2.5234 0.0, 0.7665 -2.4902 -0.1969, 0.7527 -2.5234 -0.1969, 0.7527 -2.5234 0.0, 0.748 -2.5591 -0.1969, 0.748 -2.5591 0.0, 0.6508 -2.4902 -0.1969, 0.4122 -2.4902 0.0, 0.4341 -2.4616 0.0, 0.4626 -2.4397 0.0, 0.4958 -2.426 0.0, 0.5315 -2.4213 0.0, 0.5672 -2.426 0.0, 0.6004 -2.4397 0.0, 0.6289 -2.4616 0.0, 0.6508 -2.4902 0.0, 0.6693 -2.5591 -0.1969, 0.6693 -2.5591 0.0, 0.6646 -2.5234 -0.1969, 0.6646 -2.5234 0.0, 0.4122 -2.4902 -0.1969, 0.3984 -2.5234 -0.1969, 0.3984 -2.5234 0.0, 0.3937 -2.5591 -0.1969, 0.3937 -2.5591 0.0, 0.2965 -2.4902 -0.1969, 0.0578 -2.4902 0.0, 0.0797 -2.4616 0.0, 0.1083 -2.4397 0.0, 0.1415 -2.426 0.0, 0.1772 -2.4213 0.0, 0.2128 -2.426 0.0, 0.2461 -2.4397 0.0, 0.2746 -2.4616 0.0, 0.2965 -2.4902 0.0, 0.315 -2.5591 -0.1969, 0.315 -2.5591 0.0, 0.3103 -2.5234 -0.1969, 0.3103 -2.5234 0.0, 0.0578 -2.4902 -0.1969, 0.0441 -2.5234 -0.1969, 0.0441 -2.5234 0.0, 0.0394 -2.5591 -0.1969, 0.0394 -2.5591 0.0, -0.0578 -2.4902 -0.1969, -0.2965 -2.4902 0.0, -0.2746 -2.4616 0.0, -0.2461 -2.4397 0.0, -0.2128 -2.426 0.0, -0.1772 -2.4213 0.0, -0.1415 -2.426 0.0, -0.1083 -2.4397 0.0, -0.0797 -2.4616 0.0, -0.0578 -2.4902 0.0, -0.0394 -2.5591 -0.1969, -0.0394 -2.5591 0.0, -0.0441 -2.5234 -0.1969, -0.0441 -2.5234 0.0, -0.2965 -2.4902 -0.1969, -0.3103 -2.5234 -0.1969, -0.3103 -2.5234 0.0, -0.315 -2.5591 -0.1969, -0.315 -2.5591 0.0, -0.4122 -2.4902 -0.1969, -0.6508 -2.4902 0.0, -0.6289 -2.4616 0.0, -0.6004 -2.4397 0.0, -0.5672 -2.426 0.0, -0.5315 -2.4213 0.0, -0.4958 -2.426 0.0, -0.4626 -2.4397 0.0, -0.4341 -2.4616 0.0, -0.4122 -2.4902 0.0, -0.3937 -2.5591 -0.1969, -0.3937 -2.5591 0.0, -0.3984 -2.5234 -0.1969, -0.3984 -2.5234 0.0, -0.6508 -2.4902 -0.1969, -0.6646 -2.5234 -0.1969, -0.6646 -2.5234 0.0, -0.6693 -2.5591 -0.1969, -0.6693 -2.5591 0.0, -0.7665 -2.4902 -0.1969, -1.0052 -2.4902 0.0, -0.9833 -2.4616 0.0, -0.9547 -2.4397 0.0, -0.9215 -2.426 0.0, -0.8858 -2.4213 0.0, -0.8502 -2.426 0.0, -0.8169 -2.4397 0.0, -0.7884 -2.4616 0.0, -0.7665 -2.4902 0.0, -0.748 -2.5591 -0.1969, -0.748 -2.5591 0.0, -0.7527 -2.5234 -0.1969, -0.7527 -2.5234 0.0, -1.0052 -2.4902 -0.1969, -1.0189 -2.5234 -0.1969, -1.0189 -2.5234 0.0, -1.0236 -2.5591 -0.1969, -1.0236 -2.5591 0.0, -1.1208 -2.4902 -0.1969, -1.3595 -2.4902 0.0, -1.3376 -2.4616 0.0, -1.3091 -2.4397 0.0, -1.2758 -2.426 0.0, -1.2402 -2.4213 0.0, -1.2045 -2.426 0.0, -1.1713 -2.4397 0.0, -1.1427 -2.4616 0.0, -1.1208 -2.4902 0.0, -1.1024 -2.5591 -0.1969, -1.1024 -2.5591 0.0, -1.1071 -2.5234 -0.1969, -1.1071 -2.5234 0.0, -1.3595 -2.4902 -0.1969, -1.3733 -2.5234 -0.1969, -1.3733 -2.5234 0.0, -1.378 -2.5591 -0.1969, -1.378 -2.5591 0.0, -1.4752 -2.4902 -0.1969, -1.7138 -2.4902 0.0, -1.6919 -2.4616 0.0, -1.6634 -2.4397 0.0, -1.6302 -2.426 0.0, -1.5945 -2.4213 0.0, -1.5588 -2.426 0.0, -1.5256 -2.4397 0.0, -1.4971 -2.4616 0.0, -1.4752 -2.4902 0.0, -1.4567 -2.5591 -0.1969, -1.4567 -2.5591 0.0, -1.4614 -2.5234 -0.1969, -1.4614 -2.5234 0.0, -1.7138 -2.4902 -0.1969, -1.7276 -2.5234 -0.1969, -1.7276 -2.5234 0.0, -1.7323 -2.5591 -0.1969, -1.7323 -2.5591 0.0, -1.8295 -2.4902 -0.1969, -2.0682 -2.4902 0.0, -2.0463 -2.4616 0.0, -2.0177 -2.4397 0.0, -1.9845 -2.426 0.0, -1.9488 -2.4213 0.0, -1.9132 -2.426 0.0, -1.8799 -2.4397 0.0, -1.8514 -2.4616 0.0, -1.8295 -2.4902 0.0, -1.811 -2.5591 -0.1969, -1.811 -2.5591 0.0, -1.8157 -2.5234 -0.1969, -1.8157 -2.5234 0.0, -2.0682 -2.4902 -0.1969, -2.0819 -2.5234 -0.1969, -2.0819 -2.5234 0.0, -2.0866 -2.5591 -0.1969, -2.0866 -2.5591 0.0, -2.1838 -2.4902 -0.1969, -2.4225 -2.4902 0.0, -2.4006 -2.4616 0.0, -2.372 -2.4397 0.0, -2.3388 -2.426 0.0, -2.3031 -2.4213 0.0, -2.2675 -2.426 0.0, -2.2343 -2.4397 0.0, -2.2057 -2.4616 0.0, -2.1838 -2.4902 0.0, -2.1654 -2.5591 -0.1969, -2.1654 -2.5591 0.0, -2.17 -2.5234 -0.1969, -2.17 -2.5234 0.0, -2.4225 -2.4902 -0.1969, -2.4362 -2.5234 -0.1969, -2.4362 -2.5234 0.0, -2.4409 -2.5591 -0.1969, -2.4409 -2.5591 0.0, -2.8839 1.6523 -0.1969, -2.8839 1.891 0.0, -2.8553 1.8691 0.0, -2.8334 1.8406 0.0, -2.8197 1.8073 0.0, -2.815 1.7717 0.0, -2.8197 1.736 0.0, -2.8334 1.7028 0.0, -2.8553 1.6742 0.0, -2.8839 1.6523 0.0, -2.9528 1.6339 -0.1969, -2.9528 1.6339 0.0, -2.9171 1.6386 -0.1969, -2.9171 1.6386 0.0, -2.8839 1.891 -0.1969, -2.9171 1.9048 -0.1969, -2.9171 1.9048 0.0, -2.9528 1.9094 -0.1969, -2.9528 1.9094 0.0, -2.8839 1.298 -0.1969, -2.8839 1.5367 0.0, -2.8553 1.5148 0.0, -2.8334 1.4862 0.0, -2.8197 1.453 0.0, -2.815 1.4173 0.0, -2.8197 1.3817 0.0, -2.8334 1.3484 0.0, -2.8553 1.3199 0.0, -2.8839 1.298 0.0, -2.9528 1.2795 -0.1969, -2.9528 1.2795 0.0, -2.9171 1.2842 -0.1969, -2.9171 1.2842 0.0, -2.8839 1.5367 -0.1969, -2.9171 1.5504 -0.1969, -2.9171 1.5504 0.0, -2.9528 1.5551 -0.1969, -2.9528 1.5551 0.0, -2.8839 0.9437 -0.1969, -2.8839 1.1823 0.0, -2.8553 1.1604 0.0, -2.8334 1.1319 0.0, -2.8197 1.0987 0.0, -2.815 1.063 0.0, -2.8197 1.0273 0.0, -2.8334 0.9941 0.0, -2.8553 0.9656 0.0, -2.8839 0.9437 0.0, -2.9528 0.9252 -0.1969, -2.9528 0.9252 0.0, -2.9171 0.9299 -0.1969, -2.9171 0.9299 0.0, -2.8839 1.1823 -0.1969, -2.9171 1.1961 -0.1969, -2.9171 1.1961 0.0, -2.9528 1.2008 -0.1969, -2.9528 1.2008 0.0, -2.8839 0.5893 -0.1969, -2.8839 0.828 0.0, -2.8553 0.8061 0.0, -2.8334 0.7776 0.0, -2.8197 0.7443 0.0, -2.815 0.7087 0.0, -2.8197 0.673 0.0, -2.8334 0.6398 0.0, -2.8553 0.6112 0.0, -2.8839 0.5893 0.0, -2.9528 0.5709 -0.1969, -2.9528 0.5709 0.0, -2.9171 0.5756 -0.1969, -2.9171 0.5756 0.0, -2.8839 0.828 -0.1969, -2.9171 0.8418 -0.1969, -2.9171 0.8418 0.0, -2.9528 0.8465 -0.1969, -2.9528 0.8465 0.0, -2.8839 0.235 -0.1969, -2.8839 0.4737 0.0, -2.8553 0.4518 0.0, -2.8334 0.4232 0.0, -2.8197 0.39 0.0, -2.815 0.3543 0.0, -2.8197 0.3187 0.0, -2.8334 0.2854 0.0, -2.8553 0.2569 0.0, -2.8839 0.235 0.0, -2.9528 0.2165 -0.1969, -2.9528 0.2165 0.0, -2.9171 0.2212 -0.1969, -2.9171 0.2212 0.0, -2.8839 0.4737 -0.1969, -2.9171 0.4874 -0.1969, -2.9171 0.4874 0.0, -2.9528 0.4921 -0.1969, -2.9528 0.4921 0.0, -2.8839 -0.1193 -0.1969, -2.8839 0.1193 0.0, -2.8553 0.0974 0.0, -2.8334 0.0689 0.0, -2.8197 0.0357 0.0, -2.815 0.0 0.0, -2.8197 -0.0357 0.0, -2.8334 -0.0689 0.0, -2.8553 -0.0974 0.0, -2.8839 -0.1193 0.0, -2.9528 -0.1378 -0.1969, -2.9528 -0.1378 0.0, -2.9171 -0.1331 -0.1969, -2.9171 -0.1331 0.0, -2.8839 0.1193 -0.1969, -2.9171 0.1331 -0.1969, -2.9171 0.1331 0.0, -2.9528 0.1378 -0.1969, -2.9528 0.1378 0.0, -2.8839 -0.4737 -0.1969, -2.8839 -0.235 0.0, -2.8553 -0.2569 0.0, -2.8334 -0.2854 0.0, -2.8197 -0.3187 0.0, -2.815 -0.3543 0.0, -2.8197 -0.39 0.0, -2.8334 -0.4232 0.0, -2.8553 -0.4518 0.0, -2.8839 -0.4737 0.0, -2.9528 -0.4921 -0.1969, -2.9528 -0.4921 0.0, -2.9171 -0.4874 -0.1969, -2.9171 -0.4874 0.0, -2.8839 -0.235 -0.1969, -2.9171 -0.2212 -0.1969, -2.9171 -0.2212 0.0, -2.9528 -0.2165 -0.1969, -2.9528 -0.2165 0.0, -2.8839 -0.828 -0.1969, -2.8839 -0.5893 0.0, -2.8553 -0.6112 0.0, -2.8334 -0.6398 0.0, -2.8197 -0.673 0.0, -2.815 -0.7087 0.0, -2.8197 -0.7443 0.0, -2.8334 -0.7776 0.0, -2.8553 -0.8061 0.0, -2.8839 -0.828 0.0, -2.9528 -0.8465 -0.1969, -2.9528 -0.8465 0.0, -2.9171 -0.8418 -0.1969, -2.9171 -0.8418 0.0, -2.8839 -0.5893 -0.1969, -2.9171 -0.5756 -0.1969, -2.9171 -0.5756 0.0, -2.9528 -0.5709 -0.1969, -2.9528 -0.5709 0.0, -2.8839 -1.1823 -0.1969, -2.8839 -0.9437 0.0, -2.8553 -0.9656 0.0, -2.8334 -0.9941 0.0, -2.8197 -1.0273 0.0, -2.815 -1.063 0.0, -2.8197 -1.0987 0.0, -2.8334 -1.1319 0.0, -2.8553 -1.1604 0.0, -2.8839 -1.1823 0.0, -2.9528 -1.2008 -0.1969, -2.9528 -1.2008 0.0, -2.9171 -1.1961 -0.1969, -2.9171 -1.1961 0.0, -2.8839 -0.9437 -0.1969, -2.9171 -0.9299 -0.1969, -2.9171 -0.9299 0.0, -2.9528 -0.9252 -0.1969, -2.9528 -0.9252 0.0, -2.8839 -1.5367 -0.1969, -2.8839 -1.298 0.0, -2.8553 -1.3199 0.0, -2.8334 -1.3484 0.0, -2.8197 -1.3817 0.0, -2.815 -1.4173 0.0, -2.8197 -1.453 0.0, -2.8334 -1.4862 0.0, -2.8553 -1.5148 0.0, -2.8839 -1.5367 0.0, -2.9528 -1.5551 -0.1969, -2.9528 -1.5551 0.0, -2.9171 -1.5504 -0.1969, -2.9171 -1.5504 0.0, -2.8839 -1.298 -0.1969, -2.9171 -1.2842 -0.1969, -2.9171 -1.2842 0.0, -2.9528 -1.2795 -0.1969, -2.9528 -1.2795 0.0, -2.8839 -1.891 -0.1969, -2.8839 -1.6523 0.0, -2.8553 -1.6742 0.0, -2.8334 -1.7028 0.0, -2.8197 -1.736 0.0, -2.815 -1.7717 0.0, -2.8197 -1.8073 0.0, -2.8334 -1.8406 0.0, -2.8553 -1.8691 0.0, -2.8839 -1.891 0.0, -2.9528 -1.9094 -0.1969, -2.9528 -1.9094 0.0, -2.9171 -1.9048 -0.1969, -2.9171 -1.9048 0.0, -2.8839 -1.6523 -0.1969, -2.9171 -1.6386 -0.1969, -2.9171 -1.6386 0.0, -2.9528 -1.6339 -0.1969, -2.9528 -1.6339 0.0, 2.8839 -1.6523 -0.1969, 2.8839 -1.891 0.0, 2.8553 -1.8691 0.0, 2.8334 -1.8406 0.0, 2.8197 -1.8073 0.0, 2.815 -1.7717 0.0, 2.8197 -1.736 0.0, 2.8334 -1.7028 0.0, 2.8553 -1.6742 0.0, 2.8839 -1.6523 0.0, 2.9528 -1.6339 -0.1969, 2.9528 -1.6339 0.0, 2.9171 -1.6386 -0.1969, 2.9171 -1.6386 0.0, 2.8839 -1.891 -0.1969, 2.9171 -1.9048 -0.1969, 2.9171 -1.9048 0.0, 2.9528 -1.9094 -0.1969, 2.9528 -1.9094 0.0, 2.8839 -1.298 -0.1969, 2.8839 -1.5367 0.0, 2.8553 -1.5148 0.0, 2.8334 -1.4862 0.0, 2.8197 -1.453 0.0, 2.815 -1.4173 0.0, 2.8197 -1.3817 0.0, 2.8334 -1.3484 0.0, 2.8553 -1.3199 0.0, 2.8839 -1.298 0.0, 2.9528 -1.2795 -0.1969, 2.9528 -1.2795 0.0, 2.9171 -1.2842 -0.1969, 2.9171 -1.2842 0.0, 2.8839 -1.5367 -0.1969, 2.9171 -1.5504 -0.1969, 2.9171 -1.5504 0.0, 2.9528 -1.5551 -0.1969, 2.9528 -1.5551 0.0, 2.8839 -0.9437 -0.1969, 2.8839 -1.1823 0.0, 2.8553 -1.1604 0.0, 2.8334 -1.1319 0.0, 2.8197 -1.0987 0.0, 2.815 -1.063 0.0, 2.8197 -1.0273 0.0, 2.8334 -0.9941 0.0, 2.8553 -0.9656 0.0, 2.8839 -0.9437 0.0, 2.9528 -0.9252 -0.1969, 2.9528 -0.9252 0.0, 2.9171 -0.9299 -0.1969, 2.9171 -0.9299 0.0, 2.8839 -1.1823 -0.1969, 2.9171 -1.1961 -0.1969, 2.9171 -1.1961 0.0, 2.9528 -1.2008 -0.1969, 2.9528 -1.2008 0.0, 2.8839 -0.5893 -0.1969, 2.8839 -0.828 0.0, 2.8553 -0.8061 0.0, 2.8334 -0.7776 0.0, 2.8197 -0.7443 0.0, 2.815 -0.7087 0.0, 2.8197 -0.673 0.0, 2.8334 -0.6398 0.0, 2.8553 -0.6112 0.0, 2.8839 -0.5893 0.0, 2.9528 -0.5709 -0.1969, 2.9528 -0.5709 0.0, 2.9171 -0.5756 -0.1969, 2.9171 -0.5756 0.0, 2.8839 -0.828 -0.1969, 2.9171 -0.8418 -0.1969, 2.9171 -0.8418 0.0, 2.9528 -0.8465 -0.1969, 2.9528 -0.8465 0.0, 2.8839 -0.235 -0.1969, 2.8839 -0.4737 0.0, 2.8553 -0.4518 0.0, 2.8334 -0.4232 0.0, 2.8197 -0.39 0.0, 2.815 -0.3543 0.0, 2.8197 -0.3187 0.0, 2.8334 -0.2854 0.0, 2.8553 -0.2569 0.0, 2.8839 -0.235 0.0, 2.9528 -0.2165 -0.1969, 2.9528 -0.2165 0.0, 2.9171 -0.2212 -0.1969, 2.9171 -0.2212 0.0, 2.8839 -0.4737 -0.1969, 2.9171 -0.4874 -0.1969, 2.9171 -0.4874 0.0, 2.9528 -0.4921 -0.1969, 2.9528 -0.4921 0.0, 2.8839 0.1193 -0.1969, 2.8839 -0.1193 0.0, 2.8553 -0.0974 0.0, 2.8334 -0.0689 0.0, 2.8197 -0.0357 0.0, 2.815 0.0 0.0, 2.8197 0.0357 0.0, 2.8334 0.0689 0.0, 2.8553 0.0974 0.0, 2.8839 0.1193 0.0, 2.9528 0.1378 -0.1969, 2.9528 0.1378 0.0, 2.9171 0.1331 -0.1969, 2.9171 0.1331 0.0, 2.8839 -0.1193 -0.1969, 2.9171 -0.1331 -0.1969, 2.9171 -0.1331 0.0, 2.9528 -0.1378 -0.1969, 2.9528 -0.1378 0.0, 2.8839 0.4737 -0.1969, 2.8839 0.235 0.0, 2.8553 0.2569 0.0, 2.8334 0.2854 0.0, 2.8197 0.3187 0.0, 2.815 0.3543 0.0, 2.8197 0.39 0.0, 2.8334 0.4232 0.0, 2.8553 0.4518 0.0, 2.8839 0.4737 0.0, 2.9528 0.4921 -0.1969, 2.9528 0.4921 0.0, 2.9171 0.4874 -0.1969, 2.9171 0.4874 0.0, 2.8839 0.235 -0.1969, 2.9171 0.2212 -0.1969, 2.9171 0.2212 0.0, 2.9528 0.2165 -0.1969, 2.9528 0.2165 0.0, 2.8839 0.828 -0.1969, 2.8839 0.5893 0.0, 2.8553 0.6112 0.0, 2.8334 0.6398 0.0, 2.8197 0.673 0.0, 2.815 0.7087 0.0, 2.8197 0.7443 0.0, 2.8334 0.7776 0.0, 2.8553 0.8061 0.0, 2.8839 0.828 0.0, 2.9528 0.8465 -0.1969, 2.9528 0.8465 0.0, 2.9171 0.8418 -0.1969, 2.9171 0.8418 0.0, 2.8839 0.5893 -0.1969, 2.9171 0.5756 -0.1969, 2.9171 0.5756 0.0, 2.9528 0.5709 -0.1969, 2.9528 0.5709 0.0, 2.8839 1.1823 -0.1969, 2.8839 0.9437 0.0, 2.8553 0.9656 0.0, 2.8334 0.9941 0.0, 2.8197 1.0273 0.0, 2.815 1.063 0.0, 2.8197 1.0987 0.0, 2.8334 1.1319 0.0, 2.8553 1.1604 0.0, 2.8839 1.1823 0.0, 2.9528 1.2008 -0.1969, 2.9528 1.2008 0.0, 2.9171 1.1961 -0.1969, 2.9171 1.1961 0.0, 2.8839 0.9437 -0.1969, 2.9171 0.9299 -0.1969, 2.9171 0.9299 0.0, 2.9528 0.9252 -0.1969, 2.9528 0.9252 0.0, 2.8839 1.5367 -0.1969, 2.8839 1.298 0.0, 2.8553 1.3199 0.0, 2.8334 1.3484 0.0, 2.8197 1.3817 0.0, 2.815 1.4173 0.0, 2.8197 1.453 0.0, 2.8334 1.4862 0.0, 2.8553 1.5148 0.0, 2.8839 1.5367 0.0, 2.9528 1.5551 -0.1969, 2.9528 1.5551 0.0, 2.9171 1.5504 -0.1969, 2.9171 1.5504 0.0, 2.8839 1.298 -0.1969, 2.9171 1.2842 -0.1969, 2.9171 1.2842 0.0, 2.9528 1.2795 -0.1969, 2.9528 1.2795 0.0, 2.8839 1.891 -0.1969, 2.8839 1.6523 0.0, 2.8553 1.6742 0.0, 2.8334 1.7028 0.0, 2.8197 1.736 0.0, 2.815 1.7717 0.0, 2.8197 1.8073 0.0, 2.8334 1.8406 0.0, 2.8553 1.8691 0.0, 2.8839 1.891 0.0, 2.9528 1.9094 -0.1969, 2.9528 1.9094 0.0, 2.9171 1.9048 -0.1969, 2.9171 1.9048 0.0, 2.8839 1.6523 -0.1969, 2.9171 1.6386 -0.1969, 2.9171 1.6386 0.0, 2.9528 1.6339 -0.1969, 2.9528 1.6339 0.0, 2.9528 1.6339 0.0
            ]
        }
        coordIndex [
            0,1,2,-1,2,1,3,-1,1,4,3,-1,3,4,5,-1,6,5,7,-1,7,5,4,-1,8,1,9,-1,9,1,0,-1,7,4,10,-1,10,4,11,-1,8,12,1,-1,1,12,13,-1,1,13,4,-1,4,13,14,-1,4,14,11,-1,15,16,17,-1,17,16,18,-1,16,19,18,-1,18,19,20,-1,21,20,22,-1,22,20,19,-1,23,16,24,-1,24,16,15,-1,22,19,25,-1,25,19,26,-1,23,27,16,-1,16,27,28,-1,16,28,19,-1,19,28,29,-1,19,29,26,-1,30,31,32,-1,32,31,33,-1,31,34,33,-1,33,34,35,-1,36,35,37,-1,37,35,34,-1,38,34,39,-1,39,34,31,-1,39,31,40,-1,30,41,31,-1,31,41,42,-1,31,42,40,-1,38,43,34,-1,34,43,44,-1,34,44,37,-1,45,46,47,-1,47,46,48,-1,46,49,48,-1,48,49,50,-1,51,50,52,-1,52,50,49,-1,53,54,49,-1,49,54,55,-1,49,55,52,-1,46,45,56,-1,56,57,46,-1,46,57,58,-1,46,58,49,-1,49,58,59,-1,49,59,53,-1,60,61,62,-1,62,61,63,-1,61,64,63,-1,63,64,65,-1,66,65,67,-1,67,65,64,-1,68,69,64,-1,64,69,70,-1,64,70,67,-1,61,60,71,-1,71,72,61,-1,61,72,73,-1,61,73,64,-1,64,73,74,-1,64,74,68,-1,75,76,77,-1,77,76,78,-1,76,79,78,-1,78,79,80,-1,81,80,82,-1,82,80,79,-1,83,76,84,-1,84,76,75,-1,82,79,85,-1,85,79,86,-1,83,87,76,-1,76,87,88,-1,76,88,79,-1,79,88,89,-1,79,89,86,-1,90,91,92,-1,92,91,93,-1,91,94,93,-1,93,94,95,-1,96,95,97,-1,97,95,94,-1,91,90,98,-1,99,100,94,-1,94,100,101,-1,94,101,97,-1,98,102,91,-1,91,102,103,-1,91,103,94,-1,94,103,104,-1,94,104,99,-1,105,106,107,-1,107,106,108,-1,106,109,108,-1,108,109,110,-1,111,110,112,-1,112,110,109,-1,106,105,113,-1,114,115,109,-1,109,115,116,-1,109,116,112,-1,113,117,106,-1,106,117,118,-1,106,118,109,-1,109,118,119,-1,109,119,114,-1,120,121,122,-1,122,121,123,-1,121,124,123,-1,123,124,125,-1,126,125,127,-1,127,125,124,-1,128,121,129,-1,129,121,120,-1,127,124,130,-1,130,124,131,-1,128,132,121,-1,121,132,133,-1,121,133,124,-1,124,133,134,-1,124,134,131,-1,135,136,137,-1,137,136,138,-1,136,139,138,-1,138,139,140,-1,141,140,142,-1,142,140,139,-1,143,144,139,-1,139,144,145,-1,139,145,142,-1,136,135,146,-1,146,147,136,-1,136,147,148,-1,136,148,139,-1,139,148,149,-1,139,149,143,-1,150,151,152,-1,152,151,153,-1,151,154,153,-1,153,154,155,-1,156,155,157,-1,157,155,154,-1,158,159,154,-1,154,159,160,-1,154,160,157,-1,151,150,161,-1,161,162,151,-1,151,162,163,-1,151,163,154,-1,154,163,164,-1,154,164,158,-1,165,166,167,-1,167,166,168,-1,166,169,168,-1,168,169,170,-1,171,170,172,-1,172,170,169,-1,173,166,174,-1,174,166,165,-1,172,169,175,-1,175,169,176,-1,173,177,166,-1,166,177,178,-1,166,178,169,-1,169,178,179,-1,169,179,176,-1,180,181,182,-1,182,181,183,-1,181,184,183,-1,183,184,185,-1,186,185,187,-1,187,185,184,-1,188,181,189,-1,189,181,180,-1,187,184,190,-1,190,184,191,-1,188,192,181,-1,181,192,193,-1,181,193,184,-1,184,193,194,-1,184,194,191,-1,195,196,197,-1,197,196,198,-1,196,199,198,-1,198,199,200,-1,201,200,202,-1,202,200,199,-1,203,196,204,-1,204,196,195,-1,202,199,205,-1,205,199,206,-1,203,207,196,-1,196,207,208,-1,196,208,199,-1,199,208,209,-1,199,209,206,-1,210,211,212,-1,212,211,213,-1,211,214,213,-1,213,214,215,-1,216,215,217,-1,217,215,214,-1,218,211,219,-1,219,211,210,-1,217,214,220,-1,220,214,221,-1,218,222,211,-1,211,222,223,-1,211,223,214,-1,214,223,224,-1,214,224,221,-1,225,226,227,-1,227,226,228,-1,226,229,228,-1,228,229,230,-1,231,230,232,-1,232,230,229,-1,233,226,234,-1,234,226,225,-1,232,229,235,-1,235,229,236,-1,233,237,226,-1,226,237,238,-1,226,238,229,-1,229,238,239,-1,229,239,236,-1,240,241,242,-1,242,241,243,-1,241,244,243,-1,243,244,245,-1,246,245,247,-1,247,245,244,-1,248,241,249,-1,249,241,240,-1,247,244,250,-1,250,244,251,-1,248,252,241,-1,241,252,253,-1,241,253,244,-1,244,253,254,-1,244,254,251,-1,255,256,257,-1,257,256,258,-1,256,259,258,-1,258,259,260,-1,261,260,262,-1,262,260,259,-1,263,256,264,-1,264,256,255,-1,262,259,265,-1,265,259,266,-1,263,267,256,-1,256,267,268,-1,256,268,259,-1,259,268,269,-1,259,269,266,-1,270,271,272,-1,272,271,273,-1,271,274,273,-1,273,274,275,-1,276,275,277,-1,277,275,274,-1,278,271,279,-1,279,271,270,-1,277,274,280,-1,280,274,281,-1,278,282,271,-1,271,282,283,-1,271,283,274,-1,274,283,284,-1,274,284,281,-1,285,286,287,-1,287,286,288,-1,286,289,288,-1,288,289,290,-1,291,290,292,-1,292,290,289,-1,286,285,293,-1,294,295,289,-1,289,295,296,-1,289,296,292,-1,293,297,286,-1,286,297,298,-1,286,298,289,-1,289,298,299,-1,289,299,294,-1,300,301,302,-1,302,301,303,-1,301,304,303,-1,303,304,305,-1,306,305,307,-1,307,305,304,-1,301,300,308,-1,309,310,304,-1,304,310,311,-1,304,311,307,-1,308,312,301,-1,301,312,313,-1,301,313,304,-1,304,313,314,-1,304,314,309,-1,315,316,317,-1,317,316,318,-1,316,319,318,-1,318,319,320,-1,321,320,322,-1,322,320,319,-1,316,315,323,-1,324,325,319,-1,319,325,326,-1,319,326,322,-1,323,327,316,-1,316,327,328,-1,316,328,319,-1,319,328,329,-1,319,329,324,-1,330,331,332,-1,332,331,333,-1,331,334,333,-1,333,334,335,-1,336,335,337,-1,337,335,334,-1,331,330,338,-1,339,340,334,-1,334,340,341,-1,334,341,337,-1,338,342,331,-1,331,342,343,-1,331,343,334,-1,334,343,344,-1,334,344,339,-1,345,346,347,-1,347,346,348,-1,346,349,348,-1,348,349,350,-1,351,350,352,-1,352,350,349,-1,353,346,354,-1,354,346,345,-1,352,349,355,-1,355,349,356,-1,353,357,346,-1,346,357,358,-1,346,358,349,-1,349,358,359,-1,349,359,356,-1,360,361,362,-1,362,361,363,-1,361,364,363,-1,363,364,365,-1,366,365,367,-1,367,365,364,-1,368,361,369,-1,369,361,360,-1,367,364,370,-1,370,364,371,-1,368,372,361,-1,361,372,373,-1,361,373,364,-1,364,373,374,-1,364,374,371,-1,375,376,377,-1,377,376,378,-1,376,379,378,-1,378,379,380,-1,381,380,382,-1,382,380,379,-1,376,383,379,-1,379,383,384,-1,379,384,385,-1,375,386,376,-1,376,386,387,-1,376,387,383,-1,385,388,379,-1,379,388,389,-1,379,389,382,-1,390,391,392,-1,392,391,393,-1,391,394,393,-1,393,394,395,-1,396,395,397,-1,397,395,394,-1,398,391,399,-1,399,391,390,-1,397,394,400,-1,400,394,401,-1,398,402,391,-1,391,402,403,-1,391,403,394,-1,394,403,404,-1,394,404,401,-1,405,406,407,-1,407,406,408,-1,406,409,408,-1,408,409,410,-1,411,410,412,-1,412,410,409,-1,413,406,414,-1,414,406,405,-1,412,409,415,-1,415,409,416,-1,413,417,406,-1,406,417,418,-1,406,418,409,-1,409,418,419,-1,409,419,416,-1,420,421,422,-1,422,421,423,-1,421,424,423,-1,423,424,425,-1,426,425,427,-1,427,425,424,-1,428,421,429,-1,429,421,420,-1,427,424,430,-1,430,424,431,-1,428,432,421,-1,421,432,433,-1,421,433,424,-1,424,433,434,-1,424,434,431,-1,435,436,437,-1,437,436,438,-1,436,439,438,-1,438,439,440,-1,441,440,442,-1,442,440,439,-1,443,436,444,-1,444,436,435,-1,442,439,445,-1,445,439,446,-1,443,447,436,-1,436,447,448,-1,436,448,439,-1,439,448,449,-1,439,449,446,-1,450,451,452,-1,452,451,453,-1,451,454,453,-1,453,454,455,-1,456,455,457,-1,457,455,454,-1,458,459,454,-1,454,459,460,-1,454,460,457,-1,451,450,461,-1,461,462,451,-1,451,462,463,-1,451,463,454,-1,454,463,464,-1,454,464,458,-1,465,466,467,-1,467,466,468,-1,466,469,468,-1,468,469,470,-1,471,470,472,-1,472,470,469,-1,473,474,469,-1,469,474,475,-1,469,475,472,-1,466,465,476,-1,476,477,466,-1,466,477,478,-1,466,478,469,-1,469,478,479,-1,469,479,473,-1,480,481,482,-1,482,481,483,-1,481,484,483,-1,483,484,485,-1,486,485,487,-1,487,485,484,-1,488,481,489,-1,489,481,480,-1,487,484,490,-1,490,484,491,-1,488,492,481,-1,481,492,493,-1,481,493,484,-1,484,493,494,-1,484,494,491,-1,495,496,497,-1,497,496,498,-1,496,499,498,-1,498,499,500,-1,501,500,502,-1,502,500,499,-1,503,496,504,-1,504,496,495,-1,502,499,505,-1,505,499,506,-1,503,507,496,-1,496,507,508,-1,496,508,499,-1,499,508,509,-1,499,509,506,-1,510,511,512,-1,512,511,513,-1,511,514,513,-1,513,514,515,-1,516,515,517,-1,517,515,514,-1,511,510,518,-1,519,520,514,-1,514,520,521,-1,514,521,517,-1,518,522,511,-1,511,522,523,-1,511,523,514,-1,514,523,524,-1,514,524,519,-1,525,526,527,-1,527,526,528,-1,526,529,528,-1,528,529,530,-1,531,530,532,-1,532,530,529,-1,533,526,534,-1,534,526,525,-1,532,529,535,-1,535,529,536,-1,533,537,526,-1,526,537,538,-1,526,538,529,-1,529,538,539,-1,529,539,536,-1,540,541,542,-1,542,541,543,-1,541,544,543,-1,543,544,545,-1,546,545,547,-1,547,545,544,-1,547,544,548,-1,548,544,549,-1,550,541,551,-1,551,541,540,-1,550,552,541,-1,541,552,553,-1,541,553,544,-1,544,553,554,-1,544,554,549,-1,555,556,557,-1,557,556,558,-1,556,559,558,-1,558,559,560,-1,561,560,562,-1,562,560,559,-1,563,564,559,-1,559,564,565,-1,559,565,562,-1,556,555,566,-1,566,567,556,-1,556,567,568,-1,556,568,559,-1,559,568,569,-1,559,569,563,-1,570,571,572,-1,572,571,573,-1,571,574,573,-1,573,574,575,-1,576,575,577,-1,577,575,574,-1,578,579,574,-1,574,579,580,-1,574,580,577,-1,571,570,581,-1,581,582,571,-1,571,582,583,-1,571,583,574,-1,574,583,584,-1,574,584,578,-1,585,586,587,-1,587,586,588,-1,586,589,588,-1,588,589,590,-1,591,590,592,-1,592,590,589,-1,593,586,594,-1,594,586,585,-1,592,589,595,-1,595,589,596,-1,593,597,586,-1,586,597,598,-1,586,598,589,-1,589,598,599,-1,589,599,596,-1,600,601,602,-1,602,601,603,-1,601,604,603,-1,603,604,605,-1,606,605,607,-1,607,605,604,-1,608,609,604,-1,604,609,610,-1,604,610,607,-1,601,600,611,-1,611,612,601,-1,601,612,613,-1,601,613,604,-1,604,613,614,-1,604,614,608,-1,615,616,617,-1,617,616,618,-1,616,619,618,-1,618,619,620,-1,621,620,622,-1,622,620,619,-1,623,624,619,-1,619,624,625,-1,619,625,622,-1,616,615,626,-1,626,627,616,-1,616,627,628,-1,616,628,619,-1,619,628,629,-1,619,629,623,-1,630,631,632,-1,632,631,633,-1,631,634,633,-1,633,634,635,-1,636,635,637,-1,637,635,634,-1,637,634,638,-1,638,634,639,-1,640,631,641,-1,641,631,630,-1,640,642,631,-1,631,642,643,-1,631,643,634,-1,634,643,644,-1,634,644,639,-1,645,646,647,-1,647,646,648,-1,646,649,648,-1,648,649,650,-1,651,650,652,-1,652,650,649,-1,646,645,653,-1,654,655,649,-1,649,655,656,-1,649,656,652,-1,653,657,646,-1,646,657,658,-1,646,658,649,-1,649,658,659,-1,649,659,654,-1,660,661,662,-1,662,661,663,-1,661,664,663,-1,663,664,665,-1,666,665,667,-1,667,665,664,-1,668,661,669,-1,669,661,660,-1,667,664,670,-1,670,664,671,-1,668,672,661,-1,661,672,673,-1,661,673,664,-1,664,673,674,-1,664,674,671,-1,675,676,677,-1,677,676,678,-1,676,679,678,-1,678,679,680,-1,681,680,682,-1,682,680,679,-1,676,675,683,-1,684,685,679,-1,679,685,686,-1,679,686,682,-1,683,687,676,-1,676,687,688,-1,676,688,679,-1,679,688,689,-1,679,689,684,-1,690,691,692,-1,692,691,693,-1,691,694,693,-1,693,694,695,-1,696,695,697,-1,697,695,694,-1,698,691,699,-1,699,691,690,-1,697,694,700,-1,700,694,701,-1,698,702,691,-1,691,702,703,-1,691,703,694,-1,694,703,704,-1,694,704,701,-1,705,706,707,-1,707,706,708,-1,706,709,708,-1,708,709,710,-1,711,710,712,-1,712,710,709,-1,713,714,709,-1,709,714,715,-1,709,715,712,-1,706,705,716,-1,716,717,706,-1,706,717,718,-1,706,718,709,-1,709,718,719,-1,709,719,713,-1,720,721,722,-1,722,721,723,-1,721,724,723,-1,723,724,725,-1,726,725,727,-1,727,725,724,-1,728,729,724,-1,724,729,730,-1,724,730,727,-1,721,720,731,-1,731,732,721,-1,721,732,733,-1,721,733,724,-1,724,733,734,-1,724,734,728,-1,735,736,737,-1,737,736,738,-1,736,739,738,-1,738,739,740,-1,741,740,742,-1,742,740,739,-1,743,736,744,-1,744,736,735,-1,742,739,745,-1,745,739,746,-1,743,747,736,-1,736,747,748,-1,736,748,739,-1,739,748,749,-1,739,749,746,-1,0,2,750,-1,751,7,752,-1,752,7,10,-1,752,10,753,-1,753,10,11,-1,753,11,754,-1,754,11,14,-1,754,14,755,-1,755,14,13,-1,755,13,756,-1,756,13,12,-1,756,12,757,-1,757,12,8,-1,757,8,758,-1,758,8,9,-1,758,9,759,-1,760,761,762,-1,762,761,763,-1,762,763,750,-1,750,763,759,-1,750,759,0,-1,0,759,9,-1,6,7,764,-1,764,7,751,-1,764,751,765,-1,765,751,766,-1,765,766,767,-1,767,766,768,-1,15,17,769,-1,770,22,771,-1,771,22,25,-1,771,25,772,-1,772,25,26,-1,772,26,773,-1,773,26,29,-1,773,29,774,-1,774,29,28,-1,774,28,775,-1,775,28,27,-1,775,27,776,-1,776,27,23,-1,776,23,777,-1,777,23,24,-1,777,24,778,-1,779,780,781,-1,781,780,782,-1,781,782,769,-1,769,782,778,-1,769,778,15,-1,15,778,24,-1,21,22,783,-1,783,22,770,-1,783,770,784,-1,784,770,785,-1,784,785,786,-1,786,785,787,-1,30,32,788,-1,789,37,790,-1,790,37,44,-1,790,44,791,-1,791,44,43,-1,791,43,792,-1,792,43,38,-1,792,38,793,-1,793,38,39,-1,793,39,794,-1,794,39,40,-1,794,40,795,-1,795,40,42,-1,795,42,796,-1,796,42,41,-1,796,41,797,-1,798,799,800,-1,800,799,801,-1,800,801,788,-1,788,801,797,-1,788,797,30,-1,30,797,41,-1,36,37,802,-1,802,37,789,-1,802,789,803,-1,803,789,804,-1,803,804,805,-1,805,804,806,-1,45,47,807,-1,808,52,809,-1,809,52,55,-1,809,55,810,-1,810,55,54,-1,810,54,811,-1,811,54,53,-1,811,53,812,-1,812,53,59,-1,812,59,813,-1,813,59,58,-1,813,58,814,-1,814,58,57,-1,814,57,815,-1,815,57,56,-1,815,56,816,-1,817,818,819,-1,819,818,820,-1,819,820,807,-1,807,820,816,-1,807,816,45,-1,45,816,56,-1,51,52,821,-1,821,52,808,-1,821,808,822,-1,822,808,823,-1,822,823,824,-1,824,823,825,-1,60,62,826,-1,827,67,828,-1,828,67,70,-1,828,70,829,-1,829,70,69,-1,829,69,830,-1,830,69,68,-1,830,68,831,-1,831,68,74,-1,831,74,832,-1,832,74,73,-1,832,73,833,-1,833,73,72,-1,833,72,834,-1,834,72,71,-1,834,71,835,-1,836,837,838,-1,838,837,839,-1,838,839,826,-1,826,839,835,-1,826,835,60,-1,60,835,71,-1,66,67,840,-1,840,67,827,-1,840,827,841,-1,841,827,842,-1,841,842,843,-1,843,842,844,-1,75,77,845,-1,846,82,847,-1,847,82,85,-1,847,85,848,-1,848,85,86,-1,848,86,849,-1,849,86,89,-1,849,89,850,-1,850,89,88,-1,850,88,851,-1,851,88,87,-1,851,87,852,-1,852,87,83,-1,852,83,853,-1,853,83,84,-1,853,84,854,-1,855,856,857,-1,857,856,858,-1,857,858,845,-1,845,858,854,-1,845,854,75,-1,75,854,84,-1,81,82,859,-1,859,82,846,-1,859,846,860,-1,860,846,861,-1,860,861,862,-1,862,861,863,-1,90,92,864,-1,865,97,866,-1,866,97,101,-1,866,101,867,-1,867,101,100,-1,867,100,868,-1,868,100,99,-1,868,99,869,-1,869,99,104,-1,869,104,870,-1,870,104,103,-1,870,103,871,-1,871,103,102,-1,871,102,872,-1,872,102,98,-1,872,98,873,-1,874,875,876,-1,876,875,877,-1,876,877,864,-1,864,877,873,-1,864,873,90,-1,90,873,98,-1,96,97,878,-1,878,97,865,-1,878,865,879,-1,879,865,880,-1,879,880,881,-1,881,880,882,-1,105,107,883,-1,884,112,885,-1,885,112,116,-1,885,116,886,-1,886,116,115,-1,886,115,887,-1,887,115,114,-1,887,114,888,-1,888,114,119,-1,888,119,889,-1,889,119,118,-1,889,118,890,-1,890,118,117,-1,890,117,891,-1,891,117,113,-1,891,113,892,-1,893,894,895,-1,895,894,896,-1,895,896,883,-1,883,896,892,-1,883,892,105,-1,105,892,113,-1,111,112,897,-1,897,112,884,-1,897,884,898,-1,898,884,899,-1,898,899,900,-1,900,899,901,-1,120,122,902,-1,903,127,904,-1,904,127,130,-1,904,130,905,-1,905,130,131,-1,905,131,906,-1,906,131,134,-1,906,134,907,-1,907,134,133,-1,907,133,908,-1,908,133,132,-1,908,132,909,-1,909,132,128,-1,909,128,910,-1,910,128,129,-1,910,129,911,-1,912,913,914,-1,914,913,915,-1,914,915,902,-1,902,915,911,-1,902,911,120,-1,120,911,129,-1,126,127,916,-1,916,127,903,-1,916,903,917,-1,917,903,918,-1,917,918,919,-1,919,918,920,-1,135,137,921,-1,922,142,923,-1,923,142,145,-1,923,145,924,-1,924,145,144,-1,924,144,925,-1,925,144,143,-1,925,143,926,-1,926,143,149,-1,926,149,927,-1,927,149,148,-1,927,148,928,-1,928,148,147,-1,928,147,929,-1,929,147,146,-1,929,146,930,-1,931,932,933,-1,933,932,934,-1,933,934,921,-1,921,934,930,-1,921,930,135,-1,135,930,146,-1,141,142,935,-1,935,142,922,-1,935,922,936,-1,936,922,937,-1,936,937,938,-1,938,937,939,-1,150,152,940,-1,941,157,942,-1,942,157,160,-1,942,160,943,-1,943,160,159,-1,943,159,944,-1,944,159,158,-1,944,158,945,-1,945,158,164,-1,945,164,946,-1,946,164,163,-1,946,163,947,-1,947,163,162,-1,947,162,948,-1,948,162,161,-1,948,161,949,-1,950,951,952,-1,952,951,953,-1,952,953,940,-1,940,953,949,-1,940,949,150,-1,150,949,161,-1,156,157,954,-1,954,157,941,-1,954,941,955,-1,955,941,956,-1,955,956,957,-1,957,956,958,-1,165,167,959,-1,960,172,961,-1,961,172,175,-1,961,175,962,-1,962,175,176,-1,962,176,963,-1,963,176,179,-1,963,179,964,-1,964,179,178,-1,964,178,965,-1,965,178,177,-1,965,177,966,-1,966,177,173,-1,966,173,967,-1,967,173,174,-1,967,174,968,-1,969,970,971,-1,971,970,972,-1,971,972,959,-1,959,972,968,-1,959,968,165,-1,165,968,174,-1,171,172,973,-1,973,172,960,-1,973,960,974,-1,974,960,975,-1,974,975,976,-1,976,975,977,-1,180,182,978,-1,979,187,980,-1,980,187,190,-1,980,190,981,-1,981,190,191,-1,981,191,982,-1,982,191,194,-1,982,194,983,-1,983,194,193,-1,983,193,984,-1,984,193,192,-1,984,192,985,-1,985,192,188,-1,985,188,986,-1,986,188,189,-1,986,189,987,-1,988,989,990,-1,990,989,991,-1,990,991,978,-1,978,991,987,-1,978,987,180,-1,180,987,189,-1,186,187,992,-1,992,187,979,-1,992,979,993,-1,993,979,994,-1,993,994,995,-1,995,994,996,-1,195,197,997,-1,998,202,999,-1,999,202,205,-1,999,205,1000,-1,1000,205,206,-1,1000,206,1001,-1,1001,206,209,-1,1001,209,1002,-1,1002,209,208,-1,1002,208,1003,-1,1003,208,207,-1,1003,207,1004,-1,1004,207,203,-1,1004,203,1005,-1,1005,203,204,-1,1005,204,1006,-1,1007,1008,1009,-1,1009,1008,1010,-1,1009,1010,997,-1,997,1010,1006,-1,997,1006,195,-1,195,1006,204,-1,201,202,1011,-1,1011,202,998,-1,1011,998,1012,-1,1012,998,1013,-1,1012,1013,1014,-1,1014,1013,1015,-1,210,212,1016,-1,1017,217,1018,-1,1018,217,220,-1,1018,220,1019,-1,1019,220,221,-1,1019,221,1020,-1,1020,221,224,-1,1020,224,1021,-1,1021,224,223,-1,1021,223,1022,-1,1022,223,222,-1,1022,222,1023,-1,1023,222,218,-1,1023,218,1024,-1,1024,218,219,-1,1024,219,1025,-1,1026,1027,1028,-1,1028,1027,1029,-1,1028,1029,1016,-1,1016,1029,1025,-1,1016,1025,210,-1,210,1025,219,-1,216,217,1030,-1,1030,217,1017,-1,1030,1017,1031,-1,1031,1017,1032,-1,1031,1032,1033,-1,1033,1032,1034,-1,225,227,1035,-1,1036,232,1037,-1,1037,232,235,-1,1037,235,1038,-1,1038,235,236,-1,1038,236,1039,-1,1039,236,239,-1,1039,239,1040,-1,1040,239,238,-1,1040,238,1041,-1,1041,238,237,-1,1041,237,1042,-1,1042,237,233,-1,1042,233,1043,-1,1043,233,234,-1,1043,234,1044,-1,1045,1046,1047,-1,1047,1046,1048,-1,1047,1048,1035,-1,1035,1048,1044,-1,1035,1044,225,-1,225,1044,234,-1,231,232,1049,-1,1049,232,1036,-1,1049,1036,1050,-1,1050,1036,1051,-1,1050,1051,1052,-1,1052,1051,1053,-1,240,242,1054,-1,1055,247,1056,-1,1056,247,250,-1,1056,250,1057,-1,1057,250,251,-1,1057,251,1058,-1,1058,251,254,-1,1058,254,1059,-1,1059,254,253,-1,1059,253,1060,-1,1060,253,252,-1,1060,252,1061,-1,1061,252,248,-1,1061,248,1062,-1,1062,248,249,-1,1062,249,1063,-1,1064,1065,1066,-1,1066,1065,1067,-1,1066,1067,1054,-1,1054,1067,1063,-1,1054,1063,240,-1,240,1063,249,-1,246,247,1068,-1,1068,247,1055,-1,1068,1055,1069,-1,1069,1055,1070,-1,1069,1070,1071,-1,1071,1070,1072,-1,255,257,1073,-1,1074,262,1075,-1,1075,262,265,-1,1075,265,1076,-1,1076,265,266,-1,1076,266,1077,-1,1077,266,269,-1,1077,269,1078,-1,1078,269,268,-1,1078,268,1079,-1,1079,268,267,-1,1079,267,1080,-1,1080,267,263,-1,1080,263,1081,-1,1081,263,264,-1,1081,264,1082,-1,1083,1084,1085,-1,1085,1084,1086,-1,1085,1086,1073,-1,1073,1086,1082,-1,1073,1082,255,-1,255,1082,264,-1,261,262,1087,-1,1087,262,1074,-1,1087,1074,1088,-1,1088,1074,1089,-1,1088,1089,1090,-1,1090,1089,1091,-1,270,272,1092,-1,1093,277,1094,-1,1094,277,280,-1,1094,280,1095,-1,1095,280,281,-1,1095,281,1096,-1,1096,281,284,-1,1096,284,1097,-1,1097,284,283,-1,1097,283,1098,-1,1098,283,282,-1,1098,282,1099,-1,1099,282,278,-1,1099,278,1100,-1,1100,278,279,-1,1100,279,1101,-1,1102,1103,1104,-1,1104,1103,1105,-1,1104,1105,1092,-1,1092,1105,1101,-1,1092,1101,270,-1,270,1101,279,-1,276,277,1106,-1,1106,277,1093,-1,1106,1093,1107,-1,1107,1093,1108,-1,1107,1108,1109,-1,1109,1108,1110,-1,285,287,1111,-1,1112,292,1113,-1,1113,292,296,-1,1113,296,1114,-1,1114,296,295,-1,1114,295,1115,-1,1115,295,294,-1,1115,294,1116,-1,1116,294,299,-1,1116,299,1117,-1,1117,299,298,-1,1117,298,1118,-1,1118,298,297,-1,1118,297,1119,-1,1119,297,293,-1,1119,293,1120,-1,1121,1122,1123,-1,1123,1122,1124,-1,1123,1124,1111,-1,1111,1124,1120,-1,1111,1120,285,-1,285,1120,293,-1,291,292,1125,-1,1125,292,1112,-1,1125,1112,1126,-1,1126,1112,1127,-1,1126,1127,1128,-1,1128,1127,1129,-1,300,302,1130,-1,1131,307,1132,-1,1132,307,311,-1,1132,311,1133,-1,1133,311,310,-1,1133,310,1134,-1,1134,310,309,-1,1134,309,1135,-1,1135,309,314,-1,1135,314,1136,-1,1136,314,313,-1,1136,313,1137,-1,1137,313,312,-1,1137,312,1138,-1,1138,312,308,-1,1138,308,1139,-1,1140,1141,1142,-1,1142,1141,1143,-1,1142,1143,1130,-1,1130,1143,1139,-1,1130,1139,300,-1,300,1139,308,-1,306,307,1144,-1,1144,307,1131,-1,1144,1131,1145,-1,1145,1131,1146,-1,1145,1146,1147,-1,1147,1146,1148,-1,315,317,1149,-1,1150,322,1151,-1,1151,322,326,-1,1151,326,1152,-1,1152,326,325,-1,1152,325,1153,-1,1153,325,324,-1,1153,324,1154,-1,1154,324,329,-1,1154,329,1155,-1,1155,329,328,-1,1155,328,1156,-1,1156,328,327,-1,1156,327,1157,-1,1157,327,323,-1,1157,323,1158,-1,1159,1160,1161,-1,1161,1160,1162,-1,1161,1162,1149,-1,1149,1162,1158,-1,1149,1158,315,-1,315,1158,323,-1,321,322,1163,-1,1163,322,1150,-1,1163,1150,1164,-1,1164,1150,1165,-1,1164,1165,1166,-1,1166,1165,1167,-1,330,332,1168,-1,1169,337,1170,-1,1170,337,341,-1,1170,341,1171,-1,1171,341,340,-1,1171,340,1172,-1,1172,340,339,-1,1172,339,1173,-1,1173,339,344,-1,1173,344,1174,-1,1174,344,343,-1,1174,343,1175,-1,1175,343,342,-1,1175,342,1176,-1,1176,342,338,-1,1176,338,1177,-1,1178,1179,1180,-1,1180,1179,1181,-1,1180,1181,1168,-1,1168,1181,1177,-1,1168,1177,330,-1,330,1177,338,-1,336,337,1182,-1,1182,337,1169,-1,1182,1169,1183,-1,1183,1169,1184,-1,1183,1184,1185,-1,1185,1184,1186,-1,345,347,1187,-1,1188,352,1189,-1,1189,352,355,-1,1189,355,1190,-1,1190,355,356,-1,1190,356,1191,-1,1191,356,359,-1,1191,359,1192,-1,1192,359,358,-1,1192,358,1193,-1,1193,358,357,-1,1193,357,1194,-1,1194,357,353,-1,1194,353,1195,-1,1195,353,354,-1,1195,354,1196,-1,1197,1198,1199,-1,1199,1198,1200,-1,1199,1200,1187,-1,1187,1200,1196,-1,1187,1196,345,-1,345,1196,354,-1,351,352,1201,-1,1201,352,1188,-1,1201,1188,1202,-1,1202,1188,1203,-1,1202,1203,1204,-1,1204,1203,1205,-1,360,362,1206,-1,1207,367,1208,-1,1208,367,370,-1,1208,370,1209,-1,1209,370,371,-1,1209,371,1210,-1,1210,371,374,-1,1210,374,1211,-1,1211,374,373,-1,1211,373,1212,-1,1212,373,372,-1,1212,372,1213,-1,1213,372,368,-1,1213,368,1214,-1,1214,368,369,-1,1214,369,1215,-1,1216,1217,1218,-1,1218,1217,1219,-1,1218,1219,1206,-1,1206,1219,1215,-1,1206,1215,360,-1,360,1215,369,-1,366,367,1220,-1,1220,367,1207,-1,1220,1207,1221,-1,1221,1207,1222,-1,1221,1222,1223,-1,1223,1222,1224,-1,375,377,1225,-1,1226,382,1227,-1,1227,382,389,-1,1227,389,1228,-1,1228,389,388,-1,1228,388,1229,-1,1229,388,385,-1,1229,385,1230,-1,1230,385,384,-1,1230,384,1231,-1,1231,384,383,-1,1231,383,1232,-1,1232,383,387,-1,1232,387,1233,-1,1233,387,386,-1,1233,386,1234,-1,1235,1236,1237,-1,1237,1236,1238,-1,1237,1238,1225,-1,1225,1238,1234,-1,1225,1234,375,-1,375,1234,386,-1,381,382,1239,-1,1239,382,1226,-1,1239,1226,1240,-1,1240,1226,1241,-1,1240,1241,1242,-1,1242,1241,1243,-1,390,392,1244,-1,1245,397,1246,-1,1246,397,400,-1,1246,400,1247,-1,1247,400,401,-1,1247,401,1248,-1,1248,401,404,-1,1248,404,1249,-1,1249,404,403,-1,1249,403,1250,-1,1250,403,402,-1,1250,402,1251,-1,1251,402,398,-1,1251,398,1252,-1,1252,398,399,-1,1252,399,1253,-1,1254,1255,1256,-1,1256,1255,1257,-1,1256,1257,1244,-1,1244,1257,1253,-1,1244,1253,390,-1,390,1253,399,-1,396,397,1258,-1,1258,397,1245,-1,1258,1245,1259,-1,1259,1245,1260,-1,1259,1260,1261,-1,1261,1260,1262,-1,405,407,1263,-1,1264,412,1265,-1,1265,412,415,-1,1265,415,1266,-1,1266,415,416,-1,1266,416,1267,-1,1267,416,419,-1,1267,419,1268,-1,1268,419,418,-1,1268,418,1269,-1,1269,418,417,-1,1269,417,1270,-1,1270,417,413,-1,1270,413,1271,-1,1271,413,414,-1,1271,414,1272,-1,1273,1274,1275,-1,1275,1274,1276,-1,1275,1276,1263,-1,1263,1276,1272,-1,1263,1272,405,-1,405,1272,414,-1,411,412,1277,-1,1277,412,1264,-1,1277,1264,1278,-1,1278,1264,1279,-1,1278,1279,1280,-1,1280,1279,1281,-1,420,422,1282,-1,1283,427,1284,-1,1284,427,430,-1,1284,430,1285,-1,1285,430,431,-1,1285,431,1286,-1,1286,431,434,-1,1286,434,1287,-1,1287,434,433,-1,1287,433,1288,-1,1288,433,432,-1,1288,432,1289,-1,1289,432,428,-1,1289,428,1290,-1,1290,428,429,-1,1290,429,1291,-1,1292,1293,1294,-1,1294,1293,1295,-1,1294,1295,1282,-1,1282,1295,1291,-1,1282,1291,420,-1,420,1291,429,-1,426,427,1296,-1,1296,427,1283,-1,1296,1283,1297,-1,1297,1283,1298,-1,1297,1298,1299,-1,1299,1298,1300,-1,450,452,1301,-1,1302,457,1303,-1,1303,457,460,-1,1303,460,1304,-1,1304,460,459,-1,1304,459,1305,-1,1305,459,458,-1,1305,458,1306,-1,1306,458,464,-1,1306,464,1307,-1,1307,464,463,-1,1307,463,1308,-1,1308,463,462,-1,1308,462,1309,-1,1309,462,461,-1,1309,461,1310,-1,1311,1312,1313,-1,1313,1312,1314,-1,1313,1314,1301,-1,1301,1314,1310,-1,1301,1310,450,-1,450,1310,461,-1,456,457,1315,-1,1315,457,1302,-1,1315,1302,1316,-1,1316,1302,1317,-1,1316,1317,1318,-1,1318,1317,1319,-1,465,467,1320,-1,1321,472,1322,-1,1322,472,475,-1,1322,475,1323,-1,1323,475,474,-1,1323,474,1324,-1,1324,474,473,-1,1324,473,1325,-1,1325,473,479,-1,1325,479,1326,-1,1326,479,478,-1,1326,478,1327,-1,1327,478,477,-1,1327,477,1328,-1,1328,477,476,-1,1328,476,1329,-1,1330,1331,1332,-1,1332,1331,1333,-1,1332,1333,1320,-1,1320,1333,1329,-1,1320,1329,465,-1,465,1329,476,-1,471,472,1334,-1,1334,472,1321,-1,1334,1321,1335,-1,1335,1321,1336,-1,1335,1336,1337,-1,1337,1336,1338,-1,480,482,1339,-1,1340,487,1341,-1,1341,487,490,-1,1341,490,1342,-1,1342,490,491,-1,1342,491,1343,-1,1343,491,494,-1,1343,494,1344,-1,1344,494,493,-1,1344,493,1345,-1,1345,493,492,-1,1345,492,1346,-1,1346,492,488,-1,1346,488,1347,-1,1347,488,489,-1,1347,489,1348,-1,1349,1350,1351,-1,1351,1350,1352,-1,1351,1352,1339,-1,1339,1352,1348,-1,1339,1348,480,-1,480,1348,489,-1,486,487,1353,-1,1353,487,1340,-1,1353,1340,1354,-1,1354,1340,1355,-1,1354,1355,1356,-1,1356,1355,1357,-1,495,497,1358,-1,1359,502,1360,-1,1360,502,505,-1,1360,505,1361,-1,1361,505,506,-1,1361,506,1362,-1,1362,506,509,-1,1362,509,1363,-1,1363,509,508,-1,1363,508,1364,-1,1364,508,507,-1,1364,507,1365,-1,1365,507,503,-1,1365,503,1366,-1,1366,503,504,-1,1366,504,1367,-1,1368,1369,1370,-1,1370,1369,1371,-1,1370,1371,1358,-1,1358,1371,1367,-1,1358,1367,495,-1,495,1367,504,-1,501,502,1372,-1,1372,502,1359,-1,1372,1359,1373,-1,1373,1359,1374,-1,1373,1374,1375,-1,1375,1374,1376,-1,510,512,1377,-1,1378,517,1379,-1,1379,517,521,-1,1379,521,1380,-1,1380,521,520,-1,1380,520,1381,-1,1381,520,519,-1,1381,519,1382,-1,1382,519,524,-1,1382,524,1383,-1,1383,524,523,-1,1383,523,1384,-1,1384,523,522,-1,1384,522,1385,-1,1385,522,518,-1,1385,518,1386,-1,1387,1388,1389,-1,1389,1388,1390,-1,1389,1390,1377,-1,1377,1390,1386,-1,1377,1386,510,-1,510,1386,518,-1,516,517,1391,-1,1391,517,1378,-1,1391,1378,1392,-1,1392,1378,1393,-1,1392,1393,1394,-1,1394,1393,1395,-1,525,527,1396,-1,1397,532,1398,-1,1398,532,535,-1,1398,535,1399,-1,1399,535,536,-1,1399,536,1400,-1,1400,536,539,-1,1400,539,1401,-1,1401,539,538,-1,1401,538,1402,-1,1402,538,537,-1,1402,537,1403,-1,1403,537,533,-1,1403,533,1404,-1,1404,533,534,-1,1404,534,1405,-1,1406,1407,1408,-1,1408,1407,1409,-1,1408,1409,1396,-1,1396,1409,1405,-1,1396,1405,525,-1,525,1405,534,-1,531,532,1410,-1,1410,532,1397,-1,1410,1397,1411,-1,1411,1397,1412,-1,1411,1412,1413,-1,1413,1412,1414,-1,540,542,1415,-1,1416,547,1417,-1,1417,547,548,-1,1417,548,1418,-1,1418,548,549,-1,1418,549,1419,-1,1419,549,554,-1,1419,554,1420,-1,1420,554,553,-1,1420,553,1421,-1,1421,553,552,-1,1421,552,1422,-1,1422,552,550,-1,1422,550,1423,-1,1423,550,551,-1,1423,551,1424,-1,1425,1426,1427,-1,1427,1426,1428,-1,1427,1428,1415,-1,1415,1428,1424,-1,1415,1424,540,-1,540,1424,551,-1,546,547,1429,-1,1429,547,1416,-1,1429,1416,1430,-1,1430,1416,1431,-1,1430,1431,1432,-1,1432,1431,1433,-1,555,557,1434,-1,1435,562,1436,-1,1436,562,565,-1,1436,565,1437,-1,1437,565,564,-1,1437,564,1438,-1,1438,564,563,-1,1438,563,1439,-1,1439,563,569,-1,1439,569,1440,-1,1440,569,568,-1,1440,568,1441,-1,1441,568,567,-1,1441,567,1442,-1,1442,567,566,-1,1442,566,1443,-1,1444,1445,1446,-1,1446,1445,1447,-1,1446,1447,1434,-1,1434,1447,1443,-1,1434,1443,555,-1,555,1443,566,-1,561,562,1448,-1,1448,562,1435,-1,1448,1435,1449,-1,1449,1435,1450,-1,1449,1450,1451,-1,1451,1450,1452,-1,570,572,1453,-1,1454,577,1455,-1,1455,577,580,-1,1455,580,1456,-1,1456,580,579,-1,1456,579,1457,-1,1457,579,578,-1,1457,578,1458,-1,1458,578,584,-1,1458,584,1459,-1,1459,584,583,-1,1459,583,1460,-1,1460,583,582,-1,1460,582,1461,-1,1461,582,581,-1,1461,581,1462,-1,1463,1464,1465,-1,1465,1464,1466,-1,1465,1466,1453,-1,1453,1466,1462,-1,1453,1462,570,-1,570,1462,581,-1,576,577,1467,-1,1467,577,1454,-1,1467,1454,1468,-1,1468,1454,1469,-1,1468,1469,1470,-1,1470,1469,1471,-1,585,587,1472,-1,1473,592,1474,-1,1474,592,595,-1,1474,595,1475,-1,1475,595,596,-1,1475,596,1476,-1,1476,596,599,-1,1476,599,1477,-1,1477,599,598,-1,1477,598,1478,-1,1478,598,597,-1,1478,597,1479,-1,1479,597,593,-1,1479,593,1480,-1,1480,593,594,-1,1480,594,1481,-1,1482,1483,1484,-1,1484,1483,1485,-1,1484,1485,1472,-1,1472,1485,1481,-1,1472,1481,585,-1,585,1481,594,-1,591,592,1486,-1,1486,592,1473,-1,1486,1473,1487,-1,1487,1473,1488,-1,1487,1488,1489,-1,1489,1488,1490,-1,435,437,1491,-1,1492,442,1493,-1,1493,442,445,-1,1493,445,1494,-1,1494,445,446,-1,1494,446,1495,-1,1495,446,449,-1,1495,449,1496,-1,1496,449,448,-1,1496,448,1497,-1,1497,448,447,-1,1497,447,1498,-1,1498,447,443,-1,1498,443,1499,-1,1499,443,444,-1,1499,444,1500,-1,1501,1502,1503,-1,1503,1502,1504,-1,1503,1504,1491,-1,1491,1504,1500,-1,1491,1500,435,-1,435,1500,444,-1,441,442,1505,-1,1505,442,1492,-1,1505,1492,1506,-1,1506,1492,1507,-1,1506,1507,1508,-1,1508,1507,1509,-1,600,602,1510,-1,1511,607,1512,-1,1512,607,610,-1,1512,610,1513,-1,1513,610,609,-1,1513,609,1514,-1,1514,609,608,-1,1514,608,1515,-1,1515,608,614,-1,1515,614,1516,-1,1516,614,613,-1,1516,613,1517,-1,1517,613,612,-1,1517,612,1518,-1,1518,612,611,-1,1518,611,1519,-1,1520,1521,1522,-1,1522,1521,1523,-1,1522,1523,1510,-1,1510,1523,1519,-1,1510,1519,600,-1,600,1519,611,-1,606,607,1524,-1,1524,607,1511,-1,1524,1511,1525,-1,1525,1511,1526,-1,1525,1526,1527,-1,1527,1526,1528,-1,615,617,1529,-1,1530,622,1531,-1,1531,622,625,-1,1531,625,1532,-1,1532,625,624,-1,1532,624,1533,-1,1533,624,623,-1,1533,623,1534,-1,1534,623,629,-1,1534,629,1535,-1,1535,629,628,-1,1535,628,1536,-1,1536,628,627,-1,1536,627,1537,-1,1537,627,626,-1,1537,626,1538,-1,1539,1540,1541,-1,1541,1540,1542,-1,1541,1542,1529,-1,1529,1542,1538,-1,1529,1538,615,-1,615,1538,626,-1,621,622,1543,-1,1543,622,1530,-1,1543,1530,1544,-1,1544,1530,1545,-1,1544,1545,1546,-1,1546,1545,1547,-1,630,632,1548,-1,1549,637,1550,-1,1550,637,638,-1,1550,638,1551,-1,1551,638,639,-1,1551,639,1552,-1,1552,639,644,-1,1552,644,1553,-1,1553,644,643,-1,1553,643,1554,-1,1554,643,642,-1,1554,642,1555,-1,1555,642,640,-1,1555,640,1556,-1,1556,640,641,-1,1556,641,1557,-1,1558,1559,1560,-1,1560,1559,1561,-1,1560,1561,1548,-1,1548,1561,1557,-1,1548,1557,630,-1,630,1557,641,-1,636,637,1562,-1,1562,637,1549,-1,1562,1549,1563,-1,1563,1549,1564,-1,1563,1564,1565,-1,1565,1564,1566,-1,645,647,1567,-1,1568,652,1569,-1,1569,652,656,-1,1569,656,1570,-1,1570,656,655,-1,1570,655,1571,-1,1571,655,654,-1,1571,654,1572,-1,1572,654,659,-1,1572,659,1573,-1,1573,659,658,-1,1573,658,1574,-1,1574,658,657,-1,1574,657,1575,-1,1575,657,653,-1,1575,653,1576,-1,1577,1578,1579,-1,1579,1578,1580,-1,1579,1580,1567,-1,1567,1580,1576,-1,1567,1576,645,-1,645,1576,653,-1,651,652,1581,-1,1581,652,1568,-1,1581,1568,1582,-1,1582,1568,1583,-1,1582,1583,1584,-1,1584,1583,1585,-1,660,662,1586,-1,1587,667,1588,-1,1588,667,670,-1,1588,670,1589,-1,1589,670,671,-1,1589,671,1590,-1,1590,671,674,-1,1590,674,1591,-1,1591,674,673,-1,1591,673,1592,-1,1592,673,672,-1,1592,672,1593,-1,1593,672,668,-1,1593,668,1594,-1,1594,668,669,-1,1594,669,1595,-1,1596,1597,1598,-1,1598,1597,1599,-1,1598,1599,1586,-1,1586,1599,1595,-1,1586,1595,660,-1,660,1595,669,-1,666,667,1600,-1,1600,667,1587,-1,1600,1587,1601,-1,1601,1587,1602,-1,1601,1602,1603,-1,1603,1602,1604,-1,675,677,1605,-1,1606,682,1607,-1,1607,682,686,-1,1607,686,1608,-1,1608,686,685,-1,1608,685,1609,-1,1609,685,684,-1,1609,684,1610,-1,1610,684,689,-1,1610,689,1611,-1,1611,689,688,-1,1611,688,1612,-1,1612,688,687,-1,1612,687,1613,-1,1613,687,683,-1,1613,683,1614,-1,1615,1616,1617,-1,1617,1616,1618,-1,1617,1618,1605,-1,1605,1618,1614,-1,1605,1614,675,-1,675,1614,683,-1,681,682,1619,-1,1619,682,1606,-1,1619,1606,1620,-1,1620,1606,1621,-1,1620,1621,1622,-1,1622,1621,1623,-1,690,692,1624,-1,1625,697,1626,-1,1626,697,700,-1,1626,700,1627,-1,1627,700,701,-1,1627,701,1628,-1,1628,701,704,-1,1628,704,1629,-1,1629,704,703,-1,1629,703,1630,-1,1630,703,702,-1,1630,702,1631,-1,1631,702,698,-1,1631,698,1632,-1,1632,698,699,-1,1632,699,1633,-1,1634,1635,1636,-1,1636,1635,1637,-1,1636,1637,1624,-1,1624,1637,1633,-1,1624,1633,690,-1,690,1633,699,-1,696,697,1638,-1,1638,697,1625,-1,1638,1625,1639,-1,1639,1625,1640,-1,1639,1640,1641,-1,1641,1640,1642,-1,705,707,1643,-1,1644,712,1645,-1,1645,712,715,-1,1645,715,1646,-1,1646,715,714,-1,1646,714,1647,-1,1647,714,713,-1,1647,713,1648,-1,1648,713,719,-1,1648,719,1649,-1,1649,719,718,-1,1649,718,1650,-1,1650,718,717,-1,1650,717,1651,-1,1651,717,716,-1,1651,716,1652,-1,1653,1654,1655,-1,1655,1654,1656,-1,1655,1656,1643,-1,1643,1656,1652,-1,1643,1652,705,-1,705,1652,716,-1,711,712,1657,-1,1657,712,1644,-1,1657,1644,1658,-1,1658,1644,1659,-1,1658,1659,1660,-1,1660,1659,1661,-1,720,722,1662,-1,1663,727,1664,-1,1664,727,730,-1,1664,730,1665,-1,1665,730,729,-1,1665,729,1666,-1,1666,729,728,-1,1666,728,1667,-1,1667,728,734,-1,1667,734,1668,-1,1668,734,733,-1,1668,733,1669,-1,1669,733,732,-1,1669,732,1670,-1,1670,732,731,-1,1670,731,1671,-1,1672,1673,1674,-1,1674,1673,1675,-1,1674,1675,1662,-1,1662,1675,1671,-1,1662,1671,720,-1,720,1671,731,-1,726,727,1676,-1,1676,727,1663,-1,1676,1663,1677,-1,1677,1663,1678,-1,1677,1678,1679,-1,1679,1678,1680,-1,735,737,1681,-1,1682,742,1683,-1,1683,742,745,-1,1683,745,1684,-1,1684,745,746,-1,1684,746,1685,-1,1685,746,749,-1,1685,749,1686,-1,1686,749,748,-1,1686,748,1687,-1,1687,748,747,-1,1687,747,1688,-1,1688,747,743,-1,1688,743,1689,-1,1689,743,744,-1,1689,744,1690,-1,1691,1692,1693,-1,1693,1692,1694,-1,1693,1694,1681,-1,1681,1694,1690,-1,1681,1690,735,-1,735,1690,744,-1,741,742,1695,-1,1695,742,1682,-1,1695,1682,1696,-1,1696,1682,1697,-1,1696,1697,1698,-1,1698,1697,1699,-1,
        ]
    }
}
Shape{
    appearance Appearance {
        material  Material 	{
            diffuseColor 0.4 0.4 0.4
            specularColor 0.5019607843137255 0.5019607843137255 0.5019607843137255
            ambientIntensity 0.2
            transparency 0
            shininess 0.5
        }
    }
    geometry IndexedFaceSet {
        ccw TRUE
        solid FALSE
        coord DEF co Coordinate {
            point [
                0.2673 -0.0523 -0.1929, 0.2673 -0.0653 -0.1929, 0.2673 -0.0523 -0.1969, 0.2673 -0.0653 -0.1969, 0.3278 -0.0653 -0.1929, 0.3278 -0.0653 -0.1969, 0.3278 0.0528 -0.1929, 0.3278 0.0528 -0.1969, 0.3119 0.0528 -0.1929, 0.3119 0.0528 -0.1969, 0.3119 -0.0523 -0.1929, 0.3119 -0.0523 -0.1969, 0.1693 -0.0462 -0.1929, 0.1693 -0.0592 -0.1929, 0.1693 -0.0462 -0.1969, 0.1693 -0.0592 -0.1969, 0.1819 -0.0643 -0.1929, 0.2018 -0.0667 -0.1929, 0.2018 -0.0667 -0.1969, 0.1986 -0.0667 -0.1969, 0.1986 -0.0667 -0.1929, 0.1939 -0.066 -0.1969, 0.1819 -0.0643 -0.1969, 0.2572 -0.0085 -0.1929, 0.2572 -0.0085 -0.1969, 0.2561 -0.0221 -0.1969, 0.2561 -0.0221 -0.1929, 0.2525 -0.0346 -0.1969, 0.2525 -0.0346 -0.1929, 0.2462 -0.0459 -0.1969, 0.2462 -0.0459 -0.1929, 0.2374 -0.0552 -0.1969, 0.2374 -0.0552 -0.1929, 0.2279 -0.0613 -0.1969, 0.2279 -0.0613 -0.1929, 0.2164 -0.0652 -0.1969, 0.2164 -0.0652 -0.1929, 0.2088 -0.066 -0.1969, 0.1971 0.0543 -0.1929, 0.1971 0.0543 -0.1969, 0.209 0.0533 -0.1929, 0.206 0.0535 -0.1969, 0.209 0.0533 -0.1969, 0.2222 0.0495 -0.1969, 0.2222 0.0495 -0.1929, 0.2334 0.043 -0.1969, 0.2334 0.043 -0.1929, 0.2441 0.0328 -0.1969, 0.2441 0.0328 -0.1929, 0.251 0.0217 -0.1969, 0.251 0.0217 -0.1929, 0.2555 0.0083 -0.1969, 0.2555 0.0083 -0.1929, 0.1867 0.0535 -0.1969, 0.183 0.0533 -0.1929, 0.183 0.0533 -0.1969, 0.1693 0.0496 -0.1929, 0.1693 0.0496 -0.1969, 0.1693 0.0337 -0.1929, 0.1693 0.0337 -0.1969, 0.197 0.0413 -0.1929, 0.197 0.0413 -0.1969, 0.1827 0.0394 -0.1969, 0.1827 0.0394 -0.1929, 0.2414 -0.0075 -0.1929, 0.2414 -0.0075 -0.1969, 0.2408 0.0017 -0.1969, 0.2408 0.0017 -0.1929, 0.2377 0.0143 -0.1969, 0.2377 0.0143 -0.1929, 0.2328 0.0235 -0.1969, 0.2328 0.0235 -0.1929, 0.2257 0.0313 -0.1969, 0.2257 0.0313 -0.1929, 0.2175 0.0368 -0.1969, 0.2175 0.0368 -0.1929, 0.2086 0.04 -0.1969, 0.2086 0.04 -0.1929, 0.1997 -0.0538 -0.1929, 0.1997 -0.0538 -0.1969, 0.2107 -0.0525 -0.1969, 0.2107 -0.0525 -0.1929, 0.2193 -0.0494 -0.1969, 0.2193 -0.0494 -0.1929, 0.2265 -0.0445 -0.1969, 0.2265 -0.0445 -0.1929, 0.2321 -0.0386 -0.1969, 0.2321 -0.0386 -0.1929, 0.237 -0.0304 -0.1969, 0.237 -0.0304 -0.1929, 0.2402 -0.0203 -0.1969, 0.2402 -0.0203 -0.1929, 0.1715 -0.0474 -0.1969, 0.1715 -0.0474 -0.1929, 0.184 -0.052 -0.1969, 0.184 -0.052 -0.1929, 0.0829 -0.0523 -0.1929, 0.0829 -0.0653 -0.1929, 0.0829 -0.0523 -0.1969, 0.0829 -0.0653 -0.1969, 0.1463 -0.0653 -0.1929, 0.1463 -0.0653 -0.1969, 0.1463 0.0528 -0.1929, 0.1463 0.0528 -0.1969, 0.0858 0.0528 -0.1929, 0.0858 0.0528 -0.1969, 0.0858 0.0399 -0.1929, 0.0858 0.0399 -0.1969, 0.1305 0.0399 -0.1929, 0.1305 0.0399 -0.1969, 0.1305 0.001 -0.1929, 0.1305 0.001 -0.1969, 0.0887 0.001 -0.1929, 0.0887 0.001 -0.1969, 0.0887 -0.012 -0.1929, 0.0887 -0.012 -0.1969, 0.1305 -0.012 -0.1929, 0.1305 -0.012 -0.1969, 0.1305 -0.0523 -0.1929, 0.1305 -0.0523 -0.1969, 0.0278 -0.0653 -0.1929, 0.0599 -0.0653 -0.1929, 0.0278 -0.0653 -0.1969, 0.0599 -0.0653 -0.1969, 0.0599 0.0528 -0.1929, 0.0599 0.0528 -0.1969, 0.0265 0.0528 -0.1929, 0.0265 0.0528 -0.1969, -0.0352 -0.0047 -0.1929, -0.0352 -0.0047 -0.1969, -0.0343 0.0064 -0.1969, -0.0343 0.0064 -0.1929, -0.0312 0.018 -0.1969, -0.0312 0.018 -0.1929, -0.0257 0.0282 -0.1969, -0.0257 0.0282 -0.1929, -0.0173 0.0374 -0.1969, -0.0173 0.0374 -0.1929, -0.0172 0.0375 -0.1969, -0.0172 0.0375 -0.1929, -0.0043 0.0461 -0.1969, -0.0043 0.0461 -0.1929, 0.0095 0.051 -0.1969, 0.0095 0.051 -0.1929, 0.0132 -0.064 -0.1969, 0.0132 -0.064 -0.1929, -0.0005 -0.06 -0.1969, -0.0005 -0.06 -0.1929, -0.0128 -0.0528 -0.1969, -0.0128 -0.0528 -0.1929, -0.0225 -0.0435 -0.1969, -0.0225 -0.0435 -0.1929, -0.0293 -0.0329 -0.1969, -0.0293 -0.0329 -0.1929, -0.0335 -0.0206 -0.1969, -0.0335 -0.0206 -0.1929, -0.0115 0.0233 -0.1929, -0.0057 0.0294 -0.1929, 0.0029 0.035 -0.1929, 0.0126 0.0384 -0.1929, 0.0266 0.0399 -0.1929, 0.044 0.0399 -0.1929, 0.044 -0.0523 -0.1929, 0.0273 -0.0523 -0.1929, 0.0148 -0.0512 -0.1929, 0.0049 -0.0481 -0.1929, -0.0032 -0.0433 -0.1929, -0.0098 -0.0367 -0.1929, -0.0148 -0.0286 -0.1929, -0.0183 -0.0175 -0.1929, -0.0193 -0.0051 -0.1929, -0.0183 0.0067 -0.1929, -0.0156 0.016 -0.1929, 0.0266 0.0399 -0.1969, 0.044 0.0399 -0.1969, 0.0126 0.0384 -0.1969, 0.0029 0.035 -0.1969, -0.0057 0.0294 -0.1969, -0.0115 0.0233 -0.1969, -0.0156 0.016 -0.1969, -0.0183 0.0067 -0.1969, -0.0193 -0.0051 -0.1969, -0.0183 -0.0175 -0.1969, -0.0148 -0.0286 -0.1969, -0.0098 -0.0367 -0.1969, -0.0032 -0.0433 -0.1969, 0.0049 -0.0481 -0.1969, 0.0148 -0.0512 -0.1969, 0.0273 -0.0523 -0.1969, 0.044 -0.0523 -0.1969, 0.044 -0.0523 -0.1969
            ]
        }
        coordIndex [
            0,1,2,-1,2,1,3,-1,1,4,3,-1,3,4,5,-1,4,6,5,-1,5,6,7,-1,6,8,7,-1,7,8,9,-1,8,10,9,-1,9,10,11,-1,10,0,11,-1,11,0,2,-1,8,6,10,-1,10,6,4,-1,10,4,0,-1,0,4,1,-1,12,13,14,-1,14,13,15,-1,15,13,16,-1,17,18,19,-1,17,19,20,-1,20,19,21,-1,20,21,16,-1,16,21,22,-1,16,22,15,-1,23,24,25,-1,23,25,26,-1,26,25,27,-1,26,27,28,-1,28,27,29,-1,28,29,30,-1,30,29,31,-1,30,31,32,-1,32,31,33,-1,32,33,34,-1,34,33,35,-1,34,35,36,-1,36,35,17,-1,17,35,37,-1,17,37,18,-1,38,39,40,-1,40,39,41,-1,41,42,40,-1,40,42,43,-1,40,43,44,-1,44,43,45,-1,44,45,46,-1,46,45,47,-1,46,47,48,-1,48,47,49,-1,48,49,50,-1,50,49,51,-1,50,51,52,-1,52,51,24,-1,52,24,23,-1,39,38,53,-1,53,38,54,-1,53,54,55,-1,55,54,56,-1,55,56,57,-1,56,58,57,-1,57,58,59,-1,60,61,62,-1,60,62,63,-1,63,62,59,-1,63,59,58,-1,64,65,66,-1,64,66,67,-1,67,66,68,-1,67,68,69,-1,69,68,70,-1,69,70,71,-1,71,70,72,-1,71,72,73,-1,73,72,74,-1,73,74,75,-1,75,74,76,-1,75,76,77,-1,77,76,61,-1,77,61,60,-1,78,79,80,-1,78,80,81,-1,81,80,82,-1,81,82,83,-1,83,82,84,-1,83,84,85,-1,85,84,86,-1,85,86,87,-1,87,86,88,-1,87,88,89,-1,89,88,90,-1,89,90,91,-1,91,90,65,-1,91,65,64,-1,12,14,92,-1,12,92,93,-1,93,92,94,-1,93,94,95,-1,95,94,79,-1,95,79,78,-1,81,17,78,-1,78,17,20,-1,78,20,95,-1,95,20,16,-1,95,16,93,-1,93,16,13,-1,93,13,12,-1,58,56,63,-1,63,56,54,-1,63,54,60,-1,60,54,38,-1,60,38,77,-1,77,38,40,-1,77,40,75,-1,75,40,44,-1,75,44,73,-1,73,44,46,-1,73,46,71,-1,71,46,48,-1,71,48,69,-1,69,48,50,-1,69,50,67,-1,67,50,52,-1,67,52,64,-1,64,52,23,-1,64,23,91,-1,91,23,26,-1,91,26,89,-1,89,26,28,-1,89,28,87,-1,87,28,30,-1,87,30,85,-1,85,30,32,-1,85,32,83,-1,83,32,34,-1,83,34,81,-1,81,34,36,-1,81,36,17,-1,96,97,98,-1,98,97,99,-1,97,100,99,-1,99,100,101,-1,100,102,101,-1,101,102,103,-1,102,104,103,-1,103,104,105,-1,104,106,105,-1,105,106,107,-1,106,108,107,-1,107,108,109,-1,108,110,109,-1,109,110,111,-1,110,112,111,-1,111,112,113,-1,112,114,113,-1,113,114,115,-1,114,116,115,-1,115,116,117,-1,116,118,117,-1,117,118,119,-1,118,96,119,-1,119,96,98,-1,100,97,96,-1,96,118,100,-1,100,118,116,-1,100,116,102,-1,106,104,108,-1,108,104,102,-1,108,102,110,-1,110,102,116,-1,110,116,112,-1,112,116,114,-1,120,121,122,-1,122,121,123,-1,121,124,123,-1,123,124,125,-1,124,126,125,-1,125,126,127,-1,128,129,130,-1,128,130,131,-1,131,130,132,-1,131,132,133,-1,133,132,134,-1,133,134,135,-1,135,134,136,-1,135,136,137,-1,137,136,138,-1,137,138,139,-1,139,138,140,-1,139,140,141,-1,141,140,142,-1,141,142,143,-1,143,142,127,-1,143,127,126,-1,120,122,144,-1,120,144,145,-1,145,144,146,-1,145,146,147,-1,147,146,148,-1,147,148,149,-1,149,148,150,-1,149,150,151,-1,151,150,152,-1,151,152,153,-1,153,152,154,-1,153,154,155,-1,155,154,129,-1,155,129,128,-1,133,135,156,-1,156,135,137,-1,156,137,157,-1,157,137,139,-1,157,139,158,-1,158,139,141,-1,158,141,159,-1,159,141,143,-1,159,143,160,-1,160,143,126,-1,160,126,161,-1,161,126,124,-1,161,124,162,-1,162,124,121,-1,162,121,163,-1,163,121,120,-1,163,120,164,-1,164,120,145,-1,164,145,165,-1,165,145,147,-1,165,147,166,-1,166,147,149,-1,166,149,167,-1,167,149,151,-1,167,151,168,-1,168,151,153,-1,168,153,169,-1,169,153,155,-1,169,155,170,-1,170,155,128,-1,170,128,171,-1,171,128,131,-1,171,131,172,-1,172,131,133,-1,172,133,156,-1,160,161,173,-1,173,161,174,-1,160,173,175,-1,160,175,159,-1,159,175,176,-1,159,176,158,-1,158,176,177,-1,158,177,157,-1,157,177,178,-1,157,178,156,-1,156,178,179,-1,156,179,172,-1,172,179,180,-1,172,180,171,-1,171,180,181,-1,171,181,170,-1,170,181,182,-1,170,182,169,-1,169,182,183,-1,169,183,168,-1,168,183,184,-1,168,184,167,-1,167,184,185,-1,167,185,166,-1,166,185,186,-1,166,186,165,-1,165,186,187,-1,165,187,164,-1,164,187,188,-1,164,188,163,-1,162,163,189,-1,189,163,188,-1,161,162,174,-1,174,162,189,-1,
        ]
    }
}
Shape{
    appearance Appearance {
        material  Material 	{
            diffuseColor 0.047058823529411764 0.2235294117647059 0.0
            specularColor 0.058823529411764705 0.2784313725490196 0.0
            ambientIntensity 0.2
            transparency 0
            shininess 0.5
        }
    }
    geometry IndexedFaceSet {
        ccw TRUE
        solid FALSE
        coord DEF co Coordinate {
            point [
                0.044 0.0399 -0.1969, 0.044 -0.0523 -0.1969, 0.0266 0.0399 -0.1969, 0.0273 -0.0523 -0.1969, 0.0148 -0.0512 -0.1969, -0.0193 -0.0051 -0.1969, -0.0183 0.0067 -0.1969, -0.0156 0.016 -0.1969, 0.0126 0.0384 -0.1969, 0.0049 -0.0481 -0.1969, -0.0032 -0.0433 -0.1969, -0.0098 -0.0367 -0.1969, -0.0148 -0.0286 -0.1969, -0.0183 -0.0175 -0.1969, -0.0115 0.0233 -0.1969, -0.0057 0.0294 -0.1969, 0.0029 0.035 -0.1969, 0.0029 0.035 -0.1969
            ]
        }
        coordIndex [
            0,1,2,-1,2,1,3,-1,2,3,4,-1,5,6,2,-1,2,6,7,-1,2,7,8,-1,4,9,2,-1,2,9,10,-1,2,10,11,-1,11,12,2,-1,2,12,13,-1,2,13,5,-1,14,15,7,-1,7,15,16,-1,7,16,8,-1,
        ]
    }
}
Shape{
    appearance Appearance {
        material  Material 	{
            diffuseColor 0.4 0.4 0.4
            specularColor 0.5019607843137255 0.5019607843137255 0.5019607843137255
            ambientIntensity 0.2
            transparency 0
            shininess 0.5
        }
    }
    geometry IndexedFaceSet {
        ccw TRUE
        solid FALSE
        coord DEF co Coordinate {
            point [
                -0.1043 0.0528 -0.1929, -0.1504 -0.0653 -0.1929, -0.1043 0.0528 -0.1969, -0.1504 -0.0653 -0.1969, -0.1331 -0.0653 -0.1929, -0.1331 -0.0653 -0.1969, -0.1212 -0.0322 -0.1929, -0.1212 -0.0322 -0.1969, -0.0724 -0.0322 -0.1929, -0.0724 -0.0322 -0.1969, -0.0611 -0.0653 -0.1929, -0.0611 -0.0653 -0.1969, -0.0438 -0.0653 -0.1929, -0.0438 -0.0653 -0.1969, -0.0885 0.0528 -0.1929, -0.0885 0.0528 -0.1969, -0.0764 -0.0192 -0.1929, -0.1159 -0.0192 -0.1929, -0.094 0.0301 -0.1929, -0.0951 0.0342 -0.1929, -0.0959 0.0384 -0.1929, -0.0963 0.0384 -0.1929, -0.097 0.0342 -0.1929, -0.0981 0.0301 -0.1929, -0.0764 -0.0192 -0.1969, -0.1159 -0.0192 -0.1969, -0.094 0.0301 -0.1969, -0.0951 0.0342 -0.1969, -0.0959 0.0384 -0.1969, -0.0963 0.0384 -0.1969, -0.097 0.0342 -0.1969, -0.0981 0.0301 -0.1969, -0.0981 0.0301 -0.1969
            ]
        }
        coordIndex [
            0,1,2,-1,2,1,3,-1,1,4,3,-1,3,4,5,-1,4,6,5,-1,5,6,7,-1,6,8,7,-1,7,8,9,-1,8,10,9,-1,9,10,11,-1,10,12,11,-1,11,12,13,-1,12,14,13,-1,13,14,15,-1,14,0,15,-1,15,0,2,-1,16,8,17,-1,17,8,6,-1,18,14,16,-1,16,14,12,-1,16,12,8,-1,8,12,10,-1,18,19,14,-1,14,19,20,-1,14,20,0,-1,0,20,21,-1,0,21,22,-1,22,23,0,-1,0,23,17,-1,0,17,1,-1,1,17,6,-1,1,6,4,-1,16,17,24,-1,24,17,25,-1,18,16,26,-1,26,16,24,-1,18,26,27,-1,18,27,19,-1,19,27,28,-1,19,28,20,-1,21,20,29,-1,29,20,28,-1,21,29,30,-1,21,30,22,-1,22,30,31,-1,22,31,23,-1,17,23,25,-1,25,23,31,-1,
        ]
    }
}
Shape{
    appearance Appearance {
        material  Material 	{
            diffuseColor 0.047058823529411764 0.2235294117647059 0.0
            specularColor 0.058823529411764705 0.2784313725490196 0.0
            ambientIntensity 0.2
            transparency 0
            shininess 0.5
        }
    }
    geometry IndexedFaceSet {
        ccw TRUE
        solid FALSE
        coord DEF co Coordinate {
            point [
                -0.0764 -0.0192 -0.1969, -0.1159 -0.0192 -0.1969, -0.094 0.0301 -0.1969, -0.0981 0.0301 -0.1969, -0.0951 0.0342 -0.1969, -0.097 0.0342 -0.1969, -0.0959 0.0384 -0.1969, -0.0963 0.0384 -0.1969, -0.0963 0.0384 -0.1969
            ]
        }
        coordIndex [
            0,1,2,-1,2,1,3,-1,2,3,4,-1,4,3,5,-1,4,5,6,-1,6,5,7,-1,
        ]
    }
}
Shape{
    appearance Appearance {
        material  Material 	{
            diffuseColor 0.792156862745098 0.5882352941176471 0.41568627450980394
            specularColor 0.9882352941176471 0.7372549019607844 0.5176470588235295
            ambientIntensity 0.2
            transparency 0
            shininess 0.5
        }
    }
    geometry IndexedFaceSet {
        ccw TRUE
        solid FALSE
        coord DEF co Coordinate {
            point [
                -2.25 1.8539 -0.1929, -2.4093 1.7725 -0.1929, -2.25 1.8539 -0.1969, -2.4093 1.7725 -0.1969, -2.25 1.691 -0.1929, -2.25 1.691 -0.1969, -2.25 1.691 -0.1969
            ]
        }
        coordIndex [
            0,1,2,-1,2,1,3,-1,1,4,3,-1,3,4,5,-1,4,0,5,-1,5,0,2,-1,0,4,1,-1,
        ]
    }
}