#VRML V2.0 utf8
# 3D model generated by easyeda2kicad.py (https://github.com/uPesy/easyeda2kicad.py)

Shape{
    appearance Appearance {
        material  Material 	{
            diffuseColor 0.25098039215686274 0.25098039215686274 0.25098039215686274
            specularColor 0.12549019607843137 0.12549019607843137 0.12549019607843137
            ambientIntensity 0.2
            transparency 0
            shininess 0.5
        }
    }
    geometry IndexedFaceSet {
        ccw TRUE
        solid FALSE
        coord DEF co Coordinate {
            point [
                -0.3179 -0.3967 0.0, 0.3179 -0.3967 0.0, -0.3179 0.3967 0.0, 0.3179 0.3967 0.0, -0.3179 0.3967 -0.1181, -0.3179 0.2362 -0.1181, -0.3179 0.0787 -0.1181, -0.3179 -0.0787 -0.1181, -0.3179 -0.2362 -0.1181, -0.3179 -0.3763 -0.1181, -0.3179 -0.3967 -0.1181, 0.1575 -0.3967 -0.1181, 0.3179 -0.3967 -0.1181, -0.2975 -0.3967 -0.1181, -0.1575 -0.3967 -0.1181, 0.0 -0.3967 -0.1181, 0.3179 0.2362 -0.1181, 0.3179 0.3967 -0.1181, 0.3179 -0.3763 -0.1181, 0.3179 -0.2362 -0.1181, 0.3179 -0.0787 -0.1181, 0.3179 0.0787 -0.1181, -0.2975 0.3967 -0.1181, 0.1575 0.3967 -0.1181, 0.0 0.3967 -0.1181, -0.1575 0.3967 -0.1181, -0.1182 0.1684 -0.1181, -0.1196 0.1597 -0.1181, -0.1575 0.2362 -0.1181, 0.0393 0.011 -0.1181, 0.0379 0.0022 -0.1181, 0.0 0.0787 -0.1181, -0.1182 -0.1465 -0.1181, -0.1196 -0.1553 -0.1181, -0.1575 -0.0787 -0.1181, -0.2975 -0.3763 -0.1181, -0.1575 -0.3763 -0.1181, 0.0 -0.3763 -0.1181, 0.1575 -0.3763 -0.1181, 0.1982 -0.3301 -0.1181, 0.2023 -0.3379 -0.1181, 0.2081 -0.3447 -0.1181, 0.2151 -0.35 -0.1181, 0.2231 -0.3538 -0.1181, 0.2573 -0.35 -0.1181, 0.2644 -0.3447 -0.1181, 0.2701 -0.3379 -0.1181, 0.2743 -0.3301 -0.1181, 0.2757 -0.304 -0.1181, 0.2724 -0.2958 -0.1181, 0.2674 -0.2885 -0.1181, 0.261 -0.2824 -0.1181, 0.1575 -0.2362 -0.1181, 0.2274 -0.275 -0.1181, 0.219 -0.2778 -0.1181, 0.2114 -0.2824 -0.1181, 0.205 -0.2885 -0.1181, 0.2 -0.2958 -0.1181, 0.1968 -0.304 -0.1181, 0.1953 -0.3127 -0.1181, 0.1958 -0.3216 -0.1181, 0.2318 -0.3557 -0.1181, 0.2406 -0.3557 -0.1181, 0.2493 -0.3538 -0.1181, 0.2766 -0.3216 -0.1181, 0.2772 -0.315 -0.1181, 0.2771 -0.3127 -0.1181, 0.2534 -0.2778 -0.1181, 0.245 -0.275 -0.1181, 0.2362 -0.274 -0.1181, 0.1182 -0.304 -0.1181, 0.1149 -0.2958 -0.1181, 0.0407 -0.3301 -0.1181, 0.0449 -0.3379 -0.1181, 0.0506 -0.3447 -0.1181, 0.0576 -0.35 -0.1181, 0.0918 -0.3538 -0.1181, 0.0998 -0.35 -0.1181, 0.0615 -0.2778 -0.1181, 0.054 -0.2824 -0.1181, 0.0 -0.2362 -0.1181, 0.0475 -0.2885 -0.1181, 0.0426 -0.2958 -0.1181, 0.0393 -0.304 -0.1181, 0.0379 -0.3127 -0.1181, 0.0383 -0.3216 -0.1181, 0.1069 -0.3447 -0.1181, 0.1126 -0.3379 -0.1181, 0.1168 -0.3301 -0.1181, 0.1099 -0.2885 -0.1181, 0.1035 -0.2824 -0.1181, 0.0959 -0.2778 -0.1181, 0.0875 -0.275 -0.1181, 0.0787 -0.274 -0.1181, 0.0699 -0.275 -0.1181, 0.0657 -0.3538 -0.1181, 0.0743 -0.3557 -0.1181, 0.0832 -0.3557 -0.1181, 0.1191 -0.3216 -0.1181, 0.1197 -0.315 -0.1181, 0.1196 -0.3127 -0.1181, -0.0657 -0.3538 -0.1181, -0.0576 -0.35 -0.1181, -0.1149 -0.2958 -0.1181, -0.1182 -0.304 -0.1181, -0.1575 -0.2362 -0.1181, -0.1196 -0.3127 -0.1181, -0.1191 -0.3216 -0.1181, -0.1168 -0.3301 -0.1181, -0.1126 -0.3379 -0.1181, -0.1069 -0.3447 -0.1181, -0.0998 -0.35 -0.1181, -0.0918 -0.3538 -0.1181, -0.0832 -0.3557 -0.1181, -0.0743 -0.3557 -0.1181, -0.0393 -0.304 -0.1181, -0.0426 -0.2958 -0.1181, -0.0506 -0.3447 -0.1181, -0.0449 -0.3379 -0.1181, -0.0407 -0.3301 -0.1181, -0.0475 -0.2885 -0.1181, -0.054 -0.2824 -0.1181, -0.0615 -0.2778 -0.1181, -0.0959 -0.2778 -0.1181, -0.1035 -0.2824 -0.1181, -0.1099 -0.2885 -0.1181, -0.0699 -0.275 -0.1181, -0.0787 -0.274 -0.1181, -0.0875 -0.275 -0.1181, -0.0383 -0.3216 -0.1181, -0.0378 -0.315 -0.1181, -0.0379 -0.3127 -0.1181, -0.2743 -0.3301 -0.1181, -0.2701 -0.3379 -0.1181, -0.2644 -0.3447 -0.1181, -0.2573 -0.35 -0.1181, -0.2493 -0.3538 -0.1181, -0.2151 -0.35 -0.1181, -0.2081 -0.3447 -0.1181, -0.2023 -0.3379 -0.1181, -0.1982 -0.3301 -0.1181, -0.1968 -0.304 -0.1181, -0.2 -0.2958 -0.1181, -0.205 -0.2885 -0.1181, -0.2114 -0.2824 -0.1181, -0.2975 -0.2362 -0.1181, -0.245 -0.275 -0.1181, -0.2534 -0.2778 -0.1181, -0.261 -0.2824 -0.1181, -0.2674 -0.2885 -0.1181, -0.2724 -0.2958 -0.1181, -0.2757 -0.304 -0.1181, -0.2771 -0.3127 -0.1181, -0.2766 -0.3216 -0.1181, -0.2406 -0.3557 -0.1181, -0.2318 -0.3557 -0.1181, -0.2231 -0.3538 -0.1181, -0.1958 -0.3216 -0.1181, -0.1953 -0.315 -0.1181, -0.1953 -0.3127 -0.1181, -0.219 -0.2778 -0.1181, -0.2274 -0.275 -0.1181, -0.2362 -0.274 -0.1181, 0.1982 -0.1726 -0.1181, 0.2023 -0.1805 -0.1181, 0.2081 -0.1872 -0.1181, 0.2151 -0.1926 -0.1181, 0.2493 -0.1963 -0.1181, 0.2573 -0.1926 -0.1181, 0.205 -0.131 -0.1181, 0.2 -0.1383 -0.1181, 0.1575 -0.0787 -0.1181, 0.2757 -0.1465 -0.1181, 0.2724 -0.1383 -0.1181, 0.2674 -0.131 -0.1181, 0.261 -0.1249 -0.1181, 0.1968 -0.1465 -0.1181, 0.1953 -0.1553 -0.1181, 0.1958 -0.1641 -0.1181, 0.2644 -0.1872 -0.1181, 0.2701 -0.1805 -0.1181, 0.2743 -0.1726 -0.1181, 0.2274 -0.1175 -0.1181, 0.219 -0.1203 -0.1181, 0.2114 -0.1249 -0.1181, 0.2231 -0.1963 -0.1181, 0.2318 -0.1982 -0.1181, 0.2406 -0.1982 -0.1181, 0.2766 -0.1641 -0.1181, 0.2772 -0.1575 -0.1181, 0.2771 -0.1553 -0.1181, 0.2534 -0.1203 -0.1181, 0.245 -0.1175 -0.1181, 0.2362 -0.1165 -0.1181, 0.0918 -0.1963 -0.1181, 0.0998 -0.1926 -0.1181, 0.0787 -0.1165 -0.1181, 0.0699 -0.1175 -0.1181, 0.0 -0.0787 -0.1181, 0.0379 -0.1553 -0.1181, 0.0383 -0.1641 -0.1181, 0.0407 -0.1726 -0.1181, 0.0615 -0.1203 -0.1181, 0.054 -0.1249 -0.1181, 0.0475 -0.131 -0.1181, 0.0449 -0.1805 -0.1181, 0.0506 -0.1872 -0.1181, 0.0576 -0.1926 -0.1181, 0.0657 -0.1963 -0.1181, 0.0743 -0.1982 -0.1181, 0.0832 -0.1982 -0.1181, 0.1069 -0.1872 -0.1181, 0.1126 -0.1805 -0.1181, 0.1168 -0.1726 -0.1181, 0.0426 -0.1383 -0.1181, 0.0393 -0.1465 -0.1181, 0.1182 -0.1465 -0.1181, 0.1149 -0.1383 -0.1181, 0.1099 -0.131 -0.1181, 0.1035 -0.1249 -0.1181, 0.0959 -0.1203 -0.1181, 0.0875 -0.1175 -0.1181, 0.1191 -0.1641 -0.1181, 0.1197 -0.1575 -0.1181, 0.1196 -0.1553 -0.1181, -0.0959 -0.1203 -0.1181, -0.1035 -0.1249 -0.1181, -0.1191 -0.1641 -0.1181, -0.1168 -0.1726 -0.1181, -0.1126 -0.1805 -0.1181, -0.1069 -0.1872 -0.1181, -0.0998 -0.1926 -0.1181, -0.0657 -0.1963 -0.1181, -0.0576 -0.1926 -0.1181, -0.1099 -0.131 -0.1181, -0.1149 -0.1383 -0.1181, -0.0918 -0.1963 -0.1181, -0.0832 -0.1982 -0.1181, -0.0743 -0.1982 -0.1181, -0.0393 -0.1465 -0.1181, -0.0426 -0.1383 -0.1181, -0.0506 -0.1872 -0.1181, -0.0449 -0.1805 -0.1181, -0.0407 -0.1726 -0.1181, -0.0475 -0.131 -0.1181, -0.054 -0.1249 -0.1181, -0.0615 -0.1203 -0.1181, -0.0699 -0.1175 -0.1181, -0.0787 -0.1165 -0.1181, -0.0875 -0.1175 -0.1181, -0.0383 -0.1641 -0.1181, -0.0378 -0.1575 -0.1181, -0.0379 -0.1553 -0.1181, -0.2674 -0.131 -0.1181, -0.2724 -0.1383 -0.1181, -0.2975 -0.0787 -0.1181, -0.2231 -0.1963 -0.1181, -0.2151 -0.1926 -0.1181, -0.2757 -0.1465 -0.1181, -0.2771 -0.1553 -0.1181, -0.2766 -0.1641 -0.1181, -0.2743 -0.1726 -0.1181, -0.2701 -0.1805 -0.1181, -0.2644 -0.1872 -0.1181, -0.2573 -0.1926 -0.1181, -0.2081 -0.1872 -0.1181, -0.2023 -0.1805 -0.1181, -0.1982 -0.1726 -0.1181, -0.245 -0.1175 -0.1181, -0.2534 -0.1203 -0.1181, -0.261 -0.1249 -0.1181, -0.2493 -0.1963 -0.1181, -0.2406 -0.1982 -0.1181, -0.2318 -0.1982 -0.1181, -0.1968 -0.1465 -0.1181, -0.2 -0.1383 -0.1181, -0.205 -0.131 -0.1181, -0.2114 -0.1249 -0.1181, -0.219 -0.1203 -0.1181, -0.2274 -0.1175 -0.1181, -0.2362 -0.1165 -0.1181, -0.1958 -0.1641 -0.1181, -0.1953 -0.1575 -0.1181, -0.1953 -0.1553 -0.1181, 0.2493 -0.0388 -0.1181, 0.2573 -0.0351 -0.1181, 0.2644 -0.0297 -0.1181, 0.2701 -0.023 -0.1181, 0.2743 -0.0152 -0.1181, 0.1982 -0.0152 -0.1181, 0.2023 -0.023 -0.1181, 0.2081 -0.0297 -0.1181, 0.2151 -0.0351 -0.1181, 0.205 0.0265 -0.1181, 0.2 0.0192 -0.1181, 0.1575 0.0787 -0.1181, 0.2766 -0.0066 -0.1181, 0.2772 0.0 -0.1181, 0.2771 0.0022 -0.1181, 0.2757 0.011 -0.1181, 0.2724 0.0192 -0.1181, 0.2674 0.0265 -0.1181, 0.261 0.0326 -0.1181, 0.1968 0.011 -0.1181, 0.1953 0.0022 -0.1181, 0.1958 -0.0066 -0.1181, 0.2231 -0.0388 -0.1181, 0.2318 -0.0407 -0.1181, 0.2406 -0.0407 -0.1181, 0.2274 0.04 -0.1181, 0.219 0.0372 -0.1181, 0.2114 0.0326 -0.1181, 0.2534 0.0372 -0.1181, 0.245 0.04 -0.1181, 0.2362 0.0409 -0.1181, 0.0407 -0.0152 -0.1181, 0.0449 -0.023 -0.1181, 0.0383 -0.0066 -0.1181, 0.0615 0.0372 -0.1181, 0.054 0.0326 -0.1181, 0.0506 -0.0297 -0.1181, 0.0576 -0.0351 -0.1181, 0.0657 -0.0388 -0.1181, 0.1182 0.011 -0.1181, 0.1149 0.0192 -0.1181, 0.1099 0.0265 -0.1181, 0.1035 0.0326 -0.1181, 0.0699 0.04 -0.1181, 0.0475 0.0265 -0.1181, 0.0426 0.0192 -0.1181, 0.0743 -0.0407 -0.1181, 0.0832 -0.0407 -0.1181, 0.0918 -0.0388 -0.1181, 0.0998 -0.0351 -0.1181, 0.1069 -0.0297 -0.1181, 0.1126 -0.023 -0.1181, 0.1168 -0.0152 -0.1181, 0.1191 -0.0066 -0.1181, 0.1197 0.0 -0.1181, 0.1196 0.0022 -0.1181, 0.0959 0.0372 -0.1181, 0.0875 0.04 -0.1181, 0.0787 0.0409 -0.1181, -0.1575 0.0787 -0.1181, -0.1196 0.0022 -0.1181, -0.1191 -0.0066 -0.1181, -0.1168 -0.0152 -0.1181, -0.1126 -0.023 -0.1181, -0.1069 -0.0297 -0.1181, -0.0998 -0.0351 -0.1181, -0.0918 -0.0388 -0.1181, -0.0393 0.011 -0.1181, -0.0426 0.0192 -0.1181, -0.0475 0.0265 -0.1181, -0.054 0.0326 -0.1181, -0.0832 -0.0407 -0.1181, -0.0875 0.04 -0.1181, -0.0959 0.0372 -0.1181, -0.1035 0.0326 -0.1181, -0.1099 0.0265 -0.1181, -0.0743 -0.0407 -0.1181, -0.0657 -0.0388 -0.1181, -0.0576 -0.0351 -0.1181, -0.0506 -0.0297 -0.1181, -0.0449 -0.023 -0.1181, -0.0407 -0.0152 -0.1181, -0.0383 -0.0066 -0.1181, -0.0378 -0.0 -0.1181, -0.0379 0.0022 -0.1181, -0.1149 0.0192 -0.1181, -0.1182 0.011 -0.1181, -0.0615 0.0372 -0.1181, -0.0699 0.04 -0.1181, -0.0787 0.0409 -0.1181, -0.2743 -0.0152 -0.1181, -0.2701 -0.023 -0.1181, -0.2644 -0.0297 -0.1181, -0.2573 -0.0351 -0.1181, -0.2231 -0.0388 -0.1181, -0.2151 -0.0351 -0.1181, -0.2081 -0.0297 -0.1181, -0.2023 -0.023 -0.1181, -0.1982 -0.0152 -0.1181, -0.2674 0.0265 -0.1181, -0.2724 0.0192 -0.1181, -0.2975 0.0787 -0.1181, -0.2757 0.011 -0.1181, -0.2771 0.0022 -0.1181, -0.2766 -0.0066 -0.1181, -0.1968 0.011 -0.1181, -0.2 0.0192 -0.1181, -0.205 0.0265 -0.1181, -0.2114 0.0326 -0.1181, -0.2493 -0.0388 -0.1181, -0.2406 -0.0407 -0.1181, -0.2318 -0.0407 -0.1181, -0.1958 -0.0066 -0.1181, -0.1953 -0.0 -0.1181, -0.1953 0.0022 -0.1181, -0.245 0.04 -0.1181, -0.2534 0.0372 -0.1181, -0.261 0.0326 -0.1181, -0.219 0.0372 -0.1181, -0.2274 0.04 -0.1181, -0.2362 0.0409 -0.1181, 0.2274 0.1975 -0.1181, 0.219 0.1946 -0.1181, 0.1575 0.2362 -0.1181, 0.2493 0.1187 -0.1181, 0.2573 0.1224 -0.1181, 0.2644 0.1278 -0.1181, 0.2701 0.1345 -0.1181, 0.2743 0.1423 -0.1181, 0.2757 0.1684 -0.1181, 0.2724 0.1767 -0.1181, 0.2674 0.184 -0.1181, 0.261 0.1901 -0.1181, 0.2114 0.1901 -0.1181, 0.205 0.184 -0.1181, 0.2 0.1767 -0.1181, 0.1982 0.1423 -0.1181, 0.2023 0.1345 -0.1181, 0.2081 0.1278 -0.1181, 0.2151 0.1224 -0.1181, 0.2231 0.1187 -0.1181, 0.2318 0.1168 -0.1181, 0.2406 0.1168 -0.1181, 0.2534 0.1946 -0.1181, 0.245 0.1975 -0.1181, 0.2362 0.1984 -0.1181, 0.1968 0.1684 -0.1181, 0.1953 0.1597 -0.1181, 0.1958 0.1509 -0.1181, 0.2766 0.1509 -0.1181, 0.2772 0.1575 -0.1181, 0.2771 0.1597 -0.1181, 0.0699 0.1975 -0.1181, 0.0615 0.1946 -0.1181, 0.0 0.2362 -0.1181, 0.054 0.1901 -0.1181, 0.0475 0.184 -0.1181, 0.0426 0.1767 -0.1181, 0.0918 0.1187 -0.1181, 0.0998 0.1224 -0.1181, 0.1069 0.1278 -0.1181, 0.1126 0.1345 -0.1181, 0.1168 0.1423 -0.1181, 0.0393 0.1684 -0.1181, 0.0379 0.1597 -0.1181, 0.0383 0.1509 -0.1181, 0.0407 0.1423 -0.1181, 0.0449 0.1345 -0.1181, 0.0506 0.1278 -0.1181, 0.0576 0.1224 -0.1181, 0.0657 0.1187 -0.1181, 0.0743 0.1168 -0.1181, 0.0832 0.1168 -0.1181, 0.1182 0.1684 -0.1181, 0.1149 0.1767 -0.1181, 0.1099 0.184 -0.1181, 0.1035 0.1901 -0.1181, 0.0959 0.1946 -0.1181, 0.0875 0.1975 -0.1181, 0.0787 0.1984 -0.1181, 0.1191 0.1509 -0.1181, 0.1197 0.1575 -0.1181, 0.1196 0.1597 -0.1181, -0.1191 0.1509 -0.1181, -0.1168 0.1423 -0.1181, -0.0657 0.1187 -0.1181, -0.0576 0.1224 -0.1181, -0.1126 0.1345 -0.1181, -0.1069 0.1278 -0.1181, -0.0998 0.1224 -0.1181, -0.0959 0.1946 -0.1181, -0.1035 0.1901 -0.1181, -0.0506 0.1278 -0.1181, -0.0449 0.1345 -0.1181, -0.0407 0.1423 -0.1181, -0.0615 0.1946 -0.1181, -0.0699 0.1975 -0.1181, -0.0787 0.1984 -0.1181, -0.0875 0.1975 -0.1181, -0.1099 0.184 -0.1181, -0.1149 0.1767 -0.1181, -0.0918 0.1187 -0.1181, -0.0832 0.1168 -0.1181, -0.0743 0.1168 -0.1181, -0.0393 0.1684 -0.1181, -0.0426 0.1767 -0.1181, -0.0475 0.184 -0.1181, -0.054 0.1901 -0.1181, -0.0383 0.1509 -0.1181, -0.0378 0.1575 -0.1181, -0.0379 0.1597 -0.1181, -0.245 0.1975 -0.1181, -0.2534 0.1946 -0.1181, -0.2975 0.2362 -0.1181, -0.2231 0.1187 -0.1181, -0.2151 0.1224 -0.1181, -0.2081 0.1278 -0.1181, -0.2023 0.1345 -0.1181, -0.1982 0.1423 -0.1181, -0.1968 0.1684 -0.1181, -0.2 0.1767 -0.1181, -0.205 0.184 -0.1181, -0.2114 0.1901 -0.1181, -0.261 0.1901 -0.1181, -0.2674 0.184 -0.1181, -0.2724 0.1767 -0.1181, -0.2743 0.1423 -0.1181, -0.2701 0.1345 -0.1181, -0.2644 0.1278 -0.1181, -0.2573 0.1224 -0.1181, -0.2493 0.1187 -0.1181, -0.2406 0.1168 -0.1181, -0.2318 0.1168 -0.1181, -0.219 0.1946 -0.1181, -0.2274 0.1975 -0.1181, -0.2362 0.1984 -0.1181, -0.2757 0.1684 -0.1181, -0.2771 0.1597 -0.1181, -0.2766 0.1509 -0.1181, -0.1958 0.1509 -0.1181, -0.1953 0.1575 -0.1181, -0.1953 0.1597 -0.1181, 0.205 0.3415 -0.1181, 0.2 0.3341 -0.1181, 0.2701 0.292 -0.1181, 0.2743 0.2998 -0.1181, 0.1968 0.3259 -0.1181, 0.1953 0.3172 -0.1181, 0.1958 0.3083 -0.1181, 0.1982 0.2998 -0.1181, 0.2023 0.292 -0.1181, 0.2081 0.2852 -0.1181, 0.2151 0.2799 -0.1181, 0.2493 0.2762 -0.1181, 0.2573 0.2799 -0.1181, 0.2644 0.2852 -0.1181, 0.2274 0.3549 -0.1181, 0.219 0.3521 -0.1181, 0.2114 0.3476 -0.1181, 0.2757 0.3259 -0.1181, 0.2724 0.3341 -0.1181, 0.2674 0.3415 -0.1181, 0.261 0.3476 -0.1181, 0.2231 0.2762 -0.1181, 0.2318 0.2743 -0.1181, 0.2406 0.2743 -0.1181, 0.2534 0.3521 -0.1181, 0.245 0.3549 -0.1181, 0.2362 0.3559 -0.1181, 0.2766 0.3083 -0.1181, 0.2772 0.315 -0.1181, 0.2771 0.3172 -0.1181, 0.1182 0.3259 -0.1181, 0.1149 0.3341 -0.1181, 0.0407 0.2998 -0.1181, 0.0449 0.292 -0.1181, 0.0506 0.2852 -0.1181, 0.0576 0.2799 -0.1181, 0.0918 0.2762 -0.1181, 0.0998 0.2799 -0.1181, 0.0615 0.3521 -0.1181, 0.054 0.3476 -0.1181, 0.0475 0.3415 -0.1181, 0.0426 0.3341 -0.1181, 0.0393 0.3259 -0.1181, 0.0379 0.3172 -0.1181, 0.0383 0.3083 -0.1181, 0.1069 0.2852 -0.1181, 0.1126 0.292 -0.1181, 0.1168 0.2998 -0.1181, 0.1099 0.3415 -0.1181, 0.1035 0.3476 -0.1181, 0.0959 0.3521 -0.1181, 0.0875 0.3549 -0.1181, 0.0787 0.3559 -0.1181, 0.0699 0.3549 -0.1181, 0.0657 0.2762 -0.1181, 0.0743 0.2743 -0.1181, 0.0832 0.2743 -0.1181, 0.1191 0.3083 -0.1181, 0.1197 0.315 -0.1181, 0.1196 0.3172 -0.1181, -0.054 0.3476 -0.1181, -0.0615 0.3521 -0.1181, -0.0657 0.2762 -0.1181, -0.0576 0.2799 -0.1181, -0.1149 0.3341 -0.1181, -0.1182 0.3259 -0.1181, -0.1196 0.3172 -0.1181, -0.1191 0.3083 -0.1181, -0.1168 0.2998 -0.1181, -0.0393 0.3259 -0.1181, -0.0426 0.3341 -0.1181, -0.0475 0.3415 -0.1181, -0.1126 0.292 -0.1181, -0.1069 0.2852 -0.1181, -0.0998 0.2799 -0.1181, -0.0506 0.2852 -0.1181, -0.0449 0.292 -0.1181, -0.0407 0.2998 -0.1181, -0.0959 0.3521 -0.1181, -0.1035 0.3476 -0.1181, -0.1099 0.3415 -0.1181, -0.0918 0.2762 -0.1181, -0.0832 0.2743 -0.1181, -0.0743 0.2743 -0.1181, -0.0699 0.3549 -0.1181, -0.0787 0.3559 -0.1181, -0.0875 0.3549 -0.1181, -0.0383 0.3083 -0.1181, -0.0378 0.315 -0.1181, -0.0379 0.3172 -0.1181, -0.2023 0.292 -0.1181, -0.1982 0.2998 -0.1181, -0.2743 0.2998 -0.1181, -0.2701 0.292 -0.1181, -0.2644 0.2852 -0.1181, -0.2573 0.2799 -0.1181, -0.1968 0.3259 -0.1181, -0.2 0.3341 -0.1181, -0.205 0.3415 -0.1181, -0.2114 0.3476 -0.1181, -0.245 0.3549 -0.1181, -0.2534 0.3521 -0.1181, -0.261 0.3476 -0.1181, -0.2674 0.3415 -0.1181, -0.2724 0.3341 -0.1181, -0.2757 0.3259 -0.1181, -0.2771 0.3172 -0.1181, -0.2766 0.3083 -0.1181, -0.2231 0.2762 -0.1181, -0.2151 0.2799 -0.1181, -0.2081 0.2852 -0.1181, -0.2493 0.2762 -0.1181, -0.2406 0.2743 -0.1181, -0.2318 0.2743 -0.1181, -0.1958 0.3083 -0.1181, -0.1953 0.315 -0.1181, -0.1953 0.3172 -0.1181, -0.219 0.3521 -0.1181, -0.2274 0.3549 -0.1181, -0.2362 0.3559 -0.1181, -0.2362 0.3559 -0.1181
            ]
        }
        coordIndex [
            0,1,2,-1,2,1,3,-1,4,5,2,-1,2,5,6,-1,2,6,0,-1,0,6,7,-1,7,8,0,-1,0,8,9,-1,0,9,10,-1,11,12,1,-1,10,13,0,-1,0,13,14,-1,0,14,1,-1,1,14,15,-1,1,15,11,-1,16,17,3,-1,1,12,18,-1,18,19,1,-1,1,19,20,-1,1,20,3,-1,3,20,21,-1,3,21,16,-1,22,4,2,-1,17,23,3,-1,3,23,24,-1,3,24,2,-1,2,24,25,-1,2,25,22,-1,26,27,28,-1,29,30,31,-1,32,33,34,-1,13,10,9,-1,13,35,14,-1,14,35,36,-1,14,36,15,-1,15,36,37,-1,15,37,11,-1,11,37,38,-1,11,38,12,-1,12,38,18,-1,38,39,40,-1,40,41,38,-1,38,41,42,-1,38,42,43,-1,44,45,18,-1,18,45,46,-1,18,46,47,-1,48,49,19,-1,19,49,50,-1,19,50,51,-1,52,53,54,-1,54,55,52,-1,52,55,56,-1,52,56,57,-1,57,58,52,-1,52,58,59,-1,52,59,38,-1,38,59,60,-1,38,60,39,-1,43,61,38,-1,38,61,62,-1,38,62,18,-1,18,62,63,-1,18,63,44,-1,47,64,18,-1,18,64,65,-1,18,65,19,-1,19,65,66,-1,19,66,48,-1,51,67,19,-1,19,67,68,-1,19,68,52,-1,52,68,69,-1,52,69,53,-1,52,70,71,-1,72,73,37,-1,37,73,74,-1,37,74,75,-1,76,77,38,-1,78,79,80,-1,80,79,81,-1,80,81,82,-1,82,83,80,-1,80,83,84,-1,80,84,37,-1,37,84,85,-1,37,85,72,-1,77,86,38,-1,38,86,87,-1,38,87,88,-1,71,89,52,-1,52,89,90,-1,52,90,91,-1,91,92,52,-1,52,92,93,-1,52,93,80,-1,80,93,94,-1,80,94,78,-1,75,95,37,-1,37,95,96,-1,37,96,38,-1,38,96,97,-1,38,97,76,-1,88,98,38,-1,38,98,99,-1,38,99,52,-1,52,99,100,-1,52,100,70,-1,101,102,37,-1,103,104,105,-1,105,104,106,-1,105,106,36,-1,36,106,107,-1,36,107,108,-1,108,109,36,-1,36,109,110,-1,36,110,111,-1,111,112,36,-1,36,112,113,-1,36,113,37,-1,37,113,114,-1,37,114,101,-1,80,115,116,-1,102,117,37,-1,37,117,118,-1,37,118,119,-1,116,120,80,-1,80,120,121,-1,80,121,122,-1,123,124,105,-1,105,124,125,-1,105,125,103,-1,122,126,80,-1,80,126,127,-1,80,127,105,-1,105,127,128,-1,105,128,123,-1,119,129,37,-1,37,129,130,-1,37,130,80,-1,80,130,131,-1,80,131,115,-1,35,132,133,-1,133,134,35,-1,35,134,135,-1,35,135,136,-1,137,138,36,-1,36,138,139,-1,36,139,140,-1,141,142,105,-1,105,142,143,-1,105,143,144,-1,145,146,147,-1,147,148,145,-1,145,148,149,-1,145,149,150,-1,150,151,145,-1,145,151,152,-1,145,152,35,-1,35,152,153,-1,35,153,132,-1,136,154,35,-1,35,154,155,-1,35,155,36,-1,36,155,156,-1,36,156,137,-1,140,157,36,-1,36,157,158,-1,36,158,105,-1,105,158,159,-1,105,159,141,-1,144,160,105,-1,105,160,161,-1,105,161,145,-1,145,161,162,-1,145,162,146,-1,163,164,52,-1,52,164,165,-1,52,165,166,-1,167,168,19,-1,169,170,171,-1,172,173,20,-1,20,173,174,-1,20,174,175,-1,170,176,171,-1,171,176,177,-1,171,177,52,-1,52,177,178,-1,52,178,163,-1,168,179,19,-1,19,179,180,-1,19,180,181,-1,182,183,171,-1,171,183,184,-1,171,184,169,-1,166,185,52,-1,52,185,186,-1,52,186,19,-1,19,186,187,-1,19,187,167,-1,181,188,19,-1,19,188,189,-1,19,189,20,-1,20,189,190,-1,20,190,172,-1,175,191,20,-1,20,191,192,-1,20,192,171,-1,171,192,193,-1,171,193,182,-1,194,195,52,-1,196,197,198,-1,198,199,80,-1,80,199,200,-1,80,200,201,-1,197,202,198,-1,198,202,203,-1,198,203,204,-1,201,205,80,-1,80,205,206,-1,80,206,207,-1,207,208,80,-1,80,208,209,-1,80,209,52,-1,52,209,210,-1,52,210,194,-1,195,211,52,-1,52,211,212,-1,52,212,213,-1,204,214,198,-1,198,214,215,-1,198,215,199,-1,216,217,171,-1,171,217,218,-1,218,219,171,-1,171,219,220,-1,171,220,221,-1,213,222,52,-1,52,222,223,-1,52,223,171,-1,171,223,224,-1,171,224,216,-1,225,226,34,-1,34,33,105,-1,105,33,227,-1,105,227,228,-1,228,229,105,-1,105,229,230,-1,105,230,231,-1,232,233,80,-1,226,234,34,-1,34,234,235,-1,34,235,32,-1,231,236,105,-1,105,236,237,-1,105,237,80,-1,80,237,238,-1,80,238,232,-1,198,239,240,-1,233,241,80,-1,80,241,242,-1,80,242,243,-1,240,244,198,-1,198,244,245,-1,198,245,246,-1,247,248,34,-1,34,248,249,-1,34,249,225,-1,243,250,80,-1,80,250,251,-1,80,251,198,-1,198,251,252,-1,198,252,239,-1,253,254,255,-1,256,257,105,-1,254,258,255,-1,255,258,259,-1,255,259,145,-1,145,259,260,-1,145,260,261,-1,261,262,145,-1,145,262,263,-1,145,263,264,-1,257,265,105,-1,105,265,266,-1,105,266,267,-1,268,269,255,-1,255,269,270,-1,255,270,253,-1,264,271,145,-1,145,271,272,-1,145,272,105,-1,105,272,273,-1,105,273,256,-1,274,275,34,-1,34,275,276,-1,34,276,277,-1,277,278,34,-1,34,278,279,-1,34,279,255,-1,255,279,280,-1,255,280,268,-1,267,281,105,-1,105,281,282,-1,105,282,34,-1,34,282,283,-1,34,283,274,-1,20,284,285,-1,285,286,20,-1,20,286,287,-1,20,287,288,-1,289,290,171,-1,171,290,291,-1,171,291,292,-1,293,294,295,-1,288,296,20,-1,20,296,297,-1,20,297,21,-1,21,297,298,-1,21,298,299,-1,299,300,21,-1,21,300,301,-1,21,301,302,-1,294,303,295,-1,295,303,304,-1,295,304,171,-1,171,304,305,-1,171,305,289,-1,292,306,171,-1,171,306,307,-1,171,307,20,-1,20,307,308,-1,20,308,284,-1,309,310,295,-1,295,310,311,-1,295,311,293,-1,302,312,21,-1,21,312,313,-1,21,313,295,-1,295,313,314,-1,295,314,309,-1,315,316,198,-1,31,30,198,-1,198,30,317,-1,198,317,315,-1,318,319,31,-1,316,320,198,-1,198,320,321,-1,198,321,322,-1,323,324,295,-1,295,324,325,-1,295,325,326,-1,318,31,327,-1,319,328,31,-1,31,328,329,-1,31,329,29,-1,322,330,198,-1,198,330,171,-1,198,171,196,-1,196,171,221,-1,330,331,171,-1,171,331,332,-1,171,332,333,-1,333,334,171,-1,171,334,335,-1,171,335,336,-1,336,337,171,-1,171,337,338,-1,171,338,295,-1,295,338,339,-1,295,339,323,-1,326,340,295,-1,295,340,341,-1,295,341,31,-1,31,341,342,-1,31,342,327,-1,34,343,344,-1,344,345,34,-1,34,345,346,-1,34,346,347,-1,347,348,34,-1,34,348,349,-1,34,349,350,-1,351,352,31,-1,31,352,353,-1,31,353,354,-1,350,355,34,-1,34,355,198,-1,34,198,247,-1,247,198,246,-1,356,357,343,-1,343,357,358,-1,343,358,359,-1,355,360,198,-1,198,360,361,-1,198,361,362,-1,362,363,198,-1,198,363,364,-1,198,364,365,-1,365,366,198,-1,198,366,367,-1,198,367,31,-1,31,367,368,-1,31,368,351,-1,359,369,343,-1,343,369,370,-1,343,370,344,-1,354,371,31,-1,31,371,372,-1,31,372,343,-1,343,372,373,-1,343,373,356,-1,374,375,255,-1,255,375,376,-1,255,376,377,-1,34,378,379,-1,379,380,34,-1,34,380,381,-1,34,381,382,-1,383,384,385,-1,384,386,385,-1,385,386,387,-1,385,387,255,-1,255,387,388,-1,255,388,374,-1,389,390,343,-1,343,390,391,-1,343,391,392,-1,377,393,255,-1,255,393,394,-1,255,394,34,-1,34,394,395,-1,34,395,378,-1,382,396,34,-1,34,396,397,-1,34,397,343,-1,343,397,398,-1,343,398,389,-1,399,400,385,-1,385,400,401,-1,385,401,383,-1,392,402,343,-1,343,402,403,-1,343,403,385,-1,385,403,404,-1,385,404,399,-1,405,406,407,-1,21,408,409,-1,409,410,21,-1,21,410,411,-1,21,411,412,-1,413,414,16,-1,16,414,415,-1,16,415,416,-1,406,417,407,-1,407,417,418,-1,407,418,419,-1,420,421,295,-1,295,421,422,-1,295,422,423,-1,423,424,295,-1,295,424,425,-1,295,425,21,-1,21,425,426,-1,21,426,408,-1,416,427,16,-1,16,427,428,-1,16,428,407,-1,407,428,429,-1,407,429,405,-1,419,430,407,-1,407,430,431,-1,407,431,295,-1,295,431,432,-1,295,432,420,-1,412,433,21,-1,21,433,434,-1,21,434,16,-1,16,434,435,-1,16,435,413,-1,436,437,438,-1,437,439,438,-1,438,439,440,-1,438,440,441,-1,295,442,443,-1,443,444,295,-1,295,444,445,-1,295,445,446,-1,441,447,438,-1,438,447,448,-1,438,448,31,-1,31,448,449,-1,31,449,450,-1,450,451,31,-1,31,451,452,-1,31,452,453,-1,453,454,31,-1,31,454,455,-1,31,455,295,-1,295,455,456,-1,295,456,442,-1,457,458,407,-1,407,458,459,-1,407,459,460,-1,460,461,407,-1,407,461,462,-1,407,462,438,-1,438,462,463,-1,438,463,436,-1,446,464,295,-1,295,464,465,-1,295,465,407,-1,407,465,466,-1,407,466,457,-1,28,27,343,-1,343,27,467,-1,343,467,468,-1,469,470,31,-1,468,471,343,-1,343,471,472,-1,343,472,473,-1,474,475,28,-1,470,476,31,-1,31,476,477,-1,31,477,478,-1,479,480,438,-1,438,480,481,-1,438,481,28,-1,28,481,482,-1,28,482,474,-1,475,483,28,-1,28,483,484,-1,28,484,26,-1,473,485,343,-1,343,485,486,-1,343,486,31,-1,31,486,487,-1,31,487,469,-1,438,488,489,-1,489,490,438,-1,438,490,491,-1,438,491,479,-1,478,492,31,-1,31,492,493,-1,31,493,438,-1,438,493,494,-1,438,494,488,-1,495,496,497,-1,343,498,499,-1,499,500,343,-1,343,500,501,-1,343,501,502,-1,503,504,28,-1,28,504,505,-1,28,505,506,-1,496,507,497,-1,497,507,508,-1,497,508,509,-1,510,511,385,-1,385,511,512,-1,385,512,513,-1,513,514,385,-1,385,514,515,-1,385,515,343,-1,343,515,516,-1,343,516,498,-1,506,517,28,-1,28,517,518,-1,28,518,497,-1,497,518,519,-1,497,519,495,-1,509,520,497,-1,497,520,521,-1,497,521,385,-1,385,521,522,-1,385,522,510,-1,502,523,343,-1,343,523,524,-1,343,524,28,-1,28,524,525,-1,28,525,503,-1,526,527,23,-1,528,529,16,-1,527,530,23,-1,23,530,531,-1,23,531,407,-1,407,531,532,-1,407,532,533,-1,533,534,407,-1,407,534,535,-1,407,535,536,-1,537,538,16,-1,16,538,539,-1,16,539,528,-1,540,541,23,-1,23,541,542,-1,23,542,526,-1,543,544,17,-1,17,544,545,-1,17,545,546,-1,536,547,407,-1,407,547,548,-1,407,548,16,-1,16,548,549,-1,16,549,537,-1,546,550,17,-1,17,550,551,-1,17,551,23,-1,23,551,552,-1,23,552,540,-1,529,553,16,-1,16,553,554,-1,16,554,17,-1,17,554,555,-1,17,555,543,-1,23,556,557,-1,558,559,438,-1,438,559,560,-1,438,560,561,-1,562,563,407,-1,564,565,24,-1,24,565,566,-1,24,566,567,-1,567,568,24,-1,24,568,569,-1,24,569,438,-1,438,569,570,-1,438,570,558,-1,563,571,407,-1,407,571,572,-1,407,572,573,-1,557,574,23,-1,23,574,575,-1,23,575,576,-1,576,577,23,-1,23,577,578,-1,23,578,24,-1,24,578,579,-1,24,579,564,-1,561,580,438,-1,438,580,581,-1,438,581,407,-1,407,581,582,-1,407,582,562,-1,573,583,407,-1,407,583,584,-1,407,584,23,-1,23,584,585,-1,23,585,556,-1,586,587,24,-1,588,589,438,-1,590,591,25,-1,25,591,592,-1,25,592,28,-1,28,592,593,-1,28,593,594,-1,595,596,24,-1,24,596,597,-1,24,597,586,-1,594,598,28,-1,28,598,599,-1,28,599,600,-1,589,601,438,-1,438,601,602,-1,438,602,603,-1,604,605,25,-1,25,605,606,-1,25,606,590,-1,600,607,28,-1,28,607,608,-1,28,608,438,-1,438,608,609,-1,438,609,588,-1,587,610,24,-1,24,610,611,-1,24,611,25,-1,25,611,612,-1,25,612,604,-1,603,613,438,-1,438,613,614,-1,438,614,24,-1,24,614,615,-1,24,615,595,-1,616,617,28,-1,618,619,497,-1,497,619,620,-1,497,620,621,-1,622,623,25,-1,25,623,624,-1,25,624,625,-1,22,626,627,-1,627,628,22,-1,22,628,629,-1,22,629,630,-1,630,631,22,-1,22,631,632,-1,22,632,497,-1,497,632,633,-1,497,633,618,-1,634,635,28,-1,28,635,636,-1,28,636,616,-1,621,637,497,-1,497,637,638,-1,497,638,28,-1,28,638,639,-1,28,639,634,-1,617,640,28,-1,28,640,641,-1,28,641,25,-1,25,641,642,-1,25,642,622,-1,625,643,25,-1,25,643,644,-1,25,644,22,-1,22,644,645,-1,22,645,626,-1,13,9,35,-1,35,9,8,-1,35,8,145,-1,145,8,7,-1,145,7,255,-1,255,7,6,-1,255,6,385,-1,385,6,5,-1,385,5,497,-1,497,5,4,-1,497,4,22,-1,
        ]
    }
}
Shape{
    appearance Appearance {
        material  Material 	{
            diffuseColor 1.0 1.0 1.0
            specularColor 0.5019607843137255 0.5019607843137255 0.5019607843137255
            ambientIntensity 0.2
            transparency 0
            shininess 0.5
        }
    }
    geometry IndexedFaceSet {
        ccw TRUE
        solid FALSE
        coord DEF co Coordinate {
            point [
                -0.2409 0.3252 -0.1988, -0.2386 0.3259 -0.1988, -0.2362 0.315 -0.2, -0.243 0.3239 -0.1988, -0.2448 0.3222 -0.1988, -0.2462 0.3202 -0.1988, -0.2471 0.318 -0.1988, -0.2474 0.3156 -0.1988, -0.2473 0.3131 -0.1988, -0.2467 0.3108 -0.1988, -0.2455 0.3087 -0.1988, -0.244 0.3068 -0.1988, -0.242 0.3053 -0.1988, -0.2398 0.3043 -0.1988, -0.2374 0.3038 -0.1988, -0.235 0.3038 -0.1988, -0.2326 0.3043 -0.1988, -0.2304 0.3053 -0.1988, -0.2285 0.3068 -0.1988, -0.2269 0.3087 -0.1988, -0.2258 0.3108 -0.1988, -0.2251 0.3131 -0.1988, -0.225 0.3156 -0.1988, -0.2254 0.318 -0.1988, -0.2263 0.3202 -0.1988, -0.2277 0.3222 -0.1988, -0.2294 0.3239 -0.1988, -0.2315 0.3252 -0.1988, -0.2338 0.3259 -0.1988, -0.2362 0.3262 -0.1988, -0.1953 0.315 -0.1181, -0.1958 0.3083 -0.1181, -0.1901 0.3074 -0.1279, -0.1982 0.2998 -0.1181, -0.1928 0.2977 -0.1279, -0.2023 0.292 -0.1181, -0.1976 0.2888 -0.1279, -0.2081 0.2852 -0.1181, -0.2041 0.2811 -0.1279, -0.2151 0.2799 -0.1181, -0.2121 0.275 -0.1279, -0.2231 0.2762 -0.1181, -0.2213 0.2707 -0.1279, -0.2318 0.2743 -0.1181, -0.2312 0.2685 -0.1279, -0.2406 0.2743 -0.1181, -0.2413 0.2685 -0.1279, -0.2493 0.2762 -0.1181, -0.2511 0.2707 -0.1279, -0.2573 0.2799 -0.1181, -0.2603 0.275 -0.1279, -0.2644 0.2852 -0.1181, -0.2683 0.2811 -0.1279, -0.2701 0.292 -0.1181, -0.2749 0.2888 -0.1279, -0.2743 0.2998 -0.1181, -0.2796 0.2977 -0.1279, -0.2766 0.3083 -0.1181, -0.2823 0.3074 -0.1279, -0.2771 0.3172 -0.1181, -0.2828 0.3175 -0.1279, -0.2757 0.3259 -0.1181, -0.2812 0.3275 -0.1279, -0.2724 0.3341 -0.1181, -0.2775 0.3368 -0.1279, -0.2674 0.3415 -0.1181, -0.2718 0.3452 -0.1279, -0.261 0.3476 -0.1181, -0.2645 0.3521 -0.1279, -0.2534 0.3521 -0.1181, -0.2558 0.3573 -0.1279, -0.245 0.3549 -0.1181, -0.2463 0.3606 -0.1279, -0.2362 0.3559 -0.1181, -0.2362 0.3617 -0.1279, -0.2274 0.3549 -0.1181, -0.2262 0.3606 -0.1279, -0.219 0.3521 -0.1181, -0.2166 0.3573 -0.1279, -0.2114 0.3476 -0.1181, -0.208 0.3521 -0.1279, -0.205 0.3415 -0.1181, -0.2006 0.3452 -0.1279, -0.2 0.3341 -0.1181, -0.195 0.3368 -0.1279, -0.1968 0.3259 -0.1181, -0.1912 0.3275 -0.1279, -0.1953 0.3172 -0.1181, -0.1896 0.3175 -0.1279, -0.247 0.3639 -0.1386, -0.2573 0.3605 -0.1386, -0.2666 0.3549 -0.1386, -0.2744 0.3474 -0.1386, -0.2805 0.3385 -0.1386, -0.2845 0.3284 -0.1386, -0.2863 0.3177 -0.1386, -0.2857 0.3068 -0.1386, -0.2828 0.2964 -0.1386, -0.2777 0.2868 -0.1386, -0.2707 0.2785 -0.1386, -0.2621 0.272 -0.1386, -0.2522 0.2674 -0.1386, -0.2416 0.2651 -0.1386, -0.2308 0.2651 -0.1386, -0.2202 0.2674 -0.1386, -0.2104 0.272 -0.1386, -0.2017 0.2785 -0.1386, -0.1947 0.2868 -0.1386, -0.1896 0.2964 -0.1386, -0.1867 0.3068 -0.1386, -0.1861 0.3177 -0.1386, -0.1879 0.3284 -0.1386, -0.1919 0.3385 -0.1386, -0.198 0.3474 -0.1386, -0.2059 0.3549 -0.1386, -0.2152 0.3605 -0.1386, -0.2254 0.3639 -0.1386, -0.2362 0.3651 -0.1386, -0.2472 0.3649 -0.1499, -0.2577 0.3614 -0.1499, -0.2672 0.3557 -0.1499, -0.2752 0.3481 -0.1499, -0.2814 0.3389 -0.1499, -0.2855 0.3286 -0.1499, -0.2873 0.3177 -0.1499, -0.2867 0.3067 -0.1499, -0.2838 0.296 -0.1499, -0.2786 0.2862 -0.1499, -0.2714 0.2778 -0.1499, -0.2626 0.2711 -0.1499, -0.2526 0.2665 -0.1499, -0.2418 0.2641 -0.1499, -0.2307 0.2641 -0.1499, -0.2199 0.2665 -0.1499, -0.2098 0.2711 -0.1499, -0.201 0.2778 -0.1499, -0.1939 0.2862 -0.1499, -0.1887 0.296 -0.1499, -0.1857 0.3067 -0.1499, -0.1851 0.3177 -0.1499, -0.1869 0.3286 -0.1499, -0.191 0.3389 -0.1499, -0.1972 0.3481 -0.1499, -0.2053 0.3557 -0.1499, -0.2147 0.3614 -0.1499, -0.2252 0.3649 -0.1499, -0.2362 0.3661 -0.1499, -0.2469 0.3635 -0.1611, -0.2571 0.3601 -0.1611, -0.2663 0.3545 -0.1611, -0.2741 0.3471 -0.1611, -0.2801 0.3382 -0.1611, -0.2841 0.3283 -0.1611, -0.2858 0.3177 -0.1611, -0.2853 0.3069 -0.1611, -0.2824 0.2966 -0.1611, -0.2773 0.2871 -0.1611, -0.2704 0.2789 -0.1611, -0.2618 0.2724 -0.1611, -0.2521 0.2679 -0.1611, -0.2416 0.2656 -0.1611, -0.2308 0.2656 -0.1611, -0.2204 0.2679 -0.1611, -0.2106 0.2724 -0.1611, -0.2021 0.2789 -0.1611, -0.1951 0.2871 -0.1611, -0.1901 0.2966 -0.1611, -0.1872 0.3069 -0.1611, -0.1866 0.3177 -0.1611, -0.1883 0.3283 -0.1611, -0.1923 0.3382 -0.1611, -0.1984 0.3471 -0.1611, -0.2062 0.3545 -0.1611, -0.2154 0.3601 -0.1611, -0.2255 0.3635 -0.1611, -0.2362 0.3646 -0.1611, -0.2461 0.3597 -0.1717, -0.2554 0.3565 -0.1717, -0.2639 0.3514 -0.1717, -0.2711 0.3446 -0.1717, -0.2767 0.3364 -0.1717, -0.2803 0.3272 -0.1717, -0.2819 0.3174 -0.1717, -0.2814 0.3076 -0.1717, -0.2787 0.298 -0.1717, -0.2741 0.2893 -0.1717, -0.2677 0.2817 -0.1717, -0.2598 0.2757 -0.1717, -0.2508 0.2716 -0.1717, -0.2412 0.2695 -0.1717, -0.2313 0.2695 -0.1717, -0.2216 0.2716 -0.1717, -0.2126 0.2757 -0.1717, -0.2047 0.2817 -0.1717, -0.1983 0.2893 -0.1717, -0.1937 0.298 -0.1717, -0.191 0.3076 -0.1717, -0.1905 0.3174 -0.1717, -0.1921 0.3272 -0.1717, -0.1958 0.3364 -0.1717, -0.2013 0.3446 -0.1717, -0.2085 0.3514 -0.1717, -0.217 0.3565 -0.1717, -0.2264 0.3597 -0.1717, -0.2362 0.3607 -0.1717, -0.2447 0.3537 -0.1812, -0.2529 0.3509 -0.1812, -0.2602 0.3465 -0.1812, -0.2664 0.3406 -0.1812, -0.2712 0.3335 -0.1812, -0.2744 0.3256 -0.1812, -0.2758 0.3171 -0.1812, -0.2753 0.3085 -0.1812, -0.273 0.3003 -0.1812, -0.269 0.2927 -0.1812, -0.2635 0.2862 -0.1812, -0.2567 0.281 -0.1812, -0.2489 0.2774 -0.1812, -0.2405 0.2756 -0.1812, -0.2319 0.2756 -0.1812, -0.2236 0.2774 -0.1812, -0.2158 0.281 -0.1812, -0.209 0.2862 -0.1812, -0.2034 0.2927 -0.1812, -0.1994 0.3003 -0.1812, -0.1971 0.3085 -0.1812, -0.1966 0.3171 -0.1812, -0.198 0.3256 -0.1812, -0.2012 0.3335 -0.1812, -0.206 0.3406 -0.1812, -0.2122 0.3465 -0.1812, -0.2196 0.3509 -0.1812, -0.2277 0.3537 -0.1812, -0.2362 0.3546 -0.1812, -0.243 0.3458 -0.1891, -0.2495 0.3436 -0.1891, -0.2553 0.3401 -0.1891, -0.2603 0.3354 -0.1891, -0.2641 0.3297 -0.1891, -0.2666 0.3234 -0.1891, -0.2677 0.3167 -0.1891, -0.2674 0.3099 -0.1891, -0.2655 0.3033 -0.1891, -0.2623 0.2973 -0.1891, -0.2579 0.2921 -0.1891, -0.2525 0.2879 -0.1891, -0.2463 0.2851 -0.1891, -0.2396 0.2836 -0.1891, -0.2328 0.2836 -0.1891, -0.2261 0.2851 -0.1891, -0.22 0.2879 -0.1891, -0.2145 0.2921 -0.1891, -0.2101 0.2973 -0.1891, -0.2069 0.3033 -0.1891, -0.2051 0.3099 -0.1891, -0.2047 0.3167 -0.1891, -0.2058 0.3234 -0.1891, -0.2083 0.3297 -0.1891, -0.2122 0.3354 -0.1891, -0.2171 0.3401 -0.1891, -0.223 0.3436 -0.1891, -0.2294 0.3458 -0.1891, -0.2362 0.3465 -0.1891, -0.2409 0.3364 -0.1951, -0.2454 0.3349 -0.1951, -0.2495 0.3324 -0.1951, -0.2529 0.3292 -0.1951, -0.2556 0.3252 -0.1951, -0.2574 0.3208 -0.1951, -0.2581 0.3161 -0.1951, -0.2579 0.3114 -0.1951, -0.2566 0.3068 -0.1951, -0.2544 0.3027 -0.1951, -0.2513 0.299 -0.1951, -0.2475 0.2962 -0.1951, -0.2432 0.2942 -0.1951, -0.2386 0.2932 -0.1951, -0.2338 0.2932 -0.1951, -0.2292 0.2942 -0.1951, -0.2249 0.2962 -0.1951, -0.2211 0.299 -0.1951, -0.2181 0.3027 -0.1951, -0.2158 0.3068 -0.1951, -0.2146 0.3114 -0.1951, -0.2143 0.3161 -0.1951, -0.2151 0.3208 -0.1951, -0.2168 0.3252 -0.1951, -0.2195 0.3292 -0.1951, -0.2229 0.3324 -0.1951, -0.227 0.3349 -0.1951, -0.2315 0.3364 -0.1951, -0.2362 0.3369 -0.1951, -0.2409 0.1677 -0.1988, -0.2386 0.1685 -0.1988, -0.2362 0.1575 -0.2, -0.243 0.1664 -0.1988, -0.2448 0.1648 -0.1988, -0.2462 0.1627 -0.1988, -0.2471 0.1605 -0.1988, -0.2474 0.1581 -0.1988, -0.2473 0.1557 -0.1988, -0.2467 0.1533 -0.1988, -0.2455 0.1512 -0.1988, -0.244 0.1493 -0.1988, -0.242 0.1478 -0.1988, -0.2398 0.1468 -0.1988, -0.2374 0.1463 -0.1988, -0.235 0.1463 -0.1988, -0.2326 0.1468 -0.1988, -0.2304 0.1478 -0.1988, -0.2285 0.1493 -0.1988, -0.2269 0.1512 -0.1988, -0.2258 0.1533 -0.1988, -0.2251 0.1557 -0.1988, -0.225 0.1581 -0.1988, -0.2254 0.1605 -0.1988, -0.2263 0.1627 -0.1988, -0.2277 0.1648 -0.1988, -0.2294 0.1664 -0.1988, -0.2315 0.1677 -0.1988, -0.2338 0.1685 -0.1988, -0.2362 0.1687 -0.1988, -0.1953 0.1575 -0.1181, -0.1958 0.1509 -0.1181, -0.1901 0.1499 -0.1279, -0.1982 0.1423 -0.1181, -0.1928 0.1402 -0.1279, -0.2023 0.1345 -0.1181, -0.1976 0.1313 -0.1279, -0.2081 0.1278 -0.1181, -0.2041 0.1236 -0.1279, -0.2151 0.1224 -0.1181, -0.2121 0.1175 -0.1279, -0.2231 0.1187 -0.1181, -0.2213 0.1132 -0.1279, -0.2318 0.1168 -0.1181, -0.2312 0.1111 -0.1279, -0.2406 0.1168 -0.1181, -0.2413 0.1111 -0.1279, -0.2493 0.1187 -0.1181, -0.2511 0.1132 -0.1279, -0.2573 0.1224 -0.1181, -0.2603 0.1175 -0.1279, -0.2644 0.1278 -0.1181, -0.2683 0.1236 -0.1279, -0.2701 0.1345 -0.1181, -0.2749 0.1313 -0.1279, -0.2743 0.1423 -0.1181, -0.2796 0.1402 -0.1279, -0.2766 0.1509 -0.1181, -0.2823 0.1499 -0.1279, -0.2771 0.1597 -0.1181, -0.2828 0.16 -0.1279, -0.2757 0.1684 -0.1181, -0.2812 0.17 -0.1279, -0.2724 0.1767 -0.1181, -0.2775 0.1793 -0.1279, -0.2674 0.184 -0.1181, -0.2718 0.1877 -0.1279, -0.261 0.1901 -0.1181, -0.2645 0.1946 -0.1279, -0.2534 0.1946 -0.1181, -0.2558 0.1999 -0.1279, -0.245 0.1975 -0.1181, -0.2463 0.2031 -0.1279, -0.2362 0.1984 -0.1181, -0.2362 0.2042 -0.1279, -0.2274 0.1975 -0.1181, -0.2262 0.2031 -0.1279, -0.219 0.1946 -0.1181, -0.2166 0.1999 -0.1279, -0.2114 0.1901 -0.1181, -0.208 0.1946 -0.1279, -0.205 0.184 -0.1181, -0.2006 0.1877 -0.1279, -0.2 0.1767 -0.1181, -0.195 0.1793 -0.1279, -0.1968 0.1684 -0.1181, -0.1912 0.17 -0.1279, -0.1953 0.1597 -0.1181, -0.1896 0.16 -0.1279, -0.247 0.2065 -0.1386, -0.2573 0.203 -0.1386, -0.2666 0.1974 -0.1386, -0.2744 0.1899 -0.1386, -0.2805 0.181 -0.1386, -0.2845 0.1709 -0.1386, -0.2863 0.1602 -0.1386, -0.2857 0.1494 -0.1386, -0.2828 0.1389 -0.1386, -0.2777 0.1293 -0.1386, -0.2707 0.1211 -0.1386, -0.2621 0.1145 -0.1386, -0.2522 0.11 -0.1386, -0.2416 0.1076 -0.1386, -0.2308 0.1076 -0.1386, -0.2202 0.11 -0.1386, -0.2104 0.1145 -0.1386, -0.2017 0.1211 -0.1386, -0.1947 0.1293 -0.1386, -0.1896 0.1389 -0.1386, -0.1867 0.1494 -0.1386, -0.1861 0.1602 -0.1386, -0.1879 0.1709 -0.1386, -0.1919 0.181 -0.1386, -0.198 0.1899 -0.1386, -0.2059 0.1974 -0.1386, -0.2152 0.203 -0.1386, -0.2254 0.2065 -0.1386, -0.2362 0.2076 -0.1386, -0.2472 0.2075 -0.1499, -0.2577 0.2039 -0.1499, -0.2672 0.1982 -0.1499, -0.2752 0.1906 -0.1499, -0.2814 0.1814 -0.1499, -0.2855 0.1712 -0.1499, -0.2873 0.1603 -0.1499, -0.2867 0.1492 -0.1499, -0.2838 0.1385 -0.1499, -0.2786 0.1288 -0.1499, -0.2714 0.1203 -0.1499, -0.2626 0.1136 -0.1499, -0.2526 0.109 -0.1499, -0.2418 0.1066 -0.1499, -0.2307 0.1066 -0.1499, -0.2199 0.109 -0.1499, -0.2098 0.1136 -0.1499, -0.201 0.1203 -0.1499, -0.1939 0.1288 -0.1499, -0.1887 0.1385 -0.1499, -0.1857 0.1492 -0.1499, -0.1851 0.1603 -0.1499, -0.1869 0.1712 -0.1499, -0.191 0.1814 -0.1499, -0.1972 0.1906 -0.1499, -0.2053 0.1982 -0.1499, -0.2147 0.2039 -0.1499, -0.2252 0.2075 -0.1499, -0.2362 0.2087 -0.1499, -0.2469 0.206 -0.1611, -0.2571 0.2026 -0.1611, -0.2663 0.197 -0.1611, -0.2741 0.1896 -0.1611, -0.2801 0.1808 -0.1611, -0.2841 0.1708 -0.1611, -0.2858 0.1602 -0.1611, -0.2853 0.1494 -0.1611, -0.2824 0.1391 -0.1611, -0.2773 0.1296 -0.1611, -0.2704 0.1214 -0.1611, -0.2618 0.1149 -0.1611, -0.2521 0.1104 -0.1611, -0.2416 0.1081 -0.1611, -0.2308 0.1081 -0.1611, -0.2204 0.1104 -0.1611, -0.2106 0.1149 -0.1611, -0.2021 0.1214 -0.1611, -0.1951 0.1296 -0.1611, -0.1901 0.1391 -0.1611, -0.1872 0.1494 -0.1611, -0.1866 0.1602 -0.1611, -0.1883 0.1708 -0.1611, -0.1923 0.1808 -0.1611, -0.1984 0.1896 -0.1611, -0.2062 0.197 -0.1611, -0.2154 0.2026 -0.1611, -0.2255 0.206 -0.1611, -0.2362 0.2072 -0.1611, -0.2461 0.2022 -0.1717, -0.2554 0.199 -0.1717, -0.2639 0.1939 -0.1717, -0.2711 0.1871 -0.1717, -0.2767 0.1789 -0.1717, -0.2803 0.1697 -0.1717, -0.2819 0.16 -0.1717, -0.2814 0.1501 -0.1717, -0.2787 0.1405 -0.1717, -0.2741 0.1318 -0.1717, -0.2677 0.1242 -0.1717, -0.2598 0.1183 -0.1717, -0.2508 0.1141 -0.1717, -0.2412 0.112 -0.1717, -0.2313 0.112 -0.1717, -0.2216 0.1141 -0.1717, -0.2126 0.1183 -0.1717, -0.2047 0.1242 -0.1717, -0.1983 0.1318 -0.1717, -0.1937 0.1405 -0.1717, -0.191 0.1501 -0.1717, -0.1905 0.16 -0.1717, -0.1921 0.1697 -0.1717, -0.1958 0.1789 -0.1717, -0.2013 0.1871 -0.1717, -0.2085 0.1939 -0.1717, -0.217 0.199 -0.1717, -0.2264 0.2022 -0.1717, -0.2362 0.2033 -0.1717, -0.2447 0.1962 -0.1812, -0.2529 0.1935 -0.1812, -0.2602 0.189 -0.1812, -0.2664 0.1831 -0.1812, -0.2712 0.176 -0.1812, -0.2744 0.1681 -0.1812, -0.2758 0.1596 -0.1812, -0.2753 0.1511 -0.1812, -0.273 0.1428 -0.1812, -0.269 0.1352 -0.1812, -0.2635 0.1287 -0.1812, -0.2567 0.1235 -0.1812, -0.2489 0.1199 -0.1812, -0.2405 0.1181 -0.1812, -0.2319 0.1181 -0.1812, -0.2236 0.1199 -0.1812, -0.2158 0.1235 -0.1812, -0.209 0.1287 -0.1812, -0.2034 0.1352 -0.1812, -0.1994 0.1428 -0.1812, -0.1971 0.1511 -0.1812, -0.1966 0.1596 -0.1812, -0.198 0.1681 -0.1812, -0.2012 0.176 -0.1812, -0.206 0.1831 -0.1812, -0.2122 0.189 -0.1812, -0.2196 0.1935 -0.1812, -0.2277 0.1962 -0.1812, -0.2362 0.1971 -0.1812, -0.243 0.1883 -0.1891, -0.2495 0.1861 -0.1891, -0.2553 0.1826 -0.1891, -0.2603 0.1779 -0.1891, -0.2641 0.1723 -0.1891, -0.2666 0.1659 -0.1891, -0.2677 0.1592 -0.1891, -0.2674 0.1524 -0.1891, -0.2655 0.1458 -0.1891, -0.2623 0.1398 -0.1891, -0.2579 0.1346 -0.1891, -0.2525 0.1304 -0.1891, -0.2463 0.1276 -0.1891, -0.2396 0.1261 -0.1891, -0.2328 0.1261 -0.1891, -0.2261 0.1276 -0.1891, -0.22 0.1304 -0.1891, -0.2145 0.1346 -0.1891, -0.2101 0.1398 -0.1891, -0.2069 0.1458 -0.1891, -0.2051 0.1524 -0.1891, -0.2047 0.1592 -0.1891, -0.2058 0.1659 -0.1891, -0.2083 0.1723 -0.1891, -0.2122 0.1779 -0.1891, -0.2171 0.1826 -0.1891, -0.223 0.1861 -0.1891, -0.2294 0.1883 -0.1891, -0.2362 0.189 -0.1891, -0.2409 0.1789 -0.1951, -0.2454 0.1774 -0.1951, -0.2495 0.1749 -0.1951, -0.2529 0.1717 -0.1951, -0.2556 0.1678 -0.1951, -0.2574 0.1633 -0.1951, -0.2581 0.1587 -0.1951, -0.2579 0.1539 -0.1951, -0.2566 0.1494 -0.1951, -0.2544 0.1452 -0.1951, -0.2513 0.1416 -0.1951, -0.2475 0.1387 -0.1951, -0.2432 0.1367 -0.1951, -0.2386 0.1357 -0.1951, -0.2338 0.1357 -0.1951, -0.2292 0.1367 -0.1951, -0.2249 0.1387 -0.1951, -0.2211 0.1416 -0.1951, -0.2181 0.1452 -0.1951, -0.2158 0.1494 -0.1951, -0.2146 0.1539 -0.1951, -0.2143 0.1587 -0.1951, -0.2151 0.1633 -0.1951, -0.2168 0.1678 -0.1951, -0.2195 0.1717 -0.1951, -0.2229 0.1749 -0.1951, -0.227 0.1774 -0.1951, -0.2315 0.1789 -0.1951, -0.2362 0.1794 -0.1951, -0.2409 0.0102 -0.1988, -0.2386 0.011 -0.1988, -0.2362 -0.0 -0.2, -0.243 0.0089 -0.1988, -0.2448 0.0073 -0.1988, -0.2462 0.0053 -0.1988, -0.2471 0.003 -0.1988, -0.2474 0.0006 -0.1988, -0.2473 -0.0018 -0.1988, -0.2467 -0.0042 -0.1988, -0.2455 -0.0063 -0.1988, -0.244 -0.0082 -0.1988, -0.242 -0.0096 -0.1988, -0.2398 -0.0107 -0.1988, -0.2374 -0.0112 -0.1988, -0.235 -0.0112 -0.1988, -0.2326 -0.0107 -0.1988, -0.2304 -0.0096 -0.1988, -0.2285 -0.0082 -0.1988, -0.2269 -0.0063 -0.1988, -0.2258 -0.0042 -0.1988, -0.2251 -0.0018 -0.1988, -0.225 0.0006 -0.1988, -0.2254 0.003 -0.1988, -0.2263 0.0053 -0.1988, -0.2277 0.0073 -0.1988, -0.2294 0.0089 -0.1988, -0.2315 0.0102 -0.1988, -0.2338 0.011 -0.1988, -0.2362 0.0112 -0.1988, -0.1953 -0.0 -0.1181, -0.1958 -0.0066 -0.1181, -0.1901 -0.0076 -0.1279, -0.1982 -0.0152 -0.1181, -0.1928 -0.0173 -0.1279, -0.2023 -0.023 -0.1181, -0.1976 -0.0262 -0.1279, -0.2081 -0.0297 -0.1181, -0.2041 -0.0339 -0.1279, -0.2151 -0.0351 -0.1181, -0.2121 -0.04 -0.1279, -0.2231 -0.0388 -0.1181, -0.2213 -0.0442 -0.1279, -0.2318 -0.0407 -0.1181, -0.2312 -0.0464 -0.1279, -0.2406 -0.0407 -0.1181, -0.2413 -0.0464 -0.1279, -0.2493 -0.0388 -0.1181, -0.2511 -0.0442 -0.1279, -0.2573 -0.0351 -0.1181, -0.2603 -0.04 -0.1279, -0.2644 -0.0297 -0.1181, -0.2683 -0.0339 -0.1279, -0.2701 -0.023 -0.1181, -0.2749 -0.0262 -0.1279, -0.2743 -0.0152 -0.1181, -0.2796 -0.0173 -0.1279, -0.2766 -0.0066 -0.1181, -0.2823 -0.0076 -0.1279, -0.2771 0.0022 -0.1181, -0.2828 0.0025 -0.1279, -0.2757 0.011 -0.1181, -0.2812 0.0125 -0.1279, -0.2724 0.0192 -0.1181, -0.2775 0.0219 -0.1279, -0.2674 0.0265 -0.1181, -0.2718 0.0302 -0.1279, -0.261 0.0326 -0.1181, -0.2645 0.0372 -0.1279, -0.2534 0.0372 -0.1181, -0.2558 0.0424 -0.1279, -0.245 0.04 -0.1181, -0.2463 0.0456 -0.1279, -0.2362 0.0409 -0.1181, -0.2362 0.0467 -0.1279, -0.2274 0.04 -0.1181, -0.2262 0.0456 -0.1279, -0.219 0.0372 -0.1181, -0.2166 0.0424 -0.1279, -0.2114 0.0326 -0.1181, -0.208 0.0372 -0.1279, -0.205 0.0265 -0.1181, -0.2006 0.0302 -0.1279, -0.2 0.0192 -0.1181, -0.195 0.0219 -0.1279, -0.1968 0.011 -0.1181, -0.1912 0.0125 -0.1279, -0.1953 0.0022 -0.1181, -0.1896 0.0025 -0.1279, -0.247 0.049 -0.1386, -0.2573 0.0455 -0.1386, -0.2666 0.0399 -0.1386, -0.2744 0.0325 -0.1386, -0.2805 0.0235 -0.1386, -0.2845 0.0134 -0.1386, -0.2863 0.0027 -0.1386, -0.2857 -0.0081 -0.1386, -0.2828 -0.0186 -0.1386, -0.2777 -0.0281 -0.1386, -0.2707 -0.0364 -0.1386, -0.2621 -0.043 -0.1386, -0.2522 -0.0475 -0.1386, -0.2416 -0.0499 -0.1386, -0.2308 -0.0499 -0.1386, -0.2202 -0.0475 -0.1386, -0.2104 -0.043 -0.1386, -0.2017 -0.0364 -0.1386, -0.1947 -0.0281 -0.1386, -0.1896 -0.0186 -0.1386, -0.1867 -0.0081 -0.1386, -0.1861 0.0027 -0.1386, -0.1879 0.0134 -0.1386, -0.1919 0.0235 -0.1386, -0.198 0.0325 -0.1386, -0.2059 0.0399 -0.1386, -0.2152 0.0455 -0.1386, -0.2254 0.049 -0.1386, -0.2362 0.0502 -0.1386, -0.2472 0.05 -0.1499, -0.2577 0.0464 -0.1499, -0.2672 0.0407 -0.1499, -0.2752 0.0331 -0.1499, -0.2814 0.024 -0.1499, -0.2855 0.0137 -0.1499, -0.2873 0.0028 -0.1499, -0.2867 -0.0083 -0.1499, -0.2838 -0.0189 -0.1499, -0.2786 -0.0287 -0.1499, -0.2714 -0.0371 -0.1499, -0.2626 -0.0438 -0.1499, -0.2526 -0.0485 -0.1499, -0.2418 -0.0509 -0.1499, -0.2307 -0.0509 -0.1499, -0.2199 -0.0485 -0.1499, -0.2098 -0.0438 -0.1499, -0.201 -0.0371 -0.1499, -0.1939 -0.0287 -0.1499, -0.1887 -0.0189 -0.1499, -0.1857 -0.0083 -0.1499, -0.1851 0.0028 -0.1499, -0.1869 0.0137 -0.1499, -0.191 0.024 -0.1499, -0.1972 0.0331 -0.1499, -0.2053 0.0407 -0.1499, -0.2147 0.0464 -0.1499, -0.2252 0.05 -0.1499, -0.2362 0.0512 -0.1499, -0.2469 0.0485 -0.1611, -0.2571 0.0451 -0.1611, -0.2663 0.0396 -0.1611, -0.2741 0.0322 -0.1611, -0.2801 0.0233 -0.1611, -0.2841 0.0133 -0.1611, -0.2858 0.0027 -0.1611, -0.2853 -0.008 -0.1611, -0.2824 -0.0184 -0.1611, -0.2773 -0.0279 -0.1611, -0.2704 -0.0361 -0.1611, -0.2618 -0.0426 -0.1611, -0.2521 -0.0471 -0.1611, -0.2416 -0.0494 -0.1611, -0.2308 -0.0494 -0.1611, -0.2204 -0.0471 -0.1611, -0.2106 -0.0426 -0.1611, -0.2021 -0.0361 -0.1611, -0.1951 -0.0279 -0.1611, -0.1901 -0.0184 -0.1611, -0.1872 -0.008 -0.1611, -0.1866 0.0027 -0.1611, -0.1883 0.0133 -0.1611, -0.1923 0.0233 -0.1611, -0.1984 0.0322 -0.1611, -0.2062 0.0396 -0.1611, -0.2154 0.0451 -0.1611, -0.2255 0.0485 -0.1611, -0.2362 0.0497 -0.1611, -0.2461 0.0447 -0.1717, -0.2554 0.0415 -0.1717, -0.2639 0.0364 -0.1717, -0.2711 0.0296 -0.1717, -0.2767 0.0214 -0.1717, -0.2803 0.0122 -0.1717, -0.2819 0.0025 -0.1717, -0.2814 -0.0074 -0.1717, -0.2787 -0.0169 -0.1717, -0.2741 -0.0257 -0.1717, -0.2677 -0.0332 -0.1717, -0.2598 -0.0392 -0.1717, -0.2508 -0.0434 -0.1717, -0.2412 -0.0455 -0.1717, -0.2313 -0.0455 -0.1717, -0.2216 -0.0434 -0.1717, -0.2126 -0.0392 -0.1717, -0.2047 -0.0332 -0.1717, -0.1983 -0.0257 -0.1717, -0.1937 -0.0169 -0.1717, -0.191 -0.0074 -0.1717, -0.1905 0.0025 -0.1717, -0.1921 0.0122 -0.1717, -0.1958 0.0214 -0.1717, -0.2013 0.0296 -0.1717, -0.2085 0.0364 -0.1717, -0.217 0.0415 -0.1717, -0.2264 0.0447 -0.1717, -0.2362 0.0458 -0.1717, -0.2447 0.0387 -0.1812, -0.2529 0.036 -0.1812, -0.2602 0.0316 -0.1812, -0.2664 0.0257 -0.1812, -0.2712 0.0186 -0.1812, -0.2744 0.0106 -0.1812, -0.2758 0.0021 -0.1812, -0.2753 -0.0064 -0.1812, -0.273 -0.0147 -0.1812, -0.269 -0.0222 -0.1812, -0.2635 -0.0288 -0.1812, -0.2567 -0.034 -0.1812, -0.2489 -0.0376 -0.1812, -0.2405 -0.0394 -0.1812, -0.2319 -0.0394 -0.1812, -0.2236 -0.0376 -0.1812, -0.2158 -0.034 -0.1812, -0.209 -0.0288 -0.1812, -0.2034 -0.0222 -0.1812, -0.1994 -0.0147 -0.1812, -0.1971 -0.0064 -0.1812, -0.1966 0.0021 -0.1812, -0.198 0.0106 -0.1812, -0.2012 0.0186 -0.1812, -0.206 0.0257 -0.1812, -0.2122 0.0316 -0.1812, -0.2196 0.036 -0.1812, -0.2277 0.0387 -0.1812, -0.2362 0.0396 -0.1812, -0.243 0.0308 -0.1891, -0.2495 0.0286 -0.1891, -0.2553 0.0251 -0.1891, -0.2603 0.0204 -0.1891, -0.2641 0.0148 -0.1891, -0.2666 0.0084 -0.1891, -0.2677 0.0017 -0.1891, -0.2674 -0.0051 -0.1891, -0.2655 -0.0117 -0.1891, -0.2623 -0.0177 -0.1891, -0.2579 -0.0229 -0.1891, -0.2525 -0.027 -0.1891, -0.2463 -0.0299 -0.1891, -0.2396 -0.0314 -0.1891, -0.2328 -0.0314 -0.1891, -0.2261 -0.0299 -0.1891, -0.22 -0.027 -0.1891, -0.2145 -0.0229 -0.1891, -0.2101 -0.0177 -0.1891, -0.2069 -0.0117 -0.1891, -0.2051 -0.0051 -0.1891, -0.2047 0.0017 -0.1891, -0.2058 0.0084 -0.1891, -0.2083 0.0148 -0.1891, -0.2122 0.0204 -0.1891, -0.2171 0.0251 -0.1891, -0.223 0.0286 -0.1891, -0.2294 0.0308 -0.1891, -0.2362 0.0316 -0.1891, -0.2409 0.0214 -0.1951, -0.2454 0.0199 -0.1951, -0.2495 0.0175 -0.1951, -0.2529 0.0142 -0.1951, -0.2556 0.0103 -0.1951, -0.2574 0.0059 -0.1951, -0.2581 0.0012 -0.1951, -0.2579 -0.0035 -0.1951, -0.2566 -0.0081 -0.1951, -0.2544 -0.0123 -0.1951, -0.2513 -0.0159 -0.1951, -0.2475 -0.0188 -0.1951, -0.2432 -0.0208 -0.1951, -0.2386 -0.0218 -0.1951, -0.2338 -0.0218 -0.1951, -0.2292 -0.0208 -0.1951, -0.2249 -0.0188 -0.1951, -0.2211 -0.0159 -0.1951, -0.2181 -0.0123 -0.1951, -0.2158 -0.0081 -0.1951, -0.2146 -0.0035 -0.1951, -0.2143 0.0012 -0.1951, -0.2151 0.0059 -0.1951, -0.2168 0.0103 -0.1951, -0.2195 0.0142 -0.1951, -0.2229 0.0175 -0.1951, -0.227 0.0199 -0.1951, -0.2315 0.0214 -0.1951, -0.2362 0.0219 -0.1951, -0.2409 -0.1473 -0.1988, -0.2386 -0.1465 -0.1988, -0.2362 -0.1575 -0.2, -0.243 -0.1485 -0.1988, -0.2448 -0.1502 -0.1988, -0.2462 -0.1522 -0.1988, -0.2471 -0.1545 -0.1988, -0.2474 -0.1569 -0.1988, -0.2473 -0.1593 -0.1988, -0.2467 -0.1616 -0.1988, -0.2455 -0.1638 -0.1988, -0.244 -0.1656 -0.1988, -0.242 -0.1671 -0.1988, -0.2398 -0.1681 -0.1988, -0.2374 -0.1687 -0.1988, -0.235 -0.1687 -0.1988, -0.2326 -0.1681 -0.1988, -0.2304 -0.1671 -0.1988, -0.2285 -0.1656 -0.1988, -0.2269 -0.1638 -0.1988, -0.2258 -0.1616 -0.1988, -0.2251 -0.1593 -0.1988, -0.225 -0.1569 -0.1988, -0.2254 -0.1545 -0.1988, -0.2263 -0.1522 -0.1988, -0.2277 -0.1502 -0.1988, -0.2294 -0.1485 -0.1988, -0.2315 -0.1473 -0.1988, -0.2338 -0.1465 -0.1988, -0.2362 -0.1462 -0.1988, -0.1953 -0.1575 -0.1181, -0.1958 -0.1641 -0.1181, -0.1901 -0.165 -0.1279, -0.1982 -0.1726 -0.1181, -0.1928 -0.1748 -0.1279, -0.2023 -0.1805 -0.1181, -0.1976 -0.1837 -0.1279, -0.2081 -0.1872 -0.1181, -0.2041 -0.1914 -0.1279, -0.2151 -0.1926 -0.1181, -0.2121 -0.1975 -0.1279, -0.2231 -0.1963 -0.1181, -0.2213 -0.2017 -0.1279, -0.2318 -0.1982 -0.1181, -0.2312 -0.2039 -0.1279, -0.2406 -0.1982 -0.1181, -0.2413 -0.2039 -0.1279, -0.2493 -0.1963 -0.1181, -0.2511 -0.2017 -0.1279, -0.2573 -0.1926 -0.1181, -0.2603 -0.1975 -0.1279, -0.2644 -0.1872 -0.1181, -0.2683 -0.1914 -0.1279, -0.2701 -0.1805 -0.1181, -0.2749 -0.1837 -0.1279, -0.2743 -0.1726 -0.1181, -0.2796 -0.1748 -0.1279, -0.2766 -0.1641 -0.1181, -0.2823 -0.165 -0.1279, -0.2771 -0.1553 -0.1181, -0.2828 -0.155 -0.1279, -0.2757 -0.1465 -0.1181, -0.2812 -0.145 -0.1279, -0.2724 -0.1383 -0.1181, -0.2775 -0.1356 -0.1279, -0.2674 -0.131 -0.1181, -0.2718 -0.1273 -0.1279, -0.261 -0.1249 -0.1181, -0.2645 -0.1203 -0.1279, -0.2534 -0.1203 -0.1181, -0.2558 -0.1151 -0.1279, -0.245 -0.1175 -0.1181, -0.2463 -0.1119 -0.1279, -0.2362 -0.1165 -0.1181, -0.2362 -0.1108 -0.1279, -0.2274 -0.1175 -0.1181, -0.2262 -0.1119 -0.1279, -0.219 -0.1203 -0.1181, -0.2166 -0.1151 -0.1279, -0.2114 -0.1249 -0.1181, -0.208 -0.1203 -0.1279, -0.205 -0.131 -0.1181, -0.2006 -0.1273 -0.1279, -0.2 -0.1383 -0.1181, -0.195 -0.1356 -0.1279, -0.1968 -0.1465 -0.1181, -0.1912 -0.145 -0.1279, -0.1953 -0.1553 -0.1181, -0.1896 -0.155 -0.1279, -0.247 -0.1085 -0.1386, -0.2573 -0.112 -0.1386, -0.2666 -0.1176 -0.1386, -0.2744 -0.125 -0.1386, -0.2805 -0.134 -0.1386, -0.2845 -0.1441 -0.1386, -0.2863 -0.1548 -0.1386, -0.2857 -0.1656 -0.1386, -0.2828 -0.176 -0.1386, -0.2777 -0.1856 -0.1386, -0.2707 -0.1939 -0.1386, -0.2621 -0.2005 -0.1386, -0.2522 -0.205 -0.1386, -0.2416 -0.2073 -0.1386, -0.2308 -0.2073 -0.1386, -0.2202 -0.205 -0.1386, -0.2104 -0.2005 -0.1386, -0.2017 -0.1939 -0.1386, -0.1947 -0.1856 -0.1386, -0.1896 -0.176 -0.1386, -0.1867 -0.1656 -0.1386, -0.1861 -0.1548 -0.1386, -0.1879 -0.1441 -0.1386, -0.1919 -0.134 -0.1386, -0.198 -0.125 -0.1386, -0.2059 -0.1176 -0.1386, -0.2152 -0.112 -0.1386, -0.2254 -0.1085 -0.1386, -0.2362 -0.1073 -0.1386, -0.2472 -0.1075 -0.1499, -0.2577 -0.111 -0.1499, -0.2672 -0.1167 -0.1499, -0.2752 -0.1244 -0.1499, -0.2814 -0.1335 -0.1499, -0.2855 -0.1438 -0.1499, -0.2873 -0.1547 -0.1499, -0.2867 -0.1658 -0.1499, -0.2838 -0.1764 -0.1499, -0.2786 -0.1862 -0.1499, -0.2714 -0.1946 -0.1499, -0.2626 -0.2013 -0.1499, -0.2526 -0.206 -0.1499, -0.2418 -0.2084 -0.1499, -0.2307 -0.2084 -0.1499, -0.2199 -0.206 -0.1499, -0.2098 -0.2013 -0.1499, -0.201 -0.1946 -0.1499, -0.1939 -0.1862 -0.1499, -0.1887 -0.1764 -0.1499, -0.1857 -0.1658 -0.1499, -0.1851 -0.1547 -0.1499, -0.1869 -0.1438 -0.1499, -0.191 -0.1335 -0.1499, -0.1972 -0.1244 -0.1499, -0.2053 -0.1167 -0.1499, -0.2147 -0.111 -0.1499, -0.2252 -0.1075 -0.1499, -0.2362 -0.1063 -0.1499, -0.2469 -0.109 -0.1611, -0.2571 -0.1124 -0.1611, -0.2663 -0.1179 -0.1611, -0.2741 -0.1253 -0.1611, -0.2801 -0.1342 -0.1611, -0.2841 -0.1442 -0.1611, -0.2858 -0.1548 -0.1611, -0.2853 -0.1655 -0.1611, -0.2824 -0.1759 -0.1611, -0.2773 -0.1854 -0.1611, -0.2704 -0.1936 -0.1611, -0.2618 -0.2001 -0.1611, -0.2521 -0.2046 -0.1611, -0.2416 -0.2069 -0.1611, -0.2308 -0.2069 -0.1611, -0.2204 -0.2046 -0.1611, -0.2106 -0.2001 -0.1611, -0.2021 -0.1936 -0.1611, -0.1951 -0.1854 -0.1611, -0.1901 -0.1759 -0.1611, -0.1872 -0.1655 -0.1611, -0.1866 -0.1548 -0.1611, -0.1883 -0.1442 -0.1611, -0.1923 -0.1342 -0.1611, -0.1984 -0.1253 -0.1611, -0.2062 -0.1179 -0.1611, -0.2154 -0.1124 -0.1611, -0.2255 -0.109 -0.1611, -0.2362 -0.1078 -0.1611, -0.2461 -0.1128 -0.1717, -0.2554 -0.1159 -0.1717, -0.2639 -0.121 -0.1717, -0.2711 -0.1278 -0.1717, -0.2767 -0.136 -0.1717, -0.2803 -0.1452 -0.1717, -0.2819 -0.155 -0.1717, -0.2814 -0.1649 -0.1717, -0.2787 -0.1744 -0.1717, -0.2741 -0.1832 -0.1717, -0.2677 -0.1907 -0.1717, -0.2598 -0.1967 -0.1717, -0.2508 -0.2009 -0.1717, -0.2412 -0.203 -0.1717, -0.2313 -0.203 -0.1717, -0.2216 -0.2009 -0.1717, -0.2126 -0.1967 -0.1717, -0.2047 -0.1907 -0.1717, -0.1983 -0.1832 -0.1717, -0.1937 -0.1744 -0.1717, -0.191 -0.1649 -0.1717, -0.1905 -0.155 -0.1717, -0.1921 -0.1452 -0.1717, -0.1958 -0.136 -0.1717, -0.2013 -0.1278 -0.1717, -0.2085 -0.121 -0.1717, -0.217 -0.1159 -0.1717, -0.2264 -0.1128 -0.1717, -0.2362 -0.1117 -0.1717, -0.2447 -0.1188 -0.1812, -0.2529 -0.1215 -0.1812, -0.2602 -0.1259 -0.1812, -0.2664 -0.1318 -0.1812, -0.2712 -0.1389 -0.1812, -0.2744 -0.1469 -0.1812, -0.2758 -0.1553 -0.1812, -0.2753 -0.1639 -0.1812, -0.273 -0.1721 -0.1812, -0.269 -0.1797 -0.1812, -0.2635 -0.1863 -0.1812, -0.2567 -0.1914 -0.1812, -0.2489 -0.195 -0.1812, -0.2405 -0.1969 -0.1812, -0.2319 -0.1969 -0.1812, -0.2236 -0.195 -0.1812, -0.2158 -0.1914 -0.1812, -0.209 -0.1863 -0.1812, -0.2034 -0.1797 -0.1812, -0.1994 -0.1721 -0.1812, -0.1971 -0.1639 -0.1812, -0.1966 -0.1553 -0.1812, -0.198 -0.1469 -0.1812, -0.2012 -0.1389 -0.1812, -0.206 -0.1318 -0.1812, -0.2122 -0.1259 -0.1812, -0.2196 -0.1215 -0.1812, -0.2277 -0.1188 -0.1812, -0.2362 -0.1178 -0.1812, -0.243 -0.1267 -0.1891, -0.2495 -0.1288 -0.1891, -0.2553 -0.1324 -0.1891, -0.2603 -0.1371 -0.1891, -0.2641 -0.1427 -0.1891, -0.2666 -0.149 -0.1891, -0.2677 -0.1558 -0.1891, -0.2674 -0.1626 -0.1891, -0.2655 -0.1692 -0.1891, -0.2623 -0.1752 -0.1891, -0.2579 -0.1804 -0.1891, -0.2525 -0.1845 -0.1891, -0.2463 -0.1874 -0.1891, -0.2396 -0.1888 -0.1891, -0.2328 -0.1888 -0.1891, -0.2261 -0.1874 -0.1891, -0.22 -0.1845 -0.1891, -0.2145 -0.1804 -0.1891, -0.2101 -0.1752 -0.1891, -0.2069 -0.1692 -0.1891, -0.2051 -0.1626 -0.1891, -0.2047 -0.1558 -0.1891, -0.2058 -0.149 -0.1891, -0.2083 -0.1427 -0.1891, -0.2122 -0.1371 -0.1891, -0.2171 -0.1324 -0.1891, -0.223 -0.1288 -0.1891, -0.2294 -0.1267 -0.1891, -0.2362 -0.1259 -0.1891, -0.2409 -0.1361 -0.1951, -0.2454 -0.1376 -0.1951, -0.2495 -0.14 -0.1951, -0.2529 -0.1433 -0.1951, -0.2556 -0.1472 -0.1951, -0.2574 -0.1516 -0.1951, -0.2581 -0.1563 -0.1951, -0.2579 -0.161 -0.1951, -0.2566 -0.1656 -0.1951, -0.2544 -0.1698 -0.1951, -0.2513 -0.1734 -0.1951, -0.2475 -0.1763 -0.1951, -0.2432 -0.1783 -0.1951, -0.2386 -0.1793 -0.1951, -0.2338 -0.1793 -0.1951, -0.2292 -0.1783 -0.1951, -0.2249 -0.1763 -0.1951, -0.2211 -0.1734 -0.1951, -0.2181 -0.1698 -0.1951, -0.2158 -0.1656 -0.1951, -0.2146 -0.161 -0.1951, -0.2143 -0.1563 -0.1951, -0.2151 -0.1516 -0.1951, -0.2168 -0.1472 -0.1951, -0.2195 -0.1433 -0.1951, -0.2229 -0.14 -0.1951, -0.227 -0.1376 -0.1951, -0.2315 -0.1361 -0.1951, -0.2362 -0.1355 -0.1951, -0.2409 -0.3048 -0.1988, -0.2386 -0.304 -0.1988, -0.2362 -0.315 -0.2, -0.243 -0.306 -0.1988, -0.2448 -0.3077 -0.1988, -0.2462 -0.3097 -0.1988, -0.2471 -0.312 -0.1988, -0.2474 -0.3144 -0.1988, -0.2473 -0.3168 -0.1988, -0.2467 -0.3191 -0.1988, -0.2455 -0.3213 -0.1988, -0.244 -0.3231 -0.1988, -0.242 -0.3246 -0.1988, -0.2398 -0.3256 -0.1988, -0.2374 -0.3261 -0.1988, -0.235 -0.3261 -0.1988, -0.2326 -0.3256 -0.1988, -0.2304 -0.3246 -0.1988, -0.2285 -0.3231 -0.1988, -0.2269 -0.3213 -0.1988, -0.2258 -0.3191 -0.1988, -0.2251 -0.3168 -0.1988, -0.225 -0.3144 -0.1988, -0.2254 -0.312 -0.1988, -0.2263 -0.3097 -0.1988, -0.2277 -0.3077 -0.1988, -0.2294 -0.306 -0.1988, -0.2315 -0.3048 -0.1988, -0.2338 -0.304 -0.1988, -0.2362 -0.3037 -0.1988, -0.1953 -0.315 -0.1181, -0.1958 -0.3216 -0.1181, -0.1901 -0.3225 -0.1279, -0.1982 -0.3301 -0.1181, -0.1928 -0.3322 -0.1279, -0.2023 -0.3379 -0.1181, -0.1976 -0.3412 -0.1279, -0.2081 -0.3447 -0.1181, -0.2041 -0.3489 -0.1279, -0.2151 -0.35 -0.1181, -0.2121 -0.355 -0.1279, -0.2231 -0.3538 -0.1181, -0.2213 -0.3592 -0.1279, -0.2318 -0.3557 -0.1181, -0.2312 -0.3614 -0.1279, -0.2406 -0.3557 -0.1181, -0.2413 -0.3614 -0.1279, -0.2493 -0.3538 -0.1181, -0.2511 -0.3592 -0.1279, -0.2573 -0.35 -0.1181, -0.2603 -0.355 -0.1279, -0.2644 -0.3447 -0.1181, -0.2683 -0.3489 -0.1279, -0.2701 -0.3379 -0.1181, -0.2749 -0.3412 -0.1279, -0.2743 -0.3301 -0.1181, -0.2796 -0.3322 -0.1279, -0.2766 -0.3216 -0.1181, -0.2823 -0.3225 -0.1279, -0.2771 -0.3127 -0.1181, -0.2828 -0.3124 -0.1279, -0.2757 -0.304 -0.1181, -0.2812 -0.3025 -0.1279, -0.2724 -0.2958 -0.1181, -0.2775 -0.2931 -0.1279, -0.2674 -0.2885 -0.1181, -0.2718 -0.2847 -0.1279, -0.261 -0.2824 -0.1181, -0.2645 -0.2778 -0.1279, -0.2534 -0.2778 -0.1181, -0.2558 -0.2726 -0.1279, -0.245 -0.275 -0.1181, -0.2463 -0.2694 -0.1279, -0.2362 -0.274 -0.1181, -0.2362 -0.2683 -0.1279, -0.2274 -0.275 -0.1181, -0.2262 -0.2694 -0.1279, -0.219 -0.2778 -0.1181, -0.2166 -0.2726 -0.1279, -0.2114 -0.2824 -0.1181, -0.208 -0.2778 -0.1279, -0.205 -0.2885 -0.1181, -0.2006 -0.2847 -0.1279, -0.2 -0.2958 -0.1181, -0.195 -0.2931 -0.1279, -0.1968 -0.304 -0.1181, -0.1912 -0.3025 -0.1279, -0.1953 -0.3127 -0.1181, -0.1896 -0.3124 -0.1279, -0.247 -0.266 -0.1386, -0.2573 -0.2694 -0.1386, -0.2666 -0.275 -0.1386, -0.2744 -0.2825 -0.1386, -0.2805 -0.2915 -0.1386, -0.2845 -0.3015 -0.1386, -0.2863 -0.3122 -0.1386, -0.2857 -0.3231 -0.1386, -0.2828 -0.3335 -0.1386, -0.2777 -0.3431 -0.1386, -0.2707 -0.3514 -0.1386, -0.2621 -0.3579 -0.1386, -0.2522 -0.3625 -0.1386, -0.2416 -0.3648 -0.1386, -0.2308 -0.3648 -0.1386, -0.2202 -0.3625 -0.1386, -0.2104 -0.3579 -0.1386, -0.2017 -0.3514 -0.1386, -0.1947 -0.3431 -0.1386, -0.1896 -0.3335 -0.1386, -0.1867 -0.3231 -0.1386, -0.1861 -0.3122 -0.1386, -0.1879 -0.3015 -0.1386, -0.1919 -0.2915 -0.1386, -0.198 -0.2825 -0.1386, -0.2059 -0.275 -0.1386, -0.2152 -0.2694 -0.1386, -0.2254 -0.266 -0.1386, -0.2362 -0.2648 -0.1386, -0.2472 -0.265 -0.1499, -0.2577 -0.2685 -0.1499, -0.2672 -0.2742 -0.1499, -0.2752 -0.2818 -0.1499, -0.2814 -0.291 -0.1499, -0.2855 -0.3013 -0.1499, -0.2873 -0.3122 -0.1499, -0.2867 -0.3232 -0.1499, -0.2838 -0.3339 -0.1499, -0.2786 -0.3437 -0.1499, -0.2714 -0.3521 -0.1499, -0.2626 -0.3588 -0.1499, -0.2526 -0.3635 -0.1499, -0.2418 -0.3658 -0.1499, -0.2307 -0.3658 -0.1499, -0.2199 -0.3635 -0.1499, -0.2098 -0.3588 -0.1499, -0.201 -0.3521 -0.1499, -0.1939 -0.3437 -0.1499, -0.1887 -0.3339 -0.1499, -0.1857 -0.3232 -0.1499, -0.1851 -0.3122 -0.1499, -0.1869 -0.3013 -0.1499, -0.191 -0.291 -0.1499, -0.1972 -0.2818 -0.1499, -0.2053 -0.2742 -0.1499, -0.2147 -0.2685 -0.1499, -0.2252 -0.265 -0.1499, -0.2362 -0.2638 -0.1499, -0.2469 -0.2664 -0.1611, -0.2571 -0.2699 -0.1611, -0.2663 -0.2754 -0.1611, -0.2741 -0.2828 -0.1611, -0.2801 -0.2917 -0.1611, -0.2841 -0.3017 -0.1611, -0.2858 -0.3123 -0.1611, -0.2853 -0.323 -0.1611, -0.2824 -0.3334 -0.1611, -0.2773 -0.3428 -0.1611, -0.2704 -0.351 -0.1611, -0.2618 -0.3575 -0.1611, -0.2521 -0.362 -0.1611, -0.2416 -0.3644 -0.1611, -0.2308 -0.3644 -0.1611, -0.2204 -0.362 -0.1611, -0.2106 -0.3575 -0.1611, -0.2021 -0.351 -0.1611, -0.1951 -0.3428 -0.1611, -0.1901 -0.3334 -0.1611, -0.1872 -0.323 -0.1611, -0.1866 -0.3123 -0.1611, -0.1883 -0.3017 -0.1611, -0.1923 -0.2917 -0.1611, -0.1984 -0.2828 -0.1611, -0.2062 -0.2754 -0.1611, -0.2154 -0.2699 -0.1611, -0.2255 -0.2664 -0.1611, -0.2362 -0.2653 -0.1611, -0.2461 -0.2703 -0.1717, -0.2554 -0.2734 -0.1717, -0.2639 -0.2785 -0.1717, -0.2711 -0.2853 -0.1717, -0.2767 -0.2935 -0.1717, -0.2803 -0.3027 -0.1717, -0.2819 -0.3125 -0.1717, -0.2814 -0.3224 -0.1717, -0.2787 -0.3319 -0.1717, -0.2741 -0.3407 -0.1717, -0.2677 -0.3482 -0.1717, -0.2598 -0.3542 -0.1717, -0.2508 -0.3583 -0.1717, -0.2412 -0.3605 -0.1717, -0.2313 -0.3605 -0.1717, -0.2216 -0.3583 -0.1717, -0.2126 -0.3542 -0.1717, -0.2047 -0.3482 -0.1717, -0.1983 -0.3407 -0.1717, -0.1937 -0.3319 -0.1717, -0.191 -0.3224 -0.1717, -0.1905 -0.3125 -0.1717, -0.1921 -0.3027 -0.1717, -0.1958 -0.2935 -0.1717, -0.2013 -0.2853 -0.1717, -0.2085 -0.2785 -0.1717, -0.217 -0.2734 -0.1717, -0.2264 -0.2703 -0.1717, -0.2362 -0.2692 -0.1717, -0.2447 -0.2763 -0.1812, -0.2529 -0.279 -0.1812, -0.2602 -0.2834 -0.1812, -0.2664 -0.2893 -0.1812, -0.2712 -0.2964 -0.1812, -0.2744 -0.3044 -0.1812, -0.2758 -0.3128 -0.1812, -0.2753 -0.3214 -0.1812, -0.273 -0.3296 -0.1812, -0.269 -0.3372 -0.1812, -0.2635 -0.3437 -0.1812, -0.2567 -0.3489 -0.1812, -0.2489 -0.3525 -0.1812, -0.2405 -0.3544 -0.1812, -0.2319 -0.3544 -0.1812, -0.2236 -0.3525 -0.1812, -0.2158 -0.3489 -0.1812, -0.209 -0.3437 -0.1812, -0.2034 -0.3372 -0.1812, -0.1994 -0.3296 -0.1812, -0.1971 -0.3214 -0.1812, -0.1966 -0.3128 -0.1812, -0.198 -0.3044 -0.1812, -0.2012 -0.2964 -0.1812, -0.206 -0.2893 -0.1812, -0.2122 -0.2834 -0.1812, -0.2196 -0.279 -0.1812, -0.2277 -0.2763 -0.1812, -0.2362 -0.2753 -0.1812, -0.243 -0.2841 -0.1891, -0.2495 -0.2863 -0.1891, -0.2553 -0.2898 -0.1891, -0.2603 -0.2945 -0.1891, -0.2641 -0.3002 -0.1891, -0.2666 -0.3065 -0.1891, -0.2677 -0.3133 -0.1891, -0.2674 -0.3201 -0.1891, -0.2655 -0.3266 -0.1891, -0.2623 -0.3327 -0.1891, -0.2579 -0.3379 -0.1891, -0.2525 -0.342 -0.1891, -0.2463 -0.3449 -0.1891, -0.2396 -0.3463 -0.1891, -0.2328 -0.3463 -0.1891, -0.2261 -0.3449 -0.1891, -0.22 -0.342 -0.1891, -0.2145 -0.3379 -0.1891, -0.2101 -0.3327 -0.1891, -0.2069 -0.3266 -0.1891, -0.2051 -0.3201 -0.1891, -0.2047 -0.3133 -0.1891, -0.2058 -0.3065 -0.1891, -0.2083 -0.3002 -0.1891, -0.2122 -0.2945 -0.1891, -0.2171 -0.2898 -0.1891, -0.223 -0.2863 -0.1891, -0.2294 -0.2841 -0.1891, -0.2362 -0.2834 -0.1891, -0.2409 -0.2935 -0.1951, -0.2454 -0.2951 -0.1951, -0.2495 -0.2975 -0.1951, -0.2529 -0.3008 -0.1951, -0.2556 -0.3047 -0.1951, -0.2574 -0.3091 -0.1951, -0.2581 -0.3138 -0.1951, -0.2579 -0.3185 -0.1951, -0.2566 -0.3231 -0.1951, -0.2544 -0.3273 -0.1951, -0.2513 -0.3309 -0.1951, -0.2475 -0.3338 -0.1951, -0.2432 -0.3357 -0.1951, -0.2386 -0.3368 -0.1951, -0.2338 -0.3368 -0.1951, -0.2292 -0.3357 -0.1951, -0.2249 -0.3338 -0.1951, -0.2211 -0.3309 -0.1951, -0.2181 -0.3273 -0.1951, -0.2158 -0.3231 -0.1951, -0.2146 -0.3185 -0.1951, -0.2143 -0.3138 -0.1951, -0.2151 -0.3091 -0.1951, -0.2168 -0.3047 -0.1951, -0.2195 -0.3008 -0.1951, -0.2229 -0.2975 -0.1951, -0.227 -0.2951 -0.1951, -0.2315 -0.2935 -0.1951, -0.2362 -0.293 -0.1951, -0.0835 0.3252 -0.1988, -0.0812 0.3259 -0.1988, -0.0787 0.315 -0.2, -0.0855 0.3239 -0.1988, -0.0873 0.3222 -0.1988, -0.0887 0.3202 -0.1988, -0.0896 0.318 -0.1988, -0.09 0.3156 -0.1988, -0.0898 0.3131 -0.1988, -0.0892 0.3108 -0.1988, -0.088 0.3087 -0.1988, -0.0865 0.3068 -0.1988, -0.0845 0.3053 -0.1988, -0.0823 0.3043 -0.1988, -0.08 0.3038 -0.1988, -0.0775 0.3038 -0.1988, -0.0752 0.3043 -0.1988, -0.0729 0.3053 -0.1988, -0.071 0.3068 -0.1988, -0.0694 0.3087 -0.1988, -0.0683 0.3108 -0.1988, -0.0676 0.3131 -0.1988, -0.0675 0.3156 -0.1988, -0.0679 0.318 -0.1988, -0.0688 0.3202 -0.1988, -0.0702 0.3222 -0.1988, -0.0719 0.3239 -0.1988, -0.074 0.3252 -0.1988, -0.0763 0.3259 -0.1988, -0.0787 0.3262 -0.1988, -0.0378 0.315 -0.1181, -0.0383 0.3083 -0.1181, -0.0327 0.3074 -0.1279, -0.0407 0.2998 -0.1181, -0.0354 0.2977 -0.1279, -0.0449 0.292 -0.1181, -0.0401 0.2888 -0.1279, -0.0506 0.2852 -0.1181, -0.0466 0.2811 -0.1279, -0.0576 0.2799 -0.1181, -0.0547 0.275 -0.1279, -0.0657 0.2762 -0.1181, -0.0638 0.2707 -0.1279, -0.0743 0.2743 -0.1181, -0.0737 0.2685 -0.1279, -0.0832 0.2743 -0.1181, -0.0838 0.2685 -0.1279, -0.0918 0.2762 -0.1181, -0.0936 0.2707 -0.1279, -0.0998 0.2799 -0.1181, -0.1028 0.275 -0.1279, -0.1069 0.2852 -0.1181, -0.1108 0.2811 -0.1279, -0.1126 0.292 -0.1181, -0.1174 0.2888 -0.1279, -0.1168 0.2998 -0.1181, -0.1221 0.2977 -0.1279, -0.1191 0.3083 -0.1181, -0.1248 0.3074 -0.1279, -0.1196 0.3172 -0.1181, -0.1254 0.3175 -0.1279, -0.1182 0.3259 -0.1181, -0.1237 0.3275 -0.1279, -0.1149 0.3341 -0.1181, -0.12 0.3368 -0.1279, -0.1099 0.3415 -0.1181, -0.1143 0.3452 -0.1279, -0.1035 0.3476 -0.1181, -0.107 0.3521 -0.1279, -0.0959 0.3521 -0.1181, -0.0983 0.3573 -0.1279, -0.0875 0.3549 -0.1181, -0.0888 0.3606 -0.1279, -0.0787 0.3559 -0.1181, -0.0787 0.3617 -0.1279, -0.0699 0.3549 -0.1181, -0.0687 0.3606 -0.1279, -0.0615 0.3521 -0.1181, -0.0591 0.3573 -0.1279, -0.054 0.3476 -0.1181, -0.0505 0.3521 -0.1279, -0.0475 0.3415 -0.1181, -0.0432 0.3452 -0.1279, -0.0426 0.3341 -0.1181, -0.0375 0.3368 -0.1279, -0.0393 0.3259 -0.1181, -0.0338 0.3275 -0.1279, -0.0379 0.3172 -0.1181, -0.0321 0.3175 -0.1279, -0.0895 0.3639 -0.1386, -0.0998 0.3605 -0.1386, -0.1091 0.3549 -0.1386, -0.117 0.3474 -0.1386, -0.1231 0.3385 -0.1386, -0.1271 0.3284 -0.1386, -0.1288 0.3177 -0.1386, -0.1282 0.3068 -0.1386, -0.1253 0.2964 -0.1386, -0.1203 0.2868 -0.1386, -0.1132 0.2785 -0.1386, -0.1046 0.272 -0.1386, -0.0948 0.2674 -0.1386, -0.0842 0.2651 -0.1386, -0.0733 0.2651 -0.1386, -0.0627 0.2674 -0.1386, -0.0529 0.272 -0.1386, -0.0442 0.2785 -0.1386, -0.0372 0.2868 -0.1386, -0.0321 0.2964 -0.1386, -0.0292 0.3068 -0.1386, -0.0287 0.3177 -0.1386, -0.0304 0.3284 -0.1386, -0.0344 0.3385 -0.1386, -0.0405 0.3474 -0.1386, -0.0484 0.3549 -0.1386, -0.0577 0.3605 -0.1386, -0.068 0.3639 -0.1386, -0.0787 0.3651 -0.1386, -0.0897 0.3649 -0.1499, -0.1002 0.3614 -0.1499, -0.1097 0.3557 -0.1499, -0.1177 0.3481 -0.1499, -0.1239 0.3389 -0.1499, -0.128 0.3286 -0.1499, -0.1298 0.3177 -0.1499, -0.1292 0.3067 -0.1499, -0.1263 0.296 -0.1499, -0.1211 0.2862 -0.1499, -0.1139 0.2778 -0.1499, -0.1051 0.2711 -0.1499, -0.0951 0.2665 -0.1499, -0.0843 0.2641 -0.1499, -0.0732 0.2641 -0.1499, -0.0624 0.2665 -0.1499, -0.0524 0.2711 -0.1499, -0.0436 0.2778 -0.1499, -0.0364 0.2862 -0.1499, -0.0312 0.296 -0.1499, -0.0282 0.3067 -0.1499, -0.0276 0.3177 -0.1499, -0.0294 0.3286 -0.1499, -0.0335 0.3389 -0.1499, -0.0397 0.3481 -0.1499, -0.0478 0.3557 -0.1499, -0.0573 0.3614 -0.1499, -0.0677 0.3649 -0.1499, -0.0787 0.3661 -0.1499, -0.0894 0.3635 -0.1611, -0.0996 0.3601 -0.1611, -0.1088 0.3545 -0.1611, -0.1166 0.3471 -0.1611, -0.1226 0.3382 -0.1611, -0.1266 0.3283 -0.1611, -0.1284 0.3177 -0.1611, -0.1278 0.3069 -0.1611, -0.1249 0.2966 -0.1611, -0.1199 0.2871 -0.1611, -0.1129 0.2789 -0.1611, -0.1044 0.2724 -0.1611, -0.0946 0.2679 -0.1611, -0.0841 0.2656 -0.1611, -0.0734 0.2656 -0.1611, -0.0629 0.2679 -0.1611, -0.0531 0.2724 -0.1611, -0.0446 0.2789 -0.1611, -0.0376 0.2871 -0.1611, -0.0326 0.2966 -0.1611, -0.0297 0.3069 -0.1611, -0.0291 0.3177 -0.1611, -0.0309 0.3283 -0.1611, -0.0348 0.3382 -0.1611, -0.0409 0.3471 -0.1611, -0.0487 0.3545 -0.1611, -0.0579 0.3601 -0.1611, -0.0681 0.3635 -0.1611, -0.0787 0.3646 -0.1611, -0.0886 0.3597 -0.1717, -0.098 0.3565 -0.1717, -0.1064 0.3514 -0.1717, -0.1136 0.3446 -0.1717, -0.1192 0.3364 -0.1717, -0.1228 0.3272 -0.1717, -0.1245 0.3174 -0.1717, -0.1239 0.3076 -0.1717, -0.1213 0.298 -0.1717, -0.1166 0.2893 -0.1717, -0.1102 0.2817 -0.1717, -0.1023 0.2757 -0.1717, -0.0934 0.2716 -0.1717, -0.0837 0.2695 -0.1717, -0.0738 0.2695 -0.1717, -0.0641 0.2716 -0.1717, -0.0551 0.2757 -0.1717, -0.0473 0.2817 -0.1717, -0.0409 0.2893 -0.1717, -0.0362 0.298 -0.1717, -0.0336 0.3076 -0.1717, -0.033 0.3174 -0.1717, -0.0346 0.3272 -0.1717, -0.0383 0.3364 -0.1717, -0.0439 0.3446 -0.1717, -0.051 0.3514 -0.1717, -0.0595 0.3565 -0.1717, -0.0689 0.3597 -0.1717, -0.0787 0.3607 -0.1717, -0.0873 0.3537 -0.1812, -0.0954 0.3509 -0.1812, -0.1027 0.3465 -0.1812, -0.1089 0.3406 -0.1812, -0.1138 0.3335 -0.1812, -0.1169 0.3256 -0.1812, -0.1183 0.3171 -0.1812, -0.1179 0.3085 -0.1812, -0.1156 0.3003 -0.1812, -0.1115 0.2927 -0.1812, -0.106 0.2862 -0.1812, -0.0992 0.281 -0.1812, -0.0914 0.2774 -0.1812, -0.083 0.2756 -0.1812, -0.0745 0.2756 -0.1812, -0.0661 0.2774 -0.1812, -0.0583 0.281 -0.1812, -0.0515 0.2862 -0.1812, -0.0459 0.2927 -0.1812, -0.0419 0.3003 -0.1812, -0.0396 0.3085 -0.1812, -0.0392 0.3171 -0.1812, -0.0406 0.3256 -0.1812, -0.0437 0.3335 -0.1812, -0.0485 0.3406 -0.1812, -0.0548 0.3465 -0.1812, -0.0621 0.3509 -0.1812, -0.0702 0.3537 -0.1812, -0.0787 0.3546 -0.1812, -0.0855 0.3458 -0.1891, -0.092 0.3436 -0.1891, -0.0978 0.3401 -0.1891, -0.1028 0.3354 -0.1891, -0.1066 0.3297 -0.1891, -0.1091 0.3234 -0.1891, -0.1102 0.3167 -0.1891, -0.1099 0.3099 -0.1891, -0.1081 0.3033 -0.1891, -0.1049 0.2973 -0.1891, -0.1004 0.2921 -0.1891, -0.095 0.2879 -0.1891, -0.0888 0.2851 -0.1891, -0.0822 0.2836 -0.1891, -0.0753 0.2836 -0.1891, -0.0687 0.2851 -0.1891, -0.0625 0.2879 -0.1891, -0.057 0.2921 -0.1891, -0.0526 0.2973 -0.1891, -0.0494 0.3033 -0.1891, -0.0476 0.3099 -0.1891, -0.0472 0.3167 -0.1891, -0.0483 0.3234 -0.1891, -0.0509 0.3297 -0.1891, -0.0547 0.3354 -0.1891, -0.0596 0.3401 -0.1891, -0.0655 0.3436 -0.1891, -0.072 0.3458 -0.1891, -0.0787 0.3465 -0.1891, -0.0835 0.3364 -0.1951, -0.0879 0.3349 -0.1951, -0.092 0.3324 -0.1951, -0.0955 0.3292 -0.1951, -0.0981 0.3252 -0.1951, -0.0999 0.3208 -0.1951, -0.1006 0.3161 -0.1951, -0.1004 0.3114 -0.1951, -0.0991 0.3068 -0.1951, -0.0969 0.3027 -0.1951, -0.0938 0.299 -0.1951, -0.09 0.2962 -0.1951, -0.0857 0.2942 -0.1951, -0.0811 0.2932 -0.1951, -0.0764 0.2932 -0.1951, -0.0717 0.2942 -0.1951, -0.0674 0.2962 -0.1951, -0.0637 0.299 -0.1951, -0.0606 0.3027 -0.1951, -0.0584 0.3068 -0.1951, -0.0571 0.3114 -0.1951, -0.0568 0.3161 -0.1951, -0.0576 0.3208 -0.1951, -0.0594 0.3252 -0.1951, -0.062 0.3292 -0.1951, -0.0655 0.3324 -0.1951, -0.0695 0.3349 -0.1951, -0.074 0.3364 -0.1951, -0.0787 0.3369 -0.1951, -0.0835 0.1677 -0.1988, -0.0812 0.1685 -0.1988, -0.0787 0.1575 -0.2, -0.0855 0.1664 -0.1988, -0.0873 0.1648 -0.1988, -0.0887 0.1627 -0.1988, -0.0896 0.1605 -0.1988, -0.09 0.1581 -0.1988, -0.0898 0.1557 -0.1988, -0.0892 0.1533 -0.1988, -0.088 0.1512 -0.1988, -0.0865 0.1493 -0.1988, -0.0845 0.1478 -0.1988, -0.0823 0.1468 -0.1988, -0.08 0.1463 -0.1988, -0.0775 0.1463 -0.1988, -0.0752 0.1468 -0.1988, -0.0729 0.1478 -0.1988, -0.071 0.1493 -0.1988, -0.0694 0.1512 -0.1988, -0.0683 0.1533 -0.1988, -0.0676 0.1557 -0.1988, -0.0675 0.1581 -0.1988, -0.0679 0.1605 -0.1988, -0.0688 0.1627 -0.1988, -0.0702 0.1648 -0.1988, -0.0719 0.1664 -0.1988, -0.074 0.1677 -0.1988, -0.0763 0.1685 -0.1988, -0.0787 0.1687 -0.1988, -0.0378 0.1575 -0.1181, -0.0383 0.1509 -0.1181, -0.0327 0.1499 -0.1279, -0.0407 0.1423 -0.1181, -0.0354 0.1402 -0.1279, -0.0449 0.1345 -0.1181, -0.0401 0.1313 -0.1279, -0.0506 0.1278 -0.1181, -0.0466 0.1236 -0.1279, -0.0576 0.1224 -0.1181, -0.0547 0.1175 -0.1279, -0.0657 0.1187 -0.1181, -0.0638 0.1132 -0.1279, -0.0743 0.1168 -0.1181, -0.0737 0.1111 -0.1279, -0.0832 0.1168 -0.1181, -0.0838 0.1111 -0.1279, -0.0918 0.1187 -0.1181, -0.0936 0.1132 -0.1279, -0.0998 0.1224 -0.1181, -0.1028 0.1175 -0.1279, -0.1069 0.1278 -0.1181, -0.1108 0.1236 -0.1279, -0.1126 0.1345 -0.1181, -0.1174 0.1313 -0.1279, -0.1168 0.1423 -0.1181, -0.1221 0.1402 -0.1279, -0.1191 0.1509 -0.1181, -0.1248 0.1499 -0.1279, -0.1196 0.1597 -0.1181, -0.1254 0.16 -0.1279, -0.1182 0.1684 -0.1181, -0.1237 0.17 -0.1279, -0.1149 0.1767 -0.1181, -0.12 0.1793 -0.1279, -0.1099 0.184 -0.1181, -0.1143 0.1877 -0.1279, -0.1035 0.1901 -0.1181, -0.107 0.1946 -0.1279, -0.0959 0.1946 -0.1181, -0.0983 0.1999 -0.1279, -0.0875 0.1975 -0.1181, -0.0888 0.2031 -0.1279, -0.0787 0.1984 -0.1181, -0.0787 0.2042 -0.1279, -0.0699 0.1975 -0.1181, -0.0687 0.2031 -0.1279, -0.0615 0.1946 -0.1181, -0.0591 0.1999 -0.1279, -0.054 0.1901 -0.1181, -0.0505 0.1946 -0.1279, -0.0475 0.184 -0.1181, -0.0432 0.1877 -0.1279, -0.0426 0.1767 -0.1181, -0.0375 0.1793 -0.1279, -0.0393 0.1684 -0.1181, -0.0338 0.17 -0.1279, -0.0379 0.1597 -0.1181, -0.0321 0.16 -0.1279, -0.0895 0.2065 -0.1386, -0.0998 0.203 -0.1386, -0.1091 0.1974 -0.1386, -0.117 0.1899 -0.1386, -0.1231 0.181 -0.1386, -0.1271 0.1709 -0.1386, -0.1288 0.1602 -0.1386, -0.1282 0.1494 -0.1386, -0.1253 0.1389 -0.1386, -0.1203 0.1293 -0.1386, -0.1132 0.1211 -0.1386, -0.1046 0.1145 -0.1386, -0.0948 0.11 -0.1386, -0.0842 0.1076 -0.1386, -0.0733 0.1076 -0.1386, -0.0627 0.11 -0.1386, -0.0529 0.1145 -0.1386, -0.0442 0.1211 -0.1386, -0.0372 0.1293 -0.1386, -0.0321 0.1389 -0.1386, -0.0292 0.1494 -0.1386, -0.0287 0.1602 -0.1386, -0.0304 0.1709 -0.1386, -0.0344 0.181 -0.1386, -0.0405 0.1899 -0.1386, -0.0484 0.1974 -0.1386, -0.0577 0.203 -0.1386, -0.068 0.2065 -0.1386, -0.0787 0.2076 -0.1386, -0.0897 0.2075 -0.1499, -0.1002 0.2039 -0.1499, -0.1097 0.1982 -0.1499, -0.1177 0.1906 -0.1499, -0.1239 0.1814 -0.1499, -0.128 0.1712 -0.1499, -0.1298 0.1603 -0.1499, -0.1292 0.1492 -0.1499, -0.1263 0.1385 -0.1499, -0.1211 0.1288 -0.1499, -0.1139 0.1203 -0.1499, -0.1051 0.1136 -0.1499, -0.0951 0.109 -0.1499, -0.0843 0.1066 -0.1499, -0.0732 0.1066 -0.1499, -0.0624 0.109 -0.1499, -0.0524 0.1136 -0.1499, -0.0436 0.1203 -0.1499, -0.0364 0.1288 -0.1499, -0.0312 0.1385 -0.1499, -0.0282 0.1492 -0.1499, -0.0276 0.1603 -0.1499, -0.0294 0.1712 -0.1499, -0.0335 0.1814 -0.1499, -0.0397 0.1906 -0.1499, -0.0478 0.1982 -0.1499, -0.0573 0.2039 -0.1499, -0.0677 0.2075 -0.1499, -0.0787 0.2087 -0.1499, -0.0894 0.206 -0.1611, -0.0996 0.2026 -0.1611, -0.1088 0.197 -0.1611, -0.1166 0.1896 -0.1611, -0.1226 0.1808 -0.1611, -0.1266 0.1708 -0.1611, -0.1284 0.1602 -0.1611, -0.1278 0.1494 -0.1611, -0.1249 0.1391 -0.1611, -0.1199 0.1296 -0.1611, -0.1129 0.1214 -0.1611, -0.1044 0.1149 -0.1611, -0.0946 0.1104 -0.1611, -0.0841 0.1081 -0.1611, -0.0734 0.1081 -0.1611, -0.0629 0.1104 -0.1611, -0.0531 0.1149 -0.1611, -0.0446 0.1214 -0.1611, -0.0376 0.1296 -0.1611, -0.0326 0.1391 -0.1611, -0.0297 0.1494 -0.1611, -0.0291 0.1602 -0.1611, -0.0309 0.1708 -0.1611, -0.0348 0.1808 -0.1611, -0.0409 0.1896 -0.1611, -0.0487 0.197 -0.1611, -0.0579 0.2026 -0.1611, -0.0681 0.206 -0.1611, -0.0787 0.2072 -0.1611, -0.0886 0.2022 -0.1717, -0.098 0.199 -0.1717, -0.1064 0.1939 -0.1717, -0.1136 0.1871 -0.1717, -0.1192 0.1789 -0.1717, -0.1228 0.1697 -0.1717, -0.1245 0.16 -0.1717, -0.1239 0.1501 -0.1717, -0.1213 0.1405 -0.1717, -0.1166 0.1318 -0.1717, -0.1102 0.1242 -0.1717, -0.1023 0.1183 -0.1717, -0.0934 0.1141 -0.1717, -0.0837 0.112 -0.1717, -0.0738 0.112 -0.1717, -0.0641 0.1141 -0.1717, -0.0551 0.1183 -0.1717, -0.0473 0.1242 -0.1717, -0.0409 0.1318 -0.1717, -0.0362 0.1405 -0.1717, -0.0336 0.1501 -0.1717, -0.033 0.16 -0.1717, -0.0346 0.1697 -0.1717, -0.0383 0.1789 -0.1717, -0.0439 0.1871 -0.1717, -0.051 0.1939 -0.1717, -0.0595 0.199 -0.1717, -0.0689 0.2022 -0.1717, -0.0787 0.2033 -0.1717, -0.0873 0.1962 -0.1812, -0.0954 0.1935 -0.1812, -0.1027 0.189 -0.1812, -0.1089 0.1831 -0.1812, -0.1138 0.176 -0.1812, -0.1169 0.1681 -0.1812, -0.1183 0.1596 -0.1812, -0.1179 0.1511 -0.1812, -0.1156 0.1428 -0.1812, -0.1115 0.1352 -0.1812, -0.106 0.1287 -0.1812, -0.0992 0.1235 -0.1812, -0.0914 0.1199 -0.1812, -0.083 0.1181 -0.1812, -0.0745 0.1181 -0.1812, -0.0661 0.1199 -0.1812, -0.0583 0.1235 -0.1812, -0.0515 0.1287 -0.1812, -0.0459 0.1352 -0.1812, -0.0419 0.1428 -0.1812, -0.0396 0.1511 -0.1812, -0.0392 0.1596 -0.1812, -0.0406 0.1681 -0.1812, -0.0437 0.176 -0.1812, -0.0485 0.1831 -0.1812, -0.0548 0.189 -0.1812, -0.0621 0.1935 -0.1812, -0.0702 0.1962 -0.1812, -0.0787 0.1971 -0.1812, -0.0855 0.1883 -0.1891, -0.092 0.1861 -0.1891, -0.0978 0.1826 -0.1891, -0.1028 0.1779 -0.1891, -0.1066 0.1723 -0.1891, -0.1091 0.1659 -0.1891, -0.1102 0.1592 -0.1891, -0.1099 0.1524 -0.1891, -0.1081 0.1458 -0.1891, -0.1049 0.1398 -0.1891, -0.1004 0.1346 -0.1891, -0.095 0.1304 -0.1891, -0.0888 0.1276 -0.1891, -0.0822 0.1261 -0.1891, -0.0753 0.1261 -0.1891, -0.0687 0.1276 -0.1891, -0.0625 0.1304 -0.1891, -0.057 0.1346 -0.1891, -0.0526 0.1398 -0.1891, -0.0494 0.1458 -0.1891, -0.0476 0.1524 -0.1891, -0.0472 0.1592 -0.1891, -0.0483 0.1659 -0.1891, -0.0509 0.1723 -0.1891, -0.0547 0.1779 -0.1891, -0.0596 0.1826 -0.1891, -0.0655 0.1861 -0.1891, -0.072 0.1883 -0.1891, -0.0787 0.189 -0.1891, -0.0835 0.1789 -0.1951, -0.0879 0.1774 -0.1951, -0.092 0.1749 -0.1951, -0.0955 0.1717 -0.1951, -0.0981 0.1678 -0.1951, -0.0999 0.1633 -0.1951, -0.1006 0.1587 -0.1951, -0.1004 0.1539 -0.1951, -0.0991 0.1494 -0.1951, -0.0969 0.1452 -0.1951, -0.0938 0.1416 -0.1951, -0.09 0.1387 -0.1951, -0.0857 0.1367 -0.1951, -0.0811 0.1357 -0.1951, -0.0764 0.1357 -0.1951, -0.0717 0.1367 -0.1951, -0.0674 0.1387 -0.1951, -0.0637 0.1416 -0.1951, -0.0606 0.1452 -0.1951, -0.0584 0.1494 -0.1951, -0.0571 0.1539 -0.1951, -0.0568 0.1587 -0.1951, -0.0576 0.1633 -0.1951, -0.0594 0.1678 -0.1951, -0.062 0.1717 -0.1951, -0.0655 0.1749 -0.1951, -0.0695 0.1774 -0.1951, -0.074 0.1789 -0.1951, -0.0787 0.1794 -0.1951, -0.0835 0.0102 -0.1988, -0.0812 0.011 -0.1988, -0.0787 0.0 -0.2, -0.0855 0.0089 -0.1988, -0.0873 0.0073 -0.1988, -0.0887 0.0053 -0.1988, -0.0896 0.003 -0.1988, -0.09 0.0006 -0.1988, -0.0898 -0.0018 -0.1988, -0.0892 -0.0042 -0.1988, -0.088 -0.0063 -0.1988, -0.0865 -0.0082 -0.1988, -0.0845 -0.0096 -0.1988, -0.0823 -0.0107 -0.1988, -0.08 -0.0112 -0.1988, -0.0775 -0.0112 -0.1988, -0.0752 -0.0107 -0.1988, -0.0729 -0.0096 -0.1988, -0.071 -0.0082 -0.1988, -0.0694 -0.0063 -0.1988, -0.0683 -0.0042 -0.1988, -0.0676 -0.0018 -0.1988, -0.0675 0.0006 -0.1988, -0.0679 0.003 -0.1988, -0.0688 0.0053 -0.1988, -0.0702 0.0073 -0.1988, -0.0719 0.0089 -0.1988, -0.074 0.0102 -0.1988, -0.0763 0.011 -0.1988, -0.0787 0.0112 -0.1988, -0.0378 -0.0 -0.1181, -0.0383 -0.0066 -0.1181, -0.0327 -0.0076 -0.1279, -0.0407 -0.0152 -0.1181, -0.0354 -0.0173 -0.1279, -0.0449 -0.023 -0.1181, -0.0401 -0.0262 -0.1279, -0.0506 -0.0297 -0.1181, -0.0466 -0.0339 -0.1279, -0.0576 -0.0351 -0.1181, -0.0547 -0.04 -0.1279, -0.0657 -0.0388 -0.1181, -0.0638 -0.0442 -0.1279, -0.0743 -0.0407 -0.1181, -0.0737 -0.0464 -0.1279, -0.0832 -0.0407 -0.1181, -0.0838 -0.0464 -0.1279, -0.0918 -0.0388 -0.1181, -0.0936 -0.0442 -0.1279, -0.0998 -0.0351 -0.1181, -0.1028 -0.04 -0.1279, -0.1069 -0.0297 -0.1181, -0.1108 -0.0339 -0.1279, -0.1126 -0.023 -0.1181, -0.1174 -0.0262 -0.1279, -0.1168 -0.0152 -0.1181, -0.1221 -0.0173 -0.1279, -0.1191 -0.0066 -0.1181, -0.1248 -0.0076 -0.1279, -0.1196 0.0022 -0.1181, -0.1254 0.0025 -0.1279, -0.1182 0.011 -0.1181, -0.1237 0.0125 -0.1279, -0.1149 0.0192 -0.1181, -0.12 0.0219 -0.1279, -0.1099 0.0265 -0.1181, -0.1143 0.0302 -0.1279, -0.1035 0.0326 -0.1181, -0.107 0.0372 -0.1279, -0.0959 0.0372 -0.1181, -0.0983 0.0424 -0.1279, -0.0875 0.04 -0.1181, -0.0888 0.0456 -0.1279, -0.0787 0.0409 -0.1181, -0.0787 0.0467 -0.1279, -0.0699 0.04 -0.1181, -0.0687 0.0456 -0.1279, -0.0615 0.0372 -0.1181, -0.0591 0.0424 -0.1279, -0.054 0.0326 -0.1181, -0.0505 0.0372 -0.1279, -0.0475 0.0265 -0.1181, -0.0432 0.0302 -0.1279, -0.0426 0.0192 -0.1181, -0.0375 0.0219 -0.1279, -0.0393 0.011 -0.1181, -0.0338 0.0125 -0.1279, -0.0379 0.0022 -0.1181, -0.0321 0.0025 -0.1279, -0.0895 0.049 -0.1386, -0.0998 0.0455 -0.1386, -0.1091 0.0399 -0.1386, -0.117 0.0325 -0.1386, -0.1231 0.0235 -0.1386, -0.1271 0.0134 -0.1386, -0.1288 0.0027 -0.1386, -0.1282 -0.0081 -0.1386, -0.1253 -0.0186 -0.1386, -0.1203 -0.0281 -0.1386, -0.1132 -0.0364 -0.1386, -0.1046 -0.043 -0.1386, -0.0948 -0.0475 -0.1386, -0.0842 -0.0499 -0.1386, -0.0733 -0.0499 -0.1386, -0.0627 -0.0475 -0.1386, -0.0529 -0.043 -0.1386, -0.0442 -0.0364 -0.1386, -0.0372 -0.0281 -0.1386, -0.0321 -0.0186 -0.1386, -0.0292 -0.0081 -0.1386, -0.0287 0.0027 -0.1386, -0.0304 0.0134 -0.1386, -0.0344 0.0235 -0.1386, -0.0405 0.0325 -0.1386, -0.0484 0.0399 -0.1386, -0.0577 0.0455 -0.1386, -0.068 0.049 -0.1386, -0.0787 0.0502 -0.1386, -0.0897 0.05 -0.1499, -0.1002 0.0464 -0.1499, -0.1097 0.0407 -0.1499, -0.1177 0.0331 -0.1499, -0.1239 0.024 -0.1499, -0.128 0.0137 -0.1499, -0.1298 0.0028 -0.1499, -0.1292 -0.0083 -0.1499, -0.1263 -0.0189 -0.1499, -0.1211 -0.0287 -0.1499, -0.1139 -0.0371 -0.1499, -0.1051 -0.0438 -0.1499, -0.0951 -0.0485 -0.1499, -0.0843 -0.0509 -0.1499, -0.0732 -0.0509 -0.1499, -0.0624 -0.0485 -0.1499, -0.0524 -0.0438 -0.1499, -0.0436 -0.0371 -0.1499, -0.0364 -0.0287 -0.1499, -0.0312 -0.0189 -0.1499, -0.0282 -0.0083 -0.1499, -0.0276 0.0028 -0.1499, -0.0294 0.0137 -0.1499, -0.0335 0.024 -0.1499, -0.0397 0.0331 -0.1499, -0.0478 0.0407 -0.1499, -0.0573 0.0464 -0.1499, -0.0677 0.05 -0.1499, -0.0787 0.0512 -0.1499, -0.0894 0.0485 -0.1611, -0.0996 0.0451 -0.1611, -0.1088 0.0396 -0.1611, -0.1166 0.0322 -0.1611, -0.1226 0.0233 -0.1611, -0.1266 0.0133 -0.1611, -0.1284 0.0027 -0.1611, -0.1278 -0.008 -0.1611, -0.1249 -0.0184 -0.1611, -0.1199 -0.0279 -0.1611, -0.1129 -0.0361 -0.1611, -0.1044 -0.0426 -0.1611, -0.0946 -0.0471 -0.1611, -0.0841 -0.0494 -0.1611, -0.0734 -0.0494 -0.1611, -0.0629 -0.0471 -0.1611, -0.0531 -0.0426 -0.1611, -0.0446 -0.0361 -0.1611, -0.0376 -0.0279 -0.1611, -0.0326 -0.0184 -0.1611, -0.0297 -0.008 -0.1611, -0.0291 0.0027 -0.1611, -0.0309 0.0133 -0.1611, -0.0348 0.0233 -0.1611, -0.0409 0.0322 -0.1611, -0.0487 0.0396 -0.1611, -0.0579 0.0451 -0.1611, -0.0681 0.0485 -0.1611, -0.0787 0.0497 -0.1611, -0.0886 0.0447 -0.1717, -0.098 0.0415 -0.1717, -0.1064 0.0364 -0.1717, -0.1136 0.0296 -0.1717, -0.1192 0.0214 -0.1717, -0.1228 0.0122 -0.1717, -0.1245 0.0025 -0.1717, -0.1239 -0.0074 -0.1717, -0.1213 -0.0169 -0.1717, -0.1166 -0.0257 -0.1717, -0.1102 -0.0332 -0.1717, -0.1023 -0.0392 -0.1717, -0.0934 -0.0434 -0.1717, -0.0837 -0.0455 -0.1717, -0.0738 -0.0455 -0.1717, -0.0641 -0.0434 -0.1717, -0.0551 -0.0392 -0.1717, -0.0473 -0.0332 -0.1717, -0.0409 -0.0257 -0.1717, -0.0362 -0.0169 -0.1717, -0.0336 -0.0074 -0.1717, -0.033 0.0025 -0.1717, -0.0346 0.0122 -0.1717, -0.0383 0.0214 -0.1717, -0.0439 0.0296 -0.1717, -0.051 0.0364 -0.1717, -0.0595 0.0415 -0.1717, -0.0689 0.0447 -0.1717, -0.0787 0.0458 -0.1717, -0.0873 0.0387 -0.1812, -0.0954 0.036 -0.1812, -0.1027 0.0316 -0.1812, -0.1089 0.0257 -0.1812, -0.1138 0.0186 -0.1812, -0.1169 0.0106 -0.1812, -0.1183 0.0021 -0.1812, -0.1179 -0.0064 -0.1812, -0.1156 -0.0147 -0.1812, -0.1115 -0.0222 -0.1812, -0.106 -0.0288 -0.1812, -0.0992 -0.034 -0.1812, -0.0914 -0.0376 -0.1812, -0.083 -0.0394 -0.1812, -0.0745 -0.0394 -0.1812, -0.0661 -0.0376 -0.1812, -0.0583 -0.034 -0.1812, -0.0515 -0.0288 -0.1812, -0.0459 -0.0222 -0.1812, -0.0419 -0.0147 -0.1812, -0.0396 -0.0064 -0.1812, -0.0392 0.0021 -0.1812, -0.0406 0.0106 -0.1812, -0.0437 0.0186 -0.1812, -0.0485 0.0257 -0.1812, -0.0548 0.0316 -0.1812, -0.0621 0.036 -0.1812, -0.0702 0.0387 -0.1812, -0.0787 0.0396 -0.1812, -0.0855 0.0308 -0.1891, -0.092 0.0286 -0.1891, -0.0978 0.0251 -0.1891, -0.1028 0.0204 -0.1891, -0.1066 0.0148 -0.1891, -0.1091 0.0084 -0.1891, -0.1102 0.0017 -0.1891, -0.1099 -0.0051 -0.1891, -0.1081 -0.0117 -0.1891, -0.1049 -0.0177 -0.1891, -0.1004 -0.0229 -0.1891, -0.095 -0.027 -0.1891, -0.0888 -0.0299 -0.1891, -0.0822 -0.0314 -0.1891, -0.0753 -0.0314 -0.1891, -0.0687 -0.0299 -0.1891, -0.0625 -0.027 -0.1891, -0.057 -0.0229 -0.1891, -0.0526 -0.0177 -0.1891, -0.0494 -0.0117 -0.1891, -0.0476 -0.0051 -0.1891, -0.0472 0.0017 -0.1891, -0.0483 0.0084 -0.1891, -0.0509 0.0148 -0.1891, -0.0547 0.0204 -0.1891, -0.0596 0.0251 -0.1891, -0.0655 0.0286 -0.1891, -0.072 0.0308 -0.1891, -0.0787 0.0316 -0.1891, -0.0835 0.0214 -0.1951, -0.0879 0.0199 -0.1951, -0.092 0.0175 -0.1951, -0.0955 0.0142 -0.1951, -0.0981 0.0103 -0.1951, -0.0999 0.0059 -0.1951, -0.1006 0.0012 -0.1951, -0.1004 -0.0035 -0.1951, -0.0991 -0.0081 -0.1951, -0.0969 -0.0123 -0.1951, -0.0938 -0.0159 -0.1951, -0.09 -0.0188 -0.1951, -0.0857 -0.0208 -0.1951, -0.0811 -0.0218 -0.1951, -0.0764 -0.0218 -0.1951, -0.0717 -0.0208 -0.1951, -0.0674 -0.0188 -0.1951, -0.0637 -0.0159 -0.1951, -0.0606 -0.0123 -0.1951, -0.0584 -0.0081 -0.1951, -0.0571 -0.0035 -0.1951, -0.0568 0.0012 -0.1951, -0.0576 0.0059 -0.1951, -0.0594 0.0103 -0.1951, -0.062 0.0142 -0.1951, -0.0655 0.0175 -0.1951, -0.0695 0.0199 -0.1951, -0.074 0.0214 -0.1951, -0.0787 0.0219 -0.1951, -0.0835 -0.1473 -0.1988, -0.0812 -0.1465 -0.1988, -0.0787 -0.1575 -0.2, -0.0855 -0.1485 -0.1988, -0.0873 -0.1502 -0.1988, -0.0887 -0.1522 -0.1988, -0.0896 -0.1545 -0.1988, -0.09 -0.1569 -0.1988, -0.0898 -0.1593 -0.1988, -0.0892 -0.1616 -0.1988, -0.088 -0.1638 -0.1988, -0.0865 -0.1656 -0.1988, -0.0845 -0.1671 -0.1988, -0.0823 -0.1681 -0.1988, -0.08 -0.1687 -0.1988, -0.0775 -0.1687 -0.1988, -0.0752 -0.1681 -0.1988, -0.0729 -0.1671 -0.1988, -0.071 -0.1656 -0.1988, -0.0694 -0.1638 -0.1988, -0.0683 -0.1616 -0.1988, -0.0676 -0.1593 -0.1988, -0.0675 -0.1569 -0.1988, -0.0679 -0.1545 -0.1988, -0.0688 -0.1522 -0.1988, -0.0702 -0.1502 -0.1988, -0.0719 -0.1485 -0.1988, -0.074 -0.1473 -0.1988, -0.0763 -0.1465 -0.1988, -0.0787 -0.1462 -0.1988, -0.0378 -0.1575 -0.1181, -0.0383 -0.1641 -0.1181, -0.0327 -0.165 -0.1279, -0.0407 -0.1726 -0.1181, -0.0354 -0.1748 -0.1279, -0.0449 -0.1805 -0.1181, -0.0401 -0.1837 -0.1279, -0.0506 -0.1872 -0.1181, -0.0466 -0.1914 -0.1279, -0.0576 -0.1926 -0.1181, -0.0547 -0.1975 -0.1279, -0.0657 -0.1963 -0.1181, -0.0638 -0.2017 -0.1279, -0.0743 -0.1982 -0.1181, -0.0737 -0.2039 -0.1279, -0.0832 -0.1982 -0.1181, -0.0838 -0.2039 -0.1279, -0.0918 -0.1963 -0.1181, -0.0936 -0.2017 -0.1279, -0.0998 -0.1926 -0.1181, -0.1028 -0.1975 -0.1279, -0.1069 -0.1872 -0.1181, -0.1108 -0.1914 -0.1279, -0.1126 -0.1805 -0.1181, -0.1174 -0.1837 -0.1279, -0.1168 -0.1726 -0.1181, -0.1221 -0.1748 -0.1279, -0.1191 -0.1641 -0.1181, -0.1248 -0.165 -0.1279, -0.1196 -0.1553 -0.1181, -0.1254 -0.155 -0.1279, -0.1182 -0.1465 -0.1181, -0.1237 -0.145 -0.1279, -0.1149 -0.1383 -0.1181, -0.12 -0.1356 -0.1279, -0.1099 -0.131 -0.1181, -0.1143 -0.1273 -0.1279, -0.1035 -0.1249 -0.1181, -0.107 -0.1203 -0.1279, -0.0959 -0.1203 -0.1181, -0.0983 -0.1151 -0.1279, -0.0875 -0.1175 -0.1181, -0.0888 -0.1119 -0.1279, -0.0787 -0.1165 -0.1181, -0.0787 -0.1108 -0.1279, -0.0699 -0.1175 -0.1181, -0.0687 -0.1119 -0.1279, -0.0615 -0.1203 -0.1181, -0.0591 -0.1151 -0.1279, -0.054 -0.1249 -0.1181, -0.0505 -0.1203 -0.1279, -0.0475 -0.131 -0.1181, -0.0432 -0.1273 -0.1279, -0.0426 -0.1383 -0.1181, -0.0375 -0.1356 -0.1279, -0.0393 -0.1465 -0.1181, -0.0338 -0.145 -0.1279, -0.0379 -0.1553 -0.1181, -0.0321 -0.155 -0.1279, -0.0895 -0.1085 -0.1386, -0.0998 -0.112 -0.1386, -0.1091 -0.1176 -0.1386, -0.117 -0.125 -0.1386, -0.1231 -0.134 -0.1386, -0.1271 -0.1441 -0.1386, -0.1288 -0.1548 -0.1386, -0.1282 -0.1656 -0.1386, -0.1253 -0.176 -0.1386, -0.1203 -0.1856 -0.1386, -0.1132 -0.1939 -0.1386, -0.1046 -0.2005 -0.1386, -0.0948 -0.205 -0.1386, -0.0842 -0.2073 -0.1386, -0.0733 -0.2073 -0.1386, -0.0627 -0.205 -0.1386, -0.0529 -0.2005 -0.1386, -0.0442 -0.1939 -0.1386, -0.0372 -0.1856 -0.1386, -0.0321 -0.176 -0.1386, -0.0292 -0.1656 -0.1386, -0.0287 -0.1548 -0.1386, -0.0304 -0.1441 -0.1386, -0.0344 -0.134 -0.1386, -0.0405 -0.125 -0.1386, -0.0484 -0.1176 -0.1386, -0.0577 -0.112 -0.1386, -0.068 -0.1085 -0.1386, -0.0787 -0.1073 -0.1386, -0.0897 -0.1075 -0.1499, -0.1002 -0.111 -0.1499, -0.1097 -0.1167 -0.1499, -0.1177 -0.1244 -0.1499, -0.1239 -0.1335 -0.1499, -0.128 -0.1438 -0.1499, -0.1298 -0.1547 -0.1499, -0.1292 -0.1658 -0.1499, -0.1263 -0.1764 -0.1499, -0.1211 -0.1862 -0.1499, -0.1139 -0.1946 -0.1499, -0.1051 -0.2013 -0.1499, -0.0951 -0.206 -0.1499, -0.0843 -0.2084 -0.1499, -0.0732 -0.2084 -0.1499, -0.0624 -0.206 -0.1499, -0.0524 -0.2013 -0.1499, -0.0436 -0.1946 -0.1499, -0.0364 -0.1862 -0.1499, -0.0312 -0.1764 -0.1499, -0.0282 -0.1658 -0.1499, -0.0276 -0.1547 -0.1499, -0.0294 -0.1438 -0.1499, -0.0335 -0.1335 -0.1499, -0.0397 -0.1244 -0.1499, -0.0478 -0.1167 -0.1499, -0.0573 -0.111 -0.1499, -0.0677 -0.1075 -0.1499, -0.0787 -0.1063 -0.1499, -0.0894 -0.109 -0.1611, -0.0996 -0.1124 -0.1611, -0.1088 -0.1179 -0.1611, -0.1166 -0.1253 -0.1611, -0.1226 -0.1342 -0.1611, -0.1266 -0.1442 -0.1611, -0.1284 -0.1548 -0.1611, -0.1278 -0.1655 -0.1611, -0.1249 -0.1759 -0.1611, -0.1199 -0.1854 -0.1611, -0.1129 -0.1936 -0.1611, -0.1044 -0.2001 -0.1611, -0.0946 -0.2046 -0.1611, -0.0841 -0.2069 -0.1611, -0.0734 -0.2069 -0.1611, -0.0629 -0.2046 -0.1611, -0.0531 -0.2001 -0.1611, -0.0446 -0.1936 -0.1611, -0.0376 -0.1854 -0.1611, -0.0326 -0.1759 -0.1611, -0.0297 -0.1655 -0.1611, -0.0291 -0.1548 -0.1611, -0.0309 -0.1442 -0.1611, -0.0348 -0.1342 -0.1611, -0.0409 -0.1253 -0.1611, -0.0487 -0.1179 -0.1611, -0.0579 -0.1124 -0.1611, -0.0681 -0.109 -0.1611, -0.0787 -0.1078 -0.1611, -0.0886 -0.1128 -0.1717, -0.098 -0.1159 -0.1717, -0.1064 -0.121 -0.1717, -0.1136 -0.1278 -0.1717, -0.1192 -0.136 -0.1717, -0.1228 -0.1452 -0.1717, -0.1245 -0.155 -0.1717, -0.1239 -0.1649 -0.1717, -0.1213 -0.1744 -0.1717, -0.1166 -0.1832 -0.1717, -0.1102 -0.1907 -0.1717, -0.1023 -0.1967 -0.1717, -0.0934 -0.2009 -0.1717, -0.0837 -0.203 -0.1717, -0.0738 -0.203 -0.1717, -0.0641 -0.2009 -0.1717, -0.0551 -0.1967 -0.1717, -0.0473 -0.1907 -0.1717, -0.0409 -0.1832 -0.1717, -0.0362 -0.1744 -0.1717, -0.0336 -0.1649 -0.1717, -0.033 -0.155 -0.1717, -0.0346 -0.1452 -0.1717, -0.0383 -0.136 -0.1717, -0.0439 -0.1278 -0.1717, -0.051 -0.121 -0.1717, -0.0595 -0.1159 -0.1717, -0.0689 -0.1128 -0.1717, -0.0787 -0.1117 -0.1717, -0.0873 -0.1188 -0.1812, -0.0954 -0.1215 -0.1812, -0.1027 -0.1259 -0.1812, -0.1089 -0.1318 -0.1812, -0.1138 -0.1389 -0.1812, -0.1169 -0.1469 -0.1812, -0.1183 -0.1553 -0.1812, -0.1179 -0.1639 -0.1812, -0.1156 -0.1721 -0.1812, -0.1115 -0.1797 -0.1812, -0.106 -0.1863 -0.1812, -0.0992 -0.1914 -0.1812, -0.0914 -0.195 -0.1812, -0.083 -0.1969 -0.1812, -0.0745 -0.1969 -0.1812, -0.0661 -0.195 -0.1812, -0.0583 -0.1914 -0.1812, -0.0515 -0.1863 -0.1812, -0.0459 -0.1797 -0.1812, -0.0419 -0.1721 -0.1812, -0.0396 -0.1639 -0.1812, -0.0392 -0.1553 -0.1812, -0.0406 -0.1469 -0.1812, -0.0437 -0.1389 -0.1812, -0.0485 -0.1318 -0.1812, -0.0548 -0.1259 -0.1812, -0.0621 -0.1215 -0.1812, -0.0702 -0.1188 -0.1812, -0.0787 -0.1178 -0.1812, -0.0855 -0.1267 -0.1891, -0.092 -0.1288 -0.1891, -0.0978 -0.1324 -0.1891, -0.1028 -0.1371 -0.1891, -0.1066 -0.1427 -0.1891, -0.1091 -0.149 -0.1891, -0.1102 -0.1558 -0.1891, -0.1099 -0.1626 -0.1891, -0.1081 -0.1692 -0.1891, -0.1049 -0.1752 -0.1891, -0.1004 -0.1804 -0.1891, -0.095 -0.1845 -0.1891, -0.0888 -0.1874 -0.1891, -0.0822 -0.1888 -0.1891, -0.0753 -0.1888 -0.1891, -0.0687 -0.1874 -0.1891, -0.0625 -0.1845 -0.1891, -0.057 -0.1804 -0.1891, -0.0526 -0.1752 -0.1891, -0.0494 -0.1692 -0.1891, -0.0476 -0.1626 -0.1891, -0.0472 -0.1558 -0.1891, -0.0483 -0.149 -0.1891, -0.0509 -0.1427 -0.1891, -0.0547 -0.1371 -0.1891, -0.0596 -0.1324 -0.1891, -0.0655 -0.1288 -0.1891, -0.072 -0.1267 -0.1891, -0.0787 -0.1259 -0.1891, -0.0835 -0.1361 -0.1951, -0.0879 -0.1376 -0.1951, -0.092 -0.14 -0.1951, -0.0955 -0.1433 -0.1951, -0.0981 -0.1472 -0.1951, -0.0999 -0.1516 -0.1951, -0.1006 -0.1563 -0.1951, -0.1004 -0.161 -0.1951, -0.0991 -0.1656 -0.1951, -0.0969 -0.1698 -0.1951, -0.0938 -0.1734 -0.1951, -0.09 -0.1763 -0.1951, -0.0857 -0.1783 -0.1951, -0.0811 -0.1793 -0.1951, -0.0764 -0.1793 -0.1951, -0.0717 -0.1783 -0.1951, -0.0674 -0.1763 -0.1951, -0.0637 -0.1734 -0.1951, -0.0606 -0.1698 -0.1951, -0.0584 -0.1656 -0.1951, -0.0571 -0.161 -0.1951, -0.0568 -0.1563 -0.1951, -0.0576 -0.1516 -0.1951, -0.0594 -0.1472 -0.1951, -0.062 -0.1433 -0.1951, -0.0655 -0.14 -0.1951, -0.0695 -0.1376 -0.1951, -0.074 -0.1361 -0.1951, -0.0787 -0.1355 -0.1951, -0.0835 -0.3048 -0.1988, -0.0812 -0.304 -0.1988, -0.0787 -0.315 -0.2, -0.0855 -0.306 -0.1988, -0.0873 -0.3077 -0.1988, -0.0887 -0.3097 -0.1988, -0.0896 -0.312 -0.1988, -0.09 -0.3144 -0.1988, -0.0898 -0.3168 -0.1988, -0.0892 -0.3191 -0.1988, -0.088 -0.3213 -0.1988, -0.0865 -0.3231 -0.1988, -0.0845 -0.3246 -0.1988, -0.0823 -0.3256 -0.1988, -0.08 -0.3261 -0.1988, -0.0775 -0.3261 -0.1988, -0.0752 -0.3256 -0.1988, -0.0729 -0.3246 -0.1988, -0.071 -0.3231 -0.1988, -0.0694 -0.3213 -0.1988, -0.0683 -0.3191 -0.1988, -0.0676 -0.3168 -0.1988, -0.0675 -0.3144 -0.1988, -0.0679 -0.312 -0.1988, -0.0688 -0.3097 -0.1988, -0.0702 -0.3077 -0.1988, -0.0719 -0.306 -0.1988, -0.074 -0.3048 -0.1988, -0.0763 -0.304 -0.1988, -0.0787 -0.3037 -0.1988, -0.0378 -0.315 -0.1181, -0.0383 -0.3216 -0.1181, -0.0327 -0.3225 -0.1279, -0.0407 -0.3301 -0.1181, -0.0354 -0.3322 -0.1279, -0.0449 -0.3379 -0.1181, -0.0401 -0.3412 -0.1279, -0.0506 -0.3447 -0.1181, -0.0466 -0.3489 -0.1279, -0.0576 -0.35 -0.1181, -0.0547 -0.355 -0.1279, -0.0657 -0.3538 -0.1181, -0.0638 -0.3592 -0.1279, -0.0743 -0.3557 -0.1181, -0.0737 -0.3614 -0.1279, -0.0832 -0.3557 -0.1181, -0.0838 -0.3614 -0.1279, -0.0918 -0.3538 -0.1181, -0.0936 -0.3592 -0.1279, -0.0998 -0.35 -0.1181, -0.1028 -0.355 -0.1279, -0.1069 -0.3447 -0.1181, -0.1108 -0.3489 -0.1279, -0.1126 -0.3379 -0.1181, -0.1174 -0.3412 -0.1279, -0.1168 -0.3301 -0.1181, -0.1221 -0.3322 -0.1279, -0.1191 -0.3216 -0.1181, -0.1248 -0.3225 -0.1279, -0.1196 -0.3127 -0.1181, -0.1254 -0.3124 -0.1279, -0.1182 -0.304 -0.1181, -0.1237 -0.3025 -0.1279, -0.1149 -0.2958 -0.1181, -0.12 -0.2931 -0.1279, -0.1099 -0.2885 -0.1181, -0.1143 -0.2847 -0.1279, -0.1035 -0.2824 -0.1181, -0.107 -0.2778 -0.1279, -0.0959 -0.2778 -0.1181, -0.0983 -0.2726 -0.1279, -0.0875 -0.275 -0.1181, -0.0888 -0.2694 -0.1279, -0.0787 -0.274 -0.1181, -0.0787 -0.2683 -0.1279, -0.0699 -0.275 -0.1181, -0.0687 -0.2694 -0.1279, -0.0615 -0.2778 -0.1181, -0.0591 -0.2726 -0.1279, -0.054 -0.2824 -0.1181, -0.0505 -0.2778 -0.1279, -0.0475 -0.2885 -0.1181, -0.0432 -0.2847 -0.1279, -0.0426 -0.2958 -0.1181, -0.0375 -0.2931 -0.1279, -0.0393 -0.304 -0.1181, -0.0338 -0.3025 -0.1279, -0.0379 -0.3127 -0.1181, -0.0321 -0.3124 -0.1279, -0.0895 -0.266 -0.1386, -0.0998 -0.2694 -0.1386, -0.1091 -0.275 -0.1386, -0.117 -0.2825 -0.1386, -0.1231 -0.2915 -0.1386, -0.1271 -0.3015 -0.1386, -0.1288 -0.3122 -0.1386, -0.1282 -0.3231 -0.1386, -0.1253 -0.3335 -0.1386, -0.1203 -0.3431 -0.1386, -0.1132 -0.3514 -0.1386, -0.1046 -0.3579 -0.1386, -0.0948 -0.3625 -0.1386, -0.0842 -0.3648 -0.1386, -0.0733 -0.3648 -0.1386, -0.0627 -0.3625 -0.1386, -0.0529 -0.3579 -0.1386, -0.0442 -0.3514 -0.1386, -0.0372 -0.3431 -0.1386, -0.0321 -0.3335 -0.1386, -0.0292 -0.3231 -0.1386, -0.0287 -0.3122 -0.1386, -0.0304 -0.3015 -0.1386, -0.0344 -0.2915 -0.1386, -0.0405 -0.2825 -0.1386, -0.0484 -0.275 -0.1386, -0.0577 -0.2694 -0.1386, -0.068 -0.266 -0.1386, -0.0787 -0.2648 -0.1386, -0.0897 -0.265 -0.1499, -0.1002 -0.2685 -0.1499, -0.1097 -0.2742 -0.1499, -0.1177 -0.2818 -0.1499, -0.1239 -0.291 -0.1499, -0.128 -0.3013 -0.1499, -0.1298 -0.3122 -0.1499, -0.1292 -0.3232 -0.1499, -0.1263 -0.3339 -0.1499, -0.1211 -0.3437 -0.1499, -0.1139 -0.3521 -0.1499, -0.1051 -0.3588 -0.1499, -0.0951 -0.3635 -0.1499, -0.0843 -0.3658 -0.1499, -0.0732 -0.3658 -0.1499, -0.0624 -0.3635 -0.1499, -0.0524 -0.3588 -0.1499, -0.0436 -0.3521 -0.1499, -0.0364 -0.3437 -0.1499, -0.0312 -0.3339 -0.1499, -0.0282 -0.3232 -0.1499, -0.0276 -0.3122 -0.1499, -0.0294 -0.3013 -0.1499, -0.0335 -0.291 -0.1499, -0.0397 -0.2818 -0.1499, -0.0478 -0.2742 -0.1499, -0.0573 -0.2685 -0.1499, -0.0677 -0.265 -0.1499, -0.0787 -0.2638 -0.1499, -0.0894 -0.2664 -0.1611, -0.0996 -0.2699 -0.1611, -0.1088 -0.2754 -0.1611, -0.1166 -0.2828 -0.1611, -0.1226 -0.2917 -0.1611, -0.1266 -0.3017 -0.1611, -0.1284 -0.3123 -0.1611, -0.1278 -0.323 -0.1611, -0.1249 -0.3334 -0.1611, -0.1199 -0.3428 -0.1611, -0.1129 -0.351 -0.1611, -0.1044 -0.3575 -0.1611, -0.0946 -0.362 -0.1611, -0.0841 -0.3644 -0.1611, -0.0734 -0.3644 -0.1611, -0.0629 -0.362 -0.1611, -0.0531 -0.3575 -0.1611, -0.0446 -0.351 -0.1611, -0.0376 -0.3428 -0.1611, -0.0326 -0.3334 -0.1611, -0.0297 -0.323 -0.1611, -0.0291 -0.3123 -0.1611, -0.0309 -0.3017 -0.1611, -0.0348 -0.2917 -0.1611, -0.0409 -0.2828 -0.1611, -0.0487 -0.2754 -0.1611, -0.0579 -0.2699 -0.1611, -0.0681 -0.2664 -0.1611, -0.0787 -0.2653 -0.1611, -0.0886 -0.2703 -0.1717, -0.098 -0.2734 -0.1717, -0.1064 -0.2785 -0.1717, -0.1136 -0.2853 -0.1717, -0.1192 -0.2935 -0.1717, -0.1228 -0.3027 -0.1717, -0.1245 -0.3125 -0.1717, -0.1239 -0.3224 -0.1717, -0.1213 -0.3319 -0.1717, -0.1166 -0.3407 -0.1717, -0.1102 -0.3482 -0.1717, -0.1023 -0.3542 -0.1717, -0.0934 -0.3583 -0.1717, -0.0837 -0.3605 -0.1717, -0.0738 -0.3605 -0.1717, -0.0641 -0.3583 -0.1717, -0.0551 -0.3542 -0.1717, -0.0473 -0.3482 -0.1717, -0.0409 -0.3407 -0.1717, -0.0362 -0.3319 -0.1717, -0.0336 -0.3224 -0.1717, -0.033 -0.3125 -0.1717, -0.0346 -0.3027 -0.1717, -0.0383 -0.2935 -0.1717, -0.0439 -0.2853 -0.1717, -0.051 -0.2785 -0.1717, -0.0595 -0.2734 -0.1717, -0.0689 -0.2703 -0.1717, -0.0787 -0.2692 -0.1717, -0.0873 -0.2763 -0.1812, -0.0954 -0.279 -0.1812, -0.1027 -0.2834 -0.1812, -0.1089 -0.2893 -0.1812, -0.1138 -0.2964 -0.1812, -0.1169 -0.3044 -0.1812, -0.1183 -0.3128 -0.1812, -0.1179 -0.3214 -0.1812, -0.1156 -0.3296 -0.1812, -0.1115 -0.3372 -0.1812, -0.106 -0.3437 -0.1812, -0.0992 -0.3489 -0.1812, -0.0914 -0.3525 -0.1812, -0.083 -0.3544 -0.1812, -0.0745 -0.3544 -0.1812, -0.0661 -0.3525 -0.1812, -0.0583 -0.3489 -0.1812, -0.0515 -0.3437 -0.1812, -0.0459 -0.3372 -0.1812, -0.0419 -0.3296 -0.1812, -0.0396 -0.3214 -0.1812, -0.0392 -0.3128 -0.1812, -0.0406 -0.3044 -0.1812, -0.0437 -0.2964 -0.1812, -0.0485 -0.2893 -0.1812, -0.0548 -0.2834 -0.1812, -0.0621 -0.279 -0.1812, -0.0702 -0.2763 -0.1812, -0.0787 -0.2753 -0.1812, -0.0855 -0.2841 -0.1891, -0.092 -0.2863 -0.1891, -0.0978 -0.2898 -0.1891, -0.1028 -0.2945 -0.1891, -0.1066 -0.3002 -0.1891, -0.1091 -0.3065 -0.1891, -0.1102 -0.3133 -0.1891, -0.1099 -0.3201 -0.1891, -0.1081 -0.3266 -0.1891, -0.1049 -0.3327 -0.1891, -0.1004 -0.3379 -0.1891, -0.095 -0.342 -0.1891, -0.0888 -0.3449 -0.1891, -0.0822 -0.3463 -0.1891, -0.0753 -0.3463 -0.1891, -0.0687 -0.3449 -0.1891, -0.0625 -0.342 -0.1891, -0.057 -0.3379 -0.1891, -0.0526 -0.3327 -0.1891, -0.0494 -0.3266 -0.1891, -0.0476 -0.3201 -0.1891, -0.0472 -0.3133 -0.1891, -0.0483 -0.3065 -0.1891, -0.0509 -0.3002 -0.1891, -0.0547 -0.2945 -0.1891, -0.0596 -0.2898 -0.1891, -0.0655 -0.2863 -0.1891, -0.072 -0.2841 -0.1891, -0.0787 -0.2834 -0.1891, -0.0835 -0.2935 -0.1951, -0.0879 -0.2951 -0.1951, -0.092 -0.2975 -0.1951, -0.0955 -0.3008 -0.1951, -0.0981 -0.3047 -0.1951, -0.0999 -0.3091 -0.1951, -0.1006 -0.3138 -0.1951, -0.1004 -0.3185 -0.1951, -0.0991 -0.3231 -0.1951, -0.0969 -0.3273 -0.1951, -0.0938 -0.3309 -0.1951, -0.09 -0.3338 -0.1951, -0.0857 -0.3357 -0.1951, -0.0811 -0.3368 -0.1951, -0.0764 -0.3368 -0.1951, -0.0717 -0.3357 -0.1951, -0.0674 -0.3338 -0.1951, -0.0637 -0.3309 -0.1951, -0.0606 -0.3273 -0.1951, -0.0584 -0.3231 -0.1951, -0.0571 -0.3185 -0.1951, -0.0568 -0.3138 -0.1951, -0.0576 -0.3091 -0.1951, -0.0594 -0.3047 -0.1951, -0.062 -0.3008 -0.1951, -0.0655 -0.2975 -0.1951, -0.0695 -0.2951 -0.1951, -0.074 -0.2935 -0.1951, -0.0787 -0.293 -0.1951, 0.074 0.3252 -0.1988, 0.0763 0.3259 -0.1988, 0.0787 0.315 -0.2, 0.0719 0.3239 -0.1988, 0.0702 0.3222 -0.1988, 0.0688 0.3202 -0.1988, 0.0679 0.318 -0.1988, 0.0675 0.3156 -0.1988, 0.0676 0.3131 -0.1988, 0.0683 0.3108 -0.1988, 0.0694 0.3087 -0.1988, 0.071 0.3068 -0.1988, 0.0729 0.3053 -0.1988, 0.0752 0.3043 -0.1988, 0.0775 0.3038 -0.1988, 0.08 0.3038 -0.1988, 0.0823 0.3043 -0.1988, 0.0845 0.3053 -0.1988, 0.0865 0.3068 -0.1988, 0.088 0.3087 -0.1988, 0.0892 0.3108 -0.1988, 0.0898 0.3131 -0.1988, 0.09 0.3156 -0.1988, 0.0896 0.318 -0.1988, 0.0887 0.3202 -0.1988, 0.0873 0.3222 -0.1988, 0.0855 0.3239 -0.1988, 0.0835 0.3252 -0.1988, 0.0812 0.3259 -0.1988, 0.0787 0.3262 -0.1988, 0.1197 0.315 -0.1181, 0.1191 0.3083 -0.1181, 0.1248 0.3074 -0.1279, 0.1168 0.2998 -0.1181, 0.1221 0.2977 -0.1279, 0.1126 0.292 -0.1181, 0.1174 0.2888 -0.1279, 0.1069 0.2852 -0.1181, 0.1108 0.2811 -0.1279, 0.0998 0.2799 -0.1181, 0.1028 0.275 -0.1279, 0.0918 0.2762 -0.1181, 0.0936 0.2707 -0.1279, 0.0832 0.2743 -0.1181, 0.0838 0.2685 -0.1279, 0.0743 0.2743 -0.1181, 0.0737 0.2685 -0.1279, 0.0657 0.2762 -0.1181, 0.0638 0.2707 -0.1279, 0.0576 0.2799 -0.1181, 0.0547 0.275 -0.1279, 0.0506 0.2852 -0.1181, 0.0466 0.2811 -0.1279, 0.0449 0.292 -0.1181, 0.0401 0.2888 -0.1279, 0.0407 0.2998 -0.1181, 0.0354 0.2977 -0.1279, 0.0383 0.3083 -0.1181, 0.0327 0.3074 -0.1279, 0.0379 0.3172 -0.1181, 0.0321 0.3175 -0.1279, 0.0393 0.3259 -0.1181, 0.0338 0.3275 -0.1279, 0.0426 0.3341 -0.1181, 0.0375 0.3368 -0.1279, 0.0475 0.3415 -0.1181, 0.0432 0.3452 -0.1279, 0.054 0.3476 -0.1181, 0.0505 0.3521 -0.1279, 0.0615 0.3521 -0.1181, 0.0591 0.3573 -0.1279, 0.0699 0.3549 -0.1181, 0.0687 0.3606 -0.1279, 0.0787 0.3559 -0.1181, 0.0787 0.3617 -0.1279, 0.0875 0.3549 -0.1181, 0.0888 0.3606 -0.1279, 0.0959 0.3521 -0.1181, 0.0983 0.3573 -0.1279, 0.1035 0.3476 -0.1181, 0.107 0.3521 -0.1279, 0.1099 0.3415 -0.1181, 0.1143 0.3452 -0.1279, 0.1149 0.3341 -0.1181, 0.12 0.3368 -0.1279, 0.1182 0.3259 -0.1181, 0.1237 0.3275 -0.1279, 0.1196 0.3172 -0.1181, 0.1254 0.3175 -0.1279, 0.068 0.3639 -0.1386, 0.0577 0.3605 -0.1386, 0.0484 0.3549 -0.1386, 0.0405 0.3474 -0.1386, 0.0344 0.3385 -0.1386, 0.0304 0.3284 -0.1386, 0.0287 0.3177 -0.1386, 0.0292 0.3068 -0.1386, 0.0321 0.2964 -0.1386, 0.0372 0.2868 -0.1386, 0.0442 0.2785 -0.1386, 0.0529 0.272 -0.1386, 0.0627 0.2674 -0.1386, 0.0733 0.2651 -0.1386, 0.0842 0.2651 -0.1386, 0.0948 0.2674 -0.1386, 0.1046 0.272 -0.1386, 0.1132 0.2785 -0.1386, 0.1203 0.2868 -0.1386, 0.1253 0.2964 -0.1386, 0.1282 0.3068 -0.1386, 0.1288 0.3177 -0.1386, 0.1271 0.3284 -0.1386, 0.1231 0.3385 -0.1386, 0.117 0.3474 -0.1386, 0.1091 0.3549 -0.1386, 0.0998 0.3605 -0.1386, 0.0895 0.3639 -0.1386, 0.0787 0.3651 -0.1386, 0.0677 0.3649 -0.1499, 0.0573 0.3614 -0.1499, 0.0478 0.3557 -0.1499, 0.0397 0.3481 -0.1499, 0.0335 0.3389 -0.1499, 0.0294 0.3286 -0.1499, 0.0276 0.3177 -0.1499, 0.0282 0.3067 -0.1499, 0.0312 0.296 -0.1499, 0.0364 0.2862 -0.1499, 0.0436 0.2778 -0.1499, 0.0524 0.2711 -0.1499, 0.0624 0.2665 -0.1499, 0.0732 0.2641 -0.1499, 0.0843 0.2641 -0.1499, 0.0951 0.2665 -0.1499, 0.1051 0.2711 -0.1499, 0.1139 0.2778 -0.1499, 0.1211 0.2862 -0.1499, 0.1263 0.296 -0.1499, 0.1292 0.3067 -0.1499, 0.1298 0.3177 -0.1499, 0.128 0.3286 -0.1499, 0.1239 0.3389 -0.1499, 0.1177 0.3481 -0.1499, 0.1097 0.3557 -0.1499, 0.1002 0.3614 -0.1499, 0.0897 0.3649 -0.1499, 0.0787 0.3661 -0.1499, 0.0681 0.3635 -0.1611, 0.0579 0.3601 -0.1611, 0.0487 0.3545 -0.1611, 0.0409 0.3471 -0.1611, 0.0348 0.3382 -0.1611, 0.0309 0.3283 -0.1611, 0.0291 0.3177 -0.1611, 0.0297 0.3069 -0.1611, 0.0326 0.2966 -0.1611, 0.0376 0.2871 -0.1611, 0.0446 0.2789 -0.1611, 0.0531 0.2724 -0.1611, 0.0629 0.2679 -0.1611, 0.0734 0.2656 -0.1611, 0.0841 0.2656 -0.1611, 0.0946 0.2679 -0.1611, 0.1044 0.2724 -0.1611, 0.1129 0.2789 -0.1611, 0.1199 0.2871 -0.1611, 0.1249 0.2966 -0.1611, 0.1278 0.3069 -0.1611, 0.1284 0.3177 -0.1611, 0.1266 0.3283 -0.1611, 0.1226 0.3382 -0.1611, 0.1166 0.3471 -0.1611, 0.1088 0.3545 -0.1611, 0.0996 0.3601 -0.1611, 0.0894 0.3635 -0.1611, 0.0787 0.3646 -0.1611, 0.0689 0.3597 -0.1717, 0.0595 0.3565 -0.1717, 0.051 0.3514 -0.1717, 0.0439 0.3446 -0.1717, 0.0383 0.3364 -0.1717, 0.0346 0.3272 -0.1717, 0.033 0.3174 -0.1717, 0.0336 0.3076 -0.1717, 0.0362 0.298 -0.1717, 0.0409 0.2893 -0.1717, 0.0473 0.2817 -0.1717, 0.0551 0.2757 -0.1717, 0.0641 0.2716 -0.1717, 0.0738 0.2695 -0.1717, 0.0837 0.2695 -0.1717, 0.0934 0.2716 -0.1717, 0.1023 0.2757 -0.1717, 0.1102 0.2817 -0.1717, 0.1166 0.2893 -0.1717, 0.1213 0.298 -0.1717, 0.1239 0.3076 -0.1717, 0.1245 0.3174 -0.1717, 0.1228 0.3272 -0.1717, 0.1192 0.3364 -0.1717, 0.1136 0.3446 -0.1717, 0.1064 0.3514 -0.1717, 0.098 0.3565 -0.1717, 0.0886 0.3597 -0.1717, 0.0787 0.3607 -0.1717, 0.0702 0.3537 -0.1812, 0.0621 0.3509 -0.1812, 0.0548 0.3465 -0.1812, 0.0485 0.3406 -0.1812, 0.0437 0.3335 -0.1812, 0.0406 0.3256 -0.1812, 0.0392 0.3171 -0.1812, 0.0396 0.3085 -0.1812, 0.0419 0.3003 -0.1812, 0.0459 0.2927 -0.1812, 0.0515 0.2862 -0.1812, 0.0583 0.281 -0.1812, 0.0661 0.2774 -0.1812, 0.0745 0.2756 -0.1812, 0.083 0.2756 -0.1812, 0.0914 0.2774 -0.1812, 0.0992 0.281 -0.1812, 0.106 0.2862 -0.1812, 0.1115 0.2927 -0.1812, 0.1156 0.3003 -0.1812, 0.1179 0.3085 -0.1812, 0.1183 0.3171 -0.1812, 0.1169 0.3256 -0.1812, 0.1138 0.3335 -0.1812, 0.1089 0.3406 -0.1812, 0.1027 0.3465 -0.1812, 0.0954 0.3509 -0.1812, 0.0873 0.3537 -0.1812, 0.0787 0.3546 -0.1812, 0.072 0.3458 -0.1891, 0.0655 0.3436 -0.1891, 0.0596 0.3401 -0.1891, 0.0547 0.3354 -0.1891, 0.0509 0.3297 -0.1891, 0.0483 0.3234 -0.1891, 0.0472 0.3167 -0.1891, 0.0476 0.3099 -0.1891, 0.0494 0.3033 -0.1891, 0.0526 0.2973 -0.1891, 0.057 0.2921 -0.1891, 0.0625 0.2879 -0.1891, 0.0687 0.2851 -0.1891, 0.0753 0.2836 -0.1891, 0.0822 0.2836 -0.1891, 0.0888 0.2851 -0.1891, 0.095 0.2879 -0.1891, 0.1004 0.2921 -0.1891, 0.1049 0.2973 -0.1891, 0.1081 0.3033 -0.1891, 0.1099 0.3099 -0.1891, 0.1102 0.3167 -0.1891, 0.1091 0.3234 -0.1891, 0.1066 0.3297 -0.1891, 0.1028 0.3354 -0.1891, 0.0978 0.3401 -0.1891, 0.092 0.3436 -0.1891, 0.0855 0.3458 -0.1891, 0.0787 0.3465 -0.1891, 0.074 0.3364 -0.1951, 0.0695 0.3349 -0.1951, 0.0655 0.3324 -0.1951, 0.062 0.3292 -0.1951, 0.0594 0.3252 -0.1951, 0.0576 0.3208 -0.1951, 0.0568 0.3161 -0.1951, 0.0571 0.3114 -0.1951, 0.0584 0.3068 -0.1951, 0.0606 0.3027 -0.1951, 0.0637 0.299 -0.1951, 0.0674 0.2962 -0.1951, 0.0717 0.2942 -0.1951, 0.0764 0.2932 -0.1951, 0.0811 0.2932 -0.1951, 0.0857 0.2942 -0.1951, 0.09 0.2962 -0.1951, 0.0938 0.299 -0.1951, 0.0969 0.3027 -0.1951, 0.0991 0.3068 -0.1951, 0.1004 0.3114 -0.1951, 0.1006 0.3161 -0.1951, 0.0999 0.3208 -0.1951, 0.0981 0.3252 -0.1951, 0.0955 0.3292 -0.1951, 0.092 0.3324 -0.1951, 0.0879 0.3349 -0.1951, 0.0835 0.3364 -0.1951, 0.0787 0.3369 -0.1951, 0.074 0.1677 -0.1988, 0.0763 0.1685 -0.1988, 0.0787 0.1575 -0.2, 0.0719 0.1664 -0.1988, 0.0702 0.1648 -0.1988, 0.0688 0.1627 -0.1988, 0.0679 0.1605 -0.1988, 0.0675 0.1581 -0.1988, 0.0676 0.1557 -0.1988, 0.0683 0.1533 -0.1988, 0.0694 0.1512 -0.1988, 0.071 0.1493 -0.1988, 0.0729 0.1478 -0.1988, 0.0752 0.1468 -0.1988, 0.0775 0.1463 -0.1988, 0.08 0.1463 -0.1988, 0.0823 0.1468 -0.1988, 0.0845 0.1478 -0.1988, 0.0865 0.1493 -0.1988, 0.088 0.1512 -0.1988, 0.0892 0.1533 -0.1988, 0.0898 0.1557 -0.1988, 0.09 0.1581 -0.1988, 0.0896 0.1605 -0.1988, 0.0887 0.1627 -0.1988, 0.0873 0.1648 -0.1988, 0.0855 0.1664 -0.1988, 0.0835 0.1677 -0.1988, 0.0812 0.1685 -0.1988, 0.0787 0.1687 -0.1988, 0.1197 0.1575 -0.1181, 0.1191 0.1509 -0.1181, 0.1248 0.1499 -0.1279, 0.1168 0.1423 -0.1181, 0.1221 0.1402 -0.1279, 0.1126 0.1345 -0.1181, 0.1174 0.1313 -0.1279, 0.1069 0.1278 -0.1181, 0.1108 0.1236 -0.1279, 0.0998 0.1224 -0.1181, 0.1028 0.1175 -0.1279, 0.0918 0.1187 -0.1181, 0.0936 0.1132 -0.1279, 0.0832 0.1168 -0.1181, 0.0838 0.1111 -0.1279, 0.0743 0.1168 -0.1181, 0.0737 0.1111 -0.1279, 0.0657 0.1187 -0.1181, 0.0638 0.1132 -0.1279, 0.0576 0.1224 -0.1181, 0.0547 0.1175 -0.1279, 0.0506 0.1278 -0.1181, 0.0466 0.1236 -0.1279, 0.0449 0.1345 -0.1181, 0.0401 0.1313 -0.1279, 0.0407 0.1423 -0.1181, 0.0354 0.1402 -0.1279, 0.0383 0.1509 -0.1181, 0.0327 0.1499 -0.1279, 0.0379 0.1597 -0.1181, 0.0321 0.16 -0.1279, 0.0393 0.1684 -0.1181, 0.0338 0.17 -0.1279, 0.0426 0.1767 -0.1181, 0.0375 0.1793 -0.1279, 0.0475 0.184 -0.1181, 0.0432 0.1877 -0.1279, 0.054 0.1901 -0.1181, 0.0505 0.1946 -0.1279, 0.0615 0.1946 -0.1181, 0.0591 0.1999 -0.1279, 0.0699 0.1975 -0.1181, 0.0687 0.2031 -0.1279, 0.0787 0.1984 -0.1181, 0.0787 0.2042 -0.1279, 0.0875 0.1975 -0.1181, 0.0888 0.2031 -0.1279, 0.0959 0.1946 -0.1181, 0.0983 0.1999 -0.1279, 0.1035 0.1901 -0.1181, 0.107 0.1946 -0.1279, 0.1099 0.184 -0.1181, 0.1143 0.1877 -0.1279, 0.1149 0.1767 -0.1181, 0.12 0.1793 -0.1279, 0.1182 0.1684 -0.1181, 0.1237 0.17 -0.1279, 0.1196 0.1597 -0.1181, 0.1254 0.16 -0.1279, 0.068 0.2065 -0.1386, 0.0577 0.203 -0.1386, 0.0484 0.1974 -0.1386, 0.0405 0.1899 -0.1386, 0.0344 0.181 -0.1386, 0.0304 0.1709 -0.1386, 0.0287 0.1602 -0.1386, 0.0292 0.1494 -0.1386, 0.0321 0.1389 -0.1386, 0.0372 0.1293 -0.1386, 0.0442 0.1211 -0.1386, 0.0529 0.1145 -0.1386, 0.0627 0.11 -0.1386, 0.0733 0.1076 -0.1386, 0.0842 0.1076 -0.1386, 0.0948 0.11 -0.1386, 0.1046 0.1145 -0.1386, 0.1132 0.1211 -0.1386, 0.1203 0.1293 -0.1386, 0.1253 0.1389 -0.1386, 0.1282 0.1494 -0.1386, 0.1288 0.1602 -0.1386, 0.1271 0.1709 -0.1386, 0.1231 0.181 -0.1386, 0.117 0.1899 -0.1386, 0.1091 0.1974 -0.1386, 0.0998 0.203 -0.1386, 0.0895 0.2065 -0.1386, 0.0787 0.2076 -0.1386, 0.0677 0.2075 -0.1499, 0.0573 0.2039 -0.1499, 0.0478 0.1982 -0.1499, 0.0397 0.1906 -0.1499, 0.0335 0.1814 -0.1499, 0.0294 0.1712 -0.1499, 0.0276 0.1603 -0.1499, 0.0282 0.1492 -0.1499, 0.0312 0.1385 -0.1499, 0.0364 0.1288 -0.1499, 0.0436 0.1203 -0.1499, 0.0524 0.1136 -0.1499, 0.0624 0.109 -0.1499, 0.0732 0.1066 -0.1499, 0.0843 0.1066 -0.1499, 0.0951 0.109 -0.1499, 0.1051 0.1136 -0.1499, 0.1139 0.1203 -0.1499, 0.1211 0.1288 -0.1499, 0.1263 0.1385 -0.1499, 0.1292 0.1492 -0.1499, 0.1298 0.1603 -0.1499, 0.128 0.1712 -0.1499, 0.1239 0.1814 -0.1499, 0.1177 0.1906 -0.1499, 0.1097 0.1982 -0.1499, 0.1002 0.2039 -0.1499, 0.0897 0.2075 -0.1499, 0.0787 0.2087 -0.1499, 0.0681 0.206 -0.1611, 0.0579 0.2026 -0.1611, 0.0487 0.197 -0.1611, 0.0409 0.1896 -0.1611, 0.0348 0.1808 -0.1611, 0.0309 0.1708 -0.1611, 0.0291 0.1602 -0.1611, 0.0297 0.1494 -0.1611, 0.0326 0.1391 -0.1611, 0.0376 0.1296 -0.1611, 0.0446 0.1214 -0.1611, 0.0531 0.1149 -0.1611, 0.0629 0.1104 -0.1611, 0.0734 0.1081 -0.1611, 0.0841 0.1081 -0.1611, 0.0946 0.1104 -0.1611, 0.1044 0.1149 -0.1611, 0.1129 0.1214 -0.1611, 0.1199 0.1296 -0.1611, 0.1249 0.1391 -0.1611, 0.1278 0.1494 -0.1611, 0.1284 0.1602 -0.1611, 0.1266 0.1708 -0.1611, 0.1226 0.1808 -0.1611, 0.1166 0.1896 -0.1611, 0.1088 0.197 -0.1611, 0.0996 0.2026 -0.1611, 0.0894 0.206 -0.1611, 0.0787 0.2072 -0.1611, 0.0689 0.2022 -0.1717, 0.0595 0.199 -0.1717, 0.051 0.1939 -0.1717, 0.0439 0.1871 -0.1717, 0.0383 0.1789 -0.1717, 0.0346 0.1697 -0.1717, 0.033 0.16 -0.1717, 0.0336 0.1501 -0.1717, 0.0362 0.1405 -0.1717, 0.0409 0.1318 -0.1717, 0.0473 0.1242 -0.1717, 0.0551 0.1183 -0.1717, 0.0641 0.1141 -0.1717, 0.0738 0.112 -0.1717, 0.0837 0.112 -0.1717, 0.0934 0.1141 -0.1717, 0.1023 0.1183 -0.1717, 0.1102 0.1242 -0.1717, 0.1166 0.1318 -0.1717, 0.1213 0.1405 -0.1717, 0.1239 0.1501 -0.1717, 0.1245 0.16 -0.1717, 0.1228 0.1697 -0.1717, 0.1192 0.1789 -0.1717, 0.1136 0.1871 -0.1717, 0.1064 0.1939 -0.1717, 0.098 0.199 -0.1717, 0.0886 0.2022 -0.1717, 0.0787 0.2033 -0.1717, 0.0702 0.1962 -0.1812, 0.0621 0.1935 -0.1812, 0.0548 0.189 -0.1812, 0.0485 0.1831 -0.1812, 0.0437 0.176 -0.1812, 0.0406 0.1681 -0.1812, 0.0392 0.1596 -0.1812, 0.0396 0.1511 -0.1812, 0.0419 0.1428 -0.1812, 0.0459 0.1352 -0.1812, 0.0515 0.1287 -0.1812, 0.0583 0.1235 -0.1812, 0.0661 0.1199 -0.1812, 0.0745 0.1181 -0.1812, 0.083 0.1181 -0.1812, 0.0914 0.1199 -0.1812, 0.0992 0.1235 -0.1812, 0.106 0.1287 -0.1812, 0.1115 0.1352 -0.1812, 0.1156 0.1428 -0.1812, 0.1179 0.1511 -0.1812, 0.1183 0.1596 -0.1812, 0.1169 0.1681 -0.1812, 0.1138 0.176 -0.1812, 0.1089 0.1831 -0.1812, 0.1027 0.189 -0.1812, 0.0954 0.1935 -0.1812, 0.0873 0.1962 -0.1812, 0.0787 0.1971 -0.1812, 0.072 0.1883 -0.1891, 0.0655 0.1861 -0.1891, 0.0596 0.1826 -0.1891, 0.0547 0.1779 -0.1891, 0.0509 0.1723 -0.1891, 0.0483 0.1659 -0.1891, 0.0472 0.1592 -0.1891, 0.0476 0.1524 -0.1891, 0.0494 0.1458 -0.1891, 0.0526 0.1398 -0.1891, 0.057 0.1346 -0.1891, 0.0625 0.1304 -0.1891, 0.0687 0.1276 -0.1891, 0.0753 0.1261 -0.1891, 0.0822 0.1261 -0.1891, 0.0888 0.1276 -0.1891, 0.095 0.1304 -0.1891, 0.1004 0.1346 -0.1891, 0.1049 0.1398 -0.1891, 0.1081 0.1458 -0.1891, 0.1099 0.1524 -0.1891, 0.1102 0.1592 -0.1891, 0.1091 0.1659 -0.1891, 0.1066 0.1723 -0.1891, 0.1028 0.1779 -0.1891, 0.0978 0.1826 -0.1891, 0.092 0.1861 -0.1891, 0.0855 0.1883 -0.1891, 0.0787 0.189 -0.1891, 0.074 0.1789 -0.1951, 0.0695 0.1774 -0.1951, 0.0655 0.1749 -0.1951, 0.062 0.1717 -0.1951, 0.0594 0.1678 -0.1951, 0.0576 0.1633 -0.1951, 0.0568 0.1587 -0.1951, 0.0571 0.1539 -0.1951, 0.0584 0.1494 -0.1951, 0.0606 0.1452 -0.1951, 0.0637 0.1416 -0.1951, 0.0674 0.1387 -0.1951, 0.0717 0.1367 -0.1951, 0.0764 0.1357 -0.1951, 0.0811 0.1357 -0.1951, 0.0857 0.1367 -0.1951, 0.09 0.1387 -0.1951, 0.0938 0.1416 -0.1951, 0.0969 0.1452 -0.1951, 0.0991 0.1494 -0.1951, 0.1004 0.1539 -0.1951, 0.1006 0.1587 -0.1951, 0.0999 0.1633 -0.1951, 0.0981 0.1678 -0.1951, 0.0955 0.1717 -0.1951, 0.092 0.1749 -0.1951, 0.0879 0.1774 -0.1951, 0.0835 0.1789 -0.1951, 0.0787 0.1794 -0.1951, 0.074 0.0102 -0.1988, 0.0763 0.011 -0.1988, 0.0787 0.0 -0.2, 0.0719 0.0089 -0.1988, 0.0702 0.0073 -0.1988, 0.0688 0.0053 -0.1988, 0.0679 0.003 -0.1988, 0.0675 0.0006 -0.1988, 0.0676 -0.0018 -0.1988, 0.0683 -0.0042 -0.1988, 0.0694 -0.0063 -0.1988, 0.071 -0.0082 -0.1988, 0.0729 -0.0096 -0.1988, 0.0752 -0.0107 -0.1988, 0.0775 -0.0112 -0.1988, 0.08 -0.0112 -0.1988, 0.0823 -0.0107 -0.1988, 0.0845 -0.0096 -0.1988, 0.0865 -0.0082 -0.1988, 0.088 -0.0063 -0.1988, 0.0892 -0.0042 -0.1988, 0.0898 -0.0018 -0.1988, 0.09 0.0006 -0.1988, 0.0896 0.003 -0.1988, 0.0887 0.0053 -0.1988, 0.0873 0.0073 -0.1988, 0.0855 0.0089 -0.1988, 0.0835 0.0102 -0.1988, 0.0812 0.011 -0.1988, 0.0787 0.0112 -0.1988, 0.1197 0.0 -0.1181, 0.1191 -0.0066 -0.1181, 0.1248 -0.0076 -0.1279, 0.1168 -0.0152 -0.1181, 0.1221 -0.0173 -0.1279, 0.1126 -0.023 -0.1181, 0.1174 -0.0262 -0.1279, 0.1069 -0.0297 -0.1181, 0.1108 -0.0339 -0.1279, 0.0998 -0.0351 -0.1181, 0.1028 -0.04 -0.1279, 0.0918 -0.0388 -0.1181, 0.0936 -0.0442 -0.1279, 0.0832 -0.0407 -0.1181, 0.0838 -0.0464 -0.1279, 0.0743 -0.0407 -0.1181, 0.0737 -0.0464 -0.1279, 0.0657 -0.0388 -0.1181, 0.0638 -0.0442 -0.1279, 0.0576 -0.0351 -0.1181, 0.0547 -0.04 -0.1279, 0.0506 -0.0297 -0.1181, 0.0466 -0.0339 -0.1279, 0.0449 -0.023 -0.1181, 0.0401 -0.0262 -0.1279, 0.0407 -0.0152 -0.1181, 0.0354 -0.0173 -0.1279, 0.0383 -0.0066 -0.1181, 0.0327 -0.0076 -0.1279, 0.0379 0.0022 -0.1181, 0.0321 0.0025 -0.1279, 0.0393 0.011 -0.1181, 0.0338 0.0125 -0.1279, 0.0426 0.0192 -0.1181, 0.0375 0.0219 -0.1279, 0.0475 0.0265 -0.1181, 0.0432 0.0302 -0.1279, 0.054 0.0326 -0.1181, 0.0505 0.0372 -0.1279, 0.0615 0.0372 -0.1181, 0.0591 0.0424 -0.1279, 0.0699 0.04 -0.1181, 0.0687 0.0456 -0.1279, 0.0787 0.0409 -0.1181, 0.0787 0.0467 -0.1279, 0.0875 0.04 -0.1181, 0.0888 0.0456 -0.1279, 0.0959 0.0372 -0.1181, 0.0983 0.0424 -0.1279, 0.1035 0.0326 -0.1181, 0.107 0.0372 -0.1279, 0.1099 0.0265 -0.1181, 0.1143 0.0302 -0.1279, 0.1149 0.0192 -0.1181, 0.12 0.0219 -0.1279, 0.1182 0.011 -0.1181, 0.1237 0.0125 -0.1279, 0.1196 0.0022 -0.1181, 0.1254 0.0025 -0.1279, 0.068 0.049 -0.1386, 0.0577 0.0455 -0.1386, 0.0484 0.0399 -0.1386, 0.0405 0.0325 -0.1386, 0.0344 0.0235 -0.1386, 0.0304 0.0134 -0.1386, 0.0287 0.0027 -0.1386, 0.0292 -0.0081 -0.1386, 0.0321 -0.0186 -0.1386, 0.0372 -0.0281 -0.1386, 0.0442 -0.0364 -0.1386, 0.0529 -0.043 -0.1386, 0.0627 -0.0475 -0.1386, 0.0733 -0.0499 -0.1386, 0.0842 -0.0499 -0.1386, 0.0948 -0.0475 -0.1386, 0.1046 -0.043 -0.1386, 0.1132 -0.0364 -0.1386, 0.1203 -0.0281 -0.1386, 0.1253 -0.0186 -0.1386, 0.1282 -0.0081 -0.1386, 0.1288 0.0027 -0.1386, 0.1271 0.0134 -0.1386, 0.1231 0.0235 -0.1386, 0.117 0.0325 -0.1386, 0.1091 0.0399 -0.1386, 0.0998 0.0455 -0.1386, 0.0895 0.049 -0.1386, 0.0787 0.0502 -0.1386, 0.0677 0.05 -0.1499, 0.0573 0.0464 -0.1499, 0.0478 0.0407 -0.1499, 0.0397 0.0331 -0.1499, 0.0335 0.024 -0.1499, 0.0294 0.0137 -0.1499, 0.0276 0.0028 -0.1499, 0.0282 -0.0083 -0.1499, 0.0312 -0.0189 -0.1499, 0.0364 -0.0287 -0.1499, 0.0436 -0.0371 -0.1499, 0.0524 -0.0438 -0.1499, 0.0624 -0.0485 -0.1499, 0.0732 -0.0509 -0.1499, 0.0843 -0.0509 -0.1499, 0.0951 -0.0485 -0.1499, 0.1051 -0.0438 -0.1499, 0.1139 -0.0371 -0.1499, 0.1211 -0.0287 -0.1499, 0.1263 -0.0189 -0.1499, 0.1292 -0.0083 -0.1499, 0.1298 0.0028 -0.1499, 0.128 0.0137 -0.1499, 0.1239 0.024 -0.1499, 0.1177 0.0331 -0.1499, 0.1097 0.0407 -0.1499, 0.1002 0.0464 -0.1499, 0.0897 0.05 -0.1499, 0.0787 0.0512 -0.1499, 0.0681 0.0485 -0.1611, 0.0579 0.0451 -0.1611, 0.0487 0.0396 -0.1611, 0.0409 0.0322 -0.1611, 0.0348 0.0233 -0.1611, 0.0309 0.0133 -0.1611, 0.0291 0.0027 -0.1611, 0.0297 -0.008 -0.1611, 0.0326 -0.0184 -0.1611, 0.0376 -0.0279 -0.1611, 0.0446 -0.0361 -0.1611, 0.0531 -0.0426 -0.1611, 0.0629 -0.0471 -0.1611, 0.0734 -0.0494 -0.1611, 0.0841 -0.0494 -0.1611, 0.0946 -0.0471 -0.1611, 0.1044 -0.0426 -0.1611, 0.1129 -0.0361 -0.1611, 0.1199 -0.0279 -0.1611, 0.1249 -0.0184 -0.1611, 0.1278 -0.008 -0.1611, 0.1284 0.0027 -0.1611, 0.1266 0.0133 -0.1611, 0.1226 0.0233 -0.1611, 0.1166 0.0322 -0.1611, 0.1088 0.0396 -0.1611, 0.0996 0.0451 -0.1611, 0.0894 0.0485 -0.1611, 0.0787 0.0497 -0.1611, 0.0689 0.0447 -0.1717, 0.0595 0.0415 -0.1717, 0.051 0.0364 -0.1717, 0.0439 0.0296 -0.1717, 0.0383 0.0214 -0.1717, 0.0346 0.0122 -0.1717, 0.033 0.0025 -0.1717, 0.0336 -0.0074 -0.1717, 0.0362 -0.0169 -0.1717, 0.0409 -0.0257 -0.1717, 0.0473 -0.0332 -0.1717, 0.0551 -0.0392 -0.1717, 0.0641 -0.0434 -0.1717, 0.0738 -0.0455 -0.1717, 0.0837 -0.0455 -0.1717, 0.0934 -0.0434 -0.1717, 0.1023 -0.0392 -0.1717, 0.1102 -0.0332 -0.1717, 0.1166 -0.0257 -0.1717, 0.1213 -0.0169 -0.1717, 0.1239 -0.0074 -0.1717, 0.1245 0.0025 -0.1717, 0.1228 0.0122 -0.1717, 0.1192 0.0214 -0.1717, 0.1136 0.0296 -0.1717, 0.1064 0.0364 -0.1717, 0.098 0.0415 -0.1717, 0.0886 0.0447 -0.1717, 0.0787 0.0458 -0.1717, 0.0702 0.0387 -0.1812, 0.0621 0.036 -0.1812, 0.0548 0.0316 -0.1812, 0.0485 0.0257 -0.1812, 0.0437 0.0186 -0.1812, 0.0406 0.0106 -0.1812, 0.0392 0.0021 -0.1812, 0.0396 -0.0064 -0.1812, 0.0419 -0.0147 -0.1812, 0.0459 -0.0222 -0.1812, 0.0515 -0.0288 -0.1812, 0.0583 -0.034 -0.1812, 0.0661 -0.0376 -0.1812, 0.0745 -0.0394 -0.1812, 0.083 -0.0394 -0.1812, 0.0914 -0.0376 -0.1812, 0.0992 -0.034 -0.1812, 0.106 -0.0288 -0.1812, 0.1115 -0.0222 -0.1812, 0.1156 -0.0147 -0.1812, 0.1179 -0.0064 -0.1812, 0.1183 0.0021 -0.1812, 0.1169 0.0106 -0.1812, 0.1138 0.0186 -0.1812, 0.1089 0.0257 -0.1812, 0.1027 0.0316 -0.1812, 0.0954 0.036 -0.1812, 0.0873 0.0387 -0.1812, 0.0787 0.0396 -0.1812, 0.072 0.0308 -0.1891, 0.0655 0.0286 -0.1891, 0.0596 0.0251 -0.1891, 0.0547 0.0204 -0.1891, 0.0509 0.0148 -0.1891, 0.0483 0.0084 -0.1891, 0.0472 0.0017 -0.1891, 0.0476 -0.0051 -0.1891, 0.0494 -0.0117 -0.1891, 0.0526 -0.0177 -0.1891, 0.057 -0.0229 -0.1891, 0.0625 -0.027 -0.1891, 0.0687 -0.0299 -0.1891, 0.0753 -0.0314 -0.1891, 0.0822 -0.0314 -0.1891, 0.0888 -0.0299 -0.1891, 0.095 -0.027 -0.1891, 0.1004 -0.0229 -0.1891, 0.1049 -0.0177 -0.1891, 0.1081 -0.0117 -0.1891, 0.1099 -0.0051 -0.1891, 0.1102 0.0017 -0.1891, 0.1091 0.0084 -0.1891, 0.1066 0.0148 -0.1891, 0.1028 0.0204 -0.1891, 0.0978 0.0251 -0.1891, 0.092 0.0286 -0.1891, 0.0855 0.0308 -0.1891, 0.0787 0.0316 -0.1891, 0.074 0.0214 -0.1951, 0.0695 0.0199 -0.1951, 0.0655 0.0175 -0.1951, 0.062 0.0142 -0.1951, 0.0594 0.0103 -0.1951, 0.0576 0.0059 -0.1951, 0.0568 0.0012 -0.1951, 0.0571 -0.0035 -0.1951, 0.0584 -0.0081 -0.1951, 0.0606 -0.0123 -0.1951, 0.0637 -0.0159 -0.1951, 0.0674 -0.0188 -0.1951, 0.0717 -0.0208 -0.1951, 0.0764 -0.0218 -0.1951, 0.0811 -0.0218 -0.1951, 0.0857 -0.0208 -0.1951, 0.09 -0.0188 -0.1951, 0.0938 -0.0159 -0.1951, 0.0969 -0.0123 -0.1951, 0.0991 -0.0081 -0.1951, 0.1004 -0.0035 -0.1951, 0.1006 0.0012 -0.1951, 0.0999 0.0059 -0.1951, 0.0981 0.0103 -0.1951, 0.0955 0.0142 -0.1951, 0.092 0.0175 -0.1951, 0.0879 0.0199 -0.1951, 0.0835 0.0214 -0.1951, 0.0787 0.0219 -0.1951, 0.074 -0.1473 -0.1988, 0.0763 -0.1465 -0.1988, 0.0787 -0.1575 -0.2, 0.0719 -0.1485 -0.1988, 0.0702 -0.1502 -0.1988, 0.0688 -0.1522 -0.1988, 0.0679 -0.1545 -0.1988, 0.0675 -0.1569 -0.1988, 0.0676 -0.1593 -0.1988, 0.0683 -0.1616 -0.1988, 0.0694 -0.1638 -0.1988, 0.071 -0.1656 -0.1988, 0.0729 -0.1671 -0.1988, 0.0752 -0.1681 -0.1988, 0.0775 -0.1687 -0.1988, 0.08 -0.1687 -0.1988, 0.0823 -0.1681 -0.1988, 0.0845 -0.1671 -0.1988, 0.0865 -0.1656 -0.1988, 0.088 -0.1638 -0.1988, 0.0892 -0.1616 -0.1988, 0.0898 -0.1593 -0.1988, 0.09 -0.1569 -0.1988, 0.0896 -0.1545 -0.1988, 0.0887 -0.1522 -0.1988, 0.0873 -0.1502 -0.1988, 0.0855 -0.1485 -0.1988, 0.0835 -0.1473 -0.1988, 0.0812 -0.1465 -0.1988, 0.0787 -0.1462 -0.1988, 0.1197 -0.1575 -0.1181, 0.1191 -0.1641 -0.1181, 0.1248 -0.165 -0.1279, 0.1168 -0.1726 -0.1181, 0.1221 -0.1748 -0.1279, 0.1126 -0.1805 -0.1181, 0.1174 -0.1837 -0.1279, 0.1069 -0.1872 -0.1181, 0.1108 -0.1914 -0.1279, 0.0998 -0.1926 -0.1181, 0.1028 -0.1975 -0.1279, 0.0918 -0.1963 -0.1181, 0.0936 -0.2017 -0.1279, 0.0832 -0.1982 -0.1181, 0.0838 -0.2039 -0.1279, 0.0743 -0.1982 -0.1181, 0.0737 -0.2039 -0.1279, 0.0657 -0.1963 -0.1181, 0.0638 -0.2017 -0.1279, 0.0576 -0.1926 -0.1181, 0.0547 -0.1975 -0.1279, 0.0506 -0.1872 -0.1181, 0.0466 -0.1914 -0.1279, 0.0449 -0.1805 -0.1181, 0.0401 -0.1837 -0.1279, 0.0407 -0.1726 -0.1181, 0.0354 -0.1748 -0.1279, 0.0383 -0.1641 -0.1181, 0.0327 -0.165 -0.1279, 0.0379 -0.1553 -0.1181, 0.0321 -0.155 -0.1279, 0.0393 -0.1465 -0.1181, 0.0338 -0.145 -0.1279, 0.0426 -0.1383 -0.1181, 0.0375 -0.1356 -0.1279, 0.0475 -0.131 -0.1181, 0.0432 -0.1273 -0.1279, 0.054 -0.1249 -0.1181, 0.0505 -0.1203 -0.1279, 0.0615 -0.1203 -0.1181, 0.0591 -0.1151 -0.1279, 0.0699 -0.1175 -0.1181, 0.0687 -0.1119 -0.1279, 0.0787 -0.1165 -0.1181, 0.0787 -0.1108 -0.1279, 0.0875 -0.1175 -0.1181, 0.0888 -0.1119 -0.1279, 0.0959 -0.1203 -0.1181, 0.0983 -0.1151 -0.1279, 0.1035 -0.1249 -0.1181, 0.107 -0.1203 -0.1279, 0.1099 -0.131 -0.1181, 0.1143 -0.1273 -0.1279, 0.1149 -0.1383 -0.1181, 0.12 -0.1356 -0.1279, 0.1182 -0.1465 -0.1181, 0.1237 -0.145 -0.1279, 0.1196 -0.1553 -0.1181, 0.1254 -0.155 -0.1279, 0.068 -0.1085 -0.1386, 0.0577 -0.112 -0.1386, 0.0484 -0.1176 -0.1386, 0.0405 -0.125 -0.1386, 0.0344 -0.134 -0.1386, 0.0304 -0.1441 -0.1386, 0.0287 -0.1548 -0.1386, 0.0292 -0.1656 -0.1386, 0.0321 -0.176 -0.1386, 0.0372 -0.1856 -0.1386, 0.0442 -0.1939 -0.1386, 0.0529 -0.2005 -0.1386, 0.0627 -0.205 -0.1386, 0.0733 -0.2073 -0.1386, 0.0842 -0.2073 -0.1386, 0.0948 -0.205 -0.1386, 0.1046 -0.2005 -0.1386, 0.1132 -0.1939 -0.1386, 0.1203 -0.1856 -0.1386, 0.1253 -0.176 -0.1386, 0.1282 -0.1656 -0.1386, 0.1288 -0.1548 -0.1386, 0.1271 -0.1441 -0.1386, 0.1231 -0.134 -0.1386, 0.117 -0.125 -0.1386, 0.1091 -0.1176 -0.1386, 0.0998 -0.112 -0.1386, 0.0895 -0.1085 -0.1386, 0.0787 -0.1073 -0.1386, 0.0677 -0.1075 -0.1499, 0.0573 -0.111 -0.1499, 0.0478 -0.1167 -0.1499, 0.0397 -0.1244 -0.1499, 0.0335 -0.1335 -0.1499, 0.0294 -0.1438 -0.1499, 0.0276 -0.1547 -0.1499, 0.0282 -0.1658 -0.1499, 0.0312 -0.1764 -0.1499, 0.0364 -0.1862 -0.1499, 0.0436 -0.1946 -0.1499, 0.0524 -0.2013 -0.1499, 0.0624 -0.206 -0.1499, 0.0732 -0.2084 -0.1499, 0.0843 -0.2084 -0.1499, 0.0951 -0.206 -0.1499, 0.1051 -0.2013 -0.1499, 0.1139 -0.1946 -0.1499, 0.1211 -0.1862 -0.1499, 0.1263 -0.1764 -0.1499, 0.1292 -0.1658 -0.1499, 0.1298 -0.1547 -0.1499, 0.128 -0.1438 -0.1499, 0.1239 -0.1335 -0.1499, 0.1177 -0.1244 -0.1499, 0.1097 -0.1167 -0.1499, 0.1002 -0.111 -0.1499, 0.0897 -0.1075 -0.1499, 0.0787 -0.1063 -0.1499, 0.0681 -0.109 -0.1611, 0.0579 -0.1124 -0.1611, 0.0487 -0.1179 -0.1611, 0.0409 -0.1253 -0.1611, 0.0348 -0.1342 -0.1611, 0.0309 -0.1442 -0.1611, 0.0291 -0.1548 -0.1611, 0.0297 -0.1655 -0.1611, 0.0326 -0.1759 -0.1611, 0.0376 -0.1854 -0.1611, 0.0446 -0.1936 -0.1611, 0.0531 -0.2001 -0.1611, 0.0629 -0.2046 -0.1611, 0.0734 -0.2069 -0.1611, 0.0841 -0.2069 -0.1611, 0.0946 -0.2046 -0.1611, 0.1044 -0.2001 -0.1611, 0.1129 -0.1936 -0.1611, 0.1199 -0.1854 -0.1611, 0.1249 -0.1759 -0.1611, 0.1278 -0.1655 -0.1611, 0.1284 -0.1548 -0.1611, 0.1266 -0.1442 -0.1611, 0.1226 -0.1342 -0.1611, 0.1166 -0.1253 -0.1611, 0.1088 -0.1179 -0.1611, 0.0996 -0.1124 -0.1611, 0.0894 -0.109 -0.1611, 0.0787 -0.1078 -0.1611, 0.0689 -0.1128 -0.1717, 0.0595 -0.1159 -0.1717, 0.051 -0.121 -0.1717, 0.0439 -0.1278 -0.1717, 0.0383 -0.136 -0.1717, 0.0346 -0.1452 -0.1717, 0.033 -0.155 -0.1717, 0.0336 -0.1649 -0.1717, 0.0362 -0.1744 -0.1717, 0.0409 -0.1832 -0.1717, 0.0473 -0.1907 -0.1717, 0.0551 -0.1967 -0.1717, 0.0641 -0.2009 -0.1717, 0.0738 -0.203 -0.1717, 0.0837 -0.203 -0.1717, 0.0934 -0.2009 -0.1717, 0.1023 -0.1967 -0.1717, 0.1102 -0.1907 -0.1717, 0.1166 -0.1832 -0.1717, 0.1213 -0.1744 -0.1717, 0.1239 -0.1649 -0.1717, 0.1245 -0.155 -0.1717, 0.1228 -0.1452 -0.1717, 0.1192 -0.136 -0.1717, 0.1136 -0.1278 -0.1717, 0.1064 -0.121 -0.1717, 0.098 -0.1159 -0.1717, 0.0886 -0.1128 -0.1717, 0.0787 -0.1117 -0.1717, 0.0702 -0.1188 -0.1812, 0.0621 -0.1215 -0.1812, 0.0548 -0.1259 -0.1812, 0.0485 -0.1318 -0.1812, 0.0437 -0.1389 -0.1812, 0.0406 -0.1469 -0.1812, 0.0392 -0.1553 -0.1812, 0.0396 -0.1639 -0.1812, 0.0419 -0.1721 -0.1812, 0.0459 -0.1797 -0.1812, 0.0515 -0.1863 -0.1812, 0.0583 -0.1914 -0.1812, 0.0661 -0.195 -0.1812, 0.0745 -0.1969 -0.1812, 0.083 -0.1969 -0.1812, 0.0914 -0.195 -0.1812, 0.0992 -0.1914 -0.1812, 0.106 -0.1863 -0.1812, 0.1115 -0.1797 -0.1812, 0.1156 -0.1721 -0.1812, 0.1179 -0.1639 -0.1812, 0.1183 -0.1553 -0.1812, 0.1169 -0.1469 -0.1812, 0.1138 -0.1389 -0.1812, 0.1089 -0.1318 -0.1812, 0.1027 -0.1259 -0.1812, 0.0954 -0.1215 -0.1812, 0.0873 -0.1188 -0.1812, 0.0787 -0.1178 -0.1812, 0.072 -0.1267 -0.1891, 0.0655 -0.1288 -0.1891, 0.0596 -0.1324 -0.1891, 0.0547 -0.1371 -0.1891, 0.0509 -0.1427 -0.1891, 0.0483 -0.149 -0.1891, 0.0472 -0.1558 -0.1891, 0.0476 -0.1626 -0.1891, 0.0494 -0.1692 -0.1891, 0.0526 -0.1752 -0.1891, 0.057 -0.1804 -0.1891, 0.0625 -0.1845 -0.1891, 0.0687 -0.1874 -0.1891, 0.0753 -0.1888 -0.1891, 0.0822 -0.1888 -0.1891, 0.0888 -0.1874 -0.1891, 0.095 -0.1845 -0.1891, 0.1004 -0.1804 -0.1891, 0.1049 -0.1752 -0.1891, 0.1081 -0.1692 -0.1891, 0.1099 -0.1626 -0.1891, 0.1102 -0.1558 -0.1891, 0.1091 -0.149 -0.1891, 0.1066 -0.1427 -0.1891, 0.1028 -0.1371 -0.1891, 0.0978 -0.1324 -0.1891, 0.092 -0.1288 -0.1891, 0.0855 -0.1267 -0.1891, 0.0787 -0.1259 -0.1891, 0.074 -0.1361 -0.1951, 0.0695 -0.1376 -0.1951, 0.0655 -0.14 -0.1951, 0.062 -0.1433 -0.1951, 0.0594 -0.1472 -0.1951, 0.0576 -0.1516 -0.1951, 0.0568 -0.1563 -0.1951, 0.0571 -0.161 -0.1951, 0.0584 -0.1656 -0.1951, 0.0606 -0.1698 -0.1951, 0.0637 -0.1734 -0.1951, 0.0674 -0.1763 -0.1951, 0.0717 -0.1783 -0.1951, 0.0764 -0.1793 -0.1951, 0.0811 -0.1793 -0.1951, 0.0857 -0.1783 -0.1951, 0.09 -0.1763 -0.1951, 0.0938 -0.1734 -0.1951, 0.0969 -0.1698 -0.1951, 0.0991 -0.1656 -0.1951, 0.1004 -0.161 -0.1951, 0.1006 -0.1563 -0.1951, 0.0999 -0.1516 -0.1951, 0.0981 -0.1472 -0.1951, 0.0955 -0.1433 -0.1951, 0.092 -0.14 -0.1951, 0.0879 -0.1376 -0.1951, 0.0835 -0.1361 -0.1951, 0.0787 -0.1355 -0.1951, 0.074 -0.3048 -0.1988, 0.0763 -0.304 -0.1988, 0.0787 -0.315 -0.2, 0.0719 -0.306 -0.1988, 0.0702 -0.3077 -0.1988, 0.0688 -0.3097 -0.1988, 0.0679 -0.312 -0.1988, 0.0675 -0.3144 -0.1988, 0.0676 -0.3168 -0.1988, 0.0683 -0.3191 -0.1988, 0.0694 -0.3213 -0.1988, 0.071 -0.3231 -0.1988, 0.0729 -0.3246 -0.1988, 0.0752 -0.3256 -0.1988, 0.0775 -0.3261 -0.1988, 0.08 -0.3261 -0.1988, 0.0823 -0.3256 -0.1988, 0.0845 -0.3246 -0.1988, 0.0865 -0.3231 -0.1988, 0.088 -0.3213 -0.1988, 0.0892 -0.3191 -0.1988, 0.0898 -0.3168 -0.1988, 0.09 -0.3144 -0.1988, 0.0896 -0.312 -0.1988, 0.0887 -0.3097 -0.1988, 0.0873 -0.3077 -0.1988, 0.0855 -0.306 -0.1988, 0.0835 -0.3048 -0.1988, 0.0812 -0.304 -0.1988, 0.0787 -0.3037 -0.1988, 0.1197 -0.315 -0.1181, 0.1191 -0.3216 -0.1181, 0.1248 -0.3225 -0.1279, 0.1168 -0.3301 -0.1181, 0.1221 -0.3322 -0.1279, 0.1126 -0.3379 -0.1181, 0.1174 -0.3412 -0.1279, 0.1069 -0.3447 -0.1181, 0.1108 -0.3489 -0.1279, 0.0998 -0.35 -0.1181, 0.1028 -0.355 -0.1279, 0.0918 -0.3538 -0.1181, 0.0936 -0.3592 -0.1279, 0.0832 -0.3557 -0.1181, 0.0838 -0.3614 -0.1279, 0.0743 -0.3557 -0.1181, 0.0737 -0.3614 -0.1279, 0.0657 -0.3538 -0.1181, 0.0638 -0.3592 -0.1279, 0.0576 -0.35 -0.1181, 0.0547 -0.355 -0.1279, 0.0506 -0.3447 -0.1181, 0.0466 -0.3489 -0.1279, 0.0449 -0.3379 -0.1181, 0.0401 -0.3412 -0.1279, 0.0407 -0.3301 -0.1181, 0.0354 -0.3322 -0.1279, 0.0383 -0.3216 -0.1181, 0.0327 -0.3225 -0.1279, 0.0379 -0.3127 -0.1181, 0.0321 -0.3124 -0.1279, 0.0393 -0.304 -0.1181, 0.0338 -0.3025 -0.1279, 0.0426 -0.2958 -0.1181, 0.0375 -0.2931 -0.1279, 0.0475 -0.2885 -0.1181, 0.0432 -0.2847 -0.1279, 0.054 -0.2824 -0.1181, 0.0505 -0.2778 -0.1279, 0.0615 -0.2778 -0.1181, 0.0591 -0.2726 -0.1279, 0.0699 -0.275 -0.1181, 0.0687 -0.2694 -0.1279, 0.0787 -0.274 -0.1181, 0.0787 -0.2683 -0.1279, 0.0875 -0.275 -0.1181, 0.0888 -0.2694 -0.1279, 0.0959 -0.2778 -0.1181, 0.0983 -0.2726 -0.1279, 0.1035 -0.2824 -0.1181, 0.107 -0.2778 -0.1279, 0.1099 -0.2885 -0.1181, 0.1143 -0.2847 -0.1279, 0.1149 -0.2958 -0.1181, 0.12 -0.2931 -0.1279, 0.1182 -0.304 -0.1181, 0.1237 -0.3025 -0.1279, 0.1196 -0.3127 -0.1181, 0.1254 -0.3124 -0.1279, 0.068 -0.266 -0.1386, 0.0577 -0.2694 -0.1386, 0.0484 -0.275 -0.1386, 0.0405 -0.2825 -0.1386, 0.0344 -0.2915 -0.1386, 0.0304 -0.3015 -0.1386, 0.0287 -0.3122 -0.1386, 0.0292 -0.3231 -0.1386, 0.0321 -0.3335 -0.1386, 0.0372 -0.3431 -0.1386, 0.0442 -0.3514 -0.1386, 0.0529 -0.3579 -0.1386, 0.0627 -0.3625 -0.1386, 0.0733 -0.3648 -0.1386, 0.0842 -0.3648 -0.1386, 0.0948 -0.3625 -0.1386, 0.1046 -0.3579 -0.1386, 0.1132 -0.3514 -0.1386, 0.1203 -0.3431 -0.1386, 0.1253 -0.3335 -0.1386, 0.1282 -0.3231 -0.1386, 0.1288 -0.3122 -0.1386, 0.1271 -0.3015 -0.1386, 0.1231 -0.2915 -0.1386, 0.117 -0.2825 -0.1386, 0.1091 -0.275 -0.1386, 0.0998 -0.2694 -0.1386, 0.0895 -0.266 -0.1386, 0.0787 -0.2648 -0.1386, 0.0677 -0.265 -0.1499, 0.0573 -0.2685 -0.1499, 0.0478 -0.2742 -0.1499, 0.0397 -0.2818 -0.1499, 0.0335 -0.291 -0.1499, 0.0294 -0.3013 -0.1499, 0.0276 -0.3122 -0.1499, 0.0282 -0.3232 -0.1499, 0.0312 -0.3339 -0.1499, 0.0364 -0.3437 -0.1499, 0.0436 -0.3521 -0.1499, 0.0524 -0.3588 -0.1499, 0.0624 -0.3635 -0.1499, 0.0732 -0.3658 -0.1499, 0.0843 -0.3658 -0.1499, 0.0951 -0.3635 -0.1499, 0.1051 -0.3588 -0.1499, 0.1139 -0.3521 -0.1499, 0.1211 -0.3437 -0.1499, 0.1263 -0.3339 -0.1499, 0.1292 -0.3232 -0.1499, 0.1298 -0.3122 -0.1499, 0.128 -0.3013 -0.1499, 0.1239 -0.291 -0.1499, 0.1177 -0.2818 -0.1499, 0.1097 -0.2742 -0.1499, 0.1002 -0.2685 -0.1499, 0.0897 -0.265 -0.1499, 0.0787 -0.2638 -0.1499, 0.0681 -0.2664 -0.1611, 0.0579 -0.2699 -0.1611, 0.0487 -0.2754 -0.1611, 0.0409 -0.2828 -0.1611, 0.0348 -0.2917 -0.1611, 0.0309 -0.3017 -0.1611, 0.0291 -0.3123 -0.1611, 0.0297 -0.323 -0.1611, 0.0326 -0.3334 -0.1611, 0.0376 -0.3428 -0.1611, 0.0446 -0.351 -0.1611, 0.0531 -0.3575 -0.1611, 0.0629 -0.362 -0.1611, 0.0734 -0.3644 -0.1611, 0.0841 -0.3644 -0.1611, 0.0946 -0.362 -0.1611, 0.1044 -0.3575 -0.1611, 0.1129 -0.351 -0.1611, 0.1199 -0.3428 -0.1611, 0.1249 -0.3334 -0.1611, 0.1278 -0.323 -0.1611, 0.1284 -0.3123 -0.1611, 0.1266 -0.3017 -0.1611, 0.1226 -0.2917 -0.1611, 0.1166 -0.2828 -0.1611, 0.1088 -0.2754 -0.1611, 0.0996 -0.2699 -0.1611, 0.0894 -0.2664 -0.1611, 0.0787 -0.2653 -0.1611, 0.0689 -0.2703 -0.1717, 0.0595 -0.2734 -0.1717, 0.051 -0.2785 -0.1717, 0.0439 -0.2853 -0.1717, 0.0383 -0.2935 -0.1717, 0.0346 -0.3027 -0.1717, 0.033 -0.3125 -0.1717, 0.0336 -0.3224 -0.1717, 0.0362 -0.3319 -0.1717, 0.0409 -0.3407 -0.1717, 0.0473 -0.3482 -0.1717, 0.0551 -0.3542 -0.1717, 0.0641 -0.3583 -0.1717, 0.0738 -0.3605 -0.1717, 0.0837 -0.3605 -0.1717, 0.0934 -0.3583 -0.1717, 0.1023 -0.3542 -0.1717, 0.1102 -0.3482 -0.1717, 0.1166 -0.3407 -0.1717, 0.1213 -0.3319 -0.1717, 0.1239 -0.3224 -0.1717, 0.1245 -0.3125 -0.1717, 0.1228 -0.3027 -0.1717, 0.1192 -0.2935 -0.1717, 0.1136 -0.2853 -0.1717, 0.1064 -0.2785 -0.1717, 0.098 -0.2734 -0.1717, 0.0886 -0.2703 -0.1717, 0.0787 -0.2692 -0.1717, 0.0702 -0.2763 -0.1812, 0.0621 -0.279 -0.1812, 0.0548 -0.2834 -0.1812, 0.0485 -0.2893 -0.1812, 0.0437 -0.2964 -0.1812, 0.0406 -0.3044 -0.1812, 0.0392 -0.3128 -0.1812, 0.0396 -0.3214 -0.1812, 0.0419 -0.3296 -0.1812, 0.0459 -0.3372 -0.1812, 0.0515 -0.3437 -0.1812, 0.0583 -0.3489 -0.1812, 0.0661 -0.3525 -0.1812, 0.0745 -0.3544 -0.1812, 0.083 -0.3544 -0.1812, 0.0914 -0.3525 -0.1812, 0.0992 -0.3489 -0.1812, 0.106 -0.3437 -0.1812, 0.1115 -0.3372 -0.1812, 0.1156 -0.3296 -0.1812, 0.1179 -0.3214 -0.1812, 0.1183 -0.3128 -0.1812, 0.1169 -0.3044 -0.1812, 0.1138 -0.2964 -0.1812, 0.1089 -0.2893 -0.1812, 0.1027 -0.2834 -0.1812, 0.0954 -0.279 -0.1812, 0.0873 -0.2763 -0.1812, 0.0787 -0.2753 -0.1812, 0.072 -0.2841 -0.1891, 0.0655 -0.2863 -0.1891, 0.0596 -0.2898 -0.1891, 0.0547 -0.2945 -0.1891, 0.0509 -0.3002 -0.1891, 0.0483 -0.3065 -0.1891, 0.0472 -0.3133 -0.1891, 0.0476 -0.3201 -0.1891, 0.0494 -0.3266 -0.1891, 0.0526 -0.3327 -0.1891, 0.057 -0.3379 -0.1891, 0.0625 -0.342 -0.1891, 0.0687 -0.3449 -0.1891, 0.0753 -0.3463 -0.1891, 0.0822 -0.3463 -0.1891, 0.0888 -0.3449 -0.1891, 0.095 -0.342 -0.1891, 0.1004 -0.3379 -0.1891, 0.1049 -0.3327 -0.1891, 0.1081 -0.3266 -0.1891, 0.1099 -0.3201 -0.1891, 0.1102 -0.3133 -0.1891, 0.1091 -0.3065 -0.1891, 0.1066 -0.3002 -0.1891, 0.1028 -0.2945 -0.1891, 0.0978 -0.2898 -0.1891, 0.092 -0.2863 -0.1891, 0.0855 -0.2841 -0.1891, 0.0787 -0.2834 -0.1891, 0.074 -0.2935 -0.1951, 0.0695 -0.2951 -0.1951, 0.0655 -0.2975 -0.1951, 0.062 -0.3008 -0.1951, 0.0594 -0.3047 -0.1951, 0.0576 -0.3091 -0.1951, 0.0568 -0.3138 -0.1951, 0.0571 -0.3185 -0.1951, 0.0584 -0.3231 -0.1951, 0.0606 -0.3273 -0.1951, 0.0637 -0.3309 -0.1951, 0.0674 -0.3338 -0.1951, 0.0717 -0.3357 -0.1951, 0.0764 -0.3368 -0.1951, 0.0811 -0.3368 -0.1951, 0.0857 -0.3357 -0.1951, 0.09 -0.3338 -0.1951, 0.0938 -0.3309 -0.1951, 0.0969 -0.3273 -0.1951, 0.0991 -0.3231 -0.1951, 0.1004 -0.3185 -0.1951, 0.1006 -0.3138 -0.1951, 0.0999 -0.3091 -0.1951, 0.0981 -0.3047 -0.1951, 0.0955 -0.3008 -0.1951, 0.092 -0.2975 -0.1951, 0.0879 -0.2951 -0.1951, 0.0835 -0.2935 -0.1951, 0.0787 -0.293 -0.1951, 0.2315 0.3252 -0.1988, 0.2338 0.3259 -0.1988, 0.2362 0.315 -0.2, 0.2294 0.3239 -0.1988, 0.2277 0.3222 -0.1988, 0.2263 0.3202 -0.1988, 0.2254 0.318 -0.1988, 0.225 0.3156 -0.1988, 0.2251 0.3131 -0.1988, 0.2258 0.3108 -0.1988, 0.2269 0.3087 -0.1988, 0.2285 0.3068 -0.1988, 0.2304 0.3053 -0.1988, 0.2326 0.3043 -0.1988, 0.235 0.3038 -0.1988, 0.2374 0.3038 -0.1988, 0.2398 0.3043 -0.1988, 0.242 0.3053 -0.1988, 0.244 0.3068 -0.1988, 0.2455 0.3087 -0.1988, 0.2467 0.3108 -0.1988, 0.2473 0.3131 -0.1988, 0.2474 0.3156 -0.1988, 0.2471 0.318 -0.1988, 0.2462 0.3202 -0.1988, 0.2448 0.3222 -0.1988, 0.243 0.3239 -0.1988, 0.2409 0.3252 -0.1988, 0.2386 0.3259 -0.1988, 0.2362 0.3262 -0.1988, 0.2772 0.315 -0.1181, 0.2766 0.3083 -0.1181, 0.2823 0.3074 -0.1279, 0.2743 0.2998 -0.1181, 0.2796 0.2977 -0.1279, 0.2701 0.292 -0.1181, 0.2749 0.2888 -0.1279, 0.2644 0.2852 -0.1181, 0.2683 0.2811 -0.1279, 0.2573 0.2799 -0.1181, 0.2603 0.275 -0.1279, 0.2493 0.2762 -0.1181, 0.2511 0.2707 -0.1279, 0.2406 0.2743 -0.1181, 0.2413 0.2685 -0.1279, 0.2318 0.2743 -0.1181, 0.2312 0.2685 -0.1279, 0.2231 0.2762 -0.1181, 0.2213 0.2707 -0.1279, 0.2151 0.2799 -0.1181, 0.2121 0.275 -0.1279, 0.2081 0.2852 -0.1181, 0.2041 0.2811 -0.1279, 0.2023 0.292 -0.1181, 0.1976 0.2888 -0.1279, 0.1982 0.2998 -0.1181, 0.1928 0.2977 -0.1279, 0.1958 0.3083 -0.1181, 0.1901 0.3074 -0.1279, 0.1953 0.3172 -0.1181, 0.1896 0.3175 -0.1279, 0.1968 0.3259 -0.1181, 0.1912 0.3275 -0.1279, 0.2 0.3341 -0.1181, 0.195 0.3368 -0.1279, 0.205 0.3415 -0.1181, 0.2006 0.3452 -0.1279, 0.2114 0.3476 -0.1181, 0.208 0.3521 -0.1279, 0.219 0.3521 -0.1181, 0.2166 0.3573 -0.1279, 0.2274 0.3549 -0.1181, 0.2262 0.3606 -0.1279, 0.2362 0.3559 -0.1181, 0.2362 0.3617 -0.1279, 0.245 0.3549 -0.1181, 0.2463 0.3606 -0.1279, 0.2534 0.3521 -0.1181, 0.2558 0.3573 -0.1279, 0.261 0.3476 -0.1181, 0.2645 0.3521 -0.1279, 0.2674 0.3415 -0.1181, 0.2718 0.3452 -0.1279, 0.2724 0.3341 -0.1181, 0.2775 0.3368 -0.1279, 0.2757 0.3259 -0.1181, 0.2812 0.3275 -0.1279, 0.2771 0.3172 -0.1181, 0.2828 0.3175 -0.1279, 0.2254 0.3639 -0.1386, 0.2152 0.3605 -0.1386, 0.2059 0.3549 -0.1386, 0.198 0.3474 -0.1386, 0.1919 0.3385 -0.1386, 0.1879 0.3284 -0.1386, 0.1861 0.3177 -0.1386, 0.1867 0.3068 -0.1386, 0.1896 0.2964 -0.1386, 0.1947 0.2868 -0.1386, 0.2017 0.2785 -0.1386, 0.2104 0.272 -0.1386, 0.2202 0.2674 -0.1386, 0.2308 0.2651 -0.1386, 0.2416 0.2651 -0.1386, 0.2522 0.2674 -0.1386, 0.2621 0.272 -0.1386, 0.2707 0.2785 -0.1386, 0.2777 0.2868 -0.1386, 0.2828 0.2964 -0.1386, 0.2857 0.3068 -0.1386, 0.2863 0.3177 -0.1386, 0.2845 0.3284 -0.1386, 0.2805 0.3385 -0.1386, 0.2744 0.3474 -0.1386, 0.2666 0.3549 -0.1386, 0.2573 0.3605 -0.1386, 0.247 0.3639 -0.1386, 0.2362 0.3651 -0.1386, 0.2252 0.3649 -0.1499, 0.2147 0.3614 -0.1499, 0.2053 0.3557 -0.1499, 0.1972 0.3481 -0.1499, 0.191 0.3389 -0.1499, 0.1869 0.3286 -0.1499, 0.1851 0.3177 -0.1499, 0.1857 0.3067 -0.1499, 0.1887 0.296 -0.1499, 0.1939 0.2862 -0.1499, 0.201 0.2778 -0.1499, 0.2098 0.2711 -0.1499, 0.2199 0.2665 -0.1499, 0.2307 0.2641 -0.1499, 0.2418 0.2641 -0.1499, 0.2526 0.2665 -0.1499, 0.2626 0.2711 -0.1499, 0.2714 0.2778 -0.1499, 0.2786 0.2862 -0.1499, 0.2838 0.296 -0.1499, 0.2867 0.3067 -0.1499, 0.2873 0.3177 -0.1499, 0.2855 0.3286 -0.1499, 0.2814 0.3389 -0.1499, 0.2752 0.3481 -0.1499, 0.2672 0.3557 -0.1499, 0.2577 0.3614 -0.1499, 0.2472 0.3649 -0.1499, 0.2362 0.3661 -0.1499, 0.2255 0.3635 -0.1611, 0.2154 0.3601 -0.1611, 0.2062 0.3545 -0.1611, 0.1984 0.3471 -0.1611, 0.1923 0.3382 -0.1611, 0.1883 0.3283 -0.1611, 0.1866 0.3177 -0.1611, 0.1872 0.3069 -0.1611, 0.1901 0.2966 -0.1611, 0.1951 0.2871 -0.1611, 0.2021 0.2789 -0.1611, 0.2106 0.2724 -0.1611, 0.2204 0.2679 -0.1611, 0.2308 0.2656 -0.1611, 0.2416 0.2656 -0.1611, 0.2521 0.2679 -0.1611, 0.2618 0.2724 -0.1611, 0.2704 0.2789 -0.1611, 0.2773 0.2871 -0.1611, 0.2824 0.2966 -0.1611, 0.2853 0.3069 -0.1611, 0.2858 0.3177 -0.1611, 0.2841 0.3283 -0.1611, 0.2801 0.3382 -0.1611, 0.2741 0.3471 -0.1611, 0.2663 0.3545 -0.1611, 0.2571 0.3601 -0.1611, 0.2469 0.3635 -0.1611, 0.2362 0.3646 -0.1611, 0.2264 0.3597 -0.1717, 0.217 0.3565 -0.1717, 0.2085 0.3514 -0.1717, 0.2013 0.3446 -0.1717, 0.1958 0.3364 -0.1717, 0.1921 0.3272 -0.1717, 0.1905 0.3174 -0.1717, 0.191 0.3076 -0.1717, 0.1937 0.298 -0.1717, 0.1983 0.2893 -0.1717, 0.2047 0.2817 -0.1717, 0.2126 0.2757 -0.1717, 0.2216 0.2716 -0.1717, 0.2313 0.2695 -0.1717, 0.2412 0.2695 -0.1717, 0.2508 0.2716 -0.1717, 0.2598 0.2757 -0.1717, 0.2677 0.2817 -0.1717, 0.2741 0.2893 -0.1717, 0.2787 0.298 -0.1717, 0.2814 0.3076 -0.1717, 0.2819 0.3174 -0.1717, 0.2803 0.3272 -0.1717, 0.2767 0.3364 -0.1717, 0.2711 0.3446 -0.1717, 0.2639 0.3514 -0.1717, 0.2554 0.3565 -0.1717, 0.2461 0.3597 -0.1717, 0.2362 0.3607 -0.1717, 0.2277 0.3537 -0.1812, 0.2196 0.3509 -0.1812, 0.2122 0.3465 -0.1812, 0.206 0.3406 -0.1812, 0.2012 0.3335 -0.1812, 0.198 0.3256 -0.1812, 0.1966 0.3171 -0.1812, 0.1971 0.3085 -0.1812, 0.1994 0.3003 -0.1812, 0.2034 0.2927 -0.1812, 0.209 0.2862 -0.1812, 0.2158 0.281 -0.1812, 0.2236 0.2774 -0.1812, 0.2319 0.2756 -0.1812, 0.2405 0.2756 -0.1812, 0.2489 0.2774 -0.1812, 0.2567 0.281 -0.1812, 0.2635 0.2862 -0.1812, 0.269 0.2927 -0.1812, 0.273 0.3003 -0.1812, 0.2753 0.3085 -0.1812, 0.2758 0.3171 -0.1812, 0.2744 0.3256 -0.1812, 0.2712 0.3335 -0.1812, 0.2664 0.3406 -0.1812, 0.2602 0.3465 -0.1812, 0.2529 0.3509 -0.1812, 0.2447 0.3537 -0.1812, 0.2362 0.3546 -0.1812, 0.2294 0.3458 -0.1891, 0.223 0.3436 -0.1891, 0.2171 0.3401 -0.1891, 0.2122 0.3354 -0.1891, 0.2083 0.3297 -0.1891, 0.2058 0.3234 -0.1891, 0.2047 0.3167 -0.1891, 0.2051 0.3099 -0.1891, 0.2069 0.3033 -0.1891, 0.2101 0.2973 -0.1891, 0.2145 0.2921 -0.1891, 0.22 0.2879 -0.1891, 0.2261 0.2851 -0.1891, 0.2328 0.2836 -0.1891, 0.2396 0.2836 -0.1891, 0.2463 0.2851 -0.1891, 0.2525 0.2879 -0.1891, 0.2579 0.2921 -0.1891, 0.2623 0.2973 -0.1891, 0.2655 0.3033 -0.1891, 0.2674 0.3099 -0.1891, 0.2677 0.3167 -0.1891, 0.2666 0.3234 -0.1891, 0.2641 0.3297 -0.1891, 0.2603 0.3354 -0.1891, 0.2553 0.3401 -0.1891, 0.2495 0.3436 -0.1891, 0.243 0.3458 -0.1891, 0.2362 0.3465 -0.1891, 0.2315 0.3364 -0.1951, 0.227 0.3349 -0.1951, 0.2229 0.3324 -0.1951, 0.2195 0.3292 -0.1951, 0.2168 0.3252 -0.1951, 0.2151 0.3208 -0.1951, 0.2143 0.3161 -0.1951, 0.2146 0.3114 -0.1951, 0.2158 0.3068 -0.1951, 0.2181 0.3027 -0.1951, 0.2211 0.299 -0.1951, 0.2249 0.2962 -0.1951, 0.2292 0.2942 -0.1951, 0.2338 0.2932 -0.1951, 0.2386 0.2932 -0.1951, 0.2432 0.2942 -0.1951, 0.2475 0.2962 -0.1951, 0.2513 0.299 -0.1951, 0.2544 0.3027 -0.1951, 0.2566 0.3068 -0.1951, 0.2579 0.3114 -0.1951, 0.2581 0.3161 -0.1951, 0.2574 0.3208 -0.1951, 0.2556 0.3252 -0.1951, 0.2529 0.3292 -0.1951, 0.2495 0.3324 -0.1951, 0.2454 0.3349 -0.1951, 0.2409 0.3364 -0.1951, 0.2362 0.3369 -0.1951, 0.2315 0.1677 -0.1988, 0.2338 0.1685 -0.1988, 0.2362 0.1575 -0.2, 0.2294 0.1664 -0.1988, 0.2277 0.1648 -0.1988, 0.2263 0.1627 -0.1988, 0.2254 0.1605 -0.1988, 0.225 0.1581 -0.1988, 0.2251 0.1557 -0.1988, 0.2258 0.1533 -0.1988, 0.2269 0.1512 -0.1988, 0.2285 0.1493 -0.1988, 0.2304 0.1478 -0.1988, 0.2326 0.1468 -0.1988, 0.235 0.1463 -0.1988, 0.2374 0.1463 -0.1988, 0.2398 0.1468 -0.1988, 0.242 0.1478 -0.1988, 0.244 0.1493 -0.1988, 0.2455 0.1512 -0.1988, 0.2467 0.1533 -0.1988, 0.2473 0.1557 -0.1988, 0.2474 0.1581 -0.1988, 0.2471 0.1605 -0.1988, 0.2462 0.1627 -0.1988, 0.2448 0.1648 -0.1988, 0.243 0.1664 -0.1988, 0.2409 0.1677 -0.1988, 0.2386 0.1685 -0.1988, 0.2362 0.1687 -0.1988, 0.2772 0.1575 -0.1181, 0.2766 0.1509 -0.1181, 0.2823 0.1499 -0.1279, 0.2743 0.1423 -0.1181, 0.2796 0.1402 -0.1279, 0.2701 0.1345 -0.1181, 0.2749 0.1313 -0.1279, 0.2644 0.1278 -0.1181, 0.2683 0.1236 -0.1279, 0.2573 0.1224 -0.1181, 0.2603 0.1175 -0.1279, 0.2493 0.1187 -0.1181, 0.2511 0.1132 -0.1279, 0.2406 0.1168 -0.1181, 0.2413 0.1111 -0.1279, 0.2318 0.1168 -0.1181, 0.2312 0.1111 -0.1279, 0.2231 0.1187 -0.1181, 0.2213 0.1132 -0.1279, 0.2151 0.1224 -0.1181, 0.2121 0.1175 -0.1279, 0.2081 0.1278 -0.1181, 0.2041 0.1236 -0.1279, 0.2023 0.1345 -0.1181, 0.1976 0.1313 -0.1279, 0.1982 0.1423 -0.1181, 0.1928 0.1402 -0.1279, 0.1958 0.1509 -0.1181, 0.1901 0.1499 -0.1279, 0.1953 0.1597 -0.1181, 0.1896 0.16 -0.1279, 0.1968 0.1684 -0.1181, 0.1912 0.17 -0.1279, 0.2 0.1767 -0.1181, 0.195 0.1793 -0.1279, 0.205 0.184 -0.1181, 0.2006 0.1877 -0.1279, 0.2114 0.1901 -0.1181, 0.208 0.1946 -0.1279, 0.219 0.1946 -0.1181, 0.2166 0.1999 -0.1279, 0.2274 0.1975 -0.1181, 0.2262 0.2031 -0.1279, 0.2362 0.1984 -0.1181, 0.2362 0.2042 -0.1279, 0.245 0.1975 -0.1181, 0.2463 0.2031 -0.1279, 0.2534 0.1946 -0.1181, 0.2558 0.1999 -0.1279, 0.261 0.1901 -0.1181, 0.2645 0.1946 -0.1279, 0.2674 0.184 -0.1181, 0.2718 0.1877 -0.1279, 0.2724 0.1767 -0.1181, 0.2775 0.1793 -0.1279, 0.2757 0.1684 -0.1181, 0.2812 0.17 -0.1279, 0.2771 0.1597 -0.1181, 0.2828 0.16 -0.1279, 0.2254 0.2065 -0.1386, 0.2152 0.203 -0.1386, 0.2059 0.1974 -0.1386, 0.198 0.1899 -0.1386, 0.1919 0.181 -0.1386, 0.1879 0.1709 -0.1386, 0.1861 0.1602 -0.1386, 0.1867 0.1494 -0.1386, 0.1896 0.1389 -0.1386, 0.1947 0.1293 -0.1386, 0.2017 0.1211 -0.1386, 0.2104 0.1145 -0.1386, 0.2202 0.11 -0.1386, 0.2308 0.1076 -0.1386, 0.2416 0.1076 -0.1386, 0.2522 0.11 -0.1386, 0.2621 0.1145 -0.1386, 0.2707 0.1211 -0.1386, 0.2777 0.1293 -0.1386, 0.2828 0.1389 -0.1386, 0.2857 0.1494 -0.1386, 0.2863 0.1602 -0.1386, 0.2845 0.1709 -0.1386, 0.2805 0.181 -0.1386, 0.2744 0.1899 -0.1386, 0.2666 0.1974 -0.1386, 0.2573 0.203 -0.1386, 0.247 0.2065 -0.1386, 0.2362 0.2076 -0.1386, 0.2252 0.2075 -0.1499, 0.2147 0.2039 -0.1499, 0.2053 0.1982 -0.1499, 0.1972 0.1906 -0.1499, 0.191 0.1814 -0.1499, 0.1869 0.1712 -0.1499, 0.1851 0.1603 -0.1499, 0.1857 0.1492 -0.1499, 0.1887 0.1385 -0.1499, 0.1939 0.1288 -0.1499, 0.201 0.1203 -0.1499, 0.2098 0.1136 -0.1499, 0.2199 0.109 -0.1499, 0.2307 0.1066 -0.1499, 0.2418 0.1066 -0.1499, 0.2526 0.109 -0.1499, 0.2626 0.1136 -0.1499, 0.2714 0.1203 -0.1499, 0.2786 0.1288 -0.1499, 0.2838 0.1385 -0.1499, 0.2867 0.1492 -0.1499, 0.2873 0.1603 -0.1499, 0.2855 0.1712 -0.1499, 0.2814 0.1814 -0.1499, 0.2752 0.1906 -0.1499, 0.2672 0.1982 -0.1499, 0.2577 0.2039 -0.1499, 0.2472 0.2075 -0.1499, 0.2362 0.2087 -0.1499, 0.2255 0.206 -0.1611, 0.2154 0.2026 -0.1611, 0.2062 0.197 -0.1611, 0.1984 0.1896 -0.1611, 0.1923 0.1808 -0.1611, 0.1883 0.1708 -0.1611, 0.1866 0.1602 -0.1611, 0.1872 0.1494 -0.1611, 0.1901 0.1391 -0.1611, 0.1951 0.1296 -0.1611, 0.2021 0.1214 -0.1611, 0.2106 0.1149 -0.1611, 0.2204 0.1104 -0.1611, 0.2308 0.1081 -0.1611, 0.2416 0.1081 -0.1611, 0.2521 0.1104 -0.1611, 0.2618 0.1149 -0.1611, 0.2704 0.1214 -0.1611, 0.2773 0.1296 -0.1611, 0.2824 0.1391 -0.1611, 0.2853 0.1494 -0.1611, 0.2858 0.1602 -0.1611, 0.2841 0.1708 -0.1611, 0.2801 0.1808 -0.1611, 0.2741 0.1896 -0.1611, 0.2663 0.197 -0.1611, 0.2571 0.2026 -0.1611, 0.2469 0.206 -0.1611, 0.2362 0.2072 -0.1611, 0.2264 0.2022 -0.1717, 0.217 0.199 -0.1717, 0.2085 0.1939 -0.1717, 0.2013 0.1871 -0.1717, 0.1958 0.1789 -0.1717, 0.1921 0.1697 -0.1717, 0.1905 0.16 -0.1717, 0.191 0.1501 -0.1717, 0.1937 0.1405 -0.1717, 0.1983 0.1318 -0.1717, 0.2047 0.1242 -0.1717, 0.2126 0.1183 -0.1717, 0.2216 0.1141 -0.1717, 0.2313 0.112 -0.1717, 0.2412 0.112 -0.1717, 0.2508 0.1141 -0.1717, 0.2598 0.1183 -0.1717, 0.2677 0.1242 -0.1717, 0.2741 0.1318 -0.1717, 0.2787 0.1405 -0.1717, 0.2814 0.1501 -0.1717, 0.2819 0.16 -0.1717, 0.2803 0.1697 -0.1717, 0.2767 0.1789 -0.1717, 0.2711 0.1871 -0.1717, 0.2639 0.1939 -0.1717, 0.2554 0.199 -0.1717, 0.2461 0.2022 -0.1717, 0.2362 0.2033 -0.1717, 0.2277 0.1962 -0.1812, 0.2196 0.1935 -0.1812, 0.2122 0.189 -0.1812, 0.206 0.1831 -0.1812, 0.2012 0.176 -0.1812, 0.198 0.1681 -0.1812, 0.1966 0.1596 -0.1812, 0.1971 0.1511 -0.1812, 0.1994 0.1428 -0.1812, 0.2034 0.1352 -0.1812, 0.209 0.1287 -0.1812, 0.2158 0.1235 -0.1812, 0.2236 0.1199 -0.1812, 0.2319 0.1181 -0.1812, 0.2405 0.1181 -0.1812, 0.2489 0.1199 -0.1812, 0.2567 0.1235 -0.1812, 0.2635 0.1287 -0.1812, 0.269 0.1352 -0.1812, 0.273 0.1428 -0.1812, 0.2753 0.1511 -0.1812, 0.2758 0.1596 -0.1812, 0.2744 0.1681 -0.1812, 0.2712 0.176 -0.1812, 0.2664 0.1831 -0.1812, 0.2602 0.189 -0.1812, 0.2529 0.1935 -0.1812, 0.2447 0.1962 -0.1812, 0.2362 0.1971 -0.1812, 0.2294 0.1883 -0.1891, 0.223 0.1861 -0.1891, 0.2171 0.1826 -0.1891, 0.2122 0.1779 -0.1891, 0.2083 0.1723 -0.1891, 0.2058 0.1659 -0.1891, 0.2047 0.1592 -0.1891, 0.2051 0.1524 -0.1891, 0.2069 0.1458 -0.1891, 0.2101 0.1398 -0.1891, 0.2145 0.1346 -0.1891, 0.22 0.1304 -0.1891, 0.2261 0.1276 -0.1891, 0.2328 0.1261 -0.1891, 0.2396 0.1261 -0.1891, 0.2463 0.1276 -0.1891, 0.2525 0.1304 -0.1891, 0.2579 0.1346 -0.1891, 0.2623 0.1398 -0.1891, 0.2655 0.1458 -0.1891, 0.2674 0.1524 -0.1891, 0.2677 0.1592 -0.1891, 0.2666 0.1659 -0.1891, 0.2641 0.1723 -0.1891, 0.2603 0.1779 -0.1891, 0.2553 0.1826 -0.1891, 0.2495 0.1861 -0.1891, 0.243 0.1883 -0.1891, 0.2362 0.189 -0.1891, 0.2315 0.1789 -0.1951, 0.227 0.1774 -0.1951, 0.2229 0.1749 -0.1951, 0.2195 0.1717 -0.1951, 0.2168 0.1678 -0.1951, 0.2151 0.1633 -0.1951, 0.2143 0.1587 -0.1951, 0.2146 0.1539 -0.1951, 0.2158 0.1494 -0.1951, 0.2181 0.1452 -0.1951, 0.2211 0.1416 -0.1951, 0.2249 0.1387 -0.1951, 0.2292 0.1367 -0.1951, 0.2338 0.1357 -0.1951, 0.2386 0.1357 -0.1951, 0.2432 0.1367 -0.1951, 0.2475 0.1387 -0.1951, 0.2513 0.1416 -0.1951, 0.2544 0.1452 -0.1951, 0.2566 0.1494 -0.1951, 0.2579 0.1539 -0.1951, 0.2581 0.1587 -0.1951, 0.2574 0.1633 -0.1951, 0.2556 0.1678 -0.1951, 0.2529 0.1717 -0.1951, 0.2495 0.1749 -0.1951, 0.2454 0.1774 -0.1951, 0.2409 0.1789 -0.1951, 0.2362 0.1794 -0.1951, 0.2315 0.0102 -0.1988, 0.2338 0.011 -0.1988, 0.2362 0.0 -0.2, 0.2294 0.0089 -0.1988, 0.2277 0.0073 -0.1988, 0.2263 0.0053 -0.1988, 0.2254 0.003 -0.1988, 0.225 0.0006 -0.1988, 0.2251 -0.0018 -0.1988, 0.2258 -0.0042 -0.1988, 0.2269 -0.0063 -0.1988, 0.2285 -0.0082 -0.1988, 0.2304 -0.0096 -0.1988, 0.2326 -0.0107 -0.1988, 0.235 -0.0112 -0.1988, 0.2374 -0.0112 -0.1988, 0.2398 -0.0107 -0.1988, 0.242 -0.0096 -0.1988, 0.244 -0.0082 -0.1988, 0.2455 -0.0063 -0.1988, 0.2467 -0.0042 -0.1988, 0.2473 -0.0018 -0.1988, 0.2474 0.0006 -0.1988, 0.2471 0.003 -0.1988, 0.2462 0.0053 -0.1988, 0.2448 0.0073 -0.1988, 0.243 0.0089 -0.1988, 0.2409 0.0102 -0.1988, 0.2386 0.011 -0.1988, 0.2362 0.0112 -0.1988, 0.2772 0.0 -0.1181, 0.2766 -0.0066 -0.1181, 0.2823 -0.0076 -0.1279, 0.2743 -0.0152 -0.1181, 0.2796 -0.0173 -0.1279, 0.2701 -0.023 -0.1181, 0.2749 -0.0262 -0.1279, 0.2644 -0.0297 -0.1181, 0.2683 -0.0339 -0.1279, 0.2573 -0.0351 -0.1181, 0.2603 -0.04 -0.1279, 0.2493 -0.0388 -0.1181, 0.2511 -0.0442 -0.1279, 0.2406 -0.0407 -0.1181, 0.2413 -0.0464 -0.1279, 0.2318 -0.0407 -0.1181, 0.2312 -0.0464 -0.1279, 0.2231 -0.0388 -0.1181, 0.2213 -0.0442 -0.1279, 0.2151 -0.0351 -0.1181, 0.2121 -0.04 -0.1279, 0.2081 -0.0297 -0.1181, 0.2041 -0.0339 -0.1279, 0.2023 -0.023 -0.1181, 0.1976 -0.0262 -0.1279, 0.1982 -0.0152 -0.1181, 0.1928 -0.0173 -0.1279, 0.1958 -0.0066 -0.1181, 0.1901 -0.0076 -0.1279, 0.1953 0.0022 -0.1181, 0.1896 0.0025 -0.1279, 0.1968 0.011 -0.1181, 0.1912 0.0125 -0.1279, 0.2 0.0192 -0.1181, 0.195 0.0219 -0.1279, 0.205 0.0265 -0.1181, 0.2006 0.0302 -0.1279, 0.2114 0.0326 -0.1181, 0.208 0.0372 -0.1279, 0.219 0.0372 -0.1181, 0.2166 0.0424 -0.1279, 0.2274 0.04 -0.1181, 0.2262 0.0456 -0.1279, 0.2362 0.0409 -0.1181, 0.2362 0.0467 -0.1279, 0.245 0.04 -0.1181, 0.2463 0.0456 -0.1279, 0.2534 0.0372 -0.1181, 0.2558 0.0424 -0.1279, 0.261 0.0326 -0.1181, 0.2645 0.0372 -0.1279, 0.2674 0.0265 -0.1181, 0.2718 0.0302 -0.1279, 0.2724 0.0192 -0.1181, 0.2775 0.0219 -0.1279, 0.2757 0.011 -0.1181, 0.2812 0.0125 -0.1279, 0.2771 0.0022 -0.1181, 0.2828 0.0025 -0.1279, 0.2254 0.049 -0.1386, 0.2152 0.0455 -0.1386, 0.2059 0.0399 -0.1386, 0.198 0.0325 -0.1386, 0.1919 0.0235 -0.1386, 0.1879 0.0134 -0.1386, 0.1861 0.0027 -0.1386, 0.1867 -0.0081 -0.1386, 0.1896 -0.0186 -0.1386, 0.1947 -0.0281 -0.1386, 0.2017 -0.0364 -0.1386, 0.2104 -0.043 -0.1386, 0.2202 -0.0475 -0.1386, 0.2308 -0.0499 -0.1386, 0.2416 -0.0499 -0.1386, 0.2522 -0.0475 -0.1386, 0.2621 -0.043 -0.1386, 0.2707 -0.0364 -0.1386, 0.2777 -0.0281 -0.1386, 0.2828 -0.0186 -0.1386, 0.2857 -0.0081 -0.1386, 0.2863 0.0027 -0.1386, 0.2845 0.0134 -0.1386, 0.2805 0.0235 -0.1386, 0.2744 0.0325 -0.1386, 0.2666 0.0399 -0.1386, 0.2573 0.0455 -0.1386, 0.247 0.049 -0.1386, 0.2362 0.0502 -0.1386, 0.2252 0.05 -0.1499, 0.2147 0.0464 -0.1499, 0.2053 0.0407 -0.1499, 0.1972 0.0331 -0.1499, 0.191 0.024 -0.1499, 0.1869 0.0137 -0.1499, 0.1851 0.0028 -0.1499, 0.1857 -0.0083 -0.1499, 0.1887 -0.0189 -0.1499, 0.1939 -0.0287 -0.1499, 0.201 -0.0371 -0.1499, 0.2098 -0.0438 -0.1499, 0.2199 -0.0485 -0.1499, 0.2307 -0.0509 -0.1499, 0.2418 -0.0509 -0.1499, 0.2526 -0.0485 -0.1499, 0.2626 -0.0438 -0.1499, 0.2714 -0.0371 -0.1499, 0.2786 -0.0287 -0.1499, 0.2838 -0.0189 -0.1499, 0.2867 -0.0083 -0.1499, 0.2873 0.0028 -0.1499, 0.2855 0.0137 -0.1499, 0.2814 0.024 -0.1499, 0.2752 0.0331 -0.1499, 0.2672 0.0407 -0.1499, 0.2577 0.0464 -0.1499, 0.2472 0.05 -0.1499, 0.2362 0.0512 -0.1499, 0.2255 0.0485 -0.1611, 0.2154 0.0451 -0.1611, 0.2062 0.0396 -0.1611, 0.1984 0.0322 -0.1611, 0.1923 0.0233 -0.1611, 0.1883 0.0133 -0.1611, 0.1866 0.0027 -0.1611, 0.1872 -0.008 -0.1611, 0.1901 -0.0184 -0.1611, 0.1951 -0.0279 -0.1611, 0.2021 -0.0361 -0.1611, 0.2106 -0.0426 -0.1611, 0.2204 -0.0471 -0.1611, 0.2308 -0.0494 -0.1611, 0.2416 -0.0494 -0.1611, 0.2521 -0.0471 -0.1611, 0.2618 -0.0426 -0.1611, 0.2704 -0.0361 -0.1611, 0.2773 -0.0279 -0.1611, 0.2824 -0.0184 -0.1611, 0.2853 -0.008 -0.1611, 0.2858 0.0027 -0.1611, 0.2841 0.0133 -0.1611, 0.2801 0.0233 -0.1611, 0.2741 0.0322 -0.1611, 0.2663 0.0396 -0.1611, 0.2571 0.0451 -0.1611, 0.2469 0.0485 -0.1611, 0.2362 0.0497 -0.1611, 0.2264 0.0447 -0.1717, 0.217 0.0415 -0.1717, 0.2085 0.0364 -0.1717, 0.2013 0.0296 -0.1717, 0.1958 0.0214 -0.1717, 0.1921 0.0122 -0.1717, 0.1905 0.0025 -0.1717, 0.191 -0.0074 -0.1717, 0.1937 -0.0169 -0.1717, 0.1983 -0.0257 -0.1717, 0.2047 -0.0332 -0.1717, 0.2126 -0.0392 -0.1717, 0.2216 -0.0434 -0.1717, 0.2313 -0.0455 -0.1717, 0.2412 -0.0455 -0.1717, 0.2508 -0.0434 -0.1717, 0.2598 -0.0392 -0.1717, 0.2677 -0.0332 -0.1717, 0.2741 -0.0257 -0.1717, 0.2787 -0.0169 -0.1717, 0.2814 -0.0074 -0.1717, 0.2819 0.0025 -0.1717, 0.2803 0.0122 -0.1717, 0.2767 0.0214 -0.1717, 0.2711 0.0296 -0.1717, 0.2639 0.0364 -0.1717, 0.2554 0.0415 -0.1717, 0.2461 0.0447 -0.1717, 0.2362 0.0458 -0.1717, 0.2277 0.0387 -0.1812, 0.2196 0.036 -0.1812, 0.2122 0.0316 -0.1812, 0.206 0.0257 -0.1812, 0.2012 0.0186 -0.1812, 0.198 0.0106 -0.1812, 0.1966 0.0021 -0.1812, 0.1971 -0.0064 -0.1812, 0.1994 -0.0147 -0.1812, 0.2034 -0.0222 -0.1812, 0.209 -0.0288 -0.1812, 0.2158 -0.034 -0.1812, 0.2236 -0.0376 -0.1812, 0.2319 -0.0394 -0.1812, 0.2405 -0.0394 -0.1812, 0.2489 -0.0376 -0.1812, 0.2567 -0.034 -0.1812, 0.2635 -0.0288 -0.1812, 0.269 -0.0222 -0.1812, 0.273 -0.0147 -0.1812, 0.2753 -0.0064 -0.1812, 0.2758 0.0021 -0.1812, 0.2744 0.0106 -0.1812, 0.2712 0.0186 -0.1812, 0.2664 0.0257 -0.1812, 0.2602 0.0316 -0.1812, 0.2529 0.036 -0.1812, 0.2447 0.0387 -0.1812, 0.2362 0.0396 -0.1812, 0.2294 0.0308 -0.1891, 0.223 0.0286 -0.1891, 0.2171 0.0251 -0.1891, 0.2122 0.0204 -0.1891, 0.2083 0.0148 -0.1891, 0.2058 0.0084 -0.1891, 0.2047 0.0017 -0.1891, 0.2051 -0.0051 -0.1891, 0.2069 -0.0117 -0.1891, 0.2101 -0.0177 -0.1891, 0.2145 -0.0229 -0.1891, 0.22 -0.027 -0.1891, 0.2261 -0.0299 -0.1891, 0.2328 -0.0314 -0.1891, 0.2396 -0.0314 -0.1891, 0.2463 -0.0299 -0.1891, 0.2525 -0.027 -0.1891, 0.2579 -0.0229 -0.1891, 0.2623 -0.0177 -0.1891, 0.2655 -0.0117 -0.1891, 0.2674 -0.0051 -0.1891, 0.2677 0.0017 -0.1891, 0.2666 0.0084 -0.1891, 0.2641 0.0148 -0.1891, 0.2603 0.0204 -0.1891, 0.2553 0.0251 -0.1891, 0.2495 0.0286 -0.1891, 0.243 0.0308 -0.1891, 0.2362 0.0316 -0.1891, 0.2315 0.0214 -0.1951, 0.227 0.0199 -0.1951, 0.2229 0.0175 -0.1951, 0.2195 0.0142 -0.1951, 0.2168 0.0103 -0.1951, 0.2151 0.0059 -0.1951, 0.2143 0.0012 -0.1951, 0.2146 -0.0035 -0.1951, 0.2158 -0.0081 -0.1951, 0.2181 -0.0123 -0.1951, 0.2211 -0.0159 -0.1951, 0.2249 -0.0188 -0.1951, 0.2292 -0.0208 -0.1951, 0.2338 -0.0218 -0.1951, 0.2386 -0.0218 -0.1951, 0.2432 -0.0208 -0.1951, 0.2475 -0.0188 -0.1951, 0.2513 -0.0159 -0.1951, 0.2544 -0.0123 -0.1951, 0.2566 -0.0081 -0.1951, 0.2579 -0.0035 -0.1951, 0.2581 0.0012 -0.1951, 0.2574 0.0059 -0.1951, 0.2556 0.0103 -0.1951, 0.2529 0.0142 -0.1951, 0.2495 0.0175 -0.1951, 0.2454 0.0199 -0.1951, 0.2409 0.0214 -0.1951, 0.2362 0.0219 -0.1951, 0.2315 -0.1473 -0.1988, 0.2338 -0.1465 -0.1988, 0.2362 -0.1575 -0.2, 0.2294 -0.1485 -0.1988, 0.2277 -0.1502 -0.1988, 0.2263 -0.1522 -0.1988, 0.2254 -0.1545 -0.1988, 0.225 -0.1569 -0.1988, 0.2251 -0.1593 -0.1988, 0.2258 -0.1616 -0.1988, 0.2269 -0.1638 -0.1988, 0.2285 -0.1656 -0.1988, 0.2304 -0.1671 -0.1988, 0.2326 -0.1681 -0.1988, 0.235 -0.1687 -0.1988, 0.2374 -0.1687 -0.1988, 0.2398 -0.1681 -0.1988, 0.242 -0.1671 -0.1988, 0.244 -0.1656 -0.1988, 0.2455 -0.1638 -0.1988, 0.2467 -0.1616 -0.1988, 0.2473 -0.1593 -0.1988, 0.2474 -0.1569 -0.1988, 0.2471 -0.1545 -0.1988, 0.2462 -0.1522 -0.1988, 0.2448 -0.1502 -0.1988, 0.243 -0.1485 -0.1988, 0.2409 -0.1473 -0.1988, 0.2386 -0.1465 -0.1988, 0.2362 -0.1462 -0.1988, 0.2772 -0.1575 -0.1181, 0.2766 -0.1641 -0.1181, 0.2823 -0.165 -0.1279, 0.2743 -0.1726 -0.1181, 0.2796 -0.1748 -0.1279, 0.2701 -0.1805 -0.1181, 0.2749 -0.1837 -0.1279, 0.2644 -0.1872 -0.1181, 0.2683 -0.1914 -0.1279, 0.2573 -0.1926 -0.1181, 0.2603 -0.1975 -0.1279, 0.2493 -0.1963 -0.1181, 0.2511 -0.2017 -0.1279, 0.2406 -0.1982 -0.1181, 0.2413 -0.2039 -0.1279, 0.2318 -0.1982 -0.1181, 0.2312 -0.2039 -0.1279, 0.2231 -0.1963 -0.1181, 0.2213 -0.2017 -0.1279, 0.2151 -0.1926 -0.1181, 0.2121 -0.1975 -0.1279, 0.2081 -0.1872 -0.1181, 0.2041 -0.1914 -0.1279, 0.2023 -0.1805 -0.1181, 0.1976 -0.1837 -0.1279, 0.1982 -0.1726 -0.1181, 0.1928 -0.1748 -0.1279, 0.1958 -0.1641 -0.1181, 0.1901 -0.165 -0.1279, 0.1953 -0.1553 -0.1181, 0.1896 -0.155 -0.1279, 0.1968 -0.1465 -0.1181, 0.1912 -0.145 -0.1279, 0.2 -0.1383 -0.1181, 0.195 -0.1356 -0.1279, 0.205 -0.131 -0.1181, 0.2006 -0.1273 -0.1279, 0.2114 -0.1249 -0.1181, 0.208 -0.1203 -0.1279, 0.219 -0.1203 -0.1181, 0.2166 -0.1151 -0.1279, 0.2274 -0.1175 -0.1181, 0.2262 -0.1119 -0.1279, 0.2362 -0.1165 -0.1181, 0.2362 -0.1108 -0.1279, 0.245 -0.1175 -0.1181, 0.2463 -0.1119 -0.1279, 0.2534 -0.1203 -0.1181, 0.2558 -0.1151 -0.1279, 0.261 -0.1249 -0.1181, 0.2645 -0.1203 -0.1279, 0.2674 -0.131 -0.1181, 0.2718 -0.1273 -0.1279, 0.2724 -0.1383 -0.1181, 0.2775 -0.1356 -0.1279, 0.2757 -0.1465 -0.1181, 0.2812 -0.145 -0.1279, 0.2771 -0.1553 -0.1181, 0.2828 -0.155 -0.1279, 0.2254 -0.1085 -0.1386, 0.2152 -0.112 -0.1386, 0.2059 -0.1176 -0.1386, 0.198 -0.125 -0.1386, 0.1919 -0.134 -0.1386, 0.1879 -0.1441 -0.1386, 0.1861 -0.1548 -0.1386, 0.1867 -0.1656 -0.1386, 0.1896 -0.176 -0.1386, 0.1947 -0.1856 -0.1386, 0.2017 -0.1939 -0.1386, 0.2104 -0.2005 -0.1386, 0.2202 -0.205 -0.1386, 0.2308 -0.2073 -0.1386, 0.2416 -0.2073 -0.1386, 0.2522 -0.205 -0.1386, 0.2621 -0.2005 -0.1386, 0.2707 -0.1939 -0.1386, 0.2777 -0.1856 -0.1386, 0.2828 -0.176 -0.1386, 0.2857 -0.1656 -0.1386, 0.2863 -0.1548 -0.1386, 0.2845 -0.1441 -0.1386, 0.2805 -0.134 -0.1386, 0.2744 -0.125 -0.1386, 0.2666 -0.1176 -0.1386, 0.2573 -0.112 -0.1386, 0.247 -0.1085 -0.1386, 0.2362 -0.1073 -0.1386, 0.2252 -0.1075 -0.1499, 0.2147 -0.111 -0.1499, 0.2053 -0.1167 -0.1499, 0.1972 -0.1244 -0.1499, 0.191 -0.1335 -0.1499, 0.1869 -0.1438 -0.1499, 0.1851 -0.1547 -0.1499, 0.1857 -0.1658 -0.1499, 0.1887 -0.1764 -0.1499, 0.1939 -0.1862 -0.1499, 0.201 -0.1946 -0.1499, 0.2098 -0.2013 -0.1499, 0.2199 -0.206 -0.1499, 0.2307 -0.2084 -0.1499, 0.2418 -0.2084 -0.1499, 0.2526 -0.206 -0.1499, 0.2626 -0.2013 -0.1499, 0.2714 -0.1946 -0.1499, 0.2786 -0.1862 -0.1499, 0.2838 -0.1764 -0.1499, 0.2867 -0.1658 -0.1499, 0.2873 -0.1547 -0.1499, 0.2855 -0.1438 -0.1499, 0.2814 -0.1335 -0.1499, 0.2752 -0.1244 -0.1499, 0.2672 -0.1167 -0.1499, 0.2577 -0.111 -0.1499, 0.2472 -0.1075 -0.1499, 0.2362 -0.1063 -0.1499, 0.2255 -0.109 -0.1611, 0.2154 -0.1124 -0.1611, 0.2062 -0.1179 -0.1611, 0.1984 -0.1253 -0.1611, 0.1923 -0.1342 -0.1611, 0.1883 -0.1442 -0.1611, 0.1866 -0.1548 -0.1611, 0.1872 -0.1655 -0.1611, 0.1901 -0.1759 -0.1611, 0.1951 -0.1854 -0.1611, 0.2021 -0.1936 -0.1611, 0.2106 -0.2001 -0.1611, 0.2204 -0.2046 -0.1611, 0.2308 -0.2069 -0.1611, 0.2416 -0.2069 -0.1611, 0.2521 -0.2046 -0.1611, 0.2618 -0.2001 -0.1611, 0.2704 -0.1936 -0.1611, 0.2773 -0.1854 -0.1611, 0.2824 -0.1759 -0.1611, 0.2853 -0.1655 -0.1611, 0.2858 -0.1548 -0.1611, 0.2841 -0.1442 -0.1611, 0.2801 -0.1342 -0.1611, 0.2741 -0.1253 -0.1611, 0.2663 -0.1179 -0.1611, 0.2571 -0.1124 -0.1611, 0.2469 -0.109 -0.1611, 0.2362 -0.1078 -0.1611, 0.2264 -0.1128 -0.1717, 0.217 -0.1159 -0.1717, 0.2085 -0.121 -0.1717, 0.2013 -0.1278 -0.1717, 0.1958 -0.136 -0.1717, 0.1921 -0.1452 -0.1717, 0.1905 -0.155 -0.1717, 0.191 -0.1649 -0.1717, 0.1937 -0.1744 -0.1717, 0.1983 -0.1832 -0.1717, 0.2047 -0.1907 -0.1717, 0.2126 -0.1967 -0.1717, 0.2216 -0.2009 -0.1717, 0.2313 -0.203 -0.1717, 0.2412 -0.203 -0.1717, 0.2508 -0.2009 -0.1717, 0.2598 -0.1967 -0.1717, 0.2677 -0.1907 -0.1717, 0.2741 -0.1832 -0.1717, 0.2787 -0.1744 -0.1717, 0.2814 -0.1649 -0.1717, 0.2819 -0.155 -0.1717, 0.2803 -0.1452 -0.1717, 0.2767 -0.136 -0.1717, 0.2711 -0.1278 -0.1717, 0.2639 -0.121 -0.1717, 0.2554 -0.1159 -0.1717, 0.2461 -0.1128 -0.1717, 0.2362 -0.1117 -0.1717, 0.2277 -0.1188 -0.1812, 0.2196 -0.1215 -0.1812, 0.2122 -0.1259 -0.1812, 0.206 -0.1318 -0.1812, 0.2012 -0.1389 -0.1812, 0.198 -0.1469 -0.1812, 0.1966 -0.1553 -0.1812, 0.1971 -0.1639 -0.1812, 0.1994 -0.1721 -0.1812, 0.2034 -0.1797 -0.1812, 0.209 -0.1863 -0.1812, 0.2158 -0.1914 -0.1812, 0.2236 -0.195 -0.1812, 0.2319 -0.1969 -0.1812, 0.2405 -0.1969 -0.1812, 0.2489 -0.195 -0.1812, 0.2567 -0.1914 -0.1812, 0.2635 -0.1863 -0.1812, 0.269 -0.1797 -0.1812, 0.273 -0.1721 -0.1812, 0.2753 -0.1639 -0.1812, 0.2758 -0.1553 -0.1812, 0.2744 -0.1469 -0.1812, 0.2712 -0.1389 -0.1812, 0.2664 -0.1318 -0.1812, 0.2602 -0.1259 -0.1812, 0.2529 -0.1215 -0.1812, 0.2447 -0.1188 -0.1812, 0.2362 -0.1178 -0.1812, 0.2294 -0.1267 -0.1891, 0.223 -0.1288 -0.1891, 0.2171 -0.1324 -0.1891, 0.2122 -0.1371 -0.1891, 0.2083 -0.1427 -0.1891, 0.2058 -0.149 -0.1891, 0.2047 -0.1558 -0.1891, 0.2051 -0.1626 -0.1891, 0.2069 -0.1692 -0.1891, 0.2101 -0.1752 -0.1891, 0.2145 -0.1804 -0.1891, 0.22 -0.1845 -0.1891, 0.2261 -0.1874 -0.1891, 0.2328 -0.1888 -0.1891, 0.2396 -0.1888 -0.1891, 0.2463 -0.1874 -0.1891, 0.2525 -0.1845 -0.1891, 0.2579 -0.1804 -0.1891, 0.2623 -0.1752 -0.1891, 0.2655 -0.1692 -0.1891, 0.2674 -0.1626 -0.1891, 0.2677 -0.1558 -0.1891, 0.2666 -0.149 -0.1891, 0.2641 -0.1427 -0.1891, 0.2603 -0.1371 -0.1891, 0.2553 -0.1324 -0.1891, 0.2495 -0.1288 -0.1891, 0.243 -0.1267 -0.1891, 0.2362 -0.1259 -0.1891, 0.2315 -0.1361 -0.1951, 0.227 -0.1376 -0.1951, 0.2229 -0.14 -0.1951, 0.2195 -0.1433 -0.1951, 0.2168 -0.1472 -0.1951, 0.2151 -0.1516 -0.1951, 0.2143 -0.1563 -0.1951, 0.2146 -0.161 -0.1951, 0.2158 -0.1656 -0.1951, 0.2181 -0.1698 -0.1951, 0.2211 -0.1734 -0.1951, 0.2249 -0.1763 -0.1951, 0.2292 -0.1783 -0.1951, 0.2338 -0.1793 -0.1951, 0.2386 -0.1793 -0.1951, 0.2432 -0.1783 -0.1951, 0.2475 -0.1763 -0.1951, 0.2513 -0.1734 -0.1951, 0.2544 -0.1698 -0.1951, 0.2566 -0.1656 -0.1951, 0.2579 -0.161 -0.1951, 0.2581 -0.1563 -0.1951, 0.2574 -0.1516 -0.1951, 0.2556 -0.1472 -0.1951, 0.2529 -0.1433 -0.1951, 0.2495 -0.14 -0.1951, 0.2454 -0.1376 -0.1951, 0.2409 -0.1361 -0.1951, 0.2362 -0.1355 -0.1951, 0.2315 -0.3048 -0.1988, 0.2338 -0.304 -0.1988, 0.2362 -0.315 -0.2, 0.2294 -0.306 -0.1988, 0.2277 -0.3077 -0.1988, 0.2263 -0.3097 -0.1988, 0.2254 -0.312 -0.1988, 0.225 -0.3144 -0.1988, 0.2251 -0.3168 -0.1988, 0.2258 -0.3191 -0.1988, 0.2269 -0.3213 -0.1988, 0.2285 -0.3231 -0.1988, 0.2304 -0.3246 -0.1988, 0.2326 -0.3256 -0.1988, 0.235 -0.3261 -0.1988, 0.2374 -0.3261 -0.1988, 0.2398 -0.3256 -0.1988, 0.242 -0.3246 -0.1988, 0.244 -0.3231 -0.1988, 0.2455 -0.3213 -0.1988, 0.2467 -0.3191 -0.1988, 0.2473 -0.3168 -0.1988, 0.2474 -0.3144 -0.1988, 0.2471 -0.312 -0.1988, 0.2462 -0.3097 -0.1988, 0.2448 -0.3077 -0.1988, 0.243 -0.306 -0.1988, 0.2409 -0.3048 -0.1988, 0.2386 -0.304 -0.1988, 0.2362 -0.3037 -0.1988, 0.2772 -0.315 -0.1181, 0.2766 -0.3216 -0.1181, 0.2823 -0.3225 -0.1279, 0.2743 -0.3301 -0.1181, 0.2796 -0.3322 -0.1279, 0.2701 -0.3379 -0.1181, 0.2749 -0.3412 -0.1279, 0.2644 -0.3447 -0.1181, 0.2683 -0.3489 -0.1279, 0.2573 -0.35 -0.1181, 0.2603 -0.355 -0.1279, 0.2493 -0.3538 -0.1181, 0.2511 -0.3592 -0.1279, 0.2406 -0.3557 -0.1181, 0.2413 -0.3614 -0.1279, 0.2318 -0.3557 -0.1181, 0.2312 -0.3614 -0.1279, 0.2231 -0.3538 -0.1181, 0.2213 -0.3592 -0.1279, 0.2151 -0.35 -0.1181, 0.2121 -0.355 -0.1279, 0.2081 -0.3447 -0.1181, 0.2041 -0.3489 -0.1279, 0.2023 -0.3379 -0.1181, 0.1976 -0.3412 -0.1279, 0.1982 -0.3301 -0.1181, 0.1928 -0.3322 -0.1279, 0.1958 -0.3216 -0.1181, 0.1901 -0.3225 -0.1279, 0.1953 -0.3127 -0.1181, 0.1896 -0.3124 -0.1279, 0.1968 -0.304 -0.1181, 0.1912 -0.3025 -0.1279, 0.2 -0.2958 -0.1181, 0.195 -0.2931 -0.1279, 0.205 -0.2885 -0.1181, 0.2006 -0.2847 -0.1279, 0.2114 -0.2824 -0.1181, 0.208 -0.2778 -0.1279, 0.219 -0.2778 -0.1181, 0.2166 -0.2726 -0.1279, 0.2274 -0.275 -0.1181, 0.2262 -0.2694 -0.1279, 0.2362 -0.274 -0.1181, 0.2362 -0.2683 -0.1279, 0.245 -0.275 -0.1181, 0.2463 -0.2694 -0.1279, 0.2534 -0.2778 -0.1181, 0.2558 -0.2726 -0.1279, 0.261 -0.2824 -0.1181, 0.2645 -0.2778 -0.1279, 0.2674 -0.2885 -0.1181, 0.2718 -0.2847 -0.1279, 0.2724 -0.2958 -0.1181, 0.2775 -0.2931 -0.1279, 0.2757 -0.304 -0.1181, 0.2812 -0.3025 -0.1279, 0.2771 -0.3127 -0.1181, 0.2828 -0.3124 -0.1279, 0.2254 -0.266 -0.1386, 0.2152 -0.2694 -0.1386, 0.2059 -0.275 -0.1386, 0.198 -0.2825 -0.1386, 0.1919 -0.2915 -0.1386, 0.1879 -0.3015 -0.1386, 0.1861 -0.3122 -0.1386, 0.1867 -0.3231 -0.1386, 0.1896 -0.3335 -0.1386, 0.1947 -0.3431 -0.1386, 0.2017 -0.3514 -0.1386, 0.2104 -0.3579 -0.1386, 0.2202 -0.3625 -0.1386, 0.2308 -0.3648 -0.1386, 0.2416 -0.3648 -0.1386, 0.2522 -0.3625 -0.1386, 0.2621 -0.3579 -0.1386, 0.2707 -0.3514 -0.1386, 0.2777 -0.3431 -0.1386, 0.2828 -0.3335 -0.1386, 0.2857 -0.3231 -0.1386, 0.2863 -0.3122 -0.1386, 0.2845 -0.3015 -0.1386, 0.2805 -0.2915 -0.1386, 0.2744 -0.2825 -0.1386, 0.2666 -0.275 -0.1386, 0.2573 -0.2694 -0.1386, 0.247 -0.266 -0.1386, 0.2362 -0.2648 -0.1386, 0.2252 -0.265 -0.1499, 0.2147 -0.2685 -0.1499, 0.2053 -0.2742 -0.1499, 0.1972 -0.2818 -0.1499, 0.191 -0.291 -0.1499, 0.1869 -0.3013 -0.1499, 0.1851 -0.3122 -0.1499, 0.1857 -0.3232 -0.1499, 0.1887 -0.3339 -0.1499, 0.1939 -0.3437 -0.1499, 0.201 -0.3521 -0.1499, 0.2098 -0.3588 -0.1499, 0.2199 -0.3635 -0.1499, 0.2307 -0.3658 -0.1499, 0.2418 -0.3658 -0.1499, 0.2526 -0.3635 -0.1499, 0.2626 -0.3588 -0.1499, 0.2714 -0.3521 -0.1499, 0.2786 -0.3437 -0.1499, 0.2838 -0.3339 -0.1499, 0.2867 -0.3232 -0.1499, 0.2873 -0.3122 -0.1499, 0.2855 -0.3013 -0.1499, 0.2814 -0.291 -0.1499, 0.2752 -0.2818 -0.1499, 0.2672 -0.2742 -0.1499, 0.2577 -0.2685 -0.1499, 0.2472 -0.265 -0.1499, 0.2362 -0.2638 -0.1499, 0.2255 -0.2664 -0.1611, 0.2154 -0.2699 -0.1611, 0.2062 -0.2754 -0.1611, 0.1984 -0.2828 -0.1611, 0.1923 -0.2917 -0.1611, 0.1883 -0.3017 -0.1611, 0.1866 -0.3123 -0.1611, 0.1872 -0.323 -0.1611, 0.1901 -0.3334 -0.1611, 0.1951 -0.3428 -0.1611, 0.2021 -0.351 -0.1611, 0.2106 -0.3575 -0.1611, 0.2204 -0.362 -0.1611, 0.2308 -0.3644 -0.1611, 0.2416 -0.3644 -0.1611, 0.2521 -0.362 -0.1611, 0.2618 -0.3575 -0.1611, 0.2704 -0.351 -0.1611, 0.2773 -0.3428 -0.1611, 0.2824 -0.3334 -0.1611, 0.2853 -0.323 -0.1611, 0.2858 -0.3123 -0.1611, 0.2841 -0.3017 -0.1611, 0.2801 -0.2917 -0.1611, 0.2741 -0.2828 -0.1611, 0.2663 -0.2754 -0.1611, 0.2571 -0.2699 -0.1611, 0.2469 -0.2664 -0.1611, 0.2362 -0.2653 -0.1611, 0.2264 -0.2703 -0.1717, 0.217 -0.2734 -0.1717, 0.2085 -0.2785 -0.1717, 0.2013 -0.2853 -0.1717, 0.1958 -0.2935 -0.1717, 0.1921 -0.3027 -0.1717, 0.1905 -0.3125 -0.1717, 0.191 -0.3224 -0.1717, 0.1937 -0.3319 -0.1717, 0.1983 -0.3407 -0.1717, 0.2047 -0.3482 -0.1717, 0.2126 -0.3542 -0.1717, 0.2216 -0.3583 -0.1717, 0.2313 -0.3605 -0.1717, 0.2412 -0.3605 -0.1717, 0.2508 -0.3583 -0.1717, 0.2598 -0.3542 -0.1717, 0.2677 -0.3482 -0.1717, 0.2741 -0.3407 -0.1717, 0.2787 -0.3319 -0.1717, 0.2814 -0.3224 -0.1717, 0.2819 -0.3125 -0.1717, 0.2803 -0.3027 -0.1717, 0.2767 -0.2935 -0.1717, 0.2711 -0.2853 -0.1717, 0.2639 -0.2785 -0.1717, 0.2554 -0.2734 -0.1717, 0.2461 -0.2703 -0.1717, 0.2362 -0.2692 -0.1717, 0.2277 -0.2763 -0.1812, 0.2196 -0.279 -0.1812, 0.2122 -0.2834 -0.1812, 0.206 -0.2893 -0.1812, 0.2012 -0.2964 -0.1812, 0.198 -0.3044 -0.1812, 0.1966 -0.3128 -0.1812, 0.1971 -0.3214 -0.1812, 0.1994 -0.3296 -0.1812, 0.2034 -0.3372 -0.1812, 0.209 -0.3437 -0.1812, 0.2158 -0.3489 -0.1812, 0.2236 -0.3525 -0.1812, 0.2319 -0.3544 -0.1812, 0.2405 -0.3544 -0.1812, 0.2489 -0.3525 -0.1812, 0.2567 -0.3489 -0.1812, 0.2635 -0.3437 -0.1812, 0.269 -0.3372 -0.1812, 0.273 -0.3296 -0.1812, 0.2753 -0.3214 -0.1812, 0.2758 -0.3128 -0.1812, 0.2744 -0.3044 -0.1812, 0.2712 -0.2964 -0.1812, 0.2664 -0.2893 -0.1812, 0.2602 -0.2834 -0.1812, 0.2529 -0.279 -0.1812, 0.2447 -0.2763 -0.1812, 0.2362 -0.2753 -0.1812, 0.2294 -0.2841 -0.1891, 0.223 -0.2863 -0.1891, 0.2171 -0.2898 -0.1891, 0.2122 -0.2945 -0.1891, 0.2083 -0.3002 -0.1891, 0.2058 -0.3065 -0.1891, 0.2047 -0.3133 -0.1891, 0.2051 -0.3201 -0.1891, 0.2069 -0.3266 -0.1891, 0.2101 -0.3327 -0.1891, 0.2145 -0.3379 -0.1891, 0.22 -0.342 -0.1891, 0.2261 -0.3449 -0.1891, 0.2328 -0.3463 -0.1891, 0.2396 -0.3463 -0.1891, 0.2463 -0.3449 -0.1891, 0.2525 -0.342 -0.1891, 0.2579 -0.3379 -0.1891, 0.2623 -0.3327 -0.1891, 0.2655 -0.3266 -0.1891, 0.2674 -0.3201 -0.1891, 0.2677 -0.3133 -0.1891, 0.2666 -0.3065 -0.1891, 0.2641 -0.3002 -0.1891, 0.2603 -0.2945 -0.1891, 0.2553 -0.2898 -0.1891, 0.2495 -0.2863 -0.1891, 0.243 -0.2841 -0.1891, 0.2362 -0.2834 -0.1891, 0.2315 -0.2935 -0.1951, 0.227 -0.2951 -0.1951, 0.2229 -0.2975 -0.1951, 0.2195 -0.3008 -0.1951, 0.2168 -0.3047 -0.1951, 0.2151 -0.3091 -0.1951, 0.2143 -0.3138 -0.1951, 0.2146 -0.3185 -0.1951, 0.2158 -0.3231 -0.1951, 0.2181 -0.3273 -0.1951, 0.2211 -0.3309 -0.1951, 0.2249 -0.3338 -0.1951, 0.2292 -0.3357 -0.1951, 0.2338 -0.3368 -0.1951, 0.2386 -0.3368 -0.1951, 0.2432 -0.3357 -0.1951, 0.2475 -0.3338 -0.1951, 0.2513 -0.3309 -0.1951, 0.2544 -0.3273 -0.1951, 0.2566 -0.3231 -0.1951, 0.2579 -0.3185 -0.1951, 0.2581 -0.3138 -0.1951, 0.2574 -0.3091 -0.1951, 0.2556 -0.3047 -0.1951, 0.2529 -0.3008 -0.1951, 0.2495 -0.2975 -0.1951, 0.2454 -0.2951 -0.1951, 0.2409 -0.2935 -0.1951, 0.2362 -0.293 -0.1951, 0.2362 -0.293 -0.1951
            ]
        }
        coordIndex [
            0,1,2,-1,0,2,3,-1,4,3,2,-1,5,4,2,-1,6,5,2,-1,7,6,2,-1,8,7,2,-1,9,8,2,-1,10,9,2,-1,11,10,2,-1,12,11,2,-1,13,12,2,-1,14,13,2,-1,15,14,2,-1,16,15,2,-1,17,16,2,-1,18,17,2,-1,19,18,2,-1,20,19,2,-1,21,20,2,-1,22,21,2,-1,23,22,2,-1,24,23,2,-1,25,24,2,-1,26,25,2,-1,27,26,2,-1,28,27,2,-1,29,28,2,-1,1,29,2,-1,30,31,32,-1,32,31,33,-1,32,33,34,-1,34,33,35,-1,34,35,36,-1,36,35,37,-1,36,37,38,-1,38,37,39,-1,38,39,40,-1,40,39,41,-1,40,41,42,-1,42,41,43,-1,42,43,44,-1,44,43,45,-1,44,45,46,-1,46,45,47,-1,46,47,48,-1,48,47,49,-1,48,49,50,-1,50,49,51,-1,50,51,52,-1,52,51,53,-1,52,53,54,-1,54,53,55,-1,54,55,56,-1,56,55,57,-1,56,57,58,-1,58,57,59,-1,58,59,60,-1,60,59,61,-1,60,61,62,-1,62,61,63,-1,62,63,64,-1,64,63,65,-1,64,65,66,-1,66,65,67,-1,66,67,68,-1,68,67,69,-1,68,69,70,-1,70,69,71,-1,70,71,72,-1,72,71,73,-1,72,73,74,-1,74,73,75,-1,74,75,76,-1,76,75,77,-1,76,77,78,-1,78,77,79,-1,78,79,80,-1,80,79,81,-1,80,81,82,-1,82,81,83,-1,82,83,84,-1,84,83,85,-1,84,85,86,-1,86,85,87,-1,86,87,88,-1,88,87,30,-1,88,30,32,-1,74,89,72,-1,72,89,90,-1,72,90,70,-1,70,90,91,-1,70,91,68,-1,68,91,92,-1,68,92,66,-1,66,92,93,-1,66,93,64,-1,64,93,94,-1,64,94,62,-1,62,94,95,-1,62,95,60,-1,60,95,96,-1,60,96,58,-1,58,96,97,-1,58,97,56,-1,56,97,98,-1,56,98,54,-1,54,98,99,-1,54,99,52,-1,52,99,100,-1,52,100,50,-1,50,100,101,-1,50,101,48,-1,48,101,102,-1,48,102,46,-1,46,102,103,-1,46,103,44,-1,44,103,104,-1,44,104,42,-1,42,104,105,-1,42,105,40,-1,40,105,106,-1,40,106,38,-1,38,106,107,-1,38,107,36,-1,36,107,108,-1,36,108,34,-1,34,108,109,-1,34,109,32,-1,32,109,110,-1,32,110,88,-1,88,110,111,-1,88,111,86,-1,86,111,112,-1,86,112,84,-1,84,112,113,-1,84,113,82,-1,82,113,114,-1,82,114,80,-1,80,114,115,-1,80,115,78,-1,78,115,116,-1,78,116,76,-1,76,116,117,-1,76,117,74,-1,74,117,89,-1,117,118,89,-1,89,118,119,-1,89,119,90,-1,90,119,120,-1,90,120,91,-1,91,120,121,-1,91,121,92,-1,92,121,122,-1,92,122,93,-1,93,122,123,-1,93,123,94,-1,94,123,124,-1,94,124,95,-1,95,124,125,-1,95,125,96,-1,96,125,126,-1,96,126,97,-1,97,126,127,-1,97,127,98,-1,98,127,128,-1,98,128,99,-1,99,128,129,-1,99,129,100,-1,100,129,130,-1,100,130,101,-1,101,130,131,-1,101,131,102,-1,102,131,132,-1,102,132,103,-1,103,132,133,-1,103,133,104,-1,104,133,134,-1,104,134,105,-1,105,134,135,-1,105,135,106,-1,106,135,136,-1,106,136,107,-1,107,136,137,-1,107,137,108,-1,108,137,138,-1,108,138,109,-1,109,138,139,-1,109,139,110,-1,110,139,140,-1,110,140,111,-1,111,140,141,-1,111,141,112,-1,112,141,142,-1,112,142,113,-1,113,142,143,-1,113,143,114,-1,114,143,144,-1,114,144,115,-1,115,144,145,-1,115,145,116,-1,116,145,146,-1,116,146,117,-1,117,146,118,-1,146,147,118,-1,118,147,148,-1,118,148,119,-1,119,148,149,-1,119,149,120,-1,120,149,150,-1,120,150,121,-1,121,150,151,-1,121,151,122,-1,122,151,152,-1,122,152,123,-1,123,152,153,-1,123,153,124,-1,124,153,154,-1,124,154,125,-1,125,154,155,-1,125,155,126,-1,126,155,156,-1,126,156,127,-1,127,156,157,-1,127,157,128,-1,128,157,158,-1,128,158,129,-1,129,158,159,-1,129,159,130,-1,130,159,160,-1,130,160,131,-1,131,160,161,-1,131,161,132,-1,132,161,162,-1,132,162,133,-1,133,162,163,-1,133,163,134,-1,134,163,164,-1,134,164,135,-1,135,164,165,-1,135,165,136,-1,136,165,166,-1,136,166,137,-1,137,166,167,-1,137,167,138,-1,138,167,168,-1,138,168,139,-1,139,168,169,-1,139,169,140,-1,140,169,170,-1,140,170,141,-1,141,170,171,-1,141,171,142,-1,142,171,172,-1,142,172,143,-1,143,172,173,-1,143,173,144,-1,144,173,174,-1,144,174,145,-1,145,174,175,-1,145,175,146,-1,146,175,147,-1,175,176,147,-1,147,176,177,-1,147,177,148,-1,148,177,178,-1,148,178,149,-1,149,178,179,-1,149,179,150,-1,150,179,180,-1,150,180,151,-1,151,180,181,-1,151,181,152,-1,152,181,182,-1,152,182,153,-1,153,182,183,-1,153,183,154,-1,154,183,184,-1,154,184,155,-1,155,184,185,-1,155,185,156,-1,156,185,186,-1,156,186,157,-1,157,186,187,-1,157,187,158,-1,158,187,188,-1,158,188,159,-1,159,188,189,-1,159,189,160,-1,160,189,190,-1,160,190,161,-1,161,190,191,-1,161,191,162,-1,162,191,192,-1,162,192,163,-1,163,192,193,-1,163,193,164,-1,164,193,194,-1,164,194,165,-1,165,194,195,-1,165,195,166,-1,166,195,196,-1,166,196,167,-1,167,196,197,-1,167,197,168,-1,168,197,198,-1,168,198,169,-1,169,198,199,-1,169,199,170,-1,170,199,200,-1,170,200,171,-1,171,200,201,-1,171,201,172,-1,172,201,202,-1,172,202,173,-1,173,202,203,-1,173,203,174,-1,174,203,204,-1,174,204,175,-1,175,204,176,-1,204,205,176,-1,176,205,206,-1,176,206,177,-1,177,206,207,-1,177,207,178,-1,178,207,208,-1,178,208,179,-1,179,208,209,-1,179,209,180,-1,180,209,210,-1,180,210,181,-1,181,210,211,-1,181,211,182,-1,182,211,212,-1,182,212,183,-1,183,212,213,-1,183,213,184,-1,184,213,214,-1,184,214,185,-1,185,214,215,-1,185,215,186,-1,186,215,216,-1,186,216,187,-1,187,216,217,-1,187,217,188,-1,188,217,218,-1,188,218,189,-1,189,218,219,-1,189,219,190,-1,190,219,220,-1,190,220,191,-1,191,220,221,-1,191,221,192,-1,192,221,222,-1,192,222,193,-1,193,222,223,-1,193,223,194,-1,194,223,224,-1,194,224,195,-1,195,224,225,-1,195,225,196,-1,196,225,226,-1,196,226,197,-1,197,226,227,-1,197,227,198,-1,198,227,228,-1,198,228,199,-1,199,228,229,-1,199,229,200,-1,200,229,230,-1,200,230,201,-1,201,230,231,-1,201,231,202,-1,202,231,232,-1,202,232,203,-1,203,232,233,-1,203,233,204,-1,204,233,205,-1,233,234,205,-1,205,234,235,-1,205,235,206,-1,206,235,236,-1,206,236,207,-1,207,236,237,-1,207,237,208,-1,208,237,238,-1,208,238,209,-1,209,238,239,-1,209,239,210,-1,210,239,240,-1,210,240,211,-1,211,240,241,-1,211,241,212,-1,212,241,242,-1,212,242,213,-1,213,242,243,-1,213,243,214,-1,214,243,244,-1,214,244,215,-1,215,244,245,-1,215,245,216,-1,216,245,246,-1,216,246,217,-1,217,246,247,-1,217,247,218,-1,218,247,248,-1,218,248,219,-1,219,248,249,-1,219,249,220,-1,220,249,250,-1,220,250,221,-1,221,250,251,-1,221,251,222,-1,222,251,252,-1,222,252,223,-1,223,252,253,-1,223,253,224,-1,224,253,254,-1,224,254,225,-1,225,254,255,-1,225,255,226,-1,226,255,256,-1,226,256,227,-1,227,256,257,-1,227,257,228,-1,228,257,258,-1,228,258,229,-1,229,258,259,-1,229,259,230,-1,230,259,260,-1,230,260,231,-1,231,260,261,-1,231,261,232,-1,232,261,262,-1,232,262,233,-1,233,262,234,-1,262,263,234,-1,234,263,264,-1,234,264,235,-1,235,264,265,-1,235,265,236,-1,236,265,266,-1,236,266,237,-1,237,266,267,-1,237,267,238,-1,238,267,268,-1,238,268,239,-1,239,268,269,-1,239,269,240,-1,240,269,270,-1,240,270,241,-1,241,270,271,-1,241,271,242,-1,242,271,272,-1,242,272,243,-1,243,272,273,-1,243,273,244,-1,244,273,274,-1,244,274,245,-1,245,274,275,-1,245,275,246,-1,246,275,276,-1,246,276,247,-1,247,276,277,-1,247,277,248,-1,248,277,278,-1,248,278,249,-1,249,278,279,-1,249,279,250,-1,250,279,280,-1,250,280,251,-1,251,280,281,-1,251,281,252,-1,252,281,282,-1,252,282,253,-1,253,282,283,-1,253,283,254,-1,254,283,284,-1,254,284,255,-1,255,284,285,-1,255,285,256,-1,256,285,286,-1,256,286,257,-1,257,286,287,-1,257,287,258,-1,258,287,288,-1,258,288,259,-1,259,288,289,-1,259,289,260,-1,260,289,290,-1,260,290,261,-1,261,290,291,-1,261,291,262,-1,262,291,263,-1,291,1,263,-1,263,1,0,-1,263,0,264,-1,264,0,3,-1,264,3,265,-1,265,3,4,-1,265,4,266,-1,266,4,5,-1,266,5,267,-1,267,5,6,-1,267,6,268,-1,268,6,7,-1,268,7,269,-1,269,7,8,-1,269,8,270,-1,270,8,9,-1,270,9,271,-1,271,9,10,-1,271,10,272,-1,272,10,11,-1,272,11,273,-1,273,11,12,-1,273,12,274,-1,274,12,13,-1,274,13,275,-1,275,13,14,-1,275,14,276,-1,276,14,15,-1,276,15,277,-1,277,15,16,-1,277,16,278,-1,278,16,17,-1,278,17,279,-1,279,17,18,-1,279,18,280,-1,280,18,19,-1,280,19,281,-1,281,19,20,-1,281,20,282,-1,282,20,21,-1,282,21,283,-1,283,21,22,-1,283,22,284,-1,284,22,23,-1,284,23,285,-1,285,23,24,-1,285,24,286,-1,286,24,25,-1,286,25,287,-1,287,25,26,-1,287,26,288,-1,288,26,27,-1,288,27,289,-1,289,27,28,-1,289,28,290,-1,290,28,29,-1,290,29,291,-1,291,29,1,-1,292,293,294,-1,292,294,295,-1,296,295,294,-1,297,296,294,-1,298,297,294,-1,299,298,294,-1,300,299,294,-1,301,300,294,-1,302,301,294,-1,303,302,294,-1,304,303,294,-1,305,304,294,-1,306,305,294,-1,307,306,294,-1,308,307,294,-1,309,308,294,-1,310,309,294,-1,311,310,294,-1,312,311,294,-1,313,312,294,-1,314,313,294,-1,315,314,294,-1,316,315,294,-1,317,316,294,-1,318,317,294,-1,319,318,294,-1,320,319,294,-1,321,320,294,-1,293,321,294,-1,322,323,324,-1,324,323,325,-1,324,325,326,-1,326,325,327,-1,326,327,328,-1,328,327,329,-1,328,329,330,-1,330,329,331,-1,330,331,332,-1,332,331,333,-1,332,333,334,-1,334,333,335,-1,334,335,336,-1,336,335,337,-1,336,337,338,-1,338,337,339,-1,338,339,340,-1,340,339,341,-1,340,341,342,-1,342,341,343,-1,342,343,344,-1,344,343,345,-1,344,345,346,-1,346,345,347,-1,346,347,348,-1,348,347,349,-1,348,349,350,-1,350,349,351,-1,350,351,352,-1,352,351,353,-1,352,353,354,-1,354,353,355,-1,354,355,356,-1,356,355,357,-1,356,357,358,-1,358,357,359,-1,358,359,360,-1,360,359,361,-1,360,361,362,-1,362,361,363,-1,362,363,364,-1,364,363,365,-1,364,365,366,-1,366,365,367,-1,366,367,368,-1,368,367,369,-1,368,369,370,-1,370,369,371,-1,370,371,372,-1,372,371,373,-1,372,373,374,-1,374,373,375,-1,374,375,376,-1,376,375,377,-1,376,377,378,-1,378,377,379,-1,378,379,380,-1,380,379,322,-1,380,322,324,-1,366,381,364,-1,364,381,382,-1,364,382,362,-1,362,382,383,-1,362,383,360,-1,360,383,384,-1,360,384,358,-1,358,384,385,-1,358,385,356,-1,356,385,386,-1,356,386,354,-1,354,386,387,-1,354,387,352,-1,352,387,388,-1,352,388,350,-1,350,388,389,-1,350,389,348,-1,348,389,390,-1,348,390,346,-1,346,390,391,-1,346,391,344,-1,344,391,392,-1,344,392,342,-1,342,392,393,-1,342,393,340,-1,340,393,394,-1,340,394,338,-1,338,394,395,-1,338,395,336,-1,336,395,396,-1,336,396,334,-1,334,396,397,-1,334,397,332,-1,332,397,398,-1,332,398,330,-1,330,398,399,-1,330,399,328,-1,328,399,400,-1,328,400,326,-1,326,400,401,-1,326,401,324,-1,324,401,402,-1,324,402,380,-1,380,402,403,-1,380,403,378,-1,378,403,404,-1,378,404,376,-1,376,404,405,-1,376,405,374,-1,374,405,406,-1,374,406,372,-1,372,406,407,-1,372,407,370,-1,370,407,408,-1,370,408,368,-1,368,408,409,-1,368,409,366,-1,366,409,381,-1,409,410,381,-1,381,410,411,-1,381,411,382,-1,382,411,412,-1,382,412,383,-1,383,412,413,-1,383,413,384,-1,384,413,414,-1,384,414,385,-1,385,414,415,-1,385,415,386,-1,386,415,416,-1,386,416,387,-1,387,416,417,-1,387,417,388,-1,388,417,418,-1,388,418,389,-1,389,418,419,-1,389,419,390,-1,390,419,420,-1,390,420,391,-1,391,420,421,-1,391,421,392,-1,392,421,422,-1,392,422,393,-1,393,422,423,-1,393,423,394,-1,394,423,424,-1,394,424,395,-1,395,424,425,-1,395,425,396,-1,396,425,426,-1,396,426,397,-1,397,426,427,-1,397,427,398,-1,398,427,428,-1,398,428,399,-1,399,428,429,-1,399,429,400,-1,400,429,430,-1,400,430,401,-1,401,430,431,-1,401,431,402,-1,402,431,432,-1,402,432,403,-1,403,432,433,-1,403,433,404,-1,404,433,434,-1,404,434,405,-1,405,434,435,-1,405,435,406,-1,406,435,436,-1,406,436,407,-1,407,436,437,-1,407,437,408,-1,408,437,438,-1,408,438,409,-1,409,438,410,-1,438,439,410,-1,410,439,440,-1,410,440,411,-1,411,440,441,-1,411,441,412,-1,412,441,442,-1,412,442,413,-1,413,442,443,-1,413,443,414,-1,414,443,444,-1,414,444,415,-1,415,444,445,-1,415,445,416,-1,416,445,446,-1,416,446,417,-1,417,446,447,-1,417,447,418,-1,418,447,448,-1,418,448,419,-1,419,448,449,-1,419,449,420,-1,420,449,450,-1,420,450,421,-1,421,450,451,-1,421,451,422,-1,422,451,452,-1,422,452,423,-1,423,452,453,-1,423,453,424,-1,424,453,454,-1,424,454,425,-1,425,454,455,-1,425,455,426,-1,426,455,456,-1,426,456,427,-1,427,456,457,-1,427,457,428,-1,428,457,458,-1,428,458,429,-1,429,458,459,-1,429,459,430,-1,430,459,460,-1,430,460,431,-1,431,460,461,-1,431,461,432,-1,432,461,462,-1,432,462,433,-1,433,462,463,-1,433,463,434,-1,434,463,464,-1,434,464,435,-1,435,464,465,-1,435,465,436,-1,436,465,466,-1,436,466,437,-1,437,466,467,-1,437,467,438,-1,438,467,439,-1,467,468,439,-1,439,468,469,-1,439,469,440,-1,440,469,470,-1,440,470,441,-1,441,470,471,-1,441,471,442,-1,442,471,472,-1,442,472,443,-1,443,472,473,-1,443,473,444,-1,444,473,474,-1,444,474,445,-1,445,474,475,-1,445,475,446,-1,446,475,476,-1,446,476,447,-1,447,476,477,-1,447,477,448,-1,448,477,478,-1,448,478,449,-1,449,478,479,-1,449,479,450,-1,450,479,480,-1,450,480,451,-1,451,480,481,-1,451,481,452,-1,452,481,482,-1,452,482,453,-1,453,482,483,-1,453,483,454,-1,454,483,484,-1,454,484,455,-1,455,484,485,-1,455,485,456,-1,456,485,486,-1,456,486,457,-1,457,486,487,-1,457,487,458,-1,458,487,488,-1,458,488,459,-1,459,488,489,-1,459,489,460,-1,460,489,490,-1,460,490,461,-1,461,490,491,-1,461,491,462,-1,462,491,492,-1,462,492,463,-1,463,492,493,-1,463,493,464,-1,464,493,494,-1,464,494,465,-1,465,494,495,-1,465,495,466,-1,466,495,496,-1,466,496,467,-1,467,496,468,-1,496,497,468,-1,468,497,498,-1,468,498,469,-1,469,498,499,-1,469,499,470,-1,470,499,500,-1,470,500,471,-1,471,500,501,-1,471,501,472,-1,472,501,502,-1,472,502,473,-1,473,502,503,-1,473,503,474,-1,474,503,504,-1,474,504,475,-1,475,504,505,-1,475,505,476,-1,476,505,506,-1,476,506,477,-1,477,506,507,-1,477,507,478,-1,478,507,508,-1,478,508,479,-1,479,508,509,-1,479,509,480,-1,480,509,510,-1,480,510,481,-1,481,510,511,-1,481,511,482,-1,482,511,512,-1,482,512,483,-1,483,512,513,-1,483,513,484,-1,484,513,514,-1,484,514,485,-1,485,514,515,-1,485,515,486,-1,486,515,516,-1,486,516,487,-1,487,516,517,-1,487,517,488,-1,488,517,518,-1,488,518,489,-1,489,518,519,-1,489,519,490,-1,490,519,520,-1,490,520,491,-1,491,520,521,-1,491,521,492,-1,492,521,522,-1,492,522,493,-1,493,522,523,-1,493,523,494,-1,494,523,524,-1,494,524,495,-1,495,524,525,-1,495,525,496,-1,496,525,497,-1,525,526,497,-1,497,526,527,-1,497,527,498,-1,498,527,528,-1,498,528,499,-1,499,528,529,-1,499,529,500,-1,500,529,530,-1,500,530,501,-1,501,530,531,-1,501,531,502,-1,502,531,532,-1,502,532,503,-1,503,532,533,-1,503,533,504,-1,504,533,534,-1,504,534,505,-1,505,534,535,-1,505,535,506,-1,506,535,536,-1,506,536,507,-1,507,536,537,-1,507,537,508,-1,508,537,538,-1,508,538,509,-1,509,538,539,-1,509,539,510,-1,510,539,540,-1,510,540,511,-1,511,540,541,-1,511,541,512,-1,512,541,542,-1,512,542,513,-1,513,542,543,-1,513,543,514,-1,514,543,544,-1,514,544,515,-1,515,544,545,-1,515,545,516,-1,516,545,546,-1,516,546,517,-1,517,546,547,-1,517,547,518,-1,518,547,548,-1,518,548,519,-1,519,548,549,-1,519,549,520,-1,520,549,550,-1,520,550,521,-1,521,550,551,-1,521,551,522,-1,522,551,552,-1,522,552,523,-1,523,552,553,-1,523,553,524,-1,524,553,554,-1,524,554,525,-1,525,554,526,-1,554,555,526,-1,526,555,556,-1,526,556,527,-1,527,556,557,-1,527,557,528,-1,528,557,558,-1,528,558,529,-1,529,558,559,-1,529,559,530,-1,530,559,560,-1,530,560,531,-1,531,560,561,-1,531,561,532,-1,532,561,562,-1,532,562,533,-1,533,562,563,-1,533,563,534,-1,534,563,564,-1,534,564,535,-1,535,564,565,-1,535,565,536,-1,536,565,566,-1,536,566,537,-1,537,566,567,-1,537,567,538,-1,538,567,568,-1,538,568,539,-1,539,568,569,-1,539,569,540,-1,540,569,570,-1,540,570,541,-1,541,570,571,-1,541,571,542,-1,542,571,572,-1,542,572,543,-1,543,572,573,-1,543,573,544,-1,544,573,574,-1,544,574,545,-1,545,574,575,-1,545,575,546,-1,546,575,576,-1,546,576,547,-1,547,576,577,-1,547,577,548,-1,548,577,578,-1,548,578,549,-1,549,578,579,-1,549,579,550,-1,550,579,580,-1,550,580,551,-1,551,580,581,-1,551,581,552,-1,552,581,582,-1,552,582,553,-1,553,582,583,-1,553,583,554,-1,554,583,555,-1,583,293,555,-1,555,293,292,-1,555,292,556,-1,556,292,295,-1,556,295,557,-1,557,295,296,-1,557,296,558,-1,558,296,297,-1,558,297,559,-1,559,297,298,-1,559,298,560,-1,560,298,299,-1,560,299,561,-1,561,299,300,-1,561,300,562,-1,562,300,301,-1,562,301,563,-1,563,301,302,-1,563,302,564,-1,564,302,303,-1,564,303,565,-1,565,303,304,-1,565,304,566,-1,566,304,305,-1,566,305,567,-1,567,305,306,-1,567,306,568,-1,568,306,307,-1,568,307,569,-1,569,307,308,-1,569,308,570,-1,570,308,309,-1,570,309,571,-1,571,309,310,-1,571,310,572,-1,572,310,311,-1,572,311,573,-1,573,311,312,-1,573,312,574,-1,574,312,313,-1,574,313,575,-1,575,313,314,-1,575,314,576,-1,576,314,315,-1,576,315,577,-1,577,315,316,-1,577,316,578,-1,578,316,317,-1,578,317,579,-1,579,317,318,-1,579,318,580,-1,580,318,319,-1,580,319,581,-1,581,319,320,-1,581,320,582,-1,582,320,321,-1,582,321,583,-1,583,321,293,-1,584,585,586,-1,584,586,587,-1,588,587,586,-1,589,588,586,-1,590,589,586,-1,591,590,586,-1,592,591,586,-1,593,592,586,-1,594,593,586,-1,595,594,586,-1,596,595,586,-1,597,596,586,-1,598,597,586,-1,599,598,586,-1,600,599,586,-1,601,600,586,-1,602,601,586,-1,603,602,586,-1,604,603,586,-1,605,604,586,-1,606,605,586,-1,607,606,586,-1,608,607,586,-1,609,608,586,-1,610,609,586,-1,611,610,586,-1,612,611,586,-1,613,612,586,-1,585,613,586,-1,614,615,616,-1,616,615,617,-1,616,617,618,-1,618,617,619,-1,618,619,620,-1,620,619,621,-1,620,621,622,-1,622,621,623,-1,622,623,624,-1,624,623,625,-1,624,625,626,-1,626,625,627,-1,626,627,628,-1,628,627,629,-1,628,629,630,-1,630,629,631,-1,630,631,632,-1,632,631,633,-1,632,633,634,-1,634,633,635,-1,634,635,636,-1,636,635,637,-1,636,637,638,-1,638,637,639,-1,638,639,640,-1,640,639,641,-1,640,641,642,-1,642,641,643,-1,642,643,644,-1,644,643,645,-1,644,645,646,-1,646,645,647,-1,646,647,648,-1,648,647,649,-1,648,649,650,-1,650,649,651,-1,650,651,652,-1,652,651,653,-1,652,653,654,-1,654,653,655,-1,654,655,656,-1,656,655,657,-1,656,657,658,-1,658,657,659,-1,658,659,660,-1,660,659,661,-1,660,661,662,-1,662,661,663,-1,662,663,664,-1,664,663,665,-1,664,665,666,-1,666,665,667,-1,666,667,668,-1,668,667,669,-1,668,669,670,-1,670,669,671,-1,670,671,672,-1,672,671,614,-1,672,614,616,-1,658,673,656,-1,656,673,674,-1,656,674,654,-1,654,674,675,-1,654,675,652,-1,652,675,676,-1,652,676,650,-1,650,676,677,-1,650,677,648,-1,648,677,678,-1,648,678,646,-1,646,678,679,-1,646,679,644,-1,644,679,680,-1,644,680,642,-1,642,680,681,-1,642,681,640,-1,640,681,682,-1,640,682,638,-1,638,682,683,-1,638,683,636,-1,636,683,684,-1,636,684,634,-1,634,684,685,-1,634,685,632,-1,632,685,686,-1,632,686,630,-1,630,686,687,-1,630,687,628,-1,628,687,688,-1,628,688,626,-1,626,688,689,-1,626,689,624,-1,624,689,690,-1,624,690,622,-1,622,690,691,-1,622,691,620,-1,620,691,692,-1,620,692,618,-1,618,692,693,-1,618,693,616,-1,616,693,694,-1,616,694,672,-1,672,694,695,-1,672,695,670,-1,670,695,696,-1,670,696,668,-1,668,696,697,-1,668,697,666,-1,666,697,698,-1,666,698,664,-1,664,698,699,-1,664,699,662,-1,662,699,700,-1,662,700,660,-1,660,700,701,-1,660,701,658,-1,658,701,673,-1,701,702,673,-1,673,702,703,-1,673,703,674,-1,674,703,704,-1,674,704,675,-1,675,704,705,-1,675,705,676,-1,676,705,706,-1,676,706,677,-1,677,706,707,-1,677,707,678,-1,678,707,708,-1,678,708,679,-1,679,708,709,-1,679,709,680,-1,680,709,710,-1,680,710,681,-1,681,710,711,-1,681,711,682,-1,682,711,712,-1,682,712,683,-1,683,712,713,-1,683,713,684,-1,684,713,714,-1,684,714,685,-1,685,714,715,-1,685,715,686,-1,686,715,716,-1,686,716,687,-1,687,716,717,-1,687,717,688,-1,688,717,718,-1,688,718,689,-1,689,718,719,-1,689,719,690,-1,690,719,720,-1,690,720,691,-1,691,720,721,-1,691,721,692,-1,692,721,722,-1,692,722,693,-1,693,722,723,-1,693,723,694,-1,694,723,724,-1,694,724,695,-1,695,724,725,-1,695,725,696,-1,696,725,726,-1,696,726,697,-1,697,726,727,-1,697,727,698,-1,698,727,728,-1,698,728,699,-1,699,728,729,-1,699,729,700,-1,700,729,730,-1,700,730,701,-1,701,730,702,-1,730,731,702,-1,702,731,732,-1,702,732,703,-1,703,732,733,-1,703,733,704,-1,704,733,734,-1,704,734,705,-1,705,734,735,-1,705,735,706,-1,706,735,736,-1,706,736,707,-1,707,736,737,-1,707,737,708,-1,708,737,738,-1,708,738,709,-1,709,738,739,-1,709,739,710,-1,710,739,740,-1,710,740,711,-1,711,740,741,-1,711,741,712,-1,712,741,742,-1,712,742,713,-1,713,742,743,-1,713,743,714,-1,714,743,744,-1,714,744,715,-1,715,744,745,-1,715,745,716,-1,716,745,746,-1,716,746,717,-1,717,746,747,-1,717,747,718,-1,718,747,748,-1,718,748,719,-1,719,748,749,-1,719,749,720,-1,720,749,750,-1,720,750,721,-1,721,750,751,-1,721,751,722,-1,722,751,752,-1,722,752,723,-1,723,752,753,-1,723,753,724,-1,724,753,754,-1,724,754,725,-1,725,754,755,-1,725,755,726,-1,726,755,756,-1,726,756,727,-1,727,756,757,-1,727,757,728,-1,728,757,758,-1,728,758,729,-1,729,758,759,-1,729,759,730,-1,730,759,731,-1,759,760,731,-1,731,760,761,-1,731,761,732,-1,732,761,762,-1,732,762,733,-1,733,762,763,-1,733,763,734,-1,734,763,764,-1,734,764,735,-1,735,764,765,-1,735,765,736,-1,736,765,766,-1,736,766,737,-1,737,766,767,-1,737,767,738,-1,738,767,768,-1,738,768,739,-1,739,768,769,-1,739,769,740,-1,740,769,770,-1,740,770,741,-1,741,770,771,-1,741,771,742,-1,742,771,772,-1,742,772,743,-1,743,772,773,-1,743,773,744,-1,744,773,774,-1,744,774,745,-1,745,774,775,-1,745,775,746,-1,746,775,776,-1,746,776,747,-1,747,776,777,-1,747,777,748,-1,748,777,778,-1,748,778,749,-1,749,778,779,-1,749,779,750,-1,750,779,780,-1,750,780,751,-1,751,780,781,-1,751,781,752,-1,752,781,782,-1,752,782,753,-1,753,782,783,-1,753,783,754,-1,754,783,784,-1,754,784,755,-1,755,784,785,-1,755,785,756,-1,756,785,786,-1,756,786,757,-1,757,786,787,-1,757,787,758,-1,758,787,788,-1,758,788,759,-1,759,788,760,-1,788,789,760,-1,760,789,790,-1,760,790,761,-1,761,790,791,-1,761,791,762,-1,762,791,792,-1,762,792,763,-1,763,792,793,-1,763,793,764,-1,764,793,794,-1,764,794,765,-1,765,794,795,-1,765,795,766,-1,766,795,796,-1,766,796,767,-1,767,796,797,-1,767,797,768,-1,768,797,798,-1,768,798,769,-1,769,798,799,-1,769,799,770,-1,770,799,800,-1,770,800,771,-1,771,800,801,-1,771,801,772,-1,772,801,802,-1,772,802,773,-1,773,802,803,-1,773,803,774,-1,774,803,804,-1,774,804,775,-1,775,804,805,-1,775,805,776,-1,776,805,806,-1,776,806,777,-1,777,806,807,-1,777,807,778,-1,778,807,808,-1,778,808,779,-1,779,808,809,-1,779,809,780,-1,780,809,810,-1,780,810,781,-1,781,810,811,-1,781,811,782,-1,782,811,812,-1,782,812,783,-1,783,812,813,-1,783,813,784,-1,784,813,814,-1,784,814,785,-1,785,814,815,-1,785,815,786,-1,786,815,816,-1,786,816,787,-1,787,816,817,-1,787,817,788,-1,788,817,789,-1,817,818,789,-1,789,818,819,-1,789,819,790,-1,790,819,820,-1,790,820,791,-1,791,820,821,-1,791,821,792,-1,792,821,822,-1,792,822,793,-1,793,822,823,-1,793,823,794,-1,794,823,824,-1,794,824,795,-1,795,824,825,-1,795,825,796,-1,796,825,826,-1,796,826,797,-1,797,826,827,-1,797,827,798,-1,798,827,828,-1,798,828,799,-1,799,828,829,-1,799,829,800,-1,800,829,830,-1,800,830,801,-1,801,830,831,-1,801,831,802,-1,802,831,832,-1,802,832,803,-1,803,832,833,-1,803,833,804,-1,804,833,834,-1,804,834,805,-1,805,834,835,-1,805,835,806,-1,806,835,836,-1,806,836,807,-1,807,836,837,-1,807,837,808,-1,808,837,838,-1,808,838,809,-1,809,838,839,-1,809,839,810,-1,810,839,840,-1,810,840,811,-1,811,840,841,-1,811,841,812,-1,812,841,842,-1,812,842,813,-1,813,842,843,-1,813,843,814,-1,814,843,844,-1,814,844,815,-1,815,844,845,-1,815,845,816,-1,816,845,846,-1,816,846,817,-1,817,846,818,-1,846,847,818,-1,818,847,848,-1,818,848,819,-1,819,848,849,-1,819,849,820,-1,820,849,850,-1,820,850,821,-1,821,850,851,-1,821,851,822,-1,822,851,852,-1,822,852,823,-1,823,852,853,-1,823,853,824,-1,824,853,854,-1,824,854,825,-1,825,854,855,-1,825,855,826,-1,826,855,856,-1,826,856,827,-1,827,856,857,-1,827,857,828,-1,828,857,858,-1,828,858,829,-1,829,858,859,-1,829,859,830,-1,830,859,860,-1,830,860,831,-1,831,860,861,-1,831,861,832,-1,832,861,862,-1,832,862,833,-1,833,862,863,-1,833,863,834,-1,834,863,864,-1,834,864,835,-1,835,864,865,-1,835,865,836,-1,836,865,866,-1,836,866,837,-1,837,866,867,-1,837,867,838,-1,838,867,868,-1,838,868,839,-1,839,868,869,-1,839,869,840,-1,840,869,870,-1,840,870,841,-1,841,870,871,-1,841,871,842,-1,842,871,872,-1,842,872,843,-1,843,872,873,-1,843,873,844,-1,844,873,874,-1,844,874,845,-1,845,874,875,-1,845,875,846,-1,846,875,847,-1,875,585,847,-1,847,585,584,-1,847,584,848,-1,848,584,587,-1,848,587,849,-1,849,587,588,-1,849,588,850,-1,850,588,589,-1,850,589,851,-1,851,589,590,-1,851,590,852,-1,852,590,591,-1,852,591,853,-1,853,591,592,-1,853,592,854,-1,854,592,593,-1,854,593,855,-1,855,593,594,-1,855,594,856,-1,856,594,595,-1,856,595,857,-1,857,595,596,-1,857,596,858,-1,858,596,597,-1,858,597,859,-1,859,597,598,-1,859,598,860,-1,860,598,599,-1,860,599,861,-1,861,599,600,-1,861,600,862,-1,862,600,601,-1,862,601,863,-1,863,601,602,-1,863,602,864,-1,864,602,603,-1,864,603,865,-1,865,603,604,-1,865,604,866,-1,866,604,605,-1,866,605,867,-1,867,605,606,-1,867,606,868,-1,868,606,607,-1,868,607,869,-1,869,607,608,-1,869,608,870,-1,870,608,609,-1,870,609,871,-1,871,609,610,-1,871,610,872,-1,872,610,611,-1,872,611,873,-1,873,611,612,-1,873,612,874,-1,874,612,613,-1,874,613,875,-1,875,613,585,-1,876,877,878,-1,876,878,879,-1,880,879,878,-1,881,880,878,-1,882,881,878,-1,883,882,878,-1,884,883,878,-1,885,884,878,-1,886,885,878,-1,887,886,878,-1,888,887,878,-1,889,888,878,-1,890,889,878,-1,891,890,878,-1,892,891,878,-1,893,892,878,-1,894,893,878,-1,895,894,878,-1,896,895,878,-1,897,896,878,-1,898,897,878,-1,899,898,878,-1,900,899,878,-1,901,900,878,-1,902,901,878,-1,903,902,878,-1,904,903,878,-1,905,904,878,-1,877,905,878,-1,906,907,908,-1,908,907,909,-1,908,909,910,-1,910,909,911,-1,910,911,912,-1,912,911,913,-1,912,913,914,-1,914,913,915,-1,914,915,916,-1,916,915,917,-1,916,917,918,-1,918,917,919,-1,918,919,920,-1,920,919,921,-1,920,921,922,-1,922,921,923,-1,922,923,924,-1,924,923,925,-1,924,925,926,-1,926,925,927,-1,926,927,928,-1,928,927,929,-1,928,929,930,-1,930,929,931,-1,930,931,932,-1,932,931,933,-1,932,933,934,-1,934,933,935,-1,934,935,936,-1,936,935,937,-1,936,937,938,-1,938,937,939,-1,938,939,940,-1,940,939,941,-1,940,941,942,-1,942,941,943,-1,942,943,944,-1,944,943,945,-1,944,945,946,-1,946,945,947,-1,946,947,948,-1,948,947,949,-1,948,949,950,-1,950,949,951,-1,950,951,952,-1,952,951,953,-1,952,953,954,-1,954,953,955,-1,954,955,956,-1,956,955,957,-1,956,957,958,-1,958,957,959,-1,958,959,960,-1,960,959,961,-1,960,961,962,-1,962,961,963,-1,962,963,964,-1,964,963,906,-1,964,906,908,-1,950,965,948,-1,948,965,966,-1,948,966,946,-1,946,966,967,-1,946,967,944,-1,944,967,968,-1,944,968,942,-1,942,968,969,-1,942,969,940,-1,940,969,970,-1,940,970,938,-1,938,970,971,-1,938,971,936,-1,936,971,972,-1,936,972,934,-1,934,972,973,-1,934,973,932,-1,932,973,974,-1,932,974,930,-1,930,974,975,-1,930,975,928,-1,928,975,976,-1,928,976,926,-1,926,976,977,-1,926,977,924,-1,924,977,978,-1,924,978,922,-1,922,978,979,-1,922,979,920,-1,920,979,980,-1,920,980,918,-1,918,980,981,-1,918,981,916,-1,916,981,982,-1,916,982,914,-1,914,982,983,-1,914,983,912,-1,912,983,984,-1,912,984,910,-1,910,984,985,-1,910,985,908,-1,908,985,986,-1,908,986,964,-1,964,986,987,-1,964,987,962,-1,962,987,988,-1,962,988,960,-1,960,988,989,-1,960,989,958,-1,958,989,990,-1,958,990,956,-1,956,990,991,-1,956,991,954,-1,954,991,992,-1,954,992,952,-1,952,992,993,-1,952,993,950,-1,950,993,965,-1,993,994,965,-1,965,994,995,-1,965,995,966,-1,966,995,996,-1,966,996,967,-1,967,996,997,-1,967,997,968,-1,968,997,998,-1,968,998,969,-1,969,998,999,-1,969,999,970,-1,970,999,1000,-1,970,1000,971,-1,971,1000,1001,-1,971,1001,972,-1,972,1001,1002,-1,972,1002,973,-1,973,1002,1003,-1,973,1003,974,-1,974,1003,1004,-1,974,1004,975,-1,975,1004,1005,-1,975,1005,976,-1,976,1005,1006,-1,976,1006,977,-1,977,1006,1007,-1,977,1007,978,-1,978,1007,1008,-1,978,1008,979,-1,979,1008,1009,-1,979,1009,980,-1,980,1009,1010,-1,980,1010,981,-1,981,1010,1011,-1,981,1011,982,-1,982,1011,1012,-1,982,1012,983,-1,983,1012,1013,-1,983,1013,984,-1,984,1013,1014,-1,984,1014,985,-1,985,1014,1015,-1,985,1015,986,-1,986,1015,1016,-1,986,1016,987,-1,987,1016,1017,-1,987,1017,988,-1,988,1017,1018,-1,988,1018,989,-1,989,1018,1019,-1,989,1019,990,-1,990,1019,1020,-1,990,1020,991,-1,991,1020,1021,-1,991,1021,992,-1,992,1021,1022,-1,992,1022,993,-1,993,1022,994,-1,1022,1023,994,-1,994,1023,1024,-1,994,1024,995,-1,995,1024,1025,-1,995,1025,996,-1,996,1025,1026,-1,996,1026,997,-1,997,1026,1027,-1,997,1027,998,-1,998,1027,1028,-1,998,1028,999,-1,999,1028,1029,-1,999,1029,1000,-1,1000,1029,1030,-1,1000,1030,1001,-1,1001,1030,1031,-1,1001,1031,1002,-1,1002,1031,1032,-1,1002,1032,1003,-1,1003,1032,1033,-1,1003,1033,1004,-1,1004,1033,1034,-1,1004,1034,1005,-1,1005,1034,1035,-1,1005,1035,1006,-1,1006,1035,1036,-1,1006,1036,1007,-1,1007,1036,1037,-1,1007,1037,1008,-1,1008,1037,1038,-1,1008,1038,1009,-1,1009,1038,1039,-1,1009,1039,1010,-1,1010,1039,1040,-1,1010,1040,1011,-1,1011,1040,1041,-1,1011,1041,1012,-1,1012,1041,1042,-1,1012,1042,1013,-1,1013,1042,1043,-1,1013,1043,1014,-1,1014,1043,1044,-1,1014,1044,1015,-1,1015,1044,1045,-1,1015,1045,1016,-1,1016,1045,1046,-1,1016,1046,1017,-1,1017,1046,1047,-1,1017,1047,1018,-1,1018,1047,1048,-1,1018,1048,1019,-1,1019,1048,1049,-1,1019,1049,1020,-1,1020,1049,1050,-1,1020,1050,1021,-1,1021,1050,1051,-1,1021,1051,1022,-1,1022,1051,1023,-1,1051,1052,1023,-1,1023,1052,1053,-1,1023,1053,1024,-1,1024,1053,1054,-1,1024,1054,1025,-1,1025,1054,1055,-1,1025,1055,1026,-1,1026,1055,1056,-1,1026,1056,1027,-1,1027,1056,1057,-1,1027,1057,1028,-1,1028,1057,1058,-1,1028,1058,1029,-1,1029,1058,1059,-1,1029,1059,1030,-1,1030,1059,1060,-1,1030,1060,1031,-1,1031,1060,1061,-1,1031,1061,1032,-1,1032,1061,1062,-1,1032,1062,1033,-1,1033,1062,1063,-1,1033,1063,1034,-1,1034,1063,1064,-1,1034,1064,1035,-1,1035,1064,1065,-1,1035,1065,1036,-1,1036,1065,1066,-1,1036,1066,1037,-1,1037,1066,1067,-1,1037,1067,1038,-1,1038,1067,1068,-1,1038,1068,1039,-1,1039,1068,1069,-1,1039,1069,1040,-1,1040,1069,1070,-1,1040,1070,1041,-1,1041,1070,1071,-1,1041,1071,1042,-1,1042,1071,1072,-1,1042,1072,1043,-1,1043,1072,1073,-1,1043,1073,1044,-1,1044,1073,1074,-1,1044,1074,1045,-1,1045,1074,1075,-1,1045,1075,1046,-1,1046,1075,1076,-1,1046,1076,1047,-1,1047,1076,1077,-1,1047,1077,1048,-1,1048,1077,1078,-1,1048,1078,1049,-1,1049,1078,1079,-1,1049,1079,1050,-1,1050,1079,1080,-1,1050,1080,1051,-1,1051,1080,1052,-1,1080,1081,1052,-1,1052,1081,1082,-1,1052,1082,1053,-1,1053,1082,1083,-1,1053,1083,1054,-1,1054,1083,1084,-1,1054,1084,1055,-1,1055,1084,1085,-1,1055,1085,1056,-1,1056,1085,1086,-1,1056,1086,1057,-1,1057,1086,1087,-1,1057,1087,1058,-1,1058,1087,1088,-1,1058,1088,1059,-1,1059,1088,1089,-1,1059,1089,1060,-1,1060,1089,1090,-1,1060,1090,1061,-1,1061,1090,1091,-1,1061,1091,1062,-1,1062,1091,1092,-1,1062,1092,1063,-1,1063,1092,1093,-1,1063,1093,1064,-1,1064,1093,1094,-1,1064,1094,1065,-1,1065,1094,1095,-1,1065,1095,1066,-1,1066,1095,1096,-1,1066,1096,1067,-1,1067,1096,1097,-1,1067,1097,1068,-1,1068,1097,1098,-1,1068,1098,1069,-1,1069,1098,1099,-1,1069,1099,1070,-1,1070,1099,1100,-1,1070,1100,1071,-1,1071,1100,1101,-1,1071,1101,1072,-1,1072,1101,1102,-1,1072,1102,1073,-1,1073,1102,1103,-1,1073,1103,1074,-1,1074,1103,1104,-1,1074,1104,1075,-1,1075,1104,1105,-1,1075,1105,1076,-1,1076,1105,1106,-1,1076,1106,1077,-1,1077,1106,1107,-1,1077,1107,1078,-1,1078,1107,1108,-1,1078,1108,1079,-1,1079,1108,1109,-1,1079,1109,1080,-1,1080,1109,1081,-1,1109,1110,1081,-1,1081,1110,1111,-1,1081,1111,1082,-1,1082,1111,1112,-1,1082,1112,1083,-1,1083,1112,1113,-1,1083,1113,1084,-1,1084,1113,1114,-1,1084,1114,1085,-1,1085,1114,1115,-1,1085,1115,1086,-1,1086,1115,1116,-1,1086,1116,1087,-1,1087,1116,1117,-1,1087,1117,1088,-1,1088,1117,1118,-1,1088,1118,1089,-1,1089,1118,1119,-1,1089,1119,1090,-1,1090,1119,1120,-1,1090,1120,1091,-1,1091,1120,1121,-1,1091,1121,1092,-1,1092,1121,1122,-1,1092,1122,1093,-1,1093,1122,1123,-1,1093,1123,1094,-1,1094,1123,1124,-1,1094,1124,1095,-1,1095,1124,1125,-1,1095,1125,1096,-1,1096,1125,1126,-1,1096,1126,1097,-1,1097,1126,1127,-1,1097,1127,1098,-1,1098,1127,1128,-1,1098,1128,1099,-1,1099,1128,1129,-1,1099,1129,1100,-1,1100,1129,1130,-1,1100,1130,1101,-1,1101,1130,1131,-1,1101,1131,1102,-1,1102,1131,1132,-1,1102,1132,1103,-1,1103,1132,1133,-1,1103,1133,1104,-1,1104,1133,1134,-1,1104,1134,1105,-1,1105,1134,1135,-1,1105,1135,1106,-1,1106,1135,1136,-1,1106,1136,1107,-1,1107,1136,1137,-1,1107,1137,1108,-1,1108,1137,1138,-1,1108,1138,1109,-1,1109,1138,1110,-1,1138,1139,1110,-1,1110,1139,1140,-1,1110,1140,1111,-1,1111,1140,1141,-1,1111,1141,1112,-1,1112,1141,1142,-1,1112,1142,1113,-1,1113,1142,1143,-1,1113,1143,1114,-1,1114,1143,1144,-1,1114,1144,1115,-1,1115,1144,1145,-1,1115,1145,1116,-1,1116,1145,1146,-1,1116,1146,1117,-1,1117,1146,1147,-1,1117,1147,1118,-1,1118,1147,1148,-1,1118,1148,1119,-1,1119,1148,1149,-1,1119,1149,1120,-1,1120,1149,1150,-1,1120,1150,1121,-1,1121,1150,1151,-1,1121,1151,1122,-1,1122,1151,1152,-1,1122,1152,1123,-1,1123,1152,1153,-1,1123,1153,1124,-1,1124,1153,1154,-1,1124,1154,1125,-1,1125,1154,1155,-1,1125,1155,1126,-1,1126,1155,1156,-1,1126,1156,1127,-1,1127,1156,1157,-1,1127,1157,1128,-1,1128,1157,1158,-1,1128,1158,1129,-1,1129,1158,1159,-1,1129,1159,1130,-1,1130,1159,1160,-1,1130,1160,1131,-1,1131,1160,1161,-1,1131,1161,1132,-1,1132,1161,1162,-1,1132,1162,1133,-1,1133,1162,1163,-1,1133,1163,1134,-1,1134,1163,1164,-1,1134,1164,1135,-1,1135,1164,1165,-1,1135,1165,1136,-1,1136,1165,1166,-1,1136,1166,1137,-1,1137,1166,1167,-1,1137,1167,1138,-1,1138,1167,1139,-1,1167,877,1139,-1,1139,877,876,-1,1139,876,1140,-1,1140,876,879,-1,1140,879,1141,-1,1141,879,880,-1,1141,880,1142,-1,1142,880,881,-1,1142,881,1143,-1,1143,881,882,-1,1143,882,1144,-1,1144,882,883,-1,1144,883,1145,-1,1145,883,884,-1,1145,884,1146,-1,1146,884,885,-1,1146,885,1147,-1,1147,885,886,-1,1147,886,1148,-1,1148,886,887,-1,1148,887,1149,-1,1149,887,888,-1,1149,888,1150,-1,1150,888,889,-1,1150,889,1151,-1,1151,889,890,-1,1151,890,1152,-1,1152,890,891,-1,1152,891,1153,-1,1153,891,892,-1,1153,892,1154,-1,1154,892,893,-1,1154,893,1155,-1,1155,893,894,-1,1155,894,1156,-1,1156,894,895,-1,1156,895,1157,-1,1157,895,896,-1,1157,896,1158,-1,1158,896,897,-1,1158,897,1159,-1,1159,897,898,-1,1159,898,1160,-1,1160,898,899,-1,1160,899,1161,-1,1161,899,900,-1,1161,900,1162,-1,1162,900,901,-1,1162,901,1163,-1,1163,901,902,-1,1163,902,1164,-1,1164,902,903,-1,1164,903,1165,-1,1165,903,904,-1,1165,904,1166,-1,1166,904,905,-1,1166,905,1167,-1,1167,905,877,-1,1168,1169,1170,-1,1168,1170,1171,-1,1172,1171,1170,-1,1173,1172,1170,-1,1174,1173,1170,-1,1175,1174,1170,-1,1176,1175,1170,-1,1177,1176,1170,-1,1178,1177,1170,-1,1179,1178,1170,-1,1180,1179,1170,-1,1181,1180,1170,-1,1182,1181,1170,-1,1183,1182,1170,-1,1184,1183,1170,-1,1185,1184,1170,-1,1186,1185,1170,-1,1187,1186,1170,-1,1188,1187,1170,-1,1189,1188,1170,-1,1190,1189,1170,-1,1191,1190,1170,-1,1192,1191,1170,-1,1193,1192,1170,-1,1194,1193,1170,-1,1195,1194,1170,-1,1196,1195,1170,-1,1197,1196,1170,-1,1169,1197,1170,-1,1198,1199,1200,-1,1200,1199,1201,-1,1200,1201,1202,-1,1202,1201,1203,-1,1202,1203,1204,-1,1204,1203,1205,-1,1204,1205,1206,-1,1206,1205,1207,-1,1206,1207,1208,-1,1208,1207,1209,-1,1208,1209,1210,-1,1210,1209,1211,-1,1210,1211,1212,-1,1212,1211,1213,-1,1212,1213,1214,-1,1214,1213,1215,-1,1214,1215,1216,-1,1216,1215,1217,-1,1216,1217,1218,-1,1218,1217,1219,-1,1218,1219,1220,-1,1220,1219,1221,-1,1220,1221,1222,-1,1222,1221,1223,-1,1222,1223,1224,-1,1224,1223,1225,-1,1224,1225,1226,-1,1226,1225,1227,-1,1226,1227,1228,-1,1228,1227,1229,-1,1228,1229,1230,-1,1230,1229,1231,-1,1230,1231,1232,-1,1232,1231,1233,-1,1232,1233,1234,-1,1234,1233,1235,-1,1234,1235,1236,-1,1236,1235,1237,-1,1236,1237,1238,-1,1238,1237,1239,-1,1238,1239,1240,-1,1240,1239,1241,-1,1240,1241,1242,-1,1242,1241,1243,-1,1242,1243,1244,-1,1244,1243,1245,-1,1244,1245,1246,-1,1246,1245,1247,-1,1246,1247,1248,-1,1248,1247,1249,-1,1248,1249,1250,-1,1250,1249,1251,-1,1250,1251,1252,-1,1252,1251,1253,-1,1252,1253,1254,-1,1254,1253,1255,-1,1254,1255,1256,-1,1256,1255,1198,-1,1256,1198,1200,-1,1242,1257,1240,-1,1240,1257,1258,-1,1240,1258,1238,-1,1238,1258,1259,-1,1238,1259,1236,-1,1236,1259,1260,-1,1236,1260,1234,-1,1234,1260,1261,-1,1234,1261,1232,-1,1232,1261,1262,-1,1232,1262,1230,-1,1230,1262,1263,-1,1230,1263,1228,-1,1228,1263,1264,-1,1228,1264,1226,-1,1226,1264,1265,-1,1226,1265,1224,-1,1224,1265,1266,-1,1224,1266,1222,-1,1222,1266,1267,-1,1222,1267,1220,-1,1220,1267,1268,-1,1220,1268,1218,-1,1218,1268,1269,-1,1218,1269,1216,-1,1216,1269,1270,-1,1216,1270,1214,-1,1214,1270,1271,-1,1214,1271,1212,-1,1212,1271,1272,-1,1212,1272,1210,-1,1210,1272,1273,-1,1210,1273,1208,-1,1208,1273,1274,-1,1208,1274,1206,-1,1206,1274,1275,-1,1206,1275,1204,-1,1204,1275,1276,-1,1204,1276,1202,-1,1202,1276,1277,-1,1202,1277,1200,-1,1200,1277,1278,-1,1200,1278,1256,-1,1256,1278,1279,-1,1256,1279,1254,-1,1254,1279,1280,-1,1254,1280,1252,-1,1252,1280,1281,-1,1252,1281,1250,-1,1250,1281,1282,-1,1250,1282,1248,-1,1248,1282,1283,-1,1248,1283,1246,-1,1246,1283,1284,-1,1246,1284,1244,-1,1244,1284,1285,-1,1244,1285,1242,-1,1242,1285,1257,-1,1285,1286,1257,-1,1257,1286,1287,-1,1257,1287,1258,-1,1258,1287,1288,-1,1258,1288,1259,-1,1259,1288,1289,-1,1259,1289,1260,-1,1260,1289,1290,-1,1260,1290,1261,-1,1261,1290,1291,-1,1261,1291,1262,-1,1262,1291,1292,-1,1262,1292,1263,-1,1263,1292,1293,-1,1263,1293,1264,-1,1264,1293,1294,-1,1264,1294,1265,-1,1265,1294,1295,-1,1265,1295,1266,-1,1266,1295,1296,-1,1266,1296,1267,-1,1267,1296,1297,-1,1267,1297,1268,-1,1268,1297,1298,-1,1268,1298,1269,-1,1269,1298,1299,-1,1269,1299,1270,-1,1270,1299,1300,-1,1270,1300,1271,-1,1271,1300,1301,-1,1271,1301,1272,-1,1272,1301,1302,-1,1272,1302,1273,-1,1273,1302,1303,-1,1273,1303,1274,-1,1274,1303,1304,-1,1274,1304,1275,-1,1275,1304,1305,-1,1275,1305,1276,-1,1276,1305,1306,-1,1276,1306,1277,-1,1277,1306,1307,-1,1277,1307,1278,-1,1278,1307,1308,-1,1278,1308,1279,-1,1279,1308,1309,-1,1279,1309,1280,-1,1280,1309,1310,-1,1280,1310,1281,-1,1281,1310,1311,-1,1281,1311,1282,-1,1282,1311,1312,-1,1282,1312,1283,-1,1283,1312,1313,-1,1283,1313,1284,-1,1284,1313,1314,-1,1284,1314,1285,-1,1285,1314,1286,-1,1314,1315,1286,-1,1286,1315,1316,-1,1286,1316,1287,-1,1287,1316,1317,-1,1287,1317,1288,-1,1288,1317,1318,-1,1288,1318,1289,-1,1289,1318,1319,-1,1289,1319,1290,-1,1290,1319,1320,-1,1290,1320,1291,-1,1291,1320,1321,-1,1291,1321,1292,-1,1292,1321,1322,-1,1292,1322,1293,-1,1293,1322,1323,-1,1293,1323,1294,-1,1294,1323,1324,-1,1294,1324,1295,-1,1295,1324,1325,-1,1295,1325,1296,-1,1296,1325,1326,-1,1296,1326,1297,-1,1297,1326,1327,-1,1297,1327,1298,-1,1298,1327,1328,-1,1298,1328,1299,-1,1299,1328,1329,-1,1299,1329,1300,-1,1300,1329,1330,-1,1300,1330,1301,-1,1301,1330,1331,-1,1301,1331,1302,-1,1302,1331,1332,-1,1302,1332,1303,-1,1303,1332,1333,-1,1303,1333,1304,-1,1304,1333,1334,-1,1304,1334,1305,-1,1305,1334,1335,-1,1305,1335,1306,-1,1306,1335,1336,-1,1306,1336,1307,-1,1307,1336,1337,-1,1307,1337,1308,-1,1308,1337,1338,-1,1308,1338,1309,-1,1309,1338,1339,-1,1309,1339,1310,-1,1310,1339,1340,-1,1310,1340,1311,-1,1311,1340,1341,-1,1311,1341,1312,-1,1312,1341,1342,-1,1312,1342,1313,-1,1313,1342,1343,-1,1313,1343,1314,-1,1314,1343,1315,-1,1343,1344,1315,-1,1315,1344,1345,-1,1315,1345,1316,-1,1316,1345,1346,-1,1316,1346,1317,-1,1317,1346,1347,-1,1317,1347,1318,-1,1318,1347,1348,-1,1318,1348,1319,-1,1319,1348,1349,-1,1319,1349,1320,-1,1320,1349,1350,-1,1320,1350,1321,-1,1321,1350,1351,-1,1321,1351,1322,-1,1322,1351,1352,-1,1322,1352,1323,-1,1323,1352,1353,-1,1323,1353,1324,-1,1324,1353,1354,-1,1324,1354,1325,-1,1325,1354,1355,-1,1325,1355,1326,-1,1326,1355,1356,-1,1326,1356,1327,-1,1327,1356,1357,-1,1327,1357,1328,-1,1328,1357,1358,-1,1328,1358,1329,-1,1329,1358,1359,-1,1329,1359,1330,-1,1330,1359,1360,-1,1330,1360,1331,-1,1331,1360,1361,-1,1331,1361,1332,-1,1332,1361,1362,-1,1332,1362,1333,-1,1333,1362,1363,-1,1333,1363,1334,-1,1334,1363,1364,-1,1334,1364,1335,-1,1335,1364,1365,-1,1335,1365,1336,-1,1336,1365,1366,-1,1336,1366,1337,-1,1337,1366,1367,-1,1337,1367,1338,-1,1338,1367,1368,-1,1338,1368,1339,-1,1339,1368,1369,-1,1339,1369,1340,-1,1340,1369,1370,-1,1340,1370,1341,-1,1341,1370,1371,-1,1341,1371,1342,-1,1342,1371,1372,-1,1342,1372,1343,-1,1343,1372,1344,-1,1372,1373,1344,-1,1344,1373,1374,-1,1344,1374,1345,-1,1345,1374,1375,-1,1345,1375,1346,-1,1346,1375,1376,-1,1346,1376,1347,-1,1347,1376,1377,-1,1347,1377,1348,-1,1348,1377,1378,-1,1348,1378,1349,-1,1349,1378,1379,-1,1349,1379,1350,-1,1350,1379,1380,-1,1350,1380,1351,-1,1351,1380,1381,-1,1351,1381,1352,-1,1352,1381,1382,-1,1352,1382,1353,-1,1353,1382,1383,-1,1353,1383,1354,-1,1354,1383,1384,-1,1354,1384,1355,-1,1355,1384,1385,-1,1355,1385,1356,-1,1356,1385,1386,-1,1356,1386,1357,-1,1357,1386,1387,-1,1357,1387,1358,-1,1358,1387,1388,-1,1358,1388,1359,-1,1359,1388,1389,-1,1359,1389,1360,-1,1360,1389,1390,-1,1360,1390,1361,-1,1361,1390,1391,-1,1361,1391,1362,-1,1362,1391,1392,-1,1362,1392,1363,-1,1363,1392,1393,-1,1363,1393,1364,-1,1364,1393,1394,-1,1364,1394,1365,-1,1365,1394,1395,-1,1365,1395,1366,-1,1366,1395,1396,-1,1366,1396,1367,-1,1367,1396,1397,-1,1367,1397,1368,-1,1368,1397,1398,-1,1368,1398,1369,-1,1369,1398,1399,-1,1369,1399,1370,-1,1370,1399,1400,-1,1370,1400,1371,-1,1371,1400,1401,-1,1371,1401,1372,-1,1372,1401,1373,-1,1401,1402,1373,-1,1373,1402,1403,-1,1373,1403,1374,-1,1374,1403,1404,-1,1374,1404,1375,-1,1375,1404,1405,-1,1375,1405,1376,-1,1376,1405,1406,-1,1376,1406,1377,-1,1377,1406,1407,-1,1377,1407,1378,-1,1378,1407,1408,-1,1378,1408,1379,-1,1379,1408,1409,-1,1379,1409,1380,-1,1380,1409,1410,-1,1380,1410,1381,-1,1381,1410,1411,-1,1381,1411,1382,-1,1382,1411,1412,-1,1382,1412,1383,-1,1383,1412,1413,-1,1383,1413,1384,-1,1384,1413,1414,-1,1384,1414,1385,-1,1385,1414,1415,-1,1385,1415,1386,-1,1386,1415,1416,-1,1386,1416,1387,-1,1387,1416,1417,-1,1387,1417,1388,-1,1388,1417,1418,-1,1388,1418,1389,-1,1389,1418,1419,-1,1389,1419,1390,-1,1390,1419,1420,-1,1390,1420,1391,-1,1391,1420,1421,-1,1391,1421,1392,-1,1392,1421,1422,-1,1392,1422,1393,-1,1393,1422,1423,-1,1393,1423,1394,-1,1394,1423,1424,-1,1394,1424,1395,-1,1395,1424,1425,-1,1395,1425,1396,-1,1396,1425,1426,-1,1396,1426,1397,-1,1397,1426,1427,-1,1397,1427,1398,-1,1398,1427,1428,-1,1398,1428,1399,-1,1399,1428,1429,-1,1399,1429,1400,-1,1400,1429,1430,-1,1400,1430,1401,-1,1401,1430,1402,-1,1430,1431,1402,-1,1402,1431,1432,-1,1402,1432,1403,-1,1403,1432,1433,-1,1403,1433,1404,-1,1404,1433,1434,-1,1404,1434,1405,-1,1405,1434,1435,-1,1405,1435,1406,-1,1406,1435,1436,-1,1406,1436,1407,-1,1407,1436,1437,-1,1407,1437,1408,-1,1408,1437,1438,-1,1408,1438,1409,-1,1409,1438,1439,-1,1409,1439,1410,-1,1410,1439,1440,-1,1410,1440,1411,-1,1411,1440,1441,-1,1411,1441,1412,-1,1412,1441,1442,-1,1412,1442,1413,-1,1413,1442,1443,-1,1413,1443,1414,-1,1414,1443,1444,-1,1414,1444,1415,-1,1415,1444,1445,-1,1415,1445,1416,-1,1416,1445,1446,-1,1416,1446,1417,-1,1417,1446,1447,-1,1417,1447,1418,-1,1418,1447,1448,-1,1418,1448,1419,-1,1419,1448,1449,-1,1419,1449,1420,-1,1420,1449,1450,-1,1420,1450,1421,-1,1421,1450,1451,-1,1421,1451,1422,-1,1422,1451,1452,-1,1422,1452,1423,-1,1423,1452,1453,-1,1423,1453,1424,-1,1424,1453,1454,-1,1424,1454,1425,-1,1425,1454,1455,-1,1425,1455,1426,-1,1426,1455,1456,-1,1426,1456,1427,-1,1427,1456,1457,-1,1427,1457,1428,-1,1428,1457,1458,-1,1428,1458,1429,-1,1429,1458,1459,-1,1429,1459,1430,-1,1430,1459,1431,-1,1459,1169,1431,-1,1431,1169,1168,-1,1431,1168,1432,-1,1432,1168,1171,-1,1432,1171,1433,-1,1433,1171,1172,-1,1433,1172,1434,-1,1434,1172,1173,-1,1434,1173,1435,-1,1435,1173,1174,-1,1435,1174,1436,-1,1436,1174,1175,-1,1436,1175,1437,-1,1437,1175,1176,-1,1437,1176,1438,-1,1438,1176,1177,-1,1438,1177,1439,-1,1439,1177,1178,-1,1439,1178,1440,-1,1440,1178,1179,-1,1440,1179,1441,-1,1441,1179,1180,-1,1441,1180,1442,-1,1442,1180,1181,-1,1442,1181,1443,-1,1443,1181,1182,-1,1443,1182,1444,-1,1444,1182,1183,-1,1444,1183,1445,-1,1445,1183,1184,-1,1445,1184,1446,-1,1446,1184,1185,-1,1446,1185,1447,-1,1447,1185,1186,-1,1447,1186,1448,-1,1448,1186,1187,-1,1448,1187,1449,-1,1449,1187,1188,-1,1449,1188,1450,-1,1450,1188,1189,-1,1450,1189,1451,-1,1451,1189,1190,-1,1451,1190,1452,-1,1452,1190,1191,-1,1452,1191,1453,-1,1453,1191,1192,-1,1453,1192,1454,-1,1454,1192,1193,-1,1454,1193,1455,-1,1455,1193,1194,-1,1455,1194,1456,-1,1456,1194,1195,-1,1456,1195,1457,-1,1457,1195,1196,-1,1457,1196,1458,-1,1458,1196,1197,-1,1458,1197,1459,-1,1459,1197,1169,-1,1460,1461,1462,-1,1460,1462,1463,-1,1464,1463,1462,-1,1465,1464,1462,-1,1466,1465,1462,-1,1467,1466,1462,-1,1468,1467,1462,-1,1469,1468,1462,-1,1470,1469,1462,-1,1471,1470,1462,-1,1472,1471,1462,-1,1473,1472,1462,-1,1474,1473,1462,-1,1475,1474,1462,-1,1476,1475,1462,-1,1477,1476,1462,-1,1478,1477,1462,-1,1479,1478,1462,-1,1480,1479,1462,-1,1481,1480,1462,-1,1482,1481,1462,-1,1483,1482,1462,-1,1484,1483,1462,-1,1485,1484,1462,-1,1486,1485,1462,-1,1487,1486,1462,-1,1488,1487,1462,-1,1489,1488,1462,-1,1461,1489,1462,-1,1490,1491,1492,-1,1492,1491,1493,-1,1492,1493,1494,-1,1494,1493,1495,-1,1494,1495,1496,-1,1496,1495,1497,-1,1496,1497,1498,-1,1498,1497,1499,-1,1498,1499,1500,-1,1500,1499,1501,-1,1500,1501,1502,-1,1502,1501,1503,-1,1502,1503,1504,-1,1504,1503,1505,-1,1504,1505,1506,-1,1506,1505,1507,-1,1506,1507,1508,-1,1508,1507,1509,-1,1508,1509,1510,-1,1510,1509,1511,-1,1510,1511,1512,-1,1512,1511,1513,-1,1512,1513,1514,-1,1514,1513,1515,-1,1514,1515,1516,-1,1516,1515,1517,-1,1516,1517,1518,-1,1518,1517,1519,-1,1518,1519,1520,-1,1520,1519,1521,-1,1520,1521,1522,-1,1522,1521,1523,-1,1522,1523,1524,-1,1524,1523,1525,-1,1524,1525,1526,-1,1526,1525,1527,-1,1526,1527,1528,-1,1528,1527,1529,-1,1528,1529,1530,-1,1530,1529,1531,-1,1530,1531,1532,-1,1532,1531,1533,-1,1532,1533,1534,-1,1534,1533,1535,-1,1534,1535,1536,-1,1536,1535,1537,-1,1536,1537,1538,-1,1538,1537,1539,-1,1538,1539,1540,-1,1540,1539,1541,-1,1540,1541,1542,-1,1542,1541,1543,-1,1542,1543,1544,-1,1544,1543,1545,-1,1544,1545,1546,-1,1546,1545,1547,-1,1546,1547,1548,-1,1548,1547,1490,-1,1548,1490,1492,-1,1534,1549,1532,-1,1532,1549,1550,-1,1532,1550,1530,-1,1530,1550,1551,-1,1530,1551,1528,-1,1528,1551,1552,-1,1528,1552,1526,-1,1526,1552,1553,-1,1526,1553,1524,-1,1524,1553,1554,-1,1524,1554,1522,-1,1522,1554,1555,-1,1522,1555,1520,-1,1520,1555,1556,-1,1520,1556,1518,-1,1518,1556,1557,-1,1518,1557,1516,-1,1516,1557,1558,-1,1516,1558,1514,-1,1514,1558,1559,-1,1514,1559,1512,-1,1512,1559,1560,-1,1512,1560,1510,-1,1510,1560,1561,-1,1510,1561,1508,-1,1508,1561,1562,-1,1508,1562,1506,-1,1506,1562,1563,-1,1506,1563,1504,-1,1504,1563,1564,-1,1504,1564,1502,-1,1502,1564,1565,-1,1502,1565,1500,-1,1500,1565,1566,-1,1500,1566,1498,-1,1498,1566,1567,-1,1498,1567,1496,-1,1496,1567,1568,-1,1496,1568,1494,-1,1494,1568,1569,-1,1494,1569,1492,-1,1492,1569,1570,-1,1492,1570,1548,-1,1548,1570,1571,-1,1548,1571,1546,-1,1546,1571,1572,-1,1546,1572,1544,-1,1544,1572,1573,-1,1544,1573,1542,-1,1542,1573,1574,-1,1542,1574,1540,-1,1540,1574,1575,-1,1540,1575,1538,-1,1538,1575,1576,-1,1538,1576,1536,-1,1536,1576,1577,-1,1536,1577,1534,-1,1534,1577,1549,-1,1577,1578,1549,-1,1549,1578,1579,-1,1549,1579,1550,-1,1550,1579,1580,-1,1550,1580,1551,-1,1551,1580,1581,-1,1551,1581,1552,-1,1552,1581,1582,-1,1552,1582,1553,-1,1553,1582,1583,-1,1553,1583,1554,-1,1554,1583,1584,-1,1554,1584,1555,-1,1555,1584,1585,-1,1555,1585,1556,-1,1556,1585,1586,-1,1556,1586,1557,-1,1557,1586,1587,-1,1557,1587,1558,-1,1558,1587,1588,-1,1558,1588,1559,-1,1559,1588,1589,-1,1559,1589,1560,-1,1560,1589,1590,-1,1560,1590,1561,-1,1561,1590,1591,-1,1561,1591,1562,-1,1562,1591,1592,-1,1562,1592,1563,-1,1563,1592,1593,-1,1563,1593,1564,-1,1564,1593,1594,-1,1564,1594,1565,-1,1565,1594,1595,-1,1565,1595,1566,-1,1566,1595,1596,-1,1566,1596,1567,-1,1567,1596,1597,-1,1567,1597,1568,-1,1568,1597,1598,-1,1568,1598,1569,-1,1569,1598,1599,-1,1569,1599,1570,-1,1570,1599,1600,-1,1570,1600,1571,-1,1571,1600,1601,-1,1571,1601,1572,-1,1572,1601,1602,-1,1572,1602,1573,-1,1573,1602,1603,-1,1573,1603,1574,-1,1574,1603,1604,-1,1574,1604,1575,-1,1575,1604,1605,-1,1575,1605,1576,-1,1576,1605,1606,-1,1576,1606,1577,-1,1577,1606,1578,-1,1606,1607,1578,-1,1578,1607,1608,-1,1578,1608,1579,-1,1579,1608,1609,-1,1579,1609,1580,-1,1580,1609,1610,-1,1580,1610,1581,-1,1581,1610,1611,-1,1581,1611,1582,-1,1582,1611,1612,-1,1582,1612,1583,-1,1583,1612,1613,-1,1583,1613,1584,-1,1584,1613,1614,-1,1584,1614,1585,-1,1585,1614,1615,-1,1585,1615,1586,-1,1586,1615,1616,-1,1586,1616,1587,-1,1587,1616,1617,-1,1587,1617,1588,-1,1588,1617,1618,-1,1588,1618,1589,-1,1589,1618,1619,-1,1589,1619,1590,-1,1590,1619,1620,-1,1590,1620,1591,-1,1591,1620,1621,-1,1591,1621,1592,-1,1592,1621,1622,-1,1592,1622,1593,-1,1593,1622,1623,-1,1593,1623,1594,-1,1594,1623,1624,-1,1594,1624,1595,-1,1595,1624,1625,-1,1595,1625,1596,-1,1596,1625,1626,-1,1596,1626,1597,-1,1597,1626,1627,-1,1597,1627,1598,-1,1598,1627,1628,-1,1598,1628,1599,-1,1599,1628,1629,-1,1599,1629,1600,-1,1600,1629,1630,-1,1600,1630,1601,-1,1601,1630,1631,-1,1601,1631,1602,-1,1602,1631,1632,-1,1602,1632,1603,-1,1603,1632,1633,-1,1603,1633,1604,-1,1604,1633,1634,-1,1604,1634,1605,-1,1605,1634,1635,-1,1605,1635,1606,-1,1606,1635,1607,-1,1635,1636,1607,-1,1607,1636,1637,-1,1607,1637,1608,-1,1608,1637,1638,-1,1608,1638,1609,-1,1609,1638,1639,-1,1609,1639,1610,-1,1610,1639,1640,-1,1610,1640,1611,-1,1611,1640,1641,-1,1611,1641,1612,-1,1612,1641,1642,-1,1612,1642,1613,-1,1613,1642,1643,-1,1613,1643,1614,-1,1614,1643,1644,-1,1614,1644,1615,-1,1615,1644,1645,-1,1615,1645,1616,-1,1616,1645,1646,-1,1616,1646,1617,-1,1617,1646,1647,-1,1617,1647,1618,-1,1618,1647,1648,-1,1618,1648,1619,-1,1619,1648,1649,-1,1619,1649,1620,-1,1620,1649,1650,-1,1620,1650,1621,-1,1621,1650,1651,-1,1621,1651,1622,-1,1622,1651,1652,-1,1622,1652,1623,-1,1623,1652,1653,-1,1623,1653,1624,-1,1624,1653,1654,-1,1624,1654,1625,-1,1625,1654,1655,-1,1625,1655,1626,-1,1626,1655,1656,-1,1626,1656,1627,-1,1627,1656,1657,-1,1627,1657,1628,-1,1628,1657,1658,-1,1628,1658,1629,-1,1629,1658,1659,-1,1629,1659,1630,-1,1630,1659,1660,-1,1630,1660,1631,-1,1631,1660,1661,-1,1631,1661,1632,-1,1632,1661,1662,-1,1632,1662,1633,-1,1633,1662,1663,-1,1633,1663,1634,-1,1634,1663,1664,-1,1634,1664,1635,-1,1635,1664,1636,-1,1664,1665,1636,-1,1636,1665,1666,-1,1636,1666,1637,-1,1637,1666,1667,-1,1637,1667,1638,-1,1638,1667,1668,-1,1638,1668,1639,-1,1639,1668,1669,-1,1639,1669,1640,-1,1640,1669,1670,-1,1640,1670,1641,-1,1641,1670,1671,-1,1641,1671,1642,-1,1642,1671,1672,-1,1642,1672,1643,-1,1643,1672,1673,-1,1643,1673,1644,-1,1644,1673,1674,-1,1644,1674,1645,-1,1645,1674,1675,-1,1645,1675,1646,-1,1646,1675,1676,-1,1646,1676,1647,-1,1647,1676,1677,-1,1647,1677,1648,-1,1648,1677,1678,-1,1648,1678,1649,-1,1649,1678,1679,-1,1649,1679,1650,-1,1650,1679,1680,-1,1650,1680,1651,-1,1651,1680,1681,-1,1651,1681,1652,-1,1652,1681,1682,-1,1652,1682,1653,-1,1653,1682,1683,-1,1653,1683,1654,-1,1654,1683,1684,-1,1654,1684,1655,-1,1655,1684,1685,-1,1655,1685,1656,-1,1656,1685,1686,-1,1656,1686,1657,-1,1657,1686,1687,-1,1657,1687,1658,-1,1658,1687,1688,-1,1658,1688,1659,-1,1659,1688,1689,-1,1659,1689,1660,-1,1660,1689,1690,-1,1660,1690,1661,-1,1661,1690,1691,-1,1661,1691,1662,-1,1662,1691,1692,-1,1662,1692,1663,-1,1663,1692,1693,-1,1663,1693,1664,-1,1664,1693,1665,-1,1693,1694,1665,-1,1665,1694,1695,-1,1665,1695,1666,-1,1666,1695,1696,-1,1666,1696,1667,-1,1667,1696,1697,-1,1667,1697,1668,-1,1668,1697,1698,-1,1668,1698,1669,-1,1669,1698,1699,-1,1669,1699,1670,-1,1670,1699,1700,-1,1670,1700,1671,-1,1671,1700,1701,-1,1671,1701,1672,-1,1672,1701,1702,-1,1672,1702,1673,-1,1673,1702,1703,-1,1673,1703,1674,-1,1674,1703,1704,-1,1674,1704,1675,-1,1675,1704,1705,-1,1675,1705,1676,-1,1676,1705,1706,-1,1676,1706,1677,-1,1677,1706,1707,-1,1677,1707,1678,-1,1678,1707,1708,-1,1678,1708,1679,-1,1679,1708,1709,-1,1679,1709,1680,-1,1680,1709,1710,-1,1680,1710,1681,-1,1681,1710,1711,-1,1681,1711,1682,-1,1682,1711,1712,-1,1682,1712,1683,-1,1683,1712,1713,-1,1683,1713,1684,-1,1684,1713,1714,-1,1684,1714,1685,-1,1685,1714,1715,-1,1685,1715,1686,-1,1686,1715,1716,-1,1686,1716,1687,-1,1687,1716,1717,-1,1687,1717,1688,-1,1688,1717,1718,-1,1688,1718,1689,-1,1689,1718,1719,-1,1689,1719,1690,-1,1690,1719,1720,-1,1690,1720,1691,-1,1691,1720,1721,-1,1691,1721,1692,-1,1692,1721,1722,-1,1692,1722,1693,-1,1693,1722,1694,-1,1722,1723,1694,-1,1694,1723,1724,-1,1694,1724,1695,-1,1695,1724,1725,-1,1695,1725,1696,-1,1696,1725,1726,-1,1696,1726,1697,-1,1697,1726,1727,-1,1697,1727,1698,-1,1698,1727,1728,-1,1698,1728,1699,-1,1699,1728,1729,-1,1699,1729,1700,-1,1700,1729,1730,-1,1700,1730,1701,-1,1701,1730,1731,-1,1701,1731,1702,-1,1702,1731,1732,-1,1702,1732,1703,-1,1703,1732,1733,-1,1703,1733,1704,-1,1704,1733,1734,-1,1704,1734,1705,-1,1705,1734,1735,-1,1705,1735,1706,-1,1706,1735,1736,-1,1706,1736,1707,-1,1707,1736,1737,-1,1707,1737,1708,-1,1708,1737,1738,-1,1708,1738,1709,-1,1709,1738,1739,-1,1709,1739,1710,-1,1710,1739,1740,-1,1710,1740,1711,-1,1711,1740,1741,-1,1711,1741,1712,-1,1712,1741,1742,-1,1712,1742,1713,-1,1713,1742,1743,-1,1713,1743,1714,-1,1714,1743,1744,-1,1714,1744,1715,-1,1715,1744,1745,-1,1715,1745,1716,-1,1716,1745,1746,-1,1716,1746,1717,-1,1717,1746,1747,-1,1717,1747,1718,-1,1718,1747,1748,-1,1718,1748,1719,-1,1719,1748,1749,-1,1719,1749,1720,-1,1720,1749,1750,-1,1720,1750,1721,-1,1721,1750,1751,-1,1721,1751,1722,-1,1722,1751,1723,-1,1751,1461,1723,-1,1723,1461,1460,-1,1723,1460,1724,-1,1724,1460,1463,-1,1724,1463,1725,-1,1725,1463,1464,-1,1725,1464,1726,-1,1726,1464,1465,-1,1726,1465,1727,-1,1727,1465,1466,-1,1727,1466,1728,-1,1728,1466,1467,-1,1728,1467,1729,-1,1729,1467,1468,-1,1729,1468,1730,-1,1730,1468,1469,-1,1730,1469,1731,-1,1731,1469,1470,-1,1731,1470,1732,-1,1732,1470,1471,-1,1732,1471,1733,-1,1733,1471,1472,-1,1733,1472,1734,-1,1734,1472,1473,-1,1734,1473,1735,-1,1735,1473,1474,-1,1735,1474,1736,-1,1736,1474,1475,-1,1736,1475,1737,-1,1737,1475,1476,-1,1737,1476,1738,-1,1738,1476,1477,-1,1738,1477,1739,-1,1739,1477,1478,-1,1739,1478,1740,-1,1740,1478,1479,-1,1740,1479,1741,-1,1741,1479,1480,-1,1741,1480,1742,-1,1742,1480,1481,-1,1742,1481,1743,-1,1743,1481,1482,-1,1743,1482,1744,-1,1744,1482,1483,-1,1744,1483,1745,-1,1745,1483,1484,-1,1745,1484,1746,-1,1746,1484,1485,-1,1746,1485,1747,-1,1747,1485,1486,-1,1747,1486,1748,-1,1748,1486,1487,-1,1748,1487,1749,-1,1749,1487,1488,-1,1749,1488,1750,-1,1750,1488,1489,-1,1750,1489,1751,-1,1751,1489,1461,-1,1752,1753,1754,-1,1752,1754,1755,-1,1756,1755,1754,-1,1757,1756,1754,-1,1758,1757,1754,-1,1759,1758,1754,-1,1760,1759,1754,-1,1761,1760,1754,-1,1762,1761,1754,-1,1763,1762,1754,-1,1764,1763,1754,-1,1765,1764,1754,-1,1766,1765,1754,-1,1767,1766,1754,-1,1768,1767,1754,-1,1769,1768,1754,-1,1770,1769,1754,-1,1771,1770,1754,-1,1772,1771,1754,-1,1773,1772,1754,-1,1774,1773,1754,-1,1775,1774,1754,-1,1776,1775,1754,-1,1777,1776,1754,-1,1778,1777,1754,-1,1779,1778,1754,-1,1780,1779,1754,-1,1781,1780,1754,-1,1753,1781,1754,-1,1782,1783,1784,-1,1784,1783,1785,-1,1784,1785,1786,-1,1786,1785,1787,-1,1786,1787,1788,-1,1788,1787,1789,-1,1788,1789,1790,-1,1790,1789,1791,-1,1790,1791,1792,-1,1792,1791,1793,-1,1792,1793,1794,-1,1794,1793,1795,-1,1794,1795,1796,-1,1796,1795,1797,-1,1796,1797,1798,-1,1798,1797,1799,-1,1798,1799,1800,-1,1800,1799,1801,-1,1800,1801,1802,-1,1802,1801,1803,-1,1802,1803,1804,-1,1804,1803,1805,-1,1804,1805,1806,-1,1806,1805,1807,-1,1806,1807,1808,-1,1808,1807,1809,-1,1808,1809,1810,-1,1810,1809,1811,-1,1810,1811,1812,-1,1812,1811,1813,-1,1812,1813,1814,-1,1814,1813,1815,-1,1814,1815,1816,-1,1816,1815,1817,-1,1816,1817,1818,-1,1818,1817,1819,-1,1818,1819,1820,-1,1820,1819,1821,-1,1820,1821,1822,-1,1822,1821,1823,-1,1822,1823,1824,-1,1824,1823,1825,-1,1824,1825,1826,-1,1826,1825,1827,-1,1826,1827,1828,-1,1828,1827,1829,-1,1828,1829,1830,-1,1830,1829,1831,-1,1830,1831,1832,-1,1832,1831,1833,-1,1832,1833,1834,-1,1834,1833,1835,-1,1834,1835,1836,-1,1836,1835,1837,-1,1836,1837,1838,-1,1838,1837,1839,-1,1838,1839,1840,-1,1840,1839,1782,-1,1840,1782,1784,-1,1826,1841,1824,-1,1824,1841,1842,-1,1824,1842,1822,-1,1822,1842,1843,-1,1822,1843,1820,-1,1820,1843,1844,-1,1820,1844,1818,-1,1818,1844,1845,-1,1818,1845,1816,-1,1816,1845,1846,-1,1816,1846,1814,-1,1814,1846,1847,-1,1814,1847,1812,-1,1812,1847,1848,-1,1812,1848,1810,-1,1810,1848,1849,-1,1810,1849,1808,-1,1808,1849,1850,-1,1808,1850,1806,-1,1806,1850,1851,-1,1806,1851,1804,-1,1804,1851,1852,-1,1804,1852,1802,-1,1802,1852,1853,-1,1802,1853,1800,-1,1800,1853,1854,-1,1800,1854,1798,-1,1798,1854,1855,-1,1798,1855,1796,-1,1796,1855,1856,-1,1796,1856,1794,-1,1794,1856,1857,-1,1794,1857,1792,-1,1792,1857,1858,-1,1792,1858,1790,-1,1790,1858,1859,-1,1790,1859,1788,-1,1788,1859,1860,-1,1788,1860,1786,-1,1786,1860,1861,-1,1786,1861,1784,-1,1784,1861,1862,-1,1784,1862,1840,-1,1840,1862,1863,-1,1840,1863,1838,-1,1838,1863,1864,-1,1838,1864,1836,-1,1836,1864,1865,-1,1836,1865,1834,-1,1834,1865,1866,-1,1834,1866,1832,-1,1832,1866,1867,-1,1832,1867,1830,-1,1830,1867,1868,-1,1830,1868,1828,-1,1828,1868,1869,-1,1828,1869,1826,-1,1826,1869,1841,-1,1869,1870,1841,-1,1841,1870,1871,-1,1841,1871,1842,-1,1842,1871,1872,-1,1842,1872,1843,-1,1843,1872,1873,-1,1843,1873,1844,-1,1844,1873,1874,-1,1844,1874,1845,-1,1845,1874,1875,-1,1845,1875,1846,-1,1846,1875,1876,-1,1846,1876,1847,-1,1847,1876,1877,-1,1847,1877,1848,-1,1848,1877,1878,-1,1848,1878,1849,-1,1849,1878,1879,-1,1849,1879,1850,-1,1850,1879,1880,-1,1850,1880,1851,-1,1851,1880,1881,-1,1851,1881,1852,-1,1852,1881,1882,-1,1852,1882,1853,-1,1853,1882,1883,-1,1853,1883,1854,-1,1854,1883,1884,-1,1854,1884,1855,-1,1855,1884,1885,-1,1855,1885,1856,-1,1856,1885,1886,-1,1856,1886,1857,-1,1857,1886,1887,-1,1857,1887,1858,-1,1858,1887,1888,-1,1858,1888,1859,-1,1859,1888,1889,-1,1859,1889,1860,-1,1860,1889,1890,-1,1860,1890,1861,-1,1861,1890,1891,-1,1861,1891,1862,-1,1862,1891,1892,-1,1862,1892,1863,-1,1863,1892,1893,-1,1863,1893,1864,-1,1864,1893,1894,-1,1864,1894,1865,-1,1865,1894,1895,-1,1865,1895,1866,-1,1866,1895,1896,-1,1866,1896,1867,-1,1867,1896,1897,-1,1867,1897,1868,-1,1868,1897,1898,-1,1868,1898,1869,-1,1869,1898,1870,-1,1898,1899,1870,-1,1870,1899,1900,-1,1870,1900,1871,-1,1871,1900,1901,-1,1871,1901,1872,-1,1872,1901,1902,-1,1872,1902,1873,-1,1873,1902,1903,-1,1873,1903,1874,-1,1874,1903,1904,-1,1874,1904,1875,-1,1875,1904,1905,-1,1875,1905,1876,-1,1876,1905,1906,-1,1876,1906,1877,-1,1877,1906,1907,-1,1877,1907,1878,-1,1878,1907,1908,-1,1878,1908,1879,-1,1879,1908,1909,-1,1879,1909,1880,-1,1880,1909,1910,-1,1880,1910,1881,-1,1881,1910,1911,-1,1881,1911,1882,-1,1882,1911,1912,-1,1882,1912,1883,-1,1883,1912,1913,-1,1883,1913,1884,-1,1884,1913,1914,-1,1884,1914,1885,-1,1885,1914,1915,-1,1885,1915,1886,-1,1886,1915,1916,-1,1886,1916,1887,-1,1887,1916,1917,-1,1887,1917,1888,-1,1888,1917,1918,-1,1888,1918,1889,-1,1889,1918,1919,-1,1889,1919,1890,-1,1890,1919,1920,-1,1890,1920,1891,-1,1891,1920,1921,-1,1891,1921,1892,-1,1892,1921,1922,-1,1892,1922,1893,-1,1893,1922,1923,-1,1893,1923,1894,-1,1894,1923,1924,-1,1894,1924,1895,-1,1895,1924,1925,-1,1895,1925,1896,-1,1896,1925,1926,-1,1896,1926,1897,-1,1897,1926,1927,-1,1897,1927,1898,-1,1898,1927,1899,-1,1927,1928,1899,-1,1899,1928,1929,-1,1899,1929,1900,-1,1900,1929,1930,-1,1900,1930,1901,-1,1901,1930,1931,-1,1901,1931,1902,-1,1902,1931,1932,-1,1902,1932,1903,-1,1903,1932,1933,-1,1903,1933,1904,-1,1904,1933,1934,-1,1904,1934,1905,-1,1905,1934,1935,-1,1905,1935,1906,-1,1906,1935,1936,-1,1906,1936,1907,-1,1907,1936,1937,-1,1907,1937,1908,-1,1908,1937,1938,-1,1908,1938,1909,-1,1909,1938,1939,-1,1909,1939,1910,-1,1910,1939,1940,-1,1910,1940,1911,-1,1911,1940,1941,-1,1911,1941,1912,-1,1912,1941,1942,-1,1912,1942,1913,-1,1913,1942,1943,-1,1913,1943,1914,-1,1914,1943,1944,-1,1914,1944,1915,-1,1915,1944,1945,-1,1915,1945,1916,-1,1916,1945,1946,-1,1916,1946,1917,-1,1917,1946,1947,-1,1917,1947,1918,-1,1918,1947,1948,-1,1918,1948,1919,-1,1919,1948,1949,-1,1919,1949,1920,-1,1920,1949,1950,-1,1920,1950,1921,-1,1921,1950,1951,-1,1921,1951,1922,-1,1922,1951,1952,-1,1922,1952,1923,-1,1923,1952,1953,-1,1923,1953,1924,-1,1924,1953,1954,-1,1924,1954,1925,-1,1925,1954,1955,-1,1925,1955,1926,-1,1926,1955,1956,-1,1926,1956,1927,-1,1927,1956,1928,-1,1956,1957,1928,-1,1928,1957,1958,-1,1928,1958,1929,-1,1929,1958,1959,-1,1929,1959,1930,-1,1930,1959,1960,-1,1930,1960,1931,-1,1931,1960,1961,-1,1931,1961,1932,-1,1932,1961,1962,-1,1932,1962,1933,-1,1933,1962,1963,-1,1933,1963,1934,-1,1934,1963,1964,-1,1934,1964,1935,-1,1935,1964,1965,-1,1935,1965,1936,-1,1936,1965,1966,-1,1936,1966,1937,-1,1937,1966,1967,-1,1937,1967,1938,-1,1938,1967,1968,-1,1938,1968,1939,-1,1939,1968,1969,-1,1939,1969,1940,-1,1940,1969,1970,-1,1940,1970,1941,-1,1941,1970,1971,-1,1941,1971,1942,-1,1942,1971,1972,-1,1942,1972,1943,-1,1943,1972,1973,-1,1943,1973,1944,-1,1944,1973,1974,-1,1944,1974,1945,-1,1945,1974,1975,-1,1945,1975,1946,-1,1946,1975,1976,-1,1946,1976,1947,-1,1947,1976,1977,-1,1947,1977,1948,-1,1948,1977,1978,-1,1948,1978,1949,-1,1949,1978,1979,-1,1949,1979,1950,-1,1950,1979,1980,-1,1950,1980,1951,-1,1951,1980,1981,-1,1951,1981,1952,-1,1952,1981,1982,-1,1952,1982,1953,-1,1953,1982,1983,-1,1953,1983,1954,-1,1954,1983,1984,-1,1954,1984,1955,-1,1955,1984,1985,-1,1955,1985,1956,-1,1956,1985,1957,-1,1985,1986,1957,-1,1957,1986,1987,-1,1957,1987,1958,-1,1958,1987,1988,-1,1958,1988,1959,-1,1959,1988,1989,-1,1959,1989,1960,-1,1960,1989,1990,-1,1960,1990,1961,-1,1961,1990,1991,-1,1961,1991,1962,-1,1962,1991,1992,-1,1962,1992,1963,-1,1963,1992,1993,-1,1963,1993,1964,-1,1964,1993,1994,-1,1964,1994,1965,-1,1965,1994,1995,-1,1965,1995,1966,-1,1966,1995,1996,-1,1966,1996,1967,-1,1967,1996,1997,-1,1967,1997,1968,-1,1968,1997,1998,-1,1968,1998,1969,-1,1969,1998,1999,-1,1969,1999,1970,-1,1970,1999,2000,-1,1970,2000,1971,-1,1971,2000,2001,-1,1971,2001,1972,-1,1972,2001,2002,-1,1972,2002,1973,-1,1973,2002,2003,-1,1973,2003,1974,-1,1974,2003,2004,-1,1974,2004,1975,-1,1975,2004,2005,-1,1975,2005,1976,-1,1976,2005,2006,-1,1976,2006,1977,-1,1977,2006,2007,-1,1977,2007,1978,-1,1978,2007,2008,-1,1978,2008,1979,-1,1979,2008,2009,-1,1979,2009,1980,-1,1980,2009,2010,-1,1980,2010,1981,-1,1981,2010,2011,-1,1981,2011,1982,-1,1982,2011,2012,-1,1982,2012,1983,-1,1983,2012,2013,-1,1983,2013,1984,-1,1984,2013,2014,-1,1984,2014,1985,-1,1985,2014,1986,-1,2014,2015,1986,-1,1986,2015,2016,-1,1986,2016,1987,-1,1987,2016,2017,-1,1987,2017,1988,-1,1988,2017,2018,-1,1988,2018,1989,-1,1989,2018,2019,-1,1989,2019,1990,-1,1990,2019,2020,-1,1990,2020,1991,-1,1991,2020,2021,-1,1991,2021,1992,-1,1992,2021,2022,-1,1992,2022,1993,-1,1993,2022,2023,-1,1993,2023,1994,-1,1994,2023,2024,-1,1994,2024,1995,-1,1995,2024,2025,-1,1995,2025,1996,-1,1996,2025,2026,-1,1996,2026,1997,-1,1997,2026,2027,-1,1997,2027,1998,-1,1998,2027,2028,-1,1998,2028,1999,-1,1999,2028,2029,-1,1999,2029,2000,-1,2000,2029,2030,-1,2000,2030,2001,-1,2001,2030,2031,-1,2001,2031,2002,-1,2002,2031,2032,-1,2002,2032,2003,-1,2003,2032,2033,-1,2003,2033,2004,-1,2004,2033,2034,-1,2004,2034,2005,-1,2005,2034,2035,-1,2005,2035,2006,-1,2006,2035,2036,-1,2006,2036,2007,-1,2007,2036,2037,-1,2007,2037,2008,-1,2008,2037,2038,-1,2008,2038,2009,-1,2009,2038,2039,-1,2009,2039,2010,-1,2010,2039,2040,-1,2010,2040,2011,-1,2011,2040,2041,-1,2011,2041,2012,-1,2012,2041,2042,-1,2012,2042,2013,-1,2013,2042,2043,-1,2013,2043,2014,-1,2014,2043,2015,-1,2043,1753,2015,-1,2015,1753,1752,-1,2015,1752,2016,-1,2016,1752,1755,-1,2016,1755,2017,-1,2017,1755,1756,-1,2017,1756,2018,-1,2018,1756,1757,-1,2018,1757,2019,-1,2019,1757,1758,-1,2019,1758,2020,-1,2020,1758,1759,-1,2020,1759,2021,-1,2021,1759,1760,-1,2021,1760,2022,-1,2022,1760,1761,-1,2022,1761,2023,-1,2023,1761,1762,-1,2023,1762,2024,-1,2024,1762,1763,-1,2024,1763,2025,-1,2025,1763,1764,-1,2025,1764,2026,-1,2026,1764,1765,-1,2026,1765,2027,-1,2027,1765,1766,-1,2027,1766,2028,-1,2028,1766,1767,-1,2028,1767,2029,-1,2029,1767,1768,-1,2029,1768,2030,-1,2030,1768,1769,-1,2030,1769,2031,-1,2031,1769,1770,-1,2031,1770,2032,-1,2032,1770,1771,-1,2032,1771,2033,-1,2033,1771,1772,-1,2033,1772,2034,-1,2034,1772,1773,-1,2034,1773,2035,-1,2035,1773,1774,-1,2035,1774,2036,-1,2036,1774,1775,-1,2036,1775,2037,-1,2037,1775,1776,-1,2037,1776,2038,-1,2038,1776,1777,-1,2038,1777,2039,-1,2039,1777,1778,-1,2039,1778,2040,-1,2040,1778,1779,-1,2040,1779,2041,-1,2041,1779,1780,-1,2041,1780,2042,-1,2042,1780,1781,-1,2042,1781,2043,-1,2043,1781,1753,-1,2044,2045,2046,-1,2044,2046,2047,-1,2048,2047,2046,-1,2049,2048,2046,-1,2050,2049,2046,-1,2051,2050,2046,-1,2052,2051,2046,-1,2053,2052,2046,-1,2054,2053,2046,-1,2055,2054,2046,-1,2056,2055,2046,-1,2057,2056,2046,-1,2058,2057,2046,-1,2059,2058,2046,-1,2060,2059,2046,-1,2061,2060,2046,-1,2062,2061,2046,-1,2063,2062,2046,-1,2064,2063,2046,-1,2065,2064,2046,-1,2066,2065,2046,-1,2067,2066,2046,-1,2068,2067,2046,-1,2069,2068,2046,-1,2070,2069,2046,-1,2071,2070,2046,-1,2072,2071,2046,-1,2073,2072,2046,-1,2045,2073,2046,-1,2074,2075,2076,-1,2076,2075,2077,-1,2076,2077,2078,-1,2078,2077,2079,-1,2078,2079,2080,-1,2080,2079,2081,-1,2080,2081,2082,-1,2082,2081,2083,-1,2082,2083,2084,-1,2084,2083,2085,-1,2084,2085,2086,-1,2086,2085,2087,-1,2086,2087,2088,-1,2088,2087,2089,-1,2088,2089,2090,-1,2090,2089,2091,-1,2090,2091,2092,-1,2092,2091,2093,-1,2092,2093,2094,-1,2094,2093,2095,-1,2094,2095,2096,-1,2096,2095,2097,-1,2096,2097,2098,-1,2098,2097,2099,-1,2098,2099,2100,-1,2100,2099,2101,-1,2100,2101,2102,-1,2102,2101,2103,-1,2102,2103,2104,-1,2104,2103,2105,-1,2104,2105,2106,-1,2106,2105,2107,-1,2106,2107,2108,-1,2108,2107,2109,-1,2108,2109,2110,-1,2110,2109,2111,-1,2110,2111,2112,-1,2112,2111,2113,-1,2112,2113,2114,-1,2114,2113,2115,-1,2114,2115,2116,-1,2116,2115,2117,-1,2116,2117,2118,-1,2118,2117,2119,-1,2118,2119,2120,-1,2120,2119,2121,-1,2120,2121,2122,-1,2122,2121,2123,-1,2122,2123,2124,-1,2124,2123,2125,-1,2124,2125,2126,-1,2126,2125,2127,-1,2126,2127,2128,-1,2128,2127,2129,-1,2128,2129,2130,-1,2130,2129,2131,-1,2130,2131,2132,-1,2132,2131,2074,-1,2132,2074,2076,-1,2118,2133,2116,-1,2116,2133,2134,-1,2116,2134,2114,-1,2114,2134,2135,-1,2114,2135,2112,-1,2112,2135,2136,-1,2112,2136,2110,-1,2110,2136,2137,-1,2110,2137,2108,-1,2108,2137,2138,-1,2108,2138,2106,-1,2106,2138,2139,-1,2106,2139,2104,-1,2104,2139,2140,-1,2104,2140,2102,-1,2102,2140,2141,-1,2102,2141,2100,-1,2100,2141,2142,-1,2100,2142,2098,-1,2098,2142,2143,-1,2098,2143,2096,-1,2096,2143,2144,-1,2096,2144,2094,-1,2094,2144,2145,-1,2094,2145,2092,-1,2092,2145,2146,-1,2092,2146,2090,-1,2090,2146,2147,-1,2090,2147,2088,-1,2088,2147,2148,-1,2088,2148,2086,-1,2086,2148,2149,-1,2086,2149,2084,-1,2084,2149,2150,-1,2084,2150,2082,-1,2082,2150,2151,-1,2082,2151,2080,-1,2080,2151,2152,-1,2080,2152,2078,-1,2078,2152,2153,-1,2078,2153,2076,-1,2076,2153,2154,-1,2076,2154,2132,-1,2132,2154,2155,-1,2132,2155,2130,-1,2130,2155,2156,-1,2130,2156,2128,-1,2128,2156,2157,-1,2128,2157,2126,-1,2126,2157,2158,-1,2126,2158,2124,-1,2124,2158,2159,-1,2124,2159,2122,-1,2122,2159,2160,-1,2122,2160,2120,-1,2120,2160,2161,-1,2120,2161,2118,-1,2118,2161,2133,-1,2161,2162,2133,-1,2133,2162,2163,-1,2133,2163,2134,-1,2134,2163,2164,-1,2134,2164,2135,-1,2135,2164,2165,-1,2135,2165,2136,-1,2136,2165,2166,-1,2136,2166,2137,-1,2137,2166,2167,-1,2137,2167,2138,-1,2138,2167,2168,-1,2138,2168,2139,-1,2139,2168,2169,-1,2139,2169,2140,-1,2140,2169,2170,-1,2140,2170,2141,-1,2141,2170,2171,-1,2141,2171,2142,-1,2142,2171,2172,-1,2142,2172,2143,-1,2143,2172,2173,-1,2143,2173,2144,-1,2144,2173,2174,-1,2144,2174,2145,-1,2145,2174,2175,-1,2145,2175,2146,-1,2146,2175,2176,-1,2146,2176,2147,-1,2147,2176,2177,-1,2147,2177,2148,-1,2148,2177,2178,-1,2148,2178,2149,-1,2149,2178,2179,-1,2149,2179,2150,-1,2150,2179,2180,-1,2150,2180,2151,-1,2151,2180,2181,-1,2151,2181,2152,-1,2152,2181,2182,-1,2152,2182,2153,-1,2153,2182,2183,-1,2153,2183,2154,-1,2154,2183,2184,-1,2154,2184,2155,-1,2155,2184,2185,-1,2155,2185,2156,-1,2156,2185,2186,-1,2156,2186,2157,-1,2157,2186,2187,-1,2157,2187,2158,-1,2158,2187,2188,-1,2158,2188,2159,-1,2159,2188,2189,-1,2159,2189,2160,-1,2160,2189,2190,-1,2160,2190,2161,-1,2161,2190,2162,-1,2190,2191,2162,-1,2162,2191,2192,-1,2162,2192,2163,-1,2163,2192,2193,-1,2163,2193,2164,-1,2164,2193,2194,-1,2164,2194,2165,-1,2165,2194,2195,-1,2165,2195,2166,-1,2166,2195,2196,-1,2166,2196,2167,-1,2167,2196,2197,-1,2167,2197,2168,-1,2168,2197,2198,-1,2168,2198,2169,-1,2169,2198,2199,-1,2169,2199,2170,-1,2170,2199,2200,-1,2170,2200,2171,-1,2171,2200,2201,-1,2171,2201,2172,-1,2172,2201,2202,-1,2172,2202,2173,-1,2173,2202,2203,-1,2173,2203,2174,-1,2174,2203,2204,-1,2174,2204,2175,-1,2175,2204,2205,-1,2175,2205,2176,-1,2176,2205,2206,-1,2176,2206,2177,-1,2177,2206,2207,-1,2177,2207,2178,-1,2178,2207,2208,-1,2178,2208,2179,-1,2179,2208,2209,-1,2179,2209,2180,-1,2180,2209,2210,-1,2180,2210,2181,-1,2181,2210,2211,-1,2181,2211,2182,-1,2182,2211,2212,-1,2182,2212,2183,-1,2183,2212,2213,-1,2183,2213,2184,-1,2184,2213,2214,-1,2184,2214,2185,-1,2185,2214,2215,-1,2185,2215,2186,-1,2186,2215,2216,-1,2186,2216,2187,-1,2187,2216,2217,-1,2187,2217,2188,-1,2188,2217,2218,-1,2188,2218,2189,-1,2189,2218,2219,-1,2189,2219,2190,-1,2190,2219,2191,-1,2219,2220,2191,-1,2191,2220,2221,-1,2191,2221,2192,-1,2192,2221,2222,-1,2192,2222,2193,-1,2193,2222,2223,-1,2193,2223,2194,-1,2194,2223,2224,-1,2194,2224,2195,-1,2195,2224,2225,-1,2195,2225,2196,-1,2196,2225,2226,-1,2196,2226,2197,-1,2197,2226,2227,-1,2197,2227,2198,-1,2198,2227,2228,-1,2198,2228,2199,-1,2199,2228,2229,-1,2199,2229,2200,-1,2200,2229,2230,-1,2200,2230,2201,-1,2201,2230,2231,-1,2201,2231,2202,-1,2202,2231,2232,-1,2202,2232,2203,-1,2203,2232,2233,-1,2203,2233,2204,-1,2204,2233,2234,-1,2204,2234,2205,-1,2205,2234,2235,-1,2205,2235,2206,-1,2206,2235,2236,-1,2206,2236,2207,-1,2207,2236,2237,-1,2207,2237,2208,-1,2208,2237,2238,-1,2208,2238,2209,-1,2209,2238,2239,-1,2209,2239,2210,-1,2210,2239,2240,-1,2210,2240,2211,-1,2211,2240,2241,-1,2211,2241,2212,-1,2212,2241,2242,-1,2212,2242,2213,-1,2213,2242,2243,-1,2213,2243,2214,-1,2214,2243,2244,-1,2214,2244,2215,-1,2215,2244,2245,-1,2215,2245,2216,-1,2216,2245,2246,-1,2216,2246,2217,-1,2217,2246,2247,-1,2217,2247,2218,-1,2218,2247,2248,-1,2218,2248,2219,-1,2219,2248,2220,-1,2248,2249,2220,-1,2220,2249,2250,-1,2220,2250,2221,-1,2221,2250,2251,-1,2221,2251,2222,-1,2222,2251,2252,-1,2222,2252,2223,-1,2223,2252,2253,-1,2223,2253,2224,-1,2224,2253,2254,-1,2224,2254,2225,-1,2225,2254,2255,-1,2225,2255,2226,-1,2226,2255,2256,-1,2226,2256,2227,-1,2227,2256,2257,-1,2227,2257,2228,-1,2228,2257,2258,-1,2228,2258,2229,-1,2229,2258,2259,-1,2229,2259,2230,-1,2230,2259,2260,-1,2230,2260,2231,-1,2231,2260,2261,-1,2231,2261,2232,-1,2232,2261,2262,-1,2232,2262,2233,-1,2233,2262,2263,-1,2233,2263,2234,-1,2234,2263,2264,-1,2234,2264,2235,-1,2235,2264,2265,-1,2235,2265,2236,-1,2236,2265,2266,-1,2236,2266,2237,-1,2237,2266,2267,-1,2237,2267,2238,-1,2238,2267,2268,-1,2238,2268,2239,-1,2239,2268,2269,-1,2239,2269,2240,-1,2240,2269,2270,-1,2240,2270,2241,-1,2241,2270,2271,-1,2241,2271,2242,-1,2242,2271,2272,-1,2242,2272,2243,-1,2243,2272,2273,-1,2243,2273,2244,-1,2244,2273,2274,-1,2244,2274,2245,-1,2245,2274,2275,-1,2245,2275,2246,-1,2246,2275,2276,-1,2246,2276,2247,-1,2247,2276,2277,-1,2247,2277,2248,-1,2248,2277,2249,-1,2277,2278,2249,-1,2249,2278,2279,-1,2249,2279,2250,-1,2250,2279,2280,-1,2250,2280,2251,-1,2251,2280,2281,-1,2251,2281,2252,-1,2252,2281,2282,-1,2252,2282,2253,-1,2253,2282,2283,-1,2253,2283,2254,-1,2254,2283,2284,-1,2254,2284,2255,-1,2255,2284,2285,-1,2255,2285,2256,-1,2256,2285,2286,-1,2256,2286,2257,-1,2257,2286,2287,-1,2257,2287,2258,-1,2258,2287,2288,-1,2258,2288,2259,-1,2259,2288,2289,-1,2259,2289,2260,-1,2260,2289,2290,-1,2260,2290,2261,-1,2261,2290,2291,-1,2261,2291,2262,-1,2262,2291,2292,-1,2262,2292,2263,-1,2263,2292,2293,-1,2263,2293,2264,-1,2264,2293,2294,-1,2264,2294,2265,-1,2265,2294,2295,-1,2265,2295,2266,-1,2266,2295,2296,-1,2266,2296,2267,-1,2267,2296,2297,-1,2267,2297,2268,-1,2268,2297,2298,-1,2268,2298,2269,-1,2269,2298,2299,-1,2269,2299,2270,-1,2270,2299,2300,-1,2270,2300,2271,-1,2271,2300,2301,-1,2271,2301,2272,-1,2272,2301,2302,-1,2272,2302,2273,-1,2273,2302,2303,-1,2273,2303,2274,-1,2274,2303,2304,-1,2274,2304,2275,-1,2275,2304,2305,-1,2275,2305,2276,-1,2276,2305,2306,-1,2276,2306,2277,-1,2277,2306,2278,-1,2306,2307,2278,-1,2278,2307,2308,-1,2278,2308,2279,-1,2279,2308,2309,-1,2279,2309,2280,-1,2280,2309,2310,-1,2280,2310,2281,-1,2281,2310,2311,-1,2281,2311,2282,-1,2282,2311,2312,-1,2282,2312,2283,-1,2283,2312,2313,-1,2283,2313,2284,-1,2284,2313,2314,-1,2284,2314,2285,-1,2285,2314,2315,-1,2285,2315,2286,-1,2286,2315,2316,-1,2286,2316,2287,-1,2287,2316,2317,-1,2287,2317,2288,-1,2288,2317,2318,-1,2288,2318,2289,-1,2289,2318,2319,-1,2289,2319,2290,-1,2290,2319,2320,-1,2290,2320,2291,-1,2291,2320,2321,-1,2291,2321,2292,-1,2292,2321,2322,-1,2292,2322,2293,-1,2293,2322,2323,-1,2293,2323,2294,-1,2294,2323,2324,-1,2294,2324,2295,-1,2295,2324,2325,-1,2295,2325,2296,-1,2296,2325,2326,-1,2296,2326,2297,-1,2297,2326,2327,-1,2297,2327,2298,-1,2298,2327,2328,-1,2298,2328,2299,-1,2299,2328,2329,-1,2299,2329,2300,-1,2300,2329,2330,-1,2300,2330,2301,-1,2301,2330,2331,-1,2301,2331,2302,-1,2302,2331,2332,-1,2302,2332,2303,-1,2303,2332,2333,-1,2303,2333,2304,-1,2304,2333,2334,-1,2304,2334,2305,-1,2305,2334,2335,-1,2305,2335,2306,-1,2306,2335,2307,-1,2335,2045,2307,-1,2307,2045,2044,-1,2307,2044,2308,-1,2308,2044,2047,-1,2308,2047,2309,-1,2309,2047,2048,-1,2309,2048,2310,-1,2310,2048,2049,-1,2310,2049,2311,-1,2311,2049,2050,-1,2311,2050,2312,-1,2312,2050,2051,-1,2312,2051,2313,-1,2313,2051,2052,-1,2313,2052,2314,-1,2314,2052,2053,-1,2314,2053,2315,-1,2315,2053,2054,-1,2315,2054,2316,-1,2316,2054,2055,-1,2316,2055,2317,-1,2317,2055,2056,-1,2317,2056,2318,-1,2318,2056,2057,-1,2318,2057,2319,-1,2319,2057,2058,-1,2319,2058,2320,-1,2320,2058,2059,-1,2320,2059,2321,-1,2321,2059,2060,-1,2321,2060,2322,-1,2322,2060,2061,-1,2322,2061,2323,-1,2323,2061,2062,-1,2323,2062,2324,-1,2324,2062,2063,-1,2324,2063,2325,-1,2325,2063,2064,-1,2325,2064,2326,-1,2326,2064,2065,-1,2326,2065,2327,-1,2327,2065,2066,-1,2327,2066,2328,-1,2328,2066,2067,-1,2328,2067,2329,-1,2329,2067,2068,-1,2329,2068,2330,-1,2330,2068,2069,-1,2330,2069,2331,-1,2331,2069,2070,-1,2331,2070,2332,-1,2332,2070,2071,-1,2332,2071,2333,-1,2333,2071,2072,-1,2333,2072,2334,-1,2334,2072,2073,-1,2334,2073,2335,-1,2335,2073,2045,-1,2336,2337,2338,-1,2336,2338,2339,-1,2340,2339,2338,-1,2341,2340,2338,-1,2342,2341,2338,-1,2343,2342,2338,-1,2344,2343,2338,-1,2345,2344,2338,-1,2346,2345,2338,-1,2347,2346,2338,-1,2348,2347,2338,-1,2349,2348,2338,-1,2350,2349,2338,-1,2351,2350,2338,-1,2352,2351,2338,-1,2353,2352,2338,-1,2354,2353,2338,-1,2355,2354,2338,-1,2356,2355,2338,-1,2357,2356,2338,-1,2358,2357,2338,-1,2359,2358,2338,-1,2360,2359,2338,-1,2361,2360,2338,-1,2362,2361,2338,-1,2363,2362,2338,-1,2364,2363,2338,-1,2365,2364,2338,-1,2337,2365,2338,-1,2366,2367,2368,-1,2368,2367,2369,-1,2368,2369,2370,-1,2370,2369,2371,-1,2370,2371,2372,-1,2372,2371,2373,-1,2372,2373,2374,-1,2374,2373,2375,-1,2374,2375,2376,-1,2376,2375,2377,-1,2376,2377,2378,-1,2378,2377,2379,-1,2378,2379,2380,-1,2380,2379,2381,-1,2380,2381,2382,-1,2382,2381,2383,-1,2382,2383,2384,-1,2384,2383,2385,-1,2384,2385,2386,-1,2386,2385,2387,-1,2386,2387,2388,-1,2388,2387,2389,-1,2388,2389,2390,-1,2390,2389,2391,-1,2390,2391,2392,-1,2392,2391,2393,-1,2392,2393,2394,-1,2394,2393,2395,-1,2394,2395,2396,-1,2396,2395,2397,-1,2396,2397,2398,-1,2398,2397,2399,-1,2398,2399,2400,-1,2400,2399,2401,-1,2400,2401,2402,-1,2402,2401,2403,-1,2402,2403,2404,-1,2404,2403,2405,-1,2404,2405,2406,-1,2406,2405,2407,-1,2406,2407,2408,-1,2408,2407,2409,-1,2408,2409,2410,-1,2410,2409,2411,-1,2410,2411,2412,-1,2412,2411,2413,-1,2412,2413,2414,-1,2414,2413,2415,-1,2414,2415,2416,-1,2416,2415,2417,-1,2416,2417,2418,-1,2418,2417,2419,-1,2418,2419,2420,-1,2420,2419,2421,-1,2420,2421,2422,-1,2422,2421,2423,-1,2422,2423,2424,-1,2424,2423,2366,-1,2424,2366,2368,-1,2410,2425,2408,-1,2408,2425,2426,-1,2408,2426,2406,-1,2406,2426,2427,-1,2406,2427,2404,-1,2404,2427,2428,-1,2404,2428,2402,-1,2402,2428,2429,-1,2402,2429,2400,-1,2400,2429,2430,-1,2400,2430,2398,-1,2398,2430,2431,-1,2398,2431,2396,-1,2396,2431,2432,-1,2396,2432,2394,-1,2394,2432,2433,-1,2394,2433,2392,-1,2392,2433,2434,-1,2392,2434,2390,-1,2390,2434,2435,-1,2390,2435,2388,-1,2388,2435,2436,-1,2388,2436,2386,-1,2386,2436,2437,-1,2386,2437,2384,-1,2384,2437,2438,-1,2384,2438,2382,-1,2382,2438,2439,-1,2382,2439,2380,-1,2380,2439,2440,-1,2380,2440,2378,-1,2378,2440,2441,-1,2378,2441,2376,-1,2376,2441,2442,-1,2376,2442,2374,-1,2374,2442,2443,-1,2374,2443,2372,-1,2372,2443,2444,-1,2372,2444,2370,-1,2370,2444,2445,-1,2370,2445,2368,-1,2368,2445,2446,-1,2368,2446,2424,-1,2424,2446,2447,-1,2424,2447,2422,-1,2422,2447,2448,-1,2422,2448,2420,-1,2420,2448,2449,-1,2420,2449,2418,-1,2418,2449,2450,-1,2418,2450,2416,-1,2416,2450,2451,-1,2416,2451,2414,-1,2414,2451,2452,-1,2414,2452,2412,-1,2412,2452,2453,-1,2412,2453,2410,-1,2410,2453,2425,-1,2453,2454,2425,-1,2425,2454,2455,-1,2425,2455,2426,-1,2426,2455,2456,-1,2426,2456,2427,-1,2427,2456,2457,-1,2427,2457,2428,-1,2428,2457,2458,-1,2428,2458,2429,-1,2429,2458,2459,-1,2429,2459,2430,-1,2430,2459,2460,-1,2430,2460,2431,-1,2431,2460,2461,-1,2431,2461,2432,-1,2432,2461,2462,-1,2432,2462,2433,-1,2433,2462,2463,-1,2433,2463,2434,-1,2434,2463,2464,-1,2434,2464,2435,-1,2435,2464,2465,-1,2435,2465,2436,-1,2436,2465,2466,-1,2436,2466,2437,-1,2437,2466,2467,-1,2437,2467,2438,-1,2438,2467,2468,-1,2438,2468,2439,-1,2439,2468,2469,-1,2439,2469,2440,-1,2440,2469,2470,-1,2440,2470,2441,-1,2441,2470,2471,-1,2441,2471,2442,-1,2442,2471,2472,-1,2442,2472,2443,-1,2443,2472,2473,-1,2443,2473,2444,-1,2444,2473,2474,-1,2444,2474,2445,-1,2445,2474,2475,-1,2445,2475,2446,-1,2446,2475,2476,-1,2446,2476,2447,-1,2447,2476,2477,-1,2447,2477,2448,-1,2448,2477,2478,-1,2448,2478,2449,-1,2449,2478,2479,-1,2449,2479,2450,-1,2450,2479,2480,-1,2450,2480,2451,-1,2451,2480,2481,-1,2451,2481,2452,-1,2452,2481,2482,-1,2452,2482,2453,-1,2453,2482,2454,-1,2482,2483,2454,-1,2454,2483,2484,-1,2454,2484,2455,-1,2455,2484,2485,-1,2455,2485,2456,-1,2456,2485,2486,-1,2456,2486,2457,-1,2457,2486,2487,-1,2457,2487,2458,-1,2458,2487,2488,-1,2458,2488,2459,-1,2459,2488,2489,-1,2459,2489,2460,-1,2460,2489,2490,-1,2460,2490,2461,-1,2461,2490,2491,-1,2461,2491,2462,-1,2462,2491,2492,-1,2462,2492,2463,-1,2463,2492,2493,-1,2463,2493,2464,-1,2464,2493,2494,-1,2464,2494,2465,-1,2465,2494,2495,-1,2465,2495,2466,-1,2466,2495,2496,-1,2466,2496,2467,-1,2467,2496,2497,-1,2467,2497,2468,-1,2468,2497,2498,-1,2468,2498,2469,-1,2469,2498,2499,-1,2469,2499,2470,-1,2470,2499,2500,-1,2470,2500,2471,-1,2471,2500,2501,-1,2471,2501,2472,-1,2472,2501,2502,-1,2472,2502,2473,-1,2473,2502,2503,-1,2473,2503,2474,-1,2474,2503,2504,-1,2474,2504,2475,-1,2475,2504,2505,-1,2475,2505,2476,-1,2476,2505,2506,-1,2476,2506,2477,-1,2477,2506,2507,-1,2477,2507,2478,-1,2478,2507,2508,-1,2478,2508,2479,-1,2479,2508,2509,-1,2479,2509,2480,-1,2480,2509,2510,-1,2480,2510,2481,-1,2481,2510,2511,-1,2481,2511,2482,-1,2482,2511,2483,-1,2511,2512,2483,-1,2483,2512,2513,-1,2483,2513,2484,-1,2484,2513,2514,-1,2484,2514,2485,-1,2485,2514,2515,-1,2485,2515,2486,-1,2486,2515,2516,-1,2486,2516,2487,-1,2487,2516,2517,-1,2487,2517,2488,-1,2488,2517,2518,-1,2488,2518,2489,-1,2489,2518,2519,-1,2489,2519,2490,-1,2490,2519,2520,-1,2490,2520,2491,-1,2491,2520,2521,-1,2491,2521,2492,-1,2492,2521,2522,-1,2492,2522,2493,-1,2493,2522,2523,-1,2493,2523,2494,-1,2494,2523,2524,-1,2494,2524,2495,-1,2495,2524,2525,-1,2495,2525,2496,-1,2496,2525,2526,-1,2496,2526,2497,-1,2497,2526,2527,-1,2497,2527,2498,-1,2498,2527,2528,-1,2498,2528,2499,-1,2499,2528,2529,-1,2499,2529,2500,-1,2500,2529,2530,-1,2500,2530,2501,-1,2501,2530,2531,-1,2501,2531,2502,-1,2502,2531,2532,-1,2502,2532,2503,-1,2503,2532,2533,-1,2503,2533,2504,-1,2504,2533,2534,-1,2504,2534,2505,-1,2505,2534,2535,-1,2505,2535,2506,-1,2506,2535,2536,-1,2506,2536,2507,-1,2507,2536,2537,-1,2507,2537,2508,-1,2508,2537,2538,-1,2508,2538,2509,-1,2509,2538,2539,-1,2509,2539,2510,-1,2510,2539,2540,-1,2510,2540,2511,-1,2511,2540,2512,-1,2540,2541,2512,-1,2512,2541,2542,-1,2512,2542,2513,-1,2513,2542,2543,-1,2513,2543,2514,-1,2514,2543,2544,-1,2514,2544,2515,-1,2515,2544,2545,-1,2515,2545,2516,-1,2516,2545,2546,-1,2516,2546,2517,-1,2517,2546,2547,-1,2517,2547,2518,-1,2518,2547,2548,-1,2518,2548,2519,-1,2519,2548,2549,-1,2519,2549,2520,-1,2520,2549,2550,-1,2520,2550,2521,-1,2521,2550,2551,-1,2521,2551,2522,-1,2522,2551,2552,-1,2522,2552,2523,-1,2523,2552,2553,-1,2523,2553,2524,-1,2524,2553,2554,-1,2524,2554,2525,-1,2525,2554,2555,-1,2525,2555,2526,-1,2526,2555,2556,-1,2526,2556,2527,-1,2527,2556,2557,-1,2527,2557,2528,-1,2528,2557,2558,-1,2528,2558,2529,-1,2529,2558,2559,-1,2529,2559,2530,-1,2530,2559,2560,-1,2530,2560,2531,-1,2531,2560,2561,-1,2531,2561,2532,-1,2532,2561,2562,-1,2532,2562,2533,-1,2533,2562,2563,-1,2533,2563,2534,-1,2534,2563,2564,-1,2534,2564,2535,-1,2535,2564,2565,-1,2535,2565,2536,-1,2536,2565,2566,-1,2536,2566,2537,-1,2537,2566,2567,-1,2537,2567,2538,-1,2538,2567,2568,-1,2538,2568,2539,-1,2539,2568,2569,-1,2539,2569,2540,-1,2540,2569,2541,-1,2569,2570,2541,-1,2541,2570,2571,-1,2541,2571,2542,-1,2542,2571,2572,-1,2542,2572,2543,-1,2543,2572,2573,-1,2543,2573,2544,-1,2544,2573,2574,-1,2544,2574,2545,-1,2545,2574,2575,-1,2545,2575,2546,-1,2546,2575,2576,-1,2546,2576,2547,-1,2547,2576,2577,-1,2547,2577,2548,-1,2548,2577,2578,-1,2548,2578,2549,-1,2549,2578,2579,-1,2549,2579,2550,-1,2550,2579,2580,-1,2550,2580,2551,-1,2551,2580,2581,-1,2551,2581,2552,-1,2552,2581,2582,-1,2552,2582,2553,-1,2553,2582,2583,-1,2553,2583,2554,-1,2554,2583,2584,-1,2554,2584,2555,-1,2555,2584,2585,-1,2555,2585,2556,-1,2556,2585,2586,-1,2556,2586,2557,-1,2557,2586,2587,-1,2557,2587,2558,-1,2558,2587,2588,-1,2558,2588,2559,-1,2559,2588,2589,-1,2559,2589,2560,-1,2560,2589,2590,-1,2560,2590,2561,-1,2561,2590,2591,-1,2561,2591,2562,-1,2562,2591,2592,-1,2562,2592,2563,-1,2563,2592,2593,-1,2563,2593,2564,-1,2564,2593,2594,-1,2564,2594,2565,-1,2565,2594,2595,-1,2565,2595,2566,-1,2566,2595,2596,-1,2566,2596,2567,-1,2567,2596,2597,-1,2567,2597,2568,-1,2568,2597,2598,-1,2568,2598,2569,-1,2569,2598,2570,-1,2598,2599,2570,-1,2570,2599,2600,-1,2570,2600,2571,-1,2571,2600,2601,-1,2571,2601,2572,-1,2572,2601,2602,-1,2572,2602,2573,-1,2573,2602,2603,-1,2573,2603,2574,-1,2574,2603,2604,-1,2574,2604,2575,-1,2575,2604,2605,-1,2575,2605,2576,-1,2576,2605,2606,-1,2576,2606,2577,-1,2577,2606,2607,-1,2577,2607,2578,-1,2578,2607,2608,-1,2578,2608,2579,-1,2579,2608,2609,-1,2579,2609,2580,-1,2580,2609,2610,-1,2580,2610,2581,-1,2581,2610,2611,-1,2581,2611,2582,-1,2582,2611,2612,-1,2582,2612,2583,-1,2583,2612,2613,-1,2583,2613,2584,-1,2584,2613,2614,-1,2584,2614,2585,-1,2585,2614,2615,-1,2585,2615,2586,-1,2586,2615,2616,-1,2586,2616,2587,-1,2587,2616,2617,-1,2587,2617,2588,-1,2588,2617,2618,-1,2588,2618,2589,-1,2589,2618,2619,-1,2589,2619,2590,-1,2590,2619,2620,-1,2590,2620,2591,-1,2591,2620,2621,-1,2591,2621,2592,-1,2592,2621,2622,-1,2592,2622,2593,-1,2593,2622,2623,-1,2593,2623,2594,-1,2594,2623,2624,-1,2594,2624,2595,-1,2595,2624,2625,-1,2595,2625,2596,-1,2596,2625,2626,-1,2596,2626,2597,-1,2597,2626,2627,-1,2597,2627,2598,-1,2598,2627,2599,-1,2627,2337,2599,-1,2599,2337,2336,-1,2599,2336,2600,-1,2600,2336,2339,-1,2600,2339,2601,-1,2601,2339,2340,-1,2601,2340,2602,-1,2602,2340,2341,-1,2602,2341,2603,-1,2603,2341,2342,-1,2603,2342,2604,-1,2604,2342,2343,-1,2604,2343,2605,-1,2605,2343,2344,-1,2605,2344,2606,-1,2606,2344,2345,-1,2606,2345,2607,-1,2607,2345,2346,-1,2607,2346,2608,-1,2608,2346,2347,-1,2608,2347,2609,-1,2609,2347,2348,-1,2609,2348,2610,-1,2610,2348,2349,-1,2610,2349,2611,-1,2611,2349,2350,-1,2611,2350,2612,-1,2612,2350,2351,-1,2612,2351,2613,-1,2613,2351,2352,-1,2613,2352,2614,-1,2614,2352,2353,-1,2614,2353,2615,-1,2615,2353,2354,-1,2615,2354,2616,-1,2616,2354,2355,-1,2616,2355,2617,-1,2617,2355,2356,-1,2617,2356,2618,-1,2618,2356,2357,-1,2618,2357,2619,-1,2619,2357,2358,-1,2619,2358,2620,-1,2620,2358,2359,-1,2620,2359,2621,-1,2621,2359,2360,-1,2621,2360,2622,-1,2622,2360,2361,-1,2622,2361,2623,-1,2623,2361,2362,-1,2623,2362,2624,-1,2624,2362,2363,-1,2624,2363,2625,-1,2625,2363,2364,-1,2625,2364,2626,-1,2626,2364,2365,-1,2626,2365,2627,-1,2627,2365,2337,-1,2628,2629,2630,-1,2628,2630,2631,-1,2632,2631,2630,-1,2633,2632,2630,-1,2634,2633,2630,-1,2635,2634,2630,-1,2636,2635,2630,-1,2637,2636,2630,-1,2638,2637,2630,-1,2639,2638,2630,-1,2640,2639,2630,-1,2641,2640,2630,-1,2642,2641,2630,-1,2643,2642,2630,-1,2644,2643,2630,-1,2645,2644,2630,-1,2646,2645,2630,-1,2647,2646,2630,-1,2648,2647,2630,-1,2649,2648,2630,-1,2650,2649,2630,-1,2651,2650,2630,-1,2652,2651,2630,-1,2653,2652,2630,-1,2654,2653,2630,-1,2655,2654,2630,-1,2656,2655,2630,-1,2657,2656,2630,-1,2629,2657,2630,-1,2658,2659,2660,-1,2660,2659,2661,-1,2660,2661,2662,-1,2662,2661,2663,-1,2662,2663,2664,-1,2664,2663,2665,-1,2664,2665,2666,-1,2666,2665,2667,-1,2666,2667,2668,-1,2668,2667,2669,-1,2668,2669,2670,-1,2670,2669,2671,-1,2670,2671,2672,-1,2672,2671,2673,-1,2672,2673,2674,-1,2674,2673,2675,-1,2674,2675,2676,-1,2676,2675,2677,-1,2676,2677,2678,-1,2678,2677,2679,-1,2678,2679,2680,-1,2680,2679,2681,-1,2680,2681,2682,-1,2682,2681,2683,-1,2682,2683,2684,-1,2684,2683,2685,-1,2684,2685,2686,-1,2686,2685,2687,-1,2686,2687,2688,-1,2688,2687,2689,-1,2688,2689,2690,-1,2690,2689,2691,-1,2690,2691,2692,-1,2692,2691,2693,-1,2692,2693,2694,-1,2694,2693,2695,-1,2694,2695,2696,-1,2696,2695,2697,-1,2696,2697,2698,-1,2698,2697,2699,-1,2698,2699,2700,-1,2700,2699,2701,-1,2700,2701,2702,-1,2702,2701,2703,-1,2702,2703,2704,-1,2704,2703,2705,-1,2704,2705,2706,-1,2706,2705,2707,-1,2706,2707,2708,-1,2708,2707,2709,-1,2708,2709,2710,-1,2710,2709,2711,-1,2710,2711,2712,-1,2712,2711,2713,-1,2712,2713,2714,-1,2714,2713,2715,-1,2714,2715,2716,-1,2716,2715,2658,-1,2716,2658,2660,-1,2702,2717,2700,-1,2700,2717,2718,-1,2700,2718,2698,-1,2698,2718,2719,-1,2698,2719,2696,-1,2696,2719,2720,-1,2696,2720,2694,-1,2694,2720,2721,-1,2694,2721,2692,-1,2692,2721,2722,-1,2692,2722,2690,-1,2690,2722,2723,-1,2690,2723,2688,-1,2688,2723,2724,-1,2688,2724,2686,-1,2686,2724,2725,-1,2686,2725,2684,-1,2684,2725,2726,-1,2684,2726,2682,-1,2682,2726,2727,-1,2682,2727,2680,-1,2680,2727,2728,-1,2680,2728,2678,-1,2678,2728,2729,-1,2678,2729,2676,-1,2676,2729,2730,-1,2676,2730,2674,-1,2674,2730,2731,-1,2674,2731,2672,-1,2672,2731,2732,-1,2672,2732,2670,-1,2670,2732,2733,-1,2670,2733,2668,-1,2668,2733,2734,-1,2668,2734,2666,-1,2666,2734,2735,-1,2666,2735,2664,-1,2664,2735,2736,-1,2664,2736,2662,-1,2662,2736,2737,-1,2662,2737,2660,-1,2660,2737,2738,-1,2660,2738,2716,-1,2716,2738,2739,-1,2716,2739,2714,-1,2714,2739,2740,-1,2714,2740,2712,-1,2712,2740,2741,-1,2712,2741,2710,-1,2710,2741,2742,-1,2710,2742,2708,-1,2708,2742,2743,-1,2708,2743,2706,-1,2706,2743,2744,-1,2706,2744,2704,-1,2704,2744,2745,-1,2704,2745,2702,-1,2702,2745,2717,-1,2745,2746,2717,-1,2717,2746,2747,-1,2717,2747,2718,-1,2718,2747,2748,-1,2718,2748,2719,-1,2719,2748,2749,-1,2719,2749,2720,-1,2720,2749,2750,-1,2720,2750,2721,-1,2721,2750,2751,-1,2721,2751,2722,-1,2722,2751,2752,-1,2722,2752,2723,-1,2723,2752,2753,-1,2723,2753,2724,-1,2724,2753,2754,-1,2724,2754,2725,-1,2725,2754,2755,-1,2725,2755,2726,-1,2726,2755,2756,-1,2726,2756,2727,-1,2727,2756,2757,-1,2727,2757,2728,-1,2728,2757,2758,-1,2728,2758,2729,-1,2729,2758,2759,-1,2729,2759,2730,-1,2730,2759,2760,-1,2730,2760,2731,-1,2731,2760,2761,-1,2731,2761,2732,-1,2732,2761,2762,-1,2732,2762,2733,-1,2733,2762,2763,-1,2733,2763,2734,-1,2734,2763,2764,-1,2734,2764,2735,-1,2735,2764,2765,-1,2735,2765,2736,-1,2736,2765,2766,-1,2736,2766,2737,-1,2737,2766,2767,-1,2737,2767,2738,-1,2738,2767,2768,-1,2738,2768,2739,-1,2739,2768,2769,-1,2739,2769,2740,-1,2740,2769,2770,-1,2740,2770,2741,-1,2741,2770,2771,-1,2741,2771,2742,-1,2742,2771,2772,-1,2742,2772,2743,-1,2743,2772,2773,-1,2743,2773,2744,-1,2744,2773,2774,-1,2744,2774,2745,-1,2745,2774,2746,-1,2774,2775,2746,-1,2746,2775,2776,-1,2746,2776,2747,-1,2747,2776,2777,-1,2747,2777,2748,-1,2748,2777,2778,-1,2748,2778,2749,-1,2749,2778,2779,-1,2749,2779,2750,-1,2750,2779,2780,-1,2750,2780,2751,-1,2751,2780,2781,-1,2751,2781,2752,-1,2752,2781,2782,-1,2752,2782,2753,-1,2753,2782,2783,-1,2753,2783,2754,-1,2754,2783,2784,-1,2754,2784,2755,-1,2755,2784,2785,-1,2755,2785,2756,-1,2756,2785,2786,-1,2756,2786,2757,-1,2757,2786,2787,-1,2757,2787,2758,-1,2758,2787,2788,-1,2758,2788,2759,-1,2759,2788,2789,-1,2759,2789,2760,-1,2760,2789,2790,-1,2760,2790,2761,-1,2761,2790,2791,-1,2761,2791,2762,-1,2762,2791,2792,-1,2762,2792,2763,-1,2763,2792,2793,-1,2763,2793,2764,-1,2764,2793,2794,-1,2764,2794,2765,-1,2765,2794,2795,-1,2765,2795,2766,-1,2766,2795,2796,-1,2766,2796,2767,-1,2767,2796,2797,-1,2767,2797,2768,-1,2768,2797,2798,-1,2768,2798,2769,-1,2769,2798,2799,-1,2769,2799,2770,-1,2770,2799,2800,-1,2770,2800,2771,-1,2771,2800,2801,-1,2771,2801,2772,-1,2772,2801,2802,-1,2772,2802,2773,-1,2773,2802,2803,-1,2773,2803,2774,-1,2774,2803,2775,-1,2803,2804,2775,-1,2775,2804,2805,-1,2775,2805,2776,-1,2776,2805,2806,-1,2776,2806,2777,-1,2777,2806,2807,-1,2777,2807,2778,-1,2778,2807,2808,-1,2778,2808,2779,-1,2779,2808,2809,-1,2779,2809,2780,-1,2780,2809,2810,-1,2780,2810,2781,-1,2781,2810,2811,-1,2781,2811,2782,-1,2782,2811,2812,-1,2782,2812,2783,-1,2783,2812,2813,-1,2783,2813,2784,-1,2784,2813,2814,-1,2784,2814,2785,-1,2785,2814,2815,-1,2785,2815,2786,-1,2786,2815,2816,-1,2786,2816,2787,-1,2787,2816,2817,-1,2787,2817,2788,-1,2788,2817,2818,-1,2788,2818,2789,-1,2789,2818,2819,-1,2789,2819,2790,-1,2790,2819,2820,-1,2790,2820,2791,-1,2791,2820,2821,-1,2791,2821,2792,-1,2792,2821,2822,-1,2792,2822,2793,-1,2793,2822,2823,-1,2793,2823,2794,-1,2794,2823,2824,-1,2794,2824,2795,-1,2795,2824,2825,-1,2795,2825,2796,-1,2796,2825,2826,-1,2796,2826,2797,-1,2797,2826,2827,-1,2797,2827,2798,-1,2798,2827,2828,-1,2798,2828,2799,-1,2799,2828,2829,-1,2799,2829,2800,-1,2800,2829,2830,-1,2800,2830,2801,-1,2801,2830,2831,-1,2801,2831,2802,-1,2802,2831,2832,-1,2802,2832,2803,-1,2803,2832,2804,-1,2832,2833,2804,-1,2804,2833,2834,-1,2804,2834,2805,-1,2805,2834,2835,-1,2805,2835,2806,-1,2806,2835,2836,-1,2806,2836,2807,-1,2807,2836,2837,-1,2807,2837,2808,-1,2808,2837,2838,-1,2808,2838,2809,-1,2809,2838,2839,-1,2809,2839,2810,-1,2810,2839,2840,-1,2810,2840,2811,-1,2811,2840,2841,-1,2811,2841,2812,-1,2812,2841,2842,-1,2812,2842,2813,-1,2813,2842,2843,-1,2813,2843,2814,-1,2814,2843,2844,-1,2814,2844,2815,-1,2815,2844,2845,-1,2815,2845,2816,-1,2816,2845,2846,-1,2816,2846,2817,-1,2817,2846,2847,-1,2817,2847,2818,-1,2818,2847,2848,-1,2818,2848,2819,-1,2819,2848,2849,-1,2819,2849,2820,-1,2820,2849,2850,-1,2820,2850,2821,-1,2821,2850,2851,-1,2821,2851,2822,-1,2822,2851,2852,-1,2822,2852,2823,-1,2823,2852,2853,-1,2823,2853,2824,-1,2824,2853,2854,-1,2824,2854,2825,-1,2825,2854,2855,-1,2825,2855,2826,-1,2826,2855,2856,-1,2826,2856,2827,-1,2827,2856,2857,-1,2827,2857,2828,-1,2828,2857,2858,-1,2828,2858,2829,-1,2829,2858,2859,-1,2829,2859,2830,-1,2830,2859,2860,-1,2830,2860,2831,-1,2831,2860,2861,-1,2831,2861,2832,-1,2832,2861,2833,-1,2861,2862,2833,-1,2833,2862,2863,-1,2833,2863,2834,-1,2834,2863,2864,-1,2834,2864,2835,-1,2835,2864,2865,-1,2835,2865,2836,-1,2836,2865,2866,-1,2836,2866,2837,-1,2837,2866,2867,-1,2837,2867,2838,-1,2838,2867,2868,-1,2838,2868,2839,-1,2839,2868,2869,-1,2839,2869,2840,-1,2840,2869,2870,-1,2840,2870,2841,-1,2841,2870,2871,-1,2841,2871,2842,-1,2842,2871,2872,-1,2842,2872,2843,-1,2843,2872,2873,-1,2843,2873,2844,-1,2844,2873,2874,-1,2844,2874,2845,-1,2845,2874,2875,-1,2845,2875,2846,-1,2846,2875,2876,-1,2846,2876,2847,-1,2847,2876,2877,-1,2847,2877,2848,-1,2848,2877,2878,-1,2848,2878,2849,-1,2849,2878,2879,-1,2849,2879,2850,-1,2850,2879,2880,-1,2850,2880,2851,-1,2851,2880,2881,-1,2851,2881,2852,-1,2852,2881,2882,-1,2852,2882,2853,-1,2853,2882,2883,-1,2853,2883,2854,-1,2854,2883,2884,-1,2854,2884,2855,-1,2855,2884,2885,-1,2855,2885,2856,-1,2856,2885,2886,-1,2856,2886,2857,-1,2857,2886,2887,-1,2857,2887,2858,-1,2858,2887,2888,-1,2858,2888,2859,-1,2859,2888,2889,-1,2859,2889,2860,-1,2860,2889,2890,-1,2860,2890,2861,-1,2861,2890,2862,-1,2890,2891,2862,-1,2862,2891,2892,-1,2862,2892,2863,-1,2863,2892,2893,-1,2863,2893,2864,-1,2864,2893,2894,-1,2864,2894,2865,-1,2865,2894,2895,-1,2865,2895,2866,-1,2866,2895,2896,-1,2866,2896,2867,-1,2867,2896,2897,-1,2867,2897,2868,-1,2868,2897,2898,-1,2868,2898,2869,-1,2869,2898,2899,-1,2869,2899,2870,-1,2870,2899,2900,-1,2870,2900,2871,-1,2871,2900,2901,-1,2871,2901,2872,-1,2872,2901,2902,-1,2872,2902,2873,-1,2873,2902,2903,-1,2873,2903,2874,-1,2874,2903,2904,-1,2874,2904,2875,-1,2875,2904,2905,-1,2875,2905,2876,-1,2876,2905,2906,-1,2876,2906,2877,-1,2877,2906,2907,-1,2877,2907,2878,-1,2878,2907,2908,-1,2878,2908,2879,-1,2879,2908,2909,-1,2879,2909,2880,-1,2880,2909,2910,-1,2880,2910,2881,-1,2881,2910,2911,-1,2881,2911,2882,-1,2882,2911,2912,-1,2882,2912,2883,-1,2883,2912,2913,-1,2883,2913,2884,-1,2884,2913,2914,-1,2884,2914,2885,-1,2885,2914,2915,-1,2885,2915,2886,-1,2886,2915,2916,-1,2886,2916,2887,-1,2887,2916,2917,-1,2887,2917,2888,-1,2888,2917,2918,-1,2888,2918,2889,-1,2889,2918,2919,-1,2889,2919,2890,-1,2890,2919,2891,-1,2919,2629,2891,-1,2891,2629,2628,-1,2891,2628,2892,-1,2892,2628,2631,-1,2892,2631,2893,-1,2893,2631,2632,-1,2893,2632,2894,-1,2894,2632,2633,-1,2894,2633,2895,-1,2895,2633,2634,-1,2895,2634,2896,-1,2896,2634,2635,-1,2896,2635,2897,-1,2897,2635,2636,-1,2897,2636,2898,-1,2898,2636,2637,-1,2898,2637,2899,-1,2899,2637,2638,-1,2899,2638,2900,-1,2900,2638,2639,-1,2900,2639,2901,-1,2901,2639,2640,-1,2901,2640,2902,-1,2902,2640,2641,-1,2902,2641,2903,-1,2903,2641,2642,-1,2903,2642,2904,-1,2904,2642,2643,-1,2904,2643,2905,-1,2905,2643,2644,-1,2905,2644,2906,-1,2906,2644,2645,-1,2906,2645,2907,-1,2907,2645,2646,-1,2907,2646,2908,-1,2908,2646,2647,-1,2908,2647,2909,-1,2909,2647,2648,-1,2909,2648,2910,-1,2910,2648,2649,-1,2910,2649,2911,-1,2911,2649,2650,-1,2911,2650,2912,-1,2912,2650,2651,-1,2912,2651,2913,-1,2913,2651,2652,-1,2913,2652,2914,-1,2914,2652,2653,-1,2914,2653,2915,-1,2915,2653,2654,-1,2915,2654,2916,-1,2916,2654,2655,-1,2916,2655,2917,-1,2917,2655,2656,-1,2917,2656,2918,-1,2918,2656,2657,-1,2918,2657,2919,-1,2919,2657,2629,-1,2920,2921,2922,-1,2920,2922,2923,-1,2924,2923,2922,-1,2925,2924,2922,-1,2926,2925,2922,-1,2927,2926,2922,-1,2928,2927,2922,-1,2929,2928,2922,-1,2930,2929,2922,-1,2931,2930,2922,-1,2932,2931,2922,-1,2933,2932,2922,-1,2934,2933,2922,-1,2935,2934,2922,-1,2936,2935,2922,-1,2937,2936,2922,-1,2938,2937,2922,-1,2939,2938,2922,-1,2940,2939,2922,-1,2941,2940,2922,-1,2942,2941,2922,-1,2943,2942,2922,-1,2944,2943,2922,-1,2945,2944,2922,-1,2946,2945,2922,-1,2947,2946,2922,-1,2948,2947,2922,-1,2949,2948,2922,-1,2921,2949,2922,-1,2950,2951,2952,-1,2952,2951,2953,-1,2952,2953,2954,-1,2954,2953,2955,-1,2954,2955,2956,-1,2956,2955,2957,-1,2956,2957,2958,-1,2958,2957,2959,-1,2958,2959,2960,-1,2960,2959,2961,-1,2960,2961,2962,-1,2962,2961,2963,-1,2962,2963,2964,-1,2964,2963,2965,-1,2964,2965,2966,-1,2966,2965,2967,-1,2966,2967,2968,-1,2968,2967,2969,-1,2968,2969,2970,-1,2970,2969,2971,-1,2970,2971,2972,-1,2972,2971,2973,-1,2972,2973,2974,-1,2974,2973,2975,-1,2974,2975,2976,-1,2976,2975,2977,-1,2976,2977,2978,-1,2978,2977,2979,-1,2978,2979,2980,-1,2980,2979,2981,-1,2980,2981,2982,-1,2982,2981,2983,-1,2982,2983,2984,-1,2984,2983,2985,-1,2984,2985,2986,-1,2986,2985,2987,-1,2986,2987,2988,-1,2988,2987,2989,-1,2988,2989,2990,-1,2990,2989,2991,-1,2990,2991,2992,-1,2992,2991,2993,-1,2992,2993,2994,-1,2994,2993,2995,-1,2994,2995,2996,-1,2996,2995,2997,-1,2996,2997,2998,-1,2998,2997,2999,-1,2998,2999,3000,-1,3000,2999,3001,-1,3000,3001,3002,-1,3002,3001,3003,-1,3002,3003,3004,-1,3004,3003,3005,-1,3004,3005,3006,-1,3006,3005,3007,-1,3006,3007,3008,-1,3008,3007,2950,-1,3008,2950,2952,-1,2994,3009,2992,-1,2992,3009,3010,-1,2992,3010,2990,-1,2990,3010,3011,-1,2990,3011,2988,-1,2988,3011,3012,-1,2988,3012,2986,-1,2986,3012,3013,-1,2986,3013,2984,-1,2984,3013,3014,-1,2984,3014,2982,-1,2982,3014,3015,-1,2982,3015,2980,-1,2980,3015,3016,-1,2980,3016,2978,-1,2978,3016,3017,-1,2978,3017,2976,-1,2976,3017,3018,-1,2976,3018,2974,-1,2974,3018,3019,-1,2974,3019,2972,-1,2972,3019,3020,-1,2972,3020,2970,-1,2970,3020,3021,-1,2970,3021,2968,-1,2968,3021,3022,-1,2968,3022,2966,-1,2966,3022,3023,-1,2966,3023,2964,-1,2964,3023,3024,-1,2964,3024,2962,-1,2962,3024,3025,-1,2962,3025,2960,-1,2960,3025,3026,-1,2960,3026,2958,-1,2958,3026,3027,-1,2958,3027,2956,-1,2956,3027,3028,-1,2956,3028,2954,-1,2954,3028,3029,-1,2954,3029,2952,-1,2952,3029,3030,-1,2952,3030,3008,-1,3008,3030,3031,-1,3008,3031,3006,-1,3006,3031,3032,-1,3006,3032,3004,-1,3004,3032,3033,-1,3004,3033,3002,-1,3002,3033,3034,-1,3002,3034,3000,-1,3000,3034,3035,-1,3000,3035,2998,-1,2998,3035,3036,-1,2998,3036,2996,-1,2996,3036,3037,-1,2996,3037,2994,-1,2994,3037,3009,-1,3037,3038,3009,-1,3009,3038,3039,-1,3009,3039,3010,-1,3010,3039,3040,-1,3010,3040,3011,-1,3011,3040,3041,-1,3011,3041,3012,-1,3012,3041,3042,-1,3012,3042,3013,-1,3013,3042,3043,-1,3013,3043,3014,-1,3014,3043,3044,-1,3014,3044,3015,-1,3015,3044,3045,-1,3015,3045,3016,-1,3016,3045,3046,-1,3016,3046,3017,-1,3017,3046,3047,-1,3017,3047,3018,-1,3018,3047,3048,-1,3018,3048,3019,-1,3019,3048,3049,-1,3019,3049,3020,-1,3020,3049,3050,-1,3020,3050,3021,-1,3021,3050,3051,-1,3021,3051,3022,-1,3022,3051,3052,-1,3022,3052,3023,-1,3023,3052,3053,-1,3023,3053,3024,-1,3024,3053,3054,-1,3024,3054,3025,-1,3025,3054,3055,-1,3025,3055,3026,-1,3026,3055,3056,-1,3026,3056,3027,-1,3027,3056,3057,-1,3027,3057,3028,-1,3028,3057,3058,-1,3028,3058,3029,-1,3029,3058,3059,-1,3029,3059,3030,-1,3030,3059,3060,-1,3030,3060,3031,-1,3031,3060,3061,-1,3031,3061,3032,-1,3032,3061,3062,-1,3032,3062,3033,-1,3033,3062,3063,-1,3033,3063,3034,-1,3034,3063,3064,-1,3034,3064,3035,-1,3035,3064,3065,-1,3035,3065,3036,-1,3036,3065,3066,-1,3036,3066,3037,-1,3037,3066,3038,-1,3066,3067,3038,-1,3038,3067,3068,-1,3038,3068,3039,-1,3039,3068,3069,-1,3039,3069,3040,-1,3040,3069,3070,-1,3040,3070,3041,-1,3041,3070,3071,-1,3041,3071,3042,-1,3042,3071,3072,-1,3042,3072,3043,-1,3043,3072,3073,-1,3043,3073,3044,-1,3044,3073,3074,-1,3044,3074,3045,-1,3045,3074,3075,-1,3045,3075,3046,-1,3046,3075,3076,-1,3046,3076,3047,-1,3047,3076,3077,-1,3047,3077,3048,-1,3048,3077,3078,-1,3048,3078,3049,-1,3049,3078,3079,-1,3049,3079,3050,-1,3050,3079,3080,-1,3050,3080,3051,-1,3051,3080,3081,-1,3051,3081,3052,-1,3052,3081,3082,-1,3052,3082,3053,-1,3053,3082,3083,-1,3053,3083,3054,-1,3054,3083,3084,-1,3054,3084,3055,-1,3055,3084,3085,-1,3055,3085,3056,-1,3056,3085,3086,-1,3056,3086,3057,-1,3057,3086,3087,-1,3057,3087,3058,-1,3058,3087,3088,-1,3058,3088,3059,-1,3059,3088,3089,-1,3059,3089,3060,-1,3060,3089,3090,-1,3060,3090,3061,-1,3061,3090,3091,-1,3061,3091,3062,-1,3062,3091,3092,-1,3062,3092,3063,-1,3063,3092,3093,-1,3063,3093,3064,-1,3064,3093,3094,-1,3064,3094,3065,-1,3065,3094,3095,-1,3065,3095,3066,-1,3066,3095,3067,-1,3095,3096,3067,-1,3067,3096,3097,-1,3067,3097,3068,-1,3068,3097,3098,-1,3068,3098,3069,-1,3069,3098,3099,-1,3069,3099,3070,-1,3070,3099,3100,-1,3070,3100,3071,-1,3071,3100,3101,-1,3071,3101,3072,-1,3072,3101,3102,-1,3072,3102,3073,-1,3073,3102,3103,-1,3073,3103,3074,-1,3074,3103,3104,-1,3074,3104,3075,-1,3075,3104,3105,-1,3075,3105,3076,-1,3076,3105,3106,-1,3076,3106,3077,-1,3077,3106,3107,-1,3077,3107,3078,-1,3078,3107,3108,-1,3078,3108,3079,-1,3079,3108,3109,-1,3079,3109,3080,-1,3080,3109,3110,-1,3080,3110,3081,-1,3081,3110,3111,-1,3081,3111,3082,-1,3082,3111,3112,-1,3082,3112,3083,-1,3083,3112,3113,-1,3083,3113,3084,-1,3084,3113,3114,-1,3084,3114,3085,-1,3085,3114,3115,-1,3085,3115,3086,-1,3086,3115,3116,-1,3086,3116,3087,-1,3087,3116,3117,-1,3087,3117,3088,-1,3088,3117,3118,-1,3088,3118,3089,-1,3089,3118,3119,-1,3089,3119,3090,-1,3090,3119,3120,-1,3090,3120,3091,-1,3091,3120,3121,-1,3091,3121,3092,-1,3092,3121,3122,-1,3092,3122,3093,-1,3093,3122,3123,-1,3093,3123,3094,-1,3094,3123,3124,-1,3094,3124,3095,-1,3095,3124,3096,-1,3124,3125,3096,-1,3096,3125,3126,-1,3096,3126,3097,-1,3097,3126,3127,-1,3097,3127,3098,-1,3098,3127,3128,-1,3098,3128,3099,-1,3099,3128,3129,-1,3099,3129,3100,-1,3100,3129,3130,-1,3100,3130,3101,-1,3101,3130,3131,-1,3101,3131,3102,-1,3102,3131,3132,-1,3102,3132,3103,-1,3103,3132,3133,-1,3103,3133,3104,-1,3104,3133,3134,-1,3104,3134,3105,-1,3105,3134,3135,-1,3105,3135,3106,-1,3106,3135,3136,-1,3106,3136,3107,-1,3107,3136,3137,-1,3107,3137,3108,-1,3108,3137,3138,-1,3108,3138,3109,-1,3109,3138,3139,-1,3109,3139,3110,-1,3110,3139,3140,-1,3110,3140,3111,-1,3111,3140,3141,-1,3111,3141,3112,-1,3112,3141,3142,-1,3112,3142,3113,-1,3113,3142,3143,-1,3113,3143,3114,-1,3114,3143,3144,-1,3114,3144,3115,-1,3115,3144,3145,-1,3115,3145,3116,-1,3116,3145,3146,-1,3116,3146,3117,-1,3117,3146,3147,-1,3117,3147,3118,-1,3118,3147,3148,-1,3118,3148,3119,-1,3119,3148,3149,-1,3119,3149,3120,-1,3120,3149,3150,-1,3120,3150,3121,-1,3121,3150,3151,-1,3121,3151,3122,-1,3122,3151,3152,-1,3122,3152,3123,-1,3123,3152,3153,-1,3123,3153,3124,-1,3124,3153,3125,-1,3153,3154,3125,-1,3125,3154,3155,-1,3125,3155,3126,-1,3126,3155,3156,-1,3126,3156,3127,-1,3127,3156,3157,-1,3127,3157,3128,-1,3128,3157,3158,-1,3128,3158,3129,-1,3129,3158,3159,-1,3129,3159,3130,-1,3130,3159,3160,-1,3130,3160,3131,-1,3131,3160,3161,-1,3131,3161,3132,-1,3132,3161,3162,-1,3132,3162,3133,-1,3133,3162,3163,-1,3133,3163,3134,-1,3134,3163,3164,-1,3134,3164,3135,-1,3135,3164,3165,-1,3135,3165,3136,-1,3136,3165,3166,-1,3136,3166,3137,-1,3137,3166,3167,-1,3137,3167,3138,-1,3138,3167,3168,-1,3138,3168,3139,-1,3139,3168,3169,-1,3139,3169,3140,-1,3140,3169,3170,-1,3140,3170,3141,-1,3141,3170,3171,-1,3141,3171,3142,-1,3142,3171,3172,-1,3142,3172,3143,-1,3143,3172,3173,-1,3143,3173,3144,-1,3144,3173,3174,-1,3144,3174,3145,-1,3145,3174,3175,-1,3145,3175,3146,-1,3146,3175,3176,-1,3146,3176,3147,-1,3147,3176,3177,-1,3147,3177,3148,-1,3148,3177,3178,-1,3148,3178,3149,-1,3149,3178,3179,-1,3149,3179,3150,-1,3150,3179,3180,-1,3150,3180,3151,-1,3151,3180,3181,-1,3151,3181,3152,-1,3152,3181,3182,-1,3152,3182,3153,-1,3153,3182,3154,-1,3182,3183,3154,-1,3154,3183,3184,-1,3154,3184,3155,-1,3155,3184,3185,-1,3155,3185,3156,-1,3156,3185,3186,-1,3156,3186,3157,-1,3157,3186,3187,-1,3157,3187,3158,-1,3158,3187,3188,-1,3158,3188,3159,-1,3159,3188,3189,-1,3159,3189,3160,-1,3160,3189,3190,-1,3160,3190,3161,-1,3161,3190,3191,-1,3161,3191,3162,-1,3162,3191,3192,-1,3162,3192,3163,-1,3163,3192,3193,-1,3163,3193,3164,-1,3164,3193,3194,-1,3164,3194,3165,-1,3165,3194,3195,-1,3165,3195,3166,-1,3166,3195,3196,-1,3166,3196,3167,-1,3167,3196,3197,-1,3167,3197,3168,-1,3168,3197,3198,-1,3168,3198,3169,-1,3169,3198,3199,-1,3169,3199,3170,-1,3170,3199,3200,-1,3170,3200,3171,-1,3171,3200,3201,-1,3171,3201,3172,-1,3172,3201,3202,-1,3172,3202,3173,-1,3173,3202,3203,-1,3173,3203,3174,-1,3174,3203,3204,-1,3174,3204,3175,-1,3175,3204,3205,-1,3175,3205,3176,-1,3176,3205,3206,-1,3176,3206,3177,-1,3177,3206,3207,-1,3177,3207,3178,-1,3178,3207,3208,-1,3178,3208,3179,-1,3179,3208,3209,-1,3179,3209,3180,-1,3180,3209,3210,-1,3180,3210,3181,-1,3181,3210,3211,-1,3181,3211,3182,-1,3182,3211,3183,-1,3211,2921,3183,-1,3183,2921,2920,-1,3183,2920,3184,-1,3184,2920,2923,-1,3184,2923,3185,-1,3185,2923,2924,-1,3185,2924,3186,-1,3186,2924,2925,-1,3186,2925,3187,-1,3187,2925,2926,-1,3187,2926,3188,-1,3188,2926,2927,-1,3188,2927,3189,-1,3189,2927,2928,-1,3189,2928,3190,-1,3190,2928,2929,-1,3190,2929,3191,-1,3191,2929,2930,-1,3191,2930,3192,-1,3192,2930,2931,-1,3192,2931,3193,-1,3193,2931,2932,-1,3193,2932,3194,-1,3194,2932,2933,-1,3194,2933,3195,-1,3195,2933,2934,-1,3195,2934,3196,-1,3196,2934,2935,-1,3196,2935,3197,-1,3197,2935,2936,-1,3197,2936,3198,-1,3198,2936,2937,-1,3198,2937,3199,-1,3199,2937,2938,-1,3199,2938,3200,-1,3200,2938,2939,-1,3200,2939,3201,-1,3201,2939,2940,-1,3201,2940,3202,-1,3202,2940,2941,-1,3202,2941,3203,-1,3203,2941,2942,-1,3203,2942,3204,-1,3204,2942,2943,-1,3204,2943,3205,-1,3205,2943,2944,-1,3205,2944,3206,-1,3206,2944,2945,-1,3206,2945,3207,-1,3207,2945,2946,-1,3207,2946,3208,-1,3208,2946,2947,-1,3208,2947,3209,-1,3209,2947,2948,-1,3209,2948,3210,-1,3210,2948,2949,-1,3210,2949,3211,-1,3211,2949,2921,-1,3212,3213,3214,-1,3212,3214,3215,-1,3216,3215,3214,-1,3217,3216,3214,-1,3218,3217,3214,-1,3219,3218,3214,-1,3220,3219,3214,-1,3221,3220,3214,-1,3222,3221,3214,-1,3223,3222,3214,-1,3224,3223,3214,-1,3225,3224,3214,-1,3226,3225,3214,-1,3227,3226,3214,-1,3228,3227,3214,-1,3229,3228,3214,-1,3230,3229,3214,-1,3231,3230,3214,-1,3232,3231,3214,-1,3233,3232,3214,-1,3234,3233,3214,-1,3235,3234,3214,-1,3236,3235,3214,-1,3237,3236,3214,-1,3238,3237,3214,-1,3239,3238,3214,-1,3240,3239,3214,-1,3241,3240,3214,-1,3213,3241,3214,-1,3242,3243,3244,-1,3244,3243,3245,-1,3244,3245,3246,-1,3246,3245,3247,-1,3246,3247,3248,-1,3248,3247,3249,-1,3248,3249,3250,-1,3250,3249,3251,-1,3250,3251,3252,-1,3252,3251,3253,-1,3252,3253,3254,-1,3254,3253,3255,-1,3254,3255,3256,-1,3256,3255,3257,-1,3256,3257,3258,-1,3258,3257,3259,-1,3258,3259,3260,-1,3260,3259,3261,-1,3260,3261,3262,-1,3262,3261,3263,-1,3262,3263,3264,-1,3264,3263,3265,-1,3264,3265,3266,-1,3266,3265,3267,-1,3266,3267,3268,-1,3268,3267,3269,-1,3268,3269,3270,-1,3270,3269,3271,-1,3270,3271,3272,-1,3272,3271,3273,-1,3272,3273,3274,-1,3274,3273,3275,-1,3274,3275,3276,-1,3276,3275,3277,-1,3276,3277,3278,-1,3278,3277,3279,-1,3278,3279,3280,-1,3280,3279,3281,-1,3280,3281,3282,-1,3282,3281,3283,-1,3282,3283,3284,-1,3284,3283,3285,-1,3284,3285,3286,-1,3286,3285,3287,-1,3286,3287,3288,-1,3288,3287,3289,-1,3288,3289,3290,-1,3290,3289,3291,-1,3290,3291,3292,-1,3292,3291,3293,-1,3292,3293,3294,-1,3294,3293,3295,-1,3294,3295,3296,-1,3296,3295,3297,-1,3296,3297,3298,-1,3298,3297,3299,-1,3298,3299,3300,-1,3300,3299,3242,-1,3300,3242,3244,-1,3286,3301,3284,-1,3284,3301,3302,-1,3284,3302,3282,-1,3282,3302,3303,-1,3282,3303,3280,-1,3280,3303,3304,-1,3280,3304,3278,-1,3278,3304,3305,-1,3278,3305,3276,-1,3276,3305,3306,-1,3276,3306,3274,-1,3274,3306,3307,-1,3274,3307,3272,-1,3272,3307,3308,-1,3272,3308,3270,-1,3270,3308,3309,-1,3270,3309,3268,-1,3268,3309,3310,-1,3268,3310,3266,-1,3266,3310,3311,-1,3266,3311,3264,-1,3264,3311,3312,-1,3264,3312,3262,-1,3262,3312,3313,-1,3262,3313,3260,-1,3260,3313,3314,-1,3260,3314,3258,-1,3258,3314,3315,-1,3258,3315,3256,-1,3256,3315,3316,-1,3256,3316,3254,-1,3254,3316,3317,-1,3254,3317,3252,-1,3252,3317,3318,-1,3252,3318,3250,-1,3250,3318,3319,-1,3250,3319,3248,-1,3248,3319,3320,-1,3248,3320,3246,-1,3246,3320,3321,-1,3246,3321,3244,-1,3244,3321,3322,-1,3244,3322,3300,-1,3300,3322,3323,-1,3300,3323,3298,-1,3298,3323,3324,-1,3298,3324,3296,-1,3296,3324,3325,-1,3296,3325,3294,-1,3294,3325,3326,-1,3294,3326,3292,-1,3292,3326,3327,-1,3292,3327,3290,-1,3290,3327,3328,-1,3290,3328,3288,-1,3288,3328,3329,-1,3288,3329,3286,-1,3286,3329,3301,-1,3329,3330,3301,-1,3301,3330,3331,-1,3301,3331,3302,-1,3302,3331,3332,-1,3302,3332,3303,-1,3303,3332,3333,-1,3303,3333,3304,-1,3304,3333,3334,-1,3304,3334,3305,-1,3305,3334,3335,-1,3305,3335,3306,-1,3306,3335,3336,-1,3306,3336,3307,-1,3307,3336,3337,-1,3307,3337,3308,-1,3308,3337,3338,-1,3308,3338,3309,-1,3309,3338,3339,-1,3309,3339,3310,-1,3310,3339,3340,-1,3310,3340,3311,-1,3311,3340,3341,-1,3311,3341,3312,-1,3312,3341,3342,-1,3312,3342,3313,-1,3313,3342,3343,-1,3313,3343,3314,-1,3314,3343,3344,-1,3314,3344,3315,-1,3315,3344,3345,-1,3315,3345,3316,-1,3316,3345,3346,-1,3316,3346,3317,-1,3317,3346,3347,-1,3317,3347,3318,-1,3318,3347,3348,-1,3318,3348,3319,-1,3319,3348,3349,-1,3319,3349,3320,-1,3320,3349,3350,-1,3320,3350,3321,-1,3321,3350,3351,-1,3321,3351,3322,-1,3322,3351,3352,-1,3322,3352,3323,-1,3323,3352,3353,-1,3323,3353,3324,-1,3324,3353,3354,-1,3324,3354,3325,-1,3325,3354,3355,-1,3325,3355,3326,-1,3326,3355,3356,-1,3326,3356,3327,-1,3327,3356,3357,-1,3327,3357,3328,-1,3328,3357,3358,-1,3328,3358,3329,-1,3329,3358,3330,-1,3358,3359,3330,-1,3330,3359,3360,-1,3330,3360,3331,-1,3331,3360,3361,-1,3331,3361,3332,-1,3332,3361,3362,-1,3332,3362,3333,-1,3333,3362,3363,-1,3333,3363,3334,-1,3334,3363,3364,-1,3334,3364,3335,-1,3335,3364,3365,-1,3335,3365,3336,-1,3336,3365,3366,-1,3336,3366,3337,-1,3337,3366,3367,-1,3337,3367,3338,-1,3338,3367,3368,-1,3338,3368,3339,-1,3339,3368,3369,-1,3339,3369,3340,-1,3340,3369,3370,-1,3340,3370,3341,-1,3341,3370,3371,-1,3341,3371,3342,-1,3342,3371,3372,-1,3342,3372,3343,-1,3343,3372,3373,-1,3343,3373,3344,-1,3344,3373,3374,-1,3344,3374,3345,-1,3345,3374,3375,-1,3345,3375,3346,-1,3346,3375,3376,-1,3346,3376,3347,-1,3347,3376,3377,-1,3347,3377,3348,-1,3348,3377,3378,-1,3348,3378,3349,-1,3349,3378,3379,-1,3349,3379,3350,-1,3350,3379,3380,-1,3350,3380,3351,-1,3351,3380,3381,-1,3351,3381,3352,-1,3352,3381,3382,-1,3352,3382,3353,-1,3353,3382,3383,-1,3353,3383,3354,-1,3354,3383,3384,-1,3354,3384,3355,-1,3355,3384,3385,-1,3355,3385,3356,-1,3356,3385,3386,-1,3356,3386,3357,-1,3357,3386,3387,-1,3357,3387,3358,-1,3358,3387,3359,-1,3387,3388,3359,-1,3359,3388,3389,-1,3359,3389,3360,-1,3360,3389,3390,-1,3360,3390,3361,-1,3361,3390,3391,-1,3361,3391,3362,-1,3362,3391,3392,-1,3362,3392,3363,-1,3363,3392,3393,-1,3363,3393,3364,-1,3364,3393,3394,-1,3364,3394,3365,-1,3365,3394,3395,-1,3365,3395,3366,-1,3366,3395,3396,-1,3366,3396,3367,-1,3367,3396,3397,-1,3367,3397,3368,-1,3368,3397,3398,-1,3368,3398,3369,-1,3369,3398,3399,-1,3369,3399,3370,-1,3370,3399,3400,-1,3370,3400,3371,-1,3371,3400,3401,-1,3371,3401,3372,-1,3372,3401,3402,-1,3372,3402,3373,-1,3373,3402,3403,-1,3373,3403,3374,-1,3374,3403,3404,-1,3374,3404,3375,-1,3375,3404,3405,-1,3375,3405,3376,-1,3376,3405,3406,-1,3376,3406,3377,-1,3377,3406,3407,-1,3377,3407,3378,-1,3378,3407,3408,-1,3378,3408,3379,-1,3379,3408,3409,-1,3379,3409,3380,-1,3380,3409,3410,-1,3380,3410,3381,-1,3381,3410,3411,-1,3381,3411,3382,-1,3382,3411,3412,-1,3382,3412,3383,-1,3383,3412,3413,-1,3383,3413,3384,-1,3384,3413,3414,-1,3384,3414,3385,-1,3385,3414,3415,-1,3385,3415,3386,-1,3386,3415,3416,-1,3386,3416,3387,-1,3387,3416,3388,-1,3416,3417,3388,-1,3388,3417,3418,-1,3388,3418,3389,-1,3389,3418,3419,-1,3389,3419,3390,-1,3390,3419,3420,-1,3390,3420,3391,-1,3391,3420,3421,-1,3391,3421,3392,-1,3392,3421,3422,-1,3392,3422,3393,-1,3393,3422,3423,-1,3393,3423,3394,-1,3394,3423,3424,-1,3394,3424,3395,-1,3395,3424,3425,-1,3395,3425,3396,-1,3396,3425,3426,-1,3396,3426,3397,-1,3397,3426,3427,-1,3397,3427,3398,-1,3398,3427,3428,-1,3398,3428,3399,-1,3399,3428,3429,-1,3399,3429,3400,-1,3400,3429,3430,-1,3400,3430,3401,-1,3401,3430,3431,-1,3401,3431,3402,-1,3402,3431,3432,-1,3402,3432,3403,-1,3403,3432,3433,-1,3403,3433,3404,-1,3404,3433,3434,-1,3404,3434,3405,-1,3405,3434,3435,-1,3405,3435,3406,-1,3406,3435,3436,-1,3406,3436,3407,-1,3407,3436,3437,-1,3407,3437,3408,-1,3408,3437,3438,-1,3408,3438,3409,-1,3409,3438,3439,-1,3409,3439,3410,-1,3410,3439,3440,-1,3410,3440,3411,-1,3411,3440,3441,-1,3411,3441,3412,-1,3412,3441,3442,-1,3412,3442,3413,-1,3413,3442,3443,-1,3413,3443,3414,-1,3414,3443,3444,-1,3414,3444,3415,-1,3415,3444,3445,-1,3415,3445,3416,-1,3416,3445,3417,-1,3445,3446,3417,-1,3417,3446,3447,-1,3417,3447,3418,-1,3418,3447,3448,-1,3418,3448,3419,-1,3419,3448,3449,-1,3419,3449,3420,-1,3420,3449,3450,-1,3420,3450,3421,-1,3421,3450,3451,-1,3421,3451,3422,-1,3422,3451,3452,-1,3422,3452,3423,-1,3423,3452,3453,-1,3423,3453,3424,-1,3424,3453,3454,-1,3424,3454,3425,-1,3425,3454,3455,-1,3425,3455,3426,-1,3426,3455,3456,-1,3426,3456,3427,-1,3427,3456,3457,-1,3427,3457,3428,-1,3428,3457,3458,-1,3428,3458,3429,-1,3429,3458,3459,-1,3429,3459,3430,-1,3430,3459,3460,-1,3430,3460,3431,-1,3431,3460,3461,-1,3431,3461,3432,-1,3432,3461,3462,-1,3432,3462,3433,-1,3433,3462,3463,-1,3433,3463,3434,-1,3434,3463,3464,-1,3434,3464,3435,-1,3435,3464,3465,-1,3435,3465,3436,-1,3436,3465,3466,-1,3436,3466,3437,-1,3437,3466,3467,-1,3437,3467,3438,-1,3438,3467,3468,-1,3438,3468,3439,-1,3439,3468,3469,-1,3439,3469,3440,-1,3440,3469,3470,-1,3440,3470,3441,-1,3441,3470,3471,-1,3441,3471,3442,-1,3442,3471,3472,-1,3442,3472,3443,-1,3443,3472,3473,-1,3443,3473,3444,-1,3444,3473,3474,-1,3444,3474,3445,-1,3445,3474,3446,-1,3474,3475,3446,-1,3446,3475,3476,-1,3446,3476,3447,-1,3447,3476,3477,-1,3447,3477,3448,-1,3448,3477,3478,-1,3448,3478,3449,-1,3449,3478,3479,-1,3449,3479,3450,-1,3450,3479,3480,-1,3450,3480,3451,-1,3451,3480,3481,-1,3451,3481,3452,-1,3452,3481,3482,-1,3452,3482,3453,-1,3453,3482,3483,-1,3453,3483,3454,-1,3454,3483,3484,-1,3454,3484,3455,-1,3455,3484,3485,-1,3455,3485,3456,-1,3456,3485,3486,-1,3456,3486,3457,-1,3457,3486,3487,-1,3457,3487,3458,-1,3458,3487,3488,-1,3458,3488,3459,-1,3459,3488,3489,-1,3459,3489,3460,-1,3460,3489,3490,-1,3460,3490,3461,-1,3461,3490,3491,-1,3461,3491,3462,-1,3462,3491,3492,-1,3462,3492,3463,-1,3463,3492,3493,-1,3463,3493,3464,-1,3464,3493,3494,-1,3464,3494,3465,-1,3465,3494,3495,-1,3465,3495,3466,-1,3466,3495,3496,-1,3466,3496,3467,-1,3467,3496,3497,-1,3467,3497,3468,-1,3468,3497,3498,-1,3468,3498,3469,-1,3469,3498,3499,-1,3469,3499,3470,-1,3470,3499,3500,-1,3470,3500,3471,-1,3471,3500,3501,-1,3471,3501,3472,-1,3472,3501,3502,-1,3472,3502,3473,-1,3473,3502,3503,-1,3473,3503,3474,-1,3474,3503,3475,-1,3503,3213,3475,-1,3475,3213,3212,-1,3475,3212,3476,-1,3476,3212,3215,-1,3476,3215,3477,-1,3477,3215,3216,-1,3477,3216,3478,-1,3478,3216,3217,-1,3478,3217,3479,-1,3479,3217,3218,-1,3479,3218,3480,-1,3480,3218,3219,-1,3480,3219,3481,-1,3481,3219,3220,-1,3481,3220,3482,-1,3482,3220,3221,-1,3482,3221,3483,-1,3483,3221,3222,-1,3483,3222,3484,-1,3484,3222,3223,-1,3484,3223,3485,-1,3485,3223,3224,-1,3485,3224,3486,-1,3486,3224,3225,-1,3486,3225,3487,-1,3487,3225,3226,-1,3487,3226,3488,-1,3488,3226,3227,-1,3488,3227,3489,-1,3489,3227,3228,-1,3489,3228,3490,-1,3490,3228,3229,-1,3490,3229,3491,-1,3491,3229,3230,-1,3491,3230,3492,-1,3492,3230,3231,-1,3492,3231,3493,-1,3493,3231,3232,-1,3493,3232,3494,-1,3494,3232,3233,-1,3494,3233,3495,-1,3495,3233,3234,-1,3495,3234,3496,-1,3496,3234,3235,-1,3496,3235,3497,-1,3497,3235,3236,-1,3497,3236,3498,-1,3498,3236,3237,-1,3498,3237,3499,-1,3499,3237,3238,-1,3499,3238,3500,-1,3500,3238,3239,-1,3500,3239,3501,-1,3501,3239,3240,-1,3501,3240,3502,-1,3502,3240,3241,-1,3502,3241,3503,-1,3503,3241,3213,-1,3504,3505,3506,-1,3504,3506,3507,-1,3508,3507,3506,-1,3509,3508,3506,-1,3510,3509,3506,-1,3511,3510,3506,-1,3512,3511,3506,-1,3513,3512,3506,-1,3514,3513,3506,-1,3515,3514,3506,-1,3516,3515,3506,-1,3517,3516,3506,-1,3518,3517,3506,-1,3519,3518,3506,-1,3520,3519,3506,-1,3521,3520,3506,-1,3522,3521,3506,-1,3523,3522,3506,-1,3524,3523,3506,-1,3525,3524,3506,-1,3526,3525,3506,-1,3527,3526,3506,-1,3528,3527,3506,-1,3529,3528,3506,-1,3530,3529,3506,-1,3531,3530,3506,-1,3532,3531,3506,-1,3533,3532,3506,-1,3505,3533,3506,-1,3534,3535,3536,-1,3536,3535,3537,-1,3536,3537,3538,-1,3538,3537,3539,-1,3538,3539,3540,-1,3540,3539,3541,-1,3540,3541,3542,-1,3542,3541,3543,-1,3542,3543,3544,-1,3544,3543,3545,-1,3544,3545,3546,-1,3546,3545,3547,-1,3546,3547,3548,-1,3548,3547,3549,-1,3548,3549,3550,-1,3550,3549,3551,-1,3550,3551,3552,-1,3552,3551,3553,-1,3552,3553,3554,-1,3554,3553,3555,-1,3554,3555,3556,-1,3556,3555,3557,-1,3556,3557,3558,-1,3558,3557,3559,-1,3558,3559,3560,-1,3560,3559,3561,-1,3560,3561,3562,-1,3562,3561,3563,-1,3562,3563,3564,-1,3564,3563,3565,-1,3564,3565,3566,-1,3566,3565,3567,-1,3566,3567,3568,-1,3568,3567,3569,-1,3568,3569,3570,-1,3570,3569,3571,-1,3570,3571,3572,-1,3572,3571,3573,-1,3572,3573,3574,-1,3574,3573,3575,-1,3574,3575,3576,-1,3576,3575,3577,-1,3576,3577,3578,-1,3578,3577,3579,-1,3578,3579,3580,-1,3580,3579,3581,-1,3580,3581,3582,-1,3582,3581,3583,-1,3582,3583,3584,-1,3584,3583,3585,-1,3584,3585,3586,-1,3586,3585,3587,-1,3586,3587,3588,-1,3588,3587,3589,-1,3588,3589,3590,-1,3590,3589,3591,-1,3590,3591,3592,-1,3592,3591,3534,-1,3592,3534,3536,-1,3578,3593,3576,-1,3576,3593,3594,-1,3576,3594,3574,-1,3574,3594,3595,-1,3574,3595,3572,-1,3572,3595,3596,-1,3572,3596,3570,-1,3570,3596,3597,-1,3570,3597,3568,-1,3568,3597,3598,-1,3568,3598,3566,-1,3566,3598,3599,-1,3566,3599,3564,-1,3564,3599,3600,-1,3564,3600,3562,-1,3562,3600,3601,-1,3562,3601,3560,-1,3560,3601,3602,-1,3560,3602,3558,-1,3558,3602,3603,-1,3558,3603,3556,-1,3556,3603,3604,-1,3556,3604,3554,-1,3554,3604,3605,-1,3554,3605,3552,-1,3552,3605,3606,-1,3552,3606,3550,-1,3550,3606,3607,-1,3550,3607,3548,-1,3548,3607,3608,-1,3548,3608,3546,-1,3546,3608,3609,-1,3546,3609,3544,-1,3544,3609,3610,-1,3544,3610,3542,-1,3542,3610,3611,-1,3542,3611,3540,-1,3540,3611,3612,-1,3540,3612,3538,-1,3538,3612,3613,-1,3538,3613,3536,-1,3536,3613,3614,-1,3536,3614,3592,-1,3592,3614,3615,-1,3592,3615,3590,-1,3590,3615,3616,-1,3590,3616,3588,-1,3588,3616,3617,-1,3588,3617,3586,-1,3586,3617,3618,-1,3586,3618,3584,-1,3584,3618,3619,-1,3584,3619,3582,-1,3582,3619,3620,-1,3582,3620,3580,-1,3580,3620,3621,-1,3580,3621,3578,-1,3578,3621,3593,-1,3621,3622,3593,-1,3593,3622,3623,-1,3593,3623,3594,-1,3594,3623,3624,-1,3594,3624,3595,-1,3595,3624,3625,-1,3595,3625,3596,-1,3596,3625,3626,-1,3596,3626,3597,-1,3597,3626,3627,-1,3597,3627,3598,-1,3598,3627,3628,-1,3598,3628,3599,-1,3599,3628,3629,-1,3599,3629,3600,-1,3600,3629,3630,-1,3600,3630,3601,-1,3601,3630,3631,-1,3601,3631,3602,-1,3602,3631,3632,-1,3602,3632,3603,-1,3603,3632,3633,-1,3603,3633,3604,-1,3604,3633,3634,-1,3604,3634,3605,-1,3605,3634,3635,-1,3605,3635,3606,-1,3606,3635,3636,-1,3606,3636,3607,-1,3607,3636,3637,-1,3607,3637,3608,-1,3608,3637,3638,-1,3608,3638,3609,-1,3609,3638,3639,-1,3609,3639,3610,-1,3610,3639,3640,-1,3610,3640,3611,-1,3611,3640,3641,-1,3611,3641,3612,-1,3612,3641,3642,-1,3612,3642,3613,-1,3613,3642,3643,-1,3613,3643,3614,-1,3614,3643,3644,-1,3614,3644,3615,-1,3615,3644,3645,-1,3615,3645,3616,-1,3616,3645,3646,-1,3616,3646,3617,-1,3617,3646,3647,-1,3617,3647,3618,-1,3618,3647,3648,-1,3618,3648,3619,-1,3619,3648,3649,-1,3619,3649,3620,-1,3620,3649,3650,-1,3620,3650,3621,-1,3621,3650,3622,-1,3650,3651,3622,-1,3622,3651,3652,-1,3622,3652,3623,-1,3623,3652,3653,-1,3623,3653,3624,-1,3624,3653,3654,-1,3624,3654,3625,-1,3625,3654,3655,-1,3625,3655,3626,-1,3626,3655,3656,-1,3626,3656,3627,-1,3627,3656,3657,-1,3627,3657,3628,-1,3628,3657,3658,-1,3628,3658,3629,-1,3629,3658,3659,-1,3629,3659,3630,-1,3630,3659,3660,-1,3630,3660,3631,-1,3631,3660,3661,-1,3631,3661,3632,-1,3632,3661,3662,-1,3632,3662,3633,-1,3633,3662,3663,-1,3633,3663,3634,-1,3634,3663,3664,-1,3634,3664,3635,-1,3635,3664,3665,-1,3635,3665,3636,-1,3636,3665,3666,-1,3636,3666,3637,-1,3637,3666,3667,-1,3637,3667,3638,-1,3638,3667,3668,-1,3638,3668,3639,-1,3639,3668,3669,-1,3639,3669,3640,-1,3640,3669,3670,-1,3640,3670,3641,-1,3641,3670,3671,-1,3641,3671,3642,-1,3642,3671,3672,-1,3642,3672,3643,-1,3643,3672,3673,-1,3643,3673,3644,-1,3644,3673,3674,-1,3644,3674,3645,-1,3645,3674,3675,-1,3645,3675,3646,-1,3646,3675,3676,-1,3646,3676,3647,-1,3647,3676,3677,-1,3647,3677,3648,-1,3648,3677,3678,-1,3648,3678,3649,-1,3649,3678,3679,-1,3649,3679,3650,-1,3650,3679,3651,-1,3679,3680,3651,-1,3651,3680,3681,-1,3651,3681,3652,-1,3652,3681,3682,-1,3652,3682,3653,-1,3653,3682,3683,-1,3653,3683,3654,-1,3654,3683,3684,-1,3654,3684,3655,-1,3655,3684,3685,-1,3655,3685,3656,-1,3656,3685,3686,-1,3656,3686,3657,-1,3657,3686,3687,-1,3657,3687,3658,-1,3658,3687,3688,-1,3658,3688,3659,-1,3659,3688,3689,-1,3659,3689,3660,-1,3660,3689,3690,-1,3660,3690,3661,-1,3661,3690,3691,-1,3661,3691,3662,-1,3662,3691,3692,-1,3662,3692,3663,-1,3663,3692,3693,-1,3663,3693,3664,-1,3664,3693,3694,-1,3664,3694,3665,-1,3665,3694,3695,-1,3665,3695,3666,-1,3666,3695,3696,-1,3666,3696,3667,-1,3667,3696,3697,-1,3667,3697,3668,-1,3668,3697,3698,-1,3668,3698,3669,-1,3669,3698,3699,-1,3669,3699,3670,-1,3670,3699,3700,-1,3670,3700,3671,-1,3671,3700,3701,-1,3671,3701,3672,-1,3672,3701,3702,-1,3672,3702,3673,-1,3673,3702,3703,-1,3673,3703,3674,-1,3674,3703,3704,-1,3674,3704,3675,-1,3675,3704,3705,-1,3675,3705,3676,-1,3676,3705,3706,-1,3676,3706,3677,-1,3677,3706,3707,-1,3677,3707,3678,-1,3678,3707,3708,-1,3678,3708,3679,-1,3679,3708,3680,-1,3708,3709,3680,-1,3680,3709,3710,-1,3680,3710,3681,-1,3681,3710,3711,-1,3681,3711,3682,-1,3682,3711,3712,-1,3682,3712,3683,-1,3683,3712,3713,-1,3683,3713,3684,-1,3684,3713,3714,-1,3684,3714,3685,-1,3685,3714,3715,-1,3685,3715,3686,-1,3686,3715,3716,-1,3686,3716,3687,-1,3687,3716,3717,-1,3687,3717,3688,-1,3688,3717,3718,-1,3688,3718,3689,-1,3689,3718,3719,-1,3689,3719,3690,-1,3690,3719,3720,-1,3690,3720,3691,-1,3691,3720,3721,-1,3691,3721,3692,-1,3692,3721,3722,-1,3692,3722,3693,-1,3693,3722,3723,-1,3693,3723,3694,-1,3694,3723,3724,-1,3694,3724,3695,-1,3695,3724,3725,-1,3695,3725,3696,-1,3696,3725,3726,-1,3696,3726,3697,-1,3697,3726,3727,-1,3697,3727,3698,-1,3698,3727,3728,-1,3698,3728,3699,-1,3699,3728,3729,-1,3699,3729,3700,-1,3700,3729,3730,-1,3700,3730,3701,-1,3701,3730,3731,-1,3701,3731,3702,-1,3702,3731,3732,-1,3702,3732,3703,-1,3703,3732,3733,-1,3703,3733,3704,-1,3704,3733,3734,-1,3704,3734,3705,-1,3705,3734,3735,-1,3705,3735,3706,-1,3706,3735,3736,-1,3706,3736,3707,-1,3707,3736,3737,-1,3707,3737,3708,-1,3708,3737,3709,-1,3737,3738,3709,-1,3709,3738,3739,-1,3709,3739,3710,-1,3710,3739,3740,-1,3710,3740,3711,-1,3711,3740,3741,-1,3711,3741,3712,-1,3712,3741,3742,-1,3712,3742,3713,-1,3713,3742,3743,-1,3713,3743,3714,-1,3714,3743,3744,-1,3714,3744,3715,-1,3715,3744,3745,-1,3715,3745,3716,-1,3716,3745,3746,-1,3716,3746,3717,-1,3717,3746,3747,-1,3717,3747,3718,-1,3718,3747,3748,-1,3718,3748,3719,-1,3719,3748,3749,-1,3719,3749,3720,-1,3720,3749,3750,-1,3720,3750,3721,-1,3721,3750,3751,-1,3721,3751,3722,-1,3722,3751,3752,-1,3722,3752,3723,-1,3723,3752,3753,-1,3723,3753,3724,-1,3724,3753,3754,-1,3724,3754,3725,-1,3725,3754,3755,-1,3725,3755,3726,-1,3726,3755,3756,-1,3726,3756,3727,-1,3727,3756,3757,-1,3727,3757,3728,-1,3728,3757,3758,-1,3728,3758,3729,-1,3729,3758,3759,-1,3729,3759,3730,-1,3730,3759,3760,-1,3730,3760,3731,-1,3731,3760,3761,-1,3731,3761,3732,-1,3732,3761,3762,-1,3732,3762,3733,-1,3733,3762,3763,-1,3733,3763,3734,-1,3734,3763,3764,-1,3734,3764,3735,-1,3735,3764,3765,-1,3735,3765,3736,-1,3736,3765,3766,-1,3736,3766,3737,-1,3737,3766,3738,-1,3766,3767,3738,-1,3738,3767,3768,-1,3738,3768,3739,-1,3739,3768,3769,-1,3739,3769,3740,-1,3740,3769,3770,-1,3740,3770,3741,-1,3741,3770,3771,-1,3741,3771,3742,-1,3742,3771,3772,-1,3742,3772,3743,-1,3743,3772,3773,-1,3743,3773,3744,-1,3744,3773,3774,-1,3744,3774,3745,-1,3745,3774,3775,-1,3745,3775,3746,-1,3746,3775,3776,-1,3746,3776,3747,-1,3747,3776,3777,-1,3747,3777,3748,-1,3748,3777,3778,-1,3748,3778,3749,-1,3749,3778,3779,-1,3749,3779,3750,-1,3750,3779,3780,-1,3750,3780,3751,-1,3751,3780,3781,-1,3751,3781,3752,-1,3752,3781,3782,-1,3752,3782,3753,-1,3753,3782,3783,-1,3753,3783,3754,-1,3754,3783,3784,-1,3754,3784,3755,-1,3755,3784,3785,-1,3755,3785,3756,-1,3756,3785,3786,-1,3756,3786,3757,-1,3757,3786,3787,-1,3757,3787,3758,-1,3758,3787,3788,-1,3758,3788,3759,-1,3759,3788,3789,-1,3759,3789,3760,-1,3760,3789,3790,-1,3760,3790,3761,-1,3761,3790,3791,-1,3761,3791,3762,-1,3762,3791,3792,-1,3762,3792,3763,-1,3763,3792,3793,-1,3763,3793,3764,-1,3764,3793,3794,-1,3764,3794,3765,-1,3765,3794,3795,-1,3765,3795,3766,-1,3766,3795,3767,-1,3795,3505,3767,-1,3767,3505,3504,-1,3767,3504,3768,-1,3768,3504,3507,-1,3768,3507,3769,-1,3769,3507,3508,-1,3769,3508,3770,-1,3770,3508,3509,-1,3770,3509,3771,-1,3771,3509,3510,-1,3771,3510,3772,-1,3772,3510,3511,-1,3772,3511,3773,-1,3773,3511,3512,-1,3773,3512,3774,-1,3774,3512,3513,-1,3774,3513,3775,-1,3775,3513,3514,-1,3775,3514,3776,-1,3776,3514,3515,-1,3776,3515,3777,-1,3777,3515,3516,-1,3777,3516,3778,-1,3778,3516,3517,-1,3778,3517,3779,-1,3779,3517,3518,-1,3779,3518,3780,-1,3780,3518,3519,-1,3780,3519,3781,-1,3781,3519,3520,-1,3781,3520,3782,-1,3782,3520,3521,-1,3782,3521,3783,-1,3783,3521,3522,-1,3783,3522,3784,-1,3784,3522,3523,-1,3784,3523,3785,-1,3785,3523,3524,-1,3785,3524,3786,-1,3786,3524,3525,-1,3786,3525,3787,-1,3787,3525,3526,-1,3787,3526,3788,-1,3788,3526,3527,-1,3788,3527,3789,-1,3789,3527,3528,-1,3789,3528,3790,-1,3790,3528,3529,-1,3790,3529,3791,-1,3791,3529,3530,-1,3791,3530,3792,-1,3792,3530,3531,-1,3792,3531,3793,-1,3793,3531,3532,-1,3793,3532,3794,-1,3794,3532,3533,-1,3794,3533,3795,-1,3795,3533,3505,-1,3796,3797,3798,-1,3796,3798,3799,-1,3800,3799,3798,-1,3801,3800,3798,-1,3802,3801,3798,-1,3803,3802,3798,-1,3804,3803,3798,-1,3805,3804,3798,-1,3806,3805,3798,-1,3807,3806,3798,-1,3808,3807,3798,-1,3809,3808,3798,-1,3810,3809,3798,-1,3811,3810,3798,-1,3812,3811,3798,-1,3813,3812,3798,-1,3814,3813,3798,-1,3815,3814,3798,-1,3816,3815,3798,-1,3817,3816,3798,-1,3818,3817,3798,-1,3819,3818,3798,-1,3820,3819,3798,-1,3821,3820,3798,-1,3822,3821,3798,-1,3823,3822,3798,-1,3824,3823,3798,-1,3825,3824,3798,-1,3797,3825,3798,-1,3826,3827,3828,-1,3828,3827,3829,-1,3828,3829,3830,-1,3830,3829,3831,-1,3830,3831,3832,-1,3832,3831,3833,-1,3832,3833,3834,-1,3834,3833,3835,-1,3834,3835,3836,-1,3836,3835,3837,-1,3836,3837,3838,-1,3838,3837,3839,-1,3838,3839,3840,-1,3840,3839,3841,-1,3840,3841,3842,-1,3842,3841,3843,-1,3842,3843,3844,-1,3844,3843,3845,-1,3844,3845,3846,-1,3846,3845,3847,-1,3846,3847,3848,-1,3848,3847,3849,-1,3848,3849,3850,-1,3850,3849,3851,-1,3850,3851,3852,-1,3852,3851,3853,-1,3852,3853,3854,-1,3854,3853,3855,-1,3854,3855,3856,-1,3856,3855,3857,-1,3856,3857,3858,-1,3858,3857,3859,-1,3858,3859,3860,-1,3860,3859,3861,-1,3860,3861,3862,-1,3862,3861,3863,-1,3862,3863,3864,-1,3864,3863,3865,-1,3864,3865,3866,-1,3866,3865,3867,-1,3866,3867,3868,-1,3868,3867,3869,-1,3868,3869,3870,-1,3870,3869,3871,-1,3870,3871,3872,-1,3872,3871,3873,-1,3872,3873,3874,-1,3874,3873,3875,-1,3874,3875,3876,-1,3876,3875,3877,-1,3876,3877,3878,-1,3878,3877,3879,-1,3878,3879,3880,-1,3880,3879,3881,-1,3880,3881,3882,-1,3882,3881,3883,-1,3882,3883,3884,-1,3884,3883,3826,-1,3884,3826,3828,-1,3870,3885,3868,-1,3868,3885,3886,-1,3868,3886,3866,-1,3866,3886,3887,-1,3866,3887,3864,-1,3864,3887,3888,-1,3864,3888,3862,-1,3862,3888,3889,-1,3862,3889,3860,-1,3860,3889,3890,-1,3860,3890,3858,-1,3858,3890,3891,-1,3858,3891,3856,-1,3856,3891,3892,-1,3856,3892,3854,-1,3854,3892,3893,-1,3854,3893,3852,-1,3852,3893,3894,-1,3852,3894,3850,-1,3850,3894,3895,-1,3850,3895,3848,-1,3848,3895,3896,-1,3848,3896,3846,-1,3846,3896,3897,-1,3846,3897,3844,-1,3844,3897,3898,-1,3844,3898,3842,-1,3842,3898,3899,-1,3842,3899,3840,-1,3840,3899,3900,-1,3840,3900,3838,-1,3838,3900,3901,-1,3838,3901,3836,-1,3836,3901,3902,-1,3836,3902,3834,-1,3834,3902,3903,-1,3834,3903,3832,-1,3832,3903,3904,-1,3832,3904,3830,-1,3830,3904,3905,-1,3830,3905,3828,-1,3828,3905,3906,-1,3828,3906,3884,-1,3884,3906,3907,-1,3884,3907,3882,-1,3882,3907,3908,-1,3882,3908,3880,-1,3880,3908,3909,-1,3880,3909,3878,-1,3878,3909,3910,-1,3878,3910,3876,-1,3876,3910,3911,-1,3876,3911,3874,-1,3874,3911,3912,-1,3874,3912,3872,-1,3872,3912,3913,-1,3872,3913,3870,-1,3870,3913,3885,-1,3913,3914,3885,-1,3885,3914,3915,-1,3885,3915,3886,-1,3886,3915,3916,-1,3886,3916,3887,-1,3887,3916,3917,-1,3887,3917,3888,-1,3888,3917,3918,-1,3888,3918,3889,-1,3889,3918,3919,-1,3889,3919,3890,-1,3890,3919,3920,-1,3890,3920,3891,-1,3891,3920,3921,-1,3891,3921,3892,-1,3892,3921,3922,-1,3892,3922,3893,-1,3893,3922,3923,-1,3893,3923,3894,-1,3894,3923,3924,-1,3894,3924,3895,-1,3895,3924,3925,-1,3895,3925,3896,-1,3896,3925,3926,-1,3896,3926,3897,-1,3897,3926,3927,-1,3897,3927,3898,-1,3898,3927,3928,-1,3898,3928,3899,-1,3899,3928,3929,-1,3899,3929,3900,-1,3900,3929,3930,-1,3900,3930,3901,-1,3901,3930,3931,-1,3901,3931,3902,-1,3902,3931,3932,-1,3902,3932,3903,-1,3903,3932,3933,-1,3903,3933,3904,-1,3904,3933,3934,-1,3904,3934,3905,-1,3905,3934,3935,-1,3905,3935,3906,-1,3906,3935,3936,-1,3906,3936,3907,-1,3907,3936,3937,-1,3907,3937,3908,-1,3908,3937,3938,-1,3908,3938,3909,-1,3909,3938,3939,-1,3909,3939,3910,-1,3910,3939,3940,-1,3910,3940,3911,-1,3911,3940,3941,-1,3911,3941,3912,-1,3912,3941,3942,-1,3912,3942,3913,-1,3913,3942,3914,-1,3942,3943,3914,-1,3914,3943,3944,-1,3914,3944,3915,-1,3915,3944,3945,-1,3915,3945,3916,-1,3916,3945,3946,-1,3916,3946,3917,-1,3917,3946,3947,-1,3917,3947,3918,-1,3918,3947,3948,-1,3918,3948,3919,-1,3919,3948,3949,-1,3919,3949,3920,-1,3920,3949,3950,-1,3920,3950,3921,-1,3921,3950,3951,-1,3921,3951,3922,-1,3922,3951,3952,-1,3922,3952,3923,-1,3923,3952,3953,-1,3923,3953,3924,-1,3924,3953,3954,-1,3924,3954,3925,-1,3925,3954,3955,-1,3925,3955,3926,-1,3926,3955,3956,-1,3926,3956,3927,-1,3927,3956,3957,-1,3927,3957,3928,-1,3928,3957,3958,-1,3928,3958,3929,-1,3929,3958,3959,-1,3929,3959,3930,-1,3930,3959,3960,-1,3930,3960,3931,-1,3931,3960,3961,-1,3931,3961,3932,-1,3932,3961,3962,-1,3932,3962,3933,-1,3933,3962,3963,-1,3933,3963,3934,-1,3934,3963,3964,-1,3934,3964,3935,-1,3935,3964,3965,-1,3935,3965,3936,-1,3936,3965,3966,-1,3936,3966,3937,-1,3937,3966,3967,-1,3937,3967,3938,-1,3938,3967,3968,-1,3938,3968,3939,-1,3939,3968,3969,-1,3939,3969,3940,-1,3940,3969,3970,-1,3940,3970,3941,-1,3941,3970,3971,-1,3941,3971,3942,-1,3942,3971,3943,-1,3971,3972,3943,-1,3943,3972,3973,-1,3943,3973,3944,-1,3944,3973,3974,-1,3944,3974,3945,-1,3945,3974,3975,-1,3945,3975,3946,-1,3946,3975,3976,-1,3946,3976,3947,-1,3947,3976,3977,-1,3947,3977,3948,-1,3948,3977,3978,-1,3948,3978,3949,-1,3949,3978,3979,-1,3949,3979,3950,-1,3950,3979,3980,-1,3950,3980,3951,-1,3951,3980,3981,-1,3951,3981,3952,-1,3952,3981,3982,-1,3952,3982,3953,-1,3953,3982,3983,-1,3953,3983,3954,-1,3954,3983,3984,-1,3954,3984,3955,-1,3955,3984,3985,-1,3955,3985,3956,-1,3956,3985,3986,-1,3956,3986,3957,-1,3957,3986,3987,-1,3957,3987,3958,-1,3958,3987,3988,-1,3958,3988,3959,-1,3959,3988,3989,-1,3959,3989,3960,-1,3960,3989,3990,-1,3960,3990,3961,-1,3961,3990,3991,-1,3961,3991,3962,-1,3962,3991,3992,-1,3962,3992,3963,-1,3963,3992,3993,-1,3963,3993,3964,-1,3964,3993,3994,-1,3964,3994,3965,-1,3965,3994,3995,-1,3965,3995,3966,-1,3966,3995,3996,-1,3966,3996,3967,-1,3967,3996,3997,-1,3967,3997,3968,-1,3968,3997,3998,-1,3968,3998,3969,-1,3969,3998,3999,-1,3969,3999,3970,-1,3970,3999,4000,-1,3970,4000,3971,-1,3971,4000,3972,-1,4000,4001,3972,-1,3972,4001,4002,-1,3972,4002,3973,-1,3973,4002,4003,-1,3973,4003,3974,-1,3974,4003,4004,-1,3974,4004,3975,-1,3975,4004,4005,-1,3975,4005,3976,-1,3976,4005,4006,-1,3976,4006,3977,-1,3977,4006,4007,-1,3977,4007,3978,-1,3978,4007,4008,-1,3978,4008,3979,-1,3979,4008,4009,-1,3979,4009,3980,-1,3980,4009,4010,-1,3980,4010,3981,-1,3981,4010,4011,-1,3981,4011,3982,-1,3982,4011,4012,-1,3982,4012,3983,-1,3983,4012,4013,-1,3983,4013,3984,-1,3984,4013,4014,-1,3984,4014,3985,-1,3985,4014,4015,-1,3985,4015,3986,-1,3986,4015,4016,-1,3986,4016,3987,-1,3987,4016,4017,-1,3987,4017,3988,-1,3988,4017,4018,-1,3988,4018,3989,-1,3989,4018,4019,-1,3989,4019,3990,-1,3990,4019,4020,-1,3990,4020,3991,-1,3991,4020,4021,-1,3991,4021,3992,-1,3992,4021,4022,-1,3992,4022,3993,-1,3993,4022,4023,-1,3993,4023,3994,-1,3994,4023,4024,-1,3994,4024,3995,-1,3995,4024,4025,-1,3995,4025,3996,-1,3996,4025,4026,-1,3996,4026,3997,-1,3997,4026,4027,-1,3997,4027,3998,-1,3998,4027,4028,-1,3998,4028,3999,-1,3999,4028,4029,-1,3999,4029,4000,-1,4000,4029,4001,-1,4029,4030,4001,-1,4001,4030,4031,-1,4001,4031,4002,-1,4002,4031,4032,-1,4002,4032,4003,-1,4003,4032,4033,-1,4003,4033,4004,-1,4004,4033,4034,-1,4004,4034,4005,-1,4005,4034,4035,-1,4005,4035,4006,-1,4006,4035,4036,-1,4006,4036,4007,-1,4007,4036,4037,-1,4007,4037,4008,-1,4008,4037,4038,-1,4008,4038,4009,-1,4009,4038,4039,-1,4009,4039,4010,-1,4010,4039,4040,-1,4010,4040,4011,-1,4011,4040,4041,-1,4011,4041,4012,-1,4012,4041,4042,-1,4012,4042,4013,-1,4013,4042,4043,-1,4013,4043,4014,-1,4014,4043,4044,-1,4014,4044,4015,-1,4015,4044,4045,-1,4015,4045,4016,-1,4016,4045,4046,-1,4016,4046,4017,-1,4017,4046,4047,-1,4017,4047,4018,-1,4018,4047,4048,-1,4018,4048,4019,-1,4019,4048,4049,-1,4019,4049,4020,-1,4020,4049,4050,-1,4020,4050,4021,-1,4021,4050,4051,-1,4021,4051,4022,-1,4022,4051,4052,-1,4022,4052,4023,-1,4023,4052,4053,-1,4023,4053,4024,-1,4024,4053,4054,-1,4024,4054,4025,-1,4025,4054,4055,-1,4025,4055,4026,-1,4026,4055,4056,-1,4026,4056,4027,-1,4027,4056,4057,-1,4027,4057,4028,-1,4028,4057,4058,-1,4028,4058,4029,-1,4029,4058,4030,-1,4058,4059,4030,-1,4030,4059,4060,-1,4030,4060,4031,-1,4031,4060,4061,-1,4031,4061,4032,-1,4032,4061,4062,-1,4032,4062,4033,-1,4033,4062,4063,-1,4033,4063,4034,-1,4034,4063,4064,-1,4034,4064,4035,-1,4035,4064,4065,-1,4035,4065,4036,-1,4036,4065,4066,-1,4036,4066,4037,-1,4037,4066,4067,-1,4037,4067,4038,-1,4038,4067,4068,-1,4038,4068,4039,-1,4039,4068,4069,-1,4039,4069,4040,-1,4040,4069,4070,-1,4040,4070,4041,-1,4041,4070,4071,-1,4041,4071,4042,-1,4042,4071,4072,-1,4042,4072,4043,-1,4043,4072,4073,-1,4043,4073,4044,-1,4044,4073,4074,-1,4044,4074,4045,-1,4045,4074,4075,-1,4045,4075,4046,-1,4046,4075,4076,-1,4046,4076,4047,-1,4047,4076,4077,-1,4047,4077,4048,-1,4048,4077,4078,-1,4048,4078,4049,-1,4049,4078,4079,-1,4049,4079,4050,-1,4050,4079,4080,-1,4050,4080,4051,-1,4051,4080,4081,-1,4051,4081,4052,-1,4052,4081,4082,-1,4052,4082,4053,-1,4053,4082,4083,-1,4053,4083,4054,-1,4054,4083,4084,-1,4054,4084,4055,-1,4055,4084,4085,-1,4055,4085,4056,-1,4056,4085,4086,-1,4056,4086,4057,-1,4057,4086,4087,-1,4057,4087,4058,-1,4058,4087,4059,-1,4087,3797,4059,-1,4059,3797,3796,-1,4059,3796,4060,-1,4060,3796,3799,-1,4060,3799,4061,-1,4061,3799,3800,-1,4061,3800,4062,-1,4062,3800,3801,-1,4062,3801,4063,-1,4063,3801,3802,-1,4063,3802,4064,-1,4064,3802,3803,-1,4064,3803,4065,-1,4065,3803,3804,-1,4065,3804,4066,-1,4066,3804,3805,-1,4066,3805,4067,-1,4067,3805,3806,-1,4067,3806,4068,-1,4068,3806,3807,-1,4068,3807,4069,-1,4069,3807,3808,-1,4069,3808,4070,-1,4070,3808,3809,-1,4070,3809,4071,-1,4071,3809,3810,-1,4071,3810,4072,-1,4072,3810,3811,-1,4072,3811,4073,-1,4073,3811,3812,-1,4073,3812,4074,-1,4074,3812,3813,-1,4074,3813,4075,-1,4075,3813,3814,-1,4075,3814,4076,-1,4076,3814,3815,-1,4076,3815,4077,-1,4077,3815,3816,-1,4077,3816,4078,-1,4078,3816,3817,-1,4078,3817,4079,-1,4079,3817,3818,-1,4079,3818,4080,-1,4080,3818,3819,-1,4080,3819,4081,-1,4081,3819,3820,-1,4081,3820,4082,-1,4082,3820,3821,-1,4082,3821,4083,-1,4083,3821,3822,-1,4083,3822,4084,-1,4084,3822,3823,-1,4084,3823,4085,-1,4085,3823,3824,-1,4085,3824,4086,-1,4086,3824,3825,-1,4086,3825,4087,-1,4087,3825,3797,-1,4088,4089,4090,-1,4088,4090,4091,-1,4092,4091,4090,-1,4093,4092,4090,-1,4094,4093,4090,-1,4095,4094,4090,-1,4096,4095,4090,-1,4097,4096,4090,-1,4098,4097,4090,-1,4099,4098,4090,-1,4100,4099,4090,-1,4101,4100,4090,-1,4102,4101,4090,-1,4103,4102,4090,-1,4104,4103,4090,-1,4105,4104,4090,-1,4106,4105,4090,-1,4107,4106,4090,-1,4108,4107,4090,-1,4109,4108,4090,-1,4110,4109,4090,-1,4111,4110,4090,-1,4112,4111,4090,-1,4113,4112,4090,-1,4114,4113,4090,-1,4115,4114,4090,-1,4116,4115,4090,-1,4117,4116,4090,-1,4089,4117,4090,-1,4118,4119,4120,-1,4120,4119,4121,-1,4120,4121,4122,-1,4122,4121,4123,-1,4122,4123,4124,-1,4124,4123,4125,-1,4124,4125,4126,-1,4126,4125,4127,-1,4126,4127,4128,-1,4128,4127,4129,-1,4128,4129,4130,-1,4130,4129,4131,-1,4130,4131,4132,-1,4132,4131,4133,-1,4132,4133,4134,-1,4134,4133,4135,-1,4134,4135,4136,-1,4136,4135,4137,-1,4136,4137,4138,-1,4138,4137,4139,-1,4138,4139,4140,-1,4140,4139,4141,-1,4140,4141,4142,-1,4142,4141,4143,-1,4142,4143,4144,-1,4144,4143,4145,-1,4144,4145,4146,-1,4146,4145,4147,-1,4146,4147,4148,-1,4148,4147,4149,-1,4148,4149,4150,-1,4150,4149,4151,-1,4150,4151,4152,-1,4152,4151,4153,-1,4152,4153,4154,-1,4154,4153,4155,-1,4154,4155,4156,-1,4156,4155,4157,-1,4156,4157,4158,-1,4158,4157,4159,-1,4158,4159,4160,-1,4160,4159,4161,-1,4160,4161,4162,-1,4162,4161,4163,-1,4162,4163,4164,-1,4164,4163,4165,-1,4164,4165,4166,-1,4166,4165,4167,-1,4166,4167,4168,-1,4168,4167,4169,-1,4168,4169,4170,-1,4170,4169,4171,-1,4170,4171,4172,-1,4172,4171,4173,-1,4172,4173,4174,-1,4174,4173,4175,-1,4174,4175,4176,-1,4176,4175,4118,-1,4176,4118,4120,-1,4162,4177,4160,-1,4160,4177,4178,-1,4160,4178,4158,-1,4158,4178,4179,-1,4158,4179,4156,-1,4156,4179,4180,-1,4156,4180,4154,-1,4154,4180,4181,-1,4154,4181,4152,-1,4152,4181,4182,-1,4152,4182,4150,-1,4150,4182,4183,-1,4150,4183,4148,-1,4148,4183,4184,-1,4148,4184,4146,-1,4146,4184,4185,-1,4146,4185,4144,-1,4144,4185,4186,-1,4144,4186,4142,-1,4142,4186,4187,-1,4142,4187,4140,-1,4140,4187,4188,-1,4140,4188,4138,-1,4138,4188,4189,-1,4138,4189,4136,-1,4136,4189,4190,-1,4136,4190,4134,-1,4134,4190,4191,-1,4134,4191,4132,-1,4132,4191,4192,-1,4132,4192,4130,-1,4130,4192,4193,-1,4130,4193,4128,-1,4128,4193,4194,-1,4128,4194,4126,-1,4126,4194,4195,-1,4126,4195,4124,-1,4124,4195,4196,-1,4124,4196,4122,-1,4122,4196,4197,-1,4122,4197,4120,-1,4120,4197,4198,-1,4120,4198,4176,-1,4176,4198,4199,-1,4176,4199,4174,-1,4174,4199,4200,-1,4174,4200,4172,-1,4172,4200,4201,-1,4172,4201,4170,-1,4170,4201,4202,-1,4170,4202,4168,-1,4168,4202,4203,-1,4168,4203,4166,-1,4166,4203,4204,-1,4166,4204,4164,-1,4164,4204,4205,-1,4164,4205,4162,-1,4162,4205,4177,-1,4205,4206,4177,-1,4177,4206,4207,-1,4177,4207,4178,-1,4178,4207,4208,-1,4178,4208,4179,-1,4179,4208,4209,-1,4179,4209,4180,-1,4180,4209,4210,-1,4180,4210,4181,-1,4181,4210,4211,-1,4181,4211,4182,-1,4182,4211,4212,-1,4182,4212,4183,-1,4183,4212,4213,-1,4183,4213,4184,-1,4184,4213,4214,-1,4184,4214,4185,-1,4185,4214,4215,-1,4185,4215,4186,-1,4186,4215,4216,-1,4186,4216,4187,-1,4187,4216,4217,-1,4187,4217,4188,-1,4188,4217,4218,-1,4188,4218,4189,-1,4189,4218,4219,-1,4189,4219,4190,-1,4190,4219,4220,-1,4190,4220,4191,-1,4191,4220,4221,-1,4191,4221,4192,-1,4192,4221,4222,-1,4192,4222,4193,-1,4193,4222,4223,-1,4193,4223,4194,-1,4194,4223,4224,-1,4194,4224,4195,-1,4195,4224,4225,-1,4195,4225,4196,-1,4196,4225,4226,-1,4196,4226,4197,-1,4197,4226,4227,-1,4197,4227,4198,-1,4198,4227,4228,-1,4198,4228,4199,-1,4199,4228,4229,-1,4199,4229,4200,-1,4200,4229,4230,-1,4200,4230,4201,-1,4201,4230,4231,-1,4201,4231,4202,-1,4202,4231,4232,-1,4202,4232,4203,-1,4203,4232,4233,-1,4203,4233,4204,-1,4204,4233,4234,-1,4204,4234,4205,-1,4205,4234,4206,-1,4234,4235,4206,-1,4206,4235,4236,-1,4206,4236,4207,-1,4207,4236,4237,-1,4207,4237,4208,-1,4208,4237,4238,-1,4208,4238,4209,-1,4209,4238,4239,-1,4209,4239,4210,-1,4210,4239,4240,-1,4210,4240,4211,-1,4211,4240,4241,-1,4211,4241,4212,-1,4212,4241,4242,-1,4212,4242,4213,-1,4213,4242,4243,-1,4213,4243,4214,-1,4214,4243,4244,-1,4214,4244,4215,-1,4215,4244,4245,-1,4215,4245,4216,-1,4216,4245,4246,-1,4216,4246,4217,-1,4217,4246,4247,-1,4217,4247,4218,-1,4218,4247,4248,-1,4218,4248,4219,-1,4219,4248,4249,-1,4219,4249,4220,-1,4220,4249,4250,-1,4220,4250,4221,-1,4221,4250,4251,-1,4221,4251,4222,-1,4222,4251,4252,-1,4222,4252,4223,-1,4223,4252,4253,-1,4223,4253,4224,-1,4224,4253,4254,-1,4224,4254,4225,-1,4225,4254,4255,-1,4225,4255,4226,-1,4226,4255,4256,-1,4226,4256,4227,-1,4227,4256,4257,-1,4227,4257,4228,-1,4228,4257,4258,-1,4228,4258,4229,-1,4229,4258,4259,-1,4229,4259,4230,-1,4230,4259,4260,-1,4230,4260,4231,-1,4231,4260,4261,-1,4231,4261,4232,-1,4232,4261,4262,-1,4232,4262,4233,-1,4233,4262,4263,-1,4233,4263,4234,-1,4234,4263,4235,-1,4263,4264,4235,-1,4235,4264,4265,-1,4235,4265,4236,-1,4236,4265,4266,-1,4236,4266,4237,-1,4237,4266,4267,-1,4237,4267,4238,-1,4238,4267,4268,-1,4238,4268,4239,-1,4239,4268,4269,-1,4239,4269,4240,-1,4240,4269,4270,-1,4240,4270,4241,-1,4241,4270,4271,-1,4241,4271,4242,-1,4242,4271,4272,-1,4242,4272,4243,-1,4243,4272,4273,-1,4243,4273,4244,-1,4244,4273,4274,-1,4244,4274,4245,-1,4245,4274,4275,-1,4245,4275,4246,-1,4246,4275,4276,-1,4246,4276,4247,-1,4247,4276,4277,-1,4247,4277,4248,-1,4248,4277,4278,-1,4248,4278,4249,-1,4249,4278,4279,-1,4249,4279,4250,-1,4250,4279,4280,-1,4250,4280,4251,-1,4251,4280,4281,-1,4251,4281,4252,-1,4252,4281,4282,-1,4252,4282,4253,-1,4253,4282,4283,-1,4253,4283,4254,-1,4254,4283,4284,-1,4254,4284,4255,-1,4255,4284,4285,-1,4255,4285,4256,-1,4256,4285,4286,-1,4256,4286,4257,-1,4257,4286,4287,-1,4257,4287,4258,-1,4258,4287,4288,-1,4258,4288,4259,-1,4259,4288,4289,-1,4259,4289,4260,-1,4260,4289,4290,-1,4260,4290,4261,-1,4261,4290,4291,-1,4261,4291,4262,-1,4262,4291,4292,-1,4262,4292,4263,-1,4263,4292,4264,-1,4292,4293,4264,-1,4264,4293,4294,-1,4264,4294,4265,-1,4265,4294,4295,-1,4265,4295,4266,-1,4266,4295,4296,-1,4266,4296,4267,-1,4267,4296,4297,-1,4267,4297,4268,-1,4268,4297,4298,-1,4268,4298,4269,-1,4269,4298,4299,-1,4269,4299,4270,-1,4270,4299,4300,-1,4270,4300,4271,-1,4271,4300,4301,-1,4271,4301,4272,-1,4272,4301,4302,-1,4272,4302,4273,-1,4273,4302,4303,-1,4273,4303,4274,-1,4274,4303,4304,-1,4274,4304,4275,-1,4275,4304,4305,-1,4275,4305,4276,-1,4276,4305,4306,-1,4276,4306,4277,-1,4277,4306,4307,-1,4277,4307,4278,-1,4278,4307,4308,-1,4278,4308,4279,-1,4279,4308,4309,-1,4279,4309,4280,-1,4280,4309,4310,-1,4280,4310,4281,-1,4281,4310,4311,-1,4281,4311,4282,-1,4282,4311,4312,-1,4282,4312,4283,-1,4283,4312,4313,-1,4283,4313,4284,-1,4284,4313,4314,-1,4284,4314,4285,-1,4285,4314,4315,-1,4285,4315,4286,-1,4286,4315,4316,-1,4286,4316,4287,-1,4287,4316,4317,-1,4287,4317,4288,-1,4288,4317,4318,-1,4288,4318,4289,-1,4289,4318,4319,-1,4289,4319,4290,-1,4290,4319,4320,-1,4290,4320,4291,-1,4291,4320,4321,-1,4291,4321,4292,-1,4292,4321,4293,-1,4321,4322,4293,-1,4293,4322,4323,-1,4293,4323,4294,-1,4294,4323,4324,-1,4294,4324,4295,-1,4295,4324,4325,-1,4295,4325,4296,-1,4296,4325,4326,-1,4296,4326,4297,-1,4297,4326,4327,-1,4297,4327,4298,-1,4298,4327,4328,-1,4298,4328,4299,-1,4299,4328,4329,-1,4299,4329,4300,-1,4300,4329,4330,-1,4300,4330,4301,-1,4301,4330,4331,-1,4301,4331,4302,-1,4302,4331,4332,-1,4302,4332,4303,-1,4303,4332,4333,-1,4303,4333,4304,-1,4304,4333,4334,-1,4304,4334,4305,-1,4305,4334,4335,-1,4305,4335,4306,-1,4306,4335,4336,-1,4306,4336,4307,-1,4307,4336,4337,-1,4307,4337,4308,-1,4308,4337,4338,-1,4308,4338,4309,-1,4309,4338,4339,-1,4309,4339,4310,-1,4310,4339,4340,-1,4310,4340,4311,-1,4311,4340,4341,-1,4311,4341,4312,-1,4312,4341,4342,-1,4312,4342,4313,-1,4313,4342,4343,-1,4313,4343,4314,-1,4314,4343,4344,-1,4314,4344,4315,-1,4315,4344,4345,-1,4315,4345,4316,-1,4316,4345,4346,-1,4316,4346,4317,-1,4317,4346,4347,-1,4317,4347,4318,-1,4318,4347,4348,-1,4318,4348,4319,-1,4319,4348,4349,-1,4319,4349,4320,-1,4320,4349,4350,-1,4320,4350,4321,-1,4321,4350,4322,-1,4350,4351,4322,-1,4322,4351,4352,-1,4322,4352,4323,-1,4323,4352,4353,-1,4323,4353,4324,-1,4324,4353,4354,-1,4324,4354,4325,-1,4325,4354,4355,-1,4325,4355,4326,-1,4326,4355,4356,-1,4326,4356,4327,-1,4327,4356,4357,-1,4327,4357,4328,-1,4328,4357,4358,-1,4328,4358,4329,-1,4329,4358,4359,-1,4329,4359,4330,-1,4330,4359,4360,-1,4330,4360,4331,-1,4331,4360,4361,-1,4331,4361,4332,-1,4332,4361,4362,-1,4332,4362,4333,-1,4333,4362,4363,-1,4333,4363,4334,-1,4334,4363,4364,-1,4334,4364,4335,-1,4335,4364,4365,-1,4335,4365,4336,-1,4336,4365,4366,-1,4336,4366,4337,-1,4337,4366,4367,-1,4337,4367,4338,-1,4338,4367,4368,-1,4338,4368,4339,-1,4339,4368,4369,-1,4339,4369,4340,-1,4340,4369,4370,-1,4340,4370,4341,-1,4341,4370,4371,-1,4341,4371,4342,-1,4342,4371,4372,-1,4342,4372,4343,-1,4343,4372,4373,-1,4343,4373,4344,-1,4344,4373,4374,-1,4344,4374,4345,-1,4345,4374,4375,-1,4345,4375,4346,-1,4346,4375,4376,-1,4346,4376,4347,-1,4347,4376,4377,-1,4347,4377,4348,-1,4348,4377,4378,-1,4348,4378,4349,-1,4349,4378,4379,-1,4349,4379,4350,-1,4350,4379,4351,-1,4379,4089,4351,-1,4351,4089,4088,-1,4351,4088,4352,-1,4352,4088,4091,-1,4352,4091,4353,-1,4353,4091,4092,-1,4353,4092,4354,-1,4354,4092,4093,-1,4354,4093,4355,-1,4355,4093,4094,-1,4355,4094,4356,-1,4356,4094,4095,-1,4356,4095,4357,-1,4357,4095,4096,-1,4357,4096,4358,-1,4358,4096,4097,-1,4358,4097,4359,-1,4359,4097,4098,-1,4359,4098,4360,-1,4360,4098,4099,-1,4360,4099,4361,-1,4361,4099,4100,-1,4361,4100,4362,-1,4362,4100,4101,-1,4362,4101,4363,-1,4363,4101,4102,-1,4363,4102,4364,-1,4364,4102,4103,-1,4364,4103,4365,-1,4365,4103,4104,-1,4365,4104,4366,-1,4366,4104,4105,-1,4366,4105,4367,-1,4367,4105,4106,-1,4367,4106,4368,-1,4368,4106,4107,-1,4368,4107,4369,-1,4369,4107,4108,-1,4369,4108,4370,-1,4370,4108,4109,-1,4370,4109,4371,-1,4371,4109,4110,-1,4371,4110,4372,-1,4372,4110,4111,-1,4372,4111,4373,-1,4373,4111,4112,-1,4373,4112,4374,-1,4374,4112,4113,-1,4374,4113,4375,-1,4375,4113,4114,-1,4375,4114,4376,-1,4376,4114,4115,-1,4376,4115,4377,-1,4377,4115,4116,-1,4377,4116,4378,-1,4378,4116,4117,-1,4378,4117,4379,-1,4379,4117,4089,-1,4380,4381,4382,-1,4380,4382,4383,-1,4384,4383,4382,-1,4385,4384,4382,-1,4386,4385,4382,-1,4387,4386,4382,-1,4388,4387,4382,-1,4389,4388,4382,-1,4390,4389,4382,-1,4391,4390,4382,-1,4392,4391,4382,-1,4393,4392,4382,-1,4394,4393,4382,-1,4395,4394,4382,-1,4396,4395,4382,-1,4397,4396,4382,-1,4398,4397,4382,-1,4399,4398,4382,-1,4400,4399,4382,-1,4401,4400,4382,-1,4402,4401,4382,-1,4403,4402,4382,-1,4404,4403,4382,-1,4405,4404,4382,-1,4406,4405,4382,-1,4407,4406,4382,-1,4408,4407,4382,-1,4409,4408,4382,-1,4381,4409,4382,-1,4410,4411,4412,-1,4412,4411,4413,-1,4412,4413,4414,-1,4414,4413,4415,-1,4414,4415,4416,-1,4416,4415,4417,-1,4416,4417,4418,-1,4418,4417,4419,-1,4418,4419,4420,-1,4420,4419,4421,-1,4420,4421,4422,-1,4422,4421,4423,-1,4422,4423,4424,-1,4424,4423,4425,-1,4424,4425,4426,-1,4426,4425,4427,-1,4426,4427,4428,-1,4428,4427,4429,-1,4428,4429,4430,-1,4430,4429,4431,-1,4430,4431,4432,-1,4432,4431,4433,-1,4432,4433,4434,-1,4434,4433,4435,-1,4434,4435,4436,-1,4436,4435,4437,-1,4436,4437,4438,-1,4438,4437,4439,-1,4438,4439,4440,-1,4440,4439,4441,-1,4440,4441,4442,-1,4442,4441,4443,-1,4442,4443,4444,-1,4444,4443,4445,-1,4444,4445,4446,-1,4446,4445,4447,-1,4446,4447,4448,-1,4448,4447,4449,-1,4448,4449,4450,-1,4450,4449,4451,-1,4450,4451,4452,-1,4452,4451,4453,-1,4452,4453,4454,-1,4454,4453,4455,-1,4454,4455,4456,-1,4456,4455,4457,-1,4456,4457,4458,-1,4458,4457,4459,-1,4458,4459,4460,-1,4460,4459,4461,-1,4460,4461,4462,-1,4462,4461,4463,-1,4462,4463,4464,-1,4464,4463,4465,-1,4464,4465,4466,-1,4466,4465,4467,-1,4466,4467,4468,-1,4468,4467,4410,-1,4468,4410,4412,-1,4454,4469,4452,-1,4452,4469,4470,-1,4452,4470,4450,-1,4450,4470,4471,-1,4450,4471,4448,-1,4448,4471,4472,-1,4448,4472,4446,-1,4446,4472,4473,-1,4446,4473,4444,-1,4444,4473,4474,-1,4444,4474,4442,-1,4442,4474,4475,-1,4442,4475,4440,-1,4440,4475,4476,-1,4440,4476,4438,-1,4438,4476,4477,-1,4438,4477,4436,-1,4436,4477,4478,-1,4436,4478,4434,-1,4434,4478,4479,-1,4434,4479,4432,-1,4432,4479,4480,-1,4432,4480,4430,-1,4430,4480,4481,-1,4430,4481,4428,-1,4428,4481,4482,-1,4428,4482,4426,-1,4426,4482,4483,-1,4426,4483,4424,-1,4424,4483,4484,-1,4424,4484,4422,-1,4422,4484,4485,-1,4422,4485,4420,-1,4420,4485,4486,-1,4420,4486,4418,-1,4418,4486,4487,-1,4418,4487,4416,-1,4416,4487,4488,-1,4416,4488,4414,-1,4414,4488,4489,-1,4414,4489,4412,-1,4412,4489,4490,-1,4412,4490,4468,-1,4468,4490,4491,-1,4468,4491,4466,-1,4466,4491,4492,-1,4466,4492,4464,-1,4464,4492,4493,-1,4464,4493,4462,-1,4462,4493,4494,-1,4462,4494,4460,-1,4460,4494,4495,-1,4460,4495,4458,-1,4458,4495,4496,-1,4458,4496,4456,-1,4456,4496,4497,-1,4456,4497,4454,-1,4454,4497,4469,-1,4497,4498,4469,-1,4469,4498,4499,-1,4469,4499,4470,-1,4470,4499,4500,-1,4470,4500,4471,-1,4471,4500,4501,-1,4471,4501,4472,-1,4472,4501,4502,-1,4472,4502,4473,-1,4473,4502,4503,-1,4473,4503,4474,-1,4474,4503,4504,-1,4474,4504,4475,-1,4475,4504,4505,-1,4475,4505,4476,-1,4476,4505,4506,-1,4476,4506,4477,-1,4477,4506,4507,-1,4477,4507,4478,-1,4478,4507,4508,-1,4478,4508,4479,-1,4479,4508,4509,-1,4479,4509,4480,-1,4480,4509,4510,-1,4480,4510,4481,-1,4481,4510,4511,-1,4481,4511,4482,-1,4482,4511,4512,-1,4482,4512,4483,-1,4483,4512,4513,-1,4483,4513,4484,-1,4484,4513,4514,-1,4484,4514,4485,-1,4485,4514,4515,-1,4485,4515,4486,-1,4486,4515,4516,-1,4486,4516,4487,-1,4487,4516,4517,-1,4487,4517,4488,-1,4488,4517,4518,-1,4488,4518,4489,-1,4489,4518,4519,-1,4489,4519,4490,-1,4490,4519,4520,-1,4490,4520,4491,-1,4491,4520,4521,-1,4491,4521,4492,-1,4492,4521,4522,-1,4492,4522,4493,-1,4493,4522,4523,-1,4493,4523,4494,-1,4494,4523,4524,-1,4494,4524,4495,-1,4495,4524,4525,-1,4495,4525,4496,-1,4496,4525,4526,-1,4496,4526,4497,-1,4497,4526,4498,-1,4526,4527,4498,-1,4498,4527,4528,-1,4498,4528,4499,-1,4499,4528,4529,-1,4499,4529,4500,-1,4500,4529,4530,-1,4500,4530,4501,-1,4501,4530,4531,-1,4501,4531,4502,-1,4502,4531,4532,-1,4502,4532,4503,-1,4503,4532,4533,-1,4503,4533,4504,-1,4504,4533,4534,-1,4504,4534,4505,-1,4505,4534,4535,-1,4505,4535,4506,-1,4506,4535,4536,-1,4506,4536,4507,-1,4507,4536,4537,-1,4507,4537,4508,-1,4508,4537,4538,-1,4508,4538,4509,-1,4509,4538,4539,-1,4509,4539,4510,-1,4510,4539,4540,-1,4510,4540,4511,-1,4511,4540,4541,-1,4511,4541,4512,-1,4512,4541,4542,-1,4512,4542,4513,-1,4513,4542,4543,-1,4513,4543,4514,-1,4514,4543,4544,-1,4514,4544,4515,-1,4515,4544,4545,-1,4515,4545,4516,-1,4516,4545,4546,-1,4516,4546,4517,-1,4517,4546,4547,-1,4517,4547,4518,-1,4518,4547,4548,-1,4518,4548,4519,-1,4519,4548,4549,-1,4519,4549,4520,-1,4520,4549,4550,-1,4520,4550,4521,-1,4521,4550,4551,-1,4521,4551,4522,-1,4522,4551,4552,-1,4522,4552,4523,-1,4523,4552,4553,-1,4523,4553,4524,-1,4524,4553,4554,-1,4524,4554,4525,-1,4525,4554,4555,-1,4525,4555,4526,-1,4526,4555,4527,-1,4555,4556,4527,-1,4527,4556,4557,-1,4527,4557,4528,-1,4528,4557,4558,-1,4528,4558,4529,-1,4529,4558,4559,-1,4529,4559,4530,-1,4530,4559,4560,-1,4530,4560,4531,-1,4531,4560,4561,-1,4531,4561,4532,-1,4532,4561,4562,-1,4532,4562,4533,-1,4533,4562,4563,-1,4533,4563,4534,-1,4534,4563,4564,-1,4534,4564,4535,-1,4535,4564,4565,-1,4535,4565,4536,-1,4536,4565,4566,-1,4536,4566,4537,-1,4537,4566,4567,-1,4537,4567,4538,-1,4538,4567,4568,-1,4538,4568,4539,-1,4539,4568,4569,-1,4539,4569,4540,-1,4540,4569,4570,-1,4540,4570,4541,-1,4541,4570,4571,-1,4541,4571,4542,-1,4542,4571,4572,-1,4542,4572,4543,-1,4543,4572,4573,-1,4543,4573,4544,-1,4544,4573,4574,-1,4544,4574,4545,-1,4545,4574,4575,-1,4545,4575,4546,-1,4546,4575,4576,-1,4546,4576,4547,-1,4547,4576,4577,-1,4547,4577,4548,-1,4548,4577,4578,-1,4548,4578,4549,-1,4549,4578,4579,-1,4549,4579,4550,-1,4550,4579,4580,-1,4550,4580,4551,-1,4551,4580,4581,-1,4551,4581,4552,-1,4552,4581,4582,-1,4552,4582,4553,-1,4553,4582,4583,-1,4553,4583,4554,-1,4554,4583,4584,-1,4554,4584,4555,-1,4555,4584,4556,-1,4584,4585,4556,-1,4556,4585,4586,-1,4556,4586,4557,-1,4557,4586,4587,-1,4557,4587,4558,-1,4558,4587,4588,-1,4558,4588,4559,-1,4559,4588,4589,-1,4559,4589,4560,-1,4560,4589,4590,-1,4560,4590,4561,-1,4561,4590,4591,-1,4561,4591,4562,-1,4562,4591,4592,-1,4562,4592,4563,-1,4563,4592,4593,-1,4563,4593,4564,-1,4564,4593,4594,-1,4564,4594,4565,-1,4565,4594,4595,-1,4565,4595,4566,-1,4566,4595,4596,-1,4566,4596,4567,-1,4567,4596,4597,-1,4567,4597,4568,-1,4568,4597,4598,-1,4568,4598,4569,-1,4569,4598,4599,-1,4569,4599,4570,-1,4570,4599,4600,-1,4570,4600,4571,-1,4571,4600,4601,-1,4571,4601,4572,-1,4572,4601,4602,-1,4572,4602,4573,-1,4573,4602,4603,-1,4573,4603,4574,-1,4574,4603,4604,-1,4574,4604,4575,-1,4575,4604,4605,-1,4575,4605,4576,-1,4576,4605,4606,-1,4576,4606,4577,-1,4577,4606,4607,-1,4577,4607,4578,-1,4578,4607,4608,-1,4578,4608,4579,-1,4579,4608,4609,-1,4579,4609,4580,-1,4580,4609,4610,-1,4580,4610,4581,-1,4581,4610,4611,-1,4581,4611,4582,-1,4582,4611,4612,-1,4582,4612,4583,-1,4583,4612,4613,-1,4583,4613,4584,-1,4584,4613,4585,-1,4613,4614,4585,-1,4585,4614,4615,-1,4585,4615,4586,-1,4586,4615,4616,-1,4586,4616,4587,-1,4587,4616,4617,-1,4587,4617,4588,-1,4588,4617,4618,-1,4588,4618,4589,-1,4589,4618,4619,-1,4589,4619,4590,-1,4590,4619,4620,-1,4590,4620,4591,-1,4591,4620,4621,-1,4591,4621,4592,-1,4592,4621,4622,-1,4592,4622,4593,-1,4593,4622,4623,-1,4593,4623,4594,-1,4594,4623,4624,-1,4594,4624,4595,-1,4595,4624,4625,-1,4595,4625,4596,-1,4596,4625,4626,-1,4596,4626,4597,-1,4597,4626,4627,-1,4597,4627,4598,-1,4598,4627,4628,-1,4598,4628,4599,-1,4599,4628,4629,-1,4599,4629,4600,-1,4600,4629,4630,-1,4600,4630,4601,-1,4601,4630,4631,-1,4601,4631,4602,-1,4602,4631,4632,-1,4602,4632,4603,-1,4603,4632,4633,-1,4603,4633,4604,-1,4604,4633,4634,-1,4604,4634,4605,-1,4605,4634,4635,-1,4605,4635,4606,-1,4606,4635,4636,-1,4606,4636,4607,-1,4607,4636,4637,-1,4607,4637,4608,-1,4608,4637,4638,-1,4608,4638,4609,-1,4609,4638,4639,-1,4609,4639,4610,-1,4610,4639,4640,-1,4610,4640,4611,-1,4611,4640,4641,-1,4611,4641,4612,-1,4612,4641,4642,-1,4612,4642,4613,-1,4613,4642,4614,-1,4642,4643,4614,-1,4614,4643,4644,-1,4614,4644,4615,-1,4615,4644,4645,-1,4615,4645,4616,-1,4616,4645,4646,-1,4616,4646,4617,-1,4617,4646,4647,-1,4617,4647,4618,-1,4618,4647,4648,-1,4618,4648,4619,-1,4619,4648,4649,-1,4619,4649,4620,-1,4620,4649,4650,-1,4620,4650,4621,-1,4621,4650,4651,-1,4621,4651,4622,-1,4622,4651,4652,-1,4622,4652,4623,-1,4623,4652,4653,-1,4623,4653,4624,-1,4624,4653,4654,-1,4624,4654,4625,-1,4625,4654,4655,-1,4625,4655,4626,-1,4626,4655,4656,-1,4626,4656,4627,-1,4627,4656,4657,-1,4627,4657,4628,-1,4628,4657,4658,-1,4628,4658,4629,-1,4629,4658,4659,-1,4629,4659,4630,-1,4630,4659,4660,-1,4630,4660,4631,-1,4631,4660,4661,-1,4631,4661,4632,-1,4632,4661,4662,-1,4632,4662,4633,-1,4633,4662,4663,-1,4633,4663,4634,-1,4634,4663,4664,-1,4634,4664,4635,-1,4635,4664,4665,-1,4635,4665,4636,-1,4636,4665,4666,-1,4636,4666,4637,-1,4637,4666,4667,-1,4637,4667,4638,-1,4638,4667,4668,-1,4638,4668,4639,-1,4639,4668,4669,-1,4639,4669,4640,-1,4640,4669,4670,-1,4640,4670,4641,-1,4641,4670,4671,-1,4641,4671,4642,-1,4642,4671,4643,-1,4671,4381,4643,-1,4643,4381,4380,-1,4643,4380,4644,-1,4644,4380,4383,-1,4644,4383,4645,-1,4645,4383,4384,-1,4645,4384,4646,-1,4646,4384,4385,-1,4646,4385,4647,-1,4647,4385,4386,-1,4647,4386,4648,-1,4648,4386,4387,-1,4648,4387,4649,-1,4649,4387,4388,-1,4649,4388,4650,-1,4650,4388,4389,-1,4650,4389,4651,-1,4651,4389,4390,-1,4651,4390,4652,-1,4652,4390,4391,-1,4652,4391,4653,-1,4653,4391,4392,-1,4653,4392,4654,-1,4654,4392,4393,-1,4654,4393,4655,-1,4655,4393,4394,-1,4655,4394,4656,-1,4656,4394,4395,-1,4656,4395,4657,-1,4657,4395,4396,-1,4657,4396,4658,-1,4658,4396,4397,-1,4658,4397,4659,-1,4659,4397,4398,-1,4659,4398,4660,-1,4660,4398,4399,-1,4660,4399,4661,-1,4661,4399,4400,-1,4661,4400,4662,-1,4662,4400,4401,-1,4662,4401,4663,-1,4663,4401,4402,-1,4663,4402,4664,-1,4664,4402,4403,-1,4664,4403,4665,-1,4665,4403,4404,-1,4665,4404,4666,-1,4666,4404,4405,-1,4666,4405,4667,-1,4667,4405,4406,-1,4667,4406,4668,-1,4668,4406,4407,-1,4668,4407,4669,-1,4669,4407,4408,-1,4669,4408,4670,-1,4670,4408,4409,-1,4670,4409,4671,-1,4671,4409,4381,-1,4672,4673,4674,-1,4672,4674,4675,-1,4676,4675,4674,-1,4677,4676,4674,-1,4678,4677,4674,-1,4679,4678,4674,-1,4680,4679,4674,-1,4681,4680,4674,-1,4682,4681,4674,-1,4683,4682,4674,-1,4684,4683,4674,-1,4685,4684,4674,-1,4686,4685,4674,-1,4687,4686,4674,-1,4688,4687,4674,-1,4689,4688,4674,-1,4690,4689,4674,-1,4691,4690,4674,-1,4692,4691,4674,-1,4693,4692,4674,-1,4694,4693,4674,-1,4695,4694,4674,-1,4696,4695,4674,-1,4697,4696,4674,-1,4698,4697,4674,-1,4699,4698,4674,-1,4700,4699,4674,-1,4701,4700,4674,-1,4673,4701,4674,-1,4702,4703,4704,-1,4704,4703,4705,-1,4704,4705,4706,-1,4706,4705,4707,-1,4706,4707,4708,-1,4708,4707,4709,-1,4708,4709,4710,-1,4710,4709,4711,-1,4710,4711,4712,-1,4712,4711,4713,-1,4712,4713,4714,-1,4714,4713,4715,-1,4714,4715,4716,-1,4716,4715,4717,-1,4716,4717,4718,-1,4718,4717,4719,-1,4718,4719,4720,-1,4720,4719,4721,-1,4720,4721,4722,-1,4722,4721,4723,-1,4722,4723,4724,-1,4724,4723,4725,-1,4724,4725,4726,-1,4726,4725,4727,-1,4726,4727,4728,-1,4728,4727,4729,-1,4728,4729,4730,-1,4730,4729,4731,-1,4730,4731,4732,-1,4732,4731,4733,-1,4732,4733,4734,-1,4734,4733,4735,-1,4734,4735,4736,-1,4736,4735,4737,-1,4736,4737,4738,-1,4738,4737,4739,-1,4738,4739,4740,-1,4740,4739,4741,-1,4740,4741,4742,-1,4742,4741,4743,-1,4742,4743,4744,-1,4744,4743,4745,-1,4744,4745,4746,-1,4746,4745,4747,-1,4746,4747,4748,-1,4748,4747,4749,-1,4748,4749,4750,-1,4750,4749,4751,-1,4750,4751,4752,-1,4752,4751,4753,-1,4752,4753,4754,-1,4754,4753,4755,-1,4754,4755,4756,-1,4756,4755,4757,-1,4756,4757,4758,-1,4758,4757,4759,-1,4758,4759,4760,-1,4760,4759,4702,-1,4760,4702,4704,-1,4746,4761,4744,-1,4744,4761,4762,-1,4744,4762,4742,-1,4742,4762,4763,-1,4742,4763,4740,-1,4740,4763,4764,-1,4740,4764,4738,-1,4738,4764,4765,-1,4738,4765,4736,-1,4736,4765,4766,-1,4736,4766,4734,-1,4734,4766,4767,-1,4734,4767,4732,-1,4732,4767,4768,-1,4732,4768,4730,-1,4730,4768,4769,-1,4730,4769,4728,-1,4728,4769,4770,-1,4728,4770,4726,-1,4726,4770,4771,-1,4726,4771,4724,-1,4724,4771,4772,-1,4724,4772,4722,-1,4722,4772,4773,-1,4722,4773,4720,-1,4720,4773,4774,-1,4720,4774,4718,-1,4718,4774,4775,-1,4718,4775,4716,-1,4716,4775,4776,-1,4716,4776,4714,-1,4714,4776,4777,-1,4714,4777,4712,-1,4712,4777,4778,-1,4712,4778,4710,-1,4710,4778,4779,-1,4710,4779,4708,-1,4708,4779,4780,-1,4708,4780,4706,-1,4706,4780,4781,-1,4706,4781,4704,-1,4704,4781,4782,-1,4704,4782,4760,-1,4760,4782,4783,-1,4760,4783,4758,-1,4758,4783,4784,-1,4758,4784,4756,-1,4756,4784,4785,-1,4756,4785,4754,-1,4754,4785,4786,-1,4754,4786,4752,-1,4752,4786,4787,-1,4752,4787,4750,-1,4750,4787,4788,-1,4750,4788,4748,-1,4748,4788,4789,-1,4748,4789,4746,-1,4746,4789,4761,-1,4789,4790,4761,-1,4761,4790,4791,-1,4761,4791,4762,-1,4762,4791,4792,-1,4762,4792,4763,-1,4763,4792,4793,-1,4763,4793,4764,-1,4764,4793,4794,-1,4764,4794,4765,-1,4765,4794,4795,-1,4765,4795,4766,-1,4766,4795,4796,-1,4766,4796,4767,-1,4767,4796,4797,-1,4767,4797,4768,-1,4768,4797,4798,-1,4768,4798,4769,-1,4769,4798,4799,-1,4769,4799,4770,-1,4770,4799,4800,-1,4770,4800,4771,-1,4771,4800,4801,-1,4771,4801,4772,-1,4772,4801,4802,-1,4772,4802,4773,-1,4773,4802,4803,-1,4773,4803,4774,-1,4774,4803,4804,-1,4774,4804,4775,-1,4775,4804,4805,-1,4775,4805,4776,-1,4776,4805,4806,-1,4776,4806,4777,-1,4777,4806,4807,-1,4777,4807,4778,-1,4778,4807,4808,-1,4778,4808,4779,-1,4779,4808,4809,-1,4779,4809,4780,-1,4780,4809,4810,-1,4780,4810,4781,-1,4781,4810,4811,-1,4781,4811,4782,-1,4782,4811,4812,-1,4782,4812,4783,-1,4783,4812,4813,-1,4783,4813,4784,-1,4784,4813,4814,-1,4784,4814,4785,-1,4785,4814,4815,-1,4785,4815,4786,-1,4786,4815,4816,-1,4786,4816,4787,-1,4787,4816,4817,-1,4787,4817,4788,-1,4788,4817,4818,-1,4788,4818,4789,-1,4789,4818,4790,-1,4818,4819,4790,-1,4790,4819,4820,-1,4790,4820,4791,-1,4791,4820,4821,-1,4791,4821,4792,-1,4792,4821,4822,-1,4792,4822,4793,-1,4793,4822,4823,-1,4793,4823,4794,-1,4794,4823,4824,-1,4794,4824,4795,-1,4795,4824,4825,-1,4795,4825,4796,-1,4796,4825,4826,-1,4796,4826,4797,-1,4797,4826,4827,-1,4797,4827,4798,-1,4798,4827,4828,-1,4798,4828,4799,-1,4799,4828,4829,-1,4799,4829,4800,-1,4800,4829,4830,-1,4800,4830,4801,-1,4801,4830,4831,-1,4801,4831,4802,-1,4802,4831,4832,-1,4802,4832,4803,-1,4803,4832,4833,-1,4803,4833,4804,-1,4804,4833,4834,-1,4804,4834,4805,-1,4805,4834,4835,-1,4805,4835,4806,-1,4806,4835,4836,-1,4806,4836,4807,-1,4807,4836,4837,-1,4807,4837,4808,-1,4808,4837,4838,-1,4808,4838,4809,-1,4809,4838,4839,-1,4809,4839,4810,-1,4810,4839,4840,-1,4810,4840,4811,-1,4811,4840,4841,-1,4811,4841,4812,-1,4812,4841,4842,-1,4812,4842,4813,-1,4813,4842,4843,-1,4813,4843,4814,-1,4814,4843,4844,-1,4814,4844,4815,-1,4815,4844,4845,-1,4815,4845,4816,-1,4816,4845,4846,-1,4816,4846,4817,-1,4817,4846,4847,-1,4817,4847,4818,-1,4818,4847,4819,-1,4847,4848,4819,-1,4819,4848,4849,-1,4819,4849,4820,-1,4820,4849,4850,-1,4820,4850,4821,-1,4821,4850,4851,-1,4821,4851,4822,-1,4822,4851,4852,-1,4822,4852,4823,-1,4823,4852,4853,-1,4823,4853,4824,-1,4824,4853,4854,-1,4824,4854,4825,-1,4825,4854,4855,-1,4825,4855,4826,-1,4826,4855,4856,-1,4826,4856,4827,-1,4827,4856,4857,-1,4827,4857,4828,-1,4828,4857,4858,-1,4828,4858,4829,-1,4829,4858,4859,-1,4829,4859,4830,-1,4830,4859,4860,-1,4830,4860,4831,-1,4831,4860,4861,-1,4831,4861,4832,-1,4832,4861,4862,-1,4832,4862,4833,-1,4833,4862,4863,-1,4833,4863,4834,-1,4834,4863,4864,-1,4834,4864,4835,-1,4835,4864,4865,-1,4835,4865,4836,-1,4836,4865,4866,-1,4836,4866,4837,-1,4837,4866,4867,-1,4837,4867,4838,-1,4838,4867,4868,-1,4838,4868,4839,-1,4839,4868,4869,-1,4839,4869,4840,-1,4840,4869,4870,-1,4840,4870,4841,-1,4841,4870,4871,-1,4841,4871,4842,-1,4842,4871,4872,-1,4842,4872,4843,-1,4843,4872,4873,-1,4843,4873,4844,-1,4844,4873,4874,-1,4844,4874,4845,-1,4845,4874,4875,-1,4845,4875,4846,-1,4846,4875,4876,-1,4846,4876,4847,-1,4847,4876,4848,-1,4876,4877,4848,-1,4848,4877,4878,-1,4848,4878,4849,-1,4849,4878,4879,-1,4849,4879,4850,-1,4850,4879,4880,-1,4850,4880,4851,-1,4851,4880,4881,-1,4851,4881,4852,-1,4852,4881,4882,-1,4852,4882,4853,-1,4853,4882,4883,-1,4853,4883,4854,-1,4854,4883,4884,-1,4854,4884,4855,-1,4855,4884,4885,-1,4855,4885,4856,-1,4856,4885,4886,-1,4856,4886,4857,-1,4857,4886,4887,-1,4857,4887,4858,-1,4858,4887,4888,-1,4858,4888,4859,-1,4859,4888,4889,-1,4859,4889,4860,-1,4860,4889,4890,-1,4860,4890,4861,-1,4861,4890,4891,-1,4861,4891,4862,-1,4862,4891,4892,-1,4862,4892,4863,-1,4863,4892,4893,-1,4863,4893,4864,-1,4864,4893,4894,-1,4864,4894,4865,-1,4865,4894,4895,-1,4865,4895,4866,-1,4866,4895,4896,-1,4866,4896,4867,-1,4867,4896,4897,-1,4867,4897,4868,-1,4868,4897,4898,-1,4868,4898,4869,-1,4869,4898,4899,-1,4869,4899,4870,-1,4870,4899,4900,-1,4870,4900,4871,-1,4871,4900,4901,-1,4871,4901,4872,-1,4872,4901,4902,-1,4872,4902,4873,-1,4873,4902,4903,-1,4873,4903,4874,-1,4874,4903,4904,-1,4874,4904,4875,-1,4875,4904,4905,-1,4875,4905,4876,-1,4876,4905,4877,-1,4905,4906,4877,-1,4877,4906,4907,-1,4877,4907,4878,-1,4878,4907,4908,-1,4878,4908,4879,-1,4879,4908,4909,-1,4879,4909,4880,-1,4880,4909,4910,-1,4880,4910,4881,-1,4881,4910,4911,-1,4881,4911,4882,-1,4882,4911,4912,-1,4882,4912,4883,-1,4883,4912,4913,-1,4883,4913,4884,-1,4884,4913,4914,-1,4884,4914,4885,-1,4885,4914,4915,-1,4885,4915,4886,-1,4886,4915,4916,-1,4886,4916,4887,-1,4887,4916,4917,-1,4887,4917,4888,-1,4888,4917,4918,-1,4888,4918,4889,-1,4889,4918,4919,-1,4889,4919,4890,-1,4890,4919,4920,-1,4890,4920,4891,-1,4891,4920,4921,-1,4891,4921,4892,-1,4892,4921,4922,-1,4892,4922,4893,-1,4893,4922,4923,-1,4893,4923,4894,-1,4894,4923,4924,-1,4894,4924,4895,-1,4895,4924,4925,-1,4895,4925,4896,-1,4896,4925,4926,-1,4896,4926,4897,-1,4897,4926,4927,-1,4897,4927,4898,-1,4898,4927,4928,-1,4898,4928,4899,-1,4899,4928,4929,-1,4899,4929,4900,-1,4900,4929,4930,-1,4900,4930,4901,-1,4901,4930,4931,-1,4901,4931,4902,-1,4902,4931,4932,-1,4902,4932,4903,-1,4903,4932,4933,-1,4903,4933,4904,-1,4904,4933,4934,-1,4904,4934,4905,-1,4905,4934,4906,-1,4934,4935,4906,-1,4906,4935,4936,-1,4906,4936,4907,-1,4907,4936,4937,-1,4907,4937,4908,-1,4908,4937,4938,-1,4908,4938,4909,-1,4909,4938,4939,-1,4909,4939,4910,-1,4910,4939,4940,-1,4910,4940,4911,-1,4911,4940,4941,-1,4911,4941,4912,-1,4912,4941,4942,-1,4912,4942,4913,-1,4913,4942,4943,-1,4913,4943,4914,-1,4914,4943,4944,-1,4914,4944,4915,-1,4915,4944,4945,-1,4915,4945,4916,-1,4916,4945,4946,-1,4916,4946,4917,-1,4917,4946,4947,-1,4917,4947,4918,-1,4918,4947,4948,-1,4918,4948,4919,-1,4919,4948,4949,-1,4919,4949,4920,-1,4920,4949,4950,-1,4920,4950,4921,-1,4921,4950,4951,-1,4921,4951,4922,-1,4922,4951,4952,-1,4922,4952,4923,-1,4923,4952,4953,-1,4923,4953,4924,-1,4924,4953,4954,-1,4924,4954,4925,-1,4925,4954,4955,-1,4925,4955,4926,-1,4926,4955,4956,-1,4926,4956,4927,-1,4927,4956,4957,-1,4927,4957,4928,-1,4928,4957,4958,-1,4928,4958,4929,-1,4929,4958,4959,-1,4929,4959,4930,-1,4930,4959,4960,-1,4930,4960,4931,-1,4931,4960,4961,-1,4931,4961,4932,-1,4932,4961,4962,-1,4932,4962,4933,-1,4933,4962,4963,-1,4933,4963,4934,-1,4934,4963,4935,-1,4963,4673,4935,-1,4935,4673,4672,-1,4935,4672,4936,-1,4936,4672,4675,-1,4936,4675,4937,-1,4937,4675,4676,-1,4937,4676,4938,-1,4938,4676,4677,-1,4938,4677,4939,-1,4939,4677,4678,-1,4939,4678,4940,-1,4940,4678,4679,-1,4940,4679,4941,-1,4941,4679,4680,-1,4941,4680,4942,-1,4942,4680,4681,-1,4942,4681,4943,-1,4943,4681,4682,-1,4943,4682,4944,-1,4944,4682,4683,-1,4944,4683,4945,-1,4945,4683,4684,-1,4945,4684,4946,-1,4946,4684,4685,-1,4946,4685,4947,-1,4947,4685,4686,-1,4947,4686,4948,-1,4948,4686,4687,-1,4948,4687,4949,-1,4949,4687,4688,-1,4949,4688,4950,-1,4950,4688,4689,-1,4950,4689,4951,-1,4951,4689,4690,-1,4951,4690,4952,-1,4952,4690,4691,-1,4952,4691,4953,-1,4953,4691,4692,-1,4953,4692,4954,-1,4954,4692,4693,-1,4954,4693,4955,-1,4955,4693,4694,-1,4955,4694,4956,-1,4956,4694,4695,-1,4956,4695,4957,-1,4957,4695,4696,-1,4957,4696,4958,-1,4958,4696,4697,-1,4958,4697,4959,-1,4959,4697,4698,-1,4959,4698,4960,-1,4960,4698,4699,-1,4960,4699,4961,-1,4961,4699,4700,-1,4961,4700,4962,-1,4962,4700,4701,-1,4962,4701,4963,-1,4963,4701,4673,-1,4964,4965,4966,-1,4964,4966,4967,-1,4968,4967,4966,-1,4969,4968,4966,-1,4970,4969,4966,-1,4971,4970,4966,-1,4972,4971,4966,-1,4973,4972,4966,-1,4974,4973,4966,-1,4975,4974,4966,-1,4976,4975,4966,-1,4977,4976,4966,-1,4978,4977,4966,-1,4979,4978,4966,-1,4980,4979,4966,-1,4981,4980,4966,-1,4982,4981,4966,-1,4983,4982,4966,-1,4984,4983,4966,-1,4985,4984,4966,-1,4986,4985,4966,-1,4987,4986,4966,-1,4988,4987,4966,-1,4989,4988,4966,-1,4990,4989,4966,-1,4991,4990,4966,-1,4992,4991,4966,-1,4993,4992,4966,-1,4965,4993,4966,-1,4994,4995,4996,-1,4996,4995,4997,-1,4996,4997,4998,-1,4998,4997,4999,-1,4998,4999,5000,-1,5000,4999,5001,-1,5000,5001,5002,-1,5002,5001,5003,-1,5002,5003,5004,-1,5004,5003,5005,-1,5004,5005,5006,-1,5006,5005,5007,-1,5006,5007,5008,-1,5008,5007,5009,-1,5008,5009,5010,-1,5010,5009,5011,-1,5010,5011,5012,-1,5012,5011,5013,-1,5012,5013,5014,-1,5014,5013,5015,-1,5014,5015,5016,-1,5016,5015,5017,-1,5016,5017,5018,-1,5018,5017,5019,-1,5018,5019,5020,-1,5020,5019,5021,-1,5020,5021,5022,-1,5022,5021,5023,-1,5022,5023,5024,-1,5024,5023,5025,-1,5024,5025,5026,-1,5026,5025,5027,-1,5026,5027,5028,-1,5028,5027,5029,-1,5028,5029,5030,-1,5030,5029,5031,-1,5030,5031,5032,-1,5032,5031,5033,-1,5032,5033,5034,-1,5034,5033,5035,-1,5034,5035,5036,-1,5036,5035,5037,-1,5036,5037,5038,-1,5038,5037,5039,-1,5038,5039,5040,-1,5040,5039,5041,-1,5040,5041,5042,-1,5042,5041,5043,-1,5042,5043,5044,-1,5044,5043,5045,-1,5044,5045,5046,-1,5046,5045,5047,-1,5046,5047,5048,-1,5048,5047,5049,-1,5048,5049,5050,-1,5050,5049,5051,-1,5050,5051,5052,-1,5052,5051,4994,-1,5052,4994,4996,-1,5038,5053,5036,-1,5036,5053,5054,-1,5036,5054,5034,-1,5034,5054,5055,-1,5034,5055,5032,-1,5032,5055,5056,-1,5032,5056,5030,-1,5030,5056,5057,-1,5030,5057,5028,-1,5028,5057,5058,-1,5028,5058,5026,-1,5026,5058,5059,-1,5026,5059,5024,-1,5024,5059,5060,-1,5024,5060,5022,-1,5022,5060,5061,-1,5022,5061,5020,-1,5020,5061,5062,-1,5020,5062,5018,-1,5018,5062,5063,-1,5018,5063,5016,-1,5016,5063,5064,-1,5016,5064,5014,-1,5014,5064,5065,-1,5014,5065,5012,-1,5012,5065,5066,-1,5012,5066,5010,-1,5010,5066,5067,-1,5010,5067,5008,-1,5008,5067,5068,-1,5008,5068,5006,-1,5006,5068,5069,-1,5006,5069,5004,-1,5004,5069,5070,-1,5004,5070,5002,-1,5002,5070,5071,-1,5002,5071,5000,-1,5000,5071,5072,-1,5000,5072,4998,-1,4998,5072,5073,-1,4998,5073,4996,-1,4996,5073,5074,-1,4996,5074,5052,-1,5052,5074,5075,-1,5052,5075,5050,-1,5050,5075,5076,-1,5050,5076,5048,-1,5048,5076,5077,-1,5048,5077,5046,-1,5046,5077,5078,-1,5046,5078,5044,-1,5044,5078,5079,-1,5044,5079,5042,-1,5042,5079,5080,-1,5042,5080,5040,-1,5040,5080,5081,-1,5040,5081,5038,-1,5038,5081,5053,-1,5081,5082,5053,-1,5053,5082,5083,-1,5053,5083,5054,-1,5054,5083,5084,-1,5054,5084,5055,-1,5055,5084,5085,-1,5055,5085,5056,-1,5056,5085,5086,-1,5056,5086,5057,-1,5057,5086,5087,-1,5057,5087,5058,-1,5058,5087,5088,-1,5058,5088,5059,-1,5059,5088,5089,-1,5059,5089,5060,-1,5060,5089,5090,-1,5060,5090,5061,-1,5061,5090,5091,-1,5061,5091,5062,-1,5062,5091,5092,-1,5062,5092,5063,-1,5063,5092,5093,-1,5063,5093,5064,-1,5064,5093,5094,-1,5064,5094,5065,-1,5065,5094,5095,-1,5065,5095,5066,-1,5066,5095,5096,-1,5066,5096,5067,-1,5067,5096,5097,-1,5067,5097,5068,-1,5068,5097,5098,-1,5068,5098,5069,-1,5069,5098,5099,-1,5069,5099,5070,-1,5070,5099,5100,-1,5070,5100,5071,-1,5071,5100,5101,-1,5071,5101,5072,-1,5072,5101,5102,-1,5072,5102,5073,-1,5073,5102,5103,-1,5073,5103,5074,-1,5074,5103,5104,-1,5074,5104,5075,-1,5075,5104,5105,-1,5075,5105,5076,-1,5076,5105,5106,-1,5076,5106,5077,-1,5077,5106,5107,-1,5077,5107,5078,-1,5078,5107,5108,-1,5078,5108,5079,-1,5079,5108,5109,-1,5079,5109,5080,-1,5080,5109,5110,-1,5080,5110,5081,-1,5081,5110,5082,-1,5110,5111,5082,-1,5082,5111,5112,-1,5082,5112,5083,-1,5083,5112,5113,-1,5083,5113,5084,-1,5084,5113,5114,-1,5084,5114,5085,-1,5085,5114,5115,-1,5085,5115,5086,-1,5086,5115,5116,-1,5086,5116,5087,-1,5087,5116,5117,-1,5087,5117,5088,-1,5088,5117,5118,-1,5088,5118,5089,-1,5089,5118,5119,-1,5089,5119,5090,-1,5090,5119,5120,-1,5090,5120,5091,-1,5091,5120,5121,-1,5091,5121,5092,-1,5092,5121,5122,-1,5092,5122,5093,-1,5093,5122,5123,-1,5093,5123,5094,-1,5094,5123,5124,-1,5094,5124,5095,-1,5095,5124,5125,-1,5095,5125,5096,-1,5096,5125,5126,-1,5096,5126,5097,-1,5097,5126,5127,-1,5097,5127,5098,-1,5098,5127,5128,-1,5098,5128,5099,-1,5099,5128,5129,-1,5099,5129,5100,-1,5100,5129,5130,-1,5100,5130,5101,-1,5101,5130,5131,-1,5101,5131,5102,-1,5102,5131,5132,-1,5102,5132,5103,-1,5103,5132,5133,-1,5103,5133,5104,-1,5104,5133,5134,-1,5104,5134,5105,-1,5105,5134,5135,-1,5105,5135,5106,-1,5106,5135,5136,-1,5106,5136,5107,-1,5107,5136,5137,-1,5107,5137,5108,-1,5108,5137,5138,-1,5108,5138,5109,-1,5109,5138,5139,-1,5109,5139,5110,-1,5110,5139,5111,-1,5139,5140,5111,-1,5111,5140,5141,-1,5111,5141,5112,-1,5112,5141,5142,-1,5112,5142,5113,-1,5113,5142,5143,-1,5113,5143,5114,-1,5114,5143,5144,-1,5114,5144,5115,-1,5115,5144,5145,-1,5115,5145,5116,-1,5116,5145,5146,-1,5116,5146,5117,-1,5117,5146,5147,-1,5117,5147,5118,-1,5118,5147,5148,-1,5118,5148,5119,-1,5119,5148,5149,-1,5119,5149,5120,-1,5120,5149,5150,-1,5120,5150,5121,-1,5121,5150,5151,-1,5121,5151,5122,-1,5122,5151,5152,-1,5122,5152,5123,-1,5123,5152,5153,-1,5123,5153,5124,-1,5124,5153,5154,-1,5124,5154,5125,-1,5125,5154,5155,-1,5125,5155,5126,-1,5126,5155,5156,-1,5126,5156,5127,-1,5127,5156,5157,-1,5127,5157,5128,-1,5128,5157,5158,-1,5128,5158,5129,-1,5129,5158,5159,-1,5129,5159,5130,-1,5130,5159,5160,-1,5130,5160,5131,-1,5131,5160,5161,-1,5131,5161,5132,-1,5132,5161,5162,-1,5132,5162,5133,-1,5133,5162,5163,-1,5133,5163,5134,-1,5134,5163,5164,-1,5134,5164,5135,-1,5135,5164,5165,-1,5135,5165,5136,-1,5136,5165,5166,-1,5136,5166,5137,-1,5137,5166,5167,-1,5137,5167,5138,-1,5138,5167,5168,-1,5138,5168,5139,-1,5139,5168,5140,-1,5168,5169,5140,-1,5140,5169,5170,-1,5140,5170,5141,-1,5141,5170,5171,-1,5141,5171,5142,-1,5142,5171,5172,-1,5142,5172,5143,-1,5143,5172,5173,-1,5143,5173,5144,-1,5144,5173,5174,-1,5144,5174,5145,-1,5145,5174,5175,-1,5145,5175,5146,-1,5146,5175,5176,-1,5146,5176,5147,-1,5147,5176,5177,-1,5147,5177,5148,-1,5148,5177,5178,-1,5148,5178,5149,-1,5149,5178,5179,-1,5149,5179,5150,-1,5150,5179,5180,-1,5150,5180,5151,-1,5151,5180,5181,-1,5151,5181,5152,-1,5152,5181,5182,-1,5152,5182,5153,-1,5153,5182,5183,-1,5153,5183,5154,-1,5154,5183,5184,-1,5154,5184,5155,-1,5155,5184,5185,-1,5155,5185,5156,-1,5156,5185,5186,-1,5156,5186,5157,-1,5157,5186,5187,-1,5157,5187,5158,-1,5158,5187,5188,-1,5158,5188,5159,-1,5159,5188,5189,-1,5159,5189,5160,-1,5160,5189,5190,-1,5160,5190,5161,-1,5161,5190,5191,-1,5161,5191,5162,-1,5162,5191,5192,-1,5162,5192,5163,-1,5163,5192,5193,-1,5163,5193,5164,-1,5164,5193,5194,-1,5164,5194,5165,-1,5165,5194,5195,-1,5165,5195,5166,-1,5166,5195,5196,-1,5166,5196,5167,-1,5167,5196,5197,-1,5167,5197,5168,-1,5168,5197,5169,-1,5197,5198,5169,-1,5169,5198,5199,-1,5169,5199,5170,-1,5170,5199,5200,-1,5170,5200,5171,-1,5171,5200,5201,-1,5171,5201,5172,-1,5172,5201,5202,-1,5172,5202,5173,-1,5173,5202,5203,-1,5173,5203,5174,-1,5174,5203,5204,-1,5174,5204,5175,-1,5175,5204,5205,-1,5175,5205,5176,-1,5176,5205,5206,-1,5176,5206,5177,-1,5177,5206,5207,-1,5177,5207,5178,-1,5178,5207,5208,-1,5178,5208,5179,-1,5179,5208,5209,-1,5179,5209,5180,-1,5180,5209,5210,-1,5180,5210,5181,-1,5181,5210,5211,-1,5181,5211,5182,-1,5182,5211,5212,-1,5182,5212,5183,-1,5183,5212,5213,-1,5183,5213,5184,-1,5184,5213,5214,-1,5184,5214,5185,-1,5185,5214,5215,-1,5185,5215,5186,-1,5186,5215,5216,-1,5186,5216,5187,-1,5187,5216,5217,-1,5187,5217,5188,-1,5188,5217,5218,-1,5188,5218,5189,-1,5189,5218,5219,-1,5189,5219,5190,-1,5190,5219,5220,-1,5190,5220,5191,-1,5191,5220,5221,-1,5191,5221,5192,-1,5192,5221,5222,-1,5192,5222,5193,-1,5193,5222,5223,-1,5193,5223,5194,-1,5194,5223,5224,-1,5194,5224,5195,-1,5195,5224,5225,-1,5195,5225,5196,-1,5196,5225,5226,-1,5196,5226,5197,-1,5197,5226,5198,-1,5226,5227,5198,-1,5198,5227,5228,-1,5198,5228,5199,-1,5199,5228,5229,-1,5199,5229,5200,-1,5200,5229,5230,-1,5200,5230,5201,-1,5201,5230,5231,-1,5201,5231,5202,-1,5202,5231,5232,-1,5202,5232,5203,-1,5203,5232,5233,-1,5203,5233,5204,-1,5204,5233,5234,-1,5204,5234,5205,-1,5205,5234,5235,-1,5205,5235,5206,-1,5206,5235,5236,-1,5206,5236,5207,-1,5207,5236,5237,-1,5207,5237,5208,-1,5208,5237,5238,-1,5208,5238,5209,-1,5209,5238,5239,-1,5209,5239,5210,-1,5210,5239,5240,-1,5210,5240,5211,-1,5211,5240,5241,-1,5211,5241,5212,-1,5212,5241,5242,-1,5212,5242,5213,-1,5213,5242,5243,-1,5213,5243,5214,-1,5214,5243,5244,-1,5214,5244,5215,-1,5215,5244,5245,-1,5215,5245,5216,-1,5216,5245,5246,-1,5216,5246,5217,-1,5217,5246,5247,-1,5217,5247,5218,-1,5218,5247,5248,-1,5218,5248,5219,-1,5219,5248,5249,-1,5219,5249,5220,-1,5220,5249,5250,-1,5220,5250,5221,-1,5221,5250,5251,-1,5221,5251,5222,-1,5222,5251,5252,-1,5222,5252,5223,-1,5223,5252,5253,-1,5223,5253,5224,-1,5224,5253,5254,-1,5224,5254,5225,-1,5225,5254,5255,-1,5225,5255,5226,-1,5226,5255,5227,-1,5255,4965,5227,-1,5227,4965,4964,-1,5227,4964,5228,-1,5228,4964,4967,-1,5228,4967,5229,-1,5229,4967,4968,-1,5229,4968,5230,-1,5230,4968,4969,-1,5230,4969,5231,-1,5231,4969,4970,-1,5231,4970,5232,-1,5232,4970,4971,-1,5232,4971,5233,-1,5233,4971,4972,-1,5233,4972,5234,-1,5234,4972,4973,-1,5234,4973,5235,-1,5235,4973,4974,-1,5235,4974,5236,-1,5236,4974,4975,-1,5236,4975,5237,-1,5237,4975,4976,-1,5237,4976,5238,-1,5238,4976,4977,-1,5238,4977,5239,-1,5239,4977,4978,-1,5239,4978,5240,-1,5240,4978,4979,-1,5240,4979,5241,-1,5241,4979,4980,-1,5241,4980,5242,-1,5242,4980,4981,-1,5242,4981,5243,-1,5243,4981,4982,-1,5243,4982,5244,-1,5244,4982,4983,-1,5244,4983,5245,-1,5245,4983,4984,-1,5245,4984,5246,-1,5246,4984,4985,-1,5246,4985,5247,-1,5247,4985,4986,-1,5247,4986,5248,-1,5248,4986,4987,-1,5248,4987,5249,-1,5249,4987,4988,-1,5249,4988,5250,-1,5250,4988,4989,-1,5250,4989,5251,-1,5251,4989,4990,-1,5251,4990,5252,-1,5252,4990,4991,-1,5252,4991,5253,-1,5253,4991,4992,-1,5253,4992,5254,-1,5254,4992,4993,-1,5254,4993,5255,-1,5255,4993,4965,-1,5256,5257,5258,-1,5256,5258,5259,-1,5260,5259,5258,-1,5261,5260,5258,-1,5262,5261,5258,-1,5263,5262,5258,-1,5264,5263,5258,-1,5265,5264,5258,-1,5266,5265,5258,-1,5267,5266,5258,-1,5268,5267,5258,-1,5269,5268,5258,-1,5270,5269,5258,-1,5271,5270,5258,-1,5272,5271,5258,-1,5273,5272,5258,-1,5274,5273,5258,-1,5275,5274,5258,-1,5276,5275,5258,-1,5277,5276,5258,-1,5278,5277,5258,-1,5279,5278,5258,-1,5280,5279,5258,-1,5281,5280,5258,-1,5282,5281,5258,-1,5283,5282,5258,-1,5284,5283,5258,-1,5285,5284,5258,-1,5257,5285,5258,-1,5286,5287,5288,-1,5288,5287,5289,-1,5288,5289,5290,-1,5290,5289,5291,-1,5290,5291,5292,-1,5292,5291,5293,-1,5292,5293,5294,-1,5294,5293,5295,-1,5294,5295,5296,-1,5296,5295,5297,-1,5296,5297,5298,-1,5298,5297,5299,-1,5298,5299,5300,-1,5300,5299,5301,-1,5300,5301,5302,-1,5302,5301,5303,-1,5302,5303,5304,-1,5304,5303,5305,-1,5304,5305,5306,-1,5306,5305,5307,-1,5306,5307,5308,-1,5308,5307,5309,-1,5308,5309,5310,-1,5310,5309,5311,-1,5310,5311,5312,-1,5312,5311,5313,-1,5312,5313,5314,-1,5314,5313,5315,-1,5314,5315,5316,-1,5316,5315,5317,-1,5316,5317,5318,-1,5318,5317,5319,-1,5318,5319,5320,-1,5320,5319,5321,-1,5320,5321,5322,-1,5322,5321,5323,-1,5322,5323,5324,-1,5324,5323,5325,-1,5324,5325,5326,-1,5326,5325,5327,-1,5326,5327,5328,-1,5328,5327,5329,-1,5328,5329,5330,-1,5330,5329,5331,-1,5330,5331,5332,-1,5332,5331,5333,-1,5332,5333,5334,-1,5334,5333,5335,-1,5334,5335,5336,-1,5336,5335,5337,-1,5336,5337,5338,-1,5338,5337,5339,-1,5338,5339,5340,-1,5340,5339,5341,-1,5340,5341,5342,-1,5342,5341,5343,-1,5342,5343,5344,-1,5344,5343,5286,-1,5344,5286,5288,-1,5330,5345,5328,-1,5328,5345,5346,-1,5328,5346,5326,-1,5326,5346,5347,-1,5326,5347,5324,-1,5324,5347,5348,-1,5324,5348,5322,-1,5322,5348,5349,-1,5322,5349,5320,-1,5320,5349,5350,-1,5320,5350,5318,-1,5318,5350,5351,-1,5318,5351,5316,-1,5316,5351,5352,-1,5316,5352,5314,-1,5314,5352,5353,-1,5314,5353,5312,-1,5312,5353,5354,-1,5312,5354,5310,-1,5310,5354,5355,-1,5310,5355,5308,-1,5308,5355,5356,-1,5308,5356,5306,-1,5306,5356,5357,-1,5306,5357,5304,-1,5304,5357,5358,-1,5304,5358,5302,-1,5302,5358,5359,-1,5302,5359,5300,-1,5300,5359,5360,-1,5300,5360,5298,-1,5298,5360,5361,-1,5298,5361,5296,-1,5296,5361,5362,-1,5296,5362,5294,-1,5294,5362,5363,-1,5294,5363,5292,-1,5292,5363,5364,-1,5292,5364,5290,-1,5290,5364,5365,-1,5290,5365,5288,-1,5288,5365,5366,-1,5288,5366,5344,-1,5344,5366,5367,-1,5344,5367,5342,-1,5342,5367,5368,-1,5342,5368,5340,-1,5340,5368,5369,-1,5340,5369,5338,-1,5338,5369,5370,-1,5338,5370,5336,-1,5336,5370,5371,-1,5336,5371,5334,-1,5334,5371,5372,-1,5334,5372,5332,-1,5332,5372,5373,-1,5332,5373,5330,-1,5330,5373,5345,-1,5373,5374,5345,-1,5345,5374,5375,-1,5345,5375,5346,-1,5346,5375,5376,-1,5346,5376,5347,-1,5347,5376,5377,-1,5347,5377,5348,-1,5348,5377,5378,-1,5348,5378,5349,-1,5349,5378,5379,-1,5349,5379,5350,-1,5350,5379,5380,-1,5350,5380,5351,-1,5351,5380,5381,-1,5351,5381,5352,-1,5352,5381,5382,-1,5352,5382,5353,-1,5353,5382,5383,-1,5353,5383,5354,-1,5354,5383,5384,-1,5354,5384,5355,-1,5355,5384,5385,-1,5355,5385,5356,-1,5356,5385,5386,-1,5356,5386,5357,-1,5357,5386,5387,-1,5357,5387,5358,-1,5358,5387,5388,-1,5358,5388,5359,-1,5359,5388,5389,-1,5359,5389,5360,-1,5360,5389,5390,-1,5360,5390,5361,-1,5361,5390,5391,-1,5361,5391,5362,-1,5362,5391,5392,-1,5362,5392,5363,-1,5363,5392,5393,-1,5363,5393,5364,-1,5364,5393,5394,-1,5364,5394,5365,-1,5365,5394,5395,-1,5365,5395,5366,-1,5366,5395,5396,-1,5366,5396,5367,-1,5367,5396,5397,-1,5367,5397,5368,-1,5368,5397,5398,-1,5368,5398,5369,-1,5369,5398,5399,-1,5369,5399,5370,-1,5370,5399,5400,-1,5370,5400,5371,-1,5371,5400,5401,-1,5371,5401,5372,-1,5372,5401,5402,-1,5372,5402,5373,-1,5373,5402,5374,-1,5402,5403,5374,-1,5374,5403,5404,-1,5374,5404,5375,-1,5375,5404,5405,-1,5375,5405,5376,-1,5376,5405,5406,-1,5376,5406,5377,-1,5377,5406,5407,-1,5377,5407,5378,-1,5378,5407,5408,-1,5378,5408,5379,-1,5379,5408,5409,-1,5379,5409,5380,-1,5380,5409,5410,-1,5380,5410,5381,-1,5381,5410,5411,-1,5381,5411,5382,-1,5382,5411,5412,-1,5382,5412,5383,-1,5383,5412,5413,-1,5383,5413,5384,-1,5384,5413,5414,-1,5384,5414,5385,-1,5385,5414,5415,-1,5385,5415,5386,-1,5386,5415,5416,-1,5386,5416,5387,-1,5387,5416,5417,-1,5387,5417,5388,-1,5388,5417,5418,-1,5388,5418,5389,-1,5389,5418,5419,-1,5389,5419,5390,-1,5390,5419,5420,-1,5390,5420,5391,-1,5391,5420,5421,-1,5391,5421,5392,-1,5392,5421,5422,-1,5392,5422,5393,-1,5393,5422,5423,-1,5393,5423,5394,-1,5394,5423,5424,-1,5394,5424,5395,-1,5395,5424,5425,-1,5395,5425,5396,-1,5396,5425,5426,-1,5396,5426,5397,-1,5397,5426,5427,-1,5397,5427,5398,-1,5398,5427,5428,-1,5398,5428,5399,-1,5399,5428,5429,-1,5399,5429,5400,-1,5400,5429,5430,-1,5400,5430,5401,-1,5401,5430,5431,-1,5401,5431,5402,-1,5402,5431,5403,-1,5431,5432,5403,-1,5403,5432,5433,-1,5403,5433,5404,-1,5404,5433,5434,-1,5404,5434,5405,-1,5405,5434,5435,-1,5405,5435,5406,-1,5406,5435,5436,-1,5406,5436,5407,-1,5407,5436,5437,-1,5407,5437,5408,-1,5408,5437,5438,-1,5408,5438,5409,-1,5409,5438,5439,-1,5409,5439,5410,-1,5410,5439,5440,-1,5410,5440,5411,-1,5411,5440,5441,-1,5411,5441,5412,-1,5412,5441,5442,-1,5412,5442,5413,-1,5413,5442,5443,-1,5413,5443,5414,-1,5414,5443,5444,-1,5414,5444,5415,-1,5415,5444,5445,-1,5415,5445,5416,-1,5416,5445,5446,-1,5416,5446,5417,-1,5417,5446,5447,-1,5417,5447,5418,-1,5418,5447,5448,-1,5418,5448,5419,-1,5419,5448,5449,-1,5419,5449,5420,-1,5420,5449,5450,-1,5420,5450,5421,-1,5421,5450,5451,-1,5421,5451,5422,-1,5422,5451,5452,-1,5422,5452,5423,-1,5423,5452,5453,-1,5423,5453,5424,-1,5424,5453,5454,-1,5424,5454,5425,-1,5425,5454,5455,-1,5425,5455,5426,-1,5426,5455,5456,-1,5426,5456,5427,-1,5427,5456,5457,-1,5427,5457,5428,-1,5428,5457,5458,-1,5428,5458,5429,-1,5429,5458,5459,-1,5429,5459,5430,-1,5430,5459,5460,-1,5430,5460,5431,-1,5431,5460,5432,-1,5460,5461,5432,-1,5432,5461,5462,-1,5432,5462,5433,-1,5433,5462,5463,-1,5433,5463,5434,-1,5434,5463,5464,-1,5434,5464,5435,-1,5435,5464,5465,-1,5435,5465,5436,-1,5436,5465,5466,-1,5436,5466,5437,-1,5437,5466,5467,-1,5437,5467,5438,-1,5438,5467,5468,-1,5438,5468,5439,-1,5439,5468,5469,-1,5439,5469,5440,-1,5440,5469,5470,-1,5440,5470,5441,-1,5441,5470,5471,-1,5441,5471,5442,-1,5442,5471,5472,-1,5442,5472,5443,-1,5443,5472,5473,-1,5443,5473,5444,-1,5444,5473,5474,-1,5444,5474,5445,-1,5445,5474,5475,-1,5445,5475,5446,-1,5446,5475,5476,-1,5446,5476,5447,-1,5447,5476,5477,-1,5447,5477,5448,-1,5448,5477,5478,-1,5448,5478,5449,-1,5449,5478,5479,-1,5449,5479,5450,-1,5450,5479,5480,-1,5450,5480,5451,-1,5451,5480,5481,-1,5451,5481,5452,-1,5452,5481,5482,-1,5452,5482,5453,-1,5453,5482,5483,-1,5453,5483,5454,-1,5454,5483,5484,-1,5454,5484,5455,-1,5455,5484,5485,-1,5455,5485,5456,-1,5456,5485,5486,-1,5456,5486,5457,-1,5457,5486,5487,-1,5457,5487,5458,-1,5458,5487,5488,-1,5458,5488,5459,-1,5459,5488,5489,-1,5459,5489,5460,-1,5460,5489,5461,-1,5489,5490,5461,-1,5461,5490,5491,-1,5461,5491,5462,-1,5462,5491,5492,-1,5462,5492,5463,-1,5463,5492,5493,-1,5463,5493,5464,-1,5464,5493,5494,-1,5464,5494,5465,-1,5465,5494,5495,-1,5465,5495,5466,-1,5466,5495,5496,-1,5466,5496,5467,-1,5467,5496,5497,-1,5467,5497,5468,-1,5468,5497,5498,-1,5468,5498,5469,-1,5469,5498,5499,-1,5469,5499,5470,-1,5470,5499,5500,-1,5470,5500,5471,-1,5471,5500,5501,-1,5471,5501,5472,-1,5472,5501,5502,-1,5472,5502,5473,-1,5473,5502,5503,-1,5473,5503,5474,-1,5474,5503,5504,-1,5474,5504,5475,-1,5475,5504,5505,-1,5475,5505,5476,-1,5476,5505,5506,-1,5476,5506,5477,-1,5477,5506,5507,-1,5477,5507,5478,-1,5478,5507,5508,-1,5478,5508,5479,-1,5479,5508,5509,-1,5479,5509,5480,-1,5480,5509,5510,-1,5480,5510,5481,-1,5481,5510,5511,-1,5481,5511,5482,-1,5482,5511,5512,-1,5482,5512,5483,-1,5483,5512,5513,-1,5483,5513,5484,-1,5484,5513,5514,-1,5484,5514,5485,-1,5485,5514,5515,-1,5485,5515,5486,-1,5486,5515,5516,-1,5486,5516,5487,-1,5487,5516,5517,-1,5487,5517,5488,-1,5488,5517,5518,-1,5488,5518,5489,-1,5489,5518,5490,-1,5518,5519,5490,-1,5490,5519,5520,-1,5490,5520,5491,-1,5491,5520,5521,-1,5491,5521,5492,-1,5492,5521,5522,-1,5492,5522,5493,-1,5493,5522,5523,-1,5493,5523,5494,-1,5494,5523,5524,-1,5494,5524,5495,-1,5495,5524,5525,-1,5495,5525,5496,-1,5496,5525,5526,-1,5496,5526,5497,-1,5497,5526,5527,-1,5497,5527,5498,-1,5498,5527,5528,-1,5498,5528,5499,-1,5499,5528,5529,-1,5499,5529,5500,-1,5500,5529,5530,-1,5500,5530,5501,-1,5501,5530,5531,-1,5501,5531,5502,-1,5502,5531,5532,-1,5502,5532,5503,-1,5503,5532,5533,-1,5503,5533,5504,-1,5504,5533,5534,-1,5504,5534,5505,-1,5505,5534,5535,-1,5505,5535,5506,-1,5506,5535,5536,-1,5506,5536,5507,-1,5507,5536,5537,-1,5507,5537,5508,-1,5508,5537,5538,-1,5508,5538,5509,-1,5509,5538,5539,-1,5509,5539,5510,-1,5510,5539,5540,-1,5510,5540,5511,-1,5511,5540,5541,-1,5511,5541,5512,-1,5512,5541,5542,-1,5512,5542,5513,-1,5513,5542,5543,-1,5513,5543,5514,-1,5514,5543,5544,-1,5514,5544,5515,-1,5515,5544,5545,-1,5515,5545,5516,-1,5516,5545,5546,-1,5516,5546,5517,-1,5517,5546,5547,-1,5517,5547,5518,-1,5518,5547,5519,-1,5547,5257,5519,-1,5519,5257,5256,-1,5519,5256,5520,-1,5520,5256,5259,-1,5520,5259,5521,-1,5521,5259,5260,-1,5521,5260,5522,-1,5522,5260,5261,-1,5522,5261,5523,-1,5523,5261,5262,-1,5523,5262,5524,-1,5524,5262,5263,-1,5524,5263,5525,-1,5525,5263,5264,-1,5525,5264,5526,-1,5526,5264,5265,-1,5526,5265,5527,-1,5527,5265,5266,-1,5527,5266,5528,-1,5528,5266,5267,-1,5528,5267,5529,-1,5529,5267,5268,-1,5529,5268,5530,-1,5530,5268,5269,-1,5530,5269,5531,-1,5531,5269,5270,-1,5531,5270,5532,-1,5532,5270,5271,-1,5532,5271,5533,-1,5533,5271,5272,-1,5533,5272,5534,-1,5534,5272,5273,-1,5534,5273,5535,-1,5535,5273,5274,-1,5535,5274,5536,-1,5536,5274,5275,-1,5536,5275,5537,-1,5537,5275,5276,-1,5537,5276,5538,-1,5538,5276,5277,-1,5538,5277,5539,-1,5539,5277,5278,-1,5539,5278,5540,-1,5540,5278,5279,-1,5540,5279,5541,-1,5541,5279,5280,-1,5541,5280,5542,-1,5542,5280,5281,-1,5542,5281,5543,-1,5543,5281,5282,-1,5543,5282,5544,-1,5544,5282,5283,-1,5544,5283,5545,-1,5545,5283,5284,-1,5545,5284,5546,-1,5546,5284,5285,-1,5546,5285,5547,-1,5547,5285,5257,-1,5548,5549,5550,-1,5548,5550,5551,-1,5552,5551,5550,-1,5553,5552,5550,-1,5554,5553,5550,-1,5555,5554,5550,-1,5556,5555,5550,-1,5557,5556,5550,-1,5558,5557,5550,-1,5559,5558,5550,-1,5560,5559,5550,-1,5561,5560,5550,-1,5562,5561,5550,-1,5563,5562,5550,-1,5564,5563,5550,-1,5565,5564,5550,-1,5566,5565,5550,-1,5567,5566,5550,-1,5568,5567,5550,-1,5569,5568,5550,-1,5570,5569,5550,-1,5571,5570,5550,-1,5572,5571,5550,-1,5573,5572,5550,-1,5574,5573,5550,-1,5575,5574,5550,-1,5576,5575,5550,-1,5577,5576,5550,-1,5549,5577,5550,-1,5578,5579,5580,-1,5580,5579,5581,-1,5580,5581,5582,-1,5582,5581,5583,-1,5582,5583,5584,-1,5584,5583,5585,-1,5584,5585,5586,-1,5586,5585,5587,-1,5586,5587,5588,-1,5588,5587,5589,-1,5588,5589,5590,-1,5590,5589,5591,-1,5590,5591,5592,-1,5592,5591,5593,-1,5592,5593,5594,-1,5594,5593,5595,-1,5594,5595,5596,-1,5596,5595,5597,-1,5596,5597,5598,-1,5598,5597,5599,-1,5598,5599,5600,-1,5600,5599,5601,-1,5600,5601,5602,-1,5602,5601,5603,-1,5602,5603,5604,-1,5604,5603,5605,-1,5604,5605,5606,-1,5606,5605,5607,-1,5606,5607,5608,-1,5608,5607,5609,-1,5608,5609,5610,-1,5610,5609,5611,-1,5610,5611,5612,-1,5612,5611,5613,-1,5612,5613,5614,-1,5614,5613,5615,-1,5614,5615,5616,-1,5616,5615,5617,-1,5616,5617,5618,-1,5618,5617,5619,-1,5618,5619,5620,-1,5620,5619,5621,-1,5620,5621,5622,-1,5622,5621,5623,-1,5622,5623,5624,-1,5624,5623,5625,-1,5624,5625,5626,-1,5626,5625,5627,-1,5626,5627,5628,-1,5628,5627,5629,-1,5628,5629,5630,-1,5630,5629,5631,-1,5630,5631,5632,-1,5632,5631,5633,-1,5632,5633,5634,-1,5634,5633,5635,-1,5634,5635,5636,-1,5636,5635,5578,-1,5636,5578,5580,-1,5622,5637,5620,-1,5620,5637,5638,-1,5620,5638,5618,-1,5618,5638,5639,-1,5618,5639,5616,-1,5616,5639,5640,-1,5616,5640,5614,-1,5614,5640,5641,-1,5614,5641,5612,-1,5612,5641,5642,-1,5612,5642,5610,-1,5610,5642,5643,-1,5610,5643,5608,-1,5608,5643,5644,-1,5608,5644,5606,-1,5606,5644,5645,-1,5606,5645,5604,-1,5604,5645,5646,-1,5604,5646,5602,-1,5602,5646,5647,-1,5602,5647,5600,-1,5600,5647,5648,-1,5600,5648,5598,-1,5598,5648,5649,-1,5598,5649,5596,-1,5596,5649,5650,-1,5596,5650,5594,-1,5594,5650,5651,-1,5594,5651,5592,-1,5592,5651,5652,-1,5592,5652,5590,-1,5590,5652,5653,-1,5590,5653,5588,-1,5588,5653,5654,-1,5588,5654,5586,-1,5586,5654,5655,-1,5586,5655,5584,-1,5584,5655,5656,-1,5584,5656,5582,-1,5582,5656,5657,-1,5582,5657,5580,-1,5580,5657,5658,-1,5580,5658,5636,-1,5636,5658,5659,-1,5636,5659,5634,-1,5634,5659,5660,-1,5634,5660,5632,-1,5632,5660,5661,-1,5632,5661,5630,-1,5630,5661,5662,-1,5630,5662,5628,-1,5628,5662,5663,-1,5628,5663,5626,-1,5626,5663,5664,-1,5626,5664,5624,-1,5624,5664,5665,-1,5624,5665,5622,-1,5622,5665,5637,-1,5665,5666,5637,-1,5637,5666,5667,-1,5637,5667,5638,-1,5638,5667,5668,-1,5638,5668,5639,-1,5639,5668,5669,-1,5639,5669,5640,-1,5640,5669,5670,-1,5640,5670,5641,-1,5641,5670,5671,-1,5641,5671,5642,-1,5642,5671,5672,-1,5642,5672,5643,-1,5643,5672,5673,-1,5643,5673,5644,-1,5644,5673,5674,-1,5644,5674,5645,-1,5645,5674,5675,-1,5645,5675,5646,-1,5646,5675,5676,-1,5646,5676,5647,-1,5647,5676,5677,-1,5647,5677,5648,-1,5648,5677,5678,-1,5648,5678,5649,-1,5649,5678,5679,-1,5649,5679,5650,-1,5650,5679,5680,-1,5650,5680,5651,-1,5651,5680,5681,-1,5651,5681,5652,-1,5652,5681,5682,-1,5652,5682,5653,-1,5653,5682,5683,-1,5653,5683,5654,-1,5654,5683,5684,-1,5654,5684,5655,-1,5655,5684,5685,-1,5655,5685,5656,-1,5656,5685,5686,-1,5656,5686,5657,-1,5657,5686,5687,-1,5657,5687,5658,-1,5658,5687,5688,-1,5658,5688,5659,-1,5659,5688,5689,-1,5659,5689,5660,-1,5660,5689,5690,-1,5660,5690,5661,-1,5661,5690,5691,-1,5661,5691,5662,-1,5662,5691,5692,-1,5662,5692,5663,-1,5663,5692,5693,-1,5663,5693,5664,-1,5664,5693,5694,-1,5664,5694,5665,-1,5665,5694,5666,-1,5694,5695,5666,-1,5666,5695,5696,-1,5666,5696,5667,-1,5667,5696,5697,-1,5667,5697,5668,-1,5668,5697,5698,-1,5668,5698,5669,-1,5669,5698,5699,-1,5669,5699,5670,-1,5670,5699,5700,-1,5670,5700,5671,-1,5671,5700,5701,-1,5671,5701,5672,-1,5672,5701,5702,-1,5672,5702,5673,-1,5673,5702,5703,-1,5673,5703,5674,-1,5674,5703,5704,-1,5674,5704,5675,-1,5675,5704,5705,-1,5675,5705,5676,-1,5676,5705,5706,-1,5676,5706,5677,-1,5677,5706,5707,-1,5677,5707,5678,-1,5678,5707,5708,-1,5678,5708,5679,-1,5679,5708,5709,-1,5679,5709,5680,-1,5680,5709,5710,-1,5680,5710,5681,-1,5681,5710,5711,-1,5681,5711,5682,-1,5682,5711,5712,-1,5682,5712,5683,-1,5683,5712,5713,-1,5683,5713,5684,-1,5684,5713,5714,-1,5684,5714,5685,-1,5685,5714,5715,-1,5685,5715,5686,-1,5686,5715,5716,-1,5686,5716,5687,-1,5687,5716,5717,-1,5687,5717,5688,-1,5688,5717,5718,-1,5688,5718,5689,-1,5689,5718,5719,-1,5689,5719,5690,-1,5690,5719,5720,-1,5690,5720,5691,-1,5691,5720,5721,-1,5691,5721,5692,-1,5692,5721,5722,-1,5692,5722,5693,-1,5693,5722,5723,-1,5693,5723,5694,-1,5694,5723,5695,-1,5723,5724,5695,-1,5695,5724,5725,-1,5695,5725,5696,-1,5696,5725,5726,-1,5696,5726,5697,-1,5697,5726,5727,-1,5697,5727,5698,-1,5698,5727,5728,-1,5698,5728,5699,-1,5699,5728,5729,-1,5699,5729,5700,-1,5700,5729,5730,-1,5700,5730,5701,-1,5701,5730,5731,-1,5701,5731,5702,-1,5702,5731,5732,-1,5702,5732,5703,-1,5703,5732,5733,-1,5703,5733,5704,-1,5704,5733,5734,-1,5704,5734,5705,-1,5705,5734,5735,-1,5705,5735,5706,-1,5706,5735,5736,-1,5706,5736,5707,-1,5707,5736,5737,-1,5707,5737,5708,-1,5708,5737,5738,-1,5708,5738,5709,-1,5709,5738,5739,-1,5709,5739,5710,-1,5710,5739,5740,-1,5710,5740,5711,-1,5711,5740,5741,-1,5711,5741,5712,-1,5712,5741,5742,-1,5712,5742,5713,-1,5713,5742,5743,-1,5713,5743,5714,-1,5714,5743,5744,-1,5714,5744,5715,-1,5715,5744,5745,-1,5715,5745,5716,-1,5716,5745,5746,-1,5716,5746,5717,-1,5717,5746,5747,-1,5717,5747,5718,-1,5718,5747,5748,-1,5718,5748,5719,-1,5719,5748,5749,-1,5719,5749,5720,-1,5720,5749,5750,-1,5720,5750,5721,-1,5721,5750,5751,-1,5721,5751,5722,-1,5722,5751,5752,-1,5722,5752,5723,-1,5723,5752,5724,-1,5752,5753,5724,-1,5724,5753,5754,-1,5724,5754,5725,-1,5725,5754,5755,-1,5725,5755,5726,-1,5726,5755,5756,-1,5726,5756,5727,-1,5727,5756,5757,-1,5727,5757,5728,-1,5728,5757,5758,-1,5728,5758,5729,-1,5729,5758,5759,-1,5729,5759,5730,-1,5730,5759,5760,-1,5730,5760,5731,-1,5731,5760,5761,-1,5731,5761,5732,-1,5732,5761,5762,-1,5732,5762,5733,-1,5733,5762,5763,-1,5733,5763,5734,-1,5734,5763,5764,-1,5734,5764,5735,-1,5735,5764,5765,-1,5735,5765,5736,-1,5736,5765,5766,-1,5736,5766,5737,-1,5737,5766,5767,-1,5737,5767,5738,-1,5738,5767,5768,-1,5738,5768,5739,-1,5739,5768,5769,-1,5739,5769,5740,-1,5740,5769,5770,-1,5740,5770,5741,-1,5741,5770,5771,-1,5741,5771,5742,-1,5742,5771,5772,-1,5742,5772,5743,-1,5743,5772,5773,-1,5743,5773,5744,-1,5744,5773,5774,-1,5744,5774,5745,-1,5745,5774,5775,-1,5745,5775,5746,-1,5746,5775,5776,-1,5746,5776,5747,-1,5747,5776,5777,-1,5747,5777,5748,-1,5748,5777,5778,-1,5748,5778,5749,-1,5749,5778,5779,-1,5749,5779,5750,-1,5750,5779,5780,-1,5750,5780,5751,-1,5751,5780,5781,-1,5751,5781,5752,-1,5752,5781,5753,-1,5781,5782,5753,-1,5753,5782,5783,-1,5753,5783,5754,-1,5754,5783,5784,-1,5754,5784,5755,-1,5755,5784,5785,-1,5755,5785,5756,-1,5756,5785,5786,-1,5756,5786,5757,-1,5757,5786,5787,-1,5757,5787,5758,-1,5758,5787,5788,-1,5758,5788,5759,-1,5759,5788,5789,-1,5759,5789,5760,-1,5760,5789,5790,-1,5760,5790,5761,-1,5761,5790,5791,-1,5761,5791,5762,-1,5762,5791,5792,-1,5762,5792,5763,-1,5763,5792,5793,-1,5763,5793,5764,-1,5764,5793,5794,-1,5764,5794,5765,-1,5765,5794,5795,-1,5765,5795,5766,-1,5766,5795,5796,-1,5766,5796,5767,-1,5767,5796,5797,-1,5767,5797,5768,-1,5768,5797,5798,-1,5768,5798,5769,-1,5769,5798,5799,-1,5769,5799,5770,-1,5770,5799,5800,-1,5770,5800,5771,-1,5771,5800,5801,-1,5771,5801,5772,-1,5772,5801,5802,-1,5772,5802,5773,-1,5773,5802,5803,-1,5773,5803,5774,-1,5774,5803,5804,-1,5774,5804,5775,-1,5775,5804,5805,-1,5775,5805,5776,-1,5776,5805,5806,-1,5776,5806,5777,-1,5777,5806,5807,-1,5777,5807,5778,-1,5778,5807,5808,-1,5778,5808,5779,-1,5779,5808,5809,-1,5779,5809,5780,-1,5780,5809,5810,-1,5780,5810,5781,-1,5781,5810,5782,-1,5810,5811,5782,-1,5782,5811,5812,-1,5782,5812,5783,-1,5783,5812,5813,-1,5783,5813,5784,-1,5784,5813,5814,-1,5784,5814,5785,-1,5785,5814,5815,-1,5785,5815,5786,-1,5786,5815,5816,-1,5786,5816,5787,-1,5787,5816,5817,-1,5787,5817,5788,-1,5788,5817,5818,-1,5788,5818,5789,-1,5789,5818,5819,-1,5789,5819,5790,-1,5790,5819,5820,-1,5790,5820,5791,-1,5791,5820,5821,-1,5791,5821,5792,-1,5792,5821,5822,-1,5792,5822,5793,-1,5793,5822,5823,-1,5793,5823,5794,-1,5794,5823,5824,-1,5794,5824,5795,-1,5795,5824,5825,-1,5795,5825,5796,-1,5796,5825,5826,-1,5796,5826,5797,-1,5797,5826,5827,-1,5797,5827,5798,-1,5798,5827,5828,-1,5798,5828,5799,-1,5799,5828,5829,-1,5799,5829,5800,-1,5800,5829,5830,-1,5800,5830,5801,-1,5801,5830,5831,-1,5801,5831,5802,-1,5802,5831,5832,-1,5802,5832,5803,-1,5803,5832,5833,-1,5803,5833,5804,-1,5804,5833,5834,-1,5804,5834,5805,-1,5805,5834,5835,-1,5805,5835,5806,-1,5806,5835,5836,-1,5806,5836,5807,-1,5807,5836,5837,-1,5807,5837,5808,-1,5808,5837,5838,-1,5808,5838,5809,-1,5809,5838,5839,-1,5809,5839,5810,-1,5810,5839,5811,-1,5839,5549,5811,-1,5811,5549,5548,-1,5811,5548,5812,-1,5812,5548,5551,-1,5812,5551,5813,-1,5813,5551,5552,-1,5813,5552,5814,-1,5814,5552,5553,-1,5814,5553,5815,-1,5815,5553,5554,-1,5815,5554,5816,-1,5816,5554,5555,-1,5816,5555,5817,-1,5817,5555,5556,-1,5817,5556,5818,-1,5818,5556,5557,-1,5818,5557,5819,-1,5819,5557,5558,-1,5819,5558,5820,-1,5820,5558,5559,-1,5820,5559,5821,-1,5821,5559,5560,-1,5821,5560,5822,-1,5822,5560,5561,-1,5822,5561,5823,-1,5823,5561,5562,-1,5823,5562,5824,-1,5824,5562,5563,-1,5824,5563,5825,-1,5825,5563,5564,-1,5825,5564,5826,-1,5826,5564,5565,-1,5826,5565,5827,-1,5827,5565,5566,-1,5827,5566,5828,-1,5828,5566,5567,-1,5828,5567,5829,-1,5829,5567,5568,-1,5829,5568,5830,-1,5830,5568,5569,-1,5830,5569,5831,-1,5831,5569,5570,-1,5831,5570,5832,-1,5832,5570,5571,-1,5832,5571,5833,-1,5833,5571,5572,-1,5833,5572,5834,-1,5834,5572,5573,-1,5834,5573,5835,-1,5835,5573,5574,-1,5835,5574,5836,-1,5836,5574,5575,-1,5836,5575,5837,-1,5837,5575,5576,-1,5837,5576,5838,-1,5838,5576,5577,-1,5838,5577,5839,-1,5839,5577,5549,-1,
        ]
    }
}
Shape{
    appearance Appearance {
        material  Material 	{
            diffuseColor 0.0 0.0 0.0
            specularColor 0.0 0.0 0.0
            ambientIntensity 0.2
            transparency 0
            shininess 0.5
        }
    }
    geometry IndexedFaceSet {
        ccw TRUE
        solid FALSE
        coord DEF co Coordinate {
            point [
                -0.1442 -0.2786 0.0307, -0.1442 -0.0127 0.0307, -0.1455 -0.0127 0.0307, -0.1208 -0.3341 0.0307, -0.1217 -0.3342 0.0307, -0.1164 -0.3342 0.0307, -0.1373 -0.2788 0.0307, -0.1357 -0.2786 0.0307, -0.1318 -0.3002 0.0307, -0.1332 -0.3003 0.0307, -0.1261 -0.3003 0.0307, -0.1845 -0.2955 0.0307, -0.1804 -0.299 0.0307, -0.1609 -0.2786 0.0307, -0.1609 -0.3003 0.0307, -0.2048 -0.2764 0.0307, -0.2015 -0.2786 0.0307, -0.198 -0.281 0.0307, -0.193 -0.2867 0.0307, -0.1898 -0.2929 0.0307, -0.189 -0.2932 0.0307, -0.2124 -0.2737 0.0307, -0.1609 -0.0127 0.0307, -0.2186 -0.2731 0.0307, -0.2683 -0.0127 0.0307, -0.2262 -0.274 0.0307, -0.2332 -0.2767 0.0307, -0.2683 -0.2978 0.0307, -0.2679 -0.2969 0.0307, -0.2683 -0.2786 0.0307, -0.2645 -0.2926 0.0307, -0.2632 -0.2914 0.0307, -0.2581 -0.288 0.0307, -0.2525 -0.286 0.0307, -0.247 -0.2854 0.0307, -0.2363 -0.2786 0.0307, -0.2369 -0.279 0.0307, -0.2404 -0.282 0.0307, -0.2453 -0.2854 0.0307, -0.2435 -0.2857 0.0307, -0.2704 -0.3023 0.0307, -0.3179 -0.3003 0.0307, -0.2712 -0.3066 0.0307, -0.3179 -0.3066 0.0307, -0.2716 -0.3083 0.0307, -0.2683 -0.322 0.0307, -0.269 -0.321 0.0307, -0.3179 -0.3342 0.0307, -0.271 -0.3154 0.0307, -0.2716 -0.3099 0.0307, -0.2531 -0.3338 0.0307, -0.2556 -0.333 0.0307, -0.2683 -0.3342 0.0307, -0.261 -0.3302 0.0307, -0.2652 -0.3265 0.0307, -0.2657 -0.3259 0.0307, -0.2464 -0.3421 0.0307, -0.2493 -0.3398 0.0307, -0.2683 -0.3426 0.0307, -0.2516 -0.337 0.0307, -0.2529 -0.3342 0.0307, -0.2387 -0.3441 0.0307, -0.2683 -0.3967 0.0307, -0.235 -0.3437 0.0307, -0.1609 -0.3967 0.0307, -0.2324 -0.3426 0.0307, -0.2393 -0.3441 0.0307, -0.2429 -0.3435 0.0307, -0.245 -0.3426 0.0307, -0.2245 -0.3342 0.0307, -0.2245 -0.3342 0.0307, -0.1609 -0.3426 0.0307, -0.2263 -0.3376 0.0307, -0.2286 -0.3403 0.0307, -0.2316 -0.3424 0.0307, -0.1804 -0.3273 0.0307, -0.1846 -0.3308 0.0307, -0.1609 -0.3342 0.0307, -0.1774 -0.3232 0.0307, -0.205 -0.3252 0.0307, -0.204 -0.3248 0.0307, -0.2022 -0.3162 0.0307, -0.2273 -0.3188 0.0307, -0.2069 -0.3081 0.0307, -0.2299 -0.3163 0.0307, -0.2332 -0.3146 0.0307, -0.1842 -0.3117 0.0307, -0.185 -0.3088 0.0307, -0.1861 -0.3066 0.0307, -0.2617 -0.3066 0.0307, -0.206 -0.3259 0.0307, -0.2029 -0.3247 0.0307, -0.2027 -0.3247 0.0307, -0.2022 -0.3248 0.0307, -0.2608 -0.3157 0.0307, -0.259 -0.3188 0.0307, -0.2513 -0.3203 0.0307, -0.2563 -0.3216 0.0307, -0.2529 -0.3236 0.0307, -0.2456 -0.3153 0.0307, -0.2488 -0.3175 0.0307, -0.2621 -0.3096 0.0307, -0.2619 -0.312 0.0307, -0.1893 -0.3331 0.0307, -0.1942 -0.3341 0.0307, -0.2032 -0.3341 0.0307, -0.204 -0.334 0.0307, -0.205 -0.3336 0.0307, -0.206 -0.3329 0.0307, -0.2064 -0.3325 0.0307, -0.2423 -0.314 0.0307, -0.2387 -0.3136 0.0307, -0.2368 -0.3137 0.0307, -0.1754 -0.3079 0.0307, -0.1748 -0.3128 0.0307, -0.1609 -0.3066 0.0307, -0.1748 -0.3134 0.0307, -0.1755 -0.3184 0.0307, -0.1873 -0.321 0.0307, -0.1856 -0.3186 0.0307, -0.1845 -0.3159 0.0307, -0.1842 -0.313 0.0307, -0.2076 -0.3294 0.0307, -0.2075 -0.3289 0.0307, -0.2235 -0.3274 0.0307, -0.2073 -0.3277 0.0307, -0.2067 -0.3267 0.0307, -0.207 -0.3315 0.0307, -0.2074 -0.3305 0.0307, -0.2236 -0.3305 0.0307, -0.2235 -0.3289 0.0307, -0.2019 -0.3248 0.0307, -0.1951 -0.3248 0.0307, -0.1924 -0.3243 0.0307, -0.1897 -0.3231 0.0307, -0.1875 -0.3212 0.0307, -0.1972 -0.3011 0.0307, -0.2603 -0.3026 0.0307, -0.2616 -0.306 0.0307, -0.196 -0.3011 0.0307, -0.1864 -0.3061 0.0307, -0.1881 -0.3042 0.0307, -0.1905 -0.3025 0.0307, -0.1931 -0.3015 0.0307, -0.2036 -0.2883 0.0307, -0.2044 -0.2875 0.0307, -0.2388 -0.2967 0.0307, -0.2002 -0.2924 0.0307, -0.2587 -0.3003 0.0307, -0.2399 -0.2961 0.0307, -0.1974 -0.3003 0.0307, -0.198 -0.2974 0.0307, -0.2087 -0.2845 0.0307, -0.2135 -0.2828 0.0307, -0.2366 -0.2921 0.0307, -0.2185 -0.2822 0.0307, -0.2433 -0.2949 0.0307, -0.2469 -0.2945 0.0307, -0.2484 -0.2945 0.0307, -0.2241 -0.2829 0.0307, -0.229 -0.2849 0.0307, -0.2333 -0.288 0.0307, -0.2522 -0.2954 0.0307, -0.2556 -0.2972 0.0307, -0.2582 -0.2996 0.0307, -0.1794 -0.3003 0.0307, -0.1773 -0.3033 0.0307, -0.176 -0.3066 0.0307, -0.0768 -0.2943 0.0307, -0.0846 -0.2943 0.0307, -0.0746 -0.3001 0.0307, -0.0846 -0.3003 0.0307, -0.0716 -0.3001 0.0307, 0.3179 -0.3003 0.0307, 0.3179 -0.2786 0.0307, -0.0797 -0.2788 0.0307, -0.0846 -0.2786 0.0307, -0.0857 -0.2943 0.0307, -0.0878 -0.3001 0.0307, -0.0914 -0.3003 0.0307, -0.0908 -0.3001 0.0307, -0.0914 -0.2786 0.0307, -0.0846 -0.284 0.0307, -0.0827 -0.2788 0.0307, -0.1164 -0.2905 0.0307, -0.1221 -0.2905 0.0307, -0.1164 -0.2977 0.0307, -0.1221 -0.2977 0.0307, -0.1114 -0.2786 0.0307, -0.1164 -0.2786 0.0307, -0.1139 -0.2788 0.0307, -0.1164 -0.2788 0.0307, -0.1139 -0.2812 0.0307, -0.1134 -0.2977 0.0307, -0.1114 -0.3003 0.0307, -0.1134 -0.3001 0.0307, -0.1164 -0.3003 0.0307, -0.1145 -0.2905 0.0307, -0.1145 -0.2881 0.0307, -0.1164 -0.2881 0.0307, -0.1164 -0.2812 0.0307, -0.1221 -0.2812 0.0307, -0.1221 -0.2881 0.0307, -0.1249 -0.2788 0.0307, -0.1261 -0.2786 0.0307, -0.1249 -0.3001 0.0307, -0.1292 -0.2793 0.0307, -0.1314 -0.2786 0.0307, -0.1319 -0.2786 0.0307, -0.1164 -0.3001 0.0307, -0.1292 -0.2822 0.0307, -0.1295 -0.2994 0.0307, -0.1337 -0.298 0.0307, -0.1313 -0.2976 0.0307, -0.1292 -0.2966 0.0307, -0.1292 -0.2993 0.0307, -0.1316 -0.2812 0.0307, -0.1342 -0.2809 0.0307, -0.1423 -0.2897 0.0307, -0.1412 -0.2943 0.0307, -0.1402 -0.2958 0.0307, -0.1397 -0.2962 0.0307, -0.1383 -0.2972 0.0307, -0.1368 -0.2978 0.0307, -0.1347 -0.298 0.0307, -0.14 -0.2833 0.0307, -0.1412 -0.2849 0.0307, -0.1386 -0.2821 0.0307, -0.1369 -0.2813 0.0307, -0.135 -0.2809 0.0307, -0.1419 -0.2867 0.0307, -0.1294 -0.2821 0.0307, -0.1422 -0.2905 0.0307, -0.1419 -0.2926 0.0307, -0.1342 -0.2784 0.0307, -0.1261 -0.0127 0.0307, -0.1342 -0.2784 0.0307, -0.1442 -0.2849 0.0307, -0.1436 -0.2836 0.0307, -0.1421 -0.2816 0.0307, -0.1415 -0.2811 0.0307, -0.1396 -0.2797 0.0307, -0.1451 -0.2888 0.0307, -0.1446 -0.286 0.0307, -0.1455 -0.2786 0.0307, -0.1442 -0.2947 0.0307, -0.1447 -0.2934 0.0307, -0.1455 -0.3003 0.0307, -0.1451 -0.2899 0.0307, -0.1387 -0.3 0.0307, -0.1407 -0.299 0.0307, -0.1442 -0.3003 0.0307, -0.1424 -0.2976 0.0307, -0.1438 -0.2956 0.0307, -0.1369 -0.3003 0.0307, -0.1442 -0.3066 0.0307, -0.1364 -0.3004 0.0307, -0.1351 -0.3005 0.0307, -0.1261 -0.3066 0.0307, -0.0926 -0.293 0.0307, -0.0936 -0.2953 0.0307, -0.0996 -0.2786 0.0307, -0.0996 -0.2793 0.0307, -0.0974 -0.2801 0.0307, -0.0996 -0.2996 0.0307, -0.0996 -0.3003 0.0307, -0.0974 -0.2987 0.0307, -0.0952 -0.2971 0.0307, -0.0952 -0.2816 0.0307, -0.0945 -0.2823 0.0307, -0.0931 -0.2842 0.0307, -0.0923 -0.2862 0.0307, -0.092 -0.2892 0.0307, -0.092 -0.2905 0.0307, -0.1033 -0.2788 0.0307, -0.1 -0.2791 0.0307, -0.0998 -0.2997 0.0307, -0.1035 -0.3001 0.0307, -0.1094 -0.3001 0.0307, -0.1094 -0.2788 0.0307, -0.1359 -0.3338 0.0307, -0.1369 -0.3342 0.0307, -0.1337 -0.334 0.0307, -0.1422 -0.3268 0.0307, -0.1417 -0.3224 0.0307, -0.1428 -0.3277 0.0307, -0.1431 -0.3287 0.0307, -0.1358 -0.3207 0.0307, -0.1367 -0.3206 0.0307, -0.1382 -0.325 0.0307, -0.135 -0.3332 0.0307, -0.14 -0.3342 0.0307, -0.141 -0.3338 0.0307, -0.1442 -0.3342 0.0307, -0.1415 -0.3261 0.0307, -0.1404 -0.3255 0.0307, -0.1399 -0.3213 0.0307, -0.1382 -0.3207 0.0307, -0.1417 -0.3198 0.0307, -0.1412 -0.3195 0.0307, -0.1419 -0.3332 0.0307, -0.1422 -0.3329 0.0307, -0.1428 -0.3321 0.0307, -0.1337 -0.3317 0.0307, -0.1337 -0.3317 0.0307, -0.1341 -0.3323 0.0307, -0.1431 -0.3312 0.0307, -0.1432 -0.3299 0.0307, -0.1266 -0.3253 0.0307, -0.1269 -0.3247 0.0307, -0.131 -0.3242 0.0307, -0.1272 -0.3239 0.0307, -0.1312 -0.3219 0.0307, -0.1273 -0.3229 0.0307, -0.1337 -0.3243 0.0307, -0.1337 -0.3231 0.0307, -0.134 -0.3222 0.0307, -0.1343 -0.3216 0.0307, -0.1392 -0.3187 0.0307, -0.1365 -0.3184 0.0307, -0.1346 -0.3186 0.0307, -0.1261 -0.3257 0.0307, -0.1274 -0.3307 0.0307, -0.1261 -0.3258 0.0307, -0.1264 -0.3313 0.0307, -0.1261 -0.3314 0.0307, -0.1347 -0.3212 0.0307, -0.1352 -0.3209 0.0307, -0.1336 -0.319 0.0307, -0.1327 -0.3195 0.0307, -0.1264 -0.3203 0.0307, -0.1272 -0.3219 0.0307, -0.1269 -0.3211 0.0307, -0.1317 -0.3208 0.0307, -0.1323 -0.32 0.0307, -0.137 -0.3342 0.0307, -0.1261 -0.3426 0.0307, -0.1442 -0.3426 0.0307, -0.1384 -0.3344 0.0307, -0.14 -0.3342 0.0307, -0.1274 -0.3335 0.0307, -0.131 -0.334 0.0307, -0.1261 -0.3339 0.0307, -0.1261 -0.3342 0.0307, -0.1255 -0.3341 0.0307, -0.125 -0.3342 0.0307, -0.1232 -0.3344 0.0307, -0.1178 -0.3191 0.0307, -0.1178 -0.3217 0.0307, -0.1256 -0.3196 0.0307, -0.125 -0.3192 0.0307, -0.1261 -0.3201 0.0307, -0.1172 -0.3309 0.0307, -0.1175 -0.3318 0.0307, -0.118 -0.3325 0.0307, -0.1235 -0.3187 0.0307, -0.1214 -0.3184 0.0307, -0.1164 -0.3066 0.0307, -0.1195 -0.3186 0.0307, -0.118 -0.3273 0.0307, -0.1175 -0.3281 0.0307, -0.1172 -0.3289 0.0307, -0.1171 -0.3299 0.0307, -0.1188 -0.3332 0.0307, -0.1194 -0.3335 0.0307, -0.1217 -0.3206 0.0307, -0.1225 -0.3206 0.0307, -0.1246 -0.3226 0.0307, -0.1232 -0.3208 0.0307, -0.1238 -0.3212 0.0307, -0.1246 -0.323 0.0307, -0.1245 -0.3234 0.0307, -0.1243 -0.3238 0.0307, -0.124 -0.3241 0.0307, -0.1231 -0.3246 0.0307, -0.1198 -0.3208 0.0307, -0.1214 -0.3254 0.0307, -0.1183 -0.3214 0.0307, -0.1204 -0.3258 0.0307, -0.1186 -0.3268 0.0307, -0.1242 -0.3215 0.0307, -0.1244 -0.3218 0.0307, -0.1245 -0.3222 0.0307, -0.1247 -0.332 0.0307, -0.1233 -0.3273 0.0307, -0.1249 -0.3266 0.0307, -0.123 -0.3322 0.0307, -0.1228 -0.3322 0.0307, -0.1215 -0.328 0.0307, -0.1215 -0.332 0.0307, -0.1198 -0.3301 0.0307, -0.1198 -0.3298 0.0307, -0.1208 -0.3318 0.0307, -0.1205 -0.3316 0.0307, -0.1202 -0.3314 0.0307, -0.12 -0.331 0.0307, -0.1199 -0.3306 0.0307, -0.12 -0.3294 0.0307, -0.1202 -0.329 0.0307, -0.1205 -0.3287 0.0307, -0.1038 -0.3188 0.0307, -0.101 -0.3188 0.0307, -0.0996 -0.3066 0.0307, -0.1087 -0.3302 0.0307, -0.1084 -0.3315 0.0307, -0.1083 -0.3315 0.0307, -0.1114 -0.3066 0.0307, -0.1114 -0.3225 0.0307, -0.108 -0.3302 0.0307, -0.1082 -0.331 0.0307, -0.1114 -0.3342 0.0307, -0.1114 -0.3297 0.0307, -0.1157 -0.3188 0.0307, -0.1127 -0.3188 0.0307, -0.1097 -0.334 0.0307, -0.1098 -0.3342 0.0307, -0.1109 -0.3367 0.0307, -0.1164 -0.3426 0.0307, -0.1151 -0.341 0.0307, -0.1151 -0.3386 0.0307, -0.1146 -0.3388 0.0307, -0.1136 -0.3389 0.0307, -0.1135 -0.3389 0.0307, -0.1129 -0.3388 0.0307, -0.1123 -0.3386 0.0307, -0.1119 -0.3383 0.0307, -0.1114 -0.3377 0.0307, -0.1114 -0.3377 0.0307, -0.1114 -0.3407 0.0307, -0.1122 -0.341 0.0307, -0.1114 -0.3426 0.0307, -0.1134 -0.3412 0.0307, -0.114 -0.3412 0.0307, -0.0996 -0.3426 0.0307, -0.1103 -0.34 0.0307, -0.1112 -0.3406 0.0307, -0.1071 -0.3342 0.0307, -0.1079 -0.3363 0.0307, -0.1092 -0.3387 0.0307, -0.0914 -0.3244 0.0307, -0.0954 -0.3244 0.0307, -0.0914 -0.3316 0.0307, -0.0954 -0.3316 0.0307, -0.0871 -0.3127 0.0307, -0.0871 -0.3151 0.0307, -0.0846 -0.3066 0.0307, -0.0867 -0.3316 0.0307, -0.0846 -0.3342 0.0307, -0.0867 -0.334 0.0307, -0.0914 -0.3342 0.0307, -0.0878 -0.3244 0.0307, -0.0878 -0.3219 0.0307, -0.0914 -0.3219 0.0307, -0.0914 -0.3151 0.0307, -0.0954 -0.3151 0.0307, -0.0954 -0.3219 0.0307, -0.0914 -0.334 0.0307, -0.0981 -0.334 0.0307, -0.0996 -0.3342 0.0307, -0.0981 -0.3127 0.0307, -0.0914 -0.3127 0.0307, -0.0914 -0.3066 0.0307, -0.1609 0.3967 0.0307, -0.1455 0.3967 0.0307, -0.1442 0.3967 0.0307, -0.1261 0.3967 0.0307, -0.1164 -0.0127 0.0307, -0.1164 0.3967 0.0307, -0.1114 -0.0127 0.0307, -0.1114 0.3967 0.0307, -0.0996 -0.0127 0.0307, -0.0996 0.3967 0.0307, -0.0914 -0.0127 0.0307, -0.0914 0.3967 0.0307, -0.0846 -0.0127 0.0307, -0.0846 0.3967 0.0307, 0.3179 -0.0127 0.0307, 0.3179 0.3967 0.0307, -0.1646 0.2978 0.0307, -0.1663 0.2848 0.0307, -0.1713 0.2727 0.0307, -0.1793 0.2623 0.0307, -0.1897 0.2543 0.0307, -0.2018 0.2493 0.0307, -0.2148 0.2476 0.0307, -0.2278 0.2493 0.0307, -0.2399 0.2543 0.0307, -0.2503 0.2623 0.0307, -0.2583 0.2727 0.0307, -0.1897 0.3413 0.0307, -0.1793 0.3333 0.0307, -0.1713 0.3229 0.0307, -0.1663 0.3108 0.0307, -0.2583 0.3229 0.0307, -0.2503 0.3333 0.0307, -0.2683 0.3967 0.0307, -0.2399 0.3413 0.0307, -0.2278 0.3463 0.0307, -0.2148 0.348 0.0307, -0.2018 0.3463 0.0307, -0.2633 0.2848 0.0307, -0.265 0.2978 0.0307, -0.2633 0.3108 0.0307, -0.3179 0.3967 0.0307, -0.3179 -0.0127 0.0307, -0.3179 -0.2786 0.0307, -0.2695 -0.3003 0.0307, -0.146 -0.2977 0.0307, -0.146 -0.3001 0.0307, -0.1573 -0.3001 0.0307, -0.1573 -0.2788 0.0307, -0.1545 -0.2788 0.0307, -0.1545 -0.2977 0.0307, -0.1455 -0.3066 0.0307, -0.061 -0.334 0.0307, -0.0641 -0.334 0.0307, 0.3179 -0.3066 0.0307, -0.053 -0.3127 0.0307, 0.3179 -0.3342 0.0307, -0.0448 -0.334 0.0307, -0.0479 -0.334 0.0307, -0.0501 -0.3282 0.0307, -0.059 -0.3282 0.0307, -0.0658 -0.3269 0.0307, -0.0653 -0.3244 0.0307, -0.0559 -0.3127 0.0307, -0.0652 -0.3231 0.0307, -0.0656 -0.3201 0.0307, -0.0669 -0.3291 0.0307, -0.0685 -0.331 0.0307, -0.0707 -0.3326 0.0307, -0.0826 -0.3127 0.0307, -0.0826 -0.334 0.0307, -0.0768 -0.334 0.0307, -0.0731 -0.3336 0.0307, -0.0685 -0.3155 0.0307, -0.0677 -0.3162 0.0307, -0.0664 -0.3181 0.0307, -0.0765 -0.3127 0.0307, -0.0733 -0.313 0.0307, -0.0707 -0.314 0.0307, -0.1455 -0.3342 0.0307, -0.1573 -0.334 0.0307, -0.1458 -0.334 0.0307, -0.1458 -0.3316 0.0307, -0.1463 -0.3151 0.0307, -0.1573 -0.3127 0.0307, -0.1463 -0.3127 0.0307, -0.1545 -0.3244 0.0307, -0.1545 -0.3316 0.0307, -0.1469 -0.3244 0.0307, -0.1469 -0.3219 0.0307, -0.1545 -0.3219 0.0307, -0.1545 -0.3151 0.0307, -0.0914 -0.3426 0.0307, -0.0846 -0.3426 0.0307, 0.3179 -0.3426 0.0307, -0.1455 -0.3426 0.0307, -0.1455 -0.3967 0.0307, -0.1442 -0.3967 0.0307, -0.1261 -0.3967 0.0307, -0.1164 -0.3967 0.0307, -0.1114 -0.3967 0.0307, -0.0996 -0.3967 0.0307, -0.0914 -0.3967 0.0307, -0.0846 -0.3967 0.0307, 0.3179 -0.3967 0.0307, -0.3179 -0.3426 0.0307, -0.3179 -0.3967 0.0307, 0.3179 0.3967 0.0, 0.3179 -0.3967 0.0, -0.3179 0.3967 0.0, -0.3179 -0.3967 0.0, -0.3179 -0.3967 0.0
            ]
        }
        coordIndex [
            0,1,2,-1,3,4,5,-1,6,7,0,-1,8,9,10,-1,11,12,13,-1,13,12,14,-1,15,16,13,-1,13,16,17,-1,13,17,18,-1,18,19,13,-1,13,19,20,-1,13,20,11,-1,21,22,23,-1,23,22,24,-1,23,24,25,-1,25,24,26,-1,27,28,29,-1,29,28,30,-1,29,30,31,-1,31,32,29,-1,29,32,33,-1,29,33,34,-1,26,24,35,-1,35,24,29,-1,35,29,36,-1,36,29,34,-1,36,34,37,-1,37,34,38,-1,37,38,39,-1,40,41,42,-1,42,41,43,-1,42,43,44,-1,45,46,47,-1,47,46,48,-1,47,48,43,-1,43,48,49,-1,43,49,44,-1,50,51,52,-1,51,53,52,-1,52,53,54,-1,52,54,55,-1,56,57,58,-1,58,57,59,-1,58,59,52,-1,52,59,60,-1,52,60,50,-1,61,62,63,-1,63,62,64,-1,63,64,65,-1,61,66,62,-1,62,66,67,-1,62,67,58,-1,58,67,68,-1,58,68,56,-1,69,70,71,-1,71,70,72,-1,72,73,71,-1,71,73,74,-1,71,74,65,-1,75,76,77,-1,75,77,78,-1,79,80,81,-1,82,83,84,-1,84,83,85,-1,86,87,83,-1,83,87,88,-1,83,88,89,-1,79,81,90,-1,80,91,81,-1,81,91,92,-1,81,92,93,-1,94,95,96,-1,96,95,97,-1,96,97,98,-1,99,89,100,-1,100,89,101,-1,100,101,96,-1,96,101,102,-1,96,102,94,-1,76,103,77,-1,77,103,104,-1,77,104,69,-1,69,104,105,-1,69,105,106,-1,106,107,69,-1,69,107,108,-1,69,108,109,-1,99,110,89,-1,89,110,111,-1,89,111,83,-1,83,111,112,-1,83,112,85,-1,113,114,115,-1,115,114,116,-1,115,116,77,-1,77,116,117,-1,77,117,78,-1,118,119,81,-1,81,119,120,-1,81,120,83,-1,83,120,121,-1,83,121,86,-1,122,123,124,-1,124,123,125,-1,124,125,81,-1,81,125,126,-1,81,126,90,-1,109,127,69,-1,69,127,128,-1,69,128,129,-1,129,128,122,-1,129,122,130,-1,130,122,124,-1,93,131,81,-1,81,131,132,-1,81,132,133,-1,133,134,81,-1,81,134,135,-1,81,135,118,-1,136,137,138,-1,138,89,136,-1,136,89,88,-1,136,88,139,-1,139,88,140,-1,140,141,139,-1,139,141,142,-1,139,142,143,-1,144,145,146,-1,144,146,147,-1,148,146,149,-1,137,136,148,-1,148,136,150,-1,148,150,146,-1,146,150,151,-1,146,151,147,-1,145,152,146,-1,146,152,153,-1,146,153,154,-1,154,153,155,-1,149,156,148,-1,148,156,157,-1,148,157,158,-1,159,160,155,-1,155,160,161,-1,155,161,154,-1,162,163,158,-1,158,163,164,-1,158,164,148,-1,12,165,14,-1,14,165,166,-1,14,166,115,-1,115,166,167,-1,115,167,113,-1,168,169,170,-1,170,169,171,-1,170,171,172,-1,173,174,175,-1,175,174,176,-1,169,177,171,-1,171,177,178,-1,171,178,179,-1,179,178,180,-1,179,180,181,-1,181,180,182,-1,181,182,176,-1,176,182,183,-1,176,183,175,-1,184,185,186,-1,186,185,187,-1,188,189,190,-1,190,189,191,-1,190,192,188,-1,188,192,193,-1,188,193,194,-1,194,193,195,-1,194,195,196,-1,184,186,197,-1,197,186,193,-1,197,193,198,-1,198,193,192,-1,198,192,199,-1,192,200,199,-1,199,200,201,-1,199,201,202,-1,191,189,203,-1,203,189,204,-1,203,204,205,-1,206,204,207,-1,207,204,208,-1,195,209,196,-1,196,209,205,-1,196,205,10,-1,10,205,204,-1,10,204,210,-1,210,204,206,-1,8,10,211,-1,212,213,210,-1,210,213,214,-1,210,214,10,-1,10,214,215,-1,10,215,211,-1,216,217,218,-1,219,220,210,-1,210,220,221,-1,210,221,222,-1,222,223,210,-1,210,223,224,-1,210,224,212,-1,225,226,227,-1,227,226,228,-1,217,229,218,-1,218,229,228,-1,218,228,230,-1,230,228,226,-1,216,218,231,-1,231,218,232,-1,231,232,210,-1,210,232,233,-1,210,233,219,-1,0,7,1,-1,1,7,234,-1,1,234,235,-1,235,234,236,-1,235,236,208,-1,237,238,0,-1,0,238,239,-1,239,240,0,-1,0,240,241,-1,0,241,6,-1,242,243,244,-1,245,246,247,-1,247,246,248,-1,242,244,248,-1,249,250,251,-1,251,250,252,-1,251,252,253,-1,249,251,254,-1,254,251,255,-1,254,255,256,-1,256,255,257,-1,257,255,258,-1,257,258,9,-1,259,260,179,-1,261,262,181,-1,181,262,263,-1,264,265,266,-1,266,265,179,-1,266,179,267,-1,267,179,260,-1,263,268,181,-1,181,268,269,-1,181,269,270,-1,270,271,181,-1,181,271,272,-1,181,272,179,-1,179,272,273,-1,179,273,259,-1,188,274,261,-1,261,274,275,-1,261,275,262,-1,264,276,265,-1,265,276,277,-1,265,277,194,-1,194,277,278,-1,194,278,188,-1,188,278,279,-1,188,279,274,-1,280,281,282,-1,283,284,285,-1,285,284,286,-1,287,288,289,-1,280,282,290,-1,291,292,293,-1,283,294,284,-1,284,294,295,-1,284,295,296,-1,296,295,289,-1,296,289,297,-1,297,289,288,-1,255,298,299,-1,292,300,293,-1,293,300,301,-1,293,301,302,-1,303,304,282,-1,282,304,305,-1,282,305,290,-1,302,306,293,-1,293,306,307,-1,293,307,255,-1,255,307,286,-1,255,286,298,-1,298,286,284,-1,308,309,310,-1,310,309,311,-1,310,311,312,-1,312,311,313,-1,314,315,289,-1,289,315,316,-1,289,316,317,-1,299,318,255,-1,255,318,319,-1,255,319,320,-1,321,322,323,-1,323,322,324,-1,323,324,325,-1,317,326,289,-1,289,326,327,-1,289,327,287,-1,328,329,330,-1,313,331,312,-1,312,331,332,-1,312,332,333,-1,333,332,330,-1,333,330,334,-1,334,330,329,-1,281,335,336,-1,336,335,337,-1,337,335,338,-1,337,338,339,-1,321,308,322,-1,322,308,310,-1,322,310,340,-1,340,310,341,-1,340,341,342,-1,342,341,343,-1,342,343,344,-1,344,343,345,-1,346,345,336,-1,336,345,343,-1,336,343,281,-1,281,343,341,-1,281,341,282,-1,347,348,5,-1,349,350,258,-1,320,328,255,-1,255,328,330,-1,255,330,258,-1,258,330,351,-1,258,351,349,-1,352,353,5,-1,5,353,354,-1,350,355,258,-1,258,355,356,-1,258,356,357,-1,357,356,358,-1,357,358,347,-1,359,360,348,-1,348,360,361,-1,348,361,5,-1,5,361,362,-1,5,362,352,-1,354,363,5,-1,5,363,364,-1,5,364,3,-1,365,366,367,-1,367,366,368,-1,367,368,369,-1,367,370,365,-1,365,370,371,-1,365,371,372,-1,372,373,365,-1,365,373,374,-1,365,374,375,-1,375,374,376,-1,375,376,377,-1,377,376,378,-1,377,378,348,-1,348,378,379,-1,348,379,359,-1,380,381,369,-1,369,381,382,-1,369,382,367,-1,383,384,325,-1,325,384,385,-1,325,385,323,-1,383,386,384,-1,384,386,387,-1,384,387,388,-1,388,387,389,-1,388,390,391,-1,389,392,388,-1,388,392,393,-1,388,393,394,-1,394,395,388,-1,388,395,396,-1,388,396,390,-1,391,397,388,-1,388,397,398,-1,388,398,399,-1,400,401,402,-1,403,404,405,-1,402,406,400,-1,400,406,407,-1,400,407,408,-1,408,407,403,-1,408,403,409,-1,409,403,405,-1,410,411,5,-1,5,411,412,-1,347,5,357,-1,357,5,412,-1,357,412,406,-1,406,412,413,-1,406,413,407,-1,414,411,415,-1,415,411,410,-1,415,410,416,-1,417,418,419,-1,420,421,5,-1,346,336,4,-1,4,336,417,-1,4,417,5,-1,5,417,419,-1,5,419,420,-1,421,422,5,-1,5,422,423,-1,5,423,424,-1,424,425,5,-1,5,425,426,-1,5,426,410,-1,410,426,427,-1,410,427,416,-1,428,429,430,-1,430,429,431,-1,430,431,417,-1,417,431,432,-1,417,432,418,-1,433,434,430,-1,430,434,435,-1,430,435,428,-1,436,437,433,-1,433,437,438,-1,433,438,434,-1,439,440,441,-1,441,440,442,-1,443,444,445,-1,445,444,446,-1,445,446,447,-1,447,446,448,-1,447,448,449,-1,439,441,450,-1,450,441,446,-1,450,446,451,-1,451,446,444,-1,451,444,452,-1,444,453,452,-1,452,453,454,-1,452,454,455,-1,448,456,449,-1,449,456,457,-1,449,457,458,-1,458,457,459,-1,443,445,460,-1,460,445,461,-1,460,461,459,-1,459,461,402,-1,459,402,458,-1,458,402,401,-1,458,401,436,-1,462,2,463,-1,463,2,1,-1,463,1,464,-1,464,1,235,-1,464,235,465,-1,465,235,466,-1,465,466,467,-1,467,466,468,-1,467,468,469,-1,469,468,470,-1,469,470,471,-1,471,470,472,-1,471,472,473,-1,473,472,474,-1,473,474,475,-1,475,474,476,-1,475,476,477,-1,478,479,22,-1,22,479,480,-1,22,480,481,-1,481,482,22,-1,22,482,483,-1,22,483,24,-1,24,483,484,-1,24,484,485,-1,485,486,24,-1,24,486,487,-1,24,487,488,-1,489,490,462,-1,462,490,491,-1,462,491,492,-1,493,494,495,-1,495,494,496,-1,496,497,495,-1,495,497,498,-1,495,498,462,-1,462,498,499,-1,462,499,489,-1,488,500,24,-1,24,500,501,-1,24,501,495,-1,495,501,502,-1,495,502,493,-1,208,204,235,-1,235,204,189,-1,235,189,466,-1,466,189,188,-1,466,188,468,-1,468,188,261,-1,468,261,470,-1,470,261,181,-1,470,181,472,-1,472,181,176,-1,472,176,474,-1,474,176,174,-1,474,174,476,-1,492,478,462,-1,462,478,22,-1,462,22,2,-1,2,22,244,-1,2,244,0,-1,0,244,243,-1,0,243,237,-1,495,503,24,-1,24,503,504,-1,24,504,29,-1,29,504,505,-1,29,505,27,-1,27,505,41,-1,27,41,506,-1,506,41,40,-1,248,244,247,-1,247,244,507,-1,247,507,508,-1,14,509,13,-1,13,509,510,-1,13,510,511,-1,512,507,511,-1,511,507,244,-1,511,244,13,-1,13,244,22,-1,13,22,15,-1,15,22,21,-1,9,258,10,-1,10,258,357,-1,10,357,196,-1,196,357,406,-1,196,406,194,-1,194,406,402,-1,194,402,265,-1,265,402,461,-1,265,461,179,-1,179,461,445,-1,179,445,171,-1,508,509,247,-1,247,509,14,-1,247,14,513,-1,513,14,115,-1,514,515,447,-1,516,517,518,-1,518,517,519,-1,518,519,447,-1,447,519,520,-1,447,520,514,-1,514,520,521,-1,514,521,522,-1,523,515,524,-1,524,515,525,-1,524,525,526,-1,526,525,527,-1,523,528,515,-1,515,528,529,-1,515,529,530,-1,531,445,532,-1,532,445,447,-1,532,447,533,-1,533,447,515,-1,533,515,534,-1,534,515,530,-1,175,172,173,-1,173,172,171,-1,173,171,516,-1,516,171,445,-1,516,445,517,-1,517,445,525,-1,535,536,525,-1,525,536,537,-1,525,537,527,-1,531,538,445,-1,445,538,539,-1,445,539,525,-1,525,539,540,-1,525,540,535,-1,253,245,251,-1,251,245,247,-1,251,247,255,-1,255,247,513,-1,255,513,293,-1,293,513,541,-1,77,541,542,-1,542,541,543,-1,543,541,544,-1,544,541,513,-1,544,513,545,-1,77,542,115,-1,115,542,546,-1,115,546,513,-1,513,546,547,-1,513,547,545,-1,548,549,550,-1,550,549,544,-1,550,544,551,-1,551,544,545,-1,551,545,552,-1,552,545,553,-1,436,433,458,-1,458,433,554,-1,458,554,449,-1,449,554,555,-1,449,555,447,-1,447,555,556,-1,447,556,518,-1,69,71,77,-1,77,71,557,-1,77,557,541,-1,541,557,337,-1,541,337,293,-1,293,337,339,-1,293,339,291,-1,65,64,71,-1,71,64,558,-1,71,558,557,-1,557,558,559,-1,557,559,337,-1,337,559,560,-1,337,560,336,-1,336,560,561,-1,336,561,417,-1,417,561,562,-1,417,562,430,-1,430,562,563,-1,430,563,433,-1,433,563,564,-1,433,564,554,-1,554,564,565,-1,554,565,555,-1,555,565,566,-1,555,566,556,-1,55,45,52,-1,52,45,47,-1,52,47,58,-1,58,47,567,-1,58,567,62,-1,62,567,568,-1,477,566,569,-1,569,566,570,-1,503,477,571,-1,571,477,569,-1,568,503,572,-1,572,503,571,-1,566,568,570,-1,570,568,572,-1,572,571,570,-1,570,571,569,-1,
        ]
    }
}
Shape{
    appearance Appearance {
        material  Material 	{
            diffuseColor 0.5019607843137255 0.5019607843137255 0.5019607843137255
            specularColor 0.25098039215686274 0.25098039215686274 0.25098039215686274
            ambientIntensity 0.2
            transparency 0
            shininess 0.5
        }
    }
    geometry IndexedFaceSet {
        ccw TRUE
        solid FALSE
        coord DEF co Coordinate {
            point [
                -0.1646 0.2978 0.0303, -0.1646 0.2978 0.0307, -0.1663 0.3108 0.0303, -0.1663 0.3108 0.0307, -0.1713 0.3229 0.0303, -0.1713 0.3229 0.0307, -0.1793 0.3333 0.0303, -0.1793 0.3333 0.0307, -0.1897 0.3413 0.0303, -0.1897 0.3413 0.0307, -0.2018 0.3463 0.0303, -0.2018 0.3463 0.0307, -0.2148 0.348 0.0303, -0.2148 0.348 0.0307, -0.2278 0.3463 0.0303, -0.2278 0.3463 0.0307, -0.2399 0.3413 0.0303, -0.2399 0.3413 0.0307, -0.2503 0.3333 0.0303, -0.2503 0.3333 0.0307, -0.2583 0.3229 0.0303, -0.2583 0.3229 0.0307, -0.2633 0.3108 0.0303, -0.2633 0.3108 0.0307, -0.265 0.2978 0.0303, -0.265 0.2978 0.0307, -0.2633 0.2848 0.0303, -0.2633 0.2848 0.0307, -0.2583 0.2727 0.0303, -0.2583 0.2727 0.0307, -0.2503 0.2623 0.0303, -0.2503 0.2623 0.0307, -0.2399 0.2543 0.0303, -0.2399 0.2543 0.0307, -0.2278 0.2493 0.0303, -0.2278 0.2493 0.0307, -0.2148 0.2476 0.0303, -0.2148 0.2476 0.0307, -0.2018 0.2493 0.0303, -0.2018 0.2493 0.0307, -0.1897 0.2543 0.0303, -0.1897 0.2543 0.0307, -0.1793 0.2623 0.0303, -0.1793 0.2623 0.0307, -0.1713 0.2727 0.0303, -0.1713 0.2727 0.0307, -0.1663 0.2848 0.0303, -0.1663 0.2848 0.0307, -0.2148 0.2978 0.0303, -0.2148 0.2978 0.0303
            ]
        }
        coordIndex [
            0,1,2,-1,2,1,3,-1,2,3,4,-1,4,3,5,-1,4,5,6,-1,6,5,7,-1,6,7,8,-1,8,7,9,-1,8,9,10,-1,10,9,11,-1,10,11,12,-1,12,11,13,-1,12,13,14,-1,14,13,15,-1,14,15,16,-1,16,15,17,-1,16,17,18,-1,18,17,19,-1,18,19,20,-1,20,19,21,-1,20,21,22,-1,22,21,23,-1,22,23,24,-1,24,23,25,-1,24,25,26,-1,26,25,27,-1,26,27,28,-1,28,27,29,-1,28,29,30,-1,30,29,31,-1,30,31,32,-1,32,31,33,-1,32,33,34,-1,34,33,35,-1,34,35,36,-1,36,35,37,-1,36,37,38,-1,38,37,39,-1,38,39,40,-1,40,39,41,-1,40,41,42,-1,42,41,43,-1,42,43,44,-1,44,43,45,-1,44,45,46,-1,46,45,47,-1,46,47,0,-1,0,47,1,-1,44,46,48,-1,48,46,0,-1,48,0,2,-1,38,40,48,-1,48,40,42,-1,48,42,44,-1,32,34,48,-1,48,34,36,-1,48,36,38,-1,26,28,48,-1,48,28,30,-1,48,30,32,-1,20,22,48,-1,48,22,24,-1,48,24,26,-1,14,16,48,-1,48,16,18,-1,48,18,20,-1,8,10,48,-1,48,10,12,-1,48,12,14,-1,2,4,48,-1,48,4,6,-1,48,6,8,-1,
        ]
    }
}
Shape{
    appearance Appearance {
        material  Material 	{
            diffuseColor 1.0 1.0 1.0
            specularColor 0.5019607843137255 0.5019607843137255 0.5019607843137255
            ambientIntensity 0.2
            transparency 0
            shininess 0.5
        }
    }
    geometry IndexedFaceSet {
        ccw TRUE
        solid FALSE
        coord DEF co Coordinate {
            point [
                -0.146 -0.2977 0.0346, -0.146 -0.3001 0.0346, -0.146 -0.2977 0.0307, -0.146 -0.3001 0.0307, -0.1545 -0.2977 0.0346, -0.1545 -0.2977 0.0307, -0.1545 -0.2788 0.0346, -0.1545 -0.2788 0.0307, -0.1573 -0.2788 0.0346, -0.1573 -0.2788 0.0307, -0.1573 -0.3001 0.0346, -0.1573 -0.3001 0.0307, -0.1351 -0.3005 0.0307, -0.1332 -0.3003 0.0307, -0.1351 -0.3005 0.0346, -0.1318 -0.3002 0.0346, -0.1318 -0.3002 0.0307, -0.1295 -0.2994 0.0307, -0.1295 -0.2994 0.0346, -0.1292 -0.2993 0.0307, -0.1292 -0.2993 0.0346, -0.1292 -0.2966 0.0346, -0.1292 -0.2966 0.0307, -0.1313 -0.2976 0.0307, -0.1313 -0.2976 0.0346, -0.1337 -0.298 0.0307, -0.1337 -0.298 0.0346, -0.1347 -0.298 0.0307, -0.1347 -0.298 0.0346, -0.1368 -0.2978 0.0307, -0.1368 -0.2978 0.0346, -0.1383 -0.2972 0.0307, -0.1383 -0.2972 0.0346, -0.1397 -0.2962 0.0307, -0.1397 -0.2962 0.0346, -0.1402 -0.2958 0.0307, -0.1402 -0.2958 0.0346, -0.1412 -0.2943 0.0307, -0.1412 -0.2943 0.0346, -0.1419 -0.2926 0.0307, -0.1419 -0.2926 0.0346, -0.1422 -0.2905 0.0307, -0.1422 -0.2905 0.0346, -0.1423 -0.2897 0.0307, -0.1423 -0.2897 0.0346, -0.1419 -0.2867 0.0307, -0.1419 -0.2867 0.0346, -0.1412 -0.2849 0.0307, -0.1412 -0.2849 0.0346, -0.14 -0.2833 0.0307, -0.14 -0.2833 0.0346, -0.1386 -0.2821 0.0307, -0.1386 -0.2821 0.0346, -0.1369 -0.2813 0.0307, -0.1369 -0.2813 0.0346, -0.135 -0.2809 0.0307, -0.135 -0.2809 0.0346, -0.1342 -0.2809 0.0307, -0.1342 -0.2809 0.0346, -0.1316 -0.2812 0.0307, -0.1316 -0.2812 0.0346, -0.1294 -0.2821 0.0307, -0.1294 -0.2821 0.0346, -0.1292 -0.2822 0.0307, -0.1292 -0.2822 0.0346, -0.1292 -0.2793 0.0346, -0.1292 -0.2793 0.0307, -0.1342 -0.2784 0.0307, -0.1342 -0.2784 0.0346, -0.1342 -0.2784 0.0346, -0.1314 -0.2786 0.0307, -0.1314 -0.2786 0.0346, -0.1319 -0.2786 0.0307, -0.1342 -0.2784 0.0307, -0.1357 -0.2786 0.0307, -0.1373 -0.2788 0.0346, -0.1373 -0.2788 0.0307, -0.1396 -0.2797 0.0307, -0.1396 -0.2797 0.0346, -0.1415 -0.2811 0.0307, -0.1415 -0.2811 0.0346, -0.1421 -0.2816 0.0307, -0.1421 -0.2816 0.0346, -0.1436 -0.2836 0.0307, -0.1436 -0.2836 0.0346, -0.1442 -0.2849 0.0307, -0.1446 -0.286 0.0346, -0.1446 -0.286 0.0307, -0.1451 -0.2888 0.0307, -0.1451 -0.2888 0.0346, -0.1451 -0.2899 0.0307, -0.1451 -0.2899 0.0346, -0.1424 -0.2976 0.0307, -0.1424 -0.2976 0.0346, -0.1438 -0.2956 0.0346, -0.1447 -0.2934 0.0307, -0.1447 -0.2934 0.0346, -0.1442 -0.2947 0.0307, -0.1438 -0.2956 0.0307, -0.1364 -0.3004 0.0346, -0.1407 -0.299 0.0307, -0.1407 -0.299 0.0346, -0.1387 -0.3 0.0307, -0.1387 -0.3 0.0346, -0.1369 -0.3003 0.0307, -0.1364 -0.3004 0.0307, -0.1134 -0.2977 0.0346, -0.1134 -0.3001 0.0346, -0.1134 -0.2977 0.0307, -0.1134 -0.3001 0.0307, -0.1221 -0.2977 0.0307, -0.1221 -0.2977 0.0346, -0.1164 -0.2977 0.0307, -0.1221 -0.2905 0.0346, -0.1221 -0.2905 0.0307, -0.1145 -0.2905 0.0307, -0.1145 -0.2905 0.0346, -0.1164 -0.2905 0.0307, -0.1145 -0.2881 0.0346, -0.1145 -0.2881 0.0307, -0.1221 -0.2881 0.0307, -0.1221 -0.2881 0.0346, -0.1164 -0.2881 0.0307, -0.1221 -0.2812 0.0346, -0.1221 -0.2812 0.0307, -0.1139 -0.2812 0.0346, -0.1164 -0.2812 0.0307, -0.1139 -0.2812 0.0307, -0.1139 -0.2788 0.0346, -0.1139 -0.2788 0.0307, -0.1249 -0.2788 0.0307, -0.1249 -0.2788 0.0346, -0.1164 -0.2788 0.0307, -0.1249 -0.3001 0.0346, -0.1249 -0.3001 0.0307, -0.1164 -0.3001 0.0307, -0.0952 -0.2971 0.0346, -0.0974 -0.2957 0.0346, -0.0974 -0.2987 0.0346, -0.0988 -0.2967 0.0346, -0.0998 -0.2997 0.0346, -0.1005 -0.2973 0.0346, -0.1035 -0.3001 0.0346, -0.1035 -0.2977 0.0346, -0.1094 -0.3001 0.0346, -0.1066 -0.2977 0.0346, -0.1094 -0.2788 0.0346, -0.1066 -0.2812 0.0346, -0.1033 -0.2788 0.0346, -0.1034 -0.2812 0.0346, -0.1 -0.2791 0.0346, -0.1006 -0.2815 0.0346, -0.0974 -0.2801 0.0346, -0.0988 -0.2822 0.0346, -0.0952 -0.2816 0.0346, -0.0972 -0.2833 0.0346, -0.0945 -0.2823 0.0346, -0.0966 -0.2838 0.0346, -0.0931 -0.2842 0.0346, -0.0958 -0.285 0.0346, -0.0923 -0.2862 0.0346, -0.0952 -0.2866 0.0346, -0.092 -0.2892 0.0346, -0.0949 -0.2893 0.0346, -0.092 -0.2905 0.0346, -0.095 -0.291 0.0346, -0.0926 -0.293 0.0346, -0.0955 -0.2928 0.0346, -0.0936 -0.2953 0.0346, -0.0962 -0.2944 0.0346, -0.0972 -0.2955 0.0346, -0.1035 -0.3001 0.0307, -0.1094 -0.3001 0.0307, -0.0952 -0.2971 0.0307, -0.0998 -0.2997 0.0307, -0.0996 -0.2996 0.0307, -0.0974 -0.2987 0.0307, -0.0936 -0.2953 0.0307, -0.0926 -0.293 0.0307, -0.092 -0.2905 0.0307, -0.092 -0.2892 0.0307, -0.0923 -0.2862 0.0307, -0.0931 -0.2842 0.0307, -0.0945 -0.2823 0.0307, -0.0952 -0.2816 0.0307, -0.1033 -0.2788 0.0307, -0.0974 -0.2801 0.0307, -0.0996 -0.2793 0.0307, -0.1 -0.2791 0.0307, -0.1094 -0.2788 0.0307, -0.1034 -0.2812 0.0307, -0.1066 -0.2812 0.0307, -0.1066 -0.2977 0.0307, -0.1035 -0.2977 0.0307, -0.0972 -0.2955 0.0307, -0.0974 -0.2957 0.0307, -0.0988 -0.2967 0.0307, -0.1005 -0.2973 0.0307, -0.0949 -0.2893 0.0307, -0.095 -0.291 0.0307, -0.0955 -0.2928 0.0307, -0.0962 -0.2944 0.0307, -0.0972 -0.2833 0.0307, -0.0966 -0.2838 0.0307, -0.0958 -0.285 0.0307, -0.0952 -0.2866 0.0307, -0.1006 -0.2815 0.0307, -0.0988 -0.2822 0.0307, -0.0988 -0.2822 0.0307
            ]
        }
        coordIndex [
            0,1,2,-1,2,1,3,-1,4,0,5,-1,5,0,2,-1,6,4,7,-1,7,4,5,-1,8,6,9,-1,9,6,7,-1,10,8,11,-1,11,8,9,-1,1,10,3,-1,3,10,11,-1,6,8,4,-1,4,8,10,-1,4,10,0,-1,0,10,1,-1,12,13,14,-1,14,13,15,-1,13,16,15,-1,15,16,17,-1,15,17,18,-1,18,17,19,-1,18,19,20,-1,21,20,22,-1,22,20,19,-1,21,22,23,-1,21,23,24,-1,24,23,25,-1,24,25,26,-1,26,25,27,-1,26,27,28,-1,28,27,29,-1,28,29,30,-1,30,29,31,-1,30,31,32,-1,32,31,33,-1,32,33,34,-1,34,33,35,-1,34,35,36,-1,36,35,37,-1,36,37,38,-1,38,37,39,-1,38,39,40,-1,40,39,41,-1,40,41,42,-1,42,41,43,-1,42,43,44,-1,44,43,45,-1,44,45,46,-1,46,45,47,-1,46,47,48,-1,48,47,49,-1,48,49,50,-1,50,49,51,-1,50,51,52,-1,52,51,53,-1,52,53,54,-1,54,53,55,-1,54,55,56,-1,56,55,57,-1,56,57,58,-1,58,57,59,-1,58,59,60,-1,60,59,61,-1,60,61,62,-1,62,61,63,-1,62,63,64,-1,65,64,66,-1,66,64,63,-1,67,68,69,-1,65,66,70,-1,65,70,71,-1,71,70,72,-1,71,72,69,-1,69,72,73,-1,69,73,67,-1,68,67,74,-1,68,74,75,-1,74,76,75,-1,75,76,77,-1,75,77,78,-1,78,77,79,-1,78,79,80,-1,80,79,81,-1,80,81,82,-1,82,81,83,-1,82,83,84,-1,84,83,85,-1,84,85,86,-1,85,87,86,-1,86,87,88,-1,86,88,89,-1,89,88,90,-1,89,90,91,-1,92,93,94,-1,91,90,95,-1,91,95,96,-1,96,95,97,-1,96,97,94,-1,94,97,98,-1,94,98,92,-1,12,14,99,-1,93,92,100,-1,93,100,101,-1,101,100,102,-1,101,102,103,-1,103,102,104,-1,103,104,99,-1,99,104,105,-1,99,105,12,-1,62,64,65,-1,52,80,50,-1,50,80,82,-1,50,82,48,-1,48,82,84,-1,48,84,46,-1,62,65,60,-1,60,65,71,-1,60,71,58,-1,58,71,69,-1,58,69,56,-1,56,69,68,-1,56,68,54,-1,54,68,75,-1,54,75,52,-1,52,75,78,-1,52,78,80,-1,91,44,89,-1,89,44,46,-1,89,46,86,-1,86,46,84,-1,20,21,18,-1,18,21,24,-1,18,24,15,-1,15,24,26,-1,15,26,14,-1,14,26,28,-1,14,28,99,-1,99,28,30,-1,99,30,103,-1,103,30,32,-1,103,32,101,-1,101,32,34,-1,101,34,93,-1,93,34,36,-1,93,36,94,-1,94,36,38,-1,94,38,96,-1,96,38,40,-1,96,40,91,-1,91,40,42,-1,91,42,44,-1,106,107,108,-1,108,107,109,-1,110,111,112,-1,112,111,106,-1,112,106,108,-1,113,111,114,-1,114,111,110,-1,115,116,117,-1,117,116,113,-1,117,113,114,-1,118,116,119,-1,119,116,115,-1,120,121,122,-1,122,121,118,-1,122,118,119,-1,123,121,124,-1,124,121,120,-1,123,124,125,-1,125,124,126,-1,125,126,127,-1,128,125,129,-1,129,125,127,-1,130,131,132,-1,132,131,128,-1,132,128,129,-1,133,131,134,-1,134,131,130,-1,133,134,107,-1,107,134,135,-1,107,135,109,-1,133,107,106,-1,106,111,133,-1,133,111,113,-1,133,113,131,-1,125,128,123,-1,123,128,131,-1,123,131,121,-1,121,131,113,-1,121,113,118,-1,118,113,116,-1,136,137,138,-1,138,137,139,-1,138,139,140,-1,140,139,141,-1,140,141,142,-1,142,141,143,-1,142,143,144,-1,144,143,145,-1,144,145,146,-1,146,145,147,-1,146,147,148,-1,148,147,149,-1,148,149,150,-1,150,149,151,-1,150,151,152,-1,152,151,153,-1,152,153,154,-1,154,153,155,-1,154,155,156,-1,156,155,157,-1,156,157,158,-1,158,157,159,-1,158,159,160,-1,160,159,161,-1,160,161,162,-1,162,161,163,-1,162,163,164,-1,164,163,165,-1,164,165,166,-1,166,165,167,-1,166,167,168,-1,168,167,169,-1,168,169,136,-1,136,169,170,-1,136,170,137,-1,142,144,171,-1,171,144,172,-1,173,136,138,-1,142,171,174,-1,142,174,140,-1,140,174,175,-1,140,175,138,-1,138,175,176,-1,138,176,173,-1,136,173,177,-1,136,177,168,-1,168,177,178,-1,168,178,166,-1,166,178,179,-1,166,179,164,-1,164,179,180,-1,164,180,162,-1,162,180,181,-1,162,181,160,-1,160,181,182,-1,160,182,158,-1,158,182,183,-1,158,183,156,-1,156,183,184,-1,156,184,154,-1,185,148,150,-1,154,184,186,-1,154,186,152,-1,152,186,187,-1,152,187,150,-1,150,187,188,-1,150,188,185,-1,146,148,189,-1,189,148,185,-1,144,146,172,-1,172,146,189,-1,149,147,190,-1,190,147,191,-1,147,145,191,-1,191,145,192,-1,145,143,192,-1,192,143,193,-1,170,194,195,-1,170,195,137,-1,137,195,196,-1,137,196,139,-1,139,196,197,-1,139,197,141,-1,141,197,193,-1,141,193,143,-1,163,198,199,-1,163,199,165,-1,165,199,200,-1,165,200,167,-1,167,200,201,-1,167,201,169,-1,169,201,194,-1,169,194,170,-1,155,202,203,-1,155,203,157,-1,157,203,204,-1,157,204,159,-1,159,204,205,-1,159,205,161,-1,161,205,198,-1,161,198,163,-1,149,190,206,-1,149,206,151,-1,151,206,207,-1,151,207,153,-1,153,207,202,-1,153,202,155,-1,
        ]
    }
}
Shape{
    appearance Appearance {
        material  Material 	{
            diffuseColor 0.0 0.0 0.0
            specularColor 0.0 0.0 0.0
            ambientIntensity 0.2
            transparency 0
            shininess 0.5
        }
    }
    geometry IndexedFaceSet {
        ccw TRUE
        solid FALSE
        coord DEF co Coordinate {
            point [
                -0.1066 -0.2812 0.0307, -0.1066 -0.2977 0.0307, -0.1034 -0.2812 0.0307, -0.1035 -0.2977 0.0307, -0.0974 -0.2957 0.0307, -0.0972 -0.2955 0.0307, -0.0962 -0.2944 0.0307, -0.1005 -0.2973 0.0307, -0.0988 -0.2967 0.0307, -0.0955 -0.2928 0.0307, -0.095 -0.291 0.0307, -0.0949 -0.2893 0.0307, -0.0988 -0.2822 0.0307, -0.1006 -0.2815 0.0307, -0.0972 -0.2833 0.0307, -0.0966 -0.2838 0.0307, -0.0952 -0.2866 0.0307, -0.0958 -0.285 0.0307, -0.0958 -0.285 0.0307
            ]
        }
        coordIndex [
            0,1,2,-1,2,1,3,-1,4,5,2,-1,2,5,6,-1,3,7,2,-1,2,7,8,-1,2,8,4,-1,6,9,2,-1,2,9,10,-1,2,10,11,-1,12,13,14,-1,14,13,2,-1,14,2,15,-1,11,16,2,-1,2,16,17,-1,2,17,15,-1,
        ]
    }
}
Shape{
    appearance Appearance {
        material  Material 	{
            diffuseColor 1.0 1.0 1.0
            specularColor 0.5019607843137255 0.5019607843137255 0.5019607843137255
            ambientIntensity 0.2
            transparency 0
            shininess 0.5
        }
    }
    geometry IndexedFaceSet {
        ccw TRUE
        solid FALSE
        coord DEF co Coordinate {
            point [
                -0.0848 -0.2919 0.0346, -0.0857 -0.2943 0.0346, -0.0777 -0.2919 0.0346, -0.0768 -0.2943 0.0346, -0.0816 -0.283 0.0346, -0.0827 -0.2788 0.0346, -0.0908 -0.3001 0.0346, -0.0878 -0.3001 0.0346, -0.0815 -0.2824 0.0346, -0.0813 -0.2815 0.0346, -0.0797 -0.2788 0.0346, -0.0812 -0.2815 0.0346, -0.081 -0.2824 0.0346, -0.0809 -0.283 0.0346, -0.0716 -0.3001 0.0346, -0.0746 -0.3001 0.0346, -0.0797 -0.2788 0.0307, -0.0716 -0.3001 0.0307, -0.0827 -0.2788 0.0307, -0.0908 -0.3001 0.0307, -0.0846 -0.284 0.0307, -0.0878 -0.3001 0.0307, -0.0857 -0.2943 0.0307, -0.0768 -0.2943 0.0307, -0.0846 -0.2943 0.0307, -0.0746 -0.3001 0.0307, -0.0848 -0.2919 0.0307, -0.0777 -0.2919 0.0307, -0.0809 -0.283 0.0307, -0.0812 -0.2815 0.0307, -0.081 -0.2824 0.0307, -0.0813 -0.2815 0.0307, -0.0816 -0.283 0.0307, -0.0815 -0.2824 0.0307, -0.0815 -0.2824 0.0307
            ]
        }
        coordIndex [
            0,1,2,-1,2,1,3,-1,4,5,0,-1,0,5,6,-1,0,6,1,-1,1,6,7,-1,4,8,5,-1,5,8,9,-1,5,9,10,-1,10,9,11,-1,10,11,12,-1,12,13,10,-1,10,13,2,-1,10,2,14,-1,14,2,3,-1,14,3,15,-1,10,14,16,-1,16,14,17,-1,5,10,18,-1,18,10,16,-1,19,6,20,-1,20,6,5,-1,20,5,18,-1,7,6,21,-1,21,6,19,-1,1,7,22,-1,22,7,21,-1,23,3,24,-1,24,3,1,-1,24,1,22,-1,15,3,25,-1,25,3,23,-1,14,15,17,-1,17,15,25,-1,0,2,26,-1,26,2,27,-1,2,13,27,-1,27,13,28,-1,11,29,30,-1,11,30,12,-1,12,30,28,-1,12,28,13,-1,11,9,29,-1,29,9,31,-1,4,32,33,-1,4,33,8,-1,8,33,31,-1,8,31,9,-1,4,0,32,-1,32,0,26,-1,
        ]
    }
}
Shape{
    appearance Appearance {
        material  Material 	{
            diffuseColor 0.0 0.0 0.0
            specularColor 0.0 0.0 0.0
            ambientIntensity 0.2
            transparency 0
            shininess 0.5
        }
    }
    geometry IndexedFaceSet {
        ccw TRUE
        solid FALSE
        coord DEF co Coordinate {
            point [
                -0.0812 -0.2815 0.0307, -0.0813 -0.2815 0.0307, -0.081 -0.2824 0.0307, -0.0815 -0.2824 0.0307, -0.0809 -0.283 0.0307, -0.0816 -0.283 0.0307, -0.0777 -0.2919 0.0307, -0.0848 -0.2919 0.0307, -0.0848 -0.2919 0.0307
            ]
        }
        coordIndex [
            0,1,2,-1,2,1,3,-1,2,3,4,-1,4,3,5,-1,4,5,6,-1,6,5,7,-1,
        ]
    }
}
Shape{
    appearance Appearance {
        material  Material 	{
            diffuseColor 1.0 1.0 1.0
            specularColor 0.5019607843137255 0.5019607843137255 0.5019607843137255
            ambientIntensity 0.2
            transparency 0
            shininess 0.5
        }
    }
    geometry IndexedFaceSet {
        ccw TRUE
        solid FALSE
        coord DEF co Coordinate {
            point [
                -0.1458 -0.3316 0.0346, -0.1458 -0.334 0.0346, -0.1458 -0.3316 0.0307, -0.1458 -0.334 0.0307, -0.1545 -0.3316 0.0346, -0.1545 -0.3316 0.0307, -0.1545 -0.3244 0.0346, -0.1545 -0.3244 0.0307, -0.1469 -0.3244 0.0346, -0.1469 -0.3244 0.0307, -0.1469 -0.3219 0.0346, -0.1469 -0.3219 0.0307, -0.1545 -0.3219 0.0346, -0.1545 -0.3219 0.0307, -0.1545 -0.3151 0.0346, -0.1545 -0.3151 0.0307, -0.1463 -0.3151 0.0346, -0.1463 -0.3151 0.0307, -0.1463 -0.3127 0.0346, -0.1463 -0.3127 0.0307, -0.1573 -0.3127 0.0346, -0.1573 -0.3127 0.0307, -0.1573 -0.334 0.0346, -0.1573 -0.334 0.0307, -0.1337 -0.334 0.0346, -0.131 -0.334 0.0346, -0.1337 -0.3317 0.0346, -0.131 -0.3242 0.0346, -0.1337 -0.3243 0.0346, -0.1395 -0.3275 0.0346, -0.1389 -0.3272 0.0346, -0.1337 -0.3317 0.0346, -0.1351 -0.3313 0.0346, -0.1341 -0.3323 0.0346, -0.1359 -0.3318 0.0346, -0.1372 -0.3268 0.0346, -0.1337 -0.3264 0.0346, -0.1337 -0.3278 0.0346, -0.1337 -0.328 0.0346, -0.1338 -0.3292 0.0346, -0.1342 -0.3301 0.0346, -0.1348 -0.3309 0.0346, -0.1346 -0.3186 0.0346, -0.1352 -0.3209 0.0346, -0.1336 -0.319 0.0346, -0.1347 -0.3212 0.0346, -0.1337 -0.3231 0.0346, -0.1312 -0.3219 0.0346, -0.134 -0.3222 0.0346, -0.1317 -0.3208 0.0346, -0.1343 -0.3216 0.0346, -0.1323 -0.32 0.0346, -0.1327 -0.3195 0.0346, -0.1417 -0.3198 0.0346, -0.1417 -0.3224 0.0346, -0.1412 -0.3195 0.0346, -0.1399 -0.3213 0.0346, -0.1392 -0.3187 0.0346, -0.1382 -0.3207 0.0346, -0.1365 -0.3184 0.0346, -0.1367 -0.3206 0.0346, -0.1358 -0.3207 0.0346, -0.14 -0.3313 0.0346, -0.1419 -0.3332 0.0346, -0.1397 -0.3315 0.0346, -0.141 -0.3338 0.0346, -0.1392 -0.3319 0.0346, -0.14 -0.3342 0.0346, -0.1386 -0.3321 0.0346, -0.1384 -0.3344 0.0346, -0.1377 -0.3322 0.0346, -0.137 -0.3342 0.0346, -0.1367 -0.3321 0.0346, -0.1359 -0.3338 0.0346, -0.135 -0.3332 0.0346, -0.1382 -0.325 0.0346, -0.1404 -0.3255 0.0346, -0.1398 -0.3278 0.0346, -0.1415 -0.3261 0.0346, -0.1401 -0.3282 0.0346, -0.1422 -0.3268 0.0346, -0.1404 -0.3287 0.0346, -0.1428 -0.3277 0.0346, -0.1405 -0.3293 0.0346, -0.1431 -0.3287 0.0346, -0.1405 -0.3297 0.0346, -0.1432 -0.3299 0.0346, -0.1405 -0.3303 0.0346, -0.1431 -0.3312 0.0346, -0.1403 -0.3308 0.0346, -0.1428 -0.3321 0.0346, -0.1422 -0.3329 0.0346, -0.1365 -0.3184 0.0307, -0.1392 -0.3187 0.0307, -0.1412 -0.3195 0.0307, -0.1417 -0.3198 0.0307, -0.1417 -0.3224 0.0307, -0.1399 -0.3213 0.0307, -0.1382 -0.3207 0.0307, -0.1367 -0.3206 0.0307, -0.1358 -0.3207 0.0307, -0.1352 -0.3209 0.0307, -0.1347 -0.3212 0.0307, -0.1343 -0.3216 0.0307, -0.134 -0.3222 0.0307, -0.1337 -0.3231 0.0307, -0.1337 -0.3243 0.0307, -0.1382 -0.325 0.0307, -0.1404 -0.3255 0.0307, -0.1415 -0.3261 0.0307, -0.1422 -0.3268 0.0307, -0.1428 -0.3277 0.0307, -0.1431 -0.3287 0.0307, -0.1432 -0.3299 0.0307, -0.1431 -0.3312 0.0307, -0.1428 -0.3321 0.0307, -0.1422 -0.3329 0.0307, -0.1419 -0.3332 0.0307, -0.1384 -0.3344 0.0307, -0.14 -0.3342 0.0307, -0.14 -0.3342 0.0307, -0.141 -0.3338 0.0307, -0.137 -0.3342 0.0307, -0.1369 -0.3342 0.0307, -0.1359 -0.3338 0.0307, -0.135 -0.3332 0.0307, -0.1341 -0.3323 0.0307, -0.1337 -0.3317 0.0307, -0.1337 -0.3317 0.0307, -0.1337 -0.334 0.0307, -0.131 -0.334 0.0307, -0.131 -0.3242 0.0307, -0.1312 -0.3219 0.0307, -0.1317 -0.3208 0.0307, -0.1323 -0.32 0.0307, -0.1327 -0.3195 0.0307, -0.1336 -0.319 0.0307, -0.1346 -0.3186 0.0307, -0.1398 -0.3278 0.0307, -0.1395 -0.3275 0.0307, -0.1389 -0.3272 0.0307, -0.1372 -0.3268 0.0307, -0.1405 -0.3297 0.0307, -0.1405 -0.3293 0.0307, -0.1404 -0.3287 0.0307, -0.1401 -0.3282 0.0307, -0.1397 -0.3315 0.0307, -0.14 -0.3313 0.0307, -0.1403 -0.3308 0.0307, -0.1405 -0.3303 0.0307, -0.1377 -0.3322 0.0307, -0.1386 -0.3321 0.0307, -0.1392 -0.3319 0.0307, -0.1348 -0.3309 0.0307, -0.1351 -0.3313 0.0307, -0.1359 -0.3318 0.0307, -0.1367 -0.3321 0.0307, -0.1337 -0.3278 0.0307, -0.1337 -0.328 0.0307, -0.1338 -0.3292 0.0307, -0.1342 -0.3301 0.0307, -0.1337 -0.3264 0.0307, -0.1337 -0.3264 0.0307
            ]
        }
        coordIndex [
            0,1,2,-1,2,1,3,-1,4,0,5,-1,5,0,2,-1,6,4,7,-1,7,4,5,-1,8,6,9,-1,9,6,7,-1,10,8,11,-1,11,8,9,-1,12,10,13,-1,13,10,11,-1,14,12,15,-1,15,12,13,-1,16,14,17,-1,17,14,15,-1,18,16,19,-1,19,16,17,-1,20,18,21,-1,21,18,19,-1,22,20,23,-1,23,20,21,-1,1,22,3,-1,3,22,23,-1,22,1,0,-1,0,4,22,-1,22,4,6,-1,22,6,20,-1,16,18,14,-1,14,18,20,-1,14,20,12,-1,12,20,6,-1,12,6,10,-1,10,6,8,-1,24,25,26,-1,26,25,27,-1,28,29,30,-1,31,32,33,-1,33,32,34,-1,35,36,27,-1,27,36,37,-1,37,38,27,-1,27,38,39,-1,27,39,26,-1,26,39,40,-1,26,40,31,-1,31,40,41,-1,31,41,32,-1,42,43,44,-1,44,43,45,-1,30,35,28,-1,28,35,27,-1,28,27,46,-1,46,27,47,-1,46,47,48,-1,48,47,49,-1,48,49,50,-1,50,49,51,-1,50,51,45,-1,45,51,52,-1,45,52,44,-1,53,54,55,-1,55,54,56,-1,55,56,57,-1,57,56,58,-1,57,58,59,-1,59,58,60,-1,59,60,42,-1,42,60,61,-1,42,61,43,-1,62,63,64,-1,64,63,65,-1,64,65,66,-1,66,65,67,-1,66,67,68,-1,68,67,69,-1,68,69,70,-1,70,69,71,-1,70,71,72,-1,72,71,73,-1,72,73,34,-1,34,73,74,-1,34,74,33,-1,28,75,29,-1,29,75,76,-1,29,76,77,-1,77,76,78,-1,77,78,79,-1,79,78,80,-1,79,80,81,-1,81,80,82,-1,81,82,83,-1,83,82,84,-1,83,84,85,-1,85,84,86,-1,85,86,87,-1,87,86,88,-1,87,88,89,-1,89,88,90,-1,89,90,62,-1,62,90,91,-1,62,91,63,-1,59,92,93,-1,59,93,57,-1,57,93,94,-1,57,94,55,-1,55,94,95,-1,55,95,53,-1,54,53,96,-1,96,53,95,-1,54,96,97,-1,54,97,56,-1,56,97,98,-1,56,98,58,-1,58,98,99,-1,58,99,60,-1,60,99,100,-1,60,100,61,-1,61,100,101,-1,61,101,43,-1,43,101,102,-1,43,102,45,-1,45,102,103,-1,45,103,50,-1,50,103,104,-1,50,104,48,-1,48,104,105,-1,48,105,46,-1,46,105,106,-1,46,106,28,-1,75,28,107,-1,107,28,106,-1,75,107,108,-1,75,108,76,-1,76,108,109,-1,76,109,78,-1,78,109,110,-1,78,110,80,-1,80,110,111,-1,80,111,82,-1,82,111,112,-1,82,112,84,-1,84,112,113,-1,84,113,86,-1,86,113,114,-1,86,114,88,-1,88,114,115,-1,88,115,90,-1,90,115,116,-1,90,116,91,-1,91,116,117,-1,91,117,63,-1,118,69,119,-1,119,69,67,-1,119,67,120,-1,120,67,65,-1,120,65,121,-1,121,65,63,-1,121,63,117,-1,69,118,122,-1,69,122,71,-1,71,122,123,-1,71,123,73,-1,123,124,73,-1,73,124,125,-1,73,125,74,-1,74,125,126,-1,74,126,33,-1,33,126,127,-1,33,127,31,-1,26,31,128,-1,128,31,127,-1,24,26,129,-1,129,26,128,-1,25,24,130,-1,130,24,129,-1,27,25,131,-1,131,25,130,-1,27,131,132,-1,27,132,47,-1,47,132,133,-1,47,133,49,-1,49,133,134,-1,49,134,51,-1,51,134,135,-1,51,135,52,-1,52,135,136,-1,52,136,44,-1,44,136,137,-1,44,137,42,-1,42,137,92,-1,42,92,59,-1,77,138,139,-1,77,139,29,-1,29,139,140,-1,29,140,30,-1,30,140,141,-1,30,141,35,-1,85,142,143,-1,85,143,83,-1,83,143,144,-1,83,144,81,-1,81,144,145,-1,81,145,79,-1,79,145,138,-1,79,138,77,-1,64,146,147,-1,64,147,62,-1,62,147,148,-1,62,148,89,-1,89,148,149,-1,89,149,87,-1,87,149,142,-1,87,142,85,-1,70,150,151,-1,70,151,68,-1,68,151,152,-1,68,152,66,-1,66,152,146,-1,66,146,64,-1,41,153,154,-1,41,154,32,-1,32,154,155,-1,32,155,34,-1,34,155,156,-1,34,156,72,-1,72,156,150,-1,72,150,70,-1,37,157,158,-1,37,158,38,-1,38,158,159,-1,38,159,39,-1,39,159,160,-1,39,160,40,-1,40,160,153,-1,40,153,41,-1,37,36,157,-1,157,36,161,-1,36,35,161,-1,161,35,141,-1,
        ]
    }
}
Shape{
    appearance Appearance {
        material  Material 	{
            diffuseColor 0.0 0.0 0.0
            specularColor 0.0 0.0 0.0
            ambientIntensity 0.2
            transparency 0
            shininess 0.5
        }
    }
    geometry IndexedFaceSet {
        ccw TRUE
        solid FALSE
        coord DEF co Coordinate {
            point [
                -0.1337 -0.328 0.0307, -0.1337 -0.3278 0.0307, -0.1398 -0.3278 0.0307, -0.1337 -0.3264 0.0307, -0.1372 -0.3268 0.0307, -0.1389 -0.3272 0.0307, -0.1395 -0.3275 0.0307, -0.1338 -0.3292 0.0307, -0.1401 -0.3282 0.0307, -0.1342 -0.3301 0.0307, -0.14 -0.3313 0.0307, -0.1397 -0.3315 0.0307, -0.1351 -0.3313 0.0307, -0.1403 -0.3308 0.0307, -0.1359 -0.3318 0.0307, -0.1367 -0.3321 0.0307, -0.1377 -0.3322 0.0307, -0.1404 -0.3287 0.0307, -0.1405 -0.3293 0.0307, -0.1348 -0.3309 0.0307, -0.1405 -0.3297 0.0307, -0.1405 -0.3303 0.0307, -0.1392 -0.3319 0.0307, -0.1386 -0.3321 0.0307, -0.1386 -0.3321 0.0307
            ]
        }
        coordIndex [
            0,1,2,-1,1,3,4,-1,4,5,1,-1,1,5,6,-1,1,6,2,-1,0,2,7,-1,7,2,8,-1,7,8,9,-1,10,11,12,-1,10,12,13,-1,14,12,15,-1,15,12,16,-1,8,17,9,-1,9,17,18,-1,9,18,19,-1,19,18,20,-1,19,20,12,-1,12,20,21,-1,12,21,13,-1,11,22,12,-1,12,22,23,-1,12,23,16,-1,
        ]
    }
}
Shape{
    appearance Appearance {
        material  Material 	{
            diffuseColor 1.0 1.0 1.0
            specularColor 0.5019607843137255 0.5019607843137255 0.5019607843137255
            ambientIntensity 0.2
            transparency 0
            shininess 0.5
        }
    }
    geometry IndexedFaceSet {
        ccw TRUE
        solid FALSE
        coord DEF co Coordinate {
            point [
                -0.1274 -0.3307 0.0307, -0.1274 -0.3307 0.0346, -0.1264 -0.3313 0.0346, -0.123 -0.3322 0.0346, -0.123 -0.3322 0.0307, -0.1247 -0.332 0.0307, -0.1247 -0.332 0.0346, -0.1261 -0.3314 0.0307, -0.1264 -0.3313 0.0307, -0.1274 -0.3335 0.0346, -0.1274 -0.3335 0.0307, -0.1261 -0.3339 0.0307, -0.1255 -0.3341 0.0346, -0.1232 -0.3344 0.0307, -0.1232 -0.3344 0.0346, -0.125 -0.3342 0.0307, -0.1255 -0.3341 0.0307, -0.1217 -0.3342 0.0307, -0.1208 -0.3341 0.0346, -0.1208 -0.3341 0.0307, -0.1194 -0.3335 0.0307, -0.1194 -0.3335 0.0346, -0.1188 -0.3332 0.0307, -0.1188 -0.3332 0.0346, -0.118 -0.3325 0.0307, -0.118 -0.3325 0.0346, -0.1175 -0.3318 0.0307, -0.1175 -0.3318 0.0346, -0.1172 -0.3309 0.0307, -0.1172 -0.3309 0.0346, -0.1171 -0.3299 0.0307, -0.1171 -0.3299 0.0346, -0.1172 -0.3289 0.0307, -0.1172 -0.3289 0.0346, -0.1175 -0.3281 0.0307, -0.1175 -0.3281 0.0346, -0.118 -0.3273 0.0307, -0.118 -0.3273 0.0346, -0.1186 -0.3268 0.0307, -0.1186 -0.3268 0.0346, -0.1204 -0.3258 0.0307, -0.1204 -0.3258 0.0346, -0.1214 -0.3254 0.0307, -0.1214 -0.3254 0.0346, -0.1231 -0.3246 0.0307, -0.1231 -0.3246 0.0346, -0.124 -0.3241 0.0307, -0.124 -0.3241 0.0346, -0.1243 -0.3238 0.0307, -0.1243 -0.3238 0.0346, -0.1245 -0.3234 0.0307, -0.1245 -0.3234 0.0346, -0.1246 -0.323 0.0307, -0.1246 -0.323 0.0346, -0.1246 -0.3226 0.0307, -0.1246 -0.3226 0.0346, -0.1245 -0.3222 0.0307, -0.1245 -0.3222 0.0346, -0.1244 -0.3218 0.0307, -0.1244 -0.3218 0.0346, -0.1242 -0.3215 0.0307, -0.1242 -0.3215 0.0346, -0.1238 -0.3212 0.0307, -0.1238 -0.3212 0.0346, -0.1232 -0.3208 0.0307, -0.1232 -0.3208 0.0346, -0.1225 -0.3206 0.0307, -0.1225 -0.3206 0.0346, -0.1217 -0.3206 0.0307, -0.1217 -0.3206 0.0346, -0.1198 -0.3208 0.0307, -0.1198 -0.3208 0.0346, -0.1183 -0.3214 0.0307, -0.1183 -0.3214 0.0346, -0.1178 -0.3217 0.0307, -0.1178 -0.3217 0.0346, -0.1178 -0.3191 0.0346, -0.1178 -0.3191 0.0307, -0.1195 -0.3186 0.0307, -0.1195 -0.3186 0.0346, -0.1214 -0.3184 0.0307, -0.1214 -0.3184 0.0346, -0.1235 -0.3187 0.0307, -0.1235 -0.3187 0.0346, -0.125 -0.3192 0.0307, -0.125 -0.3192 0.0346, -0.1256 -0.3196 0.0307, -0.1256 -0.3196 0.0346, -0.1261 -0.3201 0.0307, -0.1264 -0.3203 0.0346, -0.1264 -0.3203 0.0307, -0.1269 -0.3211 0.0307, -0.1269 -0.3211 0.0346, -0.1272 -0.3219 0.0307, -0.1272 -0.3219 0.0346, -0.1273 -0.3229 0.0307, -0.1273 -0.3229 0.0346, -0.1272 -0.3239 0.0307, -0.1272 -0.3239 0.0346, -0.1269 -0.3247 0.0307, -0.1269 -0.3247 0.0346, -0.1266 -0.3253 0.0307, -0.1266 -0.3253 0.0346, -0.1233 -0.3273 0.0307, -0.1233 -0.3273 0.0346, -0.1249 -0.3266 0.0346, -0.1261 -0.3257 0.0307, -0.1261 -0.3257 0.0346, -0.1261 -0.3258 0.0307, -0.1249 -0.3266 0.0307, -0.1215 -0.328 0.0307, -0.1215 -0.328 0.0346, -0.1205 -0.3287 0.0307, -0.1205 -0.3287 0.0346, -0.1202 -0.329 0.0307, -0.1202 -0.329 0.0346, -0.12 -0.3294 0.0307, -0.12 -0.3294 0.0346, -0.1198 -0.3298 0.0307, -0.1198 -0.3298 0.0346, -0.1198 -0.3301 0.0307, -0.1198 -0.3301 0.0346, -0.1199 -0.3306 0.0307, -0.1199 -0.3306 0.0346, -0.12 -0.331 0.0307, -0.12 -0.331 0.0346, -0.1202 -0.3314 0.0307, -0.1202 -0.3314 0.0346, -0.1205 -0.3316 0.0307, -0.1205 -0.3316 0.0346, -0.1208 -0.3318 0.0307, -0.1208 -0.3318 0.0346, -0.1215 -0.332 0.0307, -0.1215 -0.332 0.0346, -0.1228 -0.3322 0.0307, -0.1228 -0.3322 0.0346, -0.1038 -0.3188 0.0346, -0.101 -0.3188 0.0346, -0.1038 -0.3188 0.0307, -0.101 -0.3188 0.0307, -0.108 -0.3302 0.0346, -0.108 -0.3302 0.0307, -0.1082 -0.331 0.0307, -0.1082 -0.331 0.0346, -0.1083 -0.3315 0.0307, -0.1083 -0.3315 0.0346, -0.1084 -0.3315 0.0346, -0.1084 -0.3315 0.0307, -0.1087 -0.3302 0.0346, -0.1087 -0.3302 0.0307, -0.1127 -0.3188 0.0346, -0.1114 -0.3225 0.0307, -0.1127 -0.3188 0.0307, -0.1157 -0.3188 0.0346, -0.1157 -0.3188 0.0307, -0.1097 -0.334 0.0346, -0.1114 -0.3297 0.0307, -0.1097 -0.334 0.0307, -0.1109 -0.3367 0.0307, -0.1109 -0.3367 0.0346, -0.1098 -0.3342 0.0307, -0.1114 -0.3377 0.0307, -0.1114 -0.3377 0.0346, -0.1114 -0.3377 0.0307, -0.1119 -0.3383 0.0307, -0.1119 -0.3383 0.0346, -0.1123 -0.3386 0.0307, -0.1123 -0.3386 0.0346, -0.1129 -0.3388 0.0307, -0.1129 -0.3388 0.0346, -0.1135 -0.3389 0.0307, -0.1135 -0.3389 0.0346, -0.1136 -0.3389 0.0307, -0.1136 -0.3389 0.0346, -0.1146 -0.3388 0.0307, -0.1146 -0.3388 0.0346, -0.1151 -0.3386 0.0307, -0.1151 -0.3386 0.0346, -0.1151 -0.341 0.0346, -0.1151 -0.341 0.0307, -0.114 -0.3412 0.0307, -0.114 -0.3412 0.0346, -0.1134 -0.3412 0.0307, -0.1134 -0.3412 0.0346, -0.1122 -0.341 0.0307, -0.1122 -0.341 0.0346, -0.1114 -0.3407 0.0307, -0.1112 -0.3406 0.0346, -0.1112 -0.3406 0.0307, -0.1103 -0.34 0.0307, -0.1103 -0.34 0.0346, -0.1092 -0.3387 0.0307, -0.1092 -0.3387 0.0346, -0.1079 -0.3363 0.0307, -0.1079 -0.3363 0.0346, -0.1071 -0.3342 0.0307, -0.0867 -0.3316 0.0346, -0.0867 -0.334 0.0346, -0.0867 -0.3316 0.0307, -0.0867 -0.334 0.0307, -0.0954 -0.3316 0.0346, -0.0914 -0.3316 0.0307, -0.0954 -0.3316 0.0307, -0.0954 -0.3244 0.0346, -0.0954 -0.3244 0.0307, -0.0878 -0.3244 0.0346, -0.0914 -0.3244 0.0307, -0.0878 -0.3244 0.0307, -0.0878 -0.3219 0.0346, -0.0878 -0.3219 0.0307, -0.0954 -0.3219 0.0307, -0.0954 -0.3219 0.0346, -0.0914 -0.3219 0.0307, -0.0954 -0.3151 0.0346, -0.0954 -0.3151 0.0307, -0.0871 -0.3151 0.0307, -0.0871 -0.3151 0.0346, -0.0914 -0.3151 0.0307, -0.0871 -0.3127 0.0346, -0.0871 -0.3127 0.0307, -0.0981 -0.3127 0.0307, -0.0981 -0.3127 0.0346, -0.0914 -0.3127 0.0307, -0.0981 -0.334 0.0346, -0.0981 -0.334 0.0307, -0.0914 -0.334 0.0307, -0.0695 -0.3282 0.0346, -0.0704 -0.3293 0.0346, -0.0685 -0.331 0.0346, -0.0707 -0.3296 0.0346, -0.0707 -0.3326 0.0346, -0.072 -0.3305 0.0346, -0.0731 -0.3336 0.0346, -0.0738 -0.3312 0.0346, -0.0768 -0.334 0.0346, -0.0768 -0.3316 0.0346, -0.0826 -0.334 0.0346, -0.0799 -0.3316 0.0346, -0.0826 -0.3127 0.0346, -0.0799 -0.3151 0.0346, -0.0765 -0.3127 0.0346, -0.0766 -0.3151 0.0346, -0.0733 -0.313 0.0346, -0.0739 -0.3154 0.0346, -0.0707 -0.314 0.0346, -0.072 -0.3161 0.0346, -0.0685 -0.3155 0.0346, -0.0705 -0.3171 0.0346, -0.0677 -0.3162 0.0346, -0.0699 -0.3177 0.0346, -0.0664 -0.3181 0.0346, -0.0691 -0.3189 0.0346, -0.0656 -0.3201 0.0346, -0.0685 -0.3204 0.0346, -0.0652 -0.3231 0.0346, -0.0681 -0.3231 0.0346, -0.0653 -0.3244 0.0346, -0.0683 -0.3248 0.0346, -0.0658 -0.3269 0.0346, -0.0687 -0.3267 0.0346, -0.0669 -0.3291 0.0346, -0.0768 -0.334 0.0307, -0.0826 -0.334 0.0307, -0.0731 -0.3336 0.0307, -0.0707 -0.3326 0.0307, -0.0685 -0.331 0.0307, -0.0669 -0.3291 0.0307, -0.0658 -0.3269 0.0307, -0.0653 -0.3244 0.0307, -0.0652 -0.3231 0.0307, -0.0656 -0.3201 0.0307, -0.0664 -0.3181 0.0307, -0.0677 -0.3162 0.0307, -0.0685 -0.3155 0.0307, -0.0707 -0.314 0.0307, -0.0733 -0.313 0.0307, -0.0765 -0.3127 0.0307, -0.0826 -0.3127 0.0307, -0.0766 -0.3151 0.0307, -0.0799 -0.3151 0.0307, -0.0799 -0.3316 0.0307, -0.0768 -0.3316 0.0307, -0.0704 -0.3293 0.0307, -0.0707 -0.3296 0.0307, -0.072 -0.3305 0.0307, -0.0738 -0.3312 0.0307, -0.0681 -0.3231 0.0307, -0.0683 -0.3248 0.0307, -0.0687 -0.3267 0.0307, -0.0695 -0.3282 0.0307, -0.0705 -0.3171 0.0307, -0.0699 -0.3177 0.0307, -0.0691 -0.3189 0.0307, -0.0685 -0.3204 0.0307, -0.0739 -0.3154 0.0307, -0.072 -0.3161 0.0307, -0.072 -0.3161 0.0307
            ]
        }
        coordIndex [
            0,1,2,-1,3,4,5,-1,3,5,6,-1,6,5,7,-1,6,7,2,-1,2,7,8,-1,2,8,0,-1,9,1,10,-1,10,1,0,-1,10,11,9,-1,9,11,12,-1,13,14,15,-1,15,14,12,-1,15,12,16,-1,16,12,11,-1,13,17,14,-1,14,17,18,-1,17,19,18,-1,18,19,20,-1,18,20,21,-1,21,20,22,-1,21,22,23,-1,23,22,24,-1,23,24,25,-1,25,24,26,-1,25,26,27,-1,27,26,28,-1,27,28,29,-1,29,28,30,-1,29,30,31,-1,31,30,32,-1,31,32,33,-1,33,32,34,-1,33,34,35,-1,35,34,36,-1,35,36,37,-1,37,36,38,-1,37,38,39,-1,39,38,40,-1,39,40,41,-1,41,40,42,-1,41,42,43,-1,43,42,44,-1,43,44,45,-1,45,44,46,-1,45,46,47,-1,47,46,48,-1,47,48,49,-1,49,48,50,-1,49,50,51,-1,51,50,52,-1,51,52,53,-1,53,52,54,-1,53,54,55,-1,55,54,56,-1,55,56,57,-1,57,56,58,-1,57,58,59,-1,59,58,60,-1,59,60,61,-1,61,60,62,-1,61,62,63,-1,63,62,64,-1,63,64,65,-1,65,64,66,-1,65,66,67,-1,67,66,68,-1,67,68,69,-1,69,68,70,-1,69,70,71,-1,71,70,72,-1,71,72,73,-1,73,72,74,-1,73,74,75,-1,76,75,77,-1,77,75,74,-1,76,77,78,-1,76,78,79,-1,79,78,80,-1,79,80,81,-1,81,80,82,-1,81,82,83,-1,83,82,84,-1,83,84,85,-1,85,84,86,-1,85,86,87,-1,86,88,87,-1,87,88,89,-1,88,90,89,-1,89,90,91,-1,89,91,92,-1,92,91,93,-1,92,93,94,-1,94,93,95,-1,94,95,96,-1,96,95,97,-1,96,97,98,-1,98,97,99,-1,98,99,100,-1,100,99,101,-1,100,101,102,-1,103,104,105,-1,102,101,106,-1,102,106,107,-1,107,106,108,-1,107,108,105,-1,105,108,109,-1,105,109,103,-1,104,103,110,-1,104,110,111,-1,111,110,112,-1,111,112,113,-1,113,112,114,-1,113,114,115,-1,115,114,116,-1,115,116,117,-1,117,116,118,-1,117,118,119,-1,119,118,120,-1,119,120,121,-1,121,120,122,-1,121,122,123,-1,123,122,124,-1,123,124,125,-1,125,124,126,-1,125,126,127,-1,127,126,128,-1,127,128,129,-1,129,128,130,-1,129,130,131,-1,131,130,132,-1,131,132,133,-1,133,132,134,-1,133,134,135,-1,135,134,4,-1,135,4,3,-1,59,61,87,-1,87,61,85,-1,85,61,63,-1,85,63,83,-1,125,25,27,-1,111,43,104,-1,104,43,45,-1,125,27,123,-1,123,27,29,-1,123,29,121,-1,121,29,31,-1,121,31,119,-1,119,31,33,-1,119,33,117,-1,117,33,35,-1,117,35,115,-1,115,35,37,-1,115,37,113,-1,113,37,39,-1,113,39,111,-1,111,39,41,-1,111,41,43,-1,25,125,23,-1,23,125,127,-1,23,127,21,-1,14,3,12,-1,12,3,6,-1,12,6,9,-1,9,6,2,-1,9,2,1,-1,63,65,83,-1,83,65,67,-1,83,67,81,-1,81,67,69,-1,81,69,79,-1,79,69,71,-1,79,71,76,-1,76,71,73,-1,76,73,75,-1,127,129,21,-1,21,129,131,-1,21,131,18,-1,18,131,133,-1,18,133,14,-1,14,133,135,-1,14,135,3,-1,87,89,59,-1,59,89,92,-1,59,92,57,-1,57,92,94,-1,57,94,55,-1,55,94,96,-1,55,96,53,-1,53,96,98,-1,53,98,51,-1,51,98,100,-1,51,100,49,-1,49,100,102,-1,49,102,47,-1,47,102,107,-1,47,107,45,-1,45,107,105,-1,45,105,104,-1,136,137,138,-1,138,137,139,-1,140,136,141,-1,141,136,138,-1,140,141,142,-1,140,142,143,-1,143,142,144,-1,143,144,145,-1,146,145,147,-1,147,145,144,-1,148,146,149,-1,149,146,147,-1,148,149,150,-1,150,149,151,-1,150,151,152,-1,153,150,154,-1,154,150,152,-1,153,154,155,-1,155,154,156,-1,155,156,157,-1,158,159,160,-1,160,159,155,-1,160,155,157,-1,158,161,159,-1,159,161,162,-1,161,163,162,-1,162,163,164,-1,162,164,165,-1,165,164,166,-1,165,166,167,-1,167,166,168,-1,167,168,169,-1,169,168,170,-1,169,170,171,-1,171,170,172,-1,171,172,173,-1,173,172,174,-1,173,174,175,-1,175,174,176,-1,175,176,177,-1,178,177,179,-1,179,177,176,-1,178,179,180,-1,178,180,181,-1,181,180,182,-1,181,182,183,-1,183,182,184,-1,183,184,185,-1,185,184,186,-1,185,186,187,-1,186,188,187,-1,187,188,189,-1,187,189,190,-1,190,189,191,-1,190,191,192,-1,192,191,193,-1,192,193,194,-1,139,137,195,-1,195,137,194,-1,195,194,193,-1,143,145,194,-1,137,136,194,-1,194,136,140,-1,194,140,143,-1,150,153,148,-1,148,153,155,-1,148,155,146,-1,145,146,194,-1,194,146,155,-1,194,155,192,-1,155,159,192,-1,192,159,162,-1,192,162,190,-1,190,162,165,-1,190,165,187,-1,187,165,167,-1,187,167,185,-1,185,167,169,-1,185,169,183,-1,183,169,171,-1,183,171,181,-1,181,171,173,-1,181,173,178,-1,178,173,175,-1,178,175,177,-1,196,197,198,-1,198,197,199,-1,196,198,200,-1,200,198,201,-1,200,201,202,-1,203,200,204,-1,204,200,202,-1,203,204,205,-1,205,204,206,-1,205,206,207,-1,208,205,209,-1,209,205,207,-1,210,211,212,-1,212,211,208,-1,212,208,209,-1,213,211,214,-1,214,211,210,-1,215,216,217,-1,217,216,213,-1,217,213,214,-1,218,216,219,-1,219,216,215,-1,220,221,222,-1,222,221,218,-1,222,218,219,-1,223,221,224,-1,224,221,220,-1,223,224,197,-1,197,224,225,-1,197,225,199,-1,223,197,196,-1,196,200,223,-1,223,200,203,-1,223,203,221,-1,216,218,213,-1,213,218,221,-1,213,221,211,-1,211,221,203,-1,211,203,208,-1,208,203,205,-1,226,227,228,-1,228,227,229,-1,228,229,230,-1,230,229,231,-1,230,231,232,-1,232,231,233,-1,232,233,234,-1,234,233,235,-1,234,235,236,-1,236,235,237,-1,236,237,238,-1,238,237,239,-1,238,239,240,-1,240,239,241,-1,240,241,242,-1,242,241,243,-1,242,243,244,-1,244,243,245,-1,244,245,246,-1,246,245,247,-1,246,247,248,-1,248,247,249,-1,248,249,250,-1,250,249,251,-1,250,251,252,-1,252,251,253,-1,252,253,254,-1,254,253,255,-1,254,255,256,-1,256,255,257,-1,256,257,258,-1,258,257,259,-1,258,259,260,-1,260,259,226,-1,260,226,228,-1,234,236,261,-1,261,236,262,-1,234,261,263,-1,234,263,232,-1,232,263,264,-1,232,264,230,-1,230,264,265,-1,230,265,228,-1,228,265,266,-1,228,266,260,-1,260,266,267,-1,260,267,258,-1,258,267,268,-1,258,268,256,-1,256,268,269,-1,256,269,254,-1,254,269,270,-1,254,270,252,-1,252,270,271,-1,252,271,250,-1,250,271,272,-1,250,272,248,-1,248,272,273,-1,248,273,246,-1,246,273,274,-1,246,274,244,-1,244,274,275,-1,244,275,242,-1,242,275,276,-1,242,276,240,-1,238,240,277,-1,277,240,276,-1,236,238,262,-1,262,238,277,-1,241,239,278,-1,278,239,279,-1,239,237,279,-1,279,237,280,-1,237,235,280,-1,280,235,281,-1,227,282,283,-1,227,283,229,-1,229,283,284,-1,229,284,231,-1,231,284,285,-1,231,285,233,-1,233,285,281,-1,233,281,235,-1,255,286,287,-1,255,287,257,-1,257,287,288,-1,257,288,259,-1,259,288,289,-1,259,289,226,-1,226,289,282,-1,226,282,227,-1,247,290,291,-1,247,291,249,-1,249,291,292,-1,249,292,251,-1,251,292,293,-1,251,293,253,-1,253,293,286,-1,253,286,255,-1,241,278,294,-1,241,294,243,-1,243,294,295,-1,243,295,245,-1,245,295,290,-1,245,290,247,-1,
        ]
    }
}
Shape{
    appearance Appearance {
        material  Material 	{
            diffuseColor 0.0 0.0 0.0
            specularColor 0.0 0.0 0.0
            ambientIntensity 0.2
            transparency 0
            shininess 0.5
        }
    }
    geometry IndexedFaceSet {
        ccw TRUE
        solid FALSE
        coord DEF co Coordinate {
            point [
                -0.0799 -0.3151 0.0307, -0.0799 -0.3316 0.0307, -0.0766 -0.3151 0.0307, -0.0768 -0.3316 0.0307, -0.0707 -0.3296 0.0307, -0.0704 -0.3293 0.0307, -0.0695 -0.3282 0.0307, -0.0738 -0.3312 0.0307, -0.072 -0.3305 0.0307, -0.0687 -0.3267 0.0307, -0.0683 -0.3248 0.0307, -0.0681 -0.3231 0.0307, -0.072 -0.3161 0.0307, -0.0739 -0.3154 0.0307, -0.0705 -0.3171 0.0307, -0.0699 -0.3177 0.0307, -0.0685 -0.3204 0.0307, -0.0691 -0.3189 0.0307, -0.0691 -0.3189 0.0307
            ]
        }
        coordIndex [
            0,1,2,-1,2,1,3,-1,4,5,2,-1,2,5,6,-1,3,7,2,-1,2,7,8,-1,2,8,4,-1,6,9,2,-1,2,9,10,-1,2,10,11,-1,12,13,14,-1,14,13,2,-1,14,2,15,-1,11,16,2,-1,2,16,17,-1,2,17,15,-1,
        ]
    }
}
Shape{
    appearance Appearance {
        material  Material 	{
            diffuseColor 1.0 1.0 1.0
            specularColor 0.5019607843137255 0.5019607843137255 0.5019607843137255
            ambientIntensity 0.2
            transparency 0
            shininess 0.5
        }
    }
    geometry IndexedFaceSet {
        ccw TRUE
        solid FALSE
        coord DEF co Coordinate {
            point [
                -0.0581 -0.3258 0.0346, -0.059 -0.3282 0.0346, -0.0509 -0.3258 0.0346, -0.0501 -0.3282 0.0346, -0.0549 -0.3169 0.0346, -0.0559 -0.3127 0.0346, -0.0641 -0.334 0.0346, -0.061 -0.334 0.0346, -0.0547 -0.3162 0.0346, -0.0545 -0.3154 0.0346, -0.053 -0.3127 0.0346, -0.0545 -0.3154 0.0346, -0.0543 -0.3163 0.0346, -0.0541 -0.3169 0.0346, -0.0448 -0.334 0.0346, -0.0479 -0.334 0.0346, -0.053 -0.3127 0.0307, -0.0448 -0.334 0.0307, -0.0559 -0.3127 0.0307, -0.0641 -0.334 0.0307, -0.061 -0.334 0.0307, -0.059 -0.3282 0.0307, -0.0501 -0.3282 0.0307, -0.0479 -0.334 0.0307, -0.0581 -0.3258 0.0307, -0.0509 -0.3258 0.0307, -0.0541 -0.3169 0.0307, -0.0545 -0.3154 0.0307, -0.0543 -0.3163 0.0307, -0.0545 -0.3154 0.0307, -0.0549 -0.3169 0.0307, -0.0547 -0.3162 0.0307, -0.0547 -0.3162 0.0307
            ]
        }
        coordIndex [
            0,1,2,-1,2,1,3,-1,4,5,0,-1,0,5,6,-1,0,6,1,-1,1,6,7,-1,4,8,5,-1,5,8,9,-1,5,9,10,-1,10,9,11,-1,10,11,12,-1,12,13,10,-1,10,13,2,-1,10,2,14,-1,14,2,3,-1,14,3,15,-1,10,14,16,-1,16,14,17,-1,5,10,18,-1,18,10,16,-1,6,5,19,-1,19,5,18,-1,7,6,20,-1,20,6,19,-1,1,7,21,-1,21,7,20,-1,3,1,22,-1,22,1,21,-1,15,3,23,-1,23,3,22,-1,14,15,17,-1,17,15,23,-1,0,2,24,-1,24,2,25,-1,2,13,25,-1,25,13,26,-1,11,27,28,-1,11,28,12,-1,12,28,26,-1,12,26,13,-1,11,9,27,-1,27,9,29,-1,4,30,31,-1,4,31,8,-1,8,31,29,-1,8,29,9,-1,4,0,30,-1,30,0,24,-1,
        ]
    }
}
Shape{
    appearance Appearance {
        material  Material 	{
            diffuseColor 0.0 0.0 0.0
            specularColor 0.0 0.0 0.0
            ambientIntensity 0.2
            transparency 0
            shininess 0.5
        }
    }
    geometry IndexedFaceSet {
        ccw TRUE
        solid FALSE
        coord DEF co Coordinate {
            point [
                -0.0545 -0.3154 0.0307, -0.0545 -0.3154 0.0307, -0.0543 -0.3163 0.0307, -0.0547 -0.3162 0.0307, -0.0541 -0.3169 0.0307, -0.0549 -0.3169 0.0307, -0.0509 -0.3258 0.0307, -0.0581 -0.3258 0.0307, -0.0581 -0.3258 0.0307
            ]
        }
        coordIndex [
            0,1,2,-1,2,1,3,-1,2,3,4,-1,4,3,5,-1,4,5,6,-1,6,5,7,-1,
        ]
    }
}
Shape{
    appearance Appearance {
        material  Material 	{
            diffuseColor 1.0 1.0 1.0
            specularColor 0.5019607843137255 0.5019607843137255 0.5019607843137255
            ambientIntensity 0.2
            transparency 0
            shininess 0.5
        }
    }
    geometry IndexedFaceSet {
        ccw TRUE
        solid FALSE
        coord DEF co Coordinate {
            point [
                -0.2516 -0.337 0.0346, -0.2493 -0.3398 0.0346, -0.2529 -0.3236 0.0346, -0.2333 -0.327 0.0346, -0.2329 -0.3284 0.0346, -0.2022 -0.3162 0.0346, -0.2388 -0.3232 0.0346, -0.2376 -0.3233 0.0346, -0.2273 -0.3188 0.0346, -0.2361 -0.3238 0.0346, -0.2349 -0.3246 0.0346, -0.234 -0.3257 0.0346, -0.1842 -0.313 0.0346, -0.1845 -0.3159 0.0346, -0.1755 -0.3184 0.0346, -0.2069 -0.3081 0.0346, -0.2329 -0.3297 0.0346, -0.2235 -0.3289 0.0346, -0.2235 -0.3274 0.0346, -0.2563 -0.3216 0.0346, -0.2556 -0.333 0.0346, -0.2531 -0.3338 0.0346, -0.2428 -0.3335 0.0346, -0.2416 -0.3343 0.0346, -0.2464 -0.3421 0.0346, -0.2402 -0.3348 0.0346, -0.1972 -0.3011 0.0346, -0.196 -0.3011 0.0346, -0.1898 -0.2929 0.0346, -0.1931 -0.3015 0.0346, -0.189 -0.2932 0.0346, -0.1905 -0.3025 0.0346, -0.1845 -0.2955 0.0346, -0.1804 -0.299 0.0346, -0.2399 -0.2961 0.0346, -0.2388 -0.2967 0.0346, -0.2435 -0.2857 0.0346, -0.2366 -0.2921 0.0346, -0.2404 -0.282 0.0346, -0.2333 -0.288 0.0346, -0.2369 -0.279 0.0346, -0.229 -0.2849 0.0346, -0.2332 -0.2767 0.0346, -0.2401 -0.3233 0.0346, -0.2423 -0.314 0.0346, -0.2415 -0.3238 0.0346, -0.2456 -0.3153 0.0346, -0.2427 -0.3246 0.0346, -0.2488 -0.3175 0.0346, -0.2437 -0.3257 0.0346, -0.2513 -0.3203 0.0346, -0.2444 -0.327 0.0346, -0.2447 -0.3284 0.0346, -0.1774 -0.3232 0.0346, -0.1856 -0.3186 0.0346, -0.1804 -0.3273 0.0346, -0.198 -0.281 0.0346, -0.2036 -0.2883 0.0346, -0.193 -0.2867 0.0346, -0.2002 -0.2924 0.0346, -0.198 -0.2974 0.0346, -0.259 -0.3188 0.0346, -0.2652 -0.3265 0.0346, -0.261 -0.3302 0.0346, -0.2616 -0.306 0.0346, -0.2716 -0.3083 0.0346, -0.2621 -0.3096 0.0346, -0.2716 -0.3099 0.0346, -0.2619 -0.312 0.0346, -0.271 -0.3154 0.0346, -0.2608 -0.3157 0.0346, -0.269 -0.321 0.0346, -0.2657 -0.3259 0.0346, -0.2332 -0.3146 0.0346, -0.2368 -0.3137 0.0346, -0.2387 -0.3136 0.0346, -0.1881 -0.3042 0.0346, -0.1864 -0.3061 0.0346, -0.1773 -0.3033 0.0346, -0.185 -0.3088 0.0346, -0.1754 -0.3079 0.0346, -0.1842 -0.3117 0.0346, -0.1748 -0.3128 0.0346, -0.1748 -0.3134 0.0346, -0.1873 -0.321 0.0346, -0.1875 -0.3212 0.0346, -0.1846 -0.3308 0.0346, -0.1897 -0.3231 0.0346, -0.1893 -0.3331 0.0346, -0.1924 -0.3243 0.0346, -0.1942 -0.3341 0.0346, -0.1951 -0.3248 0.0346, -0.2032 -0.3341 0.0346, -0.2019 -0.3248 0.0346, -0.204 -0.334 0.0346, -0.2262 -0.274 0.0346, -0.2241 -0.2829 0.0346, -0.2186 -0.2731 0.0346, -0.2185 -0.2822 0.0346, -0.2124 -0.2737 0.0346, -0.2135 -0.2828 0.0346, -0.2048 -0.2764 0.0346, -0.2087 -0.2845 0.0346, -0.2044 -0.2875 0.0346, -0.2433 -0.2949 0.0346, -0.2453 -0.2854 0.0346, -0.2469 -0.2945 0.0346, -0.247 -0.2854 0.0346, -0.2484 -0.2945 0.0346, -0.2525 -0.286 0.0346, -0.2522 -0.2954 0.0346, -0.2581 -0.288 0.0346, -0.2556 -0.2972 0.0346, -0.2632 -0.2914 0.0346, -0.2582 -0.2996 0.0346, -0.2645 -0.2926 0.0346, -0.2603 -0.3026 0.0346, -0.2679 -0.2969 0.0346, -0.2704 -0.3023 0.0346, -0.2438 -0.3324 0.0346, -0.2444 -0.3311 0.0346, -0.2447 -0.3297 0.0346, -0.2299 -0.3163 0.0346, -0.2429 -0.3435 0.0346, -0.2393 -0.3441 0.0346, -0.2388 -0.335 0.0346, -0.2387 -0.3441 0.0346, -0.2375 -0.3349 0.0346, -0.235 -0.3437 0.0346, -0.2362 -0.3344 0.0346, -0.2316 -0.3424 0.0346, -0.235 -0.3336 0.0346, -0.2286 -0.3403 0.0346, -0.234 -0.3325 0.0346, -0.2263 -0.3376 0.0346, -0.2333 -0.3312 0.0346, -0.2245 -0.3342 0.0346, -0.2236 -0.3305 0.0346, -0.2027 -0.3247 0.0346, -0.2064 -0.3325 0.0346, -0.206 -0.3329 0.0346, -0.2076 -0.3294 0.0346, -0.2074 -0.3305 0.0346, -0.207 -0.3315 0.0346, -0.2022 -0.3248 0.0346, -0.205 -0.3336 0.0346, -0.204 -0.3248 0.0346, -0.205 -0.3252 0.0346, -0.2075 -0.3289 0.0346, -0.206 -0.3259 0.0346, -0.2067 -0.3267 0.0346, -0.2073 -0.3277 0.0346, -0.2029 -0.3247 0.0346, -0.1748 -0.3128 0.0307, -0.1754 -0.3079 0.0307, -0.176 -0.3066 0.0307, -0.1773 -0.3033 0.0307, -0.1794 -0.3003 0.0307, -0.1804 -0.299 0.0307, -0.1845 -0.2955 0.0307, -0.189 -0.2932 0.0307, -0.1898 -0.2929 0.0307, -0.193 -0.2867 0.0307, -0.198 -0.281 0.0307, -0.2015 -0.2786 0.0307, -0.2048 -0.2764 0.0307, -0.2124 -0.2737 0.0307, -0.2186 -0.2731 0.0307, -0.2369 -0.279 0.0307, -0.2363 -0.2786 0.0307, -0.2332 -0.2767 0.0307, -0.2262 -0.274 0.0307, -0.2404 -0.282 0.0307, -0.2435 -0.2857 0.0307, -0.2453 -0.2854 0.0307, -0.247 -0.2854 0.0307, -0.2525 -0.286 0.0307, -0.2581 -0.288 0.0307, -0.2632 -0.2914 0.0307, -0.2645 -0.2926 0.0307, -0.2716 -0.3099 0.0307, -0.2679 -0.2969 0.0307, -0.2683 -0.2978 0.0307, -0.2695 -0.3003 0.0307, -0.2704 -0.3023 0.0307, -0.2712 -0.3066 0.0307, -0.2716 -0.3083 0.0307, -0.2652 -0.3265 0.0307, -0.271 -0.3154 0.0307, -0.269 -0.321 0.0307, -0.2683 -0.322 0.0307, -0.2657 -0.3259 0.0307, -0.261 -0.3302 0.0307, -0.2556 -0.333 0.0307, -0.2531 -0.3338 0.0307, -0.2529 -0.3342 0.0307, -0.2516 -0.337 0.0307, -0.2493 -0.3398 0.0307, -0.2464 -0.3421 0.0307, -0.245 -0.3426 0.0307, -0.2429 -0.3435 0.0307, -0.2393 -0.3441 0.0307, -0.2387 -0.3441 0.0307, -0.2235 -0.3289 0.0307, -0.235 -0.3437 0.0307, -0.2324 -0.3426 0.0307, -0.2316 -0.3424 0.0307, -0.2286 -0.3403 0.0307, -0.2263 -0.3376 0.0307, -0.2245 -0.3342 0.0307, -0.2245 -0.3342 0.0307, -0.2236 -0.3305 0.0307, -0.2235 -0.3274 0.0307, -0.2022 -0.3162 0.0307, -0.2069 -0.3081 0.0307, -0.2273 -0.3188 0.0307, -0.2299 -0.3163 0.0307, -0.2332 -0.3146 0.0307, -0.2368 -0.3137 0.0307, -0.2387 -0.3136 0.0307, -0.2423 -0.314 0.0307, -0.2456 -0.3153 0.0307, -0.2488 -0.3175 0.0307, -0.2513 -0.3203 0.0307, -0.2529 -0.3236 0.0307, -0.2563 -0.3216 0.0307, -0.259 -0.3188 0.0307, -0.2608 -0.3157 0.0307, -0.2619 -0.312 0.0307, -0.2621 -0.3096 0.0307, -0.2617 -0.3066 0.0307, -0.2616 -0.306 0.0307, -0.2603 -0.3026 0.0307, -0.2587 -0.3003 0.0307, -0.2582 -0.2996 0.0307, -0.2556 -0.2972 0.0307, -0.2522 -0.2954 0.0307, -0.2484 -0.2945 0.0307, -0.2469 -0.2945 0.0307, -0.2433 -0.2949 0.0307, -0.2399 -0.2961 0.0307, -0.2388 -0.2967 0.0307, -0.2366 -0.2921 0.0307, -0.2333 -0.288 0.0307, -0.229 -0.2849 0.0307, -0.2241 -0.2829 0.0307, -0.2185 -0.2822 0.0307, -0.1972 -0.3011 0.0307, -0.1974 -0.3003 0.0307, -0.198 -0.2974 0.0307, -0.2002 -0.2924 0.0307, -0.2036 -0.2883 0.0307, -0.2044 -0.2875 0.0307, -0.2087 -0.2845 0.0307, -0.2135 -0.2828 0.0307, -0.196 -0.3011 0.0307, -0.1931 -0.3015 0.0307, -0.1905 -0.3025 0.0307, -0.1881 -0.3042 0.0307, -0.1864 -0.3061 0.0307, -0.1861 -0.3066 0.0307, -0.185 -0.3088 0.0307, -0.1842 -0.3117 0.0307, -0.1842 -0.313 0.0307, -0.1845 -0.3159 0.0307, -0.1856 -0.3186 0.0307, -0.1873 -0.321 0.0307, -0.1875 -0.3212 0.0307, -0.1897 -0.3231 0.0307, -0.1924 -0.3243 0.0307, -0.1951 -0.3248 0.0307, -0.2019 -0.3248 0.0307, -0.2022 -0.3248 0.0307, -0.2027 -0.3247 0.0307, -0.2029 -0.3247 0.0307, -0.204 -0.3248 0.0307, -0.205 -0.3252 0.0307, -0.206 -0.3259 0.0307, -0.2067 -0.3267 0.0307, -0.2073 -0.3277 0.0307, -0.2075 -0.3289 0.0307, -0.2076 -0.3294 0.0307, -0.2074 -0.3305 0.0307, -0.207 -0.3315 0.0307, -0.2064 -0.3325 0.0307, -0.206 -0.3329 0.0307, -0.205 -0.3336 0.0307, -0.204 -0.334 0.0307, -0.2032 -0.3341 0.0307, -0.1942 -0.3341 0.0307, -0.1893 -0.3331 0.0307, -0.1846 -0.3308 0.0307, -0.1804 -0.3273 0.0307, -0.1774 -0.3232 0.0307, -0.1755 -0.3184 0.0307, -0.1748 -0.3134 0.0307, -0.2388 -0.3232 0.0307, -0.2376 -0.3233 0.0307, -0.2361 -0.3238 0.0307, -0.2349 -0.3246 0.0307, -0.234 -0.3257 0.0307, -0.2333 -0.327 0.0307, -0.2329 -0.3284 0.0307, -0.2329 -0.3297 0.0307, -0.2333 -0.3312 0.0307, -0.234 -0.3325 0.0307, -0.235 -0.3336 0.0307, -0.2362 -0.3344 0.0307, -0.2375 -0.3349 0.0307, -0.2388 -0.335 0.0307, -0.2402 -0.3348 0.0307, -0.2416 -0.3343 0.0307, -0.2428 -0.3335 0.0307, -0.2438 -0.3324 0.0307, -0.2444 -0.3311 0.0307, -0.2447 -0.3297 0.0307, -0.2447 -0.3284 0.0307, -0.2444 -0.327 0.0307, -0.2437 -0.3257 0.0307, -0.2427 -0.3246 0.0307, -0.2415 -0.3238 0.0307, -0.2401 -0.3233 0.0307, -0.2401 -0.3233 0.0307
            ]
        }
        coordIndex [
            0,1,2,-1,3,4,5,-1,6,7,8,-1,7,9,8,-1,8,9,10,-1,8,10,11,-1,12,13,14,-1,3,5,11,-1,11,5,15,-1,11,15,8,-1,16,17,4,-1,4,17,18,-1,4,18,5,-1,19,20,2,-1,2,20,21,-1,2,21,0,-1,22,1,23,-1,23,1,24,-1,23,24,25,-1,26,27,28,-1,28,27,29,-1,28,29,30,-1,30,29,31,-1,30,31,32,-1,32,31,33,-1,34,35,36,-1,36,35,37,-1,36,37,38,-1,38,37,39,-1,38,39,40,-1,40,39,41,-1,40,41,42,-1,43,44,45,-1,45,44,46,-1,45,46,47,-1,47,46,48,-1,47,48,49,-1,49,48,50,-1,49,50,51,-1,51,50,2,-1,51,2,52,-1,14,13,53,-1,53,13,54,-1,53,54,55,-1,56,57,58,-1,58,57,59,-1,58,59,28,-1,28,59,60,-1,28,60,26,-1,61,62,19,-1,19,62,63,-1,19,63,20,-1,64,65,66,-1,66,65,67,-1,66,67,68,-1,68,67,69,-1,68,69,70,-1,70,69,71,-1,70,71,61,-1,61,71,72,-1,61,72,62,-1,73,74,43,-1,43,74,75,-1,43,75,44,-1,31,76,33,-1,33,76,77,-1,33,77,78,-1,78,77,79,-1,78,79,80,-1,80,79,81,-1,80,81,82,-1,82,81,12,-1,82,12,83,-1,83,12,14,-1,54,84,55,-1,55,84,85,-1,55,85,86,-1,86,85,87,-1,86,87,88,-1,88,87,89,-1,88,89,90,-1,90,89,91,-1,90,91,92,-1,92,91,93,-1,92,93,94,-1,42,41,95,-1,95,41,96,-1,95,96,97,-1,97,96,98,-1,97,98,99,-1,99,98,100,-1,99,100,101,-1,101,100,102,-1,101,102,56,-1,56,102,103,-1,56,103,57,-1,34,36,104,-1,104,36,105,-1,104,105,106,-1,106,105,107,-1,106,107,108,-1,108,107,109,-1,108,109,110,-1,110,109,111,-1,110,111,112,-1,112,111,113,-1,112,113,114,-1,114,113,115,-1,114,115,116,-1,116,115,117,-1,116,117,64,-1,64,117,118,-1,64,118,65,-1,22,119,1,-1,1,119,120,-1,1,120,2,-1,2,120,121,-1,2,121,52,-1,6,8,43,-1,43,8,122,-1,43,122,73,-1,24,123,25,-1,25,123,124,-1,25,124,125,-1,125,124,126,-1,125,126,127,-1,127,126,128,-1,127,128,129,-1,129,128,130,-1,129,130,131,-1,131,130,132,-1,131,132,133,-1,133,132,134,-1,133,134,135,-1,135,134,136,-1,135,136,16,-1,16,136,137,-1,16,137,17,-1,138,139,140,-1,141,142,138,-1,138,142,143,-1,138,143,139,-1,93,144,94,-1,94,144,138,-1,94,138,145,-1,145,138,140,-1,146,147,148,-1,147,149,148,-1,148,149,150,-1,148,150,151,-1,141,138,148,-1,148,138,152,-1,148,152,146,-1,82,153,154,-1,82,154,80,-1,80,154,155,-1,80,155,78,-1,155,156,78,-1,78,156,157,-1,78,157,33,-1,157,158,33,-1,33,158,159,-1,33,159,32,-1,32,159,160,-1,32,160,30,-1,30,160,161,-1,30,161,28,-1,28,161,162,-1,28,162,58,-1,58,162,163,-1,58,163,56,-1,56,163,101,-1,101,163,164,-1,164,165,101,-1,101,165,166,-1,101,166,99,-1,99,166,167,-1,99,167,97,-1,168,40,169,-1,169,40,42,-1,169,42,170,-1,170,42,95,-1,170,95,171,-1,171,95,97,-1,171,97,167,-1,40,168,172,-1,40,172,38,-1,38,172,173,-1,38,173,36,-1,36,173,174,-1,36,174,105,-1,105,174,175,-1,105,175,107,-1,107,175,176,-1,107,176,109,-1,109,176,177,-1,109,177,111,-1,111,177,178,-1,111,178,113,-1,113,178,179,-1,113,179,115,-1,180,67,65,-1,117,115,181,-1,181,115,179,-1,181,182,117,-1,117,182,183,-1,117,183,118,-1,183,184,118,-1,118,184,185,-1,118,185,65,-1,65,185,186,-1,65,186,180,-1,187,62,72,-1,67,180,188,-1,67,188,69,-1,69,188,189,-1,69,189,71,-1,71,189,190,-1,71,190,72,-1,72,190,191,-1,72,191,187,-1,62,187,192,-1,62,192,63,-1,63,192,193,-1,63,193,20,-1,20,193,194,-1,20,194,21,-1,21,194,195,-1,21,195,0,-1,195,196,0,-1,0,196,197,-1,0,197,1,-1,1,197,198,-1,1,198,24,-1,24,198,199,-1,24,199,123,-1,199,200,123,-1,123,200,201,-1,123,201,124,-1,124,201,202,-1,124,202,126,-1,203,17,137,-1,126,202,204,-1,126,204,128,-1,128,204,205,-1,128,205,130,-1,205,206,130,-1,130,206,207,-1,130,207,132,-1,132,207,208,-1,132,208,134,-1,134,208,209,-1,134,209,136,-1,136,209,210,-1,136,210,137,-1,137,210,211,-1,137,211,203,-1,18,17,212,-1,212,17,203,-1,5,18,213,-1,213,18,212,-1,15,5,214,-1,214,5,213,-1,8,15,215,-1,215,15,214,-1,8,215,216,-1,8,216,122,-1,122,216,217,-1,122,217,73,-1,73,217,218,-1,73,218,74,-1,74,218,219,-1,74,219,75,-1,75,219,220,-1,75,220,44,-1,44,220,221,-1,44,221,46,-1,46,221,222,-1,46,222,48,-1,48,222,223,-1,48,223,50,-1,50,223,224,-1,50,224,2,-1,2,224,225,-1,2,225,19,-1,19,225,226,-1,19,226,61,-1,61,226,227,-1,61,227,70,-1,70,227,228,-1,70,228,68,-1,68,228,229,-1,68,229,66,-1,229,230,66,-1,66,230,64,-1,230,231,64,-1,64,231,232,-1,64,232,116,-1,116,232,233,-1,116,233,114,-1,233,234,114,-1,114,234,235,-1,114,235,112,-1,112,235,236,-1,112,236,110,-1,110,236,237,-1,110,237,108,-1,108,237,238,-1,108,238,106,-1,106,238,239,-1,106,239,104,-1,104,239,240,-1,104,240,34,-1,34,240,241,-1,34,241,35,-1,35,241,242,-1,35,242,37,-1,37,242,243,-1,37,243,39,-1,39,243,244,-1,39,244,41,-1,41,244,245,-1,41,245,96,-1,96,245,246,-1,96,246,98,-1,247,26,248,-1,248,26,60,-1,248,60,249,-1,249,60,59,-1,249,59,250,-1,250,59,57,-1,250,57,251,-1,251,57,103,-1,251,103,252,-1,252,103,102,-1,252,102,253,-1,253,102,100,-1,253,100,254,-1,254,100,98,-1,254,98,246,-1,27,26,255,-1,255,26,247,-1,27,255,256,-1,27,256,29,-1,29,256,257,-1,29,257,31,-1,31,257,258,-1,31,258,76,-1,76,258,259,-1,76,259,77,-1,77,259,260,-1,77,260,79,-1,260,261,79,-1,79,261,262,-1,79,262,81,-1,81,262,263,-1,81,263,12,-1,12,263,264,-1,12,264,13,-1,13,264,265,-1,13,265,54,-1,54,265,266,-1,54,266,84,-1,84,266,267,-1,84,267,85,-1,85,267,268,-1,85,268,87,-1,87,268,269,-1,87,269,89,-1,89,269,270,-1,89,270,91,-1,93,91,271,-1,271,91,270,-1,93,271,272,-1,93,272,144,-1,144,272,273,-1,144,273,138,-1,138,273,274,-1,138,274,152,-1,152,274,275,-1,152,275,146,-1,146,275,276,-1,146,276,147,-1,147,276,277,-1,147,277,149,-1,149,277,278,-1,149,278,150,-1,150,278,279,-1,150,279,151,-1,151,279,280,-1,151,280,148,-1,148,280,281,-1,148,281,141,-1,141,281,282,-1,141,282,142,-1,142,282,283,-1,142,283,143,-1,143,283,284,-1,143,284,139,-1,139,284,285,-1,139,285,140,-1,140,285,286,-1,140,286,145,-1,145,286,287,-1,145,287,94,-1,94,287,288,-1,94,288,92,-1,90,92,289,-1,289,92,288,-1,90,289,290,-1,90,290,88,-1,88,290,291,-1,88,291,86,-1,86,291,292,-1,86,292,55,-1,55,292,293,-1,55,293,53,-1,53,293,294,-1,53,294,14,-1,14,294,295,-1,14,295,83,-1,83,295,153,-1,83,153,82,-1,6,296,297,-1,6,297,7,-1,7,297,298,-1,7,298,9,-1,9,298,299,-1,9,299,10,-1,10,299,300,-1,10,300,11,-1,11,300,301,-1,11,301,3,-1,3,301,302,-1,3,302,4,-1,4,302,303,-1,4,303,16,-1,16,303,304,-1,16,304,135,-1,135,304,305,-1,135,305,133,-1,133,305,306,-1,133,306,131,-1,131,306,307,-1,131,307,129,-1,129,307,308,-1,129,308,127,-1,127,308,309,-1,127,309,125,-1,125,309,310,-1,125,310,25,-1,25,310,311,-1,25,311,23,-1,23,311,312,-1,23,312,22,-1,22,312,313,-1,22,313,119,-1,119,313,314,-1,119,314,120,-1,120,314,315,-1,120,315,121,-1,121,315,316,-1,121,316,52,-1,52,316,317,-1,52,317,51,-1,51,317,318,-1,51,318,49,-1,49,318,319,-1,49,319,47,-1,47,319,320,-1,47,320,45,-1,45,320,321,-1,45,321,43,-1,43,321,296,-1,43,296,6,-1,
        ]
    }
}
Shape{
    appearance Appearance {
        material  Material 	{
            diffuseColor 0.0 0.0 0.0
            specularColor 0.0 0.0 0.0
            ambientIntensity 0.2
            transparency 0
            shininess 0.5
        }
    }
    geometry IndexedFaceSet {
        ccw TRUE
        solid FALSE
        coord DEF co Coordinate {
            point [
                -0.2388 -0.3232 0.0307, -0.2388 -0.335 0.0307, -0.2375 -0.3349 0.0307, -0.2415 -0.3238 0.0307, -0.2447 -0.3284 0.0307, -0.2401 -0.3233 0.0307, -0.2447 -0.3297 0.0307, -0.2329 -0.3284 0.0307, -0.2333 -0.327 0.0307, -0.234 -0.3257 0.0307, -0.2349 -0.3246 0.0307, -0.2444 -0.3311 0.0307, -0.2438 -0.3324 0.0307, -0.2428 -0.3335 0.0307, -0.2361 -0.3238 0.0307, -0.2376 -0.3233 0.0307, -0.2427 -0.3246 0.0307, -0.2437 -0.3257 0.0307, -0.2444 -0.327 0.0307, -0.2416 -0.3343 0.0307, -0.2402 -0.3348 0.0307, -0.2362 -0.3344 0.0307, -0.235 -0.3336 0.0307, -0.2329 -0.3297 0.0307, -0.234 -0.3325 0.0307, -0.2333 -0.3312 0.0307, -0.2333 -0.3312 0.0307
            ]
        }
        coordIndex [
            0,1,2,-1,3,4,5,-1,5,4,6,-1,5,6,0,-1,7,8,2,-1,2,8,9,-1,2,9,10,-1,6,11,0,-1,0,11,12,-1,0,12,13,-1,10,14,2,-1,2,14,15,-1,2,15,0,-1,3,16,4,-1,4,16,17,-1,4,17,18,-1,13,19,0,-1,0,19,20,-1,0,20,1,-1,2,21,7,-1,7,21,22,-1,7,22,23,-1,23,22,24,-1,23,24,25,-1,
        ]
    }
}