ISO-10303-21;
HEADER;
FILE_DESCRIPTION (( 'STEP AP214' ),
    '1' );
FILE_NAME ('WLCSP-4_L0.8-W0.8-R2-C2-P0.40-BL-1.STEP',
    '2022-01-23T12:11:36',
    ( '' ),
    ( '' ),
    'SwSTEP 2.0',
    'SolidWorks 2020',
    '' );
FILE_SCHEMA (( 'AUTOMOTIVE_DESIGN' ));
ENDSEC;

DATA;
#1 = DIRECTION ( 'NONE',  ( 0.9315776194850603487, -0.3635424856527062487, 0.0000000000000000000 ) ) ;
#2 =( NAMED_UNIT ( * ) SI_UNIT ( $, .STERADIAN. ) SOLID_ANGLE_UNIT ( ) );
#3 = COLOUR_RGB ( '',1.000000000000000000, 1.000000000000000000, 1.000000000000000000 ) ;
#4 = SURFACE_STYLE_USAGE ( .BOTH. , #32 ) ;
#5 = DIRECTION ( 'NONE',  ( 0.0000000000000000000, -1.000000000000000000, 0.0000000000000000000 ) ) ;
#6 =( GEOMETRIC_REPRESENTATION_CONTEXT ( 3 ) GLOBAL_UNCERTAINTY_ASSIGNED_CONTEXT ( ( #1129 ) ) GLOBAL_UNIT_ASSIGNED_CONTEXT ( ( #1739, #1112, #1459 ) ) REPRESENTATION_CONTEXT ( 'NONE', 'WORKASPACE' ) );
#7 = CARTESIAN_POINT ( 'NONE',  ( -0.2193507718441093379, -0.007366412522700959038, 0.01000000000000000021 ) ) ;
#8 = ORIENTED_EDGE ( 'NONE', *, *, #514, .T. ) ;
#9 = CARTESIAN_POINT ( 'NONE',  ( -0.1501941701503154702, 0.01539281937600500867, 0.0000000000000000000 ) ) ;
#10 = MECHANICAL_DESIGN_GEOMETRIC_PRESENTATION_REPRESENTATION (  '', ( #1805 ), #1204 ) ;
#11 = AXIS2_PLACEMENT_3D ( 'NONE', #1583, #1262, #3821 ) ;
#12 = CARTESIAN_POINT ( 'NONE',  ( 0.04779861839979314408, -0.03663470520562779609, 0.0000000000000000000 ) ) ;
#13 = EDGE_CURVE ( 'NONE', #2144, #1828, #3090, .T. ) ;
#14 = CARTESIAN_POINT ( 'NONE',  ( -0.1244998940798854314, -0.02741048963255838730, 0.0000000000000000000 ) ) ;
#15 = ORIENTED_EDGE ( 'NONE', *, *, #3986, .F. ) ;
#16 = MECHANICAL_DESIGN_GEOMETRIC_PRESENTATION_REPRESENTATION (  '', ( #1288 ), #1078 ) ;
#17 = PRESENTATION_LAYER_ASSIGNMENT (  '', '', ( #1550 ) ) ;
#18 = CARTESIAN_POINT ( 'NONE',  ( 0.07910752450813915426, 0.02322410792952244590, 0.01000000000000000021 ) ) ;
#19 = AXIS2_PLACEMENT_3D ( 'NONE', #931, #1518, #2272 ) ;
#20 = FILL_AREA_STYLE ('',( #353 ) ) ;
#21 = SURFACE_STYLE_FILL_AREA ( #1504 ) ;
#22 = COLOUR_RGB ( '',1.000000000000000000, 1.000000000000000000, 1.000000000000000000 ) ;
#23 = PLANE ( 'NONE',  #880 ) ;
#24 = PRESENTATION_LAYER_ASSIGNMENT (  '', '', ( #87 ) ) ;
#25 = SURFACE_STYLE_FILL_AREA ( #728 ) ;
#26 =( GEOMETRIC_REPRESENTATION_CONTEXT ( 3 ) GLOBAL_UNCERTAINTY_ASSIGNED_CONTEXT ( ( #496 ) ) GLOBAL_UNIT_ASSIGNED_CONTEXT ( ( #2688, #2772, #1729 ) ) REPRESENTATION_CONTEXT ( 'NONE', 'WORKASPACE' ) );
#27 = MECHANICAL_DESIGN_GEOMETRIC_PRESENTATION_REPRESENTATION (  '', ( #1884 ), #3218 ) ;
#28 = CARTESIAN_POINT ( 'NONE',  ( -0.2008294303806947012, 0.03440188016022587003, 0.0000000000000000000 ) ) ;
#29 = STYLED_ITEM ( 'NONE', ( #627 ), #1887 ) ;
#30 = SURFACE_STYLE_USAGE ( .BOTH. , #1632 ) ;
#31 = CARTESIAN_POINT ( 'NONE',  ( 0.07454862789250274457, 0.04668353948499436024, 0.01000000000000000021 ) ) ;
#32 = SURFACE_SIDE_STYLE ('',( #905 ) ) ;
#33 = SURFACE_SIDE_STYLE ('',( #3163 ) ) ;
#34 = ORIENTED_EDGE ( 'NONE', *, *, #570, .T. ) ;
#35 = VERTEX_POINT ( 'NONE', #1549 ) ;
#36 = CARTESIAN_POINT ( 'NONE',  ( 0.09163539137431921111, -0.02271441478859993410, 0.01000000000000000021 ) ) ;
#37 = ORIENTED_EDGE ( 'NONE', *, *, #1493, .F. ) ;
#38 = CARTESIAN_POINT ( 'NONE',  ( 0.02982977541933595766, 0.05332675506731385240, 6.776263578034402713E-18 ) ) ;
#39 = EDGE_CURVE ( 'NONE', #1934, #169, #3213, .T. ) ;
#40 = CARTESIAN_POINT ( 'NONE',  ( 0.06065577327269584124, 0.04113818011157566873, 0.01000000000000000021 ) ) ;
#41 = FILL_AREA_STYLE ('',( #1867 ) ) ;
#42 = DIRECTION ( 'NONE',  ( 0.0000000000000000000, 1.000000000000000000, 0.0000000000000000000 ) ) ;
#43 = SURFACE_STYLE_FILL_AREA ( #2661 ) ;
#44 = CARTESIAN_POINT ( 'NONE',  ( -0.1999999999999999556, -0.3024695076595959597, -3.388131789017201356E-18 ) ) ;
#45 = DIRECTION ( 'NONE',  ( 0.0000000000000000000, -1.000000000000000000, 0.0000000000000000000 ) ) ;
#46 = CARTESIAN_POINT ( 'NONE',  ( -0.1729902535514264150, -0.04639080276660340063, 0.01000000000000000021 ) ) ;
#47 = CARTESIAN_POINT ( 'NONE',  ( -0.04860000964898735648, 0.04263358747729904807, 0.01000000000000000021 ) ) ;
#48 = CARTESIAN_POINT ( 'NONE',  ( 0.07340725373889690764, -0.02609168236214229331, 0.01000000000000000021 ) ) ;
#49 = CARTESIAN_POINT ( 'NONE',  ( -0.1034080231823195084, -0.04628829943617245729, 0.0000000000000000000 ) ) ;
#50 = FILL_AREA_STYLE_COLOUR ( '', #936 ) ;
#51 = UNCERTAINTY_MEASURE_WITH_UNIT (LENGTH_MEASURE( 1.000000000000000082E-05 ), #1339, 'distance_accuracy_value', 'NONE');
#52 = CARTESIAN_POINT ( 'NONE',  ( -0.1144847428597413480, 0.04031567146634821436, 0.01000000000000000021 ) ) ;
#53 =( NAMED_UNIT ( * ) SI_UNIT ( $, .STERADIAN. ) SOLID_ANGLE_UNIT ( ) );
#54 = ORIENTED_EDGE ( 'NONE', *, *, #3571, .F. ) ;
#55 = EDGE_CURVE ( 'NONE', #1124, #3075, #1956, .T. ) ;
#56 = CARTESIAN_POINT ( 'NONE',  ( 0.08300523689615828260, 0.007094606710764304880, 0.01000000000000000021 ) ) ;
#57 =( LENGTH_UNIT ( ) NAMED_UNIT ( * ) SI_UNIT ( .MILLI., .METRE. ) );
#58 = CARTESIAN_POINT ( 'NONE',  ( -0.1001382665379240422, 0.04260428806038961402, 6.776263578034402713E-18 ) ) ;
#59 =( LENGTH_UNIT ( ) NAMED_UNIT ( * ) SI_UNIT ( .MILLI., .METRE. ) );
#60 = SURFACE_STYLE_USAGE ( .BOTH. , #391 ) ;
#61 = SURFACE_SIDE_STYLE ('',( #3614 ) ) ;
#62 =( NAMED_UNIT ( * ) PLANE_ANGLE_UNIT ( ) SI_UNIT ( $, .RADIAN. ) );
#63 = CARTESIAN_POINT ( 'NONE',  ( 0.07568874371863718031, -0.02333334643745322082, 6.776263578034402713E-18 ) ) ;
#64 = CARTESIAN_POINT ( 'NONE',  ( 0.09460395558609137334, 0.01832304595763858610, 0.01000000000000000021 ) ) ;
#65 = DIRECTION ( 'NONE',  ( -0.0000000000000000000, -0.0000000000000000000, -1.000000000000000000 ) ) ;
#66 =( NAMED_UNIT ( * ) SI_UNIT ( $, .STERADIAN. ) SOLID_ANGLE_UNIT ( ) );
#67 = SURFACE_STYLE_USAGE ( .BOTH. , #3461 ) ;
#68 = VECTOR ( 'NONE', #1558, 999.9999999999998863 ) ;
#69 = CARTESIAN_POINT ( 'NONE',  ( -0.1509194817592630078, -0.0007242606951999043790, 6.776263578034402713E-18 ) ) ;
#70 = PRESENTATION_STYLE_ASSIGNMENT (( #3604 ) ) ;
#71 = STYLED_ITEM ( 'NONE', ( #2717 ), #2093 ) ;
#72 = B_SPLINE_CURVE_WITH_KNOTS ( 'NONE', 3,
 ( #1413, #446, #3290, #460, #1660, #2966, #1704, #3660, #723, #128, #2701, #783, #2980, #1394, #3266, #1987, #2676, #3024, #2638 ),
 .UNSPECIFIED., .F., .F.,
 ( 4, 1, 1, 1, 1, 1, 1, 1, 1, 1, 1, 1, 1, 1, 1, 1, 4 ),
 ( 0.0000000000000000000, 0.07377411937406359865, 0.1440791147260413463, 0.2113485183089115205, 0.2760768857398838150, 0.3385209158196766377, 0.3998851166931335910, 0.4602540674652130792, 0.5205889643912479103, 0.5802076845630441682, 0.6386329085525457305, 0.6963645494905238431, 0.7540017746600127246, 0.8128056813744979348, 0.8727544255255603733, 0.9351819969782670938, 1.000000000000000000 ),
 .UNSPECIFIED. ) ;
#73 = CARTESIAN_POINT ( 'NONE',  ( -0.04860000964898735648, 0.05360919723339661186, 0.0000000000000000000 ) ) ;
#74 = MECHANICAL_DESIGN_GEOMETRIC_PRESENTATION_REPRESENTATION (  '', ( #877 ), #667 ) ;
#75 = CARTESIAN_POINT ( 'NONE',  ( -0.1396713493362630176, 0.03700209302474542078, 1.016439536705160407E-17 ) ) ;
#76 = VECTOR ( 'NONE', #3623, 1000.000000000000000 ) ;
#77 = SURFACE_SIDE_STYLE ('',( #2300 ) ) ;
#78 = MECHANICAL_DESIGN_GEOMETRIC_PRESENTATION_REPRESENTATION (  '', ( #2269 ), #2071 ) ;
#79 =( GEOMETRIC_REPRESENTATION_CONTEXT ( 3 ) GLOBAL_UNCERTAINTY_ASSIGNED_CONTEXT ( ( #4083 ) ) GLOBAL_UNIT_ASSIGNED_CONTEXT ( ( #3055, #2989, #3617 ) ) REPRESENTATION_CONTEXT ( 'NONE', 'WORKASPACE' ) );
#80 = PLANE ( 'NONE',  #1814 ) ;
#81 = CARTESIAN_POINT ( 'NONE',  ( -0.3800000000000000600, 0.3800000000000000044, 0.0000000000000000000 ) ) ;
#82 = EDGE_CURVE ( 'NONE', #482, #898, #296, .T. ) ;
#83 = COLOUR_RGB ( '',1.000000000000000000, 1.000000000000000000, 1.000000000000000000 ) ;
#84 = STYLED_ITEM ( 'NONE', ( #571 ), #3453 ) ;
#85 = CIRCLE ( 'NONE', #2343, 0.1100000000000000006 ) ;
#86 = ORIENTED_EDGE ( 'NONE', *, *, #2124, .T. ) ;
#87 = STYLED_ITEM ( 'NONE', ( #2376 ), #178 ) ;
#88 = CARTESIAN_POINT ( 'NONE',  ( 0.04747058975530112079, 0.05478668692717323513, 1.016439536705160407E-17 ) ) ;
#89 = EDGE_CURVE ( 'NONE', #208, #1864, #3018, .T. ) ;
#90 = VECTOR ( 'NONE', #978, 1000.000000000000000 ) ;
#91 = PRODUCT_CONTEXT ( 'NONE', #1526, 'mechanical' ) ;
#92 = PRESENTATION_LAYER_ASSIGNMENT (  '', '', ( #1368 ) ) ;
#93 = ORIENTED_EDGE ( 'NONE', *, *, #2970, .F. ) ;
#94 = MECHANICAL_DESIGN_GEOMETRIC_PRESENTATION_REPRESENTATION (  '', ( #1088 ), #2897 ) ;
#95 = UNCERTAINTY_MEASURE_WITH_UNIT (LENGTH_MEASURE( 1.000000000000000082E-05 ), #2511, 'distance_accuracy_value', 'NONE');
#96 = CARTESIAN_POINT ( 'NONE',  ( -0.1269429059301462881, 0.03313716113352941500, 0.01000000000000000021 ) ) ;
#97 = CARTESIAN_POINT ( 'NONE',  ( -0.1474194581017022054, -0.01608046198117697029, 0.01000000000000000021 ) ) ;
#98 = CARTESIAN_POINT ( 'NONE',  ( 0.05344455082265630458, 0.04320584576269213828, 0.0000000000000000000 ) ) ;
#99 = CARTESIAN_POINT ( 'NONE',  ( -0.09774254013679223307, -0.04639080276660340063, 0.01000000000000000021 ) ) ;
#100 = DIRECTION ( 'NONE',  ( 0.0000000000000000000, -1.000000000000000000, 0.0000000000000000000 ) ) ;
#101 = SURFACE_STYLE_FILL_AREA ( #3314 ) ;
#102 = DIRECTION ( 'NONE',  ( 0.0000000000000000000, -1.000000000000000000, 0.0000000000000000000 ) ) ;
#103 = ADVANCED_FACE ( 'NONE', ( #1910 ), #938, .T. ) ;
#104 = CARTESIAN_POINT ( 'NONE',  ( -0.2000000000000000111, 0.2000000000000000111, -0.03999999999999998002 ) ) ;
#105 = CARTESIAN_POINT ( 'NONE',  ( -0.2028926426638608949, 0.04064533788507773693, 0.01000000000000000021 ) ) ;
#106 = ORIENTED_EDGE ( 'NONE', *, *, #3303, .T. ) ;
#107 = LINE ( 'NONE', #1062, #611 ) ;
#108 = DIRECTION ( 'NONE',  ( -1.000000000000000000, 0.0000000000000000000, 0.0000000000000000000 ) ) ;
#109 = EDGE_CURVE ( 'NONE', #953, #1560, #1897, .T. ) ;
#110 =( NAMED_UNIT ( * ) SI_UNIT ( $, .STERADIAN. ) SOLID_ANGLE_UNIT ( ) );
#111 = CARTESIAN_POINT ( 'NONE',  ( 0.1428634049851590093, -0.03541519301050583685, 0.01000000000000000021 ) ) ;
#112 = CARTESIAN_POINT ( 'NONE',  ( -0.1510390340392313013, 0.004866819184616113722, 6.776263578034402713E-18 ) ) ;
#113 = VERTEX_POINT ( 'NONE', #329 ) ;
#114 = FACE_OUTER_BOUND ( 'NONE', #732, .T. ) ;
#115 = ORIENTED_EDGE ( 'NONE', *, *, #722, .F. ) ;
#116 = CARTESIAN_POINT ( 'NONE',  ( -0.2031485117912937011, 0.03922688591953379239, 0.0000000000000000000 ) ) ;
#117 = CARTESIAN_POINT ( 'NONE',  ( 0.07516357145249848160, 0.02981939700532518570, 0.01000000000000000021 ) ) ;
#118 = EDGE_LOOP ( 'NONE', ( #2304, #1393, #2621, #3990, #3131 ) ) ;
#119 = DIRECTION ( 'NONE',  ( -1.000000000000000000, 0.0000000000000000000, 0.0000000000000000000 ) ) ;
#120 = DIRECTION ( 'NONE',  ( -0.0000000000000000000, 0.0000000000000000000, -1.000000000000000000 ) ) ;
#121 = UNCERTAINTY_MEASURE_WITH_UNIT (LENGTH_MEASURE( 1.000000000000000082E-05 ), #2594, 'distance_accuracy_value', 'NONE');
#122 = DIRECTION ( 'NONE',  ( 0.0000000000000000000, 1.000000000000000000, 0.0000000000000000000 ) ) ;
#123 = EDGE_LOOP ( 'NONE', ( #3664, #3037, #2130, #760 ) ) ;
#124 = SURFACE_SIDE_STYLE ('',( #3077 ) ) ;
#125 = CARTESIAN_POINT ( 'NONE',  ( -0.09965661183469302908, -0.04635617222898784362, -0.0000000000000000000 ) ) ;
#126 = UNCERTAINTY_MEASURE_WITH_UNIT (LENGTH_MEASURE( 1.000000000000000082E-05 ), #209, 'distance_accuracy_value', 'NONE');
#127 = CARTESIAN_POINT ( 'NONE',  ( 0.06586640629180066930, 0.05127834001496729688, 0.0000000000000000000 ) ) ;
#128 = CARTESIAN_POINT ( 'NONE',  ( 0.07340725373889690764, -0.02609168236214229331, 0.01000000000000000021 ) ) ;
#129 = EDGE_CURVE ( 'NONE', #4131, #3444, #964, .T. ) ;
#130 =( NAMED_UNIT ( * ) PLANE_ANGLE_UNIT ( ) SI_UNIT ( $, .RADIAN. ) );
#131 = VECTOR ( 'NONE', #3827, 1000.000000000000000 ) ;
#132 = CARTESIAN_POINT ( 'NONE',  ( 0.04240538939032054144, 0.04380555326742550243, 0.01000000000000000021 ) ) ;
#133 = MECHANICAL_DESIGN_GEOMETRIC_PRESENTATION_REPRESENTATION (  '', ( #3738 ), #1738 ) ;
#134 = CARTESIAN_POINT ( 'NONE',  ( -0.1294672607727765379, 0.03060620389375357658, 0.0000000000000000000 ) ) ;
#135 = VECTOR ( 'NONE', #3883, 1000.000000000000000 ) ;
#136 = DIRECTION ( 'NONE',  ( -1.426581805901979389E-16, 1.000000000000000000, -0.0000000000000000000 ) ) ;
#137 = COLOUR_RGB ( '',1.000000000000000000, 1.000000000000000000, 1.000000000000000000 ) ;
#138 = VECTOR ( 'NONE', #119, 1000.000000000000000 ) ;
#139 = STYLED_ITEM ( 'NONE', ( #3308 ), #976 ) ;
#140 = VERTEX_POINT ( 'NONE', #2264 ) ;
#141 = FILL_AREA_STYLE ('',( #3008 ) ) ;
#142 = CARTESIAN_POINT ( 'NONE',  ( 0.04449492981909479450, 0.04383714561278712063, 0.01000000000000000021 ) ) ;
#143 = VECTOR ( 'NONE', #222, 1000.000000000000000 ) ;
#144 = STYLED_ITEM ( 'NONE', ( #2921 ), #1252 ) ;
#145 = CARTESIAN_POINT ( 'NONE',  ( 0.08255910921551781745, -0.005943251278568271838, 0.0000000000000000000 ) ) ;
#146 = FILL_AREA_STYLE_COLOUR ( '', #3280 ) ;
#147 = DIRECTION ( 'NONE',  ( -1.000000000000000000, 0.0000000000000000000, 0.0000000000000000000 ) ) ;
#148 = COLOUR_RGB ( '',1.000000000000000000, 1.000000000000000000, 1.000000000000000000 ) ;
#149 = STYLED_ITEM ( 'NONE', ( #3697 ), #3220 ) ;
#150 = COLOUR_RGB ( '',1.000000000000000000, 1.000000000000000000, 1.000000000000000000 ) ;
#151 = VECTOR ( 'NONE', #2160, 1000.000000000000000 ) ;
#152 = CARTESIAN_POINT ( 'NONE',  ( -0.1272367335651519715, -0.02494298356134686673, 0.01000000000000000021 ) ) ;
#153 = VECTOR ( 'NONE', #3842, 1000.000000000000000 ) ;
#154 = CARTESIAN_POINT ( 'NONE',  ( -0.1182159295952848327, -0.03136463140144475636, 0.01000000000000000021 ) ) ;
#155 = EDGE_LOOP ( 'NONE', ( #3137, #3237, #1700, #3341, #1849 ) ) ;
#156 = EDGE_CURVE ( 'NONE', #1146, #113, #1607, .T. ) ;
#157 = CARTESIAN_POINT ( 'NONE',  ( -0.04616098525874346575, -0.001268851547091204681, 0.0000000000000000000 ) ) ;
#158 = CARTESIAN_POINT ( 'NONE',  ( 0.04956240305150612369, 0.04376682873123656503, 0.0000000000000000000 ) ) ;
#159 = CARTESIAN_POINT ( 'NONE',  ( -0.1282513201281783866, 0.04622067416180800081, 1.016439536705160407E-17 ) ) ;
#160 = EDGE_CURVE ( 'NONE', #35, #2603, #2886, .T. ) ;
#161 = CARTESIAN_POINT ( 'NONE',  ( 0.02307003674558474188, -0.04172580090432441435, -0.0000000000000000000 ) ) ;
#162 = CARTESIAN_POINT ( 'NONE',  ( -0.1029168840883455116, 0.04254711389446896863, 0.0000000000000000000 ) ) ;
#163 = CARTESIAN_POINT ( 'NONE',  ( 0.1428634049851590093, 0.05360919723339661186, 0.0000000000000000000 ) ) ;
#164 = VERTEX_POINT ( 'NONE', #2583 ) ;
#165 = FILL_AREA_STYLE ('',( #186 ) ) ;
#166 = CARTESIAN_POINT ( 'NONE',  ( 0.04177303464634844060, -0.04724616930582498098, 0.01000000000000000021 ) ) ;
#167 = FILL_AREA_STYLE ('',( #1759 ) ) ;
#168 = DIRECTION ( 'NONE',  ( 0.0000000000000000000, -1.000000000000000000, 0.0000000000000000000 ) ) ;
#169 = VERTEX_POINT ( 'NONE', #981 ) ;
#170 = UNCERTAINTY_MEASURE_WITH_UNIT (LENGTH_MEASURE( 1.000000000000000082E-05 ), #3870, 'distance_accuracy_value', 'NONE');
#171 =( NAMED_UNIT ( * ) SI_UNIT ( $, .STERADIAN. ) SOLID_ANGLE_UNIT ( ) );
#172 = CARTESIAN_POINT ( 'NONE',  ( -0.1068915531199123164, -0.03481450240657115586, 0.01000000000000000021 ) ) ;
#173 = SURFACE_SIDE_STYLE ('',( #2405 ) ) ;
#174 =( NAMED_UNIT ( * ) PLANE_ANGLE_UNIT ( ) SI_UNIT ( $, .RADIAN. ) );
#175 = B_SPLINE_CURVE_WITH_KNOTS ( 'NONE', 3,
 ( #1916, #3437, #2814, #568, #3758, #3456, #3135, #271, #1556, #1240, #2247, #1005, #2670, #3565, #2959, #2271, #49, #125, #2689 ),
 .UNSPECIFIED., .F., .F.,
 ( 4, 1, 1, 1, 1, 1, 1, 1, 1, 1, 1, 1, 1, 1, 1, 1, 4 ),
 ( 0.0000000000000000000, 0.06806869584499403159, 0.1334274328189550551, 0.1961460338131564562, 0.2570485924493126073, 0.3168826631591618592, 0.3761872086663213821, 0.4359603353635462253, 0.4965352368627260482, 0.5574653434807329555, 0.6176868634101468913, 0.6779436406969059359, 0.7388052848060400191, 0.8009493367665837527, 0.8648146674702262837, 0.9310247810786568268, 1.000000000000000000 ),
 .UNSPECIFIED. ) ;
#176 = CARTESIAN_POINT ( 'NONE',  ( 0.0000000000000000000, 0.0000000000000000000, 0.01000000000000000021 ) ) ;
#177 = CARTESIAN_POINT ( 'NONE',  ( -0.1510390340392313013, 0.004866819184616113722, 1.016439536705160407E-17 ) ) ;
#178 = ADVANCED_FACE ( 'NONE', ( #2245 ), #2982, .T. ) ;
#179 = B_SPLINE_SURFACE_WITH_KNOTS ( 'NONE', 3, 1, ( 
 ( #1402, #1796 ),
 ( #207, #3304 ),
 ( #2329, #2057 ),
 ( #438, #1472 ),
 ( #842, #3620 ),
 ( #1758, #2088 ),
 ( #1713, #3039 ),
 ( #166, #3365 ),
 ( #2991, #1452 ),
 ( #3968, #1148 ),
 ( #502, #2730 ) ),
 .UNSPECIFIED., .F., .F., .F.,
 ( 4, 1, 1, 1, 1, 1, 1, 1, 4 ),
 ( 2, 2 ),
 ( 0.0000000000000000000, 0.1124483899088010164, 0.2265276752126777204, 0.3444019493260284670, 0.4658649724874589504, 0.5916594493521171172, 0.7221684870248873400, 0.8586063875549265756, 1.000000000000000000 ),
 ( 0.0000000000000000000, 1.000000000000000000 ),
 .UNSPECIFIED. ) ;
#180 = ORIENTED_EDGE ( 'NONE', *, *, #414, .F. ) ;
#181 = SURFACE_STYLE_FILL_AREA ( #2118 ) ;
#182 = CARTESIAN_POINT ( 'NONE',  ( -0.2339658633075239746, -0.04639080276660340063, 0.0000000000000000000 ) ) ;
#183 = CARTESIAN_POINT ( 'NONE',  ( 0.002619502546134599465, 0.05360919723339661186, 0.01000000000000000021 ) ) ;
#184 = PRESENTATION_STYLE_ASSIGNMENT (( #3428 ) ) ;
#185 = ORIENTED_EDGE ( 'NONE', *, *, #2291, .F. ) ;
#186 = FILL_AREA_STYLE_COLOUR ( '', #3621 ) ;
#187 = SURFACE_STYLE_USAGE ( .BOTH. , #124 ) ;
#188 = VERTEX_POINT ( 'NONE', #2303 ) ;
#189 = CARTESIAN_POINT ( 'NONE',  ( -0.09774254013679223307, -0.04639080276660340063, 0.01000000000000000021 ) ) ;
#190 = ORIENTED_EDGE ( 'NONE', *, *, #1447, .T. ) ;
#191 = VERTEX_POINT ( 'NONE', #2974 ) ;
#192 =( LENGTH_UNIT ( ) NAMED_UNIT ( * ) SI_UNIT ( .MILLI., .METRE. ) );
#193 = CARTESIAN_POINT ( 'NONE',  ( -0.09871433891728005616, 0.04263358747729904807, 0.01000000000000000021 ) ) ;
#194 = CARTESIAN_POINT ( 'NONE',  ( 0.1562780391315004846, 0.05360919723339661186, 0.0000000000000000000 ) ) ;
#195 = CARTESIAN_POINT ( 'NONE',  ( -0.1509210649203958921, 0.01022401926731307011, 1.016439536705160407E-17 ) ) ;
#196 = ORIENTED_EDGE ( 'NONE', *, *, #366, .T. ) ;
#197 = CARTESIAN_POINT ( 'NONE',  ( -0.01079513160020685418, 0.04263358747729904807, 0.0000000000000000000 ) ) ;
#198 = CARTESIAN_POINT ( 'NONE',  ( -0.1034080231823195084, -0.04628829943617245729, 0.01000000000000000021 ) ) ;
#199 = CARTESIAN_POINT ( 'NONE',  ( 0.04566447205832973449, 0.05482870942851855722, 0.01000000000000000021 ) ) ;
#200 = LINE ( 'NONE', #1791, #334 ) ;
#201 = STYLED_ITEM ( 'NONE', ( #445 ), #2146 ) ;
#202 = VERTEX_POINT ( 'NONE', #1692 ) ;
#203 = LINE ( 'NONE', #1506, #884 ) ;
#204 = VECTOR ( 'NONE', #2569, 1000.000000000000000 ) ;
#205 =( GEOMETRIC_REPRESENTATION_CONTEXT ( 3 ) GLOBAL_UNCERTAINTY_ASSIGNED_CONTEXT ( ( #797 ) ) GLOBAL_UNIT_ASSIGNED_CONTEXT ( ( #3659, #174, #1477 ) ) REPRESENTATION_CONTEXT ( 'NONE', 'WORKASPACE' ) );
#206 = CARTESIAN_POINT ( 'NONE',  ( -0.1362017047316013418, 0.01743717069867245506, 0.01000000000000000021 ) ) ;
#207 = CARTESIAN_POINT ( 'NONE',  ( 0.02307003674558474188, -0.04172580090432441435, 0.01000000000000000021 ) ) ;
#208 = VERTEX_POINT ( 'NONE', #3937 ) ;
#209 =( LENGTH_UNIT ( ) NAMED_UNIT ( * ) SI_UNIT ( .MILLI., .METRE. ) );
#210 = VERTEX_POINT ( 'NONE', #1084 ) ;
#211 = VECTOR ( 'NONE', #3808, 1000.000000000000000 ) ;
#212 =( GEOMETRIC_REPRESENTATION_CONTEXT ( 3 ) GLOBAL_UNCERTAINTY_ASSIGNED_CONTEXT ( ( #3921 ) ) GLOBAL_UNIT_ASSIGNED_CONTEXT ( ( #2693, #3972, #4051 ) ) REPRESENTATION_CONTEXT ( 'NONE', 'WORKASPACE' ) );
#213 = B_SPLINE_SURFACE_WITH_KNOTS ( 'NONE', 3, 1, ( 
 ( #3550, #1302 ),
 ( #2241, #1645 ),
 ( #3537, #1944 ),
 ( #2554, #3254 ),
 ( #380, #2267 ),
 ( #1938, #3194 ),
 ( #2288, #3238 ),
 ( #2649, #1594 ),
 ( #1278, #63 ),
 ( #48, #729 ),
 ( #713, #3276 ),
 ( #3897, #3217 ),
 ( #335, #1669 ),
 ( #2563, #695 ),
 ( #3562, #2888 ),
 ( #3816, #1999 ),
 ( #3585, #1611 ),
 ( #1650, #1958 ),
 ( #1913, #2928 ) ),
 .UNSPECIFIED., .F., .F., .F.,
 ( 4, 1, 1, 1, 1, 1, 1, 1, 1, 1, 1, 1, 1, 1, 1, 1, 4 ),
 ( 2, 2 ),
 ( 0.0000000000000000000, 0.07377411937406359865, 0.1440791147260413463, 0.2113485183089115205, 0.2760768857398838150, 0.3385209158196766377, 0.3998851166931335910, 0.4602540674652130792, 0.5205889643912479103, 0.5802076845630441682, 0.6386329085525457305, 0.6963645494905238431, 0.7540017746600127246, 0.8128056813744979348, 0.8727544255255603733, 0.9351819969782670938, 1.000000000000000000 ),
 ( 0.0000000000000000000, 1.000000000000000000 ),
 .UNSPECIFIED. ) ;
#214 =( LENGTH_UNIT ( ) NAMED_UNIT ( * ) SI_UNIT ( .MILLI., .METRE. ) );
#215 =( NAMED_UNIT ( * ) SI_UNIT ( $, .STERADIAN. ) SOLID_ANGLE_UNIT ( ) );
#216 =( GEOMETRIC_REPRESENTATION_CONTEXT ( 3 ) GLOBAL_UNCERTAINTY_ASSIGNED_CONTEXT ( ( #3125 ) ) GLOBAL_UNIT_ASSIGNED_CONTEXT ( ( #577, #836, #1539 ) ) REPRESENTATION_CONTEXT ( 'NONE', 'WORKASPACE' ) );
#217 = MECHANICAL_DESIGN_GEOMETRIC_PRESENTATION_REPRESENTATION (  '', ( #3215 ), #2492 ) ;
#218 = DIRECTION ( 'NONE',  ( -0.0000000000000000000, -0.0000000000000000000, -1.000000000000000000 ) ) ;
#219 = ORIENTED_EDGE ( 'NONE', *, *, #3378, .F. ) ;
#220 = ADVANCED_BREP_SHAPE_REPRESENTATION ( 'WLCSP-4_L0.8-W0.8-R2-C2-P0.40-BL-1', ( #1342, #803 ), #1197 ) ;
#221 = COLOUR_RGB ( '',0.2980392156862745057, 0.2980392156862745057, 0.2980392156862745057 ) ;
#222 = DIRECTION ( 'NONE',  ( 1.000000000000000000, 0.0000000000000000000, 0.0000000000000000000 ) ) ;
#223 = CARTESIAN_POINT ( 'NONE',  ( -0.2041726276732337142, 0.03480086360553691360, 0.01000000000000000021 ) ) ;
#224 = CARTESIAN_POINT ( 'NONE',  ( 0.09342529352428016742, -0.01834989231986951241, 0.0000000000000000000 ) ) ;
#225 = FACE_BOUND ( 'NONE', #1245, .T. ) ;
#226 = ADVANCED_FACE ( 'NONE', ( #3637 ), #1571, .T. ) ;
#227 = LINE ( 'NONE', #2110, #608 ) ;
#228 = DIRECTION ( 'NONE',  ( -1.000000000000000000, 0.0000000000000000000, 0.0000000000000000000 ) ) ;
#229 = CARTESIAN_POINT ( 'NONE',  ( 0.002619502546134599465, 0.05360919723339661186, 0.0000000000000000000 ) ) ;
#230 = EDGE_CURVE ( 'NONE', #851, #712, #771, .T. ) ;
#231 = CARTESIAN_POINT ( 'NONE',  ( -0.2000000000000000111, 0.2000000000000000111, -0.03999999999999998002 ) ) ;
#232 = FILL_AREA_STYLE ('',( #3722 ) ) ;
#233 = FACE_OUTER_BOUND ( 'NONE', #1216, .T. ) ;
#234 = CARTESIAN_POINT ( 'NONE',  ( 0.08682212848430601038, -0.03061155703309025033, 0.01000000000000000021 ) ) ;
#235 = ORIENTED_EDGE ( 'NONE', *, *, #484, .F. ) ;
#236 = SURFACE_STYLE_FILL_AREA ( #1191 ) ;
#237 = ORIENTED_EDGE ( 'NONE', *, *, #39, .T. ) ;
#238 = PRESENTATION_STYLE_ASSIGNMENT (( #3421 ) ) ;
#239 = CARTESIAN_POINT ( 'NONE',  ( -0.05103903403923126803, -0.03541519301050583685, 0.01000000000000000021 ) ) ;
#240 = UNCERTAINTY_MEASURE_WITH_UNIT (LENGTH_MEASURE( 1.000000000000000082E-05 ), #2049, 'distance_accuracy_value', 'NONE');
#241 = LINE ( 'NONE', #2535, #1624 ) ;
#242 = EDGE_LOOP ( 'NONE', ( #2713, #524, #1529, #4106, #3430, #693, #2979, #2219, #3168, #2363, #1333, #1497 ) ) ;
#243 = SURFACE_STYLE_USAGE ( .BOTH. , #3781 ) ;
#244 =( LENGTH_UNIT ( ) NAMED_UNIT ( * ) SI_UNIT ( .MILLI., .METRE. ) );
#245 = VERTEX_POINT ( 'NONE', #327 ) ;
#246 = SURFACE_STYLE_FILL_AREA ( #3159 ) ;
#247 = ORIENTED_EDGE ( 'NONE', *, *, #1855, .F. ) ;
#248 = FILL_AREA_STYLE_COLOUR ( '', #1218 ) ;
#249 =( NAMED_UNIT ( * ) SI_UNIT ( $, .STERADIAN. ) SOLID_ANGLE_UNIT ( ) );
#250 = ORIENTED_EDGE ( 'NONE', *, *, #4034, .T. ) ;
#251 = EDGE_CURVE ( 'NONE', #549, #1505, #3778, .T. ) ;
#252 = DIRECTION ( 'NONE',  ( 1.000000000000000000, 0.0000000000000000000, 0.0000000000000000000 ) ) ;
#253 = CARTESIAN_POINT ( 'NONE',  ( -0.1509210649203958921, 0.01022401926731307011, 0.01000000000000000021 ) ) ;
#254 = CARTESIAN_POINT ( 'NONE',  ( -0.1147034908971353018, -0.03286919347235725541, 0.0000000000000000000 ) ) ;
#255 = CARTESIAN_POINT ( 'NONE',  ( 0.09342529352428016742, -0.01834989231986951241, 0.01000000000000000021 ) ) ;
#256 = EDGE_LOOP ( 'NONE', ( #595, #180, #3471, #2357 ) ) ;
#257 = CARTESIAN_POINT ( 'NONE',  ( -0.07055122916118249099, -0.04639080276660340063, 0.01000000000000000021 ) ) ;
#258 = ADVANCED_FACE ( 'NONE', ( #1602 ), #1587, .T. ) ;
#259 = CARTESIAN_POINT ( 'NONE',  ( -0.1474194581017022054, -0.01608046198117697029, 0.01000000000000000021 ) ) ;
#260 = SURFACE_STYLE_USAGE ( .BOTH. , #895 ) ;
#261 = VECTOR ( 'NONE', #102, 1000.000000000000000 ) ;
#262 = CARTESIAN_POINT ( 'NONE',  ( 0.1428634049851590093, 0.05360919723339661186, 0.0000000000000000000 ) ) ;
#263 = CARTESIAN_POINT ( 'NONE',  ( 0.2000000000000000111, 0.3024695076595959597, -3.388131789017201356E-18 ) ) ;
#264 = SURFACE_STYLE_FILL_AREA ( #3109 ) ;
#265 = CARTESIAN_POINT ( 'NONE',  ( 0.04690507897648806684, 0.04382396606382324422, 0.01000000000000000021 ) ) ;
#266 = VERTEX_POINT ( 'NONE', #580 ) ;
#267 = SURFACE_SIDE_STYLE ('',( #2227 ) ) ;
#268 = CARTESIAN_POINT ( 'NONE',  ( 0.02782875764994997489, -0.03306629379744156771, 6.776263578034402713E-18 ) ) ;
#269 = MECHANICAL_DESIGN_GEOMETRIC_PRESENTATION_REPRESENTATION (  '', ( #2201 ), #1138 ) ;
#270 = VECTOR ( 'NONE', #3064, 999.9999999999998863 ) ;
#271 = CARTESIAN_POINT ( 'NONE',  ( -0.1427175435243114854, -0.02486068721845144033, 0.0000000000000000000 ) ) ;
#272 = VERTEX_POINT ( 'NONE', #313 ) ;
#273 = VECTOR ( 'NONE', #1354, 1000.000000000000000 ) ;
#274 =( NAMED_UNIT ( * ) PLANE_ANGLE_UNIT ( ) SI_UNIT ( $, .RADIAN. ) );
#275 = VECTOR ( 'NONE', #2027, 1000.000000000000000 ) ;
#276 = B_SPLINE_CURVE_WITH_KNOTS ( 'NONE', 3,
 ( #390, #1398, #1081, #3635, #769, #2031, #449, #3002, #134, #1420, #2946, #1102, #3234, #2924, #1466, #3033, #162, #2743, #1194 ),
 .UNSPECIFIED., .F., .F.,
 ( 4, 1, 1, 1, 1, 1, 1, 1, 1, 1, 1, 1, 1, 1, 1, 1, 4 ),
 ( 0.0000000000000000000, 0.07430379644281594198, 0.1443936103644179736, 0.2104994961032796985, 0.2735426065034679555, 0.3338247445790732404, 0.3925296724085029498, 0.4500874545995855458, 0.5078206115557879485, 0.5654649127768468508, 0.6231487223336199532, 0.6812971927909358127, 0.7409134981565812517, 0.8018557521958583623, 0.8652412377209435235, 0.9309416570467442531, 1.000000000000000000 ),
 .UNSPECIFIED. ) ;
#277 = FILL_AREA_STYLE_COLOUR ( '', #3336 ) ;
#278 = VECTOR ( 'NONE', #3089, 1000.000000000000000 ) ;
#279 = CARTESIAN_POINT ( 'NONE',  ( -0.09816174745386538336, -0.03541519301050583685, 0.0000000000000000000 ) ) ;
#280 = CARTESIAN_POINT ( 'NONE',  ( 0.05138284772567499464, -0.04757159925324023347, 0.01000000000000000021 ) ) ;
#281 = CARTESIAN_POINT ( 'NONE',  ( 0.08942953651661190995, -0.02680088855133423709, 0.01000000000000000021 ) ) ;
#282 =( LENGTH_UNIT ( ) NAMED_UNIT ( * ) SI_UNIT ( .MILLI., .METRE. ) );
#283 = CARTESIAN_POINT ( 'NONE',  ( 0.04450178599594761808, 0.05482037498495771766, 0.01000000000000000021 ) ) ;
#284 = MECHANICAL_DESIGN_GEOMETRIC_PRESENTATION_REPRESENTATION (  '', ( #1023 ), #3810 ) ;
#285 = COLOUR_RGB ( '',1.000000000000000000, 1.000000000000000000, 1.000000000000000000 ) ;
#286 = VECTOR ( 'NONE', #3401, 1000.000000000000000 ) ;
#287 = LINE ( 'NONE', #517, #143 ) ;
#288 = CARTESIAN_POINT ( 'NONE',  ( -0.1583561072099629874, -0.04639080276660340063, 0.01000000000000000021 ) ) ;
#289 = MECHANICAL_DESIGN_GEOMETRIC_PRESENTATION_REPRESENTATION (  '', ( #1742 ), #3680 ) ;
#290 = COLOUR_RGB ( '',1.000000000000000000, 1.000000000000000000, 1.000000000000000000 ) ;
#291 = ADVANCED_FACE ( 'NONE', ( #2859 ), #4125, .F. ) ;
#292 =( GEOMETRIC_REPRESENTATION_CONTEXT ( 3 ) GLOBAL_UNCERTAINTY_ASSIGNED_CONTEXT ( ( #4015 ) ) GLOBAL_UNIT_ASSIGNED_CONTEXT ( ( #3320, #1060, #756 ) ) REPRESENTATION_CONTEXT ( 'NONE', 'WORKASPACE' ) );
#293 = PRESENTATION_STYLE_ASSIGNMENT (( #599 ) ) ;
#294 = ORIENTED_EDGE ( 'NONE', *, *, #530, .F. ) ;
#295 = CARTESIAN_POINT ( 'NONE',  ( -0.2193507718441093379, -0.007366412522700959038, 0.0000000000000000000 ) ) ;
#296 = LINE ( 'NONE', #3554, #1813 ) ;
#297 = ORIENTED_EDGE ( 'NONE', *, *, #3174, .F. ) ;
#298 = FACE_OUTER_BOUND ( 'NONE', #2653, .T. ) ;
#299 = CARTESIAN_POINT ( 'NONE',  ( 0.04421011849380823699, -0.03658759109176192709, 6.776263578034402713E-18 ) ) ;
#300 = SPHERICAL_SURFACE ( 'NONE', #3955, 0.1100000000000000006 ) ;
#301 = ORIENTED_EDGE ( 'NONE', *, *, #1120, .F. ) ;
#302 = CARTESIAN_POINT ( 'NONE',  ( -0.1358291879214572617, 0.04063926727633200564, 0.01000000000000000021 ) ) ;
#303 = CARTESIAN_POINT ( 'NONE',  ( -0.2193507718441093379, -0.007366412522700959038, 0.01000000000000000021 ) ) ;
#304 = ORIENTED_EDGE ( 'NONE', *, *, #2891, .T. ) ;
#305 = CARTESIAN_POINT ( 'NONE',  ( -0.2035144901860324040, 0.03728352072161266600, 0.01000000000000000021 ) ) ;
#306 = CARTESIAN_POINT ( 'NONE',  ( -0.04860000964898735648, 0.05360919723339661186, 0.01000000000000000021 ) ) ;
#307 = CARTESIAN_POINT ( 'NONE',  ( 0.09482015686616414307, -0.01371618076062098950, 6.776263578034402713E-18 ) ) ;
#308 = ORIENTED_EDGE ( 'NONE', *, *, #2774, .T. ) ;
#309 = CARTESIAN_POINT ( 'NONE',  ( 0.08384329332081087716, -0.03413456773919804760, 0.01000000000000000021 ) ) ;
#310 =( NAMED_UNIT ( * ) SI_UNIT ( $, .STERADIAN. ) SOLID_ANGLE_UNIT ( ) );
#311 = DIRECTION ( 'NONE',  ( 0.0000000000000000000, -1.000000000000000000, 0.0000000000000000000 ) ) ;
#312 = EDGE_CURVE ( 'NONE', #3396, #1294, #3906, .T. ) ;
#313 = CARTESIAN_POINT ( 'NONE',  ( -0.3105977249740730084, -0.2449821083917770315, 0.4000000000000000222 ) ) ;
#314 =( LENGTH_UNIT ( ) NAMED_UNIT ( * ) SI_UNIT ( .MILLI., .METRE. ) );
#315 = PRESENTATION_STYLE_ASSIGNMENT (( #1338 ) ) ;
#316 = LINE ( 'NONE', #3495, #3815 ) ;
#317 =( LENGTH_UNIT ( ) NAMED_UNIT ( * ) SI_UNIT ( .MILLI., .METRE. ) );
#318 = ORIENTED_EDGE ( 'NONE', *, *, #2617, .T. ) ;
#319 = CARTESIAN_POINT ( 'NONE',  ( -0.04860000964898735648, 0.05360919723339661186, 0.01000000000000000021 ) ) ;
#320 =( LENGTH_UNIT ( ) NAMED_UNIT ( * ) SI_UNIT ( .MILLI., .METRE. ) );
#321 = ORIENTED_EDGE ( 'NONE', *, *, #2294, .F. ) ;
#322 = CARTESIAN_POINT ( 'NONE',  ( 0.04964694157052485651, -0.04761031496172535293, 0.01000000000000000021 ) ) ;
#323 = FILL_AREA_STYLE ('',( #50 ) ) ;
#324 = CARTESIAN_POINT ( 'NONE',  ( -0.09966850433102268647, -0.03538262211882691605, -0.0000000000000000000 ) ) ;
#325 = ORIENTED_EDGE ( 'NONE', *, *, #864, .F. ) ;
#326 = CARTESIAN_POINT ( 'NONE',  ( 0.08171027222496268783, 0.01563811251928537080, 0.01000000000000000021 ) ) ;
#327 = CARTESIAN_POINT ( 'NONE',  ( -0.3799999999999998934, -0.3800000000000000044, 0.0000000000000000000 ) ) ;
#328 = DIRECTION ( 'NONE',  ( -0.0000000000000000000, -0.0000000000000000000, -1.000000000000000000 ) ) ;
#329 = CARTESIAN_POINT ( 'NONE',  ( -0.2027539730636215010, 0.04141407528217708883, 0.0000000000000000000 ) ) ;
#330 = VERTEX_POINT ( 'NONE', #3049 ) ;
#331 = ORIENTED_EDGE ( 'NONE', *, *, #2040, .F. ) ;
#332 = SURFACE_SIDE_STYLE ('',( #3192 ) ) ;
#333 = ADVANCED_FACE ( 'NONE', ( #233 ), #3975, .T. ) ;
#334 = VECTOR ( 'NONE', #1482, 1000.000000000000000 ) ;
#335 = CARTESIAN_POINT ( 'NONE',  ( 0.06520657509573546395, -0.03255082628848646187, 0.01000000000000000021 ) ) ;
#336 = CARTESIAN_POINT ( 'NONE',  ( 0.09647838922500857894, 0.003668315417547041331, 1.016439536705160407E-17 ) ) ;
#337 = MECHANICAL_DESIGN_GEOMETRIC_PRESENTATION_REPRESENTATION (  '', ( #3930 ), #3205 ) ;
#338 = CARTESIAN_POINT ( 'NONE',  ( 0.1428634049851590093, -0.03541519301050583685, 0.01000000000000000021 ) ) ;
#339 = EDGE_LOOP ( 'NONE', ( #876, #115, #2231, #1753 ) ) ;
#340 = EDGE_CURVE ( 'NONE', #706, #1800, #3793, .T. ) ;
#341 = DIRECTION ( 'NONE',  ( -0.0000000000000000000, -0.0000000000000000000, -1.000000000000000000 ) ) ;
#342 = COLOUR_RGB ( '',1.000000000000000000, 1.000000000000000000, 1.000000000000000000 ) ;
#343 = UNCERTAINTY_MEASURE_WITH_UNIT (LENGTH_MEASURE( 1.000000000000000082E-05 ), #1643, 'distance_accuracy_value', 'NONE');
#344 =( NAMED_UNIT ( * ) PLANE_ANGLE_UNIT ( ) SI_UNIT ( $, .RADIAN. ) );
#345 = CARTESIAN_POINT ( 'NONE',  ( -0.1509986473189667833, 0.002978060733981157358, 6.776263578034402713E-18 ) ) ;
#346 = ORIENTED_EDGE ( 'NONE', *, *, #1716, .T. ) ;
#347 = ORIENTED_EDGE ( 'NONE', *, *, #2592, .T. ) ;
#348 = CARTESIAN_POINT ( 'NONE',  ( 0.02292771001915120885, 0.05118841375745957628, 6.776263578034402713E-18 ) ) ;
#349 = STYLED_ITEM ( 'NONE', ( #1275 ), #103 ) ;
#350 = VECTOR ( 'NONE', #1115, 1000.000000000000000 ) ;
#351 =( NAMED_UNIT ( * ) PLANE_ANGLE_UNIT ( ) SI_UNIT ( $, .RADIAN. ) );
#352 = COLOUR_RGB ( '',1.000000000000000000, 1.000000000000000000, 1.000000000000000000 ) ;
#353 = FILL_AREA_STYLE_COLOUR ( '', #148 ) ;
#354 = PRESENTATION_STYLE_ASSIGNMENT (( #1951 ) ) ;
#355 = CARTESIAN_POINT ( 'NONE',  ( 0.07000226482495361391, 0.03533481110839042927, 0.01000000000000000021 ) ) ;
#356 = VECTOR ( 'NONE', #3752, 1000.000000000000000 ) ;
#357 = CARTESIAN_POINT ( 'NONE',  ( 0.0000000000000000000, 0.0000000000000000000, 0.0000000000000000000 ) ) ;
#358 = FACE_OUTER_BOUND ( 'NONE', #474, .T. ) ;
#359 = COLOUR_RGB ( '',1.000000000000000000, 1.000000000000000000, 1.000000000000000000 ) ;
#360 = PRESENTATION_LAYER_ASSIGNMENT (  '', '', ( #2495 ) ) ;
#361 = COLOUR_RGB ( '',0.2980392156862745057, 0.2980392156862745057, 0.2980392156862745057 ) ;
#362 = FILL_AREA_STYLE ('',( #3212 ) ) ;
#363 = ORIENTED_EDGE ( 'NONE', *, *, #1341, .F. ) ;
#364 = AXIS2_PLACEMENT_3D ( 'NONE', #1723, #1381, #412 ) ;
#365 = FACE_OUTER_BOUND ( 'NONE', #3866, .T. ) ;
#366 = EDGE_CURVE ( 'NONE', #3519, #3995, #2435, .T. ) ;
#367 = CARTESIAN_POINT ( 'NONE',  ( 0.2000000000000000666, -0.2000000000000000111, -0.03999999999999998002 ) ) ;
#368 = APPLICATION_PROTOCOL_DEFINITION ( 'draft international standard', 'automotive_design', 1998, #1526 ) ;
#369 = DIRECTION ( 'NONE',  ( -0.0000000000000000000, 0.0000000000000000000, -1.000000000000000000 ) ) ;
#370 = ORIENTED_EDGE ( 'NONE', *, *, #3857, .F. ) ;
#371 = CARTESIAN_POINT ( 'NONE',  ( -0.1361815217804166478, 0.04043590847352969420, 0.0000000000000000000 ) ) ;
#372 = FILL_AREA_STYLE_COLOUR ( '', #2620 ) ;
#373 = CARTESIAN_POINT ( 'NONE',  ( -0.1375228310023751122, 5.385852527689950330E-05, 0.0000000000000000000 ) ) ;
#374 = ORIENTED_EDGE ( 'NONE', *, *, #1412, .T. ) ;
#375 = LINE ( 'NONE', #3245, #1144 ) ;
#376 = SURFACE_STYLE_USAGE ( .BOTH. , #77 ) ;
#377 = CARTESIAN_POINT ( 'NONE',  ( -0.1108360555818056065, 0.04136992682299811541, 0.01000000000000000021 ) ) ;
#378 = FILL_AREA_STYLE_COLOUR ( '', #3745 ) ;
#379 = VERTEX_POINT ( 'NONE', #4056 ) ;
#380 = CARTESIAN_POINT ( 'NONE',  ( 0.08180398479119063704, -0.009883923463035286516, 0.01000000000000000021 ) ) ;
#381 = VERTEX_POINT ( 'NONE', #2158 ) ;
#382 = LINE ( 'NONE', #3917, #135 ) ;
#383 = SHAPE_DEFINITION_REPRESENTATION ( #2448, #220 ) ;
#384 = CARTESIAN_POINT ( 'NONE',  ( -0.09871433891728005616, 0.04263358747729904807, 0.01000000000000000021 ) ) ;
#385 = FILL_AREA_STYLE ('',( #2042 ) ) ;
#386 = FACE_OUTER_BOUND ( 'NONE', #2532, .T. ) ;
#387 = CARTESIAN_POINT ( 'NONE',  ( -0.1396713493362630176, 0.03700209302474542078, 0.01000000000000000021 ) ) ;
#388 = EDGE_CURVE ( 'NONE', #2887, #907, #972, .T. ) ;
#389 = CARTESIAN_POINT ( 'NONE',  ( -0.09871433891728005616, 0.04263358747729904807, 0.01000000000000000021 ) ) ;
#390 = CARTESIAN_POINT ( 'NONE',  ( -0.1376243998928897705, 0.004580996013884406151, 0.0000000000000000000 ) ) ;
#391 = SURFACE_SIDE_STYLE ('',( #2225 ) ) ;
#392 = ORIENTED_EDGE ( 'NONE', *, *, #3633, .F. ) ;
#393 = CARTESIAN_POINT ( 'NONE',  ( 0.04747058975530112079, 0.05478668692717323513, 0.01000000000000000021 ) ) ;
#394 = FILL_AREA_STYLE_COLOUR ( '', #285 ) ;
#395 = SURFACE_STYLE_FILL_AREA ( #423 ) ;
#396 = CARTESIAN_POINT ( 'NONE',  ( -0.1141249650091372969, -0.04452895972972692462, 6.776263578034402713E-18 ) ) ;
#397 = SURFACE_SIDE_STYLE ('',( #455 ) ) ;
#398 = SURFACE_SIDE_STYLE ('',( #1009 ) ) ;
#399 = CIRCLE ( 'NONE', #3331, 0.1024695076595959903 ) ;
#400 = SURFACE_SIDE_STYLE ('',( #1736 ) ) ;
#401 = DIRECTION ( 'NONE',  ( -0.0000000000000000000, -0.0000000000000000000, -1.000000000000000000 ) ) ;
#402 = VERTEX_POINT ( 'NONE', #573 ) ;
#403 = PLANE ( 'NONE',  #1874 ) ;
#404 = AXIS2_PLACEMENT_3D ( 'NONE', #239, #2415, #1165 ) ;
#405 = LINE ( 'NONE', #801, #3556 ) ;
#406 = STYLED_ITEM ( 'NONE', ( #967 ), #2828 ) ;
#407 = EDGE_CURVE ( 'NONE', #2566, #379, #3916, .T. ) ;
#408 = VECTOR ( 'NONE', #779, 1000.000000000000000 ) ;
#409 = COLOUR_RGB ( '',1.000000000000000000, 1.000000000000000000, 1.000000000000000000 ) ;
#410 = COLOUR_RGB ( '',0.2980392156862745057, 0.2980392156862745057, 0.2980392156862745057 ) ;
#411 =( NAMED_UNIT ( * ) PLANE_ANGLE_UNIT ( ) SI_UNIT ( $, .RADIAN. ) );
#412 = DIRECTION ( 'NONE',  ( 0.0000000000000000000, -0.0000000000000000000, -1.000000000000000000 ) ) ;
#413 = CARTESIAN_POINT ( 'NONE',  ( -0.01079513160020685418, -0.03541519301050583685, 0.0000000000000000000 ) ) ;
#414 = EDGE_CURVE ( 'NONE', #3983, #3822, #990, .T. ) ;
#415 =( NAMED_UNIT ( * ) PLANE_ANGLE_UNIT ( ) SI_UNIT ( $, .RADIAN. ) );
#416 = MECHANICAL_DESIGN_GEOMETRIC_PRESENTATION_REPRESENTATION (  '', ( #750 ), #216 ) ;
#417 = VERTEX_POINT ( 'NONE', #1638 ) ;
#418 = DIRECTION ( 'NONE',  ( -0.9406672605435402179, 0.3393303772748785252, 0.0000000000000000000 ) ) ;
#419 =( NAMED_UNIT ( * ) PLANE_ANGLE_UNIT ( ) SI_UNIT ( $, .RADIAN. ) );
#420 = CARTESIAN_POINT ( 'NONE',  ( 0.06586640629180066930, 0.05127834001496729688, 0.01000000000000000021 ) ) ;
#421 = PRESENTATION_LAYER_ASSIGNMENT (  '', '', ( #2420 ) ) ;
#422 = CARTESIAN_POINT ( 'NONE',  ( -0.2041726276732337142, 0.03480086360553691360, 0.01000000000000000021 ) ) ;
#423 = FILL_AREA_STYLE ('',( #2019 ) ) ;
#424 = SURFACE_STYLE_USAGE ( .BOTH. , #3281 ) ;
#425 = PRESENTATION_LAYER_ASSIGNMENT (  '', '', ( #2637 ) ) ;
#426 = UNCERTAINTY_MEASURE_WITH_UNIT (LENGTH_MEASURE( 1.000000000000000082E-05 ), #1670, 'distance_accuracy_value', 'NONE');
#427 = CARTESIAN_POINT ( 'NONE',  ( -0.1396814884803984358, -0.02882333972821782969, 6.776263578034402713E-18 ) ) ;
#428 = CARTESIAN_POINT ( 'NONE',  ( -0.1068915531199123164, -0.03481450240657115586, 0.01000000000000000021 ) ) ;
#429 = CARTESIAN_POINT ( 'NONE',  ( 0.08310730742418338812, 0.002542124062664896482, 6.776263578034402713E-18 ) ) ;
#430 = CARTESIAN_POINT ( 'NONE',  ( -0.09877150355142640115, 0.05360919723339661186, 1.016439536705160407E-17 ) ) ;
#431 = LINE ( 'NONE', #2678, #2482 ) ;
#432 = EDGE_CURVE ( 'NONE', #1976, #3756, #1983, .T. ) ;
#433 = CARTESIAN_POINT ( 'NONE',  ( 0.02496032410282865779, -0.04276916256385409482, 0.0000000000000000000 ) ) ;
#434 = SURFACE_STYLE_FILL_AREA ( #3699 ) ;
#435 = CARTESIAN_POINT ( 'NONE',  ( -0.2020931492169551202, 0.03935679030473801521, 0.01000000000000000021 ) ) ;
#436 = ORIENTED_EDGE ( 'NONE', *, *, #2065, .F. ) ;
#437 = CARTESIAN_POINT ( 'NONE',  ( 0.02213169766808581462, 0.05086529479437221918, 0.0000000000000000000 ) ) ;
#438 = CARTESIAN_POINT ( 'NONE',  ( 0.02798329055128825557, -0.04405657157507332500, 0.01000000000000000021 ) ) ;
#439 = DIRECTION ( 'NONE',  ( -1.000000000000000000, -0.0000000000000000000, -0.0000000000000000000 ) ) ;
#440 = CARTESIAN_POINT ( 'NONE',  ( -0.05103903403923126803, -0.04639080276660340063, 0.01000000000000000021 ) ) ;
#441 = ADVANCED_FACE ( 'NONE', ( #2338 ), #2410, .T. ) ;
#442 = CARTESIAN_POINT ( 'NONE',  ( -0.1272367335651519715, -0.02494298356134686673, 0.01000000000000000021 ) ) ;
#443 = ORIENTED_EDGE ( 'NONE', *, *, #3675, .T. ) ;
#444 = CARTESIAN_POINT ( 'NONE',  ( 0.09649068672134446245, -8.938226311821327185E-05, 0.01000000000000000021 ) ) ;
#445 = PRESENTATION_STYLE_ASSIGNMENT (( #3310 ) ) ;
#446 = CARTESIAN_POINT ( 'NONE',  ( 0.08307952543917070110, 0.001080003493087772388, 0.01000000000000000021 ) ) ;
#447 = CARTESIAN_POINT ( 'NONE',  ( 0.03930694928353757611, 0.04348148990851979923, 6.776263578034402713E-18 ) ) ;
#448 = CARTESIAN_POINT ( 'NONE',  ( -0.04616098525874346575, 0.009706758209006360189, 0.0000000000000000000 ) ) ;
#449 = CARTESIAN_POINT ( 'NONE',  ( -0.1335135706282128409, 0.02461247937432703078, 0.0000000000000000000 ) ) ;
#450 =( NAMED_UNIT ( * ) SI_UNIT ( $, .STERADIAN. ) SOLID_ANGLE_UNIT ( ) );
#451 =( NAMED_UNIT ( * ) SI_UNIT ( $, .STERADIAN. ) SOLID_ANGLE_UNIT ( ) );
#452 = CARTESIAN_POINT ( 'NONE',  ( 0.02982977541933595766, 0.05332675506731385240, 0.0000000000000000000 ) ) ;
#453 = CARTESIAN_POINT ( 'NONE',  ( 0.06520657509573546395, -0.03255082628848646187, 0.0000000000000000000 ) ) ;
#454 = SURFACE_STYLE_FILL_AREA ( #2443 ) ;
#455 = SURFACE_STYLE_FILL_AREA ( #3567 ) ;
#456 = UNCERTAINTY_MEASURE_WITH_UNIT (LENGTH_MEASURE( 1.000000000000000082E-05 ), #3804, 'distance_accuracy_value', 'NONE');
#457 = DIRECTION ( 'NONE',  ( -0.0000000000000000000, -0.0000000000000000000, -1.000000000000000000 ) ) ;
#458 = EDGE_CURVE ( 'NONE', #752, #565, #431, .T. ) ;
#459 = CARTESIAN_POINT ( 'NONE',  ( 0.04566447205832973449, 0.05482870942851855722, 0.0000000000000000000 ) ) ;
#460 = CARTESIAN_POINT ( 'NONE',  ( 0.08255910921551781745, -0.005943251278568271838, 0.01000000000000000021 ) ) ;
#461 = SURFACE_STYLE_USAGE ( .BOTH. , #3026 ) ;
#462 = COLOUR_RGB ( '',1.000000000000000000, 1.000000000000000000, 1.000000000000000000 ) ;
#463 = PRESENTATION_LAYER_ASSIGNMENT (  '', '', ( #1478 ) ) ;
#464 = CARTESIAN_POINT ( 'NONE',  ( 0.02756847977950942566, 0.04027839829473653377, 6.776263578034402713E-18 ) ) ;
#465 = B_SPLINE_CURVE_WITH_KNOTS ( 'NONE', 3,
 ( #2070, #2297, #158, #98, #2387, #1113, #1377, #3592, #1097, #2046, #3350, #2318, #1040, #3311, #2660, #3607, #3327, #3905, #1740 ),
 .UNSPECIFIED., .F., .F.,
 ( 4, 1, 1, 1, 1, 1, 1, 1, 1, 1, 1, 1, 1, 1, 1, 1, 4 ),
 ( 0.0000000000000000000, 0.06460397028839230671, 0.1267024139629473467, 0.1867568140356183348, 0.2455056873654374860, 0.3036520244499754662, 0.3615030739706254770, 0.4202402229284675772, 0.4800333407766962934, 0.5406781347755160727, 0.6011918063807818458, 0.6623335024774423818, 0.7247395102972318259, 0.7894677361728866805, 0.8565048600438308624, 0.9263120958391902748, 1.000000000000000000 ),
 .UNSPECIFIED. ) ;
#466 = CARTESIAN_POINT ( 'NONE',  ( 0.04964694157052485651, -0.04761031496172535293, 0.01000000000000000021 ) ) ;
#467 = CARTESIAN_POINT ( 'NONE',  ( 0.09301298715216063662, 0.02330613522558296763, 0.01000000000000000021 ) ) ;
#468 = VECTOR ( 'NONE', #3012, 1000.000000000000000 ) ;
#469 = FILL_AREA_STYLE_COLOUR ( '', #3147 ) ;
#470 = AXIS2_PLACEMENT_3D ( 'NONE', #104, #4006, #1450 ) ;
#471 = ORIENTED_EDGE ( 'NONE', *, *, #1767, .F. ) ;
#472 = CARTESIAN_POINT ( 'NONE',  ( -0.1510390340392313013, 0.004866819184616113722, 0.01000000000000000021 ) ) ;
#473 = MECHANICAL_DESIGN_GEOMETRIC_PRESENTATION_REPRESENTATION (  '', ( #4075 ), #3682 ) ;
#474 = EDGE_LOOP ( 'NONE', ( #2316, #945, #807, #3288 ) ) ;
#475 =( NAMED_UNIT ( * ) SI_UNIT ( $, .STERADIAN. ) SOLID_ANGLE_UNIT ( ) );
#476 = SURFACE_SIDE_STYLE ('',( #3597 ) ) ;
#477 = CARTESIAN_POINT ( 'NONE',  ( 0.03930694928353757611, 0.04348148990851979923, 0.01000000000000000021 ) ) ;
#478 = VECTOR ( 'NONE', #218, 1000.000000000000000 ) ;
#479 = AXIS2_PLACEMENT_3D ( 'NONE', #1075, #1664, #1927 ) ;
#480 = DIRECTION ( 'NONE',  ( 1.000000000000000000, 0.0000000000000000000, 0.0000000000000000000 ) ) ;
#481 = DIRECTION ( 'NONE',  ( 0.0000000000000000000, -0.0000000000000000000, -1.000000000000000000 ) ) ;
#482 = VERTEX_POINT ( 'NONE', #3417 ) ;
#483 = AXIS2_PLACEMENT_3D ( 'NONE', #1626, #2237, #2907 ) ;
#484 = EDGE_CURVE ( 'NONE', #3589, #3040, #2389, .T. ) ;
#485 =( GEOMETRIC_REPRESENTATION_CONTEXT ( 3 ) GLOBAL_UNCERTAINTY_ASSIGNED_CONTEXT ( ( #2094 ) ) GLOBAL_UNIT_ASSIGNED_CONTEXT ( ( #2066, #3472, #3112 ) ) REPRESENTATION_CONTEXT ( 'NONE', 'WORKASPACE' ) );
#486 = COLOUR_RGB ( '',1.000000000000000000, 1.000000000000000000, 1.000000000000000000 ) ;
#487 = CARTESIAN_POINT ( 'NONE',  ( -0.1006086899580613397, 0.05356824803813837327, -0.0000000000000000000 ) ) ;
#488 = MECHANICAL_DESIGN_GEOMETRIC_PRESENTATION_REPRESENTATION (  '', ( #3096 ), #2153 ) ;
#489 = MECHANICAL_DESIGN_GEOMETRIC_PRESENTATION_REPRESENTATION (  '', ( #2155 ), #2282 ) ;
#490 =( NAMED_UNIT ( * ) SI_UNIT ( $, .STERADIAN. ) SOLID_ANGLE_UNIT ( ) );
#491 = SURFACE_STYLE_FILL_AREA ( #232 ) ;
#492 = VERTEX_POINT ( 'NONE', #833 ) ;
#493 = DIRECTION ( 'NONE',  ( -1.000000000000000000, -0.0000000000000000000, -0.0000000000000000000 ) ) ;
#494 = CARTESIAN_POINT ( 'NONE',  ( -0.04860000964898735648, 0.04263358747729904807, 0.0000000000000000000 ) ) ;
#495 = CARTESIAN_POINT ( 'NONE',  ( 0.09460395558609137334, 0.01832304595763858610, 0.01000000000000000021 ) ) ;
#496 = UNCERTAINTY_MEASURE_WITH_UNIT (LENGTH_MEASURE( 1.000000000000000082E-05 ), #2688, 'distance_accuracy_value', 'NONE');
#497 = SURFACE_STYLE_USAGE ( .BOTH. , #1446 ) ;
#498 = SURFACE_STYLE_USAGE ( .BOTH. , #2787 ) ;
#499 = CARTESIAN_POINT ( 'NONE',  ( 0.02478773661812945853, 0.03899401935212686715, 0.0000000000000000000 ) ) ;
#500 = DIRECTION ( 'NONE',  ( 0.0000000000000000000, -1.000000000000000000, 0.0000000000000000000 ) ) ;
#501 = CARTESIAN_POINT ( 'NONE',  ( 0.03572726750147726255, 0.05431169318009455849, 0.0000000000000000000 ) ) ;
#502 = CARTESIAN_POINT ( 'NONE',  ( 0.04964694157052485651, -0.04761031496172535293, 0.01000000000000000021 ) ) ;
#503 = VERTEX_POINT ( 'NONE', #3352 ) ;
#504 = CARTESIAN_POINT ( 'NONE',  ( 0.08180398479119063704, -0.009883923463035286516, 0.0000000000000000000 ) ) ;
#505 = DIRECTION ( 'NONE',  ( 1.000000000000000000, 0.0000000000000000000, 0.0000000000000000000 ) ) ;
#506 = CARTESIAN_POINT ( 'NONE',  ( -0.1375228310023751122, 5.385852527689950330E-05, 0.01000000000000000021 ) ) ;
#507 = EDGE_LOOP ( 'NONE', ( #34, #2680, #374, #86, #3727, #824, #1879, #2801, #318, #3795 ) ) ;
#508 = UNCERTAINTY_MEASURE_WITH_UNIT (LENGTH_MEASURE( 1.000000000000000082E-05 ), #2963, 'distance_accuracy_value', 'NONE');
#509 = CARTESIAN_POINT ( 'NONE',  ( -0.1350973445782757965, -0.01223599767005093854, 0.01000000000000000021 ) ) ;
#510 = ORIENTED_EDGE ( 'NONE', *, *, #3118, .F. ) ;
#511 = CARTESIAN_POINT ( 'NONE',  ( -0.1583561072099629874, -0.04639080276660340063, 0.0000000000000000000 ) ) ;
#512 =( NAMED_UNIT ( * ) PLANE_ANGLE_UNIT ( ) SI_UNIT ( $, .RADIAN. ) );
#513 = PRESENTATION_STYLE_ASSIGNMENT (( #4055 ) ) ;
#514 = EDGE_CURVE ( 'NONE', #1231, #191, #2478, .T. ) ;
#515 = CARTESIAN_POINT ( 'NONE',  ( 0.04555014279003703065, 0.04385309967242099344, 0.01000000000000000021 ) ) ;
#516 = ORIENTED_EDGE ( 'NONE', *, *, #3610, .T. ) ;
#517 = CARTESIAN_POINT ( 'NONE',  ( -0.2238477230636215232, -0.01834202227879852196, 0.01000000000000000021 ) ) ;
#518 =( LENGTH_UNIT ( ) NAMED_UNIT ( * ) SI_UNIT ( .MILLI., .METRE. ) );
#519 = DIRECTION ( 'NONE',  ( 1.000000000000000000, 0.0000000000000000000, 0.0000000000000000000 ) ) ;
#520 = EDGE_CURVE ( 'NONE', #3021, #706, #2025, .T. ) ;
#521 = CARTESIAN_POINT ( 'NONE',  ( 0.04449492981909479450, 0.04383714561278712063, -0.0000000000000000000 ) ) ;
#522 = PLANE ( 'NONE',  #757 ) ;
#523 = CARTESIAN_POINT ( 'NONE',  ( -0.1375228310023751122, 5.385852527689950330E-05, 6.776263578034402713E-18 ) ) ;
#524 = ORIENTED_EDGE ( 'NONE', *, *, #1891, .F. ) ;
#525 = CARTESIAN_POINT ( 'NONE',  ( 0.08558489653148670939, 0.03651396395207889833, 0.0000000000000000000 ) ) ;
#526 = CARTESIAN_POINT ( 'NONE',  ( -0.1396713493362630176, 0.03700209302474542078, 0.01000000000000000021 ) ) ;
#527 =( NAMED_UNIT ( * ) PLANE_ANGLE_UNIT ( ) SI_UNIT ( $, .RADIAN. ) );
#528 = CARTESIAN_POINT ( 'NONE',  ( -0.1509194817592630078, -0.0007242606951999043790, 0.01000000000000000021 ) ) ;
#529 = CARTESIAN_POINT ( 'NONE',  ( 0.05101374096779068973, 0.05470424928933645403, 0.01000000000000000021 ) ) ;
#530 = EDGE_CURVE ( 'NONE', #1985, #245, #375, .T. ) ;
#531 = PRESENTATION_STYLE_ASSIGNMENT (( #3399 ) ) ;
#532 = STYLED_ITEM ( 'NONE', ( #1491 ), #2178 ) ;
#533 = CARTESIAN_POINT ( 'NONE',  ( 0.02301973623086169679, 0.03796667794717865918, -0.0000000000000000000 ) ) ;
#534 = CARTESIAN_POINT ( 'NONE',  ( 0.08942953651661190995, -0.02680088855133423709, 0.0000000000000000000 ) ) ;
#535 = AXIS2_PLACEMENT_3D ( 'NONE', #3742, #888, #2818 ) ;
#536 = VECTOR ( 'NONE', #2545, 1000.000000000000000 ) ;
#537 = ORIENTED_EDGE ( 'NONE', *, *, #3830, .T. ) ;
#538 = PRESENTATION_LAYER_ASSIGNMENT (  '', '', ( #2623 ) ) ;
#539 = CARTESIAN_POINT ( 'NONE',  ( -0.1350208236642203297, 0.02116704537957028037, 6.776263578034402713E-18 ) ) ;
#540 = FILL_AREA_STYLE ('',( #899 ) ) ;
#541 = ADVANCED_FACE ( 'NONE', ( #114 ), #403, .T. ) ;
#542 = SURFACE_STYLE_USAGE ( .BOTH. , #2864 ) ;
#543 = ORIENTED_EDGE ( 'NONE', *, *, #3535, .F. ) ;
#544 = PRESENTATION_LAYER_ASSIGNMENT (  '', '', ( #4075 ) ) ;
#545 = DIRECTION ( 'NONE',  ( 0.0000000000000000000, -1.000000000000000000, 0.0000000000000000000 ) ) ;
#546 = STYLED_ITEM ( 'NONE', ( #2348 ), #738 ) ;
#547 =( GEOMETRIC_REPRESENTATION_CONTEXT ( 3 ) GLOBAL_UNCERTAINTY_ASSIGNED_CONTEXT ( ( #1790 ) ) GLOBAL_UNIT_ASSIGNED_CONTEXT ( ( #3494, #1894, #2556 ) ) REPRESENTATION_CONTEXT ( 'NONE', 'WORKASPACE' ) );
#548 = VECTOR ( 'NONE', #1440, 1000.000000000000114 ) ;
#549 = VERTEX_POINT ( 'NONE', #2793 ) ;
#550 = VECTOR ( 'NONE', #3449, 1000.000000000000000 ) ;
#551 = STYLED_ITEM ( 'NONE', ( #3423 ), #226 ) ;
#552 = VECTOR ( 'NONE', #1547, 1000.000000000000000 ) ;
#553 = CARTESIAN_POINT ( 'NONE',  ( -0.1006086899580613397, 0.05356824803813837327, 0.01000000000000000021 ) ) ;
#554 =( LENGTH_UNIT ( ) NAMED_UNIT ( * ) SI_UNIT ( .MILLI., .METRE. ) );
#555 = VERTEX_POINT ( 'NONE', #319 ) ;
#556 = COLOUR_RGB ( '',0.6666666666666666297, 0.6980392156862744724, 0.7686274509803920907 ) ;
#557 = DIRECTION ( 'NONE',  ( 0.9417224702971433992, 0.3363908276654491436, -0.0000000000000000000 ) ) ;
#558 = CARTESIAN_POINT ( 'NONE',  ( 0.04555014279003703065, 0.04385309967242099344, 0.0000000000000000000 ) ) ;
#559 =( NAMED_UNIT ( * ) SI_UNIT ( $, .STERADIAN. ) SOLID_ANGLE_UNIT ( ) );
#560 = EDGE_LOOP ( 'NONE', ( #3720, #1028, #3387 ) ) ;
#561 = CARTESIAN_POINT ( 'NONE',  ( 0.09649068672134446245, -8.938226311821327185E-05, -0.0000000000000000000 ) ) ;
#562 = CARTESIAN_POINT ( 'NONE',  ( -0.1375279246563516355, 0.009090372398371852208, 6.776263578034402713E-18 ) ) ;
#563 = CARTESIAN_POINT ( 'NONE',  ( -0.09816174745386538336, -0.03541519301050583685, 0.01000000000000000021 ) ) ;
#564 = FILL_AREA_STYLE ('',( #2188 ) ) ;
#565 = VERTEX_POINT ( 'NONE', #1186 ) ;
#566 = CARTESIAN_POINT ( 'NONE',  ( 0.02489730180446151145, -0.03178998495878348346, 0.0000000000000000000 ) ) ;
#567 = DIRECTION ( 'NONE',  ( -0.3635424856527063042, -0.9315776194850602376, 0.0000000000000000000 ) ) ;
#568 = CARTESIAN_POINT ( 'NONE',  ( -0.1501959038960603565, -0.006127480203072728157, 0.0000000000000000000 ) ) ;
#569 = CARTESIAN_POINT ( 'NONE',  ( -0.1244998940798854314, -0.02741048963255838730, 6.776263578034402713E-18 ) ) ;
#570 = EDGE_CURVE ( 'NONE', #913, #1666, #2467, .T. ) ;
#571 = PRESENTATION_STYLE_ASSIGNMENT (( #3374 ) ) ;
#572 = CARTESIAN_POINT ( 'NONE',  ( -0.1490416887350867470, 0.02027949517072067873, 0.01000000000000000021 ) ) ;
#573 = CARTESIAN_POINT ( 'NONE',  ( -0.09871433891728005616, 0.04263358747729904807, 0.01000000000000000021 ) ) ;
#574 = CARTESIAN_POINT ( 'NONE',  ( 0.09163539137431921111, -0.02271441478859993410, 0.01000000000000000021 ) ) ;
#575 = SURFACE_SIDE_STYLE ('',( #2846 ) ) ;
#576 = ORIENTED_EDGE ( 'NONE', *, *, #2195, .F. ) ;
#577 =( LENGTH_UNIT ( ) NAMED_UNIT ( * ) SI_UNIT ( .MILLI., .METRE. ) );
#578 = FACE_OUTER_BOUND ( 'NONE', #677, .T. ) ;
#579 = UNCERTAINTY_MEASURE_WITH_UNIT (LENGTH_MEASURE( 1.000000000000000082E-05 ), #2454, 'distance_accuracy_value', 'NONE');
#580 = CARTESIAN_POINT ( 'NONE',  ( -0.09871433891728005616, 0.04263358747729904807, 0.0000000000000000000 ) ) ;
#581 = CARTESIAN_POINT ( 'NONE',  ( -0.2027539730636215010, 0.04141407528217708883, 0.01000000000000000021 ) ) ;
#582 = ORIENTED_EDGE ( 'NONE', *, *, #3750, .F. ) ;
#583 = CARTESIAN_POINT ( 'NONE',  ( -0.1294672607727765379, 0.03060620389375357658, 6.776263578034402713E-18 ) ) ;
#584 = CARTESIAN_POINT ( 'NONE',  ( -0.2486000096489873745, -0.04639080276660340063, 0.01000000000000000021 ) ) ;
#585 = ORIENTED_EDGE ( 'NONE', *, *, #1030, .F. ) ;
#586 = B_SPLINE_CURVE_WITH_KNOTS ( 'NONE', 3,
 ( #1890, #2280, #1662, #428, #3019, #2023, #154, #3924, #2715, #442, #1111, #1761, #879, #3678, #3434, #3369, #506, #4032, #2749 ),
 .UNSPECIFIED., .F., .F.,
 ( 4, 1, 1, 1, 1, 1, 1, 1, 1, 1, 1, 1, 1, 1, 1, 1, 4 ),
 ( 0.0000000000000000000, 0.07082657255516341954, 0.1381690332798000131, 0.2024753315338422566, 0.2639737544135198899, 0.3233803205980371187, 0.3817976227131854583, 0.4393900745193890511, 0.4969027245459974873, 0.5546621696093702036, 0.6127418784921975226, 0.6715388363911724001, 0.7316557220901981351, 0.7942978116139531863, 0.8594822049793585661, 0.9276813254527899177, 1.000000000000000000 ),
 .UNSPECIFIED. ) ;
#587 = CARTESIAN_POINT ( 'NONE',  ( 0.03085947294839677321, -0.03418369990817878706, 0.0000000000000000000 ) ) ;
#588 = VERTEX_POINT ( 'NONE', #4095 ) ;
#589 = EDGE_CURVE ( 'NONE', #330, #3673, #2523, .T. ) ;
#590 = PLANE ( 'NONE',  #2140 ) ;
#591 = SURFACE_STYLE_USAGE ( .BOTH. , #33 ) ;
#592 = EDGE_LOOP ( 'NONE', ( #816, #3283, #835, #250 ) ) ;
#593 =( LENGTH_UNIT ( ) NAMED_UNIT ( * ) SI_UNIT ( .MILLI., .METRE. ) );
#594 = EDGE_CURVE ( 'NONE', #3107, #3983, #1211, .T. ) ;
#595 = ORIENTED_EDGE ( 'NONE', *, *, #2742, .F. ) ;
#596 = CARTESIAN_POINT ( 'NONE',  ( 0.07301946380634888323, -0.04241416441996293668, 0.01000000000000000021 ) ) ;
#597 = ORIENTED_EDGE ( 'NONE', *, *, #2317, .F. ) ;
#598 = CARTESIAN_POINT ( 'NONE',  ( -0.1282038847387280134, -0.03860273309587789609, 0.01000000000000000021 ) ) ;
#599 = SURFACE_STYLE_USAGE ( .BOTH. , #2186 ) ;
#600 = FACE_OUTER_BOUND ( 'NONE', #4080, .T. ) ;
#601 = ORIENTED_EDGE ( 'NONE', *, *, #3981, .F. ) ;
#602 = CARTESIAN_POINT ( 'NONE',  ( -0.1211468040007877001, 0.03732041482769384716, 6.776263578034402713E-18 ) ) ;
#603 = LINE ( 'NONE', #2128, #552 ) ;
#604 = FACE_BOUND ( 'NONE', #2411, .T. ) ;
#605 = DIRECTION ( 'NONE',  ( 1.000000000000000000, 0.0000000000000000000, 0.0000000000000000000 ) ) ;
#606 = FILL_AREA_STYLE_COLOUR ( '', #3867 ) ;
#607 = CARTESIAN_POINT ( 'NONE',  ( 0.04421011849380823699, -0.03658759109176192709, 0.01000000000000000021 ) ) ;
#608 = VECTOR ( 'NONE', #3757, 1000.000000000000000 ) ;
#609 = SURFACE_SIDE_STYLE ('',( #1633 ) ) ;
#610 =( GEOMETRIC_REPRESENTATION_CONTEXT ( 3 ) GLOBAL_UNCERTAINTY_ASSIGNED_CONTEXT ( ( #748 ) ) GLOBAL_UNIT_ASSIGNED_CONTEXT ( ( #1047, #2953, #2305 ) ) REPRESENTATION_CONTEXT ( 'NONE', 'WORKASPACE' ) );
#611 = VECTOR ( 'NONE', #699, 1000.000000000000000 ) ;
#612 = ORIENTED_EDGE ( 'NONE', *, *, #3963, .T. ) ;
#613 =( LENGTH_UNIT ( ) NAMED_UNIT ( * ) SI_UNIT ( .MILLI., .METRE. ) );
#614 =( GEOMETRIC_REPRESENTATION_CONTEXT ( 3 ) GLOBAL_UNCERTAINTY_ASSIGNED_CONTEXT ( ( #3885 ) ) GLOBAL_UNIT_ASSIGNED_CONTEXT ( ( #850, #1499, #3482 ) ) REPRESENTATION_CONTEXT ( 'NONE', 'WORKASPACE' ) );
#615 =( GEOMETRIC_REPRESENTATION_CONTEXT ( 3 ) GLOBAL_UNCERTAINTY_ASSIGNED_CONTEXT ( ( #2373 ) ) GLOBAL_UNIT_ASSIGNED_CONTEXT ( ( #3765, #3719, #4049 ) ) REPRESENTATION_CONTEXT ( 'NONE', 'WORKASPACE' ) );
#616 = EDGE_CURVE ( 'NONE', #1532, #2172, #2541, .T. ) ;
#617 = VECTOR ( 'NONE', #5, 1000.000000000000000 ) ;
#618 = DIRECTION ( 'NONE',  ( 1.000000000000000000, 0.0000000000000000000, 0.0000000000000000000 ) ) ;
#619 = VERTEX_POINT ( 'NONE', #3133 ) ;
#620 =( NAMED_UNIT ( * ) PLANE_ANGLE_UNIT ( ) SI_UNIT ( $, .RADIAN. ) );
#621 =( NAMED_UNIT ( * ) SI_UNIT ( $, .STERADIAN. ) SOLID_ANGLE_UNIT ( ) );
#622 = COLOUR_RGB ( '',1.000000000000000000, 1.000000000000000000, 1.000000000000000000 ) ;
#623 = DIRECTION ( 'NONE',  ( 1.000000000000000000, 0.0000000000000000000, 0.0000000000000000000 ) ) ;
#624 = VECTOR ( 'NONE', #937, 1000.000000000000000 ) ;
#625 = LINE ( 'NONE', #1972, #1749 ) ;
#626 = CARTESIAN_POINT ( 'NONE',  ( 0.02213169766808581462, -0.04120787593733511028, 0.0000000000000000000 ) ) ;
#627 = PRESENTATION_STYLE_ASSIGNMENT (( #689 ) ) ;
#628 = SURFACE_STYLE_FILL_AREA ( #3767 ) ;
#629 = DIRECTION ( 'NONE',  ( 1.000000000000000000, 0.0000000000000000000, 0.0000000000000000000 ) ) ;
#630 = SURFACE_SIDE_STYLE ('',( #4111 ) ) ;
#631 = CARTESIAN_POINT ( 'NONE',  ( 0.08558489653148670939, 0.03651396395207889833, 1.016439536705160407E-17 ) ) ;
#632 = ORIENTED_EDGE ( 'NONE', *, *, #993, .T. ) ;
#633 = SURFACE_STYLE_USAGE ( .BOTH. , #2587 ) ;
#634 = CARTESIAN_POINT ( 'NONE',  ( -0.1510390340392313013, 0.004866819184616113722, 0.0000000000000000000 ) ) ;
#635 = ORIENTED_EDGE ( 'NONE', *, *, #3636, .F. ) ;
#636 = CARTESIAN_POINT ( 'NONE',  ( 0.09342529352428016742, -0.01834989231986951241, 0.01000000000000000021 ) ) ;
#637 = CARTESIAN_POINT ( 'NONE',  ( 0.07727585448604339102, 0.02662672593830074305, 6.776263578034402713E-18 ) ) ;
#638 = ADVANCED_FACE ( 'NONE', ( #1840 ), #3099, .T. ) ;
#639 =( NAMED_UNIT ( * ) SI_UNIT ( $, .STERADIAN. ) SOLID_ANGLE_UNIT ( ) );
#640 = CARTESIAN_POINT ( 'NONE',  ( -0.1108360555818056065, 0.04136992682299811541, 6.776263578034402713E-18 ) ) ;
#641 =( LENGTH_UNIT ( ) NAMED_UNIT ( * ) SI_UNIT ( .MILLI., .METRE. ) );
#642 = ADVANCED_FACE ( 'NONE', ( #2190, #3161, #298, #1579, #4112, #3499, #1899, #3176, #225, #604 ), #3705, .F. ) ;
#643 = FILL_AREA_STYLE ('',( #4132 ) ) ;
#644 = PLANE ( 'NONE',  #1676 ) ;
#645 = CARTESIAN_POINT ( 'NONE',  ( 0.07852774361016193194, 0.04370149720423473910, 1.016439536705160407E-17 ) ) ;
#646 = ORIENTED_EDGE ( 'NONE', *, *, #1710, .F. ) ;
#647 = PLANE ( 'NONE',  #2266 ) ;
#648 = DIRECTION ( 'NONE',  ( -0.0000000000000000000, 0.0000000000000000000, 1.000000000000000000 ) ) ;
#649 = LINE ( 'NONE', #303, #68 ) ;
#650 = CARTESIAN_POINT ( 'NONE',  ( -0.1453181674610445895, 0.02921973519814992717, 0.0000000000000000000 ) ) ;
#651 = PLANE ( 'NONE',  #3278 ) ;
#652 = ORIENTED_EDGE ( 'NONE', *, *, #4003, .F. ) ;
#653 = CARTESIAN_POINT ( 'NONE',  ( 0.1050585269363785157, -0.04639080276660340063, 0.01000000000000000021 ) ) ;
#654 = CARTESIAN_POINT ( 'NONE',  ( 0.06396601631937579024, 0.03955277707705615736, 0.01000000000000000021 ) ) ;
#655 = ADVANCED_FACE ( 'NONE', ( #843 ), #2170, .F. ) ;
#656 = SURFACE_SIDE_STYLE ('',( #3581 ) ) ;
#657 = DIRECTION ( 'NONE',  ( -0.0000000000000000000, 0.0000000000000000000, 1.000000000000000000 ) ) ;
#658 = SURFACE_STYLE_USAGE ( .BOTH. , #3175 ) ;
#659 = ORIENTED_EDGE ( 'NONE', *, *, #3187, .F. ) ;
#660 = AXIS2_PLACEMENT_3D ( 'NONE', #46, #1305, #3583 ) ;
#661 = ADVANCED_FACE ( 'NONE', ( #2393 ), #1400, .T. ) ;
#662 = SURFACE_STYLE_FILL_AREA ( #2624 ) ;
#663 = DIRECTION ( 'NONE',  ( 1.000000000000000000, -0.0000000000000000000, 0.0000000000000000000 ) ) ;
#664 = DIRECTION ( 'NONE',  ( 1.000000000000000000, 0.0000000000000000000, 0.0000000000000000000 ) ) ;
#665 = PLANE ( 'NONE',  #2068 ) ;
#666 = CARTESIAN_POINT ( 'NONE',  ( -0.2339658633075239746, -0.04639080276660340063, 0.0000000000000000000 ) ) ;
#667 =( GEOMETRIC_REPRESENTATION_CONTEXT ( 3 ) GLOBAL_UNCERTAINTY_ASSIGNED_CONTEXT ( ( #343 ) ) GLOBAL_UNIT_ASSIGNED_CONTEXT ( ( #1643, #1271, #3896 ) ) REPRESENTATION_CONTEXT ( 'NONE', 'WORKASPACE' ) );
#668 = FACE_OUTER_BOUND ( 'NONE', #2716, .T. ) ;
#669 = VECTOR ( 'NONE', #759, 1000.000000000000000 ) ;
#670 = UNCERTAINTY_MEASURE_WITH_UNIT (LENGTH_MEASURE( 1.000000000000000082E-05 ), #1286, 'distance_accuracy_value', 'NONE');
#671 =( NAMED_UNIT ( * ) SI_UNIT ( $, .STERADIAN. ) SOLID_ANGLE_UNIT ( ) );
#672 = AXIS2_PLACEMENT_3D ( 'NONE', #2519, #2496, #3755 ) ;
#673 = COLOUR_RGB ( '',1.000000000000000000, 1.000000000000000000, 1.000000000000000000 ) ;
#674 = ORIENTED_EDGE ( 'NONE', *, *, #2124, .F. ) ;
#675 = CARTESIAN_POINT ( 'NONE',  ( 0.09652194157052484957, 0.001722764306567337381, 0.01000000000000000021 ) ) ;
#676 = MECHANICAL_DESIGN_GEOMETRIC_PRESENTATION_REPRESENTATION (  '', ( #139 ), #212 ) ;
#677 = EDGE_LOOP ( 'NONE', ( #4008, #764, #3191, #1492 ) ) ;
#678 = CARTESIAN_POINT ( 'NONE',  ( 0.02292771001915120885, 0.05118841375745957628, 0.01000000000000000021 ) ) ;
#679 = AXIS2_PLACEMENT_3D ( 'NONE', #2837, #3783, #4094 ) ;
#680 = PRESENTATION_LAYER_ASSIGNMENT (  '', '', ( #2490 ) ) ;
#681 = MECHANICAL_DESIGN_GEOMETRIC_PRESENTATION_REPRESENTATION (  '', ( #144 ), #1685 ) ;
#682 = DIRECTION ( 'NONE',  ( -0.0000000000000000000, -0.0000000000000000000, -1.000000000000000000 ) ) ;
#683 = FILL_AREA_STYLE ('',( #744 ) ) ;
#684 = PRESENTATION_LAYER_ASSIGNMENT (  '', '', ( #2084 ) ) ;
#685 = AXIS2_PLACEMENT_3D ( 'NONE', #3480, #1048, #618 ) ;
#686 = CARTESIAN_POINT ( 'NONE',  ( 0.0000000000000000000, 0.0000000000000000000, 0.01000000000000000021 ) ) ;
#687 = MECHANICAL_DESIGN_GEOMETRIC_PRESENTATION_REPRESENTATION (  '', ( #2420 ), #3158 ) ;
#688 = CARTESIAN_POINT ( 'NONE',  ( -0.1144847428597413480, 0.04031567146634821436, 6.776263578034402713E-18 ) ) ;
#689 = SURFACE_STYLE_USAGE ( .BOTH. , #1574 ) ;
#690 = COLOUR_RGB ( '',1.000000000000000000, 1.000000000000000000, 1.000000000000000000 ) ;
#691 = VECTOR ( 'NONE', #3915, 1000.000000000000000 ) ;
#692 = PRESENTATION_LAYER_ASSIGNMENT (  '', '', ( #1088 ) ) ;
#693 = ORIENTED_EDGE ( 'NONE', *, *, #55, .F. ) ;
#694 = PRESENTATION_LAYER_ASSIGNMENT (  '', '', ( #2155 ) ) ;
#695 = CARTESIAN_POINT ( 'NONE',  ( 0.06209343302810366866, -0.03405441637662690729, 6.776263578034402713E-18 ) ) ;
#696 = CARTESIAN_POINT ( 'NONE',  ( 0.09460395558609137334, 0.01832304595763858610, 1.016439536705160407E-17 ) ) ;
#697 = CARTESIAN_POINT ( 'NONE',  ( -0.07055122916118249099, 0.05360919723339661186, 0.01000000000000000021 ) ) ;
#698 = ORIENTED_EDGE ( 'NONE', *, *, #1577, .T. ) ;
#699 = DIRECTION ( 'NONE',  ( -0.0000000000000000000, -0.0000000000000000000, -1.000000000000000000 ) ) ;
#700 = EDGE_CURVE ( 'NONE', #3995, #2727, #1143, .T. ) ;
#701 = LINE ( 'NONE', #1634, #3801 ) ;
#702 = PRESENTATION_STYLE_ASSIGNMENT (( #3568 ) ) ;
#703 = ORIENTED_EDGE ( 'NONE', *, *, #3830, .F. ) ;
#704 = ADVANCED_FACE ( 'NONE', ( #856 ), #3126, .T. ) ;
#705 = CARTESIAN_POINT ( 'NONE',  ( 0.002619502546134599465, -0.04639080276660340063, 0.0000000000000000000 ) ) ;
#706 = VERTEX_POINT ( 'NONE', #3852 ) ;
#707 = CARTESIAN_POINT ( 'NONE',  ( 0.06396601631937579024, 0.03955277707705615736, 0.01000000000000000021 ) ) ;
#708 = DIRECTION ( 'NONE',  ( 1.000000000000000000, 2.139872708852969330E-16, -0.0000000000000000000 ) ) ;
#709 = LINE ( 'NONE', #3001, #1296 ) ;
#710 =( NAMED_UNIT ( * ) SI_UNIT ( $, .STERADIAN. ) SOLID_ANGLE_UNIT ( ) );
#711 = CARTESIAN_POINT ( 'NONE',  ( 0.04659107634321748431, -0.03661885115088574227, 0.01000000000000000021 ) ) ;
#712 = VERTEX_POINT ( 'NONE', #994 ) ;
#713 = CARTESIAN_POINT ( 'NONE',  ( 0.07087419890346133289, -0.02856524757315710011, 0.01000000000000000021 ) ) ;
#714 = SURFACE_STYLE_USAGE ( .BOTH. , #3967 ) ;
#715 = CARTESIAN_POINT ( 'NONE',  ( -0.3799999999999998934, -0.3800000000000000044, 0.4000000000000000222 ) ) ;
#716 = EDGE_CURVE ( 'NONE', #1439, #2996, #3799, .T. ) ;
#717 = UNCERTAINTY_MEASURE_WITH_UNIT (LENGTH_MEASURE( 1.000000000000000082E-05 ), #2173, 'distance_accuracy_value', 'NONE');
#718 = CARTESIAN_POINT ( 'NONE',  ( -0.1350973445782757965, -0.01223599767005093854, 0.0000000000000000000 ) ) ;
#719 = DIRECTION ( 'NONE',  ( 0.0000000000000000000, 1.000000000000000000, 0.0000000000000000000 ) ) ;
#720 = ORIENTED_EDGE ( 'NONE', *, *, #3146, .F. ) ;
#721 = ORIENTED_EDGE ( 'NONE', *, *, #776, .F. ) ;
#722 = EDGE_CURVE ( 'NONE', #1658, #35, #2257, .T. ) ;
#723 = CARTESIAN_POINT ( 'NONE',  ( 0.07568874371863718031, -0.02333334643745322082, 0.01000000000000000021 ) ) ;
#724 = CARTESIAN_POINT ( 'NONE',  ( -0.1474141898901533687, 0.02488958141281917558, 0.01000000000000000021 ) ) ;
#725 = CARTESIAN_POINT ( 'NONE',  ( -0.1729902535514264150, -0.04639080276660340063, 0.01000000000000000021 ) ) ;
#726 = CARTESIAN_POINT ( 'NONE',  ( 0.04829974220716565236, -0.04759451458068605922, -0.0000000000000000000 ) ) ;
#727 =( NAMED_UNIT ( * ) PLANE_ANGLE_UNIT ( ) SI_UNIT ( $, .RADIAN. ) );
#728 = FILL_AREA_STYLE ('',( #3235 ) ) ;
#729 = CARTESIAN_POINT ( 'NONE',  ( 0.07340725373889690764, -0.02609168236214229331, 6.776263578034402713E-18 ) ) ;
#730 = B_SPLINE_CURVE_WITH_KNOTS ( 'NONE', 3,
 ( #2193, #3457, #3179, #3820, #3504, #3759, #2894, #1841, #3844, #1531, #322 ),
 .UNSPECIFIED., .F., .F.,
 ( 4, 1, 1, 1, 1, 1, 1, 1, 4 ),
 ( 0.0000000000000000000, 0.1124483899088010164, 0.2265276752126777204, 0.3444019493260284670, 0.4658649724874589504, 0.5916594493521171172, 0.7221684870248873400, 0.8586063875549265756, 1.000000000000000000 ),
 .UNSPECIFIED. ) ;
#731 = FILL_AREA_STYLE ('',( #2309 ) ) ;
#732 = EDGE_LOOP ( 'NONE', ( #2200, #2097, #1731, #4048 ) ) ;
#733 = AXIS2_PLACEMENT_3D ( 'NONE', #1844, #4023, #2780 ) ;
#734 = MECHANICAL_DESIGN_GEOMETRIC_PRESENTATION_REPRESENTATION (  '', ( #3926 ), #3929 ) ;
#735 = MECHANICAL_DESIGN_GEOMETRIC_PRESENTATION_REPRESENTATION (  '', ( #1478 ), #1998 ) ;
#736 = FACE_OUTER_BOUND ( 'NONE', #2226, .T. ) ;
#737 = CARTESIAN_POINT ( 'NONE',  ( -0.1396814884803984358, -0.02882333972821782969, 0.01000000000000000021 ) ) ;
#738 = ADVANCED_FACE ( 'NONE', ( #3185 ), #1711, .T. ) ;
#739 = STYLED_ITEM ( 'NONE', ( #1962 ), #220 ) ;
#740 = CARTESIAN_POINT ( 'NONE',  ( 0.08310730742418338812, 0.002542124062664896482, 0.01000000000000000021 ) ) ;
#741 =( GEOMETRIC_REPRESENTATION_CONTEXT ( 3 ) GLOBAL_UNCERTAINTY_ASSIGNED_CONTEXT ( ( #4045 ) ) GLOBAL_UNIT_ASSIGNED_CONTEXT ( ( #2710, #419, #475 ) ) REPRESENTATION_CONTEXT ( 'NONE', 'WORKASPACE' ) );
#742 = CARTESIAN_POINT ( 'NONE',  ( -0.09774254013679223307, -0.04639080276660340063, 6.776263578034402713E-18 ) ) ;
#743 = EDGE_CURVE ( 'NONE', #1411, #272, #3609, .T. ) ;
#744 = FILL_AREA_STYLE_COLOUR ( '', #2414 ) ;
#745 = AXIS2_PLACEMENT_3D ( 'NONE', #959, #2221, #4103 ) ;
#746 = VECTOR ( 'NONE', #2461, 1000.000000000000000 ) ;
#747 = CARTESIAN_POINT ( 'NONE',  ( -0.2013072863372604993, 0.03584291143667864277, 0.0000000000000000000 ) ) ;
#748 = UNCERTAINTY_MEASURE_WITH_UNIT (LENGTH_MEASURE( 1.000000000000000082E-05 ), #1047, 'distance_accuracy_value', 'NONE');
#749 = CARTESIAN_POINT ( 'NONE',  ( 0.1562780391315004846, -0.04639080276660340063, 0.0000000000000000000 ) ) ;
#750 = STYLED_ITEM ( 'NONE', ( #238 ), #3170 ) ;
#751 = PRESENTATION_LAYER_ASSIGNMENT (  '', '', ( #4079 ) ) ;
#752 = VERTEX_POINT ( 'NONE', #1136 ) ;
#753 = FILL_AREA_STYLE_COLOUR ( '', #3691 ) ;
#754 = VECTOR ( 'NONE', #3858, 1000.000000000000000 ) ;
#755 = LINE ( 'NONE', #3639, #1280 ) ;
#756 =( NAMED_UNIT ( * ) SI_UNIT ( $, .STERADIAN. ) SOLID_ANGLE_UNIT ( ) );
#757 = AXIS2_PLACEMENT_3D ( 'NONE', #1230, #1907, #3186 ) ;
#758 =( LENGTH_UNIT ( ) NAMED_UNIT ( * ) SI_UNIT ( .MILLI., .METRE. ) );
#759 = DIRECTION ( 'NONE',  ( 1.000000000000000000, 0.0000000000000000000, 0.0000000000000000000 ) ) ;
#760 = ORIENTED_EDGE ( 'NONE', *, *, #2677, .T. ) ;
#761 = MECHANICAL_DESIGN_GEOMETRIC_PRESENTATION_REPRESENTATION (  '', ( #29 ), #3227 ) ;
#762 = UNCERTAINTY_MEASURE_WITH_UNIT (LENGTH_MEASURE( 1.000000000000000082E-05 ), #518, 'distance_accuracy_value', 'NONE');
#763 = PRESENTATION_STYLE_ASSIGNMENT (( #1968 ) ) ;
#764 = ORIENTED_EDGE ( 'NONE', *, *, #2752, .F. ) ;
#765 = SURFACE_SIDE_STYLE ('',( #782 ) ) ;
#766 = CARTESIAN_POINT ( 'NONE',  ( -0.2095756194050849286, 0.05360919723339661186, 0.0000000000000000000 ) ) ;
#767 = CARTESIAN_POINT ( 'NONE',  ( 0.03930694928353757611, 0.04348148990851979923, 0.01000000000000000021 ) ) ;
#768 = FILL_AREA_STYLE_COLOUR ( '', #673 ) ;
#769 = CARTESIAN_POINT ( 'NONE',  ( -0.1362017047316013418, 0.01743717069867245506, 0.0000000000000000000 ) ) ;
#770 = ADVANCED_FACE ( 'NONE', ( #4040 ), #1176, .T. ) ;
#771 = LINE ( 'NONE', #1270, #2212 ) ;
#772 = EDGE_LOOP ( 'NONE', ( #3925, #935, #2286, #4018 ) ) ;
#773 = PRESENTATION_STYLE_ASSIGNMENT (( #2358 ) ) ;
#774 = DIRECTION ( 'NONE',  ( 0.0000000000000000000, -0.0000000000000000000, -1.000000000000000000 ) ) ;
#775 = CARTESIAN_POINT ( 'NONE',  ( 0.04566447205832973449, 0.05482870942851855722, 0.01000000000000000021 ) ) ;
#776 = EDGE_CURVE ( 'NONE', #1532, #3062, #1188, .T. ) ;
#777 = CARTESIAN_POINT ( 'NONE',  ( 0.02478773661812945853, 0.03899401935212686715, 0.01000000000000000021 ) ) ;
#778 = CARTESIAN_POINT ( 'NONE',  ( 0.05528748409175536505, -0.03603183991061870151, 0.0000000000000000000 ) ) ;
#779 = DIRECTION ( 'NONE',  ( -1.000000000000000000, 0.0000000000000000000, 0.0000000000000000000 ) ) ;
#780 = SURFACE_STYLE_USAGE ( .BOTH. , #400 ) ;
#781 = ORIENTED_EDGE ( 'NONE', *, *, #1030, .T. ) ;
#782 = SURFACE_STYLE_FILL_AREA ( #3648 ) ;
#783 = CARTESIAN_POINT ( 'NONE',  ( 0.06814262310947717671, -0.03073759360540894228, 0.01000000000000000021 ) ) ;
#784 = DIRECTION ( 'NONE',  ( -1.000000000000000000, 0.0000000000000000000, 0.0000000000000000000 ) ) ;
#785 = UNCERTAINTY_MEASURE_WITH_UNIT (LENGTH_MEASURE( 1.000000000000000082E-05 ), #3233, 'distance_accuracy_value', 'NONE');
#786 = FILL_AREA_STYLE_COLOUR ( '', #3 ) ;
#787 = CARTESIAN_POINT ( 'NONE',  ( -0.2008294303806947012, 0.03440188016022587003, 0.01000000000000000021 ) ) ;
#788 = CARTESIAN_POINT ( 'NONE',  ( 0.02213169766808581462, 0.05086529479437221918, 6.776263578034402713E-18 ) ) ;
#789 = EDGE_LOOP ( 'NONE', ( #2540, #703, #3362, #2171 ) ) ;
#790 = CARTESIAN_POINT ( 'NONE',  ( 0.09482015686616414307, -0.01371618076062098950, 0.0000000000000000000 ) ) ;
#791 = EDGE_CURVE ( 'NONE', #619, #482, #2134, .T. ) ;
#792 = DIRECTION ( 'NONE',  ( 0.0000000000000000000, -1.000000000000000000, 0.0000000000000000000 ) ) ;
#793 = CARTESIAN_POINT ( 'NONE',  ( 0.06115288215832540702, 0.05286206630143944207, 1.016439536705160407E-17 ) ) ;
#794 = CARTESIAN_POINT ( 'NONE',  ( -0.1961609852587434810, 0.05360919723339661186, 0.01000000000000000021 ) ) ;
#795 = CARTESIAN_POINT ( 'NONE',  ( -0.2027539730636215010, 0.04141407528217708883, 0.0000000000000000000 ) ) ;
#796 = ORIENTED_EDGE ( 'NONE', *, *, #1915, .T. ) ;
#797 = UNCERTAINTY_MEASURE_WITH_UNIT (LENGTH_MEASURE( 1.000000000000000082E-05 ), #3659, 'distance_accuracy_value', 'NONE');
#798 = DIRECTION ( 'NONE',  ( -0.0000000000000000000, -0.0000000000000000000, -1.000000000000000000 ) ) ;
#799 = ORIENTED_EDGE ( 'NONE', *, *, #2433, .T. ) ;
#800 = VECTOR ( 'NONE', #136, 1000.000000000000000 ) ;
#801 = CARTESIAN_POINT ( 'NONE',  ( -0.2339658633075239746, -0.04639080276660340063, 0.01000000000000000021 ) ) ;
#802 = FILL_AREA_STYLE ('',( #3661 ) ) ;
#803 = AXIS2_PLACEMENT_3D ( 'NONE', #1387, #3624, #2960 ) ;
#804 = ORIENTED_EDGE ( 'NONE', *, *, #2617, .F. ) ;
#805 = PRESENTATION_LAYER_ASSIGNMENT (  '', '', ( #2201 ) ) ;
#806 = CARTESIAN_POINT ( 'NONE',  ( 0.1050585269363785157, -0.04639080276660340063, 0.01000000000000000021 ) ) ;
#807 = ORIENTED_EDGE ( 'NONE', *, *, #2848, .T. ) ;
#808 = VECTOR ( 'NONE', #4102, 1000.000000000000000 ) ;
#809 = CARTESIAN_POINT ( 'NONE',  ( 0.07454862789250274457, 0.04668353948499436024, 0.01000000000000000021 ) ) ;
#810 = AXIS2_PLACEMENT_3D ( 'NONE', #1063, #1404, #481 ) ;
#811 = DIRECTION ( 'NONE',  ( 0.0000000000000000000, 1.000000000000000000, 0.0000000000000000000 ) ) ;
#812 = SURFACE_STYLE_FILL_AREA ( #2925 ) ;
#813 = CIRCLE ( 'NONE', #3342, 0.1100000000000000006 ) ;
#814 = CARTESIAN_POINT ( 'NONE',  ( 0.1050585269363785157, -0.04639080276660340063, 0.01000000000000000021 ) ) ;
#815 = PRESENTATION_LAYER_ASSIGNMENT (  '', '', ( #2007 ) ) ;
#816 = ORIENTED_EDGE ( 'NONE', *, *, #4105, .F. ) ;
#817 = LINE ( 'NONE', #1781, #1623 ) ;
#818 = COLOUR_RGB ( '',1.000000000000000000, 1.000000000000000000, 1.000000000000000000 ) ;
#819 = EDGE_CURVE ( 'NONE', #2993, #3564, #3102, .T. ) ;
#820 = COLOUR_RGB ( '',0.6666666666666666297, 0.6980392156862744724, 0.7686274509803920907 ) ;
#821 = ORIENTED_EDGE ( 'NONE', *, *, #3436, .F. ) ;
#822 = CARTESIAN_POINT ( 'NONE',  ( 0.08302526787784811346, -0.001775483486286031634, 0.0000000000000000000 ) ) ;
#823 = LINE ( 'NONE', #2091, #4010 ) ;
#824 = ORIENTED_EDGE ( 'NONE', *, *, #4105, .T. ) ;
#825 = MECHANICAL_DESIGN_GEOMETRIC_PRESENTATION_REPRESENTATION (  '', ( #2498 ), #3881 ) ;
#826 = PRESENTATION_LAYER_ASSIGNMENT (  '', '', ( #1742 ) ) ;
#827 = B_SPLINE_CURVE_WITH_KNOTS ( 'NONE', 3,
 ( #3943, #1089, #777, #2397, #1432, #3335, #2037, #477, #3321, #142, #1123 ),
 .UNSPECIFIED., .F., .F.,
 ( 4, 1, 1, 1, 1, 1, 1, 1, 4 ),
 ( 0.0000000000000000000, 0.1252796967356259727, 0.2494199707420513001, 0.3733567994928199130, 0.4966812787822861286, 0.6202029157439825635, 0.7450863201614565945, 0.8712691950190978307, 1.000000000000000000 ),
 .UNSPECIFIED. ) ;
#828 = CARTESIAN_POINT ( 'NONE',  ( -0.1244998940798854314, -0.02741048963255838730, 0.01000000000000000021 ) ) ;
#829 = MECHANICAL_DESIGN_GEOMETRIC_PRESENTATION_REPRESENTATION (  '', ( #2637 ), #3501 ) ;
#830 = ORIENTED_EDGE ( 'NONE', *, *, #904, .T. ) ;
#831 = FILL_AREA_STYLE_COLOUR ( '', #1881 ) ;
#832 = EDGE_CURVE ( 'NONE', #169, #1934, #3081, .T. ) ;
#833 = CARTESIAN_POINT ( 'NONE',  ( -0.09774254013679223307, -0.04639080276660340063, 3.388131789017201356E-18 ) ) ;
#834 =( NAMED_UNIT ( * ) SI_UNIT ( $, .STERADIAN. ) SOLID_ANGLE_UNIT ( ) );
#835 = ORIENTED_EDGE ( 'NONE', *, *, #1991, .T. ) ;
#836 =( NAMED_UNIT ( * ) PLANE_ANGLE_UNIT ( ) SI_UNIT ( $, .RADIAN. ) );
#837 = CARTESIAN_POINT ( 'NONE',  ( 0.07032618990168687523, 0.04920361437395940479, 0.01000000000000000021 ) ) ;
#838 = UNCERTAINTY_MEASURE_WITH_UNIT (LENGTH_MEASURE( 1.000000000000000082E-05 ), #2445, 'distance_accuracy_value', 'NONE');
#839 = CARTESIAN_POINT ( 'NONE',  ( 0.03930694928353757611, 0.04348148990851979923, 0.0000000000000000000 ) ) ;
#840 = CARTESIAN_POINT ( 'NONE',  ( 0.09579561054868827863, -0.008809109117367349209, 0.0000000000000000000 ) ) ;
#841 = CARTESIAN_POINT ( 'NONE',  ( 0.04779861839979314408, -0.03663470520562779609, 0.01000000000000000021 ) ) ;
#842 = CARTESIAN_POINT ( 'NONE',  ( 0.03116418384358007193, -0.04516702243610256490, 0.01000000000000000021 ) ) ;
#843 = FACE_OUTER_BOUND ( 'NONE', #1401, .T. ) ;
#844 = ORIENTED_EDGE ( 'NONE', *, *, #1577, .F. ) ;
#845 = CARTESIAN_POINT ( 'NONE',  ( -0.1109232396340979893, -0.03400424295492487231, 6.776263578034402713E-18 ) ) ;
#846 = ADVANCED_FACE ( 'NONE', ( #4078 ), #2388, .T. ) ;
#847 = DIRECTION ( 'NONE',  ( 1.000000000000000000, 0.0000000000000000000, 0.0000000000000000000 ) ) ;
#848 = CARTESIAN_POINT ( 'NONE',  ( -0.1094933109387986048, 0.05287806264269080680, 0.01000000000000000021 ) ) ;
#849 =( NAMED_UNIT ( * ) PLANE_ANGLE_UNIT ( ) SI_UNIT ( $, .RADIAN. ) );
#850 =( LENGTH_UNIT ( ) NAMED_UNIT ( * ) SI_UNIT ( .MILLI., .METRE. ) );
#851 = VERTEX_POINT ( 'NONE', #1886 ) ;
#852 = ADVANCED_FACE ( 'NONE', ( #2854 ), #651, .T. ) ;
#853 = CARTESIAN_POINT ( 'NONE',  ( -0.09965661183469302908, -0.04635617222898784362, 0.01000000000000000021 ) ) ;
#854 =( NAMED_UNIT ( * ) PLANE_ANGLE_UNIT ( ) SI_UNIT ( $, .RADIAN. ) );
#855 = DIRECTION ( 'NONE',  ( -0.0000000000000000000, 0.0000000000000000000, 1.000000000000000000 ) ) ;
#856 = FACE_OUTER_BOUND ( 'NONE', #2747, .T. ) ;
#857 = PLANE ( 'NONE',  #3740 ) ;
#858 = EDGE_LOOP ( 'NONE', ( #1310, #2515, #1948, #4101 ) ) ;
#859 = CARTESIAN_POINT ( 'NONE',  ( -0.1370323032362128490, 0.01340847318509024409, 0.01000000000000000021 ) ) ;
#860 =( LENGTH_UNIT ( ) NAMED_UNIT ( * ) SI_UNIT ( .MILLI., .METRE. ) );
#861 = EDGE_LOOP ( 'NONE', ( #3474, #927, #3036, #4060 ) ) ;
#862 = CARTESIAN_POINT ( 'NONE',  ( 0.1050585269363785157, -0.03541519301050583685, 0.01000000000000000021 ) ) ;
#863 = ORIENTED_EDGE ( 'NONE', *, *, #2294, .T. ) ;
#864 = EDGE_CURVE ( 'NONE', #2105, #3009, #928, .T. ) ;
#865 = CARTESIAN_POINT ( 'NONE',  ( 0.06885086068046135377, -0.04430187218991737258, 0.01000000000000000021 ) ) ;
#866 = ORIENTED_EDGE ( 'NONE', *, *, #2139, .F. ) ;
#867 = SURFACE_SIDE_STYLE ('',( #3728 ) ) ;
#868 = CARTESIAN_POINT ( 'NONE',  ( -0.2000000000000000111, 0.09753049234040402082, -3.388131789017201356E-18 ) ) ;
#869 = CARTESIAN_POINT ( 'NONE',  ( -0.01079513160020685418, -0.03541519301050583685, 0.0000000000000000000 ) ) ;
#870 = CARTESIAN_POINT ( 'NONE',  ( -0.1999999999999999556, -0.2000000000000000111, -0.1499999999999999944 ) ) ;
#871 = SURFACE_SIDE_STYLE ('',( #1484 ) ) ;
#872 = ORIENTED_EDGE ( 'NONE', *, *, #1639, .F. ) ;
#873 =( NAMED_UNIT ( * ) PLANE_ANGLE_UNIT ( ) SI_UNIT ( $, .RADIAN. ) );
#874 = FILL_AREA_STYLE_COLOUR ( '', #290 ) ;
#875 = EDGE_CURVE ( 'NONE', #266, #3589, #971, .T. ) ;
#876 = ORIENTED_EDGE ( 'NONE', *, *, #160, .F. ) ;
#877 = STYLED_ITEM ( 'NONE', ( #2299 ), #2746 ) ;
#878 = AXIS2_PLACEMENT_3D ( 'NONE', #1200, #1226, #2123 ) ;
#879 = CARTESIAN_POINT ( 'NONE',  ( -0.1336165955567528985, -0.01580952660455110098, 0.01000000000000000021 ) ) ;
#880 = AXIS2_PLACEMENT_3D ( 'NONE', #1930, #3211, #2910 ) ;
#881 = B_SPLINE_CURVE_WITH_KNOTS ( 'NONE', 3,
 ( #2129, #265, #920, #1601, #4124, #3802, #654, #2679, #355, #3269, #117, #3249, #3931, #3210, #3907, #2349, #3292, #1395, #2283 ),
 .UNSPECIFIED., .F., .F.,
 ( 4, 1, 1, 1, 1, 1, 1, 1, 1, 1, 1, 1, 1, 1, 1, 1, 4 ),
 ( 0.0000000000000000000, 0.06460397028839230671, 0.1267024139629473467, 0.1867568140356183348, 0.2455056873654374860, 0.3036520244499754662, 0.3615030739706254770, 0.4202402229284675772, 0.4800333407766962934, 0.5406781347755160727, 0.6011918063807818458, 0.6623335024774423818, 0.7247395102972318259, 0.7894677361728866805, 0.8565048600438308624, 0.9263120958391902748, 1.000000000000000000 ),
 .UNSPECIFIED. ) ;
#882 = CARTESIAN_POINT ( 'NONE',  ( -0.1375898882908501153, 0.003042741863485113555, 0.01000000000000000021 ) ) ;
#883 = VECTOR ( 'NONE', #3515, 1000.000000000000000 ) ;
#884 = VECTOR ( 'NONE', #2085, 1000.000000000000000 ) ;
#885 = STYLED_ITEM ( 'NONE', ( #763 ), #441 ) ;
#886 = SURFACE_SIDE_STYLE ('',( #2471 ) ) ;
#887 = AXIS2_PLACEMENT_3D ( 'NONE', #2360, #2056, #3914 ) ;
#888 = DIRECTION ( 'NONE',  ( 0.0000000000000000000, 0.0000000000000000000, 1.000000000000000000 ) ) ;
#889 = CARTESIAN_POINT ( 'NONE',  ( 0.02711793072321853557, 0.05262899721477409809, 0.01000000000000000021 ) ) ;
#890 = CARTESIAN_POINT ( 'NONE',  ( 0.05477760719217691920, -0.04749588633667945620, 6.776263578034402713E-18 ) ) ;
#891 = FACE_OUTER_BOUND ( 'NONE', #1921, .T. ) ;
#892 = AXIS2_PLACEMENT_3D ( 'NONE', #3856, #657, #1546 ) ;
#893 = CARTESIAN_POINT ( 'NONE',  ( -0.1237733670127344754, -0.04100616566209215608, 0.01000000000000000021 ) ) ;
#894 = SURFACE_STYLE_FILL_AREA ( #3748 ) ;
#895 = SURFACE_SIDE_STYLE ('',( #2514 ) ) ;
#896 = ORIENTED_EDGE ( 'NONE', *, *, #864, .T. ) ;
#897 = EDGE_CURVE ( 'NONE', #2601, #245, #2901, .T. ) ;
#898 = VERTEX_POINT ( 'NONE', #3182 ) ;
#899 = FILL_AREA_STYLE_COLOUR ( '', #1949 ) ;
#900 = PRESENTATION_STYLE_ASSIGNMENT (( #542 ) ) ;
#901 = ORIENTED_EDGE ( 'NONE', *, *, #3246, .F. ) ;
#902 = CARTESIAN_POINT ( 'NONE',  ( 0.04659107634321748431, -0.03661885115088574227, -0.0000000000000000000 ) ) ;
#903 = DIRECTION ( 'NONE',  ( -0.0000000000000000000, -0.0000000000000000000, -1.000000000000000000 ) ) ;
#904 = EDGE_CURVE ( 'NONE', #2691, #1500, #2216, .T. ) ;
#905 = SURFACE_STYLE_FILL_AREA ( #2893 ) ;
#906 = CARTESIAN_POINT ( 'NONE',  ( 0.02213169766808581462, 0.03745066064803075079, 0.01000000000000000021 ) ) ;
#907 = VERTEX_POINT ( 'NONE', #12 ) ;
#908 =( LENGTH_UNIT ( ) NAMED_UNIT ( * ) SI_UNIT ( .MILLI., .METRE. ) );
#909 = DIRECTION ( 'NONE',  ( 0.0000000000000000000, -1.000000000000000000, 0.0000000000000000000 ) ) ;
#910 = CARTESIAN_POINT ( 'NONE',  ( 0.002619502546134599465, -0.04639080276660340063, 0.01000000000000000021 ) ) ;
#911 =( LENGTH_UNIT ( ) NAMED_UNIT ( * ) SI_UNIT ( .MILLI., .METRE. ) );
#912 = CARTESIAN_POINT ( 'NONE',  ( 0.04566447205832973449, 0.05482870942851855722, 0.0000000000000000000 ) ) ;
#913 = VERTEX_POINT ( 'NONE', #1920 ) ;
#914 = CARTESIAN_POINT ( 'NONE',  ( -0.1316575874781930611, 0.02775373221723648545, 0.01000000000000000021 ) ) ;
#915 = DIRECTION ( 'NONE',  ( 1.000000000000000000, 0.0000000000000000000, 0.0000000000000000000 ) ) ;
#916 = DIRECTION ( 'NONE',  ( 0.0000000000000000000, 1.000000000000000000, 0.0000000000000000000 ) ) ;
#917 = FILL_AREA_STYLE ('',( #1325 ) ) ;
#918 = EDGE_CURVE ( 'NONE', #1762, #402, #1830, .T. ) ;
#919 = CARTESIAN_POINT ( 'NONE',  ( 0.04779861839979314408, -0.03663470520562779609, 0.0000000000000000000 ) ) ;
#920 = CARTESIAN_POINT ( 'NONE',  ( 0.04956240305150612369, 0.04376682873123656503, 0.01000000000000000021 ) ) ;
#921 = ORIENTED_EDGE ( 'NONE', *, *, #3014, .F. ) ;
#922 = DIRECTION ( 'NONE',  ( -1.000000000000000000, 0.0000000000000000000, -0.0000000000000000000 ) ) ;
#923 = CARTESIAN_POINT ( 'NONE',  ( -0.1376243998928897705, 0.004580996013884406151, 0.01000000000000000021 ) ) ;
#924 = ORIENTED_EDGE ( 'NONE', *, *, #1099, .T. ) ;
#925 = CARTESIAN_POINT ( 'NONE',  ( -0.1825367474538654167, -0.01834202227879852196, 0.0000000000000000000 ) ) ;
#926 = FACE_OUTER_BOUND ( 'NONE', #2477, .T. ) ;
#927 = ORIENTED_EDGE ( 'NONE', *, *, #129, .F. ) ;
#928 = LINE ( 'NONE', #3505, #3681 ) ;
#929 = CARTESIAN_POINT ( 'NONE',  ( -0.1318284445408947902, -0.01913145615366455138, 0.0000000000000000000 ) ) ;
#930 = CARTESIAN_POINT ( 'NONE',  ( 0.06885086068046135377, -0.04430187218991737258, 6.776263578034402713E-18 ) ) ;
#931 = CARTESIAN_POINT ( 'NONE',  ( -0.01079513160020685418, 0.04263358747729904807, 0.01000000000000000021 ) ) ;
#932 = CARTESIAN_POINT ( 'NONE',  ( 0.04223191971114798743, 0.05480410397848968496, 6.776263578034402713E-18 ) ) ;
#933 = FILL_AREA_STYLE_COLOUR ( '', #1943 ) ;
#934 =( LENGTH_UNIT ( ) NAMED_UNIT ( * ) SI_UNIT ( .MILLI., .METRE. ) );
#935 = ORIENTED_EDGE ( 'NONE', *, *, #1447, .F. ) ;
#936 = COLOUR_RGB ( '',1.000000000000000000, 1.000000000000000000, 1.000000000000000000 ) ;
#937 = DIRECTION ( 'NONE',  ( -0.0000000000000000000, -0.0000000000000000000, -1.000000000000000000 ) ) ;
#938 = PLANE ( 'NONE',  #679 ) ;
#939 = CARTESIAN_POINT ( 'NONE',  ( -0.1583561072099629874, -0.04639080276660340063, 0.01000000000000000021 ) ) ;
#940 = CARTESIAN_POINT ( 'NONE',  ( 0.02213169766808581462, -0.03023226618123754650, 6.776263578034402713E-18 ) ) ;
#941 =( NAMED_UNIT ( * ) PLANE_ANGLE_UNIT ( ) SI_UNIT ( $, .RADIAN. ) );
#942 = MECHANICAL_DESIGN_GEOMETRIC_PRESENTATION_REPRESENTATION (  '', ( #406 ), #741 ) ;
#943 = MECHANICAL_DESIGN_GEOMETRIC_PRESENTATION_REPRESENTATION (  '', ( #3339 ), #2202 ) ;
#944 = CARTESIAN_POINT ( 'NONE',  ( -0.2000000000000000111, 0.2000000000000000111, 0.0000000000000000000 ) ) ;
#945 = ORIENTED_EDGE ( 'NONE', *, *, #1636, .T. ) ;
#946 = MECHANICAL_DESIGN_GEOMETRIC_PRESENTATION_REPRESENTATION (  '', ( #1679 ), #1483 ) ;
#947 = CARTESIAN_POINT ( 'NONE',  ( -0.1509991172498538481, 0.006679515841714530125, -0.0000000000000000000 ) ) ;
#948 = MECHANICAL_DESIGN_GEOMETRIC_PRESENTATION_REPRESENTATION (  '', ( #2958 ), #3873 ) ;
#949 = EDGE_CURVE ( 'NONE', #3009, #3756, #1052, .T. ) ;
#950 = DIRECTION ( 'NONE',  ( -0.0000000000000000000, -0.0000000000000000000, -1.000000000000000000 ) ) ;
#951 = MECHANICAL_DESIGN_GEOMETRIC_PRESENTATION_REPRESENTATION (  '', ( #2632 ), #3022 ) ;
#952 = PRODUCT ( 'WLCSP-4_L0.8-W0.8-R2-C2-P0.40-BL-1', 'WLCSP-4_L0.8-W0.8-R2-C2-P0.40-BL-1', '', ( #91 ) ) ;
#953 = VERTEX_POINT ( 'NONE', #111 ) ;
#954 = MECHANICAL_DESIGN_GEOMETRIC_PRESENTATION_REPRESENTATION (  '', ( #2084 ), #1214 ) ;
#955 = COLOUR_RGB ( '',1.000000000000000000, 1.000000000000000000, 1.000000000000000000 ) ;
#956 = EDGE_CURVE ( 'NONE', #210, #3390, #1013, .T. ) ;
#957 = STYLED_ITEM ( 'NONE', ( #2861 ), #1659 ) ;
#958 = CARTESIAN_POINT ( 'NONE',  ( 0.07270271247491329192, 0.03271570738297986669, 0.01000000000000000021 ) ) ;
#959 = CARTESIAN_POINT ( 'NONE',  ( -0.1999999999999999556, -0.2000000000000000111, 0.0000000000000000000 ) ) ;
#960 = DIRECTION ( 'NONE',  ( -0.0000000000000000000, -0.0000000000000000000, -1.000000000000000000 ) ) ;
#961 = FILL_AREA_STYLE_COLOUR ( '', #1877 ) ;
#962 = AXIS2_PLACEMENT_3D ( 'NONE', #3130, #2204, #1323 ) ;
#963 = PRESENTATION_STYLE_ASSIGNMENT (( #60 ) ) ;
#964 = LINE ( 'NONE', #47, #754 ) ;
#965 =( NAMED_UNIT ( * ) PLANE_ANGLE_UNIT ( ) SI_UNIT ( $, .RADIAN. ) );
#966 = CARTESIAN_POINT ( 'NONE',  ( 0.2000000000000000111, 0.2000000000000000111, -0.03999999999999998002 ) ) ;
#967 = PRESENTATION_STYLE_ASSIGNMENT (( #984 ) ) ;
#968 = CARTESIAN_POINT ( 'NONE',  ( -0.08396586330752396632, 0.04263358747729904807, 0.01000000000000000021 ) ) ;
#969 = LINE ( 'NONE', #1242, #536 ) ;
#970 = ORIENTED_EDGE ( 'NONE', *, *, #3981, .T. ) ;
#971 = LINE ( 'NONE', #2843, #2006 ) ;
#972 = LINE ( 'NONE', #3141, #1367 ) ;
#973 = ADVANCED_FACE ( 'NONE', ( #736 ), #3646, .T. ) ;
#974 = SPHERICAL_SURFACE ( 'NONE', #1149, 0.1100000000000000006 ) ;
#975 =( NAMED_UNIT ( * ) PLANE_ANGLE_UNIT ( ) SI_UNIT ( $, .RADIAN. ) );
#976 = ADVANCED_FACE ( 'NONE', ( #1066 ), #3976, .T. ) ;
#977 = DIRECTION ( 'NONE',  ( -0.0000000000000000000, -0.0000000000000000000, -1.000000000000000000 ) ) ;
#978 = DIRECTION ( 'NONE',  ( -0.0000000000000000000, -0.0000000000000000000, 1.000000000000000000 ) ) ;
#979 = PLANE ( 'NONE',  #660 ) ;
#980 = SURFACE_STYLE_USAGE ( .BOTH. , #2582 ) ;
#981 = CARTESIAN_POINT ( 'NONE',  ( -0.3105977249740730084, -0.2449821083917770315, 0.3990000000000000213 ) ) ;
#982 = ORIENTED_EDGE ( 'NONE', *, *, #1407, .T. ) ;
#983 = CARTESIAN_POINT ( 'NONE',  ( 0.03729790743152535532, -0.03578397166537304608, 0.01000000000000000021 ) ) ;
#984 = SURFACE_STYLE_USAGE ( .BOTH. , #1001 ) ;
#985 = FILL_AREA_STYLE ('',( #2929 ) ) ;
#986 = CARTESIAN_POINT ( 'NONE',  ( -0.1190776561664832756, -0.04296988442339843423, 0.01000000000000000021 ) ) ;
#987 = CARTESIAN_POINT ( 'NONE',  ( -0.2238477230636215232, -0.01834202227879852196, 0.0000000000000000000 ) ) ;
#988 = DIRECTION ( 'NONE',  ( 1.000000000000000000, 0.0000000000000000000, 0.0000000000000000000 ) ) ;
#989 =( LENGTH_UNIT ( ) NAMED_UNIT ( * ) SI_UNIT ( .MILLI., .METRE. ) );
#990 = LINE ( 'NONE', #1067, #2503 ) ;
#991 = CARTESIAN_POINT ( 'NONE',  ( 0.02711793072321853557, 0.05262899721477409809, 6.776263578034402713E-18 ) ) ;
#992 = CARTESIAN_POINT ( 'NONE',  ( 0.07270271247491329192, 0.03271570738297986669, 6.776263578034402713E-18 ) ) ;
#993 = EDGE_CURVE ( 'NONE', #3679, #1599, #1799, .T. ) ;
#994 = CARTESIAN_POINT ( 'NONE',  ( 0.3800000000000000600, -0.3800000000000000044, 0.0000000000000000000 ) ) ;
#995 = DIRECTION ( 'NONE',  ( 0.0000000000000000000, -1.000000000000000000, 0.0000000000000000000 ) ) ;
#996 = FILL_AREA_STYLE ('',( #3232 ) ) ;
#997 = CARTESIAN_POINT ( 'NONE',  ( 0.02213169766808581462, -0.03023226618123754650, 0.01000000000000000021 ) ) ;
#998 =( NAMED_UNIT ( * ) PLANE_ANGLE_UNIT ( ) SI_UNIT ( $, .RADIAN. ) );
#999 = VERTEX_POINT ( 'NONE', #3520 ) ;
#1000 = CARTESIAN_POINT ( 'NONE',  ( 0.04659107634321748431, -0.03661885115088574227, 6.776263578034402713E-18 ) ) ;
#1001 = SURFACE_SIDE_STYLE ('',( #2602 ) ) ;
#1002 = CARTESIAN_POINT ( 'NONE',  ( 0.09639315299501929890, 0.007475950574405797536, 1.016439536705160407E-17 ) ) ;
#1003 = EDGE_CURVE ( 'NONE', #191, #1229, #3196, .T. ) ;
#1004 = LINE ( 'NONE', #697, #691 ) ;
#1005 = CARTESIAN_POINT ( 'NONE',  ( -0.1282038847387280134, -0.03860273309587789609, 0.0000000000000000000 ) ) ;
#1006 = LINE ( 'NONE', #3566, #1017 ) ;
#1007 = VECTOR ( 'NONE', #3631, 999.9999999999998863 ) ;
#1008 =( NAMED_UNIT ( * ) PLANE_ANGLE_UNIT ( ) SI_UNIT ( $, .RADIAN. ) );
#1009 = SURFACE_STYLE_FILL_AREA ( #1350 ) ;
#1010 = ORIENTED_EDGE ( 'NONE', *, *, #3685, .T. ) ;
#1011 = PRESENTATION_LAYER_ASSIGNMENT (  '', '', ( #2555 ) ) ;
#1012 = UNCERTAINTY_MEASURE_WITH_UNIT (LENGTH_MEASURE( 1.000000000000000082E-05 ), #2355, 'distance_accuracy_value', 'NONE');
#1013 = LINE ( 'NONE', #2994, #2956 ) ;
#1014 = PRESENTATION_LAYER_ASSIGNMENT (  '', '', ( #885 ) ) ;
#1015 = CARTESIAN_POINT ( 'NONE',  ( -0.1501959038960603565, -0.006127480203072728157, 6.776263578034402713E-18 ) ) ;
#1016 = PRESENTATION_LAYER_ASSIGNMENT (  '', '', ( #2484 ) ) ;
#1017 = VECTOR ( 'NONE', #108, 1000.000000000000000 ) ;
#1018 = VERTEX_POINT ( 'NONE', #2568 ) ;
#1019 = CIRCLE ( 'NONE', #2700, 0.1100000000000000006 ) ;
#1020 = CARTESIAN_POINT ( 'NONE',  ( -0.1999999999999999556, -0.2000000000000000111, -0.03999999999999998002 ) ) ;
#1021 = MECHANICAL_DESIGN_GEOMETRIC_PRESENTATION_REPRESENTATION (  '', ( #3414 ), #1619 ) ;
#1022 =( NAMED_UNIT ( * ) PLANE_ANGLE_UNIT ( ) SI_UNIT ( $, .RADIAN. ) );
#1023 = STYLED_ITEM ( 'NONE', ( #3803 ), #291 ) ;
#1024 = VECTOR ( 'NONE', #567, 1000.000000000000114 ) ;
#1025 = DIRECTION ( 'NONE',  ( -0.0000000000000000000, -0.0000000000000000000, 1.000000000000000000 ) ) ;
#1026 = AXIS2_PLACEMENT_3D ( 'NONE', #584, #916, #1820 ) ;
#1027 =( GEOMETRIC_REPRESENTATION_CONTEXT ( 3 ) GLOBAL_UNCERTAINTY_ASSIGNED_CONTEXT ( ( #2384 ) ) GLOBAL_UNIT_ASSIGNED_CONTEXT ( ( #2239, #1301, #3805 ) ) REPRESENTATION_CONTEXT ( 'NONE', 'WORKASPACE' ) );
#1028 = ORIENTED_EDGE ( 'NONE', *, *, #1070, .F. ) ;
#1029 =( NAMED_UNIT ( * ) SI_UNIT ( $, .STERADIAN. ) SOLID_ANGLE_UNIT ( ) );
#1030 = EDGE_CURVE ( 'NONE', #164, #3021, #730, .T. ) ;
#1031 =( NAMED_UNIT ( * ) PLANE_ANGLE_UNIT ( ) SI_UNIT ( $, .RADIAN. ) );
#1032 =( LENGTH_UNIT ( ) NAMED_UNIT ( * ) SI_UNIT ( .MILLI., .METRE. ) );
#1033 = CARTESIAN_POINT ( 'NONE',  ( -0.1190776561664832756, -0.04296988442339843423, 6.776263578034402713E-18 ) ) ;
#1034 = DIRECTION ( 'NONE',  ( -1.000000000000000000, 0.0000000000000000000, 0.0000000000000000000 ) ) ;
#1035 = EDGE_LOOP ( 'NONE', ( #2246, #3160, #3744, #1159, #1982 ) ) ;
#1036 = EDGE_CURVE ( 'NONE', #3977, #140, #3791, .T. ) ;
#1037 = B_SPLINE_CURVE_WITH_KNOTS ( 'NONE', 3,
 ( #2098, #2759, #2026, #3391, #4019, #1096, #3373, #3992, #525, #2069, #1802, #2367, #4037, #127, #3084, #3326, #1498, #1174, #459 ),
 .UNSPECIFIED., .F., .F.,
 ( 4, 1, 1, 1, 1, 1, 1, 1, 1, 1, 1, 1, 1, 1, 1, 1, 4 ),
 ( 0.0000000000000000000, 0.07064371857535413357, 0.1382567155089046429, 0.2033641242175800723, 0.2663240938030566052, 0.3279047615429893092, 0.3887377151730921909, 0.4494235281093022505, 0.5108610114593156171, 0.5720793960475145656, 0.6317344287314451412, 0.6911172105788376818, 0.7503600294901705547, 0.8100329005312619790, 0.8713624508287362014, 0.9344271412311534464, 1.000000000000000000 ),
 .UNSPECIFIED. ) ;
#1038 = CARTESIAN_POINT ( 'NONE',  ( -0.1001382665379240422, 0.04260428806038961402, 0.01000000000000000021 ) ) ;
#1039 = FILL_AREA_STYLE_COLOUR ( '', #690 ) ;
#1040 = CARTESIAN_POINT ( 'NONE',  ( 0.07910752450813915426, 0.02322410792952244590, 0.0000000000000000000 ) ) ;
#1041 = PLANE ( 'NONE',  #479 ) ;
#1042 = CARTESIAN_POINT ( 'NONE',  ( -0.2023134318895465911, 0.04070198605335499653, -0.0000000000000000000 ) ) ;
#1043 = FILL_AREA_STYLE ('',( #1605 ) ) ;
#1044 = CARTESIAN_POINT ( 'NONE',  ( 0.04421011849380823699, -0.03658759109176192709, 0.01000000000000000021 ) ) ;
#1045 = CARTESIAN_POINT ( 'NONE',  ( -0.2008294303806947012, 0.03440188016022587003, 6.776263578034402713E-18 ) ) ;
#1046 = VERTEX_POINT ( 'NONE', #3476 ) ;
#1047 =( LENGTH_UNIT ( ) NAMED_UNIT ( * ) SI_UNIT ( .MILLI., .METRE. ) );
#1048 = DIRECTION ( 'NONE',  ( -0.0000000000000000000, 0.0000000000000000000, 1.000000000000000000 ) ) ;
#1049 = EDGE_CURVE ( 'NONE', #1231, #417, #1582, .T. ) ;
#1050 = LINE ( 'NONE', #1961, #1614 ) ;
#1051 = UNCERTAINTY_MEASURE_WITH_UNIT (LENGTH_MEASURE( 1.000000000000000082E-05 ), #934, 'distance_accuracy_value', 'NONE');
#1052 = LINE ( 'NONE', #3602, #273 ) ;
#1053 = FILL_AREA_STYLE ('',( #1293 ) ) ;
#1054 = SURFACE_SIDE_STYLE ('',( #2659 ) ) ;
#1055 = DIRECTION ( 'NONE',  ( 0.3390537954853694580, 0.9407669869669987861, 0.0000000000000000000 ) ) ;
#1056 = CARTESIAN_POINT ( 'NONE',  ( -0.07055122916118249099, 0.05360919723339661186, 0.0000000000000000000 ) ) ;
#1057 = SURFACE_STYLE_USAGE ( .BOTH. , #2260 ) ;
#1058 = CARTESIAN_POINT ( 'NONE',  ( -0.2008294303806947012, 0.03440188016022587003, 0.0000000000000000000 ) ) ;
#1059 =( LENGTH_UNIT ( ) NAMED_UNIT ( * ) SI_UNIT ( .MILLI., .METRE. ) );
#1060 =( NAMED_UNIT ( * ) PLANE_ANGLE_UNIT ( ) SI_UNIT ( $, .RADIAN. ) );
#1061 =( NAMED_UNIT ( * ) SI_UNIT ( $, .STERADIAN. ) SOLID_ANGLE_UNIT ( ) );
#1062 = CARTESIAN_POINT ( 'NONE',  ( -0.08396586330752396632, 0.04263358747729904807, 0.01000000000000000021 ) ) ;
#1063 = CARTESIAN_POINT ( 'NONE',  ( -0.01079513160020685418, -0.03541519301050583685, 0.01000000000000000021 ) ) ;
#1064 = VERTEX_POINT ( 'NONE', #3115 ) ;
#1065 = VECTOR ( 'NONE', #2083, 1000.000000000000000 ) ;
#1066 = FACE_OUTER_BOUND ( 'NONE', #3516, .T. ) ;
#1067 = CARTESIAN_POINT ( 'NONE',  ( -0.2486000096489873745, -0.04639080276660340063, 0.01000000000000000021 ) ) ;
#1068 = ORIENTED_EDGE ( 'NONE', *, *, #407, .F. ) ;
#1069 = VECTOR ( 'NONE', #2472, 1000.000000000000000 ) ;
#1070 = EDGE_CURVE ( 'NONE', #2086, #2447, #1809, .T. ) ;
#1071 = MECHANICAL_DESIGN_GEOMETRIC_PRESENTATION_REPRESENTATION (  '', ( #2555 ), #3676 ) ;
#1072 = LINE ( 'NONE', #3632, #275 ) ;
#1073 = COLOUR_RGB ( '',1.000000000000000000, 1.000000000000000000, 1.000000000000000000 ) ;
#1074 = B_SPLINE_SURFACE_WITH_KNOTS ( 'NONE', 3, 1, ( 
 ( #3726, #2228 ),
 ( #2208, #1000 ),
 ( #607, #299 ),
 ( #2584, #1554 ),
 ( #983, #4113 ),
 ( #3517, #2265 ),
 ( #3559, #1259 ),
 ( #3770, #268 ),
 ( #4096, #1239 ),
 ( #2542, #1308 ),
 ( #3785, #940 ) ),
 .UNSPECIFIED., .F., .F., .F.,
 ( 4, 1, 1, 1, 1, 1, 1, 1, 4 ),
 ( 2, 2 ),
 ( 0.0000000000000000000, 0.1352946047634290549, 0.2667656579247486004, 0.3948160188358721401, 0.5200516544342453917, 0.6421757029708214937, 0.7626518205584230659, 0.8818340043805021899, 1.000000000000000000 ),
 ( 0.0000000000000000000, 1.000000000000000000 ),
 .UNSPECIFIED. ) ;
#1075 = CARTESIAN_POINT ( 'NONE',  ( -0.1859094608684995487, -0.007366412522700959038, 0.01000000000000000021 ) ) ;
#1076 = FACE_OUTER_BOUND ( 'NONE', #592, .T. ) ;
#1077 = ADVANCED_FACE ( 'NONE', ( #2175 ), #590, .T. ) ;
#1078 =( GEOMETRIC_REPRESENTATION_CONTEXT ( 3 ) GLOBAL_UNCERTAINTY_ASSIGNED_CONTEXT ( ( #2293 ) ) GLOBAL_UNIT_ASSIGNED_CONTEXT ( ( #1725, #3700, #1167 ) ) REPRESENTATION_CONTEXT ( 'NONE', 'WORKASPACE' ) );
#1079 =( GEOMETRIC_REPRESENTATION_CONTEXT ( 3 ) GLOBAL_UNCERTAINTY_ASSIGNED_CONTEXT ( ( #456 ) ) GLOBAL_UNIT_ASSIGNED_CONTEXT ( ( #3804, #2613, #639 ) ) REPRESENTATION_CONTEXT ( 'NONE', 'WORKASPACE' ) );
#1080 = CARTESIAN_POINT ( 'NONE',  ( 0.04565256153946330858, -0.04756346760696626014, 0.0000000000000000000 ) ) ;
#1081 = CARTESIAN_POINT ( 'NONE',  ( -0.1375279246563516355, 0.009090372398371852208, 0.0000000000000000000 ) ) ;
#1082 = CARTESIAN_POINT ( 'NONE',  ( -0.2008294303806947012, 0.03440188016022587003, 0.01000000000000000021 ) ) ;
#1083 = CARTESIAN_POINT ( 'NONE',  ( -0.2605977249740729640, -0.2449821083917770315, 0.3990000000000000213 ) ) ;
#1084 = CARTESIAN_POINT ( 'NONE',  ( 0.3799999999999999489, 0.3800000000000000044, 0.4000000000000000222 ) ) ;
#1085 = VECTOR ( 'NONE', #903, 1000.000000000000000 ) ;
#1086 = FACE_OUTER_BOUND ( 'NONE', #3647, .T. ) ;
#1087 = DIRECTION ( 'NONE',  ( 1.000000000000000000, 0.0000000000000000000, 0.0000000000000000000 ) ) ;
#1088 = STYLED_ITEM ( 'NONE', ( #3255 ), #1817 ) ;
#1089 = CARTESIAN_POINT ( 'NONE',  ( 0.02301973623086169679, 0.03796667794717865918, 0.01000000000000000021 ) ) ;
#1090 = CARTESIAN_POINT ( 'NONE',  ( 0.08310730742418338812, 0.002542124062664896482, 0.0000000000000000000 ) ) ;
#1091 =( NAMED_UNIT ( * ) SI_UNIT ( $, .STERADIAN. ) SOLID_ANGLE_UNIT ( ) );
#1092 =( NAMED_UNIT ( * ) PLANE_ANGLE_UNIT ( ) SI_UNIT ( $, .RADIAN. ) );
#1093 = VECTOR ( 'NONE', #2863, 1000.000000000000000 ) ;
#1094 = UNCERTAINTY_MEASURE_WITH_UNIT (LENGTH_MEASURE( 1.000000000000000082E-05 ), #1715, 'distance_accuracy_value', 'NONE');
#1095 = SURFACE_STYLE_USAGE ( .BOTH. , #2020 ) ;
#1096 = CARTESIAN_POINT ( 'NONE',  ( 0.09301298715216063662, 0.02330613522558296763, 0.0000000000000000000 ) ) ;
#1097 = CARTESIAN_POINT ( 'NONE',  ( 0.07000226482495361391, 0.03533481110839042927, 0.0000000000000000000 ) ) ;
#1098 = CARTESIAN_POINT ( 'NONE',  ( -0.1042108965201854059, 0.05348795816698530964, 1.016439536705160407E-17 ) ) ;
#1099 = EDGE_CURVE ( 'NONE', #1132, #3487, #1006, .T. ) ;
#1100 = SURFACE_STYLE_FILL_AREA ( #2076 ) ;
#1101 = CARTESIAN_POINT ( 'NONE',  ( -0.2095756194050849286, 0.05360919723339661186, 0.01000000000000000021 ) ) ;
#1102 = CARTESIAN_POINT ( 'NONE',  ( -0.1211468040007877001, 0.03732041482769384716, 0.0000000000000000000 ) ) ;
#1103 = LINE ( 'NONE', #2723, #1065 ) ;
#1104 = SURFACE_STYLE_FILL_AREA ( #2324 ) ;
#1105 = EDGE_CURVE ( 'NONE', #4131, #1585, #701, .T. ) ;
#1106 = CARTESIAN_POINT ( 'NONE',  ( -0.2023134318895465911, 0.04070198605335499653, 0.01000000000000000021 ) ) ;
#1107 = SURFACE_SIDE_STYLE ('',( #3965 ) ) ;
#1108 = DIRECTION ( 'NONE',  ( -0.0000000000000000000, -0.0000000000000000000, -1.000000000000000000 ) ) ;
#1109 = ORIENTED_EDGE ( 'NONE', *, *, #2900, .F. ) ;
#1110 = CARTESIAN_POINT ( 'NONE',  ( -0.1147034908971353018, -0.03286919347235725541, 6.776263578034402713E-18 ) ) ;
#1111 = CARTESIAN_POINT ( 'NONE',  ( -0.1296762079544321877, -0.02216884048947660377, 0.01000000000000000021 ) ) ;
#1112 =( NAMED_UNIT ( * ) PLANE_ANGLE_UNIT ( ) SI_UNIT ( $, .RADIAN. ) );
#1113 = CARTESIAN_POINT ( 'NONE',  ( 0.06065577327269584124, 0.04113818011157566873, 0.0000000000000000000 ) ) ;
#1114 = CARTESIAN_POINT ( 'NONE',  ( 0.04449492981909479450, 0.04383714561278712063, 6.776263578034402713E-18 ) ) ;
#1115 = DIRECTION ( 'NONE',  ( 0.0000000000000000000, -1.000000000000000000, 0.0000000000000000000 ) ) ;
#1116 = CARTESIAN_POINT ( 'NONE',  ( 0.08558489653148670939, 0.03651396395207889833, 0.01000000000000000021 ) ) ;
#1117 = LINE ( 'NONE', #749, #2878 ) ;
#1118 = ORIENTED_EDGE ( 'NONE', *, *, #3054, .T. ) ;
#1119 = CARTESIAN_POINT ( 'NONE',  ( -0.1510390340392313013, 0.004866819184616113722, 0.01000000000000000021 ) ) ;
#1120 = EDGE_CURVE ( 'NONE', #1762, #379, #1050, .T. ) ;
#1121 = ORIENTED_EDGE ( 'NONE', *, *, #3675, .F. ) ;
#1122 = DIRECTION ( 'NONE',  ( 0.0000000000000000000, 0.0000000000000000000, -1.000000000000000000 ) ) ;
#1123 = CARTESIAN_POINT ( 'NONE',  ( 0.04555014279003703065, 0.04385309967242099344, 0.01000000000000000021 ) ) ;
#1124 = VERTEX_POINT ( 'NONE', #1654 ) ;
#1125 = CARTESIAN_POINT ( 'NONE',  ( 0.05878913112286810599, -0.03521689889593758449, 0.0000000000000000000 ) ) ;
#1126 = CARTESIAN_POINT ( 'NONE',  ( -0.2000000000000000111, 0.3024695076595959597, -3.388131789017201356E-18 ) ) ;
#1127 = ORIENTED_EDGE ( 'NONE', *, *, #366, .F. ) ;
#1128 = ADVANCED_FACE ( 'NONE', ( #2933 ), #1403, .F. ) ;
#1129 = UNCERTAINTY_MEASURE_WITH_UNIT (LENGTH_MEASURE( 1.000000000000000082E-05 ), #1739, 'distance_accuracy_value', 'NONE');
#1130 = CARTESIAN_POINT ( 'NONE',  ( -0.1282513201281783866, 0.04622067416180800081, 0.0000000000000000000 ) ) ;
#1131 = CARTESIAN_POINT ( 'NONE',  ( -0.1214888908880460694, -0.02955907155381502782, 0.01000000000000000021 ) ) ;
#1132 = VERTEX_POINT ( 'NONE', #1542 ) ;
#1133 = AXIS2_PLACEMENT_3D ( 'NONE', #2767, #855, #3398 ) ;
#1134 = FILL_AREA_STYLE_COLOUR ( '', #1541 ) ;
#1135 = DIRECTION ( 'NONE',  ( -0.0000000000000000000, 0.0000000000000000000, 1.000000000000000000 ) ) ;
#1136 = CARTESIAN_POINT ( 'NONE',  ( -0.04616098525874346575, -0.001268851547091204681, 0.01000000000000000021 ) ) ;
#1137 = ORIENTED_EDGE ( 'NONE', *, *, #109, .F. ) ;
#1138 =( GEOMETRIC_REPRESENTATION_CONTEXT ( 3 ) GLOBAL_UNCERTAINTY_ASSIGNED_CONTEXT ( ( #1503 ) ) GLOBAL_UNIT_ASSIGNED_CONTEXT ( ( #2574, #2022, #215 ) ) REPRESENTATION_CONTEXT ( 'NONE', 'WORKASPACE' ) );
#1139 = SURFACE_STYLE_USAGE ( .BOTH. , #867 ) ;
#1140 = SURFACE_STYLE_USAGE ( .BOTH. , #2050 ) ;
#1141 = VECTOR ( 'NONE', #1108, 1000.000000000000000 ) ;
#1142 = SURFACE_SIDE_STYLE ('',( #434 ) ) ;
#1143 = LINE ( 'NONE', #2442, #2337 ) ;
#1144 = VECTOR ( 'NONE', #1358, 1000.000000000000000 ) ;
#1145 = COLOUR_RGB ( '',1.000000000000000000, 1.000000000000000000, 1.000000000000000000 ) ;
#1146 = VERTEX_POINT ( 'NONE', #581 ) ;
#1147 = CARTESIAN_POINT ( 'NONE',  ( 0.06442848105673179560, -0.04579577962111081035, 0.0000000000000000000 ) ) ;
#1148 = CARTESIAN_POINT ( 'NONE',  ( 0.04829974220716565236, -0.04759451458068605922, 6.776263578034402713E-18 ) ) ;
#1149 = AXIS2_PLACEMENT_3D ( 'NONE', #1020, #2847, #311 ) ;
#1150 =( GEOMETRIC_REPRESENTATION_CONTEXT ( 3 ) GLOBAL_UNCERTAINTY_ASSIGNED_CONTEXT ( ( #2655 ) ) GLOBAL_UNIT_ASSIGNED_CONTEXT ( ( #282, #620, #310 ) ) REPRESENTATION_CONTEXT ( 'NONE', 'WORKASPACE' ) );
#1151 = ORIENTED_EDGE ( 'NONE', *, *, #589, .T. ) ;
#1152 = EDGE_CURVE ( 'NONE', #3756, #619, #2487, .T. ) ;
#1153 = CARTESIAN_POINT ( 'NONE',  ( 0.2000000000000000666, -0.2000000000000000111, -0.1499999999999999944 ) ) ;
#1154 = ORIENTED_EDGE ( 'NONE', *, *, #2195, .T. ) ;
#1155 =( GEOMETRIC_REPRESENTATION_CONTEXT ( 3 ) GLOBAL_UNCERTAINTY_ASSIGNED_CONTEXT ( ( #95 ) ) GLOBAL_UNIT_ASSIGNED_CONTEXT ( ( #2511, #1863, #3145 ) ) REPRESENTATION_CONTEXT ( 'NONE', 'WORKASPACE' ) );
#1156 = CARTESIAN_POINT ( 'NONE',  ( -0.1370490741968026505, -0.004302285337666840112, 0.01000000000000000021 ) ) ;
#1157 = ADVANCED_FACE ( 'NONE', ( #2827 ), #857, .T. ) ;
#1158 = AXIS2_PLACEMENT_3D ( 'NONE', #1430, #2168, #1851 ) ;
#1159 = ORIENTED_EDGE ( 'NONE', *, *, #2705, .T. ) ;
#1160 = CARTESIAN_POINT ( 'NONE',  ( 0.0000000000000000000, 0.0000000000000000000, 0.0000000000000000000 ) ) ;
#1161 = CARTESIAN_POINT ( 'NONE',  ( -0.1042108965201854059, 0.05348795816698530964, 0.01000000000000000021 ) ) ;
#1162 = CARTESIAN_POINT ( 'NONE',  ( -0.1501941701503154702, 0.01539281937600500867, 0.01000000000000000021 ) ) ;
#1163 = CARTESIAN_POINT ( 'NONE',  ( -0.2486000096489873745, -0.04639080276660340063, 0.01000000000000000021 ) ) ;
#1164 =( LENGTH_UNIT ( ) NAMED_UNIT ( * ) SI_UNIT ( .MILLI., .METRE. ) );
#1165 = DIRECTION ( 'NONE',  ( -0.0000000000000000000, 0.0000000000000000000, -1.000000000000000000 ) ) ;
#1166 = DIRECTION ( 'NONE',  ( -0.0000000000000000000, 0.0000000000000000000, 1.000000000000000000 ) ) ;
#1167 =( NAMED_UNIT ( * ) SI_UNIT ( $, .STERADIAN. ) SOLID_ANGLE_UNIT ( ) );
#1168 = CARTESIAN_POINT ( 'NONE',  ( 0.04555014279003703065, 0.04385309967242099344, 0.0000000000000000000 ) ) ;
#1169 = CARTESIAN_POINT ( 'NONE',  ( -0.1999999999999999556, -0.09753049234040402082, -3.388131789017201356E-18 ) ) ;
#1170 = ORIENTED_EDGE ( 'NONE', *, *, #3100, .F. ) ;
#1171 = FILL_AREA_STYLE ('',( #2127 ) ) ;
#1172 = EDGE_CURVE ( 'NONE', #555, #4131, #3833, .T. ) ;
#1173 = CARTESIAN_POINT ( 'NONE',  ( -0.1182159295952848327, -0.03136463140144475636, 0.01000000000000000021 ) ) ;
#1174 = CARTESIAN_POINT ( 'NONE',  ( 0.04747058975530112079, 0.05478668692717323513, -0.0000000000000000000 ) ) ;
#1175 = CARTESIAN_POINT ( 'NONE',  ( -0.1501941701503154702, 0.01539281937600500867, 0.01000000000000000021 ) ) ;
#1176 = PLANE ( 'NONE',  #1737 ) ;
#1177 = ORIENTED_EDGE ( 'NONE', *, *, #1786, .T. ) ;
#1178 =( LENGTH_UNIT ( ) NAMED_UNIT ( * ) SI_UNIT ( .MILLI., .METRE. ) );
#1179 = ADVANCED_FACE ( 'NONE', ( #4126 ), #2578, .T. ) ;
#1180 = CARTESIAN_POINT ( 'NONE',  ( -0.1509986473189667833, 0.002978060733981157358, 0.01000000000000000021 ) ) ;
#1181 = CARTESIAN_POINT ( 'NONE',  ( 0.02213169766808581462, 0.05086529479437221918, 0.01000000000000000021 ) ) ;
#1182 = ORIENTED_EDGE ( 'NONE', *, *, #897, .F. ) ;
#1183 = SURFACE_STYLE_USAGE ( .BOTH. , #3985 ) ;
#1184 = CARTESIAN_POINT ( 'NONE',  ( 0.2000000000000000666, -0.2000000000000000111, -0.03999999999999998002 ) ) ;
#1185 = ORIENTED_EDGE ( 'NONE', *, *, #2677, .F. ) ;
#1186 = CARTESIAN_POINT ( 'NONE',  ( -0.01079513160020685418, -0.001268851547091204681, 0.01000000000000000021 ) ) ;
#1187 = CARTESIAN_POINT ( 'NONE',  ( -0.2042974181855727600, 0.03440188016022587697, 0.01000000000000000021 ) ) ;
#1188 = LINE ( 'NONE', #1460, #270 ) ;
#1189 = CARTESIAN_POINT ( 'NONE',  ( -0.08396586330752396632, 0.04263358747729904807, 0.0000000000000000000 ) ) ;
#1190 = EDGE_CURVE ( 'NONE', #140, #3040, #625, .T. ) ;
#1191 = FILL_AREA_STYLE ('',( #3570 ) ) ;
#1192 =( GEOMETRIC_REPRESENTATION_CONTEXT ( 3 ) GLOBAL_UNCERTAINTY_ASSIGNED_CONTEXT ( ( #2251 ) ) GLOBAL_UNIT_ASSIGNED_CONTEXT ( ( #1648, #2243, #3514 ) ) REPRESENTATION_CONTEXT ( 'NONE', 'WORKASPACE' ) );
#1193 = ORIENTED_EDGE ( 'NONE', *, *, #743, .T. ) ;
#1194 = CARTESIAN_POINT ( 'NONE',  ( -0.09871433891728005616, 0.04263358747729904807, 0.0000000000000000000 ) ) ;
#1195 = UNCERTAINTY_MEASURE_WITH_UNIT (LENGTH_MEASURE( 1.000000000000000082E-05 ), #2446, 'distance_accuracy_value', 'NONE');
#1196 = MECHANICAL_DESIGN_GEOMETRIC_PRESENTATION_REPRESENTATION (  '', ( #3007 ), #3273 ) ;
#1197 =( GEOMETRIC_REPRESENTATION_CONTEXT ( 3 ) GLOBAL_UNCERTAINTY_ASSIGNED_CONTEXT ( ( #3749 ) ) GLOBAL_UNIT_ASSIGNED_CONTEXT ( ( #613, #1616, #2895 ) ) REPRESENTATION_CONTEXT ( 'NONE', 'WORKASPACE' ) );
#1198 = FILL_AREA_STYLE ('',( #4063 ) ) ;
#1199 = MECHANICAL_DESIGN_GEOMETRIC_PRESENTATION_REPRESENTATION (  '', ( #532 ), #3408 ) ;
#1200 = CARTESIAN_POINT ( 'NONE',  ( -0.3799999999999998934, -0.3800000000000000044, 0.4000000000000000222 ) ) ;
#1201 = EDGE_CURVE ( 'NONE', #3859, #1762, #586, .T. ) ;
#1202 = FILL_AREA_STYLE_COLOUR ( '', #556 ) ;
#1203 = CARTESIAN_POINT ( 'NONE',  ( 0.05138284772567499464, -0.04757159925324023347, -0.0000000000000000000 ) ) ;
#1204 =( GEOMETRIC_REPRESENTATION_CONTEXT ( 3 ) GLOBAL_UNCERTAINTY_ASSIGNED_CONTEXT ( ( #2692 ) ) GLOBAL_UNIT_ASSIGNED_CONTEXT ( ( #989, #344, #671 ) ) REPRESENTATION_CONTEXT ( 'NONE', 'WORKASPACE' ) );
#1205 = ORIENTED_EDGE ( 'NONE', *, *, #949, .T. ) ;
#1206 = MECHANICAL_DESIGN_GEOMETRIC_PRESENTATION_REPRESENTATION (  '', ( #3869 ), #1352 ) ;
#1207 = FACE_OUTER_BOUND ( 'NONE', #256, .T. ) ;
#1208 = EDGE_LOOP ( 'NONE', ( #37, #582, #2935, #1726 ) ) ;
#1209 = VECTOR ( 'NONE', #3536, 1000.000000000000114 ) ;
#1210 = VERTEX_POINT ( 'NONE', #1153 ) ;
#1211 = LINE ( 'NONE', #2502, #1024 ) ;
#1212 =( GEOMETRIC_REPRESENTATION_CONTEXT ( 3 ) GLOBAL_UNCERTAINTY_ASSIGNED_CONTEXT ( ( #121 ) ) GLOBAL_UNIT_ASSIGNED_CONTEXT ( ( #2594, #2905, #4123 ) ) REPRESENTATION_CONTEXT ( 'NONE', 'WORKASPACE' ) );
#1213 = DIRECTION ( 'NONE',  ( 0.3222024856061125875, -0.9466707760722534726, 0.0000000000000000000 ) ) ;
#1214 =( GEOMETRIC_REPRESENTATION_CONTEXT ( 3 ) GLOBAL_UNCERTAINTY_ASSIGNED_CONTEXT ( ( #2977 ) ) GLOBAL_UNIT_ASSIGNED_CONTEXT ( ( #3832, #975, #3491 ) ) REPRESENTATION_CONTEXT ( 'NONE', 'WORKASPACE' ) );
#1215 = AXIS2_PLACEMENT_3D ( 'NONE', #3782, #3734, #1896 ) ;
#1216 = EDGE_LOOP ( 'NONE', ( #1524, #2792, #2988, #8 ) ) ;
#1217 = COLOUR_RGB ( '',1.000000000000000000, 1.000000000000000000, 1.000000000000000000 ) ;
#1218 = COLOUR_RGB ( '',1.000000000000000000, 1.000000000000000000, 1.000000000000000000 ) ;
#1219 = CARTESIAN_POINT ( 'NONE',  ( -0.1490416887350867470, 0.02027949517072067873, 0.01000000000000000021 ) ) ;
#1220 = STYLED_ITEM ( 'NONE', ( #1328 ), #1771 ) ;
#1221 = SURFACE_STYLE_USAGE ( .BOTH. , #2917 ) ;
#1222 = CARTESIAN_POINT ( 'NONE',  ( 0.05477760719217691920, -0.04749588633667945620, 0.01000000000000000021 ) ) ;
#1223 = CARTESIAN_POINT ( 'NONE',  ( 0.06885086068046135377, -0.04430187218991737258, 0.01000000000000000021 ) ) ;
#1224 = CARTESIAN_POINT ( 'NONE',  ( -0.2000000000000000111, 0.2000000000000000111, -0.03999999999999998002 ) ) ;
#1225 = EDGE_CURVE ( 'NONE', #2296, #3948, #881, .T. ) ;
#1226 = DIRECTION ( 'NONE',  ( 0.0000000000000000000, 1.000000000000000000, 0.0000000000000000000 ) ) ;
#1227 = CARTESIAN_POINT ( 'NONE',  ( -0.09965661183469302908, -0.04635617222898784362, 6.776263578034402713E-18 ) ) ;
#1228 = FILL_AREA_STYLE ('',( #1202 ) ) ;
#1229 = VERTEX_POINT ( 'NONE', #2597 ) ;
#1230 = CARTESIAN_POINT ( 'NONE',  ( -0.01079513160020685418, -0.001268851547091204681, 0.01000000000000000021 ) ) ;
#1231 = VERTEX_POINT ( 'NONE', #2908 ) ;
#1232 = CARTESIAN_POINT ( 'NONE',  ( -0.1825367474538654167, -0.01834202227879852196, 0.01000000000000000021 ) ) ;
#1233 = FACE_OUTER_BOUND ( 'NONE', #3376, .T. ) ;
#1234 = SURFACE_STYLE_FILL_AREA ( #2108 ) ;
#1235 = CARTESIAN_POINT ( 'NONE',  ( 0.1428634049851590093, -0.03541519301050583685, 0.01000000000000000021 ) ) ;
#1236 = CARTESIAN_POINT ( 'NONE',  ( 0.02213169766808581462, -0.03023226618123754650, 5.082197683525802034E-18 ) ) ;
#1237 = EDGE_LOOP ( 'NONE', ( #2903, #3507, #924, #1010 ) ) ;
#1238 = CARTESIAN_POINT ( 'NONE',  ( -0.07055122916118249099, -0.04639080276660340063, 0.01000000000000000021 ) ) ;
#1239 = CARTESIAN_POINT ( 'NONE',  ( 0.02489730180446151145, -0.03178998495878348346, 6.776263578034402713E-18 ) ) ;
#1240 = CARTESIAN_POINT ( 'NONE',  ( -0.1361912835235612740, -0.03245749545502673444, 0.0000000000000000000 ) ) ;
#1241 = FILL_AREA_STYLE ('',( #4097 ) ) ;
#1242 = CARTESIAN_POINT ( 'NONE',  ( -0.04616098525874346575, -0.001268851547091204681, 0.01000000000000000021 ) ) ;
#1243 = DIRECTION ( 'NONE',  ( 0.0000000000000000000, -1.000000000000000000, 0.0000000000000000000 ) ) ;
#1244 = DIRECTION ( 'NONE',  ( -0.0000000000000000000, -0.0000000000000000000, -1.000000000000000000 ) ) ;
#1245 = EDGE_LOOP ( 'NONE', ( #3057, #2590, #863, #632, #106, #1553, #1154, #3300, #2253, #896, #1205, #2570 ) ) ;
#1246 =( NAMED_UNIT ( * ) PLANE_ANGLE_UNIT ( ) SI_UNIT ( $, .RADIAN. ) );
#1247 = CARTESIAN_POINT ( 'NONE',  ( 0.04566447205832973449, 0.05482870942851855722, 0.01000000000000000021 ) ) ;
#1248 = ORIENTED_EDGE ( 'NONE', *, *, #1190, .F. ) ;
#1249 = LINE ( 'NONE', #3244, #808 ) ;
#1250 = CARTESIAN_POINT ( 'NONE',  ( 0.05344455082265630458, 0.04320584576269213828, 6.776263578034402713E-18 ) ) ;
#1251 = SURFACE_STYLE_USAGE ( .BOTH. , #2595 ) ;
#1252 = ADVANCED_FACE ( 'NONE', ( #2640 ), #1041, .T. ) ;
#1253 = ORIENTED_EDGE ( 'NONE', *, *, #2395, .F. ) ;
#1254 = CARTESIAN_POINT ( 'NONE',  ( -0.1375916218346486808, 0.006113084527637709965, 0.01000000000000000021 ) ) ;
#1255 =( NAMED_UNIT ( * ) SI_UNIT ( $, .STERADIAN. ) SOLID_ANGLE_UNIT ( ) );
#1256 = CARTESIAN_POINT ( 'NONE',  ( 0.1050585269363785157, -0.03541519301050583685, 0.0000000000000000000 ) ) ;
#1257 = CARTESIAN_POINT ( 'NONE',  ( 0.04069893030970700432, -0.03626679359687589449, 0.0000000000000000000 ) ) ;
#1258 =( NAMED_UNIT ( * ) SI_UNIT ( $, .STERADIAN. ) SOLID_ANGLE_UNIT ( ) );
#1259 = CARTESIAN_POINT ( 'NONE',  ( 0.03085947294839677321, -0.03418369990817878706, 6.776263578034402713E-18 ) ) ;
#1260 = EDGE_CURVE ( 'NONE', #2310, #999, #1628, .T. ) ;
#1261 = CARTESIAN_POINT ( 'NONE',  ( 0.09301298715216063662, 0.02330613522558296763, 0.01000000000000000021 ) ) ;
#1262 = DIRECTION ( 'NONE',  ( 1.000000000000000000, 0.0000000000000000000, -0.0000000000000000000 ) ) ;
#1263 = ADVANCED_FACE ( 'NONE', ( #3854 ), #2112, .T. ) ;
#1264 = FACE_OUTER_BOUND ( 'NONE', #1995, .T. ) ;
#1265 = CARTESIAN_POINT ( 'NONE',  ( -0.04860000964898735648, 0.04263358747729904807, 0.01000000000000000021 ) ) ;
#1266 = DIRECTION ( 'NONE',  ( 0.0000000000000000000, 1.000000000000000000, 0.0000000000000000000 ) ) ;
#1267 = ORIENTED_EDGE ( 'NONE', *, *, #832, .T. ) ;
#1268 = CARTESIAN_POINT ( 'NONE',  ( -0.04860000964898735648, 0.05360919723339661186, 0.0000000000000000000 ) ) ;
#1269 = CARTESIAN_POINT ( 'NONE',  ( 0.06707514871924800948, 0.03760439634584518409, 0.01000000000000000021 ) ) ;
#1270 = CARTESIAN_POINT ( 'NONE',  ( 0.3800000000000000600, -0.3800000000000000044, 0.4000000000000000222 ) ) ;
#1271 =( NAMED_UNIT ( * ) PLANE_ANGLE_UNIT ( ) SI_UNIT ( $, .RADIAN. ) );
#1272 = PRESENTATION_LAYER_ASSIGNMENT (  '', '', ( #3007 ) ) ;
#1273 = CARTESIAN_POINT ( 'NONE',  ( -0.01079513160020685418, -0.03541519301050583685, 0.01000000000000000021 ) ) ;
#1274 = CARTESIAN_POINT ( 'NONE',  ( 0.02305093068096945863, -0.03075002159904129811, 0.01000000000000000021 ) ) ;
#1275 = PRESENTATION_STYLE_ASSIGNMENT (( #658 ) ) ;
#1276 = VERTEX_POINT ( 'NONE', #197 ) ;
#1277 = COLOUR_RGB ( '',0.6666666666666666297, 0.6980392156862744724, 0.7686274509803920907 ) ;
#1278 = CARTESIAN_POINT ( 'NONE',  ( 0.07568874371863718031, -0.02333334643745322082, 0.01000000000000000021 ) ) ;
#1279 = CARTESIAN_POINT ( 'NONE',  ( 0.09639315299501929890, 0.007475950574405797536, 0.01000000000000000021 ) ) ;
#1280 = VECTOR ( 'NONE', #1779, 1000.000000000000000 ) ;
#1281 = EDGE_CURVE ( 'NONE', #3983, #3541, #3663, .T. ) ;
#1282 = PRESENTATION_LAYER_ASSIGNMENT (  '', '', ( #3083 ) ) ;
#1283 = ORIENTED_EDGE ( 'NONE', *, *, #1467, .F. ) ;
#1284 = FILL_AREA_STYLE_COLOUR ( '', #2552 ) ;
#1285 =( LENGTH_UNIT ( ) NAMED_UNIT ( * ) SI_UNIT ( .MILLI., .METRE. ) );
#1286 =( LENGTH_UNIT ( ) NAMED_UNIT ( * ) SI_UNIT ( .MILLI., .METRE. ) );
#1287 = VERTEX_POINT ( 'NONE', #806 ) ;
#1288 = STYLED_ITEM ( 'NONE', ( #2947 ), #661 ) ;
#1289 = MECHANICAL_DESIGN_GEOMETRIC_PRESENTATION_REPRESENTATION (  '', ( #2007 ), #1416 ) ;
#1290 = EDGE_CURVE ( 'NONE', #3390, #1985, #2079, .T. ) ;
#1291 = AXIS2_PLACEMENT_3D ( 'NONE', #2707, #784, #1750 ) ;
#1292 = CARTESIAN_POINT ( 'NONE',  ( -0.1026078974654620335, -0.03531908256786485401, 0.0000000000000000000 ) ) ;
#1293 = FILL_AREA_STYLE_COLOUR ( '', #3669 ) ;
#1294 = VERTEX_POINT ( 'NONE', #1770 ) ;
#1295 = DIRECTION ( 'NONE',  ( -0.0000000000000000000, -0.0000000000000000000, -1.000000000000000000 ) ) ;
#1296 = VECTOR ( 'NONE', #1974, 1000.000000000000000 ) ;
#1297 = CARTESIAN_POINT ( 'NONE',  ( 0.07727585448604339102, 0.02662672593830074305, 0.01000000000000000021 ) ) ;
#1298 = FILL_AREA_STYLE_COLOUR ( '', #1811 ) ;
#1299 = DIRECTION ( 'NONE',  ( 0.0000000000000000000, -1.000000000000000000, 0.0000000000000000000 ) ) ;
#1300 = VECTOR ( 'NONE', #3552, 1000.000000000000000 ) ;
#1301 =( NAMED_UNIT ( * ) PLANE_ANGLE_UNIT ( ) SI_UNIT ( $, .RADIAN. ) );
#1302 = CARTESIAN_POINT ( 'NONE',  ( 0.08310730742418338812, 0.002542124062664896482, 6.776263578034402713E-18 ) ) ;
#1303 = PRESENTATION_STYLE_ASSIGNMENT (( #1604 ) ) ;
#1304 = DIRECTION ( 'NONE',  ( -1.000000000000000000, 0.0000000000000000000, 0.0000000000000000000 ) ) ;
#1305 = DIRECTION ( 'NONE',  ( 0.0000000000000000000, 1.000000000000000000, 0.0000000000000000000 ) ) ;
#1306 = DIRECTION ( 'NONE',  ( 0.3363908276654490881, -0.9417224702971432881, 0.0000000000000000000 ) ) ;
#1307 = ORIENTED_EDGE ( 'NONE', *, *, #1942, .F. ) ;
#1308 = CARTESIAN_POINT ( 'NONE',  ( 0.02305093068096945863, -0.03075002159904129811, 6.776263578034402713E-18 ) ) ;
#1309 = CARTESIAN_POINT ( 'NONE',  ( 0.07454862789250274457, 0.04668353948499436024, 1.016439536705160407E-17 ) ) ;
#1310 = ORIENTED_EDGE ( 'NONE', *, *, #3872, .F. ) ;
#1311 = SURFACE_STYLE_FILL_AREA ( #1241 ) ;
#1312 = LINE ( 'NONE', #3823, #3615 ) ;
#1313 = ADVANCED_FACE ( 'NONE', ( #3050 ), #1635, .T. ) ;
#1314 = CARTESIAN_POINT ( 'NONE',  ( -0.1375916218346486808, 0.006113084527637709965, 0.01000000000000000021 ) ) ;
#1315 = ORIENTED_EDGE ( 'NONE', *, *, #156, .T. ) ;
#1316 = ORIENTED_EDGE ( 'NONE', *, *, #3636, .T. ) ;
#1317 = CARTESIAN_POINT ( 'NONE',  ( 0.02455056108977968221, 0.05184716478624051134, 0.01000000000000000021 ) ) ;
#1318 = CARTESIAN_POINT ( 'NONE',  ( 0.08171027222496268783, 0.01563811251928537080, 6.776263578034402713E-18 ) ) ;
#1319 = CARTESIAN_POINT ( 'NONE',  ( -0.09965661183469302908, -0.04635617222898784362, 0.01000000000000000021 ) ) ;
#1320 = DIRECTION ( 'NONE',  ( -0.0000000000000000000, -0.0000000000000000000, -1.000000000000000000 ) ) ;
#1321 = ADVANCED_FACE ( 'NONE', ( #2438 ), #2183, .T. ) ;
#1322 = CARTESIAN_POINT ( 'NONE',  ( -0.01079513160020685418, -0.001268851547091204681, 0.0000000000000000000 ) ) ;
#1323 = DIRECTION ( 'NONE',  ( 0.0000000000000000000, -1.000000000000000000, 0.0000000000000000000 ) ) ;
#1324 = CARTESIAN_POINT ( 'NONE',  ( 0.02782875764994997489, -0.03306629379744156771, 0.01000000000000000021 ) ) ;
#1325 = FILL_AREA_STYLE_COLOUR ( '', #83 ) ;
#1326 = ORIENTED_EDGE ( 'NONE', *, *, #1099, .F. ) ;
#1327 = FILL_AREA_STYLE ('',( #2913 ) ) ;
#1328 = PRESENTATION_STYLE_ASSIGNMENT (( #4115 ) ) ;
#1329 = ORIENTED_EDGE ( 'NONE', *, *, #4012, .T. ) ;
#1330 = CARTESIAN_POINT ( 'NONE',  ( -0.09816174745386538336, -0.03541519301050583685, 0.0000000000000000000 ) ) ;
#1331 = DIRECTION ( 'NONE',  ( 1.000000000000000000, 0.0000000000000000000, -0.0000000000000000000 ) ) ;
#1332 = CARTESIAN_POINT ( 'NONE',  ( -0.2238477230636215232, -0.01834202227879852196, 0.0000000000000000000 ) ) ;
#1333 = ORIENTED_EDGE ( 'NONE', *, *, #3963, .F. ) ;
#1334 = CARTESIAN_POINT ( 'NONE',  ( 0.09642952427870772614, -0.003635561928811995025, 6.776263578034402713E-18 ) ) ;
#1335 = ORIENTED_EDGE ( 'NONE', *, *, #3193, .T. ) ;
#1336 = CARTESIAN_POINT ( 'NONE',  ( 0.06707514871924800948, 0.03760439634584518409, 6.776263578034402713E-18 ) ) ;
#1337 = ADVANCED_FACE ( 'NONE', ( #891 ), #1074, .T. ) ;
#1338 = SURFACE_STYLE_USAGE ( .BOTH. , #3551 ) ;
#1339 =( LENGTH_UNIT ( ) NAMED_UNIT ( * ) SI_UNIT ( .MILLI., .METRE. ) );
#1340 = DIRECTION ( 'NONE',  ( 1.000000000000000000, 0.0000000000000000000, 0.0000000000000000000 ) ) ;
#1341 = EDGE_CURVE ( 'NONE', #1864, #4033, #85, .T. ) ;
#1342 = MANIFOLD_SOLID_BREP ( 'ÇÐ³ý-À­Éì2', #3942 ) ;
#1343 = ORIENTED_EDGE ( 'NONE', *, *, #1741, .T. ) ;
#1344 = PRESENTATION_LAYER_ASSIGNMENT (  '', '', ( #3268 ) ) ;
#1345 = CARTESIAN_POINT ( 'NONE',  ( -0.2095756194050849286, 0.05360919723339661186, 0.01000000000000000021 ) ) ;
#1346 = FACE_OUTER_BOUND ( 'NONE', #1834, .T. ) ;
#1347 =( NAMED_UNIT ( * ) SI_UNIT ( $, .STERADIAN. ) SOLID_ANGLE_UNIT ( ) );
#1348 = CARTESIAN_POINT ( 'NONE',  ( -0.2027539730636215010, 0.04141407528217708883, 0.01000000000000000021 ) ) ;
#1349 = SURFACE_STYLE_FILL_AREA ( #731 ) ;
#1350 = FILL_AREA_STYLE ('',( #1963 ) ) ;
#1351 = MECHANICAL_DESIGN_GEOMETRIC_PRESENTATION_REPRESENTATION (  '', ( #3144 ), #610 ) ;
#1352 =( GEOMETRIC_REPRESENTATION_CONTEXT ( 3 ) GLOBAL_UNCERTAINTY_ASSIGNED_CONTEXT ( ( #2322 ) ) GLOBAL_UNIT_ASSIGNED_CONTEXT ( ( #1882, #2174, #2567 ) ) REPRESENTATION_CONTEXT ( 'NONE', 'WORKASPACE' ) );
#1353 = UNCERTAINTY_MEASURE_WITH_UNIT (LENGTH_MEASURE( 1.000000000000000082E-05 ), #317, 'distance_accuracy_value', 'NONE');
#1354 = DIRECTION ( 'NONE',  ( 0.0000000000000000000, -1.000000000000000000, 0.0000000000000000000 ) ) ;
#1355 = AXIS2_PLACEMENT_3D ( 'NONE', #1880, #2839, #922 ) ;
#1356 = COLOUR_RGB ( '',1.000000000000000000, 1.000000000000000000, 1.000000000000000000 ) ;
#1357 = EDGE_LOOP ( 'NONE', ( #3203, #370 ) ) ;
#1358 = DIRECTION ( 'NONE',  ( 2.139872708852968837E-16, -1.000000000000000000, 0.0000000000000000000 ) ) ;
#1359 = CARTESIAN_POINT ( 'NONE',  ( 0.08307267597623892164, 0.004086733156946732032, 0.01000000000000000021 ) ) ;
#1360 =( GEOMETRIC_REPRESENTATION_CONTEXT ( 3 ) GLOBAL_UNCERTAINTY_ASSIGNED_CONTEXT ( ( #1094 ) ) GLOBAL_UNIT_ASSIGNED_CONTEXT ( ( #1715, #1092, #3901 ) ) REPRESENTATION_CONTEXT ( 'NONE', 'WORKASPACE' ) );
#1361 = CARTESIAN_POINT ( 'NONE',  ( -0.1427135614271780040, 0.03324662565844439116, 0.01000000000000000021 ) ) ;
#1362 = VECTOR ( 'NONE', #3608, 1000.000000000000000 ) ;
#1363 = VECTOR ( 'NONE', #2686, 1000.000000000000000 ) ;
#1364 = EDGE_CURVE ( 'NONE', #2916, #2603, #1592, .T. ) ;
#1365 = DIRECTION ( 'NONE',  ( 1.000000000000000000, 0.0000000000000000000, 0.0000000000000000000 ) ) ;
#1366 =( NAMED_UNIT ( * ) PLANE_ANGLE_UNIT ( ) SI_UNIT ( $, .RADIAN. ) );
#1367 = VECTOR ( 'NONE', #1901, 1000.000000000000000 ) ;
#1368 = STYLED_ITEM ( 'NONE', ( #2147 ), #3657 ) ;
#1369 = AXIS2_PLACEMENT_3D ( 'NONE', #2223, #3530, #3762 ) ;
#1370 = EDGE_LOOP ( 'NONE', ( #652, #2451, #1793 ) ) ;
#1371 = SPHERICAL_SURFACE ( 'NONE', #3746, 0.1100000000000000006 ) ;
#1372 = CARTESIAN_POINT ( 'NONE',  ( 0.06586640629180066930, 0.05127834001496729688, 1.016439536705160407E-17 ) ) ;
#1373 = CARTESIAN_POINT ( 'NONE',  ( -0.2028926426638608949, 0.04064533788507773693, 6.776263578034402713E-18 ) ) ;
#1374 = CARTESIAN_POINT ( 'NONE',  ( -0.1316575874781930611, 0.02775373221723648545, 0.01000000000000000021 ) ) ;
#1375 = CARTESIAN_POINT ( 'NONE',  ( -0.1474194581017022054, -0.01608046198117697029, 6.776263578034402713E-18 ) ) ;
#1376 = PLANE ( 'NONE',  #3479 ) ;
#1377 = CARTESIAN_POINT ( 'NONE',  ( 0.06396601631937579024, 0.03955277707705615736, 0.0000000000000000000 ) ) ;
#1378 =( NAMED_UNIT ( * ) PLANE_ANGLE_UNIT ( ) SI_UNIT ( $, .RADIAN. ) );
#1379 = PRESENTATION_STYLE_ASSIGNMENT (( #3932 ) ) ;
#1380 =( NAMED_UNIT ( * ) SI_UNIT ( $, .STERADIAN. ) SOLID_ANGLE_UNIT ( ) );
#1381 = DIRECTION ( 'NONE',  ( 0.0000000000000000000, -1.000000000000000000, 0.0000000000000000000 ) ) ;
#1382 = LINE ( 'NONE', #2973, #1538 ) ;
#1383 = EDGE_LOOP ( 'NONE', ( #2866, #2807, #1389, #1343 ) ) ;
#1384 = CARTESIAN_POINT ( 'NONE',  ( 0.03270314236741977965, 0.05386203100650190784, 0.0000000000000000000 ) ) ;
#1385 =( NAMED_UNIT ( * ) PLANE_ANGLE_UNIT ( ) SI_UNIT ( $, .RADIAN. ) );
#1386 = DIRECTION ( 'NONE',  ( 0.0000000000000000000, 0.0000000000000000000, -1.000000000000000000 ) ) ;
#1387 = CARTESIAN_POINT ( 'NONE',  ( 0.0000000000000000000, 0.0000000000000000000, 0.0000000000000000000 ) ) ;
#1388 =( LENGTH_UNIT ( ) NAMED_UNIT ( * ) SI_UNIT ( .MILLI., .METRE. ) );
#1389 = ORIENTED_EDGE ( 'NONE', *, *, #55, .T. ) ;
#1390 = UNCERTAINTY_MEASURE_WITH_UNIT (LENGTH_MEASURE( 1.000000000000000082E-05 ), #3172, 'distance_accuracy_value', 'NONE');
#1391 = ADVANCED_FACE ( 'NONE', ( #3895 ), #1371, .T. ) ;
#1392 = CARTESIAN_POINT ( 'NONE',  ( -0.1361912835235612740, -0.03245749545502673444, 0.01000000000000000021 ) ) ;
#1393 = ORIENTED_EDGE ( 'NONE', *, *, #1201, .F. ) ;
#1394 = CARTESIAN_POINT ( 'NONE',  ( 0.06209343302810366866, -0.03405441637662690729, 0.01000000000000000021 ) ) ;
#1395 = CARTESIAN_POINT ( 'NONE',  ( 0.08307267597623892164, 0.004086733156946732032, 0.01000000000000000021 ) ) ;
#1396 = ORIENTED_EDGE ( 'NONE', *, *, #3771, .F. ) ;
#1397 = CARTESIAN_POINT ( 'NONE',  ( 0.04177303464634844060, -0.04724616930582498098, 0.0000000000000000000 ) ) ;
#1398 = CARTESIAN_POINT ( 'NONE',  ( -0.1375916218346486808, 0.006113084527637709965, -0.0000000000000000000 ) ) ;
#1399 = PRESENTATION_STYLE_ASSIGNMENT (( #2683 ) ) ;
#1400 = PLANE ( 'NONE',  #3619 ) ;
#1401 = EDGE_LOOP ( 'NONE', ( #3717, #516, #2798, #3051 ) ) ;
#1402 = CARTESIAN_POINT ( 'NONE',  ( 0.02213169766808581462, -0.04120787593733511028, 0.01000000000000000021 ) ) ;
#1403 = PLANE ( 'NONE',  #878 ) ;
#1404 = DIRECTION ( 'NONE',  ( 0.0000000000000000000, -1.000000000000000000, 0.0000000000000000000 ) ) ;
#1405 = AXIS2_PLACEMENT_3D ( 'NONE', #3613, #1422, #3316 ) ;
#1406 = ORIENTED_EDGE ( 'NONE', *, *, #3069, .F. ) ;
#1407 = EDGE_CURVE ( 'NONE', #1287, #3483, #1727, .T. ) ;
#1408 = VECTOR ( 'NONE', #2610, 1000.000000000000000 ) ;
#1409 = CARTESIAN_POINT ( 'NONE',  ( -0.1361912835235612740, -0.03245749545502673444, 6.776263578034402713E-18 ) ) ;
#1410 = VECTOR ( 'NONE', #1568, 1000.000000000000000 ) ;
#1411 = VERTEX_POINT ( 'NONE', #4066 ) ;
#1412 = EDGE_CURVE ( 'NONE', #3788, #1800, #2641, .T. ) ;
#1413 = CARTESIAN_POINT ( 'NONE',  ( 0.08310730742418338812, 0.002542124062664896482, 0.01000000000000000021 ) ) ;
#1414 =( GEOMETRIC_REPRESENTATION_CONTEXT ( 3 ) GLOBAL_UNCERTAINTY_ASSIGNED_CONTEXT ( ( #2733 ) ) GLOBAL_UNIT_ASSIGNED_CONTEXT ( ( #908, #3846, #1596 ) ) REPRESENTATION_CONTEXT ( 'NONE', 'WORKASPACE' ) );
#1415 = STYLED_ITEM ( 'NONE', ( #4028 ), #2948 ) ;
#1416 =( GEOMETRIC_REPRESENTATION_CONTEXT ( 3 ) GLOBAL_UNCERTAINTY_ASSIGNED_CONTEXT ( ( #3601 ) ) GLOBAL_UNIT_ASSIGNED_CONTEXT ( ( #911, #3643, #3465 ) ) REPRESENTATION_CONTEXT ( 'NONE', 'WORKASPACE' ) );
#1417 = CARTESIAN_POINT ( 'NONE',  ( 0.03040280409460474967, 0.04139241211214545607, 6.776263578034402713E-18 ) ) ;
#1418 = VECTOR ( 'NONE', #3032, 1000.000000000000000 ) ;
#1419 = SURFACE_SIDE_STYLE ('',( #101 ) ) ;
#1420 = CARTESIAN_POINT ( 'NONE',  ( -0.1269429059301462881, 0.03313716113352941500, 0.0000000000000000000 ) ) ;
#1421 = UNCERTAINTY_MEASURE_WITH_UNIT (LENGTH_MEASURE( 1.000000000000000082E-05 ), #192, 'distance_accuracy_value', 'NONE');
#1422 = DIRECTION ( 'NONE',  ( 0.0000000000000000000, 0.0000000000000000000, 1.000000000000000000 ) ) ;
#1423 =( GEOMETRIC_REPRESENTATION_CONTEXT ( 3 ) GLOBAL_UNCERTAINTY_ASSIGNED_CONTEXT ( ( #1012 ) ) GLOBAL_UNIT_ASSIGNED_CONTEXT ( ( #2355, #415, #451 ) ) REPRESENTATION_CONTEXT ( 'NONE', 'WORKASPACE' ) );
#1424 = PRESENTATION_LAYER_ASSIGNMENT (  '', '', ( #149 ) ) ;
#1425 = AXIS2_PLACEMENT_3D ( 'NONE', #3123, #1904, #2822 ) ;
#1426 = CARTESIAN_POINT ( 'NONE',  ( 0.04240538939032054144, 0.04380555326742550243, 0.0000000000000000000 ) ) ;
#1427 = ORIENTED_EDGE ( 'NONE', *, *, #3707, .F. ) ;
#1428 = PRESENTATION_LAYER_ASSIGNMENT (  '', '', ( #2087 ) ) ;
#1429 = SURFACE_STYLE_FILL_AREA ( #141 ) ;
#1430 = CARTESIAN_POINT ( 'NONE',  ( 0.1428634049851590093, -0.03541519301050583685, 0.01000000000000000021 ) ) ;
#1431 = MECHANICAL_DESIGN_GEOMETRIC_PRESENTATION_REPRESENTATION (  '', ( #3225 ), #292 ) ;
#1432 = CARTESIAN_POINT ( 'NONE',  ( 0.03040280409460474967, 0.04139241211214545607, 0.01000000000000000021 ) ) ;
#1433 = CARTESIAN_POINT ( 'NONE',  ( 0.07935894010252558806, -0.01707012718864760539, 0.0000000000000000000 ) ) ;
#1434 = SURFACE_SIDE_STYLE ('',( #2059 ) ) ;
#1435 = ORIENTED_EDGE ( 'NONE', *, *, #594, .F. ) ;
#1436 = COLOUR_RGB ( '',1.000000000000000000, 1.000000000000000000, 1.000000000000000000 ) ;
#1437 = UNCERTAINTY_MEASURE_WITH_UNIT (LENGTH_MEASURE( 1.000000000000000082E-05 ), #1285, 'distance_accuracy_value', 'NONE');
#1438 = DIRECTION ( 'NONE',  ( 0.0000000000000000000, -1.000000000000000000, 0.0000000000000000000 ) ) ;
#1439 = VERTEX_POINT ( 'NONE', #1169 ) ;
#1440 = DIRECTION ( 'NONE',  ( -0.3635424856527063042, -0.9315776194850602376, 0.0000000000000000000 ) ) ;
#1441 = CARTESIAN_POINT ( 'NONE',  ( -0.1323527105336427256, 0.04352414530191735936, 1.016439536705160407E-17 ) ) ;
#1442 = CARTESIAN_POINT ( 'NONE',  ( 0.05477760719217691920, -0.04749588633667945620, 0.01000000000000000021 ) ) ;
#1443 = CARTESIAN_POINT ( 'NONE',  ( 0.02478773661812945853, 0.03899401935212686715, 6.776263578034402713E-18 ) ) ;
#1444 = CARTESIAN_POINT ( 'NONE',  ( -0.2017213003961746132, 0.03747189255901573618, 0.0000000000000000000 ) ) ;
#1445 = FILL_AREA_STYLE ('',( #2486 ) ) ;
#1446 = SURFACE_SIDE_STYLE ('',( #1104 ) ) ;
#1447 = EDGE_CURVE ( 'NONE', #1464, #1018, #1777, .T. ) ;
#1448 = ORIENTED_EDGE ( 'NONE', *, *, #4059, .T. ) ;
#1449 = DIRECTION ( 'NONE',  ( -1.000000000000000000, -0.0000000000000000000, -0.0000000000000000000 ) ) ;
#1450 = DIRECTION ( 'NONE',  ( 0.0000000000000000000, -1.000000000000000000, 0.0000000000000000000 ) ) ;
#1451 = FACE_OUTER_BOUND ( 'NONE', #123, .T. ) ;
#1452 = CARTESIAN_POINT ( 'NONE',  ( 0.04565256153946330858, -0.04756346760696626014, 6.776263578034402713E-18 ) ) ;
#1453 = EDGE_LOOP ( 'NONE', ( #2560, #1595, #1448, #1329 ) ) ;
#1454 = SURFACE_STYLE_FILL_AREA ( #167 ) ;
#1455 = LINE ( 'NONE', #795, #669 ) ;
#1456 = CARTESIAN_POINT ( 'NONE',  ( -0.1094933109387986048, 0.05287806264269080680, 0.0000000000000000000 ) ) ;
#1457 = CARTESIAN_POINT ( 'NONE',  ( -0.1214888908880460694, -0.02955907155381502782, 6.776263578034402713E-18 ) ) ;
#1458 = ORIENTED_EDGE ( 'NONE', *, *, #1515, .F. ) ;
#1459 =( NAMED_UNIT ( * ) SI_UNIT ( $, .STERADIAN. ) SOLID_ANGLE_UNIT ( ) );
#1460 = CARTESIAN_POINT ( 'NONE',  ( -0.1583561072099629874, -0.04639080276660340063, 0.01000000000000000021 ) ) ;
#1461 = CARTESIAN_POINT ( 'NONE',  ( 0.05138284772567499464, -0.04757159925324023347, 0.01000000000000000021 ) ) ;
#1462 = CARTESIAN_POINT ( 'NONE',  ( 0.04555014279003703065, 0.04385309967242099344, 6.776263578034402713E-18 ) ) ;
#1463 = FILL_AREA_STYLE_COLOUR ( '', #22 ) ;
#1464 = VERTEX_POINT ( 'NONE', #1119 ) ;
#1465 = CARTESIAN_POINT ( 'NONE',  ( 0.02213169766808581462, -0.04120787593733511028, 0.0000000000000000000 ) ) ;
#1466 = CARTESIAN_POINT ( 'NONE',  ( -0.1108360555818056065, 0.04136992682299811541, 0.0000000000000000000 ) ) ;
#1467 = EDGE_CURVE ( 'NONE', #851, #210, #203, .T. ) ;
#1468 = DIRECTION ( 'NONE',  ( -0.0000000000000000000, -0.0000000000000000000, -1.000000000000000000 ) ) ;
#1469 = SURFACE_STYLE_FILL_AREA ( #1198 ) ;
#1470 = PRESENTATION_STYLE_ASSIGNMENT (( #1728 ) ) ;
#1471 = ADVANCED_FACE ( 'NONE', ( #3361 ), #522, .T. ) ;
#1472 = CARTESIAN_POINT ( 'NONE',  ( 0.02798329055128825557, -0.04405657157507332500, 6.776263578034402713E-18 ) ) ;
#1473 = ORIENTED_EDGE ( 'NONE', *, *, #897, .T. ) ;
#1474 = FACE_BOUND ( 'NONE', #118, .T. ) ;
#1475 = UNCERTAINTY_MEASURE_WITH_UNIT (LENGTH_MEASURE( 1.000000000000000082E-05 ), #320, 'distance_accuracy_value', 'NONE');
#1476 = CARTESIAN_POINT ( 'NONE',  ( -0.1318284445408947902, -0.01913145615366455138, 0.01000000000000000021 ) ) ;
#1477 =( NAMED_UNIT ( * ) SI_UNIT ( $, .STERADIAN. ) SOLID_ANGLE_UNIT ( ) );
#1478 = STYLED_ITEM ( 'NONE', ( #3397 ), #2015 ) ;
#1479 = PRESENTATION_LAYER_ASSIGNMENT (  '', '', ( #1805 ) ) ;
#1480 = FILL_AREA_STYLE_COLOUR ( '', #2008 ) ;
#1481 = PRESENTATION_LAYER_ASSIGNMENT (  '', '', ( #3275 ) ) ;
#1482 = DIRECTION ( 'NONE',  ( -0.0000000000000000000, -0.0000000000000000000, -1.000000000000000000 ) ) ;
#1483 =( GEOMETRIC_REPRESENTATION_CONTEXT ( 3 ) GLOBAL_UNCERTAINTY_ASSIGNED_CONTEXT ( ( #1678 ) ) GLOBAL_UNIT_ASSIGNED_CONTEXT ( ( #2786, #1022, #2906 ) ) REPRESENTATION_CONTEXT ( 'NONE', 'WORKASPACE' ) );
#1484 = SURFACE_STYLE_FILL_AREA ( #2143 ) ;
#1485 = AXIS2_PLACEMENT_3D ( 'NONE', #2978, #2674, #3922 ) ;
#1486 =( NAMED_UNIT ( * ) SI_UNIT ( $, .STERADIAN. ) SOLID_ANGLE_UNIT ( ) );
#1487 = FILL_AREA_STYLE_COLOUR ( '', #955 ) ;
#1488 = MECHANICAL_DESIGN_GEOMETRIC_PRESENTATION_REPRESENTATION (  '', ( #2562 ), #3950 ) ;
#1489 =( NAMED_UNIT ( * ) SI_UNIT ( $, .STERADIAN. ) SOLID_ANGLE_UNIT ( ) );
#1490 = STYLED_ITEM ( 'NONE', ( #2198 ), #1337 ) ;
#1491 = PRESENTATION_STYLE_ASSIGNMENT (( #3388 ) ) ;
#1492 = ORIENTED_EDGE ( 'NONE', *, *, #2516, .T. ) ;
#1493 = EDGE_CURVE ( 'NONE', #492, #1824, #1603, .T. ) ;
#1494 = AXIS2_PLACEMENT_3D ( 'NONE', #1641, #708, #3248 ) ;
#1495 = MECHANICAL_DESIGN_GEOMETRIC_PRESENTATION_REPRESENTATION (  '', ( #957 ), #1027 ) ;
#1496 = CARTESIAN_POINT ( 'NONE',  ( -0.1272367335651519715, -0.02494298356134686673, 6.776263578034402713E-18 ) ) ;
#1497 = ORIENTED_EDGE ( 'NONE', *, *, #251, .F. ) ;
#1498 = CARTESIAN_POINT ( 'NONE',  ( 0.05101374096779068973, 0.05470424928933645403, 0.0000000000000000000 ) ) ;
#1499 =( NAMED_UNIT ( * ) PLANE_ANGLE_UNIT ( ) SI_UNIT ( $, .RADIAN. ) );
#1500 = VERTEX_POINT ( 'NONE', #2166 ) ;
#1501 = SURFACE_STYLE_FILL_AREA ( #2184 ) ;
#1502 = CARTESIAN_POINT ( 'NONE',  ( -0.2035144901860324040, 0.03728352072161266600, 0.01000000000000000021 ) ) ;
#1503 = UNCERTAINTY_MEASURE_WITH_UNIT (LENGTH_MEASURE( 1.000000000000000082E-05 ), #2574, 'distance_accuracy_value', 'NONE');
#1504 = FILL_AREA_STYLE ('',( #1812 ) ) ;
#1505 = VERTEX_POINT ( 'NONE', #1928 ) ;
#1506 = CARTESIAN_POINT ( 'NONE',  ( 0.3799999999999999489, 0.3800000000000000044, 0.4000000000000000222 ) ) ;
#1507 = CARTESIAN_POINT ( 'NONE',  ( -0.1335135706282128409, 0.02461247937432703078, 0.01000000000000000021 ) ) ;
#1508 = DIRECTION ( 'NONE',  ( 1.000000000000000000, 0.0000000000000000000, 0.0000000000000000000 ) ) ;
#1509 = CARTESIAN_POINT ( 'NONE',  ( 0.03402183234616367596, -0.03507330019317827369, 0.0000000000000000000 ) ) ;
#1510 = ORIENTED_EDGE ( 'NONE', *, *, #2261, .T. ) ;
#1511 = DIRECTION ( 'NONE',  ( 0.0000000000000000000, 0.0000000000000000000, 1.000000000000000000 ) ) ;
#1512 = EDGE_CURVE ( 'NONE', #1934, #1411, #3763, .T. ) ;
#1513 = CARTESIAN_POINT ( 'NONE',  ( -0.1182159295952848327, -0.03136463140144475636, 6.776263578034402713E-18 ) ) ;
#1514 = CARTESIAN_POINT ( 'NONE',  ( -0.1453181674610445895, 0.02921973519814992717, 0.01000000000000000021 ) ) ;
#1515 = EDGE_CURVE ( 'NONE', #1585, #1276, #3835, .T. ) ;
#1516 = CARTESIAN_POINT ( 'NONE',  ( 0.08942953651661190995, -0.02680088855133423709, 6.776263578034402713E-18 ) ) ;
#1517 = EDGE_LOOP ( 'NONE', ( #2017, #2054, #2838, #2773 ) ) ;
#1518 = DIRECTION ( 'NONE',  ( 1.000000000000000000, 0.0000000000000000000, -0.0000000000000000000 ) ) ;
#1519 = EDGE_LOOP ( 'NONE', ( #2325, #3409, #2366, #3735 ) ) ;
#1520 = DIRECTION ( 'NONE',  ( -0.3363908276654491436, 0.9417224702971433992, 0.0000000000000000000 ) ) ;
#1521 = DIRECTION ( 'NONE',  ( 0.3393303772748785807, 0.9406672605435402179, 0.0000000000000000000 ) ) ;
#1522 =( NAMED_UNIT ( * ) PLANE_ANGLE_UNIT ( ) SI_UNIT ( $, .RADIAN. ) );
#1523 = CARTESIAN_POINT ( 'NONE',  ( 0.08310730742418338812, 0.002542124062664896482, 0.01000000000000000021 ) ) ;
#1524 = ORIENTED_EDGE ( 'NONE', *, *, #4039, .F. ) ;
#1525 = VERTEX_POINT ( 'NONE', #912 ) ;
#1526 = APPLICATION_CONTEXT ( 'automotive_design' ) ;
#1527 = FILL_AREA_STYLE_COLOUR ( '', #2152 ) ;
#1528 = B_SPLINE_CURVE_WITH_KNOTS ( 'NONE', 3,
 ( #3092, #223, #4062, #1502, #2785, #4044, #3729 ),
 .UNSPECIFIED., .F., .F.,
 ( 4, 1, 1, 1, 4 ),
 ( 0.0000000000000000000, 0.1744817153170503676, 0.3982857591281118714, 0.6738978473986658724, 0.9999999999999998890 ),
 .UNSPECIFIED. ) ;
#1529 = ORIENTED_EDGE ( 'NONE', *, *, #2868, .F. ) ;
#1530 = ORIENTED_EDGE ( 'NONE', *, *, #160, .T. ) ;
#1531 = CARTESIAN_POINT ( 'NONE',  ( 0.04829974220716565236, -0.04759451458068605922, 0.01000000000000000021 ) ) ;
#1532 = VERTEX_POINT ( 'NONE', #3466 ) ;
#1533 = ADVANCED_FACE ( 'NONE', ( #600 ), #1869, .F. ) ;
#1534 = CARTESIAN_POINT ( 'NONE',  ( -0.04860000964898735648, 0.05360919723339661186, 0.01000000000000000021 ) ) ;
#1535 = CARTESIAN_POINT ( 'NONE',  ( -0.07055122916118249099, -0.04639080276660340063, 0.01000000000000000021 ) ) ;
#1536 = CARTESIAN_POINT ( 'NONE',  ( -0.1272367335651519715, -0.02494298356134686673, 0.0000000000000000000 ) ) ;
#1537 = ORIENTED_EDGE ( 'NONE', *, *, #2381, .T. ) ;
#1538 = VECTOR ( 'NONE', #811, 1000.000000000000000 ) ;
#1539 =( NAMED_UNIT ( * ) SI_UNIT ( $, .STERADIAN. ) SOLID_ANGLE_UNIT ( ) );
#1540 = UNCERTAINTY_MEASURE_WITH_UNIT (LENGTH_MEASURE( 1.000000000000000082E-05 ), #758, 'distance_accuracy_value', 'NONE');
#1541 = COLOUR_RGB ( '',0.2980392156862745057, 0.2980392156862745057, 0.2980392156862745057 ) ;
#1542 = CARTESIAN_POINT ( 'NONE',  ( 0.1562780391315004846, 0.05360919723339661186, 0.01000000000000000021 ) ) ;
#1543 = ORIENTED_EDGE ( 'NONE', *, *, #3610, .F. ) ;
#1544 =( GEOMETRIC_REPRESENTATION_CONTEXT ( 3 ) GLOBAL_UNCERTAINTY_ASSIGNED_CONTEXT ( ( #2416 ) ) GLOBAL_UNIT_ASSIGNED_CONTEXT ( ( #3282, #3323, #3368 ) ) REPRESENTATION_CONTEXT ( 'NONE', 'WORKASPACE' ) );
#1545 = SURFACE_SIDE_STYLE ('',( #1429 ) ) ;
#1546 = DIRECTION ( 'NONE',  ( 1.000000000000000000, 0.0000000000000000000, 0.0000000000000000000 ) ) ;
#1547 = DIRECTION ( 'NONE',  ( -0.0000000000000000000, -0.0000000000000000000, -1.000000000000000000 ) ) ;
#1548 = SURFACE_STYLE_FILL_AREA ( #564 ) ;
#1549 = CARTESIAN_POINT ( 'NONE',  ( -0.2008294303806947012, 0.03440188016022587003, 0.0000000000000000000 ) ) ;
#1550 = STYLED_ITEM ( 'NONE', ( #315 ), #2992 ) ;
#1551 = VECTOR ( 'NONE', #4035, 1000.000000000000000 ) ;
#1552 = CARTESIAN_POINT ( 'NONE',  ( 0.02305093068096945863, -0.03075002159904129811, -0.0000000000000000000 ) ) ;
#1553 = ORIENTED_EDGE ( 'NONE', *, *, #3076, .T. ) ;
#1554 = CARTESIAN_POINT ( 'NONE',  ( 0.04069893030970700432, -0.03626679359687589449, 6.776263578034402713E-18 ) ) ;
#1555 = MECHANICAL_DESIGN_GEOMETRIC_PRESENTATION_REPRESENTATION (  '', ( #1490 ), #1360 ) ;
#1556 = CARTESIAN_POINT ( 'NONE',  ( -0.1396814884803984358, -0.02882333972821782969, 0.0000000000000000000 ) ) ;
#1557 = DIRECTION ( 'NONE',  ( 0.0000000000000000000, 0.0000000000000000000, 1.000000000000000000 ) ) ;
#1558 = DIRECTION ( 'NONE',  ( 0.3390537954853694580, 0.9407669869669987861, 0.0000000000000000000 ) ) ;
#1559 = MECHANICAL_DESIGN_GEOMETRIC_PRESENTATION_REPRESENTATION (  '', ( #87 ), #1423 ) ;
#1560 = VERTEX_POINT ( 'NONE', #3293 ) ;
#1561 = AXIS2_PLACEMENT_3D ( 'NONE', #686, #3890, #1644 ) ;
#1562 = MECHANICAL_DESIGN_GEOMETRIC_PRESENTATION_REPRESENTATION (  '', ( #3751 ), #2636 ) ;
#1563 = CARTESIAN_POINT ( 'NONE',  ( -0.2042974181855727600, 0.03440188016022587697, 6.776263578034402713E-18 ) ) ;
#1564 = FILL_AREA_STYLE ('',( #277 ) ) ;
#1565 = CARTESIAN_POINT ( 'NONE',  ( 0.09652194157052484957, 0.001722764306567337381, 0.01000000000000000021 ) ) ;
#1566 = CARTESIAN_POINT ( 'NONE',  ( 0.06442848105673179560, -0.04579577962111081035, 0.01000000000000000021 ) ) ;
#1567 = CARTESIAN_POINT ( 'NONE',  ( 0.2000000000000000111, 0.2000000000000000111, -0.03999999999999998002 ) ) ;
#1568 = DIRECTION ( 'NONE',  ( -0.0000000000000000000, -0.0000000000000000000, -1.000000000000000000 ) ) ;
#1569 = FILL_AREA_STYLE_COLOUR ( '', #2080 ) ;
#1570 = EDGE_CURVE ( 'NONE', #3062, #1818, #709, .T. ) ;
#1571 = SPHERICAL_SURFACE ( 'NONE', #3949, 0.1100000000000000006 ) ;
#1572 = ORIENTED_EDGE ( 'NONE', *, *, #956, .T. ) ;
#1573 = DIRECTION ( 'NONE',  ( -0.3222024856061125875, 0.9466707760722534726, 0.0000000000000000000 ) ) ;
#1574 = SURFACE_SIDE_STYLE ('',( #4091 ) ) ;
#1575 = PLANE ( 'NONE',  #2278 ) ;
#1576 = PRESENTATION_STYLE_ASSIGNMENT (( #4030 ) ) ;
#1577 = EDGE_CURVE ( 'NONE', #417, #1532, #2301, .T. ) ;
#1578 = FILL_AREA_STYLE ('',( #606 ) ) ;
#1579 = FACE_BOUND ( 'NONE', #2586, .T. ) ;
#1580 = CARTESIAN_POINT ( 'NONE',  ( 0.09571564142643700090, 0.01304364641211907573, 1.016439536705160407E-17 ) ) ;
#1581 = EDGE_LOOP ( 'NONE', ( #2931, #93, #3703, #2136 ) ) ;
#1582 = LINE ( 'NONE', #2852, #1745 ) ;
#1583 = CARTESIAN_POINT ( 'NONE',  ( -0.08396586330752396632, 0.04263358747729904807, 0.01000000000000000021 ) ) ;
#1584 = DIRECTION ( 'NONE',  ( -0.0000000000000000000, 0.0000000000000000000, -1.000000000000000000 ) ) ;
#1585 = VERTEX_POINT ( 'NONE', #3270 ) ;
#1586 = CARTESIAN_POINT ( 'NONE',  ( 0.04956240305150612369, 0.04376682873123656503, 6.776263578034402713E-18 ) ) ;
#1587 = PLANE ( 'NONE',  #483 ) ;
#1588 = EDGE_CURVE ( 'NONE', #1046, #2105, #2969, .T. ) ;
#1589 = CARTESIAN_POINT ( 'NONE',  ( -0.05103903403923126803, -0.03541519301050583685, 0.01000000000000000021 ) ) ;
#1590 = DIRECTION ( 'NONE',  ( 0.0000000000000000000, -0.0000000000000000000, -1.000000000000000000 ) ) ;
#1591 = CARTESIAN_POINT ( 'NONE',  ( 0.2000000000000000111, 0.2000000000000000111, 0.0000000000000000000 ) ) ;
#1592 = LINE ( 'NONE', #2287, #1363 ) ;
#1593 = ADVANCED_FACE ( 'NONE', ( #1076 ), #2351, .T. ) ;
#1594 = CARTESIAN_POINT ( 'NONE',  ( 0.07768734549395124589, -0.02032146127401455310, 6.776263578034402713E-18 ) ) ;
#1595 = ORIENTED_EDGE ( 'NONE', *, *, #1865, .F. ) ;
#1596 =( NAMED_UNIT ( * ) SI_UNIT ( $, .STERADIAN. ) SOLID_ANGLE_UNIT ( ) );
#1597 = CARTESIAN_POINT ( 'NONE',  ( -0.1182159295952848327, -0.03136463140144475636, 0.0000000000000000000 ) ) ;
#1598 = CARTESIAN_POINT ( 'NONE',  ( 0.09579561054868827863, -0.008809109117367349209, 0.01000000000000000021 ) ) ;
#1599 = VERTEX_POINT ( 'NONE', #1268 ) ;
#1600 =( NAMED_UNIT ( * ) SI_UNIT ( $, .STERADIAN. ) SOLID_ANGLE_UNIT ( ) );
#1601 = CARTESIAN_POINT ( 'NONE',  ( 0.05344455082265630458, 0.04320584576269213828, 0.01000000000000000021 ) ) ;
#1602 = FACE_OUTER_BOUND ( 'NONE', #3894, .T. ) ;
#1603 = LINE ( 'NONE', #2579, #356 ) ;
#1604 = SURFACE_STYLE_USAGE ( .BOTH. , #656 ) ;
#1605 = FILL_AREA_STYLE_COLOUR ( '', #1436 ) ;
#1606 = COLOUR_RGB ( '',1.000000000000000000, 1.000000000000000000, 1.000000000000000000 ) ;
#1607 = LINE ( 'NONE', #2520, #883 ) ;
#1608 = EDGE_CURVE ( 'NONE', #2993, #1824, #2800, .T. ) ;
#1609 = EDGE_LOOP ( 'NONE', ( #3798, #1923 ) ) ;
#1610 = PRESENTATION_STYLE_ASSIGNMENT (( #1935 ) ) ;
#1611 = CARTESIAN_POINT ( 'NONE',  ( 0.05160524348319429910, -0.03653659684139533292, 6.776263578034402713E-18 ) ) ;
#1612 = DIRECTION ( 'NONE',  ( 1.000000000000000000, 0.0000000000000000000, 0.0000000000000000000 ) ) ;
#1613 = VECTOR ( 'NONE', #2449, 1000.000000000000000 ) ;
#1614 = VECTOR ( 'NONE', #3241, 1000.000000000000000 ) ;
#1615 = ORIENTED_EDGE ( 'NONE', *, *, #1407, .F. ) ;
#1616 =( NAMED_UNIT ( * ) PLANE_ANGLE_UNIT ( ) SI_UNIT ( $, .RADIAN. ) );
#1617 = CARTESIAN_POINT ( 'NONE',  ( 0.02213169766808581462, 0.05086529479437221918, 0.0000000000000000000 ) ) ;
#1618 = VECTOR ( 'NONE', #1992, 1000.000000000000114 ) ;
#1619 =( GEOMETRIC_REPRESENTATION_CONTEXT ( 3 ) GLOBAL_UNCERTAINTY_ASSIGNED_CONTEXT ( ( #1966 ) ) GLOBAL_UNIT_ASSIGNED_CONTEXT ( ( #2607, #1246, #3863 ) ) REPRESENTATION_CONTEXT ( 'NONE', 'WORKASPACE' ) );
#1620 = ADVANCED_FACE ( 'NONE', ( #3527 ), #2726, .T. ) ;
#1621 = CARTESIAN_POINT ( 'NONE',  ( -0.1501959038960603565, -0.006127480203072728157, 0.01000000000000000021 ) ) ;
#1622 = ORIENTED_EDGE ( 'NONE', *, *, #2356, .F. ) ;
#1623 = VECTOR ( 'NONE', #3056, 1000.000000000000000 ) ;
#1624 = VECTOR ( 'NONE', #3171, 1000.000000000000000 ) ;
#1625 = CARTESIAN_POINT ( 'NONE',  ( 0.04690507897648806684, 0.04382396606382324422, 6.776263578034402713E-18 ) ) ;
#1626 = CARTESIAN_POINT ( 'NONE',  ( 0.1428634049851590093, 0.05360919723339661186, 0.01000000000000000021 ) ) ;
#1627 = CARTESIAN_POINT ( 'NONE',  ( -0.05103903403923126803, -0.04639080276660340063, 0.01000000000000000021 ) ) ;
#1628 = LINE ( 'NONE', #3889, #2765 ) ;
#1629 = CARTESIAN_POINT ( 'NONE',  ( -0.2339658633075239746, -0.04639080276660340063, 0.01000000000000000021 ) ) ;
#1630 = DIRECTION ( 'NONE',  ( 1.000000000000000000, 0.0000000000000000000, 0.0000000000000000000 ) ) ;
#1631 = ORIENTED_EDGE ( 'NONE', *, *, #1786, .F. ) ;
#1632 = SURFACE_SIDE_STYLE ('',( #662 ) ) ;
#1633 = SURFACE_STYLE_FILL_AREA ( #985 ) ;
#1634 = CARTESIAN_POINT ( 'NONE',  ( -0.04860000964898735648, 0.04263358747729904807, 0.01000000000000000021 ) ) ;
#1635 = SPHERICAL_SURFACE ( 'NONE', #2833, 0.1100000000000000006 ) ;
#1636 = EDGE_CURVE ( 'NONE', #210, #188, #3359, .T. ) ;
#1637 = FILL_AREA_STYLE ('',( #372 ) ) ;
#1638 = CARTESIAN_POINT ( 'NONE',  ( -0.1729902535514264150, -0.04639080276660340063, 0.01000000000000000021 ) ) ;
#1639 = EDGE_CURVE ( 'NONE', #4121, #2089, #4119, .T. ) ;
#1640 = CARTESIAN_POINT ( 'NONE',  ( 0.04555014279003703065, 0.04385309967242099344, 0.01000000000000000021 ) ) ;
#1641 = CARTESIAN_POINT ( 'NONE',  ( -0.3800000000000000600, 0.3800000000000000044, 0.4000000000000000222 ) ) ;
#1642 = B_SPLINE_SURFACE_WITH_KNOTS ( 'NONE', 3, 1, ( 
 ( #1187, #1563 ),
 ( #422, #1979 ),
 ( #1671, #3165 ),
 ( #305, #3587 ),
 ( #3882, #3899 ),
 ( #105, #1373 ),
 ( #1697, #2957 ) ),
 .UNSPECIFIED., .F., .F., .F.,
 ( 4, 1, 1, 1, 4 ),
 ( 2, 2 ),
 ( 0.0000000000000000000, 0.1744817153170503676, 0.3982857591281118714, 0.6738978473986658724, 0.9999999999999998890 ),
 ( 0.0000000000000000000, 1.000000000000000000 ),
 .UNSPECIFIED. ) ;
#1643 =( LENGTH_UNIT ( ) NAMED_UNIT ( * ) SI_UNIT ( .MILLI., .METRE. ) );
#1644 = DIRECTION ( 'NONE',  ( 1.000000000000000000, 0.0000000000000000000, 0.0000000000000000000 ) ) ;
#1645 = CARTESIAN_POINT ( 'NONE',  ( 0.08307952543917070110, 0.001080003493087772388, 6.776263578034402713E-18 ) ) ;
#1646 = CARTESIAN_POINT ( 'NONE',  ( -0.09871433891728005616, 0.04263358747729904807, 6.776263578034402713E-18 ) ) ;
#1647 = PLANE ( 'NONE',  #2841 ) ;
#1648 =( LENGTH_UNIT ( ) NAMED_UNIT ( * ) SI_UNIT ( .MILLI., .METRE. ) );
#1649 = VERTEX_POINT ( 'NONE', #870 ) ;
#1650 = CARTESIAN_POINT ( 'NONE',  ( 0.04908328590091483312, -0.03660159539723946420, 0.01000000000000000021 ) ) ;
#1651 = CARTESIAN_POINT ( 'NONE',  ( 0.09647838922500857894, 0.003668315417547041331, 0.01000000000000000021 ) ) ;
#1652 = LINE ( 'NONE', #2930, #2768 ) ;
#1653 = EDGE_LOOP ( 'NONE', ( #3702, #471, #443 ) ) ;
#1654 = CARTESIAN_POINT ( 'NONE',  ( -0.01079513160020685418, 0.009706758209006360189, 0.01000000000000000021 ) ) ;
#1655 = CARTESIAN_POINT ( 'NONE',  ( -0.1509210649203958921, 0.01022401926731307011, 0.0000000000000000000 ) ) ;
#1656 = CARTESIAN_POINT ( 'NONE',  ( -0.1029168840883455116, 0.04254711389446896863, 0.01000000000000000021 ) ) ;
#1657 = CARTESIAN_POINT ( 'NONE',  ( -0.1509986473189667833, 0.002978060733981157358, 0.01000000000000000021 ) ) ;
#1658 = VERTEX_POINT ( 'NONE', #1792 ) ;
#1659 = ADVANCED_FACE ( 'NONE', ( #3072 ), #3716, .T. ) ;
#1660 = CARTESIAN_POINT ( 'NONE',  ( 0.08180398479119063704, -0.009883923463035286516, 0.01000000000000000021 ) ) ;
#1661 = CARTESIAN_POINT ( 'NONE',  ( -0.1042108965201854059, 0.05348795816698530964, 0.01000000000000000021 ) ) ;
#1662 = CARTESIAN_POINT ( 'NONE',  ( -0.1026078974654620335, -0.03531908256786485401, 0.01000000000000000021 ) ) ;
#1663 = FILL_AREA_STYLE_COLOUR ( '', #1073 ) ;
#1664 = DIRECTION ( 'NONE',  ( 0.0000000000000000000, -1.000000000000000000, 0.0000000000000000000 ) ) ;
#1665 = CARTESIAN_POINT ( 'NONE',  ( -0.2020931492169551202, 0.03935679030473801521, 6.776263578034402713E-18 ) ) ;
#1666 = VERTEX_POINT ( 'NONE', #626 ) ;
#1667 = FILL_AREA_STYLE ('',( #753 ) ) ;
#1668 = B_SPLINE_CURVE_WITH_KNOTS ( 'NONE', 3,
 ( #3670, #3363, #2666, #2106, #501, #1384, #452, #3913, #2328, #3301, #437 ),
 .UNSPECIFIED., .F., .F.,
 ( 4, 1, 1, 1, 1, 1, 1, 1, 4 ),
 ( 0.0000000000000000000, 0.1451868664724696723, 0.2834426109197301091, 0.4165243659288290767, 0.5431811235350824107, 0.6651530826377128891, 0.7813602063127155217, 0.8927566556418091714, 1.000000000000000000 ),
 .UNSPECIFIED. ) ;
#1669 = CARTESIAN_POINT ( 'NONE',  ( 0.06520657509573546395, -0.03255082628848646187, 6.776263578034402713E-18 ) ) ;
#1670 =( LENGTH_UNIT ( ) NAMED_UNIT ( * ) SI_UNIT ( .MILLI., .METRE. ) );
#1671 = CARTESIAN_POINT ( 'NONE',  ( -0.2038877709829573504, 0.03571161476422711478, 0.01000000000000000021 ) ) ;
#1672 = LINE ( 'NONE', #3599, #1937 ) ;
#1673 = VECTOR ( 'NONE', #1034, 1000.000000000000000 ) ;
#1674 = CARTESIAN_POINT ( 'NONE',  ( -0.1088938292358582055, -0.04559045757533450316, 0.01000000000000000021 ) ) ;
#1675 = EDGE_LOOP ( 'NONE', ( #2737, #392, #796, #3709 ) ) ;
#1676 = AXIS2_PLACEMENT_3D ( 'NONE', #1345, #1, #2229 ) ;
#1677 = VECTOR ( 'NONE', #480, 1000.000000000000000 ) ;
#1678 = UNCERTAINTY_MEASURE_WITH_UNIT (LENGTH_MEASURE( 1.000000000000000082E-05 ), #2786, 'distance_accuracy_value', 'NONE');
#1679 = STYLED_ITEM ( 'NONE', ( #531 ), #704 ) ;
#1680 = CARTESIAN_POINT ( 'NONE',  ( -0.1859094608684995487, -0.007366412522700959038, 0.01000000000000000021 ) ) ;
#1681 = FILL_AREA_STYLE ('',( #2315 ) ) ;
#1682 = MECHANICAL_DESIGN_GEOMETRIC_PRESENTATION_REPRESENTATION (  '', ( #2483 ), #3410 ) ;
#1683 = PRESENTATION_LAYER_ASSIGNMENT (  '', '', ( #2562 ) ) ;
#1684 = DIRECTION ( 'NONE',  ( 0.3393303772748785807, 0.9406672605435402179, 0.0000000000000000000 ) ) ;
#1685 =( GEOMETRIC_REPRESENTATION_CONTEXT ( 3 ) GLOBAL_UNCERTAINTY_ASSIGNED_CONTEXT ( ( #170 ) ) GLOBAL_UNIT_ASSIGNED_CONTEXT ( ( #3870, #2944, #1973 ) ) REPRESENTATION_CONTEXT ( 'NONE', 'WORKASPACE' ) );
#1686 = FILL_AREA_STYLE ('',( #1298 ) ) ;
#1687 = STYLED_ITEM ( 'NONE', ( #1888 ), #1620 ) ;
#1688 = LINE ( 'NONE', #2721, #138 ) ;
#1689 = FILL_AREA_STYLE ('',( #3315 ) ) ;
#1690 = CARTESIAN_POINT ( 'NONE',  ( 0.03085947294839677321, -0.03418369990817878706, 0.01000000000000000021 ) ) ;
#1691 = AXIS2_PLACEMENT_3D ( 'NONE', #3155, #45, #1908 ) ;
#1692 = CARTESIAN_POINT ( 'NONE',  ( -0.2000000000000000111, 0.2000000000000000111, -0.1499999999999999944 ) ) ;
#1693 = ORIENTED_EDGE ( 'NONE', *, *, #3707, .T. ) ;
#1694 = LINE ( 'NONE', #384, #1410 ) ;
#1695 = CARTESIAN_POINT ( 'NONE',  ( -0.1961609852587434810, 0.05360919723339661186, 0.0000000000000000000 ) ) ;
#1696 = EDGE_CURVE ( 'NONE', #3948, #381, #3834, .T. ) ;
#1697 = CARTESIAN_POINT ( 'NONE',  ( -0.2027539730636215010, 0.04141407528217708883, 0.01000000000000000021 ) ) ;
#1698 =( LENGTH_UNIT ( ) NAMED_UNIT ( * ) SI_UNIT ( .MILLI., .METRE. ) );
#1699 = FACE_OUTER_BOUND ( 'NONE', #1519, .T. ) ;
#1700 = ORIENTED_EDGE ( 'NONE', *, *, #3094, .T. ) ;
#1701 =( NAMED_UNIT ( * ) PLANE_ANGLE_UNIT ( ) SI_UNIT ( $, .RADIAN. ) );
#1702 = DIRECTION ( 'NONE',  ( -0.0000000000000000000, -0.0000000000000000000, -1.000000000000000000 ) ) ;
#1703 = CARTESIAN_POINT ( 'NONE',  ( 0.09642952427870772614, -0.003635561928811995025, 0.01000000000000000021 ) ) ;
#1704 = CARTESIAN_POINT ( 'NONE',  ( 0.07935894010252558806, -0.01707012718864760539, 0.01000000000000000021 ) ) ;
#1705 = CARTESIAN_POINT ( 'NONE',  ( -0.1006086899580613397, 0.05356824803813837327, 0.01000000000000000021 ) ) ;
#1706 = CARTESIAN_POINT ( 'NONE',  ( 0.02798329055128825557, -0.04405657157507332500, 0.0000000000000000000 ) ) ;
#1707 = PLANE ( 'NONE',  #3864 ) ;
#1708 = CARTESIAN_POINT ( 'NONE',  ( -0.2017213003961746132, 0.03747189255901573618, 6.776263578034402713E-18 ) ) ;
#1709 = ORIENTED_EDGE ( 'NONE', *, *, #3303, .F. ) ;
#1710 = EDGE_CURVE ( 'NONE', #2310, #1132, #2829, .T. ) ;
#1711 = B_SPLINE_SURFACE_WITH_KNOTS ( 'NONE', 3, 1, ( 
 ( #3510, #430 ),
 ( #1705, #2981 ),
 ( #1661, #1098 ),
 ( #1744, #2028 ),
 ( #2941, #3312 ),
 ( #1721, #3000 ),
 ( #2639, #2369 ),
 ( #2047, #159 ),
 ( #1988, #1441 ),
 ( #3579, #3247 ),
 ( #387, #75 ),
 ( #1361, #3888 ),
 ( #2298, #3593 ),
 ( #724, #3267 ),
 ( #572, #2455 ),
 ( #1162, #1831 ),
 ( #253, #195 ),
 ( #2796, #3692 ),
 ( #3994, #177 ) ),
 .UNSPECIFIED., .F., .F., .F.,
 ( 4, 1, 1, 1, 1, 1, 1, 1, 1, 1, 1, 1, 1, 1, 1, 1, 4 ),
 ( 2, 2 ),
 ( 0.0000000000000000000, 0.06863117867660099847, 0.1345664660386766964, 0.1983281540108808028, 0.2607897666408446891, 0.3219991514841584190, 0.3827217465030193222, 0.4435374740357288514, 0.5051334294849249007, 0.5662138747646714432, 0.6261058646175455822, 0.6853493221605165830, 0.7449958703477972399, 0.8054158418145627163, 0.8676362663459531444, 0.9323077823023292465, 1.000000000000000000 ),
 ( 0.0000000000000000000, 1.000000000000000000 ),
 .UNSPECIFIED. ) ;
#1712 = CARTESIAN_POINT ( 'NONE',  ( 0.07032618990168687523, 0.04920361437395940479, 1.016439536705160407E-17 ) ) ;
#1713 = CARTESIAN_POINT ( 'NONE',  ( 0.03806089372281362682, -0.04676414896714826269, 0.01000000000000000021 ) ) ;
#1714 = FILL_AREA_STYLE ('',( #2331 ) ) ;
#1715 =( LENGTH_UNIT ( ) NAMED_UNIT ( * ) SI_UNIT ( .MILLI., .METRE. ) );
#1716 = EDGE_CURVE ( 'NONE', #1585, #1124, #241, .T. ) ;
#1717 = UNCERTAINTY_MEASURE_WITH_UNIT (LENGTH_MEASURE( 1.000000000000000082E-05 ), #3006, 'distance_accuracy_value', 'NONE');
#1718 =( NAMED_UNIT ( * ) SI_UNIT ( $, .STERADIAN. ) SOLID_ANGLE_UNIT ( ) );
#1719 = PRESENTATION_STYLE_ASSIGNMENT (( #3630 ) ) ;
#1720 = CARTESIAN_POINT ( 'NONE',  ( -0.2041726276732337142, 0.03480086360553691360, -0.0000000000000000000 ) ) ;
#1721 = CARTESIAN_POINT ( 'NONE',  ( -0.1193435079428298712, 0.05037584578884828079, 0.01000000000000000021 ) ) ;
#1722 = CARTESIAN_POINT ( 'NONE',  ( -0.2009805727736754533, 0.03485766796090208897, -0.0000000000000000000 ) ) ;
#1723 = CARTESIAN_POINT ( 'NONE',  ( 0.002619502546134599465, 0.05360919723339661186, 0.01000000000000000021 ) ) ;
#1724 = CARTESIAN_POINT ( 'NONE',  ( -0.2486000096489873745, -0.04639080276660340063, 0.0000000000000000000 ) ) ;
#1725 =( LENGTH_UNIT ( ) NAMED_UNIT ( * ) SI_UNIT ( .MILLI., .METRE. ) );
#1726 = ORIENTED_EDGE ( 'NONE', *, *, #1608, .T. ) ;
#1727 = LINE ( 'NONE', #814, #3951 ) ;
#1728 = SURFACE_STYLE_USAGE ( .BOTH. , #2055 ) ;
#1729 =( NAMED_UNIT ( * ) SI_UNIT ( $, .STERADIAN. ) SOLID_ANGLE_UNIT ( ) );
#1730 = ADVANCED_FACE ( 'NONE', ( #4127 ), #300, .T. ) ;
#1731 = ORIENTED_EDGE ( 'NONE', *, *, #819, .T. ) ;
#1732 = CARTESIAN_POINT ( 'NONE',  ( 0.04779861839979314408, -0.03663470520562779609, 0.0000000000000000000 ) ) ;
#1733 = CARTESIAN_POINT ( 'NONE',  ( 0.02213169766808581462, -0.03023226618123754650, 0.01000000000000000021 ) ) ;
#1734 =( GEOMETRIC_REPRESENTATION_CONTEXT ( 3 ) GLOBAL_UNCERTAINTY_ASSIGNED_CONTEXT ( ( #670 ) ) GLOBAL_UNIT_ASSIGNED_CONTEXT ( ( #1286, #3773, #2211 ) ) REPRESENTATION_CONTEXT ( 'NONE', 'WORKASPACE' ) );
#1735 =( NAMED_UNIT ( * ) PLANE_ANGLE_UNIT ( ) SI_UNIT ( $, .RADIAN. ) );
#1736 = SURFACE_STYLE_FILL_AREA ( #2633 ) ;
#1737 = AXIS2_PLACEMENT_3D ( 'NONE', #3440, #1804, #3119 ) ;
#1738 =( GEOMETRIC_REPRESENTATION_CONTEXT ( 3 ) GLOBAL_UNCERTAINTY_ASSIGNED_CONTEXT ( ( #1421 ) ) GLOBAL_UNIT_ASSIGNED_CONTEXT ( ( #192, #849, #110 ) ) REPRESENTATION_CONTEXT ( 'NONE', 'WORKASPACE' ) );
#1739 =( LENGTH_UNIT ( ) NAMED_UNIT ( * ) SI_UNIT ( .MILLI., .METRE. ) );
#1740 = CARTESIAN_POINT ( 'NONE',  ( 0.08310730742418338812, 0.002542124062664896482, 0.0000000000000000000 ) ) ;
#1741 = EDGE_CURVE ( 'NONE', #3075, #1046, #2869, .T. ) ;
#1742 = STYLED_ITEM ( 'NONE', ( #1576 ), #642 ) ;
#1743 = MECHANICAL_DESIGN_GEOMETRIC_PRESENTATION_REPRESENTATION (  '', ( #2484 ), #615 ) ;
#1744 = CARTESIAN_POINT ( 'NONE',  ( -0.1094933109387986048, 0.05287806264269080680, 0.01000000000000000021 ) ) ;
#1745 = VECTOR ( 'NONE', #1213, 1000.000000000000114 ) ;
#1746 = B_SPLINE_SURFACE_WITH_KNOTS ( 'NONE', 3, 1, ( 
 ( #2770, #2145 ),
 ( #1254, #3403 ),
 ( #4107, #562 ),
 ( #859, #3467 ),
 ( #206, #2493 ),
 ( #2167, #539 ),
 ( #1507, #2537 ),
 ( #914, #2788 ),
 ( #3450, #583 ),
 ( #2808, #1850 ),
 ( #3129, #4090 ),
 ( #2187, #602 ),
 ( #1872, #3154 ),
 ( #3250, #688 ),
 ( #377, #640 ),
 ( #3188, #2262 ),
 ( #2598, #2616 ),
 ( #2945, #58 ),
 ( #389, #1646 ) ),
 .UNSPECIFIED., .F., .F., .F.,
 ( 4, 1, 1, 1, 1, 1, 1, 1, 1, 1, 1, 1, 1, 1, 1, 1, 4 ),
 ( 2, 2 ),
 ( 0.0000000000000000000, 0.07430379644281594198, 0.1443936103644179736, 0.2104994961032796985, 0.2735426065034679555, 0.3338247445790732404, 0.3925296724085029498, 0.4500874545995855458, 0.5078206115557879485, 0.5654649127768468508, 0.6231487223336199532, 0.6812971927909358127, 0.7409134981565812517, 0.8018557521958583623, 0.8652412377209435235, 0.9309416570467442531, 1.000000000000000000 ),
 ( 0.0000000000000000000, 1.000000000000000000 ),
 .UNSPECIFIED. ) ;
#1747 = CARTESIAN_POINT ( 'NONE',  ( 0.03627342074951515200, 0.04299982883723840743, 6.776263578034402713E-18 ) ) ;
#1748 = VECTOR ( 'NONE', #2368, 1000.000000000000000 ) ;
#1749 = VECTOR ( 'NONE', #2258, 1000.000000000000000 ) ;
#1750 = DIRECTION ( 'NONE',  ( 0.0000000000000000000, 0.0000000000000000000, 1.000000000000000000 ) ) ;
#1751 = LINE ( 'NONE', #1833, #3333 ) ;
#1752 = CARTESIAN_POINT ( 'NONE',  ( 0.02213169766808581462, 0.03745066064803075079, 0.0000000000000000000 ) ) ;
#1753 = ORIENTED_EDGE ( 'NONE', *, *, #1364, .T. ) ;
#1754 = PRESENTATION_LAYER_ASSIGNMENT (  '', '', ( #3354 ) ) ;
#1755 = AXIS2_PLACEMENT_3D ( 'NONE', #1184, #4108, #2790 ) ;
#1756 = DIRECTION ( 'NONE',  ( 0.0000000000000000000, -1.000000000000000000, 0.0000000000000000000 ) ) ;
#1757 = PRESENTATION_LAYER_ASSIGNMENT (  '', '', ( #1220 ) ) ;
#1758 = CARTESIAN_POINT ( 'NONE',  ( 0.03453084509151625042, -0.04605250739223960832, 0.01000000000000000021 ) ) ;
#1759 = FILL_AREA_STYLE_COLOUR ( '', #1277 ) ;
#1760 = LINE ( 'NONE', #3970, #2758 ) ;
#1761 = CARTESIAN_POINT ( 'NONE',  ( -0.1318284445408947902, -0.01913145615366455138, 0.01000000000000000021 ) ) ;
#1762 = VERTEX_POINT ( 'NONE', #923 ) ;
#1763 = STYLED_ITEM ( 'NONE', ( #3295 ), #1936 ) ;
#1764 = UNCERTAINTY_MEASURE_WITH_UNIT (LENGTH_MEASURE( 1.000000000000000082E-05 ), #2434, 'distance_accuracy_value', 'NONE');
#1765 = CARTESIAN_POINT ( 'NONE',  ( -0.1042108965201854059, 0.05348795816698530964, 0.0000000000000000000 ) ) ;
#1766 = ORIENTED_EDGE ( 'NONE', *, *, #776, .T. ) ;
#1767 = EDGE_CURVE ( 'NONE', #1828, #2144, #2016, .T. ) ;
#1768 = SURFACE_SIDE_STYLE ('',( #2074 ) ) ;
#1769 = ORIENTED_EDGE ( 'NONE', *, *, #4012, .F. ) ;
#1770 = CARTESIAN_POINT ( 'NONE',  ( -0.09877150355142640115, 0.05360919723339661186, 0.0000000000000000000 ) ) ;
#1771 = ADVANCED_FACE ( 'NONE', ( #3473 ), #3015, .T. ) ;
#1772 = ORIENTED_EDGE ( 'NONE', *, *, #1696, .F. ) ;
#1773 = CARTESIAN_POINT ( 'NONE',  ( 0.03116418384358007193, -0.04516702243610256490, 0.0000000000000000000 ) ) ;
#1774 = CARTESIAN_POINT ( 'NONE',  ( 0.06586640629180066930, 0.05127834001496729688, 0.01000000000000000021 ) ) ;
#1775 =( NAMED_UNIT ( * ) PLANE_ANGLE_UNIT ( ) SI_UNIT ( $, .RADIAN. ) );
#1776 = ORIENTED_EDGE ( 'NONE', *, *, #1512, .T. ) ;
#1777 = LINE ( 'NONE', #472, #3628 ) ;
#1778 = ORIENTED_EDGE ( 'NONE', *, *, #1986, .F. ) ;
#1779 = DIRECTION ( 'NONE',  ( 2.139872708852968837E-16, -1.000000000000000000, 0.0000000000000000000 ) ) ;
#1780 =( NAMED_UNIT ( * ) PLANE_ANGLE_UNIT ( ) SI_UNIT ( $, .RADIAN. ) );
#1781 = CARTESIAN_POINT ( 'NONE',  ( -0.1859094608684995487, -0.007366412522700959038, 0.0000000000000000000 ) ) ;
#1782 = DIRECTION ( 'NONE',  ( -0.0000000000000000000, -0.0000000000000000000, -1.000000000000000000 ) ) ;
#1783 = LINE ( 'NONE', #3058, #2479 ) ;
#1784 = CARTESIAN_POINT ( 'NONE',  ( -0.1362288464609968386, -0.008395121659810628190, 0.01000000000000000021 ) ) ;
#1785 = SURFACE_STYLE_USAGE ( .BOTH. , #173 ) ;
#1786 = EDGE_CURVE ( 'NONE', #245, #712, #3941, .T. ) ;
#1787 = EDGE_LOOP ( 'NONE', ( #2775, #3258, #1118, #3366 ) ) ;
#1788 = EDGE_LOOP ( 'NONE', ( #1778, #301, #2527, #2109 ) ) ;
#1789 = CARTESIAN_POINT ( 'NONE',  ( 0.05620767078022711333, 0.05399945645020599871, 0.01000000000000000021 ) ) ;
#1790 = UNCERTAINTY_MEASURE_WITH_UNIT (LENGTH_MEASURE( 1.000000000000000082E-05 ), #3494, 'distance_accuracy_value', 'NONE');
#1791 = CARTESIAN_POINT ( 'NONE',  ( -0.2042974181855727323, 0.03440188016022587003, 0.01000000000000000021 ) ) ;
#1792 = CARTESIAN_POINT ( 'NONE',  ( -0.2008294303806947012, 0.03440188016022587003, 0.01000000000000000021 ) ) ;
#1793 = ORIENTED_EDGE ( 'NONE', *, *, #2524, .F. ) ;
#1794 = CARTESIAN_POINT ( 'NONE',  ( 0.07691269665448111081, -0.04008077138051117927, 0.0000000000000000000 ) ) ;
#1795 = ORIENTED_EDGE ( 'NONE', *, *, #2719, .F. ) ;
#1796 = CARTESIAN_POINT ( 'NONE',  ( 0.02213169766808581462, -0.04120787593733511028, 6.776263578034402713E-18 ) ) ;
#1797 = ORIENTED_EDGE ( 'NONE', *, *, #340, .T. ) ;
#1798 = ORIENTED_EDGE ( 'NONE', *, *, #3113, .T. ) ;
#1799 = LINE ( 'NONE', #229, #1551 ) ;
#1800 = VERTEX_POINT ( 'NONE', #2954 ) ;
#1801 = COLOUR_RGB ( '',1.000000000000000000, 1.000000000000000000, 1.000000000000000000 ) ;
#1802 = CARTESIAN_POINT ( 'NONE',  ( 0.07852774361016193194, 0.04370149720423473910, 0.0000000000000000000 ) ) ;
#1803 = CARTESIAN_POINT ( 'NONE',  ( -0.1509991172498538481, 0.006679515841714530125, 0.01000000000000000021 ) ) ;
#1804 = DIRECTION ( 'NONE',  ( 0.0000000000000000000, 1.000000000000000000, 0.0000000000000000000 ) ) ;
#1805 = STYLED_ITEM ( 'NONE', ( #3140 ), #846 ) ;
#1806 = AXIS2_PLACEMENT_3D ( 'NONE', #3946, #663, #1386 ) ;
#1807 = CARTESIAN_POINT ( 'NONE',  ( -0.2008294303806947012, 0.03440188016022587003, 0.01000000000000000021 ) ) ;
#1808 = CARTESIAN_POINT ( 'NONE',  ( 0.04747058975530112079, 0.05478668692717323513, 0.01000000000000000021 ) ) ;
#1809 = CIRCLE ( 'NONE', #3150, 0.1024695076595959903 ) ;
#1810 = PRESENTATION_STYLE_ASSIGNMENT (( #1868 ) ) ;
#1811 = COLOUR_RGB ( '',1.000000000000000000, 1.000000000000000000, 1.000000000000000000 ) ;
#1812 = FILL_AREA_STYLE_COLOUR ( '', #4022 ) ;
#1813 = VECTOR ( 'NONE', #605, 1000.000000000000000 ) ;
#1814 = AXIS2_PLACEMENT_3D ( 'NONE', #357, #3531, #1365 ) ;
#1815 = ORIENTED_EDGE ( 'NONE', *, *, #3775, .T. ) ;
#1816 = CARTESIAN_POINT ( 'NONE',  ( 0.05477760719217691920, -0.04749588633667945620, 0.0000000000000000000 ) ) ;
#1817 = ADVANCED_FACE ( 'NONE', ( #1346 ), #3586, .F. ) ;
#1818 = VERTEX_POINT ( 'NONE', #1695 ) ;
#1819 = VECTOR ( 'NONE', #3496, 1000.000000000000000 ) ;
#1820 = DIRECTION ( 'NONE',  ( 0.0000000000000000000, -0.0000000000000000000, 1.000000000000000000 ) ) ;
#1821 = AXIS2_PLACEMENT_3D ( 'NONE', #1807, #557, #1520 ) ;
#1822 = COLOUR_RGB ( '',1.000000000000000000, 1.000000000000000000, 1.000000000000000000 ) ;
#1823 = CARTESIAN_POINT ( 'NONE',  ( 0.2000000000000000666, -0.2000000000000000111, 0.0000000000000000000 ) ) ;
#1824 = VERTEX_POINT ( 'NONE', #1978 ) ;
#1825 = ADVANCED_FACE ( 'NONE', ( #3334 ), #2036, .T. ) ;
#1826 = DIRECTION ( 'NONE',  ( -1.000000000000000000, -0.0000000000000000000, -0.0000000000000000000 ) ) ;
#1827 = AXIS2_PLACEMENT_3D ( 'NONE', #3195, #2191, #1612 ) ;
#1828 = VERTEX_POINT ( 'NONE', #2729 ) ;
#1829 = CARTESIAN_POINT ( 'NONE',  ( -0.1509210649203958921, 0.01022401926731307011, 0.01000000000000000021 ) ) ;
#1830 = B_SPLINE_CURVE_WITH_KNOTS ( 'NONE', 3,
 ( #3199, #1314, #2589, #3260, #2365, #3954, #2313, #1374, #3325, #96, #2936, #3902, #2656, #52, #3590, #2004, #1656, #1038, #3865 ),
 .UNSPECIFIED., .F., .F.,
 ( 4, 1, 1, 1, 1, 1, 1, 1, 1, 1, 1, 1, 1, 1, 1, 1, 4 ),
 ( 0.0000000000000000000, 0.07430379644281594198, 0.1443936103644179736, 0.2104994961032796985, 0.2735426065034679555, 0.3338247445790732404, 0.3925296724085029498, 0.4500874545995855458, 0.5078206115557879485, 0.5654649127768468508, 0.6231487223336199532, 0.6812971927909358127, 0.7409134981565812517, 0.8018557521958583623, 0.8652412377209435235, 0.9309416570467442531, 1.000000000000000000 ),
 .UNSPECIFIED. ) ;
#1831 = CARTESIAN_POINT ( 'NONE',  ( -0.1501941701503154702, 0.01539281937600500867, 1.016439536705160407E-17 ) ) ;
#1832 = CARTESIAN_POINT ( 'NONE',  ( 0.08682212848430601038, -0.03061155703309025033, 6.776263578034402713E-18 ) ) ;
#1833 = CARTESIAN_POINT ( 'NONE',  ( 0.02213169766808581462, 0.05086529479437221918, 0.01000000000000000021 ) ) ;
#1834 = EDGE_LOOP ( 'NONE', ( #2024, #2902, #3253, #1572 ) ) ;
#1835 = CARTESIAN_POINT ( 'NONE',  ( 0.05973685337872437773, -0.04685903111078524447, 0.0000000000000000000 ) ) ;
#1836 = ORIENTED_EDGE ( 'NONE', *, *, #1225, .F. ) ;
#1837 = DIRECTION ( 'NONE',  ( -0.0000000000000000000, -0.0000000000000000000, -1.000000000000000000 ) ) ;
#1838 = EDGE_LOOP ( 'NONE', ( #872, #1964, #4041, #2672 ) ) ;
#1839 = ADVANCED_FACE ( 'NONE', ( #1451 ), #3671, .T. ) ;
#1840 = FACE_OUTER_BOUND ( 'NONE', #3242, .T. ) ;
#1841 = CARTESIAN_POINT ( 'NONE',  ( 0.04177303464634844060, -0.04724616930582498098, 0.01000000000000000021 ) ) ;
#1842 = EDGE_CURVE ( 'NONE', #2144, #1210, #4025, .T. ) ;
#1843 = CARTESIAN_POINT ( 'NONE',  ( 0.3799999999999999489, 0.3800000000000000044, 0.0000000000000000000 ) ) ;
#1844 = CARTESIAN_POINT ( 'NONE',  ( -0.2605977249740729640, -0.2449821083917770315, 0.4000000000000000222 ) ) ;
#1845 = CARTESIAN_POINT ( 'NONE',  ( -0.1296762079544321877, -0.02216884048947660377, 0.0000000000000000000 ) ) ;
#1846 = ORIENTED_EDGE ( 'NONE', *, *, #4003, .T. ) ;
#1847 = FILL_AREA_STYLE_COLOUR ( '', #2618 ) ;
#1848 = ORIENTED_EDGE ( 'NONE', *, *, #2317, .T. ) ;
#1849 = ORIENTED_EDGE ( 'NONE', *, *, #1986, .T. ) ;
#1850 = CARTESIAN_POINT ( 'NONE',  ( -0.1269429059301462881, 0.03313716113352941500, 6.776263578034402713E-18 ) ) ;
#1851 = DIRECTION ( 'NONE',  ( 0.0000000000000000000, -0.0000000000000000000, -1.000000000000000000 ) ) ;
#1852 =( NAMED_UNIT ( * ) SI_UNIT ( $, .STERADIAN. ) SOLID_ANGLE_UNIT ( ) );
#1853 = EDGE_LOOP ( 'NONE', ( #1912, #921, #2149, #4099, #436, #3332 ) ) ;
#1854 = CARTESIAN_POINT ( 'NONE',  ( 0.02782875764994997489, -0.03306629379744156771, 0.0000000000000000000 ) ) ;
#1855 = EDGE_CURVE ( 'NONE', #1818, #588, #2518, .T. ) ;
#1856 = CARTESIAN_POINT ( 'NONE',  ( -0.2605977249740729640, -0.2449821083917770315, 0.3990000000000000213 ) ) ;
#1857 = ORIENTED_EDGE ( 'NONE', *, *, #1036, .T. ) ;
#1858 = EDGE_CURVE ( 'NONE', #2601, #851, #316, .T. ) ;
#1859 = DIRECTION ( 'NONE',  ( -1.000000000000000000, 0.0000000000000000000, 0.0000000000000000000 ) ) ;
#1860 = CARTESIAN_POINT ( 'NONE',  ( -0.1109232396340979893, -0.03400424295492487231, 0.0000000000000000000 ) ) ;
#1861 = CARTESIAN_POINT ( 'NONE',  ( 0.07691269665448111081, -0.04008077138051117927, 0.01000000000000000021 ) ) ;
#1862 = PRESENTATION_STYLE_ASSIGNMENT (( #67 ) ) ;
#1863 =( NAMED_UNIT ( * ) PLANE_ANGLE_UNIT ( ) SI_UNIT ( $, .RADIAN. ) );
#1864 = VERTEX_POINT ( 'NONE', #263 ) ;
#1865 = EDGE_CURVE ( 'NONE', #4116, #1911, #3468, .T. ) ;
#1866 = DIRECTION ( 'NONE',  ( 0.0000000000000000000, -1.000000000000000000, 0.0000000000000000000 ) ) ;
#1867 = FILL_AREA_STYLE_COLOUR ( '', #2836 ) ;
#1868 = SURFACE_STYLE_USAGE ( .BOTH. , #3400 ) ;
#1869 = PLANE ( 'NONE',  #1561 ) ;
#1870 = ORIENTED_EDGE ( 'NONE', *, *, #956, .F. ) ;
#1871 = VECTOR ( 'NONE', #3677, 1000.000000000000000 ) ;
#1872 = CARTESIAN_POINT ( 'NONE',  ( -0.1179177860480949969, 0.03896457886277382432, 0.01000000000000000021 ) ) ;
#1873 = CARTESIAN_POINT ( 'NONE',  ( -0.2193507718441093379, -0.007366412522700959038, 0.01000000000000000021 ) ) ;
#1874 = AXIS2_PLACEMENT_3D ( 'NONE', #1238, #228, #1511 ) ;
#1875 =( NAMED_UNIT ( * ) SI_UNIT ( $, .STERADIAN. ) SOLID_ANGLE_UNIT ( ) );
#1876 = PRESENTATION_LAYER_ASSIGNMENT (  '', '', ( #3214 ) ) ;
#1877 = COLOUR_RGB ( '',1.000000000000000000, 1.000000000000000000, 1.000000000000000000 ) ;
#1878 = SURFACE_SIDE_STYLE ('',( #246 ) ) ;
#1879 = ORIENTED_EDGE ( 'NONE', *, *, #1639, .T. ) ;
#1880 = CARTESIAN_POINT ( 'NONE',  ( 0.03545050202699321501, -0.04622304831709490164, 0.01000000000000000021 ) ) ;
#1881 = COLOUR_RGB ( '',1.000000000000000000, 1.000000000000000000, 1.000000000000000000 ) ;
#1882 =( LENGTH_UNIT ( ) NAMED_UNIT ( * ) SI_UNIT ( .MILLI., .METRE. ) );
#1883 = PRESENTATION_LAYER_ASSIGNMENT (  '', '', ( #84 ) ) ;
#1884 = STYLED_ITEM ( 'NONE', ( #1379 ), #1533 ) ;
#1885 =( GEOMETRIC_REPRESENTATION_CONTEXT ( 3 ) GLOBAL_UNCERTAINTY_ASSIGNED_CONTEXT ( ( #1475 ) ) GLOBAL_UNIT_ASSIGNED_CONTEXT ( ( #320, #941, #2 ) ) REPRESENTATION_CONTEXT ( 'NONE', 'WORKASPACE' ) );
#1886 = CARTESIAN_POINT ( 'NONE',  ( 0.3800000000000000600, -0.3800000000000000044, 0.4000000000000000222 ) ) ;
#1887 = ADVANCED_FACE ( 'NONE', ( #2883, #358 ), #2242, .T. ) ;
#1888 = PRESENTATION_STYLE_ASSIGNMENT (( #3462 ) ) ;
#1889 = CARTESIAN_POINT ( 'NONE',  ( 0.04956240305150612369, 0.04376682873123656503, 0.01000000000000000021 ) ) ;
#1890 = CARTESIAN_POINT ( 'NONE',  ( -0.09816174745386538336, -0.03541519301050583685, 0.01000000000000000021 ) ) ;
#1891 = EDGE_CURVE ( 'NONE', #1976, #2510, #1931, .T. ) ;
#1892 = CARTESIAN_POINT ( 'NONE',  ( 0.1562780391315004846, -0.04639080276660340063, 0.01000000000000000021 ) ) ;
#1893 = ORIENTED_EDGE ( 'NONE', *, *, #4053, .T. ) ;
#1894 =( NAMED_UNIT ( * ) PLANE_ANGLE_UNIT ( ) SI_UNIT ( $, .RADIAN. ) );
#1895 = LINE ( 'NONE', #1589, #1093 ) ;
#1896 = DIRECTION ( 'NONE',  ( 0.0000000000000000000, -1.000000000000000000, 0.0000000000000000000 ) ) ;
#1897 = LINE ( 'NONE', #1235, #3555 ) ;
#1898 = ORIENTED_EDGE ( 'NONE', *, *, #1412, .F. ) ;
#1899 = FACE_BOUND ( 'NONE', #3274, .T. ) ;
#1900 = CARTESIAN_POINT ( 'NONE',  ( 0.08221553908242118514, 0.04028414655411121509, 0.01000000000000000021 ) ) ;
#1901 = DIRECTION ( 'NONE',  ( -0.0000000000000000000, -0.0000000000000000000, -1.000000000000000000 ) ) ;
#1902 = CARTESIAN_POINT ( 'NONE',  ( 0.04964694157052485651, -0.04761031496172535293, 6.776263578034402713E-18 ) ) ;
#1903 = ORIENTED_EDGE ( 'NONE', *, *, #1865, .T. ) ;
#1904 = DIRECTION ( 'NONE',  ( 1.000000000000000000, 0.0000000000000000000, -0.0000000000000000000 ) ) ;
#1905 = SURFACE_STYLE_FILL_AREA ( #1971 ) ;
#1906 =( NAMED_UNIT ( * ) PLANE_ANGLE_UNIT ( ) SI_UNIT ( $, .RADIAN. ) );
#1907 = DIRECTION ( 'NONE',  ( 1.000000000000000000, 0.0000000000000000000, -0.0000000000000000000 ) ) ;
#1908 = DIRECTION ( 'NONE',  ( 0.0000000000000000000, -0.0000000000000000000, -1.000000000000000000 ) ) ;
#1909 = CARTESIAN_POINT ( 'NONE',  ( 0.04069893030970700432, -0.03626679359687589449, 0.01000000000000000021 ) ) ;
#1910 = FACE_OUTER_BOUND ( 'NONE', #1453, .T. ) ;
#1911 = VERTEX_POINT ( 'NONE', #295 ) ;
#1912 = ORIENTED_EDGE ( 'NONE', *, *, #2261, .F. ) ;
#1913 = CARTESIAN_POINT ( 'NONE',  ( 0.04779861839979314408, -0.03663470520562779609, 0.01000000000000000021 ) ) ;
#1914 = CARTESIAN_POINT ( 'NONE',  ( 0.09652194157052484957, 0.001722764306567337381, 0.01000000000000000021 ) ) ;
#1915 = EDGE_CURVE ( 'NONE', #2510, #549, #1895, .T. ) ;
#1916 = CARTESIAN_POINT ( 'NONE',  ( -0.1510390340392313013, 0.004866819184616113722, 0.0000000000000000000 ) ) ;
#1917 = PLANE ( 'NONE',  #11 ) ;
#1918 = LINE ( 'NONE', #338, #1673 ) ;
#1919 = EDGE_LOOP ( 'NONE', ( #3122, #601, #347, #2685 ) ) ;
#1920 = CARTESIAN_POINT ( 'NONE',  ( 0.02213169766808581462, -0.03023226618123754650, 5.082197683525802034E-18 ) ) ;
#1921 = EDGE_LOOP ( 'NONE', ( #3416, #2745, #2831, #1815 ) ) ;
#1922 = CARTESIAN_POINT ( 'NONE',  ( 0.08050479552163869457, -0.03728331684247850053, 0.01000000000000000021 ) ) ;
#1923 = ORIENTED_EDGE ( 'NONE', *, *, #3903, .T. ) ;
#1924 = DIRECTION ( 'NONE',  ( 0.0000000000000000000, -0.0000000000000000000, 1.000000000000000000 ) ) ;
#1925 = PRESENTATION_LAYER_ASSIGNMENT (  '', '', ( #3926 ) ) ;
#1926 = SURFACE_SIDE_STYLE ('',( #2238 ) ) ;
#1927 = DIRECTION ( 'NONE',  ( 0.0000000000000000000, -0.0000000000000000000, -1.000000000000000000 ) ) ;
#1928 = CARTESIAN_POINT ( 'NONE',  ( 0.002619502546134599465, -0.04639080276660340063, 0.01000000000000000021 ) ) ;
#1929 = PRESENTATION_LAYER_ASSIGNMENT (  '', '', ( #546 ) ) ;
#1930 = CARTESIAN_POINT ( 'NONE',  ( 0.3799999999999999489, 0.3800000000000000044, 0.4000000000000000222 ) ) ;
#1931 = LINE ( 'NONE', #1273, #3754 ) ;
#1932 =( LENGTH_UNIT ( ) NAMED_UNIT ( * ) SI_UNIT ( .MILLI., .METRE. ) );
#1933 = PRESENTATION_LAYER_ASSIGNMENT (  '', '', ( #3738 ) ) ;
#1934 = VERTEX_POINT ( 'NONE', #2557 ) ;
#1935 = SURFACE_STYLE_USAGE ( .BOTH. , #332 ) ;
#1936 = ADVANCED_FACE ( 'NONE', ( #2224 ), #3189, .T. ) ;
#1937 = VECTOR ( 'NONE', #1782, 1000.000000000000000 ) ;
#1938 = CARTESIAN_POINT ( 'NONE',  ( 0.08074275062141933468, -0.01359402658099443696, 0.01000000000000000021 ) ) ;
#1939 = VECTOR ( 'NONE', #3933, 1000.000000000000000 ) ;
#1940 = VECTOR ( 'NONE', #995, 1000.000000000000000 ) ;
#1941 = DIRECTION ( 'NONE',  ( -0.0000000000000000000, -0.0000000000000000000, -1.000000000000000000 ) ) ;
#1942 = EDGE_CURVE ( 'NONE', #3483, #999, #1954, .T. ) ;
#1943 = COLOUR_RGB ( '',1.000000000000000000, 1.000000000000000000, 1.000000000000000000 ) ;
#1944 = CARTESIAN_POINT ( 'NONE',  ( 0.08302526787784811346, -0.001775483486286031634, 6.776263578034402713E-18 ) ) ;
#1945 = VECTOR ( 'NONE', #623, 1000.000000000000000 ) ;
#1946 =( GEOMETRIC_REPRESENTATION_CONTEXT ( 3 ) GLOBAL_UNCERTAINTY_ASSIGNED_CONTEXT ( ( #1717 ) ) GLOBAL_UNIT_ASSIGNED_CONTEXT ( ( #3006, #62, #1029 ) ) REPRESENTATION_CONTEXT ( 'NONE', 'WORKASPACE' ) );
#1947 = CARTESIAN_POINT ( 'NONE',  ( 0.09642952427870772614, -0.003635561928811995025, 0.01000000000000000021 ) ) ;
#1948 = ORIENTED_EDGE ( 'NONE', *, *, #1710, .T. ) ;
#1949 = COLOUR_RGB ( '',1.000000000000000000, 1.000000000000000000, 1.000000000000000000 ) ;
#1950 = PRESENTATION_STYLE_ASSIGNMENT (( #3490 ) ) ;
#1951 = SURFACE_STYLE_USAGE ( .BOTH. , #3853 ) ;
#1952 = MECHANICAL_DESIGN_GEOMETRIC_PRESENTATION_REPRESENTATION (  '', ( #1763 ), #4092 ) ;
#1953 = LINE ( 'NONE', #1629, #211 ) ;
#1954 = LINE ( 'NONE', #3875, #3574 ) ;
#1955 = FACE_OUTER_BOUND ( 'NONE', #3525, .T. ) ;
#1956 = LINE ( 'NONE', #2865, #1819 ) ;
#1957 = EDGE_LOOP ( 'NONE', ( #1898, #3584, #3498, #1797 ) ) ;
#1958 = CARTESIAN_POINT ( 'NONE',  ( 0.04908328590091483312, -0.03660159539723946420, 6.776263578034402713E-18 ) ) ;
#1959 = CARTESIAN_POINT ( 'NONE',  ( 0.1428634049851590093, 0.05360919723339661186, 0.01000000000000000021 ) ) ;
#1960 = ADVANCED_FACE ( 'NONE', ( #2285 ), #1647, .T. ) ;
#1961 = CARTESIAN_POINT ( 'NONE',  ( -0.1376243998928897705, 0.004580996013884406151, 0.01000000000000000021 ) ) ;
#1962 = PRESENTATION_STYLE_ASSIGNMENT (( #3862 ) ) ;
#1963 = FILL_AREA_STYLE_COLOUR ( '', #342 ) ;
#1964 = ORIENTED_EDGE ( 'NONE', *, *, #4034, .F. ) ;
#1965 = CARTESIAN_POINT ( 'NONE',  ( -0.1474141898901533687, 0.02488958141281917558, 0.0000000000000000000 ) ) ;
#1966 = UNCERTAINTY_MEASURE_WITH_UNIT (LENGTH_MEASURE( 1.000000000000000082E-05 ), #2607, 'distance_accuracy_value', 'NONE');
#1967 = PRESENTATION_STYLE_ASSIGNMENT (( #780 ) ) ;
#1968 = SURFACE_STYLE_USAGE ( .BOTH. , #3629 ) ;
#1969 = CARTESIAN_POINT ( 'NONE',  ( 0.1562780391315004846, -0.04639080276660340063, 0.01000000000000000021 ) ) ;
#1970 = ORIENTED_EDGE ( 'NONE', *, *, #3118, .T. ) ;
#1971 = FILL_AREA_STYLE ('',( #933 ) ) ;
#1972 = CARTESIAN_POINT ( 'NONE',  ( -0.08396586330752396632, -0.03541519301050583685, 0.01000000000000000021 ) ) ;
#1973 =( NAMED_UNIT ( * ) SI_UNIT ( $, .STERADIAN. ) SOLID_ANGLE_UNIT ( ) );
#1974 = DIRECTION ( 'NONE',  ( -0.0000000000000000000, -0.0000000000000000000, -1.000000000000000000 ) ) ;
#1975 = CYLINDRICAL_SURFACE ( 'NONE', #3005, 0.04999999999999999584 ) ;
#1976 = VERTEX_POINT ( 'NONE', #1993 ) ;
#1977 = FILL_AREA_STYLE_COLOUR ( '', #3337 ) ;
#1978 = CARTESIAN_POINT ( 'NONE',  ( -0.07055122916118249099, -0.04639080276660340063, 0.0000000000000000000 ) ) ;
#1979 = CARTESIAN_POINT ( 'NONE',  ( -0.2041726276732337142, 0.03480086360553691360, 6.776263578034402713E-18 ) ) ;
#1980 = SPHERICAL_SURFACE ( 'NONE', #3207, 0.1100000000000000006 ) ;
#1981 = PRESENTATION_STYLE_ASSIGNMENT (( #424 ) ) ;
#1982 = ORIENTED_EDGE ( 'NONE', *, *, #2497, .T. ) ;
#1983 = LINE ( 'NONE', #2252, #2955 ) ;
#1984 = CARTESIAN_POINT ( 'NONE',  ( 0.09649068672134446245, -8.938226311821327185E-05, 6.776263578034402713E-18 ) ) ;
#1985 = VERTEX_POINT ( 'NONE', #81 ) ;
#1986 = EDGE_CURVE ( 'NONE', #379, #266, #276, .T. ) ;
#1987 = CARTESIAN_POINT ( 'NONE',  ( 0.05528748409175536505, -0.03603183991061870151, 0.01000000000000000021 ) ) ;
#1988 = CARTESIAN_POINT ( 'NONE',  ( -0.1323527105336427256, 0.04352414530191735936, 0.01000000000000000021 ) ) ;
#1989 = FILL_AREA_STYLE_COLOUR ( '', #3152 ) ;
#1990 = DIRECTION ( 'NONE',  ( 1.000000000000000000, 0.0000000000000000000, 0.0000000000000000000 ) ) ;
#1991 = EDGE_CURVE ( 'NONE', #3995, #4002, #1751, .T. ) ;
#1992 = DIRECTION ( 'NONE',  ( 0.3363908276654490881, -0.9417224702971432881, 0.0000000000000000000 ) ) ;
#1993 = CARTESIAN_POINT ( 'NONE',  ( -0.01079513160020685418, -0.03541519301050583685, 0.01000000000000000021 ) ) ;
#1994 = CARTESIAN_POINT ( 'NONE',  ( -0.09774254013679223307, -0.04639080276660340063, 0.01000000000000000021 ) ) ;
#1995 = EDGE_LOOP ( 'NONE', ( #1435, #3945, #721, #844, #3780, #720, #3419, #3764 ) ) ;
#1996 = VECTOR ( 'NONE', #1941, 1000.000000000000000 ) ;
#1997 = CARTESIAN_POINT ( 'NONE',  ( -0.2339658633075239746, -0.04639080276660340063, 0.01000000000000000021 ) ) ;
#1998 =( GEOMETRIC_REPRESENTATION_CONTEXT ( 3 ) GLOBAL_UNCERTAINTY_ASSIGNED_CONTEXT ( ( #762 ) ) GLOBAL_UNIT_ASSIGNED_CONTEXT ( ( #518, #854, #2722 ) ) REPRESENTATION_CONTEXT ( 'NONE', 'WORKASPACE' ) );
#1999 = CARTESIAN_POINT ( 'NONE',  ( 0.05528748409175536505, -0.03603183991061870151, 6.776263578034402713E-18 ) ) ;
#2000 = CARTESIAN_POINT ( 'NONE',  ( 0.05620767078022711333, 0.05399945645020599871, 1.016439536705160407E-17 ) ) ;
#2001 = CARTESIAN_POINT ( 'NONE',  ( -0.2042974181855727323, 0.03440188016022587003, 0.0000000000000000000 ) ) ;
#2002 = MECHANICAL_DESIGN_GEOMETRIC_PRESENTATION_REPRESENTATION (  '', ( #2623 ), #1544 ) ;
#2003 = UNCERTAINTY_MEASURE_WITH_UNIT (LENGTH_MEASURE( 1.000000000000000082E-05 ), #57, 'distance_accuracy_value', 'NONE');
#2004 = CARTESIAN_POINT ( 'NONE',  ( -0.1069829181718804645, 0.04210168691670690411, 0.01000000000000000021 ) ) ;
#2005 = CARTESIAN_POINT ( 'NONE',  ( -0.1453202494906777886, -0.02062382951612205459, 6.776263578034402713E-18 ) ) ;
#2006 = VECTOR ( 'NONE', #2548, 1000.000000000000000 ) ;
#2007 = STYLED_ITEM ( 'NONE', ( #1810 ), #1157 ) ;
#2008 = COLOUR_RGB ( '',1.000000000000000000, 1.000000000000000000, 1.000000000000000000 ) ;
#2009 = CARTESIAN_POINT ( 'NONE',  ( -0.2028926426638608949, 0.04064533788507773693, -0.0000000000000000000 ) ) ;
#2010 = PRESENTATION_LAYER_ASSIGNMENT (  '', '', ( #3215 ) ) ;
#2011 = EDGE_CURVE ( 'NONE', #2724, #2341, #3422, .T. ) ;
#2012 = PRESENTATION_LAYER_ASSIGNMENT (  '', '', ( #2961 ) ) ;
#2013 = CARTESIAN_POINT ( 'NONE',  ( -0.04616098525874346575, 0.009706758209006360189, 0.01000000000000000021 ) ) ;
#2014 = LINE ( 'NONE', #3298, #800 ) ;
#2015 = ADVANCED_FACE ( 'NONE', ( #2082 ), #3980, .T. ) ;
#2016 = CIRCLE ( 'NONE', #1827, 0.1024695076595959764 ) ;
#2017 = ORIENTED_EDGE ( 'NONE', *, *, #570, .F. ) ;
#2018 = FACE_OUTER_BOUND ( 'NONE', #4043, .T. ) ;
#2019 = FILL_AREA_STYLE_COLOUR ( '', #2951 ) ;
#2020 = SURFACE_SIDE_STYLE ('',( #3627 ) ) ;
#2021 = CARTESIAN_POINT ( 'NONE',  ( -0.1375898882908501153, 0.003042741863485113555, -0.0000000000000000000 ) ) ;
#2022 =( NAMED_UNIT ( * ) PLANE_ANGLE_UNIT ( ) SI_UNIT ( $, .RADIAN. ) );
#2023 = CARTESIAN_POINT ( 'NONE',  ( -0.1147034908971353018, -0.03286919347235725541, 0.01000000000000000021 ) ) ;
#2024 = ORIENTED_EDGE ( 'NONE', *, *, #1290, .T. ) ;
#2025 = B_SPLINE_CURVE_WITH_KNOTS ( 'NONE', 3,
 ( #3027, #1461, #1442, #2575, #2549, #1223, #596, #1861, #1922, #309, #2530, #281, #36, #636, #3526, #2591, #1703, #444, #675 ),
 .UNSPECIFIED., .F., .F.,
 ( 4, 1, 1, 1, 1, 1, 1, 1, 1, 1, 1, 1, 1, 1, 1, 1, 4 ),
 ( 0.0000000000000000000, 0.06783324845577361206, 0.1326555365079041815, 0.1950508840508279329, 0.2555829330687772738, 0.3147998341472899586, 0.3736004728263744856, 0.4325455953267435261, 0.4924306292835654575, 0.5526712559629696209, 0.6125130441881164733, 0.6726102503570065005, 0.7338383693139460817, 0.7965942385677740045, 0.8614497992905733037, 0.9291989423509054991, 1.000000000000000000 ),
 .UNSPECIFIED. ) ;
#2026 = CARTESIAN_POINT ( 'NONE',  ( 0.09639315299501929890, 0.007475950574405797536, 0.0000000000000000000 ) ) ;
#2027 = DIRECTION ( 'NONE',  ( -0.0000000000000000000, -0.0000000000000000000, -1.000000000000000000 ) ) ;
#2028 = CARTESIAN_POINT ( 'NONE',  ( -0.1094933109387986048, 0.05287806264269080680, 1.016439536705160407E-17 ) ) ;
#2029 =( LENGTH_UNIT ( ) NAMED_UNIT ( * ) SI_UNIT ( .MILLI., .METRE. ) );
#2030 = SURFACE_STYLE_USAGE ( .BOTH. , #1419 ) ;
#2031 = CARTESIAN_POINT ( 'NONE',  ( -0.1350208236642203297, 0.02116704537957028037, 0.0000000000000000000 ) ) ;
#2032 = CARTESIAN_POINT ( 'NONE',  ( -0.2017213003961746132, 0.03747189255901573618, 0.01000000000000000021 ) ) ;
#2033 = SURFACE_STYLE_USAGE ( .BOTH. , #61 ) ;
#2034 = VERTEX_POINT ( 'NONE', #2804 ) ;
#2035 = CARTESIAN_POINT ( 'NONE',  ( -0.01079513160020685418, -0.001268851547091204681, 0.01000000000000000021 ) ) ;
#2036 = PLANE ( 'NONE',  #1158 ) ;
#2037 = CARTESIAN_POINT ( 'NONE',  ( 0.03627342074951515200, 0.04299982883723840743, 0.01000000000000000021 ) ) ;
#2038 = CARTESIAN_POINT ( 'NONE',  ( 0.08307952543917070110, 0.001080003493087772388, -0.0000000000000000000 ) ) ;
#2039 = PLANE ( 'NONE',  #810 ) ;
#2040 = EDGE_CURVE ( 'NONE', #706, #3519, #2311, .T. ) ;
#2041 = UNCERTAINTY_MEASURE_WITH_UNIT (LENGTH_MEASURE( 1.000000000000000082E-05 ), #314, 'distance_accuracy_value', 'NONE');
#2042 = FILL_AREA_STYLE_COLOUR ( '', #2207 ) ;
#2043 = CARTESIAN_POINT ( 'NONE',  ( -0.1282038847387280134, -0.03860273309587789609, 0.01000000000000000021 ) ) ;
#2044 = EDGE_LOOP ( 'NONE', ( #2741, #1248, #3577, #1693 ) ) ;
#2045 = DIRECTION ( 'NONE',  ( 0.0000000000000000000, 1.000000000000000000, 0.0000000000000000000 ) ) ;
#2046 = CARTESIAN_POINT ( 'NONE',  ( 0.07270271247491329192, 0.03271570738297986669, 0.0000000000000000000 ) ) ;
#2047 = CARTESIAN_POINT ( 'NONE',  ( -0.1282513201281783866, 0.04622067416180800081, 0.01000000000000000021 ) ) ;
#2048 =( NAMED_UNIT ( * ) PLANE_ANGLE_UNIT ( ) SI_UNIT ( $, .RADIAN. ) );
#2049 =( LENGTH_UNIT ( ) NAMED_UNIT ( * ) SI_UNIT ( .MILLI., .METRE. ) );
#2050 = SURFACE_SIDE_STYLE ('',( #3357 ) ) ;
#2051 = DIRECTION ( 'NONE',  ( 0.0000000000000000000, -0.0000000000000000000, 1.000000000000000000 ) ) ;
#2052 = DIRECTION ( 'NONE',  ( 1.000000000000000000, 0.0000000000000000000, 0.0000000000000000000 ) ) ;
#2053 = CARTESIAN_POINT ( 'NONE',  ( 0.09642952427870772614, -0.003635561928811995025, 0.0000000000000000000 ) ) ;
#2054 = ORIENTED_EDGE ( 'NONE', *, *, #3775, .F. ) ;
#2055 = SURFACE_SIDE_STYLE ('',( #2379 ) ) ;
#2056 = DIRECTION ( 'NONE',  ( 0.0000000000000000000, -1.000000000000000000, 0.0000000000000000000 ) ) ;
#2057 = CARTESIAN_POINT ( 'NONE',  ( 0.02496032410282865779, -0.04276916256385409482, 6.776263578034402713E-18 ) ) ;
#2058 = CARTESIAN_POINT ( 'NONE',  ( -0.09871433891728005616, 0.04263358747729904807, 0.01000000000000000021 ) ) ;
#2059 = SURFACE_STYLE_FILL_AREA ( #1714 ) ;
#2060 = VECTOR ( 'NONE', #2986, 1000.000000000000000 ) ;
#2061 = COLOUR_RGB ( '',1.000000000000000000, 1.000000000000000000, 1.000000000000000000 ) ;
#2062 = VECTOR ( 'NONE', #719, 1000.000000000000000 ) ;
#2063 = CARTESIAN_POINT ( 'NONE',  ( -0.2024300401367922497, 0.04141407528217708883, 0.01000000000000000021 ) ) ;
#2064 = CARTESIAN_POINT ( 'NONE',  ( -0.1296762079544321877, -0.02216884048947660377, 6.776263578034402713E-18 ) ) ;
#2065 = EDGE_CURVE ( 'NONE', #2412, #1146, #1528, .T. ) ;
#2066 =( LENGTH_UNIT ( ) NAMED_UNIT ( * ) SI_UNIT ( .MILLI., .METRE. ) );
#2067 = VECTOR ( 'NONE', #798, 1000.000000000000000 ) ;
#2068 = AXIS2_PLACEMENT_3D ( 'NONE', #2671, #2748, #4011 ) ;
#2069 = CARTESIAN_POINT ( 'NONE',  ( 0.08221553908242118514, 0.04028414655411121509, 0.0000000000000000000 ) ) ;
#2070 = CARTESIAN_POINT ( 'NONE',  ( 0.04555014279003703065, 0.04385309967242099344, 0.0000000000000000000 ) ) ;
#2071 =( GEOMETRIC_REPRESENTATION_CONTEXT ( 3 ) GLOBAL_UNCERTAINTY_ASSIGNED_CONTEXT ( ( #3573 ) ) GLOBAL_UNIT_ASSIGNED_CONTEXT ( ( #1932, #998, #4109 ) ) REPRESENTATION_CONTEXT ( 'NONE', 'WORKASPACE' ) );
#2072 = VECTOR ( 'NONE', #950, 1000.000000000000000 ) ;
#2073 = VECTOR ( 'NONE', #3271, 1000.000000000000000 ) ;
#2074 = SURFACE_STYLE_FILL_AREA ( #802 ) ;
#2075 = PRESENTATION_LAYER_ASSIGNMENT (  '', '', ( #139 ) ) ;
#2076 = FILL_AREA_STYLE ('',( #2703 ) ) ;
#2077 = B_SPLINE_SURFACE_WITH_KNOTS ( 'NONE', 3, 1, ( 
 ( #1640, #3868 ),
 ( #2279, #1625 ),
 ( #1889, #1586 ),
 ( #2256, #1250 ),
 ( #2920, #2857 ),
 ( #40, #3578 ),
 ( #707, #3169 ),
 ( #1269, #1336 ),
 ( #2551, #3800 ),
 ( #958, #992 ),
 ( #2220, #3509 ),
 ( #1297, #637 ),
 ( #18, #3851 ),
 ( #2577, #3184 ),
 ( #326, #1318 ),
 ( #3831, #3544 ),
 ( #56, #2611 ),
 ( #1359, #3974 ),
 ( #740, #429 ) ),
 .UNSPECIFIED., .F., .F., .F.,
 ( 4, 1, 1, 1, 1, 1, 1, 1, 1, 1, 1, 1, 1, 1, 1, 1, 4 ),
 ( 2, 2 ),
 ( 0.0000000000000000000, 0.06460397028839230671, 0.1267024139629473467, 0.1867568140356183348, 0.2455056873654374860, 0.3036520244499754662, 0.3615030739706254770, 0.4202402229284675772, 0.4800333407766962934, 0.5406781347755160727, 0.6011918063807818458, 0.6623335024774423818, 0.7247395102972318259, 0.7894677361728866805, 0.8565048600438308624, 0.9263120958391902748, 1.000000000000000000 ),
 ( 0.0000000000000000000, 1.000000000000000000 ),
 .UNSPECIFIED. ) ;
#2078 = ORIENTED_EDGE ( 'NONE', *, *, #2648, .T. ) ;
#2079 = LINE ( 'NONE', #3353, #3091 ) ;
#2080 = COLOUR_RGB ( '',0.6666666666666666297, 0.6980392156862744724, 0.7686274509803920907 ) ;
#2081 = CARTESIAN_POINT ( 'NONE',  ( -0.08396586330752396632, -0.03541519301050583685, 0.0000000000000000000 ) ) ;
#2082 = FACE_OUTER_BOUND ( 'NONE', #1675, .T. ) ;
#2083 = DIRECTION ( 'NONE',  ( 0.0000000000000000000, 1.000000000000000000, 0.0000000000000000000 ) ) ;
#2084 = STYLED_ITEM ( 'NONE', ( #2534 ), #258 ) ;
#2085 = DIRECTION ( 'NONE',  ( -1.426581805901979389E-16, 1.000000000000000000, -0.0000000000000000000 ) ) ;
#2086 = VERTEX_POINT ( 'NONE', #868 ) ;
#2087 = STYLED_ITEM ( 'NONE', ( #1719 ), #541 ) ;
#2088 = CARTESIAN_POINT ( 'NONE',  ( 0.03453084509151625042, -0.04605250739223960832, 6.776263578034402713E-18 ) ) ;
#2089 = VERTEX_POINT ( 'NONE', #558 ) ;
#2090 = FACE_OUTER_BOUND ( 'NONE', #3385, .T. ) ;
#2091 = CARTESIAN_POINT ( 'NONE',  ( -0.1729902535514264150, -0.04639080276660340063, 0.0000000000000000000 ) ) ;
#2092 = ORIENTED_EDGE ( 'NONE', *, *, #520, .F. ) ;
#2093 = ADVANCED_FACE ( 'NONE', ( #578 ), #3446, .T. ) ;
#2094 = UNCERTAINTY_MEASURE_WITH_UNIT (LENGTH_MEASURE( 1.000000000000000082E-05 ), #2066, 'distance_accuracy_value', 'NONE');
#2095 = SPHERICAL_SURFACE ( 'NONE', #2137, 0.1100000000000000006 ) ;
#2096 = CARTESIAN_POINT ( 'NONE',  ( -0.1336165955567528985, -0.01580952660455110098, 6.776263578034402713E-18 ) ) ;
#2097 = ORIENTED_EDGE ( 'NONE', *, *, #1608, .F. ) ;
#2098 = CARTESIAN_POINT ( 'NONE',  ( 0.09652194157052484957, 0.001722764306567337381, 0.0000000000000000000 ) ) ;
#2099 = FILL_AREA_STYLE ('',( #831 ) ) ;
#2100 = PRESENTATION_STYLE_ASSIGNMENT (( #3693 ) ) ;
#2101 = CARTESIAN_POINT ( 'NONE',  ( 0.02213169766808581462, 0.03745066064803075079, 6.776263578034402713E-18 ) ) ;
#2102 = ORIENTED_EDGE ( 'NONE', *, *, #1570, .T. ) ;
#2103 = LINE ( 'NONE', #910, #3284 ) ;
#2104 = CARTESIAN_POINT ( 'NONE',  ( -0.2024300401367922497, 0.04141407528217708883, 0.01000000000000000021 ) ) ;
#2105 = VERTEX_POINT ( 'NONE', #157 ) ;
#2106 = CARTESIAN_POINT ( 'NONE',  ( 0.03890199521428085866, 0.05460006405191046575, 0.0000000000000000000 ) ) ;
#2107 = CARTESIAN_POINT ( 'NONE',  ( -0.01079513160020685418, 0.009706758209006360189, 0.0000000000000000000 ) ) ;
#2108 = FILL_AREA_STYLE ('',( #3452 ) ) ;
#2109 = ORIENTED_EDGE ( 'NONE', *, *, #2752, .T. ) ;
#2110 = CARTESIAN_POINT ( 'NONE',  ( -0.01079513160020685418, 0.04263358747729904807, 0.0000000000000000000 ) ) ;
#2111 = ORIENTED_EDGE ( 'NONE', *, *, #3606, .F. ) ;
#2112 = B_SPLINE_SURFACE_WITH_KNOTS ( 'NONE', 3, 1, ( 
 ( #3546, #2101 ),
 ( #2390, #3066 ),
 ( #2782, #1443 ),
 ( #4024, #464 ),
 ( #2370, #1417 ),
 ( #4042, #3960 ),
 ( #3313, #1747 ),
 ( #767, #447 ),
 ( #132, #3028 ),
 ( #3978, #1114 ),
 ( #515, #1462 ) ),
 .UNSPECIFIED., .F., .F., .F.,
 ( 4, 1, 1, 1, 1, 1, 1, 1, 4 ),
 ( 2, 2 ),
 ( 0.0000000000000000000, 0.1252796967356259727, 0.2494199707420513001, 0.3733567994928199130, 0.4966812787822861286, 0.6202029157439825635, 0.7450863201614565945, 0.8712691950190978307, 1.000000000000000000 ),
 ( 0.0000000000000000000, 1.000000000000000000 ),
 .UNSPECIFIED. ) ;
#2113 = B_SPLINE_CURVE_WITH_KNOTS ( 'NONE', 3,
 ( #2104, #3982, #3999, #2032, #3936, #3910, #1082 ),
 .UNSPECIFIED., .F., .F.,
 ( 4, 1, 1, 1, 4 ),
 ( 0.0000000000000000000, 0.3005411131585078444, 0.5677471464835985859, 0.8000336137369795653, 1.000000000000000000 ),
 .UNSPECIFIED. ) ;
#2114 = CARTESIAN_POINT ( 'NONE',  ( -0.1350973445782757965, -0.01223599767005093854, 6.776263578034402713E-18 ) ) ;
#2115 = SURFACE_STYLE_USAGE ( .BOTH. , #2164 ) ;
#2116 = DIRECTION ( 'NONE',  ( 0.0000000000000000000, 0.0000000000000000000, -1.000000000000000000 ) ) ;
#2117 =( NAMED_UNIT ( * ) SI_UNIT ( $, .STERADIAN. ) SOLID_ANGLE_UNIT ( ) );
#2118 = FILL_AREA_STYLE ('',( #3712 ) ) ;
#2119 = CARTESIAN_POINT ( 'NONE',  ( -0.1453202494906777886, -0.02062382951612205459, 0.01000000000000000021 ) ) ;
#2120 = CARTESIAN_POINT ( 'NONE',  ( 0.09098701813030472818, 0.02799964918395782612, 0.01000000000000000021 ) ) ;
#2121 = CARTESIAN_POINT ( 'NONE',  ( 0.02213169766808581462, 0.05086529479437221918, 0.01000000000000000021 ) ) ;
#2122 = SURFACE_SIDE_STYLE ('',( #1469 ) ) ;
#2123 = DIRECTION ( 'NONE',  ( 0.0000000000000000000, -0.0000000000000000000, 1.000000000000000000 ) ) ;
#2124 = EDGE_CURVE ( 'NONE', #1800, #1525, #1037, .T. ) ;
#2125 = CARTESIAN_POINT ( 'NONE',  ( 0.04964694157052485651, -0.04761031496172535293, 0.0000000000000000000 ) ) ;
#2126 = EDGE_LOOP ( 'NONE', ( #363, #3264, #2536 ) ) ;
#2127 = FILL_AREA_STYLE_COLOUR ( '', #1145 ) ;
#2128 = CARTESIAN_POINT ( 'NONE',  ( -0.05103903403923126803, -0.03541519301050583685, 0.01000000000000000021 ) ) ;
#2129 = CARTESIAN_POINT ( 'NONE',  ( 0.04555014279003703065, 0.04385309967242099344, 0.01000000000000000021 ) ) ;
#2130 = ORIENTED_EDGE ( 'NONE', *, *, #2356, .T. ) ;
#2131 = STYLED_ITEM ( 'NONE', ( #1399 ), #3787 ) ;
#2132 = CARTESIAN_POINT ( 'NONE',  ( -0.1375228310023751122, 5.385852527689950330E-05, 0.01000000000000000021 ) ) ;
#2133 = PRESENTATION_LAYER_ASSIGNMENT (  '', '', ( #3930 ) ) ;
#2134 = LINE ( 'NONE', #2157, #3143 ) ;
#2135 = PRESENTATION_LAYER_ASSIGNMENT (  '', '', ( #739 ) ) ;
#2136 = ORIENTED_EDGE ( 'NONE', *, *, #3351, .T. ) ;
#2137 = AXIS2_PLACEMENT_3D ( 'NONE', #3658, #1826, #1438 ) ;
#2138 = FACE_OUTER_BOUND ( 'NONE', #339, .T. ) ;
#2139 = EDGE_CURVE ( 'NONE', #2172, #1818, #3973, .T. ) ;
#2140 = AXIS2_PLACEMENT_3D ( 'NONE', #1856, #1557, #1331 ) ;
#2141 = AXIS2_PLACEMENT_3D ( 'NONE', #3768, #2206, #1630 ) ;
#2142 =( GEOMETRIC_REPRESENTATION_CONTEXT ( 3 ) GLOBAL_UNCERTAINTY_ASSIGNED_CONTEXT ( ( #785 ) ) GLOBAL_UNIT_ASSIGNED_CONTEXT ( ( #3233, #2923, #710 ) ) REPRESENTATION_CONTEXT ( 'NONE', 'WORKASPACE' ) );
#2143 = FILL_AREA_STYLE ('',( #3732 ) ) ;
#2144 = VERTEX_POINT ( 'NONE', #2998 ) ;
#2145 = CARTESIAN_POINT ( 'NONE',  ( -0.1376243998928897705, 0.004580996013884406151, 6.776263578034402713E-18 ) ) ;
#2146 = ADVANCED_FACE ( 'NONE', ( #3347 ), #2406, .F. ) ;
#2147 = PRESENTATION_STYLE_ASSIGNMENT (( #3451 ) ) ;
#2148 = MECHANICAL_DESIGN_GEOMETRIC_PRESENTATION_REPRESENTATION (  '', ( #3013 ), #2413 ) ;
#2149 = ORIENTED_EDGE ( 'NONE', *, *, #3792, .F. ) ;
#2150 = CARTESIAN_POINT ( 'NONE',  ( 0.04421011849380823699, -0.03658759109176192709, 0.0000000000000000000 ) ) ;
#2151 = MECHANICAL_DESIGN_GEOMETRIC_PRESENTATION_REPRESENTATION (  '', ( #885 ), #3029 ) ;
#2152 = COLOUR_RGB ( '',1.000000000000000000, 1.000000000000000000, 1.000000000000000000 ) ;
#2153 =( GEOMETRIC_REPRESENTATION_CONTEXT ( 3 ) GLOBAL_UNCERTAINTY_ASSIGNED_CONTEXT ( ( #1051 ) ) GLOBAL_UNIT_ASSIGNED_CONTEXT ( ( #934, #1906, #2889 ) ) REPRESENTATION_CONTEXT ( 'NONE', 'WORKASPACE' ) );
#2154 = CARTESIAN_POINT ( 'NONE',  ( -0.09816174745386538336, -0.03541519301050583685, 6.776263578034402713E-18 ) ) ;
#2155 = STYLED_ITEM ( 'NONE', ( #3582 ), #1960 ) ;
#2156 = DIRECTION ( 'NONE',  ( 1.000000000000000000, 0.0000000000000000000, 0.0000000000000000000 ) ) ;
#2157 = CARTESIAN_POINT ( 'NONE',  ( -0.05103903403923126803, -0.03541519301050583685, 0.0000000000000000000 ) ) ;
#2158 = CARTESIAN_POINT ( 'NONE',  ( 0.08310730742418338812, 0.002542124062664896482, 0.0000000000000000000 ) ) ;
#2159 = CARTESIAN_POINT ( 'NONE',  ( 0.08050479552163869457, -0.03728331684247850053, 6.776263578034402713E-18 ) ) ;
#2160 = DIRECTION ( 'NONE',  ( -0.0000000000000000000, -0.0000000000000000000, -1.000000000000000000 ) ) ;
#2161 = FILL_AREA_STYLE_COLOUR ( '', #3807 ) ;
#2162 = CARTESIAN_POINT ( 'NONE',  ( 0.04566447205832973449, 0.05482870942851855722, 6.776263578034402713E-18 ) ) ;
#2163 = ORIENTED_EDGE ( 'NONE', *, *, #251, .T. ) ;
#2164 = SURFACE_SIDE_STYLE ('',( #894 ) ) ;
#2165 = EDGE_LOOP ( 'NONE', ( #674, #4036, #3818, #2177 ) ) ;
#2166 = CARTESIAN_POINT ( 'NONE',  ( -0.2024300401367922497, 0.04141407528217708883, 0.0000000000000000000 ) ) ;
#2167 = CARTESIAN_POINT ( 'NONE',  ( -0.1350208236642203297, 0.02116704537957028037, 0.01000000000000000021 ) ) ;
#2168 = DIRECTION ( 'NONE',  ( 0.0000000000000000000, -1.000000000000000000, 0.0000000000000000000 ) ) ;
#2169 = DIRECTION ( 'NONE',  ( 0.0000000000000000000, -1.000000000000000000, 0.0000000000000000000 ) ) ;
#2170 = CYLINDRICAL_SURFACE ( 'NONE', #2761, 0.04999999999999999584 ) ;
#2171 = ORIENTED_EDGE ( 'NONE', *, *, #432, .T. ) ;
#2172 = VERTEX_POINT ( 'NONE', #2189 ) ;
#2173 =( LENGTH_UNIT ( ) NAMED_UNIT ( * ) SI_UNIT ( .MILLI., .METRE. ) );
#2174 =( NAMED_UNIT ( * ) PLANE_ANGLE_UNIT ( ) SI_UNIT ( $, .RADIAN. ) );
#2175 = FACE_OUTER_BOUND ( 'NONE', #2915, .T. ) ;
#2176 = DIRECTION ( 'NONE',  ( -0.0000000000000000000, -0.0000000000000000000, -1.000000000000000000 ) ) ;
#2177 = ORIENTED_EDGE ( 'NONE', *, *, #2719, .T. ) ;
#2178 = ADVANCED_FACE ( 'NONE', ( #3406 ), #3736, .T. ) ;
#2179 = CARTESIAN_POINT ( 'NONE',  ( -0.1282513201281783866, 0.04622067416180800081, 0.01000000000000000021 ) ) ;
#2180 = CARTESIAN_POINT ( 'NONE',  ( 0.03890199521428085866, 0.05460006405191046575, 0.01000000000000000021 ) ) ;
#2181 = CARTESIAN_POINT ( 'NONE',  ( 0.05138284772567499464, -0.04757159925324023347, 6.776263578034402713E-18 ) ) ;
#2182 = EDGE_LOOP ( 'NONE', ( #2912, #1870, #1283, #2791 ) ) ;
#2183 = PLANE ( 'NONE',  #19 ) ;
#2184 = FILL_AREA_STYLE ('',( #1480 ) ) ;
#2185 = CARTESIAN_POINT ( 'NONE',  ( 0.02213169766808581462, -0.03023226618123754650, 0.01000000000000000021 ) ) ;
#2186 = SURFACE_SIDE_STYLE ('',( #3512 ) ) ;
#2187 = CARTESIAN_POINT ( 'NONE',  ( -0.1211468040007877001, 0.03732041482769384716, 0.01000000000000000021 ) ) ;
#2188 = FILL_AREA_STYLE_COLOUR ( '', #3548 ) ;
#2189 = CARTESIAN_POINT ( 'NONE',  ( -0.1583561072099629874, -0.04639080276660340063, 0.0000000000000000000 ) ) ;
#2190 = FACE_BOUND ( 'NONE', #507, .T. ) ;
#2191 = DIRECTION ( 'NONE',  ( -0.0000000000000000000, 0.0000000000000000000, 1.000000000000000000 ) ) ;
#2192 = ORIENTED_EDGE ( 'NONE', *, *, #2011, .T. ) ;
#2193 = CARTESIAN_POINT ( 'NONE',  ( 0.02213169766808581462, -0.04120787593733511028, 0.01000000000000000021 ) ) ;
#2194 = PLANE ( 'NONE',  #685 ) ;
#2195 = EDGE_CURVE ( 'NONE', #1276, #3605, #227, .T. ) ;
#2196 = DIRECTION ( 'NONE',  ( 1.000000000000000000, 0.0000000000000000000, 0.0000000000000000000 ) ) ;
#2197 = CARTESIAN_POINT ( 'NONE',  ( 0.09163539137431921111, -0.02271441478859993410, 6.776263578034402713E-18 ) ) ;
#2198 = PRESENTATION_STYLE_ASSIGNMENT (( #3442 ) ) ;
#2199 = CIRCLE ( 'NONE', #3475, 0.1024695076595959764 ) ;
#2200 = ORIENTED_EDGE ( 'NONE', *, *, #3836, .F. ) ;
#2201 = STYLED_ITEM ( 'NONE', ( #70 ), #2312 ) ;
#2202 =( GEOMETRIC_REPRESENTATION_CONTEXT ( 3 ) GLOBAL_UNCERTAINTY_ASSIGNED_CONTEXT ( ( #2899 ) ) GLOBAL_UNIT_ASSIGNED_CONTEXT ( ( #1388, #3644, #1091 ) ) REPRESENTATION_CONTEXT ( 'NONE', 'WORKASPACE' ) );
#2203 = FACE_OUTER_BOUND ( 'NONE', #2182, .T. ) ;
#2204 = DIRECTION ( 'NONE',  ( -1.000000000000000000, -1.224646799147353207E-16, 0.0000000000000000000 ) ) ;
#2205 = CARTESIAN_POINT ( 'NONE',  ( 0.1428634049851590093, 0.05360919723339661186, 0.01000000000000000021 ) ) ;
#2206 = DIRECTION ( 'NONE',  ( 0.0000000000000000000, 0.0000000000000000000, 1.000000000000000000 ) ) ;
#2207 = COLOUR_RGB ( '',1.000000000000000000, 1.000000000000000000, 1.000000000000000000 ) ;
#2208 = CARTESIAN_POINT ( 'NONE',  ( 0.04659107634321748431, -0.03661885115088574227, 0.01000000000000000021 ) ) ;
#2209 = CARTESIAN_POINT ( 'NONE',  ( 0.08852432664898332582, 0.03240983297335044144, 0.01000000000000000021 ) ) ;
#2210 = DIRECTION ( 'NONE',  ( 1.000000000000000000, 0.0000000000000000000, 0.0000000000000000000 ) ) ;
#2211 =( NAMED_UNIT ( * ) SI_UNIT ( $, .STERADIAN. ) SOLID_ANGLE_UNIT ( ) );
#2212 = VECTOR ( 'NONE', #960, 1000.000000000000000 ) ;
#2213 = B_SPLINE_CURVE_WITH_KNOTS ( 'NONE', 3,
 ( #3445, #1180, #528, #2485, #3380, #259, #2119, #3463, #2459, #3067, #3747, #598, #893, #2825, #3124, #2439, #198, #853, #4061 ),
 .UNSPECIFIED., .F., .F.,
 ( 4, 1, 1, 1, 1, 1, 1, 1, 1, 1, 1, 1, 1, 1, 1, 1, 4 ),
 ( 0.0000000000000000000, 0.06806869584499403159, 0.1334274328189550551, 0.1961460338131564562, 0.2570485924493126073, 0.3168826631591618592, 0.3761872086663213821, 0.4359603353635462253, 0.4965352368627260482, 0.5574653434807329555, 0.6176868634101468913, 0.6779436406969059359, 0.7388052848060400191, 0.8009493367665837527, 0.8648146674702262837, 0.9310247810786568268, 1.000000000000000000 ),
 .UNSPECIFIED. ) ;
#2214 = PRESENTATION_LAYER_ASSIGNMENT (  '', '', ( #2571 ) ) ;
#2215 = VECTOR ( 'NONE', #1087, 1000.000000000000000 ) ;
#2216 = LINE ( 'NONE', #2875, #3871 ) ;
#2217 = DIRECTION ( 'NONE',  ( 0.0000000000000000000, -0.0000000000000000000, 1.000000000000000000 ) ) ;
#2218 = CARTESIAN_POINT ( 'NONE',  ( 0.09482015686616414307, -0.01371618076062098950, 0.01000000000000000021 ) ) ;
#2219 = ORIENTED_EDGE ( 'NONE', *, *, #1105, .F. ) ;
#2220 = CARTESIAN_POINT ( 'NONE',  ( 0.07516357145249848160, 0.02981939700532518570, 0.01000000000000000021 ) ) ;
#2221 = DIRECTION ( 'NONE',  ( -0.0000000000000000000, 0.0000000000000000000, 1.000000000000000000 ) ) ;
#2222 = CARTESIAN_POINT ( 'NONE',  ( 0.2000000000000000666, -0.2000000000000000111, -0.03999999999999998002 ) ) ;
#2223 = CARTESIAN_POINT ( 'NONE',  ( 0.1562780391315004846, 0.05360919723339661186, 0.01000000000000000021 ) ) ;
#2224 = FACE_OUTER_BOUND ( 'NONE', #1919, .T. ) ;
#2225 = SURFACE_STYLE_FILL_AREA ( #2558 ) ;
#2226 = EDGE_LOOP ( 'NONE', ( #321, #297, #612, #970 ) ) ;
#2227 = SURFACE_STYLE_FILL_AREA ( #2867 ) ;
#2228 = CARTESIAN_POINT ( 'NONE',  ( 0.04779861839979314408, -0.03663470520562779609, 6.776263578034402713E-18 ) ) ;
#2229 = DIRECTION ( 'NONE',  ( 0.3635424856527061932, 0.9315776194850602376, 0.0000000000000000000 ) ) ;
#2230 = CARTESIAN_POINT ( 'NONE',  ( 0.09098701813030472818, 0.02799964918395782612, 1.016439536705160407E-17 ) ) ;
#2231 = ORIENTED_EDGE ( 'NONE', *, *, #3014, .T. ) ;
#2232 = DIRECTION ( 'NONE',  ( 0.0000000000000000000, 0.0000000000000000000, -1.000000000000000000 ) ) ;
#2233 = DIRECTION ( 'NONE',  ( -0.0000000000000000000, -0.0000000000000000000, -1.000000000000000000 ) ) ;
#2234 = CARTESIAN_POINT ( 'NONE',  ( 0.04223191971114798743, 0.05480410397848968496, 0.01000000000000000021 ) ) ;
#2235 = CARTESIAN_POINT ( 'NONE',  ( 0.03572726750147726255, 0.05431169318009455849, 0.01000000000000000021 ) ) ;
#2236 = EDGE_CURVE ( 'NONE', #907, #913, #3265, .T. ) ;
#2237 = DIRECTION ( 'NONE',  ( 1.000000000000000000, 0.0000000000000000000, -0.0000000000000000000 ) ) ;
#2238 = SURFACE_STYLE_FILL_AREA ( #2281 ) ;
#2239 =( LENGTH_UNIT ( ) NAMED_UNIT ( * ) SI_UNIT ( .MILLI., .METRE. ) );
#2240 = CARTESIAN_POINT ( 'NONE',  ( -0.01079513160020685418, 0.04263358747729904807, 0.01000000000000000021 ) ) ;
#2241 = CARTESIAN_POINT ( 'NONE',  ( 0.08307952543917070110, 0.001080003493087772388, 0.01000000000000000021 ) ) ;
#2242 = PLANE ( 'NONE',  #892 ) ;
#2243 =( NAMED_UNIT ( * ) PLANE_ANGLE_UNIT ( ) SI_UNIT ( $, .RADIAN. ) );
#2244 = ADVANCED_FACE ( 'NONE', ( #2521 ), #2377, .T. ) ;
#2245 = FACE_OUTER_BOUND ( 'NONE', #3132, .T. ) ;
#2246 = ORIENTED_EDGE ( 'NONE', *, *, #1493, .T. ) ;
#2247 = CARTESIAN_POINT ( 'NONE',  ( -0.1323313683667450558, -0.03571005186988691904, 0.0000000000000000000 ) ) ;
#2248 = CARTESIAN_POINT ( 'NONE',  ( -0.1141249650091372969, -0.04452895972972692462, 0.01000000000000000021 ) ) ;
#2249 = CARTESIAN_POINT ( 'NONE',  ( 0.02213169766808581462, -0.04120787593733511028, 0.01000000000000000021 ) ) ;
#2250 = FACE_OUTER_BOUND ( 'NONE', #1581, .T. ) ;
#2251 = UNCERTAINTY_MEASURE_WITH_UNIT (LENGTH_MEASURE( 1.000000000000000082E-05 ), #1648, 'distance_accuracy_value', 'NONE');
#2252 = CARTESIAN_POINT ( 'NONE',  ( -0.01079513160020685418, -0.03541519301050583685, 0.01000000000000000021 ) ) ;
#2253 = ORIENTED_EDGE ( 'NONE', *, *, #1588, .T. ) ;
#2254 = ORIENTED_EDGE ( 'NONE', *, *, #2705, .F. ) ;
#2255 = CARTESIAN_POINT ( 'NONE',  ( 0.03270314236741977965, 0.05386203100650190784, 6.776263578034402713E-18 ) ) ;
#2256 = CARTESIAN_POINT ( 'NONE',  ( 0.05344455082265630458, 0.04320584576269213828, 0.01000000000000000021 ) ) ;
#2257 = LINE ( 'NONE', #3545, #3086 ) ;
#2258 = DIRECTION ( 'NONE',  ( -0.0000000000000000000, -0.0000000000000000000, -1.000000000000000000 ) ) ;
#2259 = PRESENTATION_LAYER_ASSIGNMENT (  '', '', ( #2131 ) ) ;
#2260 = SURFACE_SIDE_STYLE ('',( #43 ) ) ;
#2261 = EDGE_CURVE ( 'NONE', #2916, #4116, #3848, .T. ) ;
#2262 = CARTESIAN_POINT ( 'NONE',  ( -0.1069829181718804645, 0.04210168691670690411, 6.776263578034402713E-18 ) ) ;
#2263 = AXIS2_PLACEMENT_3D ( 'NONE', #2500, #3098, #3769 ) ;
#2264 = CARTESIAN_POINT ( 'NONE',  ( -0.08396586330752396632, -0.03541519301050583685, 0.01000000000000000021 ) ) ;
#2265 = CARTESIAN_POINT ( 'NONE',  ( 0.03402183234616367596, -0.03507330019317827369, 6.776263578034402713E-18 ) ) ;
#2266 = AXIS2_PLACEMENT_3D ( 'NONE', #302, #2232, #3114 ) ;
#2267 = CARTESIAN_POINT ( 'NONE',  ( 0.08180398479119063704, -0.009883923463035286516, 6.776263578034402713E-18 ) ) ;
#2268 = CARTESIAN_POINT ( 'NONE',  ( 0.09571564142643700090, 0.01304364641211907573, 0.01000000000000000021 ) ) ;
#2269 = STYLED_ITEM ( 'NONE', ( #3533 ), #655 ) ;
#2270 = LINE ( 'NONE', #3563, #3878 ) ;
#2271 = CARTESIAN_POINT ( 'NONE',  ( -0.1088938292358582055, -0.04559045757533450316, 0.0000000000000000000 ) ) ;
#2272 = DIRECTION ( 'NONE',  ( -0.0000000000000000000, 0.0000000000000000000, -1.000000000000000000 ) ) ;
#2273 = VECTOR ( 'NONE', #3386, 1000.000000000000000 ) ;
#2274 = FILL_AREA_STYLE_COLOUR ( '', #137 ) ;
#2275 = PRESENTATION_LAYER_ASSIGNMENT (  '', '', ( #1884 ) ) ;
#2276 = LINE ( 'NONE', #3262, #131 ) ;
#2277 = MECHANICAL_DESIGN_GEOMETRIC_PRESENTATION_REPRESENTATION (  '', ( #2961 ), #614 ) ;
#2278 = AXIS2_PLACEMENT_3D ( 'NONE', #3173, #2169, #1590 ) ;
#2279 = CARTESIAN_POINT ( 'NONE',  ( 0.04690507897648806684, 0.04382396606382324422, 0.01000000000000000021 ) ) ;
#2280 = CARTESIAN_POINT ( 'NONE',  ( -0.09966850433102268647, -0.03538262211882691605, 0.01000000000000000021 ) ) ;
#2281 = FILL_AREA_STYLE ('',( #1663 ) ) ;
#2282 =( GEOMETRIC_REPRESENTATION_CONTEXT ( 3 ) GLOBAL_UNCERTAINTY_ASSIGNED_CONTEXT ( ( #51 ) ) GLOBAL_UNIT_ASSIGNED_CONTEXT ( ( #1339, #727, #3251 ) ) REPRESENTATION_CONTEXT ( 'NONE', 'WORKASPACE' ) );
#2283 = CARTESIAN_POINT ( 'NONE',  ( 0.08310730742418338812, 0.002542124062664896482, 0.01000000000000000021 ) ) ;
#2284 = SURFACE_STYLE_FILL_AREA ( #996 ) ;
#2285 = FACE_OUTER_BOUND ( 'NONE', #1787, .T. ) ;
#2286 = ORIENTED_EDGE ( 'NONE', *, *, #3187, .T. ) ;
#2287 = CARTESIAN_POINT ( 'NONE',  ( -0.1859094608684995487, -0.007366412522700959038, 0.01000000000000000021 ) ) ;
#2288 = CARTESIAN_POINT ( 'NONE',  ( 0.07935894010252558806, -0.01707012718864760539, 0.01000000000000000021 ) ) ;
#2289 = CARTESIAN_POINT ( 'NONE',  ( 0.05101374096779068973, 0.05470424928933645403, 0.01000000000000000021 ) ) ;
#2290 = DIRECTION ( 'NONE',  ( 1.000000000000000000, 0.0000000000000000000, 0.0000000000000000000 ) ) ;
#2291 = EDGE_CURVE ( 'NONE', #417, #1229, #2276, .T. ) ;
#2292 = ORIENTED_EDGE ( 'NONE', *, *, #594, .T. ) ;
#2293 = UNCERTAINTY_MEASURE_WITH_UNIT (LENGTH_MEASURE( 1.000000000000000082E-05 ), #1725, 'distance_accuracy_value', 'NONE');
#2294 = EDGE_CURVE ( 'NONE', #898, #3679, #3591, .T. ) ;
#2295 = ORIENTED_EDGE ( 'NONE', *, *, #1858, .F. ) ;
#2296 = VERTEX_POINT ( 'NONE', #2964 ) ;
#2297 = CARTESIAN_POINT ( 'NONE',  ( 0.04690507897648806684, 0.04382396606382324422, -0.0000000000000000000 ) ) ;
#2298 = CARTESIAN_POINT ( 'NONE',  ( -0.1453181674610445895, 0.02921973519814992717, 0.01000000000000000021 ) ) ;
#2299 = PRESENTATION_STYLE_ASSIGNMENT (( #2943 ) ) ;
#2300 = SURFACE_STYLE_FILL_AREA ( #683 ) ;
#2301 = LINE ( 'NONE', #725, #4081 ) ;
#2302 = SURFACE_SIDE_STYLE ('',( #25 ) ) ;
#2303 = CARTESIAN_POINT ( 'NONE',  ( -0.3800000000000000600, 0.3800000000000000044, 0.4000000000000000222 ) ) ;
#2304 = ORIENTED_EDGE ( 'NONE', *, *, #918, .F. ) ;
#2305 =( NAMED_UNIT ( * ) SI_UNIT ( $, .STERADIAN. ) SOLID_ANGLE_UNIT ( ) );
#2306 = FILL_AREA_STYLE ('',( #3302 ) ) ;
#2307 = FILL_AREA_STYLE ('',( #394 ) ) ;
#2308 = DIRECTION ( 'NONE',  ( 0.0000000000000000000, -1.000000000000000000, 0.0000000000000000000 ) ) ;
#2309 = FILL_AREA_STYLE_COLOUR ( '', #3939 ) ;
#2310 = VERTEX_POINT ( 'NONE', #1969 ) ;
#2311 = B_SPLINE_CURVE_WITH_KNOTS ( 'NONE', 3,
 ( #3329, #3698, #2766, #3665, #495, #467, #2120, #2440, #1116, #3713, #2460, #809, #837, #1774, #3052, #1789, #529, #1808, #199 ),
 .UNSPECIFIED., .F., .F.,
 ( 4, 1, 1, 1, 1, 1, 1, 1, 1, 1, 1, 1, 1, 1, 1, 1, 4 ),
 ( 0.0000000000000000000, 0.07064371857535413357, 0.1382567155089046429, 0.2033641242175800723, 0.2663240938030566052, 0.3279047615429893092, 0.3887377151730921909, 0.4494235281093022505, 0.5108610114593156171, 0.5720793960475145656, 0.6317344287314451412, 0.6911172105788376818, 0.7503600294901705547, 0.8100329005312619790, 0.8713624508287362014, 0.9344271412311534464, 1.000000000000000000 ),
 .UNSPECIFIED. ) ;
#2312 = ADVANCED_FACE ( 'NONE', ( #386 ), #1376, .T. ) ;
#2313 = CARTESIAN_POINT ( 'NONE',  ( -0.1335135706282128409, 0.02461247937432703078, 0.01000000000000000021 ) ) ;
#2314 = CARTESIAN_POINT ( 'NONE',  ( 0.09652194157052484957, 0.001722764306567337381, 6.776263578034402713E-18 ) ) ;
#2315 = FILL_AREA_STYLE_COLOUR ( '', #359 ) ;
#2316 = ORIENTED_EDGE ( 'NONE', *, *, #1467, .T. ) ;
#2317 = EDGE_CURVE ( 'NONE', #953, #330, #1918, .T. ) ;
#2318 = CARTESIAN_POINT ( 'NONE',  ( 0.07727585448604339102, 0.02662672593830074305, 0.0000000000000000000 ) ) ;
#2319 = SURFACE_SIDE_STYLE ('',( #2284 ) ) ;
#2320 = LINE ( 'NONE', #3328, #1618 ) ;
#2321 =( NAMED_UNIT ( * ) SI_UNIT ( $, .STERADIAN. ) SOLID_ANGLE_UNIT ( ) );
#2322 = UNCERTAINTY_MEASURE_WITH_UNIT (LENGTH_MEASURE( 1.000000000000000082E-05 ), #1882, 'distance_accuracy_value', 'NONE');
#2323 = CARTESIAN_POINT ( 'NONE',  ( -0.09816174745386538336, -0.03541519301050583685, 0.01000000000000000021 ) ) ;
#2324 = FILL_AREA_STYLE ('',( #469 ) ) ;
#2325 = ORIENTED_EDGE ( 'NONE', *, *, #1152, .F. ) ;
#2326 = CIRCLE ( 'NONE', #1405, 0.04999999999999999584 ) ;
#2327 = PRESENTATION_LAYER_ASSIGNMENT (  '', '', ( #201 ) ) ;
#2328 = CARTESIAN_POINT ( 'NONE',  ( 0.02455056108977968221, 0.05184716478624051134, 0.0000000000000000000 ) ) ;
#2329 = CARTESIAN_POINT ( 'NONE',  ( 0.02496032410282865779, -0.04276916256385409482, 0.01000000000000000021 ) ) ;
#2330 = FACE_OUTER_BOUND ( 'NONE', #1653, .T. ) ;
#2331 = FILL_AREA_STYLE_COLOUR ( '', #3935 ) ;
#2332 = PRESENTATION_LAYER_ASSIGNMENT (  '', '', ( #2628 ) ) ;
#2333 = VECTOR ( 'NONE', #988, 1000.000000000000000 ) ;
#2334 = COLOUR_RGB ( '',1.000000000000000000, 1.000000000000000000, 1.000000000000000000 ) ;
#2335 = UNCERTAINTY_MEASURE_WITH_UNIT (LENGTH_MEASURE( 1.000000000000000082E-05 ), #59, 'distance_accuracy_value', 'NONE');
#2336 = CARTESIAN_POINT ( 'NONE',  ( -0.09816174745386538336, -0.03541519301050583685, 0.01000000000000000021 ) ) ;
#2337 = VECTOR ( 'NONE', #3715, 1000.000000000000000 ) ;
#2338 = FACE_OUTER_BOUND ( 'NONE', #772, .T. ) ;
#2339 = AXIS2_PLACEMENT_3D ( 'NONE', #1591, #4130, #629 ) ;
#2340 = MECHANICAL_DESIGN_GEOMETRIC_PRESENTATION_REPRESENTATION (  '', ( #3148 ), #547 ) ;
#2341 = VERTEX_POINT ( 'NONE', #1332 ) ;
#2342 = ADVANCED_FACE ( 'NONE', ( #2605 ), #665, .T. ) ;
#2343 = AXIS2_PLACEMENT_3D ( 'NONE', #966, #3500, #3177 ) ;
#2344 = MECHANICAL_DESIGN_GEOMETRIC_PRESENTATION_REPRESENTATION (  '', ( #551 ), #3626 ) ;
#2345 =( GEOMETRIC_REPRESENTATION_CONTEXT ( 3 ) GLOBAL_UNCERTAINTY_ASSIGNED_CONTEXT ( ( #2805 ) ) GLOBAL_UNIT_ASSIGNED_CONTEXT ( ( #1164, #351, #1600 ) ) REPRESENTATION_CONTEXT ( 'NONE', 'WORKASPACE' ) );
#2346 = CARTESIAN_POINT ( 'NONE',  ( -0.2038877709829573504, 0.03571161476422711478, 0.0000000000000000000 ) ) ;
#2347 = PRESENTATION_LAYER_ASSIGNMENT (  '', '', ( #2498 ) ) ;
#2348 = PRESENTATION_STYLE_ASSIGNMENT (( #461 ) ) ;
#2349 = CARTESIAN_POINT ( 'NONE',  ( 0.08253018862791274002, 0.01148825105267964504, 0.01000000000000000021 ) ) ;
#2350 = VECTOR ( 'NONE', #4069, 1000.000000000000000 ) ;
#2351 = PLANE ( 'NONE',  #1425 ) ;
#2352 = MECHANICAL_DESIGN_GEOMETRIC_PRESENTATION_REPRESENTATION (  '', ( #1687 ), #1155 ) ;
#2353 = LINE ( 'NONE', #2081, #1939 ) ;
#2354 = CARTESIAN_POINT ( 'NONE',  ( 0.02213169766808581462, -0.03023226618123754650, 0.01000000000000000021 ) ) ;
#2355 =( LENGTH_UNIT ( ) NAMED_UNIT ( * ) SI_UNIT ( .MILLI., .METRE. ) );
#2356 = EDGE_CURVE ( 'NONE', #3564, #2034, #1783, .T. ) ;
#2357 = ORIENTED_EDGE ( 'NONE', *, *, #2970, .T. ) ;
#2358 = SURFACE_STYLE_USAGE ( .BOTH. , #1107 ) ;
#2359 = PLANE ( 'NONE',  #2559 ) ;
#2360 = CARTESIAN_POINT ( 'NONE',  ( -0.3800000000000000600, 0.3800000000000000044, 0.4000000000000000222 ) ) ;
#2361 = CARTESIAN_POINT ( 'NONE',  ( -0.2095756194050849286, 0.05360919723339661186, 0.01000000000000000021 ) ) ;
#2362 = CARTESIAN_POINT ( 'NONE',  ( 0.07087419890346133289, -0.02856524757315710011, 0.0000000000000000000 ) ) ;
#2363 = ORIENTED_EDGE ( 'NONE', *, *, #2592, .F. ) ;
#2364 = B_SPLINE_CURVE_WITH_KNOTS ( 'NONE', 3,
 ( #4076, #553, #1161, #848, #3760, #3047, #3741, #2179, #3117, #2817, #526, #4038, #1514, #2738, #1219, #1175, #1829, #1803, #3439 ),
 .UNSPECIFIED., .F., .F.,
 ( 4, 1, 1, 1, 1, 1, 1, 1, 1, 1, 1, 1, 1, 1, 1, 1, 4 ),
 ( 0.0000000000000000000, 0.06863117867660099847, 0.1345664660386766964, 0.1983281540108808028, 0.2607897666408446891, 0.3219991514841584190, 0.3827217465030193222, 0.4435374740357288514, 0.5051334294849249007, 0.5662138747646714432, 0.6261058646175455822, 0.6853493221605165830, 0.7449958703477972399, 0.8054158418145627163, 0.8676362663459531444, 0.9323077823023292465, 1.000000000000000000 ),
 .UNSPECIFIED. ) ;
#2365 = CARTESIAN_POINT ( 'NONE',  ( -0.1362017047316013418, 0.01743717069867245506, 0.01000000000000000021 ) ) ;
#2366 = ORIENTED_EDGE ( 'NONE', *, *, #1891, .T. ) ;
#2367 = CARTESIAN_POINT ( 'NONE',  ( 0.07454862789250274457, 0.04668353948499436024, 0.0000000000000000000 ) ) ;
#2368 = DIRECTION ( 'NONE',  ( 0.0000000000000000000, -1.000000000000000000, 0.0000000000000000000 ) ) ;
#2369 = CARTESIAN_POINT ( 'NONE',  ( -0.1239307213476972258, 0.04853134333433226089, 1.016439536705160407E-17 ) ) ;
#2370 = CARTESIAN_POINT ( 'NONE',  ( 0.03040280409460474967, 0.04139241211214545607, 0.01000000000000000021 ) ) ;
#2371 = PLANE ( 'NONE',  #1291 ) ;
#2372 = SURFACE_STYLE_USAGE ( .BOTH. , #2643 ) ;
#2373 = UNCERTAINTY_MEASURE_WITH_UNIT (LENGTH_MEASURE( 1.000000000000000082E-05 ), #3765, 'distance_accuracy_value', 'NONE');
#2374 = EDGE_CURVE ( 'NONE', #1560, #3673, #3947, .T. ) ;
#2375 = CARTESIAN_POINT ( 'NONE',  ( -0.08396586330752396632, 0.04263358747729904807, 0.01000000000000000021 ) ) ;
#2376 = PRESENTATION_STYLE_ASSIGNMENT (( #2033 ) ) ;
#2377 = B_SPLINE_SURFACE_WITH_KNOTS ( 'NONE', 3, 1, ( 
 ( #3470, #1902 ),
 ( #280, #2181 ),
 ( #1222, #890 ),
 ( #3460, #3723 ),
 ( #1566, #4057 ),
 ( #865, #930 ),
 ( #3415, #3121 ),
 ( #3506, #3167 ),
 ( #3103, #2159 ),
 ( #4100, #2509 ),
 ( #234, #1832 ),
 ( #3183, #1516 ),
 ( #574, #2197 ),
 ( #255, #2797 ),
 ( #2218, #307 ),
 ( #1598, #2877 ),
 ( #1947, #1334 ),
 ( #2635, #1984 ),
 ( #3200, #2314 ) ),
 .UNSPECIFIED., .F., .F., .F.,
 ( 4, 1, 1, 1, 1, 1, 1, 1, 1, 1, 1, 1, 1, 1, 1, 1, 4 ),
 ( 2, 2 ),
 ( 0.0000000000000000000, 0.06783324845577361206, 0.1326555365079041815, 0.1950508840508279329, 0.2555829330687772738, 0.3147998341472899586, 0.3736004728263744856, 0.4325455953267435261, 0.4924306292835654575, 0.5526712559629696209, 0.6125130441881164733, 0.6726102503570065005, 0.7338383693139460817, 0.7965942385677740045, 0.8614497992905733037, 0.9291989423509054991, 1.000000000000000000 ),
 ( 0.0000000000000000000, 1.000000000000000000 ),
 .UNSPECIFIED. ) ;
#2378 = ORIENTED_EDGE ( 'NONE', *, *, #819, .F. ) ;
#2379 = SURFACE_STYLE_FILL_AREA ( #165 ) ;
#2380 = CARTESIAN_POINT ( 'NONE',  ( 0.05620767078022711333, 0.05399945645020599871, 0.01000000000000000021 ) ) ;
#2381 = EDGE_CURVE ( 'NONE', #113, #1500, #1455, .T. ) ;
#2382 = DIRECTION ( 'NONE',  ( -1.000000000000000000, 0.0000000000000000000, 0.0000000000000000000 ) ) ;
#2383 = CARTESIAN_POINT ( 'NONE',  ( 0.1428634049851590093, -0.03541519301050583685, 0.0000000000000000000 ) ) ;
#2384 = UNCERTAINTY_MEASURE_WITH_UNIT (LENGTH_MEASURE( 1.000000000000000082E-05 ), #2239, 'distance_accuracy_value', 'NONE');
#2385 = CARTESIAN_POINT ( 'NONE',  ( -0.1296762079544321877, -0.02216884048947660377, 0.01000000000000000021 ) ) ;
#2386 = VERTEX_POINT ( 'NONE', #2732 ) ;
#2387 = CARTESIAN_POINT ( 'NONE',  ( 0.05714729014083364672, 0.04236655183946505532, 0.0000000000000000000 ) ) ;
#2388 = PLANE ( 'NONE',  #2819 ) ;
#2389 = LINE ( 'NONE', #1189, #3952 ) ;
#2390 = CARTESIAN_POINT ( 'NONE',  ( 0.02301973623086169679, 0.03796667794717865918, 0.01000000000000000021 ) ) ;
#2391 = PRESENTATION_STYLE_ASSIGNMENT (( #2030 ) ) ;
#2392 = LINE ( 'NONE', #163, #261 ) ;
#2393 = FACE_OUTER_BOUND ( 'NONE', #1517, .T. ) ;
#2394 = ORIENTED_EDGE ( 'NONE', *, *, #2742, .T. ) ;
#2395 = EDGE_CURVE ( 'NONE', #549, #482, #3919, .T. ) ;
#2396 = FACE_OUTER_BOUND ( 'NONE', #560, .T. ) ;
#2397 = CARTESIAN_POINT ( 'NONE',  ( 0.02756847977950942566, 0.04027839829473653377, 0.01000000000000000021 ) ) ;
#2398 = ORIENTED_EDGE ( 'NONE', *, *, #3069, .T. ) ;
#2399 = CARTESIAN_POINT ( 'NONE',  ( 0.07340725373889690764, -0.02609168236214229331, 0.0000000000000000000 ) ) ;
#2400 = LINE ( 'NONE', #189, #1871 ) ;
#2401 = VECTOR ( 'NONE', #328, 1000.000000000000000 ) ;
#2402 = ADVANCED_FACE ( 'NONE', ( #1699 ), #2039, .T. ) ;
#2403 = SURFACE_SIDE_STYLE ('',( #1454 ) ) ;
#2404 = CARTESIAN_POINT ( 'NONE',  ( -0.1026078974654620335, -0.03531908256786485401, 6.776263578034402713E-18 ) ) ;
#2405 = SURFACE_STYLE_FILL_AREA ( #1637 ) ;
#2406 = PLANE ( 'NONE',  #4005 ) ;
#2407 = PLANE ( 'NONE',  #3151 ) ;
#2408 = SURFACE_SIDE_STYLE ('',( #491 ) ) ;
#2409 = SURFACE_SIDE_STYLE ('',( #1100 ) ) ;
#2410 = B_SPLINE_SURFACE_WITH_KNOTS ( 'NONE', 3, 1, ( 
 ( #3923, #112 ),
 ( #1657, #345 ),
 ( #2609, #69 ),
 ( #1621, #1015 ),
 ( #2937, #2634 ),
 ( #97, #1375 ),
 ( #3904, #2005 ),
 ( #3886, #3603 ),
 ( #737, #427 ),
 ( #1392, #1409 ),
 ( #2694, #2450 ),
 ( #2043, #3045 ),
 ( #3686, #2544 ),
 ( #986, #1033 ),
 ( #2248, #396 ),
 ( #1674, #2462 ),
 ( #2488, #4104 ),
 ( #1319, #1227 ),
 ( #99, #742 ) ),
 .UNSPECIFIED., .F., .F., .F.,
 ( 4, 1, 1, 1, 1, 1, 1, 1, 1, 1, 1, 1, 1, 1, 1, 1, 4 ),
 ( 2, 2 ),
 ( 0.0000000000000000000, 0.06806869584499403159, 0.1334274328189550551, 0.1961460338131564562, 0.2570485924493126073, 0.3168826631591618592, 0.3761872086663213821, 0.4359603353635462253, 0.4965352368627260482, 0.5574653434807329555, 0.6176868634101468913, 0.6779436406969059359, 0.7388052848060400191, 0.8009493367665837527, 0.8648146674702262837, 0.9310247810786568268, 1.000000000000000000 ),
 ( 0.0000000000000000000, 1.000000000000000000 ),
 .UNSPECIFIED. ) ;
#2411 = EDGE_LOOP ( 'NONE', ( #799, #2739, #2427, #1798, #3128, #3753 ) ) ;
#2412 = VERTEX_POINT ( 'NONE', #2690 ) ;
#2413 =( GEOMETRIC_REPRESENTATION_CONTEXT ( 3 ) GLOBAL_UNCERTAINTY_ASSIGNED_CONTEXT ( ( #240 ) ) GLOBAL_UNIT_ASSIGNED_CONTEXT ( ( #2049, #411, #1380 ) ) REPRESENTATION_CONTEXT ( 'NONE', 'WORKASPACE' ) );
#2414 = COLOUR_RGB ( '',1.000000000000000000, 1.000000000000000000, 1.000000000000000000 ) ;
#2415 = DIRECTION ( 'NONE',  ( 1.000000000000000000, 0.0000000000000000000, -0.0000000000000000000 ) ) ;
#2416 = UNCERTAINTY_MEASURE_WITH_UNIT (LENGTH_MEASURE( 1.000000000000000082E-05 ), #3282, 'distance_accuracy_value', 'NONE');
#2417 = FACE_OUTER_BOUND ( 'NONE', #1208, .T. ) ;
#2418 = PRESENTATION_LAYER_ASSIGNMENT (  '', '', ( #551 ) ) ;
#2419 =( GEOMETRIC_REPRESENTATION_CONTEXT ( 3 ) GLOBAL_UNCERTAINTY_ASSIGNED_CONTEXT ( ( #3845 ) ) GLOBAL_UNIT_ASSIGNED_CONTEXT ( ( #1032, #1385, #1061 ) ) REPRESENTATION_CONTEXT ( 'NONE', 'WORKASPACE' ) );
#2420 = STYLED_ITEM ( 'NONE', ( #184 ), #1471 ) ;
#2421 = ORIENTED_EDGE ( 'NONE', *, *, #2374, .F. ) ;
#2422 = CARTESIAN_POINT ( 'NONE',  ( 0.07301946380634888323, -0.04241416441996293668, 0.0000000000000000000 ) ) ;
#2423 = EDGE_LOOP ( 'NONE', ( #1307, #1615, #4122, #3405 ) ) ;
#2424 = CIRCLE ( 'NONE', #1755, 0.1100000000000000006 ) ;
#2425 = PRESENTATION_LAYER_ASSIGNMENT (  '', '', ( #3096 ) ) ;
#2426 = LINE ( 'NONE', #3704, #2350 ) ;
#2427 = ORIENTED_EDGE ( 'NONE', *, *, #3872, .T. ) ;
#2428 = UNCERTAINTY_MEASURE_WITH_UNIT (LENGTH_MEASURE( 1.000000000000000082E-05 ), #1178, 'distance_accuracy_value', 'NONE');
#2429 = EDGE_CURVE ( 'NONE', #3839, #164, #3042, .T. ) ;
#2430 = CARTESIAN_POINT ( 'NONE',  ( -0.1370490741968026505, -0.004302285337666840112, 6.776263578034402713E-18 ) ) ;
#2431 = ORIENTED_EDGE ( 'NONE', *, *, #3792, .T. ) ;
#2432 = SURFACE_STYLE_FILL_AREA ( #3101 ) ;
#2433 = EDGE_CURVE ( 'NONE', #3673, #3483, #1760, .T. ) ;
#2434 =( LENGTH_UNIT ( ) NAMED_UNIT ( * ) SI_UNIT ( .MILLI., .METRE. ) );
#2435 = B_SPLINE_CURVE_WITH_KNOTS ( 'NONE', 3,
 ( #3826, #3441, #2234, #2180, #2844, #2528, #3120, #889, #3459, #2876, #3743 ),
 .UNSPECIFIED., .F., .F.,
 ( 4, 1, 1, 1, 1, 1, 1, 1, 4 ),
 ( 0.0000000000000000000, 0.1451868664724696723, 0.2834426109197301091, 0.4165243659288290767, 0.5431811235350824107, 0.6651530826377128891, 0.7813602063127155217, 0.8927566556418091714, 1.000000000000000000 ),
 .UNSPECIFIED. ) ;
#2436 = ORIENTED_EDGE ( 'NONE', *, *, #716, .F. ) ;
#2437 = DIRECTION ( 'NONE',  ( 0.0000000000000000000, -1.000000000000000000, 0.0000000000000000000 ) ) ;
#2438 = FACE_OUTER_BOUND ( 'NONE', #3662, .T. ) ;
#2439 = CARTESIAN_POINT ( 'NONE',  ( -0.1088938292358582055, -0.04559045757533450316, 0.01000000000000000021 ) ) ;
#2440 = CARTESIAN_POINT ( 'NONE',  ( 0.08852432664898332582, 0.03240983297335044144, 0.01000000000000000021 ) ) ;
#2441 = CARTESIAN_POINT ( 'NONE',  ( 0.2000000000000000111, 0.2000000000000000111, -0.1499999999999999944 ) ) ;
#2442 = CARTESIAN_POINT ( 'NONE',  ( 0.02213169766808581462, 0.05086529479437221918, 0.01000000000000000021 ) ) ;
#2443 = FILL_AREA_STYLE ('',( #146 ) ) ;
#2444 = ORIENTED_EDGE ( 'NONE', *, *, #1049, .T. ) ;
#2445 =( LENGTH_UNIT ( ) NAMED_UNIT ( * ) SI_UNIT ( .MILLI., .METRE. ) );
#2446 =( LENGTH_UNIT ( ) NAMED_UNIT ( * ) SI_UNIT ( .MILLI., .METRE. ) );
#2447 = VERTEX_POINT ( 'NONE', #1126 ) ;
#2448 = PRODUCT_DEFINITION_SHAPE ( 'NONE', 'NONE',  #3046 ) ;
#2449 = DIRECTION ( 'NONE',  ( -1.000000000000000000, 0.0000000000000000000, 0.0000000000000000000 ) ) ;
#2450 = CARTESIAN_POINT ( 'NONE',  ( -0.1323313683667450558, -0.03571005186988691904, 6.776263578034402713E-18 ) ) ;
#2451 = ORIENTED_EDGE ( 'NONE', *, *, #1341, .T. ) ;
#2452 = EDGE_CURVE ( 'NONE', #1064, #2993, #2400, .T. ) ;
#2453 = CARTESIAN_POINT ( 'NONE',  ( 0.09301298715216063662, 0.02330613522558296763, 1.016439536705160407E-17 ) ) ;
#2454 =( LENGTH_UNIT ( ) NAMED_UNIT ( * ) SI_UNIT ( .MILLI., .METRE. ) );
#2455 = CARTESIAN_POINT ( 'NONE',  ( -0.1490416887350867470, 0.02027949517072067873, 1.016439536705160407E-17 ) ) ;
#2456 = ORIENTED_EDGE ( 'NONE', *, *, #1003, .T. ) ;
#2457 = EDGE_CURVE ( 'NONE', #1229, #2172, #823, .T. ) ;
#2458 = ORIENTED_EDGE ( 'NONE', *, *, #3478, .T. ) ;
#2459 = CARTESIAN_POINT ( 'NONE',  ( -0.1396814884803984358, -0.02882333972821782969, 0.01000000000000000021 ) ) ;
#2460 = CARTESIAN_POINT ( 'NONE',  ( 0.07852774361016193194, 0.04370149720423473910, 0.01000000000000000021 ) ) ;
#2461 = DIRECTION ( 'NONE',  ( -1.000000000000000000, 0.0000000000000000000, 0.0000000000000000000 ) ) ;
#2462 = CARTESIAN_POINT ( 'NONE',  ( -0.1088938292358582055, -0.04559045757533450316, 6.776263578034402713E-18 ) ) ;
#2463 = CARTESIAN_POINT ( 'NONE',  ( 0.08682212848430601038, -0.03061155703309025033, 0.0000000000000000000 ) ) ;
#2464 = ORIENTED_EDGE ( 'NONE', *, *, #3404, .T. ) ;
#2465 = ORIENTED_EDGE ( 'NONE', *, *, #13, .F. ) ;
#2466 = EDGE_LOOP ( 'NONE', ( #1109, #1795, #196, #3309 ) ) ;
#2467 = LINE ( 'NONE', #2561, #2896 ) ;
#2468 = MECHANICAL_DESIGN_GEOMETRIC_PRESENTATION_REPRESENTATION (  '', ( #3030 ), #1192 ) ;
#2469 = ORIENTED_EDGE ( 'NONE', *, *, #3986, .T. ) ;
#2470 = COLOUR_RGB ( '',1.000000000000000000, 1.000000000000000000, 1.000000000000000000 ) ;
#2471 = SURFACE_STYLE_FILL_AREA ( #2099 ) ;
#2472 = DIRECTION ( 'NONE',  ( 0.0000000000000000000, 1.000000000000000000, 0.0000000000000000000 ) ) ;
#2473 = ADVANCED_FACE ( 'NONE', ( #1474, #3819 ), #647, .T. ) ;
#2474 = CARTESIAN_POINT ( 'NONE',  ( -0.2238477230636215232, -0.01834202227879852196, 0.01000000000000000021 ) ) ;
#2475 =( NAMED_UNIT ( * ) PLANE_ANGLE_UNIT ( ) SI_UNIT ( $, .RADIAN. ) );
#2476 = COLOUR_RGB ( '',1.000000000000000000, 1.000000000000000000, 1.000000000000000000 ) ;
#2477 = EDGE_LOOP ( 'NONE', ( #235, #4052, #1857, #3164 ) ) ;
#2478 = LINE ( 'NONE', #3394, #151 ) ;
#2479 = VECTOR ( 'NONE', #147, 1000.000000000000000 ) ;
#2480 = SURFACE_STYLE_FILL_AREA ( #2799 ) ;
#2481 = FILL_AREA_STYLE ('',( #3797 ) ) ;
#2482 = VECTOR ( 'NONE', #3724, 1000.000000000000000 ) ;
#2483 = STYLED_ITEM ( 'NONE', ( #1967 ), #973 ) ;
#2484 = STYLED_ITEM ( 'NONE', ( #4068 ), #2922 ) ;
#2485 = CARTESIAN_POINT ( 'NONE',  ( -0.1501959038960603565, -0.006127480203072728157, 0.01000000000000000021 ) ) ;
#2486 = FILL_AREA_STYLE_COLOUR ( '', #2470 ) ;
#2487 = LINE ( 'NONE', #869, #746 ) ;
#2488 = CARTESIAN_POINT ( 'NONE',  ( -0.1034080231823195084, -0.04628829943617245729, 0.01000000000000000021 ) ) ;
#2489 =( GEOMETRIC_REPRESENTATION_CONTEXT ( 3 ) GLOBAL_UNCERTAINTY_ASSIGNED_CONTEXT ( ( #1353 ) ) GLOBAL_UNIT_ASSIGNED_CONTEXT ( ( #317, #3813, #1875 ) ) REPRESENTATION_CONTEXT ( 'NONE', 'WORKASPACE' ) );
#2490 = STYLED_ITEM ( 'NONE', ( #1950 ), #3229 ) ;
#2491 = ORIENTED_EDGE ( 'NONE', *, *, #13, .T. ) ;
#2492 =( GEOMETRIC_REPRESENTATION_CONTEXT ( 3 ) GLOBAL_UNCERTAINTY_ASSIGNED_CONTEXT ( ( #3259 ) ) GLOBAL_UNIT_ASSIGNED_CONTEXT ( ( #3840, #2709, #2622 ) ) REPRESENTATION_CONTEXT ( 'NONE', 'WORKASPACE' ) );
#2493 = CARTESIAN_POINT ( 'NONE',  ( -0.1362017047316013418, 0.01743717069867245506, 6.776263578034402713E-18 ) ) ;
#2494 =( NAMED_UNIT ( * ) PLANE_ANGLE_UNIT ( ) SI_UNIT ( $, .RADIAN. ) );
#2495 = STYLED_ITEM ( 'NONE', ( #3139 ), #3511 ) ;
#2496 = DIRECTION ( 'NONE',  ( -0.0000000000000000000, 0.0000000000000000000, 1.000000000000000000 ) ) ;
#2497 = EDGE_CURVE ( 'NONE', #1018, #492, #175, .T. ) ;
#2498 = STYLED_ITEM ( 'NONE', ( #3997 ), #1593 ) ;
#2499 = ORIENTED_EDGE ( 'NONE', *, *, #722, .T. ) ;
#2500 = CARTESIAN_POINT ( 'NONE',  ( -0.2027539730636215010, 0.04141407528217708883, 0.01000000000000000021 ) ) ;
#2501 = EDGE_LOOP ( 'NONE', ( #635, #15, #304 ) ) ;
#2502 = CARTESIAN_POINT ( 'NONE',  ( -0.2095756194050849286, 0.05360919723339661186, 0.01000000000000000021 ) ) ;
#2503 = VECTOR ( 'NONE', #1702, 1000.000000000000000 ) ;
#2504 = PRESENTATION_LAYER_ASSIGNMENT (  '', '', ( #3751 ) ) ;
#2505 = LINE ( 'NONE', #2249, #1996 ) ;
#2506 = EDGE_LOOP ( 'NONE', ( #2254, #1185, #2464, #190 ) ) ;
#2507 = FILL_AREA_STYLE_COLOUR ( '', #818 ) ;
#2508 = PRESENTATION_STYLE_ASSIGNMENT (( #1221 ) ) ;
#2509 = CARTESIAN_POINT ( 'NONE',  ( 0.08384329332081087716, -0.03413456773919804760, 6.776263578034402713E-18 ) ) ;
#2510 = VERTEX_POINT ( 'NONE', #2630 ) ;
#2511 =( LENGTH_UNIT ( ) NAMED_UNIT ( * ) SI_UNIT ( .MILLI., .METRE. ) );
#2512 = DIRECTION ( 'NONE',  ( -1.000000000000000000, -1.224646799147353207E-16, 0.0000000000000000000 ) ) ;
#2513 = UNCERTAINTY_MEASURE_WITH_UNIT (LENGTH_MEASURE( 1.000000000000000082E-05 ), #1698, 'distance_accuracy_value', 'NONE');
#2514 = SURFACE_STYLE_FILL_AREA ( #41 ) ;
#2515 = ORIENTED_EDGE ( 'NONE', *, *, #1260, .F. ) ;
#2516 = EDGE_CURVE ( 'NONE', #3977, #3589, #107, .T. ) ;
#2517 = DIRECTION ( 'NONE',  ( 0.9466707760722535836, 0.3222024856061126430, -0.0000000000000000000 ) ) ;
#2518 = LINE ( 'NONE', #3766, #3289 ) ;
#2519 = CARTESIAN_POINT ( 'NONE',  ( 0.0000000000000000000, 0.0000000000000000000, 0.0000000000000000000 ) ) ;
#2520 = CARTESIAN_POINT ( 'NONE',  ( -0.2027539730636215010, 0.04141407528217708883, 0.01000000000000000021 ) ) ;
#2521 = FACE_OUTER_BOUND ( 'NONE', #1957, .T. ) ;
#2522 = ORIENTED_EDGE ( 'NONE', *, *, #3324, .T. ) ;
#2523 = LINE ( 'NONE', #3435, #1085 ) ;
#2524 = EDGE_CURVE ( 'NONE', #208, #4033, #2821, .T. ) ;
#2525 = APPLICATION_CONTEXT ( 'automotive_design' ) ;
#2526 = LINE ( 'NONE', #987, #2684 ) ;
#2527 = ORIENTED_EDGE ( 'NONE', *, *, #918, .T. ) ;
#2528 = CARTESIAN_POINT ( 'NONE',  ( 0.03270314236741977965, 0.05386203100650190784, 0.01000000000000000021 ) ) ;
#2529 = ORIENTED_EDGE ( 'NONE', *, *, #3372, .F. ) ;
#2530 = CARTESIAN_POINT ( 'NONE',  ( 0.08682212848430601038, -0.03061155703309025033, 0.01000000000000000021 ) ) ;
#2531 = CARTESIAN_POINT ( 'NONE',  ( 0.04450178599594761808, 0.05482037498495771766, 6.776263578034402713E-18 ) ) ;
#2532 = EDGE_LOOP ( 'NONE', ( #3116, #3653, #1970, #982 ) ) ;
#2533 = SURFACE_SIDE_STYLE ('',( #1905 ) ) ;
#2534 = PRESENTATION_STYLE_ASSIGNMENT (( #1251 ) ) ;
#2535 = CARTESIAN_POINT ( 'NONE',  ( -0.01079513160020685418, 0.04263358747729904807, 0.01000000000000000021 ) ) ;
#2536 = ORIENTED_EDGE ( 'NONE', *, *, #2524, .T. ) ;
#2537 = CARTESIAN_POINT ( 'NONE',  ( -0.1335135706282128409, 0.02461247937432703078, 6.776263578034402713E-18 ) ) ;
#2538 = LINE ( 'NONE', #2205, #624 ) ;
#2539 = SURFACE_STYLE_USAGE ( .BOTH. , #630 ) ;
#2540 = ORIENTED_EDGE ( 'NONE', *, *, #949, .F. ) ;
#2541 = LINE ( 'NONE', #939, #3223 ) ;
#2542 = CARTESIAN_POINT ( 'NONE',  ( 0.02305093068096945863, -0.03075002159904129811, 0.01000000000000000021 ) ) ;
#2543 = EDGE_LOOP ( 'NONE', ( #325, #2756, #2997, #537 ) ) ;
#2544 = CARTESIAN_POINT ( 'NONE',  ( -0.1237733670127344754, -0.04100616566209215608, 6.776263578034402713E-18 ) ) ;
#2545 = DIRECTION ( 'NONE',  ( -0.0000000000000000000, -0.0000000000000000000, -1.000000000000000000 ) ) ;
#2546 = ORIENTED_EDGE ( 'NONE', *, *, #3318, .F. ) ;
#2547 = CARTESIAN_POINT ( 'NONE',  ( 0.04566447205832973449, 0.05482870942851855722, 0.01000000000000000021 ) ) ;
#2548 = DIRECTION ( 'NONE',  ( 1.000000000000000000, 0.0000000000000000000, 0.0000000000000000000 ) ) ;
#2549 = CARTESIAN_POINT ( 'NONE',  ( 0.06442848105673179560, -0.04579577962111081035, 0.01000000000000000021 ) ) ;
#2550 = MECHANICAL_DESIGN_GEOMETRIC_PRESENTATION_REPRESENTATION (  '', ( #201 ), #6 ) ;
#2551 = CARTESIAN_POINT ( 'NONE',  ( 0.07000226482495361391, 0.03533481110839042927, 0.01000000000000000021 ) ) ;
#2552 = COLOUR_RGB ( '',1.000000000000000000, 1.000000000000000000, 1.000000000000000000 ) ;
#2553 = SURFACE_STYLE_FILL_AREA ( #3779 ) ;
#2554 = CARTESIAN_POINT ( 'NONE',  ( 0.08255910921551781745, -0.005943251278568271838, 0.01000000000000000021 ) ) ;
#2555 = STYLED_ITEM ( 'NONE', ( #3305 ), #2596 ) ;
#2556 =( NAMED_UNIT ( * ) SI_UNIT ( $, .STERADIAN. ) SOLID_ANGLE_UNIT ( ) );
#2557 = CARTESIAN_POINT ( 'NONE',  ( -0.2105977249740729751, -0.2449821083917770315, 0.3990000000000000213 ) ) ;
#2558 = FILL_AREA_STYLE ('',( #2884 ) ) ;
#2559 = AXIS2_PLACEMENT_3D ( 'NONE', #1232, #2517, #1573 ) ;
#2560 = ORIENTED_EDGE ( 'NONE', *, *, #3324, .F. ) ;
#2561 = CARTESIAN_POINT ( 'NONE',  ( 0.02213169766808581462, -0.03023226618123754650, 0.0000000000000000000 ) ) ;
#2562 = STYLED_ITEM ( 'NONE', ( #3085 ), #3429 ) ;
#2563 = CARTESIAN_POINT ( 'NONE',  ( 0.06209343302810366866, -0.03405441637662690729, 0.01000000000000000021 ) ) ;
#2564 = CARTESIAN_POINT ( 'NONE',  ( 0.08852432664898332582, 0.03240983297335044144, 1.016439536705160407E-17 ) ) ;
#2565 = PRESENTATION_LAYER_ASSIGNMENT (  '', '', ( #144 ) ) ;
#2566 = VERTEX_POINT ( 'NONE', #1330 ) ;
#2567 =( NAMED_UNIT ( * ) SI_UNIT ( $, .STERADIAN. ) SOLID_ANGLE_UNIT ( ) );
#2568 = CARTESIAN_POINT ( 'NONE',  ( -0.1510390340392313013, 0.004866819184616113722, 0.0000000000000000000 ) ) ;
#2569 = DIRECTION ( 'NONE',  ( 0.0000000000000000000, -1.000000000000000000, 0.0000000000000000000 ) ) ;
#2570 = ORIENTED_EDGE ( 'NONE', *, *, #1152, .T. ) ;
#2571 = STYLED_ITEM ( 'NONE', ( #773 ), #1391 ) ;
#2572 = PRESENTATION_LAYER_ASSIGNMENT (  '', '', ( #29 ) ) ;
#2573 = CARTESIAN_POINT ( 'NONE',  ( -0.1336165955567528985, -0.01580952660455110098, 0.0000000000000000000 ) ) ;
#2574 =( LENGTH_UNIT ( ) NAMED_UNIT ( * ) SI_UNIT ( .MILLI., .METRE. ) );
#2575 = CARTESIAN_POINT ( 'NONE',  ( 0.05973685337872437773, -0.04685903111078524447, 0.01000000000000000021 ) ) ;
#2576 = EDGE_CURVE ( 'NONE', #1146, #2691, #2604, .T. ) ;
#2577 = CARTESIAN_POINT ( 'NONE',  ( 0.08057432230052552491, 0.01955184490619909718, 0.01000000000000000021 ) ) ;
#2578 = PLANE ( 'NONE',  #3689 ) ;
#2579 = CARTESIAN_POINT ( 'NONE',  ( -0.09774254013679223307, -0.04639080276660340063, 0.0000000000000000000 ) ) ;
#2580 = FILL_AREA_STYLE_COLOUR ( '', #221 ) ;
#2581 = PRESENTATION_STYLE_ASSIGNMENT (( #3837 ) ) ;
#2582 = SURFACE_SIDE_STYLE ('',( #1234 ) ) ;
#2583 = CARTESIAN_POINT ( 'NONE',  ( 0.02213169766808581462, -0.04120787593733511028, 0.01000000000000000021 ) ) ;
#2584 = CARTESIAN_POINT ( 'NONE',  ( 0.04069893030970700432, -0.03626679359687589449, 0.01000000000000000021 ) ) ;
#2585 = FACE_OUTER_BOUND ( 'NONE', #2044, .T. ) ;
#2586 = EDGE_LOOP ( 'NONE', ( #3240, #1846 ) ) ;
#2587 = SURFACE_SIDE_STYLE ('',( #1311 ) ) ;
#2588 = CARTESIAN_POINT ( 'NONE',  ( -0.2486000096489873745, -0.04639080276660340063, 0.0000000000000000000 ) ) ;
#2589 = CARTESIAN_POINT ( 'NONE',  ( -0.1375279246563516355, 0.009090372398371852208, 0.01000000000000000021 ) ) ;
#2590 = ORIENTED_EDGE ( 'NONE', *, *, #82, .T. ) ;
#2591 = CARTESIAN_POINT ( 'NONE',  ( 0.09579561054868827863, -0.008809109117367349209, 0.01000000000000000021 ) ) ;
#2592 = EDGE_CURVE ( 'NONE', #2386, #555, #382, .T. ) ;
#2593 = CARTESIAN_POINT ( 'NONE',  ( 0.03572726750147726255, 0.05431169318009455849, 6.776263578034402713E-18 ) ) ;
#2594 =( LENGTH_UNIT ( ) NAMED_UNIT ( * ) SI_UNIT ( .MILLI., .METRE. ) );
#2595 = SURFACE_SIDE_STYLE ('',( #2850 ) ) ;
#2596 = ADVANCED_FACE ( 'NONE', ( #2330 ), #1980, .T. ) ;
#2597 = CARTESIAN_POINT ( 'NONE',  ( -0.1729902535514264150, -0.04639080276660340063, 0.0000000000000000000 ) ) ;
#2598 = CARTESIAN_POINT ( 'NONE',  ( -0.1029168840883455116, 0.04254711389446896863, 0.01000000000000000021 ) ) ;
#2599 =( NAMED_UNIT ( * ) PLANE_ANGLE_UNIT ( ) SI_UNIT ( $, .RADIAN. ) );
#2600 = CARTESIAN_POINT ( 'NONE',  ( 0.03729790743152535532, -0.03578397166537304608, 0.01000000000000000021 ) ) ;
#2601 = VERTEX_POINT ( 'NONE', #715 ) ;
#2602 = SURFACE_STYLE_FILL_AREA ( #1327 ) ;
#2603 = VERTEX_POINT ( 'NONE', #3257 ) ;
#2604 = LINE ( 'NONE', #1348, #76 ) ;
#2605 = FACE_OUTER_BOUND ( 'NONE', #1383, .T. ) ;
#2606 = ORIENTED_EDGE ( 'NONE', *, *, #1225, .T. ) ;
#2607 =( LENGTH_UNIT ( ) NAMED_UNIT ( * ) SI_UNIT ( .MILLI., .METRE. ) );
#2608 = UNCERTAINTY_MEASURE_WITH_UNIT (LENGTH_MEASURE( 1.000000000000000082E-05 ), #2826, 'distance_accuracy_value', 'NONE');
#2609 = CARTESIAN_POINT ( 'NONE',  ( -0.1509194817592630078, -0.0007242606951999043790, 0.01000000000000000021 ) ) ;
#2610 = DIRECTION ( 'NONE',  ( -1.000000000000000000, 0.0000000000000000000, 0.0000000000000000000 ) ) ;
#2611 = CARTESIAN_POINT ( 'NONE',  ( 0.08300523689615828260, 0.007094606710764304880, 6.776263578034402713E-18 ) ) ;
#2612 = EDGE_CURVE ( 'NONE', #188, #1985, #1672, .T. ) ;
#2613 =( NAMED_UNIT ( * ) PLANE_ANGLE_UNIT ( ) SI_UNIT ( $, .RADIAN. ) );
#2614 = PRESENTATION_LAYER_ASSIGNMENT (  '', '', ( #3030 ) ) ;
#2615 =( GEOMETRIC_REPRESENTATION_CONTEXT ( 3 ) GLOBAL_UNCERTAINTY_ASSIGNED_CONTEXT ( ( #3059 ) ) GLOBAL_UNIT_ASSIGNED_CONTEXT ( ( #3291, #130, #3959 ) ) REPRESENTATION_CONTEXT ( 'NONE', 'WORKASPACE' ) );
#2616 = CARTESIAN_POINT ( 'NONE',  ( -0.1029168840883455116, 0.04254711389446896863, 6.776263578034402713E-18 ) ) ;
#2617 = EDGE_CURVE ( 'NONE', #381, #907, #3806, .T. ) ;
#2618 = COLOUR_RGB ( '',1.000000000000000000, 1.000000000000000000, 1.000000000000000000 ) ;
#2619 = CARTESIAN_POINT ( 'NONE',  ( -0.2605977249740729640, -0.2449821083917770315, 0.3990000000000000213 ) ) ;
#2620 = COLOUR_RGB ( '',1.000000000000000000, 1.000000000000000000, 1.000000000000000000 ) ;
#2621 = ORIENTED_EDGE ( 'NONE', *, *, #3508, .F. ) ;
#2622 =( NAMED_UNIT ( * ) SI_UNIT ( $, .STERADIAN. ) SOLID_ANGLE_UNIT ( ) );
#2623 = STYLED_ITEM ( 'NONE', ( #3625 ), #2402 ) ;
#2624 = FILL_AREA_STYLE ('',( #1977 ) ) ;
#2625 = PRESENTATION_STYLE_ASSIGNMENT (( #2976 ) ) ;
#2626 = EDGE_CURVE ( 'NONE', #2296, #2089, #3010, .T. ) ;
#2627 = MECHANICAL_DESIGN_GEOMETRIC_PRESENTATION_REPRESENTATION (  '', ( #2087 ), #485 ) ;
#2628 = STYLED_ITEM ( 'NONE', ( #2508 ), #852 ) ;
#2629 = PRESENTATION_LAYER_ASSIGNMENT (  '', '', ( #3013 ) ) ;
#2630 = CARTESIAN_POINT ( 'NONE',  ( -0.05103903403923126803, -0.03541519301050583685, 0.01000000000000000021 ) ) ;
#2631 = AXIS2_PLACEMENT_3D ( 'NONE', #231, #3411, #2116 ) ;
#2632 = STYLED_ITEM ( 'NONE', ( #2968 ), #1263 ) ;
#2633 = FILL_AREA_STYLE ('',( #2274 ) ) ;
#2634 = CARTESIAN_POINT ( 'NONE',  ( -0.1490408342877109493, -0.01124718349729960341, 6.776263578034402713E-18 ) ) ;
#2635 = CARTESIAN_POINT ( 'NONE',  ( 0.09649068672134446245, -8.938226311821327185E-05, 0.01000000000000000021 ) ) ;
#2636 =( GEOMETRIC_REPRESENTATION_CONTEXT ( 3 ) GLOBAL_UNCERTAINTY_ASSIGNED_CONTEXT ( ( #3381 ) ) GLOBAL_UNIT_ASSIGNED_CONTEXT ( ( #860, #2494, #1852 ) ) REPRESENTATION_CONTEXT ( 'NONE', 'WORKASPACE' ) );
#2637 = STYLED_ITEM ( 'NONE', ( #3431 ), #1839 ) ;
#2638 = CARTESIAN_POINT ( 'NONE',  ( 0.04779861839979314408, -0.03663470520562779609, 0.01000000000000000021 ) ) ;
#2639 = CARTESIAN_POINT ( 'NONE',  ( -0.1239307213476972258, 0.04853134333433226089, 0.01000000000000000021 ) ) ;
#2640 = FACE_OUTER_BOUND ( 'NONE', #2783, .T. ) ;
#2641 = B_SPLINE_CURVE_WITH_KNOTS ( 'NONE', 3,
 ( #2125, #1203, #1816, #1835, #1147, #4027, #2422, #1794, #4047, #3384, #2463, #534, #3093, #224, #790, #840, #2053, #561, #3074 ),
 .UNSPECIFIED., .F., .F.,
 ( 4, 1, 1, 1, 1, 1, 1, 1, 1, 1, 1, 1, 1, 1, 1, 1, 4 ),
 ( 0.0000000000000000000, 0.06783324845577361206, 0.1326555365079041815, 0.1950508840508279329, 0.2555829330687772738, 0.3147998341472899586, 0.3736004728263744856, 0.4325455953267435261, 0.4924306292835654575, 0.5526712559629696209, 0.6125130441881164733, 0.6726102503570065005, 0.7338383693139460817, 0.7965942385677740045, 0.8614497992905733037, 0.9291989423509054991, 1.000000000000000000 ),
 .UNSPECIFIED. ) ;
#2642 = SURFACE_STYLE_FILL_AREA ( #2882 ) ;
#2643 = SURFACE_SIDE_STYLE ('',( #3612 ) ) ;
#2644 =( NAMED_UNIT ( * ) PLANE_ANGLE_UNIT ( ) SI_UNIT ( $, .RADIAN. ) );
#2645 = CARTESIAN_POINT ( 'NONE',  ( -0.2009805727736754533, 0.03485766796090208897, 0.01000000000000000021 ) ) ;
#2646 = ORIENTED_EDGE ( 'NONE', *, *, #3927, .F. ) ;
#2647 = CARTESIAN_POINT ( 'NONE',  ( 0.2000000000000000111, 0.2000000000000000111, -0.03999999999999998002 ) ) ;
#2648 = EDGE_CURVE ( 'NONE', #3062, #3107, #3674, .T. ) ;
#2649 = CARTESIAN_POINT ( 'NONE',  ( 0.07768734549395124589, -0.02032146127401455310, 0.01000000000000000021 ) ) ;
#2650 = SURFACE_STYLE_FILL_AREA ( #3640 ) ;
#2651 = FACE_BOUND ( 'NONE', #1853, .T. ) ;
#2652 = SURFACE_SIDE_STYLE ('',( #395 ) ) ;
#2653 = EDGE_LOOP ( 'NONE', ( #2646, #1631, #294, #3774 ) ) ;
#2654 = EDGE_CURVE ( 'NONE', #402, #3977, #3041, .T. ) ;
#2655 = UNCERTAINTY_MEASURE_WITH_UNIT (LENGTH_MEASURE( 1.000000000000000082E-05 ), #282, 'distance_accuracy_value', 'NONE');
#2656 = CARTESIAN_POINT ( 'NONE',  ( -0.1179177860480949969, 0.03896457886277382432, 0.01000000000000000021 ) ) ;
#2657 = SURFACE_SIDE_STYLE ('',( #2938 ) ) ;
#2658 = ORIENTED_EDGE ( 'NONE', *, *, #156, .F. ) ;
#2659 = SURFACE_STYLE_FILL_AREA ( #1681 ) ;
#2660 = CARTESIAN_POINT ( 'NONE',  ( 0.08171027222496268783, 0.01563811251928537080, 0.0000000000000000000 ) ) ;
#2661 = FILL_AREA_STYLE ('',( #1989 ) ) ;
#2662 = CARTESIAN_POINT ( 'NONE',  ( -0.08396586330752396632, -0.03541519301050583685, 0.0000000000000000000 ) ) ;
#2663 = SURFACE_SIDE_STYLE ('',( #2972 ) ) ;
#2664 = CARTESIAN_POINT ( 'NONE',  ( 0.04964694157052485651, -0.04761031496172535293, 0.0000000000000000000 ) ) ;
#2665 = ORIENTED_EDGE ( 'NONE', *, *, #1696, .T. ) ;
#2666 = CARTESIAN_POINT ( 'NONE',  ( 0.04223191971114798743, 0.05480410397848968496, 0.0000000000000000000 ) ) ;
#2667 =( NAMED_UNIT ( * ) SI_UNIT ( $, .STERADIAN. ) SOLID_ANGLE_UNIT ( ) );
#2668 = SURFACE_STYLE_USAGE ( .BOTH. , #3279 ) ;
#2669 = ADVANCED_FACE ( 'NONE', ( #2090 ), #2095, .T. ) ;
#2670 = CARTESIAN_POINT ( 'NONE',  ( -0.1237733670127344754, -0.04100616566209215608, 0.0000000000000000000 ) ) ;
#2671 = CARTESIAN_POINT ( 'NONE',  ( -0.01079513160020685418, 0.009706758209006360189, 0.01000000000000000021 ) ) ;
#2672 = ORIENTED_EDGE ( 'NONE', *, *, #2626, .T. ) ;
#2673 = EDGE_CURVE ( 'NONE', #3605, #1046, #3338, .T. ) ;
#2674 = DIRECTION ( 'NONE',  ( -1.000000000000000000, 0.0000000000000000000, 0.0000000000000000000 ) ) ;
#2675 = ORIENTED_EDGE ( 'NONE', *, *, #3263, .F. ) ;
#2676 = CARTESIAN_POINT ( 'NONE',  ( 0.05160524348319429910, -0.03653659684139533292, 0.01000000000000000021 ) ) ;
#2677 = EDGE_CURVE ( 'NONE', #2034, #1294, #2794, .T. ) ;
#2678 = CARTESIAN_POINT ( 'NONE',  ( -0.04616098525874346575, -0.001268851547091204681, 0.01000000000000000021 ) ) ;
#2679 = CARTESIAN_POINT ( 'NONE',  ( 0.06707514871924800948, 0.03760439634584518409, 0.01000000000000000021 ) ) ;
#2680 = ORIENTED_EDGE ( 'NONE', *, *, #3100, .T. ) ;
#2681 = FACE_OUTER_BOUND ( 'NONE', #858, .T. ) ;
#2682 = UNCERTAINTY_MEASURE_WITH_UNIT (LENGTH_MEASURE( 1.000000000000000082E-05 ), #554, 'distance_accuracy_value', 'NONE');
#2683 = SURFACE_STYLE_USAGE ( .BOTH. , #1142 ) ;
#2684 = VECTOR ( 'NONE', #664, 1000.000000000000000 ) ;
#2685 = ORIENTED_EDGE ( 'NONE', *, *, #3372, .T. ) ;
#2686 = DIRECTION ( 'NONE',  ( -0.0000000000000000000, -0.0000000000000000000, -1.000000000000000000 ) ) ;
#2687 = CARTESIAN_POINT ( 'NONE',  ( -0.3799999999999998934, -0.3800000000000000044, 0.0000000000000000000 ) ) ;
#2688 =( LENGTH_UNIT ( ) NAMED_UNIT ( * ) SI_UNIT ( .MILLI., .METRE. ) );
#2689 = CARTESIAN_POINT ( 'NONE',  ( -0.09774254013679223307, -0.04639080276660340063, 3.388131789017201356E-18 ) ) ;
#2690 = CARTESIAN_POINT ( 'NONE',  ( -0.2042974181855727323, 0.03440188016022587003, 0.01000000000000000021 ) ) ;
#2691 = VERTEX_POINT ( 'NONE', #2063 ) ;
#2692 = UNCERTAINTY_MEASURE_WITH_UNIT (LENGTH_MEASURE( 1.000000000000000082E-05 ), #989, 'distance_accuracy_value', 'NONE');
#2693 =( LENGTH_UNIT ( ) NAMED_UNIT ( * ) SI_UNIT ( .MILLI., .METRE. ) );
#2694 = CARTESIAN_POINT ( 'NONE',  ( -0.1323313683667450558, -0.03571005186988691904, 0.01000000000000000021 ) ) ;
#2695 = AXIS2_PLACEMENT_3D ( 'NONE', #1823, #3097, #1508 ) ;
#2696 = MECHANICAL_DESIGN_GEOMETRIC_PRESENTATION_REPRESENTATION (  '', ( #1415 ), #4013 ) ;
#2697 = MECHANICAL_DESIGN_GEOMETRIC_PRESENTATION_REPRESENTATION (  '', ( #4079 ), #1150 ) ;
#2698 = DIRECTION ( 'NONE',  ( 0.0000000000000000000, -0.0000000000000000000, 1.000000000000000000 ) ) ;
#2699 = COLOUR_RGB ( '',1.000000000000000000, 1.000000000000000000, 1.000000000000000000 ) ;
#2700 = AXIS2_PLACEMENT_3D ( 'NONE', #1224, #2512, #1866 ) ;
#2701 = CARTESIAN_POINT ( 'NONE',  ( 0.07087419890346133289, -0.02856524757315710011, 0.01000000000000000021 ) ) ;
#2702 = COLOUR_RGB ( '',1.000000000000000000, 1.000000000000000000, 1.000000000000000000 ) ;
#2703 = FILL_AREA_STYLE_COLOUR ( '', #622 ) ;
#2704 = SURFACE_STYLE_USAGE ( .BOTH. , #3031 ) ;
#2705 = EDGE_CURVE ( 'NONE', #1294, #1018, #2736, .T. ) ;
#2706 = VECTOR ( 'NONE', #3105, 1000.000000000000000 ) ;
#2707 = CARTESIAN_POINT ( 'NONE',  ( 0.1562780391315004846, -0.04639080276660340063, 0.01000000000000000021 ) ) ;
#2708 = DIRECTION ( 'NONE',  ( -0.0000000000000000000, 0.0000000000000000000, 1.000000000000000000 ) ) ;
#2709 =( NAMED_UNIT ( * ) PLANE_ANGLE_UNIT ( ) SI_UNIT ( $, .RADIAN. ) );
#2710 =( LENGTH_UNIT ( ) NAMED_UNIT ( * ) SI_UNIT ( .MILLI., .METRE. ) );
#2711 = FILL_AREA_STYLE ('',( #1487 ) ) ;
#2712 = CARTESIAN_POINT ( 'NONE',  ( 0.05160524348319429910, -0.03653659684139533292, 0.0000000000000000000 ) ) ;
#2713 = ORIENTED_EDGE ( 'NONE', *, *, #1915, .F. ) ;
#2714 = CARTESIAN_POINT ( 'NONE',  ( -0.09877150355142640115, 0.05360919723339661186, 0.01000000000000000021 ) ) ;
#2715 = CARTESIAN_POINT ( 'NONE',  ( -0.1244998940798854314, -0.02741048963255838730, 0.01000000000000000021 ) ) ;
#2716 = EDGE_LOOP ( 'NONE', ( #804, #1772, #2806, #3393 ) ) ;
#2717 = PRESENTATION_STYLE_ASSIGNMENT (( #2115 ) ) ;
#2718 = CARTESIAN_POINT ( 'NONE',  ( -0.2193507718441093379, -0.007366412522700959038, 0.0000000000000000000 ) ) ;
#2719 = EDGE_CURVE ( 'NONE', #3519, #1525, #1312, .T. ) ;
#2720 = ORIENTED_EDGE ( 'NONE', *, *, #1120, .T. ) ;
#2721 = CARTESIAN_POINT ( 'NONE',  ( 0.1562780391315004846, 0.05360919723339661186, 0.0000000000000000000 ) ) ;
#2722 =( NAMED_UNIT ( * ) SI_UNIT ( $, .STERADIAN. ) SOLID_ANGLE_UNIT ( ) );
#2723 = CARTESIAN_POINT ( 'NONE',  ( 0.002619502546134599465, -0.04639080276660340063, 0.01000000000000000021 ) ) ;
#2724 = VERTEX_POINT ( 'NONE', #666 ) ;
#2725 = DIRECTION ( 'NONE',  ( -0.0000000000000000000, -0.0000000000000000000, -1.000000000000000000 ) ) ;
#2726 = B_SPLINE_SURFACE_WITH_KNOTS ( 'NONE', 3, 1, ( 
 ( #1247, #2162 ),
 ( #283, #2531 ),
 ( #3443, #932 ),
 ( #3486, #3829 ),
 ( #2235, #2593 ),
 ( #3850, #2255 ),
 ( #2904, #38 ),
 ( #3204, #991 ),
 ( #1317, #3542 ),
 ( #678, #348 ),
 ( #1181, #788 ) ),
 .UNSPECIFIED., .F., .F., .F.,
 ( 4, 1, 1, 1, 1, 1, 1, 1, 4 ),
 ( 2, 2 ),
 ( 0.0000000000000000000, 0.1451868664724696723, 0.2834426109197301091, 0.4165243659288290767, 0.5431811235350824107, 0.6651530826377128891, 0.7813602063127155217, 0.8927566556418091714, 1.000000000000000000 ),
 ( 0.0000000000000000000, 1.000000000000000000 ),
 .UNSPECIFIED. ) ;
#2727 = VERTEX_POINT ( 'NONE', #1617 ) ;
#2728 = CARTESIAN_POINT ( 'NONE',  ( -0.1999999999999999556, -0.2000000000000000111, -0.03999999999999998002 ) ) ;
#2729 = CARTESIAN_POINT ( 'NONE',  ( 0.2000000000000000666, -0.3024695076595959597, -3.388131789017201356E-18 ) ) ;
#2730 = CARTESIAN_POINT ( 'NONE',  ( 0.04964694157052485651, -0.04761031496172535293, 6.776263578034402713E-18 ) ) ;
#2731 = CARTESIAN_POINT ( 'NONE',  ( 0.07568874371863718031, -0.02333334643745322082, 0.0000000000000000000 ) ) ;
#2732 = CARTESIAN_POINT ( 'NONE',  ( 0.002619502546134599465, 0.05360919723339661186, 0.01000000000000000021 ) ) ;
#2733 = UNCERTAINTY_MEASURE_WITH_UNIT (LENGTH_MEASURE( 1.000000000000000082E-05 ), #908, 'distance_accuracy_value', 'NONE');
#2734 = CARTESIAN_POINT ( 'NONE',  ( -0.01079513160020685418, 0.009706758209006360189, 0.0000000000000000000 ) ) ;
#2735 = CARTESIAN_POINT ( 'NONE',  ( -0.1068915531199123164, -0.03481450240657115586, 6.776263578034402713E-18 ) ) ;
#2736 = B_SPLINE_CURVE_WITH_KNOTS ( 'NONE', 3,
 ( #3344, #487, #1765, #1456, #3060, #3371, #3991, #1130, #3522, #371, #3181, #3572, #650, #1965, #3198, #9, #1655, #947, #634 ),
 .UNSPECIFIED., .F., .F.,
 ( 4, 1, 1, 1, 1, 1, 1, 1, 1, 1, 1, 1, 1, 1, 1, 1, 4 ),
 ( 0.0000000000000000000, 0.06863117867660099847, 0.1345664660386766964, 0.1983281540108808028, 0.2607897666408446891, 0.3219991514841584190, 0.3827217465030193222, 0.4435374740357288514, 0.5051334294849249007, 0.5662138747646714432, 0.6261058646175455822, 0.6853493221605165830, 0.7449958703477972399, 0.8054158418145627163, 0.8676362663459531444, 0.9323077823023292465, 1.000000000000000000 ),
 .UNSPECIFIED. ) ;
#2737 = ORIENTED_EDGE ( 'NONE', *, *, #791, .F. ) ;
#2738 = CARTESIAN_POINT ( 'NONE',  ( -0.1474141898901533687, 0.02488958141281917558, 0.01000000000000000021 ) ) ;
#2739 = ORIENTED_EDGE ( 'NONE', *, *, #1942, .T. ) ;
#2740 = SURFACE_SIDE_STYLE ('',( #181 ) ) ;
#2741 = ORIENTED_EDGE ( 'NONE', *, *, #3094, .F. ) ;
#2742 = EDGE_CURVE ( 'NONE', #3822, #2724, #2898, .T. ) ;
#2743 = CARTESIAN_POINT ( 'NONE',  ( -0.1001382665379240422, 0.04260428806038961402, -0.0000000000000000000 ) ) ;
#2744 = CARTESIAN_POINT ( 'NONE',  ( -0.2486000096489873745, -0.04639080276660340063, 0.01000000000000000021 ) ) ;
#2745 = ORIENTED_EDGE ( 'NONE', *, *, #388, .F. ) ;
#2746 = ADVANCED_FACE ( 'NONE', ( #2250 ), #3596, .T. ) ;
#2747 = EDGE_LOOP ( 'NONE', ( #866, #2855, #1766, #2102 ) ) ;
#2748 = DIRECTION ( 'NONE',  ( 0.0000000000000000000, -1.000000000000000000, 0.0000000000000000000 ) ) ;
#2749 = CARTESIAN_POINT ( 'NONE',  ( -0.1376243998928897705, 0.004580996013884406151, 0.01000000000000000021 ) ) ;
#2750 = VECTOR ( 'NONE', #2176, 1000.000000000000000 ) ;
#2751 = EDGE_LOOP ( 'NONE', ( #1177, #3877, #2295, #1473 ) ) ;
#2752 = EDGE_CURVE ( 'NONE', #402, #266, #1694, .T. ) ;
#2753 = PRESENTATION_LAYER_ASSIGNMENT (  '', '', ( #71 ) ) ;
#2754 = PRESENTATION_STYLE_ASSIGNMENT (( #3043 ) ) ;
#2755 = CARTESIAN_POINT ( 'NONE',  ( -0.09966850433102268647, -0.03538262211882691605, 6.776263578034402713E-18 ) ) ;
#2756 = ORIENTED_EDGE ( 'NONE', *, *, #4114, .F. ) ;
#2757 = PRESENTATION_LAYER_ASSIGNMENT (  '', '', ( #406 ) ) ;
#2758 = VECTOR ( 'NONE', #168, 1000.000000000000000 ) ;
#2759 = CARTESIAN_POINT ( 'NONE',  ( 0.09647838922500857894, 0.003668315417547041331, -0.0000000000000000000 ) ) ;
#2760 = LINE ( 'NONE', #4021, #3687 ) ;
#2761 = AXIS2_PLACEMENT_3D ( 'NONE', #1083, #3317, #2052 ) ;
#2762 = PRESENTATION_LAYER_ASSIGNMENT (  '', '', ( #3148 ) ) ;
#2763 = PRESENTATION_LAYER_ASSIGNMENT (  '', '', ( #2958 ) ) ;
#2764 = MECHANICAL_DESIGN_GEOMETRIC_PRESENTATION_REPRESENTATION (  '', ( #349 ), #2489 ) ;
#2765 = VECTOR ( 'NONE', #1320, 1000.000000000000000 ) ;
#2766 = CARTESIAN_POINT ( 'NONE',  ( 0.09639315299501929890, 0.007475950574405797536, 0.01000000000000000021 ) ) ;
#2767 = CARTESIAN_POINT ( 'NONE',  ( -0.1999999999999999556, -0.2000000000000000111, 0.0000000000000000000 ) ) ;
#2768 = VECTOR ( 'NONE', #65, 1000.000000000000000 ) ;
#2769 = VECTOR ( 'NONE', #100, 1000.000000000000000 ) ;
#2770 = CARTESIAN_POINT ( 'NONE',  ( -0.1376243998928897705, 0.004580996013884406151, 0.01000000000000000021 ) ) ;
#2771 = PRESENTATION_LAYER_ASSIGNMENT (  '', '', ( #3225 ) ) ;
#2772 =( NAMED_UNIT ( * ) PLANE_ANGLE_UNIT ( ) SI_UNIT ( $, .RADIAN. ) );
#2773 = ORIENTED_EDGE ( 'NONE', *, *, #4085, .T. ) ;
#2774 = EDGE_CURVE ( 'NONE', #3021, #3788, #1249, .T. ) ;
#2775 = ORIENTED_EDGE ( 'NONE', *, *, #1588, .F. ) ;
#2776 = CARTESIAN_POINT ( 'NONE',  ( -0.1376243998928897705, 0.004580996013884406151, 6.776263578034402713E-18 ) ) ;
#2777 = ADVANCED_FACE ( 'NONE', ( #668 ), #213, .T. ) ;
#2778 = ORIENTED_EDGE ( 'NONE', *, *, #2848, .F. ) ;
#2779 = CARTESIAN_POINT ( 'NONE',  ( -0.07055122916118249099, 0.05360919723339661186, 0.0000000000000000000 ) ) ;
#2780 = DIRECTION ( 'NONE',  ( 1.000000000000000000, 0.0000000000000000000, 0.0000000000000000000 ) ) ;
#2781 = EDGE_LOOP ( 'NONE', ( #2421, #1137, #1848, #1151 ) ) ;
#2782 = CARTESIAN_POINT ( 'NONE',  ( 0.02478773661812945853, 0.03899401935212686715, 0.01000000000000000021 ) ) ;
#2783 = EDGE_LOOP ( 'NONE', ( #2111, #2975, #1510, #1903 ) ) ;
#2784 = SURFACE_SIDE_STYLE ('',( #1501 ) ) ;
#2785 = CARTESIAN_POINT ( 'NONE',  ( -0.2031485117912937011, 0.03922688591953379239, 0.01000000000000000021 ) ) ;
#2786 =( LENGTH_UNIT ( ) NAMED_UNIT ( * ) SI_UNIT ( .MILLI., .METRE. ) );
#2787 = SURFACE_SIDE_STYLE ('',( #812 ) ) ;
#2788 = CARTESIAN_POINT ( 'NONE',  ( -0.1316575874781930611, 0.02775373221723648545, 6.776263578034402713E-18 ) ) ;
#2789 = SURFACE_STYLE_FILL_AREA ( #540 ) ;
#2790 = DIRECTION ( 'NONE',  ( 0.0000000000000000000, 0.0000000000000000000, -1.000000000000000000 ) ) ;
#2791 = ORIENTED_EDGE ( 'NONE', *, *, #230, .T. ) ;
#2792 = ORIENTED_EDGE ( 'NONE', *, *, #3351, .F. ) ;
#2793 = CARTESIAN_POINT ( 'NONE',  ( -0.05103903403923126803, -0.04639080276660340063, 0.01000000000000000021 ) ) ;
#2794 = LINE ( 'NONE', #2714, #2067 ) ;
#2795 = FACE_OUTER_BOUND ( 'NONE', #242, .T. ) ;
#2796 = CARTESIAN_POINT ( 'NONE',  ( -0.1509991172498538481, 0.006679515841714530125, 0.01000000000000000021 ) ) ;
#2797 = CARTESIAN_POINT ( 'NONE',  ( 0.09342529352428016742, -0.01834989231986951241, 6.776263578034402713E-18 ) ) ;
#2798 = ORIENTED_EDGE ( 'NONE', *, *, #3857, .T. ) ;
#2799 = FILL_AREA_STYLE ('',( #2161 ) ) ;
#2800 = LINE ( 'NONE', #257, #3025 ) ;
#2801 = ORIENTED_EDGE ( 'NONE', *, *, #3246, .T. ) ;
#2802 = ADVANCED_FACE ( 'NONE', ( #365 ), #644, .T. ) ;
#2803 = DIRECTION ( 'NONE',  ( -0.0000000000000000000, -0.0000000000000000000, -1.000000000000000000 ) ) ;
#2804 = CARTESIAN_POINT ( 'NONE',  ( -0.09877150355142640115, 0.05360919723339661186, 0.01000000000000000021 ) ) ;
#2805 = UNCERTAINTY_MEASURE_WITH_UNIT (LENGTH_MEASURE( 1.000000000000000082E-05 ), #1164, 'distance_accuracy_value', 'NONE');
#2806 = ORIENTED_EDGE ( 'NONE', *, *, #3263, .T. ) ;
#2807 = ORIENTED_EDGE ( 'NONE', *, *, #4053, .F. ) ;
#2808 = CARTESIAN_POINT ( 'NONE',  ( -0.1269429059301462881, 0.03313716113352941500, 0.01000000000000000021 ) ) ;
#2809 = PLANE ( 'NONE',  #1026 ) ;
#2810 =( NAMED_UNIT ( * ) PLANE_ANGLE_UNIT ( ) SI_UNIT ( $, .RADIAN. ) );
#2811 =( NAMED_UNIT ( * ) PLANE_ANGLE_UNIT ( ) SI_UNIT ( $, .RADIAN. ) );
#2812 = ORIENTED_EDGE ( 'NONE', *, *, #2576, .T. ) ;
#2813 = SURFACE_STYLE_USAGE ( .BOTH. , #267 ) ;
#2814 = CARTESIAN_POINT ( 'NONE',  ( -0.1509194817592630078, -0.0007242606951999043790, 0.0000000000000000000 ) ) ;
#2815 =( GEOMETRIC_REPRESENTATION_CONTEXT ( 3 ) GLOBAL_UNCERTAINTY_ASSIGNED_CONTEXT ( ( #2513 ) ) GLOBAL_UNIT_ASSIGNED_CONTEXT ( ( #1698, #1008, #3306 ) ) REPRESENTATION_CONTEXT ( 'NONE', 'WORKASPACE' ) );
#2816 = VECTOR ( 'NONE', #1521, 1000.000000000000114 ) ;
#2817 = CARTESIAN_POINT ( 'NONE',  ( -0.1361815217804166478, 0.04043590847352969420, 0.01000000000000000021 ) ) ;
#2818 = DIRECTION ( 'NONE',  ( 1.000000000000000000, 0.0000000000000000000, 0.0000000000000000000 ) ) ;
#2819 = AXIS2_PLACEMENT_3D ( 'NONE', #306, #3523, #1584 ) ;
#2820 = ORIENTED_EDGE ( 'NONE', *, *, #3685, .F. ) ;
#2821 = CIRCLE ( 'NONE', #1806, 0.1100000000000000006 ) ;
#2822 = DIRECTION ( 'NONE',  ( -0.0000000000000000000, 0.0000000000000000000, -1.000000000000000000 ) ) ;
#2823 = PRESENTATION_LAYER_ASSIGNMENT (  '', '', ( #2269 ) ) ;
#2824 = VECTOR ( 'NONE', #792, 1000.000000000000000 ) ;
#2825 = CARTESIAN_POINT ( 'NONE',  ( -0.1190776561664832756, -0.04296988442339843423, 0.01000000000000000021 ) ) ;
#2826 =( LENGTH_UNIT ( ) NAMED_UNIT ( * ) SI_UNIT ( .MILLI., .METRE. ) );
#2827 = FACE_OUTER_BOUND ( 'NONE', #2423, .T. ) ;
#2828 = ADVANCED_FACE ( 'NONE', ( #2585 ), #3841, .T. ) ;
#2829 = LINE ( 'NONE', #1892, #2706 ) ;
#2830 = PRESENTATION_LAYER_ASSIGNMENT (  '', '', ( #750 ) ) ;
#2831 = ORIENTED_EDGE ( 'NONE', *, *, #3771, .T. ) ;
#2832 =( NAMED_UNIT ( * ) SI_UNIT ( $, .STERADIAN. ) SOLID_ANGLE_UNIT ( ) );
#2833 = AXIS2_PLACEMENT_3D ( 'NONE', #1567, #3418, #909 ) ;
#2834 = SURFACE_STYLE_USAGE ( .BOTH. , #1545 ) ;
#2835 = DIRECTION ( 'NONE',  ( -1.000000000000000000, 0.0000000000000000000, 0.0000000000000000000 ) ) ;
#2836 = COLOUR_RGB ( '',0.2980392156862745057, 0.2980392156862745057, 0.2980392156862745057 ) ;
#2837 = CARTESIAN_POINT ( 'NONE',  ( -0.2193507718441093379, -0.007366412522700959038, 0.01000000000000000021 ) ) ;
#2838 = ORIENTED_EDGE ( 'NONE', *, *, #2429, .T. ) ;
#2839 = DIRECTION ( 'NONE',  ( 0.0000000000000000000, 0.0000000000000000000, -1.000000000000000000 ) ) ;
#2840 = COLOUR_RGB ( '',1.000000000000000000, 1.000000000000000000, 1.000000000000000000 ) ;
#2841 = AXIS2_PLACEMENT_3D ( 'NONE', #2985, #3934, #120 ) ;
#2842 = ORIENTED_EDGE ( 'NONE', *, *, #39, .F. ) ;
#2843 = CARTESIAN_POINT ( 'NONE',  ( -0.09871433891728005616, 0.04263358747729904807, 0.0000000000000000000 ) ) ;
#2844 = CARTESIAN_POINT ( 'NONE',  ( 0.03572726750147726255, 0.05431169318009455849, 0.01000000000000000021 ) ) ;
#2845 = EDGE_LOOP ( 'NONE', ( #3777, #2658, #2812, #830 ) ) ;
#2846 = SURFACE_STYLE_FILL_AREA ( #2481 ) ;
#2847 = DIRECTION ( 'NONE',  ( -1.000000000000000000, -0.0000000000000000000, -0.0000000000000000000 ) ) ;
#2848 = EDGE_CURVE ( 'NONE', #188, #2601, #755, .T. ) ;
#2849 = DIRECTION ( 'NONE',  ( 0.3536223923290757187, -0.9353882635801356038, 0.0000000000000000000 ) ) ;
#2850 = SURFACE_STYLE_FILL_AREA ( #20 ) ;
#2851 = SURFACE_SIDE_STYLE ('',( #264 ) ) ;
#2852 = CARTESIAN_POINT ( 'NONE',  ( -0.1825367474538654167, -0.01834202227879852196, 0.01000000000000000021 ) ) ;
#2853 = DIRECTION ( 'NONE',  ( -0.0000000000000000000, -0.0000000000000000000, -1.000000000000000000 ) ) ;
#2854 = FACE_OUTER_BOUND ( 'NONE', #861, .T. ) ;
#2855 = ORIENTED_EDGE ( 'NONE', *, *, #616, .F. ) ;
#2856 = EDGE_LOOP ( 'NONE', ( #3540, #2491 ) ) ;
#2857 = CARTESIAN_POINT ( 'NONE',  ( 0.05714729014083364672, 0.04236655183946505532, 6.776263578034402713E-18 ) ) ;
#2858 = DIRECTION ( 'NONE',  ( -0.9353882635801356038, -0.3536223923290757187, 0.0000000000000000000 ) ) ;
#2859 = FACE_OUTER_BOUND ( 'NONE', #2939, .T. ) ;
#2860 = CARTESIAN_POINT ( 'NONE',  ( -0.04860000964898735648, 0.05360919723339661186, 0.01000000000000000021 ) ) ;
#2861 = PRESENTATION_STYLE_ASSIGNMENT (( #2880 ) ) ;
#2862 = FILL_AREA_STYLE_COLOUR ( '', #410 ) ;
#2863 = DIRECTION ( 'NONE',  ( 0.0000000000000000000, -1.000000000000000000, 0.0000000000000000000 ) ) ;
#2864 = SURFACE_SIDE_STYLE ('',( #628 ) ) ;
#2865 = CARTESIAN_POINT ( 'NONE',  ( -0.01079513160020685418, 0.009706758209006360189, 0.01000000000000000021 ) ) ;
#2866 = ORIENTED_EDGE ( 'NONE', *, *, #2673, .F. ) ;
#2867 = FILL_AREA_STYLE ('',( #248 ) ) ;
#2868 = EDGE_CURVE ( 'NONE', #565, #1976, #3038, .T. ) ;
#2869 = LINE ( 'NONE', #2914, #153 ) ;
#2870 = EDGE_LOOP ( 'NONE', ( #3987, #185, #698, #3438 ) ) ;
#2871 =( NAMED_UNIT ( * ) PLANE_ANGLE_UNIT ( ) SI_UNIT ( $, .RADIAN. ) );
#2872 = CARTESIAN_POINT ( 'NONE',  ( 0.02213169766808581462, 0.05086529479437221918, 0.0000000000000000000 ) ) ;
#2873 = ORIENTED_EDGE ( 'NONE', *, *, #1991, .F. ) ;
#2874 = ADVANCED_FACE ( 'NONE', ( #2396 ), #3319, .T. ) ;
#2875 = CARTESIAN_POINT ( 'NONE',  ( -0.2024300401367922497, 0.04141407528217708883, 0.01000000000000000021 ) ) ;
#2876 = CARTESIAN_POINT ( 'NONE',  ( 0.02292771001915120885, 0.05118841375745957628, 0.01000000000000000021 ) ) ;
#2877 = CARTESIAN_POINT ( 'NONE',  ( 0.09579561054868827863, -0.008809109117367349209, 6.776263578034402713E-18 ) ) ;
#2878 = VECTOR ( 'NONE', #3004, 1000.000000000000000 ) ;
#2879 = PRESENTATION_LAYER_ASSIGNMENT (  '', '', ( #532 ) ) ;
#2880 = SURFACE_STYLE_USAGE ( .BOTH. , #3448 ) ;
#2881 = PRESENTATION_LAYER_ASSIGNMENT (  '', '', ( #3144 ) ) ;
#2882 = FILL_AREA_STYLE ('',( #3855 ) ) ;
#2883 = FACE_BOUND ( 'NONE', #1357, .T. ) ;
#2884 = FILL_AREA_STYLE_COLOUR ( '', #486 ) ;
#2885 = AXIS2_PLACEMENT_3D ( 'NONE', #288, #2858, #2849 ) ;
#2886 = LINE ( 'NONE', #28, #3420 ) ;
#2887 = VERTEX_POINT ( 'NONE', #841 ) ;
#2888 = CARTESIAN_POINT ( 'NONE',  ( 0.05878913112286810599, -0.03521689889593758449, 6.776263578034402713E-18 ) ) ;
#2889 =( NAMED_UNIT ( * ) SI_UNIT ( $, .STERADIAN. ) SOLID_ANGLE_UNIT ( ) );
#2890 = MECHANICAL_DESIGN_GEOMETRIC_PRESENTATION_REPRESENTATION (  '', ( #2571 ), #1946 ) ;
#2891 = EDGE_CURVE ( 'NONE', #2996, #1649, #813, .T. ) ;
#2892 = EDGE_LOOP ( 'NONE', ( #3201, #1769, #3558, #1315 ) ) ;
#2893 = FILL_AREA_STYLE ('',( #1284 ) ) ;
#2894 = CARTESIAN_POINT ( 'NONE',  ( 0.03806089372281362682, -0.04676414896714826269, 0.01000000000000000021 ) ) ;
#2895 =( NAMED_UNIT ( * ) SI_UNIT ( $, .STERADIAN. ) SOLID_ANGLE_UNIT ( ) );
#2896 = VECTOR ( 'NONE', #545, 1000.000000000000000 ) ;
#2897 =( GEOMETRIC_REPRESENTATION_CONTEXT ( 3 ) GLOBAL_UNCERTAINTY_ASSIGNED_CONTEXT ( ( #426 ) ) GLOBAL_UNIT_ASSIGNED_CONTEXT ( ( #1670, #1031, #2667 ) ) REPRESENTATION_CONTEXT ( 'NONE', 'WORKASPACE' ) );
#2898 = LINE ( 'NONE', #2588, #2333 ) ;
#2899 = UNCERTAINTY_MEASURE_WITH_UNIT (LENGTH_MEASURE( 1.000000000000000082E-05 ), #1388, 'distance_accuracy_value', 'NONE');
#2900 = EDGE_CURVE ( 'NONE', #1525, #2727, #1668, .T. ) ;
#2901 = LINE ( 'NONE', #3481, #2072 ) ;
#2902 = ORIENTED_EDGE ( 'NONE', *, *, #2612, .F. ) ;
#2903 = ORIENTED_EDGE ( 'NONE', *, *, #3113, .F. ) ;
#2904 = CARTESIAN_POINT ( 'NONE',  ( 0.02982977541933595766, 0.05332675506731385240, 0.01000000000000000021 ) ) ;
#2905 =( NAMED_UNIT ( * ) PLANE_ANGLE_UNIT ( ) SI_UNIT ( $, .RADIAN. ) );
#2906 =( NAMED_UNIT ( * ) SI_UNIT ( $, .STERADIAN. ) SOLID_ANGLE_UNIT ( ) );
#2907 = DIRECTION ( 'NONE',  ( -0.0000000000000000000, 0.0000000000000000000, -1.000000000000000000 ) ) ;
#2908 = CARTESIAN_POINT ( 'NONE',  ( -0.1825367474538654167, -0.01834202227879852196, 0.01000000000000000021 ) ) ;
#2909 = CARTESIAN_POINT ( 'NONE',  ( -0.2105977249740729751, -0.2449821083917770315, 0.3990000000000000213 ) ) ;
#2910 = DIRECTION ( 'NONE',  ( 1.426581805901979389E-16, -1.000000000000000000, 0.0000000000000000000 ) ) ;
#2911 =( NAMED_UNIT ( * ) SI_UNIT ( $, .STERADIAN. ) SOLID_ANGLE_UNIT ( ) );
#2912 = ORIENTED_EDGE ( 'NONE', *, *, #3927, .T. ) ;
#2913 = FILL_AREA_STYLE_COLOUR ( '', #4009 ) ;
#2914 = CARTESIAN_POINT ( 'NONE',  ( -0.04616098525874346575, 0.009706758209006360189, 0.01000000000000000021 ) ) ;
#2915 = EDGE_LOOP ( 'NONE', ( #237, #1267 ) ) ;
#2916 = VERTEX_POINT ( 'NONE', #3940 ) ;
#2917 = SURFACE_SIDE_STYLE ('',( #3228 ) ) ;
#2918 = SURFACE_STYLE_FILL_AREA ( #3539 ) ;
#2919 = ORIENTED_EDGE ( 'NONE', *, *, #3535, .T. ) ;
#2920 = CARTESIAN_POINT ( 'NONE',  ( 0.05714729014083364672, 0.04236655183946505532, 0.01000000000000000021 ) ) ;
#2921 = PRESENTATION_STYLE_ASSIGNMENT (( #1057 ) ) ;
#2922 = ADVANCED_FACE ( 'NONE', ( #1086 ), #2359, .T. ) ;
#2923 =( NAMED_UNIT ( * ) PLANE_ANGLE_UNIT ( ) SI_UNIT ( $, .RADIAN. ) );
#2924 = CARTESIAN_POINT ( 'NONE',  ( -0.1144847428597413480, 0.04031567146634821436, 0.0000000000000000000 ) ) ;
#2925 = FILL_AREA_STYLE ('',( #378 ) ) ;
#2926 = B_SPLINE_CURVE_WITH_KNOTS ( 'NONE', 3,
 ( #1465, #161, #433, #1706, #1773, #3961, #2984, #1397, #1080, #726, #3634 ),
 .UNSPECIFIED., .F., .F.,
 ( 4, 1, 1, 1, 1, 1, 1, 1, 4 ),
 ( 0.0000000000000000000, 0.1124483899088010164, 0.2265276752126777204, 0.3444019493260284670, 0.4658649724874589504, 0.5916594493521171172, 0.7221684870248873400, 0.8586063875549265756, 1.000000000000000000 ),
 .UNSPECIFIED. ) ;
#2927 = VERTEX_POINT ( 'NONE', #262 ) ;
#2928 = CARTESIAN_POINT ( 'NONE',  ( 0.04779861839979314408, -0.03663470520562779609, 6.776263578034402713E-18 ) ) ;
#2929 = FILL_AREA_STYLE_COLOUR ( '', #2840 ) ;
#2930 = CARTESIAN_POINT ( 'NONE',  ( 0.1562780391315004846, 0.05360919723339661186, 0.01000000000000000021 ) ) ;
#2931 = ORIENTED_EDGE ( 'NONE', *, *, #2011, .F. ) ;
#2932 =( NAMED_UNIT ( * ) PLANE_ANGLE_UNIT ( ) SI_UNIT ( $, .RADIAN. ) );
#2933 = FACE_OUTER_BOUND ( 'NONE', #2751, .T. ) ;
#2934 = APPLICATION_PROTOCOL_DEFINITION ( 'draft international standard', 'automotive_design', 1998, #2525 ) ;
#2935 = ORIENTED_EDGE ( 'NONE', *, *, #2452, .T. ) ;
#2936 = CARTESIAN_POINT ( 'NONE',  ( -0.1241465034459837136, 0.03536223781254878296, 0.01000000000000000021 ) ) ;
#2937 = CARTESIAN_POINT ( 'NONE',  ( -0.1490408342877109493, -0.01124718349729960341, 0.01000000000000000021 ) ) ;
#2938 = SURFACE_STYLE_FILL_AREA ( #1053 ) ;
#2939 = EDGE_LOOP ( 'NONE', ( #3656, #1182, #2778, #3696 ) ) ;
#2940 = LINE ( 'NONE', #73, #1748 ) ;
#2941 = CARTESIAN_POINT ( 'NONE',  ( -0.1145328952397820232, 0.05181969566180968240, 0.01000000000000000021 ) ) ;
#2942 =( GEOMETRIC_REPRESENTATION_CONTEXT ( 3 ) GLOBAL_UNCERTAINTY_ASSIGNED_CONTEXT ( ( #3296 ) ) GLOBAL_UNIT_ASSIGNED_CONTEXT ( ( #1059, #1775, #450 ) ) REPRESENTATION_CONTEXT ( 'NONE', 'WORKASPACE' ) );
#2943 = SURFACE_STYLE_USAGE ( .BOTH. , #1926 ) ;
#2944 =( NAMED_UNIT ( * ) PLANE_ANGLE_UNIT ( ) SI_UNIT ( $, .RADIAN. ) );
#2945 = CARTESIAN_POINT ( 'NONE',  ( -0.1001382665379240422, 0.04260428806038961402, 0.01000000000000000021 ) ) ;
#2946 = CARTESIAN_POINT ( 'NONE',  ( -0.1241465034459837136, 0.03536223781254878296, 0.0000000000000000000 ) ) ;
#2947 = PRESENTATION_STYLE_ASSIGNMENT (( #497 ) ) ;
#2948 = ADVANCED_FACE ( 'NONE', ( #3733 ), #1746, .T. ) ;
#2949 = CARTESIAN_POINT ( 'NONE',  ( -0.2013072863372604993, 0.03584291143667864277, 0.01000000000000000021 ) ) ;
#2950 = ORIENTED_EDGE ( 'NONE', *, *, #514, .F. ) ;
#2951 = COLOUR_RGB ( '',0.6666666666666666297, 0.6980392156862744724, 0.7686274509803920907 ) ;
#2952 = DIRECTION ( 'NONE',  ( -0.3393303772748785252, -0.9406672605435402179, 0.0000000000000000000 ) ) ;
#2953 =( NAMED_UNIT ( * ) PLANE_ANGLE_UNIT ( ) SI_UNIT ( $, .RADIAN. ) );
#2954 = CARTESIAN_POINT ( 'NONE',  ( 0.09652194157052484957, 0.001722764306567337381, 0.0000000000000000000 ) ) ;
#2955 = VECTOR ( 'NONE', #401, 1000.000000000000000 ) ;
#2956 = VECTOR ( 'NONE', #457, 1000.000000000000000 ) ;
#2957 = CARTESIAN_POINT ( 'NONE',  ( -0.2027539730636215010, 0.04141407528217708883, 6.776263578034402713E-18 ) ) ;
#2958 = STYLED_ITEM ( 'NONE', ( #1981 ), #1128 ) ;
#2959 = CARTESIAN_POINT ( 'NONE',  ( -0.1141249650091372969, -0.04452895972972692462, 0.0000000000000000000 ) ) ;
#2960 = DIRECTION ( 'NONE',  ( 1.000000000000000000, 0.0000000000000000000, 0.0000000000000000000 ) ) ;
#2961 = STYLED_ITEM ( 'NONE', ( #2100 ), #333 ) ;
#2962 = MECHANICAL_DESIGN_GEOMETRIC_PRESENTATION_REPRESENTATION (  '', ( #2495 ), #4020 ) ;
#2963 =( LENGTH_UNIT ( ) NAMED_UNIT ( * ) SI_UNIT ( .MILLI., .METRE. ) );
#2964 = CARTESIAN_POINT ( 'NONE',  ( 0.04555014279003703065, 0.04385309967242099344, 0.01000000000000000021 ) ) ;
#2965 = VECTOR ( 'NONE', #1837, 1000.000000000000000 ) ;
#2966 = CARTESIAN_POINT ( 'NONE',  ( 0.08074275062141933468, -0.01359402658099443696, 0.01000000000000000021 ) ) ;
#2967 = SURFACE_STYLE_FILL_AREA ( #1686 ) ;
#2968 = PRESENTATION_STYLE_ASSIGNMENT (( #376 ) ) ;
#2969 = LINE ( 'NONE', #448, #2769 ) ;
#2970 = EDGE_CURVE ( 'NONE', #3541, #2724, #1953, .T. ) ;
#2971 = LINE ( 'NONE', #3979, #2073 ) ;
#2972 = SURFACE_STYLE_FILL_AREA ( #1689 ) ;
#2973 = CARTESIAN_POINT ( 'NONE',  ( -0.07055122916118249099, -0.04639080276660340063, 0.0000000000000000000 ) ) ;
#2974 = CARTESIAN_POINT ( 'NONE',  ( -0.1825367474538654167, -0.01834202227879852196, 0.0000000000000000000 ) ) ;
#2975 = ORIENTED_EDGE ( 'NONE', *, *, #1364, .F. ) ;
#2976 = SURFACE_STYLE_USAGE ( .BOTH. , #476 ) ;
#2977 = UNCERTAINTY_MEASURE_WITH_UNIT (LENGTH_MEASURE( 1.000000000000000082E-05 ), #3832, 'distance_accuracy_value', 'NONE');
#2978 = CARTESIAN_POINT ( 'NONE',  ( 0.002619502546134599465, -0.04639080276660340063, 0.01000000000000000021 ) ) ;
#2979 = ORIENTED_EDGE ( 'NONE', *, *, #1716, .F. ) ;
#2980 = CARTESIAN_POINT ( 'NONE',  ( 0.06520657509573546395, -0.03255082628848646187, 0.01000000000000000021 ) ) ;
#2981 = CARTESIAN_POINT ( 'NONE',  ( -0.1006086899580613397, 0.05356824803813837327, 1.016439536705160407E-17 ) ) ;
#2982 = B_SPLINE_SURFACE_WITH_KNOTS ( 'NONE', 3, 1, ( 
 ( #3534, #3299 ),
 ( #1106, #3911 ),
 ( #435, #1665 ),
 ( #3236, #1708 ),
 ( #2949, #2987 ),
 ( #2645, #3893 ),
 ( #787, #1045 ) ),
 .UNSPECIFIED., .F., .F., .F.,
 ( 4, 1, 1, 1, 4 ),
 ( 2, 2 ),
 ( 0.0000000000000000000, 0.3005411131585078444, 0.5677471464835985859, 0.8000336137369795653, 1.000000000000000000 ),
 ( 0.0000000000000000000, 1.000000000000000000 ),
 .UNSPECIFIED. ) ;
#2983 = ORIENTED_EDGE ( 'NONE', *, *, #82, .F. ) ;
#2984 = CARTESIAN_POINT ( 'NONE',  ( 0.03806089372281362682, -0.04676414896714826269, 0.0000000000000000000 ) ) ;
#2985 = CARTESIAN_POINT ( 'NONE',  ( -0.04616098525874346575, 0.009706758209006360189, 0.01000000000000000021 ) ) ;
#2986 = DIRECTION ( 'NONE',  ( -0.0000000000000000000, -0.0000000000000000000, -1.000000000000000000 ) ) ;
#2987 = CARTESIAN_POINT ( 'NONE',  ( -0.2013072863372604993, 0.03584291143667864277, 6.776263578034402713E-18 ) ) ;
#2988 = ORIENTED_EDGE ( 'NONE', *, *, #3146, .T. ) ;
#2989 =( NAMED_UNIT ( * ) PLANE_ANGLE_UNIT ( ) SI_UNIT ( $, .RADIAN. ) );
#2990 = CARTESIAN_POINT ( 'NONE',  ( 0.06115288215832540702, 0.05286206630143944207, 0.01000000000000000021 ) ) ;
#2991 = CARTESIAN_POINT ( 'NONE',  ( 0.04565256153946330858, -0.04756346760696626014, 0.01000000000000000021 ) ) ;
#2992 = ADVANCED_FACE ( 'NONE', ( #3874 ), #80, .F. ) ;
#2993 = VERTEX_POINT ( 'NONE', #3891 ) ;
#2994 = CARTESIAN_POINT ( 'NONE',  ( 0.3799999999999999489, 0.3800000000000000044, 0.4000000000000000222 ) ) ;
#2995 = ADVANCED_FACE ( 'NONE', ( #2203 ), #23, .F. ) ;
#2996 = VERTEX_POINT ( 'NONE', #44 ) ;
#2997 = ORIENTED_EDGE ( 'NONE', *, *, #458, .T. ) ;
#2998 = CARTESIAN_POINT ( 'NONE',  ( 0.2000000000000000666, -0.09753049234040402082, -3.388131789017201356E-18 ) ) ;
#2999 = CARTESIAN_POINT ( 'NONE',  ( -0.2035144901860324040, 0.03728352072161266600, 0.0000000000000000000 ) ) ;
#3000 = CARTESIAN_POINT ( 'NONE',  ( -0.1193435079428298712, 0.05037584578884828079, 1.016439536705160407E-17 ) ) ;
#3001 = CARTESIAN_POINT ( 'NONE',  ( -0.1961609852587434810, 0.05360919723339661186, 0.01000000000000000021 ) ) ;
#3002 = CARTESIAN_POINT ( 'NONE',  ( -0.1316575874781930611, 0.02775373221723648545, 0.0000000000000000000 ) ) ;
#3003 = UNCERTAINTY_MEASURE_WITH_UNIT (LENGTH_MEASURE( 1.000000000000000082E-05 ), #214, 'distance_accuracy_value', 'NONE');
#3004 = DIRECTION ( 'NONE',  ( 0.0000000000000000000, 1.000000000000000000, 0.0000000000000000000 ) ) ;
#3005 = AXIS2_PLACEMENT_3D ( 'NONE', #2619, #1025, #1340 ) ;
#3006 =( LENGTH_UNIT ( ) NAMED_UNIT ( * ) SI_UNIT ( .MILLI., .METRE. ) );
#3007 = STYLED_ITEM ( 'NONE', ( #513 ), #770 ) ;
#3008 = FILL_AREA_STYLE_COLOUR ( '', #1356 ) ;
#3009 = VERTEX_POINT ( 'NONE', #1322 ) ;
#3010 = LINE ( 'NONE', #3988, #1141 ) ;
#3011 = VECTOR ( 'NONE', #3340, 1000.000000000000000 ) ;
#3012 = DIRECTION ( 'NONE',  ( 0.0000000000000000000, -1.000000000000000000, 0.0000000000000000000 ) ) ;
#3013 = STYLED_ITEM ( 'NONE', ( #2391 ), #3138 ) ;
#3014 = EDGE_CURVE ( 'NONE', #1658, #2916, #2320, .T. ) ;
#3015 = B_SPLINE_SURFACE_WITH_KNOTS ( 'NONE', 3, 1, ( 
 ( #1914, #3860 ),
 ( #1651, #336 ),
 ( #1279, #1002 ),
 ( #2268, #1580 ),
 ( #64, #696 ),
 ( #1261, #2453 ),
 ( #3772, #2230 ),
 ( #2209, #2564 ),
 ( #3502, #631 ),
 ( #1900, #3178 ),
 ( #3518, #645 ),
 ( #31, #1309 ),
 ( #3618, #1712 ),
 ( #420, #1372 ),
 ( #2990, #793 ),
 ( #2380, #2000 ),
 ( #2289, #3898 ),
 ( #393, #88 ),
 ( #775, #3880 ) ),
 .UNSPECIFIED., .F., .F., .F.,
 ( 4, 1, 1, 1, 1, 1, 1, 1, 1, 1, 1, 1, 1, 1, 1, 1, 4 ),
 ( 2, 2 ),
 ( 0.0000000000000000000, 0.07064371857535413357, 0.1382567155089046429, 0.2033641242175800723, 0.2663240938030566052, 0.3279047615429893092, 0.3887377151730921909, 0.4494235281093022505, 0.5108610114593156171, 0.5720793960475145656, 0.6317344287314451412, 0.6911172105788376818, 0.7503600294901705547, 0.8100329005312619790, 0.8713624508287362014, 0.9344271412311534464, 1.000000000000000000 ),
 ( 0.0000000000000000000, 1.000000000000000000 ),
 .UNSPECIFIED. ) ;
#3016 = UNCERTAINTY_MEASURE_WITH_UNIT (LENGTH_MEASURE( 1.000000000000000082E-05 ), #3364, 'distance_accuracy_value', 'NONE');
#3017 = CARTESIAN_POINT ( 'NONE',  ( -0.1026078974654620335, -0.03531908256786485401, 0.01000000000000000021 ) ) ;
#3018 = CIRCLE ( 'NONE', #2339, 0.1024695076595959764 ) ;
#3019 = CARTESIAN_POINT ( 'NONE',  ( -0.1109232396340979893, -0.03400424295492487231, 0.01000000000000000021 ) ) ;
#3020 = MECHANICAL_DESIGN_GEOMETRIC_PRESENTATION_REPRESENTATION (  '', ( #2490 ), #1212 ) ;
#3021 = VERTEX_POINT ( 'NONE', #466 ) ;
#3022 =( GEOMETRIC_REPRESENTATION_CONTEXT ( 3 ) GLOBAL_UNCERTAINTY_ASSIGNED_CONTEXT ( ( #2003 ) ) GLOBAL_UNIT_ASSIGNED_CONTEXT ( ( #57, #1378, #834 ) ) REPRESENTATION_CONTEXT ( 'NONE', 'WORKASPACE' ) );
#3023 = PRESENTATION_LAYER_ASSIGNMENT (  '', '', ( #3285 ) ) ;
#3024 = CARTESIAN_POINT ( 'NONE',  ( 0.04908328590091483312, -0.03660159539723946420, 0.01000000000000000021 ) ) ;
#3025 = VECTOR ( 'NONE', #1295, 1000.000000000000000 ) ;
#3026 = SURFACE_SIDE_STYLE ('',( #2967 ) ) ;
#3027 = CARTESIAN_POINT ( 'NONE',  ( 0.04964694157052485651, -0.04761031496172535293, 0.01000000000000000021 ) ) ;
#3028 = CARTESIAN_POINT ( 'NONE',  ( 0.04240538939032054144, 0.04380555326742550243, 6.776263578034402713E-18 ) ) ;
#3029 =( GEOMETRIC_REPRESENTATION_CONTEXT ( 3 ) GLOBAL_UNCERTAINTY_ASSIGNED_CONTEXT ( ( #508 ) ) GLOBAL_UNIT_ASSIGNED_CONTEXT ( ( #2963, #3576, #53 ) ) REPRESENTATION_CONTEXT ( 'NONE', 'WORKASPACE' ) );
#3030 = STYLED_ITEM ( 'NONE', ( #963 ), #3725 ) ;
#3031 = SURFACE_SIDE_STYLE ('',( #3104 ) ) ;
#3032 = DIRECTION ( 'NONE',  ( 1.000000000000000000, 0.0000000000000000000, 0.0000000000000000000 ) ) ;
#3033 = CARTESIAN_POINT ( 'NONE',  ( -0.1069829181718804645, 0.04210168691670690411, 0.0000000000000000000 ) ) ;
#3034 = CARTESIAN_POINT ( 'NONE',  ( -0.01079513160020685418, -0.001268851547091204681, 0.01000000000000000021 ) ) ;
#3035 = CARTESIAN_POINT ( 'NONE',  ( 0.03331055125009674267, 0.04228171219511380613, 0.0000000000000000000 ) ) ;
#3036 = ORIENTED_EDGE ( 'NONE', *, *, #1105, .T. ) ;
#3037 = ORIENTED_EDGE ( 'NONE', *, *, #3488, .F. ) ;
#3038 = LINE ( 'NONE', #2035, #2824 ) ;
#3039 = CARTESIAN_POINT ( 'NONE',  ( 0.03806089372281362682, -0.04676414896714826269, 6.776263578034402713E-18 ) ) ;
#3040 = VERTEX_POINT ( 'NONE', #2662 ) ;
#3041 = LINE ( 'NONE', #2058, #1677 ) ;
#3042 = LINE ( 'NONE', #1733, #468 ) ;
#3043 = SURFACE_STYLE_USAGE ( .BOTH. , #2403 ) ;
#3044 = CARTESIAN_POINT ( 'NONE',  ( -0.09966850433102268647, -0.03538262211882691605, 0.01000000000000000021 ) ) ;
#3045 = CARTESIAN_POINT ( 'NONE',  ( -0.1282038847387280134, -0.03860273309587789609, 6.776263578034402713E-18 ) ) ;
#3046 = PRODUCT_DEFINITION ( 'Î´Öª', '', #4004, #3330 ) ;
#3047 = CARTESIAN_POINT ( 'NONE',  ( -0.1193435079428298712, 0.05037584578884828079, 0.01000000000000000021 ) ) ;
#3048 = SURFACE_STYLE_USAGE ( .BOTH. , #1768 ) ;
#3049 = CARTESIAN_POINT ( 'NONE',  ( 0.1050585269363785157, -0.03541519301050583685, 0.01000000000000000021 ) ) ;
#3050 = FACE_OUTER_BOUND ( 'NONE', #2126, .T. ) ;
#3051 = ORIENTED_EDGE ( 'NONE', *, *, #1512, .F. ) ;
#3052 = CARTESIAN_POINT ( 'NONE',  ( 0.06115288215832540702, 0.05286206630143944207, 0.01000000000000000021 ) ) ;
#3053 = LINE ( 'NONE', #183, #3407 ) ;
#3054 = EDGE_CURVE ( 'NONE', #3075, #752, #3594, .T. ) ;
#3055 =( LENGTH_UNIT ( ) NAMED_UNIT ( * ) SI_UNIT ( .MILLI., .METRE. ) );
#3056 = DIRECTION ( 'NONE',  ( -1.000000000000000000, 0.0000000000000000000, 0.0000000000000000000 ) ) ;
#3057 = ORIENTED_EDGE ( 'NONE', *, *, #791, .T. ) ;
#3058 = CARTESIAN_POINT ( 'NONE',  ( -0.07055122916118249099, 0.05360919723339661186, 0.01000000000000000021 ) ) ;
#3059 = UNCERTAINTY_MEASURE_WITH_UNIT (LENGTH_MEASURE( 1.000000000000000082E-05 ), #3291, 'distance_accuracy_value', 'NONE');
#3060 = CARTESIAN_POINT ( 'NONE',  ( -0.1145328952397820232, 0.05181969566180968240, 0.0000000000000000000 ) ) ;
#3061 = CARTESIAN_POINT ( 'NONE',  ( -0.1362288464609968386, -0.008395121659810628190, 6.776263578034402713E-18 ) ) ;
#3062 = VERTEX_POINT ( 'NONE', #3611 ) ;
#3063 = PRESENTATION_STYLE_ASSIGNMENT (( #1785 ) ) ;
#3064 = DIRECTION ( 'NONE',  ( -0.3536223923290756632, 0.9353882635801357148, 0.0000000000000000000 ) ) ;
#3065 = ORIENTED_EDGE ( 'NONE', *, *, #4039, .T. ) ;
#3066 = CARTESIAN_POINT ( 'NONE',  ( 0.02301973623086169679, 0.03796667794717865918, 6.776263578034402713E-18 ) ) ;
#3067 = CARTESIAN_POINT ( 'NONE',  ( -0.1361912835235612740, -0.03245749545502673444, 0.01000000000000000021 ) ) ;
#3068 = DIRECTION ( 'NONE',  ( 0.0000000000000000000, -1.000000000000000000, 0.0000000000000000000 ) ) ;
#3069 = EDGE_CURVE ( 'NONE', #1500, #35, #4064, .T. ) ;
#3070 = DIRECTION ( 'NONE',  ( 1.000000000000000000, 0.0000000000000000000, 0.0000000000000000000 ) ) ;
#3071 =( LENGTH_UNIT ( ) NAMED_UNIT ( * ) SI_UNIT ( .MILLI., .METRE. ) );
#3072 = FACE_OUTER_BOUND ( 'NONE', #1237, .T. ) ;
#3073 = ORIENTED_EDGE ( 'NONE', *, *, #4085, .F. ) ;
#3074 = CARTESIAN_POINT ( 'NONE',  ( 0.09652194157052484957, 0.001722764306567337381, 0.0000000000000000000 ) ) ;
#3075 = VERTEX_POINT ( 'NONE', #2013 ) ;
#3076 = EDGE_CURVE ( 'NONE', #3444, #1276, #3294, .T. ) ;
#3077 = SURFACE_STYLE_FILL_AREA ( #2711 ) ;
#3078 = ORIENTED_EDGE ( 'NONE', *, *, #1855, .T. ) ;
#3079 = MECHANICAL_DESIGN_GEOMETRIC_PRESENTATION_REPRESENTATION (  '', ( #2131 ), #2942 ) ;
#3080 = CARTESIAN_POINT ( 'NONE',  ( -0.1109232396340979893, -0.03400424295492487231, 0.01000000000000000021 ) ) ;
#3081 = CIRCLE ( 'NONE', #535, 0.04999999999999999584 ) ;
#3082 = AXIS2_PLACEMENT_3D ( 'NONE', #3966, #1756, #774 ) ;
#3083 = STYLED_ITEM ( 'NONE', ( #354 ), #1179 ) ;
#3084 = CARTESIAN_POINT ( 'NONE',  ( 0.06115288215832540702, 0.05286206630143944207, 0.0000000000000000000 ) ) ;
#3085 = PRESENTATION_STYLE_ASSIGNMENT (( #3993 ) ) ;
#3086 = VECTOR ( 'NONE', #682, 1000.000000000000000 ) ;
#3087 = MECHANICAL_DESIGN_GEOMETRIC_PRESENTATION_REPRESENTATION (  '', ( #2628 ), #1414 ) ;
#3088 = COLOUR_RGB ( '',0.2980392156862745057, 0.2980392156862745057, 0.2980392156862745057 ) ;
#3089 = DIRECTION ( 'NONE',  ( 1.000000000000000000, 0.0000000000000000000, 0.0000000000000000000 ) ) ;
#3090 = CIRCLE ( 'NONE', #2695, 0.1024695076595959764 ) ;
#3091 = VECTOR ( 'NONE', #493, 1000.000000000000000 ) ;
#3092 = CARTESIAN_POINT ( 'NONE',  ( -0.2042974181855727323, 0.03440188016022587003, 0.01000000000000000021 ) ) ;
#3093 = CARTESIAN_POINT ( 'NONE',  ( 0.09163539137431921111, -0.02271441478859993410, 0.0000000000000000000 ) ) ;
#3094 = EDGE_CURVE ( 'NONE', #3040, #2566, #2353, .T. ) ;
#3095 =( NAMED_UNIT ( * ) SI_UNIT ( $, .STERADIAN. ) SOLID_ANGLE_UNIT ( ) );
#3096 = STYLED_ITEM ( 'NONE', ( #293 ), #1730 ) ;
#3097 = DIRECTION ( 'NONE',  ( -0.0000000000000000000, 0.0000000000000000000, 1.000000000000000000 ) ) ;
#3098 = DIRECTION ( 'NONE',  ( 0.0000000000000000000, 1.000000000000000000, 0.0000000000000000000 ) ) ;
#3099 = PLANE ( 'NONE',  #1355 ) ;
#3100 = EDGE_CURVE ( 'NONE', #1666, #3788, #2926, .T. ) ;
#3101 = FILL_AREA_STYLE ('',( #2507 ) ) ;
#3102 = LINE ( 'NONE', #1535, #1069 ) ;
#3103 = CARTESIAN_POINT ( 'NONE',  ( 0.08050479552163869457, -0.03728331684247850053, 0.01000000000000000021 ) ) ;
#3104 = SURFACE_STYLE_FILL_AREA ( #3377 ) ;
#3105 = DIRECTION ( 'NONE',  ( 0.0000000000000000000, 1.000000000000000000, 0.0000000000000000000 ) ) ;
#3106 = DIRECTION ( 'NONE',  ( -0.0000000000000000000, -0.0000000000000000000, -1.000000000000000000 ) ) ;
#3107 = VERTEX_POINT ( 'NONE', #1101 ) ;
#3108 = SURFACE_STYLE_FILL_AREA ( #1171 ) ;
#3109 = FILL_AREA_STYLE ('',( #874 ) ) ;
#3110 = EDGE_LOOP ( 'NONE', ( #1709, #2529, #4070, #3600 ) ) ;
#3111 = EDGE_LOOP ( 'NONE', ( #3718, #2522, #3688, #1537, #2398, #1530 ) ) ;
#3112 =( NAMED_UNIT ( * ) SI_UNIT ( $, .STERADIAN. ) SOLID_ANGLE_UNIT ( ) );
#3113 = EDGE_CURVE ( 'NONE', #3402, #2927, #1688, .T. ) ;
#3114 = DIRECTION ( 'NONE',  ( -1.000000000000000000, 0.0000000000000000000, -0.0000000000000000000 ) ) ;
#3115 = CARTESIAN_POINT ( 'NONE',  ( -0.09774254013679223307, -0.04639080276660340063, 0.01000000000000000021 ) ) ;
#3116 = ORIENTED_EDGE ( 'NONE', *, *, #2433, .F. ) ;
#3117 = CARTESIAN_POINT ( 'NONE',  ( -0.1323527105336427256, 0.04352414530191735936, 0.01000000000000000021 ) ) ;
#3118 = EDGE_CURVE ( 'NONE', #330, #1287, #2971, .T. ) ;
#3119 = DIRECTION ( 'NONE',  ( 0.0000000000000000000, -0.0000000000000000000, 1.000000000000000000 ) ) ;
#3120 = CARTESIAN_POINT ( 'NONE',  ( 0.02982977541933595766, 0.05332675506731385240, 0.01000000000000000021 ) ) ;
#3121 = CARTESIAN_POINT ( 'NONE',  ( 0.07301946380634888323, -0.04241416441996293668, 6.776263578034402713E-18 ) ) ;
#3122 = ORIENTED_EDGE ( 'NONE', *, *, #993, .F. ) ;
#3123 = CARTESIAN_POINT ( 'NONE',  ( 0.02213169766808581462, 0.05086529479437221918, 0.01000000000000000021 ) ) ;
#3124 = CARTESIAN_POINT ( 'NONE',  ( -0.1141249650091372969, -0.04452895972972692462, 0.01000000000000000021 ) ) ;
#3125 = UNCERTAINTY_MEASURE_WITH_UNIT (LENGTH_MEASURE( 1.000000000000000082E-05 ), #577, 'distance_accuracy_value', 'NONE');
#3126 = PLANE ( 'NONE',  #2885 ) ;
#3127 = DIRECTION ( 'NONE',  ( -1.000000000000000000, -0.0000000000000000000, -0.0000000000000000000 ) ) ;
#3128 = ORIENTED_EDGE ( 'NONE', *, *, #3920, .T. ) ;
#3129 = CARTESIAN_POINT ( 'NONE',  ( -0.1241465034459837136, 0.03536223781254878296, 0.01000000000000000021 ) ) ;
#3130 = CARTESIAN_POINT ( 'NONE',  ( 0.2000000000000000666, -0.2000000000000000111, -0.03999999999999998002 ) ) ;
#3131 = ORIENTED_EDGE ( 'NONE', *, *, #2654, .F. ) ;
#3132 = EDGE_LOOP ( 'NONE', ( #1406, #3153, #2431, #2499 ) ) ;
#3133 = CARTESIAN_POINT ( 'NONE',  ( -0.05103903403923126803, -0.03541519301050583685, 0.0000000000000000000 ) ) ;
#3134 = VECTOR ( 'NONE', #2853, 1000.000000000000000 ) ;
#3135 = CARTESIAN_POINT ( 'NONE',  ( -0.1453202494906777886, -0.02062382951612205459, 0.0000000000000000000 ) ) ;
#3136 = PRESENTATION_STYLE_ASSIGNMENT (( #591 ) ) ;
#3137 = ORIENTED_EDGE ( 'NONE', *, *, #875, .T. ) ;
#3138 = ADVANCED_FACE ( 'NONE', ( #2681 ), #2371, .T. ) ;
#3139 = PRESENTATION_STYLE_ASSIGNMENT (( #2668 ) ) ;
#3140 = PRESENTATION_STYLE_ASSIGNMENT (( #3048 ) ) ;
#3141 = CARTESIAN_POINT ( 'NONE',  ( 0.04779861839979314408, -0.03663470520562779609, 0.01000000000000000021 ) ) ;
#3142 =( NAMED_UNIT ( * ) SI_UNIT ( $, .STERADIAN. ) SOLID_ANGLE_UNIT ( ) );
#3143 = VECTOR ( 'NONE', #3375, 1000.000000000000000 ) ;
#3144 = STYLED_ITEM ( 'NONE', ( #3879 ), #2802 ) ;
#3145 =( NAMED_UNIT ( * ) SI_UNIT ( $, .STERADIAN. ) SOLID_ANGLE_UNIT ( ) );
#3146 = EDGE_CURVE ( 'NONE', #503, #1231, #287, .T. ) ;
#3147 = COLOUR_RGB ( '',1.000000000000000000, 1.000000000000000000, 1.000000000000000000 ) ;
#3148 = STYLED_ITEM ( 'NONE', ( #1303 ), #2995 ) ;
#3149 = FACE_OUTER_BOUND ( 'NONE', #3843, .T. ) ;
#3150 = AXIS2_PLACEMENT_3D ( 'NONE', #944, #648, #2210 ) ;
#3151 = AXIS2_PLACEMENT_3D ( 'NONE', #176, #1135, #252 ) ;
#3152 = COLOUR_RGB ( '',1.000000000000000000, 1.000000000000000000, 1.000000000000000000 ) ;
#3153 = ORIENTED_EDGE ( 'NONE', *, *, #904, .F. ) ;
#3154 = CARTESIAN_POINT ( 'NONE',  ( -0.1179177860480949969, 0.03896457886277382432, 6.776263578034402713E-18 ) ) ;
#3155 = CARTESIAN_POINT ( 'NONE',  ( -0.07055122916118249099, 0.05360919723339661186, 0.01000000000000000021 ) ) ;
#3156 =( NAMED_UNIT ( * ) PLANE_ANGLE_UNIT ( ) SI_UNIT ( $, .RADIAN. ) );
#3157 = SURFACE_SIDE_STYLE ('',( #1548 ) ) ;
#3158 =( GEOMETRIC_REPRESENTATION_CONTEXT ( 3 ) GLOBAL_UNCERTAINTY_ASSIGNED_CONTEXT ( ( #2041 ) ) GLOBAL_UNIT_ASSIGNED_CONTEXT ( ( #314, #3513, #2832 ) ) REPRESENTATION_CONTEXT ( 'NONE', 'WORKASPACE' ) );
#3159 = FILL_AREA_STYLE ('',( #3454 ) ) ;
#3160 = ORIENTED_EDGE ( 'NONE', *, *, #3836, .T. ) ;
#3161 = FACE_BOUND ( 'NONE', #1035, .T. ) ;
#3162 = AXIS2_PLACEMENT_3D ( 'NONE', #2474, #1266, #2217 ) ;
#3163 = SURFACE_STYLE_FILL_AREA ( #323 ) ;
#3164 = ORIENTED_EDGE ( 'NONE', *, *, #1190, .T. ) ;
#3165 = CARTESIAN_POINT ( 'NONE',  ( -0.2038877709829573504, 0.03571161476422711478, 6.776263578034402713E-18 ) ) ;
#3166 = DIRECTION ( 'NONE',  ( 0.0000000000000000000, 1.000000000000000000, 0.0000000000000000000 ) ) ;
#3167 = CARTESIAN_POINT ( 'NONE',  ( 0.07691269665448111081, -0.04008077138051117927, 6.776263578034402713E-18 ) ) ;
#3168 = ORIENTED_EDGE ( 'NONE', *, *, #1172, .F. ) ;
#3169 = CARTESIAN_POINT ( 'NONE',  ( 0.06396601631937579024, 0.03955277707705615736, 6.776263578034402713E-18 ) ) ;
#3170 = ADVANCED_FACE ( 'NONE', ( #2138 ), #4082, .T. ) ;
#3171 = DIRECTION ( 'NONE',  ( 0.0000000000000000000, -1.000000000000000000, 0.0000000000000000000 ) ) ;
#3172 =( LENGTH_UNIT ( ) NAMED_UNIT ( * ) SI_UNIT ( .MILLI., .METRE. ) );
#3173 = CARTESIAN_POINT ( 'NONE',  ( -0.1961609852587434810, 0.05360919723339661186, 0.01000000000000000021 ) ) ;
#3174 = EDGE_CURVE ( 'NONE', #1505, #898, #2103, .T. ) ;
#3175 = SURFACE_SIDE_STYLE ('',( #4110 ) ) ;
#3176 = FACE_BOUND ( 'NONE', #3694, .T. ) ;
#3177 = DIRECTION ( 'NONE',  ( 0.0000000000000000000, -1.000000000000000000, 0.0000000000000000000 ) ) ;
#3178 = CARTESIAN_POINT ( 'NONE',  ( 0.08221553908242118514, 0.04028414655411121509, 1.016439536705160407E-17 ) ) ;
#3179 = CARTESIAN_POINT ( 'NONE',  ( 0.02496032410282865779, -0.04276916256385409482, 0.01000000000000000021 ) ) ;
#3180 = CARTESIAN_POINT ( 'NONE',  ( -0.01079513160020685418, 0.009706758209006360189, 0.01000000000000000021 ) ) ;
#3181 = CARTESIAN_POINT ( 'NONE',  ( -0.1396713493362630176, 0.03700209302474542078, 0.0000000000000000000 ) ) ;
#3182 = CARTESIAN_POINT ( 'NONE',  ( 0.002619502546134599465, -0.04639080276660340063, 0.0000000000000000000 ) ) ;
#3183 = CARTESIAN_POINT ( 'NONE',  ( 0.08942953651661190995, -0.02680088855133423709, 0.01000000000000000021 ) ) ;
#3184 = CARTESIAN_POINT ( 'NONE',  ( 0.08057432230052552491, 0.01955184490619909718, 6.776263578034402713E-18 ) ) ;
#3185 = FACE_OUTER_BOUND ( 'NONE', #2506, .T. ) ;
#3186 = DIRECTION ( 'NONE',  ( -0.0000000000000000000, 0.0000000000000000000, -1.000000000000000000 ) ) ;
#3187 = EDGE_CURVE ( 'NONE', #1464, #1064, #2213, .T. ) ;
#3188 = CARTESIAN_POINT ( 'NONE',  ( -0.1069829181718804645, 0.04210168691670690411, 0.01000000000000000021 ) ) ;
#3189 = PLANE ( 'NONE',  #364 ) ;
#3190 = CARTESIAN_POINT ( 'NONE',  ( 0.04779861839979314408, -0.03663470520562779609, 0.01000000000000000021 ) ) ;
#3191 = ORIENTED_EDGE ( 'NONE', *, *, #2654, .T. ) ;
#3192 = SURFACE_STYLE_FILL_AREA ( #643 ) ;
#3193 = EDGE_CURVE ( 'NONE', #2447, #202, #1019, .T. ) ;
#3194 = CARTESIAN_POINT ( 'NONE',  ( 0.08074275062141933468, -0.01359402658099443696, 6.776263578034402713E-18 ) ) ;
#3195 = CARTESIAN_POINT ( 'NONE',  ( 0.2000000000000000666, -0.2000000000000000111, 0.0000000000000000000 ) ) ;
#3196 = LINE ( 'NONE', #925, #1209 ) ;
#3197 = CARTESIAN_POINT ( 'NONE',  ( -0.04860000964898735648, 0.04263358747729904807, 0.01000000000000000021 ) ) ;
#3198 = CARTESIAN_POINT ( 'NONE',  ( -0.1490416887350867470, 0.02027949517072067873, 0.0000000000000000000 ) ) ;
#3199 = CARTESIAN_POINT ( 'NONE',  ( -0.1376243998928897705, 0.004580996013884406151, 0.01000000000000000021 ) ) ;
#3200 = CARTESIAN_POINT ( 'NONE',  ( 0.09652194157052484957, 0.001722764306567337381, 0.01000000000000000021 ) ) ;
#3201 = ORIENTED_EDGE ( 'NONE', *, *, #3243, .F. ) ;
#3202 = MECHANICAL_DESIGN_GEOMETRIC_PRESENTATION_REPRESENTATION (  '', ( #546 ), #2615 ) ;
#3203 = ORIENTED_EDGE ( 'NONE', *, *, #743, .F. ) ;
#3204 = CARTESIAN_POINT ( 'NONE',  ( 0.02711793072321853557, 0.05262899721477409809, 0.01000000000000000021 ) ) ;
#3205 =( GEOMETRIC_REPRESENTATION_CONTEXT ( 3 ) GLOBAL_UNCERTAINTY_ASSIGNED_CONTEXT ( ( #2682 ) ) GLOBAL_UNIT_ASSIGNED_CONTEXT ( ( #554, #2475, #3142 ) ) REPRESENTATION_CONTEXT ( 'NONE', 'WORKASPACE' ) );
#3206 = AXIS2_PLACEMENT_3D ( 'NONE', #1997, #418, #2952 ) ;
#3207 = AXIS2_PLACEMENT_3D ( 'NONE', #367, #439, #2308 ) ;
#3208 = CARTESIAN_POINT ( 'NONE',  ( -0.05103903403923126803, -0.04639080276660340063, 0.01000000000000000021 ) ) ;
#3209 = B_SPLINE_CURVE_WITH_KNOTS ( 'NONE', 3,
 ( #3190, #711, #1044, #1909, #2600, #3532, #1690, #1324, #4129, #1274, #997 ),
 .UNSPECIFIED., .F., .F.,
 ( 4, 1, 1, 1, 1, 1, 1, 1, 4 ),
 ( 0.0000000000000000000, 0.1352946047634290549, 0.2667656579247486004, 0.3948160188358721401, 0.5200516544342453917, 0.6421757029708214937, 0.7626518205584230659, 0.8818340043805021899, 1.000000000000000000 ),
 .UNSPECIFIED. ) ;
#3210 = CARTESIAN_POINT ( 'NONE',  ( 0.08057432230052552491, 0.01955184490619909718, 0.01000000000000000021 ) ) ;
#3211 = DIRECTION ( 'NONE',  ( -1.000000000000000000, -1.426581805901979389E-16, 0.0000000000000000000 ) ) ;
#3212 = FILL_AREA_STYLE_COLOUR ( '', #2699 ) ;
#3213 = CIRCLE ( 'NONE', #2141, 0.04999999999999999584 ) ;
#3214 = STYLED_ITEM ( 'NONE', ( #1470 ), #2874 ) ;
#3215 = STYLED_ITEM ( 'NONE', ( #1610 ), #1342 ) ;
#3216 = ORIENTED_EDGE ( 'NONE', *, *, #1003, .F. ) ;
#3217 = CARTESIAN_POINT ( 'NONE',  ( 0.06814262310947717671, -0.03073759360540894228, 6.776263578034402713E-18 ) ) ;
#3218 =( GEOMETRIC_REPRESENTATION_CONTEXT ( 3 ) GLOBAL_UNCERTAINTY_ASSIGNED_CONTEXT ( ( #3645 ) ) GLOBAL_UNIT_ASSIGNED_CONTEXT ( ( #2029, #3580, #3547 ) ) REPRESENTATION_CONTEXT ( 'NONE', 'WORKASPACE' ) );
#3219 = ORIENTED_EDGE ( 'NONE', *, *, #109, .T. ) ;
#3220 = ADVANCED_FACE ( 'NONE', ( #3761 ), #974, .T. ) ;
#3221 = CARTESIAN_POINT ( 'NONE',  ( 0.02213169766808581462, 0.03745066064803075079, 0.0000000000000000000 ) ) ;
#3222 = DIRECTION ( 'NONE',  ( 1.000000000000000000, 0.0000000000000000000, -0.0000000000000000000 ) ) ;
#3223 = VECTOR ( 'NONE', #3784, 1000.000000000000000 ) ;
#3224 = VECTOR ( 'NONE', #1859, 1000.000000000000000 ) ;
#3225 = STYLED_ITEM ( 'NONE', ( #2625 ), #1825 ) ;
#3226 = UNCERTAINTY_MEASURE_WITH_UNIT (LENGTH_MEASURE( 1.000000000000000082E-05 ), #641, 'distance_accuracy_value', 'NONE');
#3227 =( GEOMETRIC_REPRESENTATION_CONTEXT ( 3 ) GLOBAL_UNCERTAINTY_ASSIGNED_CONTEXT ( ( #1390 ) ) GLOBAL_UNIT_ASSIGNED_CONTEXT ( ( #3172, #2599, #1255 ) ) REPRESENTATION_CONTEXT ( 'NONE', 'WORKASPACE' ) );
#3228 = SURFACE_STYLE_FILL_AREA ( #1564 ) ;
#3229 = ADVANCED_FACE ( 'NONE', ( #3149 ), #2077, .T. ) ;
#3230 = ORIENTED_EDGE ( 'NONE', *, *, #3903, .F. ) ;
#3231 = DIRECTION ( 'NONE',  ( 0.0000000000000000000, -0.0000000000000000000, 1.000000000000000000 ) ) ;
#3232 = FILL_AREA_STYLE_COLOUR ( '', #150 ) ;
#3233 =( LENGTH_UNIT ( ) NAMED_UNIT ( * ) SI_UNIT ( .MILLI., .METRE. ) );
#3234 = CARTESIAN_POINT ( 'NONE',  ( -0.1179177860480949969, 0.03896457886277382432, 0.0000000000000000000 ) ) ;
#3235 = FILL_AREA_STYLE_COLOUR ( '', #1801 ) ;
#3236 = CARTESIAN_POINT ( 'NONE',  ( -0.2017213003961746132, 0.03747189255901573618, 0.01000000000000000021 ) ) ;
#3237 = ORIENTED_EDGE ( 'NONE', *, *, #484, .T. ) ;
#3238 = CARTESIAN_POINT ( 'NONE',  ( 0.07935894010252558806, -0.01707012718864760539, 6.776263578034402713E-18 ) ) ;
#3239 = CARTESIAN_POINT ( 'NONE',  ( -0.1999999999999999556, -0.2000000000000000111, -0.03999999999999998002 ) ) ;
#3240 = ORIENTED_EDGE ( 'NONE', *, *, #89, .T. ) ;
#3241 = DIRECTION ( 'NONE',  ( -0.0000000000000000000, -0.0000000000000000000, -1.000000000000000000 ) ) ;
#3242 = EDGE_LOOP ( 'NONE', ( #3379, #1396, #2675, #1836, #54, #2873, #1127, #331, #2092, #585 ) ) ;
#3243 = EDGE_CURVE ( 'NONE', #3493, #113, #3521, .T. ) ;
#3244 = CARTESIAN_POINT ( 'NONE',  ( 0.04964694157052485651, -0.04761031496172535293, 0.01000000000000000021 ) ) ;
#3245 = CARTESIAN_POINT ( 'NONE',  ( -0.3800000000000000600, 0.3800000000000000044, 0.0000000000000000000 ) ) ;
#3246 = EDGE_CURVE ( 'NONE', #2089, #381, #465, .T. ) ;
#3247 = CARTESIAN_POINT ( 'NONE',  ( -0.1361815217804166478, 0.04043590847352969420, 1.016439536705160407E-17 ) ) ;
#3248 = DIRECTION ( 'NONE',  ( -2.139872708852969330E-16, 1.000000000000000000, 0.0000000000000000000 ) ) ;
#3249 = CARTESIAN_POINT ( 'NONE',  ( 0.07727585448604339102, 0.02662672593830074305, 0.01000000000000000021 ) ) ;
#3250 = CARTESIAN_POINT ( 'NONE',  ( -0.1144847428597413480, 0.04031567146634821436, 0.01000000000000000021 ) ) ;
#3251 =( NAMED_UNIT ( * ) SI_UNIT ( $, .STERADIAN. ) SOLID_ANGLE_UNIT ( ) );
#3252 = LINE ( 'NONE', #1994, #3538 ) ;
#3253 = ORIENTED_EDGE ( 'NONE', *, *, #1636, .F. ) ;
#3254 = CARTESIAN_POINT ( 'NONE',  ( 0.08255910921551781745, -0.005943251278568271838, 6.776263578034402713E-18 ) ) ;
#3255 = PRESENTATION_STYLE_ASSIGNMENT (( #714 ) ) ;
#3256 = CARTESIAN_POINT ( 'NONE',  ( -0.08396586330752396632, -0.03541519301050583685, 0.01000000000000000021 ) ) ;
#3257 = CARTESIAN_POINT ( 'NONE',  ( -0.1859094608684995487, -0.007366412522700959038, 0.0000000000000000000 ) ) ;
#3258 = ORIENTED_EDGE ( 'NONE', *, *, #1741, .F. ) ;
#3259 = UNCERTAINTY_MEASURE_WITH_UNIT (LENGTH_MEASURE( 1.000000000000000082E-05 ), #3840, 'distance_accuracy_value', 'NONE');
#3260 = CARTESIAN_POINT ( 'NONE',  ( -0.1370323032362128490, 0.01340847318509024409, 0.01000000000000000021 ) ) ;
#3261 = CARTESIAN_POINT ( 'NONE',  ( -0.1370490741968026505, -0.004302285337666840112, 0.0000000000000000000 ) ) ;
#3262 = CARTESIAN_POINT ( 'NONE',  ( -0.1729902535514264150, -0.04639080276660340063, 0.01000000000000000021 ) ) ;
#3263 = EDGE_CURVE ( 'NONE', #3948, #2887, #72, .T. ) ;
#3264 = ORIENTED_EDGE ( 'NONE', *, *, #89, .F. ) ;
#3265 = B_SPLINE_CURVE_WITH_KNOTS ( 'NONE', 3,
 ( #919, #902, #2150, #1257, #4031, #1509, #587, #1854, #566, #1552, #1236 ),
 .UNSPECIFIED., .F., .F.,
 ( 4, 1, 1, 1, 1, 1, 1, 1, 4 ),
 ( 0.0000000000000000000, 0.1352946047634290549, 0.2667656579247486004, 0.3948160188358721401, 0.5200516544342453917, 0.6421757029708214937, 0.7626518205584230659, 0.8818340043805021899, 1.000000000000000000 ),
 .UNSPECIFIED. ) ;
#3266 = CARTESIAN_POINT ( 'NONE',  ( 0.05878913112286810599, -0.03521689889593758449, 0.01000000000000000021 ) ) ;
#3267 = CARTESIAN_POINT ( 'NONE',  ( -0.1474141898901533687, 0.02488958141281917558, 1.016439536705160407E-17 ) ) ;
#3268 = STYLED_ITEM ( 'NONE', ( #3136 ), #4093 ) ;
#3269 = CARTESIAN_POINT ( 'NONE',  ( 0.07270271247491329192, 0.03271570738297986669, 0.01000000000000000021 ) ) ;
#3270 = CARTESIAN_POINT ( 'NONE',  ( -0.01079513160020685418, 0.04263358747729904807, 0.01000000000000000021 ) ) ;
#3271 = DIRECTION ( 'NONE',  ( 0.0000000000000000000, -1.000000000000000000, 0.0000000000000000000 ) ) ;
#3272 = FACE_OUTER_BOUND ( 'NONE', #2870, .T. ) ;
#3273 =( GEOMETRIC_REPRESENTATION_CONTEXT ( 3 ) GLOBAL_UNCERTAINTY_ASSIGNED_CONTEXT ( ( #1764 ) ) GLOBAL_UNIT_ASSIGNED_CONTEXT ( ( #2434, #527, #2117 ) ) REPRESENTATION_CONTEXT ( 'NONE', 'WORKASPACE' ) );
#3274 = EDGE_LOOP ( 'NONE', ( #2469, #3455 ) ) ;
#3275 = STYLED_ITEM ( 'NONE', ( #2754 ), #2669 ) ;
#3276 = CARTESIAN_POINT ( 'NONE',  ( 0.07087419890346133289, -0.02856524757315710011, 6.776263578034402713E-18 ) ) ;
#3277 = FILL_AREA_STYLE_COLOUR ( '', #361 ) ;
#3278 = AXIS2_PLACEMENT_3D ( 'NONE', #1265, #3166, #3825 ) ;
#3279 = SURFACE_SIDE_STYLE ('',( #3598 ) ) ;
#3280 = COLOUR_RGB ( '',1.000000000000000000, 1.000000000000000000, 1.000000000000000000 ) ;
#3281 = SURFACE_SIDE_STYLE ('',( #1349 ) ) ;
#3282 =( LENGTH_UNIT ( ) NAMED_UNIT ( * ) SI_UNIT ( .MILLI., .METRE. ) );
#3283 = ORIENTED_EDGE ( 'NONE', *, *, #700, .F. ) ;
#3284 = VECTOR ( 'NONE', #2803, 1000.000000000000000 ) ;
#3285 = STYLED_ITEM ( 'NONE', ( #4007 ), #3560 ) ;
#3286 = PRESENTATION_LAYER_ASSIGNMENT (  '', '', ( #957 ) ) ;
#3287 = CARTESIAN_POINT ( 'NONE',  ( -0.1362288464609968386, -0.008395121659810628190, 0.0000000000000000000 ) ) ;
#3288 = ORIENTED_EDGE ( 'NONE', *, *, #1858, .T. ) ;
#3289 = VECTOR ( 'NONE', #1304, 1000.000000000000000 ) ;
#3290 = CARTESIAN_POINT ( 'NONE',  ( 0.08302526787784811346, -0.001775483486286031634, 0.01000000000000000021 ) ) ;
#3291 =( LENGTH_UNIT ( ) NAMED_UNIT ( * ) SI_UNIT ( .MILLI., .METRE. ) );
#3292 = CARTESIAN_POINT ( 'NONE',  ( 0.08300523689615828260, 0.007094606710764304880, 0.01000000000000000021 ) ) ;
#3293 = CARTESIAN_POINT ( 'NONE',  ( 0.1428634049851590093, -0.03541519301050583685, 0.0000000000000000000 ) ) ;
#3294 = LINE ( 'NONE', #494, #1418 ) ;
#3295 = PRESENTATION_STYLE_ASSIGNMENT (( #2372 ) ) ;
#3296 = UNCERTAINTY_MEASURE_WITH_UNIT (LENGTH_MEASURE( 1.000000000000000082E-05 ), #1059, 'distance_accuracy_value', 'NONE');
#3297 = EDGE_CURVE ( 'NONE', #3541, #503, #405, .T. ) ;
#3298 = CARTESIAN_POINT ( 'NONE',  ( 0.3799999999999999489, 0.3800000000000000044, 0.0000000000000000000 ) ) ;
#3299 = CARTESIAN_POINT ( 'NONE',  ( -0.2024300401367922497, 0.04141407528217708883, 6.776263578034402713E-18 ) ) ;
#3300 = ORIENTED_EDGE ( 'NONE', *, *, #2673, .T. ) ;
#3301 = CARTESIAN_POINT ( 'NONE',  ( 0.02292771001915120885, 0.05118841375745957628, -0.0000000000000000000 ) ) ;
#3302 = FILL_AREA_STYLE_COLOUR ( '', #3884 ) ;
#3303 = EDGE_CURVE ( 'NONE', #1599, #3444, #2940, .T. ) ;
#3304 = CARTESIAN_POINT ( 'NONE',  ( 0.02307003674558474188, -0.04172580090432441435, 6.776263578034402713E-18 ) ) ;
#3305 = PRESENTATION_STYLE_ASSIGNMENT (( #3588 ) ) ;
#3306 =( NAMED_UNIT ( * ) SI_UNIT ( $, .STERADIAN. ) SOLID_ANGLE_UNIT ( ) );
#3307 = UNCERTAINTY_MEASURE_WITH_UNIT (LENGTH_MEASURE( 1.000000000000000082E-05 ), #3071, 'distance_accuracy_value', 'NONE');
#3308 = PRESENTATION_STYLE_ASSIGNMENT (( #1095 ) ) ;
#3309 = ORIENTED_EDGE ( 'NONE', *, *, #700, .T. ) ;
#3310 = SURFACE_STYLE_USAGE ( .BOTH. , #765 ) ;
#3311 = CARTESIAN_POINT ( 'NONE',  ( 0.08057432230052552491, 0.01955184490619909718, 0.0000000000000000000 ) ) ;
#3312 = CARTESIAN_POINT ( 'NONE',  ( -0.1145328952397820232, 0.05181969566180968240, 1.016439536705160407E-17 ) ) ;
#3313 = CARTESIAN_POINT ( 'NONE',  ( 0.03627342074951515200, 0.04299982883723840743, 0.01000000000000000021 ) ) ;
#3314 = FILL_AREA_STYLE ('',( #768 ) ) ;
#3315 = FILL_AREA_STYLE_COLOUR ( '', #3432 ) ;
#3316 = DIRECTION ( 'NONE',  ( 1.000000000000000000, 0.0000000000000000000, 0.0000000000000000000 ) ) ;
#3317 = DIRECTION ( 'NONE',  ( -0.0000000000000000000, -0.0000000000000000000, 1.000000000000000000 ) ) ;
#3318 = EDGE_CURVE ( 'NONE', #588, #3822, #3649, .T. ) ;
#3319 = SPHERICAL_SURFACE ( 'NONE', #470, 0.1100000000000000006 ) ;
#3320 =( LENGTH_UNIT ( ) NAMED_UNIT ( * ) SI_UNIT ( .MILLI., .METRE. ) );
#3321 = CARTESIAN_POINT ( 'NONE',  ( 0.04240538939032054144, 0.04380555326742550243, 0.01000000000000000021 ) ) ;
#3322 = CARTESIAN_POINT ( 'NONE',  ( 0.07768734549395124589, -0.02032146127401455310, 0.0000000000000000000 ) ) ;
#3323 =( NAMED_UNIT ( * ) PLANE_ANGLE_UNIT ( ) SI_UNIT ( $, .RADIAN. ) );
#3324 = EDGE_CURVE ( 'NONE', #1911, #3493, #3928, .T. ) ;
#3325 = CARTESIAN_POINT ( 'NONE',  ( -0.1294672607727765379, 0.03060620389375357658, 0.01000000000000000021 ) ) ;
#3326 = CARTESIAN_POINT ( 'NONE',  ( 0.05620767078022711333, 0.05399945645020599871, 0.0000000000000000000 ) ) ;
#3327 = CARTESIAN_POINT ( 'NONE',  ( 0.08300523689615828260, 0.007094606710764304880, 0.0000000000000000000 ) ) ;
#3328 = CARTESIAN_POINT ( 'NONE',  ( -0.2008294303806947012, 0.03440188016022587003, 0.01000000000000000021 ) ) ;
#3329 = CARTESIAN_POINT ( 'NONE',  ( 0.09652194157052484957, 0.001722764306567337381, 0.01000000000000000021 ) ) ;
#3330 = PRODUCT_DEFINITION_CONTEXT ( 'detailed design', #2525, 'design' ) ;
#3331 = AXIS2_PLACEMENT_3D ( 'NONE', #3382, #2708, #519 ) ;
#3332 = ORIENTED_EDGE ( 'NONE', *, *, #4059, .F. ) ;
#3333 = VECTOR ( 'NONE', #3068, 1000.000000000000000 ) ;
#3334 = FACE_OUTER_BOUND ( 'NONE', #2781, .T. ) ;
#3335 = CARTESIAN_POINT ( 'NONE',  ( 0.03331055125009674267, 0.04228171219511380613, 0.01000000000000000021 ) ) ;
#3336 = COLOUR_RGB ( '',1.000000000000000000, 1.000000000000000000, 1.000000000000000000 ) ;
#3337 = COLOUR_RGB ( '',1.000000000000000000, 1.000000000000000000, 1.000000000000000000 ) ;
#3338 = LINE ( 'NONE', #2734, #1613 ) ;
#3339 = STYLED_ITEM ( 'NONE', ( #702 ), #2342 ) ;
#3340 = DIRECTION ( 'NONE',  ( -0.0000000000000000000, -0.0000000000000000000, -1.000000000000000000 ) ) ;
#3341 = ORIENTED_EDGE ( 'NONE', *, *, #407, .T. ) ;
#3342 = AXIS2_PLACEMENT_3D ( 'NONE', #2728, #3984, #1122 ) ;
#3343 = UNCERTAINTY_MEASURE_WITH_UNIT (LENGTH_MEASURE( 1.000000000000000082E-05 ), #244, 'distance_accuracy_value', 'NONE');
#3344 = CARTESIAN_POINT ( 'NONE',  ( -0.09877150355142640115, 0.05360919723339661186, 0.0000000000000000000 ) ) ;
#3345 = CARTESIAN_POINT ( 'NONE',  ( -0.1336165955567528985, -0.01580952660455110098, 0.01000000000000000021 ) ) ;
#3346 = PRESENTATION_LAYER_ASSIGNMENT (  '', '', ( #1490 ) ) ;
#3347 = FACE_OUTER_BOUND ( 'NONE', #3111, .T. ) ;
#3348 = PRESENTATION_LAYER_ASSIGNMENT (  '', '', ( #1023 ) ) ;
#3349 = MECHANICAL_DESIGN_GEOMETRIC_PRESENTATION_REPRESENTATION (  '', ( #84 ), #2419 ) ;
#3350 = CARTESIAN_POINT ( 'NONE',  ( 0.07516357145249848160, 0.02981939700532518570, 0.0000000000000000000 ) ) ;
#3351 = EDGE_CURVE ( 'NONE', #503, #2341, #1072, .T. ) ;
#3352 = CARTESIAN_POINT ( 'NONE',  ( -0.2238477230636215232, -0.01834202227879852196, 0.01000000000000000021 ) ) ;
#3353 = CARTESIAN_POINT ( 'NONE',  ( -0.3800000000000000600, 0.3800000000000000044, 0.0000000000000000000 ) ) ;
#3354 = STYLED_ITEM ( 'NONE', ( #3814 ), #638 ) ;
#3355 = MECHANICAL_DESIGN_GEOMETRIC_PRESENTATION_REPRESENTATION (  '', ( #1368 ), #4087 ) ;
#3356 = CARTESIAN_POINT ( 'NONE',  ( -0.2024300401367922497, 0.04141407528217708883, 0.0000000000000000000 ) ) ;
#3357 = SURFACE_STYLE_FILL_AREA ( #1445 ) ;
#3358 = CARTESIAN_POINT ( 'NONE',  ( -0.09774254013679223307, -0.04639080276660340063, 0.01000000000000000021 ) ) ;
#3359 = LINE ( 'NONE', #3652, #286 ) ;
#3360 = ORIENTED_EDGE ( 'NONE', *, *, #2626, .F. ) ;
#3361 = FACE_OUTER_BOUND ( 'NONE', #789, .T. ) ;
#3362 = ORIENTED_EDGE ( 'NONE', *, *, #2868, .T. ) ;
#3363 = CARTESIAN_POINT ( 'NONE',  ( 0.04450178599594761808, 0.05482037498495771766, -0.0000000000000000000 ) ) ;
#3364 =( LENGTH_UNIT ( ) NAMED_UNIT ( * ) SI_UNIT ( .MILLI., .METRE. ) );
#3365 = CARTESIAN_POINT ( 'NONE',  ( 0.04177303464634844060, -0.04724616930582498098, 6.776263578034402713E-18 ) ) ;
#3366 = ORIENTED_EDGE ( 'NONE', *, *, #4114, .T. ) ;
#3367 = CARTESIAN_POINT ( 'NONE',  ( 0.08074275062141933468, -0.01359402658099443696, 0.0000000000000000000 ) ) ;
#3368 =( NAMED_UNIT ( * ) SI_UNIT ( $, .STERADIAN. ) SOLID_ANGLE_UNIT ( ) );
#3369 = CARTESIAN_POINT ( 'NONE',  ( -0.1370490741968026505, -0.004302285337666840112, 0.01000000000000000021 ) ) ;
#3370 = ORIENTED_EDGE ( 'NONE', *, *, #1842, .T. ) ;
#3371 = CARTESIAN_POINT ( 'NONE',  ( -0.1193435079428298712, 0.05037584578884828079, 0.0000000000000000000 ) ) ;
#3372 = EDGE_CURVE ( 'NONE', #555, #1599, #3392, .T. ) ;
#3373 = CARTESIAN_POINT ( 'NONE',  ( 0.09098701813030472818, 0.02799964918395782612, 0.0000000000000000000 ) ) ;
#3374 = SURFACE_STYLE_USAGE ( .BOTH. , #886 ) ;
#3375 = DIRECTION ( 'NONE',  ( 0.0000000000000000000, -1.000000000000000000, 0.0000000000000000000 ) ) ;
#3376 = EDGE_LOOP ( 'NONE', ( #247, #3503, #2078, #2919 ) ) ;
#3377 = FILL_AREA_STYLE ('',( #1463 ) ) ;
#3378 = EDGE_CURVE ( 'NONE', #2086, #202, #3492, .T. ) ;
#3379 = ORIENTED_EDGE ( 'NONE', *, *, #2429, .F. ) ;
#3380 = CARTESIAN_POINT ( 'NONE',  ( -0.1490408342877109493, -0.01124718349729960341, 0.01000000000000000021 ) ) ;
#3381 = UNCERTAINTY_MEASURE_WITH_UNIT (LENGTH_MEASURE( 1.000000000000000082E-05 ), #860, 'distance_accuracy_value', 'NONE');
#3382 = CARTESIAN_POINT ( 'NONE',  ( -0.2000000000000000111, 0.2000000000000000111, 0.0000000000000000000 ) ) ;
#3383 = DIRECTION ( 'NONE',  ( -0.0000000000000000000, 0.0000000000000000000, -1.000000000000000000 ) ) ;
#3384 = CARTESIAN_POINT ( 'NONE',  ( 0.08384329332081087716, -0.03413456773919804760, 0.0000000000000000000 ) ) ;
#3385 = EDGE_LOOP ( 'NONE', ( #3230, #1335, #219 ) ) ;
#3386 = DIRECTION ( 'NONE',  ( -0.0000000000000000000, -0.0000000000000000000, -1.000000000000000000 ) ) ;
#3387 = ORIENTED_EDGE ( 'NONE', *, *, #3378, .T. ) ;
#3388 = SURFACE_STYLE_USAGE ( .BOTH. , #1878 ) ;
#3389 = CARTESIAN_POINT ( 'NONE',  ( -0.1376243998928897705, 0.004580996013884406151, 0.01000000000000000021 ) ) ;
#3390 = VERTEX_POINT ( 'NONE', #1843 ) ;
#3391 = CARTESIAN_POINT ( 'NONE',  ( 0.09571564142643700090, 0.01304364641211907573, 0.0000000000000000000 ) ) ;
#3392 = LINE ( 'NONE', #1534, #478 ) ;
#3393 = ORIENTED_EDGE ( 'NONE', *, *, #388, .T. ) ;
#3394 = CARTESIAN_POINT ( 'NONE',  ( -0.1825367474538654167, -0.01834202227879852196, 0.01000000000000000021 ) ) ;
#3395 = PRESENTATION_STYLE_ASSIGNMENT (( #3996 ) ) ;
#3396 = VERTEX_POINT ( 'NONE', #2779 ) ;
#3397 = PRESENTATION_STYLE_ASSIGNMENT (( #1140 ) ) ;
#3398 = DIRECTION ( 'NONE',  ( 1.000000000000000000, 0.0000000000000000000, 0.0000000000000000000 ) ) ;
#3399 = SURFACE_STYLE_USAGE ( .BOTH. , #2122 ) ;
#3400 = SURFACE_SIDE_STYLE ('',( #454 ) ) ;
#3401 = DIRECTION ( 'NONE',  ( -1.000000000000000000, -0.0000000000000000000, -0.0000000000000000000 ) ) ;
#3402 = VERTEX_POINT ( 'NONE', #194 ) ;
#3403 = CARTESIAN_POINT ( 'NONE',  ( -0.1375916218346486808, 0.006113084527637709965, 6.776263578034402713E-18 ) ) ;
#3404 = EDGE_CURVE ( 'NONE', #2034, #1464, #2364, .T. ) ;
#3405 = ORIENTED_EDGE ( 'NONE', *, *, #1260, .T. ) ;
#3406 = FACE_OUTER_BOUND ( 'NONE', #2845, .T. ) ;
#3407 = VECTOR ( 'NONE', #1468, 1000.000000000000000 ) ;
#3408 =( GEOMETRIC_REPRESENTATION_CONTEXT ( 3 ) GLOBAL_UNCERTAINTY_ASSIGNED_CONTEXT ( ( #126 ) ) GLOBAL_UNIT_ASSIGNED_CONTEXT ( ( #209, #2811, #3706 ) ) REPRESENTATION_CONTEXT ( 'NONE', 'WORKASPACE' ) );
#3409 = ORIENTED_EDGE ( 'NONE', *, *, #432, .F. ) ;
#3410 =( GEOMETRIC_REPRESENTATION_CONTEXT ( 3 ) GLOBAL_UNCERTAINTY_ASSIGNED_CONTEXT ( ( #3683 ) ) GLOBAL_UNIT_ASSIGNED_CONTEXT ( ( #3575, #1701, #1718 ) ) REPRESENTATION_CONTEXT ( 'NONE', 'WORKASPACE' ) );
#3411 = DIRECTION ( 'NONE',  ( 1.000000000000000000, -0.0000000000000000000, 0.0000000000000000000 ) ) ;
#3412 = PRESENTATION_LAYER_ASSIGNMENT (  '', '', ( #1679 ) ) ;
#3413 = PRESENTATION_LAYER_ASSIGNMENT (  '', '', ( #1415 ) ) ;
#3414 = STYLED_ITEM ( 'NONE', ( #1862 ), #1321 ) ;
#3415 = CARTESIAN_POINT ( 'NONE',  ( 0.07301946380634888323, -0.04241416441996293668, 0.01000000000000000021 ) ) ;
#3416 = ORIENTED_EDGE ( 'NONE', *, *, #2236, .F. ) ;
#3417 = CARTESIAN_POINT ( 'NONE',  ( -0.05103903403923126803, -0.04639080276660340063, 0.0000000000000000000 ) ) ;
#3418 = DIRECTION ( 'NONE',  ( -1.000000000000000000, -0.0000000000000000000, -0.0000000000000000000 ) ) ;
#3419 = ORIENTED_EDGE ( 'NONE', *, *, #3297, .F. ) ;
#3420 = VECTOR ( 'NONE', #1306, 1000.000000000000114 ) ;
#3421 = SURFACE_STYLE_USAGE ( .BOTH. , #2784 ) ;
#3422 = LINE ( 'NONE', #182, #2816 ) ;
#3423 = PRESENTATION_STYLE_ASSIGNMENT (( #498 ) ) ;
#3424 = VECTOR ( 'NONE', #1244, 1000.000000000000000 ) ;
#3425 =( NAMED_UNIT ( * ) SI_UNIT ( $, .STERADIAN. ) SOLID_ANGLE_UNIT ( ) );
#3426 = VECTOR ( 'NONE', #977, 1000.000000000000000 ) ;
#3427 = EDGE_LOOP ( 'NONE', ( #4067, #659, #3938, #1622, #2378 ) ) ;
#3428 = SURFACE_STYLE_USAGE ( .BOTH. , #871 ) ;
#3429 = ADVANCED_FACE ( 'NONE', ( #2795 ), #2407, .F. ) ;
#3430 = ORIENTED_EDGE ( 'NONE', *, *, #3054, .F. ) ;
#3431 = PRESENTATION_STYLE_ASSIGNMENT (( #1183 ) ) ;
#3432 = COLOUR_RGB ( '',1.000000000000000000, 1.000000000000000000, 1.000000000000000000 ) ;
#3433 = LINE ( 'NONE', #563, #2965 ) ;
#3434 = CARTESIAN_POINT ( 'NONE',  ( -0.1362288464609968386, -0.008395121659810628190, 0.01000000000000000021 ) ) ;
#3435 = CARTESIAN_POINT ( 'NONE',  ( 0.1050585269363785157, -0.03541519301050583685, 0.01000000000000000021 ) ) ;
#3436 = EDGE_CURVE ( 'NONE', #1287, #2310, #2760, .T. ) ;
#3437 = CARTESIAN_POINT ( 'NONE',  ( -0.1509986473189667833, 0.002978060733981157358, -0.0000000000000000000 ) ) ;
#3438 = ORIENTED_EDGE ( 'NONE', *, *, #616, .T. ) ;
#3439 = CARTESIAN_POINT ( 'NONE',  ( -0.1510390340392313013, 0.004866819184616113722, 0.01000000000000000021 ) ) ;
#3440 = CARTESIAN_POINT ( 'NONE',  ( -0.04616098525874346575, -0.001268851547091204681, 0.01000000000000000021 ) ) ;
#3441 = CARTESIAN_POINT ( 'NONE',  ( 0.04450178599594761808, 0.05482037498495771766, 0.01000000000000000021 ) ) ;
#3442 = SURFACE_STYLE_USAGE ( .BOTH. , #3485 ) ;
#3443 = CARTESIAN_POINT ( 'NONE',  ( 0.04223191971114798743, 0.05480410397848968496, 0.01000000000000000021 ) ) ;
#3444 = VERTEX_POINT ( 'NONE', #3690 ) ;
#3445 = CARTESIAN_POINT ( 'NONE',  ( -0.1510390340392313013, 0.004866819184616113722, 0.01000000000000000021 ) ) ;
#3446 = PLANE ( 'NONE',  #3543 ) ;
#3447 =( NAMED_UNIT ( * ) PLANE_ANGLE_UNIT ( ) SI_UNIT ( $, .RADIAN. ) );
#3448 = SURFACE_SIDE_STYLE ('',( #21 ) ) ;
#3449 = DIRECTION ( 'NONE',  ( -0.0000000000000000000, -0.0000000000000000000, -1.000000000000000000 ) ) ;
#3450 = CARTESIAN_POINT ( 'NONE',  ( -0.1294672607727765379, 0.03060620389375357658, 0.01000000000000000021 ) ) ;
#3451 = SURFACE_STYLE_USAGE ( .BOTH. , #2851 ) ;
#3452 = FILL_AREA_STYLE_COLOUR ( '', #4074 ) ;
#3453 = ADVANCED_FACE ( 'NONE', ( #4054 ), #1642, .T. ) ;
#3454 = FILL_AREA_STYLE_COLOUR ( '', #1606 ) ;
#3455 = ORIENTED_EDGE ( 'NONE', *, *, #716, .T. ) ;
#3456 = CARTESIAN_POINT ( 'NONE',  ( -0.1474194581017022054, -0.01608046198117697029, 0.0000000000000000000 ) ) ;
#3457 = CARTESIAN_POINT ( 'NONE',  ( 0.02307003674558474188, -0.04172580090432441435, 0.01000000000000000021 ) ) ;
#3458 = LINE ( 'NONE', #3180, #2750 ) ;
#3459 = CARTESIAN_POINT ( 'NONE',  ( 0.02455056108977968221, 0.05184716478624051134, 0.01000000000000000021 ) ) ;
#3460 = CARTESIAN_POINT ( 'NONE',  ( 0.05973685337872437773, -0.04685903111078524447, 0.01000000000000000021 ) ) ;
#3461 = SURFACE_SIDE_STYLE ('',( #236 ) ) ;
#3462 = SURFACE_STYLE_USAGE ( .BOTH. , #575 ) ;
#3463 = CARTESIAN_POINT ( 'NONE',  ( -0.1427175435243114854, -0.02486068721845144033, 0.01000000000000000021 ) ) ;
#3464 =( NAMED_UNIT ( * ) SI_UNIT ( $, .STERADIAN. ) SOLID_ANGLE_UNIT ( ) );
#3465 =( NAMED_UNIT ( * ) SI_UNIT ( $, .STERADIAN. ) SOLID_ANGLE_UNIT ( ) );
#3466 = CARTESIAN_POINT ( 'NONE',  ( -0.1583561072099629874, -0.04639080276660340063, 0.01000000000000000021 ) ) ;
#3467 = CARTESIAN_POINT ( 'NONE',  ( -0.1370323032362128490, 0.01340847318509024409, 6.776263578034402713E-18 ) ) ;
#3468 = LINE ( 'NONE', #1873, #1300 ) ;
#3469 =( NAMED_UNIT ( * ) SI_UNIT ( $, .STERADIAN. ) SOLID_ANGLE_UNIT ( ) );
#3470 = CARTESIAN_POINT ( 'NONE',  ( 0.04964694157052485651, -0.04761031496172535293, 0.01000000000000000021 ) ) ;
#3471 = ORIENTED_EDGE ( 'NONE', *, *, #1281, .T. ) ;
#3472 =( NAMED_UNIT ( * ) PLANE_ANGLE_UNIT ( ) SI_UNIT ( $, .RADIAN. ) );
#3473 = FACE_OUTER_BOUND ( 'NONE', #2165, .T. ) ;
#3474 = ORIENTED_EDGE ( 'NONE', *, *, #3076, .F. ) ;
#3475 = AXIS2_PLACEMENT_3D ( 'NONE', #3714, #1166, #3070 ) ;
#3476 = CARTESIAN_POINT ( 'NONE',  ( -0.04616098525874346575, 0.009706758209006360189, 0.0000000000000000000 ) ) ;
#3477 = ORIENTED_EDGE ( 'NONE', *, *, #3318, .T. ) ;
#3478 = EDGE_CURVE ( 'NONE', #3487, #953, #2270, .T. ) ;
#3479 = AXIS2_PLACEMENT_3D ( 'NONE', #862, #3222, #369 ) ;
#3480 = CARTESIAN_POINT ( 'NONE',  ( 0.0000000000000000000, 0.0000000000000000000, 0.01000000000000000021 ) ) ;
#3481 = CARTESIAN_POINT ( 'NONE',  ( -0.3799999999999998934, -0.3800000000000000044, 0.4000000000000000222 ) ) ;
#3482 =( NAMED_UNIT ( * ) SI_UNIT ( $, .STERADIAN. ) SOLID_ANGLE_UNIT ( ) );
#3483 = VERTEX_POINT ( 'NONE', #4120 ) ;
#3484 = VECTOR ( 'NONE', #2382, 1000.000000000000000 ) ;
#3485 = SURFACE_SIDE_STYLE ('',( #2480 ) ) ;
#3486 = CARTESIAN_POINT ( 'NONE',  ( 0.03890199521428085866, 0.05460006405191046575, 0.01000000000000000021 ) ) ;
#3487 = VERTEX_POINT ( 'NONE', #1959 ) ;
#3488 = EDGE_CURVE ( 'NONE', #3564, #3396, #1004, .T. ) ;
#3489 = PRESENTATION_LAYER_ASSIGNMENT (  '', '', ( #1288 ) ) ;
#3490 = SURFACE_STYLE_USAGE ( .BOTH. , #2533 ) ;
#3491 =( NAMED_UNIT ( * ) SI_UNIT ( $, .STERADIAN. ) SOLID_ANGLE_UNIT ( ) );
#3492 = CIRCLE ( 'NONE', #2631, 0.1100000000000000006 ) ;
#3493 = VERTEX_POINT ( 'NONE', #2001 ) ;
#3494 =( LENGTH_UNIT ( ) NAMED_UNIT ( * ) SI_UNIT ( .MILLI., .METRE. ) );
#3495 = CARTESIAN_POINT ( 'NONE',  ( -0.3799999999999998934, -0.3800000000000000044, 0.4000000000000000222 ) ) ;
#3496 = DIRECTION ( 'NONE',  ( -1.000000000000000000, 0.0000000000000000000, 0.0000000000000000000 ) ) ;
#3497 = PRESENTATION_STYLE_ASSIGNMENT (( #2539 ) ) ;
#3498 = ORIENTED_EDGE ( 'NONE', *, *, #520, .T. ) ;
#3499 = FACE_BOUND ( 'NONE', #1609, .T. ) ;
#3500 = DIRECTION ( 'NONE',  ( -1.000000000000000000, -1.224646799147353207E-16, 0.0000000000000000000 ) ) ;
#3501 =( GEOMETRIC_REPRESENTATION_CONTEXT ( 3 ) GLOBAL_UNCERTAINTY_ASSIGNED_CONTEXT ( ( #3016 ) ) GLOBAL_UNIT_ASSIGNED_CONTEXT ( ( #3364, #1780, #1486 ) ) REPRESENTATION_CONTEXT ( 'NONE', 'WORKASPACE' ) );
#3502 = CARTESIAN_POINT ( 'NONE',  ( 0.08558489653148670939, 0.03651396395207889833, 0.01000000000000000021 ) ) ;
#3503 = ORIENTED_EDGE ( 'NONE', *, *, #1570, .F. ) ;
#3504 = CARTESIAN_POINT ( 'NONE',  ( 0.03116418384358007193, -0.04516702243610256490, 0.01000000000000000021 ) ) ;
#3505 = CARTESIAN_POINT ( 'NONE',  ( -0.04616098525874346575, -0.001268851547091204681, 0.0000000000000000000 ) ) ;
#3506 = CARTESIAN_POINT ( 'NONE',  ( 0.07691269665448111081, -0.04008077138051117927, 0.01000000000000000021 ) ) ;
#3507 = ORIENTED_EDGE ( 'NONE', *, *, #3528, .F. ) ;
#3508 = EDGE_CURVE ( 'NONE', #140, #3859, #3861, .T. ) ;
#3509 = CARTESIAN_POINT ( 'NONE',  ( 0.07516357145249848160, 0.02981939700532518570, 6.776263578034402713E-18 ) ) ;
#3510 = CARTESIAN_POINT ( 'NONE',  ( -0.09877150355142640115, 0.05360919723339661186, 0.01000000000000000021 ) ) ;
#3511 = ADVANCED_FACE ( 'NONE', ( #2651, #1264 ), #2194, .F. ) ;
#3512 = SURFACE_STYLE_FILL_AREA ( #1228 ) ;
#3513 =( NAMED_UNIT ( * ) PLANE_ANGLE_UNIT ( ) SI_UNIT ( $, .RADIAN. ) );
#3514 =( NAMED_UNIT ( * ) SI_UNIT ( $, .STERADIAN. ) SOLID_ANGLE_UNIT ( ) );
#3515 = DIRECTION ( 'NONE',  ( -0.0000000000000000000, -0.0000000000000000000, -1.000000000000000000 ) ) ;
#3516 = EDGE_LOOP ( 'NONE', ( #1068, #1427, #3956, #2720 ) ) ;
#3517 = CARTESIAN_POINT ( 'NONE',  ( 0.03402183234616367596, -0.03507330019317827369, 0.01000000000000000021 ) ) ;
#3518 = CARTESIAN_POINT ( 'NONE',  ( 0.07852774361016193194, 0.04370149720423473910, 0.01000000000000000021 ) ) ;
#3519 = VERTEX_POINT ( 'NONE', #2547 ) ;
#3520 = CARTESIAN_POINT ( 'NONE',  ( 0.1562780391315004846, -0.04639080276660340063, 0.0000000000000000000 ) ) ;
#3521 = B_SPLINE_CURVE_WITH_KNOTS ( 'NONE', 3,
 ( #3887, #1720, #2346, #2999, #116, #2009, #3958 ),
 .UNSPECIFIED., .F., .F.,
 ( 4, 1, 1, 1, 4 ),
 ( 0.0000000000000000000, 0.1744817153170503676, 0.3982857591281118714, 0.6738978473986658724, 0.9999999999999998890 ),
 .UNSPECIFIED. ) ;
#3522 = CARTESIAN_POINT ( 'NONE',  ( -0.1323527105336427256, 0.04352414530191735936, 0.0000000000000000000 ) ) ;
#3523 = DIRECTION ( 'NONE',  ( 1.000000000000000000, 0.0000000000000000000, -0.0000000000000000000 ) ) ;
#3524 = CARTESIAN_POINT ( 'NONE',  ( -0.1068915531199123164, -0.03481450240657115586, 0.0000000000000000000 ) ) ;
#3525 = EDGE_LOOP ( 'NONE', ( #1543, #2842, #1776, #1193 ) ) ;
#3526 = CARTESIAN_POINT ( 'NONE',  ( 0.09482015686616414307, -0.01371618076062098950, 0.01000000000000000021 ) ) ;
#3527 = FACE_OUTER_BOUND ( 'NONE', #2466, .T. ) ;
#3528 = EDGE_CURVE ( 'NONE', #1132, #3402, #1652, .T. ) ;
#3529 = DIRECTION ( 'NONE',  ( 0.0000000000000000000, 1.000000000000000000, 0.0000000000000000000 ) ) ;
#3530 = DIRECTION ( 'NONE',  ( 0.0000000000000000000, -1.000000000000000000, 0.0000000000000000000 ) ) ;
#3531 = DIRECTION ( 'NONE',  ( -0.0000000000000000000, 0.0000000000000000000, 1.000000000000000000 ) ) ;
#3532 = CARTESIAN_POINT ( 'NONE',  ( 0.03402183234616367596, -0.03507330019317827369, 0.01000000000000000021 ) ) ;
#3533 = PRESENTATION_STYLE_ASSIGNMENT (( #980 ) ) ;
#3534 = CARTESIAN_POINT ( 'NONE',  ( -0.2024300401367922497, 0.04141407528217708883, 0.01000000000000000021 ) ) ;
#3535 = EDGE_CURVE ( 'NONE', #3107, #588, #4029, .T. ) ;
#3536 = DIRECTION ( 'NONE',  ( 0.3222024856061125875, -0.9466707760722534726, 0.0000000000000000000 ) ) ;
#3537 = CARTESIAN_POINT ( 'NONE',  ( 0.08302526787784811346, -0.001775483486286031634, 0.01000000000000000021 ) ) ;
#3538 = VECTOR ( 'NONE', #3892, 1000.000000000000000 ) ;
#3539 = FILL_AREA_STYLE ('',( #1039 ) ) ;
#3540 = ORIENTED_EDGE ( 'NONE', *, *, #1767, .T. ) ;
#3541 = VERTEX_POINT ( 'NONE', #3641 ) ;
#3542 = CARTESIAN_POINT ( 'NONE',  ( 0.02455056108977968221, 0.05184716478624051134, 6.776263578034402713E-18 ) ) ;
#3543 = AXIS2_PLACEMENT_3D ( 'NONE', #193, #2045, #2698 ) ;
#3544 = CARTESIAN_POINT ( 'NONE',  ( 0.08253018862791274002, 0.01148825105267964504, 6.776263578034402713E-18 ) ) ;
#3545 = CARTESIAN_POINT ( 'NONE',  ( -0.2008294303806947012, 0.03440188016022587003, 0.01000000000000000021 ) ) ;
#3546 = CARTESIAN_POINT ( 'NONE',  ( 0.02213169766808581462, 0.03745066064803075079, 0.01000000000000000021 ) ) ;
#3547 =( NAMED_UNIT ( * ) SI_UNIT ( $, .STERADIAN. ) SOLID_ANGLE_UNIT ( ) );
#3548 = COLOUR_RGB ( '',0.2980392156862745057, 0.2980392156862745057, 0.2980392156862745057 ) ;
#3549 = MECHANICAL_DESIGN_GEOMETRIC_PRESENTATION_REPRESENTATION (  '', ( #3214 ), #79 ) ;
#3550 = CARTESIAN_POINT ( 'NONE',  ( 0.08310730742418338812, 0.002542124062664896482, 0.01000000000000000021 ) ) ;
#3551 = SURFACE_SIDE_STYLE ('',( #2642 ) ) ;
#3552 = DIRECTION ( 'NONE',  ( -0.0000000000000000000, -0.0000000000000000000, -1.000000000000000000 ) ) ;
#3553 = LINE ( 'NONE', #3811, #2401 ) ;
#3554 = CARTESIAN_POINT ( 'NONE',  ( -0.05103903403923126803, -0.04639080276660340063, 0.0000000000000000000 ) ) ;
#3555 = VECTOR ( 'NONE', #3838, 1000.000000000000000 ) ;
#3556 = VECTOR ( 'NONE', #1684, 1000.000000000000114 ) ;
#3557 = PRESENTATION_LAYER_ASSIGNMENT (  '', '', ( #2632 ) ) ;
#3558 = ORIENTED_EDGE ( 'NONE', *, *, #2065, .T. ) ;
#3559 = CARTESIAN_POINT ( 'NONE',  ( 0.03085947294839677321, -0.03418369990817878706, 0.01000000000000000021 ) ) ;
#3560 = ADVANCED_FACE ( 'NONE', ( #2018 ), #179, .T. ) ;
#3561 = MECHANICAL_DESIGN_GEOMETRIC_PRESENTATION_REPRESENTATION (  '', ( #3285 ), #26 ) ;
#3562 = CARTESIAN_POINT ( 'NONE',  ( 0.05878913112286810599, -0.03521689889593758449, 0.01000000000000000021 ) ) ;
#3563 = CARTESIAN_POINT ( 'NONE',  ( 0.1428634049851590093, 0.05360919723339661186, 0.01000000000000000021 ) ) ;
#3564 = VERTEX_POINT ( 'NONE', #3654 ) ;
#3565 = CARTESIAN_POINT ( 'NONE',  ( -0.1190776561664832756, -0.04296988442339843423, 0.0000000000000000000 ) ) ;
#3566 = CARTESIAN_POINT ( 'NONE',  ( 0.1562780391315004846, 0.05360919723339661186, 0.01000000000000000021 ) ) ;
#3567 = FILL_AREA_STYLE ('',( #3900 ) ) ;
#3568 = SURFACE_STYLE_USAGE ( .BOTH. , #398 ) ;
#3569 = EDGE_LOOP ( 'NONE', ( #2983, #1253, #2163, #3849 ) ) ;
#3570 = FILL_AREA_STYLE_COLOUR ( '', #1822 ) ;
#3571 = EDGE_CURVE ( 'NONE', #4002, #2296, #827, .T. ) ;
#3572 = CARTESIAN_POINT ( 'NONE',  ( -0.1427135614271780040, 0.03324662565844439116, 0.0000000000000000000 ) ) ;
#3573 = UNCERTAINTY_MEASURE_WITH_UNIT (LENGTH_MEASURE( 1.000000000000000082E-05 ), #1932, 'distance_accuracy_value', 'NONE');
#3574 = VECTOR ( 'NONE', #3909, 1000.000000000000000 ) ;
#3575 =( LENGTH_UNIT ( ) NAMED_UNIT ( * ) SI_UNIT ( .MILLI., .METRE. ) );
#3576 =( NAMED_UNIT ( * ) PLANE_ANGLE_UNIT ( ) SI_UNIT ( $, .RADIAN. ) );
#3577 = ORIENTED_EDGE ( 'NONE', *, *, #3508, .T. ) ;
#3578 = CARTESIAN_POINT ( 'NONE',  ( 0.06065577327269584124, 0.04113818011157566873, 6.776263578034402713E-18 ) ) ;
#3579 = CARTESIAN_POINT ( 'NONE',  ( -0.1361815217804166478, 0.04043590847352969420, 0.01000000000000000021 ) ) ;
#3580 =( NAMED_UNIT ( * ) PLANE_ANGLE_UNIT ( ) SI_UNIT ( $, .RADIAN. ) );
#3581 = SURFACE_STYLE_FILL_AREA ( #4128 ) ;
#3582 = PRESENTATION_STYLE_ASSIGNMENT (( #3595 ) ) ;
#3583 = DIRECTION ( 'NONE',  ( 0.0000000000000000000, -0.0000000000000000000, 1.000000000000000000 ) ) ;
#3584 = ORIENTED_EDGE ( 'NONE', *, *, #2774, .F. ) ;
#3585 = CARTESIAN_POINT ( 'NONE',  ( 0.05160524348319429910, -0.03653659684139533292, 0.01000000000000000021 ) ) ;
#3586 = PLANE ( 'NONE',  #887 ) ;
#3587 = CARTESIAN_POINT ( 'NONE',  ( -0.2035144901860324040, 0.03728352072161266600, 6.776263578034402713E-18 ) ) ;
#3588 = SURFACE_STYLE_USAGE ( .BOTH. , #2652 ) ;
#3589 = VERTEX_POINT ( 'NONE', #3672 ) ;
#3590 = CARTESIAN_POINT ( 'NONE',  ( -0.1108360555818056065, 0.04136992682299811541, 0.01000000000000000021 ) ) ;
#3591 = LINE ( 'NONE', #705, #2062 ) ;
#3592 = CARTESIAN_POINT ( 'NONE',  ( 0.06707514871924800948, 0.03760439634584518409, 0.0000000000000000000 ) ) ;
#3593 = CARTESIAN_POINT ( 'NONE',  ( -0.1453181674610445895, 0.02921973519814992717, 1.016439536705160407E-17 ) ) ;
#3594 = LINE ( 'NONE', #3651, #350 ) ;
#3595 = SURFACE_STYLE_USAGE ( .BOTH. , #2663 ) ;
#3596 = PLANE ( 'NONE',  #3206 ) ;
#3597 = SURFACE_STYLE_FILL_AREA ( #2306 ) ;
#3598 = SURFACE_STYLE_FILL_AREA ( #2307 ) ;
#3599 = CARTESIAN_POINT ( 'NONE',  ( -0.3800000000000000600, 0.3800000000000000044, 0.4000000000000000222 ) ) ;
#3600 = ORIENTED_EDGE ( 'NONE', *, *, #129, .T. ) ;
#3601 = UNCERTAINTY_MEASURE_WITH_UNIT (LENGTH_MEASURE( 1.000000000000000082E-05 ), #911, 'distance_accuracy_value', 'NONE');
#3602 = CARTESIAN_POINT ( 'NONE',  ( -0.01079513160020685418, -0.001268851547091204681, 0.0000000000000000000 ) ) ;
#3603 = CARTESIAN_POINT ( 'NONE',  ( -0.1427175435243114854, -0.02486068721845144033, 6.776263578034402713E-18 ) ) ;
#3604 = SURFACE_STYLE_USAGE ( .BOTH. , #2657 ) ;
#3605 = VERTEX_POINT ( 'NONE', #2107 ) ;
#3606 = EDGE_CURVE ( 'NONE', #2603, #1911, #817, .T. ) ;
#3607 = CARTESIAN_POINT ( 'NONE',  ( 0.08253018862791274002, 0.01148825105267964504, 0.0000000000000000000 ) ) ;
#3608 = DIRECTION ( 'NONE',  ( -1.000000000000000000, 0.0000000000000000000, 0.0000000000000000000 ) ) ;
#3609 = CIRCLE ( 'NONE', #733, 0.04999999999999999584 ) ;
#3610 = EDGE_CURVE ( 'NONE', #169, #272, #2426, .T. ) ;
#3611 = CARTESIAN_POINT ( 'NONE',  ( -0.1961609852587434810, 0.05360919723339661186, 0.01000000000000000021 ) ) ;
#3612 = SURFACE_STYLE_FILL_AREA ( #1043 ) ;
#3613 = CARTESIAN_POINT ( 'NONE',  ( -0.2605977249740729640, -0.2449821083917770315, 0.4000000000000000222 ) ) ;
#3614 = SURFACE_STYLE_FILL_AREA ( #362 ) ;
#3615 = VECTOR ( 'NONE', #341, 1000.000000000000000 ) ;
#3616 = MECHANICAL_DESIGN_GEOMETRIC_PRESENTATION_REPRESENTATION (  '', ( #3083 ), #1079 ) ;
#3617 =( NAMED_UNIT ( * ) SI_UNIT ( $, .STERADIAN. ) SOLID_ANGLE_UNIT ( ) );
#3618 = CARTESIAN_POINT ( 'NONE',  ( 0.07032618990168687523, 0.04920361437395940479, 0.01000000000000000021 ) ) ;
#3619 = AXIS2_PLACEMENT_3D ( 'NONE', #2185, #4084, #3383 ) ;
#3620 = CARTESIAN_POINT ( 'NONE',  ( 0.03116418384358007193, -0.04516702243610256490, 6.776263578034402713E-18 ) ) ;
#3621 = COLOUR_RGB ( '',0.6666666666666666297, 0.6980392156862744724, 0.7686274509803920907 ) ;
#3622 = PRESENTATION_LAYER_ASSIGNMENT (  '', '', ( #3414 ) ) ;
#3623 = DIRECTION ( 'NONE',  ( 1.000000000000000000, 0.0000000000000000000, 0.0000000000000000000 ) ) ;
#3624 = DIRECTION ( 'NONE',  ( 0.0000000000000000000, 0.0000000000000000000, 1.000000000000000000 ) ) ;
#3625 = PRESENTATION_STYLE_ASSIGNMENT (( #3989 ) ) ;
#3626 =( GEOMETRIC_REPRESENTATION_CONTEXT ( 3 ) GLOBAL_UNCERTAINTY_ASSIGNED_CONTEXT ( ( #3307 ) ) GLOBAL_UNIT_ASSIGNED_CONTEXT ( ( #3071, #1522, #559 ) ) REPRESENTATION_CONTEXT ( 'NONE', 'WORKASPACE' ) );
#3627 = SURFACE_STYLE_FILL_AREA ( #385 ) ;
#3628 = VECTOR ( 'NONE', #2725, 1000.000000000000000 ) ;
#3629 = SURFACE_SIDE_STYLE ('',( #2918 ) ) ;
#3630 = SURFACE_STYLE_USAGE ( .BOTH. , #1054 ) ;
#3631 = DIRECTION ( 'NONE',  ( -0.3536223923290756632, 0.9353882635801357148, 0.0000000000000000000 ) ) ;
#3632 = CARTESIAN_POINT ( 'NONE',  ( -0.2238477230636215232, -0.01834202227879852196, 0.01000000000000000021 ) ) ;
#3633 = EDGE_CURVE ( 'NONE', #2510, #619, #603, .T. ) ;
#3634 = CARTESIAN_POINT ( 'NONE',  ( 0.04964694157052485651, -0.04761031496172535293, 0.0000000000000000000 ) ) ;
#3635 = CARTESIAN_POINT ( 'NONE',  ( -0.1370323032362128490, 0.01340847318509024409, 0.0000000000000000000 ) ) ;
#3636 = EDGE_CURVE ( 'NONE', #1439, #1649, #3953, .T. ) ;
#3637 = FACE_OUTER_BOUND ( 'NONE', #3964, .T. ) ;
#3638 = ORIENTED_EDGE ( 'NONE', *, *, #414, .T. ) ;
#3639 = CARTESIAN_POINT ( 'NONE',  ( -0.3800000000000000600, 0.3800000000000000044, 0.4000000000000000222 ) ) ;
#3640 = FILL_AREA_STYLE ('',( #3277 ) ) ;
#3641 = CARTESIAN_POINT ( 'NONE',  ( -0.2339658633075239746, -0.04639080276660340063, 0.01000000000000000021 ) ) ;
#3642 = CARTESIAN_POINT ( 'NONE',  ( 0.06209343302810366866, -0.03405441637662690729, 0.0000000000000000000 ) ) ;
#3643 =( NAMED_UNIT ( * ) PLANE_ANGLE_UNIT ( ) SI_UNIT ( $, .RADIAN. ) );
#3644 =( NAMED_UNIT ( * ) PLANE_ANGLE_UNIT ( ) SI_UNIT ( $, .RADIAN. ) );
#3645 = UNCERTAINTY_MEASURE_WITH_UNIT (LENGTH_MEASURE( 1.000000000000000082E-05 ), #2029, 'distance_accuracy_value', 'NONE');
#3646 = PLANE ( 'NONE',  #1485 ) ;
#3647 = EDGE_LOOP ( 'NONE', ( #3216, #2950, #2444, #4065 ) ) ;
#3648 = FILL_AREA_STYLE ('',( #1134 ) ) ;
#3649 = LINE ( 'NONE', #766, #548 ) ;
#3650 = ADVANCED_FACE ( 'NONE', ( #1207 ), #2809, .T. ) ;
#3651 = CARTESIAN_POINT ( 'NONE',  ( -0.04616098525874346575, 0.009706758209006360189, 0.01000000000000000021 ) ) ;
#3652 = CARTESIAN_POINT ( 'NONE',  ( -0.3800000000000000600, 0.3800000000000000044, 0.4000000000000000222 ) ) ;
#3653 = ORIENTED_EDGE ( 'NONE', *, *, #589, .F. ) ;
#3654 = CARTESIAN_POINT ( 'NONE',  ( -0.07055122916118249099, 0.05360919723339661186, 0.01000000000000000021 ) ) ;
#3655 = CARTESIAN_POINT ( 'NONE',  ( 0.04908328590091483312, -0.03660159539723946420, -0.0000000000000000000 ) ) ;
#3656 = ORIENTED_EDGE ( 'NONE', *, *, #530, .T. ) ;
#3657 = ADVANCED_FACE ( 'NONE', ( #1233 ), #1575, .T. ) ;
#3658 = CARTESIAN_POINT ( 'NONE',  ( -0.2000000000000000111, 0.2000000000000000111, -0.03999999999999998002 ) ) ;
#3659 =( LENGTH_UNIT ( ) NAMED_UNIT ( * ) SI_UNIT ( .MILLI., .METRE. ) );
#3660 = CARTESIAN_POINT ( 'NONE',  ( 0.07768734549395124589, -0.02032146127401455310, 0.01000000000000000021 ) ) ;
#3661 = FILL_AREA_STYLE_COLOUR ( '', #2476 ) ;
#3662 = EDGE_LOOP ( 'NONE', ( #576, #1458, #346, #1893 ) ) ;
#3663 = LINE ( 'NONE', #1163, #278 ) ;
#3664 = ORIENTED_EDGE ( 'NONE', *, *, #312, .F. ) ;
#3665 = CARTESIAN_POINT ( 'NONE',  ( 0.09571564142643700090, 0.01304364641211907573, 0.01000000000000000021 ) ) ;
#3666 = UNCERTAINTY_MEASURE_WITH_UNIT (LENGTH_MEASURE( 1.000000000000000082E-05 ), #593, 'distance_accuracy_value', 'NONE');
#3667 = LINE ( 'NONE', #3034, #2060 ) ;
#3668 = ORIENTED_EDGE ( 'NONE', *, *, #2139, .T. ) ;
#3669 = COLOUR_RGB ( '',1.000000000000000000, 1.000000000000000000, 1.000000000000000000 ) ;
#3670 = CARTESIAN_POINT ( 'NONE',  ( 0.04566447205832973449, 0.05482870942851855722, 0.0000000000000000000 ) ) ;
#3671 = PLANE ( 'NONE',  #1691 ) ;
#3672 = CARTESIAN_POINT ( 'NONE',  ( -0.08396586330752396632, 0.04263358747729904807, 0.0000000000000000000 ) ) ;
#3673 = VERTEX_POINT ( 'NONE', #1256 ) ;
#3674 = LINE ( 'NONE', #794, #3484 ) ;
#3675 = EDGE_CURVE ( 'NONE', #1828, #1210, #2424, .T. ) ;
#3676 =( GEOMETRIC_REPRESENTATION_CONTEXT ( 3 ) GLOBAL_UNCERTAINTY_ASSIGNED_CONTEXT ( ( #1540 ) ) GLOBAL_UNIT_ASSIGNED_CONTEXT ( ( #758, #2932, #66 ) ) REPRESENTATION_CONTEXT ( 'NONE', 'WORKASPACE' ) );
#3677 = DIRECTION ( 'NONE',  ( 1.000000000000000000, 0.0000000000000000000, 0.0000000000000000000 ) ) ;
#3678 = CARTESIAN_POINT ( 'NONE',  ( -0.1350973445782757965, -0.01223599767005093854, 0.01000000000000000021 ) ) ;
#3679 = VERTEX_POINT ( 'NONE', #4050 ) ;
#3680 =( GEOMETRIC_REPRESENTATION_CONTEXT ( 3 ) GLOBAL_UNCERTAINTY_ASSIGNED_CONTEXT ( ( #3343 ) ) GLOBAL_UNIT_ASSIGNED_CONTEXT ( ( #244, #2810, #1489 ) ) REPRESENTATION_CONTEXT ( 'NONE', 'WORKASPACE' ) );
#3681 = VECTOR ( 'NONE', #2196, 1000.000000000000000 ) ;
#3682 =( GEOMETRIC_REPRESENTATION_CONTEXT ( 3 ) GLOBAL_UNCERTAINTY_ASSIGNED_CONTEXT ( ( #1437 ) ) GLOBAL_UNIT_ASSIGNED_CONTEXT ( ( #1285, #2871, #249 ) ) REPRESENTATION_CONTEXT ( 'NONE', 'WORKASPACE' ) );
#3683 = UNCERTAINTY_MEASURE_WITH_UNIT (LENGTH_MEASURE( 1.000000000000000082E-05 ), #3575, 'distance_accuracy_value', 'NONE');
#3684 = CARTESIAN_POINT ( 'NONE',  ( -0.1147034908971353018, -0.03286919347235725541, 0.01000000000000000021 ) ) ;
#3685 = EDGE_CURVE ( 'NONE', #3487, #2927, #2538, .T. ) ;
#3686 = CARTESIAN_POINT ( 'NONE',  ( -0.1237733670127344754, -0.04100616566209215608, 0.01000000000000000021 ) ) ;
#3687 = VECTOR ( 'NONE', #2156, 1000.000000000000000 ) ;
#3688 = ORIENTED_EDGE ( 'NONE', *, *, #3243, .T. ) ;
#3689 = AXIS2_PLACEMENT_3D ( 'NONE', #1627, #3529, #1924 ) ;
#3690 = CARTESIAN_POINT ( 'NONE',  ( -0.04860000964898735648, 0.04263358747729904807, 0.0000000000000000000 ) ) ;
#3691 = COLOUR_RGB ( '',0.6666666666666666297, 0.6980392156862744724, 0.7686274509803920907 ) ;
#3692 = CARTESIAN_POINT ( 'NONE',  ( -0.1509991172498538481, 0.006679515841714530125, 1.016439536705160407E-17 ) ) ;
#3693 = SURFACE_STYLE_USAGE ( .BOTH. , #2409 ) ;
#3694 = EDGE_LOOP ( 'NONE', ( #3477, #2394, #2192, #3065, #2456, #3721, #3668, #3078 ) ) ;
#3695 =( GEOMETRIC_REPRESENTATION_CONTEXT ( 3 ) GLOBAL_UNCERTAINTY_ASSIGNED_CONTEXT ( ( #717 ) ) GLOBAL_UNIT_ASSIGNED_CONTEXT ( ( #2173, #965, #1258 ) ) REPRESENTATION_CONTEXT ( 'NONE', 'WORKASPACE' ) );
#3696 = ORIENTED_EDGE ( 'NONE', *, *, #2612, .T. ) ;
#3697 = PRESENTATION_STYLE_ASSIGNMENT (( #1139 ) ) ;
#3698 = CARTESIAN_POINT ( 'NONE',  ( 0.09647838922500857894, 0.003668315417547041331, 0.01000000000000000021 ) ) ;
#3699 = FILL_AREA_STYLE ('',( #786 ) ) ;
#3700 =( NAMED_UNIT ( * ) PLANE_ANGLE_UNIT ( ) SI_UNIT ( $, .RADIAN. ) );
#3701 = CARTESIAN_POINT ( 'NONE',  ( 0.03627342074951515200, 0.04299982883723840743, 0.0000000000000000000 ) ) ;
#3702 = ORIENTED_EDGE ( 'NONE', *, *, #1842, .F. ) ;
#3703 = ORIENTED_EDGE ( 'NONE', *, *, #3297, .T. ) ;
#3704 = CARTESIAN_POINT ( 'NONE',  ( -0.3105977249740730084, -0.2449821083917770315, 0.3990000000000000213 ) ) ;
#3705 = PLANE ( 'NONE',  #672 ) ;
#3706 =( NAMED_UNIT ( * ) SI_UNIT ( $, .STERADIAN. ) SOLID_ANGLE_UNIT ( ) );
#3707 = EDGE_CURVE ( 'NONE', #3859, #2566, #3433, .T. ) ;
#3708 = CARTESIAN_POINT ( 'NONE',  ( -0.1375898882908501153, 0.003042741863485113555, 6.776263578034402713E-18 ) ) ;
#3709 = ORIENTED_EDGE ( 'NONE', *, *, #2395, .T. ) ;
#3710 = DIRECTION ( 'NONE',  ( -0.0000000000000000000, 0.0000000000000000000, 1.000000000000000000 ) ) ;
#3711 = SURFACE_SIDE_STYLE ('',( #2432 ) ) ;
#3712 = FILL_AREA_STYLE_COLOUR ( '', #820 ) ;
#3713 = CARTESIAN_POINT ( 'NONE',  ( 0.08221553908242118514, 0.04028414655411121509, 0.01000000000000000021 ) ) ;
#3714 = CARTESIAN_POINT ( 'NONE',  ( 0.2000000000000000111, 0.2000000000000000111, 0.0000000000000000000 ) ) ;
#3715 = DIRECTION ( 'NONE',  ( -0.0000000000000000000, -0.0000000000000000000, -1.000000000000000000 ) ) ;
#3716 = PLANE ( 'NONE',  #1369 ) ;
#3717 = ORIENTED_EDGE ( 'NONE', *, *, #832, .F. ) ;
#3718 = ORIENTED_EDGE ( 'NONE', *, *, #3606, .T. ) ;
#3719 =( NAMED_UNIT ( * ) PLANE_ANGLE_UNIT ( ) SI_UNIT ( $, .RADIAN. ) );
#3720 = ORIENTED_EDGE ( 'NONE', *, *, #3193, .F. ) ;
#3721 = ORIENTED_EDGE ( 'NONE', *, *, #2457, .T. ) ;
#3722 = FILL_AREA_STYLE_COLOUR ( '', #2061 ) ;
#3723 = CARTESIAN_POINT ( 'NONE',  ( 0.05973685337872437773, -0.04685903111078524447, 6.776263578034402713E-18 ) ) ;
#3724 = DIRECTION ( 'NONE',  ( 1.000000000000000000, 0.0000000000000000000, 0.0000000000000000000 ) ) ;
#3725 = ADVANCED_FACE ( 'NONE', ( #1955 ), #1975, .F. ) ;
#3726 = CARTESIAN_POINT ( 'NONE',  ( 0.04779861839979314408, -0.03663470520562779609, 0.01000000000000000021 ) ) ;
#3727 = ORIENTED_EDGE ( 'NONE', *, *, #2900, .T. ) ;
#3728 = SURFACE_STYLE_FILL_AREA ( #3998 ) ;
#3729 = CARTESIAN_POINT ( 'NONE',  ( -0.2027539730636215010, 0.04141407528217708883, 0.01000000000000000021 ) ) ;
#3730 = ADVANCED_FACE ( 'NONE', ( #3272 ), #979, .T. ) ;
#3731 = EDGE_LOOP ( 'NONE', ( #2436, #1316, #3912 ) ) ;
#3732 = FILL_AREA_STYLE_COLOUR ( '', #2702 ) ;
#3733 = FACE_OUTER_BOUND ( 'NONE', #1788, .T. ) ;
#3734 = DIRECTION ( 'NONE',  ( -1.000000000000000000, -1.224646799147353207E-16, 0.0000000000000000000 ) ) ;
#3735 = ORIENTED_EDGE ( 'NONE', *, *, #3633, .T. ) ;
#3736 = PLANE ( 'NONE',  #2263 ) ;
#3737 = MECHANICAL_DESIGN_GEOMETRIC_PRESENTATION_REPRESENTATION (  '', ( #739 ), #2815 ) ;
#3738 = STYLED_ITEM ( 'NONE', ( #3063 ), #2777 ) ;
#3739 = PRESENTATION_LAYER_ASSIGNMENT (  '', '', ( #3339 ) ) ;
#3740 = AXIS2_PLACEMENT_3D ( 'NONE', #653, #42, #3231 ) ;
#3741 = CARTESIAN_POINT ( 'NONE',  ( -0.1239307213476972258, 0.04853134333433226089, 0.01000000000000000021 ) ) ;
#3742 = CARTESIAN_POINT ( 'NONE',  ( -0.2605977249740729640, -0.2449821083917770315, 0.3990000000000000213 ) ) ;
#3743 = CARTESIAN_POINT ( 'NONE',  ( 0.02213169766808581462, 0.05086529479437221918, 0.01000000000000000021 ) ) ;
#3744 = ORIENTED_EDGE ( 'NONE', *, *, #312, .T. ) ;
#3745 = COLOUR_RGB ( '',0.6666666666666666297, 0.6980392156862744724, 0.7686274509803920907 ) ;
#3746 = AXIS2_PLACEMENT_3D ( 'NONE', #2647, #1449, #500 ) ;
#3747 = CARTESIAN_POINT ( 'NONE',  ( -0.1323313683667450558, -0.03571005186988691904, 0.01000000000000000021 ) ) ;
#3748 = FILL_AREA_STYLE ('',( #1847 ) ) ;
#3749 = UNCERTAINTY_MEASURE_WITH_UNIT (LENGTH_MEASURE( 1.000000000000000082E-05 ), #613, 'distance_accuracy_value', 'NONE');
#3750 = EDGE_CURVE ( 'NONE', #1064, #492, #3252, .T. ) ;
#3751 = STYLED_ITEM ( 'NONE', ( #900 ), #3650 ) ;
#3752 = DIRECTION ( 'NONE',  ( 1.000000000000000000, 0.0000000000000000000, 0.0000000000000000000 ) ) ;
#3753 = ORIENTED_EDGE ( 'NONE', *, *, #2374, .T. ) ;
#3754 = VECTOR ( 'NONE', #2835, 1000.000000000000000 ) ;
#3755 = DIRECTION ( 'NONE',  ( 1.000000000000000000, 0.0000000000000000000, 0.0000000000000000000 ) ) ;
#3756 = VERTEX_POINT ( 'NONE', #413 ) ;
#3757 = DIRECTION ( 'NONE',  ( 0.0000000000000000000, -1.000000000000000000, 0.0000000000000000000 ) ) ;
#3758 = CARTESIAN_POINT ( 'NONE',  ( -0.1490408342877109493, -0.01124718349729960341, 0.0000000000000000000 ) ) ;
#3759 = CARTESIAN_POINT ( 'NONE',  ( 0.03453084509151625042, -0.04605250739223960832, 0.01000000000000000021 ) ) ;
#3760 = CARTESIAN_POINT ( 'NONE',  ( -0.1145328952397820232, 0.05181969566180968240, 0.01000000000000000021 ) ) ;
#3761 = FACE_OUTER_BOUND ( 'NONE', #3731, .T. ) ;
#3762 = DIRECTION ( 'NONE',  ( 0.0000000000000000000, -0.0000000000000000000, -1.000000000000000000 ) ) ;
#3763 = LINE ( 'NONE', #2909, #90 ) ;
#3764 = ORIENTED_EDGE ( 'NONE', *, *, #1281, .F. ) ;
#3765 =( LENGTH_UNIT ( ) NAMED_UNIT ( * ) SI_UNIT ( .MILLI., .METRE. ) );
#3766 = CARTESIAN_POINT ( 'NONE',  ( -0.1961609852587434810, 0.05360919723339661186, 0.0000000000000000000 ) ) ;
#3767 = FILL_AREA_STYLE ('',( #1527 ) ) ;
#3768 = CARTESIAN_POINT ( 'NONE',  ( -0.2605977249740729640, -0.2449821083917770315, 0.3990000000000000213 ) ) ;
#3769 = DIRECTION ( 'NONE',  ( 0.0000000000000000000, -0.0000000000000000000, 1.000000000000000000 ) ) ;
#3770 = CARTESIAN_POINT ( 'NONE',  ( 0.02782875764994997489, -0.03306629379744156771, 0.01000000000000000021 ) ) ;
#3771 = EDGE_CURVE ( 'NONE', #2887, #3839, #3209, .T. ) ;
#3772 = CARTESIAN_POINT ( 'NONE',  ( 0.09098701813030472818, 0.02799964918395782612, 0.01000000000000000021 ) ) ;
#3773 =( NAMED_UNIT ( * ) PLANE_ANGLE_UNIT ( ) SI_UNIT ( $, .RADIAN. ) );
#3774 = ORIENTED_EDGE ( 'NONE', *, *, #1290, .F. ) ;
#3775 = EDGE_CURVE ( 'NONE', #3839, #913, #3553, .T. ) ;
#3776 = CARTESIAN_POINT ( 'NONE',  ( -0.1214888908880460694, -0.02955907155381502782, 0.0000000000000000000 ) ) ;
#3777 = ORIENTED_EDGE ( 'NONE', *, *, #2381, .F. ) ;
#3778 = LINE ( 'NONE', #3208, #1945 ) ;
#3779 = FILL_AREA_STYLE ('',( #961 ) ) ;
#3780 = ORIENTED_EDGE ( 'NONE', *, *, #1049, .F. ) ;
#3781 = SURFACE_SIDE_STYLE ('',( #3108 ) ) ;
#3782 = CARTESIAN_POINT ( 'NONE',  ( -0.1999999999999999556, -0.2000000000000000111, -0.03999999999999998002 ) ) ;
#3783 = DIRECTION ( 'NONE',  ( -0.9407669869669988971, 0.3390537954853693470, 0.0000000000000000000 ) ) ;
#3784 = DIRECTION ( 'NONE',  ( -0.0000000000000000000, -0.0000000000000000000, -1.000000000000000000 ) ) ;
#3785 = CARTESIAN_POINT ( 'NONE',  ( 0.02213169766808581462, -0.03023226618123754650, 0.01000000000000000021 ) ) ;
#3786 = DIRECTION ( 'NONE',  ( -1.000000000000000000, -0.0000000000000000000, -0.0000000000000000000 ) ) ;
#3787 = ADVANCED_FACE ( 'NONE', ( #2417 ), #1707, .T. ) ;
#3788 = VERTEX_POINT ( 'NONE', #2664 ) ;
#3789 = MECHANICAL_DESIGN_GEOMETRIC_PRESENTATION_REPRESENTATION (  '', ( #3268 ), #1734 ) ;
#3790 = PRESENTATION_STYLE_ASSIGNMENT (( #4 ) ) ;
#3791 = LINE ( 'NONE', #968, #617 ) ;
#3792 = EDGE_CURVE ( 'NONE', #2691, #1658, #2113, .T. ) ;
#3793 = LINE ( 'NONE', #1565, #3424 ) ;
#3794 =( GEOMETRIC_REPRESENTATION_CONTEXT ( 3 ) GLOBAL_UNCERTAINTY_ASSIGNED_CONTEXT ( ( #3003 ) ) GLOBAL_UNIT_ASSIGNED_CONTEXT ( ( #214, #1735, #171 ) ) REPRESENTATION_CONTEXT ( 'NONE', 'WORKASPACE' ) );
#3795 = ORIENTED_EDGE ( 'NONE', *, *, #2236, .T. ) ;
#3796 = MECHANICAL_DESIGN_GEOMETRIC_PRESENTATION_REPRESENTATION (  '', ( #3275 ), #3794 ) ;
#3797 = FILL_AREA_STYLE_COLOUR ( '', #1217 ) ;
#3798 = ORIENTED_EDGE ( 'NONE', *, *, #1070, .T. ) ;
#3799 = CIRCLE ( 'NONE', #745, 0.1024695076595959903 ) ;
#3800 = CARTESIAN_POINT ( 'NONE',  ( 0.07000226482495361391, 0.03533481110839042927, 6.776263578034402713E-18 ) ) ;
#3801 = VECTOR ( 'NONE', #2290, 1000.000000000000000 ) ;
#3802 = CARTESIAN_POINT ( 'NONE',  ( 0.06065577327269584124, 0.04113818011157566873, 0.01000000000000000021 ) ) ;
#3803 = PRESENTATION_STYLE_ASSIGNMENT (( #260 ) ) ;
#3804 =( LENGTH_UNIT ( ) NAMED_UNIT ( * ) SI_UNIT ( .MILLI., .METRE. ) );
#3805 =( NAMED_UNIT ( * ) SI_UNIT ( $, .STERADIAN. ) SOLID_ANGLE_UNIT ( ) );
#3806 = B_SPLINE_CURVE_WITH_KNOTS ( 'NONE', 3,
 ( #1090, #2038, #822, #145, #504, #3367, #1433, #3322, #2731, #2399, #2362, #3969, #453, #3642, #1125, #778, #2712, #3655, #1732 ),
 .UNSPECIFIED., .F., .F.,
 ( 4, 1, 1, 1, 1, 1, 1, 1, 1, 1, 1, 1, 1, 1, 1, 1, 4 ),
 ( 0.0000000000000000000, 0.07377411937406359865, 0.1440791147260413463, 0.2113485183089115205, 0.2760768857398838150, 0.3385209158196766377, 0.3998851166931335910, 0.4602540674652130792, 0.5205889643912479103, 0.5802076845630441682, 0.6386329085525457305, 0.6963645494905238431, 0.7540017746600127246, 0.8128056813744979348, 0.8727544255255603733, 0.9351819969782670938, 1.000000000000000000 ),
 .UNSPECIFIED. ) ;
#3807 = COLOUR_RGB ( '',1.000000000000000000, 1.000000000000000000, 1.000000000000000000 ) ;
#3808 = DIRECTION ( 'NONE',  ( -0.0000000000000000000, -0.0000000000000000000, -1.000000000000000000 ) ) ;
#3809 = FILL_AREA_STYLE ('',( #2580 ) ) ;
#3810 =( GEOMETRIC_REPRESENTATION_CONTEXT ( 3 ) GLOBAL_UNCERTAINTY_ASSIGNED_CONTEXT ( ( #2608 ) ) GLOBAL_UNIT_ASSIGNED_CONTEXT ( ( #2826, #3447, #3464 ) ) REPRESENTATION_CONTEXT ( 'NONE', 'WORKASPACE' ) );
#3811 = CARTESIAN_POINT ( 'NONE',  ( 0.02213169766808581462, -0.03023226618123754650, 0.01000000000000000021 ) ) ;
#3812 = PRESENTATION_LAYER_ASSIGNMENT (  '', '', ( #1687 ) ) ;
#3813 =( NAMED_UNIT ( * ) PLANE_ANGLE_UNIT ( ) SI_UNIT ( $, .RADIAN. ) );
#3814 = PRESENTATION_STYLE_ASSIGNMENT (( #2813 ) ) ;
#3815 = VECTOR ( 'NONE', #915, 1000.000000000000000 ) ;
#3816 = CARTESIAN_POINT ( 'NONE',  ( 0.05528748409175536505, -0.03603183991061870151, 0.01000000000000000021 ) ) ;
#3817 = DIRECTION ( 'NONE',  ( 0.0000000000000000000, -1.000000000000000000, 0.0000000000000000000 ) ) ;
#3818 = ORIENTED_EDGE ( 'NONE', *, *, #2040, .T. ) ;
#3819 = FACE_OUTER_BOUND ( 'NONE', #3427, .T. ) ;
#3820 = CARTESIAN_POINT ( 'NONE',  ( 0.02798329055128825557, -0.04405657157507332500, 0.01000000000000000021 ) ) ;
#3821 = DIRECTION ( 'NONE',  ( -0.0000000000000000000, 0.0000000000000000000, -1.000000000000000000 ) ) ;
#3822 = VERTEX_POINT ( 'NONE', #1724 ) ;
#3823 = CARTESIAN_POINT ( 'NONE',  ( 0.04566447205832973449, 0.05482870942851855722, 0.01000000000000000021 ) ) ;
#3824 = PRODUCT_RELATED_PRODUCT_CATEGORY ( 'part', '', ( #952 ) ) ;
#3825 = DIRECTION ( 'NONE',  ( 0.0000000000000000000, -0.0000000000000000000, 1.000000000000000000 ) ) ;
#3826 = CARTESIAN_POINT ( 'NONE',  ( 0.04566447205832973449, 0.05482870942851855722, 0.01000000000000000021 ) ) ;
#3827 = DIRECTION ( 'NONE',  ( -0.0000000000000000000, -0.0000000000000000000, -1.000000000000000000 ) ) ;
#3828 = ORIENTED_EDGE ( 'NONE', *, *, #3920, .F. ) ;
#3829 = CARTESIAN_POINT ( 'NONE',  ( 0.03890199521428085866, 0.05460006405191046575, 6.776263578034402713E-18 ) ) ;
#3830 = EDGE_CURVE ( 'NONE', #565, #3009, #3667, .T. ) ;
#3831 = CARTESIAN_POINT ( 'NONE',  ( 0.08253018862791274002, 0.01148825105267964504, 0.01000000000000000021 ) ) ;
#3832 =( LENGTH_UNIT ( ) NAMED_UNIT ( * ) SI_UNIT ( .MILLI., .METRE. ) );
#3833 = LINE ( 'NONE', #2860, #1940 ) ;
#3834 = LINE ( 'NONE', #1523, #3426 ) ;
#3835 = LINE ( 'NONE', #2240, #550 ) ;
#3836 = EDGE_CURVE ( 'NONE', #1824, #3396, #1382, .T. ) ;
#3837 = SURFACE_STYLE_USAGE ( .BOTH. , #2302 ) ;
#3838 = DIRECTION ( 'NONE',  ( -0.0000000000000000000, -0.0000000000000000000, -1.000000000000000000 ) ) ;
#3839 = VERTEX_POINT ( 'NONE', #2354 ) ;
#3840 =( LENGTH_UNIT ( ) NAMED_UNIT ( * ) SI_UNIT ( .MILLI., .METRE. ) );
#3841 = PLANE ( 'NONE',  #3082 ) ;
#3842 = DIRECTION ( 'NONE',  ( -0.0000000000000000000, -0.0000000000000000000, -1.000000000000000000 ) ) ;
#3843 = EDGE_LOOP ( 'NONE', ( #901, #3360, #2606, #2665 ) ) ;
#3844 = CARTESIAN_POINT ( 'NONE',  ( 0.04565256153946330858, -0.04756346760696626014, 0.01000000000000000021 ) ) ;
#3845 = UNCERTAINTY_MEASURE_WITH_UNIT (LENGTH_MEASURE( 1.000000000000000082E-05 ), #1032, 'distance_accuracy_value', 'NONE');
#3846 =( NAMED_UNIT ( * ) PLANE_ANGLE_UNIT ( ) SI_UNIT ( $, .RADIAN. ) );
#3847 = CARTESIAN_POINT ( 'NONE',  ( -0.1376243998928897705, 0.004580996013884406151, 0.0000000000000000000 ) ) ;
#3848 = LINE ( 'NONE', #1680, #1408 ) ;
#3849 = ORIENTED_EDGE ( 'NONE', *, *, #3174, .T. ) ;
#3850 = CARTESIAN_POINT ( 'NONE',  ( 0.03270314236741977965, 0.05386203100650190784, 0.01000000000000000021 ) ) ;
#3851 = CARTESIAN_POINT ( 'NONE',  ( 0.07910752450813915426, 0.02322410792952244590, 6.776263578034402713E-18 ) ) ;
#3852 = CARTESIAN_POINT ( 'NONE',  ( 0.09652194157052484957, 0.001722764306567337381, 0.01000000000000000021 ) ) ;
#3853 = SURFACE_SIDE_STYLE ('',( #2553 ) ) ;
#3854 = FACE_OUTER_BOUND ( 'NONE', #1838, .T. ) ;
#3855 = FILL_AREA_STYLE_COLOUR ( '', #3088 ) ;
#3856 = CARTESIAN_POINT ( 'NONE',  ( 0.0000000000000000000, 0.0000000000000000000, 0.4000000000000000222 ) ) ;
#3857 = EDGE_CURVE ( 'NONE', #272, #1411, #2326, .T. ) ;
#3858 = DIRECTION ( 'NONE',  ( -0.0000000000000000000, -0.0000000000000000000, -1.000000000000000000 ) ) ;
#3859 = VERTEX_POINT ( 'NONE', #2323 ) ;
#3860 = CARTESIAN_POINT ( 'NONE',  ( 0.09652194157052484957, 0.001722764306567337381, 1.016439536705160407E-17 ) ) ;
#3861 = LINE ( 'NONE', #3256, #3224 ) ;
#3862 = SURFACE_STYLE_USAGE ( .BOTH. , #397 ) ;
#3863 =( NAMED_UNIT ( * ) SI_UNIT ( $, .STERADIAN. ) SOLID_ANGLE_UNIT ( ) );
#3864 = AXIS2_PLACEMENT_3D ( 'NONE', #3358, #122, #2051 ) ;
#3865 = CARTESIAN_POINT ( 'NONE',  ( -0.09871433891728005616, 0.04263358747729904807, 0.01000000000000000021 ) ) ;
#3866 = EDGE_LOOP ( 'NONE', ( #2546, #543, #2292, #3638 ) ) ;
#3867 = COLOUR_RGB ( '',1.000000000000000000, 1.000000000000000000, 1.000000000000000000 ) ;
#3868 = CARTESIAN_POINT ( 'NONE',  ( 0.04555014279003703065, 0.04385309967242099344, 6.776263578034402713E-18 ) ) ;
#3869 = STYLED_ITEM ( 'NONE', ( #3790 ), #2473 ) ;
#3870 =( LENGTH_UNIT ( ) NAMED_UNIT ( * ) SI_UNIT ( .MILLI., .METRE. ) );
#3871 = VECTOR ( 'NONE', #2233, 1000.000000000000000 ) ;
#3872 = EDGE_CURVE ( 'NONE', #999, #3402, #1117, .T. ) ;
#3873 =( GEOMETRIC_REPRESENTATION_CONTEXT ( 3 ) GLOBAL_UNCERTAINTY_ASSIGNED_CONTEXT ( ( #3971 ) ) GLOBAL_UNIT_ASSIGNED_CONTEXT ( ( #3918, #4088, #3425 ) ) REPRESENTATION_CONTEXT ( 'NONE', 'WORKASPACE' ) );
#3874 = FACE_OUTER_BOUND ( 'NONE', #155, .T. ) ;
#3875 = CARTESIAN_POINT ( 'NONE',  ( 0.1050585269363785157, -0.04639080276660340063, 0.0000000000000000000 ) ) ;
#3876 = MECHANICAL_DESIGN_GEOMETRIC_PRESENTATION_REPRESENTATION (  '', ( #149 ), #2345 ) ;
#3877 = ORIENTED_EDGE ( 'NONE', *, *, #230, .F. ) ;
#3878 = VECTOR ( 'NONE', #1243, 1000.000000000000000 ) ;
#3879 = PRESENTATION_STYLE_ASSIGNMENT (( #30 ) ) ;
#3880 = CARTESIAN_POINT ( 'NONE',  ( 0.04566447205832973449, 0.05482870942851855722, 1.016439536705160407E-17 ) ) ;
#3881 =( GEOMETRIC_REPRESENTATION_CONTEXT ( 3 ) GLOBAL_UNCERTAINTY_ASSIGNED_CONTEXT ( ( #2428 ) ) GLOBAL_UNIT_ASSIGNED_CONTEXT ( ( #1178, #2048, #621 ) ) REPRESENTATION_CONTEXT ( 'NONE', 'WORKASPACE' ) );
#3882 = CARTESIAN_POINT ( 'NONE',  ( -0.2031485117912937011, 0.03922688591953379239, 0.01000000000000000021 ) ) ;
#3883 = DIRECTION ( 'NONE',  ( -1.000000000000000000, 0.0000000000000000000, 0.0000000000000000000 ) ) ;
#3884 = COLOUR_RGB ( '',1.000000000000000000, 1.000000000000000000, 1.000000000000000000 ) ;
#3885 = UNCERTAINTY_MEASURE_WITH_UNIT (LENGTH_MEASURE( 1.000000000000000082E-05 ), #850, 'distance_accuracy_value', 'NONE');
#3886 = CARTESIAN_POINT ( 'NONE',  ( -0.1427175435243114854, -0.02486068721845144033, 0.01000000000000000021 ) ) ;
#3887 = CARTESIAN_POINT ( 'NONE',  ( -0.2042974181855727323, 0.03440188016022587003, 0.0000000000000000000 ) ) ;
#3888 = CARTESIAN_POINT ( 'NONE',  ( -0.1427135614271780040, 0.03324662565844439116, 1.016439536705160407E-17 ) ) ;
#3889 = CARTESIAN_POINT ( 'NONE',  ( 0.1562780391315004846, -0.04639080276660340063, 0.01000000000000000021 ) ) ;
#3890 = DIRECTION ( 'NONE',  ( -0.0000000000000000000, 0.0000000000000000000, 1.000000000000000000 ) ) ;
#3891 = CARTESIAN_POINT ( 'NONE',  ( -0.07055122916118249099, -0.04639080276660340063, 0.01000000000000000021 ) ) ;
#3892 = DIRECTION ( 'NONE',  ( -0.0000000000000000000, -0.0000000000000000000, -1.000000000000000000 ) ) ;
#3893 = CARTESIAN_POINT ( 'NONE',  ( -0.2009805727736754533, 0.03485766796090208897, 6.776263578034402713E-18 ) ) ;
#3894 = EDGE_LOOP ( 'NONE', ( #3828, #2820, #2458, #3219 ) ) ;
#3895 = FACE_OUTER_BOUND ( 'NONE', #1370, .T. ) ;
#3896 =( NAMED_UNIT ( * ) SI_UNIT ( $, .STERADIAN. ) SOLID_ANGLE_UNIT ( ) );
#3897 = CARTESIAN_POINT ( 'NONE',  ( 0.06814262310947717671, -0.03073759360540894228, 0.01000000000000000021 ) ) ;
#3898 = CARTESIAN_POINT ( 'NONE',  ( 0.05101374096779068973, 0.05470424928933645403, 1.016439536705160407E-17 ) ) ;
#3899 = CARTESIAN_POINT ( 'NONE',  ( -0.2031485117912937011, 0.03922688591953379239, 6.776263578034402713E-18 ) ) ;
#3900 = FILL_AREA_STYLE_COLOUR ( '', #462 ) ;
#3901 =( NAMED_UNIT ( * ) SI_UNIT ( $, .STERADIAN. ) SOLID_ANGLE_UNIT ( ) );
#3902 = CARTESIAN_POINT ( 'NONE',  ( -0.1211468040007877001, 0.03732041482769384716, 0.01000000000000000021 ) ) ;
#3903 = EDGE_CURVE ( 'NONE', #2447, #2086, #399, .T. ) ;
#3904 = CARTESIAN_POINT ( 'NONE',  ( -0.1453202494906777886, -0.02062382951612205459, 0.01000000000000000021 ) ) ;
#3905 = CARTESIAN_POINT ( 'NONE',  ( 0.08307267597623892164, 0.004086733156946732032, -0.0000000000000000000 ) ) ;
#3906 = LINE ( 'NONE', #1056, #1362 ) ;
#3907 = CARTESIAN_POINT ( 'NONE',  ( 0.08171027222496268783, 0.01563811251928537080, 0.01000000000000000021 ) ) ;
#3908 = CARTESIAN_POINT ( 'NONE',  ( -0.2020931492169551202, 0.03935679030473801521, 0.0000000000000000000 ) ) ;
#3909 = DIRECTION ( 'NONE',  ( 1.000000000000000000, 0.0000000000000000000, 0.0000000000000000000 ) ) ;
#3910 = CARTESIAN_POINT ( 'NONE',  ( -0.2009805727736754533, 0.03485766796090208897, 0.01000000000000000021 ) ) ;
#3911 = CARTESIAN_POINT ( 'NONE',  ( -0.2023134318895465911, 0.04070198605335499653, 6.776263578034402713E-18 ) ) ;
#3912 = ORIENTED_EDGE ( 'NONE', *, *, #2891, .F. ) ;
#3913 = CARTESIAN_POINT ( 'NONE',  ( 0.02711793072321853557, 0.05262899721477409809, 0.0000000000000000000 ) ) ;
#3914 = DIRECTION ( 'NONE',  ( 0.0000000000000000000, -0.0000000000000000000, -1.000000000000000000 ) ) ;
#3915 = DIRECTION ( 'NONE',  ( -0.0000000000000000000, -0.0000000000000000000, -1.000000000000000000 ) ) ;
#3916 = B_SPLINE_CURVE_WITH_KNOTS ( 'NONE', 3,
 ( #279, #324, #1292, #3524, #1860, #254, #1597, #3776, #14, #1536, #1845, #929, #2573, #718, #3287, #3261, #373, #2021, #3847 ),
 .UNSPECIFIED., .F., .F.,
 ( 4, 1, 1, 1, 1, 1, 1, 1, 1, 1, 1, 1, 1, 1, 1, 1, 4 ),
 ( 0.0000000000000000000, 0.07082657255516341954, 0.1381690332798000131, 0.2024753315338422566, 0.2639737544135198899, 0.3233803205980371187, 0.3817976227131854583, 0.4393900745193890511, 0.4969027245459974873, 0.5546621696093702036, 0.6127418784921975226, 0.6715388363911724001, 0.7316557220901981351, 0.7942978116139531863, 0.8594822049793585661, 0.9276813254527899177, 1.000000000000000000 ),
 .UNSPECIFIED. ) ;
#3917 = CARTESIAN_POINT ( 'NONE',  ( 0.002619502546134599465, 0.05360919723339661186, 0.01000000000000000021 ) ) ;
#3918 =( LENGTH_UNIT ( ) NAMED_UNIT ( * ) SI_UNIT ( .MILLI., .METRE. ) );
#3919 = LINE ( 'NONE', #440, #3011 ) ;
#3920 = EDGE_CURVE ( 'NONE', #2927, #1560, #2392, .T. ) ;
#3921 = UNCERTAINTY_MEASURE_WITH_UNIT (LENGTH_MEASURE( 1.000000000000000082E-05 ), #2693, 'distance_accuracy_value', 'NONE');
#3922 = DIRECTION ( 'NONE',  ( 0.0000000000000000000, 0.0000000000000000000, 1.000000000000000000 ) ) ;
#3923 = CARTESIAN_POINT ( 'NONE',  ( -0.1510390340392313013, 0.004866819184616113722, 0.01000000000000000021 ) ) ;
#3924 = CARTESIAN_POINT ( 'NONE',  ( -0.1214888908880460694, -0.02955907155381502782, 0.01000000000000000021 ) ) ;
#3925 = ORIENTED_EDGE ( 'NONE', *, *, #2497, .F. ) ;
#3926 = STYLED_ITEM ( 'NONE', ( #2581 ), #3730 ) ;
#3927 = EDGE_CURVE ( 'NONE', #712, #3390, #2014, .T. ) ;
#3928 = LINE ( 'NONE', #2718, #4077 ) ;
#3929 =( GEOMETRIC_REPRESENTATION_CONTEXT ( 3 ) GLOBAL_UNCERTAINTY_ASSIGNED_CONTEXT ( ( #3226 ) ) GLOBAL_UNIT_ASSIGNED_CONTEXT ( ( #641, #2644, #2911 ) ) REPRESENTATION_CONTEXT ( 'NONE', 'WORKASPACE' ) );
#3930 = STYLED_ITEM ( 'NONE', ( #3497 ), #2244 ) ;
#3931 = CARTESIAN_POINT ( 'NONE',  ( 0.07910752450813915426, 0.02322410792952244590, 0.01000000000000000021 ) ) ;
#3932 = SURFACE_STYLE_USAGE ( .BOTH. , #2319 ) ;
#3933 = DIRECTION ( 'NONE',  ( -1.000000000000000000, 0.0000000000000000000, 0.0000000000000000000 ) ) ;
#3934 = DIRECTION ( 'NONE',  ( 1.000000000000000000, 0.0000000000000000000, -0.0000000000000000000 ) ) ;
#3935 = COLOUR_RGB ( '',1.000000000000000000, 1.000000000000000000, 1.000000000000000000 ) ;
#3936 = CARTESIAN_POINT ( 'NONE',  ( -0.2013072863372604993, 0.03584291143667864277, 0.01000000000000000021 ) ) ;
#3937 = CARTESIAN_POINT ( 'NONE',  ( 0.2000000000000000111, 0.09753049234040402082, -3.388131789017201356E-18 ) ) ;
#3938 = ORIENTED_EDGE ( 'NONE', *, *, #3404, .F. ) ;
#3939 = COLOUR_RGB ( '',0.2980392156862745057, 0.2980392156862745057, 0.2980392156862745057 ) ;
#3940 = CARTESIAN_POINT ( 'NONE',  ( -0.1859094608684995487, -0.007366412522700959038, 0.01000000000000000021 ) ) ;
#3941 = LINE ( 'NONE', #2687, #2215 ) ;
#3942 = CLOSED_SHELL ( 'NONE', ( #655, #3220, #2669, #226, #1391, #642, #2995, #1817, #291, #1128, #1887, #1313, #2596, #2874, #1730, #2802, #3650, #2746, #333, #2922, #3730, #704, #3657, #3511, #1252, #3170, #178, #2178, #3453, #103, #3787, #541, #1839, #738, #441, #2473, #2093, #2948, #976, #2828, #4093, #2015, #1179, #973, #1936, #846, #852, #1321, #2342, #1960, #770, #1471, #2402, #3429, #661, #3560, #2244, #1771, #1620, #1593, #1263, #3229, #2777, #1337, #638, #2312, #1157, #3138, #1659, #258, #1825, #1533, #2146, #2992, #3725, #1077 ) ) ;
#3943 = CARTESIAN_POINT ( 'NONE',  ( 0.02213169766808581462, 0.03745066064803075079, 0.01000000000000000021 ) ) ;
#3944 = MECHANICAL_DESIGN_GEOMETRIC_PRESENTATION_REPRESENTATION (  '', ( #1550 ), #2142 ) ;
#3945 = ORIENTED_EDGE ( 'NONE', *, *, #2648, .F. ) ;
#3946 = CARTESIAN_POINT ( 'NONE',  ( 0.2000000000000000111, 0.2000000000000000111, -0.03999999999999998002 ) ) ;
#3947 = LINE ( 'NONE', #2383, #408 ) ;
#3948 = VERTEX_POINT ( 'NONE', #3962 ) ;
#3949 = AXIS2_PLACEMENT_3D ( 'NONE', #2222, #3127, #1299 ) ;
#3950 =( GEOMETRIC_REPRESENTATION_CONTEXT ( 3 ) GLOBAL_UNCERTAINTY_ASSIGNED_CONTEXT ( ( #579 ) ) GLOBAL_UNIT_ASSIGNED_CONTEXT ( ( #2454, #512, #490 ) ) REPRESENTATION_CONTEXT ( 'NONE', 'WORKASPACE' ) );
#3951 = VECTOR ( 'NONE', #3106, 1000.000000000000000 ) ;
#3952 = VECTOR ( 'NONE', #2437, 1000.000000000000000 ) ;
#3953 = CIRCLE ( 'NONE', #1215, 0.1099999999999999867 ) ;
#3954 = CARTESIAN_POINT ( 'NONE',  ( -0.1350208236642203297, 0.02116704537957028037, 0.01000000000000000021 ) ) ;
#3955 = AXIS2_PLACEMENT_3D ( 'NONE', #3239, #3786, #3817 ) ;
#3956 = ORIENTED_EDGE ( 'NONE', *, *, #1201, .T. ) ;
#3957 = PRESENTATION_LAYER_ASSIGNMENT (  '', '', ( #1763 ) ) ;
#3958 = CARTESIAN_POINT ( 'NONE',  ( -0.2027539730636215010, 0.04141407528217708883, 0.0000000000000000000 ) ) ;
#3959 =( NAMED_UNIT ( * ) SI_UNIT ( $, .STERADIAN. ) SOLID_ANGLE_UNIT ( ) );
#3960 = CARTESIAN_POINT ( 'NONE',  ( 0.03331055125009674267, 0.04228171219511380613, 6.776263578034402713E-18 ) ) ;
#3961 = CARTESIAN_POINT ( 'NONE',  ( 0.03453084509151625042, -0.04605250739223960832, 0.0000000000000000000 ) ) ;
#3962 = CARTESIAN_POINT ( 'NONE',  ( 0.08310730742418338812, 0.002542124062664896482, 0.01000000000000000021 ) ) ;
#3963 = EDGE_CURVE ( 'NONE', #1505, #2386, #1103, .T. ) ;
#3964 = EDGE_LOOP ( 'NONE', ( #2465, #3370, #1121 ) ) ;
#3965 = SURFACE_STYLE_FILL_AREA ( #1667 ) ;
#3966 = CARTESIAN_POINT ( 'NONE',  ( -0.08396586330752396632, -0.03541519301050583685, 0.01000000000000000021 ) ) ;
#3967 = SURFACE_SIDE_STYLE ('',( #2650 ) ) ;
#3968 = CARTESIAN_POINT ( 'NONE',  ( 0.04829974220716565236, -0.04759451458068605922, 0.01000000000000000021 ) ) ;
#3969 = CARTESIAN_POINT ( 'NONE',  ( 0.06814262310947717671, -0.03073759360540894228, 0.0000000000000000000 ) ) ;
#3970 = CARTESIAN_POINT ( 'NONE',  ( 0.1050585269363785157, -0.03541519301050583685, 0.0000000000000000000 ) ) ;
#3971 = UNCERTAINTY_MEASURE_WITH_UNIT (LENGTH_MEASURE( 1.000000000000000082E-05 ), #3918, 'distance_accuracy_value', 'NONE');
#3972 =( NAMED_UNIT ( * ) PLANE_ANGLE_UNIT ( ) SI_UNIT ( $, .RADIAN. ) );
#3973 = LINE ( 'NONE', #511, #1007 ) ;
#3974 = CARTESIAN_POINT ( 'NONE',  ( 0.08307267597623892164, 0.004086733156946732032, 6.776263578034402713E-18 ) ) ;
#3975 = PLANE ( 'NONE',  #3162 ) ;
#3976 = B_SPLINE_SURFACE_WITH_KNOTS ( 'NONE', 3, 1, ( 
 ( #2336, #2154 ),
 ( #3044, #2755 ),
 ( #3017, #2404 ),
 ( #172, #2735 ),
 ( #3080, #845 ),
 ( #3684, #1110 ),
 ( #1173, #1513 ),
 ( #1131, #1457 ),
 ( #828, #569 ),
 ( #152, #1496 ),
 ( #2385, #2064 ),
 ( #1476, #4016 ),
 ( #3345, #2096 ),
 ( #509, #2114 ),
 ( #1784, #3061 ),
 ( #1156, #2430 ),
 ( #2132, #523 ),
 ( #882, #3708 ),
 ( #3389, #2776 ) ),
 .UNSPECIFIED., .F., .F., .F.,
 ( 4, 1, 1, 1, 1, 1, 1, 1, 1, 1, 1, 1, 1, 1, 1, 1, 4 ),
 ( 2, 2 ),
 ( 0.0000000000000000000, 0.07082657255516341954, 0.1381690332798000131, 0.2024753315338422566, 0.2639737544135198899, 0.3233803205980371187, 0.3817976227131854583, 0.4393900745193890511, 0.4969027245459974873, 0.5546621696093702036, 0.6127418784921975226, 0.6715388363911724001, 0.7316557220901981351, 0.7942978116139531863, 0.8594822049793585661, 0.9276813254527899177, 1.000000000000000000 ),
 ( 0.0000000000000000000, 1.000000000000000000 ),
 .UNSPECIFIED. ) ;
#3977 = VERTEX_POINT ( 'NONE', #2375 ) ;
#3978 = CARTESIAN_POINT ( 'NONE',  ( 0.04449492981909479450, 0.04383714561278712063, 0.01000000000000000021 ) ) ;
#3979 = CARTESIAN_POINT ( 'NONE',  ( 0.1050585269363785157, -0.03541519301050583685, 0.01000000000000000021 ) ) ;
#3980 = PLANE ( 'NONE',  #404 ) ;
#3981 = EDGE_CURVE ( 'NONE', #2386, #3679, #3053, .T. ) ;
#3982 = CARTESIAN_POINT ( 'NONE',  ( -0.2023134318895465911, 0.04070198605335499653, 0.01000000000000000021 ) ) ;
#3983 = VERTEX_POINT ( 'NONE', #2744 ) ;
#3984 = DIRECTION ( 'NONE',  ( 1.000000000000000000, -0.0000000000000000000, 0.0000000000000000000 ) ) ;
#3985 = SURFACE_SIDE_STYLE ('',( #2789 ) ) ;
#3986 = EDGE_CURVE ( 'NONE', #2996, #1439, #4000, .T. ) ;
#3987 = ORIENTED_EDGE ( 'NONE', *, *, #2457, .F. ) ;
#3988 = CARTESIAN_POINT ( 'NONE',  ( 0.04555014279003703065, 0.04385309967242099344, 0.01000000000000000021 ) ) ;
#3989 = SURFACE_STYLE_USAGE ( .BOTH. , #1434 ) ;
#3990 = ORIENTED_EDGE ( 'NONE', *, *, #1036, .F. ) ;
#3991 = CARTESIAN_POINT ( 'NONE',  ( -0.1239307213476972258, 0.04853134333433226089, 0.0000000000000000000 ) ) ;
#3992 = CARTESIAN_POINT ( 'NONE',  ( 0.08852432664898332582, 0.03240983297335044144, 0.0000000000000000000 ) ) ;
#3993 = SURFACE_STYLE_USAGE ( .BOTH. , #3711 ) ;
#3994 = CARTESIAN_POINT ( 'NONE',  ( -0.1510390340392313013, 0.004866819184616113722, 0.01000000000000000021 ) ) ;
#3995 = VERTEX_POINT ( 'NONE', #2121 ) ;
#3996 = SURFACE_STYLE_USAGE ( .BOTH. , #2740 ) ;
#3997 = PRESENTATION_STYLE_ASSIGNMENT (( #2704 ) ) ;
#3998 = FILL_AREA_STYLE ('',( #1569 ) ) ;
#3999 = CARTESIAN_POINT ( 'NONE',  ( -0.2020931492169551202, 0.03935679030473801521, 0.01000000000000000021 ) ) ;
#4000 = CIRCLE ( 'NONE', #1133, 0.1024695076595959903 ) ;
#4001 = CARTESIAN_POINT ( 'NONE',  ( 0.03040280409460474967, 0.04139241211214545607, 0.0000000000000000000 ) ) ;
#4002 = VERTEX_POINT ( 'NONE', #4026 ) ;
#4003 = EDGE_CURVE ( 'NONE', #1864, #208, #2199, .T. ) ;
#4004 = PRODUCT_DEFINITION_FORMATION_WITH_SPECIFIED_SOURCE ( 'ÈÎºÎ', '', #952, .NOT_KNOWN. ) ;
#4005 = AXIS2_PLACEMENT_3D ( 'NONE', #1160, #3710, #847 ) ;
#4006 = DIRECTION ( 'NONE',  ( -1.000000000000000000, -0.0000000000000000000, -0.0000000000000000000 ) ) ;
#4007 = PRESENTATION_STYLE_ASSIGNMENT (( #187 ) ) ;
#4008 = ORIENTED_EDGE ( 'NONE', *, *, #875, .F. ) ;
#4009 = COLOUR_RGB ( '',1.000000000000000000, 1.000000000000000000, 1.000000000000000000 ) ;
#4010 = VECTOR ( 'NONE', #505, 1000.000000000000000 ) ;
#4011 = DIRECTION ( 'NONE',  ( 0.0000000000000000000, -0.0000000000000000000, -1.000000000000000000 ) ) ;
#4012 = EDGE_CURVE ( 'NONE', #2412, #3493, #200, .T. ) ;
#4013 =( GEOMETRIC_REPRESENTATION_CONTEXT ( 3 ) GLOBAL_UNCERTAINTY_ASSIGNED_CONTEXT ( ( #838 ) ) GLOBAL_UNIT_ASSIGNED_CONTEXT ( ( #2445, #873, #3095 ) ) REPRESENTATION_CONTEXT ( 'NONE', 'WORKASPACE' ) );
#4014 = PRESENTATION_LAYER_ASSIGNMENT (  '', '', ( #2483 ) ) ;
#4015 = UNCERTAINTY_MEASURE_WITH_UNIT (LENGTH_MEASURE( 1.000000000000000082E-05 ), #3320, 'distance_accuracy_value', 'NONE');
#4016 = CARTESIAN_POINT ( 'NONE',  ( -0.1318284445408947902, -0.01913145615366455138, 6.776263578034402713E-18 ) ) ;
#4017 = PRESENTATION_LAYER_ASSIGNMENT (  '', '', ( #349 ) ) ;
#4018 = ORIENTED_EDGE ( 'NONE', *, *, #3750, .T. ) ;
#4019 = CARTESIAN_POINT ( 'NONE',  ( 0.09460395558609137334, 0.01832304595763858610, 0.0000000000000000000 ) ) ;
#4020 =( GEOMETRIC_REPRESENTATION_CONTEXT ( 3 ) GLOBAL_UNCERTAINTY_ASSIGNED_CONTEXT ( ( #3666 ) ) GLOBAL_UNIT_ASSIGNED_CONTEXT ( ( #593, #274, #1347 ) ) REPRESENTATION_CONTEXT ( 'NONE', 'WORKASPACE' ) );
#4021 = CARTESIAN_POINT ( 'NONE',  ( 0.1050585269363785157, -0.04639080276660340063, 0.01000000000000000021 ) ) ;
#4022 = COLOUR_RGB ( '',1.000000000000000000, 1.000000000000000000, 1.000000000000000000 ) ;
#4023 = DIRECTION ( 'NONE',  ( 0.0000000000000000000, 0.0000000000000000000, 1.000000000000000000 ) ) ;
#4024 = CARTESIAN_POINT ( 'NONE',  ( 0.02756847977950942566, 0.04027839829473653377, 0.01000000000000000021 ) ) ;
#4025 = CIRCLE ( 'NONE', #962, 0.1099999999999999867 ) ;
#4026 = CARTESIAN_POINT ( 'NONE',  ( 0.02213169766808581462, 0.03745066064803075079, 0.01000000000000000021 ) ) ;
#4027 = CARTESIAN_POINT ( 'NONE',  ( 0.06885086068046135377, -0.04430187218991737258, 0.0000000000000000000 ) ) ;
#4028 = PRESENTATION_STYLE_ASSIGNMENT (( #243 ) ) ;
#4029 = LINE ( 'NONE', #2361, #2273 ) ;
#4030 = SURFACE_STYLE_USAGE ( .BOTH. , #3157 ) ;
#4031 = CARTESIAN_POINT ( 'NONE',  ( 0.03729790743152535532, -0.03578397166537304608, 0.0000000000000000000 ) ) ;
#4032 = CARTESIAN_POINT ( 'NONE',  ( -0.1375898882908501153, 0.003042741863485113555, 0.01000000000000000021 ) ) ;
#4033 = VERTEX_POINT ( 'NONE', #2441 ) ;
#4034 = EDGE_CURVE ( 'NONE', #4002, #4121, #4118, .T. ) ;
#4035 = DIRECTION ( 'NONE',  ( -1.000000000000000000, 0.0000000000000000000, 0.0000000000000000000 ) ) ;
#4036 = ORIENTED_EDGE ( 'NONE', *, *, #340, .F. ) ;
#4037 = CARTESIAN_POINT ( 'NONE',  ( 0.07032618990168687523, 0.04920361437395940479, 0.0000000000000000000 ) ) ;
#4038 = CARTESIAN_POINT ( 'NONE',  ( -0.1427135614271780040, 0.03324662565844439116, 0.01000000000000000021 ) ) ;
#4039 = EDGE_CURVE ( 'NONE', #2341, #191, #2526, .T. ) ;
#4040 = FACE_OUTER_BOUND ( 'NONE', #2543, .T. ) ;
#4041 = ORIENTED_EDGE ( 'NONE', *, *, #3571, .T. ) ;
#4042 = CARTESIAN_POINT ( 'NONE',  ( 0.03331055125009674267, 0.04228171219511380613, 0.01000000000000000021 ) ) ;
#4043 = EDGE_LOOP ( 'NONE', ( #1170, #3073, #781, #308 ) ) ;
#4044 = CARTESIAN_POINT ( 'NONE',  ( -0.2028926426638608949, 0.04064533788507773693, 0.01000000000000000021 ) ) ;
#4045 = UNCERTAINTY_MEASURE_WITH_UNIT (LENGTH_MEASURE( 1.000000000000000082E-05 ), #2710, 'distance_accuracy_value', 'NONE');
#4046 = CARTESIAN_POINT ( 'NONE',  ( 0.02756847977950942566, 0.04027839829473653377, 0.0000000000000000000 ) ) ;
#4047 = CARTESIAN_POINT ( 'NONE',  ( 0.08050479552163869457, -0.03728331684247850053, 0.0000000000000000000 ) ) ;
#4048 = ORIENTED_EDGE ( 'NONE', *, *, #3488, .T. ) ;
#4049 =( NAMED_UNIT ( * ) SI_UNIT ( $, .STERADIAN. ) SOLID_ANGLE_UNIT ( ) );
#4050 = CARTESIAN_POINT ( 'NONE',  ( 0.002619502546134599465, 0.05360919723339661186, 0.0000000000000000000 ) ) ;
#4051 =( NAMED_UNIT ( * ) SI_UNIT ( $, .STERADIAN. ) SOLID_ANGLE_UNIT ( ) );
#4052 = ORIENTED_EDGE ( 'NONE', *, *, #2516, .F. ) ;
#4053 = EDGE_CURVE ( 'NONE', #1124, #3605, #3458, .T. ) ;
#4054 = FACE_OUTER_BOUND ( 'NONE', #2892, .T. ) ;
#4055 = SURFACE_STYLE_USAGE ( .BOTH. , #2408 ) ;
#4056 = CARTESIAN_POINT ( 'NONE',  ( -0.1376243998928897705, 0.004580996013884406151, 0.0000000000000000000 ) ) ;
#4057 = CARTESIAN_POINT ( 'NONE',  ( 0.06442848105673179560, -0.04579577962111081035, 6.776263578034402713E-18 ) ) ;
#4058 = ORIENTED_EDGE ( 'NONE', *, *, #3478, .F. ) ;
#4059 = EDGE_CURVE ( 'NONE', #4116, #2412, #649, .T. ) ;
#4060 = ORIENTED_EDGE ( 'NONE', *, *, #1515, .T. ) ;
#4061 = CARTESIAN_POINT ( 'NONE',  ( -0.09774254013679223307, -0.04639080276660340063, 0.01000000000000000021 ) ) ;
#4062 = CARTESIAN_POINT ( 'NONE',  ( -0.2038877709829573504, 0.03571161476422711478, 0.01000000000000000021 ) ) ;
#4063 = FILL_AREA_STYLE_COLOUR ( '', #409 ) ;
#4064 = B_SPLINE_CURVE_WITH_KNOTS ( 'NONE', 3,
 ( #3356, #1042, #3908, #1444, #747, #1722, #1058 ),
 .UNSPECIFIED., .F., .F.,
 ( 4, 1, 1, 1, 4 ),
 ( 0.0000000000000000000, 0.3005411131585078444, 0.5677471464835985859, 0.8000336137369795653, 1.000000000000000000 ),
 .UNSPECIFIED. ) ;
#4065 = ORIENTED_EDGE ( 'NONE', *, *, #2291, .T. ) ;
#4066 = CARTESIAN_POINT ( 'NONE',  ( -0.2105977249740729751, -0.2449821083917770315, 0.4000000000000000222 ) ) ;
#4067 = ORIENTED_EDGE ( 'NONE', *, *, #2452, .F. ) ;
#4068 = PRESENTATION_STYLE_ASSIGNMENT (( #2834 ) ) ;
#4069 = DIRECTION ( 'NONE',  ( -0.0000000000000000000, -0.0000000000000000000, 1.000000000000000000 ) ) ;
#4070 = ORIENTED_EDGE ( 'NONE', *, *, #1172, .T. ) ;
#4071 = MECHANICAL_DESIGN_GEOMETRIC_PRESENTATION_REPRESENTATION (  '', ( #71 ), #205 ) ;
#4072 = PRESENTATION_LAYER_ASSIGNMENT (  '', '', ( #877 ) ) ;
#4073 = PRESENTATION_LAYER_ASSIGNMENT (  '', '', ( #3869 ) ) ;
#4074 = COLOUR_RGB ( '',1.000000000000000000, 1.000000000000000000, 1.000000000000000000 ) ;
#4075 = STYLED_ITEM ( 'NONE', ( #4117 ), #1077 ) ;
#4076 = CARTESIAN_POINT ( 'NONE',  ( -0.09877150355142640115, 0.05360919723339661186, 0.01000000000000000021 ) ) ;
#4077 = VECTOR ( 'NONE', #1055, 999.9999999999998863 ) ;
#4078 = FACE_OUTER_BOUND ( 'NONE', #3110, .T. ) ;
#4079 = STYLED_ITEM ( 'NONE', ( #3395 ), #1313 ) ;
#4080 = EDGE_LOOP ( 'NONE', ( #510, #597, #4058, #1326, #646, #821 ) ) ;
#4081 = VECTOR ( 'NONE', #1990, 1000.000000000000000 ) ;
#4082 = PLANE ( 'NONE',  #1821 ) ;
#4083 = UNCERTAINTY_MEASURE_WITH_UNIT (LENGTH_MEASURE( 1.000000000000000082E-05 ), #3055, 'distance_accuracy_value', 'NONE');
#4084 = DIRECTION ( 'NONE',  ( 1.000000000000000000, 0.0000000000000000000, -0.0000000000000000000 ) ) ;
#4085 = EDGE_CURVE ( 'NONE', #164, #1666, #2505, .T. ) ;
#4086 = MECHANICAL_DESIGN_GEOMETRIC_PRESENTATION_REPRESENTATION (  '', ( #3354 ), #3695 ) ;
#4087 =( GEOMETRIC_REPRESENTATION_CONTEXT ( 3 ) GLOBAL_UNCERTAINTY_ASSIGNED_CONTEXT ( ( #1195 ) ) GLOBAL_UNIT_ASSIGNED_CONTEXT ( ( #2446, #3156, #3469 ) ) REPRESENTATION_CONTEXT ( 'NONE', 'WORKASPACE' ) );
#4088 =( NAMED_UNIT ( * ) PLANE_ANGLE_UNIT ( ) SI_UNIT ( $, .RADIAN. ) );
#4089 = MECHANICAL_DESIGN_GEOMETRIC_PRESENTATION_REPRESENTATION (  '', ( #1220 ), #1885 ) ;
#4090 = CARTESIAN_POINT ( 'NONE',  ( -0.1241465034459837136, 0.03536223781254878296, 6.776263578034402713E-18 ) ) ;
#4091 = SURFACE_STYLE_FILL_AREA ( #3809 ) ;
#4092 =( GEOMETRIC_REPRESENTATION_CONTEXT ( 3 ) GLOBAL_UNCERTAINTY_ASSIGNED_CONTEXT ( ( #2335 ) ) GLOBAL_UNIT_ASSIGNED_CONTEXT ( ( #59, #1366, #2321 ) ) REPRESENTATION_CONTEXT ( 'NONE', 'WORKASPACE' ) );
#4093 = ADVANCED_FACE ( 'NONE', ( #926 ), #1917, .T. ) ;
#4094 = DIRECTION ( 'NONE',  ( -0.3390537954853692915, -0.9407669869669987861, 0.0000000000000000000 ) ) ;
#4095 = CARTESIAN_POINT ( 'NONE',  ( -0.2095756194050849286, 0.05360919723339661186, 0.0000000000000000000 ) ) ;
#4096 = CARTESIAN_POINT ( 'NONE',  ( 0.02489730180446151145, -0.03178998495878348346, 0.01000000000000000021 ) ) ;
#4097 = FILL_AREA_STYLE_COLOUR ( '', #2334 ) ;
#4098 = LINE ( 'NONE', #2872, #204 ) ;
#4099 = ORIENTED_EDGE ( 'NONE', *, *, #2576, .F. ) ;
#4100 = CARTESIAN_POINT ( 'NONE',  ( 0.08384329332081087716, -0.03413456773919804760, 0.01000000000000000021 ) ) ;
#4101 = ORIENTED_EDGE ( 'NONE', *, *, #3528, .T. ) ;
#4102 = DIRECTION ( 'NONE',  ( -0.0000000000000000000, -0.0000000000000000000, -1.000000000000000000 ) ) ;
#4103 = DIRECTION ( 'NONE',  ( 1.000000000000000000, 0.0000000000000000000, 0.0000000000000000000 ) ) ;
#4104 = CARTESIAN_POINT ( 'NONE',  ( -0.1034080231823195084, -0.04628829943617245729, 6.776263578034402713E-18 ) ) ;
#4105 = EDGE_CURVE ( 'NONE', #2727, #4121, #4098, .T. ) ;
#4106 = ORIENTED_EDGE ( 'NONE', *, *, #458, .F. ) ;
#4107 = CARTESIAN_POINT ( 'NONE',  ( -0.1375279246563516355, 0.009090372398371852208, 0.01000000000000000021 ) ) ;
#4108 = DIRECTION ( 'NONE',  ( 1.000000000000000000, -0.0000000000000000000, 0.0000000000000000000 ) ) ;
#4109 =( NAMED_UNIT ( * ) SI_UNIT ( $, .STERADIAN. ) SOLID_ANGLE_UNIT ( ) );
#4110 = SURFACE_STYLE_FILL_AREA ( #917 ) ;
#4111 = SURFACE_STYLE_FILL_AREA ( #1578 ) ;
#4112 = FACE_BOUND ( 'NONE', #2856, .T. ) ;
#4113 = CARTESIAN_POINT ( 'NONE',  ( 0.03729790743152535532, -0.03578397166537304608, 6.776263578034402713E-18 ) ) ;
#4114 = EDGE_CURVE ( 'NONE', #752, #2105, #969, .T. ) ;
#4115 = SURFACE_STYLE_USAGE ( .BOTH. , #609 ) ;
#4116 = VERTEX_POINT ( 'NONE', #7 ) ;
#4117 = PRESENTATION_STYLE_ASSIGNMENT (( #633 ) ) ;
#4118 = LINE ( 'NONE', #906, #3134 ) ;
#4119 = B_SPLINE_CURVE_WITH_KNOTS ( 'NONE', 3,
 ( #1752, #533, #499, #4046, #4001, #3035, #3701, #839, #1426, #521, #1168 ),
 .UNSPECIFIED., .F., .F.,
 ( 4, 1, 1, 1, 1, 1, 1, 1, 4 ),
 ( 0.0000000000000000000, 0.1252796967356259727, 0.2494199707420513001, 0.3733567994928199130, 0.4966812787822861286, 0.6202029157439825635, 0.7450863201614565945, 0.8712691950190978307, 1.000000000000000000 ),
 .UNSPECIFIED. ) ;
#4120 = CARTESIAN_POINT ( 'NONE',  ( 0.1050585269363785157, -0.04639080276660340063, 0.0000000000000000000 ) ) ;
#4121 = VERTEX_POINT ( 'NONE', #3221 ) ;
#4122 = ORIENTED_EDGE ( 'NONE', *, *, #3436, .T. ) ;
#4123 =( NAMED_UNIT ( * ) SI_UNIT ( $, .STERADIAN. ) SOLID_ANGLE_UNIT ( ) );
#4124 = CARTESIAN_POINT ( 'NONE',  ( 0.05714729014083364672, 0.04236655183946505532, 0.01000000000000000021 ) ) ;
#4125 = PLANE ( 'NONE',  #1494 ) ;
#4126 = FACE_OUTER_BOUND ( 'NONE', #3569, .T. ) ;
#4127 = FACE_OUTER_BOUND ( 'NONE', #2501, .T. ) ;
#4128 = FILL_AREA_STYLE ('',( #2862 ) ) ;
#4129 = CARTESIAN_POINT ( 'NONE',  ( 0.02489730180446151145, -0.03178998495878348346, 0.01000000000000000021 ) ) ;
#4130 = DIRECTION ( 'NONE',  ( -0.0000000000000000000, 0.0000000000000000000, 1.000000000000000000 ) ) ;
#4131 = VERTEX_POINT ( 'NONE', #3197 ) ;
#4132 = FILL_AREA_STYLE_COLOUR ( '', #352 ) ;
ENDSEC;
END-ISO-10303-21;
