#VRML V2.0 utf8
# 3D model generated by easyeda2kicad.py (https://github.com/uPesy/easyeda2kicad.py)

Shape{
    appearance Appearance {
        material  Material 	{
            diffuseColor 0.2980392156862745 0.2980392156862745 0.2980392156862745
            specularColor 0.09019607843137255 0.09019607843137255 0.09019607843137255
            ambientIntensity 0.2
            transparency 0
            shininess 0.5
        }
    }
    geometry IndexedFaceSet {
        ccw TRUE
        solid FALSE
        coord DEF co Coordinate {
            point [
                -0.0609 -0.0286 0.0, -0.1085 -0.0286 0.0, -0.1085 -0.0185 0.0, 0.0049 -0.1343 0.0, -0.0239 -0.1343 0.0, -0.0239 -0.0286 0.0, -0.0392 -0.0707 0.0, -0.041 -0.0644 0.0, -0.0609 -0.1343 0.0, -0.06 -0.1145 0.0, -0.0545 -0.111 0.0, -0.0496 -0.1067 0.0, -0.0455 -0.1017 0.0, -0.0423 -0.096 0.0, -0.04 -0.09 0.0, -0.0438 -0.0586 0.0, -0.0475 -0.0532 0.0, -0.052 -0.0485 0.0, -0.0387 -0.0836 0.0, -0.0384 -0.0787 0.0, -0.0384 -0.0771 0.0, -0.0723 -0.1186 0.0, -0.066 -0.117 0.0, -0.0609 -0.1149 0.0, -0.1078 -0.1067 0.0, -0.103 -0.111 0.0, -0.1085 -0.1343 0.0, -0.0975 -0.1145 0.0, -0.0915 -0.117 0.0, -0.0852 -0.1186 0.0, -0.0787 -0.1191 0.0, -0.1085 -0.0517 0.0, -0.11 -0.0532 0.0, -0.1496 -0.0286 0.0, -0.1137 -0.0586 0.0, -0.1165 -0.0644 0.0, -0.1183 -0.0707 0.0, -0.119 -0.0771 0.0, -0.1496 -0.1343 0.0, -0.1188 -0.0836 0.0, -0.1175 -0.09 0.0, -0.1152 -0.096 0.0, -0.1119 -0.1017 0.0, -0.1085 -0.1059 0.0, -0.0884 -0.0396 0.0, -0.0946 -0.0416 0.0, -0.0572 -0.0446 0.0, -0.0609 -0.0427 0.0, -0.0629 -0.0416 0.0, -0.1003 -0.0446 0.0, -0.1055 -0.0485 0.0, -0.0691 -0.0396 0.0, -0.0755 -0.0385 0.0, -0.082 -0.0385 0.0, -0.0545 0.0465 0.0, -0.0239 0.03 0.0, -0.06 0.043 0.0, -0.0609 0.03 0.0, -0.0496 0.0508 0.0, -0.0455 0.0558 0.0, -0.0423 0.0614 0.0, -0.0384 0.0804 0.0, -0.0392 0.0868 0.0, -0.0239 0.1496 0.0, -0.041 0.093 0.0, -0.0438 0.0989 0.0, -0.0475 0.1043 0.0, -0.04 0.0675 0.0, -0.0387 0.0739 0.0, -0.0384 0.0787 0.0, -0.0723 0.0389 0.0, -0.066 0.0405 0.0, -0.0609 0.0426 0.0, -0.0915 0.0405 0.0, -0.0852 0.0389 0.0, -0.1085 0.03 0.0, -0.0787 0.0384 0.0, -0.1078 0.0508 0.0, -0.103 0.0465 0.0, -0.0975 0.043 0.0, -0.1188 0.0739 0.0, -0.1175 0.0675 0.0, -0.1496 0.03 0.0, -0.1085 0.1496 0.0, -0.1085 0.1058 0.0, -0.1496 0.1496 0.0, -0.11 0.1043 0.0, -0.1137 0.0989 0.0, -0.1152 0.0614 0.0, -0.1119 0.0558 0.0, -0.1085 0.0516 0.0, -0.1165 0.093 0.0, -0.1183 0.0868 0.0, -0.119 0.0804 0.0, -0.052 0.1089 0.0, -0.0572 0.1128 0.0, -0.0609 0.1496 0.0, -0.0609 0.1148 0.0, -0.0629 0.1159 0.0, -0.0884 0.1179 0.0, -0.0946 0.1159 0.0, -0.1003 0.1128 0.0, -0.1055 0.1089 0.0, -0.0691 0.1179 0.0, -0.0755 0.119 0.0, -0.082 0.119 0.0, 0.1119 -0.1017 0.0, 0.1152 -0.096 0.0, 0.1496 -0.1343 0.0, 0.052 -0.0485 0.0, 0.0475 -0.0532 0.0, 0.0399 -0.0286 0.0, 0.1078 -0.1067 0.0, 0.0572 -0.0446 0.0, 0.0423 -0.096 0.0, 0.0399 -0.1343 0.0, 0.04 -0.09 0.0, 0.0399 -0.0894 0.0, 0.0455 -0.1017 0.0, 0.0496 -0.1067 0.0, 0.0545 -0.111 0.0, 0.0723 -0.1186 0.0, 0.0787 -0.1191 0.0, 0.0852 -0.1186 0.0, 0.0915 -0.117 0.0, 0.119 -0.0771 0.0, 0.1183 -0.0707 0.0, 0.1496 -0.0286 0.0, 0.1165 -0.0644 0.0, 0.1137 -0.0586 0.0, 0.11 -0.0532 0.0, 0.1055 -0.0485 0.0, 0.0438 -0.0586 0.0, 0.041 -0.0644 0.0, 0.0399 -0.0684 0.0, 0.06 -0.1145 0.0, 0.066 -0.117 0.0, 0.0975 -0.1145 0.0, 0.103 -0.111 0.0, 0.0884 -0.0396 0.0, 0.082 -0.0385 0.0, 0.1003 -0.0446 0.0, 0.0946 -0.0416 0.0, 0.0755 -0.0385 0.0, 0.0691 -0.0396 0.0, 0.0629 -0.0416 0.0, 0.1175 -0.09 0.0, 0.1188 -0.0836 0.0, 0.1191 -0.0787 0.0, 0.0392 -0.0707 0.0, 0.0384 -0.0771 0.0, 0.0382 -0.0286 0.0, 0.0852 0.0389 0.0, 0.0915 0.0405 0.0, 0.1496 0.03 0.0, 0.0787 0.0384 0.0, 0.0399 0.0681 0.0, 0.04 0.0675 0.0, 0.0399 0.03 0.0, 0.0423 0.0614 0.0, 0.0455 0.0558 0.0, 0.0496 0.0508 0.0, 0.0545 0.0465 0.0, 0.06 0.043 0.0, 0.066 0.0405 0.0, 0.0723 0.0389 0.0, 0.0975 0.043 0.0, 0.103 0.0465 0.0, 0.1078 0.0508 0.0, 0.0755 0.119 0.0, 0.0691 0.1179 0.0, 0.0399 0.1496 0.0, 0.0629 0.1159 0.0, 0.0475 0.1043 0.0, 0.0438 0.0989 0.0, 0.1119 0.0558 0.0, 0.1152 0.0614 0.0, 0.1175 0.0675 0.0, 0.1137 0.0989 0.0, 0.1496 0.1496 0.0, 0.1165 0.093 0.0, 0.1183 0.0868 0.0, 0.11 0.1043 0.0, 0.1055 0.1089 0.0, 0.1003 0.1128 0.0, 0.0572 0.1128 0.0, 0.052 0.1089 0.0, 0.0946 0.1159 0.0, 0.0884 0.1179 0.0, 0.082 0.119 0.0, 0.1188 0.0739 0.0, 0.1191 0.0787 0.0, 0.119 0.0804 0.0, 0.0392 0.0868 0.0, 0.0382 0.1496 0.0, 0.0399 0.0891 0.0, 0.041 0.093 0.0, 0.0384 0.0804 0.0, 0.0387 0.0739 0.0, 0.0382 0.03 0.0, 0.0049 0.0213 0.0, 0.0087 -0.0119 0.0, 0.0049 -0.0185 0.0, 0.0087 -0.0162 0.0, 0.0129 -0.0179 0.0, 0.0145 0.0213 0.0, 0.0133 0.0213 0.0, 0.0087 0.02 0.0, 0.0087 0.0147 0.0, 0.0131 0.0166 0.0, 0.0094 -0.0123 0.0, 0.0179 0.0173 0.0, 0.0218 0.0168 0.0, 0.0248 0.0158 0.0, 0.0275 0.0139 0.0, 0.0299 0.0113 0.0, 0.0327 0.001 0.0, 0.0323 -0.0033 0.0, 0.0312 -0.0067 0.0, 0.0225 -0.014 0.0, 0.0188 -0.0144 0.0, 0.0254 -0.0129 0.0, 0.0278 -0.0113 0.0, 0.0296 -0.0094 0.0, 0.0136 -0.0138 0.0, 0.0315 0.0083 0.0, 0.0325 0.0041 0.0, 0.0208 0.0213 0.0, 0.018 0.0216 0.0, 0.0049 0.03 0.0, 0.0244 -0.0182 0.0, 0.0282 -0.0169 0.0, 0.0382 -0.0185 0.0, 0.0314 -0.0149 0.0, 0.0344 -0.0118 0.0, 0.0364 -0.008 0.0, 0.036 0.0106 0.0, 0.0337 0.0143 0.0, 0.0382 0.0213 0.0, 0.0302 0.0177 0.0, 0.0265 0.0199 0.0, 0.0221 0.0212 0.0, 0.0376 -0.0039 0.0, 0.038 0.0007 0.0, 0.0375 0.006 0.0, 0.0169 -0.0185 0.0, 0.0185 -0.0187 0.0, 0.0049 -0.0286 0.0, 0.0219 -0.0185 0.0, 0.0195 -0.0187 0.0, 0.1496 -0.1496 0.0, 0.0399 -0.1496 0.0, 0.0382 -0.1343 0.0, 0.0387 -0.0836 0.0, -0.1496 -0.1496 0.0, -0.1085 -0.1496 0.0, -0.0609 -0.1496 0.0, -0.0239 -0.1496 0.0, 0.0049 -0.1496 0.0, 0.0382 -0.1496 0.0, -0.0239 -0.0185 0.0, -0.0609 -0.0185 0.0, -0.1496 -0.0185 0.0, 0.0562 0.0211 0.0, 0.0562 -0.0139 0.0, 0.0414 -0.0139 0.0, 0.0399 -0.0185 0.0, 0.0414 -0.0183 0.0, 0.0615 -0.0183 0.0, 0.0615 0.0211 0.0, 0.1496 0.0213 0.0, 0.1496 -0.0185 0.0, 0.0399 0.0213 0.0, -0.0191 0.0211 0.0, -0.0239 0.0213 0.0, -0.0191 0.0168 0.0, -0.0201 -0.0139 0.0, -0.0201 -0.0183 0.0, 0.001 -0.0183 0.0, 0.001 0.0211 0.0, -0.0043 -0.0005 0.0, -0.0043 -0.0139 0.0, -0.0182 -0.0005 0.0, -0.0182 0.0038 0.0, -0.0043 0.0038 0.0, -0.0043 0.0168 0.0, -0.0575 -0.0074 0.0, -0.0589 -0.0033 0.0, -0.0595 0.0019 0.0, -0.0553 -0.0109 0.0, -0.0521 -0.0141 0.0, -0.048 -0.0165 0.0, -0.0573 0.0113 0.0, -0.0588 0.0074 0.0, -0.0609 0.0213 0.0, -0.0594 0.0032 0.0, -0.0389 0.0211 0.0, -0.0443 0.0206 0.0, -0.049 0.019 0.0, -0.0529 0.0165 0.0, -0.055 0.0145 0.0, -0.0434 -0.0178 0.0, -0.0385 -0.0183 0.0, -0.0278 -0.0183 0.0, -0.0278 0.0211 0.0, -0.0681 -0.0183 0.0, -0.0623 -0.0183 0.0, -0.0825 0.0211 0.0, -0.0979 -0.0183 0.0, -0.0921 -0.0183 0.0, -0.0881 -0.0072 0.0, -0.0719 -0.0072 0.0, -0.1496 0.0213 0.0, -0.1085 0.0213 0.0, -0.0772 0.0211 0.0, 0.0049 0.1496 0.0, 0.1496 0.1496 0.1575, 0.1496 -0.1496 0.1575, -0.1496 0.1496 0.1575, -0.1496 -0.1496 0.1575, -0.1077 -0.1155 0.1575, -0.1124 -0.1135 0.1575, -0.0829 -0.0964 0.1575, -0.0836 -0.1015 0.1575, -0.0855 -0.1063 0.1575, -0.0887 -0.1104 0.1575, -0.0928 -0.1135 0.1575, -0.0975 -0.1155 0.1575, -0.1026 -0.1161 0.1575, -0.1165 -0.1104 0.1575, -0.1196 -0.1063 0.1575, -0.1216 -0.1015 0.1575, -0.1223 -0.0964 0.1575, -0.1216 -0.0914 0.1575, -0.1196 -0.0866 0.1575, -0.1165 -0.0825 0.1575, -0.1124 -0.0794 0.1575, -0.0975 -0.0774 0.1575, -0.0928 -0.0794 0.1575, -0.0887 -0.0825 0.1575, -0.0855 -0.0866 0.1575, -0.0836 -0.0914 0.1575, -0.1077 -0.0774 0.1575, -0.1026 -0.0768 0.1575, -0.1026 -0.0768 0.1575
            ]
        }
        coordIndex [
            0,1,2,-1,3,4,5,-1,6,7,5,-1,8,9,4,-1,4,9,10,-1,4,10,11,-1,11,12,4,-1,4,12,13,-1,4,13,14,-1,7,15,5,-1,5,15,16,-1,5,16,17,-1,14,18,4,-1,4,18,19,-1,4,19,5,-1,5,19,20,-1,5,20,6,-1,21,22,8,-1,8,22,23,-1,8,23,9,-1,24,25,26,-1,26,25,27,-1,27,28,26,-1,26,28,29,-1,26,29,8,-1,8,29,30,-1,8,30,21,-1,31,32,33,-1,33,32,34,-1,33,34,35,-1,35,36,33,-1,33,36,37,-1,33,37,38,-1,38,37,39,-1,38,39,40,-1,40,41,38,-1,38,41,42,-1,38,42,26,-1,26,42,43,-1,26,43,24,-1,44,45,1,-1,46,47,0,-1,0,47,48,-1,45,49,1,-1,1,49,50,-1,1,50,31,-1,48,51,0,-1,0,51,52,-1,0,52,1,-1,1,52,53,-1,1,53,44,-1,54,55,56,-1,56,55,57,-1,54,58,55,-1,55,58,59,-1,55,59,60,-1,61,62,63,-1,62,64,63,-1,63,64,65,-1,63,65,66,-1,60,67,55,-1,55,67,68,-1,55,68,69,-1,70,71,57,-1,57,71,72,-1,57,72,56,-1,73,74,75,-1,75,74,57,-1,57,74,76,-1,57,76,70,-1,77,78,75,-1,75,78,79,-1,75,79,73,-1,80,81,82,-1,83,84,85,-1,85,84,86,-1,85,86,87,-1,81,88,82,-1,82,88,89,-1,82,89,75,-1,75,89,90,-1,75,90,77,-1,87,91,85,-1,85,91,92,-1,85,92,82,-1,82,92,93,-1,82,93,80,-1,66,94,63,-1,63,94,95,-1,63,95,96,-1,96,95,97,-1,96,97,98,-1,83,99,100,-1,100,101,83,-1,83,101,102,-1,83,102,84,-1,98,103,96,-1,96,103,104,-1,96,104,83,-1,83,104,105,-1,83,105,99,-1,106,107,108,-1,109,110,111,-1,106,108,112,-1,109,111,113,-1,114,115,116,-1,116,115,117,-1,114,118,115,-1,115,118,119,-1,115,119,120,-1,115,121,122,-1,108,123,124,-1,125,126,127,-1,127,126,128,-1,128,129,127,-1,127,129,130,-1,127,130,131,-1,110,132,111,-1,111,132,133,-1,111,133,134,-1,120,135,115,-1,115,135,136,-1,115,136,121,-1,124,137,108,-1,108,137,138,-1,108,138,112,-1,127,139,140,-1,131,141,127,-1,127,141,142,-1,127,142,139,-1,143,144,111,-1,111,144,145,-1,111,145,113,-1,107,146,108,-1,108,146,147,-1,108,147,127,-1,127,147,148,-1,127,148,125,-1,149,150,151,-1,152,153,154,-1,152,154,155,-1,156,157,158,-1,158,157,159,-1,158,159,160,-1,160,161,158,-1,158,161,162,-1,158,162,163,-1,163,164,158,-1,158,164,165,-1,158,165,155,-1,153,166,154,-1,154,166,167,-1,154,167,168,-1,169,170,171,-1,171,170,172,-1,171,173,174,-1,168,175,154,-1,154,175,176,-1,154,176,177,-1,178,179,180,-1,180,179,181,-1,178,182,179,-1,179,182,183,-1,179,183,184,-1,172,185,171,-1,171,185,186,-1,171,186,173,-1,184,187,179,-1,179,187,188,-1,179,188,171,-1,171,188,189,-1,171,189,169,-1,177,190,154,-1,154,190,191,-1,154,191,179,-1,179,191,192,-1,179,192,181,-1,193,194,195,-1,195,194,171,-1,195,171,196,-1,196,171,174,-1,197,198,199,-1,199,198,156,-1,200,201,202,-1,202,201,203,-1,202,203,204,-1,200,205,206,-1,206,207,200,-1,200,207,208,-1,200,208,201,-1,201,208,209,-1,201,209,210,-1,210,209,211,-1,210,211,212,-1,212,213,210,-1,210,213,214,-1,210,214,215,-1,216,217,210,-1,210,217,218,-1,219,220,221,-1,221,220,222,-1,218,223,210,-1,210,223,222,-1,210,222,224,-1,224,222,220,-1,215,225,210,-1,210,225,226,-1,210,226,216,-1,227,228,229,-1,230,231,232,-1,231,233,232,-1,232,233,234,-1,232,234,235,-1,236,237,238,-1,238,237,239,-1,238,239,240,-1,229,199,227,-1,227,199,238,-1,227,238,241,-1,241,238,240,-1,235,242,232,-1,232,242,243,-1,232,243,238,-1,238,243,244,-1,238,244,236,-1,245,246,247,-1,230,232,248,-1,248,232,151,-1,248,151,249,-1,250,115,108,-1,108,115,122,-1,108,122,123,-1,250,251,115,-1,115,251,252,-1,115,252,117,-1,117,252,253,-1,254,38,255,-1,255,38,26,-1,255,26,256,-1,256,26,8,-1,256,8,257,-1,257,8,4,-1,257,4,258,-1,258,4,3,-1,258,3,259,-1,246,249,247,-1,247,249,151,-1,247,151,252,-1,252,151,150,-1,252,150,253,-1,204,245,202,-1,202,245,247,-1,202,247,260,-1,251,259,252,-1,252,259,3,-1,252,3,247,-1,247,3,5,-1,247,5,260,-1,260,5,261,-1,31,33,1,-1,1,33,262,-1,1,262,2,-1,263,264,265,-1,266,267,268,-1,269,270,268,-1,268,270,271,-1,268,271,266,-1,266,271,127,-1,266,127,111,-1,111,127,140,-1,111,140,143,-1,267,266,265,-1,265,266,272,-1,265,272,263,-1,273,274,200,-1,273,275,274,-1,274,275,276,-1,274,276,260,-1,260,276,277,-1,260,277,202,-1,202,277,278,-1,202,278,200,-1,200,278,279,-1,200,279,273,-1,280,281,282,-1,282,281,276,-1,282,276,283,-1,283,276,275,-1,283,275,284,-1,284,275,285,-1,286,261,287,-1,287,261,288,-1,286,289,261,-1,261,289,290,-1,261,290,291,-1,292,293,294,-1,294,293,295,-1,274,296,294,-1,294,296,297,-1,294,297,298,-1,298,299,294,-1,294,299,300,-1,294,300,292,-1,291,301,261,-1,261,301,302,-1,261,302,260,-1,260,302,303,-1,260,303,274,-1,274,303,304,-1,274,304,296,-1,305,306,261,-1,261,306,294,-1,261,294,288,-1,288,294,295,-1,307,308,2,-1,2,308,309,-1,310,311,309,-1,309,311,305,-1,309,305,2,-1,2,305,261,-1,2,261,0,-1,0,261,5,-1,0,5,46,-1,46,5,17,-1,262,312,2,-1,2,312,313,-1,2,313,307,-1,307,313,294,-1,307,294,314,-1,314,294,306,-1,155,154,158,-1,158,154,270,-1,158,270,272,-1,272,270,269,-1,272,269,263,-1,156,158,199,-1,199,158,272,-1,199,272,238,-1,238,272,266,-1,238,266,232,-1,232,266,111,-1,232,111,151,-1,151,111,134,-1,151,134,149,-1,312,82,313,-1,313,82,75,-1,313,75,294,-1,294,75,57,-1,294,57,274,-1,274,57,55,-1,274,55,200,-1,200,55,229,-1,200,229,205,-1,205,229,228,-1,69,61,55,-1,55,61,63,-1,55,63,229,-1,229,63,315,-1,229,315,199,-1,199,315,194,-1,199,194,197,-1,197,194,193,-1,154,179,316,-1,317,250,108,-1,108,127,317,-1,317,127,271,-1,317,271,316,-1,316,271,270,-1,316,270,154,-1,316,179,171,-1,171,194,316,-1,316,194,315,-1,316,315,318,-1,318,315,63,-1,63,96,318,-1,318,96,83,-1,318,83,85,-1,85,82,318,-1,318,82,312,-1,318,312,319,-1,319,312,262,-1,262,33,319,-1,319,33,38,-1,319,38,254,-1,319,254,255,-1,255,256,319,-1,319,256,257,-1,319,257,317,-1,317,257,258,-1,258,259,317,-1,317,259,251,-1,317,251,250,-1,320,321,319,-1,322,323,317,-1,317,323,324,-1,317,324,325,-1,325,326,317,-1,317,326,327,-1,317,327,319,-1,319,327,328,-1,319,328,320,-1,321,329,319,-1,319,329,330,-1,319,330,331,-1,331,332,319,-1,319,332,333,-1,319,333,318,-1,333,334,318,-1,318,334,335,-1,318,335,336,-1,318,337,316,-1,316,337,338,-1,338,339,316,-1,316,339,340,-1,316,340,317,-1,317,340,341,-1,317,341,322,-1,336,342,318,-1,318,342,343,-1,318,343,337,-1,
        ]
    }
}
Shape{
    appearance Appearance {
        material  Material 	{
            diffuseColor 0.6666666666666666 0.6980392156862745 0.7686274509803922
            specularColor 0.3333333333333333 0.34901960784313724 0.3843137254901961
            ambientIntensity 0.2
            transparency 0
            shininess 0.5
        }
    }
    geometry IndexedFaceSet {
        ccw TRUE
        solid FALSE
        coord DEF co Coordinate {
            point [
                0.0399 0.0681 0.0, 0.0387 0.0739 0.0, 0.0367 0.0736 -0.0067, 0.0399 0.0891 0.0, 0.041 0.093 0.0, 0.0391 0.0938 -0.0067, 0.0924 0.0771 -0.0568, 0.0857 0.0779 -0.0585, 0.0857 0.079 -0.0585, 0.0787 0.0787 -0.0591, 0.0854 0.0768 -0.0585, 0.092 0.0749 -0.0568, 0.0982 0.0731 -0.054, 0.085 0.0757 -0.0585, 0.0912 0.0728 -0.0568, 0.097 0.0701 -0.054, 0.1023 0.0675 -0.0503, 0.0845 0.0748 -0.0585, 0.0901 0.0709 -0.0568, 0.0954 0.0673 -0.054, 0.1002 0.0639 -0.0503, 0.1045 0.0609 -0.0456, 0.0838 0.0739 -0.0585, 0.0887 0.0692 -0.0568, 0.0933 0.0647 -0.054, 0.0976 0.0606 -0.0503, 0.1014 0.057 -0.0456, 0.1045 0.054 -0.0402, 0.0829 0.0732 -0.0585, 0.087 0.0677 -0.0568, 0.0909 0.0626 -0.054, 0.0944 0.0579 -0.0503, 0.0976 0.0537 -0.0456, 0.1002 0.0502 -0.0402, 0.1023 0.0474 -0.0341, 0.082 0.0726 -0.0585, 0.0851 0.0665 -0.0568, 0.0881 0.0608 -0.054, 0.0909 0.0556 -0.0503, 0.0933 0.051 -0.0456, 0.0954 0.0471 -0.0402, 0.097 0.044 -0.0341, 0.0981 0.0418 -0.0275, 0.081 0.0721 -0.0585, 0.0831 0.0657 -0.0568, 0.0851 0.0596 -0.054, 0.087 0.054 -0.0503, 0.0887 0.049 -0.0456, 0.0901 0.0448 -0.0402, 0.0912 0.0415 -0.0341, 0.0919 0.0392 -0.0275, 0.0924 0.0379 -0.0207, 0.0799 0.0718 -0.0585, 0.081 0.0651 -0.0568, 0.082 0.0588 -0.054, 0.0829 0.053 -0.0503, 0.0838 0.0478 -0.0456, 0.0845 0.0434 -0.0402, 0.085 0.04 -0.0341, 0.0854 0.0376 -0.0275, 0.0856 0.0363 -0.0207, 0.0857 0.036 -0.0137, 0.0787 0.0718 -0.0585, 0.0787 0.065 -0.0568, 0.0787 0.0585 -0.054, 0.0787 0.0526 -0.0503, 0.0787 0.0474 -0.0456, 0.0787 0.043 -0.0402, 0.0787 0.0395 -0.0341, 0.0787 0.0371 -0.0275, 0.0787 0.0357 -0.0207, 0.0787 0.0355 -0.0137, 0.0787 0.0364 -0.0067, 0.0924 0.0377 -0.0137, 0.0922 0.0386 -0.0067, 0.0855 0.0369 -0.0067, 0.0984 0.0412 -0.0067, 0.0988 0.0404 -0.0137, 0.0987 0.0406 -0.0207, 0.1042 0.0449 -0.0067, 0.1047 0.0442 -0.0137, 0.1046 0.0443 -0.0207, 0.1038 0.0454 -0.0275, 0.1093 0.0494 -0.0067, 0.1099 0.0488 -0.0137, 0.1098 0.0489 -0.0207, 0.1088 0.0499 -0.0275, 0.107 0.0516 -0.0341, 0.1136 0.0547 -0.0067, 0.1143 0.0542 -0.0137, 0.1142 0.0543 -0.0207, 0.113 0.0551 -0.0275, 0.111 0.0565 -0.0341, 0.1082 0.0584 -0.0402, 0.117 0.0606 -0.0067, 0.1178 0.0602 -0.0137, 0.1176 0.0603 -0.0207, 0.1164 0.0609 -0.0275, 0.1142 0.0619 -0.0341, 0.111 0.0634 -0.0402, 0.1071 0.0653 -0.0456, 0.1194 0.067 -0.0067, 0.1203 0.0667 -0.0137, 0.1201 0.0668 -0.0207, 0.1188 0.0671 -0.0275, 0.1164 0.0678 -0.0341, 0.1131 0.0688 -0.0402, 0.1089 0.07 -0.0456, 0.1038 0.0715 -0.0503, 0.1208 0.0736 -0.0067, 0.1217 0.0735 -0.0137, 0.1215 0.0736 -0.0207, 0.1201 0.0737 -0.0275, 0.1177 0.074 -0.0341, 0.1142 0.0744 -0.0402, 0.1099 0.075 -0.0456, 0.1047 0.0756 -0.0503, 0.0988 0.0763 -0.054, 0.1191 0.0787 0.0, 0.1188 0.0739 0.0, 0.1175 0.0675 0.0, 0.1152 0.0614 0.0, 0.1119 0.0558 0.0, 0.1078 0.0508 0.0, 0.103 0.0465 0.0, 0.0975 0.043 0.0, 0.0915 0.0405 0.0, 0.0852 0.0389 0.0, 0.0787 0.0384 0.0, 0.119 0.0804 0.0, 0.1211 0.0804 -0.0067, 0.122 0.0805 -0.0137, 0.1217 0.0805 -0.0207, 0.1204 0.0804 -0.0275, 0.1179 0.0803 -0.0341, 0.1145 0.0802 -0.0402, 0.1101 0.08 -0.0456, 0.1048 0.0798 -0.0503, 0.0989 0.0796 -0.054, 0.0925 0.0793 -0.0568, 0.1183 0.0868 0.0, 0.1202 0.0872 -0.0067, 0.1211 0.0874 -0.0137, 0.1209 0.0873 -0.0207, 0.1196 0.0871 -0.0275, 0.1172 0.0866 -0.0341, 0.1138 0.0859 -0.0402, 0.1095 0.085 -0.0456, 0.1043 0.084 -0.0503, 0.0985 0.0828 -0.054, 0.0922 0.0815 -0.0568, 0.0856 0.0801 -0.0585, 0.0853 0.0812 -0.0585, 0.0916 0.0836 -0.0568, 0.0976 0.0859 -0.054, 0.1032 0.088 -0.0503, 0.1081 0.0899 -0.0456, 0.1122 0.0914 -0.0402, 0.1154 0.0927 -0.0341, 0.1177 0.0935 -0.0275, 0.119 0.094 -0.0207, 0.1192 0.0941 -0.0137, 0.1183 0.0938 -0.0067, 0.1165 0.093 0.0, 0.1137 0.0989 0.0, 0.1154 0.0999 -0.0067, 0.1162 0.1004 -0.0137, 0.116 0.1003 -0.0207, 0.1148 0.0996 -0.0275, 0.1127 0.0984 -0.0341, 0.1097 0.0966 -0.0402, 0.1059 0.0944 -0.0456, 0.1014 0.0918 -0.0503, 0.0963 0.0888 -0.054, 0.0907 0.0856 -0.0568, 0.0848 0.0822 -0.0585, 0.11 0.1043 0.0, 0.1115 0.1055 -0.0067, 0.1122 0.1061 -0.0137, 0.1121 0.106 -0.0207, 0.111 0.1051 -0.0275, 0.1091 0.1036 -0.0341, 0.1064 0.1014 -0.0402, 0.103 0.0986 -0.0456, 0.099 0.0953 -0.0503, 0.0944 0.0915 -0.054, 0.0894 0.0875 -0.0568, 0.0841 0.0832 -0.0585, 0.1055 0.1089 0.0, 0.1068 0.1104 -0.0067, 0.1074 0.1111 -0.0137, 0.1073 0.1109 -0.0207, 0.1064 0.1099 -0.0275, 0.1048 0.1081 -0.0341, 0.1025 0.1055 -0.0402, 0.0995 0.1022 -0.0456, 0.0961 0.0983 -0.0503, 0.0921 0.0939 -0.054, 0.0879 0.0891 -0.0568, 0.0834 0.084 -0.0585, 0.1003 0.1128 0.0, 0.1014 0.1145 -0.0067, 0.1019 0.1153 -0.0137, 0.1017 0.1151 -0.0207, 0.101 0.114 -0.0275, 0.0997 0.1119 -0.0341, 0.0979 0.109 -0.0402, 0.0955 0.1052 -0.0456, 0.0927 0.1008 -0.0503, 0.0895 0.0958 -0.054, 0.0861 0.0904 -0.0568, 0.0825 0.0846 -0.0585, 0.0946 0.1159 0.0, 0.0953 0.1177 -0.0067, 0.0957 0.1185 -0.0137, 0.0956 0.1183 -0.0207, 0.0951 0.1171 -0.0275, 0.0941 0.1148 -0.0341, 0.0928 0.1116 -0.0402, 0.091 0.1076 -0.0456, 0.089 0.1028 -0.0503, 0.0867 0.0973 -0.054, 0.0841 0.0914 -0.0568, 0.0815 0.0852 -0.0585, 0.0884 0.1179 0.0, 0.0889 0.1199 -0.0067, 0.0891 0.1207 -0.0137, 0.089 0.1205 -0.0207, 0.0887 0.1192 -0.0275, 0.0881 0.1168 -0.0341, 0.0873 0.1135 -0.0402, 0.0862 0.1092 -0.0456, 0.085 0.1041 -0.0503, 0.0836 0.0984 -0.054, 0.082 0.0921 -0.0568, 0.0804 0.0855 -0.0585, 0.082 0.119 0.0, 0.0821 0.121 -0.0067, 0.0822 0.1219 -0.0137, 0.0822 0.1216 -0.0207, 0.0821 0.1203 -0.0275, 0.0819 0.1178 -0.0341, 0.0816 0.1144 -0.0402, 0.0813 0.11 -0.0456, 0.0808 0.1048 -0.0503, 0.0804 0.0989 -0.054, 0.0798 0.0925 -0.0568, 0.0793 0.0857 -0.0585, 0.0755 0.119 0.0, 0.0753 0.121 -0.0067, 0.0753 0.1219 -0.0137, 0.0753 0.1216 -0.0207, 0.0754 0.1203 -0.0275, 0.0756 0.1178 -0.0341, 0.0759 0.1144 -0.0402, 0.0762 0.11 -0.0456, 0.0766 0.1048 -0.0503, 0.0771 0.0989 -0.054, 0.0776 0.0925 -0.0568, 0.0782 0.0857 -0.0585, 0.0691 0.1179 0.0, 0.0686 0.1199 -0.0067, 0.0684 0.1207 -0.0137, 0.0684 0.1205 -0.0207, 0.0688 0.1192 -0.0275, 0.0694 0.1168 -0.0341, 0.0702 0.1135 -0.0402, 0.0712 0.1092 -0.0456, 0.0725 0.1041 -0.0503, 0.0739 0.0984 -0.054, 0.0754 0.0921 -0.0568, 0.0771 0.0855 -0.0585, 0.0629 0.1159 0.0, 0.0621 0.1177 -0.0067, 0.0618 0.1185 -0.0137, 0.0619 0.1183 -0.0207, 0.0624 0.1171 -0.0275, 0.0634 0.1148 -0.0341, 0.0647 0.1116 -0.0402, 0.0665 0.1076 -0.0456, 0.0685 0.1028 -0.0503, 0.0708 0.0973 -0.054, 0.0733 0.0914 -0.0568, 0.076 0.0852 -0.0585, 0.0572 0.1128 0.0, 0.0561 0.1145 -0.0067, 0.0556 0.1153 -0.0137, 0.0557 0.1151 -0.0207, 0.0565 0.114 -0.0275, 0.0578 0.1119 -0.0341, 0.0596 0.109 -0.0402, 0.062 0.1052 -0.0456, 0.0648 0.1008 -0.0503, 0.0679 0.0958 -0.054, 0.0714 0.0904 -0.0568, 0.075 0.0846 -0.0585, 0.052 0.1089 0.0, 0.0507 0.1104 -0.0067, 0.0501 0.1111 -0.0137, 0.0502 0.1109 -0.0207, 0.0511 0.1099 -0.0275, 0.0527 0.1081 -0.0341, 0.055 0.1055 -0.0402, 0.0579 0.1022 -0.0456, 0.0614 0.0983 -0.0503, 0.0653 0.0939 -0.054, 0.0696 0.0891 -0.0568, 0.0741 0.084 -0.0585, 0.0475 0.1043 0.0, 0.0459 0.1055 -0.0067, 0.0452 0.1061 -0.0137, 0.0454 0.106 -0.0207, 0.0465 0.1051 -0.0275, 0.0484 0.1036 -0.0341, 0.051 0.1014 -0.0402, 0.0545 0.0986 -0.0456, 0.0585 0.0953 -0.0503, 0.0631 0.0915 -0.054, 0.0681 0.0875 -0.0568, 0.0733 0.0832 -0.0585, 0.0438 0.0989 0.0, 0.0421 0.0999 -0.0067, 0.0413 0.1004 -0.0137, 0.0415 0.1003 -0.0207, 0.0426 0.0996 -0.0275, 0.0448 0.0984 -0.0341, 0.0478 0.0966 -0.0402, 0.0516 0.0944 -0.0456, 0.0561 0.0918 -0.0503, 0.0612 0.0888 -0.054, 0.0668 0.0856 -0.0568, 0.0727 0.0822 -0.0585, 0.0383 0.0941 -0.0137, 0.0385 0.094 -0.0207, 0.0398 0.0935 -0.0275, 0.0421 0.0927 -0.0341, 0.0453 0.0914 -0.0402, 0.0494 0.0899 -0.0456, 0.0543 0.088 -0.0503, 0.0598 0.0859 -0.054, 0.0659 0.0836 -0.0568, 0.0722 0.0812 -0.0585, 0.0392 0.0868 0.0, 0.0372 0.0872 -0.0067, 0.0364 0.0874 -0.0137, 0.0366 0.0873 -0.0207, 0.0379 0.0871 -0.0275, 0.0403 0.0866 -0.0341, 0.0437 0.0859 -0.0402, 0.048 0.085 -0.0456, 0.0531 0.084 -0.0503, 0.0589 0.0828 -0.054, 0.0652 0.0815 -0.0568, 0.0719 0.0801 -0.0585, 0.0384 0.0804 0.0, 0.0364 0.0804 -0.0067, 0.0355 0.0805 -0.0137, 0.0357 0.0805 -0.0207, 0.0371 0.0804 -0.0275, 0.0395 0.0803 -0.0341, 0.043 0.0802 -0.0402, 0.0474 0.08 -0.0456, 0.0526 0.0798 -0.0503, 0.0585 0.0796 -0.054, 0.065 0.0793 -0.0568, 0.0718 0.079 -0.0585, 0.0358 0.0735 -0.0137, 0.036 0.0736 -0.0207, 0.0374 0.0737 -0.0275, 0.0398 0.074 -0.0341, 0.0432 0.0744 -0.0402, 0.0476 0.075 -0.0456, 0.0528 0.0756 -0.0503, 0.0587 0.0763 -0.054, 0.0651 0.0771 -0.0568, 0.0718 0.0779 -0.0585, 0.04 0.0675 0.0, 0.0381 0.067 -0.0067, 0.0372 0.0667 -0.0137, 0.0374 0.0668 -0.0207, 0.0387 0.0671 -0.0275, 0.0411 0.0678 -0.0341, 0.0444 0.0688 -0.0402, 0.0486 0.07 -0.0456, 0.0536 0.0715 -0.0503, 0.0593 0.0731 -0.054, 0.0655 0.0749 -0.0568, 0.072 0.0768 -0.0585, 0.0423 0.0614 0.0, 0.0405 0.0606 -0.0067, 0.0397 0.0602 -0.0137, 0.0399 0.0603 -0.0207, 0.0411 0.0609 -0.0275, 0.0433 0.0619 -0.0341, 0.0464 0.0634 -0.0402, 0.0504 0.0653 -0.0456, 0.0551 0.0675 -0.0503, 0.0605 0.0701 -0.054, 0.0663 0.0728 -0.0568, 0.0724 0.0757 -0.0585, 0.0455 0.0558 0.0, 0.0439 0.0547 -0.0067, 0.0431 0.0542 -0.0137, 0.0433 0.0543 -0.0207, 0.0444 0.0551 -0.0275, 0.0465 0.0565 -0.0341, 0.0493 0.0584 -0.0402, 0.0529 0.0609 -0.0456, 0.0572 0.0639 -0.0503, 0.0621 0.0673 -0.054, 0.0674 0.0709 -0.0568, 0.073 0.0748 -0.0585, 0.0496 0.0508 0.0, 0.0482 0.0494 -0.0067, 0.0475 0.0488 -0.0137, 0.0477 0.0489 -0.0207, 0.0487 0.0499 -0.0275, 0.0504 0.0516 -0.0341, 0.053 0.054 -0.0402, 0.0561 0.057 -0.0456, 0.0599 0.0606 -0.0503, 0.0642 0.0647 -0.054, 0.0688 0.0692 -0.0568, 0.0737 0.0739 -0.0585, 0.0545 0.0465 0.0, 0.0533 0.0449 -0.0067, 0.0528 0.0442 -0.0137, 0.0529 0.0443 -0.0207, 0.0537 0.0454 -0.0275, 0.0552 0.0474 -0.0341, 0.0573 0.0502 -0.0402, 0.0599 0.0537 -0.0456, 0.063 0.0579 -0.0503, 0.0666 0.0626 -0.054, 0.0705 0.0677 -0.0568, 0.0745 0.0732 -0.0585, 0.06 0.043 0.0, 0.0591 0.0412 -0.0067, 0.0586 0.0404 -0.0137, 0.0587 0.0406 -0.0207, 0.0594 0.0418 -0.0275, 0.0605 0.044 -0.0341, 0.0621 0.0471 -0.0402, 0.0642 0.051 -0.0456, 0.0666 0.0556 -0.0503, 0.0693 0.0608 -0.054, 0.0723 0.0665 -0.0568, 0.0755 0.0726 -0.0585, 0.066 0.0405 0.0, 0.0653 0.0386 -0.0067, 0.065 0.0377 -0.0137, 0.0651 0.0379 -0.0207, 0.0655 0.0392 -0.0275, 0.0663 0.0415 -0.0341, 0.0674 0.0448 -0.0402, 0.0688 0.049 -0.0456, 0.0705 0.054 -0.0503, 0.0723 0.0596 -0.054, 0.0744 0.0657 -0.0568, 0.0765 0.0721 -0.0585, 0.0723 0.0389 0.0, 0.0719 0.0369 -0.0067, 0.0718 0.036 -0.0137, 0.0718 0.0363 -0.0207, 0.0721 0.0376 -0.0275, 0.0724 0.04 -0.0341, 0.073 0.0434 -0.0402, 0.0737 0.0478 -0.0456, 0.0745 0.053 -0.0503, 0.0755 0.0588 -0.054, 0.0765 0.0651 -0.0568, 0.0776 0.0718 -0.0585, 0.0399 -0.0894 0.0, 0.0387 -0.0836 0.0, 0.0367 -0.0838 -0.0067, 0.0399 -0.0684 0.0, 0.041 -0.0644 0.0, 0.0391 -0.0637 -0.0067, 0.0924 -0.0804 -0.0568, 0.0857 -0.0796 -0.0585, 0.0857 -0.0785 -0.0585, 0.0787 -0.0787 -0.0591, 0.0854 -0.0807 -0.0585, 0.092 -0.0826 -0.0568, 0.0982 -0.0844 -0.054, 0.085 -0.0817 -0.0585, 0.0912 -0.0846 -0.0568, 0.097 -0.0874 -0.054, 0.1023 -0.0899 -0.0503, 0.0845 -0.0827 -0.0585, 0.0901 -0.0866 -0.0568, 0.0954 -0.0902 -0.054, 0.1002 -0.0936 -0.0503, 0.1045 -0.0966 -0.0456, 0.0838 -0.0836 -0.0585, 0.0887 -0.0883 -0.0568, 0.0933 -0.0927 -0.054, 0.0976 -0.0968 -0.0503, 0.1014 -0.1005 -0.0456, 0.1045 -0.1035 -0.0402, 0.0829 -0.0843 -0.0585, 0.087 -0.0898 -0.0568, 0.0909 -0.0949 -0.054, 0.0944 -0.0996 -0.0503, 0.0976 -0.1038 -0.0456, 0.1002 -0.1073 -0.0402, 0.1023 -0.1101 -0.0341, 0.082 -0.0849 -0.0585, 0.0851 -0.0909 -0.0568, 0.0881 -0.0966 -0.054, 0.0909 -0.1019 -0.0503, 0.0933 -0.1065 -0.0456, 0.0954 -0.1104 -0.0402, 0.097 -0.1135 -0.0341, 0.0981 -0.1156 -0.0275, 0.081 -0.0854 -0.0585, 0.0831 -0.0918 -0.0568, 0.0851 -0.0979 -0.054, 0.087 -0.1035 -0.0503, 0.0887 -0.1085 -0.0456, 0.0901 -0.1127 -0.0402, 0.0912 -0.116 -0.0341, 0.0919 -0.1183 -0.0275, 0.0924 -0.1196 -0.0207, 0.0799 -0.0856 -0.0585, 0.081 -0.0923 -0.0568, 0.082 -0.0987 -0.054, 0.0829 -0.1045 -0.0503, 0.0838 -0.1097 -0.0456, 0.0845 -0.114 -0.0402, 0.085 -0.1175 -0.0341, 0.0854 -0.1199 -0.0275, 0.0856 -0.1212 -0.0207, 0.0857 -0.1214 -0.0137, 0.0787 -0.0857 -0.0585, 0.0787 -0.0925 -0.0568, 0.0787 -0.099 -0.054, 0.0787 -0.1049 -0.0503, 0.0787 -0.1101 -0.0456, 0.0787 -0.1145 -0.0402, 0.0787 -0.118 -0.0341, 0.0787 -0.1204 -0.0275, 0.0787 -0.1218 -0.0207, 0.0787 -0.122 -0.0137, 0.0787 -0.1211 -0.0067, 0.0924 -0.1198 -0.0137, 0.0922 -0.1189 -0.0067, 0.0855 -0.1205 -0.0067, 0.0984 -0.1162 -0.0067, 0.0988 -0.117 -0.0137, 0.0987 -0.1168 -0.0207, 0.1042 -0.1126 -0.0067, 0.1047 -0.1133 -0.0137, 0.1046 -0.1131 -0.0207, 0.1038 -0.1121 -0.0275, 0.1093 -0.1081 -0.0067, 0.1099 -0.1087 -0.0137, 0.1098 -0.1085 -0.0207, 0.1088 -0.1076 -0.0275, 0.107 -0.1059 -0.0341, 0.1136 -0.1028 -0.0067, 0.1143 -0.1033 -0.0137, 0.1142 -0.1032 -0.0207, 0.113 -0.1024 -0.0275, 0.111 -0.101 -0.0341, 0.1082 -0.0991 -0.0402, 0.117 -0.0969 -0.0067, 0.1178 -0.0973 -0.0137, 0.1176 -0.0972 -0.0207, 0.1164 -0.0966 -0.0275, 0.1142 -0.0956 -0.0341, 0.111 -0.0941 -0.0402, 0.1071 -0.0922 -0.0456, 0.1194 -0.0905 -0.0067, 0.1203 -0.0908 -0.0137, 0.1201 -0.0907 -0.0207, 0.1188 -0.0903 -0.0275, 0.1164 -0.0897 -0.0341, 0.1131 -0.0887 -0.0402, 0.1089 -0.0875 -0.0456, 0.1038 -0.086 -0.0503, 0.1208 -0.0838 -0.0067, 0.1217 -0.084 -0.0137, 0.1215 -0.0839 -0.0207, 0.1201 -0.0838 -0.0275, 0.1177 -0.0835 -0.0341, 0.1142 -0.0831 -0.0402, 0.1099 -0.0825 -0.0456, 0.1047 -0.0819 -0.0503, 0.0988 -0.0812 -0.054, 0.1191 -0.0787 0.0, 0.1188 -0.0836 0.0, 0.1175 -0.09 0.0, 0.1152 -0.096 0.0, 0.1119 -0.1017 0.0, 0.1078 -0.1067 0.0, 0.103 -0.111 0.0, 0.0975 -0.1145 0.0, 0.0915 -0.117 0.0, 0.0852 -0.1186 0.0, 0.0787 -0.1191 0.0, 0.119 -0.0771 0.0, 0.1211 -0.077 -0.0067, 0.122 -0.077 -0.0137, 0.1217 -0.077 -0.0207, 0.1204 -0.0771 -0.0275, 0.1179 -0.0772 -0.0341, 0.1145 -0.0773 -0.0402, 0.1101 -0.0775 -0.0456, 0.1048 -0.0777 -0.0503, 0.0989 -0.0779 -0.054, 0.0925 -0.0782 -0.0568, 0.1183 -0.0707 0.0, 0.1202 -0.0703 -0.0067, 0.1211 -0.0701 -0.0137, 0.1209 -0.0701 -0.0207, 0.1196 -0.0704 -0.0275, 0.1172 -0.0709 -0.0341, 0.1138 -0.0716 -0.0402, 0.1095 -0.0725 -0.0456, 0.1043 -0.0735 -0.0503, 0.0985 -0.0747 -0.054, 0.0922 -0.076 -0.0568, 0.0856 -0.0773 -0.0585, 0.0853 -0.0763 -0.0585, 0.0916 -0.0739 -0.0568, 0.0976 -0.0716 -0.054, 0.1032 -0.0695 -0.0503, 0.1081 -0.0676 -0.0456, 0.1122 -0.0661 -0.0402, 0.1154 -0.0648 -0.0341, 0.1177 -0.064 -0.0275, 0.119 -0.0635 -0.0207, 0.1192 -0.0634 -0.0137, 0.1183 -0.0637 -0.0067, 0.1165 -0.0644 0.0, 0.1137 -0.0586 0.0, 0.1154 -0.0576 -0.0067, 0.1162 -0.0571 -0.0137, 0.116 -0.0572 -0.0207, 0.1148 -0.0579 -0.0275, 0.1127 -0.0591 -0.0341, 0.1097 -0.0609 -0.0402, 0.1059 -0.0631 -0.0456, 0.1014 -0.0657 -0.0503, 0.0963 -0.0686 -0.054, 0.0907 -0.0718 -0.0568, 0.0848 -0.0752 -0.0585, 0.11 -0.0532 0.0, 0.1115 -0.052 -0.0067, 0.1122 -0.0514 -0.0137, 0.1121 -0.0515 -0.0207, 0.111 -0.0524 -0.0275, 0.1091 -0.0539 -0.0341, 0.1064 -0.0561 -0.0402, 0.103 -0.0589 -0.0456, 0.099 -0.0622 -0.0503, 0.0944 -0.066 -0.054, 0.0894 -0.07 -0.0568, 0.0841 -0.0743 -0.0585, 0.1055 -0.0485 0.0, 0.1068 -0.047 -0.0067, 0.1074 -0.0464 -0.0137, 0.1073 -0.0465 -0.0207, 0.1064 -0.0475 -0.0275, 0.1048 -0.0494 -0.0341, 0.1025 -0.052 -0.0402, 0.0995 -0.0553 -0.0456, 0.0961 -0.0592 -0.0503, 0.0921 -0.0636 -0.054, 0.0879 -0.0684 -0.0568, 0.0834 -0.0735 -0.0585, 0.1003 -0.0446 0.0, 0.1014 -0.0429 -0.0067, 0.1019 -0.0422 -0.0137, 0.1017 -0.0424 -0.0207, 0.101 -0.0435 -0.0275, 0.0997 -0.0456 -0.0341, 0.0979 -0.0485 -0.0402, 0.0955 -0.0522 -0.0456, 0.0927 -0.0567 -0.0503, 0.0895 -0.0617 -0.054, 0.0861 -0.0671 -0.0568, 0.0825 -0.0728 -0.0585, 0.0946 -0.0416 0.0, 0.0953 -0.0398 -0.0067, 0.0957 -0.0389 -0.0137, 0.0956 -0.0392 -0.0207, 0.0951 -0.0404 -0.0275, 0.0941 -0.0426 -0.0341, 0.0928 -0.0458 -0.0402, 0.091 -0.0499 -0.0456, 0.089 -0.0547 -0.0503, 0.0867 -0.0601 -0.054, 0.0841 -0.0661 -0.0568, 0.0815 -0.0723 -0.0585, 0.0884 -0.0396 0.0, 0.0889 -0.0376 -0.0067, 0.0891 -0.0367 -0.0137, 0.089 -0.037 -0.0207, 0.0887 -0.0383 -0.0275, 0.0881 -0.0406 -0.0341, 0.0873 -0.044 -0.0402, 0.0862 -0.0483 -0.0456, 0.085 -0.0534 -0.0503, 0.0836 -0.0591 -0.054, 0.082 -0.0654 -0.0568, 0.0804 -0.072 -0.0585, 0.082 -0.0385 0.0, 0.0821 -0.0365 -0.0067, 0.0822 -0.0356 -0.0137, 0.0822 -0.0359 -0.0207, 0.0821 -0.0372 -0.0275, 0.0819 -0.0396 -0.0341, 0.0816 -0.0431 -0.0402, 0.0813 -0.0475 -0.0456, 0.0808 -0.0527 -0.0503, 0.0804 -0.0586 -0.054, 0.0798 -0.065 -0.0568, 0.0793 -0.0718 -0.0585, 0.0755 -0.0385 0.0, 0.0753 -0.0365 -0.0067, 0.0753 -0.0356 -0.0137, 0.0753 -0.0359 -0.0207, 0.0754 -0.0372 -0.0275, 0.0756 -0.0396 -0.0341, 0.0759 -0.0431 -0.0402, 0.0762 -0.0475 -0.0456, 0.0766 -0.0527 -0.0503, 0.0771 -0.0586 -0.054, 0.0776 -0.065 -0.0568, 0.0782 -0.0718 -0.0585, 0.0691 -0.0396 0.0, 0.0686 -0.0376 -0.0067, 0.0684 -0.0367 -0.0137, 0.0684 -0.037 -0.0207, 0.0688 -0.0383 -0.0275, 0.0694 -0.0406 -0.0341, 0.0702 -0.044 -0.0402, 0.0712 -0.0483 -0.0456, 0.0725 -0.0534 -0.0503, 0.0739 -0.0591 -0.054, 0.0754 -0.0654 -0.0568, 0.0771 -0.072 -0.0585, 0.0629 -0.0416 0.0, 0.0621 -0.0398 -0.0067, 0.0618 -0.0389 -0.0137, 0.0619 -0.0392 -0.0207, 0.0624 -0.0404 -0.0275, 0.0634 -0.0426 -0.0341, 0.0647 -0.0458 -0.0402, 0.0665 -0.0499 -0.0456, 0.0685 -0.0547 -0.0503, 0.0708 -0.0601 -0.054, 0.0733 -0.0661 -0.0568, 0.076 -0.0723 -0.0585, 0.0572 -0.0446 0.0, 0.0561 -0.0429 -0.0067, 0.0556 -0.0422 -0.0137, 0.0557 -0.0424 -0.0207, 0.0565 -0.0435 -0.0275, 0.0578 -0.0456 -0.0341, 0.0596 -0.0485 -0.0402, 0.062 -0.0522 -0.0456, 0.0648 -0.0567 -0.0503, 0.0679 -0.0617 -0.054, 0.0714 -0.0671 -0.0568, 0.075 -0.0728 -0.0585, 0.052 -0.0485 0.0, 0.0507 -0.047 -0.0067, 0.0501 -0.0464 -0.0137, 0.0502 -0.0465 -0.0207, 0.0511 -0.0475 -0.0275, 0.0527 -0.0494 -0.0341, 0.055 -0.052 -0.0402, 0.0579 -0.0553 -0.0456, 0.0614 -0.0592 -0.0503, 0.0653 -0.0636 -0.054, 0.0696 -0.0684 -0.0568, 0.0741 -0.0735 -0.0585, 0.0475 -0.0532 0.0, 0.0459 -0.052 -0.0067, 0.0452 -0.0514 -0.0137, 0.0454 -0.0515 -0.0207, 0.0465 -0.0524 -0.0275, 0.0484 -0.0539 -0.0341, 0.051 -0.0561 -0.0402, 0.0545 -0.0589 -0.0456, 0.0585 -0.0622 -0.0503, 0.0631 -0.066 -0.054, 0.0681 -0.07 -0.0568, 0.0733 -0.0743 -0.0585, 0.0438 -0.0586 0.0, 0.0421 -0.0576 -0.0067, 0.0413 -0.0571 -0.0137, 0.0415 -0.0572 -0.0207, 0.0426 -0.0579 -0.0275, 0.0448 -0.0591 -0.0341, 0.0478 -0.0609 -0.0402, 0.0516 -0.0631 -0.0456, 0.0561 -0.0657 -0.0503, 0.0612 -0.0686 -0.054, 0.0668 -0.0718 -0.0568, 0.0727 -0.0752 -0.0585, 0.0383 -0.0634 -0.0137, 0.0385 -0.0635 -0.0207, 0.0398 -0.064 -0.0275, 0.0421 -0.0648 -0.0341, 0.0453 -0.0661 -0.0402, 0.0494 -0.0676 -0.0456, 0.0543 -0.0695 -0.0503, 0.0598 -0.0716 -0.054, 0.0659 -0.0739 -0.0568, 0.0722 -0.0763 -0.0585, 0.0392 -0.0707 0.0, 0.0372 -0.0703 -0.0067, 0.0364 -0.0701 -0.0137, 0.0366 -0.0701 -0.0207, 0.0379 -0.0704 -0.0275, 0.0403 -0.0709 -0.0341, 0.0437 -0.0716 -0.0402, 0.048 -0.0725 -0.0456, 0.0531 -0.0735 -0.0503, 0.0589 -0.0747 -0.054, 0.0652 -0.076 -0.0568, 0.0719 -0.0773 -0.0585, 0.0384 -0.0771 0.0, 0.0364 -0.077 -0.0067, 0.0355 -0.077 -0.0137, 0.0357 -0.077 -0.0207, 0.0371 -0.0771 -0.0275, 0.0395 -0.0772 -0.0341, 0.043 -0.0773 -0.0402, 0.0474 -0.0775 -0.0456, 0.0526 -0.0777 -0.0503, 0.0585 -0.0779 -0.054, 0.065 -0.0782 -0.0568, 0.0718 -0.0785 -0.0585, 0.0358 -0.084 -0.0137, 0.036 -0.0839 -0.0207, 0.0374 -0.0838 -0.0275, 0.0398 -0.0835 -0.0341, 0.0432 -0.0831 -0.0402, 0.0476 -0.0825 -0.0456, 0.0528 -0.0819 -0.0503, 0.0587 -0.0812 -0.054, 0.0651 -0.0804 -0.0568, 0.0718 -0.0796 -0.0585, 0.04 -0.09 0.0, 0.0381 -0.0905 -0.0067, 0.0372 -0.0908 -0.0137, 0.0374 -0.0907 -0.0207, 0.0387 -0.0903 -0.0275, 0.0411 -0.0897 -0.0341, 0.0444 -0.0887 -0.0402, 0.0486 -0.0875 -0.0456, 0.0536 -0.086 -0.0503, 0.0593 -0.0844 -0.054, 0.0655 -0.0826 -0.0568, 0.072 -0.0807 -0.0585, 0.0423 -0.096 0.0, 0.0405 -0.0969 -0.0067, 0.0397 -0.0973 -0.0137, 0.0399 -0.0972 -0.0207, 0.0411 -0.0966 -0.0275, 0.0433 -0.0956 -0.0341, 0.0464 -0.0941 -0.0402, 0.0504 -0.0922 -0.0456, 0.0551 -0.0899 -0.0503, 0.0605 -0.0874 -0.054, 0.0663 -0.0846 -0.0568, 0.0724 -0.0817 -0.0585, 0.0455 -0.1017 0.0, 0.0439 -0.1028 -0.0067, 0.0431 -0.1033 -0.0137, 0.0433 -0.1032 -0.0207, 0.0444 -0.1024 -0.0275, 0.0465 -0.101 -0.0341, 0.0493 -0.0991 -0.0402, 0.0529 -0.0966 -0.0456, 0.0572 -0.0936 -0.0503, 0.0621 -0.0902 -0.054, 0.0674 -0.0866 -0.0568, 0.073 -0.0827 -0.0585, 0.0496 -0.1067 0.0, 0.0482 -0.1081 -0.0067, 0.0475 -0.1087 -0.0137, 0.0477 -0.1085 -0.0207, 0.0487 -0.1076 -0.0275, 0.0504 -0.1059 -0.0341, 0.053 -0.1035 -0.0402, 0.0561 -0.1005 -0.0456, 0.0599 -0.0968 -0.0503, 0.0642 -0.0927 -0.054, 0.0688 -0.0883 -0.0568, 0.0737 -0.0836 -0.0585, 0.0545 -0.111 0.0, 0.0533 -0.1126 -0.0067, 0.0528 -0.1133 -0.0137, 0.0529 -0.1131 -0.0207, 0.0537 -0.1121 -0.0275, 0.0552 -0.1101 -0.0341, 0.0573 -0.1073 -0.0402, 0.0599 -0.1038 -0.0456, 0.063 -0.0996 -0.0503, 0.0666 -0.0949 -0.054, 0.0705 -0.0898 -0.0568, 0.0745 -0.0843 -0.0585, 0.06 -0.1145 0.0, 0.0591 -0.1162 -0.0067, 0.0586 -0.117 -0.0137, 0.0587 -0.1168 -0.0207, 0.0594 -0.1156 -0.0275, 0.0605 -0.1135 -0.0341, 0.0621 -0.1104 -0.0402, 0.0642 -0.1065 -0.0456, 0.0666 -0.1019 -0.0503, 0.0693 -0.0966 -0.054, 0.0723 -0.0909 -0.0568, 0.0755 -0.0849 -0.0585, 0.066 -0.117 0.0, 0.0653 -0.1189 -0.0067, 0.065 -0.1198 -0.0137, 0.0651 -0.1196 -0.0207, 0.0655 -0.1183 -0.0275, 0.0663 -0.116 -0.0341, 0.0674 -0.1127 -0.0402, 0.0688 -0.1085 -0.0456, 0.0705 -0.1035 -0.0503, 0.0723 -0.0979 -0.054, 0.0744 -0.0918 -0.0568, 0.0765 -0.0854 -0.0585, 0.0723 -0.1186 0.0, 0.0719 -0.1205 -0.0067, 0.0718 -0.1214 -0.0137, 0.0718 -0.1212 -0.0207, 0.0721 -0.1199 -0.0275, 0.0724 -0.1175 -0.0341, 0.073 -0.114 -0.0402, 0.0737 -0.1097 -0.0456, 0.0745 -0.1045 -0.0503, 0.0755 -0.0987 -0.054, 0.0765 -0.0923 -0.0568, 0.0776 -0.0856 -0.0585, -0.1085 0.0516 0.0, -0.1119 0.0558 0.0, -0.1136 0.0547 -0.0067, -0.1085 0.1058 0.0, -0.1055 0.1089 0.0, -0.1068 0.1104 -0.0067, -0.0609 0.1148 0.0, -0.0572 0.1128 0.0, -0.0561 0.1145 -0.0067, -0.0384 0.0787 0.0, -0.0387 0.0739 0.0, -0.0367 0.0736 -0.0067, -0.0651 0.0771 -0.0568, -0.0718 0.0779 -0.0585, -0.0718 0.079 -0.0585, -0.0787 0.0787 -0.0591, -0.072 0.0768 -0.0585, -0.0655 0.0749 -0.0568, -0.0593 0.0731 -0.054, -0.0724 0.0757 -0.0585, -0.0663 0.0728 -0.0568, -0.0605 0.0701 -0.054, -0.0551 0.0675 -0.0503, -0.073 0.0748 -0.0585, -0.0674 0.0709 -0.0568, -0.0621 0.0673 -0.054, -0.0572 0.0639 -0.0503, -0.0529 0.0609 -0.0456, -0.0737 0.0739 -0.0585, -0.0688 0.0692 -0.0568, -0.0642 0.0647 -0.054, -0.0599 0.0606 -0.0503, -0.0561 0.057 -0.0456, -0.053 0.054 -0.0402, -0.0745 0.0732 -0.0585, -0.0705 0.0677 -0.0568, -0.0666 0.0626 -0.054, -0.063 0.0579 -0.0503, -0.0599 0.0537 -0.0456, -0.0573 0.0502 -0.0402, -0.0552 0.0474 -0.0341, -0.0755 0.0726 -0.0585, -0.0723 0.0665 -0.0568, -0.0693 0.0608 -0.054, -0.0666 0.0556 -0.0503, -0.0642 0.051 -0.0456, -0.0621 0.0471 -0.0402, -0.0605 0.044 -0.0341, -0.0594 0.0418 -0.0275, -0.0765 0.0721 -0.0585, -0.0744 0.0657 -0.0568, -0.0723 0.0596 -0.054, -0.0705 0.054 -0.0503, -0.0688 0.049 -0.0456, -0.0674 0.0448 -0.0402, -0.0663 0.0415 -0.0341, -0.0655 0.0392 -0.0275, -0.0651 0.0379 -0.0207, -0.0776 0.0718 -0.0585, -0.0765 0.0651 -0.0568, -0.0755 0.0588 -0.054, -0.0745 0.053 -0.0503, -0.0737 0.0478 -0.0456, -0.073 0.0434 -0.0402, -0.0724 0.04 -0.0341, -0.0721 0.0376 -0.0275, -0.0718 0.0363 -0.0207, -0.0718 0.036 -0.0137, -0.0787 0.0718 -0.0585, -0.0787 0.065 -0.0568, -0.0787 0.0585 -0.054, -0.0787 0.0526 -0.0503, -0.0787 0.0474 -0.0456, -0.0787 0.043 -0.0402, -0.0787 0.0395 -0.0341, -0.0787 0.0371 -0.0275, -0.0787 0.0357 -0.0207, -0.0787 0.0355 -0.0137, -0.0787 0.0364 -0.0067, -0.065 0.0377 -0.0137, -0.0653 0.0386 -0.0067, -0.0719 0.0369 -0.0067, -0.0609 0.0426 0.0, -0.066 0.0405 0.0, -0.0723 0.0389 0.0, -0.0787 0.0384 0.0, -0.06 0.043 0.0, -0.0591 0.0412 -0.0067, -0.0586 0.0404 -0.0137, -0.0587 0.0406 -0.0207, -0.0545 0.0465 0.0, -0.0533 0.0449 -0.0067, -0.0528 0.0442 -0.0137, -0.0529 0.0443 -0.0207, -0.0537 0.0454 -0.0275, -0.0496 0.0508 0.0, -0.0482 0.0494 -0.0067, -0.0475 0.0488 -0.0137, -0.0477 0.0489 -0.0207, -0.0487 0.0499 -0.0275, -0.0504 0.0516 -0.0341, -0.0455 0.0558 0.0, -0.0439 0.0547 -0.0067, -0.0431 0.0542 -0.0137, -0.0433 0.0543 -0.0207, -0.0444 0.0551 -0.0275, -0.0465 0.0565 -0.0341, -0.0493 0.0584 -0.0402, -0.0423 0.0614 0.0, -0.0405 0.0606 -0.0067, -0.0397 0.0602 -0.0137, -0.0399 0.0603 -0.0207, -0.0411 0.0609 -0.0275, -0.0433 0.0619 -0.0341, -0.0464 0.0634 -0.0402, -0.0504 0.0653 -0.0456, -0.04 0.0675 0.0, -0.0381 0.067 -0.0067, -0.0372 0.0667 -0.0137, -0.0374 0.0668 -0.0207, -0.0387 0.0671 -0.0275, -0.0411 0.0678 -0.0341, -0.0444 0.0688 -0.0402, -0.0486 0.07 -0.0456, -0.0536 0.0715 -0.0503, -0.0358 0.0735 -0.0137, -0.036 0.0736 -0.0207, -0.0374 0.0737 -0.0275, -0.0398 0.074 -0.0341, -0.0432 0.0744 -0.0402, -0.0476 0.075 -0.0456, -0.0528 0.0756 -0.0503, -0.0587 0.0763 -0.054, -0.0384 0.0804 0.0, -0.0364 0.0804 -0.0067, -0.0355 0.0805 -0.0137, -0.0357 0.0805 -0.0207, -0.0371 0.0804 -0.0275, -0.0395 0.0803 -0.0341, -0.043 0.0802 -0.0402, -0.0474 0.08 -0.0456, -0.0526 0.0798 -0.0503, -0.0585 0.0796 -0.054, -0.065 0.0793 -0.0568, -0.0392 0.0868 0.0, -0.0372 0.0872 -0.0067, -0.0364 0.0874 -0.0137, -0.0366 0.0873 -0.0207, -0.0379 0.0871 -0.0275, -0.0403 0.0866 -0.0341, -0.0437 0.0859 -0.0402, -0.048 0.085 -0.0456, -0.0531 0.084 -0.0503, -0.0589 0.0828 -0.054, -0.0652 0.0815 -0.0568, -0.0719 0.0801 -0.0585, -0.0722 0.0812 -0.0585, -0.0659 0.0836 -0.0568, -0.0598 0.0859 -0.054, -0.0543 0.088 -0.0503, -0.0494 0.0899 -0.0456, -0.0453 0.0914 -0.0402, -0.0421 0.0927 -0.0341, -0.0398 0.0935 -0.0275, -0.0385 0.094 -0.0207, -0.0383 0.0941 -0.0137, -0.0391 0.0938 -0.0067, -0.041 0.093 0.0, -0.0438 0.0989 0.0, -0.0421 0.0999 -0.0067, -0.0413 0.1004 -0.0137, -0.0415 0.1003 -0.0207, -0.0426 0.0996 -0.0275, -0.0448 0.0984 -0.0341, -0.0478 0.0966 -0.0402, -0.0516 0.0944 -0.0456, -0.0561 0.0918 -0.0503, -0.0612 0.0888 -0.054, -0.0668 0.0856 -0.0568, -0.0727 0.0822 -0.0585, -0.0475 0.1043 0.0, -0.0459 0.1055 -0.0067, -0.0452 0.1061 -0.0137, -0.0454 0.106 -0.0207, -0.0465 0.1051 -0.0275, -0.0484 0.1036 -0.0341, -0.051 0.1014 -0.0402, -0.0545 0.0986 -0.0456, -0.0585 0.0953 -0.0503, -0.0631 0.0915 -0.054, -0.0681 0.0875 -0.0568, -0.0733 0.0832 -0.0585, -0.052 0.1089 0.0, -0.0507 0.1104 -0.0067, -0.0501 0.1111 -0.0137, -0.0502 0.1109 -0.0207, -0.0511 0.1099 -0.0275, -0.0527 0.1081 -0.0341, -0.055 0.1055 -0.0402, -0.0579 0.1022 -0.0456, -0.0614 0.0983 -0.0503, -0.0653 0.0939 -0.054, -0.0696 0.0891 -0.0568, -0.0741 0.084 -0.0585, -0.0556 0.1153 -0.0137, -0.0557 0.1151 -0.0207, -0.0565 0.114 -0.0275, -0.0578 0.1119 -0.0341, -0.0596 0.109 -0.0402, -0.062 0.1052 -0.0456, -0.0648 0.1008 -0.0503, -0.0679 0.0958 -0.054, -0.0714 0.0904 -0.0568, -0.075 0.0846 -0.0585, -0.0629 0.1159 0.0, -0.0621 0.1177 -0.0067, -0.0618 0.1185 -0.0137, -0.0619 0.1183 -0.0207, -0.0624 0.1171 -0.0275, -0.0634 0.1148 -0.0341, -0.0647 0.1116 -0.0402, -0.0665 0.1076 -0.0456, -0.0685 0.1028 -0.0503, -0.0708 0.0973 -0.054, -0.0733 0.0914 -0.0568, -0.076 0.0852 -0.0585, -0.0691 0.1179 0.0, -0.0686 0.1199 -0.0067, -0.0684 0.1207 -0.0137, -0.0684 0.1205 -0.0207, -0.0688 0.1192 -0.0275, -0.0694 0.1168 -0.0341, -0.0702 0.1135 -0.0402, -0.0712 0.1092 -0.0456, -0.0725 0.1041 -0.0503, -0.0739 0.0984 -0.054, -0.0754 0.0921 -0.0568, -0.0771 0.0855 -0.0585, -0.0755 0.119 0.0, -0.0753 0.121 -0.0067, -0.0753 0.1219 -0.0137, -0.0753 0.1216 -0.0207, -0.0754 0.1203 -0.0275, -0.0756 0.1178 -0.0341, -0.0759 0.1144 -0.0402, -0.0762 0.11 -0.0456, -0.0766 0.1048 -0.0503, -0.0771 0.0989 -0.054, -0.0776 0.0925 -0.0568, -0.0782 0.0857 -0.0585, -0.082 0.119 0.0, -0.0821 0.121 -0.0067, -0.0822 0.1219 -0.0137, -0.0822 0.1216 -0.0207, -0.0821 0.1203 -0.0275, -0.0819 0.1178 -0.0341, -0.0816 0.1144 -0.0402, -0.0813 0.11 -0.0456, -0.0808 0.1048 -0.0503, -0.0804 0.0989 -0.054, -0.0798 0.0925 -0.0568, -0.0793 0.0857 -0.0585, -0.0884 0.1179 0.0, -0.0889 0.1199 -0.0067, -0.0891 0.1207 -0.0137, -0.089 0.1205 -0.0207, -0.0887 0.1192 -0.0275, -0.0881 0.1168 -0.0341, -0.0873 0.1135 -0.0402, -0.0862 0.1092 -0.0456, -0.085 0.1041 -0.0503, -0.0836 0.0984 -0.054, -0.082 0.0921 -0.0568, -0.0804 0.0855 -0.0585, -0.0946 0.1159 0.0, -0.0953 0.1177 -0.0067, -0.0957 0.1185 -0.0137, -0.0956 0.1183 -0.0207, -0.0951 0.1171 -0.0275, -0.0941 0.1148 -0.0341, -0.0928 0.1116 -0.0402, -0.091 0.1076 -0.0456, -0.089 0.1028 -0.0503, -0.0867 0.0973 -0.054, -0.0841 0.0914 -0.0568, -0.0815 0.0852 -0.0585, -0.1003 0.1128 0.0, -0.1014 0.1145 -0.0067, -0.1019 0.1153 -0.0137, -0.1017 0.1151 -0.0207, -0.101 0.114 -0.0275, -0.0997 0.1119 -0.0341, -0.0979 0.109 -0.0402, -0.0955 0.1052 -0.0456, -0.0927 0.1008 -0.0503, -0.0895 0.0958 -0.054, -0.0861 0.0904 -0.0568, -0.0825 0.0846 -0.0585, -0.1074 0.1111 -0.0137, -0.1073 0.1109 -0.0207, -0.1064 0.1099 -0.0275, -0.1048 0.1081 -0.0341, -0.1025 0.1055 -0.0402, -0.0995 0.1022 -0.0456, -0.0961 0.0983 -0.0503, -0.0921 0.0939 -0.054, -0.0879 0.0891 -0.0568, -0.0834 0.084 -0.0585, -0.11 0.1043 0.0, -0.1115 0.1055 -0.0067, -0.1122 0.1061 -0.0137, -0.1121 0.106 -0.0207, -0.111 0.1051 -0.0275, -0.1091 0.1036 -0.0341, -0.1064 0.1014 -0.0402, -0.103 0.0986 -0.0456, -0.099 0.0953 -0.0503, -0.0944 0.0915 -0.054, -0.0894 0.0875 -0.0568, -0.0841 0.0832 -0.0585, -0.1137 0.0989 0.0, -0.1154 0.0999 -0.0067, -0.1162 0.1004 -0.0137, -0.116 0.1003 -0.0207, -0.1148 0.0996 -0.0275, -0.1127 0.0984 -0.0341, -0.1097 0.0966 -0.0402, -0.1059 0.0944 -0.0456, -0.1014 0.0918 -0.0503, -0.0963 0.0888 -0.054, -0.0907 0.0856 -0.0568, -0.0848 0.0822 -0.0585, -0.1165 0.093 0.0, -0.1183 0.0938 -0.0067, -0.1192 0.0941 -0.0137, -0.119 0.094 -0.0207, -0.1177 0.0935 -0.0275, -0.1154 0.0927 -0.0341, -0.1122 0.0914 -0.0402, -0.1081 0.0899 -0.0456, -0.1032 0.088 -0.0503, -0.0976 0.0859 -0.054, -0.0916 0.0836 -0.0568, -0.0853 0.0812 -0.0585, -0.1183 0.0868 0.0, -0.1202 0.0872 -0.0067, -0.1211 0.0874 -0.0137, -0.1209 0.0873 -0.0207, -0.1196 0.0871 -0.0275, -0.1172 0.0866 -0.0341, -0.1138 0.0859 -0.0402, -0.1095 0.085 -0.0456, -0.1043 0.084 -0.0503, -0.0985 0.0828 -0.054, -0.0922 0.0815 -0.0568, -0.0856 0.0801 -0.0585, -0.119 0.0804 0.0, -0.1211 0.0804 -0.0067, -0.122 0.0805 -0.0137, -0.1217 0.0805 -0.0207, -0.1204 0.0804 -0.0275, -0.1179 0.0803 -0.0341, -0.1145 0.0802 -0.0402, -0.1101 0.08 -0.0456, -0.1048 0.0798 -0.0503, -0.0989 0.0796 -0.054, -0.0925 0.0793 -0.0568, -0.0857 0.079 -0.0585, -0.1188 0.0739 0.0, -0.1208 0.0736 -0.0067, -0.1217 0.0735 -0.0137, -0.1215 0.0736 -0.0207, -0.1201 0.0737 -0.0275, -0.1177 0.074 -0.0341, -0.1142 0.0744 -0.0402, -0.1099 0.075 -0.0456, -0.1047 0.0756 -0.0503, -0.0988 0.0763 -0.054, -0.0924 0.0771 -0.0568, -0.0857 0.0779 -0.0585, -0.1175 0.0675 0.0, -0.1194 0.067 -0.0067, -0.1203 0.0667 -0.0137, -0.1201 0.0668 -0.0207, -0.1188 0.0671 -0.0275, -0.1164 0.0678 -0.0341, -0.1131 0.0688 -0.0402, -0.1089 0.07 -0.0456, -0.1038 0.0715 -0.0503, -0.0982 0.0731 -0.054, -0.092 0.0749 -0.0568, -0.0854 0.0768 -0.0585, -0.1152 0.0614 0.0, -0.117 0.0606 -0.0067, -0.1178 0.0602 -0.0137, -0.1176 0.0603 -0.0207, -0.1164 0.0609 -0.0275, -0.1142 0.0619 -0.0341, -0.111 0.0634 -0.0402, -0.1071 0.0653 -0.0456, -0.1023 0.0675 -0.0503, -0.097 0.0701 -0.054, -0.0912 0.0728 -0.0568, -0.085 0.0757 -0.0585, -0.1143 0.0542 -0.0137, -0.1142 0.0543 -0.0207, -0.113 0.0551 -0.0275, -0.111 0.0565 -0.0341, -0.1082 0.0584 -0.0402, -0.1045 0.0609 -0.0456, -0.1002 0.0639 -0.0503, -0.0954 0.0673 -0.054, -0.0901 0.0709 -0.0568, -0.0845 0.0748 -0.0585, -0.1078 0.0508 0.0, -0.1093 0.0494 -0.0067, -0.1099 0.0488 -0.0137, -0.1098 0.0489 -0.0207, -0.1088 0.0499 -0.0275, -0.107 0.0516 -0.0341, -0.1045 0.054 -0.0402, -0.1014 0.057 -0.0456, -0.0976 0.0606 -0.0503, -0.0933 0.0647 -0.054, -0.0887 0.0692 -0.0568, -0.0838 0.0739 -0.0585, -0.103 0.0465 0.0, -0.1042 0.0449 -0.0067, -0.1047 0.0442 -0.0137, -0.1046 0.0443 -0.0207, -0.1038 0.0454 -0.0275, -0.1023 0.0474 -0.0341, -0.1002 0.0502 -0.0402, -0.0976 0.0537 -0.0456, -0.0944 0.0579 -0.0503, -0.0909 0.0626 -0.054, -0.087 0.0677 -0.0568, -0.0829 0.0732 -0.0585, -0.0975 0.043 0.0, -0.0984 0.0412 -0.0067, -0.0988 0.0404 -0.0137, -0.0987 0.0406 -0.0207, -0.0981 0.0418 -0.0275, -0.097 0.044 -0.0341, -0.0954 0.0471 -0.0402, -0.0933 0.051 -0.0456, -0.0909 0.0556 -0.0503, -0.0881 0.0608 -0.054, -0.0851 0.0665 -0.0568, -0.082 0.0726 -0.0585, -0.0915 0.0405 0.0, -0.0922 0.0386 -0.0067, -0.0924 0.0377 -0.0137, -0.0924 0.0379 -0.0207, -0.0919 0.0392 -0.0275, -0.0912 0.0415 -0.0341, -0.0901 0.0448 -0.0402, -0.0887 0.049 -0.0456, -0.087 0.054 -0.0503, -0.0851 0.0596 -0.054, -0.0831 0.0657 -0.0568, -0.081 0.0721 -0.0585, -0.0852 0.0389 0.0, -0.0855 0.0369 -0.0067, -0.0857 0.036 -0.0137, -0.0856 0.0363 -0.0207, -0.0854 0.0376 -0.0275, -0.085 0.04 -0.0341, -0.0845 0.0434 -0.0402, -0.0838 0.0478 -0.0456, -0.0829 0.053 -0.0503, -0.082 0.0588 -0.054, -0.081 0.0651 -0.0568, -0.0799 0.0718 -0.0585, -0.1085 -0.1059 0.0, -0.1119 -0.1017 0.0, -0.1136 -0.1028 -0.0067, -0.1085 -0.0517 0.0, -0.1055 -0.0485 0.0, -0.1068 -0.047 -0.0067, -0.0609 -0.0427 0.0, -0.0572 -0.0446 0.0, -0.0561 -0.0429 -0.0067, -0.0384 -0.0787 0.0, -0.0387 -0.0836 0.0, -0.0367 -0.0838 -0.0067, -0.0651 -0.0804 -0.0568, -0.0718 -0.0796 -0.0585, -0.0718 -0.0785 -0.0585, -0.0787 -0.0787 -0.0591, -0.072 -0.0807 -0.0585, -0.0655 -0.0826 -0.0568, -0.0593 -0.0844 -0.054, -0.0724 -0.0817 -0.0585, -0.0663 -0.0846 -0.0568, -0.0605 -0.0874 -0.054, -0.0551 -0.0899 -0.0503, -0.073 -0.0827 -0.0585, -0.0674 -0.0866 -0.0568, -0.0621 -0.0902 -0.054, -0.0572 -0.0936 -0.0503, -0.0529 -0.0966 -0.0456, -0.0737 -0.0836 -0.0585, -0.0688 -0.0883 -0.0568, -0.0642 -0.0927 -0.054, -0.0599 -0.0968 -0.0503, -0.0561 -0.1005 -0.0456, -0.053 -0.1035 -0.0402, -0.0745 -0.0843 -0.0585, -0.0705 -0.0898 -0.0568, -0.0666 -0.0949 -0.054, -0.063 -0.0996 -0.0503, -0.0599 -0.1038 -0.0456, -0.0573 -0.1073 -0.0402, -0.0552 -0.1101 -0.0341, -0.0755 -0.0849 -0.0585, -0.0723 -0.0909 -0.0568, -0.0693 -0.0966 -0.054, -0.0666 -0.1019 -0.0503, -0.0642 -0.1065 -0.0456, -0.0621 -0.1104 -0.0402, -0.0605 -0.1135 -0.0341, -0.0594 -0.1156 -0.0275, -0.0765 -0.0854 -0.0585, -0.0744 -0.0918 -0.0568, -0.0723 -0.0979 -0.054, -0.0705 -0.1035 -0.0503, -0.0688 -0.1085 -0.0456, -0.0674 -0.1127 -0.0402, -0.0663 -0.116 -0.0341, -0.0655 -0.1183 -0.0275, -0.0651 -0.1196 -0.0207, -0.0776 -0.0856 -0.0585, -0.0765 -0.0923 -0.0568, -0.0755 -0.0987 -0.054, -0.0745 -0.1045 -0.0503, -0.0737 -0.1097 -0.0456, -0.073 -0.114 -0.0402, -0.0724 -0.1175 -0.0341, -0.0721 -0.1199 -0.0275, -0.0718 -0.1212 -0.0207, -0.0718 -0.1214 -0.0137, -0.0787 -0.0857 -0.0585, -0.0787 -0.0925 -0.0568, -0.0787 -0.099 -0.054, -0.0787 -0.1049 -0.0503, -0.0787 -0.1101 -0.0456, -0.0787 -0.1145 -0.0402, -0.0787 -0.118 -0.0341, -0.0787 -0.1204 -0.0275, -0.0787 -0.1218 -0.0207, -0.0787 -0.122 -0.0137, -0.0787 -0.1211 -0.0067, -0.065 -0.1198 -0.0137, -0.0653 -0.1189 -0.0067, -0.0719 -0.1205 -0.0067, -0.0609 -0.1149 0.0, -0.066 -0.117 0.0, -0.0723 -0.1186 0.0, -0.0787 -0.1191 0.0, -0.06 -0.1145 0.0, -0.0591 -0.1162 -0.0067, -0.0586 -0.117 -0.0137, -0.0587 -0.1168 -0.0207, -0.0545 -0.111 0.0, -0.0533 -0.1126 -0.0067, -0.0528 -0.1133 -0.0137, -0.0529 -0.1131 -0.0207, -0.0537 -0.1121 -0.0275, -0.0496 -0.1067 0.0, -0.0482 -0.1081 -0.0067, -0.0475 -0.1087 -0.0137, -0.0477 -0.1085 -0.0207, -0.0487 -0.1076 -0.0275, -0.0504 -0.1059 -0.0341, -0.0455 -0.1017 0.0, -0.0439 -0.1028 -0.0067, -0.0431 -0.1033 -0.0137, -0.0433 -0.1032 -0.0207, -0.0444 -0.1024 -0.0275, -0.0465 -0.101 -0.0341, -0.0493 -0.0991 -0.0402, -0.0423 -0.096 0.0, -0.0405 -0.0969 -0.0067, -0.0397 -0.0973 -0.0137, -0.0399 -0.0972 -0.0207, -0.0411 -0.0966 -0.0275, -0.0433 -0.0956 -0.0341, -0.0464 -0.0941 -0.0402, -0.0504 -0.0922 -0.0456, -0.04 -0.09 0.0, -0.0381 -0.0905 -0.0067, -0.0372 -0.0908 -0.0137, -0.0374 -0.0907 -0.0207, -0.0387 -0.0903 -0.0275, -0.0411 -0.0897 -0.0341, -0.0444 -0.0887 -0.0402, -0.0486 -0.0875 -0.0456, -0.0536 -0.086 -0.0503, -0.0358 -0.084 -0.0137, -0.036 -0.0839 -0.0207, -0.0374 -0.0838 -0.0275, -0.0398 -0.0835 -0.0341, -0.0432 -0.0831 -0.0402, -0.0476 -0.0825 -0.0456, -0.0528 -0.0819 -0.0503, -0.0587 -0.0812 -0.054, -0.0384 -0.0771 0.0, -0.0364 -0.077 -0.0067, -0.0355 -0.077 -0.0137, -0.0357 -0.077 -0.0207, -0.0371 -0.0771 -0.0275, -0.0395 -0.0772 -0.0341, -0.043 -0.0773 -0.0402, -0.0474 -0.0775 -0.0456, -0.0526 -0.0777 -0.0503, -0.0585 -0.0779 -0.054, -0.065 -0.0782 -0.0568, -0.0392 -0.0707 0.0, -0.0372 -0.0703 -0.0067, -0.0364 -0.0701 -0.0137, -0.0366 -0.0701 -0.0207, -0.0379 -0.0704 -0.0275, -0.0403 -0.0709 -0.0341, -0.0437 -0.0716 -0.0402, -0.048 -0.0725 -0.0456, -0.0531 -0.0735 -0.0503, -0.0589 -0.0747 -0.054, -0.0652 -0.076 -0.0568, -0.0719 -0.0773 -0.0585, -0.0722 -0.0763 -0.0585, -0.0659 -0.0739 -0.0568, -0.0598 -0.0716 -0.054, -0.0543 -0.0695 -0.0503, -0.0494 -0.0676 -0.0456, -0.0453 -0.0661 -0.0402, -0.0421 -0.0648 -0.0341, -0.0398 -0.064 -0.0275, -0.0385 -0.0635 -0.0207, -0.0383 -0.0634 -0.0137, -0.0391 -0.0637 -0.0067, -0.041 -0.0644 0.0, -0.0438 -0.0586 0.0, -0.0421 -0.0576 -0.0067, -0.0413 -0.0571 -0.0137, -0.0415 -0.0572 -0.0207, -0.0426 -0.0579 -0.0275, -0.0448 -0.0591 -0.0341, -0.0478 -0.0609 -0.0402, -0.0516 -0.0631 -0.0456, -0.0561 -0.0657 -0.0503, -0.0612 -0.0686 -0.054, -0.0668 -0.0718 -0.0568, -0.0727 -0.0752 -0.0585, -0.0475 -0.0532 0.0, -0.0459 -0.052 -0.0067, -0.0452 -0.0514 -0.0137, -0.0454 -0.0515 -0.0207, -0.0465 -0.0524 -0.0275, -0.0484 -0.0539 -0.0341, -0.051 -0.0561 -0.0402, -0.0545 -0.0589 -0.0456, -0.0585 -0.0622 -0.0503, -0.0631 -0.066 -0.054, -0.0681 -0.07 -0.0568, -0.0733 -0.0743 -0.0585, -0.052 -0.0485 0.0, -0.0507 -0.047 -0.0067, -0.0501 -0.0464 -0.0137, -0.0502 -0.0465 -0.0207, -0.0511 -0.0475 -0.0275, -0.0527 -0.0494 -0.0341, -0.055 -0.052 -0.0402, -0.0579 -0.0553 -0.0456, -0.0614 -0.0592 -0.0503, -0.0653 -0.0636 -0.054, -0.0696 -0.0684 -0.0568, -0.0741 -0.0735 -0.0585, -0.0556 -0.0422 -0.0137, -0.0557 -0.0424 -0.0207, -0.0565 -0.0435 -0.0275, -0.0578 -0.0456 -0.0341, -0.0596 -0.0485 -0.0402, -0.062 -0.0522 -0.0456, -0.0648 -0.0567 -0.0503, -0.0679 -0.0617 -0.054, -0.0714 -0.0671 -0.0568, -0.075 -0.0728 -0.0585, -0.0629 -0.0416 0.0, -0.0621 -0.0398 -0.0067, -0.0618 -0.0389 -0.0137, -0.0619 -0.0392 -0.0207, -0.0624 -0.0404 -0.0275, -0.0634 -0.0426 -0.0341, -0.0647 -0.0458 -0.0402, -0.0665 -0.0499 -0.0456, -0.0685 -0.0547 -0.0503, -0.0708 -0.0601 -0.054, -0.0733 -0.0661 -0.0568, -0.076 -0.0723 -0.0585, -0.0691 -0.0396 0.0, -0.0686 -0.0376 -0.0067, -0.0684 -0.0367 -0.0137, -0.0684 -0.037 -0.0207, -0.0688 -0.0383 -0.0275, -0.0694 -0.0406 -0.0341, -0.0702 -0.044 -0.0402, -0.0712 -0.0483 -0.0456, -0.0725 -0.0534 -0.0503, -0.0739 -0.0591 -0.054, -0.0754 -0.0654 -0.0568, -0.0771 -0.072 -0.0585, -0.0755 -0.0385 0.0, -0.0753 -0.0365 -0.0067, -0.0753 -0.0356 -0.0137, -0.0753 -0.0359 -0.0207, -0.0754 -0.0372 -0.0275, -0.0756 -0.0396 -0.0341, -0.0759 -0.0431 -0.0402, -0.0762 -0.0475 -0.0456, -0.0766 -0.0527 -0.0503, -0.0771 -0.0586 -0.054, -0.0776 -0.065 -0.0568, -0.0782 -0.0718 -0.0585, -0.082 -0.0385 0.0, -0.0821 -0.0365 -0.0067, -0.0822 -0.0356 -0.0137, -0.0822 -0.0359 -0.0207, -0.0821 -0.0372 -0.0275, -0.0819 -0.0396 -0.0341, -0.0816 -0.0431 -0.0402, -0.0813 -0.0475 -0.0456, -0.0808 -0.0527 -0.0503, -0.0804 -0.0586 -0.054, -0.0798 -0.065 -0.0568, -0.0793 -0.0718 -0.0585, -0.0884 -0.0396 0.0, -0.0889 -0.0376 -0.0067, -0.0891 -0.0367 -0.0137, -0.089 -0.037 -0.0207, -0.0887 -0.0383 -0.0275, -0.0881 -0.0406 -0.0341, -0.0873 -0.044 -0.0402, -0.0862 -0.0483 -0.0456, -0.085 -0.0534 -0.0503, -0.0836 -0.0591 -0.054, -0.082 -0.0654 -0.0568, -0.0804 -0.072 -0.0585, -0.0946 -0.0416 0.0, -0.0953 -0.0398 -0.0067, -0.0957 -0.0389 -0.0137, -0.0956 -0.0392 -0.0207, -0.0951 -0.0404 -0.0275, -0.0941 -0.0426 -0.0341, -0.0928 -0.0458 -0.0402, -0.091 -0.0499 -0.0456, -0.089 -0.0547 -0.0503, -0.0867 -0.0601 -0.054, -0.0841 -0.0661 -0.0568, -0.0815 -0.0723 -0.0585, -0.1003 -0.0446 0.0, -0.1014 -0.0429 -0.0067, -0.1019 -0.0422 -0.0137, -0.1017 -0.0424 -0.0207, -0.101 -0.0435 -0.0275, -0.0997 -0.0456 -0.0341, -0.0979 -0.0485 -0.0402, -0.0955 -0.0522 -0.0456, -0.0927 -0.0567 -0.0503, -0.0895 -0.0617 -0.054, -0.0861 -0.0671 -0.0568, -0.0825 -0.0728 -0.0585, -0.1074 -0.0464 -0.0137, -0.1073 -0.0465 -0.0207, -0.1064 -0.0475 -0.0275, -0.1048 -0.0494 -0.0341, -0.1025 -0.052 -0.0402, -0.0995 -0.0553 -0.0456, -0.0961 -0.0592 -0.0503, -0.0921 -0.0636 -0.054, -0.0879 -0.0684 -0.0568, -0.0834 -0.0735 -0.0585, -0.11 -0.0532 0.0, -0.1115 -0.052 -0.0067, -0.1122 -0.0514 -0.0137, -0.1121 -0.0515 -0.0207, -0.111 -0.0524 -0.0275, -0.1091 -0.0539 -0.0341, -0.1064 -0.0561 -0.0402, -0.103 -0.0589 -0.0456, -0.099 -0.0622 -0.0503, -0.0944 -0.066 -0.054, -0.0894 -0.07 -0.0568, -0.0841 -0.0743 -0.0585, -0.1137 -0.0586 0.0, -0.1154 -0.0576 -0.0067, -0.1162 -0.0571 -0.0137, -0.116 -0.0572 -0.0207, -0.1148 -0.0579 -0.0275, -0.1127 -0.0591 -0.0341, -0.1097 -0.0609 -0.0402, -0.1059 -0.0631 -0.0456, -0.1014 -0.0657 -0.0503, -0.0963 -0.0686 -0.054, -0.0907 -0.0718 -0.0568, -0.0848 -0.0752 -0.0585, -0.1165 -0.0644 0.0, -0.1183 -0.0637 -0.0067, -0.1192 -0.0634 -0.0137, -0.119 -0.0635 -0.0207, -0.1177 -0.064 -0.0275, -0.1154 -0.0648 -0.0341, -0.1122 -0.0661 -0.0402, -0.1081 -0.0676 -0.0456, -0.1032 -0.0695 -0.0503, -0.0976 -0.0716 -0.054, -0.0916 -0.0739 -0.0568, -0.0853 -0.0763 -0.0585, -0.1183 -0.0707 0.0, -0.1202 -0.0703 -0.0067, -0.1211 -0.0701 -0.0137, -0.1209 -0.0701 -0.0207, -0.1196 -0.0704 -0.0275, -0.1172 -0.0709 -0.0341, -0.1138 -0.0716 -0.0402, -0.1095 -0.0725 -0.0456, -0.1043 -0.0735 -0.0503, -0.0985 -0.0747 -0.054, -0.0922 -0.076 -0.0568, -0.0856 -0.0773 -0.0585, -0.119 -0.0771 0.0, -0.1211 -0.077 -0.0067, -0.122 -0.077 -0.0137, -0.1217 -0.077 -0.0207, -0.1204 -0.0771 -0.0275, -0.1179 -0.0772 -0.0341, -0.1145 -0.0773 -0.0402, -0.1101 -0.0775 -0.0456, -0.1048 -0.0777 -0.0503, -0.0989 -0.0779 -0.054, -0.0925 -0.0782 -0.0568, -0.0857 -0.0785 -0.0585, -0.1188 -0.0836 0.0, -0.1208 -0.0838 -0.0067, -0.1217 -0.084 -0.0137, -0.1215 -0.0839 -0.0207, -0.1201 -0.0838 -0.0275, -0.1177 -0.0835 -0.0341, -0.1142 -0.0831 -0.0402, -0.1099 -0.0825 -0.0456, -0.1047 -0.0819 -0.0503, -0.0988 -0.0812 -0.054, -0.0924 -0.0804 -0.0568, -0.0857 -0.0796 -0.0585, -0.1175 -0.09 0.0, -0.1194 -0.0905 -0.0067, -0.1203 -0.0908 -0.0137, -0.1201 -0.0907 -0.0207, -0.1188 -0.0903 -0.0275, -0.1164 -0.0897 -0.0341, -0.1131 -0.0887 -0.0402, -0.1089 -0.0875 -0.0456, -0.1038 -0.086 -0.0503, -0.0982 -0.0844 -0.054, -0.092 -0.0826 -0.0568, -0.0854 -0.0807 -0.0585, -0.1152 -0.096 0.0, -0.117 -0.0969 -0.0067, -0.1178 -0.0973 -0.0137, -0.1176 -0.0972 -0.0207, -0.1164 -0.0966 -0.0275, -0.1142 -0.0956 -0.0341, -0.111 -0.0941 -0.0402, -0.1071 -0.0922 -0.0456, -0.1023 -0.0899 -0.0503, -0.097 -0.0874 -0.054, -0.0912 -0.0846 -0.0568, -0.085 -0.0817 -0.0585, -0.1143 -0.1033 -0.0137, -0.1142 -0.1032 -0.0207, -0.113 -0.1024 -0.0275, -0.111 -0.101 -0.0341, -0.1082 -0.0991 -0.0402, -0.1045 -0.0966 -0.0456, -0.1002 -0.0936 -0.0503, -0.0954 -0.0902 -0.054, -0.0901 -0.0866 -0.0568, -0.0845 -0.0827 -0.0585, -0.1078 -0.1067 0.0, -0.1093 -0.1081 -0.0067, -0.1099 -0.1087 -0.0137, -0.1098 -0.1085 -0.0207, -0.1088 -0.1076 -0.0275, -0.107 -0.1059 -0.0341, -0.1045 -0.1035 -0.0402, -0.1014 -0.1005 -0.0456, -0.0976 -0.0968 -0.0503, -0.0933 -0.0927 -0.054, -0.0887 -0.0883 -0.0568, -0.0838 -0.0836 -0.0585, -0.103 -0.111 0.0, -0.1042 -0.1126 -0.0067, -0.1047 -0.1133 -0.0137, -0.1046 -0.1131 -0.0207, -0.1038 -0.1121 -0.0275, -0.1023 -0.1101 -0.0341, -0.1002 -0.1073 -0.0402, -0.0976 -0.1038 -0.0456, -0.0944 -0.0996 -0.0503, -0.0909 -0.0949 -0.054, -0.087 -0.0898 -0.0568, -0.0829 -0.0843 -0.0585, -0.0975 -0.1145 0.0, -0.0984 -0.1162 -0.0067, -0.0988 -0.117 -0.0137, -0.0987 -0.1168 -0.0207, -0.0981 -0.1156 -0.0275, -0.097 -0.1135 -0.0341, -0.0954 -0.1104 -0.0402, -0.0933 -0.1065 -0.0456, -0.0909 -0.1019 -0.0503, -0.0881 -0.0966 -0.054, -0.0851 -0.0909 -0.0568, -0.082 -0.0849 -0.0585, -0.0915 -0.117 0.0, -0.0922 -0.1189 -0.0067, -0.0924 -0.1198 -0.0137, -0.0924 -0.1196 -0.0207, -0.0919 -0.1183 -0.0275, -0.0912 -0.116 -0.0341, -0.0901 -0.1127 -0.0402, -0.0887 -0.1085 -0.0456, -0.087 -0.1035 -0.0503, -0.0851 -0.0979 -0.054, -0.0831 -0.0918 -0.0568, -0.081 -0.0854 -0.0585, -0.0852 -0.1186 0.0, -0.0855 -0.1205 -0.0067, -0.0857 -0.1214 -0.0137, -0.0856 -0.1212 -0.0207, -0.0854 -0.1199 -0.0275, -0.085 -0.1175 -0.0341, -0.0845 -0.114 -0.0402, -0.0838 -0.1097 -0.0456, -0.0829 -0.1045 -0.0503, -0.082 -0.0987 -0.054, -0.081 -0.0923 -0.0568, -0.0799 -0.0856 -0.0585, -0.0799 -0.0856 -0.0585
            ]
        }
        coordIndex [
            0,1,2,-1,3,4,5,-1,6,7,8,-1,8,7,9,-1,10,9,7,-1,10,7,11,-1,11,7,6,-1,11,6,12,-1,13,9,10,-1,13,10,14,-1,14,10,11,-1,14,11,15,-1,15,11,12,-1,15,12,16,-1,17,9,13,-1,17,13,18,-1,18,13,14,-1,18,14,19,-1,19,14,15,-1,19,15,20,-1,20,15,16,-1,20,16,21,-1,22,9,17,-1,22,17,23,-1,23,17,18,-1,23,18,24,-1,24,18,19,-1,24,19,25,-1,25,19,20,-1,25,20,26,-1,26,20,21,-1,26,21,27,-1,28,9,22,-1,28,22,29,-1,29,22,23,-1,29,23,30,-1,30,23,24,-1,30,24,31,-1,31,24,25,-1,31,25,32,-1,32,25,26,-1,32,26,33,-1,33,26,27,-1,33,27,34,-1,35,9,28,-1,35,28,36,-1,36,28,29,-1,36,29,37,-1,37,29,30,-1,37,30,38,-1,38,30,31,-1,38,31,39,-1,39,31,32,-1,39,32,40,-1,40,32,33,-1,40,33,41,-1,41,33,34,-1,41,34,42,-1,43,9,35,-1,43,35,44,-1,44,35,36,-1,44,36,45,-1,45,36,37,-1,45,37,46,-1,46,37,38,-1,46,38,47,-1,47,38,39,-1,47,39,48,-1,48,39,40,-1,48,40,49,-1,49,40,41,-1,49,41,50,-1,50,41,42,-1,50,42,51,-1,52,9,43,-1,52,43,53,-1,53,43,44,-1,53,44,54,-1,54,44,45,-1,54,45,55,-1,55,45,46,-1,55,46,56,-1,56,46,47,-1,56,47,57,-1,57,47,48,-1,57,48,58,-1,58,48,49,-1,58,49,59,-1,59,49,50,-1,59,50,60,-1,60,50,51,-1,60,51,61,-1,62,9,52,-1,62,52,63,-1,63,52,53,-1,63,53,64,-1,64,53,54,-1,64,54,65,-1,65,54,55,-1,65,55,66,-1,66,55,56,-1,66,56,67,-1,67,56,57,-1,67,57,68,-1,68,57,58,-1,68,58,69,-1,69,58,59,-1,69,59,70,-1,70,59,60,-1,70,60,71,-1,71,60,61,-1,71,61,72,-1,73,74,75,-1,76,74,77,-1,77,74,73,-1,77,73,78,-1,79,76,80,-1,80,76,77,-1,80,77,81,-1,81,77,78,-1,81,78,82,-1,83,79,84,-1,84,79,80,-1,84,80,85,-1,85,80,81,-1,85,81,86,-1,86,81,82,-1,86,82,87,-1,88,83,89,-1,89,83,84,-1,89,84,90,-1,90,84,85,-1,90,85,91,-1,91,85,86,-1,91,86,92,-1,92,86,87,-1,92,87,93,-1,94,88,95,-1,95,88,89,-1,95,89,96,-1,96,89,90,-1,96,90,97,-1,97,90,91,-1,97,91,98,-1,98,91,92,-1,98,92,99,-1,99,92,93,-1,99,93,100,-1,101,94,102,-1,102,94,95,-1,102,95,103,-1,103,95,96,-1,103,96,104,-1,104,96,97,-1,104,97,105,-1,105,97,98,-1,105,98,106,-1,106,98,99,-1,106,99,107,-1,107,99,100,-1,107,100,108,-1,109,101,110,-1,110,101,102,-1,110,102,111,-1,111,102,103,-1,111,103,112,-1,112,103,104,-1,112,104,113,-1,113,104,105,-1,113,105,114,-1,114,105,106,-1,114,106,115,-1,115,106,107,-1,115,107,116,-1,116,107,108,-1,116,108,117,-1,118,119,109,-1,109,119,120,-1,109,120,101,-1,101,120,121,-1,101,121,94,-1,94,121,122,-1,94,122,88,-1,88,122,123,-1,88,123,83,-1,83,123,124,-1,83,124,79,-1,79,124,125,-1,79,125,76,-1,76,125,126,-1,76,126,74,-1,74,126,127,-1,74,127,75,-1,75,127,128,-1,129,118,130,-1,130,118,109,-1,130,109,131,-1,131,109,110,-1,131,110,132,-1,132,110,111,-1,132,111,133,-1,133,111,112,-1,133,112,134,-1,134,112,113,-1,134,113,135,-1,135,113,114,-1,135,114,136,-1,136,114,115,-1,136,115,137,-1,137,115,116,-1,137,116,138,-1,138,116,117,-1,138,117,139,-1,140,129,141,-1,141,129,130,-1,141,130,142,-1,142,130,131,-1,142,131,143,-1,143,131,132,-1,143,132,144,-1,144,132,133,-1,144,133,145,-1,145,133,134,-1,145,134,146,-1,146,134,135,-1,146,135,147,-1,147,135,136,-1,147,136,148,-1,148,136,137,-1,148,137,149,-1,149,137,138,-1,149,138,150,-1,150,138,139,-1,150,139,151,-1,151,152,150,-1,150,152,153,-1,150,153,149,-1,149,153,154,-1,149,154,148,-1,148,154,155,-1,148,155,147,-1,147,155,156,-1,147,156,146,-1,146,156,157,-1,146,157,145,-1,145,157,158,-1,145,158,144,-1,144,158,159,-1,144,159,143,-1,143,159,160,-1,143,160,142,-1,142,160,161,-1,142,161,141,-1,141,161,162,-1,141,162,140,-1,140,162,163,-1,164,163,165,-1,165,163,162,-1,165,162,166,-1,166,162,161,-1,166,161,167,-1,167,161,160,-1,167,160,168,-1,168,160,159,-1,168,159,169,-1,169,159,158,-1,169,158,170,-1,170,158,157,-1,170,157,171,-1,171,157,156,-1,171,156,172,-1,172,156,155,-1,172,155,173,-1,173,155,154,-1,173,154,174,-1,174,154,153,-1,174,153,175,-1,175,153,152,-1,175,152,9,-1,151,9,152,-1,128,72,75,-1,75,72,61,-1,75,61,73,-1,73,61,51,-1,73,51,78,-1,78,51,42,-1,78,42,82,-1,82,42,34,-1,82,34,87,-1,87,34,27,-1,87,27,93,-1,93,27,21,-1,93,21,100,-1,100,21,16,-1,100,16,108,-1,108,16,12,-1,108,12,117,-1,117,12,6,-1,117,6,139,-1,139,6,8,-1,139,8,151,-1,151,8,9,-1,176,164,177,-1,177,164,165,-1,177,165,178,-1,178,165,166,-1,178,166,179,-1,179,166,167,-1,179,167,180,-1,180,167,168,-1,180,168,181,-1,181,168,169,-1,181,169,182,-1,182,169,170,-1,182,170,183,-1,183,170,171,-1,183,171,184,-1,184,171,172,-1,184,172,185,-1,185,172,173,-1,185,173,186,-1,186,173,174,-1,186,174,187,-1,187,174,175,-1,187,175,9,-1,188,176,189,-1,189,176,177,-1,189,177,190,-1,190,177,178,-1,190,178,191,-1,191,178,179,-1,191,179,192,-1,192,179,180,-1,192,180,193,-1,193,180,181,-1,193,181,194,-1,194,181,182,-1,194,182,195,-1,195,182,183,-1,195,183,196,-1,196,183,184,-1,196,184,197,-1,197,184,185,-1,197,185,198,-1,198,185,186,-1,198,186,199,-1,199,186,187,-1,199,187,9,-1,200,188,201,-1,201,188,189,-1,201,189,202,-1,202,189,190,-1,202,190,203,-1,203,190,191,-1,203,191,204,-1,204,191,192,-1,204,192,205,-1,205,192,193,-1,205,193,206,-1,206,193,194,-1,206,194,207,-1,207,194,195,-1,207,195,208,-1,208,195,196,-1,208,196,209,-1,209,196,197,-1,209,197,210,-1,210,197,198,-1,210,198,211,-1,211,198,199,-1,211,199,9,-1,212,200,213,-1,213,200,201,-1,213,201,214,-1,214,201,202,-1,214,202,215,-1,215,202,203,-1,215,203,216,-1,216,203,204,-1,216,204,217,-1,217,204,205,-1,217,205,218,-1,218,205,206,-1,218,206,219,-1,219,206,207,-1,219,207,220,-1,220,207,208,-1,220,208,221,-1,221,208,209,-1,221,209,222,-1,222,209,210,-1,222,210,223,-1,223,210,211,-1,223,211,9,-1,224,212,225,-1,225,212,213,-1,225,213,226,-1,226,213,214,-1,226,214,227,-1,227,214,215,-1,227,215,228,-1,228,215,216,-1,228,216,229,-1,229,216,217,-1,229,217,230,-1,230,217,218,-1,230,218,231,-1,231,218,219,-1,231,219,232,-1,232,219,220,-1,232,220,233,-1,233,220,221,-1,233,221,234,-1,234,221,222,-1,234,222,235,-1,235,222,223,-1,235,223,9,-1,236,224,237,-1,237,224,225,-1,237,225,238,-1,238,225,226,-1,238,226,239,-1,239,226,227,-1,239,227,240,-1,240,227,228,-1,240,228,241,-1,241,228,229,-1,241,229,242,-1,242,229,230,-1,242,230,243,-1,243,230,231,-1,243,231,244,-1,244,231,232,-1,244,232,245,-1,245,232,233,-1,245,233,246,-1,246,233,234,-1,246,234,247,-1,247,234,235,-1,247,235,9,-1,248,236,249,-1,249,236,237,-1,249,237,250,-1,250,237,238,-1,250,238,251,-1,251,238,239,-1,251,239,252,-1,252,239,240,-1,252,240,253,-1,253,240,241,-1,253,241,254,-1,254,241,242,-1,254,242,255,-1,255,242,243,-1,255,243,256,-1,256,243,244,-1,256,244,257,-1,257,244,245,-1,257,245,258,-1,258,245,246,-1,258,246,259,-1,259,246,247,-1,259,247,9,-1,260,248,261,-1,261,248,249,-1,261,249,262,-1,262,249,250,-1,262,250,263,-1,263,250,251,-1,263,251,264,-1,264,251,252,-1,264,252,265,-1,265,252,253,-1,265,253,266,-1,266,253,254,-1,266,254,267,-1,267,254,255,-1,267,255,268,-1,268,255,256,-1,268,256,269,-1,269,256,257,-1,269,257,270,-1,270,257,258,-1,270,258,271,-1,271,258,259,-1,271,259,9,-1,272,260,273,-1,273,260,261,-1,273,261,274,-1,274,261,262,-1,274,262,275,-1,275,262,263,-1,275,263,276,-1,276,263,264,-1,276,264,277,-1,277,264,265,-1,277,265,278,-1,278,265,266,-1,278,266,279,-1,279,266,267,-1,279,267,280,-1,280,267,268,-1,280,268,281,-1,281,268,269,-1,281,269,282,-1,282,269,270,-1,282,270,283,-1,283,270,271,-1,283,271,9,-1,284,272,285,-1,285,272,273,-1,285,273,286,-1,286,273,274,-1,286,274,287,-1,287,274,275,-1,287,275,288,-1,288,275,276,-1,288,276,289,-1,289,276,277,-1,289,277,290,-1,290,277,278,-1,290,278,291,-1,291,278,279,-1,291,279,292,-1,292,279,280,-1,292,280,293,-1,293,280,281,-1,293,281,294,-1,294,281,282,-1,294,282,295,-1,295,282,283,-1,295,283,9,-1,296,284,297,-1,297,284,285,-1,297,285,298,-1,298,285,286,-1,298,286,299,-1,299,286,287,-1,299,287,300,-1,300,287,288,-1,300,288,301,-1,301,288,289,-1,301,289,302,-1,302,289,290,-1,302,290,303,-1,303,290,291,-1,303,291,304,-1,304,291,292,-1,304,292,305,-1,305,292,293,-1,305,293,306,-1,306,293,294,-1,306,294,307,-1,307,294,295,-1,307,295,9,-1,308,296,309,-1,309,296,297,-1,309,297,310,-1,310,297,298,-1,310,298,311,-1,311,298,299,-1,311,299,312,-1,312,299,300,-1,312,300,313,-1,313,300,301,-1,313,301,314,-1,314,301,302,-1,314,302,315,-1,315,302,303,-1,315,303,316,-1,316,303,304,-1,316,304,317,-1,317,304,305,-1,317,305,318,-1,318,305,306,-1,318,306,319,-1,319,306,307,-1,319,307,9,-1,320,308,321,-1,321,308,309,-1,321,309,322,-1,322,309,310,-1,322,310,323,-1,323,310,311,-1,323,311,324,-1,324,311,312,-1,324,312,325,-1,325,312,313,-1,325,313,326,-1,326,313,314,-1,326,314,327,-1,327,314,315,-1,327,315,328,-1,328,315,316,-1,328,316,329,-1,329,316,317,-1,329,317,330,-1,330,317,318,-1,330,318,331,-1,331,318,319,-1,331,319,9,-1,4,320,5,-1,5,320,321,-1,5,321,332,-1,332,321,322,-1,332,322,333,-1,333,322,323,-1,333,323,334,-1,334,323,324,-1,334,324,335,-1,335,324,325,-1,335,325,336,-1,336,325,326,-1,336,326,337,-1,337,326,327,-1,337,327,338,-1,338,327,328,-1,338,328,339,-1,339,328,329,-1,339,329,340,-1,340,329,330,-1,340,330,341,-1,341,330,331,-1,341,331,9,-1,342,3,343,-1,343,3,5,-1,343,5,344,-1,344,5,332,-1,344,332,345,-1,345,332,333,-1,345,333,346,-1,346,333,334,-1,346,334,347,-1,347,334,335,-1,347,335,348,-1,348,335,336,-1,348,336,349,-1,349,336,337,-1,349,337,350,-1,350,337,338,-1,350,338,351,-1,351,338,339,-1,351,339,352,-1,352,339,340,-1,352,340,353,-1,353,340,341,-1,353,341,9,-1,354,342,355,-1,355,342,343,-1,355,343,356,-1,356,343,344,-1,356,344,357,-1,357,344,345,-1,357,345,358,-1,358,345,346,-1,358,346,359,-1,359,346,347,-1,359,347,360,-1,360,347,348,-1,360,348,361,-1,361,348,349,-1,361,349,362,-1,362,349,350,-1,362,350,363,-1,363,350,351,-1,363,351,364,-1,364,351,352,-1,364,352,365,-1,365,352,353,-1,365,353,9,-1,1,354,2,-1,2,354,355,-1,2,355,366,-1,366,355,356,-1,366,356,367,-1,367,356,357,-1,367,357,368,-1,368,357,358,-1,368,358,369,-1,369,358,359,-1,369,359,370,-1,370,359,360,-1,370,360,371,-1,371,360,361,-1,371,361,372,-1,372,361,362,-1,372,362,373,-1,373,362,363,-1,373,363,374,-1,374,363,364,-1,374,364,375,-1,375,364,365,-1,375,365,9,-1,376,0,377,-1,377,0,2,-1,377,2,378,-1,378,2,366,-1,378,366,379,-1,379,366,367,-1,379,367,380,-1,380,367,368,-1,380,368,381,-1,381,368,369,-1,381,369,382,-1,382,369,370,-1,382,370,383,-1,383,370,371,-1,383,371,384,-1,384,371,372,-1,384,372,385,-1,385,372,373,-1,385,373,386,-1,386,373,374,-1,386,374,387,-1,387,374,375,-1,387,375,9,-1,388,376,389,-1,389,376,377,-1,389,377,390,-1,390,377,378,-1,390,378,391,-1,391,378,379,-1,391,379,392,-1,392,379,380,-1,392,380,393,-1,393,380,381,-1,393,381,394,-1,394,381,382,-1,394,382,395,-1,395,382,383,-1,395,383,396,-1,396,383,384,-1,396,384,397,-1,397,384,385,-1,397,385,398,-1,398,385,386,-1,398,386,399,-1,399,386,387,-1,399,387,9,-1,400,388,401,-1,401,388,389,-1,401,389,402,-1,402,389,390,-1,402,390,403,-1,403,390,391,-1,403,391,404,-1,404,391,392,-1,404,392,405,-1,405,392,393,-1,405,393,406,-1,406,393,394,-1,406,394,407,-1,407,394,395,-1,407,395,408,-1,408,395,396,-1,408,396,409,-1,409,396,397,-1,409,397,410,-1,410,397,398,-1,410,398,411,-1,411,398,399,-1,411,399,9,-1,412,400,413,-1,413,400,401,-1,413,401,414,-1,414,401,402,-1,414,402,415,-1,415,402,403,-1,415,403,416,-1,416,403,404,-1,416,404,417,-1,417,404,405,-1,417,405,418,-1,418,405,406,-1,418,406,419,-1,419,406,407,-1,419,407,420,-1,420,407,408,-1,420,408,421,-1,421,408,409,-1,421,409,422,-1,422,409,410,-1,422,410,423,-1,423,410,411,-1,423,411,9,-1,424,412,425,-1,425,412,413,-1,425,413,426,-1,426,413,414,-1,426,414,427,-1,427,414,415,-1,427,415,428,-1,428,415,416,-1,428,416,429,-1,429,416,417,-1,429,417,430,-1,430,417,418,-1,430,418,431,-1,431,418,419,-1,431,419,432,-1,432,419,420,-1,432,420,433,-1,433,420,421,-1,433,421,434,-1,434,421,422,-1,434,422,435,-1,435,422,423,-1,435,423,9,-1,436,424,437,-1,437,424,425,-1,437,425,438,-1,438,425,426,-1,438,426,439,-1,439,426,427,-1,439,427,440,-1,440,427,428,-1,440,428,441,-1,441,428,429,-1,441,429,442,-1,442,429,430,-1,442,430,443,-1,443,430,431,-1,443,431,444,-1,444,431,432,-1,444,432,445,-1,445,432,433,-1,445,433,446,-1,446,433,434,-1,446,434,447,-1,447,434,435,-1,447,435,9,-1,448,436,449,-1,449,436,437,-1,449,437,450,-1,450,437,438,-1,450,438,451,-1,451,438,439,-1,451,439,452,-1,452,439,440,-1,452,440,453,-1,453,440,441,-1,453,441,454,-1,454,441,442,-1,454,442,455,-1,455,442,443,-1,455,443,456,-1,456,443,444,-1,456,444,457,-1,457,444,445,-1,457,445,458,-1,458,445,446,-1,458,446,459,-1,459,446,447,-1,459,447,9,-1,460,448,461,-1,461,448,449,-1,461,449,462,-1,462,449,450,-1,462,450,463,-1,463,450,451,-1,463,451,464,-1,464,451,452,-1,464,452,465,-1,465,452,453,-1,465,453,466,-1,466,453,454,-1,466,454,467,-1,467,454,455,-1,467,455,468,-1,468,455,456,-1,468,456,469,-1,469,456,457,-1,469,457,470,-1,470,457,458,-1,470,458,471,-1,471,458,459,-1,471,459,9,-1,128,460,72,-1,72,460,461,-1,72,461,71,-1,71,461,462,-1,71,462,70,-1,70,462,463,-1,70,463,69,-1,69,463,464,-1,69,464,68,-1,68,464,465,-1,68,465,67,-1,67,465,466,-1,67,466,66,-1,66,466,467,-1,66,467,65,-1,65,467,468,-1,65,468,64,-1,64,468,469,-1,64,469,63,-1,63,469,470,-1,63,470,62,-1,62,470,471,-1,62,471,9,-1,472,473,474,-1,475,476,477,-1,478,479,480,-1,480,479,481,-1,482,481,479,-1,482,479,483,-1,483,479,478,-1,483,478,484,-1,485,481,482,-1,485,482,486,-1,486,482,483,-1,486,483,487,-1,487,483,484,-1,487,484,488,-1,489,481,485,-1,489,485,490,-1,490,485,486,-1,490,486,491,-1,491,486,487,-1,491,487,492,-1,492,487,488,-1,492,488,493,-1,494,481,489,-1,494,489,495,-1,495,489,490,-1,495,490,496,-1,496,490,491,-1,496,491,497,-1,497,491,492,-1,497,492,498,-1,498,492,493,-1,498,493,499,-1,500,481,494,-1,500,494,501,-1,501,494,495,-1,501,495,502,-1,502,495,496,-1,502,496,503,-1,503,496,497,-1,503,497,504,-1,504,497,498,-1,504,498,505,-1,505,498,499,-1,505,499,506,-1,507,481,500,-1,507,500,508,-1,508,500,501,-1,508,501,509,-1,509,501,502,-1,509,502,510,-1,510,502,503,-1,510,503,511,-1,511,503,504,-1,511,504,512,-1,512,504,505,-1,512,505,513,-1,513,505,506,-1,513,506,514,-1,515,481,507,-1,515,507,516,-1,516,507,508,-1,516,508,517,-1,517,508,509,-1,517,509,518,-1,518,509,510,-1,518,510,519,-1,519,510,511,-1,519,511,520,-1,520,511,512,-1,520,512,521,-1,521,512,513,-1,521,513,522,-1,522,513,514,-1,522,514,523,-1,524,481,515,-1,524,515,525,-1,525,515,516,-1,525,516,526,-1,526,516,517,-1,526,517,527,-1,527,517,518,-1,527,518,528,-1,528,518,519,-1,528,519,529,-1,529,519,520,-1,529,520,530,-1,530,520,521,-1,530,521,531,-1,531,521,522,-1,531,522,532,-1,532,522,523,-1,532,523,533,-1,534,481,524,-1,534,524,535,-1,535,524,525,-1,535,525,536,-1,536,525,526,-1,536,526,537,-1,537,526,527,-1,537,527,538,-1,538,527,528,-1,538,528,539,-1,539,528,529,-1,539,529,540,-1,540,529,530,-1,540,530,541,-1,541,530,531,-1,541,531,542,-1,542,531,532,-1,542,532,543,-1,543,532,533,-1,543,533,544,-1,545,546,547,-1,548,546,549,-1,549,546,545,-1,549,545,550,-1,551,548,552,-1,552,548,549,-1,552,549,553,-1,553,549,550,-1,553,550,554,-1,555,551,556,-1,556,551,552,-1,556,552,557,-1,557,552,553,-1,557,553,558,-1,558,553,554,-1,558,554,559,-1,560,555,561,-1,561,555,556,-1,561,556,562,-1,562,556,557,-1,562,557,563,-1,563,557,558,-1,563,558,564,-1,564,558,559,-1,564,559,565,-1,566,560,567,-1,567,560,561,-1,567,561,568,-1,568,561,562,-1,568,562,569,-1,569,562,563,-1,569,563,570,-1,570,563,564,-1,570,564,571,-1,571,564,565,-1,571,565,572,-1,573,566,574,-1,574,566,567,-1,574,567,575,-1,575,567,568,-1,575,568,576,-1,576,568,569,-1,576,569,577,-1,577,569,570,-1,577,570,578,-1,578,570,571,-1,578,571,579,-1,579,571,572,-1,579,572,580,-1,581,573,582,-1,582,573,574,-1,582,574,583,-1,583,574,575,-1,583,575,584,-1,584,575,576,-1,584,576,585,-1,585,576,577,-1,585,577,586,-1,586,577,578,-1,586,578,587,-1,587,578,579,-1,587,579,588,-1,588,579,580,-1,588,580,589,-1,590,591,581,-1,581,591,592,-1,581,592,573,-1,573,592,593,-1,573,593,566,-1,566,593,594,-1,566,594,560,-1,560,594,595,-1,560,595,555,-1,555,595,596,-1,555,596,551,-1,551,596,597,-1,551,597,548,-1,548,597,598,-1,548,598,546,-1,546,598,599,-1,546,599,547,-1,547,599,600,-1,601,590,602,-1,602,590,581,-1,602,581,603,-1,603,581,582,-1,603,582,604,-1,604,582,583,-1,604,583,605,-1,605,583,584,-1,605,584,606,-1,606,584,585,-1,606,585,607,-1,607,585,586,-1,607,586,608,-1,608,586,587,-1,608,587,609,-1,609,587,588,-1,609,588,610,-1,610,588,589,-1,610,589,611,-1,612,601,613,-1,613,601,602,-1,613,602,614,-1,614,602,603,-1,614,603,615,-1,615,603,604,-1,615,604,616,-1,616,604,605,-1,616,605,617,-1,617,605,606,-1,617,606,618,-1,618,606,607,-1,618,607,619,-1,619,607,608,-1,619,608,620,-1,620,608,609,-1,620,609,621,-1,621,609,610,-1,621,610,622,-1,622,610,611,-1,622,611,623,-1,623,624,622,-1,622,624,625,-1,622,625,621,-1,621,625,626,-1,621,626,620,-1,620,626,627,-1,620,627,619,-1,619,627,628,-1,619,628,618,-1,618,628,629,-1,618,629,617,-1,617,629,630,-1,617,630,616,-1,616,630,631,-1,616,631,615,-1,615,631,632,-1,615,632,614,-1,614,632,633,-1,614,633,613,-1,613,633,634,-1,613,634,612,-1,612,634,635,-1,636,635,637,-1,637,635,634,-1,637,634,638,-1,638,634,633,-1,638,633,639,-1,639,633,632,-1,639,632,640,-1,640,632,631,-1,640,631,641,-1,641,631,630,-1,641,630,642,-1,642,630,629,-1,642,629,643,-1,643,629,628,-1,643,628,644,-1,644,628,627,-1,644,627,645,-1,645,627,626,-1,645,626,646,-1,646,626,625,-1,646,625,647,-1,647,625,624,-1,647,624,481,-1,623,481,624,-1,600,544,547,-1,547,544,533,-1,547,533,545,-1,545,533,523,-1,545,523,550,-1,550,523,514,-1,550,514,554,-1,554,514,506,-1,554,506,559,-1,559,506,499,-1,559,499,565,-1,565,499,493,-1,565,493,572,-1,572,493,488,-1,572,488,580,-1,580,488,484,-1,580,484,589,-1,589,484,478,-1,589,478,611,-1,611,478,480,-1,611,480,623,-1,623,480,481,-1,648,636,649,-1,649,636,637,-1,649,637,650,-1,650,637,638,-1,650,638,651,-1,651,638,639,-1,651,639,652,-1,652,639,640,-1,652,640,653,-1,653,640,641,-1,653,641,654,-1,654,641,642,-1,654,642,655,-1,655,642,643,-1,655,643,656,-1,656,643,644,-1,656,644,657,-1,657,644,645,-1,657,645,658,-1,658,645,646,-1,658,646,659,-1,659,646,647,-1,659,647,481,-1,660,648,661,-1,661,648,649,-1,661,649,662,-1,662,649,650,-1,662,650,663,-1,663,650,651,-1,663,651,664,-1,664,651,652,-1,664,652,665,-1,665,652,653,-1,665,653,666,-1,666,653,654,-1,666,654,667,-1,667,654,655,-1,667,655,668,-1,668,655,656,-1,668,656,669,-1,669,656,657,-1,669,657,670,-1,670,657,658,-1,670,658,671,-1,671,658,659,-1,671,659,481,-1,672,660,673,-1,673,660,661,-1,673,661,674,-1,674,661,662,-1,674,662,675,-1,675,662,663,-1,675,663,676,-1,676,663,664,-1,676,664,677,-1,677,664,665,-1,677,665,678,-1,678,665,666,-1,678,666,679,-1,679,666,667,-1,679,667,680,-1,680,667,668,-1,680,668,681,-1,681,668,669,-1,681,669,682,-1,682,669,670,-1,682,670,683,-1,683,670,671,-1,683,671,481,-1,684,672,685,-1,685,672,673,-1,685,673,686,-1,686,673,674,-1,686,674,687,-1,687,674,675,-1,687,675,688,-1,688,675,676,-1,688,676,689,-1,689,676,677,-1,689,677,690,-1,690,677,678,-1,690,678,691,-1,691,678,679,-1,691,679,692,-1,692,679,680,-1,692,680,693,-1,693,680,681,-1,693,681,694,-1,694,681,682,-1,694,682,695,-1,695,682,683,-1,695,683,481,-1,696,684,697,-1,697,684,685,-1,697,685,698,-1,698,685,686,-1,698,686,699,-1,699,686,687,-1,699,687,700,-1,700,687,688,-1,700,688,701,-1,701,688,689,-1,701,689,702,-1,702,689,690,-1,702,690,703,-1,703,690,691,-1,703,691,704,-1,704,691,692,-1,704,692,705,-1,705,692,693,-1,705,693,706,-1,706,693,694,-1,706,694,707,-1,707,694,695,-1,707,695,481,-1,708,696,709,-1,709,696,697,-1,709,697,710,-1,710,697,698,-1,710,698,711,-1,711,698,699,-1,711,699,712,-1,712,699,700,-1,712,700,713,-1,713,700,701,-1,713,701,714,-1,714,701,702,-1,714,702,715,-1,715,702,703,-1,715,703,716,-1,716,703,704,-1,716,704,717,-1,717,704,705,-1,717,705,718,-1,718,705,706,-1,718,706,719,-1,719,706,707,-1,719,707,481,-1,720,708,721,-1,721,708,709,-1,721,709,722,-1,722,709,710,-1,722,710,723,-1,723,710,711,-1,723,711,724,-1,724,711,712,-1,724,712,725,-1,725,712,713,-1,725,713,726,-1,726,713,714,-1,726,714,727,-1,727,714,715,-1,727,715,728,-1,728,715,716,-1,728,716,729,-1,729,716,717,-1,729,717,730,-1,730,717,718,-1,730,718,731,-1,731,718,719,-1,731,719,481,-1,732,720,733,-1,733,720,721,-1,733,721,734,-1,734,721,722,-1,734,722,735,-1,735,722,723,-1,735,723,736,-1,736,723,724,-1,736,724,737,-1,737,724,725,-1,737,725,738,-1,738,725,726,-1,738,726,739,-1,739,726,727,-1,739,727,740,-1,740,727,728,-1,740,728,741,-1,741,728,729,-1,741,729,742,-1,742,729,730,-1,742,730,743,-1,743,730,731,-1,743,731,481,-1,744,732,745,-1,745,732,733,-1,745,733,746,-1,746,733,734,-1,746,734,747,-1,747,734,735,-1,747,735,748,-1,748,735,736,-1,748,736,749,-1,749,736,737,-1,749,737,750,-1,750,737,738,-1,750,738,751,-1,751,738,739,-1,751,739,752,-1,752,739,740,-1,752,740,753,-1,753,740,741,-1,753,741,754,-1,754,741,742,-1,754,742,755,-1,755,742,743,-1,755,743,481,-1,756,744,757,-1,757,744,745,-1,757,745,758,-1,758,745,746,-1,758,746,759,-1,759,746,747,-1,759,747,760,-1,760,747,748,-1,760,748,761,-1,761,748,749,-1,761,749,762,-1,762,749,750,-1,762,750,763,-1,763,750,751,-1,763,751,764,-1,764,751,752,-1,764,752,765,-1,765,752,753,-1,765,753,766,-1,766,753,754,-1,766,754,767,-1,767,754,755,-1,767,755,481,-1,768,756,769,-1,769,756,757,-1,769,757,770,-1,770,757,758,-1,770,758,771,-1,771,758,759,-1,771,759,772,-1,772,759,760,-1,772,760,773,-1,773,760,761,-1,773,761,774,-1,774,761,762,-1,774,762,775,-1,775,762,763,-1,775,763,776,-1,776,763,764,-1,776,764,777,-1,777,764,765,-1,777,765,778,-1,778,765,766,-1,778,766,779,-1,779,766,767,-1,779,767,481,-1,780,768,781,-1,781,768,769,-1,781,769,782,-1,782,769,770,-1,782,770,783,-1,783,770,771,-1,783,771,784,-1,784,771,772,-1,784,772,785,-1,785,772,773,-1,785,773,786,-1,786,773,774,-1,786,774,787,-1,787,774,775,-1,787,775,788,-1,788,775,776,-1,788,776,789,-1,789,776,777,-1,789,777,790,-1,790,777,778,-1,790,778,791,-1,791,778,779,-1,791,779,481,-1,792,780,793,-1,793,780,781,-1,793,781,794,-1,794,781,782,-1,794,782,795,-1,795,782,783,-1,795,783,796,-1,796,783,784,-1,796,784,797,-1,797,784,785,-1,797,785,798,-1,798,785,786,-1,798,786,799,-1,799,786,787,-1,799,787,800,-1,800,787,788,-1,800,788,801,-1,801,788,789,-1,801,789,802,-1,802,789,790,-1,802,790,803,-1,803,790,791,-1,803,791,481,-1,476,792,477,-1,477,792,793,-1,477,793,804,-1,804,793,794,-1,804,794,805,-1,805,794,795,-1,805,795,806,-1,806,795,796,-1,806,796,807,-1,807,796,797,-1,807,797,808,-1,808,797,798,-1,808,798,809,-1,809,798,799,-1,809,799,810,-1,810,799,800,-1,810,800,811,-1,811,800,801,-1,811,801,812,-1,812,801,802,-1,812,802,813,-1,813,802,803,-1,813,803,481,-1,814,475,815,-1,815,475,477,-1,815,477,816,-1,816,477,804,-1,816,804,817,-1,817,804,805,-1,817,805,818,-1,818,805,806,-1,818,806,819,-1,819,806,807,-1,819,807,820,-1,820,807,808,-1,820,808,821,-1,821,808,809,-1,821,809,822,-1,822,809,810,-1,822,810,823,-1,823,810,811,-1,823,811,824,-1,824,811,812,-1,824,812,825,-1,825,812,813,-1,825,813,481,-1,826,814,827,-1,827,814,815,-1,827,815,828,-1,828,815,816,-1,828,816,829,-1,829,816,817,-1,829,817,830,-1,830,817,818,-1,830,818,831,-1,831,818,819,-1,831,819,832,-1,832,819,820,-1,832,820,833,-1,833,820,821,-1,833,821,834,-1,834,821,822,-1,834,822,835,-1,835,822,823,-1,835,823,836,-1,836,823,824,-1,836,824,837,-1,837,824,825,-1,837,825,481,-1,473,826,474,-1,474,826,827,-1,474,827,838,-1,838,827,828,-1,838,828,839,-1,839,828,829,-1,839,829,840,-1,840,829,830,-1,840,830,841,-1,841,830,831,-1,841,831,842,-1,842,831,832,-1,842,832,843,-1,843,832,833,-1,843,833,844,-1,844,833,834,-1,844,834,845,-1,845,834,835,-1,845,835,846,-1,846,835,836,-1,846,836,847,-1,847,836,837,-1,847,837,481,-1,848,472,849,-1,849,472,474,-1,849,474,850,-1,850,474,838,-1,850,838,851,-1,851,838,839,-1,851,839,852,-1,852,839,840,-1,852,840,853,-1,853,840,841,-1,853,841,854,-1,854,841,842,-1,854,842,855,-1,855,842,843,-1,855,843,856,-1,856,843,844,-1,856,844,857,-1,857,844,845,-1,857,845,858,-1,858,845,846,-1,858,846,859,-1,859,846,847,-1,859,847,481,-1,860,848,861,-1,861,848,849,-1,861,849,862,-1,862,849,850,-1,862,850,863,-1,863,850,851,-1,863,851,864,-1,864,851,852,-1,864,852,865,-1,865,852,853,-1,865,853,866,-1,866,853,854,-1,866,854,867,-1,867,854,855,-1,867,855,868,-1,868,855,856,-1,868,856,869,-1,869,856,857,-1,869,857,870,-1,870,857,858,-1,870,858,871,-1,871,858,859,-1,871,859,481,-1,872,860,873,-1,873,860,861,-1,873,861,874,-1,874,861,862,-1,874,862,875,-1,875,862,863,-1,875,863,876,-1,876,863,864,-1,876,864,877,-1,877,864,865,-1,877,865,878,-1,878,865,866,-1,878,866,879,-1,879,866,867,-1,879,867,880,-1,880,867,868,-1,880,868,881,-1,881,868,869,-1,881,869,882,-1,882,869,870,-1,882,870,883,-1,883,870,871,-1,883,871,481,-1,884,872,885,-1,885,872,873,-1,885,873,886,-1,886,873,874,-1,886,874,887,-1,887,874,875,-1,887,875,888,-1,888,875,876,-1,888,876,889,-1,889,876,877,-1,889,877,890,-1,890,877,878,-1,890,878,891,-1,891,878,879,-1,891,879,892,-1,892,879,880,-1,892,880,893,-1,893,880,881,-1,893,881,894,-1,894,881,882,-1,894,882,895,-1,895,882,883,-1,895,883,481,-1,896,884,897,-1,897,884,885,-1,897,885,898,-1,898,885,886,-1,898,886,899,-1,899,886,887,-1,899,887,900,-1,900,887,888,-1,900,888,901,-1,901,888,889,-1,901,889,902,-1,902,889,890,-1,902,890,903,-1,903,890,891,-1,903,891,904,-1,904,891,892,-1,904,892,905,-1,905,892,893,-1,905,893,906,-1,906,893,894,-1,906,894,907,-1,907,894,895,-1,907,895,481,-1,908,896,909,-1,909,896,897,-1,909,897,910,-1,910,897,898,-1,910,898,911,-1,911,898,899,-1,911,899,912,-1,912,899,900,-1,912,900,913,-1,913,900,901,-1,913,901,914,-1,914,901,902,-1,914,902,915,-1,915,902,903,-1,915,903,916,-1,916,903,904,-1,916,904,917,-1,917,904,905,-1,917,905,918,-1,918,905,906,-1,918,906,919,-1,919,906,907,-1,919,907,481,-1,920,908,921,-1,921,908,909,-1,921,909,922,-1,922,909,910,-1,922,910,923,-1,923,910,911,-1,923,911,924,-1,924,911,912,-1,924,912,925,-1,925,912,913,-1,925,913,926,-1,926,913,914,-1,926,914,927,-1,927,914,915,-1,927,915,928,-1,928,915,916,-1,928,916,929,-1,929,916,917,-1,929,917,930,-1,930,917,918,-1,930,918,931,-1,931,918,919,-1,931,919,481,-1,932,920,933,-1,933,920,921,-1,933,921,934,-1,934,921,922,-1,934,922,935,-1,935,922,923,-1,935,923,936,-1,936,923,924,-1,936,924,937,-1,937,924,925,-1,937,925,938,-1,938,925,926,-1,938,926,939,-1,939,926,927,-1,939,927,940,-1,940,927,928,-1,940,928,941,-1,941,928,929,-1,941,929,942,-1,942,929,930,-1,942,930,943,-1,943,930,931,-1,943,931,481,-1,600,932,544,-1,544,932,933,-1,544,933,543,-1,543,933,934,-1,543,934,542,-1,542,934,935,-1,542,935,541,-1,541,935,936,-1,541,936,540,-1,540,936,937,-1,540,937,539,-1,539,937,938,-1,539,938,538,-1,538,938,939,-1,538,939,537,-1,537,939,940,-1,537,940,536,-1,536,940,941,-1,536,941,535,-1,535,941,942,-1,535,942,534,-1,534,942,943,-1,534,943,481,-1,944,945,946,-1,947,948,949,-1,950,951,952,-1,953,954,955,-1,956,957,958,-1,958,957,959,-1,960,959,957,-1,960,957,961,-1,961,957,956,-1,961,956,962,-1,963,959,960,-1,963,960,964,-1,964,960,961,-1,964,961,965,-1,965,961,962,-1,965,962,966,-1,967,959,963,-1,967,963,968,-1,968,963,964,-1,968,964,969,-1,969,964,965,-1,969,965,970,-1,970,965,966,-1,970,966,971,-1,972,959,967,-1,972,967,973,-1,973,967,968,-1,973,968,974,-1,974,968,969,-1,974,969,975,-1,975,969,970,-1,975,970,976,-1,976,970,971,-1,976,971,977,-1,978,959,972,-1,978,972,979,-1,979,972,973,-1,979,973,980,-1,980,973,974,-1,980,974,981,-1,981,974,975,-1,981,975,982,-1,982,975,976,-1,982,976,983,-1,983,976,977,-1,983,977,984,-1,985,959,978,-1,985,978,986,-1,986,978,979,-1,986,979,987,-1,987,979,980,-1,987,980,988,-1,988,980,981,-1,988,981,989,-1,989,981,982,-1,989,982,990,-1,990,982,983,-1,990,983,991,-1,991,983,984,-1,991,984,992,-1,993,959,985,-1,993,985,994,-1,994,985,986,-1,994,986,995,-1,995,986,987,-1,995,987,996,-1,996,987,988,-1,996,988,997,-1,997,988,989,-1,997,989,998,-1,998,989,990,-1,998,990,999,-1,999,990,991,-1,999,991,1000,-1,1000,991,992,-1,1000,992,1001,-1,1002,959,993,-1,1002,993,1003,-1,1003,993,994,-1,1003,994,1004,-1,1004,994,995,-1,1004,995,1005,-1,1005,995,996,-1,1005,996,1006,-1,1006,996,997,-1,1006,997,1007,-1,1007,997,998,-1,1007,998,1008,-1,1008,998,999,-1,1008,999,1009,-1,1009,999,1000,-1,1009,1000,1010,-1,1010,1000,1001,-1,1010,1001,1011,-1,1012,959,1002,-1,1012,1002,1013,-1,1013,1002,1003,-1,1013,1003,1014,-1,1014,1003,1004,-1,1014,1004,1015,-1,1015,1004,1005,-1,1015,1005,1016,-1,1016,1005,1006,-1,1016,1006,1017,-1,1017,1006,1007,-1,1017,1007,1018,-1,1018,1007,1008,-1,1018,1008,1019,-1,1019,1008,1009,-1,1019,1009,1020,-1,1020,1009,1010,-1,1020,1010,1021,-1,1021,1010,1011,-1,1021,1011,1022,-1,1023,1024,1025,-1,1026,1027,1024,-1,1024,1027,1028,-1,1024,1028,1025,-1,1025,1028,1029,-1,1030,1026,1031,-1,1031,1026,1024,-1,1031,1024,1032,-1,1032,1024,1023,-1,1032,1023,1033,-1,1034,1030,1035,-1,1035,1030,1031,-1,1035,1031,1036,-1,1036,1031,1032,-1,1036,1032,1037,-1,1037,1032,1033,-1,1037,1033,1038,-1,1039,1034,1040,-1,1040,1034,1035,-1,1040,1035,1041,-1,1041,1035,1036,-1,1041,1036,1042,-1,1042,1036,1037,-1,1042,1037,1043,-1,1043,1037,1038,-1,1043,1038,1044,-1,1045,1039,1046,-1,1046,1039,1040,-1,1046,1040,1047,-1,1047,1040,1041,-1,1047,1041,1048,-1,1048,1041,1042,-1,1048,1042,1049,-1,1049,1042,1043,-1,1049,1043,1050,-1,1050,1043,1044,-1,1050,1044,1051,-1,1052,1045,1053,-1,1053,1045,1046,-1,1053,1046,1054,-1,1054,1046,1047,-1,1054,1047,1055,-1,1055,1047,1048,-1,1055,1048,1056,-1,1056,1048,1049,-1,1056,1049,1057,-1,1057,1049,1050,-1,1057,1050,1058,-1,1058,1050,1051,-1,1058,1051,1059,-1,1060,1052,1061,-1,1061,1052,1053,-1,1061,1053,1062,-1,1062,1053,1054,-1,1062,1054,1063,-1,1063,1054,1055,-1,1063,1055,1064,-1,1064,1055,1056,-1,1064,1056,1065,-1,1065,1056,1057,-1,1065,1057,1066,-1,1066,1057,1058,-1,1066,1058,1067,-1,1067,1058,1059,-1,1067,1059,1068,-1,954,1060,955,-1,955,1060,1061,-1,955,1061,1069,-1,1069,1061,1062,-1,1069,1062,1070,-1,1070,1062,1063,-1,1070,1063,1071,-1,1071,1063,1064,-1,1071,1064,1072,-1,1072,1064,1065,-1,1072,1065,1073,-1,1073,1065,1066,-1,1073,1066,1074,-1,1074,1066,1067,-1,1074,1067,1075,-1,1075,1067,1068,-1,1075,1068,1076,-1,1077,953,1078,-1,1078,953,955,-1,1078,955,1079,-1,1079,955,1069,-1,1079,1069,1080,-1,1080,1069,1070,-1,1080,1070,1081,-1,1081,1070,1071,-1,1081,1071,1082,-1,1082,1071,1072,-1,1082,1072,1083,-1,1083,1072,1073,-1,1083,1073,1084,-1,1084,1073,1074,-1,1084,1074,1085,-1,1085,1074,1075,-1,1085,1075,1086,-1,1086,1075,1076,-1,1086,1076,1087,-1,1088,1077,1089,-1,1089,1077,1078,-1,1089,1078,1090,-1,1090,1078,1079,-1,1090,1079,1091,-1,1091,1079,1080,-1,1091,1080,1092,-1,1092,1080,1081,-1,1092,1081,1093,-1,1093,1081,1082,-1,1093,1082,1094,-1,1094,1082,1083,-1,1094,1083,1095,-1,1095,1083,1084,-1,1095,1084,1096,-1,1096,1084,1085,-1,1096,1085,1097,-1,1097,1085,1086,-1,1097,1086,1098,-1,1098,1086,1087,-1,1098,1087,1099,-1,1099,1100,1098,-1,1098,1100,1101,-1,1098,1101,1097,-1,1097,1101,1102,-1,1097,1102,1096,-1,1096,1102,1103,-1,1096,1103,1095,-1,1095,1103,1104,-1,1095,1104,1094,-1,1094,1104,1105,-1,1094,1105,1093,-1,1093,1105,1106,-1,1093,1106,1092,-1,1092,1106,1107,-1,1092,1107,1091,-1,1091,1107,1108,-1,1091,1108,1090,-1,1090,1108,1109,-1,1090,1109,1089,-1,1089,1109,1110,-1,1089,1110,1088,-1,1088,1110,1111,-1,1112,1111,1113,-1,1113,1111,1110,-1,1113,1110,1114,-1,1114,1110,1109,-1,1114,1109,1115,-1,1115,1109,1108,-1,1115,1108,1116,-1,1116,1108,1107,-1,1116,1107,1117,-1,1117,1107,1106,-1,1117,1106,1118,-1,1118,1106,1105,-1,1118,1105,1119,-1,1119,1105,1104,-1,1119,1104,1120,-1,1120,1104,1103,-1,1120,1103,1121,-1,1121,1103,1102,-1,1121,1102,1122,-1,1122,1102,1101,-1,1122,1101,1123,-1,1123,1101,1100,-1,1123,1100,959,-1,1099,959,1100,-1,1029,1022,1025,-1,1025,1022,1011,-1,1025,1011,1023,-1,1023,1011,1001,-1,1023,1001,1033,-1,1033,1001,992,-1,1033,992,1038,-1,1038,992,984,-1,1038,984,1044,-1,1044,984,977,-1,1044,977,1051,-1,1051,977,971,-1,1051,971,1059,-1,1059,971,966,-1,1059,966,1068,-1,1068,966,962,-1,1068,962,1076,-1,1076,962,956,-1,1076,956,1087,-1,1087,956,958,-1,1087,958,1099,-1,1099,958,959,-1,1124,1112,1125,-1,1125,1112,1113,-1,1125,1113,1126,-1,1126,1113,1114,-1,1126,1114,1127,-1,1127,1114,1115,-1,1127,1115,1128,-1,1128,1115,1116,-1,1128,1116,1129,-1,1129,1116,1117,-1,1129,1117,1130,-1,1130,1117,1118,-1,1130,1118,1131,-1,1131,1118,1119,-1,1131,1119,1132,-1,1132,1119,1120,-1,1132,1120,1133,-1,1133,1120,1121,-1,1133,1121,1134,-1,1134,1121,1122,-1,1134,1122,1135,-1,1135,1122,1123,-1,1135,1123,959,-1,1136,1124,1137,-1,1137,1124,1125,-1,1137,1125,1138,-1,1138,1125,1126,-1,1138,1126,1139,-1,1139,1126,1127,-1,1139,1127,1140,-1,1140,1127,1128,-1,1140,1128,1141,-1,1141,1128,1129,-1,1141,1129,1142,-1,1142,1129,1130,-1,1142,1130,1143,-1,1143,1130,1131,-1,1143,1131,1144,-1,1144,1131,1132,-1,1144,1132,1145,-1,1145,1132,1133,-1,1145,1133,1146,-1,1146,1133,1134,-1,1146,1134,1147,-1,1147,1134,1135,-1,1147,1135,959,-1,951,1136,952,-1,952,1136,1137,-1,952,1137,1148,-1,1148,1137,1138,-1,1148,1138,1149,-1,1149,1138,1139,-1,1149,1139,1150,-1,1150,1139,1140,-1,1150,1140,1151,-1,1151,1140,1141,-1,1151,1141,1152,-1,1152,1141,1142,-1,1152,1142,1153,-1,1153,1142,1143,-1,1153,1143,1154,-1,1154,1143,1144,-1,1154,1144,1155,-1,1155,1144,1145,-1,1155,1145,1156,-1,1156,1145,1146,-1,1156,1146,1157,-1,1157,1146,1147,-1,1157,1147,959,-1,1158,950,1159,-1,1159,950,952,-1,1159,952,1160,-1,1160,952,1148,-1,1160,1148,1161,-1,1161,1148,1149,-1,1161,1149,1162,-1,1162,1149,1150,-1,1162,1150,1163,-1,1163,1150,1151,-1,1163,1151,1164,-1,1164,1151,1152,-1,1164,1152,1165,-1,1165,1152,1153,-1,1165,1153,1166,-1,1166,1153,1154,-1,1166,1154,1167,-1,1167,1154,1155,-1,1167,1155,1168,-1,1168,1155,1156,-1,1168,1156,1169,-1,1169,1156,1157,-1,1169,1157,959,-1,1170,1158,1171,-1,1171,1158,1159,-1,1171,1159,1172,-1,1172,1159,1160,-1,1172,1160,1173,-1,1173,1160,1161,-1,1173,1161,1174,-1,1174,1161,1162,-1,1174,1162,1175,-1,1175,1162,1163,-1,1175,1163,1176,-1,1176,1163,1164,-1,1176,1164,1177,-1,1177,1164,1165,-1,1177,1165,1178,-1,1178,1165,1166,-1,1178,1166,1179,-1,1179,1166,1167,-1,1179,1167,1180,-1,1180,1167,1168,-1,1180,1168,1181,-1,1181,1168,1169,-1,1181,1169,959,-1,1182,1170,1183,-1,1183,1170,1171,-1,1183,1171,1184,-1,1184,1171,1172,-1,1184,1172,1185,-1,1185,1172,1173,-1,1185,1173,1186,-1,1186,1173,1174,-1,1186,1174,1187,-1,1187,1174,1175,-1,1187,1175,1188,-1,1188,1175,1176,-1,1188,1176,1189,-1,1189,1176,1177,-1,1189,1177,1190,-1,1190,1177,1178,-1,1190,1178,1191,-1,1191,1178,1179,-1,1191,1179,1192,-1,1192,1179,1180,-1,1192,1180,1193,-1,1193,1180,1181,-1,1193,1181,959,-1,1194,1182,1195,-1,1195,1182,1183,-1,1195,1183,1196,-1,1196,1183,1184,-1,1196,1184,1197,-1,1197,1184,1185,-1,1197,1185,1198,-1,1198,1185,1186,-1,1198,1186,1199,-1,1199,1186,1187,-1,1199,1187,1200,-1,1200,1187,1188,-1,1200,1188,1201,-1,1201,1188,1189,-1,1201,1189,1202,-1,1202,1189,1190,-1,1202,1190,1203,-1,1203,1190,1191,-1,1203,1191,1204,-1,1204,1191,1192,-1,1204,1192,1205,-1,1205,1192,1193,-1,1205,1193,959,-1,1206,1194,1207,-1,1207,1194,1195,-1,1207,1195,1208,-1,1208,1195,1196,-1,1208,1196,1209,-1,1209,1196,1197,-1,1209,1197,1210,-1,1210,1197,1198,-1,1210,1198,1211,-1,1211,1198,1199,-1,1211,1199,1212,-1,1212,1199,1200,-1,1212,1200,1213,-1,1213,1200,1201,-1,1213,1201,1214,-1,1214,1201,1202,-1,1214,1202,1215,-1,1215,1202,1203,-1,1215,1203,1216,-1,1216,1203,1204,-1,1216,1204,1217,-1,1217,1204,1205,-1,1217,1205,959,-1,1218,1206,1219,-1,1219,1206,1207,-1,1219,1207,1220,-1,1220,1207,1208,-1,1220,1208,1221,-1,1221,1208,1209,-1,1221,1209,1222,-1,1222,1209,1210,-1,1222,1210,1223,-1,1223,1210,1211,-1,1223,1211,1224,-1,1224,1211,1212,-1,1224,1212,1225,-1,1225,1212,1213,-1,1225,1213,1226,-1,1226,1213,1214,-1,1226,1214,1227,-1,1227,1214,1215,-1,1227,1215,1228,-1,1228,1215,1216,-1,1228,1216,1229,-1,1229,1216,1217,-1,1229,1217,959,-1,1230,1218,1231,-1,1231,1218,1219,-1,1231,1219,1232,-1,1232,1219,1220,-1,1232,1220,1233,-1,1233,1220,1221,-1,1233,1221,1234,-1,1234,1221,1222,-1,1234,1222,1235,-1,1235,1222,1223,-1,1235,1223,1236,-1,1236,1223,1224,-1,1236,1224,1237,-1,1237,1224,1225,-1,1237,1225,1238,-1,1238,1225,1226,-1,1238,1226,1239,-1,1239,1226,1227,-1,1239,1227,1240,-1,1240,1227,1228,-1,1240,1228,1241,-1,1241,1228,1229,-1,1241,1229,959,-1,948,1230,949,-1,949,1230,1231,-1,949,1231,1242,-1,1242,1231,1232,-1,1242,1232,1243,-1,1243,1232,1233,-1,1243,1233,1244,-1,1244,1233,1234,-1,1244,1234,1245,-1,1245,1234,1235,-1,1245,1235,1246,-1,1246,1235,1236,-1,1246,1236,1247,-1,1247,1236,1237,-1,1247,1237,1248,-1,1248,1237,1238,-1,1248,1238,1249,-1,1249,1238,1239,-1,1249,1239,1250,-1,1250,1239,1240,-1,1250,1240,1251,-1,1251,1240,1241,-1,1251,1241,959,-1,1252,947,1253,-1,1253,947,949,-1,1253,949,1254,-1,1254,949,1242,-1,1254,1242,1255,-1,1255,1242,1243,-1,1255,1243,1256,-1,1256,1243,1244,-1,1256,1244,1257,-1,1257,1244,1245,-1,1257,1245,1258,-1,1258,1245,1246,-1,1258,1246,1259,-1,1259,1246,1247,-1,1259,1247,1260,-1,1260,1247,1248,-1,1260,1248,1261,-1,1261,1248,1249,-1,1261,1249,1262,-1,1262,1249,1250,-1,1262,1250,1263,-1,1263,1250,1251,-1,1263,1251,959,-1,1264,1252,1265,-1,1265,1252,1253,-1,1265,1253,1266,-1,1266,1253,1254,-1,1266,1254,1267,-1,1267,1254,1255,-1,1267,1255,1268,-1,1268,1255,1256,-1,1268,1256,1269,-1,1269,1256,1257,-1,1269,1257,1270,-1,1270,1257,1258,-1,1270,1258,1271,-1,1271,1258,1259,-1,1271,1259,1272,-1,1272,1259,1260,-1,1272,1260,1273,-1,1273,1260,1261,-1,1273,1261,1274,-1,1274,1261,1262,-1,1274,1262,1275,-1,1275,1262,1263,-1,1275,1263,959,-1,1276,1264,1277,-1,1277,1264,1265,-1,1277,1265,1278,-1,1278,1265,1266,-1,1278,1266,1279,-1,1279,1266,1267,-1,1279,1267,1280,-1,1280,1267,1268,-1,1280,1268,1281,-1,1281,1268,1269,-1,1281,1269,1282,-1,1282,1269,1270,-1,1282,1270,1283,-1,1283,1270,1271,-1,1283,1271,1284,-1,1284,1271,1272,-1,1284,1272,1285,-1,1285,1272,1273,-1,1285,1273,1286,-1,1286,1273,1274,-1,1286,1274,1287,-1,1287,1274,1275,-1,1287,1275,959,-1,1288,1276,1289,-1,1289,1276,1277,-1,1289,1277,1290,-1,1290,1277,1278,-1,1290,1278,1291,-1,1291,1278,1279,-1,1291,1279,1292,-1,1292,1279,1280,-1,1292,1280,1293,-1,1293,1280,1281,-1,1293,1281,1294,-1,1294,1281,1282,-1,1294,1282,1295,-1,1295,1282,1283,-1,1295,1283,1296,-1,1296,1283,1284,-1,1296,1284,1297,-1,1297,1284,1285,-1,1297,1285,1298,-1,1298,1285,1286,-1,1298,1286,1299,-1,1299,1286,1287,-1,1299,1287,959,-1,1300,1288,1301,-1,1301,1288,1289,-1,1301,1289,1302,-1,1302,1289,1290,-1,1302,1290,1303,-1,1303,1290,1291,-1,1303,1291,1304,-1,1304,1291,1292,-1,1304,1292,1305,-1,1305,1292,1293,-1,1305,1293,1306,-1,1306,1293,1294,-1,1306,1294,1307,-1,1307,1294,1295,-1,1307,1295,1308,-1,1308,1295,1296,-1,1308,1296,1309,-1,1309,1296,1297,-1,1309,1297,1310,-1,1310,1297,1298,-1,1310,1298,1311,-1,1311,1298,1299,-1,1311,1299,959,-1,1312,1300,1313,-1,1313,1300,1301,-1,1313,1301,1314,-1,1314,1301,1302,-1,1314,1302,1315,-1,1315,1302,1303,-1,1315,1303,1316,-1,1316,1303,1304,-1,1316,1304,1317,-1,1317,1304,1305,-1,1317,1305,1318,-1,1318,1305,1306,-1,1318,1306,1319,-1,1319,1306,1307,-1,1319,1307,1320,-1,1320,1307,1308,-1,1320,1308,1321,-1,1321,1308,1309,-1,1321,1309,1322,-1,1322,1309,1310,-1,1322,1310,1323,-1,1323,1310,1311,-1,1323,1311,959,-1,1324,1312,1325,-1,1325,1312,1313,-1,1325,1313,1326,-1,1326,1313,1314,-1,1326,1314,1327,-1,1327,1314,1315,-1,1327,1315,1328,-1,1328,1315,1316,-1,1328,1316,1329,-1,1329,1316,1317,-1,1329,1317,1330,-1,1330,1317,1318,-1,1330,1318,1331,-1,1331,1318,1319,-1,1331,1319,1332,-1,1332,1319,1320,-1,1332,1320,1333,-1,1333,1320,1321,-1,1333,1321,1334,-1,1334,1321,1322,-1,1334,1322,1335,-1,1335,1322,1323,-1,1335,1323,959,-1,1336,1324,1337,-1,1337,1324,1325,-1,1337,1325,1338,-1,1338,1325,1326,-1,1338,1326,1339,-1,1339,1326,1327,-1,1339,1327,1340,-1,1340,1327,1328,-1,1340,1328,1341,-1,1341,1328,1329,-1,1341,1329,1342,-1,1342,1329,1330,-1,1342,1330,1343,-1,1343,1330,1331,-1,1343,1331,1344,-1,1344,1331,1332,-1,1344,1332,1345,-1,1345,1332,1333,-1,1345,1333,1346,-1,1346,1333,1334,-1,1346,1334,1347,-1,1347,1334,1335,-1,1347,1335,959,-1,945,1336,946,-1,946,1336,1337,-1,946,1337,1348,-1,1348,1337,1338,-1,1348,1338,1349,-1,1349,1338,1339,-1,1349,1339,1350,-1,1350,1339,1340,-1,1350,1340,1351,-1,1351,1340,1341,-1,1351,1341,1352,-1,1352,1341,1342,-1,1352,1342,1353,-1,1353,1342,1343,-1,1353,1343,1354,-1,1354,1343,1344,-1,1354,1344,1355,-1,1355,1344,1345,-1,1355,1345,1356,-1,1356,1345,1346,-1,1356,1346,1357,-1,1357,1346,1347,-1,1357,1347,959,-1,1358,944,1359,-1,1359,944,946,-1,1359,946,1360,-1,1360,946,1348,-1,1360,1348,1361,-1,1361,1348,1349,-1,1361,1349,1362,-1,1362,1349,1350,-1,1362,1350,1363,-1,1363,1350,1351,-1,1363,1351,1364,-1,1364,1351,1352,-1,1364,1352,1365,-1,1365,1352,1353,-1,1365,1353,1366,-1,1366,1353,1354,-1,1366,1354,1367,-1,1367,1354,1355,-1,1367,1355,1368,-1,1368,1355,1356,-1,1368,1356,1369,-1,1369,1356,1357,-1,1369,1357,959,-1,1370,1358,1371,-1,1371,1358,1359,-1,1371,1359,1372,-1,1372,1359,1360,-1,1372,1360,1373,-1,1373,1360,1361,-1,1373,1361,1374,-1,1374,1361,1362,-1,1374,1362,1375,-1,1375,1362,1363,-1,1375,1363,1376,-1,1376,1363,1364,-1,1376,1364,1377,-1,1377,1364,1365,-1,1377,1365,1378,-1,1378,1365,1366,-1,1378,1366,1379,-1,1379,1366,1367,-1,1379,1367,1380,-1,1380,1367,1368,-1,1380,1368,1381,-1,1381,1368,1369,-1,1381,1369,959,-1,1382,1370,1383,-1,1383,1370,1371,-1,1383,1371,1384,-1,1384,1371,1372,-1,1384,1372,1385,-1,1385,1372,1373,-1,1385,1373,1386,-1,1386,1373,1374,-1,1386,1374,1387,-1,1387,1374,1375,-1,1387,1375,1388,-1,1388,1375,1376,-1,1388,1376,1389,-1,1389,1376,1377,-1,1389,1377,1390,-1,1390,1377,1378,-1,1390,1378,1391,-1,1391,1378,1379,-1,1391,1379,1392,-1,1392,1379,1380,-1,1392,1380,1393,-1,1393,1380,1381,-1,1393,1381,959,-1,1394,1382,1395,-1,1395,1382,1383,-1,1395,1383,1396,-1,1396,1383,1384,-1,1396,1384,1397,-1,1397,1384,1385,-1,1397,1385,1398,-1,1398,1385,1386,-1,1398,1386,1399,-1,1399,1386,1387,-1,1399,1387,1400,-1,1400,1387,1388,-1,1400,1388,1401,-1,1401,1388,1389,-1,1401,1389,1402,-1,1402,1389,1390,-1,1402,1390,1403,-1,1403,1390,1391,-1,1403,1391,1404,-1,1404,1391,1392,-1,1404,1392,1405,-1,1405,1392,1393,-1,1405,1393,959,-1,1406,1394,1407,-1,1407,1394,1395,-1,1407,1395,1408,-1,1408,1395,1396,-1,1408,1396,1409,-1,1409,1396,1397,-1,1409,1397,1410,-1,1410,1397,1398,-1,1410,1398,1411,-1,1411,1398,1399,-1,1411,1399,1412,-1,1412,1399,1400,-1,1412,1400,1413,-1,1413,1400,1401,-1,1413,1401,1414,-1,1414,1401,1402,-1,1414,1402,1415,-1,1415,1402,1403,-1,1415,1403,1416,-1,1416,1403,1404,-1,1416,1404,1417,-1,1417,1404,1405,-1,1417,1405,959,-1,1029,1406,1022,-1,1022,1406,1407,-1,1022,1407,1021,-1,1021,1407,1408,-1,1021,1408,1020,-1,1020,1408,1409,-1,1020,1409,1019,-1,1019,1409,1410,-1,1019,1410,1018,-1,1018,1410,1411,-1,1018,1411,1017,-1,1017,1411,1412,-1,1017,1412,1016,-1,1016,1412,1413,-1,1016,1413,1015,-1,1015,1413,1414,-1,1015,1414,1014,-1,1014,1414,1415,-1,1014,1415,1013,-1,1013,1415,1416,-1,1013,1416,1012,-1,1012,1416,1417,-1,1012,1417,959,-1,1418,1419,1420,-1,1421,1422,1423,-1,1424,1425,1426,-1,1427,1428,1429,-1,1430,1431,1432,-1,1432,1431,1433,-1,1434,1433,1431,-1,1434,1431,1435,-1,1435,1431,1430,-1,1435,1430,1436,-1,1437,1433,1434,-1,1437,1434,1438,-1,1438,1434,1435,-1,1438,1435,1439,-1,1439,1435,1436,-1,1439,1436,1440,-1,1441,1433,1437,-1,1441,1437,1442,-1,1442,1437,1438,-1,1442,1438,1443,-1,1443,1438,1439,-1,1443,1439,1444,-1,1444,1439,1440,-1,1444,1440,1445,-1,1446,1433,1441,-1,1446,1441,1447,-1,1447,1441,1442,-1,1447,1442,1448,-1,1448,1442,1443,-1,1448,1443,1449,-1,1449,1443,1444,-1,1449,1444,1450,-1,1450,1444,1445,-1,1450,1445,1451,-1,1452,1433,1446,-1,1452,1446,1453,-1,1453,1446,1447,-1,1453,1447,1454,-1,1454,1447,1448,-1,1454,1448,1455,-1,1455,1448,1449,-1,1455,1449,1456,-1,1456,1449,1450,-1,1456,1450,1457,-1,1457,1450,1451,-1,1457,1451,1458,-1,1459,1433,1452,-1,1459,1452,1460,-1,1460,1452,1453,-1,1460,1453,1461,-1,1461,1453,1454,-1,1461,1454,1462,-1,1462,1454,1455,-1,1462,1455,1463,-1,1463,1455,1456,-1,1463,1456,1464,-1,1464,1456,1457,-1,1464,1457,1465,-1,1465,1457,1458,-1,1465,1458,1466,-1,1467,1433,1459,-1,1467,1459,1468,-1,1468,1459,1460,-1,1468,1460,1469,-1,1469,1460,1461,-1,1469,1461,1470,-1,1470,1461,1462,-1,1470,1462,1471,-1,1471,1462,1463,-1,1471,1463,1472,-1,1472,1463,1464,-1,1472,1464,1473,-1,1473,1464,1465,-1,1473,1465,1474,-1,1474,1465,1466,-1,1474,1466,1475,-1,1476,1433,1467,-1,1476,1467,1477,-1,1477,1467,1468,-1,1477,1468,1478,-1,1478,1468,1469,-1,1478,1469,1479,-1,1479,1469,1470,-1,1479,1470,1480,-1,1480,1470,1471,-1,1480,1471,1481,-1,1481,1471,1472,-1,1481,1472,1482,-1,1482,1472,1473,-1,1482,1473,1483,-1,1483,1473,1474,-1,1483,1474,1484,-1,1484,1474,1475,-1,1484,1475,1485,-1,1486,1433,1476,-1,1486,1476,1487,-1,1487,1476,1477,-1,1487,1477,1488,-1,1488,1477,1478,-1,1488,1478,1489,-1,1489,1478,1479,-1,1489,1479,1490,-1,1490,1479,1480,-1,1490,1480,1491,-1,1491,1480,1481,-1,1491,1481,1492,-1,1492,1481,1482,-1,1492,1482,1493,-1,1493,1482,1483,-1,1493,1483,1494,-1,1494,1483,1484,-1,1494,1484,1495,-1,1495,1484,1485,-1,1495,1485,1496,-1,1497,1498,1499,-1,1500,1501,1498,-1,1498,1501,1502,-1,1498,1502,1499,-1,1499,1502,1503,-1,1504,1500,1505,-1,1505,1500,1498,-1,1505,1498,1506,-1,1506,1498,1497,-1,1506,1497,1507,-1,1508,1504,1509,-1,1509,1504,1505,-1,1509,1505,1510,-1,1510,1505,1506,-1,1510,1506,1511,-1,1511,1506,1507,-1,1511,1507,1512,-1,1513,1508,1514,-1,1514,1508,1509,-1,1514,1509,1515,-1,1515,1509,1510,-1,1515,1510,1516,-1,1516,1510,1511,-1,1516,1511,1517,-1,1517,1511,1512,-1,1517,1512,1518,-1,1519,1513,1520,-1,1520,1513,1514,-1,1520,1514,1521,-1,1521,1514,1515,-1,1521,1515,1522,-1,1522,1515,1516,-1,1522,1516,1523,-1,1523,1516,1517,-1,1523,1517,1524,-1,1524,1517,1518,-1,1524,1518,1525,-1,1526,1519,1527,-1,1527,1519,1520,-1,1527,1520,1528,-1,1528,1520,1521,-1,1528,1521,1529,-1,1529,1521,1522,-1,1529,1522,1530,-1,1530,1522,1523,-1,1530,1523,1531,-1,1531,1523,1524,-1,1531,1524,1532,-1,1532,1524,1525,-1,1532,1525,1533,-1,1534,1526,1535,-1,1535,1526,1527,-1,1535,1527,1536,-1,1536,1527,1528,-1,1536,1528,1537,-1,1537,1528,1529,-1,1537,1529,1538,-1,1538,1529,1530,-1,1538,1530,1539,-1,1539,1530,1531,-1,1539,1531,1540,-1,1540,1531,1532,-1,1540,1532,1541,-1,1541,1532,1533,-1,1541,1533,1542,-1,1428,1534,1429,-1,1429,1534,1535,-1,1429,1535,1543,-1,1543,1535,1536,-1,1543,1536,1544,-1,1544,1536,1537,-1,1544,1537,1545,-1,1545,1537,1538,-1,1545,1538,1546,-1,1546,1538,1539,-1,1546,1539,1547,-1,1547,1539,1540,-1,1547,1540,1548,-1,1548,1540,1541,-1,1548,1541,1549,-1,1549,1541,1542,-1,1549,1542,1550,-1,1551,1427,1552,-1,1552,1427,1429,-1,1552,1429,1553,-1,1553,1429,1543,-1,1553,1543,1554,-1,1554,1543,1544,-1,1554,1544,1555,-1,1555,1544,1545,-1,1555,1545,1556,-1,1556,1545,1546,-1,1556,1546,1557,-1,1557,1546,1547,-1,1557,1547,1558,-1,1558,1547,1548,-1,1558,1548,1559,-1,1559,1548,1549,-1,1559,1549,1560,-1,1560,1549,1550,-1,1560,1550,1561,-1,1562,1551,1563,-1,1563,1551,1552,-1,1563,1552,1564,-1,1564,1552,1553,-1,1564,1553,1565,-1,1565,1553,1554,-1,1565,1554,1566,-1,1566,1554,1555,-1,1566,1555,1567,-1,1567,1555,1556,-1,1567,1556,1568,-1,1568,1556,1557,-1,1568,1557,1569,-1,1569,1557,1558,-1,1569,1558,1570,-1,1570,1558,1559,-1,1570,1559,1571,-1,1571,1559,1560,-1,1571,1560,1572,-1,1572,1560,1561,-1,1572,1561,1573,-1,1573,1574,1572,-1,1572,1574,1575,-1,1572,1575,1571,-1,1571,1575,1576,-1,1571,1576,1570,-1,1570,1576,1577,-1,1570,1577,1569,-1,1569,1577,1578,-1,1569,1578,1568,-1,1568,1578,1579,-1,1568,1579,1567,-1,1567,1579,1580,-1,1567,1580,1566,-1,1566,1580,1581,-1,1566,1581,1565,-1,1565,1581,1582,-1,1565,1582,1564,-1,1564,1582,1583,-1,1564,1583,1563,-1,1563,1583,1584,-1,1563,1584,1562,-1,1562,1584,1585,-1,1586,1585,1587,-1,1587,1585,1584,-1,1587,1584,1588,-1,1588,1584,1583,-1,1588,1583,1589,-1,1589,1583,1582,-1,1589,1582,1590,-1,1590,1582,1581,-1,1590,1581,1591,-1,1591,1581,1580,-1,1591,1580,1592,-1,1592,1580,1579,-1,1592,1579,1593,-1,1593,1579,1578,-1,1593,1578,1594,-1,1594,1578,1577,-1,1594,1577,1595,-1,1595,1577,1576,-1,1595,1576,1596,-1,1596,1576,1575,-1,1596,1575,1597,-1,1597,1575,1574,-1,1597,1574,1433,-1,1573,1433,1574,-1,1503,1496,1499,-1,1499,1496,1485,-1,1499,1485,1497,-1,1497,1485,1475,-1,1497,1475,1507,-1,1507,1475,1466,-1,1507,1466,1512,-1,1512,1466,1458,-1,1512,1458,1518,-1,1518,1458,1451,-1,1518,1451,1525,-1,1525,1451,1445,-1,1525,1445,1533,-1,1533,1445,1440,-1,1533,1440,1542,-1,1542,1440,1436,-1,1542,1436,1550,-1,1550,1436,1430,-1,1550,1430,1561,-1,1561,1430,1432,-1,1561,1432,1573,-1,1573,1432,1433,-1,1598,1586,1599,-1,1599,1586,1587,-1,1599,1587,1600,-1,1600,1587,1588,-1,1600,1588,1601,-1,1601,1588,1589,-1,1601,1589,1602,-1,1602,1589,1590,-1,1602,1590,1603,-1,1603,1590,1591,-1,1603,1591,1604,-1,1604,1591,1592,-1,1604,1592,1605,-1,1605,1592,1593,-1,1605,1593,1606,-1,1606,1593,1594,-1,1606,1594,1607,-1,1607,1594,1595,-1,1607,1595,1608,-1,1608,1595,1596,-1,1608,1596,1609,-1,1609,1596,1597,-1,1609,1597,1433,-1,1610,1598,1611,-1,1611,1598,1599,-1,1611,1599,1612,-1,1612,1599,1600,-1,1612,1600,1613,-1,1613,1600,1601,-1,1613,1601,1614,-1,1614,1601,1602,-1,1614,1602,1615,-1,1615,1602,1603,-1,1615,1603,1616,-1,1616,1603,1604,-1,1616,1604,1617,-1,1617,1604,1605,-1,1617,1605,1618,-1,1618,1605,1606,-1,1618,1606,1619,-1,1619,1606,1607,-1,1619,1607,1620,-1,1620,1607,1608,-1,1620,1608,1621,-1,1621,1608,1609,-1,1621,1609,1433,-1,1425,1610,1426,-1,1426,1610,1611,-1,1426,1611,1622,-1,1622,1611,1612,-1,1622,1612,1623,-1,1623,1612,1613,-1,1623,1613,1624,-1,1624,1613,1614,-1,1624,1614,1625,-1,1625,1614,1615,-1,1625,1615,1626,-1,1626,1615,1616,-1,1626,1616,1627,-1,1627,1616,1617,-1,1627,1617,1628,-1,1628,1617,1618,-1,1628,1618,1629,-1,1629,1618,1619,-1,1629,1619,1630,-1,1630,1619,1620,-1,1630,1620,1631,-1,1631,1620,1621,-1,1631,1621,1433,-1,1632,1424,1633,-1,1633,1424,1426,-1,1633,1426,1634,-1,1634,1426,1622,-1,1634,1622,1635,-1,1635,1622,1623,-1,1635,1623,1636,-1,1636,1623,1624,-1,1636,1624,1637,-1,1637,1624,1625,-1,1637,1625,1638,-1,1638,1625,1626,-1,1638,1626,1639,-1,1639,1626,1627,-1,1639,1627,1640,-1,1640,1627,1628,-1,1640,1628,1641,-1,1641,1628,1629,-1,1641,1629,1642,-1,1642,1629,1630,-1,1642,1630,1643,-1,1643,1630,1631,-1,1643,1631,1433,-1,1644,1632,1645,-1,1645,1632,1633,-1,1645,1633,1646,-1,1646,1633,1634,-1,1646,1634,1647,-1,1647,1634,1635,-1,1647,1635,1648,-1,1648,1635,1636,-1,1648,1636,1649,-1,1649,1636,1637,-1,1649,1637,1650,-1,1650,1637,1638,-1,1650,1638,1651,-1,1651,1638,1639,-1,1651,1639,1652,-1,1652,1639,1640,-1,1652,1640,1653,-1,1653,1640,1641,-1,1653,1641,1654,-1,1654,1641,1642,-1,1654,1642,1655,-1,1655,1642,1643,-1,1655,1643,1433,-1,1656,1644,1657,-1,1657,1644,1645,-1,1657,1645,1658,-1,1658,1645,1646,-1,1658,1646,1659,-1,1659,1646,1647,-1,1659,1647,1660,-1,1660,1647,1648,-1,1660,1648,1661,-1,1661,1648,1649,-1,1661,1649,1662,-1,1662,1649,1650,-1,1662,1650,1663,-1,1663,1650,1651,-1,1663,1651,1664,-1,1664,1651,1652,-1,1664,1652,1665,-1,1665,1652,1653,-1,1665,1653,1666,-1,1666,1653,1654,-1,1666,1654,1667,-1,1667,1654,1655,-1,1667,1655,1433,-1,1668,1656,1669,-1,1669,1656,1657,-1,1669,1657,1670,-1,1670,1657,1658,-1,1670,1658,1671,-1,1671,1658,1659,-1,1671,1659,1672,-1,1672,1659,1660,-1,1672,1660,1673,-1,1673,1660,1661,-1,1673,1661,1674,-1,1674,1661,1662,-1,1674,1662,1675,-1,1675,1662,1663,-1,1675,1663,1676,-1,1676,1663,1664,-1,1676,1664,1677,-1,1677,1664,1665,-1,1677,1665,1678,-1,1678,1665,1666,-1,1678,1666,1679,-1,1679,1666,1667,-1,1679,1667,1433,-1,1680,1668,1681,-1,1681,1668,1669,-1,1681,1669,1682,-1,1682,1669,1670,-1,1682,1670,1683,-1,1683,1670,1671,-1,1683,1671,1684,-1,1684,1671,1672,-1,1684,1672,1685,-1,1685,1672,1673,-1,1685,1673,1686,-1,1686,1673,1674,-1,1686,1674,1687,-1,1687,1674,1675,-1,1687,1675,1688,-1,1688,1675,1676,-1,1688,1676,1689,-1,1689,1676,1677,-1,1689,1677,1690,-1,1690,1677,1678,-1,1690,1678,1691,-1,1691,1678,1679,-1,1691,1679,1433,-1,1692,1680,1693,-1,1693,1680,1681,-1,1693,1681,1694,-1,1694,1681,1682,-1,1694,1682,1695,-1,1695,1682,1683,-1,1695,1683,1696,-1,1696,1683,1684,-1,1696,1684,1697,-1,1697,1684,1685,-1,1697,1685,1698,-1,1698,1685,1686,-1,1698,1686,1699,-1,1699,1686,1687,-1,1699,1687,1700,-1,1700,1687,1688,-1,1700,1688,1701,-1,1701,1688,1689,-1,1701,1689,1702,-1,1702,1689,1690,-1,1702,1690,1703,-1,1703,1690,1691,-1,1703,1691,1433,-1,1704,1692,1705,-1,1705,1692,1693,-1,1705,1693,1706,-1,1706,1693,1694,-1,1706,1694,1707,-1,1707,1694,1695,-1,1707,1695,1708,-1,1708,1695,1696,-1,1708,1696,1709,-1,1709,1696,1697,-1,1709,1697,1710,-1,1710,1697,1698,-1,1710,1698,1711,-1,1711,1698,1699,-1,1711,1699,1712,-1,1712,1699,1700,-1,1712,1700,1713,-1,1713,1700,1701,-1,1713,1701,1714,-1,1714,1701,1702,-1,1714,1702,1715,-1,1715,1702,1703,-1,1715,1703,1433,-1,1422,1704,1423,-1,1423,1704,1705,-1,1423,1705,1716,-1,1716,1705,1706,-1,1716,1706,1717,-1,1717,1706,1707,-1,1717,1707,1718,-1,1718,1707,1708,-1,1718,1708,1719,-1,1719,1708,1709,-1,1719,1709,1720,-1,1720,1709,1710,-1,1720,1710,1721,-1,1721,1710,1711,-1,1721,1711,1722,-1,1722,1711,1712,-1,1722,1712,1723,-1,1723,1712,1713,-1,1723,1713,1724,-1,1724,1713,1714,-1,1724,1714,1725,-1,1725,1714,1715,-1,1725,1715,1433,-1,1726,1421,1727,-1,1727,1421,1423,-1,1727,1423,1728,-1,1728,1423,1716,-1,1728,1716,1729,-1,1729,1716,1717,-1,1729,1717,1730,-1,1730,1717,1718,-1,1730,1718,1731,-1,1731,1718,1719,-1,1731,1719,1732,-1,1732,1719,1720,-1,1732,1720,1733,-1,1733,1720,1721,-1,1733,1721,1734,-1,1734,1721,1722,-1,1734,1722,1735,-1,1735,1722,1723,-1,1735,1723,1736,-1,1736,1723,1724,-1,1736,1724,1737,-1,1737,1724,1725,-1,1737,1725,1433,-1,1738,1726,1739,-1,1739,1726,1727,-1,1739,1727,1740,-1,1740,1727,1728,-1,1740,1728,1741,-1,1741,1728,1729,-1,1741,1729,1742,-1,1742,1729,1730,-1,1742,1730,1743,-1,1743,1730,1731,-1,1743,1731,1744,-1,1744,1731,1732,-1,1744,1732,1745,-1,1745,1732,1733,-1,1745,1733,1746,-1,1746,1733,1734,-1,1746,1734,1747,-1,1747,1734,1735,-1,1747,1735,1748,-1,1748,1735,1736,-1,1748,1736,1749,-1,1749,1736,1737,-1,1749,1737,1433,-1,1750,1738,1751,-1,1751,1738,1739,-1,1751,1739,1752,-1,1752,1739,1740,-1,1752,1740,1753,-1,1753,1740,1741,-1,1753,1741,1754,-1,1754,1741,1742,-1,1754,1742,1755,-1,1755,1742,1743,-1,1755,1743,1756,-1,1756,1743,1744,-1,1756,1744,1757,-1,1757,1744,1745,-1,1757,1745,1758,-1,1758,1745,1746,-1,1758,1746,1759,-1,1759,1746,1747,-1,1759,1747,1760,-1,1760,1747,1748,-1,1760,1748,1761,-1,1761,1748,1749,-1,1761,1749,1433,-1,1762,1750,1763,-1,1763,1750,1751,-1,1763,1751,1764,-1,1764,1751,1752,-1,1764,1752,1765,-1,1765,1752,1753,-1,1765,1753,1766,-1,1766,1753,1754,-1,1766,1754,1767,-1,1767,1754,1755,-1,1767,1755,1768,-1,1768,1755,1756,-1,1768,1756,1769,-1,1769,1756,1757,-1,1769,1757,1770,-1,1770,1757,1758,-1,1770,1758,1771,-1,1771,1758,1759,-1,1771,1759,1772,-1,1772,1759,1760,-1,1772,1760,1773,-1,1773,1760,1761,-1,1773,1761,1433,-1,1774,1762,1775,-1,1775,1762,1763,-1,1775,1763,1776,-1,1776,1763,1764,-1,1776,1764,1777,-1,1777,1764,1765,-1,1777,1765,1778,-1,1778,1765,1766,-1,1778,1766,1779,-1,1779,1766,1767,-1,1779,1767,1780,-1,1780,1767,1768,-1,1780,1768,1781,-1,1781,1768,1769,-1,1781,1769,1782,-1,1782,1769,1770,-1,1782,1770,1783,-1,1783,1770,1771,-1,1783,1771,1784,-1,1784,1771,1772,-1,1784,1772,1785,-1,1785,1772,1773,-1,1785,1773,1433,-1,1786,1774,1787,-1,1787,1774,1775,-1,1787,1775,1788,-1,1788,1775,1776,-1,1788,1776,1789,-1,1789,1776,1777,-1,1789,1777,1790,-1,1790,1777,1778,-1,1790,1778,1791,-1,1791,1778,1779,-1,1791,1779,1792,-1,1792,1779,1780,-1,1792,1780,1793,-1,1793,1780,1781,-1,1793,1781,1794,-1,1794,1781,1782,-1,1794,1782,1795,-1,1795,1782,1783,-1,1795,1783,1796,-1,1796,1783,1784,-1,1796,1784,1797,-1,1797,1784,1785,-1,1797,1785,1433,-1,1798,1786,1799,-1,1799,1786,1787,-1,1799,1787,1800,-1,1800,1787,1788,-1,1800,1788,1801,-1,1801,1788,1789,-1,1801,1789,1802,-1,1802,1789,1790,-1,1802,1790,1803,-1,1803,1790,1791,-1,1803,1791,1804,-1,1804,1791,1792,-1,1804,1792,1805,-1,1805,1792,1793,-1,1805,1793,1806,-1,1806,1793,1794,-1,1806,1794,1807,-1,1807,1794,1795,-1,1807,1795,1808,-1,1808,1795,1796,-1,1808,1796,1809,-1,1809,1796,1797,-1,1809,1797,1433,-1,1810,1798,1811,-1,1811,1798,1799,-1,1811,1799,1812,-1,1812,1799,1800,-1,1812,1800,1813,-1,1813,1800,1801,-1,1813,1801,1814,-1,1814,1801,1802,-1,1814,1802,1815,-1,1815,1802,1803,-1,1815,1803,1816,-1,1816,1803,1804,-1,1816,1804,1817,-1,1817,1804,1805,-1,1817,1805,1818,-1,1818,1805,1806,-1,1818,1806,1819,-1,1819,1806,1807,-1,1819,1807,1820,-1,1820,1807,1808,-1,1820,1808,1821,-1,1821,1808,1809,-1,1821,1809,1433,-1,1419,1810,1420,-1,1420,1810,1811,-1,1420,1811,1822,-1,1822,1811,1812,-1,1822,1812,1823,-1,1823,1812,1813,-1,1823,1813,1824,-1,1824,1813,1814,-1,1824,1814,1825,-1,1825,1814,1815,-1,1825,1815,1826,-1,1826,1815,1816,-1,1826,1816,1827,-1,1827,1816,1817,-1,1827,1817,1828,-1,1828,1817,1818,-1,1828,1818,1829,-1,1829,1818,1819,-1,1829,1819,1830,-1,1830,1819,1820,-1,1830,1820,1831,-1,1831,1820,1821,-1,1831,1821,1433,-1,1832,1418,1833,-1,1833,1418,1420,-1,1833,1420,1834,-1,1834,1420,1822,-1,1834,1822,1835,-1,1835,1822,1823,-1,1835,1823,1836,-1,1836,1823,1824,-1,1836,1824,1837,-1,1837,1824,1825,-1,1837,1825,1838,-1,1838,1825,1826,-1,1838,1826,1839,-1,1839,1826,1827,-1,1839,1827,1840,-1,1840,1827,1828,-1,1840,1828,1841,-1,1841,1828,1829,-1,1841,1829,1842,-1,1842,1829,1830,-1,1842,1830,1843,-1,1843,1830,1831,-1,1843,1831,1433,-1,1844,1832,1845,-1,1845,1832,1833,-1,1845,1833,1846,-1,1846,1833,1834,-1,1846,1834,1847,-1,1847,1834,1835,-1,1847,1835,1848,-1,1848,1835,1836,-1,1848,1836,1849,-1,1849,1836,1837,-1,1849,1837,1850,-1,1850,1837,1838,-1,1850,1838,1851,-1,1851,1838,1839,-1,1851,1839,1852,-1,1852,1839,1840,-1,1852,1840,1853,-1,1853,1840,1841,-1,1853,1841,1854,-1,1854,1841,1842,-1,1854,1842,1855,-1,1855,1842,1843,-1,1855,1843,1433,-1,1856,1844,1857,-1,1857,1844,1845,-1,1857,1845,1858,-1,1858,1845,1846,-1,1858,1846,1859,-1,1859,1846,1847,-1,1859,1847,1860,-1,1860,1847,1848,-1,1860,1848,1861,-1,1861,1848,1849,-1,1861,1849,1862,-1,1862,1849,1850,-1,1862,1850,1863,-1,1863,1850,1851,-1,1863,1851,1864,-1,1864,1851,1852,-1,1864,1852,1865,-1,1865,1852,1853,-1,1865,1853,1866,-1,1866,1853,1854,-1,1866,1854,1867,-1,1867,1854,1855,-1,1867,1855,1433,-1,1868,1856,1869,-1,1869,1856,1857,-1,1869,1857,1870,-1,1870,1857,1858,-1,1870,1858,1871,-1,1871,1858,1859,-1,1871,1859,1872,-1,1872,1859,1860,-1,1872,1860,1873,-1,1873,1860,1861,-1,1873,1861,1874,-1,1874,1861,1862,-1,1874,1862,1875,-1,1875,1862,1863,-1,1875,1863,1876,-1,1876,1863,1864,-1,1876,1864,1877,-1,1877,1864,1865,-1,1877,1865,1878,-1,1878,1865,1866,-1,1878,1866,1879,-1,1879,1866,1867,-1,1879,1867,1433,-1,1880,1868,1881,-1,1881,1868,1869,-1,1881,1869,1882,-1,1882,1869,1870,-1,1882,1870,1883,-1,1883,1870,1871,-1,1883,1871,1884,-1,1884,1871,1872,-1,1884,1872,1885,-1,1885,1872,1873,-1,1885,1873,1886,-1,1886,1873,1874,-1,1886,1874,1887,-1,1887,1874,1875,-1,1887,1875,1888,-1,1888,1875,1876,-1,1888,1876,1889,-1,1889,1876,1877,-1,1889,1877,1890,-1,1890,1877,1878,-1,1890,1878,1891,-1,1891,1878,1879,-1,1891,1879,1433,-1,1503,1880,1496,-1,1496,1880,1881,-1,1496,1881,1495,-1,1495,1881,1882,-1,1495,1882,1494,-1,1494,1882,1883,-1,1494,1883,1493,-1,1493,1883,1884,-1,1493,1884,1492,-1,1492,1884,1885,-1,1492,1885,1491,-1,1491,1885,1886,-1,1491,1886,1490,-1,1490,1886,1887,-1,1490,1887,1489,-1,1489,1887,1888,-1,1489,1888,1488,-1,1488,1888,1889,-1,1488,1889,1487,-1,1487,1889,1890,-1,1487,1890,1486,-1,1486,1890,1891,-1,1486,1891,1433,-1,
        ]
    }
}
Shape{
    appearance Appearance {
        material  Material 	{
            diffuseColor 1.0 1.0 1.0
            specularColor 0.5019607843137255 0.5019607843137255 0.5019607843137255
            ambientIntensity 0.2
            transparency 0
            shininess 0.5
        }
    }
    geometry IndexedFaceSet {
        ccw TRUE
        solid FALSE
        coord DEF co Coordinate {
            point [
                -0.0825 0.0211 0.0039, -0.0979 -0.0183 0.0039, -0.0825 0.0211 0.0, -0.0979 -0.0183 0.0, -0.0921 -0.0183 0.0039, -0.0921 -0.0183 0.0, -0.0881 -0.0072 0.0039, -0.0881 -0.0072 0.0, -0.0719 -0.0072 0.0039, -0.0719 -0.0072 0.0, -0.0681 -0.0183 0.0039, -0.0681 -0.0183 0.0, -0.0623 -0.0183 0.0039, -0.0623 -0.0183 0.0, -0.0772 0.0211 0.0039, -0.0772 0.0211 0.0, -0.0732 -0.0029 0.0039, -0.0864 -0.0029 0.0039, -0.0791 0.0135 0.0039, -0.0794 0.0149 0.0039, -0.0797 0.0163 0.0039, -0.0798 0.0163 0.0039, -0.0801 0.0149 0.0039, -0.0804 0.0135 0.0039, -0.0732 -0.0029 0.0, -0.0864 -0.0029 0.0, -0.0791 0.0135 0.0, -0.0794 0.0149 0.0, -0.0797 0.0163 0.0, -0.0798 0.0163 0.0, -0.0801 0.0149 0.0, -0.0804 0.0135 0.0, -0.0385 -0.0183 0.0039, -0.0278 -0.0183 0.0039, -0.0385 -0.0183 0.0, -0.0278 -0.0183 0.0, -0.0278 0.0211 0.0039, -0.0278 0.0211 0.0, -0.0389 0.0211 0.0039, -0.0389 0.0211 0.0, -0.0595 0.0019 0.0039, -0.0595 0.0019 0.0, -0.0594 0.0032 0.0, -0.0594 0.0032 0.0039, -0.0588 0.0074 0.0, -0.0588 0.0074 0.0039, -0.0573 0.0113 0.0, -0.0573 0.0113 0.0039, -0.055 0.0145 0.0, -0.055 0.0145 0.0039, -0.0529 0.0165 0.0, -0.0529 0.0165 0.0039, -0.049 0.019 0.0, -0.049 0.019 0.0039, -0.0443 0.0206 0.0, -0.0443 0.0206 0.0039, -0.0434 -0.0178 0.0, -0.0434 -0.0178 0.0039, -0.048 -0.0165 0.0, -0.048 -0.0165 0.0039, -0.0521 -0.0141 0.0, -0.0521 -0.0141 0.0039, -0.0553 -0.0109 0.0, -0.0553 -0.0109 0.0039, -0.0575 -0.0074 0.0, -0.0575 -0.0074 0.0039, -0.0589 -0.0033 0.0, -0.0589 -0.0033 0.0039, -0.0542 0.0018 0.0039, -0.0538 0.0057 0.0039, -0.0529 0.0089 0.0039, -0.0516 0.0113 0.0039, -0.0496 0.0133 0.0039, -0.0468 0.0152 0.0039, -0.0435 0.0163 0.0039, -0.0389 0.0168 0.0039, -0.0331 0.0168 0.0039, -0.0331 -0.0139 0.0039, -0.0386 -0.0139 0.0039, -0.0428 -0.0136 0.0039, -0.0461 -0.0125 0.0039, -0.0488 -0.0109 0.0039, -0.051 -0.0087 0.0039, -0.0527 -0.006 0.0039, -0.0538 -0.0023 0.0039, -0.0389 0.0168 0.0, -0.0331 0.0168 0.0, -0.0435 0.0163 0.0, -0.0468 0.0152 0.0, -0.0496 0.0133 0.0, -0.0516 0.0113 0.0, -0.0529 0.0089 0.0, -0.0538 0.0057 0.0, -0.0542 0.0018 0.0, -0.0538 -0.0023 0.0, -0.0527 -0.006 0.0, -0.051 -0.0087 0.0, -0.0488 -0.0109 0.0, -0.0461 -0.0125 0.0, -0.0428 -0.0136 0.0, -0.0386 -0.0139 0.0, -0.0331 -0.0139 0.0, -0.0201 -0.0139 0.0039, -0.0201 -0.0183 0.0039, -0.0201 -0.0139 0.0, -0.0201 -0.0183 0.0, 0.001 -0.0183 0.0039, 0.001 -0.0183 0.0, 0.001 0.0211 0.0039, 0.001 0.0211 0.0, -0.0191 0.0211 0.0039, -0.0191 0.0211 0.0, -0.0191 0.0168 0.0039, -0.0191 0.0168 0.0, -0.0043 0.0168 0.0039, -0.0043 0.0168 0.0, -0.0043 0.0038 0.0039, -0.0043 0.0038 0.0, -0.0182 0.0038 0.0039, -0.0182 0.0038 0.0, -0.0182 -0.0005 0.0039, -0.0182 -0.0005 0.0, -0.0043 -0.0005 0.0039, -0.0043 -0.0005 0.0, -0.0043 -0.0139 0.0039, -0.0043 -0.0139 0.0, 0.0087 -0.0119 0.0039, 0.0087 -0.0162 0.0039, 0.0087 -0.0119 0.0, 0.0087 -0.0162 0.0, 0.0129 -0.0179 0.0039, 0.0195 -0.0187 0.0039, 0.0195 -0.0187 0.0, 0.0185 -0.0187 0.0, 0.0185 -0.0187 0.0039, 0.0169 -0.0185 0.0, 0.0129 -0.0179 0.0, 0.038 0.0007 0.0039, 0.038 0.0007 0.0, 0.0376 -0.0039 0.0, 0.0376 -0.0039 0.0039, 0.0364 -0.008 0.0, 0.0364 -0.008 0.0039, 0.0344 -0.0118 0.0, 0.0344 -0.0118 0.0039, 0.0314 -0.0149 0.0, 0.0314 -0.0149 0.0039, 0.0282 -0.0169 0.0, 0.0282 -0.0169 0.0039, 0.0244 -0.0182 0.0, 0.0244 -0.0182 0.0039, 0.0219 -0.0185 0.0, 0.018 0.0216 0.0, 0.0208 0.0213 0.0, 0.018 0.0216 0.0039, 0.0221 0.0212 0.0039, 0.0221 0.0212 0.0, 0.0265 0.0199 0.0, 0.0265 0.0199 0.0039, 0.0302 0.0177 0.0, 0.0302 0.0177 0.0039, 0.0337 0.0143 0.0, 0.0337 0.0143 0.0039, 0.036 0.0106 0.0, 0.036 0.0106 0.0039, 0.0375 0.006 0.0, 0.0375 0.006 0.0039, 0.0145 0.0213 0.0, 0.0133 0.0213 0.0039, 0.0133 0.0213 0.0, 0.0087 0.02 0.0039, 0.0087 0.02 0.0, 0.0087 0.0147 0.0039, 0.0087 0.0147 0.0, 0.0179 0.0173 0.0039, 0.0179 0.0173 0.0, 0.0131 0.0166 0.0, 0.0131 0.0166 0.0039, 0.0327 0.001 0.0039, 0.0327 0.001 0.0, 0.0325 0.0041 0.0, 0.0325 0.0041 0.0039, 0.0315 0.0083 0.0, 0.0315 0.0083 0.0039, 0.0299 0.0113 0.0, 0.0299 0.0113 0.0039, 0.0275 0.0139 0.0, 0.0275 0.0139 0.0039, 0.0248 0.0158 0.0, 0.0248 0.0158 0.0039, 0.0218 0.0168 0.0, 0.0218 0.0168 0.0039, 0.0188 -0.0144 0.0039, 0.0188 -0.0144 0.0, 0.0225 -0.014 0.0, 0.0225 -0.014 0.0039, 0.0254 -0.0129 0.0, 0.0254 -0.0129 0.0039, 0.0278 -0.0113 0.0, 0.0278 -0.0113 0.0039, 0.0296 -0.0094 0.0, 0.0296 -0.0094 0.0039, 0.0312 -0.0067 0.0, 0.0312 -0.0067 0.0039, 0.0323 -0.0033 0.0, 0.0323 -0.0033 0.0039, 0.0094 -0.0123 0.0, 0.0094 -0.0123 0.0039, 0.0136 -0.0138 0.0, 0.0136 -0.0138 0.0039, 0.0414 -0.0139 0.0039, 0.0414 -0.0183 0.0039, 0.0414 -0.0139 0.0, 0.0414 -0.0183 0.0, 0.0615 -0.0183 0.0039, 0.0615 -0.0183 0.0, 0.0615 0.0211 0.0039, 0.0615 0.0211 0.0, 0.0562 0.0211 0.0039, 0.0562 0.0211 0.0, 0.0562 -0.0139 0.0039, 0.0562 -0.0139 0.0, 0.0562 -0.0139 0.0
            ]
        }
        coordIndex [
            0,1,2,-1,2,1,3,-1,1,4,3,-1,3,4,5,-1,4,6,5,-1,5,6,7,-1,6,8,7,-1,7,8,9,-1,8,10,9,-1,9,10,11,-1,10,12,11,-1,11,12,13,-1,12,14,13,-1,13,14,15,-1,14,0,15,-1,15,0,2,-1,16,8,17,-1,17,8,6,-1,18,14,16,-1,16,14,12,-1,16,12,8,-1,8,12,10,-1,18,19,14,-1,14,19,20,-1,14,20,0,-1,0,20,21,-1,0,21,22,-1,22,23,0,-1,0,23,17,-1,0,17,1,-1,1,17,6,-1,1,6,4,-1,16,17,24,-1,24,17,25,-1,18,16,26,-1,26,16,24,-1,18,26,27,-1,18,27,19,-1,19,27,28,-1,19,28,20,-1,21,20,29,-1,29,20,28,-1,21,29,30,-1,21,30,22,-1,22,30,31,-1,22,31,23,-1,17,23,25,-1,25,23,31,-1,32,33,34,-1,34,33,35,-1,33,36,35,-1,35,36,37,-1,36,38,37,-1,37,38,39,-1,40,41,42,-1,40,42,43,-1,43,42,44,-1,43,44,45,-1,45,44,46,-1,45,46,47,-1,47,46,48,-1,47,48,49,-1,49,48,50,-1,49,50,51,-1,51,50,52,-1,51,52,53,-1,53,52,54,-1,53,54,55,-1,55,54,39,-1,55,39,38,-1,32,34,56,-1,32,56,57,-1,57,56,58,-1,57,58,59,-1,59,58,60,-1,59,60,61,-1,61,60,62,-1,61,62,63,-1,63,62,64,-1,63,64,65,-1,65,64,66,-1,65,66,67,-1,67,66,41,-1,67,41,40,-1,67,40,68,-1,68,40,43,-1,68,43,69,-1,69,43,45,-1,69,45,70,-1,70,45,47,-1,70,47,71,-1,71,47,49,-1,71,49,72,-1,72,49,51,-1,72,51,73,-1,73,51,53,-1,73,53,74,-1,74,53,55,-1,74,55,75,-1,75,55,38,-1,75,38,76,-1,76,38,36,-1,76,36,77,-1,77,36,33,-1,77,33,78,-1,78,33,32,-1,78,32,79,-1,79,32,57,-1,79,57,80,-1,80,57,59,-1,80,59,81,-1,81,59,61,-1,81,61,82,-1,82,61,63,-1,82,63,83,-1,83,63,65,-1,83,65,84,-1,84,65,67,-1,84,67,68,-1,75,76,85,-1,85,76,86,-1,75,85,87,-1,75,87,74,-1,74,87,88,-1,74,88,73,-1,73,88,89,-1,73,89,72,-1,72,89,90,-1,72,90,71,-1,71,90,91,-1,71,91,70,-1,70,91,92,-1,70,92,69,-1,69,92,93,-1,69,93,68,-1,68,93,94,-1,68,94,84,-1,84,94,95,-1,84,95,83,-1,83,95,96,-1,83,96,82,-1,82,96,97,-1,82,97,81,-1,81,97,98,-1,81,98,80,-1,80,98,99,-1,80,99,79,-1,79,99,100,-1,79,100,78,-1,77,78,101,-1,101,78,100,-1,76,77,86,-1,86,77,101,-1,102,103,104,-1,104,103,105,-1,103,106,105,-1,105,106,107,-1,106,108,107,-1,107,108,109,-1,108,110,109,-1,109,110,111,-1,110,112,111,-1,111,112,113,-1,112,114,113,-1,113,114,115,-1,114,116,115,-1,115,116,117,-1,116,118,117,-1,117,118,119,-1,118,120,119,-1,119,120,121,-1,120,122,121,-1,121,122,123,-1,122,124,123,-1,123,124,125,-1,124,102,125,-1,125,102,104,-1,106,103,102,-1,102,124,106,-1,106,124,122,-1,106,122,108,-1,112,110,114,-1,114,110,108,-1,114,108,116,-1,116,108,122,-1,116,122,118,-1,118,122,120,-1,126,127,128,-1,128,127,129,-1,129,127,130,-1,131,132,133,-1,131,133,134,-1,134,133,135,-1,134,135,130,-1,130,135,136,-1,130,136,129,-1,137,138,139,-1,137,139,140,-1,140,139,141,-1,140,141,142,-1,142,141,143,-1,142,143,144,-1,144,143,145,-1,144,145,146,-1,146,145,147,-1,146,147,148,-1,148,147,149,-1,148,149,150,-1,150,149,131,-1,131,149,151,-1,131,151,132,-1,152,153,154,-1,154,153,155,-1,153,156,155,-1,155,156,157,-1,155,157,158,-1,158,157,159,-1,158,159,160,-1,160,159,161,-1,160,161,162,-1,162,161,163,-1,162,163,164,-1,164,163,165,-1,164,165,166,-1,166,165,138,-1,166,138,137,-1,152,154,167,-1,167,154,168,-1,167,168,169,-1,169,168,170,-1,169,170,171,-1,170,172,171,-1,171,172,173,-1,174,175,176,-1,174,176,177,-1,177,176,173,-1,177,173,172,-1,178,179,180,-1,178,180,181,-1,181,180,182,-1,181,182,183,-1,183,182,184,-1,183,184,185,-1,185,184,186,-1,185,186,187,-1,187,186,188,-1,187,188,189,-1,189,188,190,-1,189,190,191,-1,191,190,175,-1,191,175,174,-1,192,193,194,-1,192,194,195,-1,195,194,196,-1,195,196,197,-1,197,196,198,-1,197,198,199,-1,199,198,200,-1,199,200,201,-1,201,200,202,-1,201,202,203,-1,203,202,204,-1,203,204,205,-1,205,204,179,-1,205,179,178,-1,126,128,206,-1,126,206,207,-1,207,206,208,-1,207,208,209,-1,209,208,193,-1,209,193,192,-1,195,131,192,-1,192,131,134,-1,192,134,209,-1,209,134,130,-1,209,130,207,-1,207,130,127,-1,207,127,126,-1,172,170,177,-1,177,170,168,-1,177,168,174,-1,174,168,154,-1,174,154,191,-1,191,154,155,-1,191,155,189,-1,189,155,158,-1,189,158,187,-1,187,158,160,-1,187,160,185,-1,185,160,162,-1,185,162,183,-1,183,162,164,-1,183,164,181,-1,181,164,166,-1,181,166,178,-1,178,166,137,-1,178,137,205,-1,205,137,140,-1,205,140,203,-1,203,140,142,-1,203,142,201,-1,201,142,144,-1,201,144,199,-1,199,144,146,-1,199,146,197,-1,197,146,148,-1,197,148,195,-1,195,148,150,-1,195,150,131,-1,210,211,212,-1,212,211,213,-1,211,214,213,-1,213,214,215,-1,214,216,215,-1,215,216,217,-1,216,218,217,-1,217,218,219,-1,218,220,219,-1,219,220,221,-1,220,210,221,-1,221,210,212,-1,218,216,220,-1,220,216,214,-1,220,214,210,-1,210,214,211,-1,
        ]
    }
}
Shape{
    appearance Appearance {
        material  Material 	{
            diffuseColor 0.2980392156862745 0.2980392156862745 0.2980392156862745
            specularColor 0.09019607843137255 0.09019607843137255 0.09019607843137255
            ambientIntensity 0.2
            transparency 0
            shininess 0.5
        }
    }
    geometry IndexedFaceSet {
        ccw TRUE
        solid FALSE
        coord DEF co Coordinate {
            point [
                -0.0732 -0.0029 0.0, -0.0864 -0.0029 0.0, -0.0791 0.0135 0.0, -0.0804 0.0135 0.0, -0.0794 0.0149 0.0, -0.0801 0.0149 0.0, -0.0797 0.0163 0.0, -0.0798 0.0163 0.0, -0.0331 0.0168 0.0, -0.0331 -0.0139 0.0, -0.0389 0.0168 0.0, -0.0386 -0.0139 0.0, -0.0428 -0.0136 0.0, -0.0542 0.0018 0.0, -0.0538 0.0057 0.0, -0.0529 0.0089 0.0, -0.0435 0.0163 0.0, -0.0461 -0.0125 0.0, -0.0488 -0.0109 0.0, -0.051 -0.0087 0.0, -0.0527 -0.006 0.0, -0.0538 -0.0023 0.0, -0.0516 0.0113 0.0, -0.0496 0.0133 0.0, -0.0468 0.0152 0.0, -0.0468 0.0152 0.0
            ]
        }
        coordIndex [
            0,1,2,-1,2,1,3,-1,2,3,4,-1,4,3,5,-1,4,5,6,-1,6,5,7,-1,8,9,10,-1,10,9,11,-1,10,11,12,-1,13,14,10,-1,10,14,15,-1,10,15,16,-1,12,17,10,-1,10,17,18,-1,10,18,19,-1,19,20,10,-1,10,20,21,-1,10,21,13,-1,22,23,15,-1,15,23,24,-1,15,24,16,-1,
        ]
    }
}
Shape{
    appearance Appearance {
        material  Material 	{
            diffuseColor 1.0 1.0 1.0
            specularColor 0.5019607843137255 0.5019607843137255 0.5019607843137255
            ambientIntensity 0.2
            transparency 0
            shininess 0.5
        }
    }
    geometry IndexedFaceSet {
        ccw TRUE
        solid FALSE
        coord DEF co Coordinate {
            point [
                -0.0829 -0.0964 0.1571, -0.0829 -0.0964 0.1575, -0.0836 -0.0914 0.1571, -0.0836 -0.0914 0.1575, -0.0855 -0.0866 0.1571, -0.0855 -0.0866 0.1575, -0.0887 -0.0825 0.1571, -0.0887 -0.0825 0.1575, -0.0928 -0.0794 0.1571, -0.0928 -0.0794 0.1575, -0.0975 -0.0774 0.1571, -0.0975 -0.0774 0.1575, -0.1026 -0.0768 0.1571, -0.1026 -0.0768 0.1575, -0.1077 -0.0774 0.1571, -0.1077 -0.0774 0.1575, -0.1124 -0.0794 0.1571, -0.1124 -0.0794 0.1575, -0.1165 -0.0825 0.1571, -0.1165 -0.0825 0.1575, -0.1196 -0.0866 0.1571, -0.1196 -0.0866 0.1575, -0.1216 -0.0914 0.1571, -0.1216 -0.0914 0.1575, -0.1223 -0.0964 0.1571, -0.1223 -0.0964 0.1575, -0.1216 -0.1015 0.1571, -0.1216 -0.1015 0.1575, -0.1196 -0.1063 0.1571, -0.1196 -0.1063 0.1575, -0.1165 -0.1104 0.1571, -0.1165 -0.1104 0.1575, -0.1124 -0.1135 0.1571, -0.1124 -0.1135 0.1575, -0.1077 -0.1155 0.1571, -0.1077 -0.1155 0.1575, -0.1026 -0.1161 0.1571, -0.1026 -0.1161 0.1575, -0.0975 -0.1155 0.1571, -0.0975 -0.1155 0.1575, -0.0928 -0.1135 0.1571, -0.0928 -0.1135 0.1575, -0.0887 -0.1104 0.1571, -0.0887 -0.1104 0.1575, -0.0855 -0.1063 0.1571, -0.0855 -0.1063 0.1575, -0.0836 -0.1015 0.1571, -0.0836 -0.1015 0.1575, -0.1026 -0.0964 0.1571, -0.1026 -0.0964 0.1571
            ]
        }
        coordIndex [
            0,1,2,-1,2,1,3,-1,2,3,4,-1,4,3,5,-1,4,5,6,-1,6,5,7,-1,6,7,8,-1,8,7,9,-1,8,9,10,-1,10,9,11,-1,10,11,12,-1,12,11,13,-1,12,13,14,-1,14,13,15,-1,14,15,16,-1,16,15,17,-1,16,17,18,-1,18,17,19,-1,18,19,20,-1,20,19,21,-1,20,21,22,-1,22,21,23,-1,22,23,24,-1,24,23,25,-1,24,25,26,-1,26,25,27,-1,26,27,28,-1,28,27,29,-1,28,29,30,-1,30,29,31,-1,30,31,32,-1,32,31,33,-1,32,33,34,-1,34,33,35,-1,34,35,36,-1,36,35,37,-1,36,37,38,-1,38,37,39,-1,38,39,40,-1,40,39,41,-1,40,41,42,-1,42,41,43,-1,42,43,44,-1,44,43,45,-1,44,45,46,-1,46,45,47,-1,46,47,0,-1,0,47,1,-1,44,46,48,-1,48,46,0,-1,48,0,2,-1,38,40,48,-1,48,40,42,-1,48,42,44,-1,32,34,48,-1,48,34,36,-1,48,36,38,-1,26,28,48,-1,48,28,30,-1,48,30,32,-1,20,22,48,-1,48,22,24,-1,48,24,26,-1,14,16,48,-1,48,16,18,-1,48,18,20,-1,8,10,48,-1,48,10,12,-1,48,12,14,-1,2,4,48,-1,48,4,6,-1,48,6,8,-1,
        ]
    }
}